date,regime,log_return,body_ratio,upper_wick_ratio,lower_wick_ratio,range_zscore,volume_zscore,volume_delta,gap,atr7_norm,atr14_norm,atr28_norm,atr_ratio,rsi14,rsi28,macd_hist,roc_5,roc_10,roc_20,roc_60,bb_position,dist_sma20,dist_sma50,range_percentile,corr_index,dow_sin,dow_cos,month_sin,month_cos,hour_sin,hour_cos,session_asian,session_london,session_newyork,session_overlap,quarter_end_flag
2024-06-28 12:00:00,4.0,0.54267526,1.054262,0.026747262,-0.769803,0.27795324,0.8774738,1.8833574,-0.35199878,-0.4535985,-0.39369214,-0.5661395,-0.30774218,1.5130235,1.6309454,0.73258376,0.25637048,1.5045122,1.3615873,3.0,0.9954059,1.2457609,1.6287256,0.74436736,-0.84204006,-0.95105654,0.309017,1.2246469e-16,-1.0,0.8660254,-0.5,0.0,1.0,0.0,0.0,1.0
2024-07-01 04:00:00,4.0,0.18871592,0.37572727,0.96248937,0.054619197,0.96938723,0.41236913,-0.4945241,-0.3055948,-0.10668477,-0.15765715,-0.36437222,0.08496149,1.6383226,1.7384586,0.66169596,0.2753737,1.2133551,1.2412574,3.0,0.96854734,1.2248071,1.6446031,1.0547415,-0.8424913,-0.95105654,0.309017,1.2246469e-16,-1.0,1.2246469e-16,-1.0,0.0,1.0,0.0,0.0,1.0
2024-07-01 08:00:00,4.0,-1.8121148,-1.3471218,-0.3752956,-0.5267777,1.3118968,-0.89462835,-0.4945241,-1.6241357,0.73257464,0.59513074,0.44288456,0.8003922,0.45988408,0.8981226,0.11069673,-0.5718965,0.41964406,0.8034125,2.3311605,0.12433554,0.17147882,0.82939804,1.0485742,-1.208625,0.0,1.0,-0.5,-0.8660254,0.8660254,0.5,1.0,0.0,0.0,0.0,0.0
2024-07-01 12:00:00,4.0,-0.4928501,-0.81250083,0.9557502,-0.45044073,-1.0782459,-0.20622747,0.39151287,-0.26773325,0.2504626,0.2866228,0.2278268,0.27150145,0.21728517,0.7167276,-0.3498617,-0.81596863,-0.78574204,0.5593708,1.995027,-0.13562508,-0.09940226,0.7080912,-0.8175423,-1.067448,0.0,1.0,-0.5,-0.8660254,0.8660254,-0.5,0.0,1.0,0.0,0.0,0.0
2024-07-02 04:00:00,4.0,-0.19244836,-0.14881106,1.1955613,1.015889,-0.9065198,0.2830019,-0.48914716,-0.26737097,-0.09169862,0.021385422,0.014266822,-0.08536746,0.16008379,0.6825076,-0.75251615,-0.84997046,-0.56538135,0.22261664,1.9077152,-0.2426389,-0.21303374,0.6896305,-0.61443377,-0.27762243,0.0,1.0,-0.5,-0.8660254,1.2246469e-16,-1.0,0.0,1.0,0.0,0.0,0.0
2024-07-02 08:00:00,4.0,-0.13445818,-0.1283676,1.9925461,0.3162174,-1.5071332,-1.2226031,-0.48914716,-0.16191024,-0.60582936,-0.43121746,-0.39144403,-0.6088432,0.13661776,0.6716354,-1.0781862,-1.1536597,-0.7526684,0.26470125,1.7418817,-0.3249773,-0.2981932,0.72654706,-1.5250036,-0.59313387,0.95105654,0.309017,-0.5,-0.8660254,0.8660254,0.5,1.0,0.0,0.0,0.0,0.0
2024-07-02 12:00:00,4.0,-1.0902872,-1.4384141,-1.1911622,-0.24497558,0.20575957,-0.19305153,0.23633547,-0.28682405,-0.3215974,-0.22432211,-0.1600949,-0.31870598,-0.66979736,0.078639515,-1.515026,-1.7160729,-1.2491758,-0.13960345,1.4563228,-0.9249611,-1.0199732,0.16791031,0.94092816,-0.9911367,0.95105654,0.309017,-0.5,-0.8660254,0.8660254,-0.5,0.0,1.0,0.0,0.0,0.0
2024-07-03 04:00:00,4.0,0.32977718,0.44643676,-0.8129693,1.5603211,1.0515336,0.70805657,-0.4849758,-0.21203567,0.15691407,0.13020828,0.12746099,0.19762726,-0.40354714,0.27521592,-1.583673,-0.72678566,-1.1030855,-0.048365027,1.5415108,-0.7328073,-0.8262656,0.2727067,0.99233943,-1.0745703,0.95105654,0.309017,-0.5,-0.8660254,1.2246469e-16,-1.0,0.0,1.0,0.0,0.0,0.0
2024-07-03 08:00:00,4.0,0.59737265,0.6967849,0.39011675,-0.18318954,-1.0177405,-1.193296,-0.4849758,0.77495116,-0.049814064,-0.05002843,-0.068526186,0.012670718,0.074960135,0.639735,-1.455893,-0.22414215,-0.86711377,0.60579145,1.5672667,-0.38313013,-0.5007739,0.62131745,-1.0809481,-1.7748141,0.58778524,-0.809017,-0.5,-0.8660254,0.8660254,0.5,1.0,0.0,0.0,0.0,0.0
2024-07-03 12:00:00,4.0,0.11338023,0.4992508,1.2798783,-0.41143793,-0.68128663,-0.12383632,0.2593417,-0.3011831,-0.32048428,-0.28650513,-0.29430187,-0.25334167,0.22596878,0.75693274,-1.300898,-0.083876505,-0.77489185,0.436744,1.3729309,-0.30296883,-0.45268378,0.7524382,-0.44695902,-1.9930141,0.58778524,-0.809017,-0.5,-0.8660254,0.8660254,-0.5,0.0,1.0,0.0,0.0,0.0
2024-07-04 04:00:00,4.0,0.17600119,0.6032767,-1.0531992,1.291573,-0.69940627,0.5521903,-0.4798548,-0.24969776,-0.5416051,-0.5077405,-0.5231913,-0.4568608,0.427857,0.9127738,-1.1103299,0.05900217,-0.9088325,0.89777553,1.3027952,-0.09576159,-0.3932199,0.9262659,-0.62319696,-1.3341517,0.58778524,-0.809017,-0.5,-0.8660254,1.2246469e-16,-1.0,0.0,1.0,0.0,0.0,0.0
2024-07-04 08:00:00,4.0,0.11295787,-0.90049195,-0.55536515,0.5100705,-0.06173732,-1.1618997,-0.4798548,2.0719419,-0.5023804,-0.51815933,-0.55813885,-0.37559775,0.5719932,1.00003,-0.93306553,0.63844764,-0.98560864,0.44745964,0.34275648,0.082129434,-0.38959584,0.9260081,0.3426145,-1.6210021,-0.58778524,-0.809017,-0.5,-0.8660254,0.8660254,0.5,1.0,0.0,0.0,0.0,0.0
2024-07-04 12:00:00,3.0,-0.6999376,-1.4592166,-0.30256423,-1.1733267,-1.2093155,-0.42149475,0.027356204,-0.25638664,-0.8536346,-0.81852835,-0.80862856,-0.75123036,-0.017685855,0.5599211,-0.9856469,0.20825067,-0.5023246,0.0036380428,0.27868557,-0.68685,-0.8496915,0.5819161,-1.3457525,-1.9411972,-0.58778524,-0.809017,-0.5,-0.8660254,0.8660254,-0.5,0.0,1.0,0.0,0.0,0.0
2024-07-05 04:00:00,4.0,-0.17446028,-0.29805174,1.8549715,-0.043462805,-1.6307174,-0.43578583,-0.46743387,-0.22015189,-1.3153055,-1.2618946,-1.2297869,-1.225599,-0.0821029,0.49560845,-1.0672231,-0.18139176,-0.3616637,-1.1123762,0.45282534,-0.7564804,-0.86416405,0.5796781,-1.5239558,-2.2973354,-0.58778524,-0.809017,-0.5,-0.8660254,1.2246469e-16,-1.0,0.0,1.0,0.0,0.0,0.0
2024-07-05 08:00:00,3.0,1.6770304,1.3815304,-0.5307032,-1.0669998,0.58766776,-1.0337666,-0.46743387,1.9074992,-0.34787175,-0.6273938,-0.8241748,-0.014482065,1.0668508,1.3353578,-0.59702,0.52199984,0.34669608,-0.2631937,0.7570539,1.4595404,0.25792363,1.2993729,0.7517495,-1.0545026,-0.95105654,0.309017,-0.5,-0.8660254,0.8660254,0.5,1.0,0.0,0.0,0.0,0.0
2024-07-05 12:00:00,4.0,-0.09511365,0.032916624,1.9223834,0.1809412,-1.1766965,0.59646827,0.6410028,-0.25403163,-0.8423526,-1.0242833,-1.1870304,-0.5529965,1.0623459,1.3089994,-0.33296797,0.38594225,0.37622643,-0.40279117,0.9116721,1.1842256,0.29886204,1.3879544,-1.4513041,-0.93734777,-0.95105654,0.309017,-0.5,-0.8660254,0.8660254,-0.5,0.0,1.0,0.0,0.0,0.0
2024-07-08 04:00:00,4.0,-0.83895534,-0.87370783,0.6580774,-0.43672705,1.3055297,0.75315416,-0.46661857,-0.28817028,-0.30032074,-0.5933323,-0.80410564,0.03726361,0.31261683,0.76646966,-0.37267205,-0.052080657,0.56757957,-0.72593606,0.6184231,0.23830795,-0.26217154,0.75419956,1.0613219,-1.1692853,-0.95105654,0.309017,-0.5,-0.8660254,1.2246469e-16,-1.0,0.0,1.0,0.0,0.0,0.0
2024-07-08 08:00:00,4.0,0.9497205,0.45854908,-0.47624084,1.2568636,-0.21508935,-1.0729061,-0.46661857,1.9689933,-0.26689112,-0.5771021,-0.85561824,0.1133119,0.939959,1.2287471,-0.13208346,0.7169488,0.79806095,-0.40717894,0.8334698,1.1942747,0.42398146,1.2572879,0.0014632177,-0.6771964,0.0,1.0,-0.5,-0.8660254,0.8660254,0.5,1.0,0.0,0.0,0.0,0.0
2024-07-08 12:00:00,4.0,-0.74665177,-1.0067605,-0.13205655,-0.07590212,0.22569613,0.048351593,0.25912175,-0.26754946,-0.24267098,-0.5144929,-0.7713627,0.102492675,0.3326505,0.77603,-0.18430272,0.44901976,0.22077164,-0.6501806,0.8260291,0.43084583,-0.026418632,0.79726505,0.47470498,-0.840889,0.0,1.0,-0.5,-0.8660254,0.8660254,-0.5,0.0,1.0,0.0,0.0,0.0
2024-07-09 04:00:00,4.0,-1.0452617,-1.3412733,-0.48063606,-0.7522716,0.39650744,0.7713581,-0.46529424,-0.30216786,-0.12798144,-0.37012917,-0.5954018,0.17413947,-0.48984048,0.13692896,-0.5129811,-0.83166313,-0.2583115,-0.94696194,0.5100168,-0.5325685,-0.65647364,0.15424563,0.6386904,-0.17828885,0.0,1.0,-0.5,-0.8660254,1.2246469e-16,-1.0,0.0,1.0,0.0,0.0,0.0
2024-07-09 08:00:00,4.0,-0.72949874,0.21192987,-0.83234066,2.1181583,-0.15383165,-1.1416708,-0.46529424,-2.4031456,0.2320684,-0.026930695,-0.25559157,0.49931347,-0.9706608,-0.26978993,-0.8772228,-1.1199919,-0.6396275,-1.3668153,0.53466374,-1.072025,-0.99157727,-0.35920137,-0.07182706,0.6612269,0.95105654,0.309017,-0.5,-0.8660254,0.8660254,0.5,1.0,0.0,0.0,0.0,0.0
2024-07-09 12:00:00,4.0,0.29058155,0.6822029,0.2744873,-0.035254672,-0.5810334,0.044012308,0.15837792,-0.13891737,-0.2001663,-0.34209624,-0.5355235,0.042450175,-0.67696065,-0.07654091,-1.0193968,-0.6042405,-0.58421874,-1.3309528,0.74091446,-0.55331147,-0.66052014,-0.18558876,-0.92566997,0.43398038,0.95105654,0.309017,-0.5,-0.8660254,0.8660254,-0.5,0.0,1.0,0.0,0.0,0.0
2024-07-10 04:00:00,4.0,-1.7646935,-1.6350428,-1.2451072,-0.7694948,2.1783288,1.3740833,-0.45512867,-0.27561456,0.5578158,0.34370917,0.1662595,0.7185859,-1.8414226,-1.1373061,-1.4180936,-1.8489563,-1.0607333,-1.2132136,0.29941452,-2.1294045,-1.6262981,-1.350751,1.2664666,0.05711244,0.95105654,0.309017,-0.5,-0.8660254,1.2246469e-16,-1.0,0.0,1.0,0.0,0.0,0.0
2024-07-10 08:00:00,4.0,0.6096244,0.69815236,-0.89863086,0.95324016,-1.0404238,-1.1475724,-0.45512867,0.94962937,-0.096430056,-0.14758347,-0.27418303,0.052363575,-1.2865802,-0.75323963,-1.537101,-1.2083291,-0.7267748,-0.8396609,0.23715957,-1.3824004,-1.1826725,-0.9762581,-1.3476651,-0.02540174,0.58778524,-0.809017,-0.5,-0.8660254,0.8660254,0.5,1.0,0.0,0.0,0.0,0.0
2024-07-10 12:00:00,4.0,-0.3608766,-0.5771829,1.4608876,-0.44370967,-0.29219612,0.20241144,0.22856154,-0.22454154,-0.3203508,-0.3217696,-0.40671185,-0.19575992,-1.4230713,-0.9120214,-1.6019542,-0.893074,-1.5607743,-0.8860261,0.067786366,-1.5734115,-1.3240688,-1.1978637,-0.48818156,-0.0053632017,0.58778524,-0.809017,-0.5,-0.8660254,0.8660254,-0.5,0.0,1.0,0.0,0.0,0.0
2024-07-11 04:00:00,3.0,0.17733051,0.45696324,-0.6387689,1.3975581,-0.9412223,1.2425156,-0.44681603,-0.18659034,-0.722137,-0.68191147,-0.7444752,-0.6080441,-1.2160714,-0.76543045,-1.5629978,-0.49421608,-1.4326587,-0.798163,-0.31084964,-1.3162937,-1.1721714,-1.0682064,-1.1229827,0.12400519,0.58778524,-0.809017,-0.5,-0.8660254,1.2246469e-16,-1.0,0.0,1.0,0.0,0.0,0.0
2024-07-11 08:00:00,4.0,-0.100615904,-0.5552958,0.5561985,0.23212166,-0.4670614,-1.1771413,-0.44681603,0.35742053,-0.86201465,-0.8518978,-0.9173571,-0.7324301,-1.2208267,-0.7772523,-1.4820148,-0.6947324,-1.1259079,-0.42866516,-0.44968474,-1.4354454,-1.2346097,-1.1345557,-0.778385,0.022576757,-0.58778524,-0.809017,-0.5,-0.8660254,0.8660254,0.5,1.0,0.0,0.0,0.0,0.0
2024-07-11 12:00:00,4.0,0.783444,0.76805806,-1.3804766,1.2291076,2.1182423,0.52340454,0.37203506,-0.22584899,-0.043635745,-0.262941,-0.4737577,0.2393752,-0.5700224,-0.30283824,-1.0115088,0.5246682,-1.1921045,-0.31798607,-0.15506814,-0.6639788,-0.66008943,-0.7459275,1.3068424,0.673,-0.58778524,-0.809017,-0.5,-0.8660254,0.8660254,-0.5,0.0,1.0,0.0,0.0,0.0
2024-07-12 04:00:00,4.0,-0.5019729,-0.6293973,1.9273906,-1.0165455,0.39919427,1.604074,-0.44137037,-0.29783228,-0.010499703,-0.19793466,-0.39265323,0.23988374,-0.8638265,-0.5572104,-0.8414741,-7.037571e-05,-1.0703082,-0.72629404,0.13051206,-1.0462164,-0.8929373,-1.0572491,0.58209246,1.1524907,-0.58778524,-0.809017,-0.5,-0.8660254,1.2246469e-16,-1.0,0.0,1.0,0.0,0.0,0.0
2024-07-12 08:00:00,3.0,-0.5857974,-0.83559924,0.057324138,0.05636026,-0.97900873,-1.1863108,-0.44137037,-0.778821,-0.50218403,-0.5628196,-0.6845675,-0.31788567,-1.199475,-0.85519093,-0.8726656,-0.086377606,-0.8632692,-0.9633303,-0.14454238,-1.4288025,-1.1810594,-1.3704919,-1.2563237,1.4242911,-0.95105654,0.309017,-0.5,-0.8660254,0.8660254,0.5,1.0,0.0,0.0,0.0,0.0
2024-07-12 12:00:00,4.0,0.6506105,1.5318209,-1.3265209,-0.6522044,-0.6671499,1.5097321,0.95010304,-0.18961507,-0.823195,-0.877223,-1.0295124,-0.6070511,-0.6701199,-0.4790457,-0.6602229,0.11033891,-0.34333813,-0.8335694,0.3894008,-0.72858834,-0.71607155,-1.0129141,-0.90853304,0.41842955,-0.95105654,0.309017,-0.5,-0.8660254,0.8660254,-0.5,0.0,1.0,0.0,0.0,0.0
2024-07-15 04:00:00,4.0,1.3908218,1.2236218,-1.2950003,-0.036575027,2.101753,1.9443046,-0.4349318,-0.26338553,0.1850591,-0.15794972,-0.51973116,0.547458,0.24147932,0.2530196,-0.057923898,0.81454057,0.036455266,-0.45776013,0.734308,0.59665,0.15599614,-0.3540932,1.6251603,0.9930364,-0.95105654,0.309017,-0.5,-0.8660254,1.2246469e-16,-1.0,0.0,1.0,0.0,0.0,0.0
2024-07-15 08:00:00,4.0,0.059873603,1.0279392,-1.3273633,0.49349883,-0.5865636,-1.1948606,-0.4349318,-1.1313688,-0.25829247,-0.48043162,-0.82903296,0.07550032,0.33603814,0.3289963,0.31599292,0.45476276,0.770356,-0.19989216,0.503475,0.64077497,0.24332897,-0.2882605,-0.7984158,1.1821195,0.0,1.0,-0.5,-0.8660254,0.8660254,0.5,1.0,0.0,0.0,0.0,0.0
2024-07-15 12:00:00,3.0,-1.1181253,-1.803825,-0.8041286,-1.2672244,-0.34272617,-0.25170848,0.104971364,-0.18986437,-0.40446132,-0.5724924,-0.88759995,-0.11723663,-0.44021028,-0.3206772,0.295093,0.18024105,0.13345422,-0.4943844,0.44870442,-0.25885296,-0.38657805,-0.9363647,-0.2146036,0.72397447,0.0,1.0,-0.5,-0.8660254,0.8660254,-0.5,0.0,1.0,0.0,0.0,0.0
2024-07-16 04:00:00,3.0,-0.35954696,-0.7402964,1.2765129,-0.65325296,-1.2663859,0.6137328,-0.42882645,-0.22493283,-1.0313097,-1.1102871,-1.4105293,-0.78172106,-0.61985797,-0.4876112,0.20347938,0.30812117,0.15351015,-1.2062609,0.3863841,-0.40016106,-0.48692054,-1.0920733,-1.4425304,0.4733996,0.0,1.0,-0.5,-0.8660254,1.2246469e-16,-1.0,0.0,1.0,0.0,0.0,0.0
2024-07-16 08:00:00,3.0,-0.28864086,0.34339827,-0.39207545,1.3131901,-0.6668595,-1.1904062,-0.42882645,-1.1329527,-1.1856346,-1.302393,-1.6349101,-0.92941445,-0.75194573,-0.61589503,0.07178694,-0.14590532,-0.01803791,-1.2538806,0.33949453,-0.4772535,-0.5476606,-1.2481124,-0.86027795,0.43857032,0.95105654,0.309017,-0.5,-0.8660254,0.8660254,0.5,1.0,0.0,0.0,0.0,0.0
2024-07-16 12:00:00,3.0,-0.22215393,-0.30596045,2.6522958,-0.9284799,-0.9649761,-0.20425591,0.099618144,-0.19233103,-1.4751105,-1.6171838,-1.9926149,-1.2383609,-0.8369373,-0.7065869,-0.0622175,-0.92689306,-0.0610084,-1.0306733,0.33838677,-0.53390694,-0.58999753,-1.3505282,-1.3353217,0.5890298,0.95105654,0.309017,-0.5,-0.8660254,0.8660254,-0.5,0.0,1.0,0.0,0.0,0.0
2024-07-17 04:00:00,3.0,-0.1389651,-0.15298764,2.2356837,-0.20365675,-0.7995083,0.53159577,-0.42156366,-0.1205467,-1.6306258,-1.8181373,-2.2235982,-1.3959963,-0.85391116,-0.7423322,-0.16996114,-1.0192703,-0.45311847,-1.400967,0.3088434,-0.41969845,-0.5241945,-1.4020681,-1.2327707,0.43470147,0.95105654,0.309017,-0.5,-0.8660254,1.2246469e-16,-1.0,0.0,1.0,0.0,0.0,0.0
2024-07-17 08:00:00,3.0,-1.0185632,0.099538304,1.6667165,-0.13459544,0.56401336,-1.1574954,-0.42156366,-2.7169788,-1.0989906,-1.4213306,-1.8316491,-0.7194254,-1.614621,-1.4299611,-0.49708822,-0.9702232,-0.65292567,-1.4409589,0.12760781,-1.4158555,-1.1311386,-2.0978053,0.77746886,0.57276756,0.58778524,-0.809017,-0.5,-0.8660254,0.8660254,0.5,1.0,0.0,0.0,0.0,0.0
2024-07-17 12:00:00,3.0,-1.512209,-1.5105764,-1.1904756,-0.18739904,1.3673831,0.18409275,0.29705745,-0.106807284,-0.23985888,-0.70350283,-1.0974619,0.26567158,-2.4890695,-2.3568454,-1.0230817,-1.5120862,-1.03769,-1.5365407,-0.20096123,-2.6572962,-1.9489547,-2.8434138,1.2095225,0.3592561,0.58778524,-0.809017,-0.5,-0.8660254,0.8660254,-0.5,0.0,1.0,0.0,0.0,0.0
2024-07-18 04:00:00,4.0,-0.32175517,-0.47270703,1.2062011,-0.09888141,-0.3227996,1.1684377,-0.4247888,-0.14071438,-0.49562538,-0.8592772,-1.218942,-0.0333166,-2.4870164,-2.425262,-1.4103663,-1.502909,-1.4086268,-1.3681631,-0.33395037,-2.4059052,-1.9995337,-2.8366704,-0.6142161,0.2722595,0.58778524,-0.809017,-0.5,-0.8660254,1.2246469e-16,-1.0,0.0,1.0,0.0,0.0,0.0
2024-07-18 08:00:00,4.0,-1.68388,-1.4874227,-0.55309033,-0.994252,1.2829903,-1.1857506,-0.4247888,-0.4263343,0.3415111,-0.1276316,-0.46814886,0.8210552,-2.997382,-3.0,-1.8085731,-2.1243534,-2.5084205,-1.9309399,-0.9603363,-2.8175538,-2.5982394,-3.0,1.1729705,1.7179376,-0.58778524,-0.809017,-0.5,-0.8660254,0.8660254,0.5,1.0,0.0,0.0,0.0,0.0
2024-07-18 12:00:00,1.0,1.4911853,1.5263575,-0.96605504,-0.9063999,1.1235719,1.768203,1.3058041,-0.03739014,0.7207048,0.21023707,-0.236232,1.243011,-1.716167,-2.011524,-1.5144454,-1.3418665,-1.8798813,-0.8709265,-0.68779,-1.5800568,-1.5110954,-2.268984,1.0215726,0.23064771,-0.58778524,-0.809017,-0.5,-0.8660254,0.8660254,-0.5,0.0,1.0,0.0,0.0,0.0
2024-07-19 04:00:00,1.0,-2.1250207,-1.4604354,-0.32299978,-1.2477597,2.2023804,1.8282876,-0.43419495,-0.073241025,2.188452,1.6211776,1.208745,2.3769147,-2.419807,-2.8190246,-1.5614032,-1.8708518,-2.2263,-1.709374,-1.3920528,-2.3264992,-2.2336175,-2.7322462,1.5621016,0.90860784,-0.58778524,-0.809017,-0.5,-0.8660254,1.2246469e-16,-1.0,0.0,1.0,0.0,0.0,0.0
2024-07-19 08:00:00,1.0,-0.07186868,-0.6404527,0.7691437,-0.3119102,-0.13030574,-1.1490713,-0.43419495,0.96415925,1.5758457,1.3726596,1.1042956,1.6122823,-2.2952754,-2.6299853,-1.6408088,-1.2504073,-2.062875,-1.5796947,-1.7345041,-1.9383475,-2.102272,-2.5681233,0.095114686,0.89937073,-0.95105654,0.309017,-0.5,-0.8660254,0.8660254,0.5,1.0,0.0,0.0,0.0,0.0
2024-07-19 12:00:00,1.0,0.6980695,0.7802657,-0.991759,1.2792816,0.44002658,3.0,3.0,-0.041721933,1.5027032,1.4450248,1.2220212,1.4467582,-1.7596402,-2.1209908,-1.3794968,-0.79054934,-1.67777,-1.4045753,-1.496677,-1.4114771,-1.5990511,-2.1341395,0.7445755,0.3996394,-0.95105654,0.309017,-0.5,-0.8660254,0.8660254,-0.5,0.0,1.0,0.0,0.0,0.0
2024-07-22 04:00:00,1.0,-0.054738056,-0.090808265,0.43434677,1.467453,-0.84032136,0.28246447,-0.5165803,-0.078261554,0.6257134,0.8370829,0.76517916,0.5165153,-1.7028073,-2.0277057,-1.2249333,-0.059446875,-1.6025549,-1.3751281,-1.594309,-1.2680104,-1.5630344,-2.078391,-1.2902784,0.34449965,-0.95105654,0.309017,-0.5,-0.8660254,1.2246469e-16,-1.0,0.0,1.0,0.0,0.0,0.0
2024-07-22 08:00:00,4.0,-0.05323281,-0.04629888,1.5694871,0.36932987,-0.5109077,-0.91787726,-0.5165803,-0.1152162,0.14089614,0.4543164,0.47073495,0.0041449796,-1.6518208,-1.9448111,-1.025246,-0.7770674,-1.558176,-1.589862,-1.6028168,-1.1391966,-1.482097,-2.0056586,-0.6351446,-0.12503771,0.0,1.0,-0.5,-0.8660254,0.8660254,0.5,1.0,0.0,0.0,0.0,0.0
2024-07-22 12:00:00,4.0,1.1146158,1.3847224,-0.26323408,-1.1616892,0.39474392,-0.22930704,0.34606248,-0.14975514,0.32040522,0.535641,0.49663764,0.23928927,-0.9204287,-1.3445411,-0.48455343,0.76465726,-0.84274924,-1.1228119,-0.9541772,-0.62161374,-0.81480056,-1.4992933,0.7792461,-0.40484753,0.0,1.0,-0.5,-0.8660254,0.8660254,-0.5,0.0,1.0,0.0,0.0,0.0
2024-07-23 04:00:00,4.0,0.36741698,0.6753493,1.3051734,-0.9806201,-0.4674876,0.5427612,-0.508282,-0.042838156,-0.062237944,0.19136514,0.18823649,-0.13841268,-0.67569387,-1.1265228,-0.009688806,0.9623229,-0.22278988,-0.85494995,-1.0940284,-0.41556257,-0.5733913,-1.3135314,-0.46347287,-0.28298038,0.0,1.0,-0.5,-0.8660254,1.2246469e-16,-1.0,0.0,1.0,0.0,0.0,0.0
2024-07-23 08:00:00,4.0,3.0,0.30824482,2.047502,-1.0044786,0.94929165,-0.8789742,-0.508282,3.0,3.0,3.0,3.0,3.0,1.5399401,1.2416289,1.3043352,3.0,2.137031,0.86921483,0.9099735,1.7893103,1.536886,0.3742281,1.2239814,1.3086282,0.95105654,0.309017,-0.5,-0.8660254,0.8660254,0.5,1.0,0.0,0.0,0.0,0.0
2024-07-23 12:00:00,4.0,0.70386064,1.2488135,0.021893846,-1.1351653,0.6475969,1.587934,2.80568,-0.14154133,3.0,3.0,3.0,3.0,1.6750455,1.4661064,2.1200707,3.0,2.7851243,0.7621712,0.7455713,1.6985364,1.8061906,0.63237077,0.8598962,1.1769621,0.95105654,0.309017,-0.5,-0.8660254,0.8660254,-0.5,0.0,1.0,0.0,0.0,0.0
2024-07-24 04:00:00,4.0,-0.10064021,-0.010707694,-0.6326272,2.5417645,-0.08433878,1.4733592,-0.50862753,-0.14164013,2.3920796,2.8217146,2.9192562,1.9142773,1.6249732,1.4255716,2.5293581,3.0,2.1974394,0.70788926,0.52085674,1.4302695,1.8038967,0.68120146,0.2143964,1.1834947,0.95105654,0.309017,-0.5,-0.8660254,1.2246469e-16,-1.0,0.0,1.0,0.0,0.0,0.0
2024-07-24 08:00:00,4.0,-0.5961251,-0.40142223,0.17805766,0.80019,-0.5041092,-0.93414855,-0.50862753,-0.5940055,1.659414,2.2759597,2.5278313,1.1284175,1.3144737,1.138935,2.5916529,2.3956354,2.5247042,0.80344725,-0.5963044,1.1554635,1.645174,0.5882521,-0.11680631,1.4622037,0.58778524,-0.809017,-0.5,-0.8660254,0.8660254,0.5,1.0,0.0,0.0,0.0,0.0
2024-07-24 12:00:00,4.0,-0.06274965,0.025910698,0.6124157,1.1308818,0.7538101,0.97167486,2.3213627,-0.13343042,1.4409844,2.090874,2.4150007,0.85423195,1.3052263,1.1337693,2.433824,2.1763065,2.4042823,0.8831114,-0.33852327,1.0421526,1.5877218,0.5895783,1.1357547,1.5521772,0.58778524,-0.809017,-0.5,-0.8660254,0.8660254,-0.5,0.0,1.0,0.0,0.0,0.0
2024-07-25 04:00:00,4.0,-0.9418047,-1.4437773,-0.728387,-0.69573486,0.27037388,0.38929036,-0.50897807,-0.1204301,1.1849082,1.8938962,2.3203585,0.510619,0.78633076,0.66299295,2.1001954,-0.38883805,1.8494196,0.6392715,-0.7325496,0.7498807,1.2060188,0.32815465,0.7816831,1.9594979,0.58778524,-0.809017,-0.5,-0.8660254,1.2246469e-16,-1.0,0.0,1.0,0.0,0.0,0.0
2024-07-25 08:00:00,4.0,-0.21454586,0.6240576,0.39350256,0.1432766,0.12924923,-1.0100288,-0.50897807,-0.78536594,0.94163585,1.6621919,2.1400876,0.23266478,0.70607,0.5890295,1.7736657,-0.7860607,1.755076,0.63596,-0.8529229,0.66487014,1.1267271,0.2876401,0.64383537,1.9520265,-0.58778524,-0.809017,-0.5,-0.8660254,0.8660254,0.5,1.0,0.0,0.0,0.0,0.0
2024-07-25 12:00:00,4.0,0.007557778,0.15848263,-0.32149878,1.980009,0.09258846,0.28067917,1.3909323,-0.13175546,0.76171046,1.461551,1.967264,0.04172858,0.7423647,0.62400043,1.490475,-0.74272054,1.7342075,0.6930242,-0.83824885,0.63784957,1.1338807,0.3188204,0.738325,1.8075069,-0.58778524,-0.809017,-0.5,-0.8660254,0.8660254,-0.5,0.0,1.0,0.0,0.0,0.0
2024-07-26 04:00:00,4.0,0.9852689,1.3815964,-0.71419597,-0.49703848,1.0589164,0.8343329,-0.5166191,-0.10412134,0.8609574,1.4413875,1.8971583,0.1947883,1.1249027,1.0220371,1.3834875,-0.08950965,1.7402403,1.3731494,-0.53101766,0.8235301,1.4926507,0.65421706,1.348803,2.1138284,-0.58778524,-0.809017,-0.5,-0.8660254,1.2246469e-16,-1.0,0.0,1.0,0.0,0.0,0.0
2024-07-26 08:00:00,4.0,-0.07518853,0.6031747,-0.92383415,1.5106723,-0.2807473,-1.0888797,-0.5166191,-0.5505766,0.5994165,1.2006601,1.6965855,-0.09042754,1.1265583,1.0230318,1.2763891,-0.09512355,1.6034843,1.7987975,-0.53623563,0.7405027,1.4124429,0.68056184,0.33061528,2.0699723,-0.95105654,0.309017,-0.5,-0.8660254,0.8660254,0.5,1.0,0.0,0.0,0.0,0.0
2024-07-26 12:00:00,4.0,0.40294075,0.95877624,-1.0430236,0.83037835,-0.63065946,0.07307809,1.2648256,-0.102936566,0.30380884,0.9070758,1.4231569,-0.37965456,1.3052179,1.2080665,1.2322022,0.4590077,0.04944476,2.0608823,-0.6032296,0.77428985,1.5603642,0.9015327,-0.009422316,1.8438878,-0.95105654,0.309017,-0.5,-0.8660254,0.8660254,-0.5,0.0,1.0,0.0,0.0,0.0
2024-07-29 04:00:00,4.0,-0.14172953,-0.10631643,-0.99644864,2.5424228,-0.15175892,-0.17270705,-0.5164023,-0.12872553,0.21100645,0.7734951,1.3047522,-0.4578636,1.2592622,1.1732388,1.0991825,0.48869067,-0.23257734,2.4704895,-0.76308346,0.6866418,1.384157,0.89571613,0.42451587,1.1338079,-0.95105654,0.309017,-0.5,-0.8660254,1.2246469e-16,-1.0,0.0,1.0,0.0,0.0,0.0
2024-07-29 08:00:00,4.0,-0.10216881,0.19236912,1.6225638,-0.33074528,-1.5441325,-1.0539243,-0.5164023,-0.21977158,-0.2613169,0.35058868,0.94106823,-0.96280295,1.2181114,1.1427889,0.9622055,0.44382116,-0.23114182,1.947882,-0.12383118,0.6049285,1.2970647,0.9620039,-1.2756152,1.2064075,0.0,1.0,-0.5,-0.8660254,0.8660254,0.5,1.0,0.0,0.0,0.0,0.0
2024-07-29 12:00:00,4.0,0.07156353,0.2758476,0.89475334,0.18024851,-0.19667548,-0.46943516,0.30019417,-0.101335846,-0.28757575,0.23091802,0.8066826,-0.92159253,1.252155,1.1817619,0.795912,0.06458826,-0.01937226,2.5043657,0.09807089,0.5705784,1.1675518,1.0121977,0.21229605,0.77049875,0.0,1.0,-0.5,-0.8660254,0.8660254,-0.5,0.0,1.0,0.0,0.0,0.0
2024-07-30 04:00:00,4.0,-1.646072,-1.7871673,-1.0839211,-1.01918,2.1721601,0.19378823,-0.5120973,-0.12775815,0.36509946,0.69389105,1.2317775,-0.19540678,0.05052083,0.19934912,0.26009956,-0.5827193,-0.5239447,1.8865393,-0.49646932,0.09621243,0.11036622,0.2570066,1.5340103,0.4829063,0.0,1.0,-0.5,-0.8660254,1.2246469e-16,-1.0,0.0,1.0,0.0,0.0,0.0
2024-07-30 08:00:00,4.0,-0.23988344,-0.40148795,-0.34727445,1.2621999,-0.4924523,-1.103455,-0.5120973,-0.08749002,0.14671104,0.5096821,1.0714232,-0.43074003,-0.05999269,0.1012639,-0.13608055,-0.8476686,-0.300962,1.5771779,-0.5540252,-0.024754856,-0.118525416,0.20862658,-0.26300257,0.5171384,0.95105654,0.309017,-0.5,-0.8660254,0.8660254,0.5,1.0,0.0,0.0,0.0,0.0
2024-07-30 12:00:00,4.0,-0.07580783,-0.045776207,2.1372495,-0.52431524,-1.3922312,-0.2075554,0.5638887,-0.10157291,-0.242129,0.17422049,0.77513945,-0.8415302,-0.06444543,0.09766848,-0.44363043,-0.8284449,-0.2575576,1.5349582,-0.12230241,-0.11920393,-0.2752758,0.24310356,-1.0683652,0.44329384,0.95105654,0.309017,-0.5,-0.8660254,0.8660254,-0.5,0.0,1.0,0.0,0.0,0.0
2024-07-31 04:00:00,4.0,-0.3775779,-0.43986228,-0.6093544,1.4312258,1.0257702,0.6068423,-0.51376206,-0.11477248,0.09898443,0.375887,0.91765577,-0.41061518,-0.27848348,-0.085792676,-0.6721051,-0.9374016,-0.38009897,1.4020627,-0.4384982,-0.375722,-0.58155185,0.07704986,1.2131568,0.48651955,0.95105654,0.309017,-0.5,-0.8660254,1.2246469e-16,-1.0,0.0,1.0,0.0,0.0,0.0
2024-07-31 08:00:00,4.0,0.5303602,1.4852855,-0.37931025,-1.059898,0.37188378,-1.1354237,-0.51376206,-0.5688325,0.16712604,0.38136375,0.86950487,-0.27963632,0.083882295,0.19694756,-0.68393886,-0.7456226,-0.5287167,1.2717693,-0.4919051,-0.27484038,-0.40195984,0.30910477,0.7658842,0.49317998,0.58778524,-0.809017,-0.5,-0.8660254,0.8660254,0.5,1.0,0.0,0.0,0.0,0.0
2024-07-31 12:00:00,4.0,0.42176312,0.98235035,-0.24059401,-0.13583449,-0.5446534,0.022650164,0.88744175,-0.12471101,0.0059614433,0.22760911,0.70324343,-0.4192595,0.36007673,0.4226392,-0.59486216,0.10419815,-0.37088504,1.2986271,-0.36391827,-0.21206938,-0.28533986,0.5185207,0.03618036,0.395888,0.58778524,-0.809017,-0.5,-0.8660254,0.8660254,-0.5,0.0,1.0,0.0,0.0,0.0
2024-08-01 04:00:00,4.0,0.27855888,0.7807741,-1.0115937,1.0857655,-0.97334725,0.30658716,-0.51861554,-0.098176576,-0.23827222,0.0047095385,0.4852052,-0.6575656,0.5475624,0.5804385,-0.46581963,0.31650776,-0.41201973,-0.36517897,-0.32792157,0.17433892,-0.10047693,0.687463,-0.50780886,0.7606123,0.58778524,-0.809017,-0.5,-0.8660254,1.2246469e-16,-1.0,0.0,1.0,0.0,0.0,0.0
2024-08-01 08:00:00,4.0,-0.70178825,-1.2146131,-0.69986975,-0.124628864,2.03988,-1.1389804,-0.51861554,0.51763725,0.42632395,0.4844888,0.8668662,0.10374637,0.04703825,0.17468576,-0.45855772,0.06035923,-0.589294,-0.8317507,-0.71087235,-0.5115473,-0.40224993,0.29695106,1.4967468,-0.07443586,-0.58778524,-0.809017,-0.8660254,-0.5,0.8660254,0.5,1.0,0.0,0.0,0.0,0.0
2024-08-01 12:00:00,4.0,-0.41585344,-0.96554786,0.9631457,-1.2602121,-1.1952629,-0.27925676,0.36680117,-0.10774727,-1.3502935e-05,0.18831162,0.63818264,-0.39232147,-0.20887733,-0.04190363,-0.5890782,0.044331808,-0.6866614,-0.9256782,-0.62569046,-0.8452953,-0.55657685,0.1627994,-1.0042884,-0.41637102,-0.58778524,-0.809017,-0.8660254,-0.5,0.8660254,-0.5,0.0,1.0,0.0,0.0,0.0
2024-08-02 04:00:00,1.0,-0.48120123,-0.5408068,1.6413593,-1.0568439,1.1818848,1.8360323,-0.52230525,-0.107570656,0.41552278,0.49314725,0.87685716,0.064872205,-0.49813312,-0.29451182,-0.68399066,-0.37030017,-0.8558347,-0.8841781,-0.7839175,-1.1867174,-0.709354,-0.07375639,1.2842065,-0.29047588,-0.58778524,-0.809017,-0.8660254,-0.5,1.2246469e-16,-1.0,0.0,1.0,0.0,0.0,0.0
2024-08-02 08:00:00,1.0,-1.4782094,0.4539083,-0.8498581,1.6280336,-1.3237176,-1.121547,-0.52230525,-2.1270416,1.1576965,1.1119624,1.4146347,0.75061256,-1.2930355,-1.0746263,-0.9265051,-1.1397748,-0.7974305,-1.3151282,-2.1072068,-2.062019,-1.2315975,-0.680296,-1.2852921,0.47454807,-0.95105654,0.309017,-0.8660254,-0.5,0.8660254,0.5,1.0,0.0,0.0,0.0,0.0
2024-08-02 12:00:00,1.0,-1.0245776,-1.2663751,-0.60191375,-0.36491993,1.1263887,0.8810843,1.6890501,-0.016660186,1.3267115,1.3411663,1.6438475,0.8060865,-1.675978,-1.5231884,-1.2065742,-1.6367604,-1.0380841,-1.3232801,-2.454818,-2.0674171,-1.5259873,-1.0463487,1.3228649,0.27061805,-0.95105654,0.309017,-0.8660254,-0.5,0.8660254,-0.5,0.0,1.0,0.0,0.0,0.0
2024-08-05 04:00:00,4.0,-0.5374646,-0.7605134,0.12086056,-0.038225174,0.6655963,1.6809375,-0.5265545,-0.0038764284,1.2927722,1.3997049,1.7182714,0.69291145,-1.7978413,-1.696556,-1.3953352,-1.5409063,-1.1728094,-1.3999994,-2.2848663,-1.7781676,-1.6030457,-1.2104158,0.9635806,0.76355666,-0.95105654,0.309017,-0.8660254,-0.5,1.2246469e-16,-1.0,0.0,1.0,0.0,0.0,0.0
2024-08-05 08:00:00,4.0,-2.9305449,0.2859284,-0.4607023,1.6217084,0.9054141,-1.0850323,-0.5265545,-3.0,3.0,3.0,3.0,2.4715934,-2.4600208,-2.6568668,-1.4628493,-2.4855688,-1.9769057,-2.2609775,-3.0,-2.1162791,-2.060825,-1.8869271,1.1104001,2.9770539,0.0,1.0,-0.8660254,-0.5,0.8660254,0.5,1.0,0.0,0.0,0.0,0.0
2024-08-05 12:00:00,4.0,-1.1670597,-1.1735413,0.052111607,-0.8347959,1.7851584,1.6044273,2.7892919,0.02635457,3.0,3.0,3.0,2.043485,-2.4956083,-2.778845,-1.7151941,-2.6182075,-2.393367,-2.726984,-3.0,-1.7670513,-2.1378107,-2.086084,1.4230635,2.9936092,0.0,1.0,-0.8660254,-0.5,0.8660254,-0.5,0.0,1.0,0.0,0.0,0.0
2024-08-06 04:00:00,1.0,1.7956793,1.3617065,-0.32710257,-0.7981871,2.1328952,2.0413358,-0.5317936,0.014287818,3.0,3.0,3.0,1.997491,-1.4967144,-1.85524,-1.4416379,-1.3771409,-1.8789665,-2.0784853,-2.3435574,-1.0201292,-1.3462012,-1.436033,1.3868811,0.5509115,0.0,1.0,-0.8660254,-0.5,1.2246469e-16,-1.0,0.0,1.0,0.0,0.0,0.0
2024-08-06 08:00:00,1.0,1.5900611,1.6631546,-0.6730485,-1.1720344,0.101964466,-1.0008279,-0.5317936,0.5018924,2.4799335,2.7484252,2.8525946,1.4843428,-0.78636754,-1.1588364,-1.0670652,-0.3966728,-1.4266016,-1.6701282,-1.5098841,-0.49037936,-0.7786761,-0.95671636,0.6802339,-1.0623971,0.95105654,0.309017,-0.8660254,-0.5,0.8660254,0.5,1.0,0.0,0.0,0.0,0.0
2024-08-06 12:00:00,1.0,0.42156616,0.733146,-0.39999086,0.52677166,-0.48603117,-0.0029873475,1.0128,0.007813088,1.7395734,2.217435,2.4553003,0.7509896,-0.6087001,-0.9701274,-0.7566113,-0.044647127,-1.0939811,-1.4837652,-1.4258307,-0.30236235,-0.60003084,-0.82995254,-0.10981014,-1.4731777,0.95105654,0.309017,-0.8660254,-0.5,0.8660254,-0.5,0.0,1.0,0.0,0.0,0.0
2024-08-07 04:00:00,1.0,-0.2503436,-0.46238616,0.4981374,0.37809023,-0.08949739,0.67002624,-0.54132545,0.031274676,1.39173,1.9483771,2.2624772,0.3679743,-0.68122303,-1.0308213,-0.5146254,0.94746387,-1.0491183,-1.5010341,-1.0130155,-0.31719103,-0.61475164,-0.88853943,0.5106391,-1.5807813,0.95105654,0.309017,-0.8660254,-0.5,1.2246469e-16,-1.0,0.0,1.0,0.0,0.0,0.0
2024-08-07 08:00:00,1.0,1.0130438,1.3192592,-0.39588973,-0.7735724,-1.1823332,-1.0615491,-0.54132545,0.67613125,0.97915024,1.5837356,1.9509867,-0.023032513,-0.26734915,-0.62514055,-0.17205784,1.739328,-0.6122864,-1.2188778,-0.80676216,0.025247013,-0.21758917,-0.5652527,-0.96719354,-0.9687255,0.58778524,-0.809017,-0.8660254,-0.5,0.8660254,0.5,1.0,0.0,0.0,0.0,0.0
2024-08-07 12:00:00,1.0,-0.26297393,-0.7543437,0.2716393,0.023973675,-1.0372916,-0.04385509,1.0169487,0.015086906,0.4785362,1.1839942,1.6599666,-0.57334805,-0.35629103,-0.7015731,0.042118724,0.9572925,-0.3007322,-0.8849967,-0.79959464,-0.016999522,-0.27829227,-0.6557252,-0.90224606,-0.7784846,0.58778524,-0.809017,-0.8660254,-0.5,0.8660254,-0.5,0.0,1.0,0.0,0.0,0.0
2024-08-08 04:00:00,1.0,0.4180005,0.6904962,0.64083505,-0.4924336,-0.41591918,0.20008695,-0.5500495,0.0384993,0.2913136,0.96304417,1.4661974,-0.7326564,-0.18073845,-0.52727646,0.28840482,0.5085833,0.10015702,-0.70901746,-0.69015396,0.14556366,-0.08033625,-0.50170237,0.0154455025,-0.5711961,0.58778524,-0.809017,-0.8660254,-0.5,1.2246469e-16,-1.0,0.0,1.0,0.0,0.0,0.0
2024-08-08 08:00:00,1.0,-1.2139987,-0.18178245,0.21865258,1.288832,-1.1569802,-1.0888454,-0.5500495,-1.4548457,0.5620763,1.1126592,1.5915602,-0.44764522,-0.6095556,-0.9321896,0.2569403,-0.117981076,-0.12905622,-1.0184996,-1.1046637,-0.19575451,-0.46968856,-0.89437425,-1.2909722,-1.067779,-0.58778524,-0.809017,-0.8660254,-0.5,0.8660254,0.5,1.0,0.0,0.0,0.0,0.0
2024-08-08 12:00:00,1.0,0.16262159,0.4115248,-0.020353703,0.72571814,-1.1537896,-0.4051228,0.43538842,0.03182892,0.077747405,0.7157143,1.2865006,-0.94694525,-0.5324657,-0.8509074,0.27761817,0.038522843,0.7624892,-0.8792127,-1.2346512,-0.0975376,-0.37799218,-0.85751444,-1.4166149,-0.95753795,-0.58778524,-0.809017,-0.8660254,-0.5,0.8660254,-0.5,0.0,1.0,0.0,0.0,0.0
2024-08-09 04:00:00,1.0,1.0638623,1.5814615,-0.6028382,-1.2578793,0.10463414,0.1637842,-0.550902,0.020469025,0.10378789,0.6242349,1.1540557,-0.80383533,-0.07793858,-0.42960453,0.4888441,0.06615789,1.4059894,-0.70821524,-0.71823865,0.2958802,0.11345982,-0.44576254,0.64560837,-0.2046107,-0.58778524,-0.809017,-0.8660254,-0.5,1.2246469e-16,-1.0,0.0,1.0,0.0,0.0,0.0
2024-08-09 08:00:00,1.0,0.64266104,1.2729329,-1.0741466,-0.21888691,-1.4360043,-1.0636196,-0.550902,0.4895738,-0.27543303,0.27635106,0.86461097,-1.164312,0.17307608,-0.18326607,0.7665806,0.414601,1.065798,-0.6285286,-0.33692855,0.57367676,0.45392403,-0.2042873,-1.9720391,0.2638683,-0.95105654,0.309017,-0.8660254,-0.5,0.8660254,0.5,1.0,0.0,0.0,0.0,0.0
2024-08-09 12:00:00,1.0,-0.04098557,-0.2049977,1.6593478,-0.09247874,-1.0411739,-0.17800412,0.75863165,0.033262167,-0.57478964,-0.01801,0.63130313,-1.4472013,0.16012777,-0.1867829,0.94721985,0.24020581,0.5808802,-0.70167947,-0.50832796,0.6401118,0.5233071,-0.22852266,-1.4360306,0.12271364,-0.95105654,0.309017,-0.8660254,-0.5,0.8660254,-0.5,0.0,1.0,0.0,0.0,0.0
2024-08-12 04:00:00,1.0,0.27443293,0.45040908,-0.36118585,0.8816919,-0.23392858,-0.19534609,-0.5490555,0.03307123,-0.538699,-0.09920599,0.52392656,-1.2839391,0.2792384,-0.071734026,1.0695809,0.80919784,0.53678036,-0.46339232,-0.7538148,0.84163415,0.7037516,-0.12538297,-0.19909546,0.3390683,-0.95105654,0.309017,-0.8660254,-0.5,1.2246469e-16,-1.0,0.0,1.0,0.0,0.0,0.0
2024-08-12 08:00:00,1.0,0.29716817,-0.116864316,0.46150908,1.1207601,-1.0585208,-1.0585521,-0.5490555,0.41630456,-0.80696535,-0.3852624,0.27392775,-1.5100892,0.4100361,0.053638164,1.2235476,0.8564357,0.6971243,-0.28681466,-0.66538334,1.0525154,0.927223,0.0072809164,-1.6075443,0.49146783,0.0,1.0,-0.8660254,-0.5,0.8660254,0.5,1.0,0.0,0.0,0.0,0.0
2024-08-12 12:00:00,1.0,-0.23446254,-1.1466539,-0.564163,0.062486973,-1.1066413,-0.49781895,0.17336409,0.0436647,-1.0551658,-0.66023165,0.039234232,-1.7245469,0.2924939,-0.03303968,1.2565726,0.35950384,0.3312543,-0.23764549,-0.48670572,0.9990237,0.8866112,-0.12785439,-1.7441158,0.41965297,0.0,1.0,-0.8660254,-0.5,0.8660254,-0.5,0.0,1.0,0.0,0.0,0.0
2024-08-13 04:00:00,4.0,-0.2687991,-0.69602144,-0.30038133,0.71208566,-0.45480463,-0.20445417,-0.55124366,-0.0011604377,-0.99839854,-0.7223755,-0.05426389,-1.5382674,0.1549634,-0.13521612,1.1270527,0.0107760895,0.32860327,0.034419496,-0.5060543,0.8628959,0.74470425,-0.29282477,-0.6430348,0.107746035,0.0,1.0,-0.8660254,-0.5,1.2246469e-16,-1.0,0.0,1.0,0.0,0.0,0.0
2024-08-13 08:00:00,1.0,0.7807721,1.2809738,-0.6325691,-0.59131444,-0.8705102,-0.97874045,-0.55124366,0.5265915,-0.97032213,-0.8127897,-0.20675904,-1.3691732,0.51377124,0.18584181,1.1719313,0.32421994,0.43762815,0.48538032,-0.13455348,1.1446426,1.1260767,0.0902742,-1.5421149,-0.16623205,0.95105654,0.309017,-0.8660254,-0.5,0.8660254,0.5,1.0,0.0,0.0,0.0,0.0
2024-08-13 12:00:00,4.0,-0.45933175,-1.1620167,-0.60792804,0.052703932,-0.3275446,-0.41048986,0.14840274,0.0073904726,-0.9440578,-0.86197037,-0.28412125,-1.2570871,0.26311165,-0.0042986674,1.0448074,0.044458035,0.65841043,0.48644614,-0.26265478,0.86628664,0.826015,-0.17919454,-0.62885123,-0.4667851,0.95105654,0.309017,-0.8660254,-0.5,0.8660254,-0.5,0.0,1.0,0.0,0.0,0.0
2024-08-14 04:00:00,4.0,0.6375237,1.680233,-0.9731159,-1.2137637,-0.48257336,-0.15477492,-0.5533452,-0.0034606378,-1.0309199,-1.0126371,-0.47732416,-1.2596262,0.5507529,0.25851497,1.0777913,0.1761159,0.79571015,1.3750305,0.029050512,1.074111,1.0592557,0.13966095,-0.91346705,-2.6299706,0.95105654,0.309017,-0.8660254,-0.5,1.2246469e-16,-1.0,0.0,1.0,0.0,0.0,0.0
2024-08-14 08:00:00,3.0,0.28754666,0.27182472,2.0536132,-0.9218774,-1.1046431,-0.91973644,-0.5533452,0.31275675,-1.1907226,-1.2106588,-0.7029921,-1.3693874,0.6714116,0.37806043,1.1419278,0.3753534,0.5647301,1.7019181,0.42201328,1.2374365,1.0830885,0.28839517,-1.9306967,-3.0,0.58778524,-0.809017,-0.8660254,-0.5,0.8660254,0.5,1.0,0.0,0.0,0.0,0.0
2024-08-14 12:00:00,3.0,0.03414847,0.33900273,0.6144653,0.12075452,-1.1026357,-0.30797073,0.09717319,-0.034249887,-1.3780965,-1.4283748,-0.950899,-1.5350493,0.6874485,0.39898178,1.1715509,0.49150065,0.38466027,1.246066,0.851928,1.2221918,1.0286111,0.30925834,-1.7376024,-2.5671363,0.58778524,-0.809017,-0.8660254,-0.5,0.8660254,-0.5,0.0,1.0,0.0,0.0,0.0
2024-08-15 04:00:00,3.0,-0.21234778,-0.500849,-0.05672664,1.0628997,0.24981053,0.2263633,-0.5512124,-0.03404672,-1.2606592,-1.4153482,-1.028133,-1.2816613,0.56321806,0.30969784,1.0272318,0.11226913,0.33521706,0.7867901,0.852714,1.002931,0.7990641,0.20814948,-0.67187375,-0.38006288,0.58778524,-0.809017,-0.8660254,-0.5,1.2246469e-16,-1.0,0.0,1.0,0.0,0.0,0.0
2024-08-15 08:00:00,3.0,0.5105463,-1.1682836,0.9631884,-1.1153119,-1.2755996,-1.0520123,-0.5512124,0.9457537,-1.1105094,-1.3647377,-1.0984052,-0.98451257,0.8090613,0.52485216,0.9975975,0.48723626,0.406399,0.80854666,1.4996419,1.2009491,1.0069364,0.555527,-1.76957,0.12900689,-0.58778524,-0.809017,-0.8660254,-0.5,0.8660254,0.5,1.0,0.0,0.0,0.0,0.0
2024-08-15 12:00:00,4.0,-0.16232915,-0.6504833,-0.96326506,1.443167,-0.9009677,-0.2417382,0.05783336,-0.007999864,-1.2961037,-1.5341005,-1.310088,-1.2012149,0.71787727,0.46037564,0.95867795,0.17770566,0.27328718,0.82608694,1.0118163,1.0129033,0.8733342,0.5415421,-1.5412582,0.62396324,-0.58778524,-0.809017,-0.8660254,-0.5,0.8660254,-0.5,0.0,1.0,0.0,0.0,0.0
2024-08-16 04:00:00,3.0,0.91815495,1.4164555,-0.51429725,-1.07052,2.2601652,1.6270572,-0.5376788,-0.030021405,-0.85257727,-1.2419846,-1.1911906,-0.49241233,1.1168015,0.82905495,0.9717899,0.41364682,0.61131626,0.7968604,1.9150459,1.3568869,1.232469,1.0564481,1.1386952,0.54043907,-0.58778524,-0.809017,-0.8660254,-0.5,1.2246469e-16,-1.0,0.0,1.0,0.0,0.0,0.0
2024-08-16 08:00:00,3.0,0.2238475,1.4224691,-0.1895442,-1.4113643,-0.7852517,-1.0610749,-0.5376788,-0.03505483,-1.0995388,-1.4219413,-1.3988848,-0.8175087,1.2113622,0.9280906,1.1198503,0.48714006,0.76216984,0.91499704,1.9619709,1.2842008,1.3705542,1.3355424,-1.4652333,1.0131283,-0.95105654,0.309017,-0.8660254,-0.5,0.8660254,0.5,1.0,0.0,0.0,0.0,0.0
2024-08-16 12:00:00,3.0,-0.019584456,0.024845703,1.9621296,-0.58902764,0.18132989,2.598992,2.7988615,-0.013278867,-1.0962832,-1.425914,-1.4610622,-0.78147113,1.2087184,0.9338523,1.1101907,0.56364095,0.5235777,0.8051654,1.7272584,1.1049395,1.2821649,1.3661331,-0.47690412,0.8240399,-0.95105654,0.309017,-0.8660254,-0.5,0.8660254,-0.5,0.0,1.0,0.0,0.0,0.0
2024-08-19 04:00:00,3.0,-0.17107244,-0.59914416,-1.145703,1.8518249,-0.6490488,0.4074926,-0.5772817,0.007850751,-1.2438867,-1.539646,-1.6032106,-0.9870051,1.1243231,0.8726901,1.0474877,0.2993203,0.61827695,1.0642062,1.6488752,0.95407444,1.1240206,1.371636,-1.3044009,1.7962874,-0.95105654,0.309017,-0.8660254,-0.5,1.2246469e-16,-1.0,0.0,1.0,0.0,0.0,0.0
2024-08-19 08:00:00,3.0,-0.61805,-1.1058512,-0.43634528,0.28312716,-0.14374305,-1.0123928,-0.5772817,-0.32333508,-1.1740276,-1.4936944,-1.6045446,-0.85004276,0.6475954,0.54620254,0.7206463,0.12692611,0.24078472,0.8748496,1.4295205,0.61614823,0.5948046,0.96766436,-0.89030993,1.932465,0.0,1.0,-0.8660254,-0.5,0.8660254,0.5,1.0,0.0,0.0,0.0,0.0
2024-08-19 12:00:00,3.0,0.16915934,1.1496222,-0.24180709,-0.77781576,-0.81089306,-0.10950528,0.210098,-0.009461511,-1.3307787,-1.6199856,-1.7621502,-1.0757099,0.7555026,0.63701147,0.55687475,-0.15932198,0.20240615,0.64723283,1.1946769,0.6668677,0.6958712,1.2364658,-1.4483454,1.2390734,0.0,1.0,-0.8660254,-0.5,0.8660254,-0.5,0.0,1.0,0.0,0.0,0.0
2024-08-20 04:00:00,3.0,0.25657558,1.0080847,-0.28548872,-0.4940716,-0.14991842,0.61010695,-0.57658327,0.0012017131,-1.3311404,-1.6398443,-1.8355016,-1.0298301,0.89964384,0.7633811,0.45653343,-0.14722128,0.26872677,0.5463276,1.1774297,0.74232244,0.8348431,1.5052775,-0.9552536,0.7069183,0.0,1.0,-0.8660254,-0.5,1.2246469e-16,-1.0,0.0,1.0,0.0,0.0,0.0
2024-08-20 08:00:00,0.0,1.2085905,0.2520868,-0.27821124,0.93189424,0.51264155,-0.9833001,-0.57658327,1.6294205,-1.0389311,-1.4299059,-1.7029006,-0.44718766,1.3023647,1.1549082,0.53865284,0.22252128,0.61752355,0.77775663,-0.1698313,1.1258967,1.2496108,1.9733713,-0.14739536,1.0494615,0.95105654,0.309017,-0.8660254,-0.5,0.8660254,0.5,1.0,0.0,0.0,0.0,0.0
2024-08-20 12:00:00,0.0,-0.67567134,-1.6684948,-1.2553586,-0.27070338,0.32549256,0.43546385,0.7431578,0.068011,-1.0288738,-1.3882928,-1.6581515,-0.4369117,0.8660304,0.85659933,0.42367202,0.09124003,0.31202298,0.5846412,-0.5915259,0.7518744,0.78989565,1.581534,-0.4455385,1.057392,0.95105654,0.309017,-0.8660254,-0.5,0.8660254,-0.5,0.0,1.0,0.0,0.0,0.0
2024-08-21 04:00:00,0.0,-0.82443994,-1.6040753,0.2480812,-1.4692748,1.0110286,0.98053527,-0.5799807,0.085492685,-0.8838128,-1.2592493,-1.5460362,-0.1768478,0.3730449,0.49703214,0.09069526,0.09285649,0.1703368,0.3586989,-0.79274994,0.34458226,0.24303739,1.0736278,0.30319902,1.5588144,0.95105654,0.309017,-0.8660254,-0.5,1.2246469e-16,-1.0,0.0,1.0,0.0,0.0,0.0
2024-08-21 08:00:00,0.0,0.34543592,0.4663473,0.29996192,0.20594545,-1.2428441,-1.0031904,-0.5799807,0.4478721,-1.1134114,-1.3908623,-1.6530154,-0.6380103,0.53379405,0.6368314,-0.05798775,0.14413399,-0.038919352,0.48064852,-0.5069024,0.45549992,0.40196255,1.3865863,-1.4599375,1.1800095,0.58778524,-0.809017,-0.8660254,-0.5,0.8660254,0.5,1.0,0.0,0.0,0.0,0.0
2024-08-21 12:00:00,3.0,-0.084523514,-0.3975233,2.704095,-1.1293703,-0.7881144,-0.11416888,0.27022713,0.06909984,-1.2513622,-1.4739829,-1.716838,-0.9470135,0.50536525,0.62121284,-0.23173113,-0.011210916,-0.13892555,0.53206784,-0.51172113,0.38089848,0.29329196,1.4256691,-1.3338171,1.134194,0.58778524,-0.809017,-0.8660254,-0.5,0.8660254,-0.5,0.0,1.0,0.0,0.0,0.0
2024-08-22 04:00:00,3.0,-0.22897932,-0.6425063,0.47763675,0.35738066,0.22675897,0.57181656,-0.57544285,0.06939015,-1.1729474,-1.4204649,-1.6774722,-0.7702709,0.375268,0.5293055,-0.4460774,-0.57181084,-0.19654006,0.29477113,-0.2698804,0.22432812,0.081054956,1.2586882,-0.34851843,1.5632187,0.58778524,-0.809017,-0.8660254,-0.5,1.2246469e-16,-1.0,0.0,1.0,0.0,0.0,0.0
2024-08-22 08:00:00,3.0,0.17628215,0.6219796,-0.5950533,0.623162,-0.044762444,-0.986945,-0.57544285,-0.029664773,-1.1654863,-1.4118515,-1.6756394,-0.74710846,0.48067608,0.6130653,-0.55829144,-0.24198866,-0.092420004,0.44192442,-0.15266934,0.29969716,0.10964354,1.3626308,-0.74321556,1.4338725,-0.58778524,-0.809017,-0.8660254,-0.5,0.8660254,0.5,1.0,0.0,0.0,0.0,0.0
2024-08-22 12:00:00,0.0,-0.045979697,-0.21469997,-0.09840533,1.7191895,-0.19392553,0.028647617,0.45213434,0.073824115,-1.1803286,-1.415063,-1.6772884,-0.7861907,0.47610384,0.6119704,-0.661389,0.06419074,0.1221582,0.27309904,-0.16770239,0.24078918,0.025892865,1.3466983,-0.76883394,1.1756217,-0.58778524,-0.809017,-0.8660254,-0.5,0.8660254,-0.5,0.0,1.0,0.0,0.0,0.0
2024-08-23 04:00:00,0.0,-0.16576388,-0.52522624,1.995274,-0.8771787,0.35599145,1.2992079,-0.5675101,0.07411896,-1.0914769,-1.3502022,-1.6268228,-0.57354414,0.3664032,0.5447331,-0.7708097,-0.13553765,0.013747074,0.17176084,-0.5340949,0.082459524,-0.14363861,1.203674,-0.057436246,1.1563826,-0.58778524,-0.809017,-0.8660254,-0.5,1.2246469e-16,-1.0,0.0,1.0,0.0,0.0,0.0
2024-08-23 08:00:00,0.0,-0.9344418,-1.6899474,-0.107188,-1.3988212,0.6699887,-0.99704105,-0.5675101,-0.19115847,-0.9538187,-1.2415736,-1.5323732,-0.26781124,-0.30889446,0.066279665,-1.0757136,-0.4637681,-0.36965683,-0.0068549854,-0.7608959,-0.7219325,-0.78180444,0.61377716,0.30032185,1.51616,-0.95105654,0.309017,-0.8660254,-0.5,0.8660254,0.5,1.0,0.0,0.0,0.0,0.0
2024-08-23 12:00:00,0.0,1.126004,1.7337195,-0.8611511,-1.3102391,1.3111973,0.98772717,1.6411213,0.08590291,-0.7670524,-1.1103926,-1.4491422,0.20874533,0.35591856,0.5622294,-0.90031374,0.06502037,-0.39721859,0.25772062,-0.5847011,0.20871426,-0.12180843,1.1495063,0.8551798,0.80486065,-0.95105654,0.309017,-0.8660254,-0.5,0.8660254,-0.5,0.0,1.0,0.0,0.0,0.0
2024-08-26 04:00:00,0.0,-0.60579497,-1.1568102,-0.40502423,-0.08229671,0.95914793,0.9408529,-0.5675182,0.050857585,-0.643041,-0.9950744,-1.3483304,0.4474782,-0.04477239,0.25976044,-0.9350742,-0.24251655,-0.37557375,0.0155059565,-0.7019419,-0.5404073,-0.52270573,0.7523925,0.6952626,0.8366496,-0.95105654,0.309017,-0.8660254,-0.5,1.2246469e-16,-1.0,0.0,1.0,0.0,0.0,0.0
2024-08-26 08:00:00,0.0,-0.7467073,-0.6511733,1.4202837,-0.660561,0.47491872,-1.0659943,-0.5675182,-0.63298553,-0.61079615,-0.9342877,-1.2827106,0.46125266,-0.49925753,-0.11243124,-1.124368,-0.5207861,-0.35128456,-0.08744369,-0.8743993,-1.6732131,-0.97545403,0.33832428,0.40741667,0.65980476,0.0,1.0,-0.8660254,-0.5,0.8660254,0.5,1.0,0.0,0.0,0.0,0.0
2024-08-26 12:00:00,0.0,0.250131,0.7921765,0.8347975,-0.83421224,-1.1488464,-0.41092423,0.09813691,0.094889134,-0.8290788,-1.0469904,-1.3518898,-0.06830322,-0.3277926,0.022154728,-1.2206475,-0.35722688,-0.37982884,-0.2785511,-0.8321965,-1.2294146,-0.8269587,0.5343471,-1.2242724,-0.39279142,0.0,1.0,-0.8660254,-0.5,0.8660254,-0.5,0.0,1.0,0.0,0.0,0.0
2024-08-27 04:00:00,0.0,-0.5046738,-1.1967084,-0.54523677,0.0061611966,0.5433276,0.681488,-0.5627033,0.09427095,-0.77313167,-0.9956474,-1.3007401,0.03868372,-0.6166191,-0.22372569,-1.3026669,-0.18769428,-0.503269,-0.44098794,-0.43404973,-1.5365998,-1.0633442,0.22179212,0.14328611,-0.7269241,0.0,1.0,-0.8660254,-0.5,1.2246469e-16,-1.0,0.0,1.0,0.0,0.0,0.0
2024-08-27 08:00:00,0.0,-0.33435643,-0.9480525,-0.5832956,0.5694462,0.446291,-1.1338528,-0.5627033,0.16336226,-0.74007803,-0.9584817,-1.2612643,0.09299982,-0.7903449,-0.37825617,-1.3782486,-0.76048756,-0.5321223,-0.50733167,-0.4462025,-1.5378608,-1.176314,0.0018693967,0.0902075,-0.736126,0.95105654,0.309017,-0.8660254,-0.5,0.8660254,0.5,1.0,0.0,0.0,0.0,0.0
2024-08-27 12:00:00,3.0,0.124941,0.31163526,-0.020688584,0.9669269,-0.79949987,0.2181583,0.63736117,0.07627513,-0.8527063,-1.0179139,-1.2936732,-0.19643262,-0.678496,-0.29803586,-1.3933475,-0.4742614,-0.5467864,-0.44272822,-0.39055988,-1.2024533,-1.0575346,0.058292884,-0.8099839,-0.8492413,0.95105654,0.309017,-0.8660254,-0.5,0.8660254,-0.5,0.0,1.0,0.0,0.0,0.0
2024-08-28 04:00:00,3.0,0.67375517,1.2389379,-1.1650013,-0.13066651,0.48415673,1.0183318,-0.56136495,0.14511989,-0.797576,-0.983528,-1.2703396,-0.03970252,-0.1938231,0.055112746,-1.1285988,0.08542509,-0.33351433,-0.14108399,-0.08611414,-0.56061554,-0.5996856,0.34500796,0.23006967,-0.85315543,0.95105654,0.309017,-0.8660254,-0.5,1.2246469e-16,-1.0,0.0,1.0,0.0,0.0,0.0
2024-08-28 08:00:00,3.0,0.6347665,-1.3731765,-0.73858076,-0.26727638,-0.6933803,-1.1543589,-0.56136495,1.5741385,-0.6697858,-0.89831567,-1.2103045,0.291218,0.21308999,0.37568113,-0.74164337,0.23421842,-0.09704513,-0.05821243,-0.08644434,0.015693916,-0.18879351,0.5464957,-0.5837827,-0.96472096,0.58778524,-0.809017,-0.8660254,-0.5,0.8660254,0.5,1.0,0.0,0.0,0.0,0.0
2024-08-28 12:00:00,0.0,0.62931836,1.0175867,-0.08111695,-0.49142218,1.3362123,0.0658643,0.543918,0.03739376,-0.5575452,-0.81462675,-1.1484314,0.55981016,0.57544404,0.68285125,-0.33316502,0.6766575,0.36776805,0.0012881696,-0.052808866,0.5667434,0.18250853,0.7458179,1.1173406,-1.2955998,0.58778524,-0.809017,-0.8660254,-0.5,0.8660254,-0.5,0.0,1.0,0.0,0.0,0.0
2024-08-29 04:00:00,0.0,-1.0347807,-1.6472431,-0.92010504,-0.8683921,1.5110008,1.0856867,-0.55576193,0.020806508,-0.41255015,-0.6915953,-1.0392768,0.817755,-0.13220966,0.10459507,-0.31369308,0.39902118,-0.27921134,-0.47901964,-0.43136263,-0.2762916,-0.36025324,0.09924094,1.1677065,-1.029569,0.58778524,-0.809017,-0.8660254,-0.5,1.2246469e-16,-1.0,0.0,1.0,0.0,0.0,0.0
2024-08-29 08:00:00,3.0,0.14868505,0.42644155,0.8097353,0.08661604,0.9085468,-1.1390349,-0.55576193,-0.117376715,-0.38184547,-0.64443827,-0.99257356,0.83099663,-0.028851658,0.19326046,-0.26493454,0.40815452,-0.05253057,-0.3026785,-0.15872473,-0.056608766,-0.23454008,0.1134632,0.8200995,-0.8325586,-0.58778524,-0.809017,-0.8660254,-0.5,0.8660254,0.5,1.0,0.0,0.0,0.0,0.0
2024-08-29 12:00:00,3.0,1.4998441,1.573694,-0.78023493,-1.2623174,2.564877,0.63710743,1.0995007,0.10404902,-0.0924792,-0.44617897,-0.8597623,1.4247204,0.7668879,0.8989916,0.09790367,0.74047726,0.62734944,0.19826272,0.4011324,1.3554127,0.5186077,0.6840115,1.6018856,-2.1437225,-0.58778524,-0.809017,-0.8660254,-0.5,0.8660254,-0.5,0.0,1.0,0.0,0.0,0.0
2024-08-30 04:00:00,3.0,0.1566245,0.34282658,-0.5109211,1.2913162,0.06209526,1.0251516,-0.5606326,0.03586749,-0.21430004,-0.4788716,-0.859098,1.0655112,0.8408271,0.97158563,0.3369538,0.55465925,0.6001836,0.15759395,0.6039367,1.3136382,0.6000049,0.73234844,0.41217607,-1.7326027,-0.58778524,-0.809017,-0.8660254,-0.5,1.2246469e-16,-1.0,0.0,1.0,0.0,0.0,0.0
2024-08-30 08:00:00,3.0,-0.7047123,0.43122968,-0.99245185,1.5046691,-1.4403434,-1.1940343,-0.5606326,-1.1163372,-0.24722281,-0.46336272,-0.8203461,0.8968856,0.38264605,0.5879067,0.32451415,0.038249537,0.5432262,0.02814216,0.89697725,0.71412534,0.24771455,0.3729254,-1.2726635,-2.0707943,-0.95105654,0.309017,-0.8660254,-0.5,0.8660254,0.5,1.0,0.0,0.0,0.0,0.0
2024-08-30 12:00:00,3.0,0.02316796,0.2419272,-0.761166,1.6239946,-1.2046976,0.94659513,1.5150201,0.061630223,-0.50574076,-0.6027602,-0.8935721,0.2754613,0.42325824,0.6210006,0.32868224,0.47405922,0.65401864,0.082878366,1.237178,0.7283243,0.31276804,0.43424004,-1.103254,-1.8181498,-0.95105654,0.309017,-0.8660254,-0.5,0.8660254,-0.5,0.0,1.0,0.0,0.0,0.0
2024-09-02 04:00:00,3.0,-0.23051372,-0.50548464,1.3956956,0.05698069,-0.8228898,0.4330502,-0.56166965,0.009082236,-0.6439487,-0.68574643,-0.9331841,-0.07908136,0.31237134,0.53039086,0.26374722,0.3338544,0.557118,-0.0033766897,1.3433143,0.569293,0.23795478,0.3335991,-0.64669824,-1.7466589,-0.95105654,0.309017,-0.8660254,-0.5,1.2246469e-16,-1.0,0.0,1.0,0.0,0.0,0.0
2024-09-02 08:00:00,3.0,0.075983874,-0.40679407,-0.33722404,1.7155747,-0.40025863,-1.2266291,-0.56166965,0.71500784,-0.6978746,-0.72409195,-0.95253056,-0.15913785,0.44002965,0.63878274,0.23481084,-0.32729408,0.3925241,0.020724813,2.3903556,0.6956663,0.3636543,0.39100504,-0.20913053,-1.6849909,0.0,1.0,-1.0,-1.8369701e-16,0.8660254,0.5,1.0,0.0,0.0,0.0,0.0
2024-09-02 12:00:00,3.0,0.4849713,1.4139049,-1.3070475,-0.6127442,-0.44848856,0.55468667,1.2433425,-0.086231135,-0.77168083,-0.77786475,-0.98751837,-0.2521115,0.84651154,0.98931843,0.33424377,-0.28475684,0.34771326,0.15169089,2.8808923,1.0365776,0.75848144,0.6950902,-0.17586944,-1.6784686,0.0,1.0,-1.0,-1.8369701e-16,0.8660254,-0.5,0.0,1.0,0.0,0.0,0.0
2024-09-03 04:00:00,3.0,-0.17581528,-0.05916006,-0.5861463,2.010225,-0.6150993,0.050120827,-0.59658056,-0.11877129,-0.8998811,-0.85308623,-1.0292999,-0.43223256,0.88634837,1.0324162,0.37622872,0.07723759,0.08296749,0.36317393,2.1741486,0.88342255,0.7378975,0.69740105,-0.4006161,-1.8496711,0.0,1.0,-1.0,-1.8369701e-16,1.2246469e-16,-1.0,0.0,1.0,0.0,0.0,0.0
2024-09-03 08:00:00,3.0,0.34018347,-0.12590706,2.7740576,-0.8082473,0.017135333,-1.2650621,-0.59658056,0.8091225,-0.77247745,-0.79795265,-0.99780935,0.1151311,1.1559198,1.2594706,0.4271065,0.22987299,0.6451514,0.13984175,1.6360863,0.9787045,0.9184509,0.8003211,0.3628273,-1.6648128,0.95105654,0.309017,-1.0,-1.8369701e-16,0.8660254,0.5,1.0,0.0,0.0,0.0,0.0
2024-09-03 12:00:00,3.0,-0.30310872,-0.34237957,-1.0712862,2.2840416,1.2259773,1.669114,2.1416519,-0.05384909,-0.54785687,-0.68989646,-0.93172467,0.76412594,1.0431874,1.1779796,0.35682878,0.24544467,0.5262424,0.25673953,1.4226694,0.7390322,0.68578494,0.5788478,1.8693318,-1.4454947,0.95105654,0.309017,-1.0,-1.8369701e-16,0.8660254,-0.5,0.0,1.0,0.0,0.0,0.0
2024-09-04 04:00:00,4.0,-1.4856589,-1.664301,-0.61548173,-0.85515755,1.2288009,2.2218227,-0.595789,-0.17536779,-0.293307,-0.5553946,-0.8425071,1.2685097,-0.2116449,0.27148676,-0.010400248,-0.55377287,-0.72209126,0.19622844,1.2372274,-0.020604463,-0.18220925,-0.1626748,2.0917945,-0.11708497,0.95105654,0.309017,-1.0,-1.8369701e-16,1.2246469e-16,-1.0,0.0,1.0,0.0,0.0,0.0
2024-09-04 08:00:00,4.0,-2.7058363,0.53318894,-0.60023814,0.85690683,2.2971659,-1.2297539,-0.595789,-3.0,1.8975031,0.5069116,-0.25161996,3.0,-2.0369086,-1.3985018,-0.68456846,-2.499109,-1.8166021,-0.4394036,0.37856552,-1.4419078,-1.4468954,-1.4036487,2.2135544,0.88993305,0.58778524,-0.809017,-1.0,-1.8369701e-16,0.8660254,0.5,1.0,0.0,0.0,0.0,0.0
2024-09-04 12:00:00,4.0,-0.1753341,-0.27697492,0.2882732,1.1681706,0.22306077,1.2438269,2.1445966,0.040430475,1.4546652,0.45017093,-0.2551655,2.7209454,-2.026711,-1.4613701,-1.0731664,-2.4697309,-1.524942,-0.33672532,0.4414921,-1.4976504,-1.4977489,-1.4823456,1.0567955,0.775083,0.58778524,-0.809017,-1.0,-1.8369701e-16,0.8660254,-0.5,0.0,1.0,0.0,0.0,0.0
2024-09-05 04:00:00,4.0,-1.0871724,-1.2763377,-1.1636664,0.33013982,0.8793024,1.7291636,-0.59508216,-0.032361846,1.3990521,0.556008,-0.16730052,2.2295017,-2.4533875,-2.0198479,-1.4104674,-3.0,-1.8874718,-0.4799939,0.08911442,-2.005457,-1.8819939,-1.8560686,1.8647926,0.6571437,0.58778524,-0.809017,-1.0,-1.8369701e-16,1.2246469e-16,-1.0,0.0,1.0,0.0,0.0,0.0
2024-09-05 08:00:00,4.0,0.7658258,1.233312,-1.0536461,-0.1775486,0.98191535,-1.2127526,-0.59508216,-0.6679715,1.4900688,0.68858653,-0.099533506,1.9656442,-1.7993333,-1.5586609,-1.4109454,-2.3809254,-1.499783,-0.37236342,0.6733026,-1.5757021,-1.5191894,-1.594192,1.8880194,0.6663028,-0.58778524,-0.809017,-1.0,-1.8369701e-16,0.8660254,0.5,1.0,0.0,0.0,0.0,0.0
2024-09-05 12:00:00,4.0,-2.9099789,-1.9588878,-1.2757945,-1.0625027,2.4741223,0.40242848,1.3627511,-0.0342478,2.6043441,1.466936,0.3447976,2.4616299,-2.9350083,-3.0,-1.6312481,-2.9372118,-2.4791858,-1.3015673,0.048996393,-2.576663,-2.4007013,-2.505832,2.0625982,0.25637382,-0.58778524,-0.809017,-1.0,-1.8369701e-16,0.8660254,-0.5,0.0,1.0,0.0,0.0,0.0
2024-09-06 04:00:00,1.0,-0.060260054,-0.06852542,1.9069071,-0.003058492,0.84566426,0.9439295,-0.59670556,-0.062678136,2.5561407,1.697334,0.5024987,2.1080074,-2.729418,-2.8636541,-1.7100255,-1.6523772,-2.6512012,-1.537606,-0.364319,-2.1251767,-2.195987,-2.3991203,1.802347,0.20109515,-0.58778524,-0.809017,-1.0,-1.8369701e-16,1.2246469e-16,-1.0,0.0,1.0,0.0,0.0,0.0
2024-09-06 08:00:00,4.0,0.37149262,1.2108899,-1.2713735,0.23090658,0.16323867,-1.2451093,-0.59670556,-1.0877597,2.0881798,1.6589882,0.5434995,1.6020797,-2.3089678,-2.4753642,-1.6426544,-1.3870779,-2.4112544,-1.6638572,-0.5372657,-1.6989866,-1.9100255,-2.2008097,1.1473671,0.111003816,-0.95105654,0.309017,-1.0,-1.8369701e-16,0.8660254,0.5,1.0,0.0,0.0,0.0,0.0
2024-09-06 12:00:00,1.0,0.5147384,0.5992209,-0.7303357,0.98469704,0.15739276,1.3024237,2.6033509,-0.02592943,1.7084868,1.5882978,0.5763652,1.238924,-1.8676403,-2.0734334,-1.4440477,-0.65986985,-2.2585657,-1.2222041,-0.42520082,-1.3721173,-1.628498,-1.9823369,1.1628696,-0.07558223,-0.95105654,0.309017,-1.0,-1.8369701e-16,0.8660254,-0.5,0.0,1.0,0.0,0.0,0.0
2024-09-09 04:00:00,1.0,-1.9330848,-1.4413725,0.12544157,-1.2939274,1.5999874,1.8785802,-0.59168625,0.0013912632,2.381709,2.2027216,1.0281928,1.583267,-2.3867435,-2.7175946,-1.3854585,-1.8717974,-2.6319933,-1.738092,-0.9105346,-1.7029907,-2.009947,-2.3668463,1.8116448,0.5043018,-0.95105654,0.309017,-1.0,-1.8369701e-16,1.2246469e-16,-1.0,0.0,1.0,0.0,0.0,0.0
2024-09-09 08:00:00,1.0,1.6504,0.972111,-0.06308775,-0.3472085,-1.1720648,-1.1967783,-0.59168625,2.1059518,1.979953,2.0455952,1.0488627,1.2791405,-1.4194815,-1.7830702,-1.1190923,0.26127258,-1.6701623,-1.8130331,-0.6928947,-1.0837332,-1.346717,-1.8164237,-1.0079671,0.033079926,0.0,1.0,-1.0,-1.8369701e-16,0.8660254,0.5,1.0,0.0,0.0,0.0,0.0
2024-09-09 12:00:00,1.0,0.13873322,0.39041874,1.4925445,-0.5654444,-1.0540514,-0.23622388,0.75554067,-0.044549577,0.9150595,1.3903313,0.798804,0.4203962,-1.2908671,-1.6435068,-0.9236533,0.35781357,-0.82871896,-1.8011642,-0.5780368,-0.9310593,-1.2314636,-1.7685131,-0.85552114,-0.26195025,0.0,1.0,-1.0,-1.8369701e-16,0.8660254,-0.5,0.0,1.0,0.0,0.0,0.0
2024-09-10 04:00:00,1.0,-0.55097026,-1.0603232,-0.86333597,0.4992096,-0.7392202,1.1444343,-0.59394664,-0.07193445,0.35099933,0.9960447,0.6651157,-0.07744228,-1.4361521,-1.795658,-0.7917416,-0.08027243,-0.93964446,-1.6714463,-0.5898445,-0.97045726,-1.3360676,-1.9090245,-0.25294602,-0.1893863,0.0,1.0,-1.0,-1.8369701e-16,1.2246469e-16,-1.0,0.0,1.0,0.0,0.0,0.0
2024-09-10 08:00:00,4.0,1.1376581,-0.92129415,-0.87308174,0.7263941,1.0452125,-1.177775,-0.59394664,3.0,0.92394924,1.3061441,0.8992935,0.44780165,-0.8401284,-1.2189244,-0.4179518,0.23102666,-0.2818284,-1.3883897,-0.6578008,-0.574147,-0.7952798,-1.4522247,1.5374291,0.15053001,0.95105654,0.309017,-1.0,-1.8369701e-16,0.8660254,0.5,1.0,0.0,0.0,0.0,0.0
2024-09-10 12:00:00,1.0,-0.05020088,-0.0606226,0.6545328,1.1504933,-0.0058409385,0.6436397,2.155779,-0.07696682,0.8409312,1.2424463,0.9531809,0.3589541,-0.8228578,-1.1945295,-0.16350405,1.117763,-0.5149789,-1.3101602,-0.4932112,-0.51224685,-0.71502084,-1.4202486,1.1272861,0.13484882,0.95105654,0.309017,-1.0,-1.8369701e-16,0.8660254,-0.5,0.0,1.0,0.0,0.0,0.0
2024-09-11 04:00:00,1.0,-0.45847422,-0.7586951,0.45808706,-0.21896943,-0.6992309,1.2719733,-0.5993077,-0.07738742,0.4405035,0.9543565,0.85467154,-0.01349131,-0.9769492,-1.3363972,-0.03065348,0.10627557,0.23783302,-1.4414611,-0.8252888,-0.56308585,-0.7834396,-1.524394,0.0035517437,0.08338972,0.95105654,0.309017,-1.0,-1.8369701e-16,1.2246469e-16,-1.0,0.0,1.0,0.0,0.0,0.0
2024-09-11 08:00:00,1.0,-0.37614354,-0.844087,-0.5230727,0.44929084,-0.032276742,-1.221237,-0.5993077,0.4207593,0.51579463,0.9648517,0.93432343,0.049548827,-1.0944749,-1.4371253,0.03753148,-0.13813205,0.14315316,-1.6892284,-1.0003042,-0.5906725,-0.7886415,-1.567111,1.1391608,-0.016264085,0.58778524,-0.809017,-1.0,-1.8369701e-16,0.8660254,0.5,1.0,0.0,0.0,0.0,0.0
2024-09-11 12:00:00,1.0,0.37912375,0.5946957,-0.7242912,1.1434451,-0.85046345,0.029665798,1.4168767,-0.025825405,0.16633013,0.6692444,0.7598888,-0.26000482,-0.85831314,-1.2178768,0.17374878,0.31302422,0.14929226,-1.5739723,-0.93297607,-0.39032367,-0.542379,-1.4162955,-0.1151223,-0.07192297,0.58778524,-0.809017,-1.0,-1.8369701e-16,0.8660254,-0.5,0.0,1.0,0.0,0.0,0.0
2024-09-12 04:00:00,4.0,1.1451844,1.0382109,0.5698999,-0.9510958,0.7081009,1.4551816,-0.6073881,-0.0519184,0.66798294,0.9360538,0.9597544,0.25979832,-0.25389943,-0.6736704,0.46506584,0.31220335,0.35306293,-1.3722287,-0.6278744,0.14861633,-0.0007018229,-1.000864,1.3579556,-0.14143609,0.58778524,-0.809017,-1.0,-1.8369701e-16,1.2246469e-16,-1.0,0.0,1.0,0.0,0.0,0.0
2024-09-12 08:00:00,4.0,3.0,1.313471,-0.46840826,-0.70555496,-0.23680323,-1.233037,-0.6073881,3.0,2.3342025,2.0337114,1.754449,1.8232552,1.1346296,0.8272311,1.1179729,2.1923,2.1248598,-0.38681892,-0.043057725,1.845064,1.2183737,0.026299125,0.7418922,-0.2481614,-0.58778524,-0.809017,-1.0,-1.8369701e-16,0.8660254,0.5,1.0,0.0,0.0,0.0,0.0
2024-09-12 12:00:00,1.0,-0.4721068,-0.9191905,-1.2297014,1.0654743,-1.1648479,-0.015034148,1.4069126,-0.12230949,1.3739511,1.4889526,1.4555653,0.8959281,0.9074771,0.6172343,1.5418636,2.082485,1.4344765,-0.18333443,-0.08787541,1.5662912,1.1569068,-0.050080165,-0.6378777,-0.4291944,-0.58778524,-0.809017,-1.0,-1.8369701e-16,0.8660254,-0.5,0.0,1.0,0.0,0.0,0.0
2024-09-13 04:00:00,4.0,0.06100653,0.13321315,-0.11158715,1.5128947,-0.116321184,0.97280353,-0.61688095,-0.12200563,1.0791095,1.3134081,1.3925875,0.5806373,0.9513561,0.6629657,1.7416403,2.2102215,1.4099747,0.47818324,-0.41692293,1.3651743,1.1881254,-0.0058842315,0.5378492,-0.9119591,-0.58778524,-0.809017,-1.0,-1.8369701e-16,1.2246469e-16,-1.0,0.0,1.0,0.0,0.0,0.0
2024-09-13 08:00:00,1.0,0.9118271,0.88269323,-0.055903614,-0.078299545,1.0017644,-1.2292299,-0.61688095,-0.037243195,1.3180457,1.4647199,1.5394453,0.80477947,1.262186,1.0235076,1.8741931,2.3962038,1.8650507,0.7822213,-0.30593202,1.435266,1.4439238,0.24256511,1.4883679,-0.8582231,-0.95105654,0.309017,-1.0,-1.8369701e-16,0.8660254,0.5,1.0,0.0,0.0,0.0,0.0
2024-09-13 12:00:00,4.0,-0.92560685,-1.6419585,-1.053499,-0.8133237,-0.81841856,0.46542454,2.3692167,-0.101525016,0.78352284,1.1349844,1.3545908,0.23074666,0.76399076,0.5715584,1.844483,1.4728882,1.2215322,0.80758053,-0.5236822,0.9848924,1.134043,0.019789094,-0.18367909,-0.8687684,-0.95105654,0.309017,-1.0,-1.8369701e-16,0.8660254,-0.5,0.0,1.0,0.0,0.0,0.0
2024-09-16 04:00:00,4.0,0.66706955,0.972847,-0.62902266,0.26803496,-0.037850052,1.0694792,-0.63882035,-0.14278433,0.6596446,1.0116773,1.2557175,0.121616945,1.026029,0.85409737,1.817933,0.10976379,1.4576341,0.84758455,-0.3076391,1.0624881,1.375161,0.24862242,1.0077932,-0.7937877,-0.95105654,0.309017,-1.0,-1.8369701e-16,1.2246469e-16,-1.0,0.0,1.0,0.0,0.0,0.0
2024-09-16 08:00:00,4.0,0.29928243,1.2733889,-0.5848477,-0.52588075,1.0301702,-1.267927,-0.63882035,-1.4787387,0.93957424,1.1698173,1.3901334,0.40383685,1.1407672,0.9846957,1.6950442,0.47778648,1.6600902,1.7341918,0.013810885,1.0075266,1.3277957,0.31833592,1.2432786,-0.5900558,0.0,1.0,-1.0,-1.8369701e-16,0.8660254,0.5,1.0,0.0,0.0,0.0,0.0
2024-09-16 12:00:00,1.0,1.2088239,0.9163414,0.5575154,-0.7405253,2.0290046,0.1573529,1.9192507,-0.08467522,1.6361843,1.6172045,1.7260281,1.0989869,1.5230619,1.4337497,1.6346902,1.018253,2.0899615,2.0825121,0.25229853,1.1636802,1.5167886,0.58794,1.5271997,-0.45196694,0.0,1.0,-1.0,-1.8369701e-16,0.8660254,-0.5,0.0,1.0,0.0,0.0,0.0
2024-09-17 04:00:00,1.0,-1.416807,-1.650686,-1.0893167,-0.8356514,0.0734777,0.1679811,-0.64488363,-0.13526036,1.4090893,1.5416522,1.7378209,0.7695744,0.7189347,0.7012977,1.3879174,-0.089010045,1.5098097,1.5590748,-0.2283127,0.69801366,0.93293285,0.19443157,0.93796897,-0.45795354,0.0,1.0,-1.0,-1.8369701e-16,1.2246469e-16,-1.0,0.0,1.0,0.0,0.0,0.0
2024-09-17 08:00:00,1.0,-0.46539453,-1.0987991,-0.9097919,0.20355642,-1.4714444,-1.2600235,-0.64488363,-0.15948227,0.50619006,0.9658989,1.3205168,-0.20443721,0.5097571,0.5007653,1.1675775,0.12620024,1.0544841,1.315278,-0.74345344,0.52654374,0.7929148,0.14777875,-1.4259598,-0.42100388,0.95105654,0.309017,-1.0,-1.8369701e-16,0.8660254,0.5,1.0,0.0,0.0,0.0,0.0
2024-09-17 12:00:00,4.0,0.70658255,1.3269732,0.26588,-1.3457485,-0.67629683,-0.21565723,1.0793829,-0.051678944,0.09443175,0.6288203,1.0328183,-0.6098377,0.8049348,0.80423737,1.0518429,0.14533857,0.1683115,2.0169399,-0.3412195,0.6619739,1.013197,0.44184896,-0.4938489,-1.3381823,0.95105654,0.309017,-1.0,-1.8369701e-16,0.8660254,-0.5,0.0,1.0,0.0,0.0,0.0
2024-09-18 04:00:00,1.0,-0.48398218,-1.236454,-0.18009833,-0.6755135,-1.328634,0.8404611,-0.645646,-0.05204663,-0.47592184,0.18599088,0.6921395,-1.223022,0.55577993,0.5776818,0.8514362,-0.22314413,0.16723117,1.4198365,-0.1966086,0.47587916,0.77601135,0.35357684,-1.2786071,-0.72172844,0.95105654,0.309017,-1.0,-1.8369701e-16,1.2246469e-16,-1.0,0.0,1.0,0.0,0.0,0.0
2024-09-18 08:00:00,0.0,-0.7055424,-1.2990404,-0.011439586,-1.0452498,-0.52174723,-1.267797,-0.645646,0.16959998,-0.5118595,0.07328517,0.59611857,-1.212112,0.18892497,0.23851377,0.50496906,-1.1198584,-0.0719965,1.1814744,-0.49478617,0.2356141,0.3761856,0.11678855,-0.112943366,-0.8122204,0.58778524,-0.809017,-1.0,-1.8369701e-16,0.8660254,0.5,1.0,0.0,0.0,0.0,0.0
2024-09-18 12:00:00,3.0,0.05596667,0.17419451,0.65000224,1.0471591,-0.90847343,-0.1817013,1.144838,-0.04834104,-0.71578145,-0.15864813,0.38418454,-1.384856,0.23961554,0.28757283,0.2542309,-0.41504613,-0.337135,1.3496959,-0.45314708,0.21017931,0.31906313,0.17762557,-0.8135968,-0.41588446,0.58778524,-0.809017,-1.0,-1.8369701e-16,0.8660254,-0.5,0.0,1.0,0.0,0.0,0.0
2024-09-19 04:00:00,3.0,0.03596541,0.19397396,0.9860174,0.6820377,-1.0766556,0.34615785,-0.65311617,-0.070178516,-0.9908858,-0.44670972,0.12477222,-1.6315782,0.28213277,0.32847878,0.064576246,-0.18106481,-0.036869645,1.0545304,-0.36869615,0.18182664,0.27387232,0.2389967,-1.1392912,-0.9374474,0.58778524,-0.809017,-1.0,-1.8369701e-16,1.2246469e-16,-1.0,0.0,1.0,0.0,0.0,0.0
2024-09-19 08:00:00,4.0,1.002371,-0.9943033,-0.7441139,0.24041407,-0.46533325,-1.2382551,-0.65311617,2.3149476,-0.540332,-0.2666724,0.18166031,-0.95773864,0.7781758,0.79416895,0.13359566,-0.04055453,0.069262244,1.3611516,-0.16288531,0.47791934,0.6450241,0.6304072,-0.30923444,-0.80772156,-0.58778524,-0.809017,-1.0,-1.8369701e-16,0.8660254,0.5,1.0,0.0,0.0,0.0,0.0
2024-09-19 12:00:00,4.0,2.583799,1.7908605,-1.1407139,-1.2723213,2.2395644,0.22483677,1.6814861,-0.13898979,0.77723783,0.52545613,0.6536491,0.6707338,1.7205396,1.8248883,0.6233393,1.4587964,0.8351001,2.2086325,0.5736186,1.3157907,1.5271455,1.4667467,1.4635077,-1.0091472,-0.58778524,-0.809017,-1.0,-1.8369701e-16,0.8660254,-0.5,0.0,1.0,0.0,0.0,0.0
2024-09-20 04:00:00,3.0,0.55390114,0.97856605,1.0228928,-1.1806432,-0.20374706,1.2778525,-0.6591657,-0.1371253,0.48261055,0.3773183,0.5324751,0.32581815,1.8362052,1.9751014,0.9933032,1.9879218,0.6384617,2.3585603,0.78177375,1.3960375,1.592667,1.7027792,-0.076805875,-0.7324946,-0.58778524,-0.809017,-1.0,-1.8369701e-16,1.2246469e-16,-1.0,0.0,1.0,0.0,0.0,0.0
2024-09-20 08:00:00,3.0,-0.517618,-0.050374582,2.6290169,-0.26668903,-1.2426391,-1.2369981,-0.6591657,-0.6843973,-0.3401129,-0.14275019,0.17036192,-0.6399806,1.5043064,1.6659276,1.1377069,1.6839019,0.9135627,2.0427003,0.94492394,1.1621084,1.3032289,1.6373495,-1.6340858,-1.2919308,-0.95105654,0.309017,-1.0,-1.8369701e-16,0.8660254,0.5,1.0,0.0,0.0,0.0,0.0
2024-09-20 12:00:00,4.0,0.36634737,0.8587409,-1.017387,0.83356106,-0.5157746,2.2738168,3.0,-0.08114806,-0.60644686,-0.37628487,-0.03387767,-0.8900062,1.5892223,1.7614865,1.2055111,1.7849807,1.166353,1.8256024,0.67731196,1.2377185,1.3498307,1.827348,-0.53320223,-0.97738874,-0.95105654,0.309017,-1.0,-1.8369701e-16,0.8660254,-0.5,0.0,1.0,0.0,0.0,0.0
2024-09-23 04:00:00,4.0,-1.2364887,-1.2671212,-0.5199085,-0.44121456,0.7025865,0.01828767,-0.5778135,-0.032118544,-0.03153205,-0.0054309876,0.2435348,-0.2133837,0.8475863,1.0955644,0.84641933,0.79905456,0.5508139,0.59042037,0.5399045,0.62982047,0.63760924,1.1637416,0.94861865,0.42149806,-0.95105654,0.309017,-1.0,-1.8369701e-16,1.2246469e-16,-1.0,0.0,1.0,0.0,0.0,0.0
2024-09-23 08:00:00,3.0,1.4208283,1.5709561,-1.1483171,-0.9020483,-0.7741135,-1.1216848,-0.5778135,1.14396,0.04769327,0.01445148,0.19606145,-0.05085357,1.2837929,1.5539498,0.85988533,0.27149364,1.1519043,1.0817144,1.1968844,1.049656,1.1783196,1.6673023,-0.8513312,-0.15278642,0.0,1.0,-1.0,-1.8369701e-16,0.8660254,0.5,1.0,0.0,0.0,0.0,0.0
2024-09-23 12:00:00,3.0,0.25543463,0.8241867,-0.70946944,0.5502869,-0.74608546,-0.3235056,0.61760384,-0.11710322,-0.4868895,-0.3626278,-0.09423102,-0.6389751,1.3435749,1.6095335,0.91023517,0.13503326,1.4286944,1.1240951,1.1919814,0.9785878,1.2731404,1.8422462,-0.8807495,-0.18860185,0.0,1.0,-1.0,-1.8369701e-16,0.8660254,-0.5,0.0,1.0,0.0,0.0,0.0
2024-09-24 04:00:00,3.0,-0.40901548,-0.88999677,0.29136676,-0.15515591,-0.9684348,-0.21824957,-0.58690256,-0.116746105,-1.0696533,-0.8111733,-0.43167225,-1.2960521,1.140337,1.4122276,0.82074004,0.18453789,1.2724621,0.79232067,1.2370374,0.7168058,1.1097864,1.7836099,-1.4493963,-0.08058909,0.0,1.0,-1.0,-1.8369701e-16,1.2246469e-16,-1.0,0.0,1.0,0.0,0.0,0.0
2024-09-24 08:00:00,3.0,-0.15176897,-1.3873504,-0.38251513,-0.8241834,-0.4573426,-1.0670943,-0.58690256,0.8595097,-1.2117431,-1.0018232,-0.61369,-1.3829961,1.1024823,1.3606577,0.6354844,-0.050355427,1.2082447,0.9803101,1.2985517,0.58412397,0.98609567,1.7294176,-0.6209396,-0.13520643,0.95105654,0.309017,-1.0,-1.8369701e-16,0.8660254,0.5,1.0,0.0,0.0,0.0,1.0
2024-09-24 12:00:00,3.0,-0.6359875,-0.9586988,1.4319892,-1.4205352,-0.5240218,-0.45986596,0.24513337,-0.22805834,-1.3696805,-1.1987385,-0.7918952,-1.5025574,0.75016797,1.0559539,0.2904265,0.22590211,0.71317226,0.649887,1.0784253,0.2975991,0.6204032,1.4869928,-0.7992759,-0.09632895,0.95105654,0.309017,-1.0,-1.8369701e-16,0.8660254,-0.5,0.0,1.0,0.0,0.0,1.0
2024-09-25 04:00:00,1.0,0.19897461,0.4551135,-0.6479579,1.4803742,0.3509096,0.18872099,-0.58477,-0.17645606,-1.0142919,-1.0432395,-0.7491598,-0.95239305,0.84504485,1.1307096,0.031084567,-0.3467554,-0.045564365,0.6273986,0.9114068,0.31961715,0.6303523,1.4595765,0.64515805,-0.10926156,0.95105654,0.309017,-1.0,-1.8369701e-16,1.2246469e-16,-1.0,0.0,1.0,0.0,0.0,1.0
2024-09-25 08:00:00,4.0,-3.0,0.040577147,2.080427,-0.0730234,1.3203982,-1.0106671,-0.58477,-3.0,3.0,2.1545134,1.7365605,2.8162396,-1.3308119,-1.00722,-1.0441056,-2.6523108,-1.78239,-0.9982414,-0.72110975,-1.424777,-1.4823657,-0.6211475,1.1290143,-0.0028982076,0.58778524,-0.809017,-1.0,-1.8369701e-16,0.8660254,0.5,1.0,0.0,0.0,0.0,1.0
2024-09-25 12:00:00,4.0,1.2358171,1.2849767,-0.5745808,-0.64683396,1.4225634,0.77254814,2.0532815,0.0072341925,2.6796565,2.1934822,1.8363413,2.310532,-0.7386196,-0.47562957,-1.3398409,-1.7763875,-1.1476547,-0.25188062,-0.50866026,-0.885613,-0.9207116,-0.21325544,1.1627305,-0.25801054,0.58778524,-0.809017,-1.0,-1.8369701e-16,0.8660254,-0.5,0.0,1.0,0.0,0.0,1.0
2024-09-26 04:00:00,4.0,0.16498174,0.23800457,0.2291502,1.0313982,0.50459397,0.48308018,-0.5932842,0.021840759,2.0384696,1.9322162,1.7417762,1.6104951,-0.63752466,-0.3851691,-1.4691148,-1.592861,-1.1875887,-0.08600313,-0.1110798,-0.8228138,-0.8526047,-0.1366188,0.6183385,-0.3527308,0.58778524,-0.809017,-1.0,-1.8369701e-16,1.2246469e-16,-1.0,0.0,1.0,0.0,0.0,1.0
2024-09-26 08:00:00,4.0,1.4863584,-0.9693515,0.11747942,-0.2395661,0.5059817,-1.0537984,-0.5932842,2.712167,2.4822748,2.4080443,2.1459603,1.9243237,-0.023478702,0.2015176,-1.1153911,-0.56704867,-0.26526073,0.21757598,0.36177662,-0.17525537,-0.25697353,0.2748464,0.6103157,-0.49937218,-0.58778524,-0.809017,-1.0,-1.8369701e-16,0.8660254,0.5,1.0,0.0,0.0,0.0,1.0
2024-09-26 12:00:00,4.0,0.049801975,0.28419062,0.8541605,0.44584003,-0.4876773,-0.21875969,0.5535878,-0.06010018,1.4735951,1.7475697,1.7347546,0.952583,0.02510424,0.24563614,-0.9547774,-0.6265711,-0.677887,0.3534232,-0.13628574,-0.155949,-0.23991144,0.3576878,-0.45364633,-0.5458784,-0.58778524,-0.809017,-1.0,-1.8369701e-16,0.8660254,-0.5,0.0,1.0,0.0,0.0,1.0
2024-09-27 04:00:00,1.0,-0.5228274,-0.53557515,1.1934448,-0.3257144,1.1268415,0.42838135,-0.59150004,-0.059746567,1.493754,1.8251555,1.8799056,0.8878581,-0.18320876,0.033405762,-0.8675809,1.2174207,-0.94021696,0.36240953,-0.37114495,-0.4192468,-0.47281858,0.16909656,1.1004851,-0.57114404,-0.58778524,-0.809017,-1.0,-1.8369701e-16,1.2246469e-16,-1.0,0.0,1.0,0.0,0.0,1.0
2024-09-27 08:00:00,4.0,-1.3128465,-1.7071497,-0.9325771,-1.2578981,0.26284683,-1.0360417,-0.59150004,-0.17532027,1.2512392,1.7059312,1.8935907,0.5589229,-0.7141799,-0.5229818,-1.0399772,-0.063167825,-1.2811255,-0.074002154,-0.5949607,-1.1126314,-0.999514,-0.24374147,0.47917527,-0.54096735,-0.95105654,0.309017,-1.0,-1.8369701e-16,0.8660254,0.5,1.0,0.0,0.0,0.0,1.0
2024-09-27 12:00:00,4.0,1.3324836,1.4406658,-0.97713476,-0.5554715,1.1160263,0.75503075,1.9727547,-0.0044613155,1.3305563,1.7342706,1.9015284,0.64554965,-0.14148441,0.014552168,-0.8286289,0.53698623,-0.7463883,0.3526397,-0.12948713,-0.4132049,-0.46044028,0.1608414,1.114979,-0.6199511,-0.95105654,0.309017,-1.0,-1.8369701e-16,0.8660254,-0.5,0.0,1.0,0.0,0.0,1.0
2024-09-30 04:00:00,4.0,0.28562874,0.78609926,0.68856686,-0.536942,-0.8099326,0.31884328,-0.5931151,-0.039202545,0.6188127,1.1927357,1.5146044,-0.052844618,-0.005018003,0.14558335,-0.6577001,-0.06921533,-0.4531402,0.19472115,0.04864275,-0.24590512,-0.34762934,0.3002683,-0.7376094,-0.58576566,-0.95105654,0.309017,-1.0,-1.8369701e-16,1.2246469e-16,-1.0,0.0,1.0,0.0,0.0,1.0
2024-09-30 08:00:00,4.0,0.4406692,1.3996563,-0.22315903,-1.3157063,-0.5782662,-1.0552319,-0.5931151,-0.266549,0.13552073,0.77089787,1.1947109,-0.5084901,0.19077523,0.33358517,-0.42568085,0.13238358,-0.35043454,-0.3501909,0.19705217,0.083418705,-0.11272753,0.48001164,-0.5487583,-0.38463604,0.0,1.0,-1.0,-1.8369701e-16,0.8660254,0.5,1.0,0.0,0.0,0.0,1.0
2024-09-30 12:00:00,4.0,-0.1405235,-0.21388583,2.7365918,-1.0995314,-0.7929906,0.32393363,1.264332,-0.02821358,-0.31693482,0.3559146,0.8936764,-0.9365024,0.15865284,0.30081326,-0.28711042,0.3210311,1.0935483,-0.5427957,0.009077141,0.050293293,-0.11829165,0.46277606,-1.0080503,-0.8499461,0.0,1.0,-1.0,-1.8369701e-16,0.8660254,-0.5,0.0,1.0,0.0,0.0,1.0
2024-10-01 04:00:00,4.0,-0.5085691,-1.1566122,-0.4318685,-0.33456647,-0.98001486,0.32381707,-0.5981287,-0.027980292,-0.7133546,-0.043642096,0.60802335,-1.2952132,-0.06915717,0.08556376,-0.30376434,0.71955377,0.46725473,-0.5712086,-0.17022265,-0.23013617,-0.31669447,0.294316,-1.2925597,-0.6259036,0.0,1.0,-1.0,-1.8369701e-16,1.2246469e-16,-1.0,0.0,1.0,0.0,0.0,1.0
2024-10-01 08:00:00,4.0,1.6764177,1.0806042,-0.6593655,0.03664232,-0.045390557,-1.2330656,-0.5981287,1.362631,-0.055789933,0.31201413,0.7962228,-0.48663068,0.6307917,0.7511082,0.09499116,0.9125713,1.0292331,-0.10651487,0.5551692,0.88304555,0.5400234,0.8586172,0.12892742,-2.317169,0.95105654,0.309017,-0.8660254,0.5,0.8660254,0.5,1.0,0.0,0.0,0.0,0.0
2024-10-01 12:00:00,4.0,-0.37969077,-0.60330343,-0.9981562,1.835133,-0.3038035,-0.15384635,0.4516833,-0.043207016,-0.3056251,0.072605215,0.6358446,-0.7043453,0.46536002,0.59544355,0.24873437,0.5687973,0.35760102,0.09061819,0.48311344,0.59489053,0.37002987,0.7047977,-0.4846927,-2.874247,0.95105654,0.309017,-0.8660254,0.5,0.8660254,-0.5,0.0,1.0,0.0,0.0,0.0
2024-10-02 04:00:00,4.0,-1.5011438,-1.0926468,-0.10456694,-0.46901628,2.5767493,1.7368164,-0.5919056,-0.01095024,1.1177472,1.277565,1.7248203,0.5366586,-0.2705858,-0.11154542,-0.03544748,-0.44665906,-0.22619931,-0.7900296,0.18358184,-0.2993782,-0.35806865,-0.032275286,1.342638,0.30653235,0.95105654,0.309017,-0.8660254,0.5,1.2246469e-16,-1.0,0.0,1.0,0.0,0.0,0.0
2024-10-02 08:00:00,4.0,-0.55879676,-0.7264919,1.6606909,-1.3606921,-1.3560587,-1.1881151,-0.5919056,-0.48646063,0.13098691,0.51710826,1.1419636,-0.37855327,-0.4972444,-0.33574826,-0.3308962,-0.6700241,-0.24935919,-1.0331811,0.8607483,-0.56451577,-0.55834883,-0.2131722,-1.8329263,0.60907644,0.58778524,-0.809017,-0.8660254,0.5,0.8660254,0.5,1.0,0.0,0.0,0.0,0.0
2024-10-02 12:00:00,4.0,-1.3272159,-1.5529687,-0.40873304,-1.6042265,0.40671805,-0.4419345,0.19415596,-0.08998136,0.3748933,0.73073554,1.3795663,-0.18580508,-1.0229478,-0.88043624,-0.7874998,-1.1157595,-0.2787557,-1.3462391,0.18646522,-1.278381,-1.0983809,-0.74448925,0.6842557,1.3331225,0.58778524,-0.809017,-0.8660254,0.5,0.8660254,-0.5,0.0,1.0,0.0,0.0,0.0
2024-10-03 04:00:00,4.0,0.8678484,1.4483299,-0.9025862,-0.7268108,-0.22285578,0.10510623,-0.58190304,-0.05425923,0.15456472,0.49309796,1.1155441,-0.334886,-0.6097432,-0.5097328,-0.87401104,-1.5552818,-0.44147068,-1.0151695,1.0647783,-0.6411299,-0.61408114,-0.43279275,0.16735576,1.5022401,0.58778524,-0.809017,-0.8660254,0.5,1.2246469e-16,-1.0,0.0,1.0,0.0,0.0,0.0
2024-10-03 08:00:00,4.0,-1.3821889,0.9812107,0.57953155,-0.90930116,0.02196902,-1.1745502,-0.58190304,-2.6841092,1.0982901,1.3057808,1.8475996,0.4838982,-1.1302656,-1.0558262,-1.097464,-2.0723479,-1.078114,-1.2902837,0.017741349,-1.4032843,-1.142105,-0.96494335,0.43634093,1.3583483,-0.58778524,-0.809017,-0.8660254,0.5,0.8660254,0.5,1.0,0.0,0.0,0.0,0.0
2024-10-03 12:00:00,4.0,0.5258764,1.1707824,-0.30838135,-0.6536837,-0.70317703,-0.0929955,0.5536971,-0.046181746,0.48896152,0.8228377,1.4073172,-0.06817584,-0.8928187,-0.8441478,-1.179897,-1.0314237,-1.0573552,-1.1700866,1.401304,-1.0020903,-0.8677506,-0.8147787,-0.3932363,1.4089204,-0.58778524,-0.809017,-0.8660254,0.5,0.8660254,-0.5,0.0,1.0,0.0,0.0,0.0
2024-10-04 04:00:00,4.0,-0.67638856,-0.84398115,-1.0643649,1.3124703,0.082543515,2.594794,-0.58009446,-0.07982637,0.4342247,0.78998065,1.391121,-0.1454982,-1.1678988,-1.1190747,-1.2999967,-1.1009842,-1.283212,-0.11979042,1.0409627,-1.5418504,-1.215138,-1.1014947,0.4921258,2.9137545,-0.58778524,-0.809017,-0.8660254,0.5,1.2246469e-16,-1.0,0.0,1.0,0.0,0.0,0.0
2024-10-04 08:00:00,4.0,-0.862689,-0.45748284,-0.7362645,1.925822,-1.1513133,-0.9799205,-0.58009446,-0.863914,0.3324468,0.7187786,1.3533274,-0.27071288,-1.495282,-1.4559813,-1.509073,-0.8496883,-1.4418224,-0.78188133,0.43391138,-1.9423335,-1.607725,-1.4567598,-1.493588,2.4786527,-0.95105654,0.309017,-0.8660254,0.5,0.8660254,0.5,1.0,0.0,0.0,0.0,0.0
2024-10-04 12:00:00,4.0,0.12004226,0.44359645,0.38702598,0.82415986,-0.7367773,-0.030761965,0.74768096,-0.054433737,-0.20101224,0.24491814,0.9394778,-0.7688005,-1.4064822,-1.3828945,-1.5939523,-1.248434,-2.0381832,-0.79462886,0.31656352,-1.683591,-1.5468235,-1.4495412,-0.7775799,2.361255,-0.95105654,0.309017,-0.8660254,0.5,0.8660254,-0.5,0.0,1.0,0.0,0.0,0.0
2024-10-07 04:00:00,4.0,0.5250733,0.9019847,1.140718,-1.2826471,0.1543676,0.1816198,-0.575502,-0.040372588,-0.1975871,0.15640584,0.79478186,-0.69281214,-1.1259012,-1.1606421,-1.3940471,-0.20842886,-1.7238836,-1.0968643,1.3255632,-1.2401861,-1.2108041,-1.2411118,0.45390773,2.6553502,-0.95105654,0.309017,-0.8660254,0.5,1.2246469e-16,-1.0,0.0,1.0,0.0,0.0,0.0
2024-10-07 08:00:00,4.0,-0.61689514,-1.1156183,0.6109178,-1.1719425,-0.7549073,-0.9717607,-0.575502,-0.12378911,-0.57452446,-0.19628207,0.5078245,-1.0639391,-1.3727516,-1.4071372,-1.3768814,-0.82605046,-1.3659698,-1.3149743,0.36520803,-1.4387727,-1.4831057,-1.5183105,-0.99911994,2.2868948,0.0,1.0,-0.8660254,0.5,0.8660254,0.5,1.0,0.0,0.0,0.0,0.0
2024-10-07 12:00:00,3.0,0.17676243,0.70289797,0.7525246,-0.24925084,-1.1702743,-0.27207983,0.34033573,0.03497706,-1.1319082,-0.7639281,-0.0121013755,-1.5864651,-1.2320539,-1.3014137,-1.2745479,-0.3605975,-1.0708655,-1.1064513,0.41205272,-1.2057192,-1.3534551,-1.4733064,-1.6617135,2.2994616,0.0,1.0,-0.8660254,0.5,0.8660254,-0.5,0.0,1.0,0.0,0.0,0.0
2024-10-08 04:00:00,4.0,-0.10338692,-0.034490697,2.7591765,-0.38521686,-0.9266298,0.3894303,-0.5749161,-0.055160455,-1.4547255,-1.169975,-0.4224466,-1.8519505,-1.2602167,-1.335495,-1.147191,0.057986893,-0.58171576,-0.734238,0.57026374,-1.180079,-1.4115828,-1.5480666,-1.5071485,2.4857867,0.0,1.0,-0.8660254,0.5,1.2246469e-16,-1.0,0.0,1.0,0.0,0.0,0.0
2024-10-08 08:00:00,3.0,1.0348182,0.86285174,-0.20331627,0.089551054,0.9549898,-0.92771995,-0.5749161,0.5052117,-0.88149226,-0.86965466,-0.337128,-1.0432808,-0.5933153,-0.80498457,-0.6063441,0.54976594,-0.52318096,-0.8344198,0.7167592,-0.5263925,-0.63110715,-0.9857717,0.93228304,1.8715956,0.95105654,0.309017,-0.8660254,0.5,0.8660254,0.5,1.0,0.0,0.0,0.0,0.0
2024-10-08 12:00:00,3.0,0.52853376,1.0020074,-0.39979306,-0.12293846,-0.028841786,0.00535445,0.63349444,0.038580917,-0.8805091,-0.95073646,-0.5081536,-0.95458573,-0.26630926,-0.5318573,-0.09748643,0.5524897,0.25339517,-0.7588551,1.0316036,-0.15454103,-0.21989521,-0.7099106,-0.099061884,1.6137524,0.95105654,0.309017,-0.8660254,0.5,0.8660254,-0.5,0.0,1.0,0.0,0.0,0.0
2024-10-09 04:00:00,3.0,0.56156945,1.2351676,-0.10832542,-1.1661155,-0.31750572,0.4446707,-0.5693496,0.037792306,-1.0097653,-1.1274529,-0.75893253,-1.0205201,0.06382585,-0.24582641,0.428075,1.1746985,0.2666928,-0.72631204,1.5229263,0.2557289,0.23665155,-0.40162453,-0.3620258,1.7360574,0.95105654,0.309017,-0.8660254,0.5,1.2246469e-16,-1.0,0.0,1.0,0.0,0.0,0.0
2024-10-09 08:00:00,3.0,0.22940297,-0.7352602,-0.22335744,1.0114479,-0.9347928,-0.89913774,-0.5693496,0.69428116,-1.3019636,-1.4285926,-1.102848,-1.3015926,0.21818212,-0.11295552,0.8759235,1.1894842,0.6263798,-0.6154249,1.8053955,0.45966348,0.50891805,-0.2261387,-1.4475139,1.692536,0.58778524,-0.809017,-0.8660254,0.5,0.8660254,0.5,1.0,0.0,0.0,0.0,0.0
2024-10-09 12:00:00,3.0,0.07043794,0.28052273,0.033488914,1.3918,-0.2910153,-0.1351627,0.3771874,-0.0036834585,-1.2949777,-1.4923725,-1.2522688,-1.2185113,0.29512477,-0.04949028,1.1506425,1.2632798,0.9920756,-0.42575142,1.7157801,0.52670556,0.6235093,-0.16602747,-0.23285492,1.620728,0.58778524,-0.809017,-0.8660254,0.5,0.8660254,-0.5,0.0,1.0,0.0,0.0,0.0
2024-10-10 04:00:00,4.0,1.0598472,1.3574072,-1.0045505,-0.6471944,0.9480008,0.4336225,-0.5631038,-0.0034365342,-0.7762376,-1.1499811,-1.0992444,-0.4790397,0.8597451,0.49897793,1.468477,1.263394,1.3412403,-0.6659283,1.8594033,1.240793,1.3314897,0.39997298,1.0792695,1.9418077,0.58778524,-0.809017,-0.8660254,0.5,1.2246469e-16,-1.0,0.0,1.0,0.0,0.0,0.0
2024-10-10 08:00:00,3.0,-1.5332692,-1.5773327,-0.45016837,-1.302166,1.1856141,-0.88921195,-0.5631038,-0.028949432,-0.12818632,-0.58557826,-0.6036576,0.23082553,-0.1556333,-0.35763416,1.1462607,0.23441702,0.57773995,-1.0613022,-0.49603328,0.5065899,0.34573087,-0.494286,1.286833,1.306288,-0.58778524,-0.809017,-0.8660254,0.5,0.8660254,0.5,1.0,0.0,0.0,0.0,0.0
2024-10-10 12:00:00,3.0,0.3461645,0.9431695,-0.6072685,0.17003417,-0.80454946,0.017633643,0.4769262,0.044043317,-0.5878236,-0.91078025,-0.9144174,-0.28836393,0.06412539,-0.15601425,1.1324371,0.117233,0.95170856,-0.3781359,-0.104511455,0.74889433,0.65089005,-0.27351308,-1.1202791,0.79108727,-0.58778524,-0.809017,-0.8660254,0.5,0.8660254,-0.5,0.0,1.0,0.0,0.0,0.0
2024-10-11 04:00:00,3.0,0.096641935,0.13864365,-0.90502745,2.7762604,-0.06882305,1.1707667,-0.55777764,0.080143765,-0.6549146,-0.9590771,-0.9956532,-0.34534526,0.16091608,-0.07059884,1.0766919,0.045821767,0.92075837,-0.13974902,-0.07834277,0.7780805,0.7394938,-0.21448267,0.0033458285,0.5593621,-0.58778524,-0.809017,-0.8660254,0.5,1.2246469e-16,-1.0,0.0,1.0,0.0,0.0,0.0
2024-10-11 08:00:00,3.0,-0.2996122,-0.022582697,1.8304623,0.4253175,-0.8778897,-0.91500044,-0.55777764,-0.3188358,-0.9657485,-1.1973546,-1.215619,-0.7218506,0.00055041997,-0.20313652,0.96496105,-0.15494478,0.8576595,0.2482831,-0.63861686,0.5513091,0.5721307,-0.35126668,-1.1644946,-0.44480783,-0.95105654,0.309017,-0.8660254,0.5,0.8660254,0.5,1.0,0.0,0.0,0.0,0.0
2024-10-11 12:00:00,3.0,0.12687138,0.6297659,-0.60027814,0.9695901,-1.3219417,0.73219174,1.4677341,0.050047573,-1.3764346,-1.5487884,-1.5582466,-1.2260716,0.12235396,-0.09988836,0.92666566,-0.6943082,0.49635866,-0.03077199,-0.1699605,0.5966575,0.7529246,-0.22523902,-1.6754715,-0.4020208,-0.95105654,0.309017,-0.8660254,0.5,0.8660254,-0.5,0.0,1.0,0.0,0.0,0.0
2024-10-14 04:00:00,3.0,0.96541584,1.4377358,-0.5079012,-1.4118516,0.75151736,0.5408015,-0.55741006,0.049536865,-1.0717356,-1.3805494,-1.5119051,-0.72335136,0.7020246,0.41438413,1.0714319,0.67523605,0.66204166,0.82919806,0.08305953,1.0274467,1.3304237,0.33767673,0.53359586,-0.30214354,-0.95105654,0.309017,-0.8660254,0.5,1.2246469e-16,-1.0,0.0,1.0,0.0,0.0,0.0
2024-10-14 08:00:00,3.0,1.1685925,1.1989582,-0.66268104,-0.59838194,0.29595137,-0.9571867,-0.55741006,0.7184928,-0.70513564,-1.1334218,-1.3886079,-0.15658921,1.280765,0.98544645,1.4133807,1.1204861,0.90297586,1.0549723,0.63141084,1.3930026,1.9230918,0.9647536,0.32847634,-0.0539879,0.0,1.0,-0.8660254,0.5,0.8660254,0.5,1.0,0.0,0.0,0.0,0.0
2024-10-14 12:00:00,3.0,-0.31121504,-0.9110567,-0.94403535,1.2120343,-0.76382583,-0.17218585,0.27004322,0.05697339,-1.0185899,-1.3476663,-1.5632634,-0.58299494,1.0899682,0.8367093,1.5778798,0.89804316,0.7052694,1.2053126,-0.09926479,1.0673207,1.6806668,0.88676935,-1.1361554,-0.35430416,0.0,1.0,-0.8660254,0.5,0.8660254,-0.5,0.0,1.0,0.0,0.0,0.0
2024-10-15 04:00:00,3.0,0.7329148,1.2808406,-0.12215571,-1.3834641,0.415939,0.9574381,-0.5472061,0.05581475,-0.91163296,-1.2874292,-1.5606234,-0.37919727,1.4205337,1.1817169,1.7291272,1.429566,0.9791437,1.758541,0.9856572,1.2277184,1.9463745,1.2967961,0.4289728,-0.44257605,0.0,1.0,-0.8660254,0.5,1.2246469e-16,-1.0,0.0,1.0,0.0,0.0,0.0
2024-10-15 08:00:00,3.0,1.2164595,0.42010427,0.2940866,0.45814478,-0.50905335,-1.2166764,-0.5472061,1.4801677,-0.41752505,-0.9285985,-1.3302256,0.3568805,1.8402501,1.6703771,1.9144071,1.9474789,1.0265056,2.0744314,1.9399446,1.4759097,2.2667117,1.7611345,-0.7686457,-0.13408785,0.95105654,0.309017,-0.8660254,0.5,0.8660254,0.5,1.0,0.0,0.0,0.0,0.0
2024-10-15 12:00:00,4.0,-0.841184,-1.2129654,-0.30754304,-0.13545701,1.4013126,0.5765708,0.88375336,0.027454393,-0.17995462,-0.6819994,-1.0995158,0.59897166,1.1996967,1.1526783,1.6846539,1.0053506,1.2854191,1.5944577,1.1246048,0.96714324,1.4802186,1.1891931,1.1325625,-0.5331097,0.95105654,0.309017,-0.8660254,0.5,0.8660254,-0.5,0.0,1.0,0.0,0.0,0.0
2024-10-16 04:00:00,4.0,-1.2166588,-1.2342199,-1.1130239,0.6154331,2.5115273,2.8614953,-0.5480919,0.027097614,0.5720144,-0.023929724,-0.52471536,1.367821,0.36663944,0.44199282,1.0347263,-0.23092715,0.6451425,1.3756063,0.61281025,0.41730744,0.50371385,0.40791795,1.6003613,0.22606225,0.95105654,0.309017,-0.8660254,0.5,1.2246469e-16,-1.0,0.0,1.0,0.0,0.0,0.0
2024-10-16 08:00:00,4.0,0.84741676,0.68765044,1.0371528,-1.011791,-0.11421469,-1.0529069,-0.5480919,0.6912762,0.53435296,0.04018575,-0.47054005,1.2496421,0.7626316,0.8266223,0.85711193,0.37579608,0.9472296,1.5765027,1.5026616,0.730148,0.8115188,0.78481984,0.02192276,-0.16181475,0.58778524,-0.809017,-0.8660254,0.5,0.8660254,0.5,1.0,0.0,0.0,0.0,0.0
2024-10-16 12:00:00,4.0,-0.62579626,-1.1300858,0.73327214,-0.88598895,0.014943851,0.6490415,1.317194,-0.017414892,0.23737162,-0.077250004,-0.50381607,0.8011692,0.3909961,0.49797186,0.56621164,-0.33319652,0.80774224,1.3838812,1.106208,0.4259389,0.3909681,0.54162437,0.29862452,0.04916429,0.58778524,-0.809017,-0.8660254,0.5,0.8660254,-0.5,0.0,1.0,0.0,0.0,0.0
2024-10-17 04:00:00,4.0,-0.48931456,-1.1681976,-0.1378564,-0.16245402,-0.6085045,1.0690789,-0.5512238,0.017031271,-0.22487237,-0.36337402,-0.68457866,0.20199862,0.12096105,0.2568756,0.22053158,-1.2124176,0.55714095,0.8695938,0.7908407,0.16115627,0.08773956,0.3969124,-0.8226932,0.5563135,0.58778524,-0.809017,-0.8660254,0.5,1.2246469e-16,-1.0,0.0,1.0,0.0,0.0,0.0
2024-10-17 08:00:00,4.0,0.5528097,0.71002823,1.2229307,-1.2174686,-0.04326202,-1.0864754,-0.5512238,0.26083875,-0.28105888,-0.4144387,-0.7353192,0.15159333,0.43117076,0.53709346,0.085164696,-0.48662287,0.40112337,0.8753111,0.6631592,0.42787936,0.33383235,0.6836124,-0.030423412,0.7647545,-0.58778524,-0.809017,-0.8660254,0.5,0.8660254,0.5,1.0,0.0,0.0,0.0,0.0
2024-10-17 12:00:00,4.0,-0.7242162,-1.4952879,-1.056763,-0.177467,-0.2256344,-0.06930078,0.5776314,0.005943101,-0.47023422,-0.53802425,-0.7956415,-0.11385101,0.004757338,0.16735522,-0.20769714,-0.22201003,-0.34925714,0.4642286,-1.2502667,0.019533273,-0.096464425,0.3920675,-0.17970014,0.68372446,-0.58778524,-0.809017,-0.8660254,0.5,0.8660254,-0.5,0.0,1.0,0.0,0.0,0.0
2024-10-18 04:00:00,3.0,0.5127632,0.69240016,0.91561335,-0.7362683,0.6633738,0.6756749,-0.54530114,0.0053210505,-0.34753874,-0.47380245,-0.76275396,0.06682463,0.31565934,0.44626608,-0.2807337,-0.41623026,-0.024179773,0.5703654,-1.203539,0.29521143,0.14114882,0.5993937,0.7430737,0.64818907,-0.58778524,-0.809017,-0.8660254,0.5,1.2246469e-16,-1.0,0.0,1.0,0.0,0.0,0.0
2024-10-18 08:00:00,3.0,-0.11057719,0.7987165,-1.1896231,1.0722063,-0.4423663,-1.0968442,-0.54530114,-0.6758641,-0.52569747,-0.6086057,-0.8588115,-0.15649073,0.30105203,0.43752438,-0.3694583,-0.13760798,-0.35765666,0.52148145,-0.99006766,0.21177354,0.049778003,0.57382137,-0.3371322,0.6630257,-0.95105654,0.309017,-0.8660254,0.5,0.8660254,0.5,1.0,0.0,0.0,0.0,0.0
2024-10-18 12:00:00,3.0,-0.1827344,-0.38662618,-0.8379922,2.5055332,-0.6673267,1.1765178,2.577041,-0.02616506,-0.7951768,-0.82657546,-1.0237623,-0.49108735,0.22414112,0.38090044,-0.49177948,0.037165277,-0.9176412,0.07656733,-1.2847197,0.09402931,-0.04606229,0.53914255,-0.72885346,0.39695835,-0.95105654,0.309017,-0.8660254,0.5,0.8660254,-0.5,0.0,1.0,0.0,0.0,0.0
2024-10-21 04:00:00,3.0,0.8348479,1.1271863,-0.64134103,-0.42051503,0.92956066,0.22504798,-0.6221423,0.046055607,-0.6040211,-0.73986596,-0.996861,-0.18033738,0.74343747,0.82876956,-0.32931286,0.18122794,-0.25044647,0.91221225,-0.10045708,0.618722,0.37781373,0.9410544,0.81447,1.1206918,-0.95105654,0.309017,-0.8660254,0.5,1.2246469e-16,-1.0,0.0,1.0,0.0,0.0,0.0
2024-10-21 08:00:00,4.0,0.34085506,0.4535463,-0.5330506,1.2475215,0.73332316,-1.1593823,-0.6221423,0.025696006,-0.47626343,-0.66521007,-0.9549165,0.0088249,0.9724837,1.0420103,-0.14721955,0.7653859,0.3816151,0.90880704,-0.64984566,0.82027954,0.49409556,1.0849392,0.66750264,1.0746621,0.0,1.0,-0.8660254,0.5,0.8660254,0.5,1.0,0.0,0.0,0.0,0.0
2024-10-21 12:00:00,4.0,-1.2447933,-1.5308354,-1.0318202,-0.3713062,1.6068546,0.33244944,1.3616923,0.025696006,-0.041174088,-0.31065956,-0.6402749,0.4846985,-0.012273492,0.24158382,-0.36531642,-0.20247579,-0.47253692,0.4402088,-1.5800214,-0.12649137,-0.3178551,0.36013252,1.2990638,0.7888508,0.0,1.0,-0.8660254,0.5,0.8660254,-0.5,0.0,1.0,0.0,0.0,0.0
2024-10-22 04:00:00,4.0,-0.22790891,-0.47002253,2.2279766,-0.70121765,-0.18515587,1.0654951,-0.6241698,0.025696006,-0.23628224,-0.4211662,-0.70743906,0.2166204,-0.13548784,0.14334188,-0.5731038,-0.26693377,-0.30669612,0.4674097,-1.5107054,-0.38422975,-0.4894483,0.26730716,0.08014552,0.7503122,0.0,1.0,-0.8660254,0.5,1.2246469e-16,-1.0,0.0,1.0,0.0,0.0,0.0
2024-10-22 08:00:00,4.0,3.0,0.19214804,0.256966,1.1472443,1.8079616,-1.1629164,-0.6241698,3.0,3.0,2.4662502,1.406608,3.0,2.235251,2.564807,0.49359208,2.7694552,2.201975,2.3510182,2.1999285,2.96228,1.5571283,1.7166431,1.4291769,-1.6435926,0.95105654,0.309017,-0.8660254,0.5,0.8660254,0.5,1.0,0.0,0.0,0.0,0.0
2024-10-22 12:00:00,4.0,-1.1984028,-1.1745677,-0.9734487,0.62983555,2.8659577,1.9078813,3.0,-0.06450567,3.0,2.829832,2.017553,3.0,1.3147646,1.6624895,0.7004355,1.5351565,1.3496921,1.479398,1.5739106,1.6127405,0.82671547,1.081932,1.578116,-1.2082132,0.95105654,0.309017,-0.8660254,0.5,0.8660254,-0.5,0.0,1.0,0.0,0.0,0.0
2024-10-23 04:00:00,4.0,-1.7003154,-1.7888525,-0.9441035,-1.1490076,1.8214283,1.6876303,-0.60576516,-0.04043366,3.0,2.9650345,2.4698315,2.509234,0.20146424,0.5159848,0.4396299,0.25888595,0.7570817,0.34159118,0.07985303,0.37919196,0.018192029,0.3415304,1.4541582,-0.88546354,0.95105654,0.309017,-0.8660254,0.5,1.2246469e-16,-1.0,0.0,1.0,0.0,0.0,0.0
2024-10-23 08:00:00,4.0,-0.37333614,-0.26420784,0.12154919,1.8179464,-1.2252109,-1.1604091,-0.60576516,-0.42298135,1.8739126,2.1733482,1.97311,1.4205204,0.030193472,0.34012794,0.20577765,0.7009892,0.38991606,0.30404106,2.441239,0.13426274,-0.12219376,0.3128333,-1.4795735,-0.7582653,0.58778524,-0.809017,-0.8660254,0.5,0.8660254,0.5,1.0,0.0,0.0,0.0,0.0
2024-10-23 12:00:00,4.0,1.1318508,1.5801716,-0.99373984,-1.1723372,0.479889,0.079970375,1.337357,-0.1821949,1.5306712,1.9060694,1.7978393,1.0886267,0.5608902,0.88182676,0.22444524,1.5410724,0.9812288,0.5048015,2.4092164,0.7797015,0.37908977,0.8006408,1.146476,-1.1274202,0.58778524,-0.809017,-0.8660254,0.5,0.8660254,-0.5,0.0,1.0,0.0,0.0,0.0
2024-10-24 04:00:00,4.0,0.2490907,0.4821183,1.3272716,-0.47158545,-0.04113659,1.0706795,-0.6097948,-0.15204608,1.1348486,1.6073341,1.6133568,0.6728512,0.69502574,1.0140046,0.2659499,-1.3749504,1.1800342,0.18457681,2.3734555,0.8418463,0.52309954,0.96401787,0.78789103,-1.5327613,0.58778524,-0.809017,-0.8660254,0.5,1.2246469e-16,-1.0,0.0,1.0,0.0,0.0,0.0
2024-10-24 08:00:00,4.0,0.02456795,0.25322706,2.0386453,-0.67539203,-1.252788,-1.1731417,-0.6097948,-0.08444742,0.39233,1.030885,1.1803428,-0.09814552,0.7357566,1.0474594,0.2939114,-0.5396211,0.844146,0.4847507,1.4887555,0.75046015,0.60588855,1.1452323,-1.5110763,-1.2567053,-0.58778524,-0.809017,-0.8660254,0.5,0.8660254,0.5,1.0,0.0,0.0,0.0,0.0
2024-10-24 12:00:00,4.0,0.0016527558,0.0106561715,-0.72297794,2.5074344,-0.028300954,-0.21672486,0.8199625,-0.08556831,0.25453815,0.8617573,1.065056,-0.23215489,0.7687791,1.071445,0.26034185,0.6622818,0.7084687,0.90495557,1.4424487,0.6605578,0.5776125,1.1696675,0.62044114,-1.3077049,-0.58778524,-0.809017,-0.8660254,0.5,0.8660254,-0.5,0.0,1.0,0.0,0.0,0.0
2024-10-25 04:00:00,4.0,-0.18425491,-0.30864748,2.3545043,-0.45334363,-0.6827722,0.2769121,-0.6100863,-0.11735331,-0.0847096,0.54397714,0.82604694,-0.58432394,0.69516367,0.9964337,0.16879822,0.78867614,1.1329851,0.53689855,1.5990337,0.49623266,0.50376683,1.1656126,-0.47200614,-1.2553885,-0.58778524,-0.809017,-0.8660254,0.5,1.2246469e-16,-1.0,0.0,1.0,0.0,0.0,0.0
2024-10-25 08:00:00,4.0,0.5549122,1.1052032,0.28545964,-1.2352355,-0.82358384,-1.1682775,-0.6100863,0.18732074,-0.2554526,0.31077066,0.6114052,-0.71077824,0.99764174,1.2641475,0.2176317,0.40806678,1.4946247,0.96123415,2.5815108,0.6856576,0.81002074,1.469276,-0.7737203,-1.2767153,-0.95105654,0.309017,-0.8660254,0.5,0.8660254,0.5,1.0,0.0,0.0,0.0,0.0
2024-10-25 12:00:00,4.0,-0.016698718,0.047349714,1.6645745,-0.01619969,-0.66736794,0.69000727,2.2047968,-0.093772866,-0.48626328,0.044694502,0.385281,-0.9253953,1.019424,1.2706351,0.21988167,0.2375861,-0.87092763,1.1132488,1.8036461,0.5929642,0.78767914,1.5236396,-0.4811133,-1.2111015,-0.95105654,0.309017,-0.8660254,0.5,0.8660254,-0.5,0.0,1.0,0.0,0.0,0.0
2024-10-28 08:00:00,4.0,-0.03582679,0.071445264,0.78562224,0.7656776,-0.7423454,0.4869107,-0.6137496,-0.12476912,-0.6919061,-0.21757124,0.14810538,-1.1050061,1.0335945,1.2696077,0.17721352,0.19984397,-0.2616161,0.9038937,1.6000216,0.4993147,0.76505595,1.5559387,-0.65782595,-1.2490615,-0.95105654,0.309017,-0.8660254,0.5,1.2246469e-16,-1.0,0.0,1.0,0.0,0.0,0.0
2024-10-28 12:00:00,4.0,0.28370908,0.665452,0.8295126,-0.6694011,0.27276984,-0.15180714,-0.6137496,-0.28085986,-0.46493936,-0.15555608,0.15339418,-0.7562386,1.2020822,1.4038354,0.17211404,0.37445432,0.7899386,1.2337683,1.5057403,0.56846124,0.8195106,1.5820818,1.0615938,-1.093039,0.0,1.0,-0.8660254,0.5,0.8660254,-0.5,0.0,1.0,0.0,0.0,0.0
2024-10-28 16:00:00,3.0,0.051209863,0.5973652,1.1258466,-0.7647926,-0.9249246,0.109400764,-0.5884384,-0.21699141,-0.75275695,-0.45643586,-0.12923202,-1.0494722,1.2522055,1.4330631,0.17423315,0.5217795,0.99497527,1.0796504,1.5840471,0.52437115,0.8489797,1.6769857,-1.1092038,-1.1363479,0.0,1.0,-0.8660254,0.5,1.2246469e-16,-1.0,0.0,1.0,0.0,0.0,0.0
2024-10-29 08:00:00,3.0,-0.09308882,0.035972524,-0.60192746,1.9936106,-1.6139622,-1.0739763,-0.5884384,-0.094324,-1.282609,-0.9647386,-0.59842867,-1.6704011,1.2326689,1.4009528,0.1336257,0.11753708,0.39846125,1.0767659,1.7655987,0.4282473,0.8612574,1.8342426,-1.7484846,-1.0843004,0.0,1.0,-0.8660254,0.5,-0.8660254,-0.5,0.0,0.0,1.0,0.0,0.0
2024-10-29 12:00:00,3.0,0.25071013,-0.09736216,1.9233005,-0.015024158,-0.14997864,-0.4261897,-0.5884384,0.32583496,-1.0429758,-0.90823174,-0.6322647,-1.2530378,1.3837664,1.5149997,0.11136533,0.2813094,0.3942986,1.2104512,1.0308506,0.5185085,0.897324,1.8175354,0.3566093,-1.06666,0.95105654,0.309017,-0.8660254,0.5,0.8660254,-0.5,0.0,1.0,0.0,0.0,0.0
2024-10-29 16:00:00,3.0,0.2837671,1.033677,-0.77313733,-0.10834614,-0.58781946,0.38533723,-0.56708646,-0.1713768,-1.0870857,-1.0350393,-0.81400084,-1.2357484,1.5312898,1.6280787,0.17175367,0.47625503,0.51232207,1.0356929,1.3602576,0.60028696,1.048075,1.9406102,-0.5704739,-1.2240669,0.95105654,0.309017,-0.8660254,0.5,1.2246469e-16,-1.0,0.0,1.0,0.0,0.0,0.0
2024-10-30 08:00:00,3.0,-0.13501598,0.03440351,2.0374682,-0.61071813,-1.4614305,-1.0345227,-0.56708646,-0.10874161,-1.4866892,-1.4273864,-1.2116284,-1.7438985,1.4826063,1.5707976,0.16042964,0.21991947,0.4512593,0.88725686,2.0058424,0.47919092,1.0516114,2.0685332,-1.6805416,-1.2408637,0.95105654,0.309017,-0.8660254,0.5,-0.8660254,-0.5,0.0,0.0,1.0,0.0,0.0
2024-10-30 12:00:00,3.0,-1.1097707,-1.7882371,-0.42300618,-1.1291952,0.029996375,-0.3771799,-0.56708646,-0.358388,-1.1755257,-1.2596971,-1.1117082,-1.2452316,0.41922137,0.83585453,-0.3658675,-0.4845247,0.034854263,0.90764236,1.6761718,-0.0880582,0.0023807173,1.2621644,0.39496258,-1.0637503,0.58778524,-0.809017,-0.8660254,0.5,0.8660254,-0.5,0.0,1.0,0.0,0.0,0.0
2024-10-30 16:00:00,3.0,-1.0144035,-1.4069593,-0.81429404,0.16131909,0.7723901,0.230535,-0.5498213,-0.14161235,-0.65702635,-0.8924481,-0.8302765,-0.5016446,-0.3883339,0.23445949,-1.0313294,-1.0469103,-0.69107294,0.6467548,1.7865927,-0.76283556,-0.893121,0.50075835,1.3346419,-1.1903462,0.58778524,-0.809017,-0.8660254,0.5,1.2246469e-16,-1.0,0.0,1.0,0.0,0.0,0.0
2024-10-31 08:00:00,3.0,-0.2127125,-0.21858796,1.6126676,0.38235843,-1.2684255,-1.0742321,-0.5498213,-0.20260714,-1.1264118,-1.2677914,-1.1973464,-1.1302925,-0.46954474,0.16687624,-1.6246725,-1.3560256,-0.78003126,-1.3062128,1.255268,-0.79004455,-0.92334825,0.5336466,-1.5590327,-0.44482487,0.58778524,-0.809017,-0.8660254,0.5,-0.8660254,-0.5,0.0,0.0,1.0,0.0,0.0
2024-10-31 12:00:00,4.0,-1.4260701,0.4287589,-0.22178979,0.7374982,0.70880145,-0.4142394,-0.5498213,-2.336246,-0.031381335,-0.43183166,-0.48838037,0.32735938,-1.5147965,-0.68935573,-2.0245469,-2.4381237,-1.4142514,-1.3362225,1.239553,-1.7389363,-1.7599813,-0.4892993,0.9877412,-0.40280584,-0.58778524,-0.809017,-0.8660254,0.5,0.8660254,-0.5,0.0,1.0,0.0,0.0,0.0
2024-10-31 16:00:00,4.0,-1.9103743,-1.7625546,-0.8137346,-0.8693146,2.5656662,1.2429103,-0.5279841,-0.18247677,0.8142548,0.33063516,0.23455022,1.1499891,-2.5016005,-1.7239624,-2.5106287,-3.0,-2.3731437,-1.3276142,0.060854584,-2.7680254,-2.5784354,-1.4117575,1.6146476,0.85010993,-0.58778524,-0.809017,-0.8660254,0.5,1.2246469e-16,-1.0,0.0,1.0,0.0,0.0,0.0
2024-11-01 08:00:00,4.0,0.106412,1.3075002,-1.2087215,-0.2609526,-1.0689092,-1.0347066,-0.5279841,-0.15055887,0.045234293,-0.16922282,-0.18810064,0.24862182,-2.2753856,-1.6162819,-2.949867,-2.4774513,-2.299889,-1.1305629,0.4273461,-2.4861622,-2.5148036,-1.3791673,-1.4382545,0.78749573,-0.58778524,-0.809017,-0.8660254,0.5,-0.8660254,-0.5,0.0,0.0,1.0,0.0,0.0
2024-11-01 12:00:00,3.0,0.7976321,-0.0017653669,-0.44637817,1.9416648,0.52099407,-0.09251672,-0.5279841,0.9728109,0.041225914,-0.15780206,-0.21831892,0.2591516,-1.6050869,-1.1632239,-2.6706638,-1.4547169,-1.9007982,-1.2851505,1.2135193,-1.8630699,-1.9013207,-1.0195327,0.7374513,0.78212136,-0.95105654,0.309017,-0.5,0.8660254,0.8660254,-0.5,0.0,1.0,0.0,0.0,0.0
2024-11-01 16:00:00,3.0,0.07511144,0.8333894,0.3495456,-0.75331944,-0.43261102,1.4239824,-0.50467086,-0.31122425,-0.309919,-0.41352558,-0.45678946,-0.16313934,-1.4835862,-1.0981408,-2.4744873,-1.3000114,-2.0198238,-1.3577379,1.1910676,-1.6988066,-1.8002174,-0.9778683,-0.91159034,1.1198213,-0.95105654,0.309017,-0.5,0.8660254,1.2246469e-16,-1.0,0.0,1.0,0.0,0.0,0.0
2024-11-04 08:00:00,3.0,-0.27125955,-1.5745363,0.02909155,-1.2599115,-1.0679144,-1.3770853,-0.50467086,-0.083474636,-0.81065977,-0.82039154,-0.8355563,-0.7980672,-1.5851463,-1.2240788,-2.3920236,-0.67381525,-2.2609606,-1.4795877,0.8152376,-1.7100354,-1.9373952,-1.117222,-1.4162413,1.3389989,-0.95105654,0.309017,-0.5,0.8660254,-0.8660254,-0.5,0.0,0.0,1.0,0.0,0.0
2024-11-04 12:00:00,3.0,-0.95888686,-1.7013808,-0.46558055,-1.1103138,-0.108071834,-0.8012551,-0.50467086,-0.4713805,-0.7363372,-0.7943556,-0.819305,-0.68433565,-2.1065745,-1.7908014,-2.312609,-0.14225027,-2.5501447,-1.851707,0.635054,-2.040457,-2.3933415,-1.7085694,-0.40223625,1.6480737,0.0,1.0,-0.5,0.8660254,0.8660254,-0.5,0.0,1.0,0.0,0.0,0.0
2024-11-04 16:00:00,3.0,-0.40124428,-0.6818822,-0.93829525,1.63772,0.23807862,0.07671062,-0.4859856,-0.1762731,-0.64309496,-0.7509249,-0.80412936,-0.5331946,-2.2318025,-1.9843807,-2.194782,-0.42822656,-2.1898584,-1.9197017,0.36235258,-2.0064032,-2.4076703,-1.9461259,0.32140508,1.6237843,0.0,1.0,-0.5,0.8660254,1.2246469e-16,-1.0,0.0,1.0,0.0,0.0,0.0
2024-11-05 08:00:00,3.0,-0.08985744,-0.14604932,0.58856285,1.4042495,-1.1367952,-1.4142433,-0.4859856,-0.111513674,-1.1074276,-1.1465875,-1.1931542,-1.1593791,-2.1693733,-1.9853452,-2.209064,-0.9195938,-1.7677398,-2.1157417,0.36769786,-1.8319763,-2.3837934,-2.0589976,-1.4690683,1.6592646,0.0,1.0,-0.5,0.8660254,-0.8660254,-0.5,0.0,0.0,1.0,0.0,0.0
2024-11-05 12:00:00,3.0,0.09324151,0.306783,1.2970058,-0.2615678,-0.10719195,-0.30977523,-0.4859856,-0.103942275,-1.0642439,-1.1763625,-1.2755705,-1.0391321,-1.9243731,-1.8316342,-1.9164218,-0.90445185,-1.6134194,-2.0315921,-0.06558936,-1.5944016,-2.0628028,-1.9620445,-0.5774061,1.5979213,0.95105654,0.309017,-0.5,0.8660254,0.8660254,-0.5,0.0,1.0,0.0,0.0,0.0
2024-11-05 16:00:00,3.0,0.5725692,1.3797292,-0.55180883,-0.9965663,0.15395209,-0.061836425,-0.4640643,-0.16878943,-0.93997306,-1.1352338,-1.3049986,-0.7866518,-1.3070363,-1.3726805,-1.4215873,-0.43800774,-0.8105358,-1.7848042,-0.030572804,-1.1926969,-1.4377958,-1.5313524,0.07094249,1.804016,0.95105654,0.309017,-0.5,0.8660254,1.2246469e-16,-1.0,0.0,1.0,0.0,0.0,0.0
2024-11-06 08:00:00,3.0,-0.04409065,-0.12315673,0.8574476,1.0810212,-0.96520865,-1.0771835,-0.4640643,-0.07083296,-1.2754091,-1.426561,-1.5993884,-1.2797416,-1.2328207,-1.3193691,-1.1477077,0.071017504,-0.051311944,-1.8655573,-0.3144338,-1.0803561,-1.3388772,-1.5194365,-1.3532081,1.6801157,0.95105654,0.309017,-0.5,0.8660254,-0.8660254,-0.5,0.0,0.0,1.0,0.0,0.0
2024-11-06 12:00:00,4.0,0.4552257,-0.59200245,1.4814833,-0.539961,1.3948687,1.0784667,-0.4640643,1.1212885,-0.4154046,-0.809723,-1.111022,0.102721415,-0.7623686,-0.94868696,-0.5399721,0.55493486,0.0893817,-1.6960143,-0.19790235,-0.75049174,-0.7497861,-1.1796305,1.4256132,1.6689548,0.58778524,-0.809017,-0.5,0.8660254,0.8660254,-0.5,0.0,1.0,0.0,0.0,0.0
2024-11-06 16:00:00,3.0,-1.3706987,-1.2633318,-0.17379472,-0.5589989,1.7291046,2.313537,-0.44548288,-0.2718022,0.3499531,-0.15743542,-0.5011906,1.0197284,-1.636147,-1.7881535,-0.48120052,-0.17998818,-0.7977459,-2.0659795,-0.90918076,-1.2615963,-1.2761503,-1.8502901,1.4285402,-0.15927428,0.58778524,-0.809017,-0.5,0.8660254,1.2246469e-16,-1.0,0.0,1.0,0.0,0.0,0.0
2024-11-07 08:00:00,4.0,-0.5005492,-1.8225899,-0.99452347,-1.2027651,-0.60839456,-0.5934073,-0.44548288,-0.14268526,-0.13829581,-0.4443526,-0.72112346,0.3341998,-1.815541,-1.9671932,-0.59732306,-0.52849627,-1.0371727,-2.2272928,-1.6146626,-1.357763,-1.4091568,-2.0308082,-1.1380998,-0.14972645,0.58778524,-0.809017,-0.5,0.8660254,-0.8660254,-0.5,0.0,0.0,1.0,0.0,0.0
2024-11-07 12:00:00,4.0,2.1099238,1.532596,-0.616254,-1.1974537,1.0935892,1.8411845,-0.44548288,1.0101044,0.80758667,0.30177084,-0.13277616,1.4724319,-0.3153373,-0.6491375,-0.036355603,0.39963025,-0.041599546,-1.6093389,0.099093184,-0.07708994,-0.09716962,-0.90529394,1.3545835,0.1966231,-0.58778524,-0.809017,-0.5,0.8660254,0.8660254,-0.5,0.0,1.0,0.0,0.0,0.0
2024-11-07 16:00:00,4.0,1.0866508,1.2734764,-0.77488095,-0.48537937,1.0797603,0.8959876,-0.42578468,-0.16212957,0.9682747,0.534579,0.08311839,1.534224,0.27768907,-0.03334447,0.483429,1.0692794,0.81372344,-1.2016634,0.50102925,0.86752295,0.47768694,-0.44366643,1.306852,0.41409603,-0.58778524,-0.809017,-0.5,0.8660254,1.2246469e-16,-1.0,0.0,1.0,0.0,0.0,0.0
2024-11-08 08:00:00,4.0,-0.44435766,-1.6844006,-0.9656474,-0.93280315,-0.79792273,-0.9491487,-0.42578468,-0.13061923,0.2724113,0.109902695,-0.22153887,0.6557782,0.04423687,-0.26359904,0.7821329,0.5418669,0.79014736,-0.9971758,0.23212531,0.75974363,0.41746262,-0.5654847,-1.1345003,0.40819624,-0.58778524,-0.809017,-0.5,0.8660254,-0.8660254,-0.5,0.0,0.0,1.0,0.0,0.0
2024-11-08 12:00:00,4.0,0.39887825,-0.9895588,-0.5502938,0.29958883,0.99086964,0.95151496,-0.42578468,1.6582556,0.5682944,0.3789351,0.031880263,0.93886113,0.28917614,-0.0074829087,0.96699136,1.5429516,0.9938418,-0.5614088,0.58818924,1.0700583,0.59982014,-0.41972762,1.2168429,0.45630082,-0.95105654,0.309017,-0.5,0.8660254,0.8660254,-0.5,0.0,1.0,0.0,0.0,0.0
2024-11-08 16:00:00,3.0,0.10461792,0.65799993,1.1817398,-0.76822853,-0.7217264,0.3904612,-0.39856565,-0.1647288,0.022064539,0.002597053,-0.26447093,0.27791888,0.3896729,0.097585745,1.1792276,1.8401124,0.9932928,-0.46356016,0.5925354,1.1025755,0.77276164,-0.29959157,-1.1357424,0.4539817,-0.95105654,0.309017,-0.5,0.8660254,1.2246469e-16,-1.0,0.0,1.0,0.0,0.0,0.0
2024-11-11 08:00:00,3.0,-0.3483274,-1.5242013,-0.51853853,-1.1478404,-0.96175796,-0.78831863,-0.39856565,-0.19544978,-0.53177613,-0.43011764,-0.61692107,-0.41482428,0.20079887,-0.079787284,1.2668753,0.45414773,0.6150724,-0.14840502,-0.04907779,0.78503054,0.7197556,-0.37335443,-1.2522148,0.22524245,-0.95105654,0.309017,-0.5,0.8660254,-0.8660254,-0.5,0.0,0.0,1.0,0.0,0.0
2024-11-11 12:00:00,3.0,0.62826157,-0.07193177,1.2244442,0.60330445,-0.026476605,-0.38046232,-0.39856565,0.8386615,-0.30742547,-0.31271452,-0.543111,-0.0829438,0.5752232,0.30251527,1.3178638,0.19195434,0.8934128,0.6403087,-0.27473417,1.006508,0.9814494,-0.076640144,0.049468648,-1.2511436,0.0,1.0,-0.5,0.8660254,0.8660254,-0.5,0.0,1.0,0.0,0.0,0.0
2024-11-11 16:00:00,3.0,-0.40816796,-0.64256483,0.39266753,0.04336136,0.17658399,0.46968594,-0.3819236,-0.14133926,-0.284157,-0.3064178,-0.52355117,-0.05689163,0.3257295,0.074702844,1.2407734,0.21559827,0.53986555,0.4795872,-0.35106725,0.6762228,0.7236223,-0.28093392,0.37264183,-1.2180604,0.0,1.0,-0.5,0.8660254,1.2246469e-16,-1.0,0.0,1.0,0.0,0.0,0.0
2024-11-12 08:00:00,3.0,-0.3257352,-1.4781821,-0.57113737,-1.1585648,-0.9575732,-1.4025848,-0.3819236,-0.20154285,-0.7617327,-0.7023734,-0.86190253,-0.665607,0.1394198,-0.09501531,1.1775796,-0.20221308,0.9626953,0.13226582,-0.87974566,0.44612437,0.64132863,-0.35934108,-1.1418318,-0.78696924,0.0,1.0,-0.5,0.8660254,-0.8660254,-0.5,0.0,0.0,1.0,0.0,0.0
2024-11-12 12:00:00,3.0,-0.19246072,1.0480803,0.17987339,-0.49706128,0.097750574,-0.14462732,1.0072006,-1.0225306,-0.65997565,-0.6771799,-0.8560317,-0.49397847,0.05193795,-0.17400658,0.978279,-0.38477558,1.0816947,0.048733518,-1.545386,0.3150556,0.52911067,-0.46881142,0.27103987,-0.7521726,0.95105654,0.309017,-0.5,0.8660254,0.8660254,-0.5,0.0,1.0,0.0,0.0,0.0
2024-11-12 16:00:00,3.0,-0.11157524,-0.036713187,2.3717554,-0.5929707,0.060131367,1.2522583,-0.3782011,-0.16473654,-0.5815382,-0.65427655,-0.85141546,-0.36164507,0.029176218,-0.19250518,0.7904166,-0.24358411,0.16699407,0.10049147,-1.1863059,0.23279507,0.45073155,-0.5192897,0.3109164,-0.7985686,0.95105654,0.309017,-0.5,0.8660254,1.2246469e-16,-1.0,0.0,1.0,0.0,0.0,0.0
2024-11-13 08:00:00,3.0,-0.014849853,0.37755218,-0.7336739,1.8234816,-0.89968765,-0.999092,-0.3782011,-0.1641921,-0.90881556,-0.9455292,-1.1203243,-0.7917741,0.0830663,-0.14506336,0.6771272,-0.6282941,-0.2968632,0.41087666,-0.61038136,0.20035693,0.46702015,-0.45038134,-1.0741142,-1.1827161,0.95105654,0.309017,-0.5,0.8660254,-0.8660254,-0.5,0.0,0.0,1.0,0.0,0.0
2024-11-13 12:00:00,4.0,-1.4579554,-0.5660225,-0.20725602,0.6798497,0.63486665,0.813804,-0.3782011,-1.4264622,-0.028863838,-0.26545048,-0.5056601,0.3637158,-1.0776861,-1.1666303,0.141349,-1.2307245,-0.71130884,0.059586484,-1.7308395,-0.61441505,-0.53157794,-1.2862337,0.9549528,-0.9789307,0.58778524,-0.809017,-0.5,0.8660254,0.8660254,-0.5,0.0,1.0,0.0,0.0,0.0
2024-11-13 16:00:00,3.0,-0.145392,-0.15692994,-0.41173485,1.7781081,0.27428982,1.2515944,-0.3501557,-0.09936493,0.0065854467,-0.20426749,-0.44246852,0.3803696,-1.1089755,-1.1922554,-0.1763288,-1.1112347,-0.93754566,0.041176114,-1.4817724,-0.7182049,-0.61804783,-1.3174013,0.62654996,-0.97055656,0.58778524,-0.809017,-0.5,0.8660254,1.2246469e-16,-1.0,0.0,1.0,0.0,0.0,0.0
2024-11-14 08:00:00,4.0,0.51511586,1.6323237,-0.74024487,-1.1313242,-0.61642605,-1.0161319,-0.3501557,-0.06920781,-0.2944074,-0.42681104,-0.6466577,0.0073399916,-0.6202808,-0.796946,-0.25170133,-0.70708025,-0.76811206,0.18681513,-0.9919907,-0.41953525,-0.33277828,-0.97793293,-0.7354101,-1.0131867,0.58778524,-0.809017,-0.5,0.8660254,-0.8660254,-0.5,0.0,0.0,1.0,0.0,0.0
2024-11-14 12:00:00,4.0,0.1711368,1.5108156,-0.6663163,-0.97560674,1.4067743,1.2187603,-0.3501557,-1.754712,0.30562067,0.050581224,-0.23963672,0.730472,-0.42444107,-0.631331,-0.17024991,-0.5424009,-0.55153453,0.052421942,-1.1483722,-0.30964074,-0.24276283,-0.8521065,1.3311571,-1.235427,-0.58778524,-0.809017,-0.5,0.8660254,0.8660254,-0.5,0.0,1.0,0.0,0.0,0.0
2024-11-14 16:00:00,3.0,-0.025993241,0.17858951,1.0853995,0.32098532,-0.42725432,0.7135042,-0.32840556,-0.15380472,0.029058598,-0.116470106,-0.36232752,0.36189035,-0.37924927,-0.59010893,-0.14531654,-0.54756784,-0.81950533,0.058530517,-0.8574892,-0.33008265,-0.2588053,-0.8197774,-0.16787393,-1.1765628,-0.58778524,-0.809017,-0.5,0.8660254,1.2246469e-16,-1.0,0.0,1.0,0.0,0.0,0.0
2024-11-15 08:00:00,4.0,0.18801188,1.298277,-0.93894285,-0.31802517,-1.0630952,-1.0235598,-0.32840556,-0.094701655,-0.48188093,-0.50923103,-0.69913965,-0.28288862,-0.16058719,-0.4121606,-0.08067079,0.40620935,-0.572561,-0.031682424,-1.0070313,-0.18684834,-0.13407126,-0.6722192,-1.0530401,-1.1624974,-0.58778524,-0.809017,-0.5,0.8660254,-0.8660254,-0.5,0.0,0.0,1.0,0.0,0.0
2024-11-15 12:00:00,4.0,-1.0939089,-0.55689836,-0.090703174,0.71268153,-0.045258928,0.11463697,-0.32840556,-1.0828186,-0.07784677,-0.19192113,-0.39614913,0.20825297,-1.0351329,-1.1592786,-0.24651916,-0.14503242,-0.8788559,0.06259337,-1.5092089,-1.0993427,-0.7884771,-1.1711191,0.065818734,1.4556166,-0.95105654,0.309017,-0.5,0.8660254,0.8660254,-0.5,0.0,1.0,0.0,0.0,0.0
2024-11-15 16:00:00,3.0,-0.6482659,-1.0361526,-0.64913076,0.13218297,0.7051868,1.9026935,-0.29679933,0.08688466,0.13556571,0.0024509248,-0.1997427,0.42444718,-1.4153824,-1.514732,-0.46065605,-0.8164201,-1.0596886,0.008363645,-1.7551346,-1.9776555,-1.1188291,-1.3862147,0.8493763,1.7722361,-0.95105654,0.309017,-0.5,0.8660254,1.2246469e-16,-1.0,0.0,1.0,0.0,0.0,0.0
2024-11-18 08:00:00,3.0,0.26981223,0.9902024,-1.2621838,0.80306304,-0.68240654,-1.0602355,-0.29679933,-0.09013026,-0.2621051,-0.29565397,-0.455314,-0.061179653,-1.1043184,-1.2628163,-0.55183554,-0.75550103,-0.900007,-0.64203876,-1.9424602,-1.5338818,-0.9581418,-1.2189995,-0.7420438,1.2477853,-0.95105654,0.309017,-0.5,0.8660254,-0.8660254,-0.5,0.0,0.0,1.0,0.0,0.0
2024-11-18 12:00:00,3.0,0.20110913,1.1689678,0.064344265,-0.92728573,0.16199449,-0.7745832,-0.29679933,-0.5555635,-0.29515025,-0.33927044,-0.50317717,-0.08613542,-0.867469,-1.0693485,-0.48824832,-0.6259297,-0.8101411,-0.9565708,-1.9522439,-1.1564598,-0.7629199,-1.0652483,0.2033569,0.48439527,0.0,1.0,-0.5,0.8660254,0.8660254,-0.5,0.0,1.0,0.0,0.0,0.0
2024-11-18 16:00:00,3.0,0.22686103,0.354755,-0.3280148,1.2720481,-0.015581448,-0.116167165,-0.26707378,0.034156293,-0.3642441,-0.41282913,-0.57883507,-0.15527572,-0.6068827,-0.8604954,-0.35297278,-0.60228276,-0.14001234,-0.7181346,-1.3319345,-0.82143533,-0.57377464,-0.90190977,0.014550499,0.80128366,0.0,1.0,-0.5,0.8660254,1.2246469e-16,-1.0,0.0,1.0,0.0,0.0,0.0
2024-11-19 08:00:00,3.0,-0.104925014,-0.57056916,1.3058714,-0.54495734,-1.4399664,-1.2543347,-0.26707378,-0.08397664,-0.8839531,-0.84641045,-0.95900565,-0.8422578,-0.6351353,-0.87423855,-0.3094161,-0.034230445,-0.12360602,-0.8908516,-1.3067888,-0.79251564,-0.6006334,-0.9036529,-1.43929,0.6284591,0.0,1.0,-0.5,0.8660254,-0.8660254,-0.5,0.0,0.0,1.0,0.0,0.0
2024-11-19 12:00:00,0.0,-0.14943565,-0.5807502,0.21026747,0.4273117,-0.19231515,-0.05198875,-0.26707378,0.19603407,-0.91410106,-0.9129917,-1.0306367,-0.83843565,-0.7376307,-0.95592254,-0.24578765,0.29821023,-0.38445267,-0.99812984,-3.0,-0.8472704,-0.62542033,-0.94046044,-0.29803348,0.46765953,0.95105654,0.309017,-0.5,0.8660254,0.8660254,-0.5,0.0,1.0,0.0,0.0,0.0
2024-11-19 16:00:00,3.0,0.5025751,0.2926227,-0.96244013,1.9426349,2.1419456,1.406054,-0.25185707,0.08981049,-0.09429493,-0.3573777,-0.6065228,0.36024693,-0.36107838,-0.6749986,-0.016215773,0.36030963,-0.31295812,-0.7568534,-2.5618873,-0.41546887,-0.30255437,-0.70751846,1.4553833,0.60555804,0.95105654,0.309017,-0.5,0.8660254,1.2246469e-16,-1.0,0.0,1.0,0.0,0.0,0.0
2024-11-20 08:00:00,3.0,0.7163804,1.4807742,-1.316676,-0.50902987,-0.4864048,-1.0063814,-0.25185707,0.03793512,-0.42367718,-0.60005635,-0.82917184,-0.00878751,0.12564632,-0.29509202,0.22623314,0.5337717,-0.10387375,-0.8126402,-1.514077,0.24765642,0.06464186,-0.41613162,-0.48353004,0.65537804,0.95105654,0.309017,-0.5,0.8660254,-0.8660254,-0.5,0.0,0.0,1.0,0.0,0.0
2024-11-20 12:00:00,4.0,1.6422004,0.96532655,-0.21011706,-0.40525833,-0.29338974,-0.4414656,-0.25185707,1.7353989,0.038987115,-0.324824,-0.68251526,0.5991092,1.001905,0.48125497,0.6795912,1.09469,0.28695711,-0.26197103,-0.8939881,1.5435036,0.7537537,0.1526484,-0.33685,1.0054812,0.58778524,-0.809017,-0.5,0.8660254,0.8660254,-0.5,0.0,1.0,0.0,0.0,0.0
2024-11-20 16:00:00,0.0,-0.601324,-0.45674178,-0.14258401,1.171707,1.8567095,1.7486806,-0.21267805,-0.09981745,0.9222177,0.3405198,-0.18001421,1.3878918,0.60221994,0.18008156,0.79271805,0.93234247,0.5858663,-0.2872127,-1.5246487,1.0900126,0.46583232,-0.07761989,1.5088807,1.0866293,0.58778524,-0.809017,-0.5,0.8660254,1.2246469e-16,-1.0,0.0,1.0,0.0,0.0,0.0
2024-11-21 08:00:00,3.0,-0.5497595,-1.6915499,-1.0407996,-0.9149241,-0.95085377,-0.86575925,-0.21267805,0.0010793402,0.059104625,-0.17308763,-0.5433755,0.43155968,0.25220805,-0.09262873,0.81759495,0.772025,0.71640736,-0.34902725,-1.746788,0.71787447,0.32237872,-0.16580635,-0.79995304,0.7535995,0.58778524,-0.809017,-0.5,0.8660254,-0.8660254,-0.5,0.0,0.0,1.0,0.0,0.0
2024-11-21 12:00:00,3.0,1.0595251,-0.005284209,-0.46499535,2.1215837,0.42693877,-0.27725264,-0.21267805,1.5193441,0.13489623,-0.11645322,-0.552155,0.5033267,0.79359376,0.408094,0.94823945,0.99320006,0.9062539,-0.052904062,-1.4519706,1.380515,0.7452863,0.21634756,0.8061215,0.9616418,-0.58778524,-0.809017,-0.5,0.8660254,0.8660254,-0.5,0.0,1.0,0.0,0.0,0.0
2024-11-21 16:00:00,3.0,0.9943824,1.0919701,-1.1138344,0.24709162,0.6463441,1.2737272,-0.17213793,-0.07158409,0.3713109,0.09082074,-0.45169428,0.7077577,1.2276834,0.85908896,1.1356564,1.1154114,1.1047711,0.19823122,-1.179324,1.7094076,1.0942409,0.55283463,1.0182443,1.0945454,-0.58778524,-0.809017,-0.5,0.8660254,1.2246469e-16,-1.0,0.0,1.0,0.0,0.0,0.0
2024-11-22 08:00:00,3.0,0.17422149,0.9822942,-0.88523847,0.2361595,-1.2018038,-0.9720801,-0.17213793,-0.022161344,-0.6345218,-0.7314182,-1.0952078,-0.26633942,1.3029885,0.9603869,1.3340987,0.4762245,1.0663874,0.7798445,-1.0546966,1.4727551,1.2192565,0.77007985,-1.0867494,1.5401659,-0.58778524,-0.809017,-0.5,0.8660254,-0.8660254,-0.5,0.0,0.0,1.0,0.0,0.0
2024-11-22 12:00:00,4.0,-0.111521415,-0.8463342,0.5652856,-0.42450818,1.7022,0.36451355,-0.17213793,1.4555576,0.5947351,0.33294883,-0.30385286,0.8735159,1.2431189,0.93287283,1.2010856,0.68675494,1.0990398,0.8133382,-1.3087907,1.2063488,0.9591651,0.5922823,1.502384,1.4283794,-0.95105654,0.309017,-0.5,0.8660254,0.8660254,-0.5,0.0,1.0,0.0,0.0,0.0
2024-11-22 16:00:00,3.0,0.9201265,0.74790967,1.3657669,-1.1224538,0.8263255,0.40380877,-0.12909944,0.104573704,0.9860037,0.79124844,0.06911539,1.1707467,1.6102064,1.3514843,1.2253872,1.3092612,1.3965955,0.86311144,-1.0627419,1.3596901,1.1823392,0.8436617,1.0704178,1.458468,-0.95105654,0.309017,-0.5,0.8660254,1.2246469e-16,-1.0,0.0,1.0,0.0,0.0,0.0
2024-11-25 08:00:00,3.0,-0.21936545,-1.025956,-0.3893551,-0.007106158,-1.2016176,-1.16636,-0.12909944,0.007052321,-0.2124813,-0.22486103,-0.7374778,0.04052214,1.4526777,1.2488055,1.2740084,0.7580922,1.165195,0.7512328,-1.1047779,1.0853398,1.1753178,0.94198775,-1.1455903,1.3856547,-0.95105654,0.309017,-0.5,0.8660254,-0.8660254,-0.5,0.0,0.0,1.0,0.0,0.0
2024-11-25 12:00:00,0.0,-0.074453704,-1.319921,-0.46065906,-0.7431954,0.51369584,-0.5418296,-0.12909944,1.5720667,0.05789469,0.019604625,-0.530582,0.28851995,1.4184921,1.2462462,1.1335828,0.29826042,0.94307303,0.75869274,-1.2311704,0.92544866,1.0548137,0.86930305,0.79230785,1.3211741,0.0,1.0,-0.5,0.8660254,0.8660254,-0.5,0.0,1.0,0.0,0.0,0.0
2024-11-25 16:00:00,0.0,-0.6648273,-0.6095056,-0.03322027,0.54050624,0.77081144,0.14245611,-0.12909944,-0.027596578,0.5140779,0.50797737,0.00013640318,0.66051054,0.87528914,0.8313879,0.86675966,-0.06516878,0.27552468,0.52348244,-1.4169182,0.6127012,0.7115971,0.5712027,0.943815,1.0767169,0.0,1.0,-0.5,0.8660254,1.2246469e-16,-1.0,0.0,1.0,0.0,0.0,0.0
2024-11-26 08:00:00,0.0,-0.2896204,-1.0528922,0.6417715,-1.1828549,-1.2012311,-0.87981147,-0.12909944,-0.07378658,-0.52070343,-0.45021537,-0.86481,-0.34126955,0.6693698,0.6785214,0.6765588,-0.14343743,0.36547583,0.90173113,-1.4543151,0.4522043,0.6115022,0.60331196,-0.95955986,0.86908287,0.0,1.0,-0.5,0.8660254,-0.8660254,-0.5,0.0,0.0,1.0,0.0,0.0
2024-11-26 12:00:00,0.0,-0.1438769,1.6077108,-0.9770195,-1.0274667,-0.15413544,0.0058560525,-0.12909944,-1.6973665,-0.5519605,-0.5416226,-0.95320415,-0.35458386,0.5813378,0.62665975,0.4516534,-0.6071375,0.48404574,1.1566223,-1.5654682,0.35194698,0.4727275,0.5805913,-0.026493011,0.21265139,0.95105654,0.309017,-0.5,0.8660254,0.8660254,-0.5,0.0,1.0,0.0,0.0,0.0
2024-11-26 16:00:00,0.0,-0.63215274,-0.91914195,-0.7003294,0.3083969,-0.14571075,0.34815732,-0.12909944,0.01039401,-0.59538066,-0.62438965,-1.0008454,-0.3950452,0.05694576,0.18927646,0.16892998,-0.7877351,-0.013543864,0.88959503,-1.8056042,0.05364333,0.13057856,0.33555636,-0.033616304,0.0708848,0.95105654,0.309017,-0.5,0.8660254,1.2246469e-16,-1.0,0.0,1.0,0.0,0.0,0.0
2024-11-27 08:00:00,0.0,0.3465856,1.3564577,-0.04263915,-1.1372432,-1.1392803,-1.0704986,-0.12909944,-0.035873823,-1.4056951,-1.4705377,-1.8204061,-1.2392062,0.33760688,0.46195927,0.012581002,-0.60418504,-0.20810242,0.9242713,-1.677256,0.1498233,0.2552707,0.6675523,-1.0870073,0.19800574,0.95105654,0.309017,-0.5,0.8660254,-0.8660254,-0.5,0.0,0.0,1.0,0.0,0.0
2024-11-27 12:00:00,0.0,-2.0222085,-0.84452856,-0.885484,0.6964036,1.2115165,-0.04248613,-0.12909944,-1.2571785,0.54790777,0.324708,-0.040350363,0.7829487,-1.1675742,-1.1081165,-0.3620147,-1.1994863,-0.8754906,0.22521867,-1.78744,-0.8370627,-0.6895322,-0.6076966,1.1402855,-0.14683405,0.58778524,-0.809017,-0.5,0.8660254,0.8660254,-0.5,0.0,1.0,0.0,0.0,0.0
2024-11-27 16:00:00,0.0,-0.16943309,-0.17745836,0.43805355,1.2948978,-0.56780565,0.051083546,-0.12909944,-0.112960726,-0.0475205,-0.15485086,-0.4418316,0.15457425,-1.2286001,-1.1892731,-0.672905,-1.1389184,-0.88745946,0.22642735,-1.4821502,-0.97377723,-0.8069313,-0.72069603,-0.35004264,-0.1528395,0.58778524,-0.809017,-0.5,0.8660254,1.2246469e-16,-1.0,0.0,1.0,0.0,0.0,0.0
2024-11-28 08:00:00,3.0,-0.10129302,-0.5055475,-0.74416256,1.3812888,-1.2893101,-1.165674,-0.12909944,-0.022461634,-1.108397,-1.1656228,-1.3538082,-0.9683839,-1.2496389,-1.2213279,-0.9544418,-1.116453,-1.1765792,0.245464,-1.4374604,-1.1062045,-0.95303744,-0.81957096,-1.3732715,-0.18761253,0.58778524,-0.809017,-0.5,0.8660254,-0.8660254,-0.5,0.0,0.0,1.0,0.0,0.0
2024-11-28 12:00:00,3.0,0.8947232,-0.07009073,1.9666677,0.29652026,-0.10504477,-0.5931814,-0.12909944,1.3586156,-0.56634665,-0.7776997,-1.1002699,-0.29055557,-0.51487005,-0.5438113,-0.8158643,-0.48635495,-0.8524243,0.35746214,-0.7039634,-0.7177981,-0.52968025,-0.27129048,0.0140009355,-0.29746553,-0.58778524,-0.809017,-0.5,0.8660254,0.8660254,-0.5,0.0,1.0,0.0,0.0,0.0
2024-11-28 16:00:00,3.0,-0.49951217,-0.16889387,1.6241757,0.3104523,-0.77774155,-0.12973101,-0.12909944,-0.5518909,-1.1300044,-1.3323904,-1.6738638,-0.8830251,-0.8041968,-0.84671843,-0.87239534,-0.91857344,-0.9820117,-0.010646935,-0.08836346,-1.0230762,-0.79585415,-0.55165094,-0.61079973,-0.29127845,-0.58778524,-0.809017,-0.5,0.8660254,1.2246469e-16,-1.0,0.0,1.0,0.0,0.0,0.0
2024-11-29 08:00:00,3.0,-0.15782468,-0.72804934,1.6719198,-1.1621274,-1.3027142,-1.1717311,-0.12909944,-0.052347556,-1.9403567,-2.165753,-2.5383549,-1.7999598,-0.8791867,-0.9112005,-0.98488814,0.0019026529,-0.84411544,-0.58014435,-0.16970846,-1.0309407,-0.9217655,-0.6373408,-1.4618741,-0.30123636,-0.58778524,-0.809017,-0.5,0.8660254,-0.8660254,-0.5,0.0,0.0,1.0,0.0,0.0
2024-11-29 12:00:00,3.0,1.224928,1.2056149,-1.2211564,0.23172735,0.8318021,-0.28052825,-0.12909944,0.026285104,-1.1451229,-1.5991495,-2.162224,-0.73317426,0.044934247,-0.051558543,-0.6188982,0.67831963,-0.4212261,-0.03937458,-0.18780492,-0.33832988,-0.25011393,0.11694146,0.90625405,-0.8229334,-0.95105654,0.309017,-0.5,0.8660254,0.8660254,-0.5,0.0,1.0,0.0,0.0,0.0
2024-11-29 16:00:00,3.0,1.0797209,1.1187042,-0.9292777,0.19934255,1.043965,1.9285697,-0.12909944,-0.23199184,-0.3537665,-0.9340791,-1.6213999,0.22524667,0.71846855,0.65429956,-0.15870348,1.2599622,-0.0700051,0.44876522,0.058426566,0.26552406,0.23958328,0.65338296,1.0891762,-0.05849419,-0.95105654,0.309017,-0.5,0.8660254,1.2246469e-16,-1.0,0.0,1.0,0.0,0.0,0.0
2024-12-02 08:00:00,3.0,0.7594352,1.6638621,-1.0477567,-1.1891468,-0.558055,-0.36214098,-0.12909944,-0.026950723,-0.83183426,-1.3373678,-2.011036,-0.28857163,1.1284497,1.1229402,0.26375157,1.1580641,0.3605007,0.3407133,0.3822315,0.6793106,0.6183488,1.1624064,-0.52206594,-0.39990607,-0.95105654,0.309017,-0.5,0.8660254,-0.8660254,-0.5,0.0,0.0,1.0,0.0,0.0
2024-12-02 12:00:00,3.0,1.1847159,1.3247197,-0.9914175,-0.49655178,1.9243942,0.5451423,-0.12909944,-1.4069744,0.60753536,-0.056275483,-0.8694661,1.2950449,1.6525528,1.7644339,0.7003725,1.9055711,0.629579,0.3772777,1.1305623,1.2291644,1.0203295,1.5128518,1.5790359,-0.7563595,0.0,1.0,-2.4492937e-16,1.0,0.8660254,-0.5,0.0,1.0,0.0,0.0,0.0
2024-12-02 16:00:00,3.0,0.99771374,0.95805794,-0.63859826,0.06303177,0.47993484,1.9722174,-0.12909944,0.081954114,0.65044296,0.10673536,-0.70768094,1.2679868,1.9996461,2.2213626,1.1341709,2.3312526,1.6667503,0.6293384,1.5779072,1.4797639,1.4153595,1.9254196,0.6727027,-0.805341,0.0,1.0,-2.4492937e-16,1.0,1.2246469e-16,-1.0,0.0,1.0,0.0,0.0,0.0
2024-12-03 08:00:00,3.0,0.82627076,1.5414408,-1.0494963,-1.1770955,-0.36299714,-0.33929667,-0.12909944,-0.0653172,0.019322943,-0.36630046,-1.1181777,0.5943603,2.2152236,2.5140088,1.6040267,2.0973144,1.9776796,0.9390467,1.8291497,1.5047202,1.8392849,2.3878524,-0.30134597,-0.59641474,0.0,1.0,-2.4492937e-16,1.0,-0.8660254,-0.5,0.0,0.0,1.0,0.0,0.0
2024-12-03 12:00:00,3.0,0.80348307,1.4118857,-0.76651615,-1.1461023,-0.012230485,0.14313118,-0.12909944,-0.25590074,-0.27809948,-0.6128788,-1.3298525,0.28752816,2.3588483,2.7136295,1.9835682,1.9363947,2.2277339,0.9056457,1.9649642,1.4764242,2.2026813,2.713843,-0.062304243,-0.56403875,0.95105654,0.309017,-2.4492937e-16,1.0,0.8660254,-0.5,0.0,1.0,0.0,0.0,0.0
2024-12-03 16:00:00,3.0,0.3225818,0.2018303,-0.65777886,1.9665203,0.97788894,2.0297375,-0.12909944,0.12825814,0.23670822,-0.13890792,-0.90017,0.8217926,2.33453,2.682203,2.013,1.71158,1.9747338,1.1003342,1.7812321,1.2850481,2.0923991,2.513743,0.93934083,-0.61168545,0.95105654,0.309017,-2.4492937e-16,1.0,1.2246469e-16,-1.0,0.0,1.0,0.0,0.0,0.0
2024-12-04 08:00:00,3.0,0.244955,1.4164844,-1.1549354,-0.81828696,-1.1537333,-0.6422104,-0.12909944,-0.0635231,-0.90564805,-1.1443053,-1.7169827,-0.42297503,2.2923012,2.6252391,2.20956,1.3070517,2.1126337,1.2310728,1.8218201,1.1150701,2.3081172,2.761397,-1.160669,-0.6002515,0.95105654,0.309017,-2.4492937e-16,1.0,-0.8660254,-0.5,0.0,0.0,1.0,0.0,0.0
2024-12-04 12:00:00,4.0,2.736741,1.2928157,-0.7267269,-0.94765717,1.7869242,0.19024825,-0.12909944,1.131006,1.043293,0.53542227,-0.44887558,1.7094983,2.6284318,3.0,2.1489491,2.0270905,2.8012397,2.3876202,2.2968628,1.4247345,2.7276378,3.0,1.4352334,-0.13479798,0.58778524,-0.809017,-2.4492937e-16,1.0,0.8660254,-0.5,0.0,1.0,0.0,0.0,0.0
2024-12-04 16:00:00,4.0,2.3077881,1.0700303,-1.0163642,-0.18839702,2.467126,1.9097142,-0.12909944,-0.10118824,2.6567597,2.1945524,0.99531084,2.9768045,2.7208393,3.0,2.1796646,2.5311644,2.9246256,3.0,3.0,1.444144,2.7649455,2.9957337,1.5913669,0.35801533,0.58778524,-0.809017,-2.4492937e-16,1.0,1.2246469e-16,-1.0,0.0,1.0,0.0,0.0,0.0
2024-12-05 08:00:00,4.0,-0.68759423,-1.3525621,-1.1040299,0.33381772,-0.91265017,-1.033722,-0.12909944,-0.052898437,1.0844612,1.0595139,0.23525766,1.3555931,2.3488114,2.882752,2.3737864,1.9019378,2.3716044,2.9998488,2.9183083,1.023254,2.5772052,2.9126942,-0.92054075,0.121329896,0.58778524,-0.809017,-2.4492937e-16,1.0,-0.8660254,-0.5,0.0,0.0,1.0,0.0,0.0
2024-12-05 12:00:00,4.0,0.39301944,0.43016335,-0.79652625,1.3310148,0.3644269,0.7685537,-0.12909944,-0.021273201,1.0635993,1.1284372,0.37606362,1.2434752,2.2679112,2.7497408,2.197166,1.866748,2.186879,3.0,2.2031076,0.8655369,2.3895917,2.7560568,0.7282782,0.57243484,-0.58778524,-0.809017,-2.4492937e-16,1.0,0.8660254,-0.5,0.0,1.0,0.0,0.0,0.0
2024-12-05 16:00:00,3.0,-1.5082309,-1.5814289,-0.3665494,-1.0765907,-0.04329356,1.4049858,-0.12909944,-0.069358185,0.83409894,1.057895,0.47184318,0.87876916,1.5314252,2.031196,1.7898571,1.2503495,1.5436075,2.5228488,1.5338564,0.53313136,1.7768174,2.2312093,0.35912713,0.67493993,-0.58778524,-0.809017,-2.4492937e-16,1.0,1.2246469e-16,-1.0,0.0,1.0,0.0,0.0,0.0
2024-12-06 08:00:00,3.0,-0.042601064,0.3123465,1.2187672,-0.0859986,-0.84947234,-0.9338477,-0.12909944,-0.019562917,-0.25970024,0.1099392,-0.27956238,-0.18725146,1.5033065,1.961778,1.5306214,0.21471126,1.2917118,2.9469733,1.6407549,0.44913897,1.745338,2.3110876,-0.8718815,1.2087818,-0.58778524,-0.809017,-2.4492937e-16,1.0,-0.8660254,-0.5,0.0,0.0,1.0,0.0,0.0
2024-12-06 12:00:00,3.0,-0.44146842,-0.44899905,-0.7061491,2.1954381,-0.14521435,0.11482113,-0.12909944,-0.015553214,-0.42429316,-0.09200077,-0.4192957,-0.3414994,1.3506926,1.7863216,1.1104478,-0.80859816,1.004087,2.7055638,1.41884,0.33697253,1.4486278,2.1048226,0.1777067,1.202645,-0.95105654,0.309017,-2.4492937e-16,1.0,0.8660254,-0.5,0.0,1.0,0.0,0.0,0.0
2024-12-06 16:00:00,3.0,0.1146216,0.2558085,2.1945076,-0.83726674,-0.25690466,1.0270052,-0.12909944,0.039711237,-0.6063146,-0.35676178,-0.6508488,-0.4864682,1.3625453,1.766358,0.77014524,-0.5222731,0.84593093,2.603902,1.3970197,0.31474656,1.3367817,2.0695841,0.0415509,1.0228148,-0.95105654,0.309017,-2.4492937e-16,1.0,1.2246469e-16,-1.0,0.0,1.0,0.0,0.0,0.0
2024-12-09 08:00:00,3.0,0.23804688,1.0160726,-0.80907553,-0.25187036,-0.9914296,-1.3334473,-0.12909944,0.09303751,-1.4366333,-1.2516425,-1.451007,-1.292681,1.390606,1.7662368,0.56539094,-0.57761025,0.8212085,2.3194747,1.5248612,0.3085361,1.3909868,2.2331686,-1.057266,1.0432119,-0.95105654,0.309017,-2.4492937e-16,1.0,-0.8660254,-0.5,0.0,0.0,1.0,0.0,0.0
2024-12-09 12:00:00,3.0,-1.8016356,-0.93328714,1.0374126,-0.3338112,0.8149087,-0.39118555,-0.12909944,-1.1269007,-0.2698893,-0.26131585,-0.5207803,-0.10443299,0.5639213,1.072241,-0.04298497,-0.6848675,0.3718214,1.9643619,0.990671,0.0127882855,0.48585716,1.4301248,1.2115476,1.1591974,0.0,1.0,-2.4492937e-16,1.0,0.8660254,-0.5,0.0,1.0,0.0,0.0,0.0
2024-12-09 16:00:00,3.0,0.030764366,0.10318459,2.7336056,-1.1676736,-0.5501302,0.47000936,-0.12909944,0.09663015,-0.6185675,-0.6260665,-0.8461424,-0.43364733,0.60402894,1.0860806,-0.4206119,-0.65676963,-0.27185947,1.9415284,1.1107925,0.0034817443,0.38372618,1.4469032,-0.35111696,0.9934053,0.0,1.0,-2.4492937e-16,1.0,1.2246469e-16,-1.0,0.0,1.0,0.0,0.0,0.0
2024-12-10 08:00:00,3.0,-0.04817888,0.07777057,-0.3726025,1.528708,-0.7170759,-1.2504793,-0.12909944,0.041559577,-1.0691631,-1.1118898,-1.2848872,-0.86774665,0.6272155,1.0854021,-0.7103361,-0.5196343,-0.83188295,1.6357996,1.185626,-0.017718766,0.28012276,1.464644,-0.6318104,1.0408632,0.0,1.0,-2.4492937e-16,1.0,-0.8660254,-0.5,0.0,0.0,1.0,0.0,0.0
2024-12-10 12:00:00,3.0,0.72044003,1.1312796,-0.5248543,-0.80488324,0.8120674,-0.56266874,0.13820383,-1.2619646,-0.09194259,-0.31333855,-0.6572709,0.19625142,0.8143648,1.2226937,-0.7432278,-0.3069256,-0.5128696,1.5292056,1.3512859,0.120427705,0.32651958,1.3912898,1.168808,0.89840245,0.95105654,0.309017,-2.4492937e-16,1.0,0.8660254,-0.5,0.0,1.0,0.0,0.0,0.0
2024-12-10 16:00:00,3.0,-0.14034458,0.81482744,0.79013765,-1.1778688,-0.42076263,0.61977655,0.18422124,-1.0022476,-0.39598152,-0.5749979,-0.8689252,-0.116591305,0.8129187,1.2006636,-0.8126234,-0.4384937,-0.6273889,1.3265152,1.337428,0.094311,0.19401594,1.3380693,-0.021894874,0.85565203,0.95105654,0.309017,-2.4492937e-16,1.0,1.2246469e-16,-1.0,0.0,1.0,0.0,0.0,0.0
2024-12-11 08:00:00,4.0,-0.77610093,-1.708541,-0.81532174,-0.52175266,-1.0031121,-1.0404265,-0.950587,0.110203184,-1.1977028,-1.3142253,-1.4662105,-0.9649709,0.49759158,0.94704616,-1.014793,-0.076525286,-0.47017857,0.92947173,1.1906458,-0.094919644,-0.10706991,1.232366,-1.0229539,0.99864584,0.95105654,0.309017,-2.4492937e-16,1.0,-0.8660254,-0.5,0.0,0.0,1.0,0.0,0.0
2024-12-11 12:00:00,4.0,-3.0,-1.5625306,-0.60534686,-0.39531335,2.3299782,0.98251426,1.2111098,-1.1917667,2.1980188,1.9057119,1.5324878,2.0921702,-0.9767917,-0.33394852,-1.4113699,-1.4584445,-1.295541,-0.03162576,0.9224325,-1.2500559,-1.3165021,-0.10648992,1.6376834,1.4032639,0.58778524,-0.809017,-2.4492937e-16,1.0,0.8660254,-0.5,0.0,1.0,0.0,0.0,0.0
2024-12-11 16:00:00,4.0,1.1618977,0.8525517,-0.89601177,0.1824622,0.8050803,1.7377989,-0.19877277,-0.25949603,2.4714248,2.396955,2.0644565,2.1894064,-0.56684023,-0.03319346,-1.472302,-1.0018792,-0.9295644,0.05178431,1.1680578,-0.9089808,-0.95342815,0.06952687,1.1836015,1.246732,0.58778524,-0.809017,-2.4492937e-16,1.0,1.2246469e-16,-1.0,0.0,1.0,0.0,0.0,0.0
2024-12-12 08:00:00,3.0,0.29964632,0.8566212,0.3164302,-0.8715936,-0.87654,-1.3189192,-1.1199497,0.15840252,1.0482571,1.2917868,1.197868,0.85921067,-0.4293639,0.06541469,-1.5470988,-1.138089,-0.8837529,-0.045954157,1.0707338,-0.82486004,-0.8772075,0.20592505,-0.9042397,1.1908548,0.58778524,-0.809017,-2.4492937e-16,1.0,-0.8660254,-0.5,0.0,0.0,1.0,0.0,0.0
2024-12-12 12:00:00,4.0,0.13876729,0.53127366,1.1713598,-0.7815043,-0.42611971,-0.3057432,1.1042063,-0.28087848,0.4306841,0.78156847,0.8059649,0.2505667,-0.33602133,0.12903678,-1.4973631,-1.030795,-0.899524,-0.08100988,1.0402026,-0.79727817,-0.8320877,0.26829877,-0.27998725,1.202052,-0.58778524,-0.809017,-2.4492937e-16,1.0,0.8660254,-0.5,0.0,1.0,0.0,0.0,0.0
2024-12-12 16:00:00,3.0,1.531476,1.4091811,-1.0350701,-1.139835,0.41158867,1.27689,0.45279083,-0.21201521,0.7999242,1.0706093,1.025104,0.62621146,0.12621495,0.4943645,-1.1207676,-0.15855816,-0.1443167,0.2043308,1.3110198,0.22920859,-0.35135582,0.5723522,0.9988098,0.92496985,-0.58778524,-0.809017,-2.4492937e-16,1.0,1.2246469e-16,-1.0,0.0,1.0,0.0,0.0,0.0
2024-12-13 08:00:00,3.0,-0.22959004,-0.12469319,3.0,-1.1135367,-1.2372023,-1.0352855,-1.0873333,-0.012134289,-0.59185165,-0.18975574,-0.06740135,-0.72387093,0.11410312,0.4752384,-0.9868294,1.1157608,-0.20727463,-0.432567,1.2043436,0.1500481,-0.36016944,0.6842204,-1.603544,0.9984365,-0.58778524,-0.809017,-2.4492937e-16,1.0,-0.8660254,-0.5,0.0,0.0,1.0,0.0,0.0
2024-12-13 12:00:00,3.0,-0.5103367,-0.4168213,1.810511,0.2942749,0.7586646,0.45679897,1.1098727,-0.2567233,0.17605643,0.43921483,0.53358054,0.04406815,-0.024173817,0.35593778,-0.8417949,0.4787227,-0.3200454,-1.0309541,1.3829867,-0.04096743,-0.46985734,0.4292655,0.9713653,0.32560533,-0.95105654,0.309017,-2.4492937e-16,1.0,0.8660254,-0.5,0.0,1.0,0.0,0.0,0.0
2024-12-13 16:00:00,3.0,-1.0550492,-1.2713919,0.4321218,-0.5317398,0.084373295,0.5980529,-0.41444314,0.09313179,0.24636406,0.5297956,0.71581435,0.065837026,-0.41565543,0.027841559,-0.8955682,-0.03405711,-0.7360118,-1.0973037,1.3527308,-0.6835436,-0.7433126,0.1265326,0.35841572,0.5078097,-0.95105654,0.309017,-2.4492937e-16,1.0,1.2246469e-16,-1.0,0.0,1.0,0.0,0.0,0.0
2024-12-16 08:00:00,3.0,0.09225428,0.850478,-1.0194548,0.38788453,-1.0969812,-1.2195274,-1.0753222,0.09233038,-0.8329469,-0.5175583,-0.273872,-0.9662153,-0.32870057,0.08709407,-0.9467411,-0.052679777,-0.6877904,-1.1515256,1.287156,-0.3825116,-0.61581373,0.27655467,-1.2234458,0.44869325,-0.95105654,0.309017,-2.4492937e-16,1.0,-0.8660254,-0.5,0.0,0.0,1.0,0.0,0.0
2024-12-16 12:00:00,3.0,-0.40832677,0.08503205,-0.26163512,1.5791095,1.05825,-0.85476524,-0.10216081,-1.4162025,0.3460431,0.49406043,0.6858938,0.21301493,-0.43097058,-0.0010990242,-0.8919244,-0.81855655,-0.6164002,-0.95376575,1.1602765,-0.5532256,-0.6949925,0.008818139,1.1252688,0.54356366,0.0,1.0,-2.4492937e-16,1.0,0.8660254,-0.5,0.0,1.0,0.0,0.0,0.0
2024-12-16 16:00:00,3.0,-0.023532456,-0.12009948,2.3212857,-0.5097138,-0.5737974,0.7261246,1.0246123,0.30241767,-0.24996471,-0.05998177,0.16552162,-0.35719725,-0.36771426,0.034482908,-0.89231634,-0.7390764,0.25466657,-0.95401293,1.0907539,-0.37352318,-0.6225647,0.058484185,-0.43664315,0.49162573,0.0,1.0,-2.4492937e-16,1.0,1.2246469e-16,-1.0,0.0,1.0,0.0,0.0,0.0
2024-12-17 08:00:00,3.0,-0.34098688,-0.5915675,0.46842003,1.081607,-1.1834443,-1.2219906,-1.1134496,-0.040289313,-1.3049299,-1.1093577,-0.8583094,-1.4161588,-0.44285125,-0.0313995,-0.9507022,-0.6714101,-0.114507005,-0.94827,1.0521079,-0.48843026,-0.65990204,0.092986666,-1.4571974,0.41223723,0.0,1.0,-2.4492937e-16,1.0,-0.8660254,-0.5,0.0,0.0,1.0,0.0,0.0
2024-12-17 12:00:00,3.0,-0.43689612,0.31180263,0.41409808,0.29672223,0.29237106,-0.4756782,0.7471458,-1.6205682,-0.70913017,-0.6870236,-0.49806032,-0.7285848,-0.5818627,-0.1452898,-0.9302904,-0.43190032,-0.29619256,-1.0734864,1.0287546,-0.6718681,-0.7440871,-0.12506784,0.5514691,0.29145595,0.95105654,0.309017,-2.4492937e-16,1.0,0.8660254,-0.5,0.0,1.0,0.0,0.0,0.0
2024-12-17 16:00:00,3.0,-0.9213187,-1.4265026,-0.5886829,0.021613624,-0.49188033,0.12206555,-0.01470437,-0.005479313,-0.92368686,-0.9374405,-0.7413773,-0.93568933,-1.0046769,-0.4919462,-1.0540835,-0.82114357,-0.55919796,-1.3190999,0.7939369,-1.2699763,-0.99321616,-0.4094538,-0.3815593,0.44235644,0.95105654,0.309017,-2.4492937e-16,1.0,1.2246469e-16,-1.0,0.0,1.0,0.0,0.0,0.0
2024-12-18 08:00:00,3.0,0.069681145,0.59088707,-1.0025173,1.1313494,-0.99646306,-1.108769,-1.0865909,0.12826777,-1.6259544,-1.6963784,-1.5643646,-1.6419132,-0.85729635,-0.41628298,-1.1166186,-0.6351691,-0.9243603,-0.9518524,0.6862022,-0.9822432,-0.88064337,-0.28436705,-1.1647013,0.4662842,0.95105654,0.309017,-2.4492937e-16,1.0,-0.8660254,-0.5,0.0,0.0,1.0,0.0,0.0
2024-12-18 12:00:00,3.0,0.6339577,0.9190239,0.04114764,-0.799423,0.43793172,-0.32725665,0.62646085,-0.7332324,-0.8619173,-1.1414508,-1.1748264,-0.68952596,-0.4549102,-0.16033098,-0.88755494,-0.3873466,-0.71068835,-0.8235184,0.50576365,-0.19971512,-0.53754264,-0.15060565,0.6285521,0.41816625,0.58778524,-0.809017,-2.4492937e-16,1.0,0.8660254,-0.5,0.0,1.0,0.0,0.0,0.0
2024-12-18 16:00:00,3.0,-0.02441929,0.36298457,-0.15620585,0.82795477,-0.8114766,0.35338512,-0.0017225794,-0.01963931,-1.3885697,-1.6719201,-1.7662116,-1.2291344,-0.36870128,-0.11371308,-0.77113795,-0.26601335,-0.59015363,-0.82071567,0.6094599,-0.050572302,-0.45153534,-0.07644117,-0.75979,0.4639984,0.58778524,-0.809017,-2.4492937e-16,1.0,1.2246469e-16,-1.0,0.0,1.0,0.0,0.0,0.0
2024-12-19 08:00:00,3.0,-0.67282987,-1.4091057,-0.9889234,0.5877942,-0.73906404,-1.0880741,-1.1109087,0.052577913,-1.6922995,-2.0070143,-2.143894,-1.550615,-0.6676347,-0.35591713,-0.76417655,-0.3517117,-0.49341375,-1.107725,0.5970757,-0.43997735,-0.6232141,-0.27800816,-0.7959236,-0.17067571,0.58778524,-0.809017,-2.4492937e-16,1.0,-0.8660254,-0.5,0.0,0.0,1.0,0.0,0.0
2024-12-19 12:00:00,3.0,-2.1472695,-1.1203543,-0.5296834,0.8682412,0.983452,0.10205809,1.2663376,-2.0439577,0.38785696,-0.14689943,-0.30854005,0.697815,-1.6785051,-1.2683417,-0.89929366,-0.83013093,-1.0358739,-1.529009,0.025089635,-2.0935826,-1.3208922,-1.2883172,1.1971791,0.8865756,-0.58778524,-0.809017,-2.4492937e-16,1.0,0.8660254,-0.5,0.0,1.0,0.0,0.0,0.0
2024-12-19 16:00:00,3.0,-0.019026915,-0.09740283,1.8169155,-0.039178587,-0.1715072,0.99677217,0.007920886,0.20286113,0.12298208,-0.2835488,-0.44189662,0.39112094,-1.5470095,-1.1954614,-1.0125245,-0.86242133,-0.937075,-1.3598711,-0.15979396,-1.7737346,-1.2028865,-1.2723124,0.15589331,0.8137465,-0.58778524,-0.809017,-2.4492937e-16,1.0,1.2246469e-16,-1.0,0.0,1.0,0.0,0.0,0.0
2024-12-20 08:00:00,4.0,-0.01731893,0.1679489,0.5840308,0.6240928,-1.0395281,-0.74293095,-1.0623025,0.20286113,-0.806477,-1.0711621,-1.2183415,-0.591644,-1.422349,-1.1236137,-1.0962801,-1.0967503,-0.93042564,-0.602543,-0.19673191,-1.847826,-1.187045,-1.2383323,-1.1987171,1.7205449,-0.58778524,-0.809017,-2.4492937e-16,1.0,-0.8660254,-0.5,0.0,0.0,1.0,0.0,0.0
2024-12-20 12:00:00,4.0,-3.0,-1.5960017,-0.19128606,-0.95413786,1.4978974,3.0,3.0,-3.0,1.6897831,1.3051757,1.2718478,1.6927533,-2.4214137,-2.2618675,-1.2658081,-2.3132775,-1.6542532,-1.55899,-0.8303962,-3.0,-2.0218232,-2.253939,1.2582004,0.46650776,-0.95105654,0.309017,-2.4492937e-16,1.0,0.8660254,-0.5,0.0,1.0,0.0,0.0,0.0
2024-12-20 16:00:00,4.0,2.6795475,1.3249203,-0.6718224,-1.1623062,2.5155044,2.4669156,-0.4019713,0.29711822,3.0,2.7337415,2.6157503,2.7339509,-1.0999255,-1.1918365,-0.8711708,-0.93583614,-0.8171129,-0.9631738,-0.4235793,-1.162254,-0.9107599,-1.3708426,1.5768961,1.4613656,-0.95105654,0.309017,-2.4492937e-16,1.0,1.2246469e-16,-1.0,0.0,1.0,0.0,0.0,0.0
2024-12-23 08:00:00,4.0,0.13038827,0.23695777,1.6173248,-0.7748725,-0.61873156,-0.7096521,-1.1233106,0.36691183,1.6561394,1.7721256,1.8275906,1.4319575,-0.97764575,-1.0829904,-0.7166514,-0.09463994,-0.56615335,-0.9527617,-0.3583517,-0.9299061,-0.8202095,-1.3011832,-0.6738638,1.4379858,-0.95105654,0.309017,-2.4492937e-16,1.0,-0.8660254,-0.5,0.0,0.0,1.0,0.0,0.0
2024-12-23 12:00:00,4.0,-1.0216869,-0.32795376,1.2066891,1.0677434,0.42458493,-0.42395577,-0.015197323,-2.0640264,1.6695068,1.949365,2.1615858,1.2972004,-1.2563815,-1.3796144,-0.6476794,-0.5253766,-0.86173433,-1.487975,-0.5823784,-1.4089421,-1.0397563,-1.5710834,0.5748538,1.5103283,0.0,1.0,-2.4492937e-16,1.0,0.8660254,-0.5,0.0,1.0,0.0,0.0,0.0
2024-12-23 16:00:00,3.0,-0.10879469,-0.25263608,1.7453626,0.1483387,-0.120776765,0.13057981,0.23571424,0.252628,1.1247761,1.555801,1.8711677,0.7387788,-1.2182438,-1.3421541,-0.5947566,-0.56418484,-1.0272896,-1.4408447,-0.4889562,-1.2568761,-0.9793869,-1.5756478,0.2686929,1.4979107,0.0,1.0,-2.4492937e-16,1.0,1.2246469e-16,-1.0,0.0,1.0,0.0,0.0,0.0
2024-12-27 08:00:00,4.0,-0.08584673,-0.3670293,1.780348,0.24603139,-1.1908656,-0.87876153,-1.0870842,0.4699143,-0.13289449,0.44316638,0.8486401,-0.47257936,-1.173157,-1.3002789,-0.5776228,0.6692773,-1.0354505,-1.3397897,-0.46337008,-1.1096255,-0.9509923,-1.5883199,-1.6314151,1.4437159,0.0,1.0,-2.4492937e-16,1.0,-0.8660254,-0.5,0.0,0.0,1.0,0.0,0.0
2024-12-27 12:00:00,4.0,1.5607344,-1.3523787,-1.0038452,0.8639496,1.0184193,-0.04663479,2.6960535,3.0,1.4518286,1.7414243,1.9952434,1.0733705,-0.4906826,-0.7283392,-0.14987233,0.21407063,-0.4548029,-0.7712763,-0.056632314,0.08705513,-0.311744,-1.0942453,1.2164645,1.4677467,-0.95105654,0.309017,-2.4492937e-16,1.0,0.8660254,-0.5,0.0,1.0,0.0,0.0,1.0
2024-12-27 16:00:00,3.0,-0.3590279,-0.94363993,-0.3457725,1.1529182,-0.27091834,0.20059118,-0.24541195,0.36643,0.82832557,1.2683892,1.622723,0.4392159,-0.57744575,-0.80885977,0.030572116,0.0031415576,-0.057608876,-0.8659977,-0.014708233,-0.02918186,-0.3627628,-1.1724342,-0.12350714,1.3230144,-0.95105654,0.309017,-2.4492937e-16,1.0,1.2246469e-16,-1.0,0.0,1.0,0.0,0.0,1.0
2024-12-30 08:00:00,3.0,-0.090049624,-0.029672101,-0.98564297,2.6061482,-1.0585625,-0.7956513,-0.9935978,0.15978247,-0.28889197,0.2811229,0.7252735,-0.65671724,-0.55252486,-0.78707176,0.16405801,0.40514335,-0.078038625,-0.80453306,-0.12143181,0.035620186,-0.3178247,-1.162789,-1.453084,1.2961749,-0.95105654,0.309017,-2.4492937e-16,1.0,-0.8660254,-0.5,0.0,0.0,1.0,0.0,1.0
2024-12-30 12:00:00,3.0,-0.87373936,-1.1575212,-0.976786,1.2330935,-0.33336717,-0.5851501,-0.08183702,-0.48200426,-0.23623312,0.25531876,0.73787147,-0.5898271,-0.8691905,-1.0747888,0.13659045,0.07993596,-0.31013668,-0.9871485,0.131325,-0.4285861,-0.5628245,-1.4073293,-0.353438,1.2133168,0.0,1.0,-2.4492937e-16,1.0,0.8660254,-0.5,0.0,1.0,0.0,0.0,1.0
2025-01-02 08:00:00,3.0,-1.0220796,-1.4862398,-0.5054456,-0.16574025,0.07351715,-0.68582445,-0.60012066,-0.06207208,-0.18958157,0.24358197,0.7670348,-0.5389752,-1.2174758,-1.4024683,-0.027057972,-0.33411807,0.22524308,-1.1391808,-0.1356789,-0.9946913,-0.85673136,-1.6804643,0.2931175,1.2688167,0.0,1.0,-2.4492937e-16,1.0,1.2246469e-16,-1.0,0.0,1.0,0.0,0.0,1.0
2025-01-02 12:00:00,3.0,0.32947886,0.26299563,-0.026135957,0.82640815,0.49888715,-0.2633246,0.4696478,0.20098679,0.09590137,0.41616184,0.88179314,-0.21337011,-1.0174985,-1.2451953,-0.045454066,-0.90158266,-0.4199966,-0.97852284,-0.004619882,-0.5978668,-0.6483042,-1.5257384,0.6403474,0.9842029,-0.58778524,-0.809017,0.5,0.8660254,0.8660254,-0.5,0.0,1.0,0.0,0.0,0.0
2025-01-02 16:00:00,3.0,0.3067907,0.20418632,0.48707947,0.37034628,0.3648181,0.30710262,0.09444708,0.28737497,0.24957292,0.5100176,0.9355195,-0.03747209,-0.8210408,-1.0898621,0.020901619,-0.6024664,-0.37407732,-0.737615,-0.16693224,-0.23160836,-0.47254536,-1.3849146,0.39689192,0.9906539,-0.58778524,-0.809017,0.5,0.8660254,1.2246469e-16,-1.0,0.0,1.0,0.0,0.0,0.0
2025-01-03 08:00:00,3.0,-0.0010001796,0.2362122,-0.4501602,1.3376936,-1.1182286,-0.7973238,-1.0001597,0.2233023,-0.6588904,-0.32007438,0.16142257,-0.9357507,-0.7615816,-1.0456007,0.08560135,-0.5655985,-0.08862497,-0.7486231,-0.025510501,-0.09437468,-0.40451723,-1.3585198,-1.3885505,0.93363416,-0.58778524,-0.809017,0.5,0.8660254,-0.8660254,-0.5,0.0,0.0,1.0,0.0,0.0
2025-01-03 12:00:00,3.0,-1.8079052,-1.647866,0.09766864,-1.147151,0.313018,-0.57979286,0.09681659,-1.1995173,0.08947649,0.31756693,0.8220784,-0.20924094,-1.4482307,-1.6746936,-0.1567249,-1.0022814,-0.585734,-1.2555549,-0.70751554,-1.3744135,-1.0164114,-1.8210511,0.3175557,0.85586506,-0.95105654,0.309017,0.5,0.8660254,0.8660254,-0.5,0.0,1.0,0.0,0.0,0.0
2025-01-03 16:00:00,3.0,-0.16973004,-0.39214408,1.563987,0.2533698,-0.05741803,0.061861746,0.502734,0.19321442,-0.005418059,0.21967492,0.7307436,-0.29549327,-1.4315455,-1.6545382,-0.3048229,-0.62057596,-0.61110926,-1.272949,-1.2007203,-1.3174119,-0.96686345,-1.7653092,0.09178383,0.70361626,-0.95105654,0.309017,0.5,0.8660254,1.2246469e-16,-1.0,0.0,1.0,0.0,0.0,0.0
2025-01-06 08:00:00,3.0,-0.07462673,0.7623784,-0.6400724,0.2874265,-1.298893,-0.8278933,-0.9963385,-0.1297403,-0.9958826,-0.71909755,-0.14585654,-1.270661,-1.3732195,-1.5949502,-0.4094544,-0.8005635,-1.0769032,-1.1572467,-1.6198297,-1.1859214,-0.9248187,-1.7405952,-1.6801969,0.9683362,-0.95105654,0.309017,0.5,0.8660254,-0.8660254,-0.5,0.0,0.0,1.0,0.0,0.0
2025-01-06 12:00:00,3.0,0.5474149,0.5281526,0.020601269,0.14853776,0.4048492,-0.08186484,1.7545773,0.2500164,-0.56648254,-0.4808953,-0.034355648,-0.7174632,-1.014865,-1.3165026,-0.2807624,-0.6900312,-0.81247395,-0.6514252,-1.657977,-0.54310864,-0.616012,-1.4495013,0.43927625,0.5915682,0.0,1.0,0.5,0.8660254,0.8660254,-0.5,0.0,1.0,0.0,0.0,0.0
2025-01-06 16:00:00,3.0,0.8678355,0.8046081,-0.7477845,0.34813163,0.92370653,0.5302627,0.007651948,0.06519829,0.13855,0.077425115,0.3696839,0.06403278,-0.561668,-0.9537737,-0.0009855238,-0.30272603,-0.53898114,-0.46318167,-1.6589433,0.3515401,-0.22737284,-1.1079227,1.077288,0.81692386,0.0,1.0,0.5,0.8660254,1.2246469e-16,-1.0,0.0,1.0,0.0,0.0,0.0
2025-01-07 08:00:00,4.0,0.20581461,0.60704076,-0.41840622,0.46530682,-0.9634398,-0.5975095,-0.93790525,0.23126529,-0.6254445,-0.61633575,-0.30596778,-0.69463766,-0.41922417,-0.83081454,0.23592332,0.64616334,-0.23985939,-0.41612127,-1.8511927,0.6145846,-0.08312712,-0.99046534,-0.8554875,0.646837,0.0,1.0,0.5,0.8660254,-0.8660254,-0.5,0.0,0.0,1.0,0.0,0.0
2025-01-07 12:00:00,4.0,1.9368724,1.1869706,-0.15065543,-1.2483597,1.6192312,0.54231113,0.96104544,0.86553276,0.94808584,0.7192969,0.76014674,0.9654762,0.324279,-0.17904627,0.6881172,1.6660268,0.6218291,0.62539554,-1.2825534,2.1819203,0.5357238,-0.43147326,1.4568774,-0.21123771,0.95105654,0.309017,0.5,0.8660254,0.8660254,-0.5,0.0,1.0,0.0,0.0,0.0
2025-01-07 16:00:00,4.0,-0.39987448,-0.4553917,0.8846882,0.64505464,1.8567345,1.5267885,-0.3280849,0.0037465303,1.8302411,1.694428,1.743969,1.6295087,0.18389079,-0.28935388,0.85279584,1.5198243,0.417913,-0.016236294,-1.6661955,1.554398,0.32122698,-0.5393951,1.4058735,-1.7752404,0.95105654,0.309017,0.5,0.8660254,1.2246469e-16,-1.0,0.0,1.0,0.0,0.0,0.0
2025-01-08 08:00:00,4.0,0.573111,1.1841763,-1.0296438,-0.21705332,-0.4571538,-1.0862496,-1.0191323,0.1668783,0.9585081,1.0563636,1.198079,0.7861996,0.42078185,-0.07626117,1.114932,1.5432645,0.510128,0.08044112,-1.5039195,1.6642491,0.5760219,-0.3328336,-0.37744215,-2.2614474,0.95105654,0.309017,0.5,0.8660254,-0.8660254,-0.5,0.0,0.0,1.0,0.0,0.0
2025-01-08 12:00:00,4.0,1.6938725,1.1204722,0.07982853,-1.3445495,2.3720891,1.0943514,2.409804,-0.50941634,2.4518163,2.4792192,2.497719,2.0467591,0.941933,0.43801767,1.3318439,1.9419689,1.0601336,0.667354,-0.8809593,2.065221,0.9591443,-0.0071599456,1.549185,-3.0,0.58778524,-0.809017,0.5,0.8660254,0.8660254,-0.5,0.0,1.0,0.0,0.0,0.0
2025-01-08 16:00:00,1.0,-1.013533,-1.0529618,-0.7300355,1.0010754,0.81704533,1.0111259,-0.45980445,-0.05718276,2.4488966,2.6935623,2.8628685,1.8763047,0.48257545,0.06846201,1.346178,1.3937234,1.3635367,0.477624,-2.0940545,1.3314095,0.5997305,-0.23062402,1.2137253,-3.0,0.58778524,-0.809017,0.5,0.8660254,1.2246469e-16,-1.0,0.0,1.0,0.0,0.0,0.0
2025-01-09 08:00:00,1.0,-0.26652762,-1.1017255,-0.34752408,0.31060493,-1.1677055,-1.2165973,-0.99680966,0.15493956,1.1021011,1.6325125,1.9639785,0.61055547,0.4143734,0.00804996,1.4220152,0.34443954,1.4328327,0.4491477,-2.8338993,1.087836,0.61295015,-0.20084603,-1.2716491,-2.9226818,0.58778524,-0.809017,0.5,0.8660254,-0.8660254,-0.5,0.0,0.0,1.0,0.0,0.0
2025-01-09 12:00:00,1.0,0.3120787,0.35008428,0.31658232,0.38239408,-0.37328413,-0.8790642,-0.047288477,0.31382817,0.56094944,1.1542795,1.5466745,0.0823585,0.57729304,0.14438465,1.4733254,0.7450732,1.6488341,0.17839214,-2.4951625,1.1066499,0.80988103,-0.065652005,-0.18940604,-3.0,-0.58778524,-0.809017,0.5,0.8660254,0.8660254,-0.5,0.0,1.0,0.0,0.0,0.0
2025-01-09 16:00:00,3.0,-0.1858104,-0.59874487,1.0441705,-0.046494007,-0.29698345,-0.38492846,-0.009108351,0.3115992,0.22994477,0.8339636,1.2824976,-0.2509484,0.541702,0.113594316,1.44401,0.3538982,1.4824151,0.22472945,-2.5686545,0.9318565,0.8080297,-0.059107102,0.025844302,-3.0,-0.58778524,-0.809017,0.5,0.8660254,1.2246469e-16,-1.0,0.0,1.0,0.0,0.0,0.0
2025-01-10 08:00:00,4.0,0.091248445,0.65027267,-0.22178517,0.21764377,-1.3654919,-1.1886929,-0.9572231,0.2563431,-0.82148457,-0.16390085,0.39206424,-1.3196884,0.63311946,0.19066012,1.4840038,-0.638442,1.2342364,0.27121606,-2.0653858,0.8805802,1.0116007,0.09617132,-1.7365931,-2.9339962,-0.58778524,-0.809017,0.5,0.8660254,-0.8660254,-0.5,0.0,0.0,1.0,0.0,0.0
2025-01-10 12:00:00,4.0,1.0874368,1.5544864,-0.88425565,-1.2661908,0.74283534,-0.4391108,1.7157404,-0.9461221,-0.05555695,0.32263392,0.72008705,-0.37929174,1.1034906,0.60367674,1.518147,0.60098046,1.6168289,0.74100834,-1.6721077,1.1539457,1.4448301,0.36449254,1.1319908,-2.552409,-0.95105654,0.309017,0.5,0.8660254,0.8660254,-0.5,0.0,1.0,0.0,0.0,0.0
2025-01-10 16:00:00,3.0,-0.63705766,-0.97551364,-1.1073629,1.7884438,0.60440725,2.3680282,1.9106838,0.37465507,0.50594646,0.7838964,1.1483487,0.18305461,0.71999496,0.33147734,1.3311919,0.38601008,0.5613286,0.86741054,-1.7264688,0.8205199,1.0076693,0.14122905,1.0214653,-2.3260503,-0.95105654,0.309017,0.5,0.8660254,1.2246469e-16,-1.0,0.0,1.0,0.0,0.0,0.0
2025-01-13 08:00:00,1.0,0.03005255,-0.14159991,-0.39222315,2.3402717,-1.0609658,-0.7777813,-1.0115215,0.32066265,-0.40785077,-0.018373087,0.4482742,-0.7491791,0.8032117,0.40446147,1.2607197,0.22230725,0.76710486,0.83181566,-1.7081892,0.7505927,1.1188078,0.27486345,-1.0612164,-2.1088405,-0.95105654,0.309017,0.5,0.8660254,-0.8660254,-0.5,0.0,0.0,1.0,0.0,0.0
2025-01-13 12:00:00,4.0,-1.8824311,-0.8729386,0.8753224,-0.47100493,0.8029734,0.24962445,0.92310166,-2.1323898,0.76188534,0.9891629,1.4116515,0.3832921,-0.47431475,-0.5961316,0.6196418,-0.7952869,-0.32462713,0.27223596,-2.27097,-0.0049661,-0.07004003,-0.4031193,1.2360975,-2.2084205,0.0,1.0,0.5,0.8660254,0.8660254,-0.5,0.0,1.0,0.0,0.0,0.0
2025-01-13 16:00:00,3.0,0.56533635,0.89599174,-0.05814207,-0.5767106,-0.41870457,0.688605,-0.22909184,0.2297718,0.32659128,0.6223438,1.0696899,-0.034148086,-0.12314554,-0.31597418,0.34404227,-0.51352644,-0.8797668,0.4495924,-1.6384368,0.18332027,0.2376302,-0.1666991,-0.07805422,-2.158091,0.0,1.0,0.5,0.8660254,1.2246469e-16,-1.0,0.0,1.0,0.0,0.0,0.0
2025-01-14 08:00:00,3.0,-0.22045234,-1.7628319,-0.67203444,-0.95715415,-1.2857774,-0.95521855,-0.97963125,0.28032225,-0.75885564,-0.3384948,0.23821111,-1.1445891,-0.22207868,-0.39130226,0.056855068,-1.2565506,-0.51276976,0.9702393,-1.6723864,0.04457601,0.050643966,-0.13100779,-1.5942276,-2.4299407,0.0,1.0,0.5,0.8660254,-0.8660254,-0.5,0.0,0.0,1.0,0.0,0.0
2025-01-14 12:00:00,3.0,1.556726,1.184575,-0.71820825,-0.55791646,0.5206634,-0.4876958,0.34574625,0.8810091,-0.09483071,0.07774648,0.46740404,-0.3152716,0.6575078,0.3424845,0.27999794,0.035976868,0.32162237,1.563459,-1.1939317,0.6967054,0.92053497,0.4584066,0.8498868,-1.8759655,0.95105654,0.309017,0.5,0.8660254,0.8660254,-0.5,0.0,1.0,0.0,0.0,0.0
2025-01-14 16:00:00,3.0,0.052742418,0.07660713,1.9117967,-0.71830994,-0.16911478,0.4376224,0.37325415,0.04593155,-0.101484805,0.03923157,0.4101595,-0.2949763,0.7463544,0.43388242,0.39928347,0.050108857,0.2079268,1.6636847,-1.3286959,0.71188515,0.8074518,0.5225441,0.15432495,-1.744447,0.95105654,0.309017,0.5,0.8660254,1.2246469e-16,-1.0,0.0,1.0,0.0,0.0,0.0
2025-01-15 08:00:00,4.0,-0.09859438,-0.46327055,-0.78864455,2.3513176,-1.1761739,-0.87078375,-0.9512369,0.1826635,-0.98741895,-0.7784317,-0.33787665,-1.2080716,0.74724585,0.45404154,0.4277528,1.0914994,0.24478382,1.5039022,-1.3181903,0.6623949,0.6941231,0.6720033,-1.2978497,-1.7398624,0.95105654,0.309017,0.5,0.8660254,-0.8660254,-0.5,0.0,0.0,1.0,0.0,0.0
2025-01-15 12:00:00,4.0,1.5171986,0.5502714,-0.5960688,0.9060647,1.210103,0.3811973,1.4951296,1.5615855,0.3316032,0.23742594,0.4228043,0.2984556,1.5516784,1.2413878,0.7665946,1.6358188,0.9090941,1.7623231,-0.7069811,1.593069,1.4233303,1.1718273,1.3228947,-2.008173,0.58778524,-0.809017,0.5,0.8660254,0.8660254,-0.5,0.0,1.0,0.0,0.0,0.0
2025-01-15 16:00:00,3.0,1.7469263,1.5654995,-0.84395707,-1.3484749,0.9012885,1.6635687,0.14232253,-0.009843867,1.070974,0.885855,0.9057393,1.051617,2.1155317,1.8977853,1.2555614,2.6180687,1.2156875,2.2008657,0.6339749,2.225653,2.0871763,1.6424031,1.2268544,-1.0752172,0.58778524,-0.809017,0.5,0.8660254,1.2246469e-16,-1.0,0.0,1.0,0.0,0.0,0.0
2025-01-16 08:00:00,3.0,-0.12028252,-0.43036467,1.6750813,-0.2605532,-1.2147778,-0.64460653,-0.9734404,0.2316604,-0.17239366,-0.098408006,0.07234385,-0.23380497,2.012327,1.8323185,1.6126568,1.6656735,1.4312894,1.4808843,0.32525685,1.6725934,2.076897,1.8233098,-1.3630017,-0.6625776,0.58778524,-0.809017,0.5,0.8660254,-0.8660254,-0.5,0.0,0.0,1.0,0.0,0.0
2025-01-16 12:00:00,3.0,0.4947315,0.096211955,-0.07380206,1.2899,-0.046973947,-0.28112403,-0.11541031,0.95004004,-0.19708337,-0.16074906,-0.027230056,-0.2209627,2.0879173,1.9713361,1.7824061,1.8577114,1.6107968,1.7360913,0.3936423,1.5330781,2.1493146,1.9648405,0.1360896,-0.6643491,-0.58778524,-0.809017,0.5,0.8660254,0.8660254,-0.5,0.0,1.0,0.0,0.0,0.0
2025-01-16 16:00:00,3.0,-0.6484776,-0.984544,0.8840759,-0.8060748,-0.07608339,0.46013138,0.10469853,0.019193051,-0.18143274,-0.14849542,0.0028216736,-0.21337016,1.5964773,1.5727324,1.6320983,1.5584711,2.1029587,1.3270861,0.17880306,1.0594361,1.6008039,1.6603078,0.102136955,-0.5106647,-0.58778524,-0.809017,0.5,0.8660254,1.2246469e-16,-1.0,0.0,1.0,0.0,0.0,0.0
2025-01-17 08:00:00,3.0,0.094333194,1.3463346,-0.784967,-0.7305914,-1.1723145,-0.7713428,-0.92996246,0.064999804,-1.1242205,-1.0080823,-0.7880955,-1.2280296,1.6214321,1.6250087,1.5836323,0.791666,1.8440671,0.7918405,-0.17909536,0.9443487,1.75866,1.9253265,-1.3200198,0.30808866,-0.58778524,-0.809017,0.5,0.8660254,-0.8660254,-0.5,0.0,0.0,1.0,0.0,0.0
2025-01-17 12:00:00,3.0,0.1418063,0.27843603,0.118540026,0.7491687,-0.040485226,1.5109123,2.9035661,0.1129748,-1.0471824,-1.0560677,-0.90796804,-1.0582935,1.6594986,1.6896058,1.3836733,-0.022081284,1.9276859,1.1507638,-0.08204366,0.86091924,1.700985,1.9566317,-0.10291284,0.29192948,-0.95105654,0.309017,0.5,0.8660254,0.8660254,-0.5,0.0,1.0,0.0,0.0,0.0
2025-01-17 16:00:00,3.0,0.28679773,1.1488131,0.3212555,-1.5469602,-0.2591119,2.2609034,-0.1237001,-0.32082713,-1.1071426,-1.2033229,-1.1206234,-1.0563811,1.7323475,1.7890813,1.2473443,0.18441156,1.3774225,1.3038497,0.13208643,0.83177114,1.7479688,2.0630896,-0.35889396,0.23977911,-0.95105654,0.309017,0.5,0.8660254,1.2246469e-16,-1.0,0.0,1.0,0.0,0.0,0.0
2025-01-20 08:00:00,3.0,0.012035626,0.5068258,1.1040623,-0.9411543,-0.98700786,-0.79441607,-0.98920214,0.11762672,-1.64557,-1.7501397,-1.6799533,-1.6644123,1.7093118,1.7781892,1.1475276,-0.063255236,1.3451841,1.2022318,0.41857567,0.7239826,1.780388,2.214375,-0.9943133,0.24660127,-0.95105654,0.309017,0.5,0.8660254,-0.8660254,-0.5,0.0,0.0,1.0,0.0,0.0
2025-01-20 12:00:00,3.0,-0.47317788,-1.0571039,1.0683776,-1.0007125,-0.5178117,-0.32201776,0.41270787,0.023266003,-1.7237523,-1.9120829,-1.8938016,-1.702246,1.3600457,1.5031348,0.8254179,0.032234985,1.1958617,1.1117833,0.25867486,0.50608456,1.3947811,2.0123975,-0.62307996,0.29553732,0.0,1.0,0.5,0.8660254,0.8660254,-0.5,0.0,1.0,0.0,0.0,0.0
2025-01-20 16:00:00,3.0,0.24895933,0.7911572,-0.7174572,0.39531553,-0.5496098,0.2985493,0.026653158,0.1510128,-1.753063,-2.030683,-2.0964768,-1.6707917,1.4479272,1.5910405,0.6083725,0.11035167,0.679017,1.1478684,0.4607858,0.51536477,1.4795326,2.1038737,-0.5711468,0.288246,0.0,1.0,0.5,0.8660254,1.2246469e-16,-1.0,0.0,1.0,0.0,0.0,0.0
2025-01-21 08:00:00,3.0,-0.24184956,-1.2461795,-0.61398345,0.29012144,-1.1831112,-0.9642153,-0.94940406,0.10561964,-2.1816795,-2.4498477,-2.533753,-2.236647,1.3112682,1.4802955,0.35021833,-0.08432487,-0.0784768,0.7528744,0.40114427,0.3898747,1.4082128,2.1826472,-1.607415,0.3238562,0.0,1.0,0.5,0.8660254,-0.8660254,-0.5,0.0,0.0,1.0,0.0,0.0
2025-01-21 12:00:00,3.0,0.014780547,-0.84472346,0.96894974,-0.39841467,0.06315616,0.13379513,1.8359636,0.9619413,-1.8165187,-2.225185,-2.4150982,-1.6265476,1.3281461,1.4942151,0.07167849,-0.2234626,-0.027291693,0.94169927,0.5204421,0.3477803,1.2372142,1.9775268,-0.09422692,0.10470869,0.95105654,0.309017,0.5,0.8660254,0.8660254,-0.5,0.0,1.0,0.0,0.0,0.0
2025-01-21 16:00:00,3.0,0.00923839,0.11899522,0.4620778,0.8333008,-0.28271672,0.5282989,-0.27227366,0.11695276,-1.7080889,-2.166491,-2.415857,-1.4203562,1.3423982,1.5034168,-0.1462513,-0.22495471,-0.2119137,0.9325524,0.6754964,0.30780047,1.1368308,1.9019058,-0.46628842,0.06301814,0.95105654,0.309017,0.5,0.8660254,1.2246469e-16,-1.0,0.0,1.0,0.0,0.0,0.0
2025-01-22 08:00:00,3.0,-0.13240407,0.077821575,0.22411376,1.0678107,-0.92008555,-0.9547019,-0.9366382,0.018865244,-1.984934,-2.3932421,-2.6404912,-1.8203079,1.3049884,1.4607205,-0.3928391,-0.05146425,-0.013699902,1.4524333,0.9323629,0.24587175,0.9913786,1.9611348,-1.2166295,0.26478288,0.95105654,0.309017,0.5,0.8660254,-0.8660254,-0.5,0.0,0.0,1.0,0.0,0.0
2025-01-22 12:00:00,3.0,2.8305917,1.3652608,-0.778732,-0.9419058,2.1987553,-0.14145064,0.92061627,2.2296453,0.26734933,-0.69831675,-1.3522195,1.393286,2.064222,2.2783532,0.35257024,1.3534582,1.0815678,2.077709,1.9774792,1.1224518,1.9020842,1.9612931,1.4814825,0.16717832,0.58778524,-0.809017,0.5,0.8660254,0.8660254,-0.5,0.0,1.0,0.0,0.0,0.0
2025-01-22 16:00:00,3.0,-0.5790103,-1.2407656,1.1037847,-1.5015023,-0.004939329,0.60181713,-0.050914522,0.1542293,-0.004867479,-0.7616941,-1.360493,0.9506558,1.6363933,1.9066573,0.56843114,1.1501788,0.79608077,1.9104687,1.5531546,0.87903017,1.3854991,1.7061487,0.045658447,-0.0036516692,0.58778524,-0.809017,0.5,0.8660254,1.2246469e-16,-1.0,0.0,1.0,0.0,0.0,0.0
2025-01-23 08:00:00,3.0,-0.009493346,0.4497988,-1.229366,1.7247239,-0.5940547,-0.66041714,-0.8359368,0.01510906,-0.61517584,-1.1523352,-1.6680295,0.17130919,1.6109638,1.8692611,0.6890244,1.1257814,0.6842948,1.441424,1.5559064,0.8032511,1.3564087,1.7846208,-0.69400835,-0.08318265,0.58778524,-0.809017,0.5,0.8660254,-0.8660254,-0.5,0.0,0.0,1.0,0.0,0.0
2025-01-23 12:00:00,3.0,-0.834192,0.475061,1.4669071,-1.1276808,1.17345,-0.20042387,-0.11292674,-2.270319,0.03533844,-0.59264076,-1.1825835,0.893218,1.0183947,1.3845215,0.3236977,0.6759162,0.34626278,1.1826863,1.4467657,0.4769925,0.5822619,1.2236038,1.0774239,-0.02557533,-0.58778524,-0.809017,0.5,0.8660254,0.8660254,-0.5,0.0,1.0,0.0,0.0,0.0
2025-01-23 16:00:00,3.0,-0.03479523,0.46290445,-1.056858,1.3577533,-0.60888946,0.55761445,-0.052393768,-0.015972693,-0.55917513,-0.9776295,-1.4697331,0.14873786,1.0357314,1.3797826,0.10598153,0.7252911,0.51520824,1.2046335,2.0374055,0.50308627,0.54388356,1.3055046,-0.69444245,-0.056769516,-0.58778524,-0.809017,0.5,0.8660254,1.2246469e-16,-1.0,0.0,1.0,0.0,0.0,0.0
2025-01-24 08:00:00,3.0,0.20370804,1.2549472,-0.42785287,-1.0217696,-0.52912456,-0.33848906,-0.7233141,0.02887277,-0.99594265,-1.3021494,-1.7266287,-0.40200832,1.123196,1.4382397,-0.030880205,-0.6721329,0.5072242,0.83705145,2.039989,0.5925778,0.6788379,1.4547403,-0.6506163,0.2854311,-0.58778524,-0.809017,0.5,0.8660254,-0.8660254,-0.5,0.0,0.0,1.0,0.0,0.0
2025-01-24 12:00:00,3.0,0.7651974,-0.06913265,-0.32340443,1.7141668,0.940348,0.1544366,-0.24902911,1.5335668,-0.6247817,-1.0425185,-1.5450118,0.1236688,1.3443433,1.6266938,0.05798025,0.03684673,0.913049,0.5741524,2.211442,0.8371034,1.0135379,1.5063477,0.71817875,-0.7580796,-0.95105654,0.309017,0.5,0.8660254,0.8660254,-0.5,0.0,1.0,0.0,0.0,0.0
2025-01-24 16:00:00,3.0,-0.93949956,-1.5410384,-0.87869716,0.09062223,0.20349707,1.2589431,-0.030879652,-0.08865643,-0.626481,-1.0021948,-1.4670148,0.08717043,0.83491975,1.2270186,-0.22273873,-0.45403224,0.5885708,0.3737673,2.7227576,0.40062487,0.48649287,1.1967098,0.13283831,-0.5990861,-0.95105654,0.309017,0.5,0.8660254,1.2246469e-16,-1.0,0.0,1.0,0.0,0.0,0.0
2025-01-27 08:00:00,4.0,0.10626147,1.253047,-0.18705542,-1.2084382,-0.76242185,-1.2878723,-1.0119236,-0.042492867,-1.1512604,-1.3805455,-1.742836,-0.58448565,0.90565497,1.2680687,-0.40874457,0.09414784,0.6331126,0.26558724,1.874441,0.39571506,0.65980417,1.3440645,-0.8977628,-0.74277556,-0.95105654,0.309017,0.5,0.8660254,-0.8660254,-0.5,0.0,0.0,1.0,0.0,0.0
2025-01-27 12:00:00,4.0,-3.0,-0.980093,0.924187,-0.49151155,2.9238968,0.72742116,2.8938878,-3.0,1.4212612,0.6079576,-0.11083014,2.2355275,-0.9340033,-0.27845582,-1.4827496,-1.6324983,-0.62379664,-0.4249924,0.91649497,-1.1766348,-1.359325,-0.0660655,1.6329023,0.058674928,0.0,1.0,0.5,0.8660254,0.8660254,-0.5,0.0,1.0,0.0,0.0,0.0
2025-01-27 16:00:00,4.0,1.9164913,1.2950814,-0.35729817,-1.1551841,1.8858315,1.6329625,-0.1834208,0.03069745,2.311709,1.4914491,0.6028299,2.8032608,-0.19034001,0.31048882,-1.4387547,-0.68072784,-1.0866283,0.08964959,1.7319652,-0.14884154,-0.48772725,0.20293657,1.4827336,-1.6839547,0.0,1.0,0.5,0.8660254,1.2246469e-16,-1.0,0.0,1.0,0.0,0.0,0.0
2025-01-28 08:00:00,4.0,-0.71748054,-1.6735371,-0.19515063,-0.951879,-0.43419954,-0.9561581,-0.93328226,-0.015057426,1.2986904,0.9741547,0.33437803,1.6282195,-0.46309003,0.058653127,-1.7176389,-1.5153239,-1.1616218,-0.16409424,1.5283043,-0.5539247,-0.802217,0.09594059,-0.46702883,-1.6436017,0.0,1.0,0.5,0.8660254,-0.8660254,-0.5,0.0,0.0,1.0,0.0,0.0
2025-01-28 12:00:00,4.0,0.22421125,-1.6329236,-0.9273809,-0.33246112,2.7004118,0.63696647,0.68089706,3.0,3.0,3.0,2.2213335,3.0,-0.33481187,0.16246144,-1.4669486,-0.88911057,-1.0907861,-0.18720534,1.580487,-0.3925759,-0.82255256,-0.19002937,1.5488664,-1.7320007,0.95105654,0.309017,0.5,0.8660254,0.8660254,-0.5,0.0,1.0,0.0,0.0,0.0
2025-01-28 16:00:00,4.0,-0.07494495,-0.18048413,-1.1517947,2.631527,0.86993587,2.735393,0.32512134,-0.0030837734,3.0,3.0,2.644014,2.832178,-0.3002919,0.18240878,-1.3936421,-0.9743769,-0.73218864,-0.21638447,1.109386,-0.39543518,-0.85819846,-0.2779141,1.3240076,-1.6644102,0.95105654,0.309017,0.5,0.8660254,1.2246469e-16,-1.0,0.0,1.0,0.0,0.0,0.0
2025-01-29 08:00:00,4.0,0.1188834,0.47845557,0.7072033,-0.26015884,-0.4835394,-0.4481418,-0.90612936,-0.037315916,2.1659408,2.4214048,2.1460779,1.6848742,-0.19190869,0.26014394,-1.3590894,0.80176044,-0.6619953,-0.03554994,1.2258332,-0.26282266,-0.7817206,-0.21389005,-0.35200787,-1.5759909,0.95105654,0.309017,0.5,0.8660254,-0.8660254,-0.5,0.0,0.0,1.0,0.0,0.0
2025-01-29 12:00:00,4.0,2.5682752,0.951514,-0.96494395,0.078920595,1.6294975,-0.44206244,-0.48167104,0.46854052,3.0,3.0,2.895108,2.3473983,0.6817575,1.0070989,-0.65496534,1.2048779,0.4636148,0.7482238,1.9019289,1.3534315,0.04273978,0.054034617,1.4393115,-0.9951372,0.58778524,-0.809017,0.5,0.8660254,0.8660254,-0.5,0.0,1.0,0.0,0.0,0.0
2025-01-29 16:00:00,4.0,-1.0615845,-1.7590914,-1.2772216,-0.19778171,-0.45671502,0.41048887,-0.00874318,-0.08944718,2.1323295,2.539805,2.5255897,1.4330747,0.16473871,0.55404615,-0.48461583,0.9858399,-0.40530267,0.47960663,1.7950909,0.57775927,-0.31956384,-0.087014385,0.0794157,-0.84773564,0.58778524,-0.809017,0.5,0.8660254,1.2246469e-16,-1.0,0.0,1.0,0.0,0.0,0.0
2025-01-30 08:00:00,4.0,-0.3754766,-0.72913927,-0.16192012,1.190164,-0.86413985,-1.0949954,-0.8982022,-0.09182302,1.0749879,1.743816,1.9330189,0.44484964,0.06264335,0.4669999,-0.44222012,0.6560007,-0.17405401,0.36021817,1.8978355,0.33730882,-0.408077,-0.057262793,-0.97551143,-0.83846754,0.58778524,-0.809017,0.5,0.8660254,-0.8660254,-0.5,0.0,0.0,1.0,0.0,0.0
2025-01-30 12:00:00,4.0,-0.08580762,-1.1230601,-0.5263331,0.5632349,-0.14201707,-0.7975027,-0.26559767,1.1453464,0.91673195,1.5702015,1.8289262,0.27654195,0.09171144,0.48921162,-0.44212452,0.6552826,-0.26088786,0.3385246,1.7491823,0.31748694,-0.46107692,-0.07901937,0.52988285,-0.7972362,-0.58778524,-0.809017,0.5,0.8660254,0.8660254,-0.5,0.0,1.0,0.0,0.0,0.0
2025-01-30 16:00:00,4.0,-0.26747164,-0.34692225,-0.28394082,1.9599696,-0.06729738,0.41166583,0.4236923,-0.0027745548,0.897316,1.504399,1.8091234,0.23963036,0.049211644,0.45052725,-0.50765604,0.44464448,1.0564944,0.29362977,1.5760342,0.20575435,-0.6093166,-0.15742877,0.7360171,-0.7614578,-0.58778524,-0.809017,0.5,0.8660254,1.2246469e-16,-1.0,0.0,1.0,0.0,0.0,0.0
2025-01-31 08:00:00,4.0,0.13109504,1.0355424,-0.44411272,-0.51534784,-0.7786606,-1.2532986,-0.95030195,-0.1089776,0.24922495,0.9641942,1.3682534,-0.3858837,0.17464161,0.54385984,-0.5056678,-0.9445048,0.23135322,-0.7675537,1.5749443,0.30572888,-0.4145853,-0.025805783,-0.7799874,-1.0091244,-0.58778524,-0.809017,0.5,0.8660254,-0.8660254,-0.5,0.0,0.0,1.0,0.0,0.0
2025-01-31 12:00:00,4.0,0.21837613,0.14518371,0.74410206,0.3592677,-0.44627956,-0.60991716,0.28559864,0.2989184,0.029739482,0.705997,1.1442771,-0.57055163,0.341205,0.6805721,-0.44737008,-0.2230195,0.67651266,-0.49132183,1.982121,0.43002474,-0.23013455,0.07246116,0.08883162,-0.76303476,-0.95105654,0.309017,0.5,0.8660254,0.8660254,-0.5,0.0,1.0,0.0,0.0,0.0
2025-01-31 16:00:00,3.0,-0.36582524,0.26425588,-0.0966979,0.7801625,-0.7315359,0.5997712,0.28714553,-0.48601827,-0.35432893,0.32937562,0.8287855,-0.94029564,0.24105446,0.61326367,-0.50499636,-0.21284698,0.4049978,-0.6996842,1.8816005,0.11197785,-0.31266195,0.07747163,-0.7062922,-0.7928529,-0.95105654,0.309017,0.5,0.8660254,1.2246469e-16,-1.0,0.0,1.0,0.0,0.0,0.0
2025-02-03 08:00:00,4.0,-0.26849705,-0.304015,-0.4408036,2.1578188,-0.9258982,-1.0825654,-0.9299893,-0.06019526,-0.85066825,-0.15904441,0.40096086,-1.4424741,0.21617487,0.60536456,-0.62767917,-0.31961063,0.327262,-0.47677138,1.7932774,-0.123935394,-0.32602876,0.17381862,-1.3895193,-0.71919644,-0.95105654,0.309017,0.5,0.8660254,-0.8660254,-0.5,0.0,0.0,1.0,0.0,0.0
2025-02-03 12:00:00,4.0,-2.0158613,1.2366598,-0.82780635,-0.68751806,0.45610014,-0.50358075,0.091653705,-3.0,0.9207823,1.089365,1.4532505,0.42529628,-1.6376419,-0.795666,-1.2321837,-1.3585578,-0.812843,-1.5718577,1.2293153,-1.9591191,-1.8315272,-0.8766199,1.1053677,0.031564616,0.0,1.0,0.8660254,0.5,0.8660254,-0.5,0.0,1.0,0.0,0.0,0.0
2025-02-03 16:00:00,4.0,-1.0894377,-1.2992657,-0.42282093,0.045737877,0.05288466,1.7074015,0.9719978,0.05278956,0.9979525,1.1913556,1.5698875,0.43882242,-2.3155959,-1.4685483,-1.7861019,-2.0250933,-2.6882362,-2.283526,0.81054157,-2.687302,-2.2892702,-1.2363929,0.8403344,0.20896164,0.0,1.0,0.8660254,0.5,1.2246469e-16,-1.0,0.0,1.0,0.0,0.0,0.0
2025-02-04 08:00:00,4.0,-0.13532959,0.38290116,-0.18205029,0.6289337,-0.808406,-0.78769076,-0.95411587,-0.15333013,0.31364897,0.70119023,1.1779041,-0.22792888,-2.212023,-1.480823,-2.1585019,-2.1376023,-2.1379225,-2.7138808,0.73870707,-2.4344256,-2.1817594,-1.2346202,-0.82511264,0.20965767,0.0,1.0,0.8660254,0.5,-0.8660254,-0.5,0.0,0.0,1.0,0.0,0.0
2025-02-04 12:00:00,4.0,0.6858705,1.1619369,-0.817715,-0.48340955,-0.20660116,-0.5151592,-0.28726262,-0.17325436,0.27688405,0.6237819,1.0800956,-0.22481449,-1.5290977,-1.0319514,-2.0264945,-1.5682855,-1.5783969,-1.8442343,0.46435004,-1.6642406,-1.6185268,-1.0176104,0.43164894,0.3137126,0.95105654,0.309017,0.8660254,0.5,0.8660254,-0.5,0.0,1.0,0.0,0.0,0.0
2025-02-04 16:00:00,4.0,0.42287183,0.88742495,0.49571076,-0.92337966,-0.59015703,-0.03854919,-0.114255235,0.121939145,-0.03996663,0.34492755,0.82794005,-0.515128,-1.1060362,-0.7391147,-1.8017936,-1.2011931,-1.3120371,-1.6558952,0.63941234,-1.1162331,-1.2314544,-0.8351254,-0.22592549,0.47541666,0.95105654,0.309017,0.8660254,0.5,1.2246469e-16,-1.0,0.0,1.0,0.0,0.0,0.0
2025-02-05 08:00:00,4.0,0.23169476,1.2899553,-0.9820199,-0.66057247,-0.8518259,-1.0845464,-0.93229717,0.11936982,-0.5331333,-0.08599846,0.44939598,-1.0027113,-0.82510793,-0.53778154,-1.5717486,0.045553405,-1.0621338,-0.0062943245,0.5650451,-0.76282525,-1.0226649,-0.65440094,-1.0880737,0.19298439,0.95105654,0.309017,0.8660254,0.5,-0.8660254,-0.5,0.0,0.0,1.0,0.0,0.0
2025-02-05 12:00:00,4.0,0.4069077,1.2088256,-0.6681731,-0.73295486,0.09352166,-0.7175863,0.018542498,-0.7005628,-0.2621118,0.024804736,0.4878832,-0.63398373,-0.46877548,-0.2550727,-1.1488366,0.91255075,-0.9398636,-0.754113,0.27266538,-0.24284557,-0.73512703,-0.56989807,0.6659266,2.4586194,0.58778524,-0.809017,0.8660254,0.5,0.8660254,-0.5,0.0,1.0,0.0,0.0,0.0
2025-02-05 16:00:00,3.0,0.62436074,0.8019523,0.168886,-0.56160957,-0.05762813,0.31434175,0.5961257,0.06066758,-0.1571715,0.0428361,0.456069,-0.4657789,-0.032161802,0.110162996,-0.6658417,1.3381071,-0.76660067,-0.09530927,0.6208249,0.5392652,-0.3403109,-0.38681892,0.57294995,2.2940106,0.58778524,-0.809017,0.8660254,0.5,1.2246469e-16,-1.0,0.0,1.0,0.0,0.0,0.0
2025-02-06 08:00:00,3.0,0.093214504,0.9703293,-0.99697924,-0.09221032,-0.8437905,-0.85514027,-0.9193988,0.0015273449,-0.6002009,-0.32622147,0.13012588,-0.9314991,0.11757954,0.2330174,-0.28530118,0.9885468,-0.5590845,-0.16138847,0.71066654,0.68325996,-0.15243036,-0.21047655,-0.958836,2.1451678,0.58778524,-0.809017,0.8660254,0.5,-0.8660254,-0.5,0.0,0.0,1.0,0.0,0.0
2025-02-06 12:00:00,3.0,-0.53697217,-1.449064,0.9064261,-1.09076,0.5606479,-0.6234309,-0.19676647,0.76986283,-0.20106606,-0.08793165,0.29136267,-0.42543072,-0.21207659,-0.05579185,-0.17022973,0.4544241,-0.6949346,-0.38709632,0.5445417,0.17554568,-0.5571306,-0.53530973,0.9431169,1.9354451,-0.58778524,-0.809017,0.8660254,0.5,0.8660254,-0.5,0.0,1.0,0.0,0.0,0.0
2025-02-06 16:00:00,3.0,0.41059902,0.7317619,0.2643224,-0.5126913,-0.009820532,1.0209869,0.7305141,-0.06632809,-0.20158574,-0.1208397,0.22425896,-0.38378042,0.12052956,0.22438487,0.056186605,0.5468054,0.52445453,-0.24604854,0.69134545,0.7551913,-0.2626527,-0.38864297,0.37502655,1.8884484,-0.58778524,-0.809017,0.8660254,0.5,1.2246469e-16,-1.0,0.0,1.0,0.0,0.0,0.0
2025-02-07 08:00:00,3.0,0.63723236,1.2972937,-0.45472243,-1.1793135,-0.20100476,-0.68170035,-0.90048796,0.020504277,-0.35703582,-0.26846606,0.060330212,-0.5173701,0.52968985,0.598939,0.44105643,0.6764072,1.3788298,-1.2565138,0.8286624,1.2844167,0.30630422,-0.084307685,0.009127018,1.7000719,-0.58778524,-0.809017,0.8660254,0.5,-0.8660254,-0.5,0.0,0.0,1.0,0.0,0.0
2025-02-07 12:00:00,4.0,0.017129863,0.024482343,-0.24463302,1.2982192,0.34299335,-0.4380894,-0.31496128,-0.020132584,-0.27850333,-0.24096167,0.048536062,-0.3887002,0.6312521,0.68588024,0.6716219,0.34237635,1.4492648,-0.697458,0.59689283,1.0276902,0.35403,-0.090698786,0.42947778,1.5467665,-0.95105654,0.309017,0.8660254,0.5,0.8660254,-0.5,0.0,1.0,0.0,0.0,0.0
2025-02-07 16:00:00,3.0,-1.1952773,-1.3734381,-0.7510057,0.30315834,0.96280485,1.0562651,0.51203954,-0.10325497,0.042983532,-0.0024954977,0.24085407,-0.028767753,-0.4034057,-0.20737514,0.36163786,-0.36674735,0.53933746,-1.0755739,0.48368815,-0.120195426,-0.4489745,-0.65017974,0.9301759,1.7172915,-0.95105654,0.309017,0.8660254,0.5,1.2246469e-16,-1.0,0.0,1.0,0.0,0.0,0.0
2025-02-10 08:00:00,3.0,-0.88817203,-2.1564043,-1.2856973,-1.1407506,-0.8597863,-1.1658945,-1.0218056,-0.044492967,-0.31926775,-0.25212878,0.045424927,-0.44945621,-1.0229396,-0.7963307,-0.100695156,-0.56297237,-0.09416134,-1.4357876,0.27503467,-0.85138875,-0.88794106,-0.8880475,-0.7729738,1.6609967,-0.95105654,0.309017,0.8660254,0.5,-0.8660254,-0.5,0.0,0.0,1.0,0.0,0.0
2025-02-10 12:00:00,3.0,-0.27304,-1.2142762,0.56444514,-0.44173652,0.55579495,-0.021295011,1.3363439,0.77143395,-0.15886371,-0.15425348,0.100377984,-0.239493,-1.0821182,-0.8832105,-0.48978168,-0.93860203,-0.33704138,-1.4138271,0.7282773,-0.970358,-0.9819195,-1.0219985,0.6565134,1.6199312,0.0,1.0,0.8660254,0.5,0.8660254,-0.5,0.0,1.0,0.0,0.0,0.0
2025-02-10 16:00:00,3.0,0.113531895,0.6010128,1.3459775,-0.91752857,-0.56697625,0.09789723,-0.36361432,-0.11299491,-0.39398348,-0.34121045,-0.07692047,-0.48782697,-0.87242806,-0.7422378,-0.67936623,-1.2251004,-0.49470928,-1.4087187,0.6332806,-0.7380458,-0.77333635,-0.90580946,-0.4067076,1.541692,0.0,1.0,0.8660254,0.5,1.2246469e-16,-1.0,0.0,1.0,0.0,0.0,0.0
2025-02-11 08:00:00,3.0,0.053559303,1.053238,-0.28097856,-0.7842749,-1.250012,-0.8480246,-0.82829505,-0.05341263,-0.81980324,-0.68908614,-0.39153528,-0.9783355,-0.70372045,-0.63257444,-0.77569646,-1.2227111,-0.78844607,-1.4598554,0.7474514,-0.56635016,-0.53976613,-0.72856367,-1.4022044,1.4553204,0.0,1.0,0.8660254,0.5,-0.8660254,-0.5,0.0,0.0,1.0,0.0,0.0
2025-02-11 12:00:00,3.0,0.7357672,0.9807288,-0.07484369,-0.7722216,-0.2046884,-0.5555764,-0.23685423,0.24270195,-0.725021,-0.6889012,-0.45727643,-0.7826438,-0.116412885,-0.106890246,-0.47986323,-0.16705495,-0.48499715,-0.9736057,0.50151867,0.11062966,0.091715366,-0.3782827,0.07996111,1.6075544,0.95105654,0.309017,0.8660254,0.5,0.8660254,-0.5,0.0,1.0,0.0,0.0,0.0
2025-02-11 16:00:00,3.0,1.6249082,1.4317786,-1.327069,-0.9347393,1.5869043,1.7260728,1.316326,-0.22504157,-0.1157063,-0.29672307,-0.22052644,0.05311239,0.77811813,0.860393,0.29956353,1.2011198,0.5770425,-0.13856113,1.0055335,1.165489,1.0361724,0.097068235,1.2240978,1.5616606,0.95105654,0.309017,0.8660254,0.5,1.2246469e-16,-1.0,0.0,1.0,0.0,0.0,0.0
2025-02-12 08:00:00,3.0,-0.04858588,0.729741,1.2681583,-1.2402816,-1.4568309,-0.52684146,-0.90827596,-0.021634314,-0.64180106,-0.6708319,-0.53927124,-0.59025764,0.84152895,0.9424982,0.8447985,1.3048451,0.34829274,0.80514073,1.0951618,0.89317125,1.1945813,0.34696487,-1.5106623,0.7119087,0.95105654,0.309017,0.8660254,0.5,-0.8660254,-0.5,0.0,0.0,1.0,0.0,0.0
2025-02-12 12:00:00,3.0,0.930216,0.17551959,-0.7392701,1.3976882,0.665686,1.662069,0.7697199,0.8408779,-0.43579978,-0.55763257,-0.5035781,-0.26791906,1.2536649,1.4573914,1.3838749,1.706443,0.47527063,1.7029737,0.89031154,1.2990927,1.5914736,0.66540885,0.7128596,0.12562667,0.58778524,-0.809017,0.8660254,0.5,0.8660254,-0.5,0.0,1.0,0.0,0.0,0.0
2025-02-12 16:00:00,3.0,-1.0070282,-1.058248,-1.072543,1.217294,1.7106562,1.7779435,-0.3434817,0.00427998,0.13945222,-0.12283303,-0.15509285,0.41441327,0.4350409,0.62042725,1.1802994,1.2085506,-0.009793145,1.3550172,-0.06925049,0.63097227,0.55128616,-0.06457457,1.2644447,0.6594635,0.58778524,-0.809017,0.8660254,0.5,1.2246469e-16,-1.0,0.0,1.0,0.0,0.0,0.0
2025-02-13 08:00:00,3.0,-0.09649948,0.46287376,1.7908403,-0.90097594,-1.4069406,-1.2987883,-1.043279,-0.051678866,-0.48014227,-0.54035425,-0.4935908,-0.35158587,0.49595338,0.67244816,1.2311958,0.7793853,0.5494562,0.9916037,-0.05912861,0.53551084,0.65081066,0.17444876,-1.7208631,0.48245582,0.58778524,-0.809017,0.8660254,0.5,-0.8660254,-0.5,0.0,0.0,1.0,0.0,0.0
2025-02-13 12:00:00,3.0,0.28680164,0.6569593,-0.5574789,0.24328676,1.3639178,0.806148,3.0,-0.7446312,0.035956495,-0.17646377,-0.22918928,0.30668616,0.7226125,0.908893,1.0857574,0.044009194,1.1384418,0.91993296,-0.14497566,0.6783487,0.56644034,0.042114653,1.1697662,0.43149614,-0.58778524,-0.809017,0.8660254,0.5,0.8660254,-0.5,0.0,1.0,0.0,0.0,0.0
2025-02-13 16:00:00,3.0,0.21871027,0.58766466,-0.62236875,0.38785973,-0.27273348,1.0659338,-0.32801905,-0.1436768,-0.14093685,-0.2803866,-0.32098612,0.08881216,0.90190977,1.0964997,1.1319723,0.19344775,1.3946401,0.9005811,0.1743631,0.7296685,0.69541544,0.19415106,0.15775472,0.40685672,-0.58778524,-0.809017,0.8660254,0.5,1.2246469e-16,-1.0,0.0,1.0,0.0,0.0,0.0
2025-02-14 08:00:00,3.0,-0.3592475,-0.97185254,1.791309,-0.46855968,-1.2250881,-1.2229125,-0.94710666,-0.03040813,-0.6399324,-0.63525957,-0.6083323,-0.5433913,0.7462519,0.9358356,1.0851172,-0.5325437,1.1810486,0.5665082,0.014355631,0.38544202,0.62231445,0.33223528,-1.4495575,0.27583385,-0.58778524,-0.809017,0.8660254,0.5,-0.8660254,-0.5,0.0,0.0,1.0,0.0,0.0
2025-02-14 12:00:00,3.0,-1.2615098,-0.99764174,1.450829,-0.3646346,0.17681077,1.1309752,2.6805794,-0.6973751,-0.50410855,-0.5520927,-0.54038507,-0.35708162,-0.42353636,-0.18311219,0.39097446,-0.6779625,0.5491173,-0.24389297,-0.53151155,-0.55508345,-0.31236482,-0.2648344,0.32911047,-0.115173936,-0.95105654,0.309017,0.8660254,0.5,0.8660254,-0.5,0.0,1.0,0.0,0.0,0.0
2025-02-14 16:00:00,3.0,-1.228726,-1.6941544,0.16874948,-1.1828383,0.11255224,0.7067911,-0.5150538,-0.10772457,-0.39965528,-0.47874388,-0.47659236,-0.22498241,-1.3720812,-1.1790287,-0.58508605,-1.3011278,-0.4648145,-0.8092989,-1.1652172,-1.4238645,-1.1575772,-0.8177617,0.25890923,-0.14222038,-0.95105654,0.309017,0.8660254,0.5,1.2246469e-16,-1.0,0.0,1.0,0.0,0.0,0.0
2025-02-17 08:00:00,3.0,-0.053884197,0.24928278,0.05527122,0.869656,-1.129598,-1.1920234,-0.91025627,-0.02223222,-0.8179736,-0.79806983,-0.75195396,-0.75433666,-1.2440169,-1.0696812,-1.3156233,-1.4610846,-1.3532672,-0.5939421,-1.2146598,-1.3814033,-1.116459,-0.65558684,-1.2809829,0.018427089,-0.95105654,0.309017,0.8660254,0.5,-0.8660254,-0.5,0.0,0.0,1.0,0.0,0.0
2025-02-17 12:00:00,3.0,0.6003989,0.7423084,-0.96653664,0.3853782,0.13113199,-0.87749505,-0.20165335,0.089584336,-0.6994934,-0.7627813,-0.76991963,-0.52931464,-0.7055626,-0.59227884,-1.3836441,-1.232159,-1.0193236,-0.519385,-0.7949542,-0.81745356,-0.59966606,-0.3510551,0.12900245,-0.095015,0.0,1.0,0.8660254,0.5,0.8660254,-0.5,0.0,1.0,0.0,0.0,0.0
2025-02-17 16:00:00,3.0,0.4669436,1.113134,-1.012852,-0.4338999,-0.2945105,-0.5292451,-0.14084499,-0.10879142,-0.76684916,-0.8466261,-0.87621635,-0.5710592,-0.29498878,-0.21086425,-1.1779552,-0.7854583,-1.2488272,-0.60321975,-0.7299497,-0.3827361,-0.1431896,-0.033606134,-0.3244806,0.0002807767,0.0,1.0,0.8660254,0.5,1.2246469e-16,-1.0,0.0,1.0,0.0,0.0,0.0
2025-02-18 08:00:00,3.0,-0.03406188,0.86630857,0.4241705,-0.8811316,-1.2689476,-1.2832139,-0.87662995,-0.023231667,-1.2173316,-1.2088001,-1.1974572,-1.1875669,-0.1809052,-0.10861399,-1.0937709,-0.13347566,-0.7506023,-0.623284,-0.6629549,-0.37343132,0.049220547,0.28463584,-1.8473496,0.02833462,0.0,1.0,0.8660254,0.5,-0.8660254,-0.5,0.0,0.0,1.0,0.0,0.0
2025-02-18 12:00:00,3.0,-0.73677135,-0.8215477,-1.317635,1.9110827,-0.07146849,-0.4357958,1.1903464,-0.34891644,-0.95439374,-1.0727165,-1.1208227,-0.73714197,-0.7340732,-0.64787495,-1.2047374,0.12910017,-1.077094,-0.40912232,-1.0549966,-0.92200273,-0.6348648,-0.21849899,-0.1751797,-0.48433194,0.95105654,0.309017,0.8660254,0.5,0.8660254,-0.5,0.0,1.0,0.0,0.0,0.0
2025-02-18 16:00:00,3.0,-0.14321792,-0.2406064,3.0,-0.5673764,0.14839299,0.2879123,0.061175458,-0.035788883,-0.8380597,-1.0231913,-1.1184279,-0.51747596,-0.6754656,-0.59895605,-1.2665843,0.08056999,-1.2816243,-0.074377045,-1.1704208,-0.97423613,-0.7673538,-0.3015257,0.052912425,-0.747985,0.95105654,0.309017,0.8660254,0.5,1.2246469e-16,-1.0,0.0,1.0,0.0,0.0,0.0
2025-02-19 08:00:00,3.0,-0.41027504,-1.1394031,0.03026006,0.30531618,-0.91567487,-1.2271698,-0.9687469,-0.035803184,-1.1802999,-1.2966702,-1.3664858,-0.9918434,-0.89427704,-0.80724293,-1.5400808,-0.4659425,-1.5676973,-0.1356309,-1.3389956,-1.2895199,-1.0832424,-0.36505255,-1.301891,-0.7149628,0.95105654,0.309017,0.8660254,0.5,-0.8660254,-0.5,0.0,0.0,1.0,0.0,0.0
2025-02-19 12:00:00,4.0,0.8588688,-1.5543873,-0.8566593,-0.12808263,1.3512489,-0.14131854,1.9011544,2.5241961,-0.30484298,-0.7027297,-0.95255464,0.33241707,-0.19422206,-0.20415992,-0.9768789,-0.2957466,-1.0029316,0.16844632,-2.4177663,-0.2746882,-0.5425,-0.28284195,1.1506963,-0.89496475,0.58778524,-0.809017,0.8660254,0.5,0.8660254,-0.5,0.0,1.0,0.0,0.0,0.0
2025-02-19 16:00:00,3.0,-2.4326463,-1.7422309,-0.61476874,-0.79232025,1.9560338,1.5649837,0.50862306,-0.051547967,0.61862063,0.049027056,-0.30968866,1.3276634,-2.240685,-2.2970862,-1.39535,-1.5594583,-1.5425618,-0.99923986,-3.0,-3.0,-2.2597945,-1.8079791,1.4614248,-0.71027476,0.58778524,-0.809017,0.8660254,0.5,1.2246469e-16,-1.0,0.0,1.0,0.0,0.0,0.0
2025-02-20 08:00:00,3.0,-0.04352252,0.068444066,3.0,-1.0587103,-0.86813974,-1.0508839,-0.97538304,-0.051529784,-0.043466013,-0.33790764,-0.60095525,0.46607175,-2.1021886,-2.1568315,-1.8422704,-1.1830523,-0.95366985,-1.4061095,-2.8357763,-3.0,-2.242692,-1.7506698,-1.1488125,-0.7030851,0.58778524,-0.809017,0.8660254,0.5,-0.8660254,-0.5,0.0,0.0,1.0,0.0,0.0
2025-02-20 12:00:00,3.0,0.27408773,-0.3096144,2.6837933,-0.100097984,-0.31656793,-0.65428036,0.040186916,0.4213102,-0.23556916,-0.4489824,-0.69543266,0.21126904,-1.7043171,-1.8073764,-1.845661,-0.9589283,-0.7933003,-2.0735533,-2.246994,-2.427511,-1.8517061,-1.5332778,-0.5327988,-0.4065009,-0.58778524,-0.809017,0.8660254,0.5,0.8660254,-0.5,0.0,1.0,0.0,0.0,0.0
2025-02-20 16:00:00,3.0,-0.9997057,-1.3008336,-0.6263361,0.12582663,0.3583461,0.9536317,0.9870776,-0.031401925,-0.11659117,-0.33223948,-0.5839908,0.3191768,-2.2488167,-2.3885837,-1.9646146,-1.2573283,-1.5431082,-2.4769425,-2.4840593,-3.0,-2.2705455,-2.040185,0.5510856,-0.008046443,-0.58778524,-0.809017,0.8660254,0.5,1.2246469e-16,-1.0,0.0,1.0,0.0,0.0,0.0
2025-02-21 08:00:00,3.0,-0.08951495,-0.13053358,2.13283,0.1827825,-0.7843878,-0.7615169,-0.9070969,-0.05954341,-0.56993586,-0.65328836,-0.8494402,-0.26449585,-2.1192334,-2.2472932,-2.1079159,-1.6952922,-1.7716377,-2.804508,-2.4627821,-2.541982,-2.1270037,-1.9870752,-1.0884078,0.018507937,-0.58778524,-0.809017,0.8660254,0.5,-0.8660254,-0.5,0.0,0.0,1.0,0.0,0.0
2025-02-21 12:00:00,3.0,0.41441432,1.2642889,-0.98216605,-0.5834042,0.6321429,1.7685227,2.149103,-0.9339674,-0.3353333,-0.5041067,-0.7555847,0.067349784,-1.6524558,-1.860524,-1.7241505,-0.23198964,-1.5580611,-2.1020308,-2.4819188,-1.7998669,-1.6250718,-1.7791598,0.6441315,-0.22407459,-0.95105654,0.309017,0.8660254,0.5,0.8660254,-0.5,0.0,1.0,0.0,0.0,0.0
2025-02-21 16:00:00,3.0,-1.2614489,-1.3044636,-0.15871178,-0.2714656,0.51767755,1.6301644,-0.41974455,-0.24961281,-0.14495866,-0.34067854,-0.60153013,0.2647475,-2.3493676,-2.5801249,-1.7496262,-0.8553239,-1.7553803,-2.4715197,-2.4770298,-2.4779937,-2.1704888,-2.4516377,0.573813,0.17265047,-0.95105654,0.309017,0.8660254,0.5,1.2246469e-16,-1.0,0.0,1.0,0.0,0.0,0.0
2025-02-24 08:00:00,3.0,-0.32133645,-1.1067001,-0.18840593,0.1394938,-0.9863659,-0.861281,-0.95958334,-0.009833571,-0.67321837,-0.7249673,-0.9249271,-0.40667468,-2.352709,-2.5691712,-1.9492537,-1.1481665,-1.8015888,-2.5673535,-2.476068,-2.2626479,-2.213524,-2.599206,-1.321858,-0.17015916,-0.95105654,0.309017,0.8660254,0.5,-0.8660254,-0.5,0.0,0.0,1.0,0.0,0.0
2025-02-24 12:00:00,4.0,0.8280265,0.5238306,-0.4580793,0.8364761,0.9449721,-0.11087735,0.4939032,0.1417262,-0.3076866,-0.4857637,-0.7571006,0.103596434,-1.6162267,-1.95008,-1.452469,-0.26216444,-1.2635483,-2.2596617,-1.2016548,-1.4426719,-1.4314166,-1.9888116,0.8406331,-1.1313028,0.0,1.0,0.8660254,0.5,0.8660254,-0.5,0.0,1.0,0.0,0.0,0.0
2025-02-24 16:00:00,3.0,-1.5815283,-1.0870552,-0.5436053,0.45742828,1.811709,1.3053625,0.4161143,-0.09531195,0.45755902,0.1185857,-0.21431059,0.9720553,-2.2622616,-2.5884738,-1.3080006,-0.9275465,-2.148204,-2.4982636,-2.162977,-2.1464343,-1.8868028,-2.5446332,1.4504416,-1.2585193,0.0,1.0,0.8660254,0.5,1.2246469e-16,-1.0,0.0,1.0,0.0,0.0,0.0
2025-02-25 08:00:00,3.0,0.492785,1.1081586,-0.3688956,-0.7135563,-0.7403433,-0.8089599,-0.984015,-0.036358494,-0.08282017,-0.22397006,-0.48479366,0.2945349,-1.800846,-2.1600094,-1.2423459,-0.9201783,-0.9410114,-1.8437585,-1.762541,-1.5548778,-1.5250849,-2.1679797,-0.842743,-0.94863373,0.0,1.0,0.8660254,0.5,-0.8660254,-0.5,0.0,0.0,1.0,0.0,0.0
2025-02-25 12:00:00,4.0,-0.72925615,0.61552155,1.6491364,-1.3395878,0.2704376,0.06576205,0.619879,-1.6849011,-0.03168276,-0.16554782,-0.41116232,0.34680954,-1.9935917,-2.316924,-1.1778266,-0.6024649,-1.1819109,-1.5979323,-1.9501332,-1.7132186,-1.714661,-2.315511,0.27417856,-0.8386292,0.95105654,0.309017,0.8660254,0.5,0.8660254,-0.5,0.0,1.0,0.0,0.0,0.0
2025-02-25 16:00:00,4.0,-0.5422179,-0.49230725,0.9578438,0.88693315,1.660142,1.7031499,0.42287153,-0.061847795,0.7652203,0.4047802,0.06415511,1.2785379,-2.0752168,-2.3613622,-1.0058228,-0.68358666,-1.4668745,-1.6951908,-1.9880899,-1.708899,-1.6833688,-2.3196762,1.5110743,-0.76778716,0.95105654,0.309017,0.8660254,0.5,1.2246469e-16,-1.0,0.0,1.0,0.0,0.0,0.0
2025-02-26 08:00:00,4.0,-0.15061367,-0.41106272,1.020635,0.9677687,-0.6431395,-0.076599754,-0.8181743,0.08897753,0.24023086,0.118171394,-0.12833253,0.5759849,-1.9927032,-2.2420974,-1.0126956,-1.1379986,-1.1015744,-1.880325,-1.9863143,-1.5279576,-1.6269107,-2.2594845,-0.7081159,-0.858975,0.95105654,0.309017,0.8660254,0.5,-0.8660254,-0.5,0.0,0.0,1.0,0.0,0.0
2025-02-26 12:00:00,3.0,0.9715588,-0.7171435,0.5948811,0.4796826,-0.4427657,0.2353529,-0.27087316,1.5616673,0.2737982,0.13725197,-0.12925981,0.6149368,-1.385251,-1.7624338,-0.6634627,-0.028599165,-0.7580775,-1.7673821,-2.4234412,-0.9853705,-1.0915278,-1.867328,-0.49758852,-0.4264317,0.58778524,-0.809017,0.8660254,0.5,0.8660254,-0.5,0.0,1.0,0.0,0.0,0.0
2025-02-26 16:00:00,3.0,0.8064506,0.8951759,-0.6489226,-0.0021824774,-0.23512748,1.351855,0.056354936,0.03301452,0.07015077,0.016366804,-0.22652982,0.35977674,-0.9223546,-1.3825251,-0.20812584,0.07761132,-0.6658235,-1.5439813,-1.9272833,-0.49268,-0.6437926,-1.5612057,-0.020520462,-0.15376107,0.58778524,-0.809017,0.8660254,0.5,1.2246469e-16,-1.0,0.0,1.0,0.0,0.0,0.0
2025-02-27 08:00:00,4.0,0.16965109,0.5889963,0.7838815,-0.6027348,-1.3133397,-0.76085114,-0.9221811,0.068653256,-0.89166325,-0.583478,-0.637249,-0.7954971,-0.7742652,-1.2438139,0.16356243,0.49847382,-0.10215925,-1.2639347,-1.7690122,-0.28238025,-0.46671838,-1.4552466,-1.6005646,-0.3167002,0.58778524,-0.809017,0.8660254,0.5,-0.8660254,-0.5,0.0,0.0,1.0,0.0,0.0
2025-02-27 12:00:00,1.0,-1.4626408,0.84541124,-1.1508912,0.5248501,0.92405313,0.80475396,0.8218535,-2.9355314,1.1820161,0.7017875,0.26242864,1.4745373,-1.370162,-1.7326628,0.20517364,0.12722981,-0.44510546,-1.5570327,-1.9755456,-0.94428873,-0.916658,-1.825575,1.2461169,-0.098522894,-0.58778524,-0.809017,0.8660254,0.5,0.8660254,-0.5,0.0,1.0,0.0,0.0,0.0
2025-02-27 16:00:00,1.0,-2.6666641,-1.4596914,-0.7024006,0.07028418,2.596417,1.6433237,-0.1474307,0.17010996,3.0,2.4451766,1.5810298,3.0,-2.18159,-2.501253,-0.19165246,-1.0478916,-1.6714171,-2.0566678,-2.3355005,-2.060439,-1.5853931,-2.3006747,1.7529333,-0.38103837,-0.58778524,-0.809017,0.8660254,0.5,1.2246469e-16,-1.0,0.0,1.0,0.0,0.0,0.0
2025-02-28 08:00:00,1.0,-0.43747914,-1.2987717,0.68508023,-1.0329508,-0.854347,-1.2068467,-1.0235901,0.1346835,1.8453999,1.700707,1.2091037,1.5584749,-2.1699686,-2.4546118,-0.58930916,-1.637204,-1.2510751,-2.2939613,-2.3572776,-2.0196292,-1.6348063,-2.3393178,-0.90844643,-0.45190537,-0.58778524,-0.809017,0.8660254,0.5,-0.8660254,-0.5,0.0,0.0,1.0,0.0,0.0
2025-02-28 12:00:00,1.0,-1.9915166,-0.4524794,2.0135312,-0.14107177,0.29213536,-0.14734867,0.9835501,-1.9234,2.1761115,2.1206152,1.6642088,1.6765887,-2.4785862,-2.7755444,-1.0408372,-2.7282646,-2.0887494,-2.0343585,-2.6701264,-2.163723,-2.0641947,-2.5866725,0.71203476,0.36465,-0.95105654,0.309017,0.8660254,0.5,0.8660254,-0.5,0.0,1.0,0.0,0.0,0.0
2025-02-28 16:00:00,4.0,-0.109332055,-0.36688727,0.03748262,2.0727863,0.40457654,0.77660745,-0.006137059,0.13075612,1.9762912,2.07914,1.747625,1.4189928,-2.3510025,-2.6050723,-1.2465242,-2.6684616,-1.8426332,-1.9820807,-2.5240586,-1.7265373,-1.8919169,-2.4240713,0.8640058,0.30709836,-0.95105654,0.309017,0.8660254,0.5,1.2246469e-16,-1.0,0.0,1.0,0.0,0.0,0.0
2025-03-03 08:00:00,1.0,-0.22674747,-1.1842374,-0.029026411,-0.13042232,-1.1197175,-1.349561,-1.0049814,0.19978702,0.7271337,1.2287313,1.2217466,0.16407469,-2.2632775,-2.4868119,-1.4784971,-2.127369,-1.7128069,-2.0375571,-2.4360065,-1.4838829,-1.9132191,-2.4435217,-1.1941159,0.15969701,-0.95105654,0.309017,0.8660254,0.5,-0.8660254,-0.5,0.0,0.0,1.0,0.0,0.0
2025-03-03 12:00:00,4.0,2.9913828,1.0797633,-0.35814533,-0.69655454,2.4117074,-0.19205427,1.3270316,-0.07744017,2.8431144,2.6765707,2.2472076,2.204206,-0.92674905,-1.4580263,-0.50130796,0.14420374,-0.60945374,-1.081228,-1.4648496,-0.46415663,-0.6353753,-1.4883571,1.6878158,0.47287688,0.0,1.0,1.0,6.123234e-17,0.8660254,-0.5,0.0,1.0,0.0,0.0,0.0
2025-03-03 16:00:00,4.0,1.3479176,0.6557325,1.3467466,-1.3945439,1.0369742,2.723759,1.2678947,0.018317573,3.0,3.0,2.644332,2.3557684,-0.4590177,-1.0425779,0.22776675,0.8794281,-0.43330455,-0.7447943,-0.9902425,0.026526866,-0.17205884,-1.1413026,1.4824333,0.3523467,0.0,1.0,1.0,6.123234e-17,1.2246469e-16,-1.0,0.0,1.0,0.0,0.0,0.0
2025-03-04 08:00:00,1.0,-0.499837,-1.4156932,0.26911616,-1.1464138,-0.93159664,-0.90007955,-1.0326498,0.14830579,1.7302107,2.1581006,2.1332316,0.9736193,-0.5867328,-1.1271042,0.59538877,1.4634757,-0.85649693,-0.9558806,-1.0450212,-0.07340872,-0.26209685,-1.221577,-1.0025166,0.18825962,0.0,1.0,1.0,6.123234e-17,-0.8660254,-0.5,0.0,0.0,1.0,0.0,0.0
2025-03-04 12:00:00,1.0,-2.9460466,-0.7194751,1.2786303,-0.32878318,0.7165322,-0.11653706,0.4552303,-3.0,2.8350487,3.0,2.9889212,1.8206356,-1.3377044,-1.7799441,0.32986066,0.18177792,-1.9722416,-1.34556,-1.7038367,-1.0145313,-1.068835,-1.6814964,1.3303905,0.81813323,0.95105654,0.309017,1.0,6.123234e-17,0.8660254,-0.5,0.0,1.0,0.0,0.0,0.0
2025-03-04 16:00:00,4.0,-2.0143297,-1.5939645,-1.2393093,-0.25947046,0.6825167,1.1301844,0.2317972,0.14824651,2.9102075,3.0,3.0,1.7810661,-1.6736481,-2.0819516,-0.14531454,-0.66985685,-2.2084968,-1.7242901,-2.1006563,-1.402902,-1.5025029,-1.9232378,1.3132353,1.1252304,0.95105654,0.309017,1.0,6.123234e-17,1.2246469e-16,-1.0,0.0,1.0,0.0,0.0,0.0
2025-03-05 08:00:00,1.0,-1.0691348,-1.580177,-0.9544019,-0.7161611,-0.47888994,-0.8562654,-0.97145224,0.06774917,2.087016,2.586245,2.8410878,0.96040046,-1.7778859,-2.153513,-0.6385842,-2.3163705,-1.7413675,-2.0999503,-2.251513,-1.4073931,-1.7145698,-2.0653615,-0.20190714,0.62692773,0.95105654,0.309017,1.0,6.123234e-17,-0.8660254,-0.5,0.0,0.0,1.0,0.0,0.0
2025-03-05 12:00:00,1.0,2.740712,0.16043225,1.4022601,0.3886908,0.48374897,-0.37674662,-0.026989216,3.0,3.0,3.0,3.0,2.0273895,-0.86884594,-1.3784349,-0.17670545,-1.5292237,-0.55641866,-1.0765238,-1.7627255,-0.5198197,-0.6772867,-1.3458424,1.0916744,1.3132951,0.58778524,-0.809017,1.0,6.123234e-17,0.8660254,-0.5,0.0,1.0,0.0,0.0,0.0
2025-03-05 16:00:00,1.0,0.019201595,0.07683791,0.6942871,1.4211701,0.007904566,0.8192176,0.29927352,-0.19499308,2.4466608,2.735964,2.8971338,1.3919789,-0.8452975,-1.3334967,0.06945822,-1.330886,0.061027363,-1.1673584,-1.8292632,-0.44585013,-0.61223286,-1.3078717,0.73782957,1.3282416,0.58778524,-0.809017,1.0,6.123234e-17,1.2246469e-16,-1.0,0.0,1.0,0.0,0.0,0.0
2025-03-06 08:00:00,4.0,0.19383477,0.4307593,-0.5960714,1.8078316,-1.0725658,-0.8911948,-0.9444264,-0.01097495,1.3472444,1.9655293,2.3146243,0.23392424,-0.7723992,-1.2517728,0.29417765,0.03819409,0.16861719,-0.9728222,-1.7772019,-0.32716402,-0.5363676,-1.2925785,-0.9395155,1.2646124,0.58778524,-0.809017,1.0,6.123234e-17,-0.8660254,-0.5,0.0,0.0,1.0,0.0,0.0
2025-03-06 12:00:00,4.0,-2.3282747,-1.1276804,-0.34572262,-0.20112137,1.9714346,0.093636,0.45469674,-0.030472076,2.7253218,2.85513,3.0,1.5812021,-1.2524819,-1.6514727,0.12180729,-0.23506455,-0.69173086,-1.4575185,-2.0532513,-0.9233998,-1.0443511,-1.5073997,1.5139164,0.42616382,-0.58778524,-0.809017,1.0,6.123234e-17,0.8660254,-0.5,0.0,1.0,0.0,0.0,0.0
2025-03-06 16:00:00,4.0,0.6044513,0.36385322,-0.35178918,1.7128595,0.609201,0.5359392,-0.27683598,0.0052046953,2.630548,2.775258,2.9265866,1.5028625,-1.0440431,-1.4605579,0.15562055,0.57480866,-1.3981372,-1.2650458,-1.9657973,-0.64446384,-0.77508336,-1.3166595,1.2521893,0.3231304,-0.58778524,-0.809017,1.0,6.123234e-17,1.2246469e-16,-1.0,0.0,1.0,0.0,0.0,0.0
2025-03-07 08:00:00,4.0,0.259485,0.48941344,0.8478226,0.10530174,-1.090542,-1.1089435,-0.9894863,0.043492794,1.4904525,2.0168185,2.3591006,0.26846412,-0.9562578,-1.3688728,0.22093326,-0.66252214,-1.7386258,-1.3531598,-1.9818913,-0.49648967,-0.6927048,-1.3035241,-1.0567112,0.1614754,-0.58778524,-0.809017,1.0,6.123234e-17,-0.8660254,-0.5,0.0,0.0,1.0,0.0,0.0
2025-03-07 12:00:00,4.0,-1.3931849,0.97648174,0.16729675,-0.5095382,-0.25416067,0.36643946,1.7268199,-3.0,1.843408,2.2039855,2.497589,0.61005324,-1.2352085,-1.5812049,0.10382229,-1.3981353,-2.1382675,-1.8099976,-2.1584804,-0.8481988,-0.9630429,-1.437529,0.41821676,0.18125035,-0.95105654,0.309017,1.0,6.123234e-17,0.8660254,-0.5,0.0,1.0,0.0,0.0,0.0
2025-03-07 16:00:00,4.0,-1.0424483,-0.9296525,-0.61912185,0.622425,0.3041448,1.8653481,0.16903488,0.026648827,1.9000978,2.2155404,2.5018976,0.6310833,-1.3975896,-1.6976541,-0.11446154,-1.976932,-1.5396479,-2.0337746,-2.0881784,-1.0686015,-1.1135144,-1.5153515,1.0228245,0.34148538,-0.95105654,0.309017,1.0,6.123234e-17,1.2246469e-16,-1.0,0.0,1.0,0.0,0.0,0.0
2025-03-10 08:00:00,4.0,-0.5468338,-1.2189211,0.35009098,-1.2141395,-0.8025403,-0.9591984,-1.032416,0.0945806,1.252349,1.7811086,2.183852,-0.14082935,-1.4545395,-1.721465,-0.37081477,-1.0741512,-1.0429099,-1.8676838,-1.9893706,-1.0781871,-1.223972,-1.6061016,-0.37404123,0.18034123,-0.95105654,0.309017,1.0,6.123234e-17,-0.8660254,-0.5,0.0,0.0,1.0,0.0,0.0
2025-03-10 12:00:00,4.0,-2.316946,-1.3290378,-0.8667558,-0.19294326,1.352709,1.116709,2.2493107,-0.09604773,2.140895,2.3092494,2.5591564,0.80143434,-1.7419167,-1.9678305,-0.72889113,-2.464165,-1.6169612,-1.9217376,-2.2664227,-1.3768674,-1.6024094,-1.7430247,1.3224335,-0.4382625,0.0,1.0,1.0,6.123234e-17,0.8660254,-0.5,0.0,1.0,0.0,0.0,0.0
2025-03-10 16:00:00,4.0,-2.8960502,-1.476819,-1.2474597,-0.30975252,1.6325021,2.2434163,0.009698717,0.1484093,3.0,2.9352086,3.0,1.6832405,-1.9804745,-2.2027457,-1.2164012,-3.0,-3.0,-2.4691024,-2.652752,-1.5240974,-1.9550191,-1.8736192,1.3799901,0.32417297,0.0,1.0,1.0,6.123234e-17,1.2246469e-16,-1.0,0.0,1.0,0.0,0.0,0.0
2025-03-11 08:00:00,4.0,0.032406297,-0.37275222,0.26136655,1.0162917,-1.203626,-0.8790009,-1.0345088,0.040140215,1.8627677,2.204186,2.495308,0.34603086,-1.9001077,-2.0998156,-1.7119902,-2.8317943,-3.0,-2.0579689,-2.5425751,-1.136598,-1.987981,-1.9366173,-1.0231378,0.21364456,0.0,1.0,1.0,6.123234e-17,-0.8660254,-0.5,0.0,0.0,1.0,0.0,0.0
2025-03-11 12:00:00,4.0,-0.48561844,-0.9909722,-1.0239655,0.64386827,-0.6043119,0.03496035,0.8012837,0.1558425,1.3979962,1.8821763,2.253334,-0.25318897,-1.8769727,-2.0596783,-1.9114294,-2.5012212,-3.0,-2.0835204,-2.5846958,-0.95118606,-2.0448499,-1.9895685,-0.09305859,0.2540056,0.95105654,0.309017,1.0,6.123234e-17,0.8660254,-0.5,0.0,1.0,0.0,0.0,0.0
2025-03-11 16:00:00,4.0,-0.28119165,-0.34578425,1.2929798,-0.33971044,-0.09706991,0.9192297,-0.053050548,0.0058273426,1.3967222,1.8187513,2.1752596,-0.23588483,-1.8538027,-2.0150135,-1.8290998,-2.3434722,-2.46503,-2.055054,-2.6903365,-0.79086953,-1.9676042,-1.9313631,0.65362436,0.2617166,0.95105654,0.309017,1.0,6.123234e-17,1.2246469e-16,-1.0,0.0,1.0,0.0,0.0,0.0
2025-03-12 08:00:00,4.0,0.07456932,-0.52275336,-0.29463008,0.9283518,-1.2741874,-0.9897818,-1.0043906,0.08123816,0.6156865,1.299502,1.80425,-1.2468395,-1.80899,-1.9475629,-1.8706393,-1.4485351,-2.5030105,-2.423901,-2.5688305,-0.62942934,-2.0089092,-2.025099,-1.3110173,0.12949228,0.95105654,0.309017,1.0,6.123234e-17,-0.8660254,-0.5,0.0,0.0,1.0,0.0,0.0
2025-03-12 12:00:00,4.0,1.8929418,1.2961909,-0.8097714,0.23417644,0.57935846,0.029735252,0.8969522,0.24837193,1.0834213,1.4489387,1.812494,-0.47265595,-1.1903086,-1.5206767,-1.0596497,0.5107497,-1.9618465,-2.1988733,-2.3371165,-0.25859785,-1.2079209,-1.5552584,1.1030098,0.19929388,0.58778524,-0.809017,1.0,6.123234e-17,0.8660254,-0.5,0.0,1.0,0.0,0.0,0.0
2025-03-12 16:00:00,4.0,0.057868343,0.15616201,0.6219189,1.6998047,-0.13690038,0.7322243,-0.17425084,-0.23102987,1.0588738,1.3890952,1.7433283,-0.46216586,-1.1857349,-1.4925946,-0.47596222,0.5330456,-1.5577164,-2.0900245,-2.1603038,-0.17846476,-1.0505219,-1.4874653,0.45565775,0.4910642,0.58778524,-0.809017,1.0,6.123234e-17,1.2246469e-16,-1.0,0.0,1.0,0.0,0.0,0.0
2025-03-13 08:00:00,4.0,0.53184605,1.2523167,-0.1534936,-0.5141061,-1.2542522,-1.1519414,-1.0334928,0.06854505,0.34134144,0.9234516,1.4167117,-1.3881545,-1.0538893,-1.385585,0.06519217,0.9767729,-1.1322849,-1.5164417,-2.032422,-0.011128936,-0.9297248,-1.51082,-1.3342999,-0.054885764,0.58778524,-0.809017,1.0,6.123234e-17,-0.8660254,-0.5,0.0,0.0,1.0,0.0,0.0
2025-03-13 12:00:00,4.0,-1.2707697,-0.45061228,1.1115654,-0.53297406,0.8841976,-0.361605,1.0795527,-0.93012327,1.12519,1.3295133,1.6575277,-0.3019989,-1.2568072,-1.5114793,0.44757548,0.5482468,-1.3853754,-1.4639332,-2.1588693,-0.15535484,-1.0996954,-1.4977745,1.1158798,-0.37356213,-0.58778524,-0.809017,1.0,6.123234e-17,0.8660254,-0.5,0.0,1.0,0.0,0.0,0.0
2025-03-13 16:00:00,4.0,-0.8507771,-0.96877104,-0.7934608,0.18193339,-0.22996478,0.7338719,0.22245844,-0.07720075,1.0569438,1.2866776,1.6250256,-0.41036946,-1.3868303,-1.5848548,0.536238,0.14632197,-1.0132828,-1.4809738,-2.2202473,-0.20762502,-1.3080086,-1.5905662,0.32991683,0.094133526,-0.58778524,-0.809017,1.0,6.123234e-17,1.2246469e-16,-1.0,0.0,1.0,0.0,0.0,0.0
2025-03-14 08:00:00,4.0,0.31179065,0.08191884,2.6025648,-1.0568103,-1.2900182,-1.121652,-1.0767293,0.18637149,0.27493393,0.8080688,1.306255,-1.428604,-1.3676453,-1.543281,0.71746665,-0.5413344,-0.0027899211,-1.9032218,-2.0985696,-0.06127194,-1.288246,-1.6907566,-1.6128831,-1.241474,-0.58778524,-0.809017,1.0,6.123234e-17,-0.8660254,-0.5,0.0,0.0,1.0,0.0,0.0
2025-03-14 12:00:00,4.0,1.5049504,0.95084524,0.27537787,-0.09410668,0.61205465,-0.33306152,0.9605971,0.39843518,0.86564887,1.05388,1.3858619,-0.4945576,-0.78816736,-1.1985222,1.511914,0.11145055,0.4971737,-1.5723319,-1.7773159,0.32209957,-0.4247965,-1.2304595,1.02703,-1.2563684,-0.95105654,0.309017,1.0,6.123234e-17,0.8660254,-0.5,0.0,1.0,0.0,0.0,0.0
2025-03-14 16:00:00,4.0,1.8380779,1.8260906,-1.2646464,-0.86009675,-0.13569093,-0.060462274,-0.32674453,0.1667149,0.8281752,0.98126847,1.2811004,-0.43630084,-0.10474473,-0.77858245,2.4548428,0.7288863,1.2993766,-1.1955209,-1.4330139,0.8183765,0.42785206,-0.8563151,0.36089292,-0.53685266,-0.95105654,0.309017,1.0,6.123234e-17,1.2246469e-16,-1.0,0.0,1.0,0.0,0.0,0.0
2025-03-17 08:00:00,4.0,-0.14133069,-1.3295488,-1.0588685,-0.36687803,-1.2337514,-1.077391,-1.0432478,0.1654978,0.1329815,0.57658726,1.0300946,-1.3924989,-0.17286596,-0.8026473,2.9287195,1.2078214,1.3282151,-0.7975763,-1.4360765,0.8179966,0.3974604,-0.98128027,-1.3716365,0.57025176,-0.95105654,0.309017,1.0,6.123234e-17,-0.8660254,-0.5,0.0,0.0,1.0,0.0,0.0
2025-03-17 12:00:00,4.0,0.92433023,0.6865883,0.70887053,0.06760874,-0.6855972,-0.7302725,0.04718955,0.8404369,-0.08947005,0.3798934,0.86930406,-1.581623,0.13865052,-0.608789,3.0,1.935767,1.6002488,-0.7123867,-1.3766172,1.1608254,0.9039373,-0.81595874,-0.564452,0.90390724,0.0,1.0,1.0,6.123234e-17,0.8660254,-0.5,0.0,1.0,0.0,0.0,0.0
2025-03-17 16:00:00,4.0,1.3071718,1.5117642,-0.32158425,-1.0153027,-0.18847625,-0.09752313,0.1817807,0.15232968,-0.02158402,0.33667037,0.7882663,-1.3345565,0.6115898,-0.31801412,3.0,2.281179,1.4251235,-0.46358442,-1.2635363,1.760525,1.6229105,-0.4953413,0.11127355,1.084412,0.0,1.0,1.0,6.123234e-17,1.2246469e-16,-1.0,0.0,1.0,0.0,0.0,0.0
2025-03-18 08:00:00,4.0,0.24159892,0.17283246,1.502304,0.54452753,-1.3246692,-1.205262,-1.126256,0.1513213,-0.6887074,-0.087649964,0.5168711,-2.2205343,0.6726925,-0.28446758,3.0,1.7282842,1.4737794,-0.13018768,-1.2372427,2.0131786,1.8761417,-0.5404549,-1.843573,0.91392636,0.0,1.0,1.0,6.123234e-17,-0.8660254,-0.5,0.0,0.0,1.0,0.0,0.0
2025-03-18 12:00:00,4.0,1.4492089,0.7453854,-0.66364783,1.7683212,-0.486913,-0.62799853,1.0466528,1.71144,-0.55996835,-0.122715,0.43063083,-1.8084033,1.2261726,0.07059582,3.0,1.5611649,1.7645975,0.45612442,-1.0002222,2.8189054,2.5633879,-0.10673639,-0.46523798,0.86145836,0.95105654,0.309017,1.0,6.123234e-17,0.8660254,-0.5,0.0,1.0,0.0,0.0,0.0
2025-03-18 16:00:00,4.0,-1.2538812,-1.0304786,-0.8567178,0.13023,0.76171196,0.597623,0.67413056,0.07806016,0.28160155,0.31878668,0.680047,-0.6137151,0.69683707,-0.1882691,2.8641434,1.0820022,1.6963207,0.25455138,-1.1546497,2.217993,1.7573776,-0.29021186,0.9394399,1.4597824,0.95105654,0.309017,1.0,6.123234e-17,1.2246469e-16,-1.0,0.0,1.0,0.0,0.0,0.0
2025-03-19 08:00:00,4.0,0.79946375,2.0696058,-1.2848494,-1.6925825,-1.1054214,-1.0888159,-1.1462303,0.32212684,-0.362504,-0.05961355,0.43391275,-1.4097776,0.9948828,0.0069024726,2.7759724,1.0392039,2.1378257,1.025053,-1.0252631,2.6151342,2.0981274,-0.12389445,-1.5611764,2.9748273,0.95105654,0.309017,1.0,6.123234e-17,-0.8660254,-0.5,0.0,0.0,1.0,0.0,0.0
2025-03-19 12:00:00,4.0,-0.20593111,-0.4349973,-0.5238859,1.6412405,-0.3592605,-0.81418246,0.061905976,-0.09408671,-0.49366722,-0.17278938,0.34964532,-1.4747733,0.89218664,-0.044158682,2.4845095,0.42272645,1.924276,1.728644,-1.1304281,2.2113533,1.8433677,-0.18256794,-0.5080995,2.040348,0.58778524,-0.809017,1.0,6.123234e-17,0.8660254,-0.5,0.0,1.0,0.0,0.0,0.0
2025-03-19 16:00:00,4.0,1.2421484,1.3418255,-0.8248749,-0.20136213,0.4638046,0.42361996,0.8064795,-0.015929168,-0.16563497,-0.057544254,0.35347542,-0.8894168,1.3678612,0.29120198,2.2833033,0.8382529,1.8204362,2.0428648,-0.7567574,2.5288262,2.1605566,0.2917947,0.38227922,2.080289,0.58778524,-0.809017,1.0,6.123234e-17,1.2246469e-16,-1.0,0.0,1.0,0.0,0.0,0.0
2025-03-20 08:00:00,4.0,-0.0032840401,-1.1639998,-0.9516342,-0.010347842,-1.3382285,-1.1361073,-1.132937,0.13776018,-0.9034071,-0.50210345,0.08054142,-1.7974693,1.2766615,0.27750826,2.2753668,0.24076058,1.2727774,2.1211607,-0.75992453,2.1421192,2.0124855,0.22742677,-1.8358117,1.857136,0.58778524,-0.809017,1.0,6.123234e-17,-0.8660254,-0.5,0.0,0.0,1.0,0.0,0.0
2025-03-20 12:00:00,4.0,0.6153182,-0.38045284,0.3952702,0.76545626,0.88492197,0.01778108,1.6254344,1.8986142,-0.22737178,-0.18766887,0.20668718,-0.7337667,1.4739075,0.44662568,1.9684803,1.0096755,1.4732194,2.274966,-0.71329427,2.1092608,1.936515,0.5594283,0.7417565,1.7099677,-0.58778524,-0.809017,1.0,6.123234e-17,0.8660254,-0.5,0.0,1.0,0.0,0.0,0.0
2025-03-20 16:00:00,4.0,0.34138045,0.43418753,0.6155786,0.8316044,-0.5258213,0.2074452,-0.4245034,0.1143001,-0.50470686,-0.36693367,0.07451544,-1.0119452,1.5251788,0.53061956,1.8832489,0.81355965,1.2940458,2.2576785,-0.5824848,1.9639698,1.8652248,0.6885892,-0.6475412,1.6345749,-0.58778524,-0.809017,1.0,6.123234e-17,1.2246469e-16,-1.0,0.0,1.0,0.0,0.0,0.0
2025-03-21 08:00:00,4.0,0.5717569,1.0541712,0.9106065,-1.4220176,-0.65472996,-0.5406803,-0.84151417,0.1143001,-0.8506477,-0.6102208,-0.10383562,-1.3480346,1.6756028,0.6946801,1.8499371,1.1216635,1.0811718,1.914558,-0.50393134,1.9191513,1.9432671,0.91424006,-0.87204117,1.7329531,-0.58778524,-0.809017,1.0,6.123234e-17,-0.8660254,-0.5,0.0,0.0,1.0,0.0,0.0
2025-03-21 12:00:00,4.0,-0.6218571,-0.08612747,2.4619715,-0.8724977,-0.19270971,1.5195845,0.87451404,-1.1656669,-0.8490899,-0.64753675,-0.14423369,-1.2576154,1.2344111,0.49819025,1.5787016,0.36583006,0.83069485,1.715137,-0.6370144,1.4238764,1.4491748,0.71894544,-0.370397,1.8419261,-0.95105654,0.309017,1.0,6.123234e-17,0.8660254,-0.5,0.0,1.0,0.0,0.0,0.0
2025-03-21 16:00:00,4.0,0.8041477,0.7826717,-1.2203017,1.8585453,-0.06322744,2.0477805,-0.2788581,0.47554427,-0.7962675,-0.67868865,-0.21862152,-1.0530626,1.5064926,0.74575156,1.4314288,0.691952,0.6501101,1.7501854,-0.40850377,1.5556427,1.612631,1.0809189,-0.19782752,1.652616,-0.95105654,0.309017,1.0,6.123234e-17,1.2246469e-16,-1.0,0.0,1.0,0.0,0.0,0.0
2025-03-24 08:00:00,4.0,0.5332741,1.535234,-0.20902143,-1.628917,-1.0075607,-0.6940762,-1.11342,0.106931016,-1.3124486,-1.036244,-0.47251216,-1.5949402,1.629335,0.8988626,1.4409257,0.6581183,1.1457673,2.0695877,-0.305864,1.565081,1.6910244,1.3057069,-1.2867551,1.6745306,-0.95105654,0.309017,1.0,6.123234e-17,-0.8660254,-0.5,0.0,0.0,1.0,0.0,0.0
2025-03-24 12:00:00,4.0,1.1429499,-0.10506212,2.344008,-0.765941,0.79464424,-0.5832981,-0.49571273,2.1090744,-0.25499213,-0.49202615,-0.23459412,-0.12483934,1.978713,1.2671028,1.2799102,0.97976995,1.2284523,2.3841877,-0.22176477,1.8369524,1.7469122,1.7530447,0.2967173,1.28178,0.0,1.0,1.0,6.123234e-17,0.8660254,-0.5,0.0,1.0,0.0,0.0,1.0
2025-03-24 16:00:00,4.0,0.5925158,0.7047206,0.17027861,0.24257569,0.26714158,0.37167403,0.2682823,0.07214153,-0.26789817,-0.49121875,-0.27250656,-0.097535595,2.0511541,1.4189999,1.286442,0.98217,1.4268266,2.3342004,0.010674709,1.9065529,1.7056966,1.9216384,-0.010576316,0.85971904,0.0,1.0,1.0,6.123234e-17,1.2246469e-16,-1.0,0.0,1.0,0.0,0.0,1.0
2025-03-25 08:00:00,4.0,-0.017465092,-0.636733,1.5005875,-1.3103017,-1.1837293,-1.0827305,-1.0997121,0.07268418,-1.0086261,-0.9272791,-0.5495358,-0.9553922,1.8864337,1.3715606,1.318964,1.2067935,1.0741599,1.9766201,-0.038649824,1.6930583,1.5642161,1.9090176,-1.5238936,1.2426921,0.0,1.0,1.0,6.123234e-17,-0.8660254,-0.5,0.0,0.0,1.0,0.0,1.0
2025-03-25 12:00:00,4.0,1.6051509,1.133551,-1.237959,0.8518804,1.3402793,-0.46046835,0.41671628,0.9424344,-0.44646344,-0.65739626,-0.47374183,-0.13754106,2.2589684,1.8331475,1.3071729,1.5083271,1.4919142,1.896382,0.29425415,2.0167415,1.8851144,2.3470206,0.7481808,0.39161265,0.95105654,0.309017,1.0,6.123234e-17,0.8660254,-0.5,0.0,1.0,0.0,0.0,1.0
2025-03-25 16:00:00,4.0,-0.17751181,-0.49752268,-0.68992907,1.7488478,-0.43784398,-0.32062915,-0.3918224,-0.036043275,-0.7932132,-0.85678023,-0.6139517,-0.53445333,1.9935218,1.6928604,1.2949147,1.216327,1.2633533,1.8336092,0.3263089,1.662827,1.6369216,2.2060168,-0.7153242,0.6358267,0.95105654,0.309017,1.0,6.123234e-17,1.2246469e-16,-1.0,0.0,1.0,0.0,0.0,1.0
2025-03-26 08:00:00,4.0,0.3031458,1.5856711,-0.6674149,-1.2115812,-1.2828641,-0.9763049,-0.9457771,0.033350054,-1.5103804,-1.332426,-0.9483346,-1.3679454,1.9595246,1.720357,1.3383613,0.89071846,1.239338,1.6843127,0.40212092,1.5340662,1.6757234,2.3162785,-1.6752635,0.5682647,0.95105654,0.309017,1.0,6.123234e-17,-0.8660254,-0.5,0.0,0.0,1.0,0.0,1.0
2025-03-26 12:00:00,4.0,-1.9784013,-1.6426868,-1.2123522,-0.84738356,2.2128246,-0.14530921,0.67828184,0.57149976,0.05821927,-0.372399,-0.35544142,0.46039274,0.87683386,0.96977025,0.6228099,-0.12791769,0.54869026,1.0617995,-0.039232884,0.5815468,0.57484686,1.4264851,1.2252498,0.021250932,0.58778524,-0.809017,1.0,6.123234e-17,0.8660254,-0.5,0.0,1.0,0.0,0.0,1.0
2025-03-26 16:00:00,4.0,-0.79994863,-1.1006042,-0.2427797,-0.5677935,0.51868516,0.83246946,0.09352528,0.082904,0.24479252,-0.18600956,-0.22724068,0.56167734,0.5173261,0.6956123,0.14043067,-0.44265395,0.48848486,0.861069,-0.26669225,0.13428332,0.19573702,1.1646092,0.21227583,0.44070494,0.58778524,-0.809017,1.0,6.123234e-17,1.2246469e-16,-1.0,0.0,1.0,0.0,0.0,1.0
2025-03-27 08:00:00,4.0,0.05459057,-0.68033516,-0.6245839,1.0296189,-1.2153393,-1.0257826,-1.1199718,0.08320318,-0.8243097,-0.8181354,-0.63029844,-0.55292475,0.48947898,0.6949352,-0.18357177,-1.0365124,0.29678935,0.61412776,-0.28131485,0.08580244,0.13927847,1.1766051,-1.6595992,0.22049946,0.58778524,-0.809017,1.0,6.123234e-17,-0.8660254,-0.5,0.0,0.0,1.0,0.0,1.0
2025-03-27 12:00:00,4.0,-1.0919917,0.17051399,0.16372098,2.019553,0.2651906,-0.48005894,0.21700376,-2.4956741,0.122484654,-0.21406715,-0.24578527,0.37592915,0.05845477,0.3275707,-0.5768162,-1.3850766,-0.14191183,0.6268214,-0.3555005,-0.50021094,-0.2998338,0.81056553,-0.08679213,-0.2262313,-0.58778524,-0.809017,1.0,6.123234e-17,0.8660254,-0.5,0.0,1.0,0.0,0.0,1.0
2025-03-27 16:00:00,4.0,0.7628972,1.0362496,-0.58950394,0.416863,0.33472008,0.21888283,0.04962372,-0.030920181,0.057288088,-0.23102672,-0.29035288,0.34357306,0.319977,0.56351244,-0.71572983,-1.1870373,-0.23061737,0.6258931,0.09152969,-0.25664726,-0.08560051,1.01757,0.096400134,-0.23724118,-0.58778524,-0.809017,1.0,6.123234e-17,1.2246469e-16,-1.0,0.0,1.0,0.0,0.0,1.0
2025-03-28 08:00:00,4.0,0.061893634,-0.24658412,1.6023531,-0.42684472,-1.1399466,-1.1874334,-1.1327606,0.04419461,-0.89798397,-0.8222542,-0.6887249,-0.6549779,0.2866522,0.5418577,-0.8587994,-0.39721358,-0.3670059,0.6718751,0.15680003,-0.35409907,-0.17694688,1.0090803,-1.4970341,-0.32342005,-0.58778524,-0.809017,1.0,6.123234e-17,-0.8660254,-0.5,0.0,0.0,1.0,0.0,1.0
2025-03-28 12:00:00,4.0,0.21163566,1.1342362,-0.108143464,-0.508739,0.3440175,-0.6188698,0.6280305,-1.2564,-0.7141344,-0.75039643,-0.6869602,-0.40421697,0.31945744,0.5714348,-0.863061,-0.005424024,-0.30583182,0.49181256,0.4432947,-0.33278608,-0.14094678,1.0568911,0.0071377014,-0.81582135,-0.95105654,0.309017,1.0,6.123234e-17,0.8660254,-0.5,0.0,1.0,0.0,0.0,1.0
2025-03-28 16:00:00,4.0,-0.55739367,-1.0341415,-0.749847,0.2547924,0.059690412,0.7008592,0.777096,0.06874783,-0.67867815,-0.73403513,-0.68749744,-0.36578512,0.048351146,0.34869882,-0.9521658,-0.24635865,-0.87802494,0.38838175,0.3458731,-0.6668816,-0.40405104,0.8597239,-0.19258656,-0.5075947,-0.95105654,0.309017,1.0,6.123234e-17,1.2246469e-16,-1.0,0.0,1.0,0.0,0.0,1.0
2025-03-31 04:00:00,4.0,0.10440322,-0.14062011,1.955341,-0.5131626,-1.0865043,-1.1631151,-1.1863155,0.107035644,-1.4076711,-1.2467711,-1.0857507,-1.1518413,0.030008517,0.33824328,-1.0544049,0.23336852,-0.79993105,0.29976127,0.40140468,-0.63974047,-0.46716666,0.8538589,-1.3373753,-0.57738906,-0.95105654,0.309017,1.0,6.123234e-17,-0.8660254,-0.5,0.0,0.0,1.0,0.0,1.0
2025-03-31 08:00:00,4.0,-0.015504074,1.4206698,-0.39335644,-0.97970724,-0.28227925,-1.2520847,-1.24437,-1.4784927,-1.4536335,-1.3483824,-1.218718,-1.184744,-0.02907224,0.29672623,-1.0650674,-0.077222094,-0.87776285,0.23687787,0.011532838,-0.64723015,-0.5212016,0.8234335,-0.59002334,-0.55314255,0.0,1.0,1.0,6.123234e-17,0.8660254,0.5,1.0,0.0,0.0,0.0,1.0
2025-03-31 12:00:00,4.0,-0.6454082,-0.9143655,-0.68655825,0.48943526,0.78461397,0.42693922,3.0,0.09028806,-0.8680833,-0.9981376,-1.0001267,-0.45733497,-0.31952003,0.062578484,-1.0809493,-0.3494271,-0.5097816,0.020778537,-0.32603645,-0.86258316,-0.7341377,0.60865563,0.4104358,-0.5314892,0.0,1.0,1.0,6.123234e-17,0.8660254,-0.5,0.0,1.0,0.0,0.0,1.0
2025-04-01 04:00:00,4.0,0.22620445,0.18099752,-0.43124214,2.5316927,0.13333565,0.64050275,-0.12909944,0.016870966,-0.80223423,-0.97240967,-1.0332688,-0.33874628,-0.2708635,0.105554625,-1.0482993,-0.35026985,-0.23601018,0.17091393,-0.21663056,-0.73678553,-0.6562648,0.6632591,-0.20963882,-0.51054716,0.0,1.0,1.0,6.123234e-17,1.2246469e-16,-1.0,0.0,1.0,0.0,0.0,1.0
2025-04-01 08:00:00,4.0,1.0347624,0.24427243,1.5148356,-0.07321207,0.029182017,-1.484197,-0.12909944,1.5277605,-0.48006076,-0.7830097,-0.9611566,0.1269897,0.23515436,0.4824294,-0.8160511,0.26615545,0.00929517,0.2101289,0.5317666,-0.34517872,-0.2504067,0.9579188,-0.2426391,-0.54783016,0.95105654,0.309017,0.8660254,-0.5,0.8660254,0.5,1.0,0.0,0.0,0.0,0.0
2025-04-01 12:00:00,4.0,0.3994339,0.6401644,1.2845832,-0.9964514,-0.25394535,0.11845823,3.0,-0.055299416,-0.7089881,-0.9156836,-1.0828277,-0.14460711,0.37725464,0.5903628,-0.62934536,0.37293658,0.40674904,0.1847807,1.0053166,-0.2133261,-0.13123752,1.039432,-0.38778612,-0.6667589,0.95105654,0.309017,0.8660254,-0.5,0.8660254,-0.5,0.0,1.0,0.0,0.0,0.0
2025-04-02 04:00:00,4.0,1.0736729,1.098162,-0.47351342,-0.1975804,0.985009,0.9765792,-0.18008514,-0.016659575,-0.27978295,-0.6505098,-0.94090277,0.47052115,0.8343982,0.955174,-0.32044834,0.78639114,0.4698787,0.1679256,1.4720881,0.19093828,0.27233627,1.2830294,0.9039996,-0.6676449,0.95105654,0.309017,0.8660254,-0.5,1.2246469e-16,-1.0,0.0,1.0,0.0,0.0,0.0
2025-04-02 08:00:00,4.0,-0.97304535,-1.1383791,-0.39731455,-0.23597297,-0.018058192,-1.347189,-0.18008514,-0.8144554,-0.24042097,-0.56113267,-0.8341664,0.46258044,0.34857556,0.5893225,-0.27778628,0.6829686,0.2174898,-0.10155942,0.7271568,-0.18755546,-0.059116386,0.940152,-0.21016137,-1.3269365,0.58778524,-0.809017,0.8660254,-0.5,0.8660254,0.5,1.0,0.0,0.0,0.0,0.0
2025-04-02 12:00:00,4.0,-0.67105275,-1.4070158,-0.49749574,-0.92794496,-0.17392394,0.52507913,3.0,0.10539264,-0.41189814,-0.62018627,-0.8462605,0.18220578,0.042438794,0.34199828,-0.3514014,0.35010323,-0.0021813435,-0.21176608,0.5732942,-0.4377906,-0.28357857,0.6908538,-0.2783895,-1.5713915,0.58778524,-0.809017,0.8660254,-0.5,0.8660254,-0.5,0.0,1.0,0.0,0.0,0.0
2025-04-03 04:00:00,4.0,1.4302658,1.4463724,-1.1689204,-0.23778675,0.859459,1.2730979,-0.2240088,0.10428654,-0.13010968,-0.45661128,-0.77902853,0.62842697,0.6159043,0.82048994,-0.19265603,0.48809326,0.50095224,-0.2580267,0.9349629,0.18203412,0.27291182,1.01709,0.6521278,-1.1501101,0.58778524,-0.809017,0.8660254,-0.5,1.2246469e-16,-1.0,0.0,1.0,0.0,0.0,0.0
2025-04-03 08:00:00,4.0,-2.242714,-1.2070674,-1.1939782,0.54804826,0.852223,-1.2569822,-0.2240088,-2.5306149,1.34597,0.5886155,0.071917094,2.1956253,-0.18573068,0.119229905,-0.38139716,-0.5091699,-0.08922468,-0.6150439,0.85336274,-0.9364263,-0.35546055,0.4070364,0.71273816,-2.233897,-0.58778524,-0.809017,0.8660254,-0.5,0.8660254,0.5,1.0,0.0,0.0,0.0,0.0
2025-04-03 12:00:00,4.0,-0.04331067,-0.15791665,0.4531334,1.4642024,0.8047241,1.2830389,3.0,0.055921663,1.3209673,0.7081781,0.20667726,1.9968953,-0.23430872,0.07354141,-0.49780896,-0.9250511,-0.09619664,-0.67538416,0.71838033,-1.1712395,-0.29752797,0.35649037,0.94103926,-2.1478148,-0.58778524,-0.809017,0.8660254,-0.5,0.8660254,-0.5,0.0,1.0,0.0,0.0,0.0
2025-04-04 04:00:00,4.0,-1.5748348,-1.3679557,-0.07745408,-1.4619125,2.2172546,1.984789,-0.25711253,0.09864451,1.8501054,1.2336473,0.7049178,2.2418761,-0.67192864,-0.36174953,-0.7104119,-1.1617055,-0.33323315,-0.5825096,0.2075699,-1.8190812,-0.66075015,0.0040786504,1.3119096,-0.25527227,-0.58778524,-0.809017,0.8660254,-0.5,1.2246469e-16,-1.0,0.0,1.0,0.0,0.0,0.0
2025-04-04 08:00:00,4.0,0.17355436,0.8957923,0.663747,-0.81990755,0.61818457,-1.1135021,-0.25711253,-1.569001,1.5331016,1.166872,0.72077477,1.743358,-0.6515117,-0.34513006,-0.81569266,-0.85367596,-0.34996805,-0.40346196,0.59488904,-1.4084524,-0.585613,0.0051926565,0.3952556,-1.007372,-0.95105654,0.309017,0.8660254,-0.5,0.8660254,0.5,1.0,0.0,0.0,0.0,0.0
2025-04-04 12:00:00,4.0,-2.3611758,-1.0374151,-1.0662832,0.7320353,3.0,3.0,3.0,0.0625593,3.0,2.7973826,2.1098132,3.0,-1.1623418,-0.9111593,-0.9356709,-2.2220898,-1.2339041,-0.84520817,0.11860619,-1.8374376,-0.9263634,-0.3060139,1.7059101,0.15168317,-0.95105654,0.309017,0.8660254,-0.5,0.8660254,-0.5,0.0,1.0,0.0,0.0,0.0
2025-04-07 04:00:00,5.0,0.24504428,0.13592103,1.2479659,0.5217867,0.4564351,1.7635709,-0.2133903,0.012618723,2.8896675,2.571742,2.0934663,2.4949598,-1.1076635,-0.8659513,-1.0254015,-1.3102486,-1.2531227,-0.595844,0.3318374,-1.3716402,-0.8373948,-0.2912533,1.0284518,-0.54306006,-0.95105654,0.309017,0.8660254,-0.5,1.2246469e-16,-1.0,0.0,1.0,0.0,0.0,0.0
2025-04-07 08:00:00,5.0,-3.0,0.31871405,-0.4667551,2.0213594,1.9473509,-0.69519114,-0.2133903,-3.0,3.0,3.0,3.0,3.0,-1.8348346,-1.8556342,-1.1209862,-3.0,-2.9082575,-1.8270684,-1.0094162,-1.9915509,-1.3555449,-0.7206116,1.5531225,0.85018533,0.0,1.0,0.8660254,-0.5,0.8660254,0.5,1.0,0.0,0.0,0.0,0.0
2025-04-07 12:00:00,5.0,1.1630434,0.7815744,0.86531675,-1.0076245,1.0867997,2.142429,3.0,0.14261101,3.0,3.0,3.0,3.0,-1.4139992,-1.4564632,-1.2242335,-2.2865274,-2.2976625,-1.5706736,0.24317153,-1.351213,-1.0954251,-0.57547545,1.5048217,-0.18177705,0.0,1.0,0.8660254,-0.5,0.8660254,-0.5,0.0,1.0,0.0,0.0,0.0
2025-04-08 04:00:00,5.0,0.3243751,0.013195151,2.2403042,-0.79424185,2.757617,2.4753702,-0.24819669,0.16401477,3.0,3.0,3.0,3.0,-1.3439802,-1.3890104,-1.0816438,-2.1834724,-2.0358772,-1.5224986,0.3600585,-1.0813485,-0.8331915,-0.3855503,1.6117119,-0.231979,0.0,1.0,0.8660254,-0.5,1.2246469e-16,-1.0,0.0,1.0,0.0,0.0,0.0
2025-04-08 08:00:00,5.0,-0.49876317,-0.53609604,-0.5395391,1.6679829,-0.2731926,-0.6563379,-0.24819669,-0.16676176,3.0,3.0,3.0,2.0982475,-1.4490613,-1.5144182,-1.1236436,-1.6021075,-2.4422567,-1.5188006,0.30248708,-1.0057508,-0.96417236,-0.55811346,0.8436502,-0.23920502,0.95105654,0.309017,0.8660254,-0.5,0.8660254,0.5,1.0,0.0,0.0,0.0,0.0
2025-04-08 12:00:00,5.0,1.408394,1.2507167,-0.8341393,-0.27924234,-0.012533398,0.27913544,2.2178,0.14605366,2.369524,2.887426,3.0,1.4352773,-0.9143605,-1.0227085,-0.99440956,-1.1031599,-1.544272,-1.228185,0.9486378,-0.66377974,-0.71537614,-0.42011365,1.0090609,-0.3388239,0.95105654,0.309017,0.8660254,-0.5,0.8660254,-0.5,0.0,1.0,0.0,0.0,0.0
2025-04-09 04:00:00,5.0,0.25014886,0.012786055,0.07789937,1.7568669,-0.35074428,0.9617555,-0.27918527,0.23297772,1.8149881,2.4307704,2.7375643,0.8435511,-0.8822089,-0.9965496,-0.86134326,1.1442455,-1.4709041,-1.1819438,1.0445662,-0.5561779,-0.6943366,-0.47844803,0.7533141,-0.30835757,0.95105654,0.309017,0.8660254,-0.5,1.2246469e-16,-1.0,0.0,1.0,0.0,0.0,0.0
2025-04-09 08:00:00,5.0,-1.1821257,1.2736626,0.100749806,-1.5014968,0.38894743,-0.7516032,-0.27918527,-3.0,1.9521657,2.481869,2.8002818,0.9011488,-1.1439532,-1.2776251,-0.7730146,0.13268247,-1.4598901,-1.3380867,0.028720133,-0.6819512,-0.8689047,-0.66354656,1.3264544,-0.6756323,0.58778524,-0.809017,0.8660254,-0.5,0.8660254,0.5,1.0,0.0,0.0,0.0,0.0
2025-04-09 12:00:00,5.0,-1.7131082,-1.5679549,-0.9135111,-0.53630406,0.30652785,0.13294666,2.0021992,0.20622769,1.8918364,2.4209929,2.7823956,0.73344463,-1.4472408,-1.6233085,-0.81657726,-0.76792717,-1.9642314,-1.754478,-0.73115027,-0.85132957,-1.162948,-0.9825567,1.2441583,-1.1918312,0.58778524,-0.809017,0.8660254,-0.5,0.8660254,-0.5,0.0,1.0,0.0,0.0,0.0
2025-04-10 04:00:00,2.0,-0.020829972,-0.20871587,1.9696797,-0.6406316,-0.039649416,0.053740866,-0.30805245,0.16498405,1.6716458,2.2067199,2.5903404,0.48867285,-1.4584011,-1.6351328,-0.8060727,-0.5644099,-1.4197109,-1.8919672,-0.9069206,-0.7525609,-1.1060755,-1.0375311,1.0392134,-1.2031482,0.58778524,-0.809017,0.8660254,-0.5,1.2246469e-16,-1.0,0.0,1.0,0.0,0.0,0.0
2025-04-10 08:00:00,2.0,3.0,-1.7047352,-0.62121,-1.3641253,-0.23704897,-0.8166714,-0.30805245,3.0,2.7447653,2.734722,2.8137124,1.8027143,0.366812,0.21071498,-0.29401055,1.1789284,0.06153511,-0.7802309,1.8302761,0.1477449,0.13661115,0.11003363,0.9345287,-0.9626659,-0.58778524,-0.809017,0.8660254,-0.5,0.8660254,0.5,1.0,0.0,0.0,0.0,0.0
2025-04-10 12:00:00,2.0,0.90581566,1.2201389,-0.6865598,-0.37559295,-0.5387228,-0.18273853,1.2449149,0.020069377,1.9772413,2.2327235,2.428966,1.0380917,0.62410825,0.5147351,0.055008147,1.5251541,1.7396476,-0.7146153,2.5849476,0.38595477,0.37733063,0.23830414,0.64212066,-0.92123014,-0.58778524,-0.809017,0.8660254,-0.5,0.8660254,-0.5,0.0,1.0,0.0,0.0,0.0
2025-04-11 04:00:00,2.0,-1.0008856,-1.8581202,-1.0154299,-1.3592446,-0.87108296,0.040255565,-0.3304144,0.032637157,1.4599112,1.9066455,2.2219732,0.38547418,0.27098015,0.16717376,0.22062421,1.4677999,1.0621575,-0.8458082,2.00548,0.18507929,0.15149349,-0.07165734,-0.0732843,-0.7436732,-0.58778524,-0.809017,0.8660254,-0.5,1.2246469e-16,-1.0,0.0,1.0,0.0,0.0,0.0
2025-04-11 08:00:00,5.0,-0.31038907,-1.8382839,-1.0944505,-1.374059,-0.53529906,-0.86115164,-0.3304144,0.99402183,1.1616882,1.6748087,2.0501213,0.023456048,0.13970305,0.032796413,0.30040354,1.9643595,0.8616086,-0.83064765,1.3879551,0.14266151,0.09829727,-0.2179353,0.8168008,-0.81137997,-0.95105654,0.309017,0.8660254,-0.5,0.8660254,0.5,1.0,0.0,0.0,0.0,0.0
2025-04-11 12:00:00,5.0,-0.78139865,-0.9671963,-0.08418307,-0.30033624,-0.31864023,-0.043431543,1.6471204,0.0050509297,1.0300357,1.5537863,1.9676224,-0.16111816,-0.1264354,-0.23772018,0.26666155,1.5498655,0.7261649,-1.2801467,0.32339856,-0.023706378,-0.06353677,-0.48093072,0.9785269,-0.8760435,-0.95105654,0.309017,0.8660254,-0.5,0.8660254,-0.5,0.0,1.0,0.0,0.0,0.0
2025-04-14 04:00:00,5.0,0.0604335,-0.08522551,0.42893386,1.453843,-0.98948437,-0.09036043,-0.35629055,0.043416668,0.7225827,1.2968832,1.7598351,-0.5162193,-0.13840084,-0.25625658,0.26243642,-0.5554697,0.36317524,-0.8866447,0.4183523,0.030041108,-0.0102376,-0.5660738,-0.15840742,-0.5958939,-0.95105654,0.309017,0.8660254,-0.5,1.2246469e-16,-1.0,0.0,1.0,0.0,0.0,0.0
2025-04-14 08:00:00,5.0,1.2631598,0.746897,1.4110577,-1.3444177,-1.6949708,-0.9133571,-0.35629055,0.993035,0.5776214,1.1035821,1.5581979,-0.60746694,0.3336264,0.24221176,0.3848893,-0.3755514,0.73099,-0.5261667,0.88147867,0.51928437,0.42552853,-0.21319243,-1.4326057,-0.4047997,0.0,1.0,0.8660254,-0.5,0.8660254,0.5,1.0,0.0,0.0,0.0,0.0
2025-04-14 12:00:00,5.0,-0.20141555,-0.87223196,0.10756375,-0.3027541,-1.3260579,-0.5663177,0.36394143,0.00432416,0.207643,0.8153595,1.3410599,-1.0708724,0.23288326,0.14214534,0.48108846,0.021421596,0.97854847,-0.31437525,0.28491208,0.49323985,0.40702465,-0.38695607,-1.2170686,-0.51476824,0.0,1.0,0.8660254,-0.5,0.8660254,-0.5,0.0,1.0,0.0,0.0,0.0
2025-04-15 04:00:00,4.0,0.14031053,0.12045838,2.4357278,-0.9091241,-0.9650885,-0.34390235,-0.36848062,0.016797049,0.024999894,0.62142706,1.1740347,-1.2677815,0.2587157,0.16312931,0.5551622,0.25057057,1.4792775,-0.30453277,0.2918617,0.62498605,0.50509465,-0.41683367,-0.5591781,-0.46178764,0.0,1.0,0.8660254,-0.5,1.2246469e-16,-1.0,0.0,1.0,0.0,0.0,0.0
2025-04-15 08:00:00,4.0,0.6817984,1.779089,-0.9533288,-1.2878158,-1.3027595,-0.8492188,-0.36848062,0.11251201,-0.2279123,0.3693641,0.9502985,-1.5335513,0.51795924,0.42296308,0.7224201,0.9925007,1.6808316,0.30522195,0.17127737,0.9379961,0.81277496,-0.2165791,-1.4135947,-0.53651035,0.95105654,0.309017,0.8660254,-0.5,0.8660254,0.5,1.0,0.0,0.0,0.0,0.0
2025-04-15 12:00:00,4.0,-0.13186806,-0.5514155,1.4603481,-1.0036392,-0.93158394,-0.37934527,0.527341,0.023250937,-0.35171685,0.21069528,0.8112184,-1.6136326,0.42688757,0.34031555,0.79459924,0.8923621,0.20882776,0.22503747,0.60667694,0.8810331,0.7834661,-0.3400736,-0.79890347,-0.44487903,0.95105654,0.309017,0.8660254,-0.5,0.8660254,-0.5,0.0,1.0,0.0,0.0,0.0
2025-04-16 04:00:00,4.0,0.58805615,1.0984448,-0.40048,-0.12584694,-0.6526636,-0.32954773,-0.3832031,-0.00043159188,-0.39795998,0.0873905,0.67303175,-1.5548759,0.65095353,0.56112003,0.90730315,0.5455742,0.10622618,1.4559958,0.6865226,1.053169,0.96872246,-0.082224645,-0.4140778,-1.3385131,0.95105654,0.309017,0.8660254,-0.5,1.2246469e-16,-1.0,0.0,1.0,0.0,0.0,0.0
2025-04-16 08:00:00,4.0,-0.71425956,-0.54652673,1.4065601,-0.9980769,-1.0763572,-0.76761127,-0.3832031,-0.60025483,-0.44978598,-0.003564098,0.59505194,-1.5587977,0.29382154,0.25690448,0.8412996,0.28542587,0.20426793,1.0049001,0.28881848,0.624753,0.5780733,-0.48505667,-1.4554093,-1.0591873,0.58778524,-0.809017,0.8660254,-0.5,0.8660254,0.5,1.0,0.0,0.0,0.0,0.0
2025-04-16 12:00:00,4.0,0.5355484,0.9691023,-0.7980937,0.7081036,-0.41540158,-0.3072268,0.4104274,-0.01698882,-0.44743422,-0.08209427,0.48720038,-1.4284914,0.50709265,0.4585054,0.8435246,0.48523325,0.49272236,1.0778639,0.13209745,0.80704063,0.770366,-0.20049262,-0.14325716,-0.99774665,0.58778524,-0.809017,0.8660254,-0.5,0.8660254,-0.5,0.0,1.0,0.0,0.0,0.0
2025-04-17 04:00:00,4.0,0.6607055,1.2384665,-1.0480136,0.21838719,-0.5747046,-0.19055411,-0.3965817,0.020468038,-0.48869464,-0.17933975,0.36506587,-1.3823436,0.76839787,0.71118015,0.9522933,0.474164,0.9778622,1.3529366,0.6272427,1.0298476,1.0190918,0.17566423,-0.56864107,-1.0518003,0.58778524,-0.809017,0.8660254,-0.5,1.2246469e-16,-1.0,0.0,1.0,0.0,0.0,0.0
2025-04-17 08:00:00,4.0,-0.6601335,-0.746954,1.235923,-1.2284198,-1.2103641,-0.8914443,-0.3965817,-0.49387392,-0.5466522,-0.2577818,0.29240763,-1.4038522,0.41790494,0.41926944,0.8652263,0.2054599,0.7342415,0.8740361,-0.14529249,0.62270087,0.6153103,-0.21119595,-1.4297374,-0.87288237,-0.58778524,-0.809017,0.8660254,-0.5,0.8660254,0.5,1.0,0.0,0.0,0.0,0.0
2025-04-17 12:00:00,4.0,-0.76845616,-1.207881,-0.60328615,-0.22991346,0.34406206,0.8335008,1.4068383,0.0013055215,-0.3827403,-0.19181383,0.3187272,-1.0817846,0.05476737,0.10469046,0.5547943,-0.48601627,0.040359583,0.6144797,-0.8874735,0.17655629,0.13386507,-0.588929,0.6346227,-0.78211665,-0.58778524,-0.809017,0.8660254,-0.5,0.8660254,-0.5,0.0,1.0,0.0,0.0,0.0
2025-04-22 04:00:00,4.0,-0.19956945,-0.68435585,1.1658676,-1.1299531,-0.60732615,0.26830918,-0.4207476,0.026367119,-0.46303964,-0.27465513,0.23315078,-1.1442671,-0.053536303,0.006200932,0.31680298,-0.2265824,0.040675793,0.81803954,-1.2897909,-0.013014961,-0.059905905,-0.7210646,-0.8176603,-0.39738488,-0.58778524,-0.809017,0.8660254,-0.5,1.2246469e-16,-1.0,0.0,1.0,0.0,0.0,0.0
2025-04-22 08:00:00,4.0,-2.13075,-1.3328401,-0.5432742,-0.75551254,1.4362888,-1.0134419,-0.4207476,-0.94165117,0.1718967,0.13336858,0.53365934,-0.2527357,-0.81964093,-0.7234863,-0.31849843,-1.6048051,-0.7700836,0.58978236,-2.5610693,-1.3624111,-1.1351228,-1.548586,1.141466,-0.34401324,0.95105654,0.309017,0.8660254,-0.5,0.8660254,0.5,1.0,0.0,0.0,0.0,0.0
2025-04-22 12:00:00,4.0,-0.09842509,-0.37954304,1.1559186,-0.3787455,-0.16556191,0.69798946,1.026962,0.037747156,0.021531215,0.04990648,0.45953304,-0.44368684,-0.8587542,-0.768784,-0.7164201,-1.9264748,-1.0296261,0.5689874,-2.786152,-1.5763704,-1.274576,-1.5863491,-0.35193548,-0.34734803,0.95105654,0.309017,0.8660254,-0.5,0.8660254,-0.5,0.0,1.0,0.0,0.0,0.0
2025-04-23 04:00:00,5.0,0.53643596,0.97503626,0.20951012,-0.32391322,-0.29959616,1.4196601,-0.44202647,0.024707146,-0.1482616,-0.07113856,0.33996928,-0.62988585,-0.6102001,-0.55604255,-0.8579609,-1.316202,-0.7948776,-0.48102924,-2.4858246,-1.0363107,-1.008488,-1.3350655,-0.78928673,0.104456946,0.95105654,0.309017,0.8660254,-0.5,1.2246469e-16,-1.0,0.0,1.0,0.0,0.0,0.0
2025-04-23 08:00:00,5.0,3.0,-0.6618397,-1.2181698,1.7014527,0.4858589,-1.0144477,-0.44202647,3.0,1.4273417,0.84166163,0.7743192,1.5535829,1.4701447,1.5483836,0.20420444,1.7189019,0.91829586,0.8644438,0.63458526,1.8801453,1.4085186,1.2918038,0.30049437,0.9107001,0.58778524,-0.809017,0.8660254,-0.5,0.8660254,0.5,1.0,0.0,0.0,0.0,0.0
2025-04-23 12:00:00,5.0,0.19789569,0.50131047,1.5324428,-0.63793576,-0.21088146,0.5396122,0.89864206,-0.03133119,0.8566984,0.5901392,0.62372804,0.816555,1.5330027,1.5975996,0.7810227,1.8818263,1.2417448,1.2412181,0.5647374,1.7598895,1.527939,1.420064,-0.71280116,0.56666416,0.58778524,-0.809017,0.8660254,-0.5,0.8660254,-0.5,0.0,1.0,0.0,0.0,0.0
2025-04-24 04:00:00,5.0,0.3765152,0.6976936,1.0175642,-0.5769956,1.0809162,1.683987,-0.46236375,-0.040796883,0.5968437,0.4749668,0.54685515,0.46870574,1.6505672,1.7104363,1.2176766,2.907034,1.2159094,1.4761606,0.8694443,1.729769,1.6693085,1.607857,0.73702544,1.0025991,0.58778524,-0.809017,0.8660254,-0.5,1.2246469e-16,-1.0,0.0,1.0,0.0,0.0,0.0
2025-04-24 08:00:00,5.0,-1.4862193,-1.3048441,-0.59570134,-0.7822353,2.0187159,-0.99193233,-0.46236375,-0.52430236,0.81566066,0.6980574,0.7594082,0.5647994,0.9162628,1.049422,1.069257,2.070462,0.3511191,1.1539876,-0.9649249,0.8638653,0.8399161,0.9063759,1.1256701,0.55487025,-0.58778524,-0.809017,0.8660254,-0.5,0.8660254,0.5,1.0,0.0,0.0,0.0,0.0
2025-04-24 12:00:00,5.0,0.9822621,1.5665586,-0.606675,-0.92330474,1.1035047,0.06932319,0.49930713,-0.01939366,0.58449817,0.56264865,0.64677584,0.32185468,1.3263512,1.457613,1.1857234,2.2755926,1.0126879,1.5213132,-0.09195808,1.3218664,1.3180442,1.434286,0.7926819,0.77849543,-0.58778524,-0.809017,0.8660254,-0.5,0.8660254,-0.5,0.0,1.0,0.0,0.0,0.0
2025-04-25 04:00:00,4.0,0.6397294,1.2626721,-0.97973126,0.39933905,0.44321775,2.2560995,-0.47851872,-0.02906765,0.3251074,0.39812022,0.5233079,0.029305993,1.6033969,1.7174001,1.389039,0.37043038,1.5439187,1.4020091,0.3220147,1.5451462,1.6802205,1.8570696,0.2738936,1.0588791,-0.58778524,-0.809017,0.8660254,-0.5,1.2246469e-16,-1.0,0.0,1.0,0.0,0.0,0.0
2025-04-25 08:00:00,1.0,0.10389986,-0.36527687,0.43754143,0.566384,-1.4699106,-0.89419115,-0.47851872,0.11120488,-0.15292256,0.08176693,0.30996192,-0.54635096,1.5965158,1.7056118,1.5365332,0.32336453,1.6225684,1.486649,1.2076476,1.432191,1.7223486,1.9657154,-1.8639747,0.9729686,-0.95105654,0.309017,0.8660254,-0.5,0.8660254,0.5,1.0,0.0,0.0,0.0,0.0
2025-04-25 12:00:00,1.0,0.26439658,0.59301966,1.4261669,-0.92717105,0.20483063,0.006326538,0.61822397,-0.029079817,-0.25441575,-0.02821353,0.2155441,-0.6192669,1.6387311,1.7448887,1.5313452,0.2685888,2.353191,1.524083,1.7095461,1.3929083,1.7563177,2.0681431,0.13755648,1.0111475,-0.95105654,0.309017,0.8660254,-0.5,0.8660254,-0.5,0.0,1.0,0.0,0.0,0.0
2025-04-28 04:00:00,1.0,0.4257011,1.2159492,-0.58521867,-0.17979477,-0.46350354,0.36565718,-0.49646202,-0.03807264,-0.4378728,-0.20073919,0.06884656,-0.7938198,1.7370129,1.8392698,1.5682775,1.2435452,2.4271,1.4636799,1.9668084,1.416439,1.919928,2.282171,-0.8458479,1.0611933,-0.95105654,0.309017,0.8660254,-0.5,1.2246469e-16,-1.0,0.0,1.0,0.0,0.0,0.0
2025-04-28 08:00:00,1.0,0.4379018,1.3996149,-0.2594433,-1.1812674,-0.95229125,-0.91678107,-0.49646202,0.015305729,-0.6213144,-0.38400856,-0.09354982,-0.9649911,1.8198701,1.9172575,1.6330693,0.9618075,2.314847,1.6294236,2.584845,1.4155807,2.0873303,2.484557,-1.5026084,0.92144907,0.0,1.0,0.8660254,-0.5,0.8660254,0.5,1.0,0.0,0.0,0.0,0.0
2025-04-28 12:00:00,1.0,0.53144467,1.1119106,0.21063407,-0.9820179,0.32985196,-0.23048565,0.34124857,-0.036010966,-0.5995378,-0.4388087,-0.17847386,-0.8357897,1.9220997,2.0172539,1.6490687,0.9035152,0.90761185,1.6253573,2.5432901,1.4296273,2.2120144,2.631486,0.2626558,0.87211597,0.0,1.0,0.8660254,-0.5,0.8660254,-0.5,0.0,1.0,0.0,0.0,0.0
2025-04-29 04:00:00,1.0,-0.25084323,-0.7127104,1.2227694,-1.1172103,-0.56718016,0.41210568,-0.5112284,-0.04059266,-0.6868749,-0.5367221,-0.26356676,-0.91124886,1.6786216,1.8116051,1.5218469,0.7193426,0.74164206,1.6925162,2.2438974,1.1824806,1.8915979,2.397841,-0.81881183,0.8546777,0.0,1.0,0.8660254,-0.5,1.2246469e-16,-1.0,0.0,1.0,0.0,0.0,0.0
2025-04-29 08:00:00,4.0,0.68788517,0.9180747,-0.6208498,0.65564466,-0.8212006,-0.95407456,-0.5112284,0.36625695,-0.7081375,-0.61743087,-0.3778767,-0.8394011,1.8443315,1.9656231,1.4980905,0.9307876,0.85413766,1.7452447,2.490586,1.262864,2.1277514,2.6267529,-1.2065109,0.38442874,0.95105654,0.309017,0.8660254,-0.5,0.8660254,0.5,1.0,0.0,0.0,0.0,0.0
2025-04-29 12:00:00,4.0,0.4740336,1.3783854,-1.0607123,-0.19197384,-0.4166487,-0.23310347,0.37517765,-0.06140524,-0.78561914,-0.725107,-0.5050391,-0.86651754,1.9093817,2.0239172,1.5347846,0.9499626,1.5386167,1.6925412,2.760088,1.2509619,2.2467892,2.7364213,-0.6248358,0.46555567,0.95105654,0.309017,0.8660254,-0.5,0.8660254,-0.5,0.0,1.0,0.0,0.0,0.0
2025-04-30 04:00:00,4.0,-0.02474833,-0.039415427,-0.29748845,2.6301053,-1.210905,0.12564027,-0.5267947,-0.05212724,-0.9413976,-0.8753787,-0.6476787,-1.0414624,1.8203194,1.9255741,1.4898608,0.71397763,1.1682502,1.800726,2.5580115,1.098776,2.096898,2.6396496,-1.6828319,0.16322173,0.95105654,0.309017,0.8660254,-0.5,1.2246469e-16,-1.0,0.0,1.0,0.0,0.0,0.0
2025-04-30 08:00:00,4.0,0.1510374,0.63123673,-0.41155759,1.0037842,-1.1726074,-0.96813023,-0.5267947,-0.032259617,-1.0791647,-1.0269747,-0.8068092,-1.1793903,1.7930405,1.8892276,1.4116086,0.52257067,0.9903493,1.9717902,2.5039518,1.0191829,2.0475705,2.6421974,-1.7294711,-0.32360283,0.58778524,-0.809017,0.8660254,-0.5,0.8660254,0.5,1.0,0.0,0.0,0.0,0.0
2025-04-30 12:00:00,4.0,-0.044293217,-0.04510452,-0.20930485,2.3344438,-0.9240989,-0.11366464,0.5199521,-0.06748145,-1.1436074,-1.1283019,-0.9306168,-1.2069407,1.7071009,1.7972628,1.2225933,0.6247588,0.93348885,1.9400892,2.5114655,0.90184003,1.8457242,2.5135849,-1.4246182,-0.30427566,0.58778524,-0.809017,0.8660254,-0.5,0.8660254,-0.5,0.0,1.0,0.0,0.0,0.0
2025-05-02 04:00:00,4.0,-0.2475525,-0.3992629,-1.271818,2.614348,1.1147743,0.85189235,-0.5279711,-0.07619484,-0.8959953,-1.0047998,-0.8865836,-0.7374057,1.4739035,1.618673,0.77376866,0.15537612,0.7508289,2.2726824,2.2463474,0.76553595,1.3024639,2.1024616,0.71312076,0.022399401,0.58778524,-0.809017,0.8660254,-0.5,1.2246469e-16,-1.0,0.0,1.0,0.0,0.0,0.0
2025-05-02 08:00:00,4.0,0.91134214,1.0291631,-0.41777262,-0.077292,0.71531296,-0.97713333,-0.5279711,0.34988365,-0.6954141,-0.91309893,-0.9023947,-0.32771578,1.7220331,1.8312469,0.6848519,0.37733525,0.9180698,2.426703,2.3394055,1.0406991,1.5007131,2.2268891,0.51205456,-0.6484358,-0.95105654,0.309017,0.5,-0.8660254,0.8660254,0.5,1.0,0.0,0.0,0.0,0.0
2025-05-02 12:00:00,4.0,0.40952766,1.2943236,-0.5644946,-0.6152163,-0.49107367,0.124512225,0.82490885,-0.050850067,-0.8209242,-1.0184181,-1.0383208,-0.45894945,1.7734092,1.8722519,0.74726665,0.5951271,0.90373623,2.3084538,2.3279986,1.2260653,1.5252454,2.3037045,-0.8942324,-0.50168145,-0.95105654,0.309017,0.5,-0.8660254,0.8660254,-0.5,0.0,1.0,0.0,0.0,0.0
2025-05-05 04:00:00,4.0,0.4389951,1.2994775,-1.001916,-0.17008787,-0.22065695,0.38992268,-0.5372927,-0.06804441,-0.8833421,-1.088084,-1.1540183,-0.49098527,1.8243079,1.9155498,0.830322,0.73777205,0.8679875,1.2816037,2.2112143,1.2201798,1.6463645,2.3344717,-0.44653443,-3.0,-0.95105654,0.309017,0.5,-0.8660254,1.2246469e-16,-1.0,0.0,1.0,0.0,0.0,0.0
2025-05-05 08:00:00,4.0,-0.22347458,-0.8076862,-0.9776862,1.3808519,-0.8756367,-0.9867968,-0.5372927,-0.045681886,-1.0085926,-1.1901487,-1.2717607,-0.66042304,1.6183132,1.7508707,0.7381229,0.64566624,0.87105656,1.1615541,2.1995115,0.9868323,1.416538,2.167918,-1.3631448,-3.0,0.0,1.0,0.5,-0.8660254,0.8660254,0.5,1.0,0.0,0.0,0.0,0.0
2025-05-05 12:00:00,4.0,0.019986393,0.53305227,-0.34357458,0.9138377,-1.4861969,-0.5582862,-0.09744632,-0.07103279,-1.2260326,-1.3731923,-1.4689602,-0.9777419,1.5740802,1.6958055,0.6348617,0.774625,0.6406534,1.0642458,2.227345,0.87873924,1.4191048,2.1964486,-1.9152672,-3.0,0.0,1.0,0.5,-0.8660254,0.8660254,-0.5,0.0,1.0,0.0,0.0,0.0
2025-05-06 04:00:00,4.0,0.20691474,0.69015586,-0.317437,0.5183856,-0.1430129,-0.26588967,-0.53192115,-0.053887933,-1.2017237,-1.4005388,-1.5614035,-0.86731946,1.5858628,1.6940552,0.48287308,0.42327213,0.54801244,1.4635624,1.9897219,0.8950693,1.3627237,2.135129,-0.8887753,-2.0718358,0.0,1.0,0.5,-0.8660254,1.2246469e-16,-1.0,0.0,1.0,0.0,0.0,0.0
2025-05-06 08:00:00,4.0,-0.20846565,-1.4800326,-0.8413503,-0.3654227,-1.3658917,-0.9135135,-0.53192115,-0.013495265,-1.3286101,-1.5146426,-1.6982943,-1.0801474,1.4128058,1.5602916,0.2562385,0.11792136,0.48569205,1.1606585,2.1959267,0.7436763,1.1641922,2.0614212,-1.7419993,-2.6751106,0.95105654,0.309017,0.5,-0.8660254,0.8660254,0.5,1.0,0.0,0.0,0.0,0.0
2025-05-06 12:00:00,4.0,-0.5009069,-0.9238035,-1.1382962,1.2827717,1.4000994,0.057487044,0.40068352,-0.0818434,-1.0631561,-1.3464282,-1.600173,-0.57137233,1.0264567,1.3057392,-0.2698531,-0.3488386,0.26508212,0.87920475,1.9619794,0.47625268,0.5884815,1.5883349,0.7133853,-2.7231736,0.95105654,0.309017,0.5,-0.8660254,0.8660254,-0.5,0.0,1.0,0.0,0.0,0.0
2025-05-07 04:00:00,4.0,0.088678226,0.5700808,-0.7166642,1.2021106,-0.62176406,0.01871059,-0.52878314,-0.073276445,-1.1250993,-1.3978155,-1.6842214,-0.6612672,1.0516828,1.3040301,-0.5984942,-0.19520518,0.31054685,0.87428075,2.161292,0.47708246,0.5751252,1.5932775,-1.1879044,-2.382475,0.95105654,0.309017,0.5,-0.8660254,1.2246469e-16,-1.0,0.0,1.0,0.0,0.0,0.0
2025-05-07 08:00:00,4.0,-0.2617171,-0.055436328,0.024480095,1.8471527,-1.0039512,-1.0277674,-0.52878314,-0.2650536,-1.1747235,-1.436713,-1.7435074,-0.7478852,0.8726408,1.1762564,-0.9907885,-0.33653283,0.3074662,0.7457002,1.9848926,0.30936223,0.3130054,1.4563047,-1.4193827,-2.168215,0.58778524,-0.809017,0.5,-0.8660254,0.8660254,0.5,1.0,0.0,0.0,0.0,0.0
2025-05-07 12:00:00,4.0,-0.09787101,-0.18287514,0.363975,1.4211297,-1.1243373,-0.44300622,-0.050778303,-0.066909865,-1.2625904,-1.501208,-1.8140551,-0.94068736,0.84455305,1.1384047,-1.3557667,-0.5014549,-0.03904918,0.6216133,2.230544,0.22907166,0.20444617,1.4446177,-1.5377095,-2.0670485,0.58778524,-0.809017,0.5,-0.8660254,0.8660254,-0.5,0.0,1.0,0.0,0.0,0.0
2025-05-08 04:00:00,4.0,-0.220929,-0.84731793,-0.61600566,0.8890664,-0.87917966,-0.04579378,-0.54822683,-0.075726554,-1.2953632,-1.5291394,-1.8487277,-1.0299019,0.7081735,1.0438448,-1.7314095,-0.5114776,-0.25931042,0.46315965,2.059979,0.05929325,-0.017666955,1.3778222,-1.3210979,-2.0971403,0.58778524,-0.809017,0.5,-0.8660254,1.2246469e-16,-1.0,0.0,1.0,0.0,0.0,0.0
2025-05-08 08:00:00,4.0,0.4597498,0.8000329,0.10278494,-0.22168748,0.42360386,-1.0017226,-0.54822683,0.14970899,-1.1276587,-1.4145961,-1.7635944,-0.60753816,0.9494133,1.1887145,-1.6357912,-0.042776205,-0.28786176,0.4435694,2.887744,0.40475103,0.29825303,1.4385144,-0.40076685,-2.0931008,-0.58778524,-0.809017,0.5,-0.8660254,0.8660254,0.5,1.0,0.0,0.0,0.0,0.0
2025-05-08 12:00:00,4.0,-0.3270234,-0.779656,1.1093023,-0.7236564,-0.46659383,0.18920732,0.5459411,-0.15838483,-1.1600661,-1.4173096,-1.7451165,-0.69786876,0.78123134,1.0831248,-1.7783401,-0.2664789,-0.32559264,0.4439339,2.486964,0.20127332,0.023826228,1.3336303,-0.9989887,-2.2808433,-0.58778524,-0.809017,0.5,-0.8660254,0.8660254,-0.5,0.0,1.0,0.0,0.0,0.0
2025-05-09 04:00:00,4.0,-0.48738238,-0.8751628,-1.152366,1.2954423,1.0933089,0.34869248,-0.6169526,-0.14867163,-1.028931,-1.3137753,-1.6390944,-0.3334342,0.4645579,0.9006655,-1.9403765,-0.38678703,-0.5211513,0.15665321,2.2326663,-0.22975507,-0.40085265,1.0344279,0.4853816,-2.2032309,-0.58778524,-0.809017,0.5,-0.8660254,1.2246469e-16,-1.0,0.0,1.0,0.0,0.0,0.0
2025-05-09 08:00:00,4.0,-0.481387,-0.9386386,0.97618854,-0.9583747,0.15073463,-1.0424603,-0.6169526,-0.2081485,-1.0154746,-1.284337,-1.5921744,-0.2991822,0.15587398,0.7240485,-2.2163138,-0.61129504,-0.8263424,-0.08626876,2.1266227,-0.72253174,-0.7725172,0.8279343,-0.44497836,-2.10845,-0.95105654,0.309017,0.5,-0.8660254,0.8660254,0.5,1.0,0.0,0.0,0.0,0.0
2025-05-09 12:00:00,4.0,0.11319325,1.0106579,0.24139966,-0.7141018,-0.35603952,0.5186433,0.791603,-0.1599549,-1.0649669,-1.3043165,-1.5977675,-0.41726363,0.28138942,0.7821451,-2.2778006,-0.4185883,-0.72044194,-0.053411264,1.8861959,-0.5309097,-0.6463574,0.8863048,-0.8372338,-1.816537,-0.95105654,0.309017,0.5,-0.8660254,0.8660254,-0.5,0.0,1.0,0.0,0.0,0.0
2025-05-12 04:00:00,4.0,-0.26322407,-0.38058338,0.26441106,1.0501249,0.64845705,0.14255407,-0.6243835,-0.15424731,-0.96196616,-1.2281867,-1.5280882,-0.15874389,0.13530168,0.6937923,-2.2391055,-0.83252454,-0.62507737,-0.16546348,1.7517558,-0.8448345,-0.8421969,0.7234639,0.33468008,-1.7011335,-0.95105654,0.309017,0.5,-0.8660254,1.2246469e-16,-1.0,0.0,1.0,0.0,0.0,0.0
2025-05-12 08:00:00,4.0,0.3788874,0.2974132,1.9440718,-0.7788749,1.5455871,-0.99366266,-0.6243835,0.17536998,-0.6176728,-1.0092381,-1.3752443,0.7484115,0.4509558,0.8594282,-1.8152524,-0.42908323,-0.53569007,-0.058960784,1.9477915,-0.06976242,-0.49693504,0.69151425,1.103997,-1.6754072,0.0,1.0,0.5,-0.8660254,0.8660254,0.5,1.0,0.0,0.0,0.0,0.0
2025-05-12 12:00:00,4.0,-1.1664569,-1.8038249,-1.1128101,-0.9632052,1.9728041,1.0775607,1.0570787,-0.19675085,-0.40987727,-0.83515674,-1.2170817,1.0947655,-0.49463573,0.32517657,-1.9070833,-0.81521857,-0.9667245,-0.3003264,1.9237947,-2.5772815,-1.3684351,0.20409992,1.4377767,-1.563851,0.0,1.0,0.5,-0.8660254,0.8660254,-0.5,0.0,1.0,0.0,0.0,0.0
2025-05-13 04:00:00,4.0,0.37925282,0.8432945,-1.1367502,1.0823277,2.1861458,1.576957,-0.63620466,-0.196964,-0.23159651,-0.69409,-1.1185039,1.4101853,-0.16498308,0.5152141,-1.7104077,-0.322065,-0.7917447,-0.51629156,1.9634532,-1.2716846,-0.9942885,0.26388213,1.8038642,-0.12591153,0.0,1.0,0.5,-0.8660254,1.2246469e-16,-1.0,0.0,1.0,0.0,0.0,0.0
2025-05-13 08:00:00,4.0,-0.4973717,-1.7780477,-1.0186099,-0.985432,0.51393914,-1.1464553,-0.63620466,0.30758184,-0.29400802,-0.6948161,-1.0931815,1.2410406,-0.46997905,0.31598172,-1.6969125,-0.6406702,-0.88497984,-0.7992417,1.1384795,-2.0093527,-1.2220701,0.10492118,0.5719855,-0.06462178,0.95105654,0.309017,0.5,-0.8660254,0.8660254,0.5,1.0,0.0,0.0,0.0,0.0
2025-05-13 12:00:00,4.0,-0.14824614,-0.30539113,1.1774074,0.1839325,-1.081854,0.22667898,0.33834898,-0.14081375,-0.65412873,-0.8774418,-1.1897135,0.47287366,-0.50216615,0.27970883,-1.7383418,-0.5633888,-1.1683879,-1.0087113,0.9567713,-1.85686,-1.2233708,0.107347965,-1.5415055,-0.34870273,0.95105654,0.309017,0.5,-0.8660254,0.8660254,-0.5,0.0,1.0,0.0,0.0,0.0
2025-05-14 04:00:00,4.0,0.25993678,1.5242051,-1.1121418,-0.5784172,-0.5553337,1.1288857,-0.6297921,-0.15383078,-0.8643283,-1.0056058,-1.265141,0.046718776,-0.2393428,0.40551916,-1.5991187,-0.65528363,-0.89598167,-0.886165,1.1538001,-0.9095186,-0.92195785,0.22093901,-0.8189069,-0.21576163,0.95105654,0.309017,0.5,-0.8660254,1.2246469e-16,-1.0,0.0,1.0,0.0,0.0,0.0
2025-05-14 08:00:00,4.0,-0.54809767,0.93236625,-0.48169148,0.06354521,-0.5830875,-1.2739551,-0.6297921,-0.8754618,-0.799495,-0.9756684,-1.230611,0.17691891,-0.6060979,0.17273931,-1.5301219,-0.26002428,-0.8800225,-1.0679435,1.1082727,-1.6499016,-1.185762,0.006156569,-0.76021075,-0.3034187,0.58778524,-0.809017,0.5,-0.8660254,0.8660254,0.5,1.0,0.0,0.0,0.0,0.0
2025-05-14 12:00:00,4.0,-0.5851202,-1.1788225,-1.2109258,0.88114303,0.49762312,0.697811,0.80497795,-0.12197377,-0.73120505,-0.94153994,-1.1960142,0.29380274,-0.97658265,-0.07583459,-1.5513707,-0.787703,-0.8809252,-1.3607665,1.1380032,-2.2576342,-1.4265056,-0.21556194,0.61648977,-0.18084316,0.58778524,-0.809017,0.5,-0.8660254,0.8660254,-0.5,0.0,1.0,0.0,0.0,0.0
2025-05-15 04:00:00,4.0,-0.52104706,-1.3041582,0.3397483,-1.0512844,-0.27078256,1.1742089,-0.6407124,-0.13437147,-0.8159027,-0.994453,-1.214196,0.076011986,-1.2772849,-0.29908568,-1.648901,-0.79839534,-1.1353238,-1.4694742,1.0438818,-2.4347312,-1.6278028,-0.40604946,-0.3833906,-0.14368586,0.58778524,-0.809017,0.5,-0.8660254,1.2246469e-16,-1.0,0.0,1.0,0.0,0.0,0.0
2025-05-15 08:00:00,4.0,0.43529326,1.16738,0.19117449,-1.1405152,-0.21523316,-1.2662784,-0.6407124,0.072222486,-0.7973911,-1.0090456,-1.2335489,0.14147629,-0.82033396,-0.07561981,-1.4697384,-0.5000843,-0.8331431,-1.1709504,0.90592283,-1.3230889,-1.1520418,-0.27407044,-0.42672545,-0.44943738,-0.58778524,-0.809017,0.5,-0.8660254,0.8660254,0.5,1.0,0.0,0.0,0.0,0.0
2025-05-15 12:00:00,4.0,-0.028384497,0.15479799,1.1626091,0.16630879,-0.18779244,0.72197336,0.8290561,-0.0913432,-0.86075145,-1.057084,-1.260858,-0.010629325,-0.74620247,-0.054168954,-1.3027481,-0.64923954,-1.0119532,-1.2313652,0.9360393,-1.0465946,-1.0272787,-0.30263236,-0.33565235,-0.31659847,-0.58778524,-0.809017,0.5,-0.8660254,0.8660254,-0.5,0.0,1.0,0.0,0.0,0.0
2025-05-16 04:00:00,4.0,0.41453925,1.3298973,-0.9796461,-0.4602518,0.05731046,1.6319878,-0.6408434,-0.09106867,-0.8599641,-1.0740043,-1.2820148,0.0033969048,-0.33008903,0.17079727,-0.9881335,-0.15083681,-0.318437,-1.0194145,0.98037165,-0.10111325,-0.5852459,-0.18306082,0.09369199,-0.53768605,-0.58778524,-0.809017,0.5,-0.8660254,1.2246469e-16,-1.0,0.0,1.0,0.0,0.0,0.0
2025-05-16 08:00:00,4.0,1.0118004,1.4856532,-0.63791394,-1.154942,1.6992157,-1.2942021,-0.6408434,0.0553439,-0.4577598,-0.83463067,-1.1679035,0.8996895,0.40251124,0.6430607,-0.40057513,0.6749574,-0.09191607,-0.67073786,1.0326496,1.43943,0.19469424,0.070422724,1.7037802,-0.7586485,-0.95105654,0.309017,0.5,-0.8660254,0.8660254,0.5,1.0,0.0,0.0,0.0,0.0
2025-05-16 12:00:00,4.0,-0.2577634,-0.50018984,-0.0034548691,1.3264363,-0.68931395,2.3232744,2.5921552,-0.117285565,-0.6476359,-0.9174263,-1.1967536,0.44289044,0.2792514,0.55214965,-0.105008826,0.80809045,0.009061382,-0.6672386,1.0138575,1.0407499,0.11472808,-0.040941816,-0.72203517,-0.76663095,-0.95105654,0.309017,0.5,-0.8660254,0.8660254,-0.5,0.0,1.0,0.0,0.0,0.0
2025-05-19 04:00:00,4.0,-0.38403785,-0.92989165,-1.2004532,1.3594037,-0.55083084,1.001568,-0.63490206,-0.1170939,-0.7554298,-0.9628209,-1.2037772,0.15445143,0.017564304,0.3709463,0.015468329,0.38750654,-0.085596345,-0.95216453,0.8600802,0.70488095,-0.046649374,-0.18769482,-0.610185,-0.47330484,-0.95105654,0.309017,0.5,-0.8660254,1.2246469e-16,-1.0,0.0,1.0,0.0,0.0,0.0
2025-05-19 08:00:00,4.0,-0.8096962,-0.052620567,-0.57937944,2.2531214,-0.92137855,-1.211304,-0.63490206,-0.88036686,-0.49413374,-0.76975125,-1.065941,0.65769094,-0.6253994,-0.07900328,-0.11538521,-0.013193211,-0.5201106,-1.0739906,0.8528999,-0.10650593,-0.55131865,-0.57960916,-1.059509,-0.37883273,0.0,1.0,0.5,-0.8660254,0.8660254,0.5,1.0,0.0,0.0,0.0,0.0
2025-05-19 12:00:00,4.0,-0.2398296,-0.48797923,-1.1732719,2.1095989,-0.46679515,0.1678015,0.67264086,-0.103806034,-0.6439156,-0.8391247,-1.0875965,0.27932477,-0.72634447,-0.1727891,-0.23577988,-0.3475746,-0.39300504,-0.9621062,0.7331419,-0.22863497,-0.61148995,-0.67442524,-0.5589108,-0.24710512,0.0,1.0,0.5,-0.8660254,0.8660254,-0.5,0.0,1.0,0.0,0.0,0.0
2025-05-20 04:00:00,4.0,0.31509128,1.2130189,-1.081451,-0.055191383,-0.2037232,0.82056904,-0.6330497,-0.10355044,-0.7207329,-0.88554233,-1.1114287,0.10792597,-0.38043323,0.03239741,-0.18971029,-0.7032266,-0.027992425,-0.68836695,0.67991614,0.29047737,-0.28749788,-0.55276704,-0.07455389,-0.2750404,0.0,1.0,0.5,-0.8660254,1.2246469e-16,-1.0,0.0,1.0,0.0,0.0,0.0
2025-05-20 08:00:00,4.0,-0.24926205,-0.59199995,1.435552,-0.3306482,-0.71959364,-1.2157876,-0.6330497,-0.10152304,-0.8516532,-0.96180934,-1.1408914,-0.24286999,-0.4992509,-0.069538414,-0.20042448,-0.6953586,0.08395561,-0.8009892,0.7601544,0.12737443,-0.3658483,-0.66233134,-0.8497666,-0.30389827,0.95105654,0.309017,0.5,-0.8660254,0.8660254,0.5,1.0,0.0,0.0,0.0,0.0
2025-05-20 12:00:00,4.0,0.57805586,1.2928078,-0.68597364,-0.6655006,1.0257004,0.18726677,0.80798954,-0.12843592,-0.6460405,-0.8449909,-1.0810487,0.3103874,0.036602248,0.29209203,0.012255716,-0.21173003,0.14003399,-0.53402406,1.0012958,0.85885787,0.1278264,-0.43926436,1.3388058,-0.5593491,0.95105654,0.309017,0.5,-0.8660254,0.8660254,-0.5,0.0,1.0,0.0,0.0,0.0
2025-05-21 04:00:00,4.0,-0.72586066,-1.7701848,-0.7090575,-0.983075,-0.12619539,0.5506342,-0.6413668,-0.121584624,-0.67851526,-0.8421249,-1.0532018,0.15356185,-0.5677033,-0.16470763,-0.040681876,-0.16515203,-0.14182475,-0.8826018,0.93482256,0.19451202,-0.30973947,-0.7928114,0.14113277,-0.09438418,0.95105654,0.309017,0.5,-0.8660254,1.2246469e-16,-1.0,0.0,1.0,0.0,0.0,0.0
2025-05-21 08:00:00,4.0,-0.29596126,1.3529084,-0.5398819,-1.0084834,0.42462087,-1.2145576,-0.6413668,-0.9129464,-0.63019586,-0.8037434,-1.0229309,0.23706162,-0.7203884,-0.30170843,-0.117998004,-0.192422,-0.43712753,-0.5567225,1.3194331,0.018964143,-0.45347568,-0.9606635,0.46763128,-0.41571105,0.58778524,-0.809017,0.5,-0.8660254,0.8660254,0.5,1.0,0.0,0.0,0.0,0.0
2025-05-21 12:00:00,4.0,-0.33697572,-0.53779936,-0.84478843,1.8656878,0.003790479,0.083867304,0.68366075,-0.12291965,-0.671376,-0.8203575,-1.0237164,0.08822374,-0.95104057,-0.5244076,-0.22013439,-0.5764042,-1.040476,-0.78425294,1.3347051,-0.18865953,-0.60583097,-1.1579779,-0.05690049,-1.0588193,0.58778524,-0.809017,0.5,-0.8660254,0.8660254,-0.5,0.0,1.0,0.0,0.0,0.0
2025-05-22 04:00:00,4.0,0.17420861,0.7737729,-0.5078481,0.19133133,0.6089126,0.8278886,-0.64222556,-0.13640346,-0.6418734,-0.80337006,-1.015751,0.15875858,-0.65852773,-0.35842365,-0.18417446,-0.35677132,-0.8876549,-0.5985756,1.3182302,0.18166254,-0.37992933,-1.1047245,0.5264737,-0.66224986,0.58778524,-0.809017,0.5,-0.8660254,1.2246469e-16,-1.0,0.0,1.0,0.0,0.0,0.0
2025-05-22 08:00:00,4.0,-1.4865601,-1.4017661,-0.1346028,-0.54557663,0.07006995,-1.2309047,-0.64222556,-1.5202268,-0.489232,-0.6875048,-0.92556953,0.6041369,-1.6117922,-1.3180447,-0.38317427,-1.2602316,-1.1009084,-0.82193667,0.03293002,-0.8754372,-1.0691371,-1.6014093,0.27614704,-0.26702175,-0.58778524,-0.809017,0.5,-0.8660254,0.8660254,0.5,1.0,0.0,0.0,0.0,0.0
2025-05-22 12:00:00,4.0,-0.29786098,-0.44971862,2.6537125,-0.81413823,-0.19110605,0.03994048,0.68820816,0.03219368,-0.5838433,-0.7303305,-0.9428855,0.41945705,-1.6419992,-1.4137417,-0.5307416,-0.9398653,-0.81119484,-0.9506406,-0.055306662,-0.94891214,-1.1076345,-1.6594198,-0.091128506,-0.5750732,-0.58778524,-0.809017,0.5,-0.8660254,0.8660254,-0.5,0.0,1.0,0.0,0.0,0.0
2025-05-23 04:00:00,4.0,1.0972972,1.3830969,-0.43276578,-1.181049,1.2991699,0.75076854,-0.6424329,0.03219368,-0.46575674,-0.67541003,-0.9277843,0.80979514,-0.7786692,-0.6721529,-0.36006373,-0.39819005,-0.40913904,-0.5773286,-0.023646789,0.045831583,-0.4832822,-1.2490312,1.4143296,0.0343962,-0.58778524,-0.809017,0.5,-0.8660254,1.2246469e-16,-1.0,0.0,1.0,0.0,0.0,0.0
2025-05-23 08:00:00,4.0,0.6844526,0.86203754,0.88131183,-1.1686633,1.2178222,-1.2307421,-0.6424329,-0.016986795,-0.3904005,-0.6423515,-0.9233722,1.0897309,-0.30797645,-0.24329986,-0.09971699,0.09313685,-0.3906494,-0.28661937,0.501842,0.64431083,-0.15181549,-1.0236876,1.31617,0.9823069,-0.95105654,0.309017,0.5,-0.8660254,0.8660254,0.5,1.0,0.0,0.0,0.0,0.0
2025-05-23 12:00:00,4.0,-3.0,-1.9366086,-0.842502,-1.1610396,3.0,1.4988189,2.291767,-0.06788362,1.2215129,0.23685715,-0.41694042,3.0,-2.1091554,-2.401125,-0.3947332,-1.7526854,-1.1516787,-0.72431993,-0.25127548,-2.1342955,-1.5397168,-1.9735863,2.393076,0.36343232,-0.95105654,0.309017,0.5,-0.8660254,0.8660254,-0.5,0.0,1.0,0.0,0.0,0.0
2025-05-26 04:00:00,4.0,0.3448772,0.22733767,-0.85527885,1.6279393,1.1812016,2.749738,-0.6390492,0.03839704,1.5597007,0.47346857,-0.302454,2.9346895,-1.7704403,-2.0694168,-0.48610067,-0.8107738,-1.3124617,-0.7938809,-0.43701744,-1.6996844,-1.2988822,-1.7988334,1.8746337,-0.04575281,-0.95105654,0.309017,0.5,-0.8660254,1.2246469e-16,-1.0,0.0,1.0,0.0,0.0,0.0
2025-05-26 08:00:00,4.0,1.6627558,0.191254,0.84418714,0.35281426,-1.0203658,-1.1421779,-0.6390492,3.0,1.727359,0.66592336,-0.22748637,2.6874464,-0.8678347,-1.0937775,-0.26272795,0.1707577,-0.5762943,-0.49498203,-0.24341212,-0.1275212,-0.6388731,-1.3434309,-1.2380472,-0.82260895,0.0,1.0,0.5,-0.8660254,0.8660254,0.5,1.0,0.0,0.0,0.0,0.0
2025-05-26 12:00:00,4.0,-0.36184582,-0.9687901,1.5892215,-1.0222621,-1.0616385,-0.06373507,0.7086818,0.02558626,0.6091825,0.23328537,-0.40923598,1.3040953,-0.94830364,-1.2182219,-0.16499496,-0.5764838,-0.5759789,-0.6810843,-0.41272664,-0.3489733,-0.70484084,-1.3719445,-1.3800372,-0.84863937,0.0,1.0,0.5,-0.8660254,0.8660254,-0.5,0.0,1.0,0.0,0.0,0.0
2025-05-27 04:00:00,4.0,-1.2046763,-1.6763864,-1.0944885,-0.5883618,0.068875425,0.5185687,-0.6358439,-0.11381172,0.4016852,0.21216115,-0.38300386,0.9263002,-1.4247948,-1.8233099,-0.23474096,-1.5222229,-0.8219046,-1.1847925,-0.80134815,-1.2875003,-1.062635,-1.6102592,0.7202533,-0.97050416,0.0,1.0,0.5,-0.8660254,1.2246469e-16,-1.0,0.0,1.0,0.0,0.0,0.0
2025-05-27 08:00:00,4.0,0.4805071,1.2437617,-0.61583716,-0.6005984,-0.19403824,-1.1172489,-0.6358439,-0.6148576,-0.019872088,-0.004345759,-0.48462775,0.5003685,-1.1004257,-1.4612032,-0.17058216,0.4704957,-0.8532538,-1.0182338,-0.9189793,-0.60288143,-0.76924074,-1.4102623,0.16165306,-1.1349767,0.95105654,0.309017,0.5,-0.8660254,0.8660254,0.5,1.0,0.0,0.0,0.0,0.0
2025-05-27 12:00:00,4.0,0.87266046,1.1698004,-0.82018155,-0.2965375,0.1612261,0.48189697,1.268693,-0.0065100775,-0.13074158,-0.09949868,-0.5489876,0.4110145,-0.6308589,-0.933296,0.06640855,0.7628398,-0.06243518,-0.75434923,-1.0111455,0.4650331,-0.32711706,-1.1117511,0.90232015,-1.2892411,0.95105654,0.309017,0.5,-0.8660254,0.8660254,-0.5,0.0,1.0,0.0,0.0,0.0
2025-05-28 04:00:00,4.0,0.17972173,0.21929075,1.1113861,0.22480388,0.3711098,1.1521053,-0.6356555,-0.05311167,-0.015953293,-0.04403661,-0.5312657,0.50066596,-0.47869104,-0.7673584,0.28979936,-0.023927938,0.09980451,-0.4849287,-0.9073379,0.69107455,-0.20595816,-1.008509,1.3689691,-0.31488776,0.95105654,0.309017,0.5,-0.8660254,1.2246469e-16,-1.0,0.0,1.0,0.0,0.0,0.0
2025-05-28 08:00:00,4.0,-0.5527562,0.85123676,-0.26464146,-0.09133975,-0.60488147,-1.1337069,-0.6356555,-2.148911,-0.17130308,-0.12719561,-0.5539047,0.3066404,-0.70457435,-1.0191532,0.3625748,-0.12371722,-0.46674544,-0.50797266,-1.331931,0.17906412,-0.39683062,-1.0895332,-0.65229404,-0.53164536,0.58778524,-0.809017,0.5,-0.8660254,0.8660254,0.5,1.0,0.0,0.0,0.0,0.0
2025-05-28 12:00:00,4.0,-1.0045192,-1.3693949,-0.9765271,-0.10277561,0.103266776,0.27650008,1.093097,0.06562068,-0.11944827,-0.07245069,-0.4998519,0.28846976,-1.1562568,-1.5159029,0.24298261,0.007331771,-1.0731325,-0.772049,-1.7247521,-0.73732555,-0.7781542,-1.2829082,0.90590763,-0.9791147,0.58778524,-0.809017,0.5,-0.8660254,0.8660254,-0.5,0.0,1.0,0.0,0.0,0.0
2025-05-29 04:00:00,4.0,0.0455029,0.14302589,1.6710644,0.013279906,-0.74971795,0.7538973,-0.63454276,-0.026711755,-0.67797524,-0.49681327,-0.69913924,-0.22655095,-1.065453,-1.406149,0.18829651,-0.25346985,0.18106467,-0.6964596,-1.705612,-0.5895922,-0.7075188,-1.2069131,-0.7634615,-0.9686053,0.58778524,-0.809017,0.5,-0.8660254,1.2246469e-16,-1.0,0.0,1.0,0.0,0.0,0.0
2025-05-29 08:00:00,4.0,0.58741003,-1.0302676,-0.124581344,-0.06380686,-0.124693185,-1.1438775,-0.63454276,2.6862452,-0.41429248,-0.39285216,-0.6850449,0.063526444,-0.69424194,-1.032285,0.316426,-0.4368284,0.2802059,-0.78390265,-1.661483,0.17147078,-0.3337405,-1.0021421,0.5664592,-0.9881749,-0.58778524,-0.809017,0.5,-0.8660254,0.8660254,0.5,1.0,0.0,0.0,0.0,0.0
2025-05-29 12:00:00,4.0,-0.904896,-1.5655563,-0.62953526,-0.96296155,-0.48126966,-0.3085763,0.38471198,0.017859194,-0.6988875,-0.6058711,-0.7634649,-0.25932768,-1.1376746,-1.4790514,0.2156008,-1.0996724,-0.7407739,-0.7365007,-1.7897313,-0.70656794,-0.7381436,-1.1914104,-0.3336087,-1.0668548,-0.58778524,-0.809017,0.5,-0.8660254,0.8660254,-0.5,0.0,1.0,0.0,0.0,0.0
2025-05-30 04:00:00,4.0,-0.3265937,-0.5406391,-0.05932963,1.0204469,-0.7228198,2.2891889,-0.6274111,-0.113265425,-1.112577,-0.9918634,-0.9795215,-0.68222696,-1.2425728,-1.5686786,0.07650047,-0.95910686,-0.74108785,-0.7472638,-1.7300378,-0.91339874,-0.8520375,-1.2278352,-0.878612,-1.0922154,-0.58778524,-0.809017,0.5,-0.8660254,1.2246469e-16,-1.0,0.0,1.0,0.0,0.0,0.0
2025-05-30 08:00:00,1.0,1.0721973,1.5077262,-0.81564766,-1.0210919,0.20470628,-1.0496203,-0.6274111,-0.39368308,-0.8888703,-0.980677,-1.0742762,-0.3373779,-0.60712516,-0.97736186,0.30292022,0.26122946,0.18976828,-0.4963565,-1.9051218,0.24862944,-0.20389722,-0.89217454,0.99594986,-0.9941996,-0.95105654,0.309017,0.5,-0.8660254,0.8660254,0.5,1.0,0.0,0.0,0.0,0.0
2025-05-30 12:00:00,1.0,0.15613778,0.29838285,2.4984026,-0.9947392,-0.68081003,0.10473261,1.1902598,0.01692589,-1.2847382,-1.4079031,-1.3741595,-0.7004578,-0.48786694,-0.86323655,0.51460403,0.33366728,0.046582878,-0.60134006,-2.002798,0.4758039,-0.041948162,-0.81154066,-0.83266604,-0.9206358,-0.95105654,0.309017,0.5,-0.8660254,0.8660254,-0.5,0.0,1.0,0.0,0.0,0.0
2025-06-02 04:00:00,1.0,0.3483909,0.39809373,0.6787725,0.41999805,-0.07682258,0.79617226,-0.63405514,0.104727775,-1.1757623,-1.4571613,-1.5064502,-0.52901393,-0.25820982,-0.6608732,0.78746724,0.18359928,-0.22194378,-0.16023515,-2.0688076,0.7806912,0.18811864,-0.6825834,0.6047747,-1.1707978,-0.95105654,0.309017,0.5,-0.8660254,1.2246469e-16,-1.0,0.0,1.0,0.0,0.0,0.0
2025-06-02 08:00:00,1.0,-1.7916296,-0.79770714,0.6856339,-0.36416438,-0.13231596,-1.0652169,-0.63405514,-2.4883106,-0.071787804,-0.50736386,-0.9511282,0.48302138,-1.3966198,-1.7078239,0.47044727,-0.3780941,-1.2483398,-0.5340918,-2.1890523,-1.1514163,-1.0047835,-1.1821007,0.5196376,-0.40425378,0.0,1.0,1.2246469e-16,-1.0,0.8660254,0.5,1.0,0.0,0.0,0.0,0.0
2025-06-02 12:00:00,1.0,0.95192444,1.5470886,-0.7796823,-1.0823399,-0.36762893,-0.06372325,0.96436095,0.014616553,-0.4984728,-0.87913954,-1.2632233,0.10774188,-0.772189,-1.1597595,0.55534166,0.522743,-0.5003487,-0.6182128,-1.9826533,-0.06554449,-0.31452543,-0.88664675,-0.21510692,-0.8531241,0.0,1.0,1.2246469e-16,-1.0,0.8660254,-0.5,0.0,1.0,0.0,0.0,0.0
2025-06-03 04:00:00,1.0,0.22825398,0.27943325,-0.1893223,1.460616,0.022594046,0.30794188,-0.6385524,0.016373899,-0.5395343,-0.9208115,-1.3488413,0.07613493,-0.6155179,-1.0237527,0.7116932,-0.08198799,0.19218789,-0.81569475,-1.9662482,0.29778096,-0.05161895,-0.80806816,0.7790454,-0.9509674,0.0,1.0,1.2246469e-16,-1.0,1.2246469e-16,-1.0,0.0,1.0,0.0,0.0,0.0
2025-06-03 08:00:00,1.0,-0.033971272,-1.0363846,0.03850679,-0.31853017,0.33037734,-1.0521685,-0.6385524,1.3450576,-0.57435846,-0.939331,-1.3810133,0.04443259,-0.63269067,-1.0356431,0.8170515,-0.22330433,0.15460373,0.2434472,-1.841389,0.17029712,-0.13220562,-0.8092445,0.71991944,-0.9732695,0.95105654,0.309017,1.2246469e-16,-1.0,0.8660254,0.5,1.0,0.0,0.0,0.0,0.0
2025-06-03 12:00:00,1.0,0.18240328,0.31030467,2.1091912,-0.8036188,-1.2700028,-0.25236163,0.500238,0.08208012,-1.1092277,-1.4203765,-1.7861097,-0.5283662,-0.4459037,-0.88562393,0.9321141,-0.34275222,-0.10489871,0.20207983,-1.6044961,0.39455357,0.015615588,-0.7172711,-1.2987083,-0.8588073,0.95105654,0.309017,1.2246469e-16,-1.0,0.8660254,-0.5,0.0,1.0,0.0,0.0,0.0
2025-06-04 04:00:00,4.0,1.4875144,1.4091045,-0.81923807,-0.7668674,2.405481,0.55483687,-0.63266224,0.040023956,-0.4566801,-0.9544133,-1.607776,0.29206496,0.8094888,0.11971268,1.4845576,2.0557919,1.4578559,0.13001975,-1.398959,2.2993553,1.506007,-0.1767674,1.7766808,0.26316807,0.95105654,0.309017,1.2246469e-16,-1.0,1.2246469e-16,-1.0,0.0,1.0,0.0,0.0,0.0
2025-06-04 08:00:00,4.0,0.9406763,0.74987197,-1.0582199,1.0742182,-0.8843007,-1.0998132,-0.63266224,1.0802671,-0.82127625,-1.2735437,-1.9110653,-0.0722251,1.5317255,0.77409947,2.0723088,1.9895018,2.2866704,0.69093305,-1.1644589,2.4651062,2.4166625,0.23246175,-0.71814543,0.38773164,0.58778524,-0.809017,1.2246469e-16,-1.0,0.8660254,0.5,1.0,0.0,0.0,0.0,0.0
2025-06-04 12:00:00,4.0,-0.27775064,-0.4207263,1.9989107,-0.61406213,-0.15943338,0.12217049,1.030984,-0.03292857,-0.93914455,-1.354654,-1.935532,-0.21712503,1.3122483,0.6146535,2.2143493,1.6099851,1.4037485,1.1798377,-1.1583065,1.7845105,1.9855425,0.17685346,-0.052699406,-0.38344058,0.58778524,-0.809017,1.2246469e-16,-1.0,0.8660254,-0.5,0.0,1.0,0.0,0.0,0.0
2025-06-05 04:00:00,3.0,0.2894731,0.48635447,-0.70608336,1.3924168,-0.25870124,0.4874653,-0.637978,-0.03232813,-1.090888,-1.492855,-2.011874,-0.36981422,1.5870177,0.881385,2.2817895,1.8034981,1.4654703,1.1450244,-1.037496,1.6567091,2.1287882,0.36447573,-0.21093877,-0.19799708,0.58778524,-0.809017,1.2246469e-16,-1.0,1.2246469e-16,-1.0,0.0,1.0,0.0,0.0,0.0
2025-06-05 08:00:00,3.0,0.16598131,-0.019950597,1.2091734,0.7306296,-2.3456714,-1.1053807,-0.637978,0.3977774,-1.8589667,-2.1368122,-2.448361,-1.4210671,1.8140755,1.0934597,2.3565252,1.750203,1.3371766,0.8534683,-1.158764,1.4851687,2.3776782,0.62945205,-1.7169638,0.2622449,-0.58778524,-0.809017,1.2246469e-16,-1.0,0.8660254,0.5,1.0,0.0,0.0,0.0,0.0
2025-06-05 12:00:00,4.0,-0.19295052,-0.38215044,1.6138251,-0.16945985,-0.45738947,-0.07454542,0.70829016,0.024007168,-1.8458545,-2.175151,-2.4361007,-1.4071175,1.6527855,1.0024748,2.1571956,0.62240237,2.2152326,0.7280334,-1.0935751,1.187007,2.0801404,0.63400435,-0.855688,-0.00795349,-0.58778524,-0.809017,1.2246469e-16,-1.0,0.8660254,-0.5,0.0,1.0,0.0,0.0,0.0
2025-06-06 04:00:00,3.0,-0.121134534,-0.17088342,1.3952734,0.57186353,1.4872108,0.867799,-0.6345229,-0.016722769,-1.2323903,-1.724604,-2.105468,-0.46960703,1.5528885,0.96711314,1.8135413,-0.08972165,1.5552858,1.0064011,-0.97015244,0.98276293,1.7040445,0.53633446,1.4191724,0.6923158,-0.58778524,-0.809017,1.2246469e-16,-1.0,1.2246469e-16,-1.0,0.0,1.0,0.0,0.0,0.0
2025-06-06 08:00:00,3.0,-0.6724844,-1.1101425,-0.2929798,-0.025380285,-0.8740946,-1.0899253,-0.6345229,-0.26488099,-1.4750777,-1.8837082,-2.1640658,-0.87729204,0.64137334,0.30591702,1.4120388,-0.34628057,1.0475925,1.2091918,-0.92477095,0.5348309,0.9770191,0.21639965,-1.288367,2.676043,-0.95105654,0.309017,1.2246469e-16,-1.0,0.8660254,0.5,1.0,0.0,0.0,0.0,0.0
2025-06-06 12:00:00,3.0,0.5926607,1.0477082,-0.19592825,-0.5742243,-0.44112167,-0.11129114,0.6628794,0.06552823,-1.5557348,-1.970128,-2.2266788,-0.96328837,1.2876992,0.88539314,1.2675192,-0.15010568,1.3984443,1.5171278,-0.8811063,0.782222,1.4570471,0.67342144,-0.7389649,2.6081467,-0.95105654,0.309017,1.2246469e-16,-1.0,0.8660254,-0.5,0.0,1.0,0.0,0.0,0.0
2025-06-09 04:00:00,1.0,0.22338982,0.49618903,0.8370836,-0.28413528,-0.9817874,0.39639023,-0.6301301,0.06421536,-1.7615445,-2.1351197,-2.329339,-1.2978972,1.53279,1.1467575,1.2109095,-0.114401594,1.4017755,1.2973444,-0.77569574,0.8047489,1.6196946,0.9673436,-1.373697,2.494059,-0.95105654,0.309017,1.2246469e-16,-1.0,1.2246469e-16,-1.0,0.0,1.0,0.0,0.0,0.0
2025-06-09 08:00:00,4.0,-1.6904347,-1.5468596,-0.8460926,-0.6392937,1.3107145,-1.0890496,-0.6301301,-0.85871917,-0.7613152,-1.347554,-1.7289871,0.27149382,-0.67234963,-0.72901964,0.45738703,-1.1189712,-0.4216592,0.87960464,-1.1370862,-0.16540743,-0.26961106,-0.43262002,1.3485606,0.59378123,0.0,1.0,1.2246469e-16,-1.0,0.8660254,0.5,1.0,0.0,0.0,0.0,0.0
2025-06-09 12:00:00,4.0,-1.2117753,-1.813402,-1.0330622,-1.1533616,0.30874744,0.70189524,1.4567735,0.1073979,-0.7072455,-1.2307112,-1.6021097,0.28018144,-1.7840374,-1.8278748,-0.39937252,-1.7969363,-1.6191126,0.3898706,-0.9727616,-0.9276715,-1.4134027,-1.2632072,0.508827,-0.20459206,0.0,1.0,1.2246469e-16,-1.0,0.8660254,-0.5,0.0,1.0,0.0,0.0,0.0
2025-06-10 04:00:00,4.0,0.9032516,0.88681984,-0.8581629,0.549515,1.6492572,2.849781,-0.63045126,0.06475017,-0.31260732,-0.9399242,-1.4488089,0.946212,-0.78831905,-0.9540037,-0.60624194,-0.78052574,-0.95986634,0.2837605,-0.9891744,-0.4114708,-0.5951985,-0.5804435,1.8442878,-0.2623224,0.0,1.0,1.2246469e-16,-1.0,1.2246469e-16,-1.0,0.0,1.0,0.0,0.0,0.0
2025-06-10 08:00:00,4.0,-0.94605786,-1.0803343,0.7288747,-0.98771006,0.16937928,-1.0367455,-0.63045126,-0.42261147,-0.387996,-0.9137687,-1.3914537,0.7405966,-1.5686989,-1.7455187,-1.0475732,-1.7255118,-1.6082253,-0.34432217,-0.98547965,-0.9977333,-1.3945051,-1.1860394,0.44747335,-0.21697272,0.95105654,0.309017,1.2246469e-16,-1.0,0.8660254,0.5,1.0,0.0,0.0,0.0,0.0
2025-06-10 12:00:00,1.0,0.24581377,0.21406238,-0.96685004,2.2514305,0.967256,-0.06524969,0.76997226,0.101488896,-0.20433976,-0.7414742,-1.2789159,0.953974,-1.2427392,-1.4356842,-1.177652,-1.6746984,-1.5598454,-0.40919828,-0.90594536,-0.8418167,-1.1278169,-0.9537026,1.3521934,0.04210666,0.95105654,0.309017,1.2246469e-16,-1.0,0.8660254,-0.5,0.0,1.0,0.0,0.0,0.0
2025-06-11 04:00:00,4.0,-0.06837832,-0.18712246,0.21693803,1.6557732,-0.7090509,0.59987897,-0.6307889,0.101488896,-0.64535856,-0.99074167,-1.4203055,0.2770222,-1.2402049,-1.4228318,-1.3033596,-0.6578482,-1.4705697,0.6161003,-0.986429,-0.97834104,-1.2495524,-0.97808087,-0.97898585,-2.292186,0.95105654,0.309017,1.2246469e-16,-1.0,1.2246469e-16,-1.0,0.0,1.0,0.0,0.0,0.0
2025-06-11 08:00:00,3.0,-0.44903457,-0.6087992,0.05164791,0.7273845,-0.80458903,-1.032512,-0.6307889,-0.25591615,-0.9895854,-1.2035882,-1.5342634,-0.2781011,-1.5740745,-1.7336583,-1.4972057,-0.19041225,-1.6108166,-0.21951598,-0.9040542,-1.3025512,-1.6490926,-1.2821206,-1.1673498,-1.5729548,0.58778524,-0.809017,1.2246469e-16,-1.0,0.8660254,0.5,1.0,0.0,0.0,0.0,0.0
2025-06-11 12:00:00,4.0,-0.28506747,-0.53240997,0.14445436,0.83087736,-0.7093402,0.006588305,0.87214,0.02224162,-1.2296659,-1.3793972,-1.6431893,-0.6616164,-1.7431192,-1.8673269,-1.6701118,-0.9116536,-1.3876481,-0.5540974,-0.7922247,-1.5026544,-1.8871089,-1.4345213,-1.0986916,-1.4847144,0.58778524,-0.809017,1.2246469e-16,-1.0,0.8660254,-0.5,0.0,1.0,0.0,0.0,0.0
2025-06-12 04:00:00,1.0,-0.49241912,-0.71399176,0.16757067,0.39892063,0.71566886,1.5608276,-0.62871784,0.11365643,-0.8919284,-1.1537354,-1.4785705,-0.15071172,-2.0726244,-2.1488364,-1.8032094,-0.63450646,-1.9125789,-0.8946994,-0.7252886,-1.8147424,-2.19465,-1.6906134,1.0075845,-1.2627224,0.58778524,-0.809017,1.2246469e-16,-1.0,1.2246469e-16,-1.0,0.0,1.0,0.0,0.0,0.0
2025-06-12 08:00:00,1.0,-1.5594063,0.03273168,1.9478221,-0.17384578,0.8750843,-1.0316757,-0.62871784,-3.0,0.11517501,-0.39327598,-0.8986771,1.1887988,-2.9299688,-3.0,-2.141144,-1.6978403,-2.643611,-2.0331624,-1.0674453,-2.3794355,-2.9444735,-2.484699,1.1607401,-0.32089624,-0.58778524,-0.809017,1.2246469e-16,-1.0,0.8660254,0.5,1.0,0.0,0.0,0.0,0.0
2025-06-12 12:00:00,1.0,0.35358417,0.36410633,1.5581933,-0.5836868,0.7347031,0.1591427,1.2629669,0.16779117,0.081981175,-0.35371426,-0.860251,1.0838121,-2.3714533,-2.543991,-2.1808443,-1.4266391,-1.6318907,-2.7038116,-1.010871,-1.8457546,-2.3902445,-2.0914602,0.8467295,-1.1893662,-0.58778524,-0.809017,1.2246469e-16,-1.0,0.8660254,-0.5,0.0,1.0,0.0,0.0,0.0
2025-06-13 04:00:00,4.0,0.38901904,0.6292164,1.4517438,-1.093765,-0.6979655,0.8196947,-0.628626,0.16763313,-0.40761518,-0.65199435,-1.0499654,0.36348164,-1.8763099,-2.1152527,-2.0094981,-0.9297143,-0.88041455,-2.8654747,-1.0725914,-1.4447112,-1.9426993,-1.7971461,-0.88433397,-1.7813524,-0.58778524,-0.809017,1.2246469e-16,-1.0,1.2246469e-16,-1.0,0.0,1.0,0.0,0.0,0.0
2025-06-13 08:00:00,4.0,-2.0192766,0.6493707,0.40445125,-0.08541379,-0.41101655,-0.34415522,-0.628626,-3.0,1.2855864,0.63966626,-0.06985093,2.3171978,-2.791175,-3.0,-1.9766004,-1.9446347,-2.143671,-3.0,-1.633435,-1.9768125,-2.5926692,-2.633417,-0.69998366,-1.3449799,-0.95105654,0.309017,1.2246469e-16,-1.0,0.8660254,0.5,1.0,0.0,0.0,0.0,0.0
2025-06-13 12:00:00,4.0,-0.21850729,-0.5037113,-0.5956781,1.4902369,0.5493789,1.059295,-0.6381076,0.21919598,0.92505455,0.5371056,-0.067728706,1.6656345,-2.7084584,-2.987739,-2.068234,-1.8390763,-1.7845359,-3.0,-1.5930908,-1.7432777,-2.433971,-2.6212938,0.6243469,-1.1067338,-0.95105654,0.309017,1.2246469e-16,-1.0,0.8660254,-0.5,0.0,1.0,0.0,0.0,0.0
2025-06-16 04:00:00,4.0,-0.54014504,-1.0845441,-0.9544404,0.51252383,-0.05658809,1.2292316,-0.6381076,0.2553975,0.5293163,0.3643756,-0.109985635,1.0348272,-2.7257984,-2.9996169,-2.1355147,-1.2331955,-2.0650916,-3.0,-1.5590936,-1.6491115,-2.4501772,-2.7676039,-0.15959823,-0.45072058,-0.95105654,0.309017,1.2246469e-16,-1.0,1.2246469e-16,-1.0,0.0,1.0,0.0,0.0,0.0
2025-06-16 08:00:00,4.0,0.040018406,-0.2961987,-0.5334347,1.9398597,-0.77718014,-1.1893125,-0.6381076,0.34290358,0.029523304,0.04811672,-0.29327843,0.35636896,-2.5330834,-2.7590883,-2.0515375,-1.4144964,-1.9522369,-2.9749014,-1.3387138,-1.415597,-2.2095227,-2.6257331,-0.8207253,-0.5514021,0.0,1.0,1.2246469e-16,-1.0,0.8660254,0.5,1.0,0.0,0.0,0.0,0.0
2025-06-16 12:00:00,4.0,0.12921803,0.08143701,1.2957581,0.37312275,-1.883694,-0.06277186,1.4110291,0.18379967,-0.7381376,-0.51661336,-0.67115223,-0.64768183,-2.3099504,-2.516955,-1.9086095,-1.5419868,-1.6763059,-2.6915781,-1.2589617,-1.2158363,-2.0146594,-2.5185964,-1.564322,-0.76149976,0.0,1.0,1.2246469e-16,-1.0,0.8660254,-0.5,0.0,1.0,0.0,0.0,0.0
2025-06-17 04:00:00,4.0,0.96790075,1.2526261,-0.41936058,-0.68548363,0.5019214,0.67999774,-0.63809574,0.105263226,-0.63287014,-0.53576916,-0.72821367,-0.41253477,-1.475589,-1.8744204,-1.3117619,0.21665733,-1.1808656,-2.0196288,-1.2129794,-0.8189209,-1.2970545,-1.8994473,0.47590896,0.27637467,0.0,1.0,1.2246469e-16,-1.0,1.2246469e-16,-1.0,0.0,1.0,0.0,0.0,0.0
2025-06-17 08:00:00,4.0,-0.81253207,-0.058689028,1.2343009,0.7512744,0.02500063,-1.2077112,-0.63809574,-1.3035591,-0.39771983,-0.38214365,-0.58393455,-0.12066362,-1.7649764,-2.1237278,-1.0353577,-0.1330177,-1.3077048,-2.3924944,-1.2727183,-0.98008734,-1.4922335,-2.1645513,-0.11811474,-0.06996429,0.95105654,0.309017,1.2246469e-16,-1.0,0.8660254,0.5,1.0,0.0,0.0,0.0,0.0
2025-06-17 12:00:00,4.0,0.5359566,0.8059981,-1.163307,1.178524,-0.7141193,-0.17863813,1.2674901,0.1289219,-0.6717962,-0.61945504,-0.7677737,-0.45075163,-1.3714986,-1.7961742,-0.6735984,0.49936062,-0.47997436,-2.2089736,-1.3877739,-0.7572559,-1.0634245,-1.9011483,-0.7384853,0.060972728,0.95105654,0.309017,1.2246469e-16,-1.0,0.8660254,-0.5,0.0,1.0,0.0,0.0,0.0
2025-06-18 04:00:00,4.0,0.13956451,0.06055719,1.0035989,0.5659688,-0.876123,0.45460775,-0.6376862,0.16761716,-0.9271178,-0.84951276,-0.9383535,-0.7749148,-1.2703454,-1.6819228,-0.3234513,0.55696946,-0.5750816,-1.5618498,-1.199889,-0.64006287,-0.8833344,-1.8021909,-0.97513473,0.7526625,0.95105654,0.309017,1.2246469e-16,-1.0,1.2246469e-16,-1.0,0.0,1.0,0.0,0.0,0.0
2025-06-18 08:00:00,4.0,-0.72850364,-1.0482076,-1.1705868,0.8398602,-1.7786256,-1.202218,-0.6376862,-0.65499675,-0.9301487,-0.88586706,-0.9468711,-0.7786793,-1.5530864,-1.908736,-0.2199959,0.05914158,-1.0193591,-1.3803023,-1.3162339,-0.8117676,-1.168456,-2.0582721,-1.5569906,1.6591662,0.58778524,-0.809017,1.2246469e-16,-1.0,0.8660254,0.5,1.0,0.0,0.0,0.0,0.0
2025-06-18 12:00:00,4.0,-0.1354645,-0.48841354,-0.29467756,1.2406479,-0.3630415,0.19856168,1.6958869,0.1883251,-1.0374576,-1.0104175,-1.0441054,-0.90193546,-1.5726231,-1.8940783,-0.13463406,-0.58999085,-0.2537042,-1.6671538,-1.3576304,-0.7890245,-1.1060215,-2.056757,-0.6003223,1.658832,0.58778524,-0.809017,1.2246469e-16,-1.0,0.8660254,-0.5,0.0,1.0,0.0,0.0,0.0
2025-06-19 04:00:00,4.0,-0.21545266,-0.5003726,-1.0139922,1.8737713,0.4874927,0.92010075,-0.63811994,0.14721866,-0.89332795,-0.95096123,-1.013161,-0.6565657,-1.6260169,-1.9155297,-0.068468176,-0.23368636,-0.24969223,-1.4209964,-1.6244746,-0.7873387,-1.0794563,-2.0363896,0.1909575,1.5915877,0.58778524,-0.809017,1.2246469e-16,-1.0,1.2246469e-16,-1.0,0.0,1.0,0.0,0.0,0.0
2025-06-19 08:00:00,4.0,-2.233205,-1.4133261,-0.076013684,-1.2464947,0.3904813,-1.3322428,-0.63811994,-2.3005033,0.45716405,0.06303488,-0.22658227,1.0670841,-2.2178168,-2.5076432,-0.4821202,-1.8380828,-0.9268728,-2.0841057,-1.7365593,-1.4159693,-1.7996852,-2.4760375,0.034195878,1.1721307,-0.58778524,-0.809017,1.2246469e-16,-1.0,0.8660254,0.5,1.0,0.0,0.0,0.0,0.0
2025-06-19 12:00:00,4.0,0.82682717,1.1649089,0.47999838,-1.3185346,0.3424836,0.1512458,1.6786146,0.16324285,0.1425535,-0.11557909,-0.36562952,0.644509,-1.6182505,-2.0158014,-0.5126973,-1.4106822,-0.60695606,-1.7749853,-1.5112851,-1.020501,-1.2506481,-2.061413,0.060531076,1.1969954,-0.58778524,-0.809017,1.2246469e-16,-1.0,0.8660254,-0.5,0.0,1.0,0.0,0.0,0.0
2025-06-20 04:00:00,4.0,-0.85054165,-1.4028796,-0.49132776,-0.85581386,0.8812048,0.53981346,-0.63898665,0.16324285,0.13086362,-0.057942707,-0.2752217,0.5337591,-1.7920532,-2.1640124,-0.6551865,-1.4604226,-0.9927942,-1.8390195,-1.9324256,-1.1888877,-1.4706655,-2.2215583,0.7363629,1.1166456,-0.58778524,-0.809017,1.2246469e-16,-1.0,1.2246469e-16,-1.0,0.0,1.0,0.0,0.0,0.0
2025-06-20 08:00:00,4.0,1.2571014,1.2725081,-0.5331317,-0.43264556,-1.242022,-1.3534228,-0.63898665,1.1332493,-0.057115175,-0.20024227,-0.4144499,0.33279827,-1.0596513,-1.5860038,-0.34504312,-0.6840806,-0.8771097,-1.4164582,-1.9119127,-0.6915329,-0.7616134,-1.7238754,-1.2550012,1.2876445,-0.95105654,0.309017,1.2246469e-16,-1.0,0.8660254,0.5,1.0,0.0,0.0,0.0,0.0
2025-06-20 12:00:00,4.0,1.3178068,0.7619369,0.2604251,-0.15058234,3.0,3.0,3.0,0.1443697,1.5718901,0.9445976,0.33664623,2.29937,-0.4392954,-1.070526,0.28296283,0.110139556,-0.08061555,-0.95330125,-0.888453,-0.2036459,-0.024686122,-1.0487517,2.1662893,1.3878893,-0.95105654,0.309017,1.2246469e-16,-1.0,0.8660254,-0.5,0.0,1.0,0.0,0.0,0.0
2025-06-23 04:00:00,4.0,-0.39576566,-0.7732967,-0.40701446,0.6142278,0.09563718,0.03528198,-0.38526884,0.18312776,1.1372944,0.7765683,0.27719134,1.5753819,-0.577507,-1.161395,0.55972165,1.1787372,-0.43484417,-0.617207,-1.0672631,-0.3427354,-0.14124258,-1.1542646,0.10568437,1.284963,-0.95105654,0.309017,1.2246469e-16,-1.0,1.2246469e-16,-1.0,0.0,1.0,0.0,0.0,0.0
2025-06-23 08:00:00,4.0,0.1732694,1.681809,-0.6891316,-1.3844745,1.1248329,-0.79793257,-0.38526884,-2.1816,1.41764,1.0359217,0.46645197,1.6822642,-0.5317634,-1.1034548,0.78771263,0.7925039,-0.42981482,-0.6781945,-1.4828768,-0.2509023,-0.014981365,-1.053169,1.7853975,1.253276,0.0,1.0,1.2246469e-16,-1.0,0.8660254,0.5,1.0,0.0,0.0,0.0,0.0
2025-06-23 12:00:00,4.0,-0.88638514,-0.9289046,-0.31387216,0.18602385,1.364849,-0.17719646,0.5951359,0.20848158,1.8489223,1.4899567,0.8653494,1.8592383,-0.8186447,-1.3161638,0.75537133,0.8335573,-0.4496906,-0.9893809,-1.6047921,-0.662812,-0.24540049,-1.1978395,1.9568692,1.2887084,0.0,1.0,1.2246469e-16,-1.0,0.8660254,-0.5,0.0,1.0,0.0,0.0,0.0
2025-06-24 04:00:00,4.0,0.108318426,-0.097136095,0.746843,1.1296451,-0.242928,-0.098097734,-0.3876776,0.28970295,1.102246,1.123435,0.6894829,0.9791646,-0.79697585,-1.2710584,0.7777828,0.17659111,-0.3592431,-0.41352648,-1.2925645,-0.57755023,-0.19718215,-1.1812586,-0.18678935,1.476803,0.0,1.0,1.2246469e-16,-1.0,1.2246469e-16,-1.0,0.0,1.0,0.0,0.0,0.0
2025-06-24 08:00:00,4.0,3.0,0.93343,0.48989892,-0.8397834,-0.16299105,-0.73798835,-0.3876776,3.0,3.0,2.7556653,1.7593497,3.0,0.70000356,-0.055007894,1.3286371,1.2887032,0.967136,0.49171832,-0.6923139,1.2208778,1.0203629,-0.12132142,-0.121689394,0.9174491,0.95105654,0.309017,1.2246469e-16,-1.0,0.8660254,0.5,1.0,0.0,0.0,0.0,1.0
2025-06-24 12:00:00,4.0,-0.56344956,-0.9159966,0.9928774,-1.180219,0.4841806,-0.09610982,0.60046065,0.1759882,2.4974473,2.4219127,1.7547956,2.1212428,0.45475104,-0.23209138,1.5738828,1.2033404,1.6221431,0.49680817,-1.0759001,0.8562407,0.80022746,-0.25365648,1.1933826,0.7318257,0.95105654,0.309017,1.2246469e-16,-1.0,0.8660254,-0.5,0.0,1.0,0.0,0.0,1.0
2025-06-25 04:00:00,4.0,-0.17949274,-0.3424757,-0.102747835,1.220402,0.34619322,0.32106903,-0.38583618,0.107377864,1.8555542,2.0958898,1.6847278,1.3976029,0.35972223,-0.29500467,1.6479664,1.0152488,1.2291528,0.4431449,-1.2029021,0.719406,0.7151509,-0.3061872,0.9500278,0.55650425,0.95105654,0.309017,1.2246469e-16,-1.0,1.2246469e-16,-1.0,0.0,1.0,0.0,0.0,1.0
2025-06-25 08:00:00,4.0,0.11267034,-0.60477465,0.012094253,0.4292028,-0.8766656,-0.73202074,-0.38583618,0.53435916,0.7498044,1.3262291,1.2174534,0.28417188,0.37816876,-0.26816165,1.7118059,1.489025,1.5672405,0.4383126,-1.0414578,0.73682696,0.74629307,-0.31062138,-1.3668325,0.5841127,0.58778524,-0.809017,1.2246469e-16,-1.0,0.8660254,0.5,1.0,0.0,0.0,0.0,1.0
2025-06-25 12:00:00,4.0,0.16967851,0.2667657,0.114457436,1.1458316,-0.9159831,-0.3099498,0.23636271,0.111334145,-0.15488195,0.60247314,0.7235641,-0.61773497,0.42284605,-0.21775508,1.7416776,1.49915,1.1367177,0.21839687,-0.72547454,0.8235091,0.819618,-0.2962458,-1.3768716,0.23450923,0.58778524,-0.809017,1.2246469e-16,-1.0,0.8660254,-0.5,0.0,1.0,0.0,0.0,1.0
2025-06-26 04:00:00,4.0,-1.0225474,-1.7293845,-1.1200589,-1.024296,-0.05344467,-0.0024002448,-0.38018182,0.07609336,-0.2933926,0.42896757,0.6758348,-0.7712368,-0.04190041,-0.5499831,1.4622811,-0.7630952,0.33091682,0.18170546,-0.9942881,0.21753457,0.3813468,-0.5968266,0.031654473,0.749174,0.58778524,-0.809017,1.2246469e-16,-1.0,1.2246469e-16,-1.0,0.0,1.0,0.0,0.0,1.0
2025-06-26 08:00:00,4.0,-0.5260717,-0.9425343,-0.2999353,-0.048655912,-0.6301669,-0.7050114,-0.38018182,-0.10271881,-0.74191314,-0.01789978,0.36219394,-1.2090484,-0.27015287,-0.7160487,1.1549109,-0.73862815,0.28379467,-0.09486547,-1.2933228,-0.08409106,0.15685803,-0.7849089,-1.1145109,0.5617643,-0.58778524,-0.809017,1.2246469e-16,-1.0,0.8660254,0.5,1.0,0.0,0.0,0.0,1.0
2025-06-26 12:00:00,4.0,-0.20842715,-0.42395043,1.1596034,-0.27985358,0.280384,-0.12546697,0.5170702,0.15826663,-0.5381013,0.006970813,0.37830883,-0.92915344,-0.37311357,-0.7822537,0.8445365,-0.75137675,0.15303096,-0.18429625,-1.087012,-0.20779003,0.08193413,-0.8020342,0.86561924,0.6254079,-0.58778524,-0.809017,1.2246469e-16,-1.0,0.8660254,-0.5,0.0,1.0,0.0,0.0,1.0
2025-06-27 04:00:00,4.0,-0.13311486,-0.27119038,-0.849611,1.9755175,0.2968311,0.16828313,-0.3847483,0.12021379,-0.33734506,0.06511037,0.4159488,-0.672365,-0.44889227,-0.82549685,0.5953031,-0.8726059,0.39952576,-0.0227288,-1.0318017,-0.2941375,0.02733287,-0.78115267,1.1039398,0.34906077,-0.58778524,-0.809017,1.2246469e-16,-1.0,1.2246469e-16,-1.0,0.0,1.0,0.0,0.0,1.0
2025-06-27 08:00:00,4.0,2.2681117,0.047797427,0.7566479,0.9929531,-0.95923775,-0.70611805,-0.3847483,3.0,0.9594542,0.9420121,0.9900991,0.80426663,0.6558271,0.048165817,0.824607,0.21883628,1.1811172,0.59941953,-0.75816154,1.0864906,0.94131947,0.031871572,-1.2970326,0.7620458,-0.95105654,0.309017,1.2246469e-16,-1.0,0.8660254,0.5,1.0,0.0,0.0,0.0,1.0
2025-06-27 12:00:00,4.0,-0.88447315,-1.436405,-0.6082101,-0.907889,0.25575957,-0.029478218,0.60941833,0.12194695,0.7483803,0.869525,1.0256308,0.5003806,0.24510589,-0.25400177,0.79774815,0.27827573,-0.3345739,0.42689052,-1.0239897,0.4695786,0.5460474,-0.1952959,0.94558257,0.525764,-0.95105654,0.309017,1.2246469e-16,-1.0,0.8660254,-0.5,0.0,1.0,0.0,0.0,1.0
2025-06-30 04:00:00,1.0,2.0959833,1.6271963,-0.44952404,-1.1807619,2.324974,0.2784345,-0.38470653,0.122735426,1.8955806,1.734247,1.6475481,1.7011726,1.0724593,0.50508785,1.0589519,1.6529047,0.65703446,1.5801318,-0.5635456,1.6177045,1.2327765,0.4949897,1.8649846,1.0072037,-0.95105654,0.309017,1.2246469e-16,-1.0,1.2246469e-16,-1.0,0.0,1.0,0.0,0.0,1.0
2025-06-30 08:00:00,4.0,0.69598174,-0.36251608,-1.3128719,2.0237892,-1.1438483,-0.7043739,-0.38470653,1.1614861,0.6898311,0.8884609,0.97700626,0.46254805,1.2632142,0.72261435,1.3955101,2.0405667,0.97049284,1.5084101,0.11788957,1.6815,1.4362415,0.7158279,-1.435051,1.0720541,0.0,1.0,1.2246469e-16,-1.0,0.8660254,0.5,1.0,0.0,0.0,0.0,1.0
2025-06-30 12:00:00,4.0,-0.027794579,-0.22550675,1.1349142,-0.0044790683,-0.957353,-0.19713244,0.34409568,0.071541086,-0.32932127,0.09427723,0.33262926,-0.6286165,1.2048094,0.6984176,1.5803224,2.021539,0.91417104,1.6832827,-0.15804373,1.4593914,1.347502,0.7419511,-1.2841783,0.9505635,0.0,1.0,1.2246469e-16,-1.0,0.8660254,-0.5,0.0,1.0,0.0,0.0,1.0
2025-07-01 04:00:00,4.0,-0.5449225,-1.0908715,0.05880358,-0.83537775,-0.33308494,0.13481358,-0.38253254,0.0371622,-0.5995998,-0.18092117,0.11898782,-0.9088875,0.9090625,0.48818964,1.4824106,0.67763555,0.6583249,1.2104453,-0.36194414,1.0154202,1.0235265,0.59244996,-0.27090394,1.0215213,0.0,1.0,1.2246469e-16,-1.0,1.2246469e-16,-1.0,0.0,1.0,0.0,0.0,1.0
2025-07-01 08:00:00,4.0,1.111527,0.18577574,2.1329646,-0.5374561,-0.01972228,-1.2611338,-0.38253254,1.4786936,0.1418158,0.27712485,0.41840512,0.010910747,1.2688231,0.858562,1.4422386,1.6007372,1.3969655,1.176658,-0.06442775,1.3688128,1.3350093,0.95876,0.27926317,0.9353412,0.95105654,0.309017,-0.5,-0.8660254,0.8660254,0.5,1.0,0.0,0.0,0.0,0.0
2025-07-01 12:00:00,4.0,-0.0040193554,-0.09896674,-0.575819,1.7511655,-0.83736444,0.26588988,0.4686786,0.06298085,-0.6352073,-0.35507798,-0.13087177,-0.8352057,1.2231343,0.8419365,1.4610844,0.5825349,1.5436018,1.256749,-0.11690936,1.1767455,1.2745085,1.0030594,-1.1553079,0.76047844,0.95105654,0.309017,-0.5,-0.8660254,0.8660254,-0.5,0.0,1.0,0.0,0.0,0.0
2025-07-02 04:00:00,4.0,-1.2120329,-1.3057114,-0.7707303,-0.57537186,1.5518285,1.4483196,-0.3860823,0.062435213,0.22050475,0.29681483,0.48717147,0.086812,0.63235813,0.38615784,1.045986,-0.31528637,1.1924652,0.9263258,-0.8565647,0.5565181,0.64734244,0.6235351,1.8108933,1.1294136,0.95105654,0.309017,-0.5,-0.8660254,1.2246469e-16,-1.0,0.0,1.0,0.0,0.0,0.0
2025-07-02 08:00:00,4.0,-1.2328902,-1.1387203,-0.5198696,-0.5475077,0.864147,-1.2414763,-0.3860823,-0.4572766,0.55153996,0.6126797,0.8428003,0.35695967,0.12612097,-0.047101,0.5504244,-0.9033039,0.8248361,0.82645077,-1.4496833,-0.13085334,0.0828363,0.26950622,1.4140785,1.2048087,0.58778524,-0.809017,-0.5,-0.8660254,0.8660254,0.5,1.0,0.0,0.0,0.0,0.0
2025-07-02 12:00:00,4.0,-0.5941271,-0.9311613,-0.59766906,-0.09617428,0.34918362,0.28331983,0.51956874,0.05116277,0.4250597,0.5622442,0.8471962,0.17193218,-0.10932923,-0.26004395,0.11092487,-0.93838,-0.17748937,0.6675592,-1.5239186,-0.57263756,-0.2198104,0.11008756,0.8325873,1.3507609,0.58778524,-0.809017,-0.5,-0.8660254,0.8660254,-0.5,0.0,1.0,0.0,0.0,0.0
2025-07-03 04:00:00,4.0,0.41589496,0.5383057,0.35420746,0.75002265,1.4507349,0.9741457,-0.3861159,0.016690195,1.0343794,1.0443536,1.2367331,0.7976558,0.04733746,-0.12087669,-0.10599911,-1.301645,0.28811413,-0.028754823,-1.5110679,-0.33122993,-0.022034606,0.29249933,1.6540124,2.5500634,0.58778524,-0.809017,-0.5,-0.8660254,1.2246469e-16,-1.0,0.0,1.0,0.0,0.0,0.0
2025-07-03 08:00:00,4.0,0.48662248,1.4117179,-0.14165162,-0.6193668,-0.027015962,-1.2341949,-0.3861159,-0.45153862,0.5756224,0.7278986,0.96154475,0.30673042,0.251592,0.05962969,-0.1722638,-1.0793086,-0.32231233,0.22940388,-1.4339063,-0.07056441,0.15877037,0.47626007,0.26723996,2.2628577,-0.58778524,-0.809017,-0.5,-0.8660254,0.8660254,0.5,1.0,0.0,0.0,0.0,0.0
2025-07-03 12:00:00,4.0,-0.052808125,-0.25067434,-0.46264666,1.1687671,-0.82471263,-0.23973826,0.179208,0.030834949,-0.2881326,0.06652762,0.42124698,-0.63606167,0.19852267,0.020350346,-0.24685286,-0.49707705,-0.6160903,0.26183525,-1.4005287,-0.13549338,0.09952769,0.4768869,-1.1613761,2.4115813,-0.58778524,-0.809017,-0.5,-0.8660254,0.8660254,-0.5,0.0,1.0,0.0,0.0,0.0
2025-07-04 04:00:00,4.0,2.0940275,1.8838464,-1.1277009,-0.86974853,1.9577899,0.5335544,-0.38375902,0.0646147,0.928893,0.8910151,0.95455474,0.8026019,1.2314818,0.98331964,0.13988754,1.2271013,0.219596,0.7870725,-0.81162006,1.1128826,1.0128499,1.2785748,1.6216536,2.7052662,-0.58778524,-0.809017,-0.5,-0.8660254,1.2246469e-16,-1.0,0.0,1.0,0.0,0.0,0.0
2025-07-04 08:00:00,4.0,-0.84386283,-0.47523993,1.5912476,-0.91253895,-0.8787594,-1.2362635,-0.38375902,-0.96192807,0.32030526,0.51160675,0.727648,0.067240246,0.76503104,0.59729254,0.19100007,1.0721179,0.09139275,0.5284591,-0.87695056,0.5082192,0.5995416,1.0035163,-1.1298078,2.3392975,-0.95105654,0.309017,-0.5,-0.8660254,0.8660254,0.5,1.0,0.0,0.0,0.0,0.0
2025-07-04 12:00:00,4.0,0.2816684,0.69716823,-0.9566509,1.4452349,-1.0931131,0.40138683,0.55441064,0.111502334,-0.78301597,-0.3889034,-0.03118123,-1.1061093,0.88346887,0.73435533,0.263251,1.0029756,-0.23927315,0.8667743,-1.00707,0.594587,0.6854795,1.1653988,-1.4244919,2.0637772,-0.95105654,0.309017,-0.5,-0.8660254,0.8660254,-0.5,0.0,1.0,0.0,0.0,0.0
2025-07-07 04:00:00,4.0,0.215159,0.31782475,1.8065835,-0.12520608,-0.71201384,-0.15202127,-0.3873887,0.14461142,-1.3457862,-0.97639924,-0.5718643,-1.6477066,0.98158187,0.85856503,0.33368278,0.8678427,-0.15236512,1.062211,-1.0586091,0.6220736,0.7250424,1.3074667,-0.8196294,1.8533883,-0.95105654,0.309017,-0.5,-0.8660254,1.2246469e-16,-1.0,0.0,1.0,0.0,0.0,0.0
2025-07-07 08:00:00,4.0,0.8412536,1.7777252,-0.57435775,-1.127502,-0.5339542,-1.2065585,-0.3873887,0.16546829,-1.6414229,-1.4262791,-1.0912635,-1.8343487,1.3615355,1.2795688,0.5352577,1.2996975,0.6979942,1.3312794,-0.24529506,1.0626647,1.0676104,1.6901098,-0.6857351,1.814042,0.0,1.0,-0.5,-0.8660254,0.8660254,0.5,1.0,0.0,0.0,0.0,0.0
2025-07-07 12:00:00,4.0,0.8771155,1.5211185,-1.1917591,-0.20030977,0.055330124,-0.12252944,0.19955043,0.06450824,-1.4354899,-1.4519523,-1.2698599,-1.4346375,1.6902592,1.6684899,0.8049361,0.67659694,1.5415808,1.5706513,0.4457426,1.5422887,1.3754715,2.0170424,0.50904477,1.8425907,0.0,1.0,-0.5,-0.8660254,0.8660254,-0.5,0.0,1.0,0.0,0.0,0.0
2025-07-08 04:00:00,0.0,0.76203495,1.1779592,-0.8015539,0.15372705,0.30150798,1.2415477,-0.3803792,0.06450824,-1.0893806,-1.2961998,-1.2731347,-0.9081145,1.919123,1.9762812,1.0590271,1.4581403,2.0179355,1.1860023,0.3976395,1.7811404,1.6183074,2.219872,1.1219682,0.961398,0.0,1.0,-0.5,-0.8660254,1.2246469e-16,-1.0,0.0,1.0,0.0,0.0,0.0
2025-07-08 08:00:00,0.0,0.9373062,0.54471976,-1.3485677,1.7937058,-0.59006256,-1.2179528,-0.3803792,1.0608394,-1.4132731,-1.6542103,-1.70553,-1.1993731,2.1467698,2.2865918,1.3884655,1.7445004,2.142552,1.6147602,1.0801558,1.9932083,1.9461613,2.5036569,-0.72182643,0.5418993,0.95105654,0.309017,-0.5,-0.8660254,0.8660254,0.5,1.0,0.0,0.0,0.0,0.0
2025-07-08 12:00:00,0.0,0.30139956,0.87237024,0.52642393,-0.44818762,-0.6764919,0.6499241,0.56541395,0.040512696,-1.7756112,-2.0248115,-2.1082,-1.5946847,2.127663,2.30018,1.6038074,1.755284,2.0077045,1.1414863,1.1362706,1.7918059,1.9975109,2.5231786,-1.0153111,0.14681682,0.95105654,0.309017,-0.5,-0.8660254,0.8660254,-0.5,0.0,1.0,0.0,0.0,0.0
2025-07-09 04:00:00,0.0,0.019775286,0.098453805,2.7203648,-0.96932906,-0.35953617,1.6764629,-0.38335904,0.008468391,-1.8067616,-2.124693,-2.267121,-1.5715181,2.0226197,2.2018948,1.6153024,1.3451167,1.9712273,0.9728275,1.2029746,1.5463171,1.8781381,2.3876014,-0.42156038,0.014259352,0.95105654,0.309017,-0.5,-0.8660254,1.2246469e-16,-1.0,0.0,1.0,0.0,0.0,0.0
2025-07-09 08:00:00,0.0,0.058487948,-0.15248533,0.073729016,1.1996772,-0.09049079,-1.2170483,-0.38335904,0.22956184,-1.6596384,-2.0671332,-2.2865808,-1.3055031,1.9400499,2.121732,1.4981452,0.9562211,1.2159444,0.9880197,1.4445689,1.3703619,1.7574998,2.2468348,0.110283144,0.044346984,0.58778524,-0.809017,-0.5,-0.8660254,0.8660254,0.5,1.0,0.0,0.0,0.0,0.0
2025-07-09 12:00:00,0.0,0.39766607,1.1940821,-0.38841876,-0.37288848,-0.65121627,-0.14739777,0.17484565,-0.030589236,-1.8520976,-2.2684758,-2.5277076,-1.4960212,1.9768707,2.1731296,1.4555242,0.78673553,1.6312073,1.2049248,1.7767708,1.3311201,1.8477424,2.302831,-0.7541191,0.030031905,0.58778524,-0.809017,-0.5,-0.8660254,0.8660254,-0.5,0.0,1.0,0.0,0.0,0.0
2025-07-10 04:00:00,3.0,0.45059118,0.96394026,0.6896772,-0.956835,-0.27710885,1.1991338,-0.38003737,0.06703657,-1.8003396,-2.2686749,-2.587308,-1.3557843,2.0200639,2.2268004,1.4065613,0.56235,1.6630033,1.0348338,2.235208,1.3219281,1.9461026,2.3230128,-0.29189926,0.012941596,0.58778524,-0.809017,-0.5,-0.8660254,1.2246469e-16,-1.0,0.0,1.0,0.0,0.0,0.0
2025-07-10 08:00:00,3.0,1.1988711,0.6084375,0.93144834,-0.44605845,0.12642363,-1.1889896,-0.38003737,1.281409,-0.94674015,-1.6376075,-2.1392512,-0.07318441,2.2359056,2.488289,1.4041724,0.97285825,1.9781277,1.3025433,3.0,1.5037509,2.1930013,2.4037309,0.53077704,-0.0025803726,-0.58778524,-0.809017,-0.5,-0.8660254,0.8660254,0.5,1.0,0.0,0.0,0.0,0.0
2025-07-10 12:00:00,1.0,-0.30931228,-0.73290443,-0.60261345,0.7548522,-0.66878563,-0.043796342,0.20128125,-0.027073016,-1.3151195,-1.8524567,-2.279624,-0.60669965,1.9506028,2.2095518,1.3772827,0.82739,1.5693028,1.4887273,2.8024802,1.2027946,1.9388387,2.2223477,-0.9562673,-0.28141898,-0.58778524,-0.809017,-0.5,-0.8660254,0.8660254,-0.5,0.0,1.0,0.0,0.0,0.0
2025-07-11 04:00:00,1.0,-2.0090334,-1.5200969,-0.8320607,-0.7583145,2.7349641,1.3101295,-0.37428647,-0.059255067,0.5001536,-0.38471586,-1.0185835,1.5857843,0.76342857,1.2040215,0.54905033,-0.15299205,0.5862408,1.2801359,1.8726329,0.46271157,0.67030275,1.2575969,1.7664609,-0.6865661,-0.58778524,-0.809017,-0.5,-0.8660254,1.2246469e-16,-1.0,0.0,1.0,0.0,0.0,0.0
2025-07-11 08:00:00,1.0,-1.2575483,0.3222804,1.4856093,-0.19735152,0.14900489,-1.1483481,-0.37428647,-2.2495766,0.8272261,0.049464483,-0.57627785,1.7407516,0.22595961,0.6859482,-0.14513959,-0.93806386,-0.089913644,1.1280117,2.0987282,-0.026665611,0.0663923,0.8487042,0.72829634,-0.9238153,-0.95105654,0.309017,-0.5,-0.8660254,0.8660254,0.5,1.0,0.0,0.0,0.0,0.0
2025-07-11 12:00:00,1.0,-0.29055282,-0.58792853,-0.1292923,0.54028827,-0.23331626,0.6200306,0.5096265,-0.02228064,0.21637145,-0.26856634,-0.7716148,0.9279457,0.10128971,0.5631176,-0.6974031,-1.3018752,-0.5195992,0.9739958,2.0051043,-0.21462727,-0.13605651,0.75672543,-0.32541615,-0.96899474,-0.95105654,0.309017,-0.5,-0.8660254,0.8660254,-0.5,0.0,1.0,0.0,0.0,0.0
2025-07-14 04:00:00,1.0,-0.53342587,-1.5479636,-0.6485744,-1.0319567,-0.68871725,0.713086,-0.38887447,-0.058486048,-0.54839903,-0.76974475,-1.1153532,-0.05189459,-0.12193644,0.34941444,-1.2600664,-2.0702062,-0.8304105,0.75160295,1.9511278,-0.5129413,-0.46337643,0.58996487,-1.1706982,-0.79512745,-0.95105654,0.309017,-0.5,-0.8660254,1.2246469e-16,-1.0,0.0,1.0,0.0,0.0,0.0
2025-07-14 08:00:00,1.0,-1.6295226,-0.1604745,0.5625544,0.82562333,-0.5648018,-1.1824408,-0.38887447,-2.3782907,0.33456397,-0.03758471,-0.45557404,0.8797625,-0.7220231,-0.26345038,-1.860078,-2.5833037,-1.4517356,0.3782776,1.3733206,-1.2976404,-1.1922408,0.08252287,-1.0226047,-0.35257918,0.0,1.0,-0.5,-0.8660254,0.8660254,0.5,1.0,0.0,0.0,0.0,0.0
2025-07-14 12:00:00,1.0,-0.46925575,-1.072209,-1.3486675,0.55822355,-0.27374917,0.02852267,0.2070027,-0.012512384,-0.24381141,-0.4025249,-0.69278294,0.1456462,-0.89354825,-0.4418672,-2.39945,-1.855154,-1.653307,-0.27156928,1.1632059,-1.4126884,-1.4553052,-0.09991642,-0.36891842,-1.0373209,0.0,1.0,-0.5,-0.8660254,0.8660254,-0.5,0.0,1.0,0.0,0.0,0.0
2025-07-15 04:00:00,1.0,1.6844686,2.0466,-1.253299,-1.3903023,1.4212338,0.30480435,-0.38409275,-0.013118832,0.19587794,-0.10753099,-0.53616697,0.72606367,-0.12261051,0.22888674,-2.1021254,-0.53133404,-1.1664001,0.3901766,1.3780572,-0.72657263,-0.66416883,0.36464828,1.3945799,-0.7005627,0.0,1.0,-0.5,-0.8660254,1.2246469e-16,-1.0,0.0,1.0,0.0,0.0,0.0
2025-07-15 08:00:00,1.0,0.521617,1.6394931,-0.7359944,-1.0573581,0.3469823,-1.1437849,-0.38409275,-0.7164119,0.013271862,-0.21297385,-0.617483,0.50053084,0.08136407,0.41787463,-1.7978265,-0.16727199,-1.1446859,0.46668354,1.7608334,-0.5432886,-0.47585338,0.4877405,0.784727,-0.7771143,0.95105654,0.309017,-0.5,-0.8660254,0.8660254,0.5,1.0,0.0,0.0,0.0,0.0
2025-07-15 12:00:00,1.0,0.15642636,0.6358144,1.1092639,-0.45682418,-0.88170445,0.102516785,0.23317173,-0.025515256,-0.77203596,-0.7942168,-1.0569967,-0.44205186,0.13898866,0.46816003,-1.5774647,0.13702948,-1.5007668,0.46518323,1.6095124,-0.5241302,-0.4723607,0.5229153,-1.1989955,-0.7950406,0.95105654,0.309017,-0.5,-0.8660254,0.8660254,-0.5,0.0,1.0,0.0,0.0,0.0
2025-07-16 04:00:00,3.0,0.041235577,0.16511726,1.3372654,0.38202053,-0.016521279,0.51180595,-0.3805703,-0.025515256,-0.8763095,-0.91727304,-1.1580347,-0.53950876,0.15039766,0.47499296,-1.3172837,0.879916,-1.3606172,0.252199,1.5474449,-0.53349286,-0.4838352,0.50547886,0.08434002,-1.2379067,0.95105654,0.309017,-0.5,-0.8660254,1.2246469e-16,-1.0,0.0,1.0,0.0,0.0,0.0
2025-07-16 08:00:00,3.0,0.5472712,1.684844,-1.0488044,-1.013231,-0.6283998,-1.1621389,-0.3805703,-0.10936838,-1.2908893,-1.2964344,-1.4821434,-1.0147964,0.39462778,0.68669915,-0.9965455,1.3154265,-0.4218116,0.16743906,1.8702372,-0.26052406,-0.2181543,0.6684146,-0.9166454,-1.8484671,0.58778524,-0.809017,-0.5,-0.8660254,0.8660254,0.5,1.0,0.0,0.0,0.0,0.0
2025-07-16 12:00:00,4.0,0.5521855,1.2079417,-0.8567923,-0.17468569,-0.16688053,-0.1255338,0.10135121,-0.018322358,-1.3791206,-1.4488875,-1.6399007,-1.0557737,0.6357272,0.89839536,-0.59602445,0.8062034,0.2438398,0.11657674,2.0000165,0.030791745,0.09178049,0.831049,-0.14501585,-1.4158131,0.58778524,-0.809017,-0.5,-0.8660254,0.8660254,-0.5,0.0,1.0,0.0,0.0,0.0
2025-07-17 04:00:00,4.0,-0.65259546,-0.664733,1.1660134,-0.5603207,1.4893078,1.4627415,-0.37214893,-0.036391385,-0.46227166,-0.79590327,-1.1343274,0.16252628,0.28091702,0.6017335,-0.47975317,0.2848142,0.10330296,-0.3583106,1.8283141,-0.29278207,-0.2563702,0.5331061,1.4229796,-0.57096666,0.58778524,-0.809017,-0.5,-0.8660254,1.2246469e-16,-1.0,0.0,1.0,0.0,0.0,0.0
2025-07-17 08:00:00,3.0,0.46190733,-0.81975305,1.561324,-1.2917362,-0.4149632,-1.1232986,-0.37214893,1.3576355,-0.2780439,-0.64678365,-1.0344723,0.40227968,0.5132197,0.8048581,-0.30554086,0.42052892,0.47035268,-0.33358833,2.4500115,-0.010050463,0.013932893,0.6577792,-0.2671485,-0.13601252,-0.58778524,-0.809017,-0.5,-0.8660254,0.8660254,0.5,1.0,0.0,0.0,0.0,0.0
2025-07-17 12:00:00,4.0,0.06397575,0.35884818,-0.032057654,1.0484704,-0.3193351,0.026020648,0.14970769,-0.13918018,-0.6301496,-0.8789796,-1.1970897,-0.056502797,0.5669571,0.84879315,-0.1728453,0.43690565,1.1086706,-0.33993703,2.1639159,0.064159036,0.09315181,0.68596095,-0.13311404,-0.17853388,-0.58778524,-0.809017,-0.5,-0.8660254,0.8660254,-0.5,0.0,1.0,0.0,0.0,0.0
2025-07-18 04:00:00,3.0,1.2599937,1.4913327,-1.03347,-0.7404596,1.150274,1.5620314,-0.3642228,-0.13852227,-0.08968712,-0.5029871,-0.9632013,0.6763327,1.1761799,1.3929161,0.17574519,0.75222135,1.7319465,0.05892134,2.5663033,0.7810648,0.7918493,1.0505831,1.2423749,0.4955982,-0.58778524,-0.809017,-0.5,-0.8660254,1.2246469e-16,-1.0,0.0,1.0,0.0,0.0,0.0
2025-07-18 08:00:00,3.0,0.41278195,0.72031534,-0.7062876,0.75073916,-1.0973266,-1.1479164,-0.3642228,0.42398244,-0.8622721,-1.0433879,-1.3554115,-0.3162958,1.3613626,1.5636995,0.5523699,0.6795434,1.2413764,0.06462221,2.2832327,0.97544736,1.1474912,1.2702229,-1.4130292,0.575985,-0.95105654,0.309017,-0.5,-0.8660254,0.8660254,0.5,1.0,0.0,0.0,0.0,0.0
2025-07-18 12:00:00,3.0,-0.9838358,-1.7110277,-1.307133,-0.71567863,-0.2300811,1.4781189,2.1446152,-0.13016947,-0.95021033,-1.0978507,-1.352095,-0.458731,0.7102967,1.0567592,0.49024075,0.5497164,0.68842906,-0.509333,1.740209,0.47149128,0.6005858,0.8911889,0.071935065,-0.036600146,-0.95105654,0.309017,-0.5,-0.8660254,0.8660254,-0.5,0.0,1.0,0.0,0.0,0.0
2025-07-21 04:00:00,3.0,-0.69719714,-0.85492396,-0.18886818,0.21326733,0.57675916,0.53789765,-0.6690569,-0.09267136,-0.6061443,-0.8511613,-1.1478354,-0.008247028,0.29411903,0.7205428,0.20073311,0.03035001,0.38087863,-1.3033667,1.6362326,0.22346894,0.24692239,0.57033247,1.1062578,-0.20517267,-0.95105654,0.309017,-0.5,-0.8660254,1.2246469e-16,-1.0,0.0,1.0,0.0,0.0,0.0
2025-07-21 08:00:00,3.0,-0.35668546,-0.7753973,1.1474462,-0.9941851,-0.09047988,-1.3079566,-0.6690569,0.13213837,-0.6869648,-0.89835906,-1.1636279,-0.12836842,0.097023316,0.5570825,-0.075014815,-0.15818068,0.2377037,-1.3598672,1.5094528,0.15739524,0.1371625,0.408354,0.3644723,-0.120042495,0.0,1.0,-0.5,-0.8660254,0.8660254,0.5,1.0,0.0,0.0,0.0,0.0
2025-07-21 12:00:00,3.0,-0.27587524,-0.635124,-0.4949823,0.9259497,-0.9885021,-0.032054108,0.57613856,-0.065951586,-1.1790545,-1.2571679,-1.4093044,-0.80401844,-0.050882928,0.4396091,-0.32383174,-0.84409577,-0.07613124,-0.63091373,1.6036499,0.021297341,0.04381451,0.3030737,-1.0762333,0.7193393,0.0,1.0,-0.5,-0.8660254,0.8660254,-0.5,0.0,1.0,0.0,0.0,0.0
2025-07-22 04:00:00,3.0,0.013558416,0.25257143,-0.0035439245,1.3212552,0.26840675,0.8596876,-0.66564816,-0.18266125,-1.0768032,-1.2289337,-1.4030573,-0.6192554,-0.0074426434,0.4744388,-0.49002123,-1.0134033,-0.2915152,-0.043206185,1.5635362,0.028843114,0.062379934,0.29276094,0.48502278,1.1583843,0.0,1.0,-0.5,-0.8660254,1.2246469e-16,-1.0,0.0,1.0,0.0,0.0,0.0
2025-07-22 08:00:00,3.0,-0.2423625,0.21145627,2.734295,-1.361714,-0.1936983,-1.2796206,-0.66564816,-0.5988686,-1.2084152,-1.3470844,-1.4797173,-0.7273416,-0.14339085,0.35466206,-0.648195,-0.6760893,-0.11331606,-0.005919822,0.8392767,-0.121686526,-0.08682807,0.16800211,-0.004061083,0.9358615,0.95105654,0.309017,-0.5,-0.8660254,0.8660254,0.5,1.0,0.0,0.0,0.0,0.0
2025-07-22 12:00:00,4.0,-0.753331,-0.89122,-0.6641826,0.5137764,1.0697185,0.7511048,1.3554697,-0.026815327,-0.7031732,-1.0228869,-1.244747,0.02906752,-0.6322757,-0.044602454,-0.8918496,-0.6673479,-0.54568666,-0.069308355,0.8147926,-0.59033453,-0.561618,-0.17088379,1.2841681,0.17505184,0.95105654,0.309017,-0.5,-0.8660254,0.8660254,-0.5,0.0,1.0,0.0,0.0,0.0
2025-07-23 04:00:00,1.0,-1.1638029,-1.0054975,0.48269555,-0.9332015,2.0600083,2.5205204,-0.6673102,-0.075355664,0.4081718,-0.22744493,-0.68406254,1.3575215,-1.2997222,-0.64702284,-1.2050377,-0.97080356,-0.9642544,0.23774835,0.63946366,-1.417201,-1.2100313,-0.6316473,1.518371,-0.19421148,0.95105654,0.309017,-0.5,-0.8660254,1.2246469e-16,-1.0,0.0,1.0,0.0,0.0,0.0
2025-07-23 08:00:00,1.0,-3.0,-0.8251027,-0.39614698,0.37400565,3.0,-1.178509,-0.6673102,-3.0,3.0,3.0,2.186916,3.0,-2.7315876,-2.3445697,-1.6703047,-2.4472647,-2.7372603,-1.3779616,-0.17850213,-3.0,-2.4254267,-1.6529075,1.6618476,0.49915072,0.58778524,-0.809017,-0.5,-0.8660254,0.8660254,0.5,1.0,0.0,0.0,0.0,0.0
2025-07-23 12:00:00,1.0,0.10021936,0.09447316,0.93909127,0.78733414,0.8971284,3.0,3.0,0.003341772,3.0,3.0,2.4251556,3.0,-2.499324,-2.1996405,-1.9380506,-2.3132963,-2.6724331,-2.1124036,-0.19167435,-2.5519533,-2.1569302,-1.5753367,1.4023792,0.5409456,0.58778524,-0.809017,-0.5,-0.8660254,0.8660254,-0.5,0.0,1.0,0.0,0.0,0.0
2025-07-24 04:00:00,1.0,-1.7033921,-1.0358355,-1.2506249,0.81999177,1.863761,3.0,-0.56581175,-0.040482227,3.0,3.0,3.0,3.0,-2.7417052,-2.670055,-2.0486288,-2.7653494,-2.7492204,-2.9743094,-0.35755432,-2.478687,-2.3386412,-1.8660798,1.5014544,-0.12997139,0.58778524,-0.809017,-0.5,-0.8660254,1.2246469e-16,-1.0,0.0,1.0,0.0,0.0,0.0
2025-07-24 08:00:00,1.0,1.3737588,1.9167303,-1.0396206,-1.4822904,0.08616241,-0.7217952,-0.56581175,-0.48238307,2.9950273,3.0,2.8994777,2.4425635,-1.861096,-1.9078796,-1.9406374,-1.9004006,-2.0034847,-2.3432865,0.054780096,-1.7029816,-1.7827625,-1.5470377,0.9067393,0.3090333,-0.58778524,-0.809017,-0.5,-0.8660254,0.8660254,0.5,1.0,0.0,0.0,0.0,0.0
2025-07-24 12:00:00,1.0,-2.0183651,-1.681328,-1.0628866,-0.84840995,0.7946353,0.30839327,2.1011283,-0.079956025,2.906338,3.0,3.0,2.1487973,-2.2689664,-2.487171,-1.9425775,-2.2422256,-2.435965,-3.0,-0.37636307,-1.9360106,-2.2031915,-2.0365684,1.2892079,-0.27606755,-0.58778524,-0.809017,-0.5,-0.8660254,0.8660254,-0.5,0.0,1.0,0.0,0.0,0.0
2025-07-25 04:00:00,4.0,0.0550077,-0.018024798,-0.07807263,2.0084262,-0.04493914,1.0993923,-0.5662305,0.051122226,2.2851515,2.7980332,2.8657925,1.505726,-2.17274,-2.3905323,-1.8815496,-0.8460922,-2.2378678,-3.0,-0.33924475,-1.636552,-2.0386655,-2.049267,0.77962476,-0.123813465,-0.58778524,-0.809017,-0.5,-0.8660254,1.2246469e-16,-1.0,0.0,1.0,0.0,0.0,0.0
2025-07-25 08:00:00,4.0,-0.96260166,0.33136162,1.2760315,-0.20608261,-0.47447443,-0.8021592,-0.5662305,-2.524273,1.8722305,2.4861305,2.697945,1.0167985,-2.2396612,-2.5062582,-1.8551975,-1.2320757,-2.403678,-3.0,-1.0451096,-1.5748783,-2.1471055,-2.2500484,0.4006713,0.09372847,-0.95105654,0.309017,-0.5,-0.8660254,0.8660254,0.5,1.0,0.0,0.0,0.0,0.0
2025-07-25 12:00:00,4.0,-0.048984412,-0.56388867,0.7631751,-0.08718007,-1.0771655,-0.094545364,1.2897016,0.2197712,0.9575672,1.7677437,2.1499674,0.066446155,-2.144012,-2.3959122,-1.847234,-0.62315345,-2.2586389,-2.852554,-0.8705711,-1.3692493,-2.1220582,-2.3395703,-1.3502945,0.04845709,-0.95105654,0.309017,-0.5,-0.8660254,0.8660254,-0.5,0.0,1.0,0.0,0.0,0.0
2025-07-28 04:00:00,4.0,0.79003745,1.0084921,-0.17071341,-0.30329323,-0.39537165,0.48303628,-0.5657912,0.12170688,0.6813414,1.4640065,1.888026,-0.19588448,-1.7159227,-1.9854625,-1.5778277,-0.8513869,-1.8340088,-2.6051662,-1.1579783,-1.0855217,-1.7608556,-2.0933588,0.5030263,0.45752445,-0.95105654,0.309017,-0.5,-0.8660254,1.2246469e-16,-1.0,0.0,1.0,0.0,0.0,0.0
2025-07-28 08:00:00,4.0,1.0462368,-0.97755927,-0.8459632,0.6427913,-0.9261695,-0.83317333,-0.5657912,2.6929748,0.49698836,1.2194489,1.6583331,-0.34000617,-1.2284307,-1.5291008,-1.168216,0.31181368,-1.3018289,-2.2300234,-1.0663604,-0.80389947,-1.3300586,-1.785827,-0.80954355,0.76705444,0.0,1.0,-0.5,-0.8660254,0.8660254,0.5,1.0,0.0,0.0,0.0,0.0
2025-07-28 12:00:00,4.0,-0.34291497,-1.0710328,0.15074612,-0.70819294,-0.82253426,-0.30911314,0.7852006,0.14494202,0.07275341,0.8375471,1.3630652,-0.8029659,-1.2874289,-1.578317,-0.91001827,0.16697706,-0.4617985,-2.56397,-1.1254616,-0.78127587,-1.3583137,-1.8940651,-0.6734338,0.5203478,0.0,1.0,-0.5,-0.8660254,0.8660254,-0.5,0.0,1.0,0.0,0.0,0.0
2025-07-29 04:00:00,4.0,-1.1830904,-1.6657115,-0.99269575,-0.9712575,-0.22661139,0.41096437,-0.5649917,0.051953994,0.15627529,0.8245148,1.3690609,-0.69415164,-1.5120779,-1.8102946,-0.79650444,0.09161087,-0.7806813,-2.8112586,-1.2577413,-0.91152614,-1.5551608,-2.1217635,0.73465693,0.41328514,0.0,1.0,-0.5,-0.8660254,1.2246469e-16,-1.0,0.0,1.0,0.0,0.0,0.0
2025-07-29 08:00:00,4.0,1.4095535,1.4953283,-0.86083263,-0.7983605,-0.7566232,-0.84342206,-0.5649917,1.1874777,0.08441657,0.6564423,1.1713217,-0.67967725,-0.91766226,-1.2663279,-0.4409346,0.6598144,0.0006299428,-2.1230302,-1.170474,-0.565342,-0.94467163,-1.6933492,-0.26498553,0.25208375,0.95105654,0.309017,-0.5,-0.8660254,0.8660254,0.5,1.0,0.0,0.0,0.0,0.0
2025-07-29 12:00:00,4.0,0.73563206,0.9233174,0.5145908,-0.85984725,-0.42337468,-0.30742565,0.8716812,0.11738185,-0.008566077,0.49975753,1.0052325,-0.7180846,-0.638155,-1.0001516,-0.02651579,0.64610416,-0.16515423,-1.7358065,-1.001516,-0.34729436,-0.5761104,-1.4678609,0.29298392,0.12106314,0.95105654,0.309017,-0.5,-0.8660254,0.8660254,-0.5,0.0,1.0,0.0,0.0,0.0
2025-07-30 04:00:00,4.0,0.42499262,0.45687753,1.1982361,-0.48238617,-0.28668523,0.22075732,-0.5630721,0.07106625,0.0037219103,0.43116745,0.9157223,-0.63833404,-0.4840742,-0.85125846,0.36089644,0.41036132,0.48635525,-1.5211593,-0.66482955,-0.19338888,-0.31206328,-1.3155226,0.583769,-0.11932545,0.95105654,0.309017,-0.5,-0.8660254,1.2246469e-16,-1.0,0.0,1.0,0.0,0.0,0.0
2025-07-30 08:00:00,1.0,0.25820556,0.22964744,1.6277032,-0.49876583,-1.025819,-0.8780463,-0.5630721,0.2958433,-0.395626,0.078488834,0.6167593,-1.0665694,-0.39435756,-0.76388484,0.7009512,0.6396686,0.53728575,-1.3768492,-0.36251423,-0.07670237,-0.12845309,-1.2809933,-1.2750372,-0.26563,0.58778524,-0.809017,-0.5,-0.8660254,0.8660254,0.5,1.0,0.0,0.0,0.0,0.0
2025-07-30 12:00:00,1.0,0.52850753,0.7634022,0.40492472,-0.5693898,-0.5097298,-0.41092592,0.64310485,0.057475884,-0.42495468,-0.036048245,0.47836718,-1.0142068,-0.19581816,-0.58303213,1.0107805,1.2841151,0.9163841,-1.2394332,-0.12598005,0.13420953,0.18249562,-1.1089184,0.19668284,-0.6394452,0.58778524,-0.809017,-0.5,-0.8660254,0.8660254,-0.5,0.0,1.0,0.0,0.0,0.0
2025-07-31 04:00:00,1.0,1.4186076,1.4639876,-1.0473421,-0.7888451,0.1353594,0.034305777,-0.55829597,0.057684,-0.11384688,0.09137505,0.49655768,-0.5158616,0.31467605,-0.10194424,1.3756474,1.279899,1.2732768,-0.84543544,0.107118905,0.72405803,0.79864085,-0.6328924,1.0843997,-0.5042498,0.58778524,-0.809017,-0.5,-0.8660254,1.2246469e-16,-1.0,0.0,1.0,0.0,0.0,0.0
2025-07-31 08:00:00,1.0,1.8527049,-0.34197286,-0.16201705,1.7988786,-0.7853307,-0.87676954,-0.55829597,3.0,0.38882008,0.38942036,0.6419405,0.18430495,0.86329865,0.48291963,1.747933,1.6944488,1.5275574,-0.23902553,0.4533369,1.5876929,1.429124,-0.061766006,-0.5227651,-0.12943862,-0.58778524,-0.809017,-0.5,-0.8660254,0.8660254,0.5,1.0,0.0,0.0,0.0,0.0
2025-07-31 12:00:00,4.0,-1.4051781,-1.4288561,0.22941713,-1.4341373,0.6220213,0.015588287,1.7243356,-0.018431291,0.78063184,0.72205323,0.9316736,0.5588691,0.3181771,0.023024341,1.6297976,0.9789744,0.90538704,-0.3523814,0.11882972,1.1697214,0.87592274,-0.41359243,1.3217764,-0.48399135,-0.58778524,-0.809017,-0.5,-0.8660254,0.8660254,-0.5,0.0,1.0,0.0,0.0,0.0
2025-08-01 04:00:00,4.0,-1.2782141,-1.2901013,-0.52567506,-0.36726907,1.0350757,0.28338784,-0.5650502,0.022344507,1.0975857,1.0244952,1.2041104,0.8095508,-0.09443037,-0.34918404,1.2964836,0.39498395,0.6629272,0.20948878,-0.7267204,0.54621553,0.40682018,-0.680498,1.3819888,-2.505545,-0.58778524,-0.809017,-0.5,-0.8660254,1.2246469e-16,-1.0,0.0,1.0,0.0,0.0,0.0
2025-08-01 08:00:00,4.0,-1.711964,-0.98080385,0.16686624,-0.34956077,0.1727479,-0.8681961,-0.5650502,-1.8558809,1.3444718,1.3018427,1.4777187,0.9398895,-0.5607467,-0.7985192,0.81494117,-0.46991354,0.5107995,-0.24230623,-0.9785431,-0.2570827,-0.13151027,-1.0151321,0.80515224,-2.9609728,-0.95105654,0.309017,-0.8660254,-0.5,0.8660254,0.5,1.0,0.0,0.0,0.0,0.0
2025-08-01 12:00:00,4.0,-1.0803308,-1.8450089,-1.1600199,-1.3363358,-0.2956401,0.63932896,2.1308887,0.03342929,0.9547598,1.1063284,1.3802383,0.4419344,-0.8086518,-1.0480932,0.3833764,-1.406205,-0.113396406,-0.110451326,-1.3544626,-0.7490238,-0.48159206,-1.2503926,0.22526526,-2.803074,-0.95105654,0.309017,-0.8660254,-0.5,0.8660254,-0.5,0.0,1.0,0.0,0.0,0.0
2025-08-04 04:00:00,4.0,0.39967462,0.35941404,-0.13990228,1.3942581,0.43319333,1.2193316,-0.5652464,0.034776397,0.8247681,1.0231574,1.3077542,0.29370114,-0.6784655,-0.9195271,0.14249334,-1.8944709,-0.19085178,-0.34267262,-1.3203859,-0.52700037,-0.33094454,-1.0976684,0.7646572,-2.6122787,-0.95105654,0.309017,-0.8660254,-0.5,1.2246469e-16,-1.0,0.0,1.0,0.0,0.0,0.0
2025-08-04 08:00:00,4.0,0.29434204,0.5402935,-0.017263252,0.802878,-0.98794955,-1.1118835,-0.5652464,-0.045859925,0.30819803,0.6543135,1.0275072,-0.28228632,-0.58496994,-0.8276922,0.035220027,-1.2482009,-0.21842742,0.24198101,-1.4453669,-0.40676698,-0.26852447,-1.0326971,-0.89064145,-2.1171143,0.0,1.0,-0.8660254,-0.5,0.8660254,0.5,1.0,0.0,0.0,0.0,0.0
2025-08-04 12:00:00,4.0,0.16928117,0.08596556,0.6800214,1.2440212,-1.5187136,-0.4723096,0.35531414,0.12070297,-0.27237755,0.20234483,0.68000895,-0.94017166,-0.537813,-0.7794002,-0.005532193,-0.7169388,-0.23804645,0.27487785,-1.5904535,-0.3480836,-0.25389212,-1.0322285,-1.6723824,-1.9339595,0.0,1.0,-0.8660254,-0.5,0.8660254,-0.5,0.0,1.0,0.0,0.0,0.0
2025-08-05 04:00:00,4.0,-0.548902,-1.0643271,-0.6461971,0.012597107,-0.077018335,0.35411683,-0.56285685,0.036795385,-0.30466712,0.11605896,0.6062428,-0.93406504,-0.6928296,-0.9152369,-0.11119102,-0.28768334,-0.51040125,0.37735733,-1.873211,-0.64358133,-0.5017385,-1.1607839,0.068699695,-2.0614407,0.0,1.0,-0.8660254,-0.5,1.2246469e-16,-1.0,0.0,1.0,0.0,0.0,0.0
2025-08-05 08:00:00,4.0,0.5498746,-0.40264472,1.7022176,-0.8568718,-1.002994,-1.115306,-0.56285685,1.1384504,-0.40073076,-0.03335794,0.45138136,-0.9726475,-0.49598527,-0.7440782,-0.06983883,0.32919282,-0.72620225,0.53997666,-1.8950465,-0.44691682,-0.3420871,-1.0036873,-1.1049324,-1.6536655,0.95105654,0.309017,-0.8660254,-0.5,0.8660254,0.5,1.0,0.0,0.0,0.0,0.0
2025-08-05 12:00:00,4.0,1.2351464,1.6488855,-0.9017415,-1.086016,0.25942826,-0.3092282,0.4972522,0.039047092,-0.35928285,-0.09460422,0.33788505,-0.81947464,-0.02534673,-0.33930996,0.19996434,0.6558192,-0.8843421,0.67645127,-1.6158756,0.119036205,0.11869519,-0.6246743,0.43837065,-1.1052042,0.95105654,0.309017,-0.8660254,-0.5,0.8660254,-0.5,0.0,1.0,0.0,0.0,0.0
2025-08-06 04:00:00,4.0,-0.5352303,-1.1056309,-0.99989134,0.20053238,-0.3773269,0.37941098,-0.5563282,0.038392562,-0.45026836,-0.20076507,0.24866346,-0.89924186,-0.2181264,-0.49735028,0.28706613,0.33822766,-0.6651623,0.27449825,-1.7087053,-0.191816,-0.13257109,-0.7922798,-0.3081663,-1.0502037,0.95105654,0.309017,-0.8660254,-0.5,1.2246469e-16,-1.0,0.0,1.0,0.0,0.0,0.0
2025-08-06 08:00:00,4.0,1.4811314,1.6141248,-1.164073,-0.83493274,-0.6166196,-1.0974696,-0.5563282,1.0639622,-0.34332967,-0.20765655,0.16531812,-0.65500146,0.34642634,-0.0011696928,0.6263275,0.86476403,0.07722159,0.76885724,-1.3362544,0.5571187,0.4798557,-0.31144655,-0.3620055,-1.1382277,0.58778524,-0.809017,-0.8660254,-0.5,0.8660254,0.5,1.0,0.0,0.0,0.0,0.0
2025-08-06 12:00:00,4.0,-0.76503384,-1.3158096,-1.1580476,-0.24335462,-0.0460191,-0.5315927,0.11071271,0.023311693,-0.3610508,-0.23983492,0.13935935,-0.66191065,0.0571465,-0.23828705,0.68657905,0.77184206,0.3310285,0.864233,-1.5738797,0.026714277,0.06913176,-0.545729,0.0747571,-0.9782557,0.58778524,-0.809017,-0.8660254,-0.5,0.8660254,-0.5,0.0,1.0,0.0,0.0,0.0
2025-08-07 04:00:00,4.0,0.6288963,0.8539713,0.31271228,-0.12974806,0.07423568,0.37669152,-0.55060834,-0.016746053,-0.36993143,-0.2938585,0.053002995,-0.60568935,0.30034423,-0.030299267,0.8318175,0.8101824,0.8163394,0.68003243,-1.4919219,0.33672196,0.3277388,-0.31941408,0.28979358,-0.8610502,0.58778524,-0.809017,-0.8660254,-0.5,1.2246469e-16,-1.0,0.0,1.0,0.0,0.0,0.0
2025-08-07 08:00:00,4.0,1.6727601,0.07729178,0.93969804,1.4287622,0.27970284,-1.055856,-0.55060834,2.8141944,0.21953404,0.07441555,0.23788102,0.20402616,0.9625454,0.56291515,1.1547282,1.005829,1.204391,0.97040415,-1.3336158,1.2857603,1.0705063,0.30915555,0.45729265,-0.49622253,-0.58778524,-0.809017,-0.8660254,-0.5,0.8660254,0.5,1.0,0.0,0.0,0.0,0.0
2025-08-07 12:00:00,4.0,1.6248901,1.4526061,-0.2795413,-1.3182856,1.8495016,0.37271497,1.2070053,0.00028724966,0.5661374,0.32734072,0.36261266,0.6366732,1.5487677,1.1402922,1.576693,1.8468289,1.6042411,1.3469534,-0.8802191,1.9992671,1.7400177,0.90498435,1.2791225,-0.19006702,-0.58778524,-0.809017,-0.8660254,-0.5,0.8660254,-0.5,0.0,1.0,0.0,0.0,0.0
2025-08-08 04:00:00,4.0,-0.28506225,-0.5566701,1.6156267,-1.0158306,-0.27763686,1.2102933,-0.55612147,0.03703015,0.27839318,0.1823465,0.27502933,0.2675364,1.3666497,1.0215416,1.7495513,1.1432155,1.4541106,1.207686,-0.5212526,1.6034502,1.5281742,0.84428155,-0.024012042,-0.1537368,-0.58778524,-0.809017,-0.8660254,-0.5,1.2246469e-16,-1.0,0.0,1.0,0.0,0.0,0.0
2025-08-08 08:00:00,4.0,-1.5092216,0.034707237,2.6138835,-0.5702611,-1.0353702,-1.0839931,-0.55612147,-2.7357578,0.50894725,0.4154172,0.49458933,0.44546562,0.6471143,0.4537698,1.4137077,0.8383637,1.1536459,0.63639116,-0.6194722,0.7290987,0.73605275,0.34267431,-1.0208486,-0.013260679,-0.95105654,0.309017,-0.8660254,-0.5,0.8660254,0.5,1.0,0.0,0.0,0.0,0.0
2025-08-08 12:00:00,4.0,-0.04566496,-0.22030337,-0.5016214,2.1879232,-0.62931216,0.16184722,1.0028924,0.04707262,0.10383442,0.15478155,0.31402767,-0.035536427,0.5963867,0.42230046,1.1944959,0.57862085,0.98303664,0.24451905,-0.57092667,0.6877172,0.71025264,0.34442934,-0.52865356,-0.0294648,-0.95105654,0.309017,-0.8660254,-0.5,0.8660254,-0.5,0.0,1.0,0.0,0.0,0.0
2025-08-11 04:00:00,4.0,-0.36820468,-0.5533242,-0.7805594,1.577301,0.27902576,0.77512604,-0.5549992,-0.027627302,0.07237786,0.13932315,0.31092882,-0.08181218,0.4059059,0.27436668,0.8911294,-0.22350146,0.5405826,-0.39194962,-0.54929334,0.55866224,0.56300277,0.23872368,0.58600247,-0.115411036,-0.95105654,0.309017,-0.8660254,-0.5,1.2246469e-16,-1.0,0.0,1.0,0.0,0.0,0.0
2025-08-11 08:00:00,1.0,0.14542055,-1.2443812,-1.1802983,0.13727383,-1.2432705,-1.0702977,-0.5549992,1.0555868,-0.38963476,-0.21506274,0.03950677,-0.6095536,0.43665403,0.30835375,0.7122392,-0.8463098,0.72679025,0.05825393,-0.17245333,0.66576403,0.65005094,0.303513,-1.5630049,-0.051188365,0.0,1.0,-0.8660254,-0.5,0.8660254,0.5,1.0,0.0,0.0,0.0,0.0
2025-08-11 12:00:00,4.0,-0.014104056,-0.1115484,-0.8685217,2.7193706,-1.440983,-0.5037863,0.07378905,-0.049901985,-0.8023111,-0.5711744,-0.24586923,-1.0804112,0.39784595,0.2827098,0.5522615,-0.7447653,0.31342232,0.41864026,-0.07669702,0.62659246,0.63709015,0.3211563,-1.6658344,0.10526428,0.0,1.0,-0.8660254,-0.5,0.8660254,-0.5,0.0,1.0,0.0,0.0,0.0
2025-08-12 04:00:00,4.0,-0.42780545,-0.67535406,-0.28757563,0.56432104,0.6278014,0.119870275,-0.5479526,-0.011099212,-0.63082,-0.509167,-0.22599128,-0.8055729,0.16554472,0.10936592,0.2826998,-0.289038,0.41022006,0.7913758,-0.53614426,0.2828278,0.33442533,0.19768856,0.40143794,0.38507128,0.0,1.0,-0.8660254,-0.5,1.2246469e-16,-1.0,0.0,1.0,0.0,0.0,0.0
2025-08-12 08:00:00,4.0,-1.4808269,-1.2038373,-0.7180989,-0.4202843,0.8958801,-1.0019251,-0.5479526,-1.1088642,-0.09586942,-0.12457528,0.07512557,-0.1544539,-0.47475177,-0.41671586,-0.22078446,-0.86557335,-0.18129687,0.66814655,-0.9877017,-0.72581804,-0.47136867,-0.29733336,0.6931141,0.5055181,0.95105654,0.309017,-0.8660254,-0.5,0.8660254,0.5,1.0,0.0,0.0,0.0,0.0
2025-08-12 12:00:00,4.0,-3.0,-1.603999,-1.1245811,-1.1087836,3.0,2.7095516,3.0,-0.04460155,1.5944881,1.2401466,1.1913149,1.4545975,-1.3964088,-1.3397919,-0.9612046,-1.9842834,-1.564146,-0.45318946,-1.7493731,-2.1080859,-1.5925004,-1.0832055,1.4758737,0.5508144,0.95105654,0.309017,-0.8660254,-0.5,0.8660254,-0.5,0.0,1.0,0.0,0.0,0.0
2025-08-13 04:00:00,4.0,-2.109914,-1.4166789,-1.1083219,-0.72416884,1.8301204,3.0,-0.52682716,-0.0040162783,2.2747576,1.9776545,1.8741477,1.8207687,-1.7807275,-1.8165851,-1.5922186,-2.7865365,-2.545955,-1.256131,-2.2109892,-2.1903124,-2.0862994,-1.485297,1.3104762,0.3279536,0.95105654,0.309017,-0.8660254,-0.5,1.2246469e-16,-1.0,0.0,1.0,0.0,0.0,0.0
2025-08-13 08:00:00,4.0,1.5085922,0.1413095,1.6289951,0.27501097,-0.20832017,-0.6676552,-0.52682716,2.6109369,2.1746106,2.04072,1.9358804,1.6605042,-1.0988468,-1.217165,-1.6388092,-2.0920951,-1.9489028,-0.7828988,-1.8994342,-1.3477949,-1.3824066,-0.92337704,-0.0029825387,0.9674633,0.58778524,-0.809017,-0.8660254,-0.5,0.8660254,0.5,1.0,0.0,0.0,0.0,0.0
2025-08-13 12:00:00,4.0,0.5687145,1.2666869,0.56411576,-1.0807118,-0.7915166,0.21991731,1.7921642,-0.08843369,1.2027953,1.4170104,1.5168669,0.69442564,-0.8848667,-1.0217422,-1.6467569,-1.6793547,-1.3730526,-0.42747694,-1.8379742,-1.0280228,-1.2580091,-0.8279576,-1.4287065,1.2457654,0.58778524,-0.809017,-0.8660254,-0.5,0.8660254,-0.5,0.0,1.0,0.0,0.0,0.0
2025-08-14 04:00:00,4.0,0.8245092,1.460254,-0.13765392,-0.93596506,-0.45636407,0.73598844,-0.5385665,-0.05010379,0.6424413,1.0021023,1.210571,0.14532487,-0.55269605,-0.7210965,-1.4223552,-0.82535505,-1.1132787,-0.29954308,-1.5024235,-0.70414084,-0.9772358,-0.5823999,-0.55239666,0.9716747,0.58778524,-0.809017,-0.8660254,-0.5,1.2246469e-16,-1.0,0.0,1.0,0.0,0.0,0.0
2025-08-14 08:00:00,4.0,0.5623389,0.5602825,0.56799734,0.55673254,-0.72674316,-0.73354983,-0.5385665,0.43420824,0.07656474,0.53937536,0.85992867,-0.41305158,-0.34151813,-0.5281066,-1.1400152,0.5608719,-0.8576405,-0.46750847,-1.466738,-0.48576847,-0.7900714,-0.42787534,-1.2988144,0.5034651,-0.58778524,-0.809017,-0.8660254,-0.5,0.8660254,0.5,1.0,0.0,0.0,0.0,0.0
2025-08-14 12:00:00,4.0,0.51595324,0.8343664,-0.8802628,1.3390888,-0.38985217,-0.28922915,0.58442914,-0.037680004,-0.18051477,0.2709137,0.63835853,-0.6340762,-0.14531776,-0.34912568,-0.77872634,1.578218,-0.7504639,-0.12843235,-1.3689573,-0.31034175,-0.589134,-0.23875515,-0.5063175,0.3166322,-0.58778524,-0.809017,-0.8660254,-0.5,0.8660254,-0.5,0.0,1.0,0.0,0.0,0.0
2025-08-15 04:00:00,4.0,-0.20463361,-0.7545804,-1.151296,0.96870685,-0.74259627,-0.07149848,-0.54253995,-0.11555161,-0.53145695,-0.07063566,0.37731355,-0.97729725,-0.24378544,-0.43779793,-0.5542183,0.9015269,-0.81697345,-0.6504854,-1.6916678,-0.329347,-0.71034235,-0.40020522,-1.3658623,0.9616101,-0.58778524,-0.809017,-0.8660254,-0.5,1.2246469e-16,-1.0,0.0,1.0,0.0,0.0,0.0
2025-08-15 08:00:00,4.0,0.40000165,1.2090801,-0.7640832,0.38906443,-0.98893744,-0.7431783,-0.54253995,-0.12619637,-0.98765737,-0.5473566,-0.03615549,-1.4115566,-0.08952351,-0.30504888,-0.2984549,0.8347563,-0.60377115,-0.28022668,-1.7083362,-0.1861382,-0.5865054,-0.3294054,-1.8366799,0.5951093,-0.95105654,0.309017,-0.8660254,-0.5,0.8660254,0.5,1.0,0.0,0.0,0.0,0.0
2025-08-15 12:00:00,4.0,-0.5145435,-0.9027946,0.56451905,-1.1267122,-0.059514686,0.10978828,1.6181105,-0.10649857,-0.8181039,-0.5269976,-0.044909976,-1.131006,-0.32827705,-0.51615214,-0.17954388,0.30563655,-0.38020188,-0.6549542,-1.6699195,-0.2967008,-0.81528383,-0.6225969,0.17140815,0.6040266,-0.95105654,0.309017,-0.8660254,-0.5,0.8660254,-0.5,0.0,1.0,0.0,0.0,0.0
2025-08-18 04:00:00,4.0,-0.17633909,-0.8625748,-0.22847082,-0.22491467,-0.77841395,0.24522132,-0.5442784,-0.10611578,-1.10983,-0.86831975,-0.36510268,-1.3944563,-0.43655923,-0.61210084,-0.14567699,0.010806942,0.42181963,-1.2223687,-1.6052562,-0.29855433,-0.90719914,-0.8650796,-1.5471444,0.27920052,-0.95105654,0.309017,-0.8660254,-0.5,1.2246469e-16,-1.0,0.0,1.0,0.0,0.0,0.0
2025-08-18 08:00:00,4.0,-0.27505094,-1.3309692,-1.1433812,-0.49779394,-0.7388747,-0.77730566,-0.5442784,-0.06271829,-1.3440713,-1.1844358,-0.69411004,-1.5896654,-0.5850048,-0.747687,-0.17827144,-0.30578026,0.9555772,-1.779562,-1.633904,-0.34173512,-1.0098566,-1.2288287,-1.6233809,-0.12539607,0.0,1.0,-0.8660254,-0.5,0.8660254,0.5,1.0,0.0,0.0,0.0,0.0
2025-08-18 12:00:00,3.0,-0.15121798,-0.7619857,0.040006902,-0.2853643,-0.60144895,-0.26366156,0.6782453,-0.061530035,-1.4635882,-1.4233937,-1.0000886,-1.635977,-0.68583536,-0.8418428,-0.22237529,-0.28431684,0.46473363,-1.7094843,-1.6632236,-0.3604128,-1.0155482,-1.5043074,-1.3727927,-0.12002342,0.0,1.0,-0.8660254,-0.5,0.8660254,-0.5,0.0,1.0,0.0,0.0,0.0
2025-08-19 04:00:00,3.0,0.37670246,0.9065123,1.126666,-0.785208,-0.6963485,-0.010610692,-0.55064166,-0.06212712,-1.6218731,-1.7069523,-1.410872,-1.7248317,-0.5116192,-0.6980515,-0.14068058,-0.29326984,0.4075288,-1.1380838,-1.6200335,-0.19897264,-0.7362687,-1.4674815,-1.5885484,-0.3446833,0.0,1.0,-0.8660254,-0.5,1.2246469e-16,-1.0,0.0,1.0,0.0,0.0,0.0
2025-08-19 08:00:00,3.0,0.21070944,-0.85139036,0.43844235,-0.91456854,-0.4867069,-0.7703874,-0.55064166,0.7478895,-1.631387,-1.8558545,-1.7335752,-1.6302379,-0.45643497,-0.6484864,-0.0046430044,-0.0057733166,0.2243119,-1.0576743,-1.5341274,-0.10091038,-0.51414376,-1.470852,-1.1209223,-0.34446937,0.95105654,0.309017,-0.8660254,-0.5,0.8660254,0.5,1.0,0.0,0.0,0.0,0.0
2025-08-19 12:00:00,3.0,0.50085706,1.5726184,-0.09118083,-1.3091843,-0.6905078,-0.24668647,0.6876788,-0.08168472,-1.7723855,-2.0966878,-2.1800318,-1.7275695,-0.15909877,-0.39735597,0.2413492,0.26292026,0.20470753,-0.787662,-1.2713462,0.11019059,-0.10732366,-1.2907531,-1.6007805,-0.38305265,0.95105654,0.309017,-0.8660254,-0.5,0.8660254,-0.5,0.0,1.0,0.0,0.0,0.0
2025-08-20 04:00:00,3.0,-0.17636621,-0.39570752,1.1036144,-0.2653928,0.17789136,0.2847521,-0.5514837,-0.042968396,-1.3965087,-1.8583449,-2.1151679,-1.152557,-0.3223814,-0.5250691,0.34442377,0.30194187,-0.0024209854,-0.8989271,-1.1135281,0.02490703,-0.09320689,-1.3139513,0.22770585,-0.49538794,0.95105654,0.309017,-0.8660254,-0.5,1.2246469e-16,-1.0,0.0,1.0,0.0,0.0,0.0
2025-08-20 08:00:00,3.0,-0.6711912,1.377143,0.2755929,-1.276191,-0.3218201,-0.79324925,-0.5514837,-2.5908172,-1.0190029,-1.5355232,-1.8279225,-0.6395601,-0.7064788,-0.85557866,0.23020759,0.116414875,-0.1280465,-1.0975499,-0.40860373,-0.37596378,-0.35093087,-1.5997156,-0.7045693,-0.42871293,0.58778524,-0.809017,-0.8660254,-0.5,0.8660254,0.5,1.0,0.0,0.0,0.0,0.0
2025-08-20 12:00:00,4.0,0.2722103,0.48413506,2.0645218,-0.7026762,-0.29205692,-0.33375007,0.6182719,-0.09704904,-1.1098644,-1.5935234,-1.9283568,-0.7326364,-0.5941048,-0.7493208,0.23772676,0.067872174,-0.17408101,-0.88344264,-0.35984617,-0.37274364,-0.07795223,-1.4658614,-0.761201,-0.5362862,0.58778524,-0.809017,-0.8660254,-0.5,0.8660254,-0.5,0.0,1.0,0.0,0.0,0.0
2025-08-21 04:00:00,3.0,-0.6104866,-0.65184206,-0.7667015,1.0290183,0.9679768,0.5055427,-0.5759157,-0.0976965,-0.59136677,-1.1725695,-1.5305781,0.0060276664,-0.95686966,-1.0558056,0.09718206,-0.25723565,-0.19160956,-0.6376754,-0.10940207,-1.100164,-0.29764727,-1.5380094,1.433192,-0.26553935,0.58778524,-0.809017,-0.8660254,-0.5,1.2246469e-16,-1.0,0.0,1.0,0.0,0.0,0.0
2025-08-21 08:00:00,3.0,-0.07377464,-0.658412,0.20100152,-0.068231344,-0.85460883,-0.8105625,-0.5759157,-0.1050843,-1.020448,-1.4616238,-1.7949528,-0.56951845,-1.0426729,-1.1170855,-0.010357445,-0.5067259,-0.15923771,0.3058775,-0.49121332,-1.0712857,-0.44569528,-1.7778914,-1.5287275,0.42840305,-0.58778524,-0.809017,-0.8660254,-0.5,0.8660254,0.5,1.0,0.0,0.0,0.0,0.0
2025-08-21 12:00:00,3.0,-0.31436333,-0.7955039,-0.4375105,0.23229623,-0.029305125,-0.04849737,0.82556087,-0.10639157,-1.1105343,-1.5293452,-1.8560203,-0.66125435,-1.2361287,-1.2797829,-0.14432453,-0.56614023,-0.16302487,0.9066095,-0.03420986,-1.4053146,-0.76465464,-1.9620351,-0.6000639,3.0,-0.58778524,-0.809017,-0.8660254,-0.5,0.8660254,-0.5,0.0,1.0,0.0,0.0,0.0
2025-08-22 04:00:00,3.0,0.13307606,0.26125333,2.4972856,-0.62580603,0.22456095,0.7080013,-0.57218665,-0.14678441,-1.1442298,-1.5707151,-1.9115779,-0.6590789,-1.2250575,-1.2603936,-0.17144883,-0.23750319,-0.07931307,0.44385988,-0.011680619,-1.1605395,-0.72950846,-1.823771,-0.2636573,2.6322997,-0.58778524,-0.809017,-0.8660254,-0.5,1.2246469e-16,-1.0,0.0,1.0,0.0,0.0,0.0
2025-08-22 08:00:00,3.0,-0.1633772,0.3626685,-0.726687,2.526911,-0.5147739,-1.1286263,-0.57218665,-0.7442922,-1.1693121,-1.6034117,-1.9499978,-0.66113305,-1.3678188,-1.374556,-0.20744647,-0.41730642,-0.25643545,0.20891772,0.20197178,-1.1304286,-0.8724954,-1.8715522,-1.069233,2.7671056,-0.95105654,0.309017,-0.8660254,-0.5,0.8660254,0.5,1.0,0.0,0.0,0.0,0.0
2025-08-22 12:00:00,3.0,0.0025533761,-0.3685478,1.7237806,-0.9168926,-1.4700398,0.17945896,0.9187896,-0.13459817,-1.5401164,-1.8814446,-2.1912024,-1.2429583,-1.4368249,-1.4231412,-0.21928543,-0.16492566,-0.33812836,-0.07362767,0.21681482,-0.99635005,-0.9920348,-2.0457482,-1.4644341,2.2280223,-0.95105654,0.309017,-0.8660254,-0.5,0.8660254,-0.5,0.0,1.0,0.0,0.0,0.0
2025-08-25 04:00:00,3.0,0.41360018,0.892189,0.82752794,-0.47521928,-0.056508344,1.2392304,-0.5702893,-0.09175835,-1.5096608,-1.8887527,-2.2256138,-1.1579226,-1.0818998,-1.1934011,-0.034549188,0.027267586,-0.3975376,-0.147306,0.12900695,-0.6567467,-0.660723,-1.6912853,-0.8049661,1.5556251,-0.95105654,0.309017,-0.8660254,-0.5,1.2246469e-16,-1.0,0.0,1.0,0.0,0.0,0.0
2025-08-25 08:00:00,3.0,-0.09377973,-0.05103895,1.255078,0.36332825,-0.31334108,-1.1946023,-0.5702893,-0.36832547,-1.5294185,-1.9108117,-2.247157,-1.18451,-1.1862748,-1.2636163,0.08867448,0.11571979,-0.36828178,-0.36084527,-0.1733325,-0.70243937,-0.71457505,-1.7394456,-1.0499117,0.9757247,0.0,1.0,-0.8660254,-0.5,0.8660254,0.5,1.0,0.0,0.0,0.0,0.0
2025-08-25 12:00:00,3.0,0.3756806,0.6288899,0.28871685,0.6408578,0.5736455,-0.31083265,0.3925889,-0.05181316,-1.3657432,-1.7975553,-2.1724718,-0.8673694,-0.86237377,-1.0549363,0.325196,0.20969856,-0.025234591,-0.17884736,0.02450807,-0.42368576,-0.3478255,-1.3682122,0.05530366,1.2942723,0.0,1.0,-0.8660254,-0.5,0.8660254,-0.5,0.0,1.0,0.0,0.0,0.0
2025-08-26 04:00:00,3.0,0.42493188,0.70399696,1.2326281,-0.6776797,0.7429362,0.7378048,-0.56641924,-0.053404313,-1.1949112,-1.667519,-2.080902,-0.5382622,-0.4779825,-0.8153087,0.63094336,0.43835357,0.014880574,-0.20023401,0.46012282,-0.108151086,0.06792186,-0.9963039,0.24359953,1.3415153,0.0,1.0,-0.8660254,-0.5,1.2246469e-16,-1.0,0.0,1.0,0.0,0.0,0.0
2025-08-26 08:00:00,3.0,1.1047686,1.8444079,-1.1446444,-1.0323856,2.477109,-1.1374028,-0.56641924,-0.92361647,-0.69140935,-1.2971953,-1.817241,0.37548226,0.5783533,-0.08922642,1.0798799,0.8605443,0.55967665,0.35502392,0.39325538,0.8605571,0.91553736,-0.09866001,1.4080219,1.0073111,0.95105654,0.309017,-0.8660254,-0.5,0.8660254,0.5,1.0,0.0,0.0,0.0,0.0
2025-08-26 12:00:00,3.0,-0.68193394,-1.0599617,0.30149993,-1.1386522,1.2031966,-0.003169703,0.64034295,-0.11230793,-0.5229975,-1.1093687,-1.6360762,0.5900438,-0.023950987,-0.47861508,1.0905995,0.4371184,0.37264886,0.20255527,0.003237856,0.17728908,0.402684,-0.42137724,0.61317086,0.88495356,0.95105654,0.309017,-0.8660254,-0.5,0.8660254,-0.5,0.0,1.0,0.0,0.0,0.0
2025-08-27 04:00:00,3.0,-0.4052277,-0.965994,0.19017921,-0.8316779,0.14537737,0.24572812,-0.5647097,-0.06842502,-0.6195078,-1.1118728,-1.6040996,0.38015446,-0.37220562,-0.715774,0.9668678,0.31804752,0.34856355,0.17743036,-0.22601402,-0.27626437,0.091941416,-0.6683942,-0.108617574,0.7581691,0.95105654,0.309017,-0.8660254,-0.5,1.2246469e-16,-1.0,0.0,1.0,0.0,0.0,0.0
2025-08-27 08:00:00,3.0,0.012628876,1.2579159,0.41025907,-1.035623,-0.37647632,-1.1181617,-0.5647097,-1.0755969,-0.8109625,-1.2013925,-1.6479288,0.040715262,-0.43917716,-0.7535456,0.8783735,0.17686807,0.31103578,0.24440458,-0.29533446,-0.3049864,0.056449495,-0.7288578,-0.8030524,0.70230323,0.58778524,-0.809017,-0.8660254,-0.5,0.8660254,0.5,1.0,0.0,0.0,0.0,0.0
2025-08-27 12:00:00,4.0,0.5258964,0.73137033,0.17007415,0.54169637,1.0423934,0.1827644,0.788018,-0.048530586,-0.62897474,-1.0550312,-1.5342865,0.36090538,-0.009448807,-0.45002586,0.8886031,0.21785861,0.5310703,0.27522063,-0.29357952,0.19223,0.4282902,-0.3482101,0.6567934,0.71785367,0.58778524,-0.809017,-0.8660254,-0.5,0.8660254,-0.5,0.0,1.0,0.0,0.0,0.0
2025-08-28 04:00:00,3.0,2.0637412,1.7564465,-0.9016489,-0.9495682,2.8551414,1.4410696,-0.5668589,-0.093063295,0.16681087,-0.4909177,-1.1514913,1.6025712,1.6475064,0.89855975,1.2797183,0.615973,1.2019055,0.9099862,-0.07430808,2.3168142,1.6749492,0.94235826,1.8019603,0.46496922,0.58778524,-0.809017,-0.8660254,-0.5,1.2246469e-16,-1.0,0.0,1.0,0.0,0.0,0.0
2025-08-28 08:00:00,3.0,0.46724677,0.93548316,-0.97697544,1.1747365,-0.46486753,-1.1087554,-0.5668589,-0.03622093,-0.20628029,-0.6658296,-1.2467377,0.96378386,1.892252,1.1470215,1.7707528,1.0948478,1.243825,0.8605627,-0.52330154,2.6036057,1.9785523,1.1443864,-0.62598276,0.49284512,-0.58778524,-0.809017,-0.8660254,-0.5,0.8660254,0.5,1.0,0.0,0.0,0.0,0.0
2025-08-28 12:00:00,3.0,-0.3266083,-0.62872565,-0.334234,0.67326367,0.253051,0.008302511,0.6258396,-0.03602222,-0.25227746,-0.6416608,-1.1905701,0.818082,1.4944993,0.90650105,1.8489171,1.1339397,1.176864,0.8179306,-0.17887694,2.0969808,1.6903323,0.9646978,0.42051315,0.38244787,-0.58778524,-0.809017,-0.8660254,-0.5,0.8660254,-0.5,0.0,1.0,0.0,0.0,0.0
2025-08-29 04:00:00,4.0,0.11815609,-0.0165476,0.17207307,1.6783481,0.39487725,0.60930216,-0.56073135,0.15908721,-0.23973055,-0.596137,-1.1338749,0.7920568,1.4647975,0.9085799,1.7886975,1.1658571,1.089786,1.0991988,0.3035311,1.9118084,1.6305275,1.0257877,0.59876037,0.14432216,-0.58778524,-0.809017,-0.8660254,-0.5,1.2246469e-16,-1.0,0.0,1.0,0.0,0.0,0.0
2025-08-29 08:00:00,3.0,-1.4009124,-1.0870584,0.40309328,-1.2151153,-0.39201194,-1.1101587,-0.56073135,-1.9352938,0.01785527,-0.36544606,-0.9198824,1.0535494,0.34017378,0.091973476,1.2265967,0.41284606,0.5173086,0.5470642,0.4432399,0.523089,0.6954997,0.40084293,-0.44258434,0.037499867,-0.95105654,0.309017,-0.8660254,-0.5,0.8660254,0.5,1.0,0.0,0.0,0.0,0.0
2025-08-29 12:00:00,4.0,-0.10812169,-0.3001792,-0.49860317,1.6241453,-0.2027087,0.20532499,0.7885309,-0.042345393,-0.22854894,-0.48727503,-0.9764309,0.63351303,0.20169936,-0.014844748,0.85451514,-0.48304337,0.12113988,0.7313631,0.8027131,0.32564488,0.56321084,0.32462096,-0.18955867,-0.18601519,-0.95105654,0.309017,-0.8660254,-0.5,0.8660254,-0.5,0.0,1.0,0.0,0.0,0.0
2025-09-01 04:00:00,3.0,-0.6314785,-0.8847601,0.077459544,-0.3776914,0.81104285,1.0479288,-0.5571271,-0.041589066,-0.07094072,-0.34774035,-0.8471227,0.7861013,-0.24709888,-0.3776492,0.3571885,-0.939184,0.14935243,0.5561886,0.44309646,-0.32281438,0.1377119,0.10183025,1.2234366,0.026209962,-0.95105654,0.309017,-0.8660254,-0.5,1.2246469e-16,-1.0,0.0,1.0,0.0,0.0,0.0
2025-09-01 08:00:00,4.0,1.0708745,1.2983259,-0.7228825,-0.09742999,-0.4333106,-1.1466205,-0.5571271,0.8520819,-0.20406857,-0.42629752,-0.9016046,0.5901287,0.5338312,0.28587627,0.30026537,-0.3827336,0.6149514,1.0013603,0.7106741,0.5264315,0.6902221,0.6416632,-0.4003086,-0.5814374,0.0,1.0,-1.0,-1.8369701e-16,0.8660254,0.5,1.0,0.0,0.0,0.0,0.0
2025-09-01 12:00:00,3.0,0.27764344,0.35225135,0.16190591,1.3411499,0.93752843,0.25093094,0.7974785,-0.05472171,-0.020199327,-0.28265378,-0.7859214,0.8134746,0.6563828,0.39991513,0.2798663,-0.31980643,0.6944594,1.0383586,0.7450118,0.63829446,0.7538524,0.83686984,1.4145293,-0.68018377,0.0,1.0,-1.0,-1.8369701e-16,0.8660254,-0.5,0.0,1.0,0.0,0.0,0.0
2025-09-02 04:00:00,4.0,0.013645851,-0.11955169,0.77756697,0.84275126,-0.75307643,-0.43669367,-0.5614074,-0.0045929407,-0.37320206,-0.49502438,-0.90388477,0.27322486,0.58529514,0.34899184,0.27051866,0.25652006,0.5273411,1.0928762,0.94312304,0.5001875,0.6618778,0.82310176,-0.8704528,-0.7641758,0.0,1.0,-1.0,-1.8369701e-16,1.2246469e-16,-1.0,0.0,1.0,0.0,0.0,0.0
2025-09-02 08:00:00,4.0,-1.1743948,-0.90222675,0.44427395,-0.72690165,0.1399332,-1.0923939,-0.5614074,-1.311431,-0.13899346,-0.3114824,-0.7331657,0.5418014,-0.24858166,-0.32143942,-0.10270692,-0.18194519,-0.52363867,0.7232458,0.33414486,-0.73163724,-0.1193652,0.32370192,0.5720764,-0.3247483,0.95105654,0.309017,-1.0,-1.8369701e-16,0.8660254,0.5,1.0,0.0,0.0,0.0,0.0
2025-09-02 12:00:00,4.0,-0.471389,-0.79682076,0.75256044,-0.8610814,0.33847833,0.2254107,0.61746323,0.03862146,-0.076062165,-0.24283203,-0.65321696,0.57534075,-0.56332165,-0.5973698,-0.4606222,-0.118373014,-0.8219027,0.43978298,-0.27858362,-1.1199743,-0.43213022,0.15087552,0.8715928,-0.3350688,0.95105654,0.309017,-1.0,-1.8369701e-16,0.8660254,-0.5,0.0,1.0,0.0,0.0,0.0
2025-09-03 04:00:00,4.0,-0.9840161,-1.2417669,-0.5236975,-0.69849235,1.0381889,2.218886,-0.5623378,0.08858967,0.21632701,-0.0031090395,-0.44336691,0.880722,-1.0680672,-1.0772042,-0.88955295,-0.9534411,-1.020585,0.15889025,-0.42368716,-1.6165454,-0.94898814,-0.18103449,1.5887661,0.50205815,0.95105654,0.309017,-1.0,-1.8369701e-16,1.2246469e-16,-1.0,0.0,1.0,0.0,0.0,0.0
2025-09-03 08:00:00,4.0,1.5341647,0.45668685,0.4141835,0.9476559,-0.4589296,-1.064771,-0.5623378,2.3414478,0.45057642,0.17252271,-0.3288999,1.1619039,0.044429995,-0.11504363,-0.74587625,-0.44682342,-0.5810656,0.5255718,-0.4451866,-0.530672,-0.1012862,0.5695979,0.29468244,-0.7425959,0.58778524,-0.809017,-1.0,-1.8369701e-16,0.8660254,0.5,1.0,0.0,0.0,0.0,0.0
2025-09-03 12:00:00,4.0,0.32133904,0.66138846,1.7560205,-0.9089001,-1.0200491,0.051746838,0.55582035,-0.031365238,-0.007495263,-0.09807927,-0.4850351,0.5166479,0.18638694,0.018717332,-0.60752535,-0.32369524,-0.048735432,0.49098712,-0.048906364,-0.33518538,-0.0064118337,0.67055947,-0.7650219,-0.9684985,0.58778524,-0.809017,-1.0,-1.8369701e-16,0.8660254,-0.5,0.0,1.0,0.0,0.0,0.0
2025-09-04 04:00:00,3.0,0.45538667,0.7792139,-0.80226636,1.2482613,-0.84456986,0.5993884,-0.5682305,0.11276372,-0.3308845,-0.32095665,-0.6244928,0.069965206,0.43178296,0.24545704,-0.38905334,0.3507422,0.1252369,0.26137802,-0.1277028,-0.048388712,0.20913818,0.8357856,-0.6261525,-1.0421174,0.58778524,-0.809017,-1.0,-1.8369701e-16,1.2246469e-16,-1.0,0.0,1.0,0.0,0.0,0.0
2025-09-04 08:00:00,3.0,1.1080627,1.5638549,-0.97630006,-0.42446706,-0.52131623,-1.0710489,-0.5682305,0.605383,-0.43700996,-0.42926046,-0.71028143,-0.041910656,1.1225916,0.90535045,0.04123816,0.99361694,0.6661406,0.8682083,-0.38743573,0.62892604,0.7979065,1.2975583,-0.054935426,-0.6076715,-0.58778524,-0.809017,-1.0,-1.8369701e-16,0.8660254,0.5,1.0,0.0,0.0,0.0,0.0
2025-09-04 12:00:00,3.0,0.85605276,1.4780022,-1.0983654,-0.08487909,-0.42755282,-0.06254946,0.4477284,0.06777516,-0.55621016,-0.54529375,-0.79829186,-0.17952906,1.6142163,1.4279845,0.529786,1.765565,0.60086703,1.3129699,-0.7395,1.0984777,1.23482,1.6363946,0.27368003,-0.29496908,-0.58778524,-0.809017,-1.0,-1.8369701e-16,0.8660254,-0.5,0.0,1.0,0.0,0.0,0.0
2025-09-05 04:00:00,3.0,-0.40254122,-0.86871755,0.1639562,-0.40906492,0.04567778,0.52673066,-0.5610669,0.06859044,-0.47808447,-0.50941235,-0.75963056,-0.06786954,1.2630877,1.1809846,0.6920825,0.9691225,0.39751035,1.2012306,-0.77799743,0.6964985,0.88144606,1.405558,0.8112054,-0.48152882,-0.58778524,-0.809017,-1.0,-1.8369701e-16,1.2246469e-16,-1.0,0.0,1.0,0.0,0.0,0.0
2025-09-05 08:00:00,3.0,0.10668691,-0.062098257,-0.7692891,2.2479162,-0.6303653,-1.0472937,-0.5610669,0.06875671,-0.61298746,-0.62140554,-0.8324957,-0.25663665,1.2369392,1.1931237,0.79052585,0.87912655,0.4352187,1.0450517,-0.15644744,0.658193,0.85129577,1.395349,-0.16191891,-0.59309137,-0.95105654,0.309017,-1.0,-1.8369701e-16,0.8660254,0.5,1.0,0.0,0.0,0.0,0.0
2025-09-05 12:00:00,4.0,-0.38280743,-1.4700028,-1.1549761,-0.6654403,-1.4739771,-0.07856185,0.34393317,0.009499395,-0.85534024,-0.8096463,-0.9503789,-0.6277815,0.8569901,0.8962685,0.70735687,0.53655344,0.7306659,0.14481553,-0.27231246,0.35247016,0.56773394,1.1383585,-1.2155277,-1.166141,-0.95105654,0.309017,-1.0,-1.8369701e-16,0.8660254,-0.5,0.0,1.0,0.0,0.0,0.0
2025-09-08 04:00:00,4.0,-1.8148087,-1.3736207,-1.080522,-0.5588109,3.0,1.9759691,-0.5535447,-0.05091812,0.19728939,-0.09133106,-0.4355197,0.84690666,-0.3455312,-0.27410346,-0.0014151346,-0.6651812,0.29432192,-0.63386214,-0.77608675,-1.037004,-0.4835007,0.36098006,1.8984728,-1.0635072,-0.95105654,0.309017,-1.0,-1.8369701e-16,1.2246469e-16,-1.0,0.0,1.0,0.0,0.0,0.0
2025-09-08 08:00:00,3.0,0.88184655,0.7564126,1.9143746,-1.1830359,-1.0320458,-1.0126579,-0.5535447,1.1359487,0.042176638,-0.16803013,-0.48706985,0.61831945,0.25437263,0.34793437,-0.18014841,-0.6509642,0.94149184,-0.21936904,-0.54379135,-0.37056616,0.08966921,0.759963,-1.1679014,-1.0647956,0.0,1.0,-1.0,-1.8369701e-16,0.8660254,0.5,1.0,0.0,0.0,0.0,0.0
2025-09-08 12:00:00,4.0,-0.51329845,-1.6548954,-1.2000247,-1.1833284,-0.79142267,-0.2988789,0.15359709,0.017515812,-0.31401828,-0.37926817,-0.6004095,0.07748067,-0.12129338,-0.045813534,-0.4687438,-0.6980327,0.22826163,-0.43686306,-0.7819574,-0.85285646,-0.27366662,0.42578998,-0.9129375,-1.0691322,0.0,1.0,-1.0,-1.8369701e-16,0.8660254,-0.5,0.0,1.0,0.0,0.0,0.0
2025-09-09 04:00:00,4.0,1.4020061,1.4373382,-0.543265,-0.63838667,1.2787732,1.3512486,-0.55427414,0.01846173,0.058905844,-0.14617269,-0.46847072,0.6365904,0.8879604,1.0894263,-0.23822635,-0.15517849,0.60145015,0.5503023,-0.012277467,0.38746613,0.69870394,1.2036525,1.6794543,-0.23964566,0.0,1.0,-1.0,-1.8369701e-16,1.2246469e-16,-1.0,0.0,1.0,0.0,0.0,0.0
2025-09-09 08:00:00,4.0,-0.7975139,-0.912712,-0.88349867,0.5251517,-1.1139151,-0.98505414,-0.55427414,-1.4609793,-0.015997289,-0.15675083,-0.44111732,0.46489352,0.32094297,0.47550252,-0.33563825,-0.33218142,0.16917263,0.31828314,0.3571422,-0.38088056,0.12672624,0.76877826,-1.2414168,-0.45697135,0.95105654,0.309017,-1.0,-1.8369701e-16,0.8660254,0.5,1.0,0.0,0.0,0.0,0.0
2025-09-09 12:00:00,0.0,0.90845376,1.0140396,-0.23291582,0.046898834,0.8942299,0.23742601,1.0098625,-0.04356088,0.16744389,-0.031487856,-0.36966842,0.7035918,0.8335084,1.064636,-0.18250756,0.76592755,0.059313666,0.81785357,2.1960711,0.2973986,0.6229284,1.1584527,1.4920278,-0.36181727,0.95105654,0.309017,-1.0,-1.8369701e-16,0.8660254,-0.5,0.0,1.0,0.0,0.0,0.0
2025-09-10 04:00:00,1.0,0.023673784,0.033750582,0.34774524,1.8483226,-0.67111903,1.4998244,-0.63836974,0.019491868,-0.1907274,-0.2516178,-0.514825,0.21339624,0.8113132,1.0437968,-0.088109136,0.45077562,-0.26193607,0.44368532,3.0,0.33583927,0.6423212,1.1168507,-0.6147317,-0.12786548,0.95105654,0.309017,-1.0,-1.8369701e-16,1.2246469e-16,-1.0,0.0,1.0,0.0,0.0,0.0
2025-09-10 08:00:00,4.0,3.0,0.5540979,-0.5243604,1.3336966,1.8195512,-1.1016014,-0.63836974,3.0,1.8094702,0.9358454,0.13187683,2.2473745,2.5183358,3.0,0.67656034,2.2483914,1.1653513,1.3529743,3.0,2.8443105,2.3116913,2.3170583,1.951992,0.121481024,0.58778524,-0.809017,-1.0,-1.8369701e-16,0.8660254,0.5,1.0,0.0,0.0,0.0,0.0
2025-09-10 12:00:00,4.0,-2.309439,-1.4864347,-0.9930814,-0.76350313,2.3705857,0.9983867,2.1512496,-0.056836337,2.9668577,1.9455205,0.84801924,2.6413078,1.180216,1.6264422,0.5560611,0.4991478,0.23874693,0.63512546,2.1579278,0.9867925,1.0376152,1.4480172,1.9632052,-0.17063463,0.58778524,-0.809017,-1.0,-1.8369701e-16,0.8660254,-0.5,0.0,1.0,0.0,0.0,0.0
2025-09-11 04:00:00,4.0,-3.0,-1.6384388,-1.2803534,-0.99808884,3.0,3.0,-0.65669703,-0.1102785,3.0,3.0,2.853379,3.0,-0.6939752,-0.71957374,-0.5784729,-1.6503477,-1.78863,-0.5297508,0.20438474,-2.1304045,-0.91593623,0.20248476,1.9225307,-1.2140943,0.58778524,-0.809017,-1.0,-1.8369701e-16,1.2246469e-16,-1.0,0.0,1.0,0.0,0.0,0.0
2025-09-11 08:00:00,4.0,-0.6848566,-0.101477176,0.7183737,0.9590436,-0.27152142,-0.91517884,-0.65669703,-1.4895701,3.0,3.0,2.8130152,2.5480812,-0.9309302,-1.051029,-1.4313658,-2.394698,-1.302578,-0.6124925,-0.30433232,-1.8610725,-1.2664601,-0.06067519,0.6645506,-1.3319405,-0.58778524,-0.809017,-1.0,-1.8369701e-16,0.8660254,0.5,1.0,0.0,0.0,0.0,0.0
2025-09-11 12:00:00,4.0,0.33885854,0.4058278,0.7620232,0.8182587,-0.38166007,0.7943194,2.612541,0.1500391,2.410288,2.8567965,2.4897473,1.5284057,-0.80404687,-0.8971871,-1.9258691,-2.2321553,-1.5763539,-0.13247193,-0.41469947,-1.3780972,-1.2363299,-0.06770118,0.16747025,-1.6940131,-0.58778524,-0.809017,-1.0,-1.8369701e-16,0.8660254,-0.5,0.0,1.0,0.0,0.0,0.0
2025-09-12 04:00:00,4.0,-1.3368161,-1.3632078,-0.880995,-0.7845081,0.45763615,2.2798195,-0.6491768,0.035264324,2.3030064,2.8453472,2.7400491,1.337907,-1.2298623,-1.4756945,-2.3320987,-3.0,-2.0493157,-1.1760043,-0.83765376,-1.5046886,-1.7564371,-0.4802944,1.5576305,-1.3007581,-0.58778524,-0.809017,-1.0,-1.8369701e-16,1.2246469e-16,-1.0,0.0,1.0,0.0,0.0,0.0
2025-09-12 08:00:00,4.0,0.78816295,0.5838786,1.7559551,-0.5140084,-0.25316676,-0.91430676,-0.6491768,0.82219994,1.7658588,2.4007173,2.493828,0.8938194,-0.83245814,-1.011341,-2.3165846,-2.503965,-2.2895408,-0.9894646,-0.7290833,-0.97892654,-1.3746974,-0.2808902,0.6396171,-0.8124283,-0.95105654,0.309017,-1.0,-1.8369701e-16,0.8660254,0.5,1.0,0.0,0.0,0.0,0.0
2025-09-12 12:00:00,4.0,0.4824356,0.7408462,-1.4213009,1.9496028,-0.42743534,0.30346286,2.2997637,0.07552675,1.1277084,1.8763205,2.1498024,0.33025256,-0.6193193,-0.76184523,-2.1369681,-0.19712314,-1.6275337,-0.969606,-0.30943334,-0.6797591,-1.1916028,-0.2302069,0.39613998,-0.65946245,-0.95105654,0.309017,-1.0,-1.8369701e-16,0.8660254,-0.5,0.0,1.0,0.0,0.0,0.0
2025-09-15 04:00:00,4.0,-0.21849759,-0.75578076,-1.3825275,1.260949,-0.64084685,0.24813022,-0.66234654,-0.03816028,0.5360128,1.374713,1.8016059,-0.23294936,-0.73809487,-0.9009238,-2.0059958,0.025626738,-2.053276,-1.4365231,-0.31980845,-0.63613456,-1.3521476,-0.45784542,-0.7918708,-0.7018684,-0.95105654,0.309017,-1.0,-1.8369701e-16,1.2246469e-16,-1.0,0.0,1.0,0.0,0.0,0.0
2025-09-15 08:00:00,4.0,0.13592164,0.15654825,0.041691866,1.8146572,-0.49617773,-0.9487667,-0.66234654,-0.037390783,0.17462713,1.0060803,1.5115494,-0.571629,-0.7343195,-0.8874816,-1.7826546,-0.07091866,-1.9668525,-1.717238,-0.13531001,-0.50818807,-1.2677437,-0.53133357,-0.17973298,-0.7726286,0.0,1.0,-1.0,-1.8369701e-16,0.8660254,0.5,1.0,0.0,0.0,0.0,0.0
2025-09-15 12:00:00,4.0,-0.76573694,-0.9359327,-0.45316786,0.0001964254,0.27260458,0.3306321,2.403946,0.07558767,0.5439725,1.1881697,1.6872154,-0.2010218,-1.0566295,-1.2586904,-1.623845,0.20645384,-3.0,-1.9120474,-0.39386418,-0.64198494,-1.5000781,-0.77498525,1.3891635,-0.71765345,0.0,1.0,-1.0,-1.8369701e-16,0.8660254,-0.5,0.0,1.0,0.0,0.0,0.0
2025-09-16 04:00:00,4.0,-2.2190833,-1.1764838,-1.3722781,0.19879153,1.6511313,2.751028,-0.6572508,0.018633373,2.179394,2.3450146,2.687429,1.2424109,-1.738454,-2.107684,-1.6799077,-1.3047452,-3.0,-2.7355778,-1.6103971,-1.0973175,-1.9854671,-1.1283232,1.6579343,-0.9939436,0.0,1.0,-1.0,-1.8369701e-16,1.2246469e-16,-1.0,0.0,1.0,0.0,0.0,0.0
2025-09-16 08:00:00,4.0,0.28299162,-0.7605834,0.911869,-0.8841244,-0.5122289,-0.8827898,-0.6572508,1.3580842,1.5090271,1.8900896,2.3070261,0.6067059,-1.6117204,-1.9402269,-1.7691793,-1.3722441,-1.3261595,-2.4252803,-1.606633,-0.83798116,-1.7920789,-1.1635062,0.31635156,-0.90971935,0.95105654,0.309017,-1.0,-1.8369701e-16,0.8660254,0.5,1.0,0.0,0.0,0.0,0.0
2025-09-16 12:00:00,4.0,-0.06405103,-0.48501253,1.3198557,-0.72931284,-0.7532127,-0.07763193,1.9413568,-0.04273372,0.763017,1.3578899,1.8752891,-0.17117567,-1.6194522,-1.931835,-1.7882186,-1.2823167,-1.0701188,-1.8201741,-1.8785866,-0.7003119,-1.8562689,-1.3916038,-1.1995786,-1.3933606,0.95105654,0.309017,-1.0,-1.8369701e-16,0.8660254,-0.5,0.0,1.0,0.0,0.0,0.0
2025-09-17 04:00:00,4.0,-1.3184519,-1.290611,-1.2145176,-0.26171175,0.33770224,1.004128,-0.65608466,0.016502997,1.2116145,1.6360377,2.101875,0.23912923,-1.9188442,-2.2912238,-1.7834677,-1.9397869,-1.7176917,-2.5050774,-2.3158534,-0.84450036,-2.1251838,-1.6845123,1.3910183,-0.7808198,0.95105654,0.309017,-1.0,-1.8369701e-16,1.2246469e-16,-1.0,0.0,1.0,0.0,0.0,0.0
2025-09-17 08:00:00,4.0,3.0,1.7482179,-1.2934256,-0.4183376,0.7592421,-0.9285805,-0.65608466,3.0,2.854309,2.6345947,2.678166,2.018922,0.5301663,0.3173505,-0.6404207,0.62357354,0.69731957,-0.6931963,0.0498131,0.30650806,0.22968009,0.2662274,1.4955096,-1.7839634,0.58778524,-0.809017,-1.0,-1.8369701e-16,0.8660254,0.5,1.0,0.0,0.0,0.0,0.0
2025-09-17 12:00:00,4.0,-1.0956552,-1.0306437,-0.47342002,-0.4052157,0.42257595,0.44897577,3.0,-0.11268035,2.6864884,2.6539693,2.7553134,1.7369404,0.055998463,-0.19760744,-0.30246633,1.0482104,-0.1404425,-1.6198395,-0.6512566,0.010887344,-0.16411856,-0.08487844,1.2341987,-1.4537168,0.58778524,-0.809017,-1.0,-1.8369701e-16,0.8660254,-0.5,0.0,1.0,0.0,0.0,0.0
2025-09-18 04:00:00,4.0,0.6741845,0.9596062,1.3350831,-1.030086,-0.102327846,0.51508594,-0.6268603,-0.16177215,2.152893,2.3269033,2.5009859,1.2113774,0.33466431,0.13412547,0.0642426,1.2761142,-0.000463883,-1.0736729,-0.017294655,0.23064238,0.17251587,0.1104435,1.0266033,-1.5451092,0.58778524,-0.809017,-1.0,-1.8369701e-16,1.2246469e-16,-1.0,0.0,1.0,0.0,0.0,0.0
2025-09-18 08:00:00,1.0,2.7021332,0.71924883,-1.1135591,1.7234724,-0.3674855,-0.99740654,-0.6268603,3.0,2.58647,2.5690968,2.5913079,1.7361841,1.5478016,1.6387932,0.7939333,2.722589,1.4630535,-0.075843744,1.5060416,1.1707345,1.4032649,1.1441054,0.6762879,-1.8486118,-0.58778524,-0.809017,-1.0,-1.8369701e-16,0.8660254,0.5,1.0,0.0,0.0,0.0,0.0
2025-09-18 12:00:00,1.0,1.1140288,1.6485795,-1.068002,-0.61591285,-0.034051813,0.39923024,3.0,-0.2817476,2.0569131,2.2310436,2.3289154,1.211088,1.8903692,2.0941331,1.4466782,3.0,1.9226658,0.44175297,2.170969,1.5641619,1.8486819,1.4950639,1.080374,-1.9921327,-0.58778524,-0.809017,-1.0,-1.8369701e-16,0.8660254,-0.5,0.0,1.0,0.0,0.0,0.0
2025-09-19 04:00:00,1.0,0.62731695,1.0480974,-0.30493146,0.05818296,-0.30172476,0.8108824,-0.6072236,-0.12991925,1.5505038,1.8869828,2.0711133,0.6627237,2.0160103,2.2563355,1.9234064,1.9475576,2.393852,-0.20230182,2.3362558,1.9234761,2.1132786,1.677091,0.6210898,-1.6714272,-0.58778524,-0.809017,-1.0,-1.8369701e-16,1.2246469e-16,-1.0,0.0,1.0,0.0,0.0,0.0
2025-09-19 08:00:00,1.0,-0.258388,1.5225387,-0.70944625,-0.8290307,-0.85846233,-1.0632693,-0.6072236,-1.729224,1.018433,1.5241588,1.8220128,0.020662043,1.7922182,2.008741,2.1189892,2.2155056,2.863697,0.33491495,2.1791642,1.8362254,1.9964094,1.5475088,-0.6331115,-1.8682274,-0.95105654,0.309017,-1.0,-1.8369701e-16,0.8660254,0.5,1.0,0.0,0.0,0.0,0.0
2025-09-19 12:00:00,1.0,-0.0010319107,-0.039163075,1.5668371,0.5467635,-0.88200843,2.030812,3.0,-0.109920666,0.48050377,1.1256378,1.530148,-0.6432064,1.715444,1.90752,2.1803284,1.8681561,2.6039338,1.765323,2.098181,1.6401244,1.950741,1.5459876,-0.5845196,-1.8907359,-0.95105654,0.309017,-1.0,-1.8369701e-16,0.8660254,-0.5,0.0,1.0,0.0,0.0,0.0
2025-09-22 04:00:00,4.0,-0.17883289,-0.44593447,1.7766562,-0.76018023,-0.79987174,0.13259326,-0.47123078,-0.14624065,0.10129087,0.8125864,1.2995119,-1.1249394,1.5368785,1.7250139,2.0796564,0.58405024,2.4224613,1.8565583,1.8123955,1.403476,1.794229,1.459261,-0.4035817,-1.8228236,-0.95105654,0.309017,-1.0,-1.8369701e-16,1.2246469e-16,-1.0,0.0,1.0,0.0,0.0,0.0
2025-09-22 08:00:00,4.0,-1.1577075,-0.43770447,1.3657743,-0.36139107,-0.27669623,-1.0246925,-0.47123078,-1.8767072,0.35682452,0.9274945,1.394125,-0.82714,0.8494676,1.0973829,1.5458851,-0.44074446,2.2645273,1.2132735,1.2876892,0.88085395,1.0995873,0.906306,0.4066319,-1.735368,0.0,1.0,-1.0,-1.8369701e-16,0.8660254,0.5,1.0,0.0,0.0,0.0,0.0
2025-09-22 12:00:00,4.0,0.31869346,0.72035164,0.24903762,0.3797473,-0.6248552,-0.38349068,0.7535421,-0.11548514,0.04625446,0.6575987,1.1769446,-1.1925222,0.9559213,1.1992958,1.2941645,-0.5759003,1.0211638,1.7456179,1.2861936,0.9071805,1.1813145,1.0451992,-0.24167414,-1.4181279,0.0,1.0,-1.0,-1.8369701e-16,0.8660254,-0.5,0.0,1.0,0.0,0.0,0.0
2025-09-23 04:00:00,4.0,-0.21075936,-0.34515107,0.17802913,0.9177671,-0.3032022,0.083988115,-0.4779571,-0.15060028,-0.0344291,0.53898656,1.0787164,-1.2518077,0.7848659,1.0373381,0.9928735,-0.55451524,1.2996978,1.3817842,1.0419677,0.75517654,0.9909602,0.90581876,0.22016737,-1.6489142,0.0,1.0,-1.0,-1.8369701e-16,1.2246469e-16,-1.0,0.0,1.0,0.0,0.0,0.0
2025-09-23 08:00:00,4.0,0.24524494,-0.51074696,-0.7851828,1.235161,-1.2904825,-1.0056739,-0.4779571,0.48525596,-0.5786178,0.102184534,0.75117993,-1.8703418,0.8725419,1.1052853,0.8743185,-0.4446936,1.1492794,1.3155618,0.7822747,0.7840605,1.1022167,0.9847255,-1.8345354,-1.8059237,0.95105654,0.309017,-1.0,-1.8369701e-16,0.8660254,0.5,1.0,0.0,0.0,0.0,0.0
2025-09-23 12:00:00,4.0,0.4331017,1.1887201,0.6182563,-1.0537596,-0.70852256,-0.5229242,0.46230972,-0.1726332,-0.7304239,-0.11846287,0.54954916,-1.9011691,1.0578575,1.2690269,0.81180775,-0.16985519,0.3353546,1.5328649,1.1867173,0.8581588,1.2710267,1.2009275,-0.38752005,-1.7720766,0.95105654,0.309017,-1.0,-1.8369701e-16,0.8660254,-0.5,0.0,1.0,0.0,0.0,0.0
2025-09-24 04:00:00,4.0,-0.00078056636,0.041882213,2.1872232,-0.012983462,-0.6747051,-0.11187419,-0.47875422,-0.17184256,-0.82048637,-0.28615794,0.3946445,-1.8680894,1.000194,1.2068025,0.7153073,0.3538525,-0.06970347,1.4637659,1.3002284,0.77775514,1.1819383,1.1748289,-0.36215758,-1.5894029,0.95105654,0.309017,-1.0,-1.8369701e-16,1.2246469e-16,-1.0,0.0,1.0,0.0,0.0,0.0
2025-09-24 08:00:00,1.0,-0.1847366,-0.14844461,-0.7436247,2.084288,-0.9104786,-0.99264276,-0.47875422,-0.43748787,-0.95783836,-0.47779253,0.22724679,-1.9149969,0.8194769,1.0528286,0.5614547,0.12650523,-0.3657231,1.5816967,1.2021185,0.6352688,0.9715824,1.0336956,-1.3887149,-1.4592167,0.58778524,-0.809017,-1.0,-1.8369701e-16,0.8660254,0.5,1.0,0.0,0.0,0.0,1.0
2025-09-24 12:00:00,4.0,1.5038723,1.563739,-0.67063993,-0.8430689,1.8124269,0.47819078,2.1149962,-0.1451557,-0.104202636,-0.03233688,0.42013597,-0.58162844,1.5974246,1.7685031,0.6726932,0.90445447,0.28934938,2.6780066,1.6535947,1.0637865,1.5100144,1.8902117,1.3755038,-1.4175051,0.58778524,-0.809017,-1.0,-1.8369701e-16,0.8660254,-0.5,0.0,1.0,0.0,0.0,1.0
2025-09-25 04:00:00,4.0,-0.29970878,-0.34454167,2.2401228,-1.2015779,1.0074034,1.358506,-0.48844147,-0.074989855,0.28835413,0.2312534,0.5781101,-0.07489258,1.3379054,1.5363648,0.6277091,0.65926313,0.18100469,2.368659,0.86816126,0.9030746,1.1095098,1.5968031,1.1049776,-1.027586,0.58778524,-0.809017,-1.0,-1.8369701e-16,1.2246469e-16,-1.0,0.0,1.0,0.0,0.0,1.0
2025-09-25 08:00:00,4.0,-0.20095812,-0.8602665,0.33554742,-0.68589324,-1.0333427,-1.066075,-0.48844147,-0.07649562,-0.19909716,-0.079562694,0.3628481,-0.67324483,1.1598526,1.3726336,0.59488314,0.37808195,0.17356555,2.218314,0.6423063,0.79065126,0.893982,1.4549354,-1.2395686,-0.66495675,-0.58778524,-0.809017,-1.0,-1.8369701e-16,0.8660254,0.5,1.0,0.0,0.0,0.0,1.0
2025-09-25 12:00:00,4.0,-1.6665165,-1.0833905,-0.46098262,-0.48259684,2.347675,0.6697881,2.5516431,-0.22067606,1.133051,0.8666503,1.026379,0.8076613,0.09618419,0.5082371,0.015757436,-0.38643017,-0.027607143,1.9261986,0.028946595,-0.19531311,-0.13544956,0.5298315,1.394434,-0.157683,-0.58778524,-0.809017,-1.0,-1.8369701e-16,0.8660254,-0.5,0.0,1.0,0.0,0.0,1.0
2025-09-26 04:00:00,4.0,0.7234821,1.1285971,0.44855735,-0.66466546,0.2991183,-0.39988843,-0.49861044,-0.14638309,0.95796955,0.8130475,0.9730586,0.59980255,0.50399786,0.84113914,-0.13622002,0.03086861,0.13099062,0.9954462,0.30446813,0.16200705,0.14487526,0.85420763,0.71445954,0.08100047,-0.58778524,-0.809017,-1.0,-1.8369701e-16,1.2246469e-16,-1.0,0.0,1.0,0.0,0.0,1.0
2025-09-26 08:00:00,4.0,-0.50797844,-1.5087825,-1.0302306,-0.9648735,-0.37442836,-1.03949,-0.49861044,0.195947,0.5371916,0.59411794,0.8529263,0.074495435,0.18177553,0.5625186,-0.36639482,-0.89024854,0.015795661,1.1398484,0.5008533,-0.45602545,-0.19853686,0.57516456,-0.074238665,0.23545483,-0.95105654,0.309017,-1.0,-1.8369701e-16,0.8660254,0.5,1.0,0.0,0.0,0.0,1.0
2025-09-26 12:00:00,4.0,0.16596082,0.45430973,-0.67576826,2.0180688,-0.4265849,-0.53227353,0.28562933,-0.21641496,0.14824641,0.33378223,0.67087036,-0.3610669,0.24529564,0.6044338,-0.4934297,-0.6779169,-0.012608939,0.98781645,0.60181844,-0.7081335,-0.21299973,0.625985,-0.27757946,0.3196275,-0.95105654,0.309017,-1.0,-1.8369701e-16,0.8660254,-0.5,0.0,1.0,0.0,0.0,1.0
2025-09-29 04:00:00,4.0,0.6217814,1.5231965,-1.0871907,-0.3071276,-0.38710085,-0.32730097,-0.4977582,-0.21633814,-0.16332728,0.07960541,0.46547198,-0.66670245,0.6003456,0.88527954,-0.4274136,-0.3039177,0.06379943,0.34549746,1.0410761,-0.06497987,0.07514332,0.93477213,-0.29127878,0.9990619,-0.95105654,0.309017,-1.0,-1.8369701e-16,1.2246469e-16,-1.0,0.0,1.0,0.0,0.0,1.0
2025-09-29 08:00:00,4.0,-0.18513852,-0.7861047,0.11995302,-0.26228958,-0.65994084,-0.9458646,-0.4977582,-0.05808415,-0.5314052,-0.21603578,0.25476536,-1.0710291,0.44087192,0.74994904,-0.44007075,0.37912214,-0.006746525,-0.06637406,0.64872044,-0.2635751,-0.039409004,0.82051516,-1.1234385,1.176401,0.0,1.0,-1.0,-1.8369701e-16,0.8660254,0.5,1.0,0.0,0.0,0.0,1.0
2025-09-29 12:00:00,4.0,-0.10756488,-0.30907118,0.8460416,0.18407443,-0.5867868,-0.36031827,0.3995045,-0.20805342,-0.8020811,-0.4756204,0.05106676,-1.3355576,0.33035508,0.6544855,-0.48267195,-0.005130721,0.021412093,-0.30073947,0.52190995,-0.36604062,-0.0959089,0.74290764,-1.0862006,0.71374387,0.0,1.0,-1.0,-1.8369701e-16,0.8660254,-0.5,0.0,1.0,0.0,0.0,1.0
2025-09-30 04:00:00,4.0,0.5057263,0.873822,-0.37419665,0.7207211,0.31405258,-0.05385404,-0.4983248,-0.17047386,-0.5790683,-0.41119054,0.033541672,-0.934901,0.64197475,0.8835998,-0.34476745,0.46080288,-0.36021847,-0.053669687,0.72747445,0.24766207,0.22463344,1.0253993,0.47346708,0.9901664,0.0,1.0,-1.0,-1.8369701e-16,1.2246469e-16,-1.0,0.0,1.0,0.0,0.0,1.0
2025-09-30 08:00:00,4.0,-0.092202865,0.45634994,0.522908,0.81318176,-0.9016782,-1.0088055,-0.4983248,-0.59672797,-0.98941684,-0.7611407,-0.24017614,-1.3912883,0.5291887,0.791147,-0.308424,0.34215346,-0.28319868,-0.0833868,1.0221221,0.135123,0.16666633,0.96420425,-1.6764416,0.9746585,0.95105654,0.309017,-1.0,-1.8369701e-16,0.8660254,0.5,1.0,0.0,0.0,0.0,1.0
2025-09-30 12:00:00,1.0,0.31763798,0.859333,0.03237985,0.21548565,-0.48739475,-0.42483556,0.15606298,-0.12561986,-1.1079863,-0.94065535,-0.43172276,-1.4394075,0.71917033,0.9233485,-0.18687803,0.20090765,-0.08639244,0.076932795,1.2734634,0.565394,0.37074137,1.1391826,-0.74940914,1.1344632,0.95105654,0.309017,-1.0,-1.8369701e-16,0.8660254,-0.5,0.0,1.0,0.0,0.0,1.0
2025-10-01 04:00:00,4.0,0.6751358,1.3625456,0.1730491,-1.2875631,0.047498513,0.24264908,-0.49696544,-0.18171611,-0.9572171,-0.92713267,-0.50960726,-1.1193491,1.1534213,1.2501086,0.091270596,0.59514225,0.8219464,0.66697764,1.7856503,1.3695416,0.7618838,1.5252885,0.22403741,1.6760272,0.95105654,0.309017,-1.0,-1.8369701e-16,1.2246469e-16,-1.0,0.0,1.0,0.0,0.0,1.0
2025-10-01 08:00:00,4.0,-0.955543,0.1861274,2.2129898,-0.41679534,-0.6734685,-0.97238463,-0.49696544,-2.16633,-0.6681154,-0.7447189,-0.4007652,-0.7110833,0.36562213,0.6893802,-0.052800015,0.20828599,0.17160131,0.25513718,0.9800058,-0.004249674,0.08957122,0.87176114,-1.4123687,1.5359161,0.58778524,-0.809017,-0.8660254,0.5,0.8660254,0.5,1.0,0.0,0.0,0.0,0.0
2025-10-01 12:00:00,1.0,0.30498874,0.553486,1.5072165,-0.60937774,0.14621954,-0.20424066,0.35935557,-0.115791716,-0.5801704,-0.7127082,-0.43497044,-0.53404176,0.5480089,0.81582564,-0.0671995,0.11479869,0.4868203,0.420901,1.0065193,0.33451393,0.24639937,1.0290291,0.30305955,1.6432984,0.58778524,-0.809017,-0.8660254,0.5,0.8660254,-0.5,0.0,1.0,0.0,0.0,0.0
2025-10-02 04:00:00,1.0,0.73005664,0.9642002,-0.44133377,0.30239883,0.78845775,0.64594024,-0.4990818,-0.15088148,-0.18449478,-0.45193017,-0.31591028,0.02670829,1.006129,1.1612499,0.10642005,0.49232745,0.70239186,0.57808256,1.1618868,1.1980871,0.6313807,1.3622224,0.95528746,1.6549685,0.58778524,-0.809017,-0.8660254,0.5,1.2246469e-16,-1.0,0.0,1.0,0.0,0.0,0.0
2025-10-02 08:00:00,1.0,0.52934533,0.8724086,-0.032508902,0.1470426,0.55918473,-0.9732653,-0.4990818,-0.28795344,0.031092355,-0.28196815,-0.23691599,0.30252028,1.2903521,1.378885,0.3181845,0.58969337,0.66329944,0.6100059,1.0726618,1.6286572,0.85964286,1.5497142,0.81996703,1.572558,-0.58778524,-0.809017,-0.8660254,0.5,0.8660254,0.5,1.0,0.0,0.0,0.0,0.0
2025-10-02 12:00:00,1.0,0.6646459,1.401177,0.04975574,-1.2608256,-0.19037634,-0.08176524,0.52299565,-0.14064638,-0.17314541,-0.41217825,-0.3706201,0.08174795,1.615846,1.6409106,0.6104837,0.5913749,0.9830442,0.82213736,1.1153708,1.9472885,1.1789097,1.8368309,-0.057856534,1.6248485,-0.58778524,-0.809017,-0.8660254,0.5,0.8660254,-0.5,0.0,1.0,0.0,0.0,0.0
2025-10-03 04:00:00,1.0,0.4679744,0.94976556,0.9999985,-1.1473415,-0.1960471,0.5364691,-0.50463974,-0.10425344,-0.31464225,-0.5128051,-0.4819549,-0.060927868,1.7853597,1.7809252,0.8728106,1.2356501,1.1885166,1.0234509,1.3998413,1.9081001,1.3540349,2.0088997,-0.02643309,1.5067172,-0.58778524,-0.809017,-0.8660254,0.5,1.2246469e-16,-1.0,0.0,1.0,0.0,0.0,0.0
2025-10-03 08:00:00,1.0,0.12718445,0.10956086,0.14239232,1.8063456,-1.0875472,-0.95687085,-0.50463974,0.10816784,-0.88554627,-0.9449059,-0.8324249,-0.7373931,1.7742782,1.7602862,1.0999397,1.1436784,1.0353956,0.58289135,1.4081898,1.7298626,1.4626015,2.1019459,-1.6938505,2.004541,-0.95105654,0.309017,-0.8660254,0.5,0.8660254,0.5,1.0,0.0,0.0,0.0,0.0
2025-10-03 12:00:00,1.0,-0.6299467,-1.415318,-0.8352315,-0.598308,-0.31284687,0.26101708,0.64205,-0.21292986,-0.9630791,-1.0400585,-0.92802227,-0.80184287,1.1681908,1.3446318,0.93653524,0.5241692,0.82868975,0.47451013,1.2530218,1.1355941,1.0257629,1.6824791,-0.38436508,1.796128,-0.95105654,0.309017,-0.8660254,0.5,0.8660254,-0.5,0.0,1.0,0.0,0.0,0.0
2025-10-06 04:00:00,1.0,-0.28082854,-0.55235386,-1.1807755,1.8999702,0.10712149,2.281224,-0.5129119,-0.070507936,-0.82598245,-0.9790048,-0.9240307,-0.5864378,0.9147816,1.1563206,0.647405,0.15956065,0.6058146,0.4503831,1.6016344,0.8642727,0.7948449,1.435675,0.18278863,1.3490968,-0.95105654,0.309017,-0.8660254,0.5,1.2246469e-16,-1.0,0.0,1.0,0.0,0.0,0.0
2025-10-06 08:00:00,1.0,-0.12674524,-0.6294135,-0.16443521,0.67364204,-0.70762134,-1.0318657,-0.5129119,0.08270832,-1.0272511,-1.1648803,-1.1143968,-0.804521,0.78433955,1.0520911,0.40097785,-0.20077872,0.31028908,0.9404593,1.3291429,0.6847526,0.6465465,1.3349513,-0.9781211,0.17026564,0.0,1.0,-0.8660254,0.5,0.8660254,0.5,1.0,0.0,0.0,0.0,0.0
2025-10-06 12:00:00,1.0,0.5086063,1.3252109,-0.9218003,-0.31381243,-0.2854583,-0.3726721,0.07062838,-0.098957404,-1.1132494,-1.2950794,-1.3027015,-0.83611953,1.0804511,1.259091,0.3385375,-0.18618083,0.8443021,0.86623526,1.6493399,0.92635083,0.90131897,1.530127,-0.63447773,1.061501,0.0,1.0,-0.8660254,0.5,0.8660254,-0.5,0.0,1.0,0.0,0.0,0.0
2025-10-07 04:00:00,4.0,0.122737125,0.31727952,1.0556356,0.24084884,-0.2460468,-0.0056936736,-0.5154339,-0.098957404,-1.1559607,-1.379169,-1.4445584,-0.8353858,1.1238666,1.2749801,0.2896069,-0.1894972,0.7727867,1.0559516,1.3267212,0.8990344,0.8811633,1.5183961,-0.49742854,0.23804604,0.0,1.0,-0.8660254,0.5,1.2246469e-16,-1.0,0.0,1.0,0.0,0.0,0.0
2025-10-07 08:00:00,4.0,1.0757881,0.60991114,0.08354923,0.40950295,-0.014928044,-1.0010339,-0.5154339,1.5357492,-0.72789216,-1.117706,-1.3505172,-0.17516701,1.6576475,1.697586,0.49220133,0.5895381,0.8895598,1.3185269,1.8902967,1.4121826,1.3379475,1.8354876,-0.18483819,0.6249306,0.95105654,0.309017,-0.8660254,0.5,0.8660254,0.5,1.0,0.0,0.0,0.0,0.0
2025-10-07 12:00:00,3.0,0.39337492,1.2342395,-1.2777123,0.23808505,-0.61738926,-0.18410662,0.213109,-0.1059708,-0.9805701,-1.3208164,-1.5835825,-0.4663721,1.7697183,1.7882068,0.7388371,0.8902196,0.8344154,1.2290615,1.786962,1.3816719,1.4923695,1.9601389,-1.0936534,0.5581426,0.95105654,0.309017,-0.8660254,0.5,0.8660254,-0.5,0.0,1.0,0.0,0.0,0.0
2025-10-08 04:00:00,1.0,-0.18883403,-0.57737136,0.5305013,0.27714464,-0.9840389,0.94366556,-0.5149066,-0.17556234,-1.2410979,-1.5402329,-1.8214488,-0.79114896,1.5516841,1.6234602,0.79619926,0.8567279,0.52557725,1.2136177,1.6823117,1.0947899,1.2995666,1.8322277,-1.491366,1.1752415,0.95105654,0.309017,-0.8660254,0.5,1.2246469e-16,-1.0,0.0,1.0,0.0,0.0,0.0
2025-10-08 08:00:00,4.0,0.99748933,1.3432298,-0.9534018,-0.36084816,1.8138806,-0.99727684,-0.5149066,-0.094948515,-0.7536623,-1.2109395,-1.6441119,-0.053986877,1.9024383,1.9287221,0.926264,1.0667475,0.7019998,1.5069845,1.3259248,1.4253485,1.5998106,1.994894,0.98311895,0.3663857,0.58778524,-0.809017,-0.8660254,0.5,0.8660254,0.5,1.0,0.0,0.0,0.0,0.0
2025-10-08 12:00:00,4.0,-0.25418723,-0.4419924,0.40609086,0.829416,0.824259,0.039928995,0.43686733,-0.1328605,-0.61370134,-1.0714035,-1.5325321,0.12363559,1.6370081,1.7294309,0.87386084,0.89648664,0.5675941,1.2678576,1.6832868,1.1149426,1.2725314,1.7084612,0.53688776,0.7314192,0.58778524,-0.809017,-0.8660254,0.5,0.8660254,-0.5,0.0,1.0,0.0,0.0,0.0
2025-10-09 04:00:00,4.0,-0.10036799,-0.18121769,0.8917671,1.0028895,-1.2430265,1.3557557,-0.51167804,-0.058897074,-0.9672356,-1.2943362,-1.6869534,-0.35355872,1.575027,1.6600026,0.81991965,0.38102475,0.77083,1.2596582,2.569423,0.9719481,1.1845834,1.6648309,-1.517818,0.6319483,0.58778524,-0.809017,-0.8660254,0.5,1.2246469e-16,-1.0,0.0,1.0,0.0,0.0,0.0
2025-10-09 08:00:00,4.0,-0.69689536,-1.8066274,-0.92685264,-1.177109,1.2411674,-1.0403591,-0.51167804,0.8987776,-0.6626535,-1.0525224,-1.4586082,0.098511025,1.0636344,1.3253859,0.4510851,-0.066053785,0.6601115,0.9951176,2.4326904,0.5982503,0.6956637,1.2618128,0.7617753,0.13023621,-0.58778524,-0.809017,-0.8660254,0.5,0.8660254,0.5,1.0,0.0,0.0,0.0,0.0
2025-10-09 12:00:00,4.0,0.6831381,1.0826018,-1.1822166,0.45541638,1.0776374,-0.201381,0.22796264,-0.09373803,-0.4815526,-0.9110969,-1.359137,0.39683208,1.3447981,1.5337652,0.34236246,0.2967501,0.92224765,0.9649686,2.4407492,0.835548,0.92862374,1.3737763,0.6253906,0.522138,-0.58778524,-0.809017,-0.8660254,0.5,0.8660254,-0.5,0.0,1.0,0.0,0.0,0.0
2025-10-10 04:00:00,4.0,-0.11567382,-0.08511133,0.8911629,1.0968198,0.10012227,0.5238508,-0.5028732,-0.13218355,-0.5238789,-0.9032943,-1.3310351,0.31206256,1.31596,1.4941779,0.2123001,-0.22312425,0.7118407,1.2124455,2.5925002,0.7498667,0.78479934,1.2916609,0.04965171,0.33243504,-0.58778524,-0.809017,-0.8660254,0.5,1.2246469e-16,-1.0,0.0,1.0,0.0,0.0,0.0
2025-10-10 08:00:00,3.0,-0.18853426,-0.95424676,-0.44636226,0.4920472,-0.89316475,-1.0287966,-0.5028732,0.32757112,-0.7833877,-1.0557857,-1.4244136,-0.111769535,1.2245946,1.41672,0.046874687,-0.19001865,0.62060636,1.0824877,2.312114,0.63032293,0.6390469,1.2258992,-0.9547493,0.50979894,-0.95105654,0.309017,-0.8660254,0.5,0.8660254,0.5,1.0,0.0,0.0,0.0,0.0
2025-10-10 12:00:00,4.0,0.18305767,0.95529073,-0.9165357,0.4532126,-1.3918241,-0.21409872,0.16645503,-0.09201798,-1.116394,-1.2897215,-1.5966989,-0.6497569,1.3192016,1.4729263,-0.046778407,-0.060564708,0.27990097,0.9216651,2.1913269,0.6958198,0.7255772,1.3292463,-1.612172,0.4681444,-0.95105654,0.309017,-0.8660254,0.5,0.8660254,-0.5,0.0,1.0,0.0,0.0,0.0
2025-10-13 04:00:00,4.0,-2.9065697,-1.9431442,-1.2915512,-1.2403282,3.0,1.2117974,-0.494727,-0.13089429,0.71804017,0.06137905,-0.48464453,1.8158039,-0.7083065,0.08058464,-0.99236166,-1.1626948,-0.8979937,0.0033400655,1.5074122,-1.2652698,-0.9565626,0.009794601,1.6264861,2.820197,-0.95105654,0.309017,-0.8660254,0.5,1.2246469e-16,-1.0,0.0,1.0,0.0,0.0,0.0
2025-10-13 08:00:00,4.0,0.40734884,0.6910376,0.91456974,-0.7593077,-0.117842406,-0.9983446,-0.494727,0.10006689,0.29115355,-0.13401745,-0.606078,1.1585919,-0.45920426,0.24890816,-1.4519788,-1.2646071,-0.69581515,-0.08705505,1.5663452,-0.9829444,-0.78075546,0.14297034,-0.07106161,1.9605383,0.0,1.0,-0.8660254,0.5,0.8660254,0.5,1.0,0.0,0.0,0.0,0.0
2025-10-13 12:00:00,4.0,-0.88650155,-1.435223,-0.93961805,-0.2503316,0.28279135,-0.28311265,0.103167824,-0.17321813,0.2045037,-0.104371846,-0.5218488,0.90775704,-0.9147681,-0.12782532,-1.9130309,-1.6080348,-1.484923,-0.49048492,1.4928288,-1.5217115,-1.2280167,-0.17467998,0.4723925,2.0729108,0.0,1.0,-0.8660254,0.5,0.8660254,-0.5,0.0,1.0,0.0,0.0,0.0
2025-10-14 04:00:00,4.0,0.04155866,0.24511716,0.5403894,0.7582883,-0.1118226,0.012521771,-0.48454446,-0.17289078,-0.028461436,-0.22353475,-0.5875653,0.5553447,-0.889081,-0.10673273,-2.1420102,-1.507204,-1.47973,-0.5498454,1.9474134,-1.4215118,-1.2232312,-0.16373743,0.027173856,1.8358377,0.0,1.0,-0.8660254,0.5,1.2246469e-16,-1.0,0.0,1.0,0.0,0.0,0.0
2025-10-14 08:00:00,4.0,-0.703085,-1.0427325,-0.50534415,0.41805032,0.1721773,-0.95253277,-0.48454446,-0.23455024,-0.047960583,-0.19615728,-0.5234764,0.4566793,-1.287656,-0.43494233,-2.3432667,-1.8937658,-1.7407517,-0.57755804,1.7382269,-1.7948092,-1.6154305,-0.44465524,0.3861202,1.3431224,0.95105654,0.309017,-0.8660254,0.5,0.8660254,0.5,1.0,0.0,0.0,0.0,0.0
2025-10-14 12:00:00,4.0,-0.033494066,0.024947742,1.5857882,0.18504207,0.30690667,1.3011191,1.0490003,-0.15573786,-0.025623573,-0.16145957,-0.4787326,0.453816,-1.3327777,-0.47321916,-2.351494,-0.55290693,-1.4970832,-0.5146815,1.7681906,-1.743223,-1.6583164,-0.49297157,0.6617806,1.2844741,0.95105654,0.309017,-0.8660254,0.5,0.8660254,-0.5,0.0,1.0,0.0,0.0,0.0
2025-10-15 04:00:00,4.0,0.9545726,1.0878744,-1.297449,0.33831412,1.0948793,1.3613775,-0.48768628,-0.07686456,0.33094716,0.08784116,-0.3098078,0.9142785,-0.63319033,0.048838057,-1.9597988,-0.3243489,-1.4378316,-0.17646734,2.2905138,-1.1157069,-1.1468134,-0.15151528,1.3376935,1.2207136,0.95105654,0.309017,-0.8660254,0.5,1.2246469e-16,-1.0,0.0,1.0,0.0,0.0,0.0
2025-10-15 08:00:00,4.0,0.3336406,1.3090733,-0.34698296,-1.2518847,-0.33449948,-1.1414461,-0.48768628,-0.73242825,0.045261398,-0.08092571,-0.42134574,0.52543426,-0.36912757,0.2391825,-1.6256876,0.25925317,-1.2528734,-0.2888128,1.3967545,-0.8799395,-0.9541897,-0.020201068,-0.26030767,1.1364769,0.58778524,-0.809017,-0.8660254,0.5,0.8660254,0.5,1.0,0.0,0.0,0.0,0.0
2025-10-15 12:00:00,4.0,-0.93883437,-1.4926417,-0.31360942,-0.79141307,-0.031074446,-0.1782766,0.15381682,-0.0003390374,0.013195521,-0.06752664,-0.370214,0.41409636,-0.9486876,-0.25995412,-1.5062327,-0.14602882,-1.500284,-0.68156576,1.4939876,-1.3914319,-1.4273092,-0.42451915,0.35781428,1.066856,0.58778524,-0.809017,-0.8660254,0.5,0.8660254,-0.5,0.0,1.0,0.0,0.0,0.0
2025-10-16 04:00:00,4.0,1.005795,1.3720163,-0.58439386,-1.2196952,0.2535558,1.2123605,-0.47313175,-0.09199168,0.075389154,-0.041270647,-0.37521523,0.5150776,-0.239345,0.3140874,-1.1368259,0.6096749,-1.2101725,-0.8708729,1.5393473,-0.6696317,-0.7912997,-0.013950067,0.9388583,1.0577126,0.58778524,-0.809017,-0.8660254,0.5,1.2246469e-16,-1.0,0.0,1.0,0.0,0.0,0.0
2025-10-16 08:00:00,4.0,-0.39276424,1.1010469,-0.90726113,-0.20903766,0.5719803,-1.1292282,-0.47313175,-3.0,0.56679255,0.30710852,-0.12024291,1.0147231,-0.4418839,0.11872805,-0.9117893,0.49675998,-0.084236205,-1.203408,0.73774874,-0.79828626,-0.8900337,-0.21929911,1.2412584,0.95626336,-0.58778524,-0.809017,-0.8660254,0.5,0.8660254,0.5,1.0,0.0,0.0,0.0,0.0
2025-10-16 12:00:00,1.0,-0.05367023,-0.18331535,-0.1386429,2.3905807,-1.0870848,-0.15528943,0.18057193,0.12968001,-0.14635876,-0.11572558,-0.3849889,0.14773391,-0.43065923,0.109423935,-0.78909326,0.003197893,-0.27854282,-1.1339377,0.42351454,-0.74684834,-0.85381293,-0.21785782,-1.4642842,0.9165743,-0.58778524,-0.809017,-0.8660254,0.5,0.8660254,-0.5,0.0,1.0,0.0,0.0,0.0
2025-10-17 04:00:00,1.0,0.013961535,-0.11549842,2.9337847,-1.1011994,0.7350227,1.7563587,-0.4582576,0.13076909,0.4350586,0.25856912,-0.14639981,0.7366152,-0.38181394,0.13283516,-0.6457367,-0.15785955,0.11325425,-1.6195382,0.25385305,-0.6294269,-0.732052,-0.2638849,1.3554544,1.1314856,-0.58778524,-0.809017,-0.8660254,0.5,1.2246469e-16,-1.0,0.0,1.0,0.0,0.0,0.0
2025-10-17 08:00:00,1.0,-2.6309242,-0.75664675,-1.2937695,1.934275,-0.43575707,-1.0798396,-0.4582576,-3.0,2.5801952,1.9143981,1.0279372,2.381472,-1.9129406,-1.3187739,-0.9427566,-0.977856,-0.83537126,-2.3374949,-0.19389641,-1.9511373,-1.6997823,-1.2656753,-0.18392345,1.1641098,-0.95105654,0.309017,-0.8660254,0.5,0.8660254,0.5,1.0,0.0,0.0,0.0,0.0
2025-10-17 12:00:00,1.0,0.829766,1.0450292,-0.74114066,-0.051971868,-0.18579525,1.2003841,1.7204989,0.20548743,1.7980427,1.590869,0.886669,1.5900432,-1.2955713,-0.83360964,-1.0103922,-1.1547337,-0.23717839,-1.9494294,-0.028840693,-1.3179526,-1.2302389,-0.9659444,0.33531988,0.985866,-0.95105654,0.309017,-0.8660254,0.5,0.8660254,-0.5,0.0,1.0,0.0,0.0,0.0
2025-10-20 04:00:00,4.0,0.5548482,0.5697755,-0.1578382,0.4678542,-0.05720406,1.0524033,-0.5678581,0.25706053,1.3072287,1.3530818,0.79805255,1.0946884,-0.9002814,-0.51394373,-0.91306204,-0.66611093,-0.0132530555,-1.4666356,0.13165718,-0.8789427,-0.88970935,-0.76060593,0.66233414,1.0612803,-0.95105654,0.309017,-0.8660254,0.5,1.2246469e-16,-1.0,0.0,1.0,0.0,0.0,0.0
2025-10-20 08:00:00,4.0,1.0748205,-0.48808965,0.22393283,1.1496067,-1.1507528,-1.1732916,-0.5678581,2.665378,0.9568648,1.1446573,0.6878772,0.761259,-0.24598587,0.06093129,-0.5838021,-0.082882226,-0.063847855,-1.3704332,0.6703729,-0.10095103,-0.29303142,-0.38370258,-1.5852219,1.0013112,0.0,1.0,-0.8660254,0.5,0.8660254,0.5,1.0,0.0,0.0,0.0,0.0
2025-10-20 12:00:00,4.0,0.6765435,1.2749668,-0.1348723,-1.331631,-0.46257716,-0.10817048,0.46359003,-0.04274513,0.34669322,0.6925086,0.41770723,0.18931901,0.14264429,0.41972145,-0.18483812,0.26718226,0.070123225,-1.1053433,0.7168594,0.51047796,0.13653253,-0.114264965,-0.3817618,1.0193269,0.0,1.0,-0.8660254,0.5,0.8660254,-0.5,0.0,1.0,0.0,0.0,0.0
2025-10-21 04:00:00,4.0,1.8722167,1.2750262,-0.8727716,-0.6641987,1.6825507,2.664896,-0.5611397,0.1130507,1.3555815,1.4029139,0.8657978,1.1946927,1.017854,1.3223444,0.46934336,2.5596178,1.3293301,-0.43825752,1.1583314,1.7692283,0.99100655,0.5088916,1.617356,1.221967,0.0,1.0,-0.8660254,0.5,1.2246469e-16,-1.0,0.0,1.0,0.0,0.0,0.0
2025-10-21 08:00:00,4.0,-0.77645135,-0.5566261,-0.55441296,1.877825,-0.6832918,-1.0576489,-0.5611397,-0.9853604,1.0113009,1.2309245,0.8731243,0.7825159,0.54739356,0.87739223,0.7298766,1.7030774,0.5282335,-0.75079876,0.93657076,1.3503875,0.70332515,0.19095151,-0.638708,1.0888593,0.95105654,0.309017,-0.8660254,0.5,0.8660254,0.5,1.0,0.0,0.0,0.0,0.0
2025-10-21 12:00:00,4.0,0.26050496,0.6765054,0.06918625,-0.14059077,-0.98887855,-0.22677991,0.40648022,-0.008355082,0.21517473,0.62402654,0.4905534,-0.0062624123,0.6895045,1.0119859,0.97652864,1.5315,0.807319,0.4932143,0.8710341,1.2695264,0.8705916,0.34411275,-0.8699703,-0.03417806,0.95105654,0.309017,-0.8660254,0.5,0.8660254,-0.5,0.0,1.0,0.0,0.0,0.0
2025-10-22 04:00:00,4.0,0.8584867,0.838908,-0.36100394,-0.13962531,0.989274,1.8054134,-0.55649817,0.09416736,0.48825184,0.7563619,0.5702589,0.3161586,1.071284,1.4055891,1.2111002,1.4195267,1.2053647,0.6032572,1.0495756,1.4363567,1.2134657,0.64213115,1.1133547,0.26983553,0.95105654,0.309017,-0.8660254,0.5,1.2246469e-16,-1.0,0.0,1.0,0.0,0.0,0.0
2025-10-22 08:00:00,4.0,-1.2772222,-1.4594091,-1.1252847,0.22418459,1.7766932,-1.0494804,-0.55649817,0.6381242,1.3084805,1.407194,1.1392591,1.0381758,0.2563673,0.645088,0.95504105,0.45016998,0.6261867,0.5451269,0.8353299,0.65657735,0.46985862,-0.014476464,1.4270685,-0.4275291,0.58778524,-0.809017,-0.8660254,0.5,0.8660254,0.5,1.0,0.0,0.0,0.0,0.0
2025-10-22 12:00:00,4.0,0.7644723,1.0663557,-0.64249957,-0.39674518,-0.38667676,-0.024239097,0.9486754,0.12798727,0.72995543,0.99490404,0.86526597,0.44776937,0.6206775,1.0004897,0.9927736,-0.09821374,2.0337193,0.79263747,0.5590324,0.90346134,0.81607217,0.3081545,-0.058133043,-0.5397537,0.58778524,-0.809017,-0.8660254,0.5,0.8660254,-0.5,0.0,1.0,0.0,0.0,0.0
2025-10-23 04:00:00,1.0,-1.084558,-1.5225365,-0.22992423,-0.9324543,0.17934413,1.9545381,-0.5702168,0.12855832,0.68401635,1.0012861,0.968806,0.30896476,-0.003969951,0.39454052,0.71202654,-0.25132927,1.2020842,0.7384983,0.42415422,0.32964796,0.24954706,-0.16404496,0.821681,0.7619041,0.58778524,-0.809017,-0.8660254,0.5,1.2246469e-16,-1.0,0.0,1.0,0.0,0.0,0.0
2025-10-23 08:00:00,4.0,-2.9254832,-1.344318,0.6802186,-1.334109,3.0,-1.0163052,-0.5702168,1.7092294,3.0,3.0,3.0,3.0,-1.4309648,-1.1511947,-0.17152002,-1.8997959,-0.37659827,-0.31721273,-0.18917976,-1.2233448,-1.0021826,-1.3281006,1.6867261,2.0232353,-0.58778524,-0.809017,-0.8660254,0.5,0.8660254,0.5,1.0,0.0,0.0,0.0,0.0
2025-10-23 12:00:00,4.0,1.58967,0.9427166,-0.8651045,0.06908843,0.760942,2.2169585,3.0,0.14942144,3.0,3.0,3.0,3.0,-0.6601555,-0.38700053,-0.30983183,-1.4892411,-0.10507327,-0.13937233,0.69472146,-0.37843478,-0.44131523,-0.86397225,1.5671706,1.1574229,-0.58778524,-0.809017,-0.8660254,0.5,0.8660254,-0.5,0.0,1.0,0.0,0.0,0.0
2025-10-24 04:00:00,4.0,2.5859654,0.8813789,-0.83815235,0.20401469,2.0477543,2.3980722,-0.5515862,0.0460789,3.0,3.0,3.0,3.0,0.395964,0.79554415,0.024846764,0.51147467,0.84419584,0.75898385,1.1311853,0.95153654,0.3493706,-0.1970475,1.5917059,1.1803851,-0.58778524,-0.809017,-0.8660254,0.5,1.2246469e-16,-1.0,0.0,1.0,0.0,0.0,0.0
2025-10-24 08:00:00,4.0,-1.1379838,-1.5905582,-1.1282637,-0.03974395,-0.2353005,-0.93960303,-0.5515862,0.10396463,3.0,3.0,3.0,2.2706654,-0.11509009,0.21961012,0.05174645,-0.47056338,-0.49483833,0.6511678,1.0233812,0.296702,-0.026066333,-0.5161875,0.90185666,0.9265114,-0.95105654,0.309017,-0.8660254,0.5,0.8660254,0.5,1.0,0.0,0.0,0.0,0.0
2025-10-24 12:00:00,4.0,-0.0053613596,-0.026407095,1.2053573,0.60899585,-0.5476298,0.4776886,2.6439788,0.003993629,2.1048858,2.6956887,2.9480727,1.2014959,-0.09053505,0.24207368,0.06763477,0.05748461,-0.16614446,0.2788003,0.98864436,0.26077482,-0.00933994,-0.49252495,-0.21415326,0.7854262,-0.95105654,0.309017,-0.8660254,0.5,0.8660254,-0.5,0.0,1.0,0.0,0.0,0.0
2025-10-27 08:00:00,4.0,-2.242185,-1.8294379,-0.68502074,-1.3688337,0.53585374,1.138872,-0.5522086,0.053306095,2.3021727,2.8339982,3.0,1.250042,-1.0881065,-0.94792604,-0.31525436,0.329076,-1.382374,-0.5211775,0.16872248,-0.976795,-0.8329702,-1.2360172,1.3934386,-0.2952401,-0.95105654,0.309017,-0.8660254,0.5,1.2246469e-16,-1.0,0.0,1.0,0.0,0.0,0.0
2025-10-27 12:00:00,4.0,0.3682945,0.41370013,0.686946,-0.01367061,-0.6279391,-0.7582431,-0.5522086,0.2576012,1.5061812,2.2011611,2.6133926,0.42917454,-0.88661444,-0.7481875,-0.5053705,-0.29489413,-1.5404588,-0.35393453,0.34514168,-0.7574379,-0.699089,-1.1038977,-0.34484893,-0.20474751,0.0,1.0,-0.8660254,0.5,0.8660254,-0.5,0.0,1.0,0.0,0.0,0.0
2025-10-27 16:00:00,4.0,-0.40463337,-0.93613344,0.19586864,0.294257,-0.6084134,0.070410095,-0.53038144,0.20213193,0.96445847,1.7542547,2.2558594,-0.19836618,-1.0320481,-0.9479121,-0.7001761,-1.91607,-1.1852939,-0.53708774,0.27536017,-0.9653372,-0.8594355,-1.2320808,-0.48169675,-0.34665996,0.0,1.0,-0.8660254,0.5,1.2246469e-16,-1.0,0.0,1.0,0.0,0.0,0.0
2025-10-28 08:00:00,4.0,0.28979695,1.2130533,-0.48736,-1.0354964,-1.0248611,-0.78221524,-0.53038144,0.099417046,0.18670006,1.1159542,1.7316844,-1.0873215,-0.8486123,-0.7716723,-0.7824579,-1.120547,-1.3547155,0.5238294,0.18712474,-0.87261504,-0.7878284,-1.0955752,-1.8429397,-1.1224005,0.0,1.0,-0.8660254,0.5,-0.8660254,-0.5,0.0,0.0,1.0,0.0,0.0
2025-10-28 12:00:00,4.0,-0.4190307,-0.104268536,1.0217237,1.0883589,-0.6372668,-0.62570685,-0.53038144,-0.9593178,-0.080925204,0.82016397,1.4858325,-1.3860394,-1.0106914,-0.98546875,-0.88015234,-1.3326248,-1.1104251,0.045497067,0.09290504,-1.1982427,-1.0092431,-1.2469122,-0.6701942,-0.7882907,0.95105654,0.309017,-0.8660254,0.5,0.8660254,-0.5,0.0,1.0,0.0,0.0,0.0
2025-10-28 16:00:00,4.0,0.08705401,-0.007694836,-0.35941407,2.131891,-0.7688333,0.1735628,-0.5127217,0.20663631,-0.42060474,0.459966,1.1743342,-1.7510084,-0.917321,-0.90907234,-0.90151715,-0.043850146,0.23310585,-0.12049003,-0.00088957866,-1.1589954,-0.9848321,-1.1854588,-1.286057,-0.80026096,0.95105654,0.309017,-0.8660254,0.5,1.2246469e-16,-1.0,0.0,1.0,0.0,0.0,0.0
2025-10-29 08:00:00,1.0,-0.5021691,-1.5098219,-1.1834952,-0.070166215,-0.83493954,-0.7327188,-0.5127217,0.053947374,-0.71935123,0.1314346,0.9042504,-2.0480294,-1.1229056,-1.1614271,-1.0052925,-0.5250192,-0.7007459,-0.72779655,-0.43692824,-1.4346149,-1.2412899,-1.3914962,-1.4133434,-0.70403874,0.95105654,0.309017,-0.8660254,0.5,-0.8660254,-0.5,0.0,0.0,1.0,0.0,0.0
2025-10-29 12:00:00,1.0,-1.8488623,-1.4039173,-0.5299302,-0.54854333,-0.102618776,-0.3938722,-0.5127217,-1.6865097,-0.013529035,0.52720857,1.2007792,-1.0630211,-1.8740114,-2.0946317,-1.3183274,-1.3195152,-2.627612,-1.7546486,-0.7073982,-2.2295253,-1.9788549,-2.094236,1.0854454,-0.49131566,0.58778524,-0.809017,-0.8660254,0.5,0.8660254,-0.5,0.0,1.0,0.0,0.0,0.0
2025-10-29 16:00:00,1.0,-2.1601532,-1.7556055,-0.9888797,-1.2795153,0.43010616,0.8129235,-0.4916918,0.034099303,0.7234882,1.0182478,1.5818783,-0.22003843,-2.4542942,-2.8888829,-1.7819264,-2.564292,-2.9264708,-3.0,-1.6414264,-2.5007217,-2.5415082,-2.666541,1.288269,-1.0994519,0.58778524,-0.809017,-0.8660254,0.5,1.2246469e-16,-1.0,0.0,1.0,0.0,0.0,0.0
2025-10-30 08:00:00,1.0,0.15209115,0.50143,-0.43467367,1.147012,-1.0725194,-0.75303996,-0.4916918,0.08832583,-0.07534439,0.44918975,1.1410849,-1.132728,-2.2376032,-2.6148841,-2.1666102,-2.1770434,-2.6805172,-2.6267712,-1.8859416,-1.9400142,-2.4206464,-2.5790293,-1.8511634,-1.0758203,0.58778524,-0.809017,-0.8660254,0.5,-0.8660254,-0.5,0.0,0.0,1.0,0.0,0.0
2025-10-30 12:00:00,1.0,0.32377565,0.2787201,2.281034,-0.78335005,-0.75513566,-0.7174447,-0.4916918,0.4127957,-0.40022153,0.14210373,0.86808586,-1.4390377,-1.9619496,-2.301393,-2.1783226,-1.9885269,-1.6311026,-2.446944,-1.9800702,-1.552463,-2.1408482,-2.364103,-1.2873075,-1.472279,-0.58778524,-0.809017,-0.8660254,0.5,0.8660254,-0.5,0.0,1.0,0.0,0.0,0.0
2025-10-30 16:00:00,4.0,0.93848884,0.94922674,-0.1418816,-0.34122398,-0.07722445,0.13839835,-0.46847588,-0.03465539,-0.12052352,0.22577554,0.84362453,-0.946709,-1.408613,-1.7426484,-1.7101964,-1.2645123,-1.3800602,-2.256856,-1.904588,-1.1128309,-1.4657367,-1.8304219,0.9695333,-1.7797295,-0.58778524,-0.809017,-0.8660254,0.5,1.2246469e-16,-1.0,0.0,1.0,0.0,0.0,0.0
2025-10-31 08:00:00,4.0,0.037377696,0.10434769,-0.0643229,1.923834,-1.012098,-0.8271882,-0.46847588,-0.03321047,-0.7572313,-0.27214968,0.45325685,-1.689105,-1.3586895,-1.6674576,-1.5358142,-0.36528948,-1.2115165,-1.8250166,-2.0440738,-0.9912485,-1.4492537,-1.8466598,-1.7252562,-1.7767121,-0.58778524,-0.809017,-0.8660254,0.5,-0.8660254,-0.5,0.0,0.0,1.0,0.0,0.0
2025-10-31 12:00:00,4.0,-0.38696215,0.80161816,0.012752641,-0.07669345,-0.481748,-0.8037438,-0.46847588,-2.2587187,-0.6243858,-0.26741913,0.41489488,-1.4103203,-1.4650137,-1.7610648,-1.2790091,0.54857576,-1.4654435,-2.084275,-2.1738591,-1.0147054,-1.470323,-1.8991004,-0.3234396,-1.6646801,-0.95105654,0.309017,-0.8660254,0.5,0.8660254,-0.5,0.0,1.0,0.0,0.0,0.0
2025-10-31 16:00:00,4.0,-0.5991721,-1.389872,-0.22286235,-0.9831547,-0.5471409,-0.036053695,-0.44382817,-0.04197814,-0.73323786,-0.40629014,0.2860628,-1.4778638,-1.6239011,-1.9132065,-1.2145938,0.16289377,-1.5249078,-1.9266459,-2.0859761,-1.0817996,-1.6470406,-2.067666,-0.818675,-1.8069313,-0.95105654,0.309017,-0.8660254,0.5,1.2246469e-16,-1.0,0.0,1.0,0.0,0.0,0.0
2025-11-03 08:00:00,1.0,0.18411678,0.53292316,-1.1477345,1.7435548,-0.92432076,-0.87031287,-0.44382817,0.117548555,-1.1251503,-0.7672731,-0.03210266,-1.8963255,-1.4757836,-1.7573256,-1.1118472,0.09082879,-1.4639868,-1.043519,-1.871884,-0.9218204,-1.575992,-2.0063431,-1.593718,-2.654359,-0.95105654,0.309017,-0.8660254,0.5,-0.8660254,-0.5,0.0,0.0,1.0,0.0,0.0
2025-11-03 12:00:00,1.0,1.7350769,1.1060579,-0.49794826,-0.58102053,0.740799,-0.52276504,-0.44382817,0.90212333,-0.4018938,-0.38870198,0.109145604,-0.7417316,-0.49885064,-0.88989747,-0.2823191,0.5239277,-0.5905628,-0.91031194,-1.2315251,-0.29637906,-0.42334184,-1.0462573,1.1140422,-2.1186752,0.0,1.0,-0.5,0.8660254,0.8660254,-0.5,0.0,1.0,0.0,0.0,0.0
2025-11-03 16:00:00,1.0,-0.39730838,-0.6835819,1.9636632,-1.0687703,0.40525192,0.4221749,-0.42769438,0.105048396,-0.21117577,-0.26651827,0.16740441,-0.4674244,-0.65860426,-1.0307295,0.099812545,0.29451972,-0.05871719,-1.731143,-1.5305167,-0.36132383,-0.46753952,-1.1210165,0.629048,-2.5744257,0.0,1.0,-0.5,0.8660254,1.2246469e-16,-1.0,0.0,1.0,0.0,0.0,0.0
2025-11-04 08:00:00,4.0,0.24126902,0.86991274,0.07183642,-0.39477575,-0.9214786,-1.0227311,-0.42769438,0.0016430096,-0.7083424,-0.630154,-0.13183044,-1.0628344,-0.5216101,-0.89897954,0.4367266,0.619609,0.8873243,-1.3274622,-1.4785706,-0.20055577,-0.2562921,-1.0288279,-1.4837627,-2.3420033,0.0,1.0,-0.5,0.8660254,-0.8660254,-0.5,0.0,0.0,1.0,0.0,0.0
2025-11-04 12:00:00,4.0,-1.0107329,-0.28172404,0.24589935,1.7082067,-0.014351987,-0.5684024,-0.42769438,-2.3766751,-0.19693391,-0.289166,0.0947331,-0.37460566,-0.9530781,-1.2851605,0.40207458,0.39939195,0.42983407,-1.6238489,-2.115212,-0.5610749,-0.6169581,-1.3112687,0.016994169,-2.2767153,0.95105654,0.309017,-0.5,0.8660254,0.8660254,-0.5,0.0,1.0,0.0,0.0,0.0
2025-11-04 16:00:00,4.0,0.06737406,0.017637067,0.7968524,1.2849939,-0.06052332,0.28418627,-0.40880638,-0.01894802,-0.34824646,-0.3984321,-0.016250208,-0.52971745,-0.92501944,-1.2439073,0.42881837,0.3442635,0.332925,-0.9679722,-2.1424136,-0.47402605,-0.52097386,-1.2808871,-0.42392668,-1.4316318,0.95105654,0.309017,-0.5,0.8660254,1.2246469e-16,-1.0,0.0,1.0,0.0,0.0,0.0
2025-11-05 08:00:00,4.0,0.2642812,0.62210673,-0.6207171,0.9116859,-0.9451192,-0.9125318,-0.40880638,0.24327219,-0.85021126,-0.7792191,-0.33157098,-1.1282868,-0.7709217,-1.1058713,0.5529632,-0.4521723,0.065267794,-0.999508,-1.9354533,-0.29383358,-0.3309168,-1.234739,-1.546221,-1.92337,0.95105654,0.309017,-0.5,0.8660254,-0.8660254,-0.5,0.0,0.0,1.0,0.0,0.0
2025-11-05 12:00:00,4.0,-0.5669082,-0.45015088,0.04512812,1.2633672,-0.53009325,-0.78810674,-0.40880638,-1.1988624,-0.80219537,-0.78761363,-0.37183997,-1.0061642,-1.054602,-1.3373811,0.48179132,-0.55068356,-0.18163992,-1.0754281,-2.3084488,-0.5374618,-0.5899098,-1.4847113,-1.0795056,-1.8407879,0.58778524,-0.809017,-0.5,0.8660254,0.8660254,-0.5,0.0,1.0,0.0,0.0,0.0
2025-11-05 16:00:00,4.0,1.4301054,1.0587858,0.7138367,-1.4173869,1.669614,0.5500469,-0.38628042,0.10576024,-0.058052436,-0.32009035,-0.1338633,0.0586036,-0.15782492,-0.6210892,0.83961433,0.11229294,0.5756207,-0.71924734,-1.7784264,0.35488003,0.38959345,-0.7185199,1.1493467,-1.1528014,0.58778524,-0.809017,-0.5,0.8660254,1.2246469e-16,-1.0,0.0,1.0,0.0,0.0,0.0
2025-11-06 08:00:00,4.0,-0.114249215,-0.7728318,-1.1453347,1.5174197,-0.8511537,-0.82500786,-0.38628042,0.10824887,-0.59486705,-0.6824404,-0.41586006,-0.60709697,-0.22819045,-0.67714286,1.098254,0.6174254,0.77958465,-0.64517784,-1.7463467,0.36771336,0.4123735,-0.8301982,-1.3457708,-1.0918275,0.58778524,-0.809017,-0.5,0.8660254,-0.8660254,-0.5,0.0,0.0,1.0,0.0,0.0
2025-11-06 12:00:00,4.0,-0.7515409,-0.17529318,1.864165,0.4177503,-0.20838675,-0.7760471,-0.38628042,-1.8401283,-0.5008508,-0.61998326,-0.3847374,-0.47178298,-0.66273516,-1.0185827,0.98241925,0.15170103,0.3888337,-0.93419075,-1.7378948,-0.17373236,0.018904094,-1.1623663,-0.6337834,-1.2630829,-0.58778524,-0.809017,-0.5,0.8660254,0.8660254,-0.5,0.0,1.0,0.0,0.0,0.0
2025-11-06 16:00:00,4.0,-2.4118326,-1.84905,-1.0793331,-1.352256,1.9131855,0.79796845,-0.36741382,0.11373342,0.65696126,0.2801136,0.33405983,0.76263225,-1.7454382,-1.9898833,0.19795105,-1.4193913,-1.4468669,-1.6290157,-2.4621923,-2.2310822,-1.1919647,-1.9222716,1.303341,0.018248403,-0.58778524,-0.809017,-0.5,0.8660254,1.2246469e-16,-1.0,0.0,1.0,0.0,0.0,0.0
2025-11-07 08:00:00,4.0,-0.26857236,-1.1018958,-0.27339718,-0.19852997,-0.44643018,-0.18746603,-0.36741382,0.26993003,0.14014995,-0.013716627,0.13444194,0.14538376,-1.8417134,-2.0568929,-0.35195962,-1.2488184,-1.3993065,-1.1682066,-2.4162502,-1.8626146,-1.3597642,-2.0944865,-0.82867885,0.2197955,-0.58778524,-0.809017,-0.5,0.8660254,-0.8660254,-0.5,0.0,0.0,1.0,0.0,0.0
2025-11-07 12:00:00,4.0,-0.5578398,-1.3203633,-0.74270374,-0.38072935,1.0724372,0.789916,-0.36741382,1.8662785,0.57901055,0.35901338,0.4287443,0.56313217,-2.0266283,-2.2101786,-0.7018005,-2.2617617,-1.7398618,-0.6627704,-2.4192317,-1.7185246,-1.5062298,-2.1016097,0.9144391,0.69814026,-0.95105654,0.309017,-0.5,0.8660254,0.8660254,-0.5,0.0,1.0,0.0,0.0,0.0
2025-11-07 16:00:00,4.0,0.0049165473,0.23431441,1.414744,0.26128292,-0.6240143,2.094499,-0.34998277,-0.42803442,-0.0016770195,-0.01822931,0.15720968,-0.086756855,-2.0380123,-2.1833699,-0.98725456,-2.1168706,-1.3023993,-0.7344542,-2.368562,-1.3749048,-1.5924566,-2.2074647,-1.0823027,0.50771296,-0.95105654,0.309017,-0.5,0.8660254,1.2246469e-16,-1.0,0.0,1.0,0.0,0.0,0.0
2025-11-10 08:00:00,4.0,0.12714168,0.023448836,0.21863034,1.717025,-0.9855604,-0.12955384,-0.34998277,0.20392288,-0.6189498,-0.49006778,-0.22029306,-0.7727281,-1.9239948,-2.0529554,-1.1324958,-1.6349068,-1.2605959,-0.80345225,-1.6533496,-1.0840113,-1.6166798,-2.2418537,-1.4534338,0.5252261,-0.95105654,0.309017,-0.5,0.8660254,-0.8660254,-0.5,0.0,0.0,1.0,0.0,0.0
2025-11-10 12:00:00,4.0,1.1222653,-0.2947287,1.6850196,0.049412187,-0.09640094,-0.38546494,-0.34998277,2.8454695,-0.23946466,-0.28291768,-0.14299323,-0.23089024,-1.0777348,-1.4424407,-0.6270182,0.19237754,-0.8934418,-0.7275678,-1.475918,-0.5134793,-0.7607986,-1.5569621,-0.24080682,1.0927771,0.0,1.0,-0.5,0.8660254,0.8660254,-0.5,0.0,1.0,0.0,0.0,0.0
2025-11-10 16:00:00,4.0,-0.90310895,-1.8714268,-1.1728122,-1.3960876,-0.12250949,1.5637997,-0.33420724,0.14842997,-0.3465036,-0.35145617,-0.18060024,-0.3722962,-1.4333359,-1.7077836,-0.5764214,-0.121663935,-1.0346981,-1.0627531,-1.4617355,-0.7779294,-1.2390388,-1.8671716,-0.17801091,0.85415566,0.0,1.0,-0.5,0.8660254,1.2246469e-16,-1.0,0.0,1.0,0.0,0.0,0.0
2025-11-11 08:00:00,4.0,0.22565977,0.7487019,0.66417754,-0.4603972,-1.1527393,-0.91680324,-0.33420724,0.19581111,-0.98118585,-0.8676047,-0.6232965,-1.1110163,-1.2975221,-1.5766647,-0.50714105,0.29399222,-1.5083313,-0.83966196,-1.419018,-0.59968275,-1.205906,-1.9341356,-1.4903108,0.9054806,0.0,1.0,-0.5,0.8660254,-0.8660254,-0.5,0.0,0.0,1.0,0.0,0.0
2025-11-11 12:00:00,4.0,0.48113734,0.3538381,1.930911,-0.7065348,0.13465519,-0.66893303,-0.33420724,0.43248296,-0.8324757,-0.84029526,-0.6773015,-0.83336794,-0.97743666,-1.3286495,-0.13366908,0.54820067,-1.2549944,-0.4550866,-1.1710706,-0.37250566,-0.82422936,-1.6181871,0.34188712,1.0451509,0.95105654,0.309017,-0.5,0.8660254,0.8660254,-0.5,0.0,1.0,0.0,0.0,0.0
2025-11-11 16:00:00,4.0,-0.07949736,-0.41528758,1.5005788,-0.073862545,-0.7250695,0.040617466,-0.3042662,-0.004843591,-1.1031064,-1.0982956,-0.9330002,-1.1399136,-1.0312817,-1.3400553,0.10474825,0.440177,-0.976821,-0.54831666,-1.185764,-0.36331704,-0.9153415,-1.7056755,-0.9929765,1.0355904,0.95105654,0.309017,-0.5,0.8660254,1.2246469e-16,-1.0,0.0,1.0,0.0,0.0,0.0
2025-11-12 08:00:00,4.0,0.45881468,1.0081486,0.38857272,-0.8910396,-0.65136105,-1.1650478,-0.3042662,0.23764054,-1.3068548,-1.332108,-1.2055261,-1.3530416,-0.7260561,-1.1192304,0.50335103,0.093169615,0.22663891,-1.0081428,-1.307167,-0.16133296,-0.5609468,-1.5557878,-1.0106977,1.3946521,0.95105654,0.309017,-0.5,0.8660254,-0.8660254,-0.5,0.0,0.0,1.0,0.0,0.0
2025-11-12 12:00:00,4.0,0.5192965,-0.6173046,0.7706232,-0.02290164,-0.19693112,-0.13669154,-0.3042662,1.6220074,-1.1752317,-1.3129241,-1.2828586,-1.0810784,-0.3819426,-0.87727326,0.9965138,0.8330179,0.54718745,-0.6819819,-1.254501,0.06259921,-0.097488955,-1.245597,-0.4374479,1.418942,0.58778524,-0.809017,-0.5,0.8660254,0.8660254,-0.5,0.0,1.0,0.0,0.0,0.0
2025-11-12 16:00:00,3.0,0.026753569,-0.15172271,2.8992267,-0.99036866,-0.19469477,0.81332266,-0.28733128,0.055062275,-1.1586598,-1.3473485,-1.3764759,-1.0028491,-0.4050527,-0.87319404,1.318039,0.7266609,0.79197973,-0.7587504,-1.0875105,0.09233662,-0.0038753941,-1.1846261,-0.37314874,1.3778614,0.58778524,-0.809017,-0.5,0.8660254,1.2246469e-16,-1.0,0.0,1.0,0.0,0.0,0.0
2025-11-13 08:00:00,3.0,0.06479534,-0.030829871,1.1759745,0.8485848,-0.92051446,-1.1591252,-0.28733128,0.0085028745,-1.4684429,-1.6226853,-1.6690476,-1.4288367,-0.40976617,-0.85977006,1.59629,0.5142328,0.8114099,-0.3738676,-1.2659146,0.13294913,0.035870545,-1.2598796,-1.303167,1.4120028,0.58778524,-0.809017,-0.5,0.8660254,-0.8660254,-0.5,0.0,0.0,1.0,0.0,0.0
2025-11-13 12:00:00,3.0,-0.1265142,-0.113381796,2.150928,-0.49273533,0.38741383,-0.70161676,-0.28733128,-0.33258468,-1.1419903,-1.4232349,-1.5641987,-0.87317926,-0.53391063,-0.91937363,1.5566103,0.4943926,0.7115374,-0.44282487,-1.221652,0.08951785,0.014234055,-1.1615208,0.5995791,1.5659969,-0.58778524,-0.809017,-0.5,0.8660254,0.8660254,-0.5,0.0,1.0,0.0,0.0,0.0
2025-11-13 16:00:00,3.0,0.12805815,0.25261283,1.7681963,-0.53485155,-0.4605929,-0.2847893,-0.27051854,-0.07928133,-1.2396237,-1.5177966,-1.6994659,-0.981716,-0.4924173,-0.87751585,1.6052365,0.3207409,0.3142753,-0.49195933,-1.1758373,0.16348438,0.15516974,-1.0940341,-0.7479761,1.2951791,-0.58778524,-0.809017,-0.5,0.8660254,1.2246469e-16,-1.0,0.0,1.0,0.0,0.0,0.0
2025-11-14 08:00:00,4.0,0.044714794,-0.31016096,0.22529168,1.0774051,-0.9216754,-0.9017769,-0.27051854,0.022279203,-1.4990282,-1.7328182,-1.9264966,-1.3814015,-0.51527554,-0.87380326,1.6783407,0.07159458,0.69527704,-0.27437907,-1.1582959,0.19308592,0.18838316,-1.1753566,-1.273516,1.1234404,-0.58778524,-0.809017,-0.5,0.8660254,-0.8660254,-0.5,0.0,0.0,1.0,0.0,0.0
2025-11-14 12:00:00,4.0,-3.0,-1.7715436,-0.90358496,-1.5080398,2.1534674,1.4629993,-0.27051854,-3.0,0.70750713,-0.041677434,-0.42990205,1.5372163,-2.195737,-2.1312656,0.08878495,-1.9683739,-0.9731383,-2.1403778,-1.5479851,-1.6502131,-1.7400321,-1.7835667,1.4172161,1.1853468,-0.95105654,0.309017,-0.5,0.8660254,0.8660254,-0.5,0.0,1.0,0.0,0.0,0.0
2025-11-14 16:00:00,4.0,1.4967886,1.3668193,-0.30918142,-1.0145963,1.4835587,2.5221999,-0.23835483,-0.13513783,1.0637056,0.34670883,-0.13608566,1.819594,-1.0365956,-1.3276293,-0.10377518,-1.1502007,-0.51198703,-1.4995083,-1.3158977,-0.89170855,-0.55945474,-0.9614122,1.1397895,1.1674869,-0.95105654,0.309017,-0.5,0.8660254,1.2246469e-16,-1.0,0.0,1.0,0.0,0.0,0.0
2025-11-17 08:00:00,4.0,0.026068937,-0.17344554,-0.60157025,2.1113987,-0.5202008,-0.07337108,-0.23835483,-0.024310507,0.4075038,-6.520206e-05,-0.38216996,0.9840275,-1.0414141,-1.3102208,-0.24044982,-1.0625701,-0.46985576,-1.2167131,-1.3814832,-0.9384418,-0.5321084,-1.0436313,-0.6487818,1.1498307,-0.95105654,0.309017,-0.5,0.8660254,-0.8660254,-0.5,0.0,0.0,1.0,0.0,0.0
2025-11-17 12:00:00,4.0,-0.2513075,-1.0685738,-0.7404372,0.0489693,-0.20361309,-0.26251817,-0.23835483,0.23295635,0.045996588,-0.19453059,-0.51142436,0.4967415,-1.1548314,-1.3819175,-0.3694533,-1.2467163,-0.7585114,-0.4536582,-1.5891885,-0.9525351,-0.7088196,-1.1764302,-0.26415583,0.73897326,0.0,1.0,-0.5,0.8660254,0.8660254,-0.5,0.0,1.0,0.0,0.0,0.0
2025-11-17 16:00:00,4.0,-1.1374784,-1.578733,-0.95860314,-1.1288964,0.79275244,0.9646299,-0.21976775,-0.041153792,0.2477842,0.02140506,-0.27312163,0.64059234,-1.5484204,-1.694536,-0.6863184,-1.8357477,-1.4383851,-0.77505934,-1.9110153,-1.3001617,-1.277795,-1.4406099,0.783859,0.7951846,0.0,1.0,-0.5,0.8660254,1.2246469e-16,-1.0,0.0,1.0,0.0,0.0,0.0
2025-11-18 08:00:00,4.0,0.04193129,-0.40421313,-0.9321435,1.645368,-0.3330993,-0.42057392,-0.21976775,0.18019055,-0.13487986,-0.22936916,-0.4669903,0.16813134,-1.5672337,-1.6914076,-0.89559877,0.09998795,-1.4381438,-0.5655209,-2.1542714,-1.0536289,-1.353831,-1.5090687,-0.45693466,0.704746,0.0,1.0,-0.5,0.8660254,-0.8660254,-0.5,0.0,0.0,1.0,0.0,0.0
2025-11-18 12:00:00,4.0,-0.004457054,1.4489231,-0.8630644,-0.4192498,1.1833122,-0.07431467,-0.21976775,-3.0,0.27416015,0.090106934,-0.19056307,0.6239998,-1.58904,-1.6926138,-0.8261724,-0.7565312,-1.4532578,-0.56957173,-1.9979494,-0.87684447,-1.1828848,-1.2807187,1.0065515,0.74717,0.95105654,0.309017,-0.5,0.8660254,0.8660254,-0.5,0.0,1.0,0.0,0.0,0.0
2025-11-18 16:00:00,4.0,-0.26192367,-0.8116651,-0.8032994,0.56962556,0.034480162,0.5825874,-0.20204075,0.20357737,0.098963216,0.0021035124,-0.23328467,0.37799007,-1.7007273,-1.769232,-0.8677596,-0.94120854,-1.5073833,-0.7228082,-2.0514705,-0.8222961,-1.3599105,-1.3909485,0.20122527,0.7561534,0.95105654,0.309017,-0.5,0.8660254,1.2246469e-16,-1.0,0.0,1.0,0.0,0.0,0.0
2025-11-19 08:00:00,4.0,0.28942218,0.664568,0.30657974,0.46462873,-0.7944147,-0.99587065,-0.20204075,0.0011942332,-0.39929804,-0.36988822,-0.5477994,-0.21270667,-1.6291069,-1.7040062,-0.82788146,-0.6507323,-1.4462376,-1.0288067,-2.0895321,-0.58907914,-1.3343663,-1.4687827,-0.8960762,0.5006933,0.95105654,0.309017,-0.5,0.8660254,-0.8660254,-0.5,0.0,0.0,1.0,0.0,0.0
2025-11-19 12:00:00,4.0,0.520081,0.67830735,-0.2380425,0.8801724,0.42205614,-0.14233261,-0.20204075,0.06252474,-0.29618305,-0.33002535,-0.5389666,-0.049784478,-1.2813151,-1.4836664,-0.46519065,0.34565037,-1.2507993,-0.53081185,-1.7800957,-0.28387797,-0.9183377,-1.1854329,0.74659187,0.8066482,0.58778524,-0.809017,-0.5,0.8660254,0.8660254,-0.5,0.0,1.0,0.0,0.0,0.0
2025-11-19 16:00:00,4.0,-0.029030653,-0.5459915,1.700017,-1.3484775,-0.15132987,0.5236978,-0.17782755,0.3172861,-0.40248024,-0.424223,-0.6197194,-0.17407462,-1.3731834,-1.5355803,-0.20506606,0.30477023,0.30646366,-0.6522611,-1.8703614,-0.22115186,-0.9806034,-1.2368767,0.019125966,0.75745416,0.58778524,-0.809017,-0.5,0.8660254,1.2246469e-16,-1.0,0.0,1.0,0.0,0.0,0.0
2025-11-20 08:00:00,4.0,0.39659238,1.1575283,-0.91416746,0.39491943,-1.0105001,-1.0240417,-0.17782755,0.21482009,-0.85076696,-0.79937845,-0.9612606,-0.73397094,-1.130887,-1.3850918,0.1274507,0.54211277,-0.20870522,-0.7086662,-1.6250465,0.012416288,-0.82560587,-1.2793456,-1.116005,0.69928837,0.58778524,-0.809017,-0.5,0.8660254,-0.8660254,-0.5,0.0,0.0,1.0,0.0,0.0
2025-11-20 12:00:00,4.0,0.9188451,0.80316335,0.008853133,0.22304073,-0.20710325,-0.28537357,-0.17782755,1.2588508,-0.801403,-0.8291432,-1.034263,-0.5912567,-0.29859704,-0.894969,0.7697505,1.2173953,0.18135558,-0.30966312,-1.0009562,0.42375883,-0.0026523587,-0.78853166,-0.074226946,0.8141898,-0.58778524,-0.809017,-0.5,0.8660254,0.8660254,-0.5,0.0,1.0,0.0,0.0,0.0
2025-11-20 16:00:00,4.0,0.1881273,0.27721253,2.7655547,-1.4853313,-0.024289712,0.18137468,-0.12909944,-0.028886633,-0.77236056,-0.84848183,-1.0673583,-0.500551,-0.27478927,-0.86666304,1.2396002,1.1410937,0.38427037,-0.42871144,-1.2202675,0.5192799,0.19597305,-0.6797738,0.24963167,0.6932702,-0.58778524,-0.809017,-0.5,0.8660254,1.2246469e-16,-1.0,0.0,1.0,0.0,0.0,0.0
2025-11-21 08:00:00,4.0,-0.103163026,-1.1618752,-1.0250536,0.017347194,-0.70986784,-0.80223745,-0.12909944,0.2270724,-1.0583081,-1.074462,-1.2456224,-0.8255292,-0.45436463,-0.973475,1.5071466,0.7881221,0.9099338,-0.7241052,-1.6743875,0.53104335,0.09560459,-0.8838005,-0.6271639,0.38980892,-0.58778524,-0.809017,-0.5,0.8660254,-0.8660254,-0.5,0.0,0.0,1.0,0.0,0.0
2025-11-21 12:00:00,4.0,0.0010366287,1.0951885,0.39922526,-0.8374858,2.0285397,0.3068676,-0.12909944,-2.5987751,-0.031895526,-0.42858055,-0.77134496,0.631193,-0.5748481,-1.0387719,1.4521074,0.8021315,0.8903828,-0.7824431,-1.5119891,0.5588095,0.37668735,-0.5273062,1.5449193,0.22526398,-0.95105654,0.309017,-0.5,0.8660254,0.8660254,-0.5,0.0,1.0,0.0,0.0,0.0
2025-11-21 16:00:00,4.0,-0.48402366,-0.7833823,0.07710584,-0.22795881,0.53443253,1.9735998,0.45181996,0.020962074,0.20491026,-0.22926442,-0.60629386,0.84390914,-1.0009186,-1.289636,1.2864827,0.320751,0.69553006,-1.0757432,-1.6234211,0.29316643,0.123630464,-0.6940164,1.1276388,0.07111032,-0.95105654,0.309017,-0.5,0.8660254,1.2246469e-16,-1.0,0.0,1.0,0.0,0.0,0.0
2025-11-24 08:00:00,4.0,0.294187,0.30879483,-0.49875706,1.8375382,-1.0441903,-0.88366395,-1.0787832,0.2634703,-0.50875205,-0.6985296,-0.95450014,0.010584278,-0.8736869,-1.2050672,1.2997174,-0.05317858,0.93532187,-0.9044846,-1.1905837,0.41862413,0.33664516,-0.7929537,-0.93948984,0.12209142,-0.95105654,0.309017,-0.5,0.8660254,-0.8660254,-0.5,0.0,0.0,1.0,0.0,0.0
2025-11-24 12:00:00,4.0,1.4085715,-0.014209912,1.6191899,-0.13522735,0.44675085,-0.8431878,-0.41233703,2.6039047,0.49585786,-0.0670625,-0.59948844,1.1393553,0.6585683,-0.36407,1.5123879,0.5702926,1.3546802,-0.32991415,-1.0298257,1.4050627,1.6570406,0.20318724,1.1647079,0.44815463,0.0,1.0,-0.5,0.8660254,0.8660254,-0.5,0.0,1.0,0.0,0.0,0.0
2025-11-24 16:00:00,4.0,-0.15429819,-0.6004519,0.68619484,-0.45037365,-0.1453374,0.3820779,0.89392203,0.16596398,0.27865723,-0.1397157,-0.6415341,0.8242423,0.40289557,-0.49140757,1.6006547,0.5477668,1.039643,-0.4437586,-1.0093547,1.2197268,1.5626929,0.11640035,0.54418594,0.31062353,0.0,1.0,-0.5,0.8660254,1.2246469e-16,-1.0,0.0,1.0,0.0,0.0,0.0
2025-11-25 08:00:00,4.0,0.25903252,0.44251278,1.6846335,-0.771858,-1.3976668,-1.0322483,-1.0409921,0.16665766,-0.686835,-0.83296627,-1.1043922,-0.19263096,0.50066906,-0.43043944,1.7529045,0.6794303,1.1436105,2.0073688,-1.0445304,1.3104968,1.6054288,0.04368507,-1.177405,0.3116835,0.0,1.0,-0.5,0.8660254,-0.8660254,-0.5,0.0,0.0,1.0,0.0,0.0
2025-11-25 12:00:00,4.0,-1.278576,-0.9401358,0.58815295,-1.1786658,0.5979461,-0.37505448,0.33276075,-1.4414964,-0.066965364,-0.34113437,-0.7340333,0.4009921,-0.6121371,-1.0728537,1.276627,0.264467,0.44958425,0.36371195,-1.244496,-0.6171995,0.4913124,-0.5589185,0.85431767,-0.070028685,0.95105654,0.309017,-0.5,0.8660254,0.8660254,-0.5,0.0,1.0,0.0,0.0,0.0
2025-11-25 16:00:00,4.0,0.8392424,0.6868523,0.21673128,0.36447904,1.8602355,1.7918583,0.8563041,0.35954896,0.70763457,0.28838176,-0.3461386,1.1629658,0.23183416,-0.57237417,1.125881,0.55790025,0.3899592,0.9555104,-1.1291218,0.2898216,1.2067863,0.20403124,1.4067309,-0.0069318204,0.95105654,0.309017,-0.5,0.8660254,1.2246469e-16,-1.0,0.0,1.0,0.0,0.0,0.0
2025-11-26 08:00:00,4.0,0.06985997,-0.8592036,-0.30838853,-0.0043149707,-1.4197533,-1.2766893,-1.185476,0.17688887,-0.37856957,-0.4961473,-0.8415107,0.037210677,0.147286,-0.61724347,1.11951,-0.1380424,0.33709723,1.2854488,-1.0408376,-0.070764564,1.1291051,0.0042684893,-1.2242825,-0.04611143,0.95105654,0.309017,-0.5,0.8660254,-0.8660254,-0.5,0.0,0.0,1.0,0.0,0.0
2025-11-26 12:00:00,4.0,0.13851249,-0.6937095,-0.32423216,0.39653733,0.26072875,-0.56167686,0.52221113,0.873986,-0.3260687,-0.4783961,-0.84501207,0.09887084,0.11446457,-0.6160844,1.0490174,0.013898307,0.43962473,2.2864335,-0.6351172,-0.045525014,1.1045794,0.15039071,0.5863781,-0.05303519,0.58778524,-0.809017,-0.5,0.8660254,0.8660254,-0.5,0.0,1.0,0.0,0.0,0.0
2025-11-26 16:00:00,4.0,0.9456328,1.3261021,-0.28710803,-0.6515284,0.8537533,1.8309615,1.4409318,-0.03547734,0.03766451,-0.22800918,-0.7546293,0.50740284,1.1597209,0.050255112,1.1772126,0.36510542,0.826646,2.7413948,0.063762635,1.7868627,1.7136424,0.92169756,1.239291,0.11491169,0.58778524,-0.809017,-0.5,0.8660254,1.2246469e-16,-1.0,0.0,1.0,0.0,0.0,0.0
2025-11-27 08:00:00,4.0,0.0930627,-0.19752228,0.54822433,0.6005527,-1.2031009,-0.8710804,-1.115171,0.1478468,-0.80414504,-0.9386216,-1.2734758,-0.3877613,1.0759279,0.03098264,1.3597562,1.1329507,1.0899352,2.65143,0.048640277,1.6220956,1.6306098,0.7972134,-0.99794,0.038020246,0.58778524,-0.809017,-0.5,0.8660254,-0.8660254,-0.5,0.0,0.0,1.0,0.0,0.0
2025-11-27 12:00:00,4.0,0.97820973,0.7135933,0.68546003,-0.3381291,0.019673442,-0.98877215,-0.6664535,1.1226885,-0.5546854,-0.81255376,-1.2714366,-0.051849294,2.012782,0.718324,1.6103371,1.2034451,1.354323,3.0,0.18783163,3.0,2.1854239,1.5271192,0.18933252,-0.22419585,-0.58778524,-0.809017,-0.5,0.8660254,0.8660254,-0.5,0.0,1.0,0.0,0.0,0.0
2025-11-27 16:00:00,3.0,-0.09430504,-0.5061198,1.1911435,-0.8367217,-0.5799686,-0.5708562,0.2504378,0.04655767,-0.9062452,-1.1477935,-1.5427678,-0.4445759,1.6888187,0.58885175,1.7374514,1.1131978,0.723994,2.7347012,-0.063760296,2.2482178,1.864818,1.3960402,-0.3789905,-0.22939496,-0.58778524,-0.809017,-0.5,0.8660254,1.2246469e-16,-1.0,0.0,1.0,0.0,0.0,0.0
2025-11-28 08:00:00,3.0,0.05749478,-1.2377868,-0.29586592,-0.8735567,-1.4123055,-1.2644328,-1.1473383,0.17882788,-1.6592636,-1.8541615,-2.0906858,-1.355662,1.5363835,0.5466931,1.8705728,1.0567093,0.80926746,2.326334,-0.061343625,1.8923061,1.7248331,1.2458615,-1.4087006,-0.22531164,-0.58778524,-0.809017,-0.5,0.8660254,-0.8660254,-0.5,0.0,0.0,1.0,0.0,0.0
2025-11-28 12:00:00,3.0,0.14993662,0.5845601,0.3532488,0.46886972,-0.56009096,-0.5351697,2.5261025,-0.118229665,-1.7700695,-2.0484133,-2.2857938,-1.479136,1.4869571,0.5589046,1.8407879,0.63522667,0.7625193,2.3225775,0.07250719,1.732808,1.6346672,1.3133876,-0.5108691,-0.22107194,-0.95105654,0.309017,-0.5,0.8660254,0.8660254,-0.5,0.0,1.0,0.0,0.0,0.0
2025-11-28 16:00:00,3.0,0.9693143,1.6160454,-0.24992341,-1.2773006,0.47087392,0.45879078,0.6867201,0.109237485,-1.3331159,-1.7763195,-2.1576974,-0.8130878,2.3242965,1.2729852,1.9005516,1.0934838,1.670515,2.4406898,0.461422,2.6932197,2.212664,2.1136065,0.7232465,-0.21126938,-0.95105654,0.309017,-0.5,0.8660254,1.2246469e-16,-1.0,0.0,1.0,0.0,0.0,0.0
2025-12-01 08:00:00,3.0,0.052722357,-0.23075779,2.2054224,-1.4332478,-1.1383028,-0.82858413,-1.039858,0.065308094,-1.8005158,-2.178151,-2.4432402,-1.4721049,2.111283,1.2072254,2.0503318,0.59913296,1.3319153,1.9224256,0.4347955,2.3042495,2.103323,2.0147507,-1.1606342,-0.22521196,-0.95105654,0.309017,-0.5,0.8660254,-0.8660254,-0.5,0.0,0.0,1.0,0.0,0.0
2025-12-01 12:00:00,3.0,-0.11326574,-0.28992522,0.6846351,0.06651737,0.64288276,0.88922864,2.1924822,0.07771362,-1.2467796,-1.7638037,-2.1409147,-0.63059235,1.7623047,1.0591463,1.6994525,0.5932943,1.2431738,1.7384049,-0.07275217,1.8134924,1.7176768,1.9152313,0.94584924,-0.22410834,0.0,1.0,-2.4492937e-16,1.0,0.8660254,-0.5,0.0,1.0,0.0,0.0,0.0
2025-12-01 16:00:00,3.0,0.2391642,0.2731771,-0.2439814,1.7029115,-0.2812244,0.47403684,-0.54546,0.16910067,-1.2768822,-1.7894362,-2.1683397,-0.65365326,1.8008823,1.1562066,1.5403442,0.6842497,1.2607875,1.8401315,0.10331488,1.7556279,1.7036711,1.9976008,-0.07647116,-0.5909304,0.0,1.0,-2.4492937e-16,1.0,1.2246469e-16,-1.0,0.0,1.0,0.0,0.0,0.0
2025-12-02 08:00:00,3.0,0.54618394,1.8835121,-0.9990196,-0.9406292,-0.84178895,-0.7825624,-1.0013883,0.12260569,-1.5725906,-2.0266912,-2.344883,-1.0849813,2.1424506,1.533281,1.5776983,0.8852318,1.1058893,1.9898992,0.17678705,1.9606452,1.9615047,2.2576916,-0.7901019,-1.1038009,0.0,1.0,-2.4492937e-16,1.0,-0.8660254,-0.5,0.0,0.0,1.0,0.0,0.0
2025-12-02 12:00:00,3.0,-0.57743907,0.17627081,0.1804626,1.4197627,0.1997331,0.7987947,1.4952182,-1.2333058,-1.0756807,-1.6330438,-2.0392933,-0.3124328,1.3041108,1.015568,1.1170692,0.078774735,0.85705334,1.9250287,0.3458319,1.0733045,1.2009624,1.7630101,0.15668647,-0.6282149,0.95105654,0.309017,-2.4492937e-16,1.0,0.8660254,-0.5,0.0,1.0,0.0,0.0,0.0
2025-12-02 16:00:00,3.0,0.7121121,1.4564797,-1.193744,0.13681637,0.14665695,1.268019,-0.18536551,0.06517928,-1.0317538,-1.5869201,-2.0179904,-0.21401957,1.8207287,1.5312227,1.0188152,0.4156296,0.7402595,2.0016677,0.52483964,1.5467222,1.5324844,2.1436648,0.1826671,-0.85321075,0.95105654,0.309017,-2.4492937e-16,1.0,1.2246469e-16,-1.0,0.0,1.0,0.0,0.0,0.0
2025-12-03 08:00:00,3.0,-0.28823695,-1.1022953,0.43376863,-1.3995508,-0.08679854,-1.0194851,-1.0989767,0.15910837,-1.0826527,-1.5886147,-1.984853,-0.30571598,1.3405526,1.2194451,0.7833927,0.32609496,0.6683566,1.3193842,0.36977395,1.0266373,1.1499488,1.8451579,-0.13292207,-1.5514328,0.95105654,0.309017,-2.4492937e-16,1.0,-0.8660254,-0.5,0.0,0.0,1.0,0.0,0.0
2025-12-03 12:00:00,3.0,-0.09061145,-0.4325407,1.3124541,-0.927704,1.7064694,0.74128646,2.2834752,0.46452937,-0.41582918,-1.0546238,-1.5874406,0.69267064,1.0871592,1.0506167,0.42034695,0.15727258,0.6109988,1.3278284,0.5341883,0.7375106,0.9094633,1.7471343,1.4525468,-0.68724793,0.58778524,-0.809017,-2.4492937e-16,1.0,0.8660254,-0.5,0.0,1.0,0.0,0.0,0.0
2025-12-03 16:00:00,3.0,-0.06174309,-0.3546966,0.23375887,0.40256184,-0.3111182,1.1638266,-0.21132092,-0.004995332,-0.65527844,-1.1709878,-1.6399612,0.3028604,0.8743689,0.92833334,0.18797588,-0.1544479,0.5343111,1.1925255,0.039463084,0.48897454,0.7435926,1.6323742,-0.26151273,-0.7249911,0.58778524,-0.809017,-2.4492937e-16,1.0,1.2246469e-16,-1.0,0.0,1.0,0.0,0.0,0.0
2025-12-04 08:00:00,4.0,-0.008827766,-0.6216692,-0.9911092,1.2373935,-0.96543205,-1.0281215,-1.0821013,0.04208455,-1.0990651,-1.4655979,-1.8176668,-0.40577716,0.7099448,0.83739865,-0.016142609,0.13694447,0.15751404,1.641439,0.078277804,0.17020564,0.54201627,1.5178053,-0.96164095,-0.8010162,0.58778524,-0.809017,-2.4492937e-16,1.0,-0.8660254,-0.5,0.0,0.0,1.0,0.0,0.0
2025-12-04 12:00:00,4.0,2.2970226,1.4882699,-0.71151763,-0.3771726,2.1343126,2.5251048,3.0,2.0330577,0.15031147,-0.5698158,-1.2601603,1.5104979,2.560325,2.8181052,0.36987922,0.96028876,1.004322,2.0401907,1.0510186,2.3822594,1.8723851,2.7226577,1.5194485,-0.74550223,-0.58778524,-0.809017,-2.4492937e-16,1.0,0.8660254,-0.5,0.0,1.0,0.0,0.0,0.0
2025-12-04 16:00:00,4.0,0.019707914,-0.03409756,1.9421066,-0.7906943,1.7086233,2.171125,-0.332867,0.11490717,0.46887404,-0.24064498,-1.0105522,1.7663101,2.3446374,2.5710528,0.5369717,1.1241393,1.0565746,1.976119,1.9073441,2.056505,1.6139526,2.5067735,1.4807473,-0.17459545,-0.58778524,-0.809017,-2.4492937e-16,1.0,1.2246469e-16,-1.0,0.0,1.0,0.0,0.0,0.0
2025-12-05 08:00:00,3.0,-0.015453194,-0.33243737,0.07506614,0.7733206,-1.0839624,-0.78627354,-0.93251973,0.024206722,-0.2978736,-0.7062698,-1.2869073,0.6764462,2.1373522,2.3454998,0.6832152,1.1669081,0.96634674,1.8729448,1.9374185,1.8147879,1.4903892,2.3883758,-0.9970019,0.4214882,-0.58778524,-0.809017,-2.4492937e-16,1.0,-0.8660254,-0.5,0.0,0.0,1.0,0.0,0.0
2025-12-05 12:00:00,1.0,0.052224323,-0.7312195,-0.04684469,0.05688242,0.30294526,0.63653237,1.2839983,0.6422821,-0.41818082,-0.7737702,-1.3228955,0.4916378,2.027661,2.2043781,0.6766918,1.2850564,0.79379016,1.5467762,2.0684776,1.6050837,1.3805071,2.2852702,0.13106743,-0.36980367,-0.95105654,0.309017,-2.4492937e-16,1.0,0.8660254,-0.5,0.0,1.0,0.0,0.0,0.0
2025-12-05 16:00:00,1.0,1.5660312,1.5371591,-0.23183504,-1.1731213,2.5978596,1.0845689,-0.21804248,0.1209757,0.5066096,-0.093732685,-0.9047738,1.6221743,2.688477,2.9625146,0.83637416,2.158662,1.5732079,1.9078292,2.3490803,2.3850307,1.941021,2.6336203,1.8050089,-0.08730494,-0.95105654,0.309017,-2.4492937e-16,1.0,1.2246469e-16,-1.0,0.0,1.0,0.0,0.0,0.0
2025-12-08 08:00:00,4.0,-0.24199896,-1.4028167,-0.35537454,-1.1062411,-0.9099125,-0.97263443,-0.92381245,0.11820244,-0.25805628,-0.563855,-1.166814,0.5958471,2.2918181,2.5652175,1.0061932,0.7648516,1.2186712,1.5074719,2.167865,1.7572675,1.7556645,2.461552,-0.82377505,0.06995497,-0.95105654,0.309017,-2.4492937e-16,1.0,-0.8660254,-0.5,0.0,0.0,1.0,0.0,0.0
2025-12-08 12:00:00,4.0,-1.5438985,-1.8003061,-1.4494618,-0.8195106,1.7494454,0.7934621,2.4525964,0.35942075,0.51815844,0.08918481,-0.659452,1.3658609,1.0480186,1.5163761,0.39505485,-0.107375644,0.77168095,1.1000645,1.4505514,0.50902873,0.7057245,1.7397649,1.5724692,0.22647108,0.0,1.0,-2.4492937e-16,1.0,0.8660254,-0.5,0.0,1.0,0.0,0.0,0.0
2025-12-08 16:00:00,4.0,0.19031015,0.35883158,0.29498222,0.9096266,0.008120582,1.0080923,-0.32056972,0.06706257,0.25086007,-0.03504976,-0.70961684,0.97340816,1.0884138,1.5341084,0.06673726,0.005994541,0.88184416,1.1283184,1.7232784,0.53284454,0.71318686,1.7440798,0.36423463,-0.019619815,0.0,1.0,-2.4492937e-16,1.0,1.2246469e-16,-1.0,0.0,1.0,0.0,0.0,0.0
2025-12-09 08:00:00,4.0,0.27139866,0.8352949,-0.46377853,0.7178239,-0.8022754,-1.1065024,-0.90145385,0.06786812,-0.33012027,-0.4404642,-0.9524733,0.26038903,1.1743337,1.594882,-0.124878965,0.1275267,1.0270196,1.147717,1.684593,0.6140318,0.77838963,1.765043,-0.7430701,-0.22096558,0.0,1.0,-2.4492937e-16,1.0,-0.8660254,-0.5,0.0,0.0,1.0,0.0,0.0
2025-12-09 12:00:00,4.0,-0.37246764,0.6678821,0.6417865,-0.19775207,0.4990582,0.21279773,1.3467348,-1.3139149,-0.1418152,-0.29102063,-0.8161584,0.4539081,0.8501464,1.3061662,-0.46243033,-0.9427925,0.9089482,0.7565887,1.4510176,0.24054894,0.4784466,1.5427417,0.85469425,-0.52532923,0.95105654,0.309017,-2.4492937e-16,1.0,0.8660254,-0.5,0.0,1.0,0.0,0.0,0.0
2025-12-09 16:00:00,3.0,-0.09859688,-0.10246934,-0.04073361,1.4956784,-0.1867069,-0.4604432,-0.61739814,-0.051105794,-0.28926256,-0.39191133,-0.8523934,0.25360343,0.7169,1.1782877,-0.74516207,-0.8588811,-0.07109984,0.71294147,1.4350446,0.08253684,0.34740305,1.4436265,0.15531674,-0.60366666,0.95105654,0.309017,-2.4492937e-16,1.0,1.2246469e-16,-1.0,0.0,1.0,0.0,0.0,0.0
2025-12-10 08:00:00,4.0,0.18335876,1.0936826,-0.5633163,0.23703016,-1.4891233,-1.2268678,-0.85039437,0.09681595,-1.0707098,-1.0040877,-1.2467614,-0.75274426,0.7701452,1.2084363,-0.9145599,0.09513742,-0.008012142,0.7953973,1.3333781,0.124485545,0.3740568,1.472301,-1.5232208,-0.68603194,0.95105654,0.309017,-2.4492937e-16,1.0,-0.8660254,-0.5,0.0,0.0,1.0,0.0,0.0
2025-12-10 12:00:00,4.0,-1.0584601,-1.656429,-1.2110759,-0.69545823,1.5164795,0.75934815,3.0,0.9516915,-0.09991056,-0.30019742,-0.7346174,0.49282104,0.03357058,0.58969593,-1.3071287,-0.59221154,-0.4124991,0.44603005,0.96122336,-0.75248903,-0.3157105,0.99467456,1.4635009,-0.0025359234,0.58778524,-0.809017,-2.4492937e-16,1.0,0.8660254,-0.5,0.0,1.0,0.0,0.0,0.0
2025-12-10 16:00:00,4.0,1.6560476,1.7709941,-1.3054471,-0.5693042,1.31353,0.3159764,-0.495183,0.10885919,0.5257762,0.16312034,-0.45072186,1.2510595,1.0104536,1.4670539,-1.0258449,0.1947867,0.22634074,0.74404883,1.3050991,0.46001193,0.5910743,1.4331769,1.3827047,0.31215966,0.58778524,-0.809017,-2.4492937e-16,1.0,1.2246469e-16,-1.0,0.0,1.0,0.0,0.0,0.0
2025-12-11 08:00:00,4.0,0.20049535,0.97090405,0.44392315,-0.6983481,-1.2681319,-1.0443836,-0.79711306,0.05876524,-0.38241643,-0.4626217,-0.8308026,0.12777528,1.0522009,1.4862303,-0.84837955,0.51449376,-0.3060707,0.95739466,1.3147742,0.4958383,0.6336619,1.4544306,-1.2587866,-0.1323657,0.58778524,-0.809017,-2.4492937e-16,1.0,-0.8660254,-0.5,0.0,0.0,1.0,0.0,0.0
2025-12-11 12:00:00,4.0,-2.4525728,0.7359119,-0.18790175,0.5553661,2.1286013,2.6207354,3.0,-3.0,2.7423923,2.0550332,0.99974036,3.0,-0.28849545,0.23302653,-1.2393157,-0.8987398,-1.236603,0.049684223,0.7893916,-1.409104,-0.5977114,0.6205852,1.6769178,-2.967213,-0.58778524,-0.809017,-2.4492937e-16,1.0,0.8660254,-0.5,0.0,1.0,0.0,0.0,0.0
2025-12-11 16:00:00,4.0,2.1500857,1.5216419,-0.6360572,-0.90476924,1.8641181,0.96032906,-0.5842129,0.19846675,3.0,2.63955,1.5168128,3.0,0.7711888,1.3007303,-0.9618495,0.33923098,0.30496776,0.77741075,1.2481012,0.18454911,0.35331157,1.0954399,1.6080451,-3.0,-0.58778524,-0.809017,-2.4492937e-16,1.0,1.2246469e-16,-1.0,0.0,1.0,0.0,0.0,0.0
2025-12-12 08:00:00,1.0,-0.3925121,-1.2566365,-0.018775811,-1.0415286,-0.71067905,-0.9658396,-0.7878467,0.12241933,1.9114821,1.9292638,1.1842529,1.8566101,0.54176277,1.0580038,-0.9269529,0.67610437,0.060259033,0.68360674,1.1344695,-0.23286879,0.1206498,0.95660996,-0.6865396,-3.0,-0.58778524,-0.809017,-2.4492937e-16,1.0,-0.8660254,-0.5,0.0,0.0,1.0,0.0,0.0
2025-12-12 12:00:00,1.0,0.4369388,-0.44418716,1.0878499,-0.20722952,-0.43011466,0.30288392,1.1164398,1.0298262,1.3515048,1.5675839,1.0266974,1.2219586,0.68695366,1.1986394,-0.81958187,-0.041046828,0.1114881,0.8422918,2.1493738,-0.022421304,0.22549656,1.017381,0.012888759,-2.9429674,-0.95105654,0.309017,-2.4492937e-16,1.0,0.8660254,-0.5,0.0,1.0,0.0,0.0,0.0
2025-12-12 16:00:00,1.0,-0.74977213,-1.1731318,0.13314396,-1.0274005,-0.055255126,0.047916755,-0.45916525,0.2575427,1.1646777,1.4771621,1.067496,0.9129848,0.36864942,0.88574654,-0.88507974,-0.571183,-0.002470381,0.68088025,1.5773158,-0.7116901,-0.1294784,0.8186464,0.65855366,-1.8451213,-0.95105654,0.309017,-2.4492937e-16,1.0,1.2246469e-16,-1.0,0.0,1.0,0.0,0.0,0.0
2025-12-15 08:00:00,1.0,-0.062517196,-0.25492218,0.13666445,1.2350907,-1.1252447,-1.0614572,-0.76220334,0.055847224,0.17680597,0.751262,0.61076826,-0.12281424,0.31289843,0.8241974,-0.970667,1.0435067,0.014822972,-0.042968143,1.5281892,-0.73535985,-0.19558558,0.7730957,-1.3431588,-2.3393111,-0.95105654,0.309017,-2.4492937e-16,1.0,-0.8660254,-0.5,0.0,0.0,1.0,0.0,0.0
2025-12-15 12:00:00,1.0,2.170144,1.5911813,-0.68930924,-1.0647247,1.0421097,0.13466762,1.2711155,0.45467907,0.9445002,1.2104082,0.91380775,0.72273743,1.1301581,1.6111553,-0.5330106,0.8042068,0.7446663,0.5373072,1.9065225,0.9781344,0.74663204,1.22159,1.5154229,-2.1323762,0.0,1.0,-2.4492937e-16,1.0,0.8660254,-0.5,0.0,1.0,0.0,0.0,0.0
2025-12-15 16:00:00,1.0,-1.9086653,-1.742445,-1.3282827,-0.7421422,0.6629449,0.620735,-0.24165611,0.050361257,1.3777248,1.6015747,1.3387767,0.9913158,0.35945606,0.89170367,-0.67629766,-0.053712018,0.49137312,0.028456492,1.8346915,-0.5479115,-0.08591473,0.74946404,1.2710708,-2.124543,0.0,1.0,-2.4492937e-16,1.0,1.2246469e-16,-1.0,0.0,1.0,0.0,0.0,0.0
2025-12-16 08:00:00,1.0,0.6582082,1.3984377,-1.123604,-0.20197485,-0.70590967,-0.92979753,-0.76428765,0.16989844,0.64181757,1.0722961,0.99545914,0.26706067,0.58912814,1.1102263,-0.6525884,0.1001706,0.028531346,0.19658382,1.8996718,0.006837938,0.1933093,0.8836841,-0.45873317,-2.0997314,0.0,1.0,-2.4492937e-16,1.0,-0.8660254,-0.5,0.0,0.0,1.0,0.0,0.0
2025-12-16 12:00:00,1.0,-2.6641605,-0.88786995,0.4095,-0.5683933,0.5091366,0.63020575,1.1599461,-2.5346563,1.8178109,2.0031388,1.8563998,1.2004741,-0.39248016,0.16064596,-1.206229,-1.4030823,-1.3075778,-1.0790215,1.440305,-2.088316,-0.9940062,0.20970275,1.0988811,-1.8019947,0.95105654,0.309017,-2.4492937e-16,1.0,0.8660254,-0.5,0.0,1.0,0.0,0.0,0.0
2025-12-16 16:00:00,1.0,0.75764155,1.3197978,0.11235589,-1.4089938,-0.3228269,-0.017861262,-0.5548427,0.04739305,1.2529672,1.6233225,1.6260808,0.65983367,-0.110005915,0.43983078,-1.4202659,-0.8371627,0.3442583,-0.7902472,1.6256701,-1.3596166,-0.6360943,0.3511251,0.26149717,-1.9285684,0.95105654,0.309017,-2.4492937e-16,1.0,1.2246469e-16,-1.0,0.0,1.0,0.0,0.0,0.0
2025-12-17 08:00:00,1.0,0.09833011,0.902384,-0.038323537,-0.15788372,-1.2891812,-1.0334017,-0.7624389,0.08657794,0.105435535,0.77599406,1.0290117,-0.45801544,-0.09886618,0.46027395,-1.5889406,-2.4056358,-0.9882525,-0.2851159,1.5807513,-1.1531738,-0.6850359,0.32655087,-1.4981711,-1.7778366,0.95105654,0.309017,-2.4492937e-16,1.0,-0.8660254,-0.5,0.0,0.0,1.0,0.0,0.0
2025-12-17 12:00:00,1.0,-0.5137812,-0.47180843,-0.6265189,1.7689743,-0.25439444,-0.11406953,0.71396714,-0.27705568,-0.014158876,0.61830115,0.94205534,-0.5637556,-0.33821884,0.24614808,-1.7360486,-1.3607792,-1.1625692,-0.51666224,1.3752562,-1.4175402,-1.0267174,0.13640986,0.16457883,-1.7399548,0.58778524,-0.809017,-2.4492937e-16,1.0,0.8660254,-0.5,0.0,1.0,0.0,0.0,0.0
2025-12-17 16:00:00,1.0,0.47105423,0.6246765,0.53242797,-0.081557736,0.07055184,-0.019019993,-0.37188616,0.093369626,0.12266248,0.6233784,0.93102616,-0.36991575,-0.12805438,0.43749937,-1.6181192,-1.454637,-1.1193439,-0.4655622,1.4743484,-0.93397665,-0.697129,0.2603992,0.7010427,-1.7702396,0.58778524,-0.809017,-2.4492937e-16,1.0,1.2246469e-16,-1.0,0.0,1.0,0.0,0.0,0.0
2025-12-18 08:00:00,1.0,-0.009515487,0.29994917,-0.17557572,1.5513383,-1.1286408,-0.9707989,-0.7453676,0.01353141,-0.65026724,-0.019267032,0.4301546,-1.1611353,-0.16654919,0.4110213,-1.5624707,0.6313237,-0.7107462,-0.35467553,1.3870877,-0.8618546,-0.78468025,0.18454674,-1.3386565,-1.7389476,0.58778524,-0.809017,-2.4492937e-16,1.0,-0.8660254,-0.5,0.0,0.0,1.0,0.0,0.0
2025-12-18 12:00:00,1.0,0.23277558,0.46347144,1.6552306,-0.8917802,-0.8036748,0.09126867,0.80951613,0.2324144,-1.0045384,-0.41718695,0.076446146,-1.4850813,-0.050601993,0.4996314,-1.3727928,0.22013274,-0.5246853,-0.247732,1.2107284,-0.62044287,-0.6142998,0.21280377,-0.77563906,-1.699329,-0.58778524,-0.809017,-2.4492937e-16,1.0,0.8660254,-0.5,0.0,1.0,0.0,0.0,0.0
2025-12-18 16:00:00,0.0,1.3803539,1.9767967,-1.7379326,-1.2870711,-0.028465223,0.7800124,-0.1953316,0.14634676,-0.7285163,-0.3782502,0.0028757127,-1.0368098,0.73805106,1.1541964,-0.73708576,1.2422514,-0.9711607,0.1723731,1.4044893,0.54147345,0.6470835,0.7460257,0.45105496,-0.7716395,-0.58778524,-0.809017,-2.4492937e-16,1.0,1.2246469e-16,-1.0,0.0,1.0,0.0,0.0,0.0
2025-12-19 08:00:00,1.0,-0.1643069,-0.81251377,-1.0154332,1.3255597,-1.0325581,-0.90667045,-0.77003074,0.10585875,-1.2407713,-0.8550275,-0.41058016,-1.5968026,0.6234712,1.0558884,-0.34552273,1.4896923,0.1525904,0.5175071,1.4185486,0.35850522,0.49562243,0.6602939,-1.1811905,-0.8331894,-0.58778524,-0.809017,-2.4492937e-16,1.0,-0.8660254,-0.5,0.0,0.0,1.0,0.0,0.0
2025-12-19 12:00:00,1.0,-1.2284247,-0.49147463,-0.440205,1.4613649,1.1023335,1.0404326,1.2212878,-1.0137672,-0.0115406,-0.012493948,0.24523956,-0.12470499,-0.16736388,0.43844783,-0.53805465,0.1519279,-1.1359705,-0.6124484,1.2204076,-0.6213303,-0.6562042,0.0809576,1.3994961,-0.72927904,-0.95105654,0.309017,-2.4492937e-16,1.0,0.8660254,-0.5,0.0,1.0,0.0,0.0,0.0
2025-12-19 16:00:00,3.0,0.05920036,0.093463734,0.48587304,1.2322814,-0.62337047,2.2924576,-0.08743935,0.12607661,-0.39940584,-0.31004763,-0.011674301,-0.5351577,-0.15647423,0.45767823,-0.5938517,0.20630081,0.73491096,-0.7199849,1.3665731,-0.4953257,-0.556589,0.05717504,-0.5337332,-0.7017032,-0.95105654,0.309017,-2.4492937e-16,1.0,1.2246469e-16,-1.0,0.0,1.0,0.0,0.0,0.0
2025-12-22 08:00:00,1.0,0.4706889,1.6179526,-1.2700428,-0.91584164,-0.74953866,-0.96958244,-0.83892465,0.084036134,-0.8260841,-0.68178,-0.36332184,-0.9793045,0.17285056,0.723358,-0.45726895,0.40316764,0.5416749,0.6542457,1.4034334,-0.11152314,-0.14992343,0.25323313,-0.7645574,0.12710914,-0.95105654,0.309017,-2.4492937e-16,1.0,-0.8660254,-0.5,0.0,0.0,1.0,0.0,0.0
2025-12-22 12:00:00,0.0,0.3249283,0.71475005,1.3383873,-1.2676871,0.42834097,-0.3862852,0.12732153,-0.22367615,-0.5220966,-0.5234863,-0.29776183,-0.5497341,0.40482858,0.89240646,-0.2717002,-0.43725052,0.6976493,-0.33290794,1.1696987,0.24683721,0.2366457,0.39611086,0.66857344,0.772989,0.0,1.0,-2.4492937e-16,1.0,0.8660254,-0.5,0.0,1.0,0.0,0.0,0.0
2025-12-22 16:00:00,0.0,-0.21594217,-0.4177599,-0.4620082,1.842236,-0.334799,-0.34466505,-0.4074075,0.046780642,-0.65531707,-0.6505921,-0.43173295,-0.67800874,0.21683419,0.75081986,-0.20628609,-0.47572133,0.89639556,-0.23833132,1.1793921,0.058231648,0.03752913,0.2526408,-0.15012506,0.8748196,0.0,1.0,-2.4492937e-16,1.0,1.2246469e-16,-1.0,0.0,1.0,0.0,0.0,0.0
2025-12-23 08:00:00,3.0,0.14977077,0.74965143,0.93295276,-0.91615164,-1.1269242,-1.0951372,-0.79545397,0.18008688,-1.1932908,-1.1018773,-0.85327613,-1.3054471,0.33612573,0.832759,-0.07228141,0.62321424,0.6752358,-0.37219,1.1708763,0.25326982,0.2944456,0.3095097,-1.4172356,0.79545933,0.0,1.0,-2.4492937e-16,1.0,-0.8660254,-0.5,0.0,0.0,1.0,0.0,0.0
2025-12-23 12:00:00,3.0,-0.13746573,-0.4240128,-0.46253937,1.8226339,-0.6732561,-0.5303218,0.70331746,0.110396445,-1.3711675,-1.3150377,-1.09606,-1.4834489,0.2199209,0.76490617,-0.036572684,0.47262645,0.59415585,-0.09645825,1.474507,0.13311031,0.1810689,0.21742469,-0.7322228,0.49715948,0.95105654,0.309017,-2.4492937e-16,1.0,0.8660254,-0.5,0.0,1.0,0.0,0.0,0.0
2025-12-23 16:00:00,3.0,-0.49753112,-1.1645024,-0.51667815,-0.032591708,-0.28874096,-0.39969754,-0.35366297,0.11358475,-1.2805946,-1.3197827,-1.1630396,-1.3024569,-0.2861819,0.42335713,-0.22474995,-0.2783667,0.108323656,-0.34352183,1.2179582,-0.34051543,-0.4240629,-0.15910359,-0.21510969,0.42528576,0.95105654,0.309017,-2.4492937e-16,1.0,1.2246469e-16,-1.0,0.0,1.0,0.0,0.0,0.0
2025-12-29 08:00:00,3.0,-0.29203442,-1.7115802,-1.1710461,-0.8297622,-1.105166,-0.9907834,-0.770509,0.06856919,-1.6137493,-1.6300092,-1.4903365,-1.7317005,-0.60670227,0.2032749,-0.44112098,-0.76211864,-1.05783,-1.6897274,1.1824561,-0.5486422,-0.64003694,-0.48370683,-1.3872837,0.59142804,0.95105654,0.309017,-2.4492937e-16,1.0,-0.8660254,-0.5,0.0,0.0,1.0,0.0,0.0
2025-12-29 12:00:00,3.0,0.7160747,0.4903238,-0.65946907,1.2734002,0.41437003,-0.32937694,0.766272,0.75947964,-1.2588038,-1.4497422,-1.4459996,-1.133675,0.2302742,0.81345034,-0.29233667,-0.041254405,-0.4619555,-0.25659856,1.3171068,0.39907935,0.4364975,0.1498105,0.42585516,0.86406785,0.0,1.0,-2.4492937e-16,1.0,0.8660254,-0.5,0.0,1.0,0.0,0.0,1.0
2025-12-29 16:00:00,3.0,0.031509515,0.29761317,-0.43020704,1.514062,-0.5347986,-0.5678623,-0.56430787,0.023305401,-1.3632836,-1.5621859,-1.6071873,-1.2462331,0.27520254,0.8437627,-0.15708494,-0.13672423,0.4391431,-0.59834665,1.0973829,0.5604109,0.5988409,0.17309122,-0.66467243,0.98448074,0.0,1.0,-2.4492937e-16,1.0,1.2246469e-16,-1.0,0.0,1.0,0.0,0.0,1.0
2025-12-30 08:00:00,0.0,-0.31561086,-1.743181,-1.2113892,-0.90223813,-0.9062998,-0.88608533,-0.72828764,0.11463729,-1.588181,-1.7569724,-1.8214165,-1.5692545,-0.13664995,0.55799294,-0.18420103,-0.27610818,0.18335798,0.7735743,1.0162197,0.07956008,0.054512072,-0.20973583,-1.276094,0.73821676,0.0,1.0,-2.4492937e-16,1.0,-0.8660254,-0.5,0.0,0.0,1.0,0.0,1.0
2025-12-30 12:00:00,3.0,0.22561109,0.18821329,-0.9594558,2.2842805,-0.21610397,-0.44081175,0.44775409,0.36015028,-1.5170726,-1.7480942,-1.8798168,-1.4107634,0.1715291,0.7635081,-0.11089147,0.2896996,-0.00041501856,0.45971787,0.82805383,0.38704932,0.35852018,0.031986117,-0.45488557,1.3734232,0.95105654,0.309017,-2.4492937e-16,1.0,0.8660254,-0.5,0.0,1.0,0.0,0.0,1.0
2026-01-02 08:00:00,0.0,0.3318548,1.5491282,-0.71363825,-1.2746388,-0.5749199,-0.75572646,-0.6668518,-0.008538848,-1.564619,-1.8111825,-1.9876738,-1.4548597,0.62010723,1.0906028,0.12258231,0.78390795,-0.005268642,0.5869147,0.9338352,0.83607936,0.86964834,0.43555573,-0.75594664,1.3087159,0.95105654,0.309017,-2.4492937e-16,1.0,1.2246469e-16,-1.0,0.0,1.0,0.0,0.0,1.0
2026-01-02 12:00:00,4.0,-0.8012677,0.071347095,-0.044817917,1.5434206,0.6619437,1.0629643,2.2063034,-1.2543864,-0.9255169,-1.3576598,-1.6279914,-0.3768967,-0.518983,0.25170326,-0.2127108,-0.42374897,-0.39832804,0.43612754,0.76535153,-0.5715003,-0.5671502,-0.6149904,0.4728063,1.4200615,-0.95105654,0.309017,0.5,0.8660254,0.8660254,-0.5,0.0,1.0,0.0,0.0,0.0
2026-01-02 16:00:00,4.0,-3.0,-1.8911625,-1.3284137,-1.119167,3.0,2.0945933,-0.13262123,-0.21073109,1.2005705,0.2709565,-0.19741325,2.1061368,-3.0,-2.9972327,-1.6414381,-3.0,-2.9915202,-2.023995,-0.14777571,-3.0,-3.0,-3.0,1.6998163,1.1005852,-0.95105654,0.309017,0.5,0.8660254,1.2246469e-16,-1.0,0.0,1.0,0.0,0.0,0.0
2026-01-05 08:00:00,4.0,0.2794433,0.38076144,-1.077557,1.8238707,-0.019577784,-0.34677503,-0.7685136,0.1545305,0.73302966,0.10739037,-0.29893076,1.4397029,-2.9452047,-2.5824332,-2.3335135,-2.6994143,-2.6159914,-1.8047159,-0.33632538,-2.3583064,-3.0,-3.0,0.041742343,1.1903827,-0.95105654,0.309017,0.5,0.8660254,-0.8660254,-0.5,0.0,0.0,1.0,0.0,0.0
2026-01-05 12:00:00,1.0,1.132254,1.0755795,0.091042235,-0.8269511,1.9675545,0.41548717,-0.006733146,-1.1757065,1.809941,1.0365682,0.47724167,2.319214,-1.6484184,-1.4062793,-1.9210767,-1.9161171,-1.525935,-1.2365284,-0.06293491,-1.3943717,-1.6590121,-1.6614711,1.5426784,1.3259133,0.0,1.0,0.5,0.8660254,0.8660254,-0.5,0.0,1.0,0.0,0.0,0.0
2026-01-05 16:00:00,1.0,0.93742824,1.0139161,-0.72380656,-0.07577907,0.4479732,0.49926585,-0.42061996,0.17367747,1.5485849,1.040875,0.5390258,1.8814006,-0.74467194,-0.5150448,-1.4919113,-1.4041089,-0.7110742,-1.4059925,0.21909064,-0.7106447,-0.82919085,-0.9932333,0.8187554,0.92827725,0.0,1.0,0.5,0.8660254,1.2246469e-16,-1.0,0.0,1.0,0.0,0.0,0.0
2026-01-06 08:00:00,4.0,0.33042654,1.2960268,-0.8460501,-0.69598216,-0.7000217,-0.7941327,-0.776959,0.17445533,0.6204536,0.4821021,0.13710615,0.8802226,-0.44772637,-0.22797853,-1.1423366,-0.63851297,-0.92732495,-1.113436,0.2532796,-0.43427968,-0.5497022,-0.8390056,-1.0910752,0.8611664,0.0,1.0,0.5,0.8660254,-0.8660254,-0.5,0.0,0.0,1.0,0.0,0.0
2026-01-06 12:00:00,4.0,-1.9205997,-1.2086891,-0.54490006,-0.17172575,0.2288168,0.48753867,1.2223155,-1.9538803,1.3018085,1.1055483,0.77243304,1.3528881,-1.7520152,-1.7837697,-1.3419217,0.50891453,-2.253496,-1.5762867,-0.47328746,-1.4760071,-1.8564315,-1.9480845,0.52793276,0.8074326,0.95105654,0.309017,0.5,0.8660254,0.8660254,-0.5,0.0,1.0,0.0,0.0,0.0
2026-01-06 16:00:00,4.0,-0.66134155,-1.1877116,0.41296086,-0.9595112,0.09315646,1.3574873,-0.2956482,0.14083745,0.99509853,0.98899114,0.7698916,0.94682485,-2.0401156,-2.2135086,-1.6838391,-0.20462595,-2.4077165,-1.9406013,-0.5245955,-1.5380329,-2.1835713,-2.2726574,0.4081524,0.8303697,0.95105654,0.309017,0.5,0.8660254,1.2246469e-16,-1.0,0.0,1.0,0.0,0.0,0.0
2026-01-07 08:00:00,1.0,0.64798,1.2240026,0.18983428,-1.2272278,-0.3019327,-0.65096647,-0.7691731,0.23024434,0.49191043,0.64713115,0.51703995,0.43751168,-1.4441136,-1.589786,-1.6434902,-0.5421304,-2.030864,-1.7776129,-0.5527331,-1.0476389,-1.6407884,-1.8446428,-0.22210093,1.0422351,0.95105654,0.309017,0.5,0.8660254,-0.8660254,-0.5,0.0,0.0,1.0,0.0,0.0
2026-01-07 12:00:00,1.0,1.9330314,1.2528703,-1.4634497,-0.041169986,0.49323976,0.2752619,0.24215588,1.6205018,0.8638875,0.8997445,0.69977975,0.8115214,0.068518296,0.13788025,-0.6778687,0.29485315,-0.92278016,-0.8116941,0.18779844,0.00445687,-0.006260412,-0.46454954,0.77184284,1.3611082,0.58778524,-0.809017,0.5,0.8660254,0.8660254,-0.5,0.0,1.0,0.0,0.0,0.0
2026-01-07 16:00:00,1.0,0.8653664,1.2990035,-0.95293283,-0.68750525,0.1368712,0.7815638,-0.28510898,0.077107236,0.6369659,0.7506198,0.596854,0.5782466,0.6258076,0.8367011,0.25862062,0.73642117,0.08320159,-0.2036174,0.5434757,0.49243876,0.6810999,0.10407426,0.40419397,1.3762522,0.58778524,-0.809017,0.5,0.8660254,1.2246469e-16,-1.0,0.0,1.0,0.0,0.0,0.0
2026-01-08 08:00:00,1.0,0.06552702,0.18952796,2.672911,-0.9425259,-0.7776664,-0.79609954,-0.7531843,0.16285501,-0.077804334,0.2190084,0.18650766,-0.14451832,0.6516192,0.868706,0.9764681,2.170102,2.2081647,-0.23882374,0.63830954,0.54542404,0.8087509,0.16107959,-1.0693972,1.1998614,0.58778524,-0.809017,0.5,0.8660254,-0.8660254,-0.5,0.0,0.0,1.0,0.0,0.0
2026-01-08 12:00:00,4.0,-0.3630847,-1.0734758,-0.50900674,0.33227912,0.55059963,0.32769084,0.4843384,0.9199169,0.2774425,0.46256095,0.42059085,0.20302379,0.35067147,0.5283437,1.1655844,2.2719128,1.7688282,-0.38666493,0.5518072,0.3623846,0.5034647,-0.0925535,0.87405133,1.1752373,-0.58778524,-0.809017,0.5,0.8660254,0.8660254,-0.5,0.0,1.0,0.0,0.0,0.0
2026-01-08 16:00:00,4.0,0.0071808756,-0.08040613,0.90475225,1.2594916,-0.39972612,0.18377575,-0.47544754,0.09779462,-0.06308065,0.1900156,0.2122255,-0.13741365,0.35869655,0.5111419,1.337847,1.7808266,1.1189603,-0.14934796,-0.41204095,0.40536872,0.5558172,-0.08458735,-0.28848422,1.1967884,-0.58778524,-0.809017,0.5,0.8660254,1.2246469e-16,-1.0,0.0,1.0,0.0,0.0,0.0
2026-01-09 08:00:00,1.0,-0.09137286,-0.66666967,0.5418883,0.42089042,-0.8931056,-0.9312116,-0.7284282,0.14465646,-0.61785924,-0.27872032,-0.17829286,-0.71207505,0.27981707,0.4040036,1.454095,0.3497874,0.5297244,-0.0610178,-0.4674732,0.38178304,0.5285809,-0.16193043,-1.2203087,1.2000462,-0.58778524,-0.809017,0.5,0.8660254,-0.8660254,-0.5,0.0,0.0,1.0,0.0,0.0
2026-01-09 12:00:00,1.0,2.1718593,1.2984223,-1.3885248,-0.3817423,1.5440853,0.39233848,0.5953535,0.4522734,0.5240019,0.48011318,0.37055656,0.57115924,1.8437604,2.2447033,1.9815106,1.2948655,1.6615646,0.95414394,0.5787478,1.6218758,2.1616256,1.3861043,1.3950639,0.98022074,-0.95105654,0.309017,0.5,0.8660254,0.8660254,-0.5,0.0,1.0,0.0,0.0,0.0
2026-01-09 16:00:00,1.0,-0.02849277,-0.19154131,2.1076205,0.42672265,0.9854321,1.8891165,-0.0024498668,0.19493438,1.1229551,0.9916958,0.84577256,1.0540003,1.7974207,2.1129744,2.1177812,1.2288198,2.6077476,0.9322325,0.5458808,1.5075439,1.8700192,1.2419757,1.2960577,1.028633,-0.95105654,0.309017,0.5,0.8660254,1.2246469e-16,-1.0,0.0,1.0,0.0,0.0,0.0
2026-01-12 08:00:00,1.0,0.18081799,0.46110657,-0.15341176,0.7494735,-0.8454925,-1.2605637,-0.8469621,0.19647098,0.3586136,0.47475737,0.44915846,0.3054119,1.9787521,2.2142525,2.4467087,1.6612685,2.9130006,1.2658727,-0.019194774,1.5512503,2.1066601,1.4951115,-0.7991451,1.0177147,-0.95105654,0.309017,0.5,0.8660254,-0.8660254,-0.5,0.0,0.0,1.0,0.0,0.0
2026-01-12 12:00:00,1.0,0.15057872,-0.5117809,1.1084522,0.41276708,0.3580014,-0.50517315,0.6543101,0.96603286,0.5870476,0.6579604,0.6283298,0.50158715,2.108776,2.2634761,2.3756037,1.7290047,2.5337734,1.2662662,0.15314157,1.5462333,2.071026,1.5398358,0.9318447,0.9975264,0.0,1.0,0.5,0.8660254,0.8660254,-0.5,0.0,1.0,0.0,0.0,0.0
2026-01-12 16:00:00,1.0,0.5972517,1.1322734,-1.3553553,-0.068757795,-0.59726244,-0.2163914,-0.2966786,0.27341223,0.16053522,0.33611622,0.3589813,0.09312407,2.375611,2.5380313,2.500902,2.1263936,1.7941064,1.4707719,1.089817,1.6621044,2.433377,1.9717107,-0.14853163,0.9496896,0.0,1.0,0.5,0.8660254,1.2246469e-16,-1.0,0.0,1.0,0.0,0.0,0.0
2026-01-13 08:00:00,4.0,-0.071086906,-0.23178104,2.9982333,-0.5817225,-1.0834298,-1.2408098,-0.7828789,0.101553634,-0.48540878,-0.18270186,-0.0753495,-0.56695837,2.196839,2.3358626,2.5260177,0.5624085,1.3081679,1.8374183,0.9766733,1.4557381,2.3987846,2.0371032,-1.3316157,0.9058083,0.0,1.0,0.5,0.8660254,-0.8660254,-0.5,0.0,0.0,1.0,0.0,0.0
2026-01-13 12:00:00,1.0,1.0008106,1.6170524,-1.3179226,-1.2798692,0.32608226,0.10544666,1.1151745,-0.44900006,-0.22179042,-0.06945183,-0.03117534,-0.21688862,2.618549,2.7843492,2.4524472,1.246537,1.7328094,3.0,1.3315079,1.6520958,2.6544855,2.5562935,0.7606113,0.8599703,0.95105654,0.309017,0.5,0.8660254,0.8660254,-0.5,0.0,1.0,0.0,0.0,0.0
2026-01-13 16:00:00,1.0,-1.2811953,-0.84432775,1.2133402,-0.47444203,2.480144,2.0031216,0.15153742,0.13668476,1.6893882,1.4389285,1.3359612,1.4580646,1.2711015,1.6448172,1.4392608,0.25588286,1.2729796,2.9233763,0.8800636,1.0053952,1.1410662,1.2366263,1.568873,1.200386,0.95105654,0.309017,0.5,0.8660254,1.2246469e-16,-1.0,0.0,1.0,0.0,0.0,0.0
2026-01-14 08:00:00,1.0,0.18301138,0.34540558,2.055346,-1.2334703,-0.60539514,-0.83478093,-0.80944186,0.17757249,0.88737833,0.9403408,0.9683987,0.69526404,1.3575513,1.7011466,1.2285111,0.28219563,1.3382478,2.3451793,1.0194808,0.9778939,1.1923897,1.3987384,-0.4247975,1.0862689,0.95105654,0.309017,0.5,0.8660254,-0.8660254,-0.5,0.0,0.0,1.0,0.0,0.0
2026-01-14 12:00:00,1.0,-0.44094935,-0.9792621,1.1845318,-0.8790829,-0.2298069,0.15761659,0.13767289,0.17757249,0.5557016,0.73925436,0.8549898,0.33705193,0.9384425,1.3257037,0.8479862,-0.43238863,1.1570352,1.6417373,0.73985875,0.7173513,0.862022,1.1819336,0.14340952,1.0675529,0.58778524,-0.809017,0.5,0.8660254,0.8660254,-0.5,0.0,1.0,0.0,0.0,0.0
2026-01-14 16:00:00,1.0,-2.447623,-1.9217762,-1.131129,-1.0628493,1.3936242,1.0981588,-0.14222297,0.104815215,1.5450854,1.5913883,1.7296076,1.0380394,-0.8878594,-0.39121637,-0.20551513,-2.1015978,-1.0793446,0.2169275,-0.08751811,-0.37450334,-0.6178519,-0.26890615,1.350521,1.8595757,0.58778524,-0.809017,0.5,0.8660254,1.2246469e-16,-1.0,0.0,1.0,0.0,0.0,0.0
2026-01-15 08:00:00,4.0,-0.0857029,-0.6458075,1.506997,-0.471871,-0.84827435,-0.8049627,-0.78218734,0.19300614,0.6582943,0.98039246,1.2559459,0.24715845,-0.92678934,-0.45023993,-0.89680964,-2.6507206,-1.0958581,1.0809741,-0.9296713,-0.4876717,-0.78229505,-0.32865506,-0.92784464,1.841412,0.58778524,-0.809017,0.5,0.8660254,-0.8660254,-0.5,0.0,0.0,1.0,0.0,0.0
2026-01-15 12:00:00,1.0,-0.7493749,-1.0657126,-1.3707023,1.1855942,0.19289722,0.59145063,0.33975497,0.10316826,0.78853583,1.0968548,1.4100391,0.3156729,-1.3254406,-0.8982827,-1.4637451,-2.2311397,-1.5139939,1.0090871,-1.4596035,-0.96460557,-1.2425308,-0.7474471,0.81204087,1.8913555,-0.58778524,-0.809017,0.5,0.8660254,0.8660254,-0.5,0.0,1.0,0.0,0.0,0.0
2026-01-15 16:00:00,4.0,0.05657133,0.020726863,0.86585236,0.89198935,-0.23584735,0.6066511,-0.45123103,0.0051905233,0.57948023,0.93363965,1.2801716,0.115321614,-1.2842152,-0.881166,-1.7761148,-2.228301,-1.5577515,0.7298364,-0.19195597,-1.0843644,-1.281401,-0.7276338,0.33709925,1.5248952,-0.58778524,-0.809017,0.5,0.8660254,1.2246469e-16,-1.0,0.0,1.0,0.0,0.0,0.0
2026-01-16 08:00:00,4.0,0.49372247,0.95715106,-0.14694332,-0.45131603,-0.5749831,-0.78052425,-0.79819244,0.1488387,0.15089762,0.58817136,0.97603863,-0.27636662,-0.8970259,-0.5588148,-1.8296309,-1.65504,-1.5747639,0.018732041,-1.19132,-0.8302189,-1.0721691,-0.4916297,-0.37718284,0.9920367,-0.58778524,-0.809017,0.5,0.8660254,-0.8660254,-0.5,0.0,0.0,1.0,0.0,0.0
2026-01-16 12:00:00,4.0,-1.504603,-0.77830803,0.015896961,0.5308775,-0.13677424,1.5210395,0.91433024,-2.8384202,0.7589431,1.031327,1.3947598,0.22466601,-1.6302787,-1.3702013,-1.952318,-1.0191431,-2.1119597,-1.1130598,-1.8908695,-1.3709915,-1.7169129,-1.257951,0.41816035,1.2111405,-0.95105654,0.309017,0.5,0.8660254,0.8660254,-0.5,0.0,1.0,0.0,0.0,0.0
2026-01-16 16:00:00,4.0,-0.48961374,-0.7632272,-1.1321691,1.6486487,0.29136652,1.813797,-0.33808613,0.21754971,0.948409,1.1849502,1.5410101,0.35404947,-1.7850518,-1.5826294,-2.0324676,-1.2226665,-2.5791833,-1.3601886,-2.2962096,-1.3471228,-1.8038939,-1.440989,1.0033331,1.2031537,-0.95105654,0.309017,0.5,0.8660254,1.2246469e-16,-1.0,0.0,1.0,0.0,0.0,0.0
2026-01-19 08:00:00,4.0,0.2837882,0.7161241,-0.9962151,0.8807823,-0.9872066,-1.1174132,-0.95970756,0.35759532,0.10405222,0.57448703,1.0459123,-0.3948728,-1.5450689,-1.3841097,-2.1166928,-0.63374937,-1.8895565,-1.0458373,-1.7532867,-1.0999857,-1.7426786,-1.4053656,-1.1800256,1.1363558,-0.95105654,0.309017,0.5,0.8660254,-0.8660254,-0.5,0.0,0.0,1.0,0.0,0.0
2026-01-19 12:00:00,4.0,-2.2729743,-0.5777941,0.76148313,0.36478183,0.27757078,1.0521759,1.8000219,-3.0,1.4889717,1.5919569,1.9294102,0.72906303,-2.280504,-2.3156753,-2.0886297,-1.9040029,-2.6830275,-2.073451,-2.8621955,-1.5776062,-2.3467429,-2.1879358,0.9078747,0.9724039,0.0,1.0,0.5,0.8660254,0.8660254,-0.5,0.0,1.0,0.0,0.0,0.0
2026-01-19 16:00:00,4.0,-0.6031269,-1.170726,0.24720171,-0.68942726,-0.15924259,0.04977624,-0.6620553,0.19731969,1.2031697,1.4495425,1.8449349,0.44018382,-2.3254268,-2.4164495,-2.2571223,-2.37128,-2.584585,-2.2116487,-3.0,-1.4269357,-2.4333835,-2.376511,0.5858892,0.94947135,0.0,1.0,0.5,0.8660254,1.2246469e-16,-1.0,0.0,1.0,0.0,0.0,0.0
2026-01-20 08:00:00,4.0,0.3362352,0.55901533,1.3992766,-1.0688298,-0.9053804,-1.3037415,-0.9172808,0.35749683,0.40325373,0.88183355,1.3922352,-0.24844582,-2.0479434,-2.146683,-2.3078816,-1.4178257,-1.5531411,-2.8173864,-2.5960782,-1.1203066,-2.2567468,-2.2982473,-1.0264432,1.0748781,0.0,1.0,0.5,0.8660254,-0.8660254,-0.5,0.0,0.0,1.0,0.0,0.0
2026-01-20 12:00:00,4.0,-2.489664,-0.9863919,0.3882687,-0.36187837,1.047023,-0.22611131,1.01124,-3.0,1.8095857,1.9195212,2.2592068,0.8363993,-2.4640558,-2.7427983,-2.1593397,-2.3604171,-2.2820613,-3.0,-3.0,-1.3780148,-2.5483024,-2.7380583,1.3466411,0.84236735,0.95105654,0.309017,0.5,0.8660254,0.8660254,-0.5,0.0,1.0,0.0,0.0,0.0
2026-01-20 16:00:00,4.0,1.6924267,1.6134595,-1.097956,-1.1536862,0.368348,2.46921,0.9950844,0.31261677,1.6488758,1.8144951,2.1132755,0.7347618,-1.5175447,-1.8334066,-1.8515625,-1.6245748,-1.4516594,-2.7186072,-1.8954833,-0.9051026,-1.7304825,-1.9509615,1.0572658,-1.1198719,0.95105654,0.309017,0.5,0.8660254,1.2246469e-16,-1.0,0.0,1.0,0.0,0.0,0.0
2026-01-21 08:00:00,4.0,0.083726175,-0.30439943,0.64954776,1.0231503,-0.9814602,-0.9073218,-0.9760931,0.28743765,0.67837065,1.1612337,1.6291634,-0.09812678,-1.4723296,-1.7642251,-1.7236434,-0.48607394,-1.4191896,-2.5906134,-2.0412817,-0.7885386,-1.7097013,-2.0431933,-1.0694735,-1.4926169,0.95105654,0.309017,0.5,0.8660254,-0.8660254,-0.5,0.0,0.0,1.0,0.0,0.0
2026-01-21 12:00:00,4.0,-1.5826963,-1.6728917,-0.5217471,-1.2004733,0.6171043,-0.18301246,0.2056774,-0.09795011,1.1009321,1.464355,1.8933811,0.2131016,-1.7754029,-2.112748,-1.5869628,-0.9768958,-2.006918,-3.0,-2.5437422,-0.9740007,-1.9623393,-2.379246,1.2071648,-1.1736819,0.58778524,-0.809017,0.5,0.8660254,0.8660254,-0.5,0.0,1.0,0.0,0.0,0.0
2026-01-21 16:00:00,4.0,0.72702634,0.5948755,-0.7858891,1.0526968,0.2589058,1.9283245,0.6474168,0.2164836,1.1329845,1.4517125,1.8371798,0.2642385,-1.4141124,-1.7510966,-1.302614,-0.77198833,-1.3166159,-2.6249478,-2.0445735,-0.75149286,-1.4790888,-1.9575976,0.895546,-0.7266914,0.58778524,-0.809017,0.5,0.8660254,1.2246469e-16,-1.0,0.0,1.0,0.0,0.0,0.0
2026-01-22 08:00:00,4.0,-0.19516955,-1.5039891,-0.8292185,-0.5558503,-1.0756406,-1.0748875,-1.0024024,0.2175999,0.29590803,0.86418754,1.4084158,-0.4775725,-1.4358202,-1.7557153,-1.2101097,0.34005436,-1.21924,-2.759258,-2.1659217,-0.72908324,-1.5075942,-2.1451185,-1.2339827,-0.97877634,0.58778524,-0.809017,0.5,0.8660254,-0.8660254,-0.5,0.0,0.0,1.0,0.0,0.0
2026-01-22 12:00:00,4.0,-0.6564678,-0.8467977,-0.53883904,0.73410755,1.3831651,0.101254396,0.99066126,0.58279717,1.0278027,1.3235459,1.7271745,0.16758837,-1.5476748,-1.8610816,-0.9649054,-0.7916286,-1.4727955,-2.4627252,-2.2858038,-0.7858275,-1.3937203,-2.0367389,1.2799177,-1.1188588,-0.58778524,-0.809017,0.5,0.8660254,0.8660254,-0.5,0.0,1.0,0.0,0.0,0.0
2026-01-22 16:00:00,4.0,0.29143253,0.110373415,-0.18196219,1.7630044,0.48842317,1.7594187,0.30000737,0.21294108,1.119391,1.3671827,1.7249708,0.24480447,-1.4145608,-1.7159146,-0.7336516,-0.68716097,-0.7154936,-2.317776,-2.1622558,-0.6761553,-1.0846832,-1.7963927,0.9592864,-0.9240447,-0.58778524,-0.809017,0.5,0.8660254,1.2246469e-16,-1.0,0.0,1.0,0.0,0.0,0.0
2026-01-23 08:00:00,4.0,0.31208143,0.7803558,0.81035185,-0.74227804,-1.3437896,-1.0583963,-1.0124646,0.26098952,0.20264773,0.7328206,1.2561224,-0.5712664,-1.2833046,-1.5797704,-0.5634357,0.23313707,-0.4509034,-2.06089,-2.3206382,-0.56999767,-0.9566076,-1.8518753,-1.513241,-1.0088935,-0.58778524,-0.809017,0.5,0.8660254,-0.8660254,-0.5,0.0,0.0,1.0,0.0,0.0
2026-01-23 12:00:00,4.0,1.9598796,-0.28785577,-1.238068,2.5193,0.09989828,-0.11990138,0.8958244,3.0,0.67877585,0.94028085,1.2967548,-0.036720745,-0.33253792,-0.76035213,0.053046107,0.8638482,0.05179671,-0.9974475,-1.6463367,-0.041911818,-0.0904896,-1.0029371,0.38430876,-1.8084279,-0.95105654,0.309017,0.5,0.8660254,0.8660254,-0.5,0.0,1.0,0.0,0.0,0.0
2026-01-23 16:00:00,4.0,2.3831792,1.5111573,-0.9218864,-0.9262919,1.9649532,1.578564,0.45585564,0.49715683,1.4366469,1.3766623,1.4951619,0.7343274,0.5919582,0.14966236,0.807464,2.1318264,1.5172446,-0.37737718,-0.58701104,0.6759224,0.80243784,-0.06071556,1.3582091,-1.5196187,-0.95105654,0.309017,0.5,0.8660254,1.2246469e-16,-1.0,0.0,1.0,0.0,0.0,0.0
2026-01-26 08:00:00,4.0,-0.6839669,-1.66964,-0.7540859,-1.0817506,-0.57311267,-0.87824094,-0.9893788,0.09119155,0.8599153,1.058749,1.3114951,0.1589882,0.3164695,-0.08270996,1.1845902,2.0233893,0.81608,-0.37374297,-0.82133025,0.49786744,0.6026571,-0.3138958,-0.25444874,-1.5098994,-0.95105654,0.309017,0.5,0.8660254,-0.8660254,-0.5,0.0,0.0,1.0,0.0,0.0
2026-01-26 12:00:00,4.0,-0.6520606,-0.555157,-0.092897214,0.84803444,-0.52023715,-0.87929446,-0.5284846,-0.8984467,0.66697425,0.94847226,1.2552335,-0.05804383,0.06979181,-0.29502138,1.2735739,1.5393741,0.58757627,-0.5521831,-1.144637,0.3260406,0.4076002,-0.5353045,-0.26785195,-1.5467819,0.0,1.0,0.5,0.8660254,0.8660254,-0.5,0.0,1.0,0.0,0.0,0.0
2026-01-26 16:00:00,4.0,1.9971516,1.6172695,-1.144118,-0.9261265,1.2169424,-0.10813927,0.499831,0.34646437,1.1022804,1.1674101,1.3180413,0.42058504,0.7615808,0.42225593,1.5232158,2.2892954,1.660583,-0.13601601,-0.56404287,1.1646575,1.1300795,0.23148023,1.1587162,-0.7532993,0.0,1.0,0.5,0.8660254,1.2246469e-16,-1.0,0.0,1.0,0.0,0.0,0.0
2026-01-27 08:00:00,4.0,0.33420718,0.7221429,-0.36429885,0.48037162,-0.9352027,-0.98511255,-0.9236381,0.18048017,0.36625192,0.692943,0.9925214,-0.2614593,0.8426689,0.51923436,1.8128911,1.5564135,1.5331887,0.28358534,-0.40293166,1.3042253,1.2890468,0.33360133,-0.7813602,-0.9071642,0.0,1.0,0.5,0.8660254,-0.8660254,-0.5,0.0,0.0,1.0,0.0,0.0
2026-01-27 12:00:00,4.0,-1.0839877,-1.2972134,0.15085736,-1.1285282,1.271722,-0.50452554,0.22548689,0.8173148,1.1124523,1.1935381,1.3553239,0.36036983,0.40611735,0.14245744,1.5400697,-0.025088577,1.2322991,0.10423513,-0.80814934,0.8646367,0.81444204,-0.026074037,1.1843339,-0.9551098,0.95105654,0.309017,0.5,0.8660254,0.8660254,-0.5,0.0,1.0,0.0,0.0,0.0
2026-01-27 16:00:00,4.0,-0.7476961,-0.7075872,-0.086168356,0.51955634,1.1468138,0.77694684,0.56739384,0.08520261,1.6896135,1.6253053,1.6697446,0.76483256,0.12700672,-0.10704899,1.2005974,-0.072005875,1.1688957,-0.158263,-1.0393041,0.575222,0.5450267,-0.22264765,1.1448395,-1.187693,0.95105654,0.309017,0.5,0.8660254,1.2246469e-16,-1.0,0.0,1.0,0.0,0.0,0.0
2026-01-28 08:00:00,4.0,-0.019559886,-0.89438754,1.0911939,-1.0130272,-1.46517,-1.124731,-1.052255,0.14144157,0.48487753,0.8966528,1.2102898,-0.35419658,0.0950551,-0.13084221,1.1010991,0.21390787,1.0728738,0.36323947,-0.93161,0.5335434,0.5388752,-0.33160296,-1.7842149,-1.1624733,0.95105654,0.309017,0.5,0.8660254,-0.8660254,-0.5,0.0,0.0,1.0,0.0,0.0
2026-01-28 12:00:00,4.0,0.5730569,0.8991218,-0.83049643,0.49021825,-0.037185416,-0.6925607,0.70328015,-0.3077925,0.45025766,0.82983935,1.1360396,-0.38154685,0.29638535,0.06580324,1.0016714,-0.44787163,1.1525412,0.6508723,-0.66907763,0.7463886,0.7038638,-0.11972682,0.21154426,-1.1562825,0.58778524,-0.809017,0.5,0.8660254,0.8660254,-0.5,0.0,1.0,0.0,0.0,0.0
2026-01-28 16:00:00,4.0,0.05645624,-0.04737957,1.179798,0.9507985,-0.34549743,0.14793432,0.4245871,0.06543516,0.26569334,0.6876498,1.0379502,-0.5577102,0.29144374,0.06615992,0.92028385,-0.57614785,0.627434,0.590805,-0.8347901,0.7230355,0.69300634,-0.10451355,-0.016311701,-1.131807,0.58778524,-0.809017,0.5,0.8660254,1.2246469e-16,-1.0,0.0,1.0,0.0,0.0,0.0
2026-01-29 08:00:00,5.0,-0.14637853,-0.8819827,-0.8943046,0.87632054,-1.1330132,-1.0558549,-1.0042948,0.12114176,-0.49564713,0.17315282,0.7222558,-1.2776737,0.20268153,-0.0027916967,0.8553827,-0.13407136,-0.102131076,1.122031,-0.9012101,0.56825626,0.5835923,-0.23452741,-1.1069896,-1.0662785,0.58778524,-0.809017,0.5,0.8660254,-0.8660254,-0.5,0.0,0.0,1.0,0.0,0.0
2026-01-29 12:00:00,5.0,-3.0,-1.1691906,-0.9047519,0.20410469,3.0,3.0,3.0,-3.0,3.0,3.0,3.0,3.0,-1.9514596,-2.4043915,-0.4823393,-3.0,-3.0,-2.4830093,-3.0,-2.3499794,-1.4422917,-1.5631065,1.4360741,-0.86604893,-0.58778524,-0.809017,0.5,0.8660254,0.8660254,-0.5,0.0,1.0,0.0,0.0,0.0
2026-01-29 16:00:00,5.0,-0.87113124,-0.94952714,-0.41928312,0.2593514,0.8107251,1.8481748,-0.26807398,0.18827932,3.0,3.0,3.0,3.0,-1.9773271,-2.435145,-1.0708174,-3.0,-3.0,-2.7439787,-3.0,-1.7400899,-1.5183136,-1.6635278,1.2741777,-0.42153314,-0.58778524,-0.809017,0.5,0.8660254,1.2246469e-16,-1.0,0.0,1.0,0.0,0.0,0.0
2026-01-30 08:00:00,5.0,0.122442774,-0.18552047,0.7015959,1.0152354,-0.67245555,-0.32293487,-0.36437145,0.16841939,3.0,3.0,3.0,2.0206852,-1.8874904,-2.2924824,-1.5041331,-3.0,-3.0,-2.2650824,-3.0,-1.2867318,-1.5746799,-1.7938801,-0.86134773,-0.40369526,-0.58778524,-0.809017,0.5,0.8660254,-0.8660254,-0.5,0.0,0.0,1.0,0.0,0.0
2026-01-30 12:00:00,5.0,2.027243,1.2442706,-1.0272398,-0.008926756,0.37159842,-0.024543012,-0.12370778,1.6845233,2.791666,3.0,3.0,1.7125472,-0.91645914,-1.3066319,-1.2815017,-2.5829296,-2.3960738,-1.4632274,-2.535241,-0.6689399,-0.8649945,-1.089951,1.129923,-0.086882986,-0.95105654,0.309017,0.5,0.8660254,0.8660254,-0.5,0.0,1.0,0.0,0.0,0.0
2026-01-30 16:00:00,5.0,-0.08869807,-0.6095217,-0.2883485,1.0480291,-0.49736437,-0.017534303,-0.22042575,0.13607256,1.9667722,2.6494718,2.9146588,0.7902794,-0.9572029,-1.3253192,-1.2192582,-2.456964,-2.121072,-1.4380523,-1.9260302,-0.65858895,-0.96105695,-1.235952,-0.16110823,-0.16937254,-0.95105654,0.309017,0.5,0.8660254,1.2246469e-16,-1.0,0.0,1.0,0.0,0.0,0.0
2026-02-02 08:00:00,5.0,0.1598092,0.3291854,0.4322613,0.8689096,-0.8393492,-0.6829929,-0.3547995,0.118271425,1.1657312,1.9989375,2.417128,-0.1740605,-0.93260854,-1.276316,-1.1515042,0.66767657,-1.8493383,-1.2252781,-1.8495377,-0.58359545,-1.0287678,-1.3757538,-1.2334243,-0.18109533,-0.95105654,0.309017,0.5,0.8660254,-0.8660254,-0.5,0.0,0.0,1.0,0.0,0.0
2026-02-02 12:00:00,5.0,0.48209766,0.7086486,-0.94202894,1.2958134,-0.05208128,-0.50942224,-0.016786858,0.07385086,0.9681035,1.7450141,2.1836617,-0.36399445,-0.7377647,-1.0771242,-0.8820872,1.2878872,-1.6190715,-1.0637107,-1.7878404,-0.4388577,-0.8514254,-1.2243284,0.6766435,-0.19358145,0.0,1.0,0.8660254,0.5,0.8660254,-0.5,0.0,1.0,0.0,0.0,0.0
2026-02-02 16:00:00,4.0,0.43594024,0.81384164,0.4100669,-0.37612662,-0.41567823,-0.32429644,-0.10526335,0.15466775,0.64728856,1.4162163,1.9049101,-0.7386105,-0.56210506,-0.9029305,-0.5979818,1.4121083,-1.5314045,-0.9295991,-1.7246251,-0.31079358,-0.71779776,-1.1433561,-0.06634465,-0.09389491,0.0,1.0,0.8660254,0.5,1.2246469e-16,-1.0,0.0,1.0,0.0,0.0,0.0
2026-02-03 08:00:00,5.0,0.19599442,0.78606683,1.4285822,-1.3427826,-0.9255173,-0.6603386,-0.3428917,0.12772799,0.14378838,0.9663166,1.5562037,-1.4102758,-0.50616163,-0.841042,-0.3485724,0.5478681,-1.4426382,-1.2085043,-1.6669133,-0.2335407,-0.70752525,-1.240886,-1.6792194,0.075997904,0.0,1.0,0.8660254,0.5,-0.8660254,-0.5,0.0,0.0,1.0,0.0,0.0
2026-02-03 12:00:00,5.0,-0.37453943,-1.1740443,-0.83521146,0.10986852,1.1171668,-0.039005164,0.69751143,1.5651,0.88663006,1.4072477,1.8449718,-0.26634657,-0.64157546,-0.94923395,-0.10727175,0.4161711,-1.5217757,-1.787091,-1.4880458,-0.28697118,-0.61988175,-1.0658295,1.3430663,0.016248228,0.95105654,0.309017,0.8660254,0.5,0.8660254,-0.5,0.0,1.0,0.0,0.0,0.0
2026-02-03 16:00:00,5.0,-1.0666785,-1.2518195,-0.911195,-0.011667625,0.650003,0.3068565,-0.15059328,0.07688382,1.2793057,1.6855822,2.0613618,0.17825024,-0.9384483,-1.21017,-0.12090109,-0.15376598,0.38284963,-2.0173004,-1.7307557,-0.47533017,-0.8355136,-1.2344961,1.1424775,0.16417062,0.95105654,0.309017,0.8660254,0.5,1.2246469e-16,-1.0,0.0,1.0,0.0,0.0,0.0
2026-02-04 08:00:00,5.0,-0.16310267,-1.374059,-0.42757604,-0.96823084,-0.7762897,-0.62804765,-0.3574063,0.095000304,0.7415669,1.3006998,1.7864904,-0.54643595,-0.98689365,-1.2406762,-0.16994707,-0.45162162,0.62885207,-1.8983381,-1.8290147,-0.4620178,-0.92398083,-1.4210057,-0.92719245,0.10423019,0.95105654,0.309017,0.8660254,0.5,-0.8660254,-0.5,0.0,0.0,1.0,0.0,0.0
2026-02-04 12:00:00,5.0,-1.0809019,-1.0381463,-0.61622983,0.00797952,0.62126017,-0.02419442,0.28389317,-0.156856,1.1999537,1.6107465,2.0148938,-0.00012732069,-1.2048212,-1.4417659,-0.27933976,-1.1431737,0.19483589,-2.538659,-2.3675725,-0.61045283,-1.0545447,-1.5107625,1.1236415,-0.031213632,0.58778524,-0.809017,0.8660254,0.5,0.8660254,-0.5,0.0,1.0,0.0,0.0,0.0
2026-02-04 16:00:00,5.0,1.4897069,1.4472919,-0.9012572,-0.35985303,0.535954,0.5025522,-0.12434636,0.10970126,1.3561195,1.6384678,1.9373982,0.3306152,-0.49777034,-0.8335968,-0.07366263,-0.53509074,0.0043784645,-1.9855855,-1.9425223,-0.2494876,-0.36866787,-0.88188684,1.0426643,-0.18872678,0.58778524,-0.809017,0.8660254,0.5,1.2246469e-16,-1.0,0.0,1.0,0.0,0.0,0.0
2026-02-05 08:00:00,5.0,0.28522533,0.7280431,-0.5839089,1.1355153,-0.850126,-0.7130785,-0.36647457,0.10924528,0.74661225,1.2132795,1.6314292,-0.45975614,-0.41097313,-0.74976313,0.103488296,-0.23270783,0.14251728,-1.661041,-1.8219215,-0.14488603,-0.25257075,-0.9137584,-1.1123337,-0.17006369,0.58778524,-0.809017,0.8660254,0.5,-0.8660254,-0.5,0.0,0.0,1.0,0.0,0.0
2026-02-05 12:00:00,5.0,1.489334,1.5632137,-0.68056846,-1.0691798,-0.22861283,-0.42220786,-0.010617424,1.2039118,0.8315908,1.1761864,1.517798,-0.19127783,0.24226226,-0.16426028,0.50297457,0.9738596,0.6507079,-0.9969505,-1.2849357,0.2712164,0.39692596,-0.3123882,0.33064422,-0.08831018,-0.58778524,-0.809017,0.8660254,0.5,0.8660254,-0.5,0.0,1.0,0.0,0.0,0.0
2026-02-05 16:00:00,5.0,-0.8980344,-1.4912988,-1.1954838,-0.5835292,0.043776937,0.53230673,0.09550267,0.1368193,0.9120883,1.2506365,1.5970341,-0.16321242,-0.07056568,-0.4139746,0.60227054,0.61702085,0.13253795,-1.3011618,-1.552766,0.053299457,0.13903199,-0.5583756,0.6959781,0.03416115,-0.58778524,-0.809017,0.8660254,0.5,1.2246469e-16,-1.0,0.0,1.0,0.0,0.0,0.0
2026-02-06 08:00:00,5.0,0.43548465,1.260773,-0.90780944,-0.05255285,-0.82162225,-0.8413332,-0.37705505,0.09282731,0.43012452,0.8941586,1.3335856,-0.7955277,0.07927336,-0.27387577,0.7796362,1.3112341,0.1414733,-1.2333801,-1.3866354,0.22589672,0.36514792,-0.49493787,-0.9333212,-0.014176109,-0.58778524,-0.809017,0.8660254,0.5,-0.8660254,-0.5,0.0,0.0,1.0,0.0,0.0
2026-02-06 12:00:00,5.0,0.26422966,1.2690266,-1.1605052,0.2072731,-0.29268065,-0.5894672,0.035944752,-0.864202,0.35760397,0.7917158,1.2366301,-0.8241896,0.16301937,-0.1996056,0.9197903,0.7431684,0.17204697,-1.1478463,-1.5678234,0.4084624,0.56832993,-0.39134753,0.26217887,-0.043410484,-0.95105654,0.309017,0.8660254,0.5,0.8660254,-0.5,0.0,1.0,0.0,0.0,0.0
2026-02-06 16:00:00,4.0,0.069563024,-0.118135475,0.5746753,1.3725839,-0.6712424,-0.0684831,-0.01987897,0.049145527,0.114813454,0.5822873,1.0794601,-1.1128594,0.1640471,-0.19502524,1.0400691,0.6435848,0.34039402,-1.0981154,-1.5293084,0.6464538,0.69588524,-0.42134166,-0.56464005,-0.28685784,-0.95105654,0.309017,0.8660254,0.5,1.2246469e-16,-1.0,0.0,1.0,0.0,0.0,0.0
2026-02-09 08:00:00,4.0,0.34840283,1.5578282,-0.5576023,-1.2557046,-1.1892778,-0.8696403,-0.36224997,0.11083653,-0.28383717,0.24348779,0.8232197,-1.6123735,0.30910274,-0.07425088,1.2288452,0.10348486,0.8851832,1.1334851,-1.4326376,0.8464494,0.82122916,-0.40212455,-1.5147784,1.2282016,-0.95105654,0.309017,0.8660254,0.5,-0.8660254,-0.5,0.0,0.0,1.0,0.0,0.0
2026-02-09 12:00:00,4.0,0.8074806,1.4868333,-0.4022032,-1.3078649,-0.3735815,-0.595788,-0.07376846,0.27206478,-0.28893062,0.13383953,0.6844516,-1.4441453,0.72098315,0.27173403,1.4422147,0.9190548,1.2685513,1.6754695,-1.2016699,1.4510926,1.1496483,0.005448247,-0.19923683,0.9184051,0.0,1.0,0.8660254,0.5,0.8660254,-0.5,0.0,1.0,0.0,0.0,0.0
2026-02-09 16:00:00,4.0,0.36002803,0.5398044,-0.9048267,1.719859,-0.27873692,0.43152964,-0.016369423,0.09671398,-0.29175118,0.055803195,0.5889613,-1.3184775,0.90129524,0.4240917,1.6090513,0.8830976,1.7906489,1.7337561,-1.1709044,1.6137679,1.249394,0.22055118,-0.035548855,1.0096493,0.0,1.0,0.8660254,0.5,1.2246469e-16,-1.0,0.0,1.0,0.0,0.0,0.0
2026-02-10 08:00:00,4.0,0.0916177,-0.5893094,1.2901369,-0.3725131,-1.2275081,-1.004623,-0.3646625,0.11326192,-0.64589506,-0.24764372,0.36167046,-1.7963294,0.9364091,0.4574793,1.8185902,0.7985372,1.2530713,1.103288,-1.1422786,1.511724,1.3120676,0.17972346,-1.8956467,0.65216744,0.0,1.0,0.8660254,0.5,-0.8660254,-0.5,0.0,0.0,1.0,0.0,0.0
2026-02-10 12:00:00,4.0,0.48032457,0.08492555,0.8459311,1.3762468,-0.047882497,-0.43068135,0.03299061,0.69131655,-0.52688664,-0.25805065,0.29568896,-1.4389172,1.2560393,0.72020996,1.8531275,0.99008614,1.324593,1.3132119,-1.1311361,1.7587254,1.5444447,0.5808328,0.25555682,0.5916418,0.95105654,0.309017,0.8660254,0.5,0.8660254,-0.5,0.0,1.0,0.0,0.0,0.0
2026-02-10 16:00:00,4.0,0.54738504,1.0146852,-0.16096927,-0.19039994,-0.15476526,0.53409487,-0.04943558,0.097885616,-0.46637797,-0.2898576,0.2130373,-1.2118301,1.5717928,1.0221332,1.8978052,1.0762556,0.964497,1.4568629,-0.80835074,1.9405026,1.7594858,1.0313941,0.22240536,0.61248636,0.95105654,0.309017,0.8660254,0.5,1.2246469e-16,-1.0,0.0,1.0,0.0,0.0,0.0
2026-02-11 08:00:00,4.0,0.06653989,-0.50760096,0.9727127,0.101022914,-1.1374835,-1.0204048,-0.36019704,0.089364156,-0.74236715,-0.5301456,0.017799707,-1.5897516,1.5707601,1.0681008,2.000353,0.7252818,1.3270247,1.3281559,-0.8265316,1.7322474,1.772188,1.0673621,-1.5215276,0.67331266,0.95105654,0.309017,0.8660254,0.5,-0.8660254,-0.5,0.0,0.0,1.0,0.0,0.0
2026-02-11 12:00:00,4.0,-0.4571336,0.5316063,0.8167567,0.25505665,-0.37155035,-0.5173514,-0.00404134,-1.2705468,-0.48157987,-0.3936064,0.08533316,-1.0594091,1.140432,0.8260151,1.6355361,0.34123796,0.9835672,1.0316297,-0.9339065,1.2077818,1.2954199,0.7843149,-0.38344073,0.67173743,0.58778524,-0.809017,0.8660254,0.5,0.8660254,-0.5,0.0,1.0,0.0,0.0,0.0
2026-02-11 16:00:00,4.0,-0.66420984,-1.3521905,-0.49669024,-0.8326485,0.40538374,0.72029346,0.01498371,0.10226067,-0.2189428,-0.22079407,0.1928996,-0.6109731,0.5861198,0.44624168,1.1600385,-0.012739421,0.62769884,0.73626536,-0.8214181,0.5702734,0.76039773,0.33743006,0.76034904,0.59275454,0.58778524,-0.809017,0.8660254,0.5,1.2246469e-16,-1.0,0.0,1.0,0.0,0.0,0.0
2026-02-12 08:00:00,4.0,-0.5059083,-1.6036105,-0.8804972,-1.2842237,-0.21518356,-0.77475965,-0.3472585,0.10223348,-0.24244912,-0.23183227,0.18086031,-0.63584834,0.2044377,0.16295716,0.74731946,-0.47558758,0.4079587,0.6893369,-0.9888476,0.07514043,0.370938,-0.109226346,-0.2266419,0.5814998,0.58778524,-0.809017,0.8660254,0.5,-0.8660254,-0.5,0.0,0.0,1.0,0.0,0.0
2026-02-12 12:00:00,4.0,0.41737357,0.27770194,1.2083825,0.64215714,0.10130378,-0.41368237,-0.16032305,0.41930348,-0.24024546,-0.25448686,0.118008114,-0.5554617,0.44895512,0.38163754,0.523426,-0.5358445,0.43450293,1.2015225,-0.74761134,0.2694435,0.526682,0.26986355,0.2417744,0.15086834,-0.58778524,-0.809017,0.8660254,0.5,0.8660254,-0.5,0.0,1.0,0.0,0.0,0.0
2026-02-12 16:00:00,4.0,-0.13368048,-0.602374,2.4056878,-1.2272216,0.0040413667,0.5737161,-0.057598855,0.11276386,-0.23177968,-0.2533733,0.09837789,-0.5092465,0.28317297,0.2672062,0.3138082,-0.6287672,0.07687471,1.2082866,-0.81818414,-0.0041605122,0.32903802,0.1693238,-0.07273163,0.16610293,-0.58778524,-0.809017,0.8660254,0.5,1.2246469e-16,-1.0,0.0,1.0,0.0,0.0,0.0
2026-02-13 08:00:00,4.0,0.02728355,-1.009411,-0.30936652,-0.21064539,-1.4047469,-0.9276349,-0.35903776,0.09551558,-0.59453094,-0.52305776,-0.11034218,-1.0465982,0.22061548,0.23532112,0.16744198,-0.40130007,-0.049493738,1.5644361,-0.8890518,-0.29914656,0.15005755,-0.054425772,-1.7189357,-0.18552537,-0.58778524,-0.809017,0.8660254,0.5,-0.8660254,-0.5,0.0,0.0,1.0,0.0,0.0
2026-02-13 12:00:00,4.0,0.9356759,0.81653005,0.028232886,0.21643603,1.0269501,-0.19434886,0.013114016,0.82072455,-0.3804031,-0.43377873,-0.13004522,-0.5621949,0.9312854,0.84504527,0.2582294,0.34913385,0.27355486,1.3673762,-0.3485427,0.4829523,0.6751357,0.9947216,0.5893056,0.17662728,-0.95105654,0.309017,0.8660254,0.5,0.8660254,-0.5,0.0,1.0,0.0,0.0,0.0
2026-02-13 16:00:00,4.0,-0.02906268,-0.34737846,2.3112586,-0.5835736,-0.08489279,0.84519196,-0.09006288,0.069547094,-0.42475095,-0.47661597,-0.18712513,-0.5915113,0.80602336,0.7607994,0.28718874,0.57054526,0.08030879,1.2466022,-0.29401428,0.23692574,0.52721024,0.9248997,-0.4063619,0.10354606,-0.95105654,0.309017,0.8660254,0.5,1.2246469e-16,-1.0,0.0,1.0,0.0,0.0,0.0
2026-02-16 08:00:00,4.0,0.089361876,-0.14515205,0.25560543,1.6266891,-1.4384421,-0.9596545,-0.36134338,0.078718215,-0.73842484,-0.72168785,-0.39048833,-1.0674504,0.7701145,0.74517155,0.32335648,0.41695014,-0.09408932,0.7692283,-0.30868414,0.21504296,0.49599275,0.8322067,-1.5816147,0.71999735,-0.95105654,0.309017,0.8660254,0.5,-0.8660254,-0.5,0.0,0.0,1.0,0.0,0.0
2026-02-16 12:00:00,4.0,-0.15816446,-1.4191337,-1.2868124,-0.5244993,1.5975875,-0.451212,-0.073810115,1.2586008,-0.404609,-0.51334393,-0.27937612,-0.44520086,0.5453407,0.5817706,0.2232166,0.40578377,-0.18051535,1.0131278,-0.014851983,-0.1713701,0.2899957,0.7879375,0.83410037,-0.3856278,0.0,1.0,0.8660254,0.5,0.8660254,-0.5,0.0,1.0,0.0,0.0,0.0
2026-02-16 16:00:00,4.0,-0.28706515,-1.2845784,0.12133247,-1.3505201,-0.4389832,-0.098473996,-0.17248532,0.033085294,-0.5164864,-0.59294415,-0.35122064,-0.6111629,0.22981478,0.34963158,0.07468843,0.26027304,-0.11572685,0.76461387,-0.032207802,-0.66001093,-0.018443886,0.41326317,-0.7176054,0.10249739,0.0,1.0,0.8660254,0.5,1.2246469e-16,-1.0,0.0,1.0,0.0,0.0,0.0
2026-02-17 08:00:00,4.0,-0.11235385,-1.5918578,-1.257612,-1.1979555,-1.2159392,-1.0519942,-0.3361653,0.042212326,-0.776678,-0.796831,-0.52324265,-1.0174382,0.049912415,0.21870495,-0.09027324,-0.23234761,0.09634452,0.6363543,-0.12877023,-0.8580518,-0.25297505,0.103441395,-1.3259928,0.35385102,0.0,1.0,0.8660254,0.5,-0.8660254,-0.5,0.0,0.0,1.0,0.0,0.0
2026-02-17 12:00:00,4.0,0.3040801,1.058478,-0.9592399,0.46895492,0.42214903,-0.35544288,-0.023932444,-0.36476564,-0.6656081,-0.7594857,-0.5528074,-0.7414136,0.27031872,0.3760645,-0.13295726,-0.07803367,0.40916932,0.71307325,0.39773145,-0.5825364,-0.08108343,0.5298392,-0.07897695,0.98056924,0.95105654,0.309017,0.8660254,0.5,0.8660254,-0.5,0.0,1.0,0.0,0.0,0.0
2026-02-17 16:00:00,4.0,0.15521875,0.22952059,2.6877184,-0.30813912,0.78407055,1.5469722,0.044793583,0.0103559885,-0.49708518,-0.6606512,-0.5260478,-0.39094204,0.3251403,0.41374582,-0.13366564,-0.048359636,0.30698085,0.6468201,0.18682802,-0.4777669,-0.009042627,0.7994971,0.38286433,0.81020844,0.95105654,0.309017,0.8660254,0.5,1.2246469e-16,-1.0,0.0,1.0,0.0,0.0,0.0
2026-02-18 08:00:00,4.0,0.16813786,0.48978308,2.0938187,-0.5703363,-0.9962815,-1.0824478,-0.35949096,0.02807175,-0.7154011,-0.8290658,-0.68576354,-0.7297827,0.40051362,0.46386746,-0.099661246,0.1043974,0.4231483,0.43259698,0.24324067,-0.3296013,0.035929367,0.8780599,-1.1508417,0.025573721,0.95105654,0.309017,0.8660254,0.5,-0.8660254,-0.5,0.0,0.0,1.0,0.0,0.0
2026-02-18 12:00:00,4.0,0.21198331,0.52785575,2.5928435,-1.377492,-0.42974228,-0.9759828,-0.23056127,0.034536555,-0.7761848,-0.899682,-0.78364456,-0.78054523,0.5487386,0.55866665,-0.02404403,0.33793497,0.4951072,0.38348117,0.601947,-0.12431788,0.16446477,1.1165156,-0.6712057,-0.30168247,0.58778524,-0.809017,0.8660254,0.5,0.8660254,-0.5,0.0,1.0,0.0,0.0,0.0
2026-02-18 16:00:00,4.0,0.83309215,1.5569899,-1.0258412,-0.784978,0.84055614,-0.20106193,0.067342974,0.007923139,-0.6004756,-0.813109,-0.7937737,-0.3537333,1.3951712,1.1717792,0.26444075,0.7754819,0.44971317,0.62941056,0.82084394,0.84311783,0.847868,2.0634818,0.47878322,1.3461899,0.58778524,-0.809017,0.8660254,0.5,1.2246469e-16,-1.0,0.0,1.0,0.0,0.0,0.0
2026-02-19 08:00:00,4.0,-0.026997559,-0.79857,-0.032603737,0.14775844,-1.1090559,-1.011901,-0.3323594,0.076015376,-0.8121032,-0.9701838,-0.9384949,-0.7206545,1.2376353,1.0678384,0.4630043,0.6197178,0.45077944,0.46183157,0.8484946,0.7708692,0.79666746,1.9840819,-1.1900858,1.2423292,0.58778524,-0.809017,0.8660254,0.5,-0.8660254,-0.5,0.0,0.0,1.0,0.0,0.0
2026-02-19 12:00:00,4.0,0.010550617,-0.67401993,1.2696983,-0.77514046,-0.58632314,-0.83433247,-0.19296785,0.2133211,-0.88466614,-1.0423322,-1.0283493,-0.8194018,1.1360563,0.99632454,0.54841566,0.5518064,0.42081013,0.282427,0.96898836,0.84663075,0.79618824,1.9560744,-0.87270284,0.9356806,-0.58778524,-0.809017,0.8660254,0.5,0.8660254,-0.5,0.0,1.0,0.0,0.0,0.0
2026-02-19 16:00:00,4.0,-0.47379857,-1.0903422,-0.35299063,-0.39672226,0.64874256,0.17352863,0.120439924,-0.028961875,-0.6910942,-0.9113501,-0.9481744,-0.42224652,0.45630863,0.582993,0.29100165,0.25535792,0.29952055,0.10150346,0.72642833,0.052474037,0.29638168,1.4300249,0.4133711,0.95372516,-0.58778524,-0.809017,0.8660254,0.5,1.2246469e-16,-1.0,0.0,1.0,0.0,0.0,0.0
2026-02-20 08:00:00,4.0,0.0783836,0.036383923,1.60891,0.7523698,-1.0965526,-1.0007991,-0.34635687,0.031727146,-0.8768673,-1.0546352,-1.089967,-0.7481922,0.4388128,0.56436956,0.17351434,0.1941797,0.4409189,0.28565466,0.7062908,0.15735066,0.33421978,1.4930077,-1.2348343,1.0064938,-0.58778524,-0.809017,0.8660254,0.5,-0.8660254,-0.5,0.0,0.0,1.0,0.0,0.0
2026-02-20 12:00:00,4.0,0.049598586,-0.7787347,-0.66484374,0.7992316,-0.40946695,-0.45037735,0.026907625,0.37759826,-0.9021507,-1.0933763,-1.1576632,-0.7528108,0.38175544,0.5260063,0.048371818,-0.1676751,0.50256056,0.52866995,0.37820092,0.099304676,0.30215073,1.5281352,-0.6281885,1.8319749,-0.95105654,0.309017,0.8660254,0.5,0.8660254,-0.5,0.0,1.0,0.0,0.0,0.0
2026-02-20 16:00:00,4.0,0.88449985,1.7172827,-0.9283445,-1.338191,0.9345001,0.79812133,0.008782392,0.06511256,-0.72392374,-0.99871165,-1.1553371,-0.2957583,1.4043148,1.2377561,0.24862526,0.25089988,0.72407943,0.990001,0.29975536,1.8019164,1.0703061,2.4089615,0.50993955,2.9989767,-0.95105654,0.309017,0.8660254,0.5,1.2246469e-16,-1.0,0.0,1.0,0.0,0.0,0.0
2026-02-23 08:00:00,4.0,-0.076538056,-1.2305793,-0.278063,-1.0002062,-1.0599011,-0.93435615,-0.35131502,0.046535373,-0.90722007,-1.1286122,-1.2768688,-0.663168,1.159385,1.0973717,0.36915427,0.2123317,0.63477397,0.81807387,0.41329867,1.2627418,0.90080255,2.1392987,-1.3274493,2.2933185,-0.95105654,0.309017,0.8660254,0.5,-0.8660254,-0.5,0.0,0.0,1.0,0.0,0.0
2026-02-23 12:00:00,4.0,-0.66171414,-0.3837154,0.64886427,0.6008528,0.040681086,-0.118153594,0.13976616,-1.0840578,-0.61696136,-0.91633826,-1.1198969,-0.06730888,0.2609675,0.5379189,0.014142849,0.12752344,0.31754056,0.6416835,0.26016155,-0.41801205,0.070592344,1.2644631,-0.4132982,0.53753144,0.0,1.0,0.8660254,0.5,0.8660254,-0.5,0.0,1.0,0.0,0.0,0.0
2026-02-23 16:00:00,4.0,-0.73350316,-1.5140885,-0.942402,-1.2936226,1.2090156,1.6316432,0.038288776,0.03302781,-0.41583252,-0.74367166,-0.97949725,0.2690367,-0.48423755,0.0047533475,-0.48749048,-0.25369802,-0.043456852,0.391021,-0.5184573,-1.8399138,-0.6635823,0.5080023,0.7174802,1.7159433,0.0,1.0,0.8660254,0.5,1.2246469e-16,-1.0,0.0,1.0,0.0,0.0,0.0
2026-02-24 08:00:00,4.0,0.26580825,1.0622822,0.0114833545,-0.18229648,-1.0109283,-0.5740358,-0.34461528,0.051248506,-0.67503756,-0.9162903,-1.1376749,-0.21048452,-0.27803546,0.15912803,-0.7399444,-0.15311655,-0.267906,0.16227895,-0.49123842,-1.2973118,-0.5170725,0.5927713,-1.2171394,1.8907535,0.0,1.0,0.8660254,0.5,-0.8660254,-0.5,0.0,0.0,1.0,0.0,0.0
2026-02-24 12:00:00,4.0,-0.39216027,-0.3628962,0.56962013,0.6242258,0.8581893,1.6544533,0.2455701,-0.49866956,-0.5299707,-0.80181605,-1.0531347,0.06064528,-0.6784883,-0.15184878,-1.0193176,-0.75547767,-0.4118719,0.04317383,-0.44354525,-1.6539937,-0.87340933,0.18619338,0.27331915,1.9823971,0.95105654,0.309017,0.8660254,0.5,0.8660254,-0.5,0.0,1.0,0.0,0.0,0.0
2026-02-24 16:00:00,4.0,0.64195365,0.932913,0.580995,-0.55537343,1.9070305,2.021954,-0.18646808,0.028830638,-0.2575579,-0.60562783,-0.9375329,0.5989657,0.028527059,0.35929757,-0.87995297,-0.41506732,-0.16596988,0.2248966,0.07096067,-0.7279908,-0.19513994,0.8020811,1.2353817,2.4478552,0.95105654,0.309017,0.8660254,0.5,1.2246469e-16,-1.0,0.0,1.0,0.0,0.0,0.0
2026-02-25 08:00:00,4.0,-0.0024250853,-0.52853554,0.62318665,0.14031139,-0.7816107,-0.7397574,-0.357727,0.074749544,-0.49941367,-0.748763,-1.0510113,0.13087344,-0.064823024,0.29241174,-0.8631976,-0.103062354,0.021985423,0.27784166,0.07825979,-0.7448458,-0.2868838,0.6595455,-0.94965154,2.232947,0.95105654,0.309017,0.8660254,0.5,-0.8660254,-0.5,0.0,0.0,1.0,0.0,0.0
2026-02-25 12:00:00,4.0,-0.10933003,0.1835412,1.1411235,1.1493441,0.20165437,-0.006409091,-0.015899707,-0.40305242,-0.52183706,-0.75390357,-1.0600319,0.08047244,-0.2562296,0.15305465,-0.8581038,0.19114622,-0.053278677,0.3397388,-0.14584443,-0.88996965,-0.45247534,0.48304147,-0.26742777,1.9200983,0.58778524,-0.809017,0.8660254,0.5,0.8660254,-0.5,0.0,1.0,0.0,0.0,0.0
2026-02-25 16:00:00,4.0,0.51778674,1.237457,0.07552128,-0.9802305,0.1455577,0.67884153,-0.13207476,0.06997713,-0.5576269,-0.7867098,-1.1154519,0.050986797,0.30555114,0.56679034,-0.6505429,0.31062898,0.1349199,0.5506389,0.15355179,-0.32026753,-0.025037536,0.8842066,-0.19931519,2.0602818,0.58778524,-0.809017,0.8660254,0.5,1.2246469e-16,-1.0,0.0,1.0,0.0,0.0,0.0
2026-02-26 08:00:00,1.0,-0.06937732,-1.0516177,-0.81490105,0.10348246,-1.0391549,-0.82735527,-0.34413067,0.06984813,-0.7611855,-0.93106747,-1.2369384,-0.34921804,0.12890388,0.44478014,-0.5686529,0.46170712,-0.24828917,0.4284622,0.16612615,-0.46907878,-0.21641731,0.66512144,-1.0493397,2.2678623,0.58778524,-0.809017,0.8660254,0.5,-0.8660254,-0.5,0.0,0.0,1.0,0.0,0.0
2026-02-26 12:00:00,4.0,0.8458169,1.142186,-1.2036728,0.6526271,0.77652216,-0.5077624,-0.05983977,0.15418732,-0.7060512,-0.89618397,-1.2176151,-0.091107845,0.7678492,0.92456794,-0.2763732,0.4195098,-0.0184987,0.54916805,3.0,0.13339953,0.3184691,1.1371248,0.139986,2.1983657,-0.58778524,-0.809017,0.8660254,0.5,0.8660254,-0.5,0.0,1.0,0.0,0.0,0.0
2026-02-26 16:00:00,4.0,1.8663666,1.4390477,-0.32951528,-1.4193189,3.0,2.198263,1.6238211,-0.16804878,-0.16531888,-0.5793186,-1.0190657,1.3075575,2.0188146,2.011015,0.27971008,1.0776067,0.7623153,0.88153857,3.0,1.5821635,1.3714348,2.056172,1.5933068,-0.09978094,-0.58778524,-0.809017,0.8660254,0.5,1.2246469e-16,-1.0,0.0,1.0,0.0,0.0,0.0
2026-02-27 08:00:00,1.0,-0.6556582,-1.4229035,-0.9262161,-0.8242374,-0.53552157,-0.7667435,-1.0629604,-0.09289914,-0.395627,-0.670782,-1.0493401,0.84964174,1.5729749,1.712659,0.52164376,1.070931,0.99783975,0.6847666,3.0,1.0289246,1.0147852,1.6708674,-0.6723656,-0.18558896,-0.58778524,-0.809017,0.8660254,0.5,-0.8660254,-0.5,0.0,0.0,1.0,0.0,0.0
2026-02-27 12:00:00,1.0,-0.39117676,-0.6361395,1.4311479,-1.0063152,0.17620233,-0.7082358,-0.5170977,0.05583975,-0.44837755,-0.6754309,-1.0274247,0.81844044,1.2476137,1.4622033,0.55290073,0.67281455,0.8165606,0.31781656,2.5464952,0.7634962,0.7929227,1.406773,-0.17351033,-1.1688081,-0.95105654,0.309017,0.8660254,0.5,0.8660254,-0.5,0.0,1.0,0.0,0.0,0.0
2026-02-27 16:00:00,1.0,-0.20847301,-0.23538117,-0.79337263,2.6655092,0.545989,0.29564193,0.468377,-0.025394516,-0.36593,-0.61353165,-0.9684856,1.0120833,1.0612197,1.3172872,0.4644379,0.7552913,1.0209706,0.29012194,2.4057677,0.6324688,0.6721924,1.2490317,0.3720173,-1.1337032,-0.95105654,0.309017,0.8660254,0.5,1.2246469e-16,-1.0,0.0,1.0,0.0,0.0,0.0
2026-03-02 08:00:00,4.0,0.1993732,0.9461048,0.7122883,-0.83009046,-1.3026727,-1.0918555,-1.0534482,-0.0865893,-0.8333179,-0.8486365,-1.1066271,-0.03795796,1.1753833,1.4029096,0.50093013,0.42408767,0.77833563,0.32727334,2.2785275,0.82558686,0.8360617,1.3131834,-1.4717515,-1.0364832,-0.95105654,0.309017,0.8660254,0.5,-0.8660254,-0.5,0.0,0.0,1.0,0.0,0.0
2026-03-02 12:00:00,4.0,-1.3550469,0.596267,-0.16406609,1.219351,1.2143215,-0.5929175,0.17637119,-3.0,0.22419292,-0.26306626,-0.70236516,1.9645092,0.11088203,0.6203396,-0.050949093,-1.1672498,0.36979353,0.23328188,1.7727951,-0.3344016,-0.037199836,0.6657092,1.171995,-1.480711,0.0,1.0,1.0,6.123234e-17,0.8660254,-0.5,0.0,1.0,0.0,0.0,0.0
2026-03-02 16:00:00,4.0,0.23193641,0.25877458,0.1437874,1.8857685,0.52684915,1.0778282,0.9695929,0.0762906,0.1806846,-0.23154406,-0.6656867,1.7124913,0.24652088,0.7174551,-0.29357716,-0.7453611,0.56231546,0.25195158,1.6271138,-0.13609263,0.07989307,0.73374295,0.37460232,-1.5909837,0.0,1.0,1.0,6.123234e-17,1.2246469e-16,-1.0,0.0,1.0,0.0,0.0,0.0
2026-03-03 08:00:00,4.0,-0.41271734,-1.4711529,-1.2063923,-0.852163,-1.1653413,-1.0036457,-1.0869873,0.022377416,-0.36355022,-0.470282,-0.77782094,0.5799878,-0.113494374,0.4372076,-0.5646602,-0.7562877,0.060957633,0.15310188,1.4520758,-0.4754189,-0.22813803,0.4442256,-1.1978999,-1.705597,0.0,1.0,1.0,6.123234e-17,-0.8660254,-0.5,0.0,0.0,1.0,0.0,0.0
2026-03-03 12:00:00,1.0,-2.024057,-1.1236867,-0.5678448,-0.46133918,1.5962949,0.14847861,1.1956174,-1.435277,0.521013,0.06873019,-0.38620445,1.85767,-1.4091125,-0.68135095,-1.2059528,-1.6386197,-0.8716312,-0.6065325,1.1630511,-1.9261736,-1.2969701,-0.41273046,1.4884517,-2.6760588,0.95105654,0.309017,1.0,6.123234e-17,0.8660254,-0.5,0.0,1.0,0.0,0.0,0.0
2026-03-03 16:00:00,1.0,0.7017655,0.90649396,0.016611984,0.08864806,0.757984,1.8347054,0.41487607,-0.15172403,0.5849707,0.14088635,-0.34306252,1.805198,-0.86530834,-0.2622076,-1.3891817,-1.3798021,-0.96218354,-0.44928005,1.62527,-1.2499163,-0.8117848,-0.095183976,1.0002171,-3.0,0.95105654,0.309017,1.0,6.123234e-17,1.2246469e-16,-1.0,0.0,1.0,0.0,0.0,0.0
2026-03-04 08:00:00,4.0,0.51461655,1.1674932,0.091560364,-0.92129624,-0.7994755,-0.71997875,-1.1576846,0.08628319,0.060933676,-0.101300344,-0.47778854,0.9111921,-0.47299024,0.06193728,-1.3936502,-0.5018722,-1.6395633,-0.083791204,1.7375137,-0.7441283,-0.54871476,0.060289405,-0.78183264,-2.4090714,0.95105654,0.309017,1.0,6.123234e-17,-0.8660254,-0.5,0.0,0.0,1.0,0.0,0.0
2026-03-04 12:00:00,1.0,1.2121027,-0.8842718,-1.2188066,1.1637117,0.26095602,-0.6222825,-0.53714913,3.0,0.44762,0.09709145,-0.38869816,1.4488083,0.5785333,1.0387206,-1.0151083,-0.055208046,-0.7584591,0.5226938,2.2437627,0.20311993,0.2251836,0.74715406,0.20825021,-2.5299017,0.58778524,-0.809017,1.0,6.123234e-17,0.8660254,-0.5,0.0,1.0,0.0,0.0,0.0
2026-03-04 16:00:00,1.0,0.051772192,0.1273263,-0.08431329,2.3189757,-0.13239652,0.6140572,0.7568923,0.02563822,0.26244113,0.027675744,-0.42292762,1.0547264,0.6030214,1.0788811,-0.75866705,0.1820511,-0.55906194,0.45200154,1.7447959,0.22032261,0.22473678,0.7699714,-0.20495565,-2.3211188,0.58778524,-0.809017,1.0,6.123234e-17,1.2246469e-16,-1.0,0.0,1.0,0.0,0.0,0.0
2026-03-05 08:00:00,4.0,-0.0408174,-0.24348196,1.660565,-0.058085155,-1.5990088,-1.0140573,-1.2154535,0.042497274,-0.6680028,-0.44183323,-0.67127657,-0.21012318,0.54331815,1.0450526,-0.56978136,1.2413641,-0.48107904,0.6845114,1.6284213,0.12726021,0.12114198,0.7077296,-1.8212616,-2.3560216,0.58778524,-0.809017,1.0,6.123234e-17,-0.8660254,-0.5,0.0,0.0,1.0,0.0,0.0
2026-03-05 12:00:00,1.0,0.39692256,0.6364912,0.4100103,0.4425749,0.5298767,-0.5094983,0.35804486,-0.16144572,-0.46413,-0.3816546,-0.65252686,0.13313764,0.8492237,1.3045624,-0.34139657,1.0584991,-0.41447917,0.46733204,1.2001112,0.3581471,0.34347475,0.9374927,0.5104371,-2.4595046,-0.58778524,-0.809017,1.0,6.123234e-17,0.8660254,-0.5,0.0,1.0,0.0,0.0,0.0
2026-03-05 16:00:00,1.0,1.3343829,0.80975413,0.26789352,-0.019395307,2.438376,1.9901224,1.8795966,0.102714926,1.0890429,0.35666856,-0.32756016,1.7287852,1.883032,2.2967203,0.008354678,1.3494552,0.7416161,0.87532824,1.6546079,1.1881756,1.0432048,1.6120536,2.1032047,-2.6648045,-0.58778524,-0.809017,1.0,6.123234e-17,1.2246469e-16,-1.0,0.0,1.0,0.0,0.0,0.0
2026-03-06 08:00:00,1.0,-0.25776705,-0.58199894,-0.9422278,1.5123038,-0.9100505,-0.535209,-1.1424357,0.06805837,0.114733495,-0.05696094,-0.51782906,0.67849326,1.5701202,2.00984,0.24731596,0.6578884,0.53412414,0.9647174,1.4652895,0.90356535,0.8426734,1.4932791,-0.78245306,-2.469488,-0.58778524,-0.809017,1.0,6.123234e-17,-0.8660254,-0.5,0.0,0.0,1.0,0.0,0.0
2026-03-06 12:00:00,1.0,1.0425457,-0.6610743,1.2934185,-0.99540263,0.12426598,0.50965035,0.3871656,2.6281865,1.1216096,0.47570384,-0.31284732,1.447489,2.2277522,2.63946,0.47182333,1.0891988,1.1300858,1.0678003,1.519681,1.4399221,1.3214586,1.9112967,0.23625681,-2.4874392,-0.95105654,0.309017,1.0,6.123234e-17,0.8660254,-0.5,0.0,1.0,0.0,0.0,0.0
2026-03-06 16:00:00,1.0,0.042590607,-0.015135451,-0.12745161,2.0965617,0.57023424,1.9768873,0.25948003,0.26535884,1.2771297,0.7040449,-0.20951077,1.4050072,2.1429641,2.519923,0.6000399,1.1195712,2.045669,1.3589191,1.4972223,1.304408,1.2175001,1.8481795,1.2107996,-2.1955,-0.95105654,0.309017,1.0,6.123234e-17,1.2246469e-16,-1.0,0.0,1.0,0.0,0.0,0.0
2026-03-09 08:00:00,1.0,0.09012096,0.5293368,1.4594651,-0.23936433,-1.3531295,-0.88596326,-1.218325,0.017796773,-0.34633878,-0.18761413,-0.5977537,0.12853454,2.0939808,2.4341862,0.80051875,0.9753082,1.7248719,0.9414512,1.3998339,1.2278349,1.3130344,1.9132407,-1.5703888,-2.184868,-0.95105654,0.309017,1.0,6.123234e-17,-0.8660254,-0.5,0.0,0.0,1.0,0.0,0.0
2026-03-09 12:00:00,1.0,-0.511598,-0.5109479,-1.2222139,1.683417,1.972039,-0.5917871,-0.20503259,0.69959944,1.3390943,0.9398944,-0.054778524,1.3512359,1.496268,1.9307921,0.5395248,0.18336913,1.317338,-0.27265656,1.0835283,0.97299176,0.90599054,1.4994776,1.9098461,-1.7403595,0.0,1.0,1.0,6.123234e-17,0.8660254,-0.5,0.0,1.0,0.0,0.0,0.0
2026-03-09 16:00:00,1.0,0.36386904,0.48424107,0.53012717,0.89298505,0.012120296,0.37268668,0.4742918,0.14000592,0.8959364,0.75961417,-0.11732473,0.9709892,1.6885195,2.0525267,0.5137536,0.45611817,0.9822716,0.26034886,1.0257709,1.1695869,1.1200353,1.589607,0.12188548,-1.6677022,0.0,1.0,1.0,6.123234e-17,1.2246469e-16,-1.0,0.0,1.0,0.0,0.0,0.0
2026-03-10 08:00:00,4.0,-0.34516996,-1.2843599,-0.537697,-1.021502,-1.1684384,-0.9778864,-1.129201,0.007696118,-0.47123778,-0.14126949,-0.4928518,-0.15450445,1.2744137,1.7047387,0.4657569,-0.15691997,0.84235305,0.31834272,0.9559353,0.93238777,0.98200494,1.4209086,-1.308575,-1.6800452,0.0,1.0,1.0,6.123234e-17,-0.8660254,-0.5,0.0,0.0,1.0,0.0,0.0
2026-03-10 12:00:00,4.0,-0.49788544,-0.51142776,1.4297316,-0.9936712,-0.21402203,0.07628585,1.2472706,-0.15385528,-0.6577771,-0.32196912,-0.5528721,-0.33496436,0.74308354,1.2836236,0.20940672,-0.39961264,0.6849015,0.21157137,0.7462618,0.62393045,0.6672506,1.1196494,-0.22398882,-1.7940665,0.95105654,0.309017,1.0,6.123234e-17,0.8660254,-0.5,0.0,1.0,0.0,0.0,0.0
2026-03-10 16:00:00,4.0,-0.883619,-0.34439817,-0.1638511,0.9664121,1.7454833,2.106608,0.81285524,-0.13545075,1.2371433,1.0508337,0.20514639,1.1732622,-0.07253295,0.64738226,-0.30233994,-0.84748995,0.17039096,-0.3073374,0.45581993,0.10483209,0.09531707,0.6424552,1.8839204,-1.7658013,0.95105654,0.309017,1.0,6.123234e-17,1.2246469e-16,-1.0,0.0,1.0,0.0,0.0,0.0
2026-03-11 08:00:00,4.0,0.41161957,1.0169024,-0.4382268,0.59234226,-0.86488205,-1.0128708,-1.2486875,0.015338807,0.016673077,0.20926975,-0.20274481,0.16270635,0.2517744,0.8749229,-0.5345419,-0.43260014,-0.21754485,0.6703104,0.49685094,0.31697094,0.3369317,0.78154206,-0.7919884,-1.7969128,0.95105654,0.309017,1.0,6.123234e-17,-0.8660254,-0.5,0.0,0.0,1.0,0.0,0.0
2026-03-11 12:00:00,4.0,-1.9084297,-0.52838486,-0.3101938,0.6513869,0.21433185,-0.17033122,1.0253077,-2.1709993,1.484848,1.3737606,0.5803591,1.2301736,-1.1955075,-0.34299505,-1.2548928,-1.4566836,-0.9235854,-0.38600883,0.3751904,-0.87853014,-0.902339,-0.10745274,0.6015634,-1.3048056,0.58778524,-0.809017,1.0,6.123234e-17,0.8660254,-0.5,0.0,1.0,0.0,0.0,0.0
2026-03-11 16:00:00,4.0,-0.83201975,-0.29907873,1.21226,-0.27542463,1.7536068,1.8098902,0.99976224,-0.06356942,2.9761133,2.670123,1.5318329,2.2293177,-1.6511576,-0.82761467,-1.757821,-1.6381558,-1.6796727,-0.540437,0.4779155,-1.2617351,-1.2112957,-0.37197372,1.9501367,-1.1493921,0.58778524,-0.809017,1.0,6.123234e-17,1.2246469e-16,-1.0,0.0,1.0,0.0,0.0,0.0
2026-03-12 08:00:00,1.0,0.1934043,0.8577415,1.6329521,-1.1987015,-1.1649344,-0.8676305,-1.2130898,-0.028409326,1.0623689,1.4170823,0.9242385,0.63653344,-1.4902194,-0.73901135,-2.1177232,-1.3413365,-1.5842927,0.7588703,0.6833954,-1.2673088,-1.2923894,-0.45215225,-1.4593647,-0.94258636,0.58778524,-0.809017,1.0,6.123234e-17,-0.8660254,-0.5,0.0,0.0,1.0,0.0,0.0
2026-03-12 12:00:00,1.0,1.0743276,1.7836607,-0.91973263,-1.036256,0.6300869,-0.36418018,0.17208315,-1.33217,1.3978485,1.6386489,1.1158547,0.9375183,-0.56450987,-0.006189716,-1.8165169,-0.49815536,-1.1815177,0.8564176,0.7086591,-0.7287696,-0.65699816,0.024910996,1.3605428,-0.4682522,-0.58778524,-0.809017,1.0,6.123234e-17,0.8660254,-0.5,0.0,1.0,0.0,0.0,0.0
2026-03-12 16:00:00,1.0,0.37019667,0.608677,1.7322692,-0.78449214,0.09476849,1.0226755,0.70985705,-0.11417771,1.1893255,1.5161694,1.1499231,0.73359025,-0.2832596,0.22028664,-1.5028933,-0.5339842,-0.83290356,0.73391235,0.82077867,-0.5718828,-0.48868808,0.16165377,0.6271913,-0.7022596,-0.58778524,-0.809017,1.0,6.123234e-17,1.2246469e-16,-1.0,0.0,1.0,0.0,0.0,0.0
2026-03-13 08:00:00,4.0,-0.16743502,-0.52235925,-0.38235724,0.9664785,-1.0034992,-0.96972364,-1.2106771,0.04175009,-0.08559024,0.5614835,0.5658909,-0.39949062,-0.4325103,0.07878136,-1.3718381,0.29146996,-1.0427125,-0.029345607,0.8023253,-0.6641131,-0.67222697,-0.0052510374,-1.1383154,-1.1026856,-0.58778524,-0.809017,1.0,6.123234e-17,-0.8660254,-0.5,0.0,0.0,1.0,0.0,0.0
2026-03-13 12:00:00,4.0,0.19285983,1.6148169,-1.0341028,-0.6091536,-0.50606287,-0.6024914,0.08003827,-1.0373493,-0.5777968,0.07801175,0.2157493,-0.81191283,-0.29943517,0.17325953,-1.1540167,0.7648428,-0.82854694,0.034080114,0.5061377,-0.53498155,-0.5914434,0.057091262,-0.38764504,-1.1366844,-0.95105654,0.309017,1.0,6.123234e-17,0.8660254,-0.5,0.0,1.0,0.0,0.0,0.0
2026-03-13 16:00:00,4.0,-0.6787897,-0.6342865,1.1043602,-0.7947573,0.085360855,0.37124616,0.72034335,-0.0015946056,-0.22724956,0.26510298,0.4276975,-0.4773564,-0.8237997,-0.29793215,-1.1059024,0.37349653,-0.88590175,-0.27972683,0.4204151,-0.8947677,-1.0045146,-0.3054193,0.5800665,-1.0627747,-0.95105654,0.309017,1.0,6.123234e-17,1.2246469e-16,-1.0,0.0,1.0,0.0,0.0,0.0
2026-03-16 08:00:00,4.0,0.21965243,0.7634448,-0.2675696,0.8183402,-1.1031787,-0.9570429,-1.1656241,0.03374463,-1.2452683,-0.6309952,-0.33231592,-1.4294436,-0.65039134,-0.17665315,-1.0458521,-0.0260225,-0.46140233,-0.38603908,0.42770445,-0.7094493,-0.9400126,-0.28038415,-1.4913177,-1.1038326,-0.95105654,0.309017,1.0,6.123234e-17,-0.8660254,-0.5,0.0,0.0,1.0,0.0,0.0
2026-03-16 12:00:00,1.0,0.24119692,-0.95819086,-1.3426163,0.9214602,0.07264013,-0.74118775,-0.25380108,1.7532659,-0.93783647,-0.5666331,-0.3609974,-1.0244428,-0.4472634,-0.031004718,-0.83049214,-0.089490324,-0.53932035,-0.97108966,0.5274462,-0.50850505,-0.685098,-0.14678065,0.29576102,-0.7332946,0.0,1.0,1.0,6.123234e-17,0.8660254,-0.5,0.0,1.0,0.0,0.0,0.0
2026-03-16 16:00:00,1.0,-0.13149826,-0.29255122,0.3152313,0.97921383,-0.54192466,-0.10526517,0.5197739,0.13804366,-1.2044969,-0.8907529,-0.7034421,-1.2520897,-0.5871423,-0.16146691,-0.71636903,-0.07052826,0.1904868,-0.8940263,0.6192491,-0.526966,-0.7546888,-0.28616804,-0.3843989,-0.70087117,0.0,1.0,1.0,6.123234e-17,1.2246469e-16,-1.0,0.0,1.0,0.0,0.0,0.0
2026-03-17 08:00:00,4.0,-0.19549699,-0.85284823,0.97352034,-1.0978037,-1.11024,-0.8009644,-1.0678407,0.06622179,-1.9369922,-1.5968474,-1.4201565,-2.025317,-0.7827325,-0.3408896,-0.6944826,-0.24630108,0.45270756,-1.5102773,0.6392993,-0.577687,-0.8933093,-0.5575447,-1.5354823,-0.766855,0.0,1.0,1.0,6.123234e-17,-0.8660254,-0.5,0.0,0.0,1.0,0.0,0.0
2026-03-17 12:00:00,1.0,-0.94409466,-1.4126381,-0.3920008,-1.2233343,-0.114383854,-0.25903457,0.4377311,0.12564039,-1.6032972,-1.4638346,-1.3401763,-1.6107157,-1.5175605,-1.0321361,-0.906381,-0.36550453,0.010973372,-1.9231696,0.37849632,-1.0308077,-1.467611,-1.2514985,-0.00254934,-0.73363435,0.95105654,0.309017,1.0,6.123234e-17,0.8660254,-0.5,0.0,1.0,0.0,0.0,0.0
2026-03-17 16:00:00,4.0,1.5290289,1.4987705,-0.31877443,-1.08383,0.57331383,0.55550593,0.22103533,0.124975294,-0.83940524,-1.0335491,-1.1796029,-0.5927351,0.06197886,0.27968162,-0.4669881,0.24167106,0.18324494,-1.2243519,0.5743006,-0.041112024,-0.070262715,0.0033553569,1.1157775,-0.3949421,0.95105654,0.309017,1.0,6.123234e-17,1.2246469e-16,-1.0,0.0,1.0,0.0,0.0,0.0
2026-03-18 08:00:00,4.0,-0.28181997,-1.4067243,-1.3976966,-0.3049921,-1.1448072,-0.81674105,-1.1497849,0.06998794,-1.6511986,-1.6920654,-1.8407831,-1.5240337,-0.20718186,0.027563194,-0.29541272,0.0013325689,-0.07595779,-1.1010731,0.46940488,-0.18541631,-0.2456172,-0.31596807,-1.5570006,-0.42563114,0.95105654,0.309017,1.0,6.123234e-17,-0.8660254,-0.5,0.0,0.0,1.0,0.0,0.0
2026-03-18 12:00:00,4.0,-0.27249104,0.33177698,2.8690019,-1.1049069,-0.5057965,-0.09163261,0.82064843,-0.5899191,-1.7772751,-1.8675773,-2.0535173,-1.6451464,-0.46653,-0.22175863,-0.2413312,-0.06546354,-0.11659567,-1.3865896,0.34540987,-0.36040586,-0.37095317,-0.63539565,-0.53513795,-0.35351247,0.58778524,-0.809017,1.0,6.123234e-17,0.8660254,-0.5,0.0,1.0,0.0,0.0,0.0
2026-03-18 16:00:00,4.0,-1.657635,-1.3078296,-0.57995355,-0.93936604,1.0303901,1.5634108,0.8414953,0.08127038,-0.5766421,-0.95120543,-1.135274,-0.22321512,-1.6095589,-1.3821656,-0.6934079,-0.75183976,-0.8386065,-1.9189259,-0.25298315,-1.6938673,-1.4188758,-1.7477051,1.4693986,0.054835495,0.58778524,-0.809017,1.0,6.123234e-17,1.2246469e-16,-1.0,0.0,1.0,0.0,0.0,0.0
2026-03-19 08:00:00,4.0,-0.53152585,-1.6389042,-1.190848,-1.2447537,-0.848065,-0.4473388,-1.1220229,0.08331823,-1.184361,-1.3916205,-1.5387621,-0.9481976,-1.8704371,-1.7025261,-1.1813872,-0.57111526,-0.7814525,-1.8693644,-0.3327005,-1.9247675,-1.7698746,-2.2607992,-0.89606,0.405561,0.58778524,-0.809017,1.0,6.123234e-17,-0.8660254,-0.5,0.0,0.0,1.0,0.0,0.0
2026-03-19 12:00:00,4.0,-0.0738366,1.1715715,-0.9620898,0.56247354,0.86022127,0.2620138,0.02274327,-1.9086293,-0.40108383,-0.8212816,-1.0498085,0.020140415,-1.8747699,-1.735192,-1.3126159,-1.3238848,-0.8903811,-1.4867928,-0.35011512,-1.6709924,-1.5100309,-2.0052567,1.1631818,0.5775569,-0.58778524,-0.809017,1.0,6.123234e-17,0.8660254,-0.5,0.0,1.0,0.0,0.0,0.0
2026-03-19 16:00:00,4.0,-0.02280334,0.07134334,1.9094671,0.19036448,0.14407054,2.1314204,0.6558758,0.012578162,-0.3221543,-0.7273361,-0.9821017,0.1099655,-1.848251,-1.7383595,-1.3490136,-1.1886405,-0.9835509,-1.6576838,-0.16972825,-1.5068856,-1.3355936,-1.9106609,0.2025012,0.66533613,-0.58778524,-0.809017,1.0,6.123234e-17,1.2246469e-16,-1.0,0.0,1.0,0.0,0.0,0.0
2026-03-20 08:00:00,4.0,-0.44433808,-1.0860789,-0.09516851,-0.82161117,-0.71771634,-0.6415432,-1.201131,0.10422744,-0.90611047,-1.1328903,-1.3276539,-0.5930759,-2.0163739,-1.9593846,-1.5028,-1.250024,-1.095062,-0.9945204,-0.27706748,-1.4652103,-1.6483722,-2.2534468,-0.7471291,0.39950976,-0.58778524,-0.809017,1.0,6.123234e-17,-0.8660254,-0.5,0.0,0.0,1.0,0.0,0.0
2026-03-20 12:00:00,4.0,-3.0,-1.3666826,-1.1906627,-0.51224685,3.0,3.0,3.0,1.2032505,2.6564703,1.8233675,1.5718584,2.7496197,-2.9229748,-3.0,-1.7643045,-1.973464,-2.221298,-1.9758003,-0.8785266,-2.220176,-2.582315,-2.7890377,1.7683991,-0.3942613,-0.95105654,0.309017,1.0,6.123234e-17,0.8660254,-0.5,0.0,1.0,0.0,0.0,0.0
2026-03-20 16:00:00,4.0,-0.24407104,-0.22513416,-0.47221148,1.6315306,0.35382724,2.5283227,-0.40293726,0.11497654,2.29694,1.8804592,1.7549773,2.1802316,-2.7842302,-3.0,-2.0747273,-1.8016093,-1.9361705,-2.1159983,-1.2763984,-1.6972013,-2.4549882,-2.6896439,0.84077626,-0.41234016,-0.95105654,0.309017,1.0,6.123234e-17,1.2246469e-16,-1.0,0.0,1.0,0.0,0.0,0.0
2026-03-23 08:00:00,5.0,0.056575846,-0.49327892,1.4811585,-0.9511879,-1.0091875,-0.58383405,-1.0070474,0.11525848,0.69636667,0.788047,0.8620592,0.5643757,-2.6051836,-2.826876,-2.3627927,-1.7014178,-2.3694074,-2.4211977,-1.2389108,-1.3048191,-2.496899,-2.8390963,-1.5512943,-0.7064622,-0.95105654,0.309017,1.0,6.123234e-17,-0.8660254,-0.5,0.0,0.0,1.0,0.0,0.0
2026-03-23 12:00:00,5.0,1.5346156,1.0119225,1.302108,-1.193542,2.717666,0.4588524,1.7522174,-2.2683024,3.0,3.0,3.0,3.0,-1.4389702,-1.7859052,-1.2771716,-0.9999399,-1.6722246,-1.8963691,-0.7063986,-0.66939056,-0.92953706,-1.2294198,1.675629,-0.7871626,0.0,1.0,1.0,6.123234e-17,0.8660254,-0.5,0.0,1.0,0.0,0.0,0.0
2026-03-23 16:00:00,4.0,-1.3452214,-0.8900719,0.77288145,-1.1499696,0.35499883,0.6107257,-0.35088807,-0.064191386,3.0,3.0,3.0,2.6908672,-1.7803285,-2.1718683,-1.1697509,-1.3851756,-1.9852535,-2.2471726,-0.68621826,-0.92754555,-1.2910482,-1.5556608,1.1597627,-1.1032702,0.0,1.0,1.0,6.123234e-17,1.2246469e-16,-1.0,0.0,1.0,0.0,0.0,0.0
2026-03-24 08:00:00,5.0,0.25153342,0.5097094,2.3624542,-1.1129264,-0.6662242,-0.6215865,-0.91007614,0.10235309,1.9031765,2.387404,2.6207194,1.2779714,-1.6403923,-2.0060987,-1.1079055,0.11579037,-1.3441807,-2.1362805,-0.7861699,-0.73411936,-1.2447708,-1.6233511,-0.88900006,-0.95039535,0.0,1.0,1.0,6.123234e-17,-0.8660254,-0.5,0.0,0.0,1.0,0.0,0.0
2026-03-24 12:00:00,5.0,-1.8775792,0.12166387,-0.1828954,2.1156597,0.57943636,-0.13245866,0.41010466,-2.7945786,2.9983141,3.0,3.0,2.0458362,-2.014475,-2.4431965,-1.0568991,-0.62039,-1.7855172,-2.459775,-1.0483162,-1.0660361,-1.5654008,-1.8143076,1.2386726,-1.0858784,0.95105654,0.309017,1.0,6.123234e-17,0.8660254,-0.5,0.0,1.0,0.0,0.0,1.0
2026-03-24 16:00:00,4.0,-1.5160346,-1.1573527,-0.71909356,-0.38670543,0.03151548,0.8983684,0.37112755,-0.26241955,2.4847677,3.0,3.0,1.458232,-2.1742108,-2.6375546,-1.2922869,-1.3275461,-2.1881366,-2.835576,-1.7083037,-1.1764306,-1.9214354,-2.156324,0.8110189,-1.064286,0.95105654,0.309017,1.0,6.123234e-17,1.2246469e-16,-1.0,0.0,1.0,0.0,0.0,1.0
2026-03-25 08:00:00,4.0,0.71598315,1.634894,-0.43042427,-0.9853619,-0.74191225,-0.69927526,-0.9410372,0.16996808,1.2591726,2.0360403,2.5259004,0.326134,-1.7779545,-2.2230382,-1.3534684,-1.6480485,-1.8864772,-2.524754,-1.5907699,-0.84521604,-1.7074593,-2.1099856,-0.9981518,-1.0966461,0.95105654,0.309017,1.0,6.123234e-17,-0.8660254,-0.5,0.0,0.0,1.0,0.0,1.0
2026-03-25 12:00:00,5.0,1.0246003,0.47819334,1.3067054,0.01489703,-0.3266929,-0.35193968,0.18442747,1.0991538,0.92744595,1.6789758,2.1663566,0.044829383,-1.2563128,-1.7238299,-1.037082,-0.6088659,-1.4048548,-2.0907369,-1.3658475,-0.5246626,-1.2229458,-1.7804562,-0.23034273,-1.399645,0.58778524,-0.809017,1.0,6.123234e-17,0.8660254,-0.5,0.0,1.0,0.0,0.0,1.0
2026-03-25 16:00:00,4.0,-1.4351858,-0.96816707,-0.51061547,-0.14509556,0.41223177,0.7891123,0.62568843,0.17333555,1.4158882,2.0226877,2.4916859,0.4428654,-1.5145977,-1.9821359,-0.9097314,-1.3437847,-0.87663484,-2.3508666,-2.0283136,-0.7338682,-1.4819381,-1.9664123,1.1593798,-1.6749649,0.58778524,-0.809017,1.0,6.123234e-17,1.2246469e-16,-1.0,0.0,1.0,0.0,0.0,1.0
