date,regime,log_return,body_ratio,upper_wick_ratio,lower_wick_ratio,range_zscore,volume_zscore,volume_delta,gap,atr7_norm,atr14_norm,atr28_norm,atr_ratio,rsi14,rsi28,macd_hist,roc_5,roc_10,roc_20,roc_60,bb_position,dist_sma20,dist_sma50,range_percentile,williams_r_14,stoch_k_14,realized_vol_ratio,obv_zscore,dist_52w_high,dist_52w_low,atr_momentum,cci_20,ichimoku_distance,vwap_distance,consec_bars,rsi_momentum,donchian_position,corr_index,dow_sin,dow_cos,month_sin,month_cos,hour_sin,hour_cos,session_asian,session_london,session_newyork,session_overlap,quarter_end_flag
2024-06-28 12:00:00,1.0,-0.10379497,0.03219166,2.003635,-0.074941784,0.9477571,0.70974845,1.7598231,-0.2829966,1.3055125,1.1350844,0.91739386,1.1806238,2.0579834,1.8349221,1.5697534,1.5887399,1.3565164,1.8100103,1.2696775,1.7223653,1.7057093,1.9619749,1.145944,-1.1877401,1.1877401,-0.53027433,1.3852737,1.114981,1.2208198,1.1431288,1.9370538,1.1703899,1.7123828,-0.42027804,0.37470663,1.4773135,-0.023885086,-0.95105654,0.309017,1.2246469e-16,-1.0,0.8660254,-0.5,0.0,1.0,0.0,0.0,1.0
2024-07-01 04:00:00,1.0,-0.007032223,0.10046487,0.52526444,1.4797059,0.22744994,0.05313405,-0.5196348,-0.250169,1.100341,1.0923508,0.9411542,0.87210387,1.9337399,1.7473346,1.4808593,1.2468491,1.3298143,1.3526824,1.2798051,1.441249,1.5597665,1.8872107,0.52996933,-1.1324403,1.1324403,-0.19479072,0.717701,1.0636162,1.217221,1.3887652,1.3260262,1.1391689,1.553569,-0.8614745,0.118050754,1.4066348,-0.16798383,-0.95105654,0.309017,1.2246469e-16,-1.0,1.2246469e-16,-1.0,0.0,1.0,0.0,0.0,1.0
2024-07-01 08:00:00,1.0,1.4058943,-0.66592383,0.38567835,-0.22725531,0.91864634,-1.0029155,-0.5196348,3.0,2.1623254,1.9398038,1.578629,1.8480401,2.4529123,2.3361206,1.4473065,1.1029989,1.9904418,1.8678705,1.3621174,1.7443519,1.9020399,2.2531407,1.1162093,-1.2291821,1.2291821,-0.6356986,0.6978901,1.8206362,1.5734946,1.2072517,1.748651,1.1056927,1.9933695,0.43073726,0.40752205,1.481837,0.2338172,0.0,1.0,-0.5,-0.8660254,0.8660254,0.5,1.0,0.0,0.0,0.0,0.0
2024-07-01 12:00:00,1.0,0.72380805,1.6472201,-0.8464669,-0.92089796,-1.0436422,-0.044966463,0.73820174,-0.19370088,0.9467288,1.1426095,1.0416623,0.63902724,2.563485,2.513646,1.6881248,1.1655604,1.7472976,1.8962914,1.6407447,1.6520499,2.1547956,2.4897165,-1.482198,-1.5113518,1.5113518,-0.6178374,1.2704098,1.8046682,2.186297,0.13872777,1.4170021,1.1094167,2.2531035,0.8361989,0.76797616,1.7463698,0.6255905,0.0,1.0,-0.5,-0.8660254,0.8660254,-0.5,0.0,1.0,0.0,0.0,0.0
2024-07-02 04:00:00,1.0,0.1402746,0.24917202,1.6416798,0.28007948,-0.666052,0.11387006,-0.52535033,-0.13770716,0.25566298,0.6390817,0.7045146,-0.075579725,2.4603803,2.435161,1.753681,0.89936584,2.2529156,2.1783254,1.6288568,1.4213872,2.0739555,2.458811,-0.83754176,-1.5090005,1.5090005,-0.42958584,1.8409129,1.6743934,2.4088876,-0.15355256,1.2832669,1.4637635,2.183694,1.2359191,0.8409179,1.7387598,-1.1044554,0.0,1.0,-0.5,-0.8660254,1.2246469e-16,-1.0,0.0,1.0,0.0,0.0,0.0
2024-07-02 08:00:00,1.0,-1.2089224,-0.3089129,0.6672525,0.50306565,-0.92552286,-1.2412335,-0.52535033,-2.3877892,0.33132496,0.7142474,0.85414016,-0.05653358,1.4751718,1.6715991,1.344605,0.43140042,1.6389639,1.8939116,1.2057716,0.87361634,1.3015739,1.8439063,-1.4076083,-0.91192883,0.91192883,0.5660548,1.6825315,1.2390424,1.7190462,-0.3898548,0.78421074,1.6428275,1.2213366,-0.45905566,-0.7496578,1.155062,-3.0,0.95105654,0.309017,-0.5,-0.8660254,0.8660254,0.5,1.0,0.0,0.0,0.0,0.0
2024-07-02 12:00:00,1.0,-0.3388445,-0.6167415,0.26261058,0.11683668,-0.69849104,-0.26323983,0.28438944,-0.19138543,-0.2584939,0.23080294,0.51399773,-0.66246665,1.199001,1.4363303,0.9816538,0.29165682,1.2447848,1.6762652,1.4850373,0.6626177,1.0373726,1.6827931,-0.97126305,-0.7283475,0.7283475,0.61260486,1.1963668,0.93387747,1.6742601,-0.72415733,0.6051748,2.2902265,0.90941536,-0.8827993,-1.258643,0.9234376,-3.0,0.95105654,0.309017,-0.5,-0.8660254,0.8660254,-0.5,0.0,1.0,0.0,0.0,0.0
2024-07-03 04:00:00,1.0,-0.18349794,-0.17677028,0.4168088,1.0839163,-0.36815602,0.52645713,-0.51695526,-0.24679673,-0.5093307,-0.044316545,0.29699373,-0.8950373,1.0434309,1.2956297,0.59788203,-0.37121862,0.58866847,1.1870923,1.833923,0.51761585,0.8636873,1.5682718,-0.31136099,-0.6212577,0.6212577,-0.20312826,0.38522938,0.7478949,1.6248882,-1.5492884,0.44188133,2.350441,0.7603633,-1.306543,-1.454614,0.81465507,-2.6213067,0.95105654,0.309017,-0.5,-0.8660254,1.2246469e-16,-1.0,0.0,1.0,0.0,0.0,0.0
2024-07-03 08:00:00,1.0,-0.2726937,-1.2518824,-0.2672621,-1.031829,0.3083031,-1.2017916,-0.51695526,1.6051686,-0.24052258,0.083171204,0.3895132,-0.5631671,0.826675,1.1173413,0.19070724,-0.7846607,0.30919436,1.0520917,1.2392489,0.35164368,0.61997724,1.3869761,0.66150254,-0.4721327,0.4721327,-0.8852094,0.33162573,0.70062214,1.3794745,-0.9949329,0.44204256,2.1954813,0.5233076,-1.6565585,-0.6730973,0.6610531,-2.4189842,0.58778524,-0.809017,-0.5,-0.8660254,0.8660254,0.5,1.0,0.0,0.0,0.0,0.0
2024-07-03 12:00:00,1.0,1.3815134,1.8543527,-1.27282,-1.0514468,0.014468087,-0.034487862,0.45189297,-0.1654824,-0.2786901,-0.051593147,0.19527727,-0.5021494,1.4417559,1.6683205,0.20247506,-0.2786561,0.5093917,1.2099466,1.1672482,0.76466376,1.1918848,1.8623364,0.38099322,-0.9986965,0.9986965,0.38525358,0.79355854,1.1929276,2.0531976,-0.6652673,0.5153409,2.08652,1.1049584,0.42290032,0.29830828,1.2446622,-2.629375,0.58778524,-0.809017,-0.5,-0.8660254,0.8660254,-0.5,0.0,1.0,0.0,0.0,0.0
2024-07-04 04:00:00,1.0,0.29576546,0.60908425,1.3406099,-0.38934708,-0.6474845,0.23670547,-0.51870865,-0.16532768,-0.7053956,-0.45131162,-0.1610926,-0.9245939,1.5217012,1.7348529,0.24503683,0.35424688,0.6431671,1.4286953,1.2880142,0.77903503,1.2471032,1.9545015,-0.907403,-1.0802939,1.0802939,-0.2817667,1.3183612,1.1644683,2.2913685,-0.94116175,0.70296645,2.3346994,1.2079622,0.8145535,0.5942069,1.3169743,-1.8069638,0.58778524,-0.809017,-0.5,-0.8660254,1.2246469e-16,-1.0,0.0,1.0,0.0,0.0,0.0
2024-07-04 08:00:00,0.0,0.26124737,0.37761158,0.28163418,1.204034,-1.107762,-1.1918029,-0.51870865,0.0936762,-1.2770058,-1.0051342,-0.6725158,-1.5074073,1.5910485,1.7915134,0.30048123,0.6050192,0.7333425,1.4615359,1.1291921,0.80033433,1.3145773,2.0644042,-1.7283968,-1.0208564,1.0208564,-0.46011013,1.1920211,1.0503485,2.6085856,-1.0089499,0.71313226,2.2665124,1.3542517,1.2013807,0.94073856,1.4189141,-1.4656404,-0.58778524,-0.809017,-0.5,-0.8660254,0.8660254,0.5,1.0,0.0,0.0,0.0,0.0
2024-07-04 12:00:00,0.0,0.044400692,0.3221243,2.0374947,-0.46332622,-1.2121539,-0.1313469,0.34404984,-0.23880538,-1.7524191,-1.5229261,-1.1873126,-1.9995626,1.5536094,1.7440037,0.30007863,0.70069766,0.2684132,1.5598617,1.5609264,0.73967206,1.2446281,2.084304,-1.7156959,-0.9646733,0.9646733,-0.49915776,1.4454175,0.80144864,2.766508,-1.2465477,0.7399705,2.140331,1.245448,1.5465143,0.2191577,1.3979738,-1.4297795,-0.58778524,-0.809017,-0.5,-0.8660254,0.8660254,-0.5,0.0,1.0,0.0,0.0,0.0
2024-07-05 04:00:00,3.0,0.23293337,0.87500656,-0.11010855,0.13105543,-0.9952317,-0.40681753,-0.51944846,-0.23779155,-1.9774278,-1.8643538,-1.5947561,-2.187757,1.5959204,1.7647128,0.30129,0.89957523,0.09625644,1.2753962,1.9898793,0.73139244,1.2913421,2.161931,-1.5923375,-1.139995,1.139995,-0.74647987,1.5766895,0.68167216,2.9162757,-1.6142163,0.7158198,1.9852082,1.3918029,1.8560015,0.19480452,1.4527354,-1.3341062,-0.58778524,-0.809017,-0.5,-0.8660254,1.2246469e-16,-1.0,0.0,1.0,0.0,0.0,0.0
2024-07-05 08:00:00,3.0,1.91316,1.6406982,-1.3010219,-0.7217818,0.58927274,-1.1241103,-0.51944846,0.897156,-1.0554857,-1.3093003,-1.3239077,-0.8154324,2.1689727,2.3273187,0.6811407,1.112927,0.68823415,2.0578713,2.584995,1.3435562,1.9633006,2.5659575,0.96089476,-1.658989,1.658989,0.42812786,1.4781755,1.8676206,3.0,-1.0246575,1.231962,1.9245257,2.1676068,1.7791616,0.9389667,1.684046,-0.52719396,-0.95105654,0.309017,-0.5,-0.8660254,0.8660254,0.5,1.0,0.0,0.0,0.0,0.0
2024-07-05 12:00:00,4.0,-0.77662945,-1.6717513,-1.2476267,-0.989651,-0.80524826,0.32176092,0.6626588,-0.2926623,-1.3633631,-1.5647268,-1.5656784,-1.1959922,1.5967262,1.8691491,0.71512705,0.6909316,0.8539538,1.7293315,2.6161478,1.0026182,1.4091979,2.2516527,-1.4786158,-1.0882849,1.0882849,0.9396599,0.76064336,1.3573098,2.784595,-1.0416001,1.1545979,1.9179459,1.5063541,-0.5737329,0.2124849,1.3452544,-0.9809768,-0.95105654,0.309017,-0.5,-0.8660254,0.8660254,-0.5,0.0,1.0,0.0,0.0,0.0
2024-07-08 04:00:00,4.0,-1.6306764,-1.0149353,-0.08603553,-0.50038075,1.9442484,0.18871868,-0.51281947,-0.18193336,0.17000428,-0.3500474,-0.5157311,0.620268,0.6136252,1.0889693,0.06414525,-0.09841355,0.41854396,1.1497399,1.8695507,0.20715998,0.26312378,1.3575724,1.5331299,0.1718878,-0.1718878,1.5737826,-0.021609398,1.1746081,1.4499986,0.48913723,0.5196577,1.57359,0.38664564,-0.9427104,-1.2400682,0.57645077,-1.4015687,-0.95105654,0.309017,-0.5,-0.8660254,1.2246469e-16,-1.0,0.0,1.0,0.0,0.0,0.0
2024-07-08 08:00:00,4.0,0.5774758,1.3862433,-0.48406002,-0.91684353,-0.5692421,-1.1225605,-0.51281947,-0.23188177,-0.4094012,-0.75035715,-0.8944265,-0.038358793,0.83062476,1.2602189,-0.1524863,0.13133515,0.6756536,0.8707176,2.075546,0.47343647,0.4903094,1.5560275,-0.8855149,-0.29494843,0.29494843,1.8728918,-0.07297803,1.2262169,1.7731763,0.6685655,0.34941262,1.59374,0.6021442,0.22307105,-1.761,0.6108311,-0.83048594,0.0,1.0,-0.5,-0.8660254,0.8660254,0.5,1.0,0.0,0.0,0.0,0.0
2024-07-08 12:00:00,4.0,-0.06281387,-0.022369899,1.7611407,0.39489934,0.006063898,0.32706428,0.47979555,-0.1750019,-0.52593076,-0.82281846,-0.98013896,-0.17008036,0.79522634,1.2113984,-0.37188455,0.007839278,0.7453725,0.724587,1.9776125,0.38441226,0.38521767,1.4751749,0.18483242,-0.2635619,0.2635619,1.7931529,-0.68046206,1.153474,1.7255605,1.0330738,0.46264347,1.9118773,0.38260254,-0.5499144,-1.0694933,0.50933105,-0.7564585,0.0,1.0,-0.5,-0.8660254,0.8660254,-0.5,0.0,1.0,0.0,0.0,0.0
2024-07-09 04:00:00,1.0,-0.26890233,-0.4070626,0.8187385,0.24904637,-0.39782602,0.0265923,-0.513339,-0.20214339,-0.81445575,-1.0402738,-1.1850072,-0.5104761,0.6331043,1.0715654,-0.6327808,-0.92232114,0.19335066,0.48138893,1.6903338,0.16107567,0.19871342,1.3497791,-0.5344881,-0.06361143,0.06361143,0.12758143,-1.1138047,0.9279476,1.6761048,0.048167434,0.24800286,1.9419606,0.23259234,-0.91302884,0.023219967,0.34505415,-0.27779916,0.0,1.0,-0.5,-0.8660254,1.2246469e-16,-1.0,0.0,1.0,0.0,0.0,0.0
2024-07-09 08:00:00,1.0,-1.4656755,-0.8796409,-1.2242652,1.0846791,0.3656574,-1.2533077,-0.513339,-1.6522275,0.0119821755,-0.3667118,-0.57309586,0.41027266,-0.16779698,0.43003044,-1.1719028,-1.2234641,-0.41912776,0.15895765,1.1089951,-0.8931793,-0.60584563,0.72543067,0.5381268,1.107027,-1.107027,0.2985007,-1.0028818,0.63022345,0.85540557,1.0455351,-0.8740338,1.3692652,-0.70225877,-1.259652,-1.30412,-0.59535974,0.38667008,0.95105654,0.309017,-0.5,-0.8660254,0.8660254,0.5,1.0,0.0,0.0,0.0,0.0
2024-07-09 12:00:00,1.0,-0.016542578,0.032529943,1.9618938,0.21553908,-0.02384974,0.14774998,0.23842464,-0.13793764,-0.2551335,-0.52975714,-0.72081846,0.09047501,-0.17813186,0.4163185,-1.5271508,-0.5367959,-0.52429396,0.15711454,1.5017854,-0.97027934,-0.64981854,0.68040186,-0.036617763,1.242877,-1.242877,-0.2957568,-0.5650363,0.5435285,0.88319063,-0.30013728,-0.8794428,1.1123798,-0.7946392,0.28606245,-1.250669,-1.0064653,0.3454717,0.95105654,0.309017,-0.5,-0.8660254,0.8660254,-0.5,0.0,1.0,0.0,0.0,0.0
2024-07-10 04:00:00,1.0,-1.6684065,-1.3729885,-1.0161045,-0.5670518,1.6618983,2.1080704,-0.5091561,-0.057687078,0.5438034,0.177427,-0.029700065,0.8479754,-0.9349007,-0.24757797,-1.9791446,-1.483445,-1.143167,-0.57424814,0.91857123,-1.8661996,-1.3668133,0.10395586,1.3432479,1.7028037,-1.7028037,-0.17970872,-1.7179427,0.2216025,0.112572365,0.60501254,-1.5881922,0.5110985,-1.4066018,-0.48048583,-1.9408805,-1.5707891,0.56608385,0.95105654,0.309017,-0.5,-0.8660254,1.2246469e-16,-1.0,0.0,1.0,0.0,0.0,0.0
2024-07-10 08:00:00,1.0,0.36573502,0.044721987,2.0878718,-0.04079676,-0.48369464,-1.1632338,-0.5091561,0.5749339,0.034266304,-0.15828004,-0.32449862,0.28055257,-0.7303324,-0.10856007,-2.1769812,-1.2830994,-1.0810325,-0.6579369,0.6812938,-1.4265428,-1.1527473,0.18214113,-0.82099724,1.4427259,-1.4427259,0.11856824,-1.4298435,0.19728045,0.2901813,0.39669856,-1.3566296,0.06298811,-1.2201785,0.3061793,-0.6885875,-1.3265854,0.71309644,0.58778524,-0.809017,-0.5,-0.8660254,0.8660254,0.5,1.0,0.0,0.0,0.0,0.0
2024-07-10 12:00:00,1.0,1.0589783,1.2879589,-0.090017974,-1.0866532,0.5454972,0.38663173,0.40148127,-0.14467894,0.0730409,-0.13178618,-0.35827482,0.3516109,-0.17698587,0.3012332,-1.8884429,-0.7204579,-1.3395193,-0.43702468,1.0146419,-0.7333373,-0.5653322,0.4649162,0.72229296,0.74661475,-0.74661475,0.80534595,-0.7867653,0.62823325,0.61540055,0.7471739,-0.86344093,-0.009196834,-0.5900967,0.70777357,0.0019453223,-0.6645902,0.6517888,0.58778524,-0.809017,-0.5,-0.8660254,0.8660254,-0.5,0.0,1.0,0.0,0.0,0.0
2024-07-11 04:00:00,1.0,1.2647194,1.5681599,-1.2988191,-0.47113937,0.28262967,1.0686878,-0.5135059,-0.090677366,-0.039121818,-0.22513506,-0.4973503,0.27108476,0.3643049,0.73414505,-1.3894732,0.39838597,-0.66110724,0.14127973,0.4232298,-0.03554459,0.020663405,0.7880851,0.5215198,-0.049929146,0.049929146,0.7185491,0.020355213,1.0714207,1.0153425,0.1175299,-0.30309388,-0.257385,0.004676828,1.1172632,1.6448592,0.09317954,1.0720507,0.58778524,-0.809017,-0.5,-0.8660254,1.2246469e-16,-1.0,0.0,1.0,0.0,0.0,0.0
2024-07-11 08:00:00,1.0,0.38932353,-0.56735855,-0.7024567,1.568548,-0.25158927,-1.205527,-0.5135059,1.2829455,-0.3512318,-0.46477392,-0.724726,-0.06789017,0.51410145,0.8503206,-0.9749628,0.5636101,0.03225881,0.30927366,0.98725206,0.14916442,0.18188928,0.86975473,-0.305215,-0.3050232,0.3050232,0.72957224,0.07996781,1.1219202,1.1918533,0.0752852,0.13693081,-0.26374462,0.18923725,1.4563179,1.555635,0.33016288,1.0869969,-0.58778524,-0.809017,-0.5,-0.8660254,0.8660254,0.5,1.0,0.0,0.0,0.0,0.0
2024-07-11 12:00:00,4.0,-0.67055297,-1.2696393,-0.6936601,-0.55137473,-0.46879518,0.11935528,0.21713704,-0.09296146,-0.66388154,-0.7060992,-0.9136305,-0.44697836,0.18753506,0.5827157,-0.8381973,1.005501,-0.3891831,0.2034143,1.17323,-0.25792974,-0.1668572,0.6533221,-0.6060121,0.10319672,-0.10319672,-0.5496624,-0.32061535,0.7569786,1.0488937,-0.69432527,-0.11834091,-0.37987414,-0.19582215,-0.5029169,0.45428663,-0.059930265,0.7409908,-0.58778524,-0.809017,-0.5,-0.8660254,0.8660254,-0.5,0.0,1.0,0.0,0.0,0.0
2024-07-12 04:00:00,4.0,1.6295675,1.5156677,-0.761797,-1.1363097,1.094303,1.3807013,-0.5072935,-0.17581034,-0.19059736,-0.4076484,-0.73645425,0.20030254,0.77104676,1.0641718,-0.3566541,1.4382665,0.13597824,0.60846764,2.5190864,0.5831579,0.5182268,1.0136889,1.2281504,-0.88389266,0.88389266,-0.25517592,0.4996165,1.4440709,1.4037229,-0.09308613,0.3639266,-0.25556082,0.49523297,0.25828958,0.529133,0.87465435,-0.8742278,-0.58778524,-0.809017,-0.5,-0.8660254,1.2246469e-16,-1.0,0.0,1.0,0.0,0.0,0.0
2024-07-12 08:00:00,4.0,0.33763498,-0.2150628,-0.23354301,2.1625526,-0.61990875,-1.2095088,-0.5072935,0.7586521,-0.7135729,-0.81228,-1.1026866,-0.37809804,0.8940492,1.1631684,0.01108956,1.1317924,0.33755848,0.36528045,2.9587176,0.71840405,0.7048049,1.1255456,-1.1051338,-1.1374166,1.1374166,-0.18594904,0.47828364,1.417708,1.6692517,-0.5400025,0.7591952,-0.1277918,0.74023986,0.6302529,0.49600327,1.1113234,-0.783485,-0.95105654,0.309017,-0.5,-0.8660254,0.8660254,0.5,1.0,0.0,0.0,0.0,0.0
2024-07-12 12:00:00,4.0,0.46938342,1.3080692,-0.20500991,-1.2888863,-0.63221395,1.9895419,1.449523,-0.32257992,-1.1912558,-1.2301723,-1.4989533,-0.8701209,1.067853,1.3072172,0.3727488,0.88173157,1.0444473,0.40542558,3.0,0.89255553,0.99584424,1.2862787,-1.2738668,-1.4439453,1.4439453,-0.44498742,1.4510587,1.4530762,1.9793469,-0.86046314,0.9205116,-0.0042674104,0.9374082,1.0178704,1.1912161,1.396555,-0.9318445,-0.95105654,0.309017,-0.5,-0.8660254,0.8660254,-0.5,0.0,1.0,0.0,0.0,0.0
2024-07-15 04:00:00,4.0,3.0,1.2733804,-1.1593987,-0.19712688,3.0,2.7754617,-0.51709366,-0.18848568,1.7324514,0.8647655,0.06033806,2.3667297,1.8757327,2.0830445,0.9546427,2.1947622,2.0557597,1.0819244,3.0,1.8581539,1.9772103,1.6603994,1.7893956,-1.4775965,1.4775965,0.77808166,2.4368992,2.6684685,1.924713,1.5109707,1.7054437,0.10015353,1.6582788,1.4211477,1.4259202,1.4230849,-0.05685684,-0.95105654,0.309017,-0.5,-0.8660254,1.2246469e-16,-1.0,0.0,1.0,0.0,0.0,0.0
2024-07-15 08:00:00,4.0,-1.7488477,-1.1172357,0.32542285,-0.9280251,-0.25278866,-1.0736359,-0.51709366,-1.7558665,1.589953,1.0614849,0.38579023,1.8844035,1.0422192,1.4105608,1.0244678,1.782318,2.058867,0.66499346,2.6905258,0.914721,1.1478746,1.185012,0.27191824,-0.7803421,0.7803421,1.2977133,2.0462186,2.1151583,1.4494636,1.8770002,1.3304701,0.1350753,0.8830873,-0.73619956,0.12401364,0.7676441,-0.40299332,0.0,1.0,-0.5,-0.8660254,0.8660254,0.5,1.0,0.0,0.0,0.0,0.0
2024-07-15 12:00:00,4.0,-0.2517713,-0.22264053,2.033414,-0.34053665,-0.5463794,-0.05844782,0.31854686,-0.16896598,0.66305906,0.51320946,0.005172945,0.8825712,0.9792961,1.3443532,1.0290555,0.87206346,1.8451442,0.5542048,2.42363,0.7067804,1.0921643,1.1672372,-0.54346067,-0.72326297,0.72326297,1.2026094,1.5609573,1.922756,1.5697178,0.8561227,0.93000156,0.3788921,0.826883,-1.1308424,-0.18834427,0.7121918,-0.43278882,0.0,1.0,-0.5,-0.8660254,0.8660254,-0.5,0.0,1.0,0.0,0.0,0.0
2024-07-16 04:00:00,4.0,-1.0376,-1.418072,-1.2913574,-0.12961331,-0.31587407,0.19372083,-0.5106493,-0.16651131,0.1840727,0.22628696,-0.129111,0.3270003,0.50577193,0.9650104,0.70150316,0.17094149,1.1172687,-0.25466913,2.0313573,0.2970085,0.6433007,0.89193183,0.08858668,-0.30361065,0.30361065,1.6146145,1.1038612,1.5652751,1.3834506,0.9755501,0.43841705,0.6396374,0.32025865,-1.5010011,-1.8435484,0.3220185,-0.7362857,0.0,1.0,-0.5,-0.8660254,1.2246469e-16,-1.0,0.0,1.0,0.0,0.0,0.0
2024-07-16 08:00:00,4.0,-0.5627558,0.59124494,-0.68295854,1.4440296,-0.5952692,-1.0648574,-0.5106493,-1.4981294,-0.14008662,-0.019691736,-0.28383365,-0.027495014,0.27127957,0.7759159,0.26718393,-0.34224108,0.5045298,-0.1919629,1.856699,0.07488781,0.396641,0.72585803,-0.79941344,-0.08806157,0.08806157,1.6171511,1.0081674,1.3540568,1.3093523,1.1451821,0.026297448,0.638888,0.10180364,-1.8540779,-1.0087184,0.1231141,-0.70968837,0.95105654,0.309017,-0.5,-0.8660254,0.8660254,0.5,1.0,0.0,0.0,0.0,0.0
2024-07-16 12:00:00,4.0,0.4439202,1.1249489,-0.7363424,-0.2431799,-0.50229,-0.17969286,0.18795472,-0.1672308,-0.7129501,-0.57250786,-0.81321186,-0.5693693,0.47730702,0.93770856,0.063145846,-1.6027842,0.56772935,0.4146951,1.9803997,0.21958615,0.7017672,0.89080817,-0.68832725,-0.2798805,0.2798805,-0.8533637,1.0945144,1.3941088,1.6293845,-1.2841395,0.15388256,0.67904997,0.39689487,0.19470434,-0.67359763,0.35991442,-0.4931292,0.95105654,0.309017,-0.5,-0.8660254,0.8660254,-0.5,0.0,1.0,0.0,0.0,0.0
2024-07-17 04:00:00,4.0,-0.17426379,-0.07462629,0.11039011,2.3678043,-0.5056698,-0.0023001994,-0.5037842,-0.16522853,-1.1037505,-1.0011835,-1.224971,-0.95362514,0.4430394,0.9051226,-0.16128296,-0.8026468,0.81979585,0.19717138,1.7808583,0.12071621,0.65149516,0.8671513,-0.6217069,-0.21782684,0.21782684,-1.6087724,0.71906126,1.2711744,1.7324477,-1.561647,0.07787412,1.1217443,0.3596689,-0.62393606,-0.12072955,0.328066,-0.5212495,0.95105654,0.309017,-0.5,-0.8660254,1.2246469e-16,-1.0,0.0,1.0,0.0,0.0,0.0
2024-07-17 08:00:00,4.0,-0.5708652,0.059617568,0.5849323,1.2680286,0.10625193,-1.0091757,-0.5037842,-1.092301,-0.83124006,-0.8491189,-1.0931427,-0.6385922,0.15469688,0.69540507,-0.5202675,-0.95880926,-0.103033215,0.05406254,1.6800237,-0.12545164,0.26380566,0.63677555,0.7393704,0.2596609,-0.2596609,-1.6193216,0.6286979,1.1262131,1.505709,-1.1311555,-0.14933543,1.1681342,-0.00037123222,-1.0269799,-0.1552406,0.11301362,-0.48461616,0.58778524,-0.809017,-0.5,-0.8660254,0.8660254,0.5,1.0,0.0,0.0,0.0,0.0
2024-07-17 12:00:00,4.0,-2.4061408,-1.5951731,-0.9280546,-1.0006925,1.5219359,0.23120812,0.5100409,-0.12640187,0.9484869,0.7610938,0.5752209,1.023637,-1.1546296,-0.3448898,-1.3573834,-1.6666982,-1.3430576,-0.6185583,1.0421001,-1.1273279,-1.3283828,-0.3067055,1.6359315,2.2738569,-2.2738569,-0.3853585,0.23939778,0.6896353,0.30985087,0.110243775,-0.75317323,0.6373135,-1.5742115,-1.3897865,-1.7538401,-1.0153165,-0.42602208,0.58778524,-0.809017,-0.5,-0.8660254,0.8660254,-0.5,0.0,1.0,0.0,0.0,0.0
2024-07-18 04:00:00,1.0,0.33138633,0.56067914,1.4169645,-1.0599167,-0.18785517,0.2873835,-0.5053375,-0.10025901,0.5191092,0.47178006,0.33297542,0.5792447,-0.9439357,-0.20634751,-1.7229342,-1.2040781,-1.3527199,-0.03710617,1.1693711,-0.99175614,-1.1424608,-0.2277103,0.41077867,1.9248214,-1.9248214,-0.07505516,0.5127367,0.74149483,0.47830105,0.15337418,-0.9165739,0.4651,-1.2997774,0.22426747,-1.4361275,-0.83357006,-0.6648874,0.58778524,-0.809017,-0.5,-0.8660254,1.2246469e-16,-1.0,0.0,1.0,0.0,0.0,0.0
2024-07-18 08:00:00,1.0,-3.0,-1.7336549,-1.3005807,-1.0687456,1.5430425,-1.0339121,-0.5053375,-1.2245687,2.8955133,2.7736645,2.817556,2.410148,-2.2510495,-1.5183756,-2.3280926,-2.9834607,-3.0,-1.1935884,0.2396683,-2.285552,-2.722648,-1.3100597,1.6375134,2.5645378,-2.5645378,0.5151139,0.4310863,0.24308914,-0.9179653,2.168925,-1.9366974,-0.49929,-2.9289713,-0.57625294,-2.4283319,-2.4188943,0.97829366,-0.58778524,-0.809017,-0.5,-0.8660254,0.8660254,0.5,1.0,0.0,0.0,0.0,0.0
2024-07-18 12:00:00,1.0,-0.04864566,-0.085358225,1.0942682,0.9792499,0.23651727,1.968345,2.0002232,-0.01662911,2.4174235,2.5737903,2.7379334,1.8748615,-2.1678162,-1.5221573,-2.6077733,-2.7359352,-2.84969,-0.6498034,0.296031,-2.1866302,-2.5608487,-1.3453932,1.035506,2.1504798,-2.1504798,0.6348208,-0.5510737,0.21643163,-0.9330678,2.4771762,-2.1523528,-0.7589152,-2.6977928,-0.9710573,-1.1040833,-2.1596096,1.0070949,-0.58778524,-0.809017,-0.5,-0.8660254,0.8660254,-0.5,0.0,1.0,0.0,0.0,0.0
2024-07-19 04:00:00,1.0,-1.5371696,-1.3643621,-0.25997603,-1.2555187,0.56280726,1.583695,-0.51049215,-0.0972678,2.5263972,2.8378985,3.0,1.7822378,-2.4936137,-2.0062578,-2.7923427,-2.9938817,-3.0,-1.3500024,-0.12542953,-2.4580798,-2.947165,-1.7712778,1.2191716,2.3314016,-2.3314016,0.36542463,-1.5197731,-0.12419823,-1.3925668,2.4944458,-2.3111982,-0.88336056,-2.828439,-1.3286873,-1.7599586,-2.371231,1.2226396,-0.58778524,-0.809017,-0.5,-0.8660254,1.2246469e-16,-1.0,0.0,1.0,0.0,0.0,0.0
2024-07-19 08:00:00,4.0,0.18481417,0.8155662,0.7092338,-0.9169812,-0.49428976,-1.0220045,-0.51049215,-0.6888601,1.5575352,2.1046019,2.5015264,0.8568783,-2.2811403,-1.8962902,-2.8035836,-1.8775758,-2.5444403,-1.6704755,0.12397344,-2.1016002,-2.7086828,-1.7821676,-0.050316203,2.0061975,-2.0061975,0.50754875,-1.4960324,-0.26281863,-1.2947403,0.8021836,-2.2043319,-0.9438814,-2.7046516,0.25292784,-0.29805875,-2.098973,1.0855343,-0.95105654,0.309017,-0.5,-0.8660254,0.8660254,0.5,1.0,0.0,0.0,0.0,0.0
2024-07-19 12:00:00,1.0,0.72131693,0.7001343,-0.34818822,0.5455708,0.3268076,2.775909,3.0,-0.08812061,1.5837322,2.0922382,2.4518237,0.87718433,-1.8255316,-1.5716621,-2.4067373,-1.6554049,-2.045538,-1.9442306,0.3795686,-1.6919906,-2.1619658,-1.570677,0.994543,1.6222283,-1.6222283,0.7467778,0.08014096,-0.034257423,-1.1166575,1.082879,-1.8283358,-0.96991104,-1.9320395,0.62838733,0.16926329,-1.7677966,0.70565563,-0.95105654,0.309017,-0.5,-0.8660254,0.8660254,-0.5,0.0,1.0,0.0,0.0,0.0
2024-07-22 04:00:00,1.0,-0.7178221,-0.8861869,0.32343298,-0.4055565,-0.09470121,0.10150296,-0.5672965,-0.062746815,1.325463,1.9139316,2.3505514,0.55338955,-1.9968979,-1.8156626,-2.1938307,-0.5982308,-2.3057582,-2.4273992,0.16933358,-1.7017933,-2.2729182,-1.8221917,0.6247479,1.8243012,-1.8243012,-1.2930884,-0.5160024,-0.32489616,-1.3253188,-0.38569048,-1.6116413,-1.0457487,-2.0666187,-0.56026596,0.39951116,-1.9869105,0.65667444,-0.95105654,0.309017,-0.5,-0.8660254,1.2246469e-16,-1.0,0.0,1.0,0.0,0.0,0.0
2024-07-22 08:00:00,4.0,0.5435951,-0.10215365,1.2559265,0.6720083,-1.0160335,-0.9537556,-0.5672965,1.1508207,0.5537101,1.2627271,1.774546,-0.18423869,-1.6344194,-1.5386487,-1.9280694,-0.34878886,-2.010025,-1.9712077,-0.023918696,-1.4124857,-1.9591581,-1.6808913,-1.5219598,1.492011,-1.492011,-1.0876576,-0.63159823,-0.38484636,-1.0889193,-0.7597703,-1.3653501,-1.2245667,-1.8206556,0.24752963,0.624391,-1.7187907,0.740722,0.0,1.0,-0.5,-0.8660254,0.8660254,0.5,1.0,0.0,0.0,0.0,0.0
2024-07-22 12:00:00,1.0,1.6970459,1.4640326,-0.7105174,-1.2091119,0.6205436,0.3765533,1.2256702,-0.12055557,1.0828662,1.5471932,1.8950217,0.43030414,-0.7696116,-0.78582656,-1.240678,1.0289257,-1.3009266,-1.7721524,0.3420169,-0.878489,-1.0519694,-1.0697525,1.276369,0.62447923,-0.62447923,-1.254217,0.030894311,0.3362466,-0.62364954,-0.60076314,-0.9720566,-1.6081647,-0.8960181,0.6594571,1.1409254,-1.0301245,0.8546312,0.0,1.0,-0.5,-0.8660254,0.8660254,-0.5,0.0,1.0,0.0,0.0,0.0
2024-07-23 04:00:00,4.0,-0.8018476,-1.3727282,-0.85314727,-0.6085816,-0.701818,0.0028466766,-0.56754744,-0.22489485,0.40934747,1.0485629,1.5457956,-0.30190745,-1.0412475,-1.0772563,-0.9736444,0.607942,-0.8780746,-2.1175773,-0.009073409,-0.996476,-1.3105196,-1.3529179,-0.3467455,0.95918876,-0.95918876,-0.7552636,-0.57999694,-0.15113918,-0.78272665,-0.6350905,-0.9003348,-2.0921154,-1.1948051,-0.526766,1.0536954,-1.2777145,0.79072857,0.0,1.0,-0.5,-0.8660254,1.2246469e-16,-1.0,0.0,1.0,0.0,0.0,0.0
2024-07-23 08:00:00,4.0,0.03945924,0.4160971,0.86572737,0.17294319,-0.76892465,-0.9285328,-0.56754744,-0.4105681,-0.17773649,0.52051616,1.1043016,-0.87310016,-0.9910496,-1.0472991,-0.7232521,0.3227516,-0.9501047,-2.1507647,0.13809165,-0.8946305,-1.2001803,-1.3589978,-0.5396145,0.89610374,-0.89610374,-0.78231096,-0.55501515,-0.3620264,-0.67672575,-1.0764049,-0.866716,-2.550336,-1.0743754,0.28096762,0.7269682,-1.2072228,0.95299155,0.95105654,0.309017,-0.5,-0.8660254,0.8660254,0.5,1.0,0.0,0.0,0.0,0.0
2024-07-23 12:00:00,4.0,0.90804917,0.93720007,0.19556575,-0.6347907,0.40229893,-0.118572555,0.3975064,0.050556395,0.13578197,0.62796193,1.1084317,-0.44133005,-0.5400801,-0.64554113,-0.29064873,1.0094435,0.30467176,-2.5798476,0.37288168,-0.5623624,-0.5936058,-1.0058725,0.86037666,0.409479,-0.409479,-0.59122854,-0.07109972,0.07089818,-0.3992399,-0.8257873,-0.6221373,-2.2593503,-0.19975947,0.6674111,0.25802752,-0.7531356,0.5437047,0.95105654,0.309017,-0.5,-0.8660254,0.8660254,-0.5,0.0,1.0,0.0,0.0,0.0
2024-07-24 04:00:00,1.0,-0.58848447,-1.2284845,-1.0754397,0.10277831,-0.995715,-0.012339244,-0.5644795,-0.17962793,-0.48307618,0.106166996,0.7095114,-1.0837022,-0.77083206,-0.8846544,-0.099724814,0.5317734,0.13687854,-2.175766,0.33661738,-0.6508793,-0.73952913,-1.2430978,-1.2073762,0.60026866,-0.60026866,-0.18075508,-0.5455127,-0.46029884,-0.48872155,-0.8619876,-0.62616974,-2.2952642,-0.44675758,-0.5931266,0.31539044,-0.9014002,0.83555454,0.95105654,0.309017,-0.5,-0.8660254,1.2246469e-16,-1.0,0.0,1.0,0.0,0.0,0.0
2024-07-24 08:00:00,1.0,-0.89982855,1.0186841,-0.09209271,-0.57794654,0.2325803,-0.9050163,-0.5644795,-3.0,0.36386904,0.70199686,1.1982565,-0.18636669,-1.096731,-1.2221737,-0.10461674,-0.57001317,0.32642433,-2.2982805,-0.21313883,-0.8285113,-0.94293624,-1.4826893,0.72563463,0.8145181,-0.8145181,-1.0781101,-0.49415225,-0.625032,-0.94540536,-0.7673462,-0.88396466,-2.0928698,-0.73208857,-0.98308796,-0.13752827,-1.1531855,0.73228043,0.58778524,-0.809017,-0.5,-0.8660254,0.8660254,0.5,1.0,0.0,0.0,0.0,0.0
2024-07-24 12:00:00,1.0,-0.5886011,-0.8348702,1.0095572,-1.0594012,-0.40655476,0.31108862,0.9400629,-0.06646725,0.12687577,0.5142606,1.0657187,-0.4374714,-1.2851104,-1.4342587,-0.1911674,-0.47734648,0.09173751,-2.1174867,0.0012360413,-0.9336189,-1.0576057,-1.6681695,0.13609906,0.9173578,-0.9173578,-1.1437315,-1.2223552,-1.0768178,-1.1366396,-0.546227,-0.8243729,-1.8908058,-0.8338929,-1.3659823,-0.90682864,-1.3326803,0.8336105,0.58778524,-0.809017,-0.5,-0.8660254,0.8660254,-0.5,0.0,1.0,0.0,0.0,0.0
2024-07-25 04:00:00,1.0,-0.57578474,-1.0130106,-1.1531624,0.92441875,-0.7377476,0.6071125,-0.56606114,-0.014459375,-0.25343144,0.19167663,0.8201358,-0.8193791,-1.4497751,-1.6231319,-0.32712474,-0.73355603,-0.30143422,-2.0662692,-0.2715021,-1.0300779,-1.1801661,-1.8605901,-0.2971583,1.1901592,-1.1901592,-1.1167173,-1.9234893,-1.6704259,-1.3069358,-0.4420737,-1.0531222,-1.8944339,-1.0348558,-1.6988486,-0.85065126,-1.5274519,0.9110988,0.58778524,-0.809017,-0.5,-0.8660254,1.2246469e-16,-1.0,0.0,1.0,0.0,0.0,0.0
2024-07-25 08:00:00,4.0,-2.4191792,-0.9500853,-0.7030981,0.46325704,-0.8102778,-0.9587821,-0.56606114,-3.0,1.4386795,1.544181,1.965701,0.7330565,-2.0698326,-2.344996,-0.7338432,-2.100521,-0.8534988,-2.7357852,-1.2103149,-1.6784781,-1.8046935,-2.3679886,-0.36079308,1.6269666,-1.6269666,-0.9155042,-1.6867913,-2.1753755,-2.2641537,0.3025154,-1.7803987,-1.7184681,-1.8376015,-1.9891431,-1.2824199,-1.6863341,1.4417325,-0.58778524,-0.809017,-0.5,-0.8660254,0.8660254,0.5,1.0,0.0,0.0,0.0,0.0
2024-07-25 12:00:00,4.0,-0.05743981,-0.15890247,0.54611605,1.2847136,-0.25283328,0.6261906,1.4931928,0.09324657,1.0397063,1.2964492,1.7670236,0.326464,-1.9873563,-2.2404177,-0.9806026,-1.8384334,-1.0253301,-2.5588071,-1.6664549,-1.5802062,-1.6331815,-2.2738957,0.28106976,1.4216943,-1.4216943,-0.6609993,-2.0815809,-2.2876036,-2.1921918,0.6249288,-1.7059393,-1.5466374,-1.6339225,-1.8967237,-1.0472217,-1.52759,1.1589882,-0.58778524,-0.809017,-0.5,-0.8660254,0.8660254,-0.5,0.0,1.0,0.0,0.0,0.0
2024-07-26 04:00:00,4.0,0.9538447,0.95196474,0.067977995,-0.3595321,0.64219254,0.38723186,-0.5669923,0.022813594,1.2020768,1.4008673,1.7693253,0.52177054,-1.4695783,-1.76138,-0.85560894,-1.0837107,-1.2297537,-2.0986633,-1.5166886,-1.207236,-1.0641778,-1.8516303,1.091291,0.91417044,-0.91417044,0.1742103,-1.2094551,-1.6662853,-1.8412873,0.33773118,-1.3751477,-1.3775553,-1.133146,0.40588146,-0.1909006,-1.177449,1.4981767,-0.58778524,-0.809017,-0.5,-0.8660254,1.2246469e-16,-1.0,0.0,1.0,0.0,0.0,0.0
2024-07-26 08:00:00,4.0,0.6459248,0.7675838,-0.9914982,1.386743,-0.82821107,-1.0057424,-0.5669923,0.4436756,0.48941624,0.86366236,1.3266033,-0.16357131,-1.1472753,-1.4557582,-0.64842725,-0.602975,-0.7876953,-1.3699946,-1.5087712,-0.8754233,-0.7454618,-1.6457316,-0.36684075,0.57452154,-0.57452154,0.6355336,-1.0659081,-1.6370114,-1.5627612,0.1475568,-1.0463278,-1.2221214,-0.844275,0.8347533,1.113517,-0.84508467,1.9922327,-0.95105654,0.309017,-0.5,-0.8660254,0.8660254,0.5,1.0,0.0,0.0,0.0,0.0
2024-07-26 12:00:00,4.0,0.62882066,1.1236286,-0.93892187,0.15706304,-0.88380045,0.40045163,1.3005042,0.12349938,-0.09874813,0.36686814,0.9057326,-0.7263936,-0.8468592,-1.1768371,-0.32452154,-0.11772259,-0.6069326,-1.2706634,-1.2900395,-0.5343999,-0.4029008,-1.4453366,-0.51764774,0.23895448,-0.23895448,0.745801,-0.284138,-1.601538,-1.2864032,0.08028497,-0.671193,-1.2830344,-0.48424518,1.1922089,1.4845709,-0.41197902,2.2042677,-0.95105654,0.309017,-0.5,-0.8660254,0.8660254,-0.5,0.0,1.0,0.0,0.0,0.0
2024-07-29 04:00:00,4.0,-0.35430038,-1.1871036,-1.1139671,0.27510455,-1.3970398,-0.09242808,-0.5689761,0.0985746,-0.7629804,-0.19701762,0.47892302,-1.4145372,-0.9501286,-1.2618749,-0.12916157,0.7628575,-0.9873641,-0.57513314,-1.3778487,-0.6646016,-0.5484788,-1.5710542,-1.4896328,0.43703273,-0.43703273,-1.4281976,-0.7025251,-2.1379633,-1.3258694,-1.25981,-0.61295587,-1.5685565,-0.6595503,-0.3879866,0.68589884,-0.4557049,1.5981641,-0.95105654,0.309017,-0.5,-0.8660254,1.2246469e-16,-1.0,0.0,1.0,0.0,0.0,0.0
2024-07-29 08:00:00,4.0,0.067357585,-1.2804931,-0.39001268,-0.94930077,-0.13827282,-0.98879755,-0.5689761,1.9244899,-0.7598658,-0.3064265,0.3491273,-1.3338891,-0.91938287,-1.2184473,0.07972818,0.81767833,-0.7982119,-0.549385,-1.6833694,-0.58227015,-0.48433337,-1.5004379,0.36255068,0.4158692,-0.4158692,-1.4744822,-0.6330154,-2.1200964,-1.2764914,-1.1926297,-0.41455376,-1.5355006,-0.58952975,0.013170345,0.31322476,-0.4349285,1.5836582,0.0,1.0,-0.5,-0.8660254,0.8660254,0.5,1.0,0.0,0.0,0.0,0.0
2024-07-29 12:00:00,4.0,-0.009426704,-0.15581274,1.4526961,0.30630797,-0.7788873,-0.08637454,0.48996052,0.12940899,-1.0482444,-0.6338685,0.057543118,-1.5710223,-0.9230819,-1.205505,0.25672147,0.4157832,-0.5343015,-0.17336097,-1.8191675,-0.57915634,-0.5100273,-1.4937313,-0.88695127,0.43997976,-0.43997976,-1.6399643,-1.0077212,-2.3017955,-1.227718,-1.541774,-0.49994203,-1.8231045,-0.639664,-0.36380044,-0.08127745,-0.45690966,1.3397778,0.0,1.0,-0.5,-0.8660254,0.8660254,-0.5,0.0,1.0,0.0,0.0,0.0
2024-07-30 04:00:00,4.0,-0.92139655,-1.2840093,-1.0154043,-0.35214522,0.44290805,0.6533802,-0.5627922,0.10401082,-0.7140837,-0.4631851,0.16773298,-1.1321014,-1.2516478,-1.4736129,0.18668333,-0.24917047,-0.65965366,-0.4629204,-2.0331676,-1.0063922,-0.9393014,-1.691928,0.7498318,0.96969473,-0.96969473,-1.1138434,-1.5836425,-2.5316288,-1.5552603,-1.1435443,-0.8206319,-1.7671994,-1.0483879,-0.733748,-0.3644762,-0.95399266,1.2694948,0.0,1.0,-0.5,-0.8660254,1.2246469e-16,-1.0,0.0,1.0,0.0,0.0,0.0
2024-07-30 08:00:00,4.0,0.15667455,-0.014174306,0.17895392,2.2449882,-1.170049,-1.2460318,-0.5627922,0.32727832,-1.1827155,-0.9110156,-0.22885555,-1.5821133,-1.1649191,-1.3867724,0.20485285,-0.45332503,-0.43849584,-0.6107484,-1.6727093,-0.8395329,-0.86516833,-1.6405952,-1.4331241,0.8321644,-0.8321644,-1.5470554,-1.3484591,-2.670398,-1.4414074,-1.1726273,-0.81391776,-1.4515395,-0.9501082,0.4532207,-0.30717835,-0.8839934,1.473685,0.95105654,0.309017,-0.5,-0.8660254,0.8660254,0.5,1.0,0.0,0.0,0.0,0.0
2024-07-30 12:00:00,3.0,0.3273311,0.5162603,0.746648,0.26198927,-0.36035055,0.06683669,0.4911838,0.096295744,-1.2364233,-1.0732663,-0.44674334,-1.5315919,-0.9737021,-1.2307752,0.3457229,-0.16325901,0.47478193,-0.34563524,-1.4870098,-0.62515485,-0.6766819,-1.4903607,-0.40998745,0.4938353,-0.4938353,-1.2981246,-0.8377116,-2.512662,-1.2874036,-0.8639401,-0.5870345,-0.98794657,-0.750843,0.82556665,-0.06620301,-0.7259761,1.3949848,0.95105654,0.309017,-0.5,-0.8660254,0.8660254,-0.5,0.0,1.0,0.0,0.0,0.0
2024-07-31 04:00:00,4.0,0.054134004,-0.003207669,0.38187537,2.0528896,-1.139499,0.56115973,-0.56204975,0.09536609,-1.5482622,-1.413665,-0.7922635,-1.8172637,-0.94768906,-1.1939902,0.4871598,-0.1690158,0.5120909,-0.4725114,-1.4090812,-0.54598516,-0.6445631,-1.4740998,-1.4026575,0.48362923,-0.48362923,-1.2415477,-1.1555972,-2.6481025,-1.2154521,-1.1121796,-0.521055,-0.60959214,-0.7244858,-0.39029092,0.40321794,-0.70873934,1.4548651,0.95105654,0.309017,-0.5,-0.8660254,1.2246469e-16,-1.0,0.0,1.0,0.0,0.0,0.0
2024-07-31 08:00:00,3.0,1.194429,0.859202,-0.71283793,0.77784234,0.111933276,-1.229796,-0.56204975,1.5828646,-1.1641786,-1.2574369,-0.832188,-1.193057,-0.23362309,-0.6737853,0.9374417,0.34564725,0.589281,-0.59960794,-1.0449793,0.11422066,0.14007157,-0.96462905,0.096220665,-0.8953745,0.8953745,-0.022097794,-1.0220267,-1.89128,-0.7657297,-0.65969604,-0.032204796,-0.5662552,0.15205595,0.39181292,1.2708704,-0.09107108,1.522404,0.58778524,-0.809017,-0.5,-0.8660254,0.8660254,0.5,1.0,0.0,0.0,0.0,0.0
2024-07-31 12:00:00,3.0,-0.32594383,-0.86168295,0.19266722,-0.39748934,-0.68516195,0.33888674,0.6795471,0.10187193,-1.3159838,-1.4151628,-1.0150361,-1.3319558,-0.3999264,-0.7838307,1.1413945,0.5988951,0.27054724,-0.47725856,-1.4070685,-0.024209162,-0.006963712,-1.0677819,-1.0137637,-0.8443719,0.8443719,-0.763152,-1.2157819,-2.1197007,-0.85931414,-0.9381474,0.051491167,-0.56821716,0.03232537,-0.419228,0.7879515,-0.2767035,1.6576738,0.58778524,-0.809017,-0.5,-0.8660254,0.8660254,-0.5,0.0,1.0,0.0,0.0,0.0
2024-08-01 04:00:00,4.0,0.09915571,0.06727801,-0.04863382,2.4200742,0.42265567,0.6849562,-0.56093633,0.13068272,-1.0987309,-1.3050112,-1.0155087,-0.9841961,-0.361745,-0.74625915,1.2481092,0.5739431,0.09429128,-0.4668437,-1.4257196,0.0735592,0.10561814,-0.98642856,0.4239414,-0.8842771,0.8842771,-0.73675835,-0.595935,-1.940463,-0.83676827,-0.47225943,-0.065286696,-0.5344447,0.07558789,0.41413963,0.81440294,-0.24023177,1.5602583,0.58778524,-0.809017,-0.5,-0.8660254,1.2246469e-16,-1.0,0.0,1.0,0.0,0.0,0.0
2024-08-01 08:00:00,4.0,-1.5761354,0.051546503,2.9093316,-1.0616456,0.17563935,-1.2454498,-0.56093633,-3.0,-0.30604967,-0.6872853,-0.52625996,-0.052701954,-1.0711677,-1.2689495,0.7942763,-0.24157737,-0.31576127,-1.1564275,-1.8188379,-0.9257008,-0.6652591,-1.3762928,0.04724234,1.1629821,-1.1629821,0.89585465,-0.5217519,-2.0559673,-1.4777784,0.23957066,-0.7705355,-0.66904956,-0.77640945,-0.3912601,-1.1049275,-1.0887792,0.6792906,-0.58778524,-0.809017,-0.8660254,-0.5,0.8660254,0.5,1.0,0.0,0.0,0.0,0.0
2024-08-01 12:00:00,4.0,0.5151495,0.85615146,0.47075266,-0.47484958,-0.21740545,0.57201153,0.9204822,0.12688817,-0.5801775,-0.87817794,-0.7315417,-0.33291316,-0.7738333,-1.046567,0.69412273,-0.042196617,-0.16486938,-0.8656935,-1.6656874,-0.59002155,-0.29777443,-1.2060629,-0.31179446,0.78552675,-0.78552675,0.95566463,0.15358436,-1.9186246,-1.2699002,0.47973993,-0.65894127,-0.69957304,-0.36634153,0.4793472,-0.47368187,-0.7055508,0.81888485,-0.58778524,-0.809017,-0.8660254,-0.5,0.8660254,-0.5,0.0,1.0,0.0,0.0,0.0
2024-08-02 04:00:00,4.0,-1.8302989,-1.2710459,-0.8222207,-0.52172536,3.0,2.214152,-0.5635366,0.15245196,1.0793124,0.43096808,0.32501838,1.368709,-1.4350754,-1.5858977,0.1416965,-1.3618648,-0.79329634,-1.1592141,-2.0691364,-1.8753147,-1.0458168,-1.489164,1.6222484,1.175241,-1.175241,0.62335217,-1.2061183,-1.7117673,-1.5592544,1.5397787,-1.5114952,-0.64371437,-1.0698221,-0.35080323,-1.3699616,-1.179911,1.1357061,-0.58778524,-0.809017,-0.8660254,-0.5,1.2246469e-16,-1.0,0.0,1.0,0.0,0.0,0.0
2024-08-02 08:00:00,4.0,-1.7350297,0.74872446,0.61654794,-0.17317703,0.3294914,-1.1662153,-0.5635366,-3.0,2.2924614,1.6057832,1.3442473,2.234048,-1.8891325,-2.0019684,-0.45773855,-1.9516529,-1.0825835,-1.5530101,-2.66484,-2.2514315,-1.569668,-1.6871583,0.47084424,1.0865289,-1.0865289,0.6707995,-1.0571826,-1.6139603,-1.4436133,2.7972772,-2.7913346,-0.5077547,-1.7164289,-0.78006303,-0.9894305,-1.0421034,1.345796,-0.95105654,0.309017,-0.8660254,-0.5,0.8660254,0.5,1.0,0.0,0.0,0.0,0.0
2024-08-02 12:00:00,4.0,-0.93870384,-1.1597307,-0.75540817,-0.2827933,1.1399243,2.039167,2.8141959,0.21487302,2.1350672,1.7779989,1.607226,1.8460256,-2.050151,-2.1540453,-0.98140746,-2.3057697,-1.4458841,-1.709353,-2.5762503,-1.9613216,-1.8268572,-1.823117,1.0567259,1.2725006,-1.2725006,0.112627015,-1.9589237,-1.7486472,-1.503195,2.6090336,-2.2596161,-0.46976542,-1.718233,-1.2176704,-1.5781955,-1.2074304,1.4902455,-0.95105654,0.309017,-0.8660254,-0.5,0.8660254,-0.5,0.0,1.0,0.0,0.0,0.0
2024-08-05 04:00:00,4.0,-1.4320337,-1.3913107,-0.6306368,-1.1209401,1.7652296,2.1374884,-0.5597692,0.35434896,2.4092014,2.2418053,2.1197324,1.8771191,-2.2023458,-2.327938,-1.422102,-2.178952,-1.9846696,-1.4374464,-2.4526641,-1.7849115,-2.1484041,-1.9503642,1.4420404,1.3517423,-1.3517423,0.40108028,-2.1573157,-1.8250822,-1.5112525,2.164333,-1.8783618,-0.40466833,-1.8273784,-1.6339622,-1.0282668,-1.2912254,1.2859658,-0.95105654,0.309017,-0.8660254,-0.5,1.2246469e-16,-1.0,0.0,1.0,0.0,0.0,0.0
2024-08-05 08:00:00,4.0,-2.3433886,0.75895995,-0.36341813,0.9693504,1.2620176,-1.0071222,-0.5597692,-3.0,3.0,3.0,3.0,3.0,-2.3901575,-2.5751824,-1.6199787,-3.0,-2.6660638,-2.1485174,-2.8172483,-1.7437747,-2.2848272,-1.9133487,1.2113714,0.909942,-0.909942,-1.4472004,-1.5624509,-1.4626821,-1.1719172,3.0,-1.9279562,-0.11683491,-2.2262192,-1.9791951,-0.8657433,-0.86285347,2.0737536,0.0,1.0,-0.8660254,-0.5,0.8660254,0.5,1.0,0.0,0.0,0.0,0.0
2024-08-05 12:00:00,4.0,-0.50880635,-0.55205184,0.79343957,-0.37797365,1.6613775,1.6915518,3.0,0.32666638,3.0,3.0,3.0,2.4539533,-2.3256483,-2.5058763,-1.824824,-2.4767509,-2.9702306,-2.4958405,-2.717901,-1.3706623,-2.173448,-1.8643343,1.4140939,1.0960708,-1.0960708,-0.7558741,-1.6960405,-1.4562303,-1.2901523,2.2453716,-1.2577033,0.04787929,-1.8537577,-1.8897004,-0.6776791,-1.0468884,1.8511174,0.0,1.0,-0.8660254,-0.5,0.8660254,-0.5,0.0,1.0,0.0,0.0,0.0
2024-08-06 04:00:00,4.0,2.123436,1.2416275,-0.46377277,-0.34146845,2.279753,1.5180593,-0.5534154,0.2680481,3.0,3.0,3.0,2.446291,-1.3448588,-1.7257097,-1.3588431,-1.0534583,-2.1202426,-1.9484792,-2.1902933,-0.7241371,-1.221977,-1.2742406,1.5350868,0.49248442,-0.49248442,2.089861,-0.7318664,-0.8067098,-0.8907995,1.7944586,-0.74599135,-0.07693017,-0.79776365,0.6462278,0.96990806,-0.45012343,0.444092,0.0,1.0,-0.8660254,-0.5,1.2246469e-16,-1.0,0.0,1.0,0.0,0.0,0.0
2024-08-06 08:00:00,4.0,0.7850796,-0.21013983,1.1152264,0.35105458,-0.32248154,-0.9884236,-0.5534154,1.4413601,2.484776,2.9063976,3.0,1.558264,-1.0468061,-1.4611651,-1.0194006,-0.43233693,-1.8485572,-1.8325201,-1.7940569,-0.46547288,-0.94752663,-1.1439157,0.08647093,0.30897337,-0.30897337,2.2583127,-0.6057366,-0.8273774,-0.7175837,1.3735907,-0.3276533,0.12924995,-0.5270952,1.037204,1.7064484,-0.25979933,-0.103150934,0.95105654,0.309017,-0.8660254,-0.5,0.8660254,0.5,1.0,0.0,0.0,0.0,0.0
2024-08-06 12:00:00,4.0,-0.9379258,-1.1468565,-1.0009875,-0.023593364,0.29860535,0.42669758,1.7044617,0.17246291,2.0671403,2.6183352,2.8559382,1.0634927,-1.2105063,-1.5842876,-0.8364166,-0.29207,-1.6747053,-1.9738171,-1.8957163,-0.55478346,-1.1615381,-1.279155,0.7934376,0.6620379,-0.6620379,1.9372452,-0.8374437,-1.0782992,-0.91926503,0.91520274,-0.3599413,0.24274342,-0.745021,-0.22796506,1.4702913,-0.6052644,0.062238883,0.95105654,0.309017,-0.8660254,-0.5,0.8660254,-0.5,0.0,1.0,0.0,0.0,0.0
2024-08-07 04:00:00,4.0,-0.107224256,-0.22065899,0.72309715,0.7925976,0.27041626,0.87257165,-0.56349033,0.17380632,1.7304534,2.3348866,2.6420765,0.70693684,-1.2258103,-1.5666027,-0.656807,0.5187371,-1.7877659,-1.956588,-1.6518273,-0.5025384,-1.1119347,-1.2586961,0.808393,0.76130843,-0.76130843,0.5390677,-1.1217842,-1.170843,-0.9492951,-0.23313364,-0.3295267,-0.6579958,-0.72259825,-0.6462278,0.11187028,-0.685004,-0.03838102,0.95105654,0.309017,-0.8660254,-0.5,1.2246469e-16,-1.0,0.0,1.0,0.0,0.0,0.0
2024-08-07 08:00:00,4.0,1.6006942,0.31532693,0.57651436,1.1562724,-1.2659372,-1.0737281,-0.56349033,2.2830737,1.4374598,2.0262485,2.3407738,0.47376224,-0.59223574,-1.0650561,-0.19990732,1.3031893,-0.84667385,-1.4531293,-1.4077587,-0.14965218,-0.5230868,-0.91282904,-1.9323945,0.29292208,-0.29292208,0.38916457,-0.91313976,-0.92802,-0.60792696,-0.38712516,-0.061035264,-0.73272157,-0.14479713,0.63202494,0.616613,-0.23281476,0.43489957,0.58778524,-0.809017,-0.8660254,-0.5,0.8660254,0.5,1.0,0.0,0.0,0.0,0.0
2024-08-07 12:00:00,4.0,-0.9444006,-0.52142334,0.7245888,-0.12703817,2.140314,1.1129755,2.8885517,0.1754874,2.316318,2.6307008,2.827406,1.2557479,-0.800554,-1.2146105,0.06067045,0.15011011,-0.67108697,-1.4722681,-1.6579679,-0.28411946,-0.6019697,-0.87366563,1.4803017,0.59566396,-0.59566396,0.09036428,-1.1503669,-0.72309864,-0.8807352,-0.2142369,-0.0846133,-0.7658051,-0.22677667,-0.20071639,0.5593098,-0.5902251,0.16480865,0.58778524,-0.809017,-0.8660254,-0.5,0.8660254,-0.5,0.0,1.0,0.0,0.0,0.0
2024-08-08 04:00:00,4.0,0.9741942,0.7124873,1.5312828,-0.8710533,0.9887283,0.74254483,-0.5638796,0.17632037,2.2908173,2.583503,2.7626712,1.23868,-0.46798643,-0.94589597,0.36928305,0.22646916,-0.15169793,-1.2267087,-1.6146953,-0.04729923,-0.21924564,-0.62237203,1.2723513,0.28858748,-0.28858748,0.12102581,-0.5412993,-0.47137886,-0.7195666,0.1620484,0.030646173,-0.95083344,0.11425991,0.68487424,1.1052853,-0.32323772,0.32155782,0.58778524,-0.809017,-0.8660254,-0.5,1.2246469e-16,-1.0,0.0,1.0,0.0,0.0,0.0
2024-08-08 08:00:00,4.0,0.06336655,0.643965,-0.091978334,0.99283624,0.6162163,-1.1366363,-0.5638796,-0.9862795,2.1540828,2.4852853,2.6943855,1.0652926,-0.47725806,-0.93916655,0.58678645,0.60531557,0.23748367,-1.2844907,-1.613097,0.0067491196,-0.1201724,-0.5542844,1.0643327,0.31009942,-0.31009942,-0.26997444,-0.42271793,-0.43626902,-0.7267016,0.33358714,-0.013105566,-0.8627174,0.14159311,-0.15851189,0.18291484,-0.34785506,0.3049361,-0.58778524,-0.809017,-0.8660254,-0.5,0.8660254,0.5,1.0,0.0,0.0,0.0,0.0
2024-08-08 12:00:00,4.0,1.912834,1.3384725,-1.4186035,0.34372997,0.9598475,0.30937836,1.7559996,0.21249764,2.1512184,2.4217815,2.5884004,1.1144307,0.23888655,-0.38056377,0.9917758,1.3854499,1.4145311,-0.74463856,-1.2246714,0.44766065,0.49558872,-0.14665529,1.2487141,-1.1598566,1.1598566,0.03961803,6.15331e-05,-0.030077614,-0.38862732,0.62923825,0.2574134,-0.776313,0.78904516,0.728971,1.5261905,0.25644746,0.58042425,-0.58778524,-0.809017,-0.8660254,-0.5,0.8660254,-0.5,0.0,1.0,0.0,0.0,0.0
2024-08-09 04:00:00,4.0,0.6891777,0.6787842,-0.48668712,1.2300236,-0.096383445,0.9795825,-0.5753793,0.17801008,1.7343285,2.1195385,2.356548,0.69237345,0.4519154,-0.20685902,1.3391706,1.0518122,1.710532,-0.8499803,-1.2765704,0.6658938,0.7503435,-0.0053601507,0.68650746,-1.5817041,1.5817041,-0.17532055,0.6155511,0.0065490394,-0.24312449,0.5541096,0.5290168,-0.34026474,0.9464844,1.1639396,1.3099931,0.46945634,0.86531985,-0.58778524,-0.809017,-0.8660254,-0.5,1.2246469e-16,-1.0,0.0,1.0,0.0,0.0,0.0
2024-08-09 08:00:00,4.0,-0.5495163,-0.16998088,-0.4707868,2.1554248,-0.69067675,-1.2158227,-0.5753793,-0.64944994,1.4285706,1.9078974,2.2251375,0.3166899,0.25207105,-0.3394043,1.4583809,1.1992127,0.97461873,-0.9408187,-1.3881159,0.5872058,0.6522248,-0.09378752,0.06427527,-1.5484879,1.5484879,-0.50146925,0.665025,-0.18106477,-0.34263209,-0.18671674,0.50119704,-0.35888746,0.7911037,-0.15851189,1.022461,0.29148945,0.6729708,-0.95105654,0.309017,-0.8660254,-0.5,0.8660254,0.5,1.0,0.0,0.0,0.0,0.0
2024-08-09 12:00:00,4.0,-0.09414231,-0.66148216,-0.36221847,0.5913934,-1.2804364,0.1786718,1.6987776,0.2729765,0.76026595,1.4306363,1.8830245,-0.42595404,0.19495857,-0.37686214,1.5481663,0.7948203,0.7412643,-1.0049584,-1.4474436,0.63514245,0.69815946,-0.15167233,-1.2569116,-1.5780861,1.5780861,-0.42211607,0.36521205,-0.47915244,-0.30639443,-0.73634785,0.59849167,-0.45108747,0.815734,-0.58592725,-0.084062345,0.37268934,0.57118255,-0.95105654,0.309017,-0.8660254,-0.5,0.8660254,-0.5,0.0,1.0,0.0,0.0,0.0
2024-08-12 04:00:00,4.0,-0.12815279,-0.48572987,-1.2660306,1.898091,-0.88187104,-0.22086267,-0.5763851,0.23771967,0.44854,1.1529301,1.6719587,-0.7465087,0.1291777,-0.43240523,1.5544888,0.7405683,0.98601735,-0.6634933,-1.7837691,0.6971,0.7466384,-0.21233456,-0.121560685,-1.3342845,1.3342845,-0.25932214,0.16676402,-0.7169554,-0.32039174,-0.9840183,0.5741241,-0.50486,0.7492532,-1.0288436,-0.48735654,0.3145253,0.8767964,-0.95105654,0.309017,-0.8660254,-0.5,1.2246469e-16,-1.0,0.0,1.0,0.0,0.0,0.0
2024-08-12 08:00:00,4.0,0.87829465,1.7956972,-1.0739424,-1.0741117,-1.3601092,-1.2774651,-0.5763851,0.18742108,-0.02689828,0.7324041,1.3248757,-1.2153971,0.4867819,-0.18434814,1.6997983,0.30741274,1.2799637,-0.559233,-1.4800495,1.2298331,1.1620684,-0.07006765,-1.4960417,-1.8437992,1.8437992,-1.3846765,0.28361022,-0.88112074,-0.033825077,-1.3914171,1.0436283,-0.6069467,1.1721846,0.8637635,0.23139589,0.70544845,0.72494453,0.0,1.0,-0.8660254,-0.5,0.8660254,0.5,1.0,0.0,0.0,0.0,0.0
2024-08-12 12:00:00,4.0,0.38628,0.4650632,-0.37585405,1.6563399,-1.135944,-0.55934346,0.4295873,0.22390206,-0.3354405,0.41682386,1.062801,-1.486625,0.6270474,-0.09230657,1.8223476,0.1776466,0.9469226,0.08176107,-1.4083852,1.6157578,1.3896309,-0.023107814,-1.1632011,-1.8157474,1.8157474,-1.4652284,0.69834745,-1.123108,0.14666574,-1.4971211,1.4611895,-0.69972044,1.4786674,1.292111,0.45172867,1.9604212,0.54772097,0.0,1.0,-0.8660254,-0.5,0.8660254,-0.5,0.0,1.0,0.0,0.0,0.0
2024-08-13 04:00:00,4.0,-0.21222316,-1.0053464,-0.57942283,-0.067799546,-1.1833799,-0.54221636,-0.5797685,0.18888716,-0.6070681,0.12954578,0.83340776,-1.7187247,0.48158213,-0.17622298,1.8165114,0.32303366,1.1763937,0.53308487,-1.3368081,1.4955515,1.3108618,-0.16458964,-1.5433314,-1.4116825,1.4116825,-1.602237,0.4733049,-1.5543336,0.15134574,-1.583482,1.5317268,-0.8154564,1.3002192,-0.13440676,0.37265724,1.8067744,0.32870153,0.0,1.0,-0.8660254,-0.5,1.2246469e-16,-1.0,0.0,1.0,0.0,0.0,0.0
2024-08-13 08:00:00,4.0,0.99893916,1.2013792,0.1521769,-0.8347179,-0.8438007,-1.1596195,-0.5797685,0.5661901,-0.6566481,-0.043751143,0.6393849,-1.620301,0.984176,0.18016323,1.8856485,0.75431657,1.1757407,1.1507539,-1.1408236,2.192409,1.7512801,0.16641635,-0.6443416,-2.1004481,2.1004481,-1.2487019,0.60430825,-1.4768878,0.5675223,-1.3710923,2.0413032,-0.45489332,1.8556045,0.7873013,0.47576705,2.9380627,0.13748701,0.95105654,0.309017,-0.8660254,-0.5,0.8660254,0.5,1.0,0.0,0.0,0.0,0.0
2024-08-13 12:00:00,4.0,0.17789717,0.18025973,1.7787749,0.19509006,-0.71076924,-0.16651611,0.8272998,0.09941884,-0.714226,-0.19037461,0.4892958,-1.5705134,1.0285672,0.21917063,1.8820393,0.86880124,1.2088755,1.673038,-1.1839765,2.0774984,1.7658024,0.22657514,-0.48434502,-2.0235145,2.0235145,-1.3392423,0.0889143,-1.646082,0.72971714,-1.300565,2.1267622,0.3266835,1.8818018,-0.16150267,0.34593052,3.0,-0.42999068,0.95105654,0.309017,-0.8660254,-0.5,0.8660254,-0.5,0.0,1.0,0.0,0.0,0.0
2024-08-14 04:00:00,4.0,0.44934112,0.59301513,0.31386036,0.6391447,-0.7676816,-0.17794313,-0.5894816,0.22415794,-0.8233807,-0.3700208,0.30474582,-1.5868417,1.2554448,0.38968372,1.8883964,0.700753,0.7595302,2.5265367,-1.1174772,2.1306694,1.8576405,0.42283428,-0.83333004,-2.1756375,2.1756375,-1.2269773,0.9233839,-1.7762841,1.1227305,-1.1705528,2.0549662,0.43195292,2.0111458,0.7873013,0.7179706,3.0,-1.8341404,0.95105654,0.309017,-0.8660254,-0.5,1.2246469e-16,-1.0,0.0,1.0,0.0,0.0,0.0
2024-08-14 08:00:00,4.0,0.47401237,-1.3933076,-0.3197109,-1.4556717,-0.8506973,-1.1225096,-0.5894816,1.4365025,-0.85133773,-0.49187768,0.15459947,-1.4955579,1.500651,0.59532017,1.8709608,0.7326848,0.68913704,2.7356954,-1.0019728,2.254817,1.9055003,0.7185892,-1.4138618,-1.930855,1.930855,-1.1660122,0.9625951,-1.8074894,1.6141293,-1.0175858,2.3641007,0.9266688,2.012848,1.2256579,0.3910577,2.7893977,-2.5799778,0.58778524,-0.809017,-0.8660254,-0.5,0.8660254,0.5,1.0,0.0,0.0,0.0,0.0
2024-08-14 12:00:00,4.0,0.49549025,1.1536938,-0.7142892,0.18069823,-0.9431145,-0.54678357,0.10165195,0.18893752,-1.083012,-0.7481556,-0.101506524,-1.6899687,1.6903597,0.7989968,1.9222314,0.99521524,0.99432445,2.1510203,-0.6402359,2.2301111,1.9953933,0.9634095,-1.6876458,-2.0627937,2.0627937,-1.5659851,1.4221432,-2.0703282,2.1608877,-0.99839747,2.0887566,3.0,2.0974898,1.6359491,0.6098445,2.7575068,-1.0888516,0.58778524,-0.809017,-0.8660254,-0.5,0.8660254,-0.5,0.0,1.0,0.0,0.0,0.0
2024-08-15 04:00:00,4.0,-0.10118024,-0.49076468,2.057006,-1.478303,-0.55885565,-0.06968895,-0.5860438,0.15426694,-1.0898938,-0.84469926,-0.23476225,-1.5911605,1.4672419,0.72319186,1.7938906,0.5708579,0.9865729,1.866459,-0.71551996,1.8099178,1.7343738,0.93713313,-0.76660883,-1.5723737,1.5723737,-1.6804361,0.77337295,-2.2893045,2.2095134,-0.97462296,1.970244,3.0,1.8243806,-0.23681986,0.21056598,2.2635827,-0.28592247,0.58778524,-0.809017,-0.8660254,-0.5,1.2246469e-16,-1.0,0.0,1.0,0.0,0.0,0.0
2024-08-15 08:00:00,4.0,0.31869638,-1.2408087,-0.7336231,-0.49754953,-0.8050176,-1.0508982,-0.5860438,0.94672555,-1.1959853,-1.0031528,-0.43148243,-1.6608047,1.5333657,0.81679034,1.7277498,0.62315446,1.1099331,2.1663892,-0.21142177,1.7685347,1.7053398,1.1072485,-1.63111,-1.4767596,1.4767596,-1.583721,0.87252194,-2.4698615,2.4415889,-1.0234712,1.7992624,3.0,1.8340167,0.6921323,0.106582776,2.2608042,-2.1694748,-0.58778524,-0.809017,-0.8660254,-0.5,0.8660254,0.5,1.0,0.0,0.0,0.0,0.0
2024-08-15 12:00:00,4.0,0.02295795,-0.25511009,-1.2499758,2.5495703,-0.6118634,-0.3599401,0.2300479,0.16364148,-1.2404205,-1.110312,-0.58772385,-1.650356,1.3933362,0.76327616,1.6064018,0.46400794,0.8635102,2.1409917,-0.2042185,1.5696702,1.4948068,1.1020124,-1.2782117,-1.312124,1.312124,-1.4492176,0.377102,-2.662038,2.41717,-1.0156438,1.393701,3.0,1.55069,-0.2605762,-0.26120147,2.0589368,-1.6853791,-0.58778524,-0.809017,-0.8660254,-0.5,0.8660254,-0.5,0.0,1.0,0.0,0.0,0.0
2024-08-16 04:00:00,4.0,2.0238848,1.7155863,-0.6236191,-1.42748,1.0484931,0.6481965,-0.5753313,0.16309027,-0.5739166,-0.7362184,-0.43307018,-0.54557574,2.4407136,1.7168632,1.6009021,1.0501822,1.3044587,2.1320155,0.35448763,2.5489354,2.2259002,2.3750806,1.2693383,-1.8480271,1.8480271,1.0655435,1.5870658,-1.121108,2.8323464,-0.332788,2.1886098,2.9841835,2.279838,0.6612851,1.3636106,2.3307307,-1.5617324,-0.58778524,-0.809017,-0.8660254,-0.5,1.2246469e-16,-1.0,0.0,1.0,0.0,0.0,0.0
2024-08-16 08:00:00,4.0,0.30326384,-0.54957765,-0.96677756,1.5602077,-0.78186214,-1.0249116,-0.5753313,0.69063514,-0.8377158,-0.92507,-0.6293627,-0.8835877,2.3833816,1.7500626,1.796851,0.97260255,1.4371431,2.3588097,0.38251412,2.3201902,2.1795313,2.4398816,-1.499679,-1.8558161,1.8558161,1.4525064,1.4125654,-1.372326,2.9877176,-0.29568458,2.2840607,2.9530694,2.2141078,1.1232275,1.3092805,2.2611122,-0.65933686,-0.95105654,0.309017,-0.8660254,-0.5,0.8660254,0.5,1.0,0.0,0.0,0.0,0.0
2024-08-16 12:00:00,3.0,0.030848749,-0.21401407,1.164918,0.19771612,-0.83602333,1.3960719,2.2493412,0.14599764,-1.0659602,-1.1047511,-0.8195167,-1.1919992,2.1938493,1.6627281,1.8717403,1.0250533,1.151495,2.0304596,0.28520498,1.9583832,2.0155852,2.364427,-1.5455807,-1.6844004,1.6844004,1.3268238,-0.5248434,-1.7750775,3.0,-0.461924,1.948411,2.5158184,1.8559071,-0.27972326,1.3036665,2.092438,-0.9175273,-0.95105654,0.309017,-0.8660254,-0.5,0.8660254,-0.5,0.0,1.0,0.0,0.0,0.0
2024-08-19 04:00:00,3.0,0.37676337,0.84334075,-1.2744188,1.4818499,-0.29939002,-0.002997978,-0.5935978,0.11234203,-1.0851015,-1.1566743,-0.9268873,-1.1604717,2.202887,1.7343265,1.8387338,1.0395912,1.2009296,2.026858,0.46827573,1.8770434,1.9832604,2.4333682,-0.69114923,-1.8360119,1.8360119,1.2785882,0.3125417,-1.7738637,3.0,-0.3344184,1.6746238,2.5798137,1.9183801,0.6612851,0.08782072,2.1227865,-0.89360493,-0.95105654,0.309017,-0.8660254,-0.5,1.2246469e-16,-1.0,0.0,1.0,0.0,0.0,0.0
2024-08-19 08:00:00,3.0,-0.29426473,-1.0064917,-0.42841083,-0.1335904,-0.7449823,-1.0348731,-0.5935978,0.025111211,-1.199875,-1.2622882,-1.0581963,-1.3093705,1.8047416,1.4998219,1.693412,0.91437656,0.99533564,1.442911,0.3391493,1.436601,1.6733317,2.1485612,-1.4657128,-1.4595447,1.4595447,2.1405516,0.3769685,-2.1916008,2.8062334,-0.38586265,1.4325016,2.5023139,1.6288468,-0.27972326,-0.46301544,1.7713702,-0.82347554,0.0,1.0,-0.8660254,-0.5,0.8660254,0.5,1.0,0.0,0.0,0.0,0.0
2024-08-19 12:00:00,3.0,0.71189606,1.3030015,0.08230327,-0.92590433,0.23047721,-0.16349092,0.27075285,0.16058838,-1.1060517,-1.2379503,-1.1131456,-1.0798092,2.0033188,1.7405933,1.5445004,0.41826165,1.0390782,1.4021053,0.19037381,1.5237097,1.8537009,2.4209754,-0.023587245,-1.5176647,1.5176647,-0.623975,1.1549733,-1.9019454,2.865741,-0.92636335,1.3917185,2.3391755,1.819787,0.69253534,0.035676785,1.7921566,-1.3905377,0.0,1.0,-0.8660254,-0.5,0.8660254,-0.5,0.0,1.0,0.0,0.0,0.0
2024-08-20 04:00:00,3.0,0.46290004,1.1649213,-0.13374045,-0.48031884,-0.41281223,0.17015198,-0.58600616,0.14187574,-1.1608049,-1.2995836,-1.2211556,-1.1235157,2.0579376,1.8446937,1.4961115,0.47431323,1.0125916,1.5994737,0.41465288,1.4708936,1.9141614,2.5469382,-1.0084195,-1.5401056,1.5401056,-0.38982108,2.611795,-1.9394531,2.945034,-0.8093141,1.3333207,2.2585325,1.9244416,1.1393225,0.09712797,1.77759,-0.15681311,0.0,1.0,-0.8660254,-0.5,1.2246469e-16,-1.0,0.0,1.0,0.0,0.0,0.0
2024-08-20 08:00:00,3.0,0.6163107,1.0521545,-1.1283631,0.7646615,-1.1463689,-1.0927302,-0.58600616,0.63650674,-1.2507858,-1.3861451,-1.3491657,-1.2341623,2.1532638,1.9963783,1.5269756,0.68810886,1.1867481,1.706601,0.5325087,1.4766945,2.063914,2.7515614,-1.4513049,-1.5879191,1.5879191,-0.31797683,2.5644615,-1.9911038,3.0,-0.7209993,1.3205004,2.215757,2.100497,1.5728496,0.87521994,1.7757499,0.830081,0.95105654,0.309017,-0.8660254,-0.5,0.8660254,0.5,1.0,0.0,0.0,0.0,0.0
2024-08-20 12:00:00,3.0,-0.38506725,-1.1958903,-0.77038914,-0.2372733,0.0993303,0.16053462,0.45290297,0.16492234,-1.1819794,-1.3554999,-1.3645769,-1.0699472,1.7201794,1.7240164,1.259805,0.4096672,1.0012058,1.621804,0.31335613,1.138192,1.56567,2.3849533,-0.47449324,-1.1099088,1.1099088,0.37147787,1.3553815,-2.1640923,2.700464,-0.6304614,1.0716741,2.3060443,1.4821788,-0.28450856,-0.14937174,1.3919561,0.4861594,0.95105654,0.309017,-0.8660254,-0.5,0.8660254,-0.5,0.0,1.0,0.0,0.0,0.0
2024-08-21 04:00:00,3.0,-0.26212367,-0.92704797,-0.000995844,-0.31745502,-0.13937683,0.03758139,-0.5885033,0.11421866,-1.1718076,-1.3580564,-1.402992,-1.0172577,1.4186405,1.5225588,0.9240971,0.42572963,0.92395324,1.3587613,0.38649368,0.8836106,1.2138394,2.1395967,-0.8003525,-0.8152567,0.8152567,0.30533963,0.29531026,-2.3454053,2.4527025,-0.47241864,0.8395048,2.4873288,1.1768664,-0.74768233,-0.8069533,1.1317645,1.1698244,0.95105654,0.309017,-0.8660254,-0.5,1.2246469e-16,-1.0,0.0,1.0,0.0,0.0,0.0
2024-08-21 08:00:00,3.0,0.6097791,1.4584196,-0.08752447,-1.1949818,-0.11033179,-1.0713199,-0.5885033,0.131388,-1.1602247,-1.3635799,-1.4542894,-0.95236677,1.5892686,1.6926918,0.7603649,0.38565734,0.55055857,1.3750674,0.69707805,0.9976535,1.375025,2.3341,-0.74724853,-1.1568621,1.1568621,0.18200374,0.38534138,-2.1624994,2.5541692,-0.5502348,0.8539769,1.9973938,1.4103419,0.6461621,-0.74504876,1.3714454,0.80871296,0.58778524,-0.809017,-0.8660254,-0.5,0.8660254,0.5,1.0,0.0,0.0,0.0,0.0
2024-08-21 12:00:00,3.0,0.2275636,0.5776033,1.5311522,-0.6934452,-0.40794188,0.7416215,0.95909786,0.0955016,-1.1971016,-1.3946105,-1.5127429,-0.99992174,1.589191,1.694744,0.6377613,0.29777154,0.52801514,1.4399096,0.88682353,0.96917254,1.3194942,2.3365374,-1.1905817,-1.207699,1.207699,0.17588377,2.0329623,-2.244244,2.5666986,-0.5391411,0.8881327,1.9610732,1.2808098,1.0831604,-0.052504897,1.3785187,0.62789685,0.58778524,-0.809017,-0.8660254,-0.5,0.8660254,-0.5,0.0,1.0,0.0,0.0,0.0
2024-08-22 04:00:00,0.0,0.12855935,0.23431773,-1.1272666,2.5899885,-0.27712023,0.60910064,-0.59028184,0.0955016,-1.2030373,-1.404502,-1.550014,-0.9852879,1.5527152,1.6571864,0.4939689,0.11644571,0.5506721,1.2420926,1.0591075,0.89488554,1.2221609,2.2828693,-0.90410465,-1.2105848,1.2105848,-0.16654083,2.9399953,-2.280606,2.5104299,-0.4295531,0.75677454,2.009117,1.222663,1.5133456,0.4077664,1.3571924,0.9779809,0.58778524,-0.809017,-0.8660254,-0.5,1.2246469e-16,-1.0,0.0,1.0,0.0,0.0,0.0
2024-08-22 08:00:00,0.0,0.3808659,1.2559278,0.5688565,-1.4722633,0.020158773,-1.0765828,-0.59028184,-0.11036997,-1.149147,-1.3730621,-1.5531914,-0.84985447,1.6316015,1.7200587,0.40520924,0.3996841,0.54296404,1.2690749,1.6527491,0.94837147,1.264769,2.3298292,-0.5006424,-1.155632,1.155632,-0.59949124,2.481749,-2.071339,2.4878838,-0.41063341,0.8840316,1.9400609,1.2862902,1.9474636,0.25216094,1.3165859,0.8230853,-0.58778524,-0.809017,-0.8660254,-0.5,0.8660254,0.5,1.0,0.0,0.0,0.0,0.0
2024-08-22 12:00:00,3.0,0.2010491,0.650329,1.0513868,-0.5543755,-0.40426016,0.0071545825,0.30210358,0.05783271,-1.1779923,-1.3903344,-1.5854179,-0.9075731,1.6371781,1.71323,0.3472449,0.5802895,0.6650875,1.211512,1.6831123,0.92826885,1.2451332,2.3426526,-1.195791,-1.0317901,1.0317901,-1.4635612,2.5658336,-2.1371055,2.5210288,-0.46742347,0.93599,1.8569721,1.2006843,2.3577728,0.25164115,1.2778808,0.8652633,-0.58778524,-0.809017,-0.8660254,-0.5,0.8660254,-0.5,0.0,1.0,0.0,0.0,0.0
2024-08-23 04:00:00,3.0,-0.39392695,-1.1617513,0.052865613,-0.7513422,-0.017355038,0.58917356,-0.5818845,0.0393025,-1.1272806,-1.3522592,-1.5652313,-0.79368556,1.2624696,1.4587007,0.09112628,0.20657524,0.39575353,1.0439991,1.3988907,0.6418737,0.8318175,2.0678117,-0.5466557,-0.5231644,0.5231644,-0.8996373,1.4714272,-2.2425187,2.2562683,-0.41190913,0.73635316,1.7113204,0.8134093,-0.54227597,-0.4600986,0.9923371,1.1453283,-0.58778524,-0.809017,-0.8660254,-0.5,1.2246469e-16,-1.0,0.0,1.0,0.0,0.0,0.0
2024-08-23 08:00:00,3.0,0.32644066,0.8937062,1.3209264,-1.282072,-0.45615435,-1.0740191,-0.5818845,0.13566467,-1.146587,-1.3616625,-1.5871919,-0.8315902,1.3383908,1.5113114,-0.04690463,0.23766875,0.3562295,0.99527615,1.3256261,0.7010985,0.89529955,2.1484447,-1.1958774,-0.8169512,0.8169512,-0.7961457,1.3726654,-2.2361152,2.3245876,-0.38408178,0.72835594,1.6808714,0.95306563,0.4395099,-0.47397375,1.1191967,1.0221717,-0.95105654,0.309017,-0.8660254,-0.5,0.8660254,0.5,1.0,0.0,0.0,0.0,0.0
2024-08-23 12:00:00,3.0,0.58300334,1.4013308,0.09298409,-1.290318,0.29432198,1.3016644,1.5112287,-0.011230206,-1.0578858,-1.3026688,-1.5591984,-0.5894114,1.5011247,1.6479572,-0.05502881,0.39901006,0.3374869,1.1075389,1.3110813,0.9157909,1.0442659,2.231951,-0.05373776,-0.97890985,0.97890985,-0.45249373,2.1933544,-1.8329545,2.2845693,-0.17339231,0.87057054,1.460758,0.97466636,0.9452401,-0.14104262,1.1833013,0.72713876,-0.95105654,0.309017,-0.8660254,-0.5,0.8660254,-0.5,0.0,1.0,0.0,0.0,0.0
2024-08-26 04:00:00,3.0,0.4064181,0.6234849,0.9036474,-0.3448869,0.7544066,0.6606794,-0.58426416,0.09968623,-0.91201234,-1.1990409,-1.4918196,-0.21000752,1.5761175,1.7092617,-0.03442054,0.40783507,0.52999747,1.1063094,1.4585692,1.0647635,1.0347191,2.15444,0.5982214,-0.7697237,0.7697237,-0.45220757,2.346636,-1.332381,2.0867636,0.09315327,1.0672389,1.2892481,1.0276812,1.3854954,0.8286725,1.0408196,0.73041844,-0.95105654,0.309017,-0.8660254,-0.5,1.2246469e-16,-1.0,0.0,1.0,0.0,0.0,0.0
2024-08-26 08:00:00,3.0,-0.3251017,0.15478855,0.7647572,0.7253854,0.051487114,-1.1005205,-0.58426416,-0.5210475,-0.8970183,-1.1676937,-1.464417,-0.18072277,1.2513452,1.4873574,-0.17229128,0.21687736,0.5194916,1.0369949,1.3697976,0.8760504,0.6605961,1.9200361,-0.27847844,-0.25881755,0.25881755,-0.10031023,1.9575366,-1.4112186,1.8844441,0.2694875,0.80373496,1.2972512,0.6736345,-0.54954654,-0.04080594,0.79703635,0.5446213,0.0,1.0,-0.8660254,-0.5,0.8660254,0.5,1.0,0.0,0.0,0.0,0.0
2024-08-26 12:00:00,0.0,0.48219934,1.078525,0.3044649,-0.9156443,0.5610757,-0.3277083,0.047623206,0.09352001,-0.88778734,-1.1465106,-1.4522246,-0.1436807,1.3780006,1.5849411,-0.18558511,0.5362701,0.4802396,0.73723793,1.4483564,1.0685377,0.819111,1.9675488,-0.20591529,-0.7361842,0.7361842,0.40484473,1.8131509,-1.1981945,1.9084785,0.307463,0.9740737,1.0909878,0.8043991,0.4045623,-0.11775078,0.9072291,-2.0237112,0.0,1.0,-0.8660254,-0.5,0.8660254,-0.5,0.0,1.0,0.0,0.0,0.0
2024-08-27 04:00:00,0.0,0.34030673,1.1255356,-0.6285735,-0.2791026,-0.7459576,0.062242996,-0.58072704,0.09321195,-0.9603003,-1.1781098,-1.4743994,-0.323457,1.4431177,1.6284848,-0.14183408,0.5395894,0.5030214,0.7343334,1.6629791,1.1146346,0.9390381,2.0189893,-1.0633621,-1.0572498,1.0572498,0.38912296,1.7610412,-1.2470207,2.0212953,0.27339643,1.0196836,1.2782419,0.97681236,0.8604262,-0.15980622,1.1174765,-2.3497896,0.0,1.0,-0.8660254,-0.5,1.2246469e-16,-1.0,0.0,1.0,0.0,0.0,0.0
2024-08-27 08:00:00,0.0,-0.1921767,-1.2106836,0.76368165,-1.1735119,0.09554495,-1.152335,-0.58072704,0.35087448,-0.9505034,-1.160739,-1.4565386,-0.29602373,1.2391759,1.4776152,-0.24726754,0.25889182,0.42596316,0.6940846,1.5703262,0.8335028,0.7047561,1.8287778,-0.4720229,-0.45427188,0.45427188,0.43623573,1.5315114,-1.3065884,1.8894434,0.13768336,0.9555097,1.2915567,0.65546983,-0.5834249,0.078099616,0.6732558,-1.286166,0.95105654,0.309017,-0.8660254,-0.5,0.8660254,0.5,1.0,0.0,0.0,0.0,0.0
2024-08-27 12:00:00,0.0,0.4088909,1.0772667,-0.84989643,0.052415203,-0.22287105,0.49459085,0.56275344,0.10956484,-0.96777594,-1.1645302,-1.4591581,-0.32739705,1.3410897,1.549796,-0.24685416,0.25914878,0.4308215,0.69007015,1.5600307,0.9576936,0.85240835,1.8578708,-0.5934181,-0.80177236,0.80177236,0.43591258,1.554572,-1.2076923,1.9518242,-0.201209,0.82580847,1.2722714,0.7699916,0.39915082,0.02296954,0.9063521,-1.4869577,0.95105654,0.309017,-0.8660254,-0.5,0.8660254,-0.5,0.0,1.0,0.0,0.0,0.0
2024-08-28 04:00:00,3.0,-0.098590285,-0.46732908,0.18636297,1.052841,-0.47509852,0.5854439,-0.58429796,0.090987064,-0.9898232,-1.1705956,-1.4582282,-0.3814767,1.2100854,1.4445045,-0.33787134,0.34164324,0.35999233,0.72428435,1.5113289,0.78317213,0.6750207,1.7073557,-0.83492756,-0.64091486,0.64091486,-0.0386298,1.0966363,-1.3170763,1.8963904,-0.30310136,0.73214346,1.3118848,0.6176643,-0.5783614,-0.45274845,0.79386675,-1.2421708,0.95105654,0.309017,-0.8660254,-0.5,1.2246469e-16,-1.0,0.0,1.0,0.0,0.0,0.0
2024-08-28 08:00:00,0.0,0.14886,-0.4943798,-0.8013493,1.7692128,-1.482501,-1.1734425,-0.58429796,0.38295722,-1.0705583,-1.217494,-1.4885849,-0.60874933,1.2189873,1.4353905,-0.40244508,0.2190385,0.4865029,0.62056774,1.3069497,0.75362957,0.6974947,1.6916102,-1.1656739,-0.75899315,0.75899315,-0.28561854,0.9718698,-1.5329343,2.0101821,-0.5533777,0.6566597,1.2072078,0.6954028,0.39915082,0.05130865,0.8185287,-1.3007444,0.58778524,-0.809017,-0.8660254,-0.5,0.8660254,0.5,1.0,0.0,0.0,0.0,0.0
2024-08-28 12:00:00,0.0,1.0325232,1.4001118,-0.93606573,-0.6163638,2.5824132,0.661948,0.713282,0.12117766,-0.82833964,-1.0703758,-1.39187,0.124695025,1.5129329,1.6900023,-0.20520037,0.46782663,0.6474126,0.70476604,1.5292693,1.2077231,1.0878657,1.7072189,1.043805,-0.92932254,0.92932254,1.1927274,1.1219572,-0.53757614,1.8110714,0.1299194,0.9525876,0.49455568,1.0690911,0.8604262,0.56193423,0.95666206,-1.668603,0.58778524,-0.809017,-0.8660254,-0.5,0.8660254,-0.5,0.0,1.0,0.0,0.0,0.0
2024-08-29 04:00:00,0.0,-0.5597772,-1.8283142,-0.7195813,-1.3057133,-0.2340339,0.7681296,-0.5874952,0.12102162,-0.8573305,-1.0690469,-1.3775638,0.01853758,1.0358931,1.3811556,-0.29579842,0.33531973,0.38102245,0.5038305,1.3951474,0.66794544,0.667194,1.4363474,-0.44353613,-0.34025347,0.34025347,1.6792554,0.6922813,-0.7918823,1.6502182,0.07294049,0.7849933,0.48823628,0.59096926,-0.5834249,-0.3190916,0.5296711,-0.76160675,0.58778524,-0.809017,-0.8660254,-0.5,1.2246469e-16,-1.0,0.0,1.0,0.0,0.0,0.0
2024-08-29 08:00:00,0.0,-0.24689159,-0.2707166,0.9139524,0.9331112,-1.0239028,-1.1868117,-0.5874952,-0.20402046,-0.9399603,-1.1067876,-1.392934,-0.24260275,0.84359,1.2379602,-0.4803412,0.10057553,0.23076268,0.53326005,1.6090993,0.42219627,0.46506113,1.3238003,-1.0848731,-0.08295026,0.08295026,1.8676927,0.6114102,-1.1020782,1.6794305,-0.08689156,0.40817204,0.6421319,0.39304742,-1.0543871,-0.88520527,0.343387,0.6196402,-0.58778524,-0.809017,-0.8660254,-0.5,0.8660254,0.5,1.0,0.0,0.0,0.0,0.0
2024-08-29 12:00:00,3.0,0.6128693,1.208772,0.24323617,-1.1897613,0.91968954,0.04210931,0.2946979,0.04975774,-0.85001,-1.0478623,-1.3504207,0.029882122,1.0366833,1.3760628,-0.46167484,0.35203713,0.44475442,0.67615247,1.5848733,0.72264016,0.68826216,1.353826,0.553441,-0.67575705,0.67575705,2.1305516,0.7511827,-0.6648617,1.6447334,0.20003189,0.60666215,0.6211243,0.63419116,0.3943891,-1.1831441,0.75149924,-0.30769658,-0.58778524,-0.809017,-0.8660254,-0.5,0.8660254,-0.5,0.0,1.0,0.0,0.0,0.0
2024-08-30 04:00:00,3.0,0.54452294,1.1438606,-0.9189842,-0.18574944,0.66400355,0.6160591,-0.58340734,0.08846192,-0.7987568,-1.005438,-1.3150133,0.16587171,1.1834437,1.483737,-0.33507606,0.49003276,0.45150372,0.6540183,1.9382246,0.9203035,0.8833589,1.3981489,0.43229014,-0.90797293,0.90797293,2.148711,1.0019805,-0.3573148,1.6557407,0.6041647,0.76672983,0.5869665,0.8819382,0.85023254,0.40763795,0.90128094,0.33037364,-0.58778524,-0.809017,-0.8660254,-0.5,1.2246469e-16,-1.0,0.0,1.0,0.0,0.0,0.0
2024-08-30 08:00:00,3.0,-0.049500726,-0.29028052,1.7175548,0.28759554,-0.7605759,-1.1934799,-0.58340734,0.15965553,-0.8532409,-1.0227687,-1.3138157,-0.03333032,1.1663576,1.4465859,-0.29798847,0.099977545,0.36502638,0.6114113,2.1538675,0.79019034,0.83010185,1.3628206,-0.9066,-0.6273108,0.6273108,1.0989038,0.9007467,-0.50593287,1.7234316,-0.13958423,0.846183,0.39306593,0.85306215,1.2857252,0.87156457,0.7050294,-0.04490095,-0.95105654,0.309017,-0.8660254,-0.5,0.8660254,0.5,1.0,0.0,0.0,0.0,0.0
2024-08-30 12:00:00,3.0,0.07339032,0.46452516,0.39545467,0.24746564,-1.086725,1.1397023,1.049162,0.09186748,-0.92012435,-1.0537448,-1.3236866,-0.28377542,1.197641,1.4523094,-0.2834013,0.35993463,0.4315091,0.60562515,2.2338579,0.7581636,0.8831436,1.402251,-1.0310394,-0.806931,0.806931,0.023533957,1.1739032,-0.6847904,1.8699453,-0.29128543,0.79043394,0.48508015,0.79668975,1.703187,0.38111377,0.8000384,-0.09919756,-0.95105654,0.309017,-0.8660254,-0.5,0.8660254,-0.5,0.0,1.0,0.0,0.0,0.0
2024-09-02 04:00:00,3.0,0.09866605,0.8236495,0.9166783,-1.0850226,-0.85229874,0.8139633,-0.58390605,0.027587632,-0.95270383,-1.0688307,-1.3242105,-0.4303178,1.2542642,1.4803953,-0.2765949,0.52985793,0.36505058,0.5599518,2.374083,0.7469473,0.98411983,1.448585,-0.9504095,-0.7421038,0.7421038,-0.6993243,1.3352038,-0.7964587,1.9960234,-0.23343658,0.78511673,0.5761697,0.93799406,2.1096983,0.0068968795,0.75269526,-0.11554047,-0.95105654,0.309017,-0.8660254,-0.5,1.2246469e-16,-1.0,0.0,1.0,0.0,0.0,0.0
2024-09-02 08:00:00,3.0,-2.0322597,-1.1801647,-1.4067366,0.9847131,2.9712968,-1.2540898,-0.58390605,-1.5768856,-0.37996775,-0.712752,-1.0683537,1.3640652,0.17828153,0.84540194,-0.87778836,-0.51247656,0.013644471,0.27461118,2.4475262,-0.4340978,-0.31744364,0.5975096,1.5363468,1.2296109,-1.2296109,1.4855598,1.1296502,-0.008180876,0.87953734,1.2804999,-0.4133966,0.26545465,-0.5739676,-0.83632815,-3.0,-0.42270407,-0.29047412,0.0,1.0,-1.0,-1.8369701e-16,0.8660254,0.5,1.0,0.0,0.0,0.0,0.0
2024-09-02 12:00:00,3.0,0.36915275,1.2335235,-1.1451468,-0.2970008,-0.15566137,0.10853179,0.35372847,-0.063446015,-0.48459098,-0.7392748,-1.0697575,1.0242363,0.37331453,0.98855263,-1.1708857,-0.8976561,0.05315513,0.40484053,2.4764726,-0.14053214,-0.14336397,0.7076986,-0.19234782,0.6670981,-0.6670981,1.3964211,1.2052019,0.005912325,1.031439,1.029085,-0.29389384,0.22538522,-0.4415512,0.13672802,-2.5822814,-0.08626392,-0.44866934,0.0,1.0,-1.0,-1.8369701e-16,0.8660254,-0.5,0.0,1.0,0.0,0.0,0.0
2024-09-03 04:00:00,3.0,0.75502014,1.0737841,-0.11318895,-0.8020726,1.20747,0.2745652,-0.58839005,-0.13735831,-0.39680937,-0.6661516,-1.0107425,1.2891903,0.66402715,1.1914477,-1.1661228,-0.54552287,-0.10785335,0.4529741,2.1433187,0.45888343,0.18102373,0.79420733,1.4402674,-0.4155358,0.4155358,1.7101326,1.3014464,0.42817727,1.0303265,1.820845,0.2858394,0.11823782,0.036534086,0.67200285,-1.9261489,0.5377556,-0.4572921,0.0,1.0,-1.0,-1.8369701e-16,1.2246469e-16,-1.0,0.0,1.0,0.0,0.0,0.0
2024-09-03 08:00:00,3.0,0.37839025,0.5107274,0.5613918,-0.11900503,-0.14908127,-1.300035,-0.58839005,0.4764947,-0.479896,-0.6871836,-1.0090541,0.9960663,0.8238817,1.2988268,-1.081904,-0.4005433,0.18219379,0.40641356,1.9985812,0.7342556,0.4021808,0.88158596,-0.055895608,-0.63249165,0.63249165,1.8289328,1.0920484,0.474306,1.162932,2.1441948,0.73880386,0.12378633,0.25910133,1.1974399,1.4451302,0.65722406,-0.33370668,0.95105654,0.309017,-1.0,-1.8369701e-16,0.8660254,0.5,1.0,0.0,0.0,0.0,0.0
2024-09-03 12:00:00,3.0,-0.5512336,-0.8652021,-0.5837948,1.1659458,0.3392125,0.6210789,0.55717605,0.042965796,-0.48819056,-0.6709722,-0.9818316,0.9086393,0.65353495,1.1878313,-1.1563275,-0.9351625,0.15714528,0.27141088,2.0418499,0.33704308,0.11957371,0.7540951,0.62922597,-0.30019036,0.30019036,1.8160621,0.6611381,0.40118194,1.1161926,2.4883196,0.3856937,-0.057145976,-0.18795949,-0.9633539,0.53396064,0.45636198,-0.40682858,0.95105654,0.309017,-1.0,-1.8369701e-16,0.8660254,-0.5,0.0,1.0,0.0,0.0,0.0
2024-09-04 04:00:00,4.0,-2.4800801,-1.597713,-1.3258266,0.11069304,3.0,2.710115,-0.5824304,-0.037395917,0.16077596,-0.2823887,-0.71623945,2.4150808,-0.5867871,0.4091119,-1.705631,-1.137461,-1.0584321,-0.0069036065,1.8096455,-1.8512918,-1.4256995,0.037923396,1.992784,2.5992692,-2.5992692,1.3794991,-0.16386828,0.80169487,0.28052363,1.9079181,-1.4005871,-0.23592392,-1.8229281,-1.5035523,-2.725156,-1.4924568,1.6737449,0.95105654,0.309017,-1.0,-1.8369701e-16,1.2246469e-16,-1.0,0.0,1.0,0.0,0.0,0.0
2024-09-04 08:00:00,4.0,-1.740277,1.4441257,-1.1309144,-0.8553563,1.5124725,-1.195237,-0.5824304,-3.0,0.76757103,0.12082025,-0.43722597,3.0,-1.2540174,-0.08644224,-2.1417181,-2.7026956,-2.2357652,-0.3755076,1.4166992,-3.0,-2.136307,-0.34933898,1.7430876,2.3293915,-2.3293915,1.3029679,-0.26101524,1.1939924,-0.22699572,3.0,-3.0,-0.7044888,-2.5858288,-1.9416391,-3.0,-1.888928,2.0670843,0.58778524,-0.809017,-1.0,-1.8369701e-16,0.8660254,0.5,1.0,0.0,0.0,0.0,0.0
2024-09-04 12:00:00,4.0,-0.89583904,-1.2121702,1.3425882,-1.1654863,0.2153338,0.44458917,0.7400765,0.073606186,0.5659259,0.09018406,-0.4231132,2.3487113,-1.555216,-0.32055652,-2.5328317,-3.0,-2.8569918,-0.6115983,1.4738326,-3.0,-2.5213833,-0.5071007,1.1152861,2.8744967,-2.8744967,0.5612576,-0.72342765,0.9876991,-0.2635459,2.6005301,-3.0,-0.73570085,-2.8858082,-2.336636,-3.0,-2.3356464,2.0122879,0.58778524,-0.809017,-1.0,-1.8369701e-16,0.8660254,-0.5,0.0,1.0,0.0,0.0,0.0
2024-09-05 04:00:00,4.0,-0.031243477,0.046768207,3.0,-1.2136828,0.14977251,0.99288994,-0.6055798,0.00935166,0.3964271,0.050176807,-0.42436394,1.8009377,-1.5204214,-0.31375954,-2.634059,-3.0,-2.962208,-0.6020031,1.3289727,-2.9677868,-2.4805539,-0.53332937,1.102807,2.7559786,-2.7559786,0.18424907,-0.28490677,0.9122956,-0.21565941,2.4074724,-2.7584722,-0.77441674,-2.6663883,0.16690257,-1.280433,-2.2522023,1.9314815,0.58778524,-0.809017,-1.0,-1.8369701e-16,1.2246469e-16,-1.0,0.0,1.0,0.0,0.0,0.0
2024-09-05 08:00:00,4.0,0.043378763,0.39495215,0.9926622,-0.26134616,0.6823843,-1.2051954,-0.6055798,-0.5316246,0.42665032,0.10041701,-0.3784648,1.6382939,-1.4485741,-0.28166947,-2.4931235,-2.8706145,-2.8924286,-0.74120986,1.3240073,-2.5887947,-2.3431044,-0.55187404,1.8307129,2.6091878,-2.6091878,0.4571549,-0.36634654,0.9982244,-0.22325405,2.3638546,-2.631922,-0.8143722,-2.517458,0.64415073,-0.119738676,-2.137327,1.8836863,-0.58778524,-0.809017,-1.0,-1.8369701e-16,0.8660254,0.5,1.0,0.0,0.0,0.0,0.0
2024-09-05 12:00:00,4.0,-1.1716639,-1.3975904,-0.83718187,0.09882586,0.4876797,0.56069314,0.91943115,0.1812136,0.45975262,0.15107632,-0.32974845,1.4537796,-1.8052359,-0.6144431,-2.434265,-2.0349643,-2.2660756,-0.93660086,0.9610973,-2.7855968,-2.622786,-0.75270087,1.7465228,3.0,-3.0,-0.47306597,-0.9025005,0.86490655,-0.3351691,0.80337256,-2.7092109,-0.85553217,-2.7407007,-0.8399187,-0.2688701,-2.611327,1.6970549,-0.58778524,-0.809017,-1.0,-1.8369701e-16,0.8660254,-0.5,0.0,1.0,0.0,0.0,0.0
2024-09-06 04:00:00,4.0,-0.7606156,-0.8060133,0.03263306,0.636447,0.619847,1.35122,-0.6116738,0.043990083,0.58038175,0.23934564,-0.26562956,1.386505,-1.9685704,-0.82430995,-2.3392317,-1.4236641,-2.6983864,-1.1593393,0.8124468,-2.6611242,-2.647787,-0.8872071,1.9629971,3.0,-3.0,-1.0752066,-1.6335235,0.8480966,-0.43356997,-0.17703891,-2.6563158,-0.8866206,-2.6538122,-1.2915235,-0.6814098,-2.7542417,1.6535802,-0.58778524,-0.809017,-1.0,-1.8369701e-16,1.2246469e-16,-1.0,0.0,1.0,0.0,0.0,0.0
2024-09-06 08:00:00,4.0,-1.088495,-0.7685518,-1.1281774,1.7324395,0.8123573,-1.2004764,-0.6116738,-0.4005296,0.8872768,0.41745052,-0.15654108,1.4668999,-2.1955888,-1.1229571,-2.2392974,-1.4749123,-3.0,-1.7321304,0.82722366,-2.570339,-2.6840417,-1.0565507,1.9544277,2.6091492,-2.6091492,-0.8952778,-1.5752028,0.943555,-0.599454,0.15999064,-2.624677,-0.93545526,-2.744321,-1.7318524,-1.2727426,-2.4719121,1.6901857,-0.95105654,0.309017,-1.0,-1.8369701e-16,0.8660254,0.5,1.0,0.0,0.0,0.0,0.0
2024-09-06 12:00:00,4.0,0.043128468,0.040568992,0.57139623,1.0011308,0.105987035,1.3408738,1.7947266,-0.01181281,0.78693116,0.41907233,-0.14320266,1.1576216,-2.0517929,-1.0957025,-2.1069925,-1.4185305,-3.0,-1.6813413,0.85700434,-2.191519,-2.439537,-1.0742571,1.3176883,2.365216,-2.365216,-0.8697274,-0.9507312,0.9100184,-0.5746859,0.21858923,-2.16122,-1.0532657,-2.4185224,0.17959273,-0.5576165,-2.3224897,1.5277318,-0.95105654,0.309017,-1.0,-1.8369701e-16,0.8660254,-0.5,0.0,1.0,0.0,0.0,0.0
2024-09-09 04:00:00,4.0,-3.0,-1.4689254,0.29444215,-1.1194973,3.0,2.831991,-0.6234684,0.023532098,2.9657018,1.5861115,0.48809925,2.5509102,-2.8176959,-2.1301746,-1.9559171,-3.0,-3.0,-2.4923146,0.5986922,-2.7025251,-2.886134,-1.5085931,2.1400456,2.774612,-2.774612,0.57088715,-2.3390996,1.5266188,-1.2792276,1.6343232,-2.297772,-1.5944282,-2.6676168,-0.8345128,-1.6509194,-2.7894747,2.0457208,-0.95105654,0.309017,-1.0,-1.8369701e-16,1.2246469e-16,-1.0,0.0,1.0,0.0,0.0,0.0
2024-09-09 08:00:00,4.0,2.0546484,0.54250824,-0.7895664,1.1038444,0.047017384,-1.0616565,-0.6234684,2.5012531,2.6322844,1.6579098,0.5648058,2.099769,-1.7895561,-1.3484069,-1.7461898,-1.5426352,-2.0857177,-2.3284314,0.66187155,-1.8411813,-2.0575864,-1.2321575,1.5697438,1.9186617,-1.9186617,1.5394964,-2.1368809,1.8879651,-1.1120001,1.655956,-1.9946054,-1.6312088,-1.9133334,0.16690257,0.38051823,-1.9989313,0.8089197,0.0,1.0,-1.0,-1.8369701e-16,0.8660254,0.5,1.0,0.0,0.0,0.0,0.0
2024-09-09 12:00:00,4.0,-0.36976525,-0.74045986,1.6355864,-0.71337175,-0.53969306,-0.11461925,0.55957246,0.012114055,1.7514226,1.3914878,0.5025424,1.3069005,-1.8155334,-1.4464846,-1.647855,-1.3810309,-1.6205524,-2.5917597,0.58795106,-1.706794,-2.0298517,-1.3266478,-0.0326039,1.9174016,-1.9174016,1.5691013,-2.107882,1.5274224,-1.0754025,1.0936087,-1.6889963,-1.7397251,-1.8803389,-0.8080195,0.12077766,-2.000388,0.45334375,0.0,1.0,-1.0,-1.8369701e-16,0.8660254,-0.5,0.0,1.0,0.0,0.0,0.0
2024-09-10 04:00:00,4.0,-0.2392026,-0.35049528,1.6565769,0.15167634,-0.07274673,0.64521974,-0.6191973,-0.022698533,1.431678,1.3265325,0.5370199,0.98355085,-1.8141963,-1.5124031,-1.4855471,-1.0286944,-1.409815,-2.5654213,0.6192574,-1.5690123,-1.9114733,-1.3837287,1.3235153,1.8723843,-1.8723843,1.5080686,-2.1901217,1.3652097,-1.0846729,0.72782755,-1.587384,-1.8279566,-1.7969742,-1.2880483,1.4524623,-1.9601754,0.34108916,0.0,1.0,-1.0,-1.8369701e-16,1.2246469e-16,-1.0,0.0,1.0,0.0,0.0,0.0
2024-09-10 08:00:00,4.0,0.21215284,0.70579803,-0.6823645,0.6722377,-0.20102006,-1.0595591,-0.6191973,-0.6745298,1.1438577,1.2269412,0.54674375,0.711461,-1.643887,-1.4096222,-1.2847768,-0.939107,-1.3230858,-2.4327643,0.49058244,-1.3645768,-1.6781404,-1.3663336,1.153494,1.6765431,-1.6765431,1.4680035,-1.8693657,1.2726712,-1.0379003,0.6684599,-1.5158682,-1.9894052,-1.5693408,0.19816126,0.09866951,-1.7844005,0.3356679,0.95105654,0.309017,-1.0,-1.8369701e-16,0.8660254,0.5,1.0,0.0,0.0,0.0,0.0
2024-09-10 12:00:00,4.0,-0.9116711,-1.1213752,-0.44709906,0.2606684,-0.10154737,0.2594437,1.0702171,0.029856523,1.0578094,1.2287465,0.6240434,0.58778805,-1.8087981,-1.6610701,-1.1679032,0.3684052,-1.5738559,-2.5184245,0.38866153,-1.4171103,-1.7385874,-1.5146819,1.4292712,1.6606228,-1.6606228,-0.24715546,-1.8563098,1.0464976,-1.1383313,-0.74741274,-1.435381,-2.099017,-1.5954506,-0.79264504,-0.1566391,-1.938112,0.0068437057,0.95105654,0.309017,-1.0,-1.8369701e-16,0.8660254,-0.5,0.0,1.0,0.0,0.0,0.0
2024-09-11 04:00:00,4.0,0.08466464,0.0790088,-0.25895885,1.7362984,-0.071843065,1.1049476,-0.61797166,-0.10313548,0.969426,1.1971151,0.6734497,0.4924086,-1.6895382,-1.5952756,-1.0118505,-0.593882,-1.2349771,-1.9566387,0.33232504,-1.2553118,-1.5543067,-1.4993216,1.3544084,1.5282078,-1.5282078,-1.5539014,-1.2686757,1.133324,-1.1264737,-0.8456337,-1.3732302,-2.0834992,-1.4249616,0.19816126,0.03319446,-1.8065854,0.17192219,0.95105654,0.309017,-1.0,-1.8369701e-16,1.2246469e-16,-1.0,0.0,1.0,0.0,0.0,0.0
2024-09-11 08:00:00,4.0,1.5008589,0.86991525,0.060300615,-0.4061251,0.89247614,-1.0949667,-0.61797166,0.14779441,1.4797397,1.5116243,0.9071654,0.89393747,-1.0012285,-0.9825561,-0.6445067,0.32322276,-0.61064965,-1.699774,0.4211501,-0.8144605,-0.95602596,-1.2114804,1.6233083,0.73159057,-0.73159057,-0.73721594,-1.1638274,2.0339937,-1.0610784,-0.1304646,-0.94153154,-1.9830339,-0.8487433,0.6935644,1.0065355,-1.2969596,0.0021706033,0.58778524,-0.809017,-1.0,-1.8369701e-16,0.8660254,0.5,1.0,0.0,0.0,0.0,0.0
2024-09-11 12:00:00,1.0,-1.0728627,-1.4994012,-0.2502774,-0.77116925,-0.3186552,-0.1803601,0.5988053,0.14556232,1.2082396,1.3981901,0.95131576,0.6275337,-1.2729425,-1.3125536,-0.5142983,-0.09274286,-0.65152067,-2.0078921,0.21739075,-0.9741939,-1.1148638,-1.3865492,0.90007627,1.1805185,-1.1805185,-0.3933793,-1.2385292,1.6901175,-1.1546766,-0.14412719,-0.9097079,-1.9222828,-1.0197672,-0.76515514,0.841485,-1.5319281,-0.10440433,0.58778524,-0.809017,-1.0,-1.8369701e-16,0.8660254,-0.5,0.0,1.0,0.0,0.0,0.0
2024-09-12 04:00:00,4.0,-1.0038847,-0.69335026,-0.11294521,0.9250158,1.3215103,1.3946844,-0.6182163,0.0035768733,2.0078518,1.9456772,1.4129659,1.1950263,-1.4860158,-1.5951793,-0.45737058,-0.69949645,-0.94764,-2.1889536,0.12675756,-1.1512356,-1.1501021,-1.4623041,1.5328658,1.266615,-1.266615,-0.24192321,-1.6255833,1.8198092,-1.405862,0.63161856,-1.1886287,-1.9782877,-1.120811,-1.2452548,0.2652014,-1.559517,-0.1943998,0.58778524,-0.809017,-1.0,-1.8369701e-16,1.2246469e-16,-1.0,0.0,1.0,0.0,0.0,0.0
2024-09-12 08:00:00,4.0,2.4190311,0.61983395,1.2030507,-0.81647474,-0.4584788,-1.1142844,-0.6182163,3.0,2.336298,2.1884434,1.6668545,1.4593612,-0.5643829,-0.6393822,-0.13748574,1.018631,0.80155456,-1.5698007,0.38240007,-0.27259803,-0.40396893,-1.055057,0.92070657,-0.19166458,0.19166458,0.35308638,-1.4755495,2.2886443,-1.234417,1.2029535,-0.30552152,-1.7251997,-0.3522409,0.23915488,0.7439445,-0.7906999,-0.34628364,-0.58778524,-0.809017,-1.0,-1.8369701e-16,0.8660254,0.5,1.0,0.0,0.0,0.0,0.0
2024-09-12 12:00:00,1.0,0.43510592,0.7699897,0.63562864,-0.72314227,-0.7388009,0.08936492,0.9914799,-0.0883942,1.5677918,1.7469405,1.4899505,0.83341855,-0.40322256,-0.4699239,0.14319918,1.1922861,0.35303956,-1.0087329,0.44706756,0.045621615,-0.21392456,-1.0030365,0.24118762,-0.47914484,0.47914484,0.47566622,-1.1246202,2.0716271,-1.0943396,0.8260863,-0.010981021,-1.6691865,-0.06298443,0.7095861,1.5196164,-0.012773005,-0.747751,-0.58778524,-0.809017,-1.0,-1.8369701e-16,0.8660254,-0.5,0.0,1.0,0.0,0.0,0.0
2024-09-13 04:00:00,1.0,-1.0469687,-0.8516466,-1.1696719,1.5744793,1.108985,1.4934546,-0.6201596,0.04216366,1.9790537,2.0464673,1.8333378,1.0924765,-0.68533266,-0.7988901,0.20904016,-0.04702334,0.16185611,-0.88035333,-0.09876785,-0.2867749,-0.41565266,-1.1215069,1.488169,0.03586302,-0.03586302,0.5594387,-1.4934592,2.006653,-1.2855592,0.75852185,-0.43660086,-1.554948,-0.33702198,-0.7556471,1.4328567,-0.40190947,-1.217258,-0.58778524,-0.809017,-1.0,-1.8369701e-16,1.2246469e-16,-1.0,0.0,1.0,0.0,0.0,0.0
2024-09-13 08:00:00,1.0,-0.19697317,-0.9586851,-0.98240757,1.171428,-0.52336055,-1.1190552,-0.6201596,0.6763601,1.4586174,1.7387495,1.720814,0.6334988,-0.716049,-0.84444106,0.27182376,0.39744258,0.17680344,-0.76542836,-0.18920043,-0.2910145,-0.4100883,-1.1411873,0.54509395,0.11288622,-0.11288622,0.37227747,-1.3134061,1.7841893,-1.2301487,0.60496676,-0.33192846,-1.5298179,-0.32193857,-1.2057204,-0.28526428,-0.4375801,-1.3441929,-0.95105654,0.309017,-1.0,-1.8369701e-16,0.8660254,0.5,1.0,0.0,0.0,0.0,0.0
2024-09-13 12:00:00,1.0,-0.47274297,-1.0657252,-0.6608129,0.6152447,-1.0122409,0.5548766,2.0308995,-0.014906886,0.8392917,1.3296459,1.496904,0.076072276,-0.8269403,-0.97739035,0.2908879,0.6853148,-0.023027299,-0.85245985,-0.26133344,-0.43021414,-0.47143862,-1.2128586,-0.6132033,0.14259791,-0.14259791,0.2014282,-1.4856032,1.4543406,-1.1605833,-0.4967096,-0.43550947,-1.5320548,-0.3663933,-1.6458901,-0.8058606,-0.59155226,-1.3779916,-0.95105654,0.309017,-1.0,-1.8369701e-16,0.8660254,-0.5,0.0,1.0,0.0,0.0,0.0
2024-09-16 04:00:00,1.0,0.57165223,0.61342317,1.7111114,-1.2047846,-0.4539955,0.50177515,-0.6532271,-0.015026901,0.6282198,1.1323732,1.3771024,-0.099971175,-0.60446614,-0.75026065,0.37908074,-0.358629,0.41843444,-0.7599109,-0.27041495,0.0034455215,-0.25865307,-1.1061257,0.57127666,-0.2172868,0.2172868,-1.3219423,-1.0747858,1.391649,-1.034438,-1.0571328,0.07776345,-1.4877762,-0.1965312,0.27165177,0.14188087,-0.19943757,-1.2659415,-0.95105654,0.309017,-1.0,-1.8369701e-16,1.2246469e-16,-1.0,0.0,1.0,0.0,0.0,0.0
2024-09-16 08:00:00,1.0,-0.18037151,0.5206221,-1.252698,1.5428892,-1.1557549,-1.1484379,-0.6532271,-0.6646094,0.14869437,0.76937556,1.1284105,-0.55519456,-0.63865,-0.7941092,0.45095882,-0.7138058,0.3421589,-0.60027367,-0.23589388,0.00087808876,-0.25193316,-1.1344247,-1.2199045,-0.1346842,0.1346842,-1.4803189,-1.0020797,1.0953237,-0.91945213,-1.1255097,-0.15072094,-1.4362336,-0.17234537,-0.6871192,0.13556471,-0.086166576,-1.2157478,0.0,1.0,-1.0,-1.8369701e-16,0.8660254,0.5,1.0,0.0,0.0,0.0,0.0
2024-09-16 12:00:00,1.0,-0.5619171,-1.0777234,1.0462184,-0.92490727,-0.7042826,-0.06764576,1.0345893,-0.038496956,-0.05241756,0.56652045,0.98691666,-0.73822373,-0.7962502,-0.96250397,0.42205533,-0.45088905,-0.28595766,-0.58111006,-0.47834226,-0.30193096,-0.37336066,-1.217414,-0.08688056,0.1830726,-0.1830726,-1.7144805,-1.1117481,0.8258736,-0.8996588,-1.6275747,-0.04820553,-0.8759093,-0.2756356,-1.1305981,0.048326816,-0.34700653,-1.3174313,0.0,1.0,-1.0,-1.8369701e-16,0.8660254,-0.5,0.0,1.0,0.0,0.0,0.0
2024-09-17 04:00:00,1.0,-0.4849356,-1.0435544,0.46672383,-0.42522424,-0.7708212,0.042153984,-0.65459055,-0.037621606,-0.2698398,0.3485457,0.8194172,-0.93810815,-0.9242835,-1.0981766,0.33903962,-0.60486215,-0.10329479,-0.49884304,-0.661768,-0.598703,-0.4942104,-1.2906388,-0.49388248,0.46305048,-0.46305048,-1.6109148,-1.2217367,0.53417945,-0.86046106,-1.6474966,-0.540635,-0.52781504,-0.41982764,-1.5409057,-0.61770654,-0.5755296,-1.3366673,0.0,1.0,-1.0,-1.8369701e-16,1.2246469e-16,-1.0,0.0,1.0,0.0,0.0,0.0
2024-09-17 08:00:00,1.0,1.646688,0.5139779,-0.28399634,0.846279,-0.2764963,-1.1117224,-0.65459055,1.859968,-0.014600246,0.40215367,0.8062584,-0.5870186,-0.29333073,-0.46931112,0.5601297,0.5539876,0.74755645,-0.19025658,-0.5756731,0.6584499,0.084987424,-0.9435779,0.69905955,-0.5549217,0.5549217,-0.76971525,-1.1508311,0.86626697,-0.67050546,-1.1735917,0.5536355,-0.49282917,0.22585495,0.34685257,0.6579932,0.27524066,-1.2769146,0.95105654,0.309017,-1.0,-1.8369701e-16,0.8660254,0.5,1.0,0.0,0.0,0.0,0.0
2024-09-17 12:00:00,4.0,1.887182,1.4827186,-0.42658645,-1.2776963,0.9618501,0.49467394,1.5790929,-0.01740071,0.40277967,0.5881374,0.8942055,-0.07637351,0.29921082,0.1928921,1.0019138,1.2933091,0.55649585,0.8909671,-0.20945022,1.7360413,0.6285165,-0.5736649,1.246717,-1.0000857,1.0000857,0.25315204,-0.74107134,1.3148354,-0.5231642,-0.7027991,1.7850986,-0.23399468,0.6813887,0.7943042,2.0147502,0.94114155,-2.8335598,0.95105654,0.309017,-1.0,-1.8369701e-16,0.8660254,-0.5,0.0,1.0,0.0,0.0,0.0
2024-09-18 04:00:00,1.0,0.12564813,0.11275701,1.9018183,-0.3718169,-0.7007054,1.1928185,-0.65531003,0.014150944,0.11435352,0.38842165,0.7352389,-0.37407187,0.34727117,0.24360989,1.3497219,1.437646,0.45437643,0.51944965,-0.13255559,1.3993579,0.6768738,-0.5294744,-0.15297678,-0.88601947,0.88601947,0.3851732,-0.16448332,1.176828,-0.4034708,-0.5282704,1.8156432,-0.032722875,0.68329334,1.2235796,2.2464263,0.83936507,-1.9509506,0.95105654,0.309017,-1.0,-1.8369701e-16,1.2246469e-16,-1.0,0.0,1.0,0.0,0.0,0.0
2024-09-18 08:00:00,0.0,-0.24153687,-0.2598474,-0.55385226,2.1569889,-0.9571077,-1.224714,-0.65531003,-0.26481342,-0.20000063,0.15919194,0.5531433,-0.7099158,0.26641905,0.1614237,1.5242921,1.570139,0.7148296,0.54808694,-0.3315576,1.0397785,0.60494995,-0.5476137,-0.7223276,-0.78830564,0.78830564,0.2044673,-0.11266688,0.9402999,-0.30250463,-0.5875826,1.1387953,0.012745545,0.66394067,-0.64132065,0.97710913,0.75026447,-2.3863485,0.58778524,-0.809017,-1.0,-1.8369701e-16,0.8660254,0.5,1.0,0.0,0.0,0.0,0.0
2024-09-18 12:00:00,0.0,-0.91172993,-1.9718572,-0.9125298,-1.2541733,-0.9331721,-0.06923081,0.93488544,-0.104657896,-0.4467019,-0.037607737,0.39930657,-0.98197615,-0.08343178,-0.17623833,1.421096,1.3098335,0.47029087,0.41304424,-0.5556767,0.47508198,0.26248267,-0.7002452,-0.9287596,-0.04711937,0.04711937,0.40978578,-0.33861655,0.5758769,-0.30588582,-0.6028287,0.71431494,0.060946774,0.29908642,-1.0739646,-0.6645006,0.36119246,-2.235348,0.58778524,-0.809017,-1.0,-1.8369701e-16,0.8660254,-0.5,0.0,1.0,0.0,0.0,0.0
2024-09-19 04:00:00,1.0,0.23611528,0.4701415,0.7767876,-0.026643025,-0.9510806,0.07457062,-0.65495443,0.02207304,-0.687523,-0.25743088,0.19996881,-1.2238516,0.013649081,-0.0812421,1.36241,0.58164877,0.70473987,0.4251342,-0.560738,0.5247228,0.36067694,-0.6270754,-1.1473985,-0.22754282,0.22754282,0.004113061,0.07867812,0.3935782,-0.12471475,-1.0574511,0.54633343,0.11617197,0.42097536,0.34685257,-0.58020306,0.4863109,-2.4021764,0.58778524,-0.809017,-1.0,-1.8369701e-16,1.2246469e-16,-1.0,0.0,1.0,0.0,0.0,0.0
2024-09-19 08:00:00,4.0,1.7168591,-0.9737966,-0.20821919,0.22470698,-0.18638784,-1.184944,-0.65495443,3.0,0.053175423,0.11746023,0.40796024,-0.22453426,0.5701561,0.5288701,1.432039,0.51326716,1.1061393,0.9883443,-0.35058632,1.2012706,0.88330823,-0.25952375,0.19776386,-0.78971595,0.78971595,-0.2208515,0.12333876,1.0871537,-0.12594222,-0.7550393,1.280508,0.080741875,1.0192194,0.8535901,0.5146312,0.8522236,-2.0002773,-0.58778524,-0.809017,-1.0,-1.8369701e-16,0.8660254,0.5,1.0,0.0,0.0,0.0,0.0
2024-09-19 12:00:00,4.0,1.7846122,1.3075653,-0.19799812,-1.0254272,1.3278844,1.7889653,3.0,-0.043968245,0.62314254,0.44899938,0.600768,0.4664823,1.0314846,1.0970674,1.6831002,1.4280472,1.7619278,1.3707385,-0.06964791,1.5647333,1.3254977,0.061561733,1.3059494,-0.99197227,0.99197227,0.2287215,1.1097461,1.62669,-0.0845608,0.08118721,1.4711504,0.061017744,1.2812831,1.3952782,1.8586204,1.003105,-1.9335321,-0.58778524,-0.809017,-1.0,-1.8369701e-16,0.8660254,-0.5,0.0,1.0,0.0,0.0,0.0
2024-09-20 04:00:00,4.0,-0.29764268,-0.5201424,0.84051955,0.38212544,-0.48401043,1.5728356,-0.6329998,-0.07157029,0.26048878,0.26280648,0.47073936,0.025353214,0.9147264,0.9764743,1.8211849,1.3676955,1.7874554,0.9968754,-0.02547803,1.1411915,1.1918694,0.048083507,-0.33013335,-0.86713964,0.86713964,0.2893961,0.22468182,1.4477581,-0.006849083,0.16399832,1.2328482,0.22104047,1.0569636,-0.5979764,1.4789857,0.9191039,-1.5480356,-0.58778524,-0.809017,-1.0,-1.8369701e-16,1.2246469e-16,-1.0,0.0,1.0,0.0,0.0,0.0
2024-09-20 08:00:00,0.0,-0.2701627,-1.0375327,-0.7702154,0.5513009,-0.5486624,-1.1612986,-0.6329998,0.3650155,-0.058737203,0.0726037,0.33091107,-0.36002412,0.8101157,0.8694457,1.7763135,1.652316,1.7948643,1.1563777,-0.16379404,0.87801343,1.0519654,0.04619904,-0.55581546,-0.763707,0.763707,-0.07431787,0.3159797,1.2687161,0.083066046,0.22491972,0.9084054,0.5373106,0.9920369,-1.0623584,0.39957124,0.8489775,-1.7930247,-0.95105654,0.309017,-1.0,-1.8369701e-16,0.8660254,0.5,1.0,0.0,0.0,0.0,0.0
2024-09-20 12:00:00,1.0,-0.8881179,-1.3550436,-1.5300226,0.41545665,-0.0426815,2.7282457,3.0,-0.050835416,-0.12440888,0.02472185,0.2983111,-0.4424365,0.42385715,0.5055031,1.456807,1.0544947,0.9934007,1.1695532,-0.49752614,0.5102623,0.6199975,-0.105378926,0.030287627,-0.36004937,0.36004937,0.47962868,-1.5897303,1.0389035,-0.005920279,0.51695603,0.5330392,0.7466781,0.3203316,-1.4965814,-0.98528856,0.4083671,-2.2306712,-0.95105654,0.309017,-1.0,-1.8369701e-16,0.8660254,-0.5,0.0,1.0,0.0,0.0,0.0
2024-09-23 04:00:00,1.0,-1.4339672,-1.6441205,-1.0279601,-0.8386571,0.6286105,1.2175871,-0.5318511,-0.022556303,0.10193247,0.16318291,0.4068623,-0.18532148,-0.14173104,-0.055081166,0.87347996,-0.5935835,-0.06769578,0.31339183,-0.90122515,-0.031578388,0.0057507385,-0.38686004,1.0025092,0.33205226,-0.33205226,0.67916477,-1.941176,0.8167611,-0.28583807,-0.09290766,0.11159918,0.73576695,-0.2820199,-1.9005564,-1.6818703,-0.19466688,-1.5750818,-0.95105654,0.309017,-1.0,-1.8369701e-16,1.2246469e-16,-1.0,0.0,1.0,0.0,0.0,0.0
2024-09-23 08:00:00,1.0,-0.25028706,-0.7019104,-0.49827084,0.8778253,0.58221626,-0.9922581,-0.5318511,0.5445591,0.2594276,0.26092446,0.4685597,-0.0017845419,-0.21881272,-0.13928676,0.4254275,-1.6296273,-0.19053833,0.16030295,-0.87449443,-0.12920037,-0.10683452,-0.4082879,0.9701147,0.4425438,-0.4425438,-1.3483508,-1.506349,0.82591313,-0.36523274,-0.54125005,-0.14019375,0.7325818,-0.38709345,-2.2489345,-1.5990022,-0.286255,-1.3952895,0.0,1.0,-1.0,-1.8369701e-16,0.8660254,0.5,1.0,0.0,0.0,0.0,0.0
2024-09-23 12:00:00,1.0,0.48495632,0.6049878,1.0196193,-0.23088971,0.6189136,0.16927876,1.3925525,-0.10431039,0.29495057,0.28449747,0.4685251,0.049048867,-0.022996282,0.04821884,0.21225703,-1.215214,0.046069372,0.49890614,-0.9145256,0.023008233,0.04326991,-0.27735874,0.72142404,0.31330657,-0.31330657,-0.7449562,-0.91582614,0.9330749,-0.30500892,-0.20132105,-0.015515089,0.73600626,-0.2644391,0.5142615,-0.68960816,-0.15155175,-1.4777133,0.0,1.0,-1.0,-1.8369701e-16,0.8660254,-0.5,0.0,1.0,0.0,0.0,0.0
2024-09-24 04:00:00,4.0,0.37794346,0.7408411,0.5955422,-0.14813714,-0.52757484,0.4366003,-0.5431826,-0.07602814,-0.06379059,0.063194215,0.30248982,-0.35753286,0.13579886,0.19815512,0.13212384,-0.8818439,0.45915657,0.63216275,-0.93014884,0.13230263,0.16446409,-0.15278672,-0.7116986,0.40227473,-0.40227473,-0.46606287,-0.32925323,0.842051,-0.13015835,-0.19637555,0.08404226,0.83615655,-0.09750369,0.97479415,0.41743913,0.04527006,-1.47136,0.0,1.0,-1.0,-1.8369701e-16,1.2246469e-16,-1.0,0.0,1.0,0.0,0.0,0.0
2024-09-24 08:00:00,1.0,3.0,1.5173864,-1.2088534,-0.43350747,1.3770498,-1.0167805,-0.5431826,3.0,1.3222078,0.8767931,0.7783703,1.2506821,1.2371068,1.4408478,0.67460006,1.5968292,1.6799408,1.6455076,-0.05997486,1.3568362,1.3056788,0.54694,1.0279897,-1.3635086,1.3635086,1.5502049,-0.27984247,2.0708718,-0.02771807,1.293191,1.23273,0.6531823,1.2272482,1.3832428,2.0879445,1.3282801,-1.305636,0.95105654,0.309017,-1.0,-1.8369701e-16,0.8660254,0.5,1.0,0.0,0.0,0.0,1.0
2024-09-24 12:00:00,1.0,-1.2825695,-1.0475647,0.90274423,-1.2597827,1.6641735,0.70428103,2.3201177,-0.16742358,1.6361324,1.2061229,1.0617411,1.3802792,0.6790389,0.87182295,0.7097717,1.5522927,0.6586451,1.1770159,-0.48067158,0.7449613,0.6888207,0.27370837,1.1610284,-0.14024456,0.14024456,1.2997801,-0.75946903,1.8884642,-0.32534042,1.4653167,1.0648836,0.29426202,0.5369178,-0.41592208,0.98601013,0.456298,-1.1820271,0.95105654,0.309017,-1.0,-1.8369701e-16,0.8660254,-0.5,0.0,1.0,0.0,0.0,1.0
2024-09-25 04:00:00,4.0,0.072025485,0.05423313,-1.183736,2.8784287,2.9355962,2.208801,-0.5466576,-0.1424902,3.0,2.7843108,2.226466,2.953232,0.7228631,0.9068547,0.5577726,1.6797056,0.10848396,1.2265872,-0.43969837,0.69012,0.4337997,0.14864755,1.3481766,-0.48657104,0.48657104,1.1987457,0.70121443,2.3193784,-0.81642896,3.0,0.036772154,-0.14032349,0.26852763,0.47619835,0.8098524,0.5124744,-1.1389331,0.95105654,0.309017,-1.0,-1.8369701e-16,1.2246469e-16,-1.0,0.0,1.0,0.0,0.0,1.0
2024-09-25 08:00:00,1.0,1.7992724,1.922127,-1.4103073,-1.2039465,0.29236275,-0.97952545,-0.5466576,-0.64912117,2.949984,2.5407202,2.137547,2.2220166,1.2140487,1.4738326,0.75445336,2.3524694,0.89631313,1.7865334,-0.035270214,1.2061888,0.86320126,0.47897425,0.9786757,-1.3437271,1.3437271,1.181981,0.6941224,2.5084333,-0.5837645,2.919686,1.089933,-0.10673286,0.8023583,0.9172453,-0.066181645,1.2969136,-1.1035604,0.58778524,-0.809017,-1.0,-1.8369701e-16,0.8660254,0.5,1.0,0.0,0.0,0.0,1.0
2024-09-25 12:00:00,4.0,0.13061303,0.21132925,-0.8130312,2.1297162,-0.24744669,-0.04755526,1.4597205,-0.07718325,2.138561,2.1435802,1.9491513,1.3825687,1.2791343,1.5193605,0.8809298,2.163479,1.033027,1.8726919,-0.29825267,1.1360102,0.8721483,0.58508575,0.474669,-1.3760363,1.3760363,1.2216858,1.0635142,2.3420792,-0.45416063,2.6943455,1.1254753,-0.16177645,0.82227427,1.3491324,0.7976347,1.3250313,-1.1606348,0.58778524,-0.809017,-1.0,-1.8369701e-16,0.8660254,-0.5,0.0,1.0,0.0,0.0,1.0
2024-09-26 04:00:00,4.0,-0.46737477,-1.0386136,0.70288765,-0.91739964,-0.7977878,-0.25563467,-0.54991,-0.14939901,1.2084694,1.5820233,1.6233338,0.4155759,1.0681208,1.3081375,0.88970685,0.1521563,1.1326985,1.4031184,-0.2582348,0.8542588,0.74464333,0.6224963,-1.4128337,-1.1217123,1.1217123,-0.26638308,0.6930513,2.0760863,-0.2961017,0.66551834,0.99633676,-0.13563366,0.7391546,-0.43977246,0.45312887,1.0895402,-0.9840024,0.58778524,-0.809017,-1.0,-1.8369701e-16,1.2246469e-16,-1.0,0.0,1.0,0.0,0.0,1.0
2024-09-26 08:00:00,4.0,2.506942,1.6632516,-1.2475647,-0.74630445,-0.57393855,-0.99281687,-0.54991,2.7640924,1.4857422,1.7281728,1.7048752,0.70964706,1.6451987,1.9925871,1.0998224,2.093521,2.4606876,1.6507887,0.4882985,1.4124668,1.4100316,1.1142166,-0.8097656,-1.3890123,1.3890123,0.0013744908,0.67777395,2.4629228,-0.030481534,0.6285145,1.4251053,-0.11388226,1.5401462,0.43457118,0.596212,1.351659,-0.99333763,-0.58778524,-0.809017,-1.0,-1.8369701e-16,0.8660254,0.5,1.0,0.0,0.0,0.0,1.0
2024-09-26 12:00:00,4.0,0.9090198,1.6265765,-1.3441877,-0.5990962,-0.33297876,0.3038817,2.123751,-0.21433394,0.9589053,1.3732922,1.476352,0.1745585,1.7936351,2.1579502,1.3665771,2.4114642,2.7034836,1.8204293,0.5621696,1.3314154,1.6708834,1.4119996,0.24854212,-1.3825579,1.3825579,-0.15742812,1.2010577,2.4541721,0.27868247,-0.9751562,1.3376212,-0.08442683,1.7545063,0.8722883,0.7693486,1.3494978,-1.0128059,-0.58778524,-0.809017,-1.0,-1.8369701e-16,0.8660254,-0.5,0.0,1.0,0.0,0.0,1.0
2024-09-27 04:00:00,4.0,1.8452706,1.4984279,-0.8932579,-0.7328782,0.7195859,1.1260457,-0.55808145,-0.124744266,1.2853843,1.555905,1.5930139,0.5165929,2.0522327,2.476019,1.5854523,2.3846197,2.9875495,2.2579467,0.92271185,1.4212099,2.0166996,1.7441727,1.1828582,-1.3171095,1.3171095,-0.12123698,1.8552909,2.6282234,0.4666625,-0.7264243,1.4002869,-0.0609068,1.995245,1.3014272,1.4511466,1.2879453,-0.99772793,-0.58778524,-0.809017,-1.0,-1.8369701e-16,1.2246469e-16,-1.0,0.0,1.0,0.0,0.0,1.0
2024-09-27 08:00:00,4.0,0.04565901,0.105858885,1.2594863,0.47594917,-0.6931972,-1.0587745,-0.55808145,0.006341494,0.629704,1.1241045,1.3285182,-0.17031114,2.026656,2.3939872,1.7661098,2.2439616,2.715443,2.3326104,0.94374096,1.1682849,1.9998816,1.9163958,-1.0252328,-1.2411803,1.2411803,-0.05175403,1.6161681,2.4818451,0.78934944,-0.83740795,1.279688,-0.032564614,2.121264,1.7181787,0.6663625,1.218875,-1.0121647,-0.95105654,0.309017,-1.0,-1.8369701e-16,0.8660254,0.5,1.0,0.0,0.0,0.0,1.0
2024-09-27 12:00:00,4.0,1.3548532,1.5491109,-0.89062077,-0.91863316,0.07127794,0.8156182,3.0,-0.145264,0.6521504,1.0909383,1.2955381,-0.12185122,2.1599457,2.5386987,1.853578,2.867712,2.0823328,2.4886734,1.2978522,1.1950711,2.2242506,2.2315936,0.6803249,-1.3258122,1.3258122,-0.80463433,1.9003266,2.584835,1.1396003,-0.40761948,1.1872116,-0.07703231,2.2410116,2.1192942,0.68856925,1.301265,-1.0169392,-0.95105654,0.309017,-1.0,-1.8369701e-16,0.8660254,-0.5,0.0,1.0,0.0,0.0,1.0
2024-09-30 04:00:00,4.0,-0.21337433,-0.14920792,1.012121,0.8813445,0.23972498,1.0898757,-0.5465161,-0.12366424,0.8739268,1.2500124,1.4471058,0.045278843,2.0705492,2.3884172,1.7002003,1.6767617,2.263283,2.0679362,1.2250692,0.96547574,1.920727,2.1386333,0.9189473,-1.1144137,1.1144137,-0.8453463,1.135219,2.4556553,1.1891587,-0.54283535,0.9989071,1.235787,1.842533,-0.44950506,0.20444933,1.1000408,-0.9007869,-0.95105654,0.309017,-1.0,-1.8369701e-16,1.2246469e-16,-1.0,0.0,1.0,0.0,0.0,1.0
2024-09-30 08:00:00,4.0,-0.30336472,1.4168345,-0.41953143,-1.1088779,-0.20694055,-1.1123105,-0.5465161,-2.299067,0.694815,1.131863,1.4044545,-0.14271753,1.9032586,2.19877,1.4954642,1.159229,2.0750504,1.6547161,1.6101842,0.7694551,1.6929907,2.0214372,0.32464248,-1.0462652,1.0462652,-0.5228461,1.1135517,2.298449,1.2578583,-0.3871995,0.7005784,1.5317577,1.6975734,-0.8869987,0.028936047,1.0413883,-0.7817778,0.0,1.0,-1.0,-1.8369701e-16,0.8660254,0.5,1.0,0.0,0.0,0.0,1.0
2024-09-30 12:00:00,4.0,-1.7052597,-1.8453742,-1.146672,-1.1313108,-0.11493402,-0.31381476,1.0988016,-0.15805946,0.704739,1.1735767,1.5162325,-0.19917265,1.0899961,1.4922229,1.0074279,-0.35405174,1.1095457,1.3109243,1.0892608,0.41204834,1.0405067,1.5746083,0.5003772,-0.6507347,0.6507347,-0.3498203,0.8668731,1.9685661,0.9728587,-0.6455014,0.45192388,1.7361625,1.0081683,-1.2879242,-1.4897846,0.6696709,-0.50475585,0.0,1.0,-1.0,-1.8369701e-16,0.8660254,-0.5,0.0,1.0,0.0,0.0,1.0
2024-10-01 04:00:00,4.0,0.31468332,0.8256535,1.2856474,-1.137585,-0.8161389,-0.28522292,-0.5555767,-0.1372071,0.17650995,0.7706663,1.2482893,-0.6715929,1.1609263,1.539435,0.7063306,-0.23788707,1.1518625,1.4017416,1.0559049,0.4155868,1.1160694,1.7317541,-1.0674545,-0.7568418,0.7568418,-0.2706029,1.10369,1.9181747,1.4140979,-0.57431114,0.3566386,2.2468112,1.1532516,0.48830682,-1.2834525,0.7750131,-0.36010504,0.0,1.0,-1.0,-1.8369701e-16,1.2246469e-16,-1.0,0.0,1.0,0.0,0.0,1.0
2024-10-01 08:00:00,4.0,0.0637712,-0.36844942,0.845764,0.42977813,-0.65336007,-1.0786209,-0.5555767,0.5080807,-0.113513865,0.50524324,1.0761359,-0.89836067,1.1865396,1.5408021,0.43168136,-0.7872942,1.2689216,1.5302855,1.025454,0.38545167,1.072566,1.796597,-0.24676305,-0.80639994,0.80639994,-0.9939376,1.0583727,1.8462857,1.776071,-0.7648062,0.3331034,2.4217017,1.0615889,0.9479151,-1.0733814,0.8250064,0.80138266,0.95105654,0.309017,-0.8660254,0.5,0.8660254,0.5,1.0,0.0,0.0,0.0,0.0
2024-10-01 12:00:00,4.0,0.1949281,0.6643002,-0.59435135,0.8719544,-0.99894845,-0.50671303,0.46061605,-0.057591308,-0.6288516,0.0376581,0.7453097,-1.3144099,1.2338942,1.5630546,0.23188165,-0.6112742,0.6652264,1.7562217,1.2699978,0.38120982,1.0889018,1.9364356,-2.0418844,-0.6847331,0.6847331,-0.7748293,1.1469024,1.7962018,2.3906054,-1.128595,0.29124376,2.6889155,1.0210695,1.3462076,0.26119417,0.90106064,0.5172336,0.95105654,0.309017,-0.8660254,0.5,0.8660254,-0.5,0.0,1.0,0.0,0.0,0.0
2024-10-02 04:00:00,4.0,-1.8503363,-1.0194702,-0.16617788,-0.08449686,1.6128362,0.47282928,-0.5568359,-0.11963114,1.0176437,1.2342775,1.6706314,0.1986585,0.43831652,0.89545584,-0.27439162,-1.2602091,-0.08111385,1.3937364,1.2878653,0.01428506,0.18298991,1.0911925,1.2362295,0.07359995,-0.07359995,-0.31426722,0.6178265,1.541028,0.93677026,-0.3153028,0.082041085,2.2061658,0.17517719,-0.42873642,-1.1366768,0.48352545,1.2267838,0.95105654,0.309017,-0.8660254,0.5,1.2246469e-16,-1.0,0.0,1.0,0.0,0.0,0.0
2024-10-02 08:00:00,4.0,0.54649705,0.8961608,-0.20177643,0.013954797,-1.0416276,-1.0581524,-0.5568359,0.47696564,0.28974506,0.68615335,1.2542518,-0.431143,0.5889234,1.0076604,-0.5249726,-0.31405923,-0.43158954,1.4043505,1.8812672,0.07189468,0.28726938,1.2727551,-1.9636288,-0.0743825,0.0743825,-0.5651687,0.55379957,1.5424957,1.4331986,-0.59302753,0.014367009,2.2322228,0.33816147,0.43457118,-0.99529916,0.6200249,0.8601094,0.58778524,-0.809017,-0.8660254,0.5,0.8660254,0.5,1.0,0.0,0.0,0.0,0.0
2024-10-02 12:00:00,4.0,-1.5204358,-1.3557312,-0.00027540606,-1.0276395,0.16293772,-0.27888083,0.89749616,-0.31667995,0.6444226,0.9646543,1.5074071,-0.12880555,0.044101417,0.52681637,-0.9089236,-1.1085976,-0.8711405,1.0370023,1.5696869,-0.32167843,-0.3194499,0.8135948,0.84232414,0.9867065,-0.9867065,-0.3974673,0.21618511,1.3131868,0.86124027,-0.14078549,-0.1871499,2.0376525,-0.32249814,-0.50035137,-2.0855794,0.27694273,1.2384874,0.58778524,-0.809017,-0.8660254,0.5,0.8660254,-0.5,0.0,1.0,0.0,0.0,0.0
2024-10-03 04:00:00,4.0,1.2538943,1.7765632,-1.3267467,-1.1723386,-0.290928,-0.4541676,-0.5622849,-0.3425239,0.46103796,0.7849941,1.3242959,-0.23613916,0.3906663,0.79965043,-0.9799783,-0.5986527,-0.8929674,0.6852356,1.99405,-0.050843753,0.0468202,1.0843991,0.19988126,0.409201,-0.409201,0.55992097,0.38319746,1.4517738,1.2580404,0.032401018,-0.17907873,1.7590729,0.14459166,0.42337427,-0.09306588,0.58732355,1.2538143,0.58778524,-0.809017,-0.8660254,0.5,1.2246469e-16,-1.0,0.0,1.0,0.0,0.0,0.0
2024-10-03 08:00:00,4.0,-1.4438586,-1.5457528,-0.8145786,-0.88588446,-0.44504666,-0.9946336,-0.5622849,-0.7974984,0.3756534,0.7469806,1.3520727,-0.35454983,-0.08472043,0.36874366,-1.251958,-1.3484784,-1.2497729,0.61215925,1.4727958,-0.5090351,-0.5156558,0.7038693,0.14626852,1.6596266,-1.6596266,0.6529903,0.2643239,1.2116505,0.93617535,0.3719613,-0.37555012,1.6868117,-0.48916328,-0.47956115,-1.1778646,0.24600889,1.2586799,-0.58778524,-0.809017,-0.8660254,0.5,0.8660254,0.5,1.0,0.0,0.0,0.0,0.0
2024-10-03 12:00:00,4.0,1.0126971,1.5156661,-1.1353039,-0.77695036,-0.19539411,-0.56816626,0.1178018,-0.26090136,0.19093451,0.5501171,1.1537504,-0.4623375,0.1991111,0.59452856,-1.251497,-0.06843539,-0.87373084,0.8056922,2.0167959,-0.24690282,-0.22584185,0.93385214,0.15418123,0.98757917,-0.98757917,0.4725046,0.38564372,1.3281863,1.2980435,-0.5969571,-0.3779554,1.644869,-0.4621765,0.43331024,0.26324078,0.18376598,1.3533418,-0.58778524,-0.809017,-0.8660254,0.5,0.8660254,-0.5,0.0,1.0,0.0,0.0,0.0
2024-10-04 04:00:00,4.0,-0.5809879,-0.7245871,-1.0700216,1.3462958,-0.3986993,1.8208773,-0.5576465,-0.23514864,-0.023215903,0.36651808,1.0266209,-0.65571946,0.027688729,0.4415931,-1.34686,-0.58178014,-0.5734327,0.36974296,1.9062026,-0.5211054,-0.48720774,0.78531224,-0.15083544,1.3528051,-1.3528051,0.4711973,-1.1185316,1.2103312,1.2775327,-0.40200964,-0.54366934,1.6303641,-0.63955766,-0.50586843,-0.63041514,-0.13615464,1.2735173,-0.58778524,-0.809017,-0.8660254,0.5,1.2246469e-16,-1.0,0.0,1.0,0.0,0.0,0.0
2024-10-04 08:00:00,4.0,-0.10217359,0.56957173,-0.6675933,1.0450313,-0.85805035,-0.96191454,-0.5576465,-0.7422306,-0.4514093,-0.019037984,0.7105974,-1.0340413,0.019574916,0.43303117,-1.4423023,0.05539952,-0.7033406,0.32936168,2.010299,-0.63895035,-0.57874095,0.7920757,-1.2994217,1.3195976,-1.3195976,-0.07379079,-0.9828983,1.1526036,1.5302519,-0.81720585,-0.7636016,1.6709582,-0.7603559,0.40363103,0.18063422,-0.2682968,1.3170887,-0.95105654,0.309017,-0.8660254,0.5,0.8660254,0.5,1.0,0.0,0.0,0.0,0.0
2024-10-04 12:00:00,4.0,0.45243394,1.0888556,-0.44316417,-0.39219037,-0.73580265,-0.25182107,0.7709353,-0.2322164,-0.716832,-0.32983884,0.4076003,-1.2111825,0.1768775,0.54799104,-1.3903385,-0.3106941,-0.59977233,0.50989735,2.0720365,-0.45225447,-0.4490062,0.9314249,-0.88816416,0.49127647,-0.49127647,-0.5353131,-0.6261928,1.1967937,1.8590988,-0.9446464,-0.555671,1.6828784,-0.61218125,0.86614674,-0.054260883,-0.3102691,1.3550205,-0.95105654,0.309017,-0.8660254,0.5,0.8660254,-0.5,0.0,1.0,0.0,0.0,0.0
2024-10-07 04:00:00,4.0,1.080186,1.2054406,0.09819766,-1.1982005,0.4593081,1.5082878,-0.556102,-0.20728405,-0.35373512,-0.16599835,0.42785087,-0.7360779,0.49419343,0.7915971,-1.0534394,0.88628155,-0.36050493,0.25496194,2.9072087,0.40960595,-0.024566589,1.1372472,0.6326477,-0.8460121,0.8460121,-0.99673724,0.6356841,1.3708739,1.9555953,-0.6968991,0.2676985,1.584999,-0.13141218,1.2915522,0.74380213,0.3304481,1.6839345,-0.95105654,0.309017,-0.8660254,0.5,1.2246469e-16,-1.0,0.0,1.0,0.0,0.0,0.0
2024-10-07 08:00:00,4.0,-0.27140608,-0.20818256,3.0,-0.77804875,-0.9119137,-0.9556551,-0.556102,-0.22917315,-0.6618308,-0.44651628,0.16948783,-1.0411662,0.44598445,0.7470937,-0.9149028,0.26902944,0.12991409,0.024497919,2.3204322,0.26684368,-0.12262707,1.108792,-1.1384531,-0.50541747,0.50541747,-1.1214896,0.5731843,1.3035263,2.1206772,-0.8225478,0.5344423,1.6898487,-0.23335354,-0.55929685,0.66476,0.09145158,1.6235934,0.0,1.0,-0.8660254,0.5,0.8660254,0.5,1.0,0.0,0.0,0.0,0.0
2024-10-07 12:00:00,4.0,-0.33719885,-0.46790424,-0.5159234,1.7008777,-0.9349597,-0.388582,0.4465346,-0.12649943,-0.9394674,-0.7273791,-0.10168203,-1.2990001,0.36389098,0.68026173,-0.88139564,0.40496546,-0.14720508,-0.42852274,2.2029822,0.0636712,-0.21570414,1.0626208,-1.3785245,-0.36626926,0.36626926,-1.1708827,0.2947373,1.2285637,2.2690396,-0.8986754,0.014408891,0.67952,-0.34195417,-1.0113299,0.26013726,-0.13509192,1.4772037,0.0,1.0,-0.8660254,0.5,0.8660254,-0.5,0.0,1.0,0.0,0.0,0.0
2024-10-08 04:00:00,4.0,0.58091414,1.2092671,-0.76400363,-0.52615,-0.60520935,-0.23827794,-0.55992275,-0.15322189,-1.0190775,-0.89231753,-0.3339447,-1.2885863,0.57770985,0.8286836,-0.7015176,0.7340034,0.53356194,-0.32481804,2.2806332,0.6146078,0.15238711,1.2423794,-0.49845132,-1.1614722,1.1614722,-1.1801078,0.68962723,1.3195926,2.5011759,-0.74011004,0.40517154,0.44562918,0.06321329,0.35790002,0.07112945,0.5797757,1.3298604,0.0,1.0,-0.8660254,0.5,1.2246469e-16,-1.0,0.0,1.0,0.0,0.0,0.0
2024-10-08 08:00:00,4.0,-2.9198306,-1.4897358,-0.839055,-0.49039423,0.041384708,-0.8757601,-0.55992275,-3.0,0.5236591,0.31534657,0.6946145,0.34220058,-0.74729985,-0.18392944,-1.1513243,-0.9952778,-0.8999145,-1.3122976,1.4653659,-1.9015365,-1.319625,0.08473348,0.24108812,1.870424,-1.870424,1.5294296,0.8218464,0.87961805,0.7686121,0.37400565,-1.5880393,0.10168872,-1.4602844,-0.55929685,-1.7536626,-2.1769464,1.2822001,0.95105654,0.309017,-0.8660254,0.5,0.8660254,0.5,1.0,0.0,0.0,0.0,0.0
2024-10-08 12:00:00,4.0,1.4814975,1.3527493,-0.7487026,-0.9041826,1.1977371,0.07964439,0.9935908,-0.11227786,0.77531755,0.53701085,0.79279816,0.6245264,-0.2099495,0.20376527,-1.0870354,-0.737654,0.119704954,-0.93820107,1.9337702,-0.22515431,-0.5119241,0.4167813,1.18916,0.06695343,-0.06695343,1.4915822,1.2804086,1.1304592,0.93721324,0.43918982,-0.73594654,-0.25106448,-0.515276,0.35790002,-0.8308504,-0.12095039,1.0109854,0.95105654,0.309017,-0.8660254,0.5,0.8660254,-0.5,0.0,1.0,0.0,0.0,0.0
2024-10-09 04:00:00,4.0,-0.83199054,-1.2835575,-0.9804979,0.1729184,-0.4938758,-0.1448133,-0.56519955,-0.11436957,0.30841765,0.27268818,0.6209194,0.09269008,-0.52715576,-0.04727164,-1.2362173,-1.0402644,-0.54736257,-1.0940934,1.6741458,-0.8847727,-0.8530317,0.1990772,-0.38320804,0.8772991,-0.8772991,1.4765073,0.81500876,0.9840102,0.94437194,0.4512026,-0.7007174,-0.4038049,-0.8972696,-0.55929685,-1.505712,-0.99897194,0.7255965,0.95105654,0.309017,-0.8660254,0.5,1.2246469e-16,-1.0,0.0,1.0,0.0,0.0,0.0
2024-10-09 08:00:00,4.0,0.137055,0.52544355,-0.45811296,0.9502927,-0.20816863,-0.8542856,-0.56519955,-0.34268585,0.031379588,0.074498884,0.44073695,-0.18181689,-0.4343646,0.011033652,-1.2439582,-0.8064305,-0.2920959,-0.6800692,1.44676,-0.5724299,-0.71166885,0.23628105,-0.16918434,0.5072868,-0.5072868,1.6597682,0.7480527,0.99298394,1.1244756,0.5846091,-0.81178576,-0.57146955,-0.7357236,0.3824795,0.4899421,-0.6278033,0.81623304,0.58778524,-0.809017,-0.8660254,0.5,0.8660254,0.5,1.0,0.0,0.0,0.0,0.0
2024-10-09 12:00:00,4.0,0.48908773,1.2425765,-1.0329056,-0.42993018,-0.7613291,-0.15213463,0.53513527,-0.06273558,-0.4323269,-0.30963582,0.083932936,-0.632804,-0.2129926,0.16413121,-1.1103913,-0.82431906,-0.07539346,-0.6511965,1.6940613,0.12772009,-0.34250283,0.4259712,-1.2290351,-0.3220762,0.3220762,1.540998,1.0499767,1.0610956,1.5569894,0.4036008,-0.035860542,-0.68239766,-0.34206066,0.8247261,0.01857663,0.27477655,0.9099961,0.58778524,-0.809017,-0.8660254,0.5,0.8660254,-0.5,0.0,1.0,0.0,0.0,0.0
2024-10-10 04:00:00,4.0,1.1512702,1.180221,-0.98256284,-0.37741226,0.8957848,0.38702202,-0.5701658,-0.11025709,-0.07431298,-0.10171525,0.16144896,-0.15926011,0.2337916,0.49319205,-0.670047,1.2330849,0.19637775,-0.38251024,2.0511754,1.2674485,0.36891797,0.7132344,0.9022113,-1.2394024,1.2394024,-0.6796158,1.5002803,1.2525876,1.6578176,-0.29807675,1.011866,-0.562448,0.34836352,1.247477,0.9553782,1.3574407,1.0510942,0.58778524,-0.809017,-0.8660254,0.5,1.2246469e-16,-1.0,0.0,1.0,0.0,0.0,0.0
2024-10-10 08:00:00,4.0,-1.2024817,-0.3323803,1.1383854,0.8965547,-0.74364424,-0.8672704,-0.5701658,-1.9476997,0.0233316,0.006638871,0.2801298,-0.09422889,-0.31840456,0.07054104,-0.6530547,-0.13035287,-0.6360685,-0.7874006,1.379529,0.11353967,-0.2875449,0.28275144,-0.8802674,-0.08774219,0.08774219,-0.54499453,1.3434839,1.0446835,1.3049452,-0.4988153,0.33161244,-0.59424144,-0.28943506,-0.5953124,0.17981318,0.016658926,0.8424406,-0.58778524,-0.809017,-0.8660254,0.5,0.8660254,0.5,1.0,0.0,0.0,0.0,0.0
2024-10-10 12:00:00,4.0,0.19225726,0.56536144,1.172144,-0.6762265,-0.7313081,-0.023019735,0.6842047,-0.062104307,-0.35835102,-0.2948202,0.0082606245,-0.4872501,-0.18858367,0.15320691,-0.58020276,0.39341685,-0.46922126,-0.24956623,1.3356454,0.31858498,-0.100616485,0.38770247,-0.8636926,-0.5175984,0.5175984,-0.67117965,1.4147139,1.0677872,1.6228739,-0.49533397,0.4322514,-0.620759,-0.1484177,0.34170866,0.044692606,0.48918372,0.4726903,-0.58778524,-0.809017,-0.8660254,0.5,0.8660254,-0.5,0.0,1.0,0.0,0.0,0.0
2024-10-11 04:00:00,4.0,-0.6861542,-0.78828275,-0.6170762,1.2619636,0.7060159,0.088147245,-0.5734474,-0.06166784,-0.18855509,-0.17378233,0.10441478,-0.2957731,-0.4761527,-0.0715189,-0.65810597,-0.023462862,-0.61049676,-0.6052081,1.3251055,-0.2761206,-0.48436844,0.10431265,0.6306878,0.12301828,-0.12301828,-0.43010414,0.9002599,0.95177734,1.3732723,-0.28442067,-0.22306478,-0.6564793,-0.5142863,-0.590224,-0.83597946,-0.19781868,0.765979,-0.58778524,-0.809017,-0.8660254,0.5,1.2246469e-16,-1.0,0.0,1.0,0.0,0.0,0.0
2024-10-11 08:00:00,4.0,0.54732156,1.0699428,-0.24062666,-0.797038,-0.95426,-0.838415,-0.5734474,0.22520985,-0.51119536,-0.45589432,-0.17362356,-0.6104607,-0.19291812,0.11945029,-0.55898494,0.005687158,-0.6037408,-0.023039881,1.4600031,0.32580882,-0.09087774,0.33299574,-0.9641239,-0.7690091,0.7690091,-0.28980106,0.77899885,1.0451219,1.8004134,-0.20511681,0.20662259,-0.6538441,-0.072750054,0.32123032,0.1588494,0.81794584,0.2013157,-0.95105654,0.309017,-0.8660254,0.5,0.8660254,0.5,1.0,0.0,0.0,0.0,0.0
2024-10-11 12:00:00,4.0,-0.21515362,-0.23389706,0.5901635,1.701642,-1.386372,0.4604496,1.4123529,-0.05814405,-0.9339773,-0.8221617,-0.49971187,-1.0746431,-0.22424117,0.08889555,-0.52221614,-0.6890552,0.40406466,-0.45745575,1.469793,0.14118706,-0.1212844,0.3255759,-1.7331308,-0.7458605,0.7458605,-0.983648,0.6717073,1.0063298,2.1471167,-0.7448801,0.14595507,-0.51430565,-0.12994029,-0.17604919,-0.026985848,0.7920577,0.26080024,-0.95105654,0.309017,-0.8660254,0.5,0.8660254,-0.5,0.0,1.0,0.0,0.0,0.0
2024-10-14 04:00:00,3.0,0.16781533,0.6074676,0.15265965,-0.009164782,-0.7468157,0.26777297,-0.576512,-0.08160948,-1.1068385,-1.034809,-0.73826826,-1.2161174,-0.07909452,0.180079,-0.4231129,0.003791425,-0.09422057,0.025988014,1.4187711,0.39525196,0.04819891,0.44623393,-0.9128925,-0.983115,0.983115,-1.5978589,0.9560904,1.0123417,2.4201,-0.9482714,0.32274547,-0.5447728,0.105861366,0.30408496,0.47072986,1.0679202,0.2421172,-0.95105654,0.309017,-0.8660254,0.5,1.2246469e-16,-1.0,0.0,1.0,0.0,0.0,0.0
2024-10-14 08:00:00,3.0,-0.08039687,-0.2587753,-0.02833955,2.1078093,-1.1947578,-0.9037842,-0.576512,0.23142266,-1.3767934,-1.3189121,-1.0341604,-1.497221,-0.04237991,0.19575143,-0.352672,-0.13552645,0.193066,-0.31762272,1.418595,0.33131826,0.1012065,0.51459336,-1.7958283,-1.0230639,1.0230639,-1.6006194,0.81308746,0.9917965,2.7023227,-1.0056984,0.33458707,-0.20093064,0.25471595,0.75924885,0.17615974,1.1057392,0.2857203,0.0,1.0,-0.8660254,0.5,0.8660254,0.5,1.0,0.0,0.0,0.0,0.0
2024-10-14 12:00:00,3.0,-0.81708294,-1.1974921,-0.59614986,0.24766594,0.014558213,-0.057583768,0.48714697,-0.11947596,-1.2488482,-1.285176,-1.0498517,-1.2744371,-0.53981876,-0.15839797,-0.513374,-0.20419355,-0.1686126,-0.40841636,1.3250687,-0.42749497,-0.5231628,0.09755275,-0.22311294,-0.33842808,0.33842808,-1.5094423,0.48581925,0.83231026,2.3754294,-1.0809348,-0.17948323,-0.1494764,-0.6230176,-0.69253534,-0.3088011,0.23038933,0.13560769,0.0,1.0,-0.8660254,0.5,0.8660254,-0.5,0.0,1.0,0.0,0.0,0.0
2024-10-15 04:00:00,3.0,0.36094663,0.80011934,0.71900535,-0.9734624,-0.2860296,0.15379322,-0.57855123,-0.027452784,-1.258854,-1.3633684,-1.2002175,-1.2032571,-0.26605833,0.016696831,-0.47964928,-0.3022005,-0.21895713,-0.26255322,1.4742447,0.11081237,-0.17658116,0.30446061,-0.48561537,-0.78145456,0.78145456,-1.6977158,0.8353574,0.9053246,2.5094633,-0.97416395,0.13560599,-0.15388532,-0.19619974,0.24739304,-0.17685321,0.8020036,0.20488897,0.0,1.0,-0.8660254,0.5,1.2246469e-16,-1.0,0.0,1.0,0.0,0.0,0.0
2024-10-15 08:00:00,3.0,-0.38525352,-1.8816878,-1.1615989,-1.0599535,-1.2710956,-0.97740656,-0.57855123,0.71887827,-1.514147,-1.604207,-1.455259,-1.5019561,-0.4394484,-0.12150666,-0.54572195,-0.38884792,-0.80409676,-0.54876405,1.173016,-0.22001825,-0.3863675,0.18063222,-1.9652728,-0.4610173,0.4610173,-1.6051712,0.8402595,0.8202093,2.671762,-0.95169276,0.14473785,-0.11408763,-0.37393165,-0.72279286,-0.38301927,0.46435666,0.21173981,0.95105654,0.309017,-0.8660254,0.5,0.8660254,0.5,1.0,0.0,0.0,0.0,0.0
2024-10-15 12:00:00,3.0,-0.13322467,-0.036584143,0.08019184,1.6988767,-0.92172986,0.7346635,0.9277915,-0.06333789,-1.6141342,-1.7422005,-1.645122,-1.5833015,-0.40490925,-0.119388096,-0.5969545,-0.5420849,-0.39644548,-0.9307256,0.8765801,-0.23242922,-0.34559092,0.1454289,-1.479915,-0.5379647,0.5379647,-1.5936192,1.1806141,0.8021247,2.769064,-0.96222514,-0.24661548,-0.076404594,-0.4504313,0.27221707,0.171279,0.55581963,0.19252595,0.95105654,0.309017,-0.8660254,0.5,0.8660254,-0.5,0.0,1.0,0.0,0.0,0.0
2024-10-16 04:00:00,4.0,-1.309085,-1.2631782,-0.78576386,0.037820797,1.8544811,1.838314,-0.5812958,-0.10996546,-0.8938179,-1.231737,-1.2512355,-0.5440511,-1.3477912,-0.8355538,-0.92333823,-1.1626917,-0.95999783,-1.2780976,0.5795912,-1.671715,-1.3813376,-0.90171057,0.9955126,1.4414399,-1.4414399,-0.9187818,0.10865658,0.5062925,1.694096,-0.17355907,-1.2532916,-0.05440939,-1.3941317,-0.69139814,-1.1229587,-1.0982858,0.496939,0.95105654,0.309017,-0.8660254,0.5,1.2246469e-16,-1.0,0.0,1.0,0.0,0.0,0.0
2024-10-16 08:00:00,3.0,-0.8585735,0.0502944,-0.8324543,2.2515633,-0.9950401,-1.2219924,-0.5812958,-1.609718,-0.6933187,-1.0652609,-1.1319869,-0.27653056,-1.7903807,-1.2494054,-1.2896837,-1.1741003,-1.0180678,-1.4429718,0.4322858,-2.3771598,-1.8460538,-1.477895,-1.6916237,2.1539881,-2.1539881,-0.8780779,0.03614484,0.3175463,1.2851014,-0.007129727,-2.5055838,-0.5214186,-1.8841552,-1.1735938,-1.4429077,-2.0126498,0.6173746,0.58778524,-0.809017,-0.8660254,0.5,0.8660254,0.5,1.0,0.0,0.0,0.0,0.0
2024-10-16 12:00:00,3.0,-0.14567718,-0.16300178,0.41813353,1.6790483,-1.1285063,-0.16575135,0.3056173,-0.017389247,-1.1269462,-1.3785584,-1.4300767,-0.8268654,-1.7332406,-1.2681946,-1.5609975,-1.4071614,-1.2613317,-1.6368004,0.5469907,-2.140179,-1.760788,-1.58282,-1.8254964,2.0192266,-2.0192266,-1.2843832,0.3429036,0.24797156,1.5924352,-0.29737744,-2.1031816,-0.48331836,-1.8059037,0.29254603,-1.4270186,-1.8918179,0.7842771,0.58778524,-0.809017,-0.8660254,0.5,0.8660254,-0.5,0.0,1.0,0.0,0.0,0.0
2024-10-17 04:00:00,4.0,-0.39759526,-0.6927219,2.4607055,-1.0375652,-0.06800427,0.33376,-0.5820507,0.05184444,-1.1439446,-1.4116938,-1.5010167,-0.80530983,-1.8447527,-1.4293505,-1.6879325,-1.3908392,-1.3096039,-0.8219594,0.42996955,-2.5109994,-1.9257838,-1.837879,-0.3255114,2.2037673,-2.2037673,-0.78903246,-0.38722947,0.13428333,1.5002848,-0.022247037,-2.0068202,-0.58240134,-1.8467114,-0.69139814,-0.62747604,-2.1718209,0.15095371,0.58778524,-0.809017,-0.8660254,0.5,1.2246469e-16,-1.0,0.0,1.0,0.0,0.0,0.0
2024-10-17 08:00:00,4.0,0.88608867,1.4088748,-0.82087886,-1.1528991,2.2838714,-1.199734,-0.5820507,-1.7128116,-0.43465212,-0.92195207,-1.1819503,0.21034452,-1.0378457,-0.9005783,-1.2663817,-0.888168,-1.0389285,-1.0102981,0.3674184,-1.2050538,-1.0698329,-1.3379449,1.2991683,0.575364,-0.575364,0.7652489,-0.43969712,0.49014693,1.1411463,0.90765274,-1.8173504,-0.82275736,-1.0202224,0.31806237,0.7273729,-1.0077441,0.8002074,-0.58778524,-0.809017,-0.8660254,0.5,0.8660254,0.5,1.0,0.0,0.0,0.0,0.0
2024-10-17 12:00:00,3.0,0.17387334,0.41746885,0.026408521,0.55393815,-0.49743658,0.46320248,0.8609024,0.11626576,-0.76376647,-1.127859,-1.3816457,-0.21305153,-0.79860115,-0.73462415,-1.0282502,-0.170239,-0.94436854,-0.68087065,0.110694855,-0.86636025,-0.8735647,-1.1898196,-1.1811457,0.19866945,-0.19866945,0.062475424,0.2949424,0.5414775,1.3909813,0.03560197,-0.94603354,-0.8001321,-0.84392035,0.83632815,0.9776401,-0.5066188,1.0288161,-0.58778524,-0.809017,-0.8660254,0.5,0.8660254,-0.5,0.0,1.0,0.0,0.0,0.0
2024-10-18 04:00:00,3.0,-0.043508124,0.02884355,2.1459024,-0.22502013,-0.37341794,1.8512714,-0.57857436,0.015573075,-0.975303,-1.2747577,-1.5329639,-0.48380977,-0.70401025,-0.67620265,-0.8098805,0.22909522,-0.66686225,-0.7356398,0.15300433,-0.7770155,-0.8200739,-1.1616032,-1.0999614,0.06545551,-0.06545551,-0.6655084,1.7816892,0.5372345,1.5383201,-0.29752252,-0.5527787,-0.77649707,-0.74648815,1.2955611,1.2577941,-0.44338223,0.97013247,-0.58778524,-0.809017,-0.8660254,0.5,1.2246469e-16,-1.0,0.0,1.0,0.0,0.0,0.0
2024-10-18 08:00:00,3.0,0.6088554,1.2039657,-1.0679325,-0.5247033,0.704557,-1.1749307,-0.57857436,-0.6175274,-0.8065864,-1.1703016,-1.5037091,-0.19685368,-0.18626156,-0.30328134,-0.39343125,0.5949822,-0.5819721,-0.6968926,0.35167533,0.34948796,-0.2846558,-0.79847074,0.39732155,-0.81829834,0.81829834,-0.54237753,1.4816234,0.7808411,1.5215666,0.23551075,-0.16189374,-0.9115758,-0.18350932,1.7235645,0.94952947,0.81728846,0.79136014,-0.95105654,0.309017,-0.8660254,0.5,0.8660254,0.5,1.0,0.0,0.0,0.0,0.0
2024-10-18 12:00:00,3.0,-0.14132378,-0.15089045,1.1538373,0.81626517,-0.4430162,1.5725267,2.3964527,0.009799626,-1.0405495,-1.3345293,-1.6610259,-0.5055083,-0.1646842,-0.30052382,-0.1291328,0.7193135,-0.49318492,-1.0995041,0.4851625,0.35947806,-0.23301525,-0.8347829,-1.2538016,-0.7938582,0.7938582,-0.5985991,1.9678669,0.76109195,1.6642505,0.069902375,0.4297954,-0.73074377,-0.16377959,2.1232255,0.711069,0.78615725,0.5671865,-0.95105654,0.309017,-0.8660254,0.5,0.8660254,-0.5,0.0,1.0,0.0,0.0,0.0
2024-10-21 04:00:00,3.0,-0.24332549,-0.4581078,0.13307084,1.530328,-1.185846,-0.4058583,-0.61723727,0.035553087,-1.4345188,-1.6320857,-1.9245334,-1.0671753,-0.22931832,-0.36769572,0.019957585,0.1738393,-0.53123665,-0.7939856,0.7146412,0.15174697,-0.27350777,-0.87560457,-1.7497585,-0.71674514,0.71674514,-0.95852524,1.2816912,0.73121053,2.0010834,-0.89202774,0.19596969,-0.7313254,-0.18242805,-0.86364806,0.5509961,0.6850425,0.98921114,-0.95105654,0.309017,-0.8660254,0.5,1.2246469e-16,-1.0,0.0,1.0,0.0,0.0,0.0
2024-10-21 08:00:00,3.0,-0.09377918,0.2876316,2.1336238,-1.1383902,-0.35439852,-1.1546222,-0.61723727,-0.2482152,-1.4805485,-1.7000992,-2.0080705,-1.1060897,-0.1729662,-0.34998253,0.13248119,0.046209116,-0.093004264,-0.8840203,0.7701282,0.18790606,-0.21224153,-0.8712891,-1.091312,-0.6071132,0.6071132,-0.9400993,1.0125012,0.684073,2.0916069,-0.8175439,0.3882204,-0.9395275,-0.0908044,0.10984279,0.020697638,0.5359179,0.89322335,0.0,1.0,-0.8660254,0.5,0.8660254,0.5,1.0,0.0,0.0,0.0,0.0
2024-10-21 12:00:00,3.0,-1.0996084,-1.687683,-0.6893435,-0.6063742,0.7351638,0.00096954237,0.6106661,0.07572215,-1.2015114,-1.5077233,-1.845216,-0.6724633,-1.1163133,-1.0940655,-0.120552726,-0.4749258,-0.1712737,-1.0024409,0.3986818,-1.222593,-1.0233641,-1.6282483,0.27604768,0.37450692,-0.37450692,0.41049364,0.41876417,0.1885904,1.5993001,-0.49880004,-0.7202258,-0.9169385,-0.9217451,-0.9625987,-1.1007692,-0.8895427,0.5784319,0.0,1.0,-0.8660254,0.5,0.8660254,-0.5,0.0,1.0,0.0,0.0,0.0
2024-10-22 04:00:00,3.0,0.37386182,0.35054064,1.8130426,-0.9442737,1.2850304,0.1487784,-0.6130025,0.12514715,-0.84021825,-1.2591381,-1.6780455,-0.087322384,-0.67280143,-0.79799,-0.10340055,-0.59743494,0.014516926,-1.0511118,0.45465204,-0.4053375,-0.58523643,-1.3297915,0.7083423,-0.1966992,0.1966992,0.10626302,0.7308636,0.58008164,1.361297,-0.3264207,-0.2267652,-1.0006144,-0.49790195,0.13672802,-0.50961876,-0.0487273,0.3363286,0.0,1.0,-0.8660254,0.5,1.2246469e-16,-1.0,0.0,1.0,0.0,0.0,0.0
2024-10-22 08:00:00,3.0,-0.453617,-0.41603214,1.122442,0.6883842,-0.7774861,-1.1107757,-0.6130025,-0.43630832,-1.1236757,-1.4297308,-1.8038983,-0.5363769,-0.93069655,-1.0051708,-0.20447245,-0.7373234,0.008306653,-1.1044517,-0.5758198,-0.8250875,-0.78580207,-1.4526931,-1.5031552,0.10019003,-0.10019003,0.15856108,0.5471584,0.29394668,1.5292655,-0.4015573,-0.77734065,-0.24154803,-0.6915747,-0.925971,-0.920827,-0.48511356,0.4292456,0.95105654,0.309017,-0.8660254,0.5,0.8660254,0.5,1.0,0.0,0.0,0.0,0.0
2024-10-22 12:00:00,3.0,-0.5616281,-0.923781,-0.6508673,1.0074471,0.68511444,0.1311657,0.68662155,0.27818787,-0.91518474,-1.2659832,-1.6585028,-0.21505415,-1.251701,-1.2783201,-0.36807838,-0.87365824,-0.49858236,-1.294377,-0.42481115,-1.3025268,-1.034639,-1.6940192,0.4354578,0.50419086,-0.50419086,0.25789547,-0.046587173,-0.0519064,1.2501131,0.1887558,-1.3460058,-0.30652878,-0.9314288,-1.4507908,-0.18754742,-1.0575936,0.45299637,0.95105654,0.309017,-0.8660254,0.5,0.8660254,-0.5,0.0,1.0,0.0,0.0,0.0
2024-10-23 04:00:00,3.0,-0.16158682,-0.43847004,2.0804226,-0.18815766,-0.6990378,0.35738924,-0.61032003,0.27600598,-1.1884733,-1.4192477,-1.7519901,-0.5888855,-1.2248352,-1.2642841,-0.4973601,-0.9016094,-0.6132631,-1.2957909,-0.524474,-1.2147409,-0.9898454,-1.6541713,-1.1910771,0.5063843,-0.5063843,0.22816622,-0.6627621,-0.1997499,1.4625677,0.16603194,-1.0617044,-0.28395614,-0.91902864,-1.8973666,-0.72591704,-1.0516307,0.33816767,0.95105654,0.309017,-0.8660254,0.5,1.2246469e-16,-1.0,0.0,1.0,0.0,0.0,0.0
2024-10-23 08:00:00,3.0,-0.99673533,-0.9537084,1.681901,-1.1655,-0.66763216,-1.1260194,-0.61032003,-1.1723652,-1.2741225,-1.445863,-1.7287228,-0.6974246,-1.8464677,-1.7904016,-0.8188484,-0.819112,-0.91477,-1.3054695,-1.4281001,-2.188843,-1.5720958,-2.1339815,-1.3770684,1.3214053,-1.3214053,-0.028595906,-0.7282376,-1.1851945,1.3232027,-0.10582244,-1.935605,-0.36183313,-1.5504651,-2.2742202,-1.238669,-2.1686954,0.78943545,0.58778524,-0.809017,-0.8660254,0.5,0.8660254,0.5,1.0,0.0,0.0,0.0,0.0
2024-10-23 12:00:00,3.0,-0.16840875,-0.32878634,1.062682,0.8213619,0.7449045,0.06471902,0.5708762,0.17073664,-1.077444,-1.3199354,-1.6215235,-0.26542538,-1.8072954,-1.7512019,-0.95695037,-1.0966767,-1.1731629,-1.4429117,-1.5906652,-2.027805,-1.4696518,-2.0700443,0.49154225,1.3362387,-1.3362387,-1.1019379,-1.176961,-1.2888389,1.1492071,-0.38338655,-2.0259385,-0.6707927,-1.4385375,-2.586847,-0.83220845,-2.1387255,0.42430925,0.58778524,-0.809017,-0.8660254,0.5,0.8660254,-0.5,0.0,1.0,0.0,0.0,0.0
2024-10-24 04:00:00,3.0,-0.38121217,-0.59947443,1.5275353,-0.26116872,0.58584195,0.28903073,-0.6046716,0.08478238,-0.9138553,-1.2028491,-1.5192903,0.039667003,-1.9086579,-1.8402896,-1.057595,-1.0477532,-1.2307186,-1.4098198,-1.6434822,-2.079213,-1.5192131,-2.113617,0.41340855,2.1733718,-2.1733718,-1.0624478,-1.6862301,-1.741875,0.9612218,0.3891546,-1.8910842,-0.68468595,-1.5082127,-2.4302897,-1.0494013,-2.341642,0.5643851,0.58778524,-0.809017,-0.8660254,0.5,1.2246469e-16,-1.0,0.0,1.0,0.0,0.0,0.0
2024-10-24 08:00:00,3.0,-0.257172,0.9069957,-1.010257,0.26724252,0.64434505,-1.0946369,-0.6046716,-2.1122463,-0.6293797,-1.0087817,-1.3647354,0.5850897,-1.9499717,-1.8654915,-1.0687879,-0.9131315,-1.2368447,-1.419708,-2.5467758,-2.0393133,-1.480449,-2.0749094,0.45932075,1.4186227,-1.4186227,-1.0163449,-1.5905396,-1.8447616,0.68993044,0.5772433,-2.4245784,-1.0397335,-1.5019312,-2.2773836,-0.31249085,-2.1901743,0.46810552,-0.58778524,-0.809017,-0.8660254,0.5,0.8660254,0.5,1.0,0.0,0.0,0.0,0.0
2024-10-24 12:00:00,0.0,0.12111207,0.36099973,0.14869891,0.4705681,-1.2996641,0.010320587,0.4388854,0.30531034,-1.1553634,-1.2935048,-1.5466179,-0.43190706,-1.7282854,-1.7008955,-1.0977733,-0.811776,-1.1997552,-1.0177633,-2.7040951,-1.7161896,-1.3642366,-1.9360081,-1.5296974,1.2418133,-1.2418133,-0.4810278,-1.2511216,-1.9172374,1.1129436,0.24178666,-1.6978264,-1.0373993,-1.4201926,0.35919708,-0.0051438985,-1.9226725,0.018936777,-0.58778524,-0.809017,-0.8660254,0.5,0.8660254,-0.5,0.0,1.0,0.0,0.0,0.0
2024-10-25 04:00:00,0.0,-1.3759105,-1.7075442,-1.1736387,-0.52857417,1.5142936,0.89853096,-0.59971076,0.33799383,-0.65196306,-0.9761705,-1.2928444,0.5273911,-2.4411187,-2.3493576,-1.2701666,-0.982051,-1.2859861,-1.1121359,-3.0,-2.610421,-2.088236,-2.4047325,1.0384667,2.1030903,-2.1030903,0.2958826,-1.8921261,-2.8681867,0.4326626,1.1210529,-2.3203077,-1.4161081,-2.0554116,-0.4967157,-0.8714599,-2.9300327,-0.49433982,-0.58778524,-0.809017,-0.8660254,0.5,1.2246469e-16,-1.0,0.0,1.0,0.0,0.0,0.0
2024-10-25 08:00:00,3.0,-0.2146906,0.023418346,-0.23473868,1.6932489,-0.4365511,-1.1163497,-0.59971076,-0.43837672,-0.8258298,-1.0485866,-1.3226421,0.15850528,-2.4528716,-2.3638558,-1.4739585,-1.0479009,-1.5833179,-1.1507074,-3.0,-2.3686883,-2.16934,-2.399293,-0.7704129,1.7453433,-1.7453433,0.21803875,-1.7964981,-2.920783,0.48677915,0.5262064,-2.556767,-1.4805644,-2.2304072,-0.9143907,-0.8256256,-2.4132252,-0.5589952,-0.95105654,0.309017,-0.8660254,0.5,0.8660254,0.5,1.0,0.0,0.0,0.0,0.0
2024-10-25 12:00:00,3.0,0.2671149,0.10763584,1.9058608,-0.49217236,0.32703683,1.3720759,2.1304975,0.4195308,-0.76503485,-1.0041965,-1.2882663,0.29048064,-2.1956193,-2.1920354,-1.4305842,-0.8227703,-1.3832765,-1.0159826,-3.0,-1.9716066,-1.9827958,-2.1983566,0.24388885,1.549781,-1.549781,0.5493969,-1.0165823,-2.5147069,0.49407038,0.38442662,-1.9009266,-1.4769735,-1.9752574,0.4974636,-0.71614665,-2.1309264,-0.5269327,-0.95105654,0.309017,-0.8660254,0.5,0.8660254,-0.5,0.0,1.0,0.0,0.0,0.0
2024-10-28 08:00:00,3.0,0.24680965,0.14865711,2.2948284,-1.0417048,0.24416669,0.31706443,-0.6454518,0.35327202,-0.7981697,-1.0142419,-1.287853,0.24839388,-1.969502,-2.0434134,-1.2609737,-0.579176,-1.1725212,-1.2758768,-2.8553956,-1.609974,-1.773739,-2.0420792,0.033277858,1.3721902,-1.3721902,1.2578641,-0.5484939,-2.2287319,0.55997276,-0.101927176,-1.5306369,-1.7225405,-1.7472647,0.94192255,0.81385267,-1.8855224,-0.76134944,-0.95105654,0.309017,-0.8660254,0.5,1.2246469e-16,-1.0,0.0,1.0,0.0,0.0,0.0
2024-10-28 12:00:00,1.0,-0.5487024,-1.6565928,-0.77440566,-0.8814339,2.2551215,-0.29203522,-0.6454518,2.5458267,-0.17514746,-0.62993944,-1.0224788,1.3749075,-2.2758172,-2.3198698,-1.0932387,-1.0153614,-1.4321194,-1.4987279,-2.7090812,-1.7068986,-1.9339534,-2.1176302,1.4650463,1.6654634,-1.6654634,1.1183343,-0.93994975,-2.264102,0.0137300175,1.5518979,-1.4871113,-1.6296501,-1.9209818,-0.481549,0.48193672,-2.1883147,-1.5282048,0.0,1.0,-0.8660254,0.5,0.8660254,-0.5,0.0,1.0,0.0,0.0,0.0
2024-10-28 16:00:00,0.0,1.5549371,1.260186,-0.37790453,-0.95981693,2.4666705,0.75214297,-0.62009853,-0.070421375,0.50516367,-0.20770368,-0.77600026,2.419156,-0.84503335,-1.3591074,-0.23551665,0.7825849,-0.37101737,-1.0887467,-1.9533011,-0.69650364,-0.74817,-1.4303637,1.6215032,0.41545713,-0.41545713,1.0775201,-0.24448904,-0.88599145,-0.10604188,1.823789,-1.0385473,-1.5031794,-0.65204126,0.44128835,2.0698633,-1.0550951,-0.81375974,0.0,1.0,-0.8660254,0.5,1.2246469e-16,-1.0,0.0,1.0,0.0,0.0,0.0
2024-10-29 08:00:00,0.0,-0.07554845,-0.80121326,-0.117386125,0.5104897,-1.8574392,-1.0446062,-0.62009853,0.26964945,-0.6103618,-0.77410275,-1.0920148,0.40540668,-0.8710891,-1.3682512,0.23827577,0.8650583,-0.34192917,-1.333358,-1.9718331,-0.6474602,-0.7414302,-1.4679648,-1.5293484,0.37996846,-0.37996846,1.2404428,-0.3362606,-1.1991112,0.4694473,0.77843165,-0.70987636,-1.8223096,-0.7404128,-0.50521123,1.633665,-1.0705129,-1.4088949,0.0,1.0,-0.8660254,0.5,-0.8660254,-0.5,0.0,0.0,1.0,0.0,0.0
2024-10-29 12:00:00,0.0,0.42495054,-0.33587426,0.75336,0.72575366,0.62434256,0.34910682,-0.62009853,1.5373923,-0.4497817,-0.67897403,-1.0295542,0.67816514,-0.49113685,-1.094601,0.9671019,0.9559834,0.04070722,-1.209629,-1.8547126,-0.29065022,-0.29729977,-1.2610329,0.6782867,0.0019939295,-0.0019939295,1.1385236,0.2587065,-0.821014,0.45513874,0.8872991,-0.35666382,-1.5233816,-0.10988264,0.4677997,2.4405015,-0.7442728,-1.4899791,0.95105654,0.309017,-0.8660254,0.5,0.8660254,-0.5,0.0,1.0,0.0,0.0,0.0
2024-10-29 16:00:00,0.0,-0.24655847,-0.35925552,-0.2871364,1.6023377,0.027329462,0.5103733,-0.59720665,0.00072250643,-0.51676553,-0.69373685,-1.0156585,0.50581205,-0.67626965,-1.2366524,1.3772486,0.659653,0.055913888,-1.2715796,-1.8811879,-0.36537042,-0.35695395,-1.3269676,0.07916226,-0.22999875,0.22999875,1.2995418,-0.25903296,-0.9958759,0.42853275,0.8331618,-0.56123555,-1.4954087,-0.1632818,-0.47540876,0.29989445,-0.89015853,-1.5237589,0.95105654,0.309017,-0.8660254,0.5,1.2246469e-16,-1.0,0.0,1.0,0.0,0.0,0.0
2024-10-30 08:00:00,0.0,-0.19592723,-0.80133414,0.25796252,0.10287187,-1.4724575,-0.9798285,-0.59720665,0.23499689,-1.2064426,-1.0964959,-1.2439299,-0.73578984,-0.79047805,-1.2995371,1.5559835,0.8918981,-0.10358532,-1.3530377,-1.5113863,-0.38968536,-0.37249282,-1.377427,-1.4646443,-0.1294563,0.1294563,0.8484947,-0.36778775,-1.3256296,0.8992411,-0.8048566,-0.4434052,-1.5278062,-0.29568532,-0.9533317,0.17533197,-0.97313225,-1.6311011,0.95105654,0.309017,-0.8660254,0.5,-0.8660254,-0.5,0.0,0.0,1.0,0.0,0.0
2024-10-30 12:00:00,0.0,-1.6147847,0.2029995,1.5595692,-0.42341202,0.34492522,0.30832535,-0.59720665,-3.0,-0.23376206,-0.53099257,-0.8743474,0.9315793,-1.8627945,-2.1696491,0.9315122,-1.0036544,-0.18696846,-1.5079441,-1.8311076,-1.4449495,-1.4241297,-1.8672231,0.4700673,1.4301072,-1.4301072,0.60255384,-0.8854441,-2.064253,-0.12547974,-0.7312732,-1.537603,-1.3950102,-1.3249098,-1.3891442,-1.6742239,-1.9719806,-1.3664877,0.58778524,-0.809017,-0.8660254,0.5,0.8660254,-0.5,0.0,1.0,0.0,0.0,0.0
2024-10-30 16:00:00,0.0,0.2639834,0.15075162,1.3560948,-0.22155848,0.47849065,1.5080538,-0.5717695,0.40763882,-0.21192616,-0.5008516,-0.8537436,0.93019557,-1.5346422,-1.8940438,0.71213377,-0.81504834,0.052642938,-1.6287544,-1.4674027,-1.1409885,-1.0232806,-1.6600955,0.5568749,1.0958974,-1.0958974,0.9183415,0.2020694,-1.810384,-0.11014107,0.4560475,-1.2416197,-1.3609731,-0.83124,0.5215226,-1.1453698,-1.6043799,-0.8297608,0.58778524,-0.809017,-0.8660254,0.5,1.2246469e-16,-1.0,0.0,1.0,0.0,0.0,0.0
2024-10-31 08:00:00,1.0,-0.13085361,-0.7681943,1.0906214,-0.74997044,-1.5406815,-1.001427,-0.5717695,0.25254703,-1.1228367,-1.0203738,-1.1415166,-0.6108398,-1.5580814,-1.8814067,0.49511963,-1.1371689,-0.14751539,-1.5126929,-1.6860509,-1.1502227,-1.0531877,-1.739909,-1.4558549,1.2054249,-1.2054249,0.49400955,0.088981114,-2.1341321,0.44903195,-0.70100975,-1.2166595,-1.4147192,-0.9893265,-0.42557597,-1.0509108,-1.6181934,-0.8908902,0.58778524,-0.809017,-0.8660254,0.5,-0.8660254,-0.5,0.0,0.0,1.0,0.0,0.0
2024-10-31 12:00:00,1.0,-0.56671387,1.2264621,-0.27773157,-0.94247425,2.5217032,1.2921202,-0.5717695,-3.0,0.4787568,-0.09710601,-0.6085594,1.8364861,-1.7916933,-2.0459778,0.35808015,-1.312762,-0.5561743,-1.4901828,-1.4632884,-1.4397074,-1.1089287,-1.6821268,1.9670806,0.55524486,-0.55524486,0.49443427,-0.9753911,-1.857769,-0.6726508,0.9698672,-1.9303683,-1.2645484,-0.9854834,-0.89450455,-0.052408483,-0.9268245,-0.83424187,-0.58778524,-0.809017,-0.8660254,0.5,0.8660254,-0.5,0.0,1.0,0.0,0.0,0.0
2024-10-31 16:00:00,0.0,-0.79087335,-0.9048587,0.8269982,-0.7469813,0.9599504,2.1599705,-0.55415446,0.22541675,0.8718178,0.23709242,-0.3822163,2.0765243,-2.076222,-2.2764678,0.012319127,-1.59544,-0.6434335,-1.7248797,-1.7190976,-1.8236598,-1.372395,-1.7929001,1.3603544,1.0402741,-1.0402741,0.42000768,-2.2606132,-2.0304348,-1.1287526,2.335445,-1.5456393,-1.2068577,-1.1344829,-1.324681,-0.910801,-1.1964097,-0.1620091,-0.58778524,-0.809017,-0.8660254,0.5,1.2246469e-16,-1.0,0.0,1.0,0.0,0.0,0.0
2024-11-01 08:00:00,1.0,0.27406982,0.9196769,-0.8368721,0.29736078,-1.1759906,-1.0698948,-0.55415446,0.27892268,-0.28966027,-0.38908145,-0.7152314,0.43654987,-1.7597177,-2.0190234,-0.17392734,-0.50562084,-1.3233424,-1.2463433,-1.543428,-1.390663,-1.1885474,-1.7351443,-1.322863,0.8963834,-0.8963834,-0.8043414,-1.8984703,-2.1264405,-0.5521018,0.21202694,-1.5980368,-1.2706444,-1.0401047,0.5511843,-0.47356424,-0.9987446,-0.3814614,-0.58778524,-0.809017,-0.8660254,0.5,-0.8660254,-0.5,0.0,0.0,1.0,0.0,0.0
2024-11-01 12:00:00,1.0,1.6042552,0.8195681,0.04201791,-0.37910244,-0.011032483,0.5081255,-0.55415446,1.8184874,0.25781885,-0.07779356,-0.57039315,1.1942029,-0.47589502,-1.1250762,0.6006981,0.218694,-0.5125828,-0.65389615,-1.2913646,-0.08601024,-0.012747386,-1.1207259,0.10401544,-0.07307509,0.07307509,0.83089155,-1.117603,-1.1277149,-0.4852734,0.69808966,-0.27217966,-1.4406313,0.14971724,1.0094408,1.7001407,-0.009008562,-1.0324212,-0.95105654,0.309017,-0.5,0.8660254,0.8660254,-0.5,0.0,1.0,0.0,0.0,0.0
2024-11-01 16:00:00,0.0,1.0138581,0.904172,-0.66151315,0.15530336,0.88534904,1.4460776,-0.5291403,0.28764346,0.59455895,0.16834627,-0.4322899,1.5616338,0.17640148,-0.6100069,1.4881723,0.8422867,-0.24647318,-0.15100619,-1.2228739,0.7810251,0.6465727,-0.74261403,1.2705026,-0.69607157,0.69607157,0.9540768,0.013268402,-0.53845495,-0.4849529,2.1580687,0.43330818,-1.103518,0.7958209,1.4568146,2.8565536,0.7336228,-0.27633494,-0.95105654,0.309017,-0.5,0.8660254,1.2246469e-16,-1.0,0.0,1.0,0.0,0.0,0.0
2024-11-04 08:00:00,0.0,-0.22480369,-1.0660561,0.7194894,-1.0188522,-1.0064745,-1.1682518,-0.5291403,0.26244697,-0.47848666,-0.45158115,-0.7487738,0.089829035,0.042373445,-0.7034114,1.9591094,1.055004,-0.22290792,-0.1267628,-1.4238808,0.6213155,0.55741936,-0.8121854,-1.185197,-0.5573111,0.5573111,0.70214444,-0.30174324,-0.82643366,0.076364025,-0.40754217,0.76251024,-1.1711487,0.6827235,-0.37848032,2.2563763,0.57944983,-0.264446,-0.95105654,0.309017,-0.5,0.8660254,-0.8660254,-0.5,0.0,0.0,1.0,0.0,0.0
2024-11-04 12:00:00,0.0,0.7837699,-0.15405627,0.7586502,0.94149834,-0.5377395,-0.63307464,-0.5291403,1.440595,-0.651865,-0.606411,-0.84834313,-0.110771134,0.5261532,-0.3132194,2.4516737,1.8776634,0.2519192,0.11031321,-1.2699666,1.2609017,1.0995814,-0.5187279,-0.6944125,-1.0301086,1.0301086,-0.3605729,0.083385915,-0.4532937,0.45038143,-0.95235187,1.2974514,-0.9122625,1.2367122,0.5511843,1.2230943,1.0567387,-0.2618973,0.0,1.0,-0.5,0.8660254,0.8660254,-0.5,0.0,1.0,0.0,0.0,0.0
2024-11-04 16:00:00,0.0,-0.008763779,-0.28457335,-0.41745707,1.7909456,-0.039707262,0.5291176,-0.5067285,0.36112335,-0.74265575,-0.6963586,-0.8941087,-0.23407444,0.5354756,-0.2972407,2.6092699,1.7087578,1.0890827,0.6935707,-1.2105867,1.1197677,1.0374627,-0.49419916,0.031196268,-1.0097986,1.0097986,0.10784468,-0.9089613,-0.47746003,0.5602869,-0.25645265,1.0151299,-0.45250362,1.1501651,-0.40363103,0.41521326,1.0259897,0.11112381,0.0,1.0,-0.5,0.8660254,1.2246469e-16,-1.0,0.0,1.0,0.0,0.0,0.0
2024-11-05 08:00:00,3.0,-0.25211337,-1.7277337,-1.126923,-0.7481559,-1.1223295,-1.3784037,-0.5067285,0.28631878,-1.5800011,-1.286536,-1.2265248,-1.5002544,0.35160482,-0.4254175,2.6244485,0.7272558,0.8669934,0.69392776,-1.3317814,0.83488715,0.8704821,-0.57775956,-1.3129722,-1.0879438,1.0879438,-0.5674873,-1.1978786,-0.8223038,1.2840078,-1.6062466,0.9239326,-0.40615717,1.0346929,-0.8515807,0.3541028,0.8536319,0.22041987,0.0,1.0,-0.5,0.8660254,-0.8660254,-0.5,0.0,0.0,1.0,0.0,0.0
2024-11-05 12:00:00,0.0,0.80291986,0.43791717,-0.69901145,1.2279323,0.8647028,0.2946442,-0.5067285,0.60551524,-0.8157033,-0.89149165,-1.0436394,-0.18643919,0.8209846,-0.035067637,2.5363884,0.54238576,1.2642545,0.8476911,-0.73103154,1.2337068,1.2468232,-0.24396887,1.242794,-1.3591055,1.3591055,-0.95183504,-0.3160131,-0.26278332,0.9460097,-1.3240625,0.95473546,0.42928705,1.376619,0.5511843,0.32941398,1.2785909,0.14768806,0.95105654,0.309017,-0.5,0.8660254,0.8660254,-0.5,0.0,1.0,0.0,0.0,0.0
2024-11-05 16:00:00,3.0,1.3607333,1.652807,-0.6856836,-1.3205308,0.19707367,1.4379947,-0.48087937,0.16242515,-0.7656933,-0.9168513,-1.0990176,0.03413173,1.4338973,0.5344514,2.7390273,1.256923,2.0590637,1.1522737,-0.8567567,1.7037954,1.8908763,0.23425016,0.5529911,-1.3815781,1.3815781,-0.7054383,0.96279716,0.3848014,1.2811359,-0.45287046,1.6315018,0.68423855,1.9355868,1.0094408,1.0714821,1.4009707,1.0558912,0.95105654,0.309017,-0.5,0.8660254,1.2246469e-16,-1.0,0.0,1.0,0.0,0.0,0.0
2024-11-06 08:00:00,4.0,0.048317257,0.12951623,1.9537482,-0.77024007,-0.98122174,-1.1838272,-0.48087937,0.24443091,-1.7775506,-1.6066993,-1.4961696,-1.2710061,1.4344021,0.5754232,2.887913,0.8552179,2.341172,1.377663,-0.70531636,1.4623996,1.9039645,0.3492719,-1.1682894,-1.2884451,1.2884451,-0.6456226,0.9771879,0.31700242,2.243323,-1.1086642,1.6486661,1.4074935,2.020473,1.424077,1.3406187,1.3061388,1.8994905,0.95105654,0.309017,-0.5,0.8660254,-0.8660254,-0.5,0.0,0.0,1.0,0.0,0.0
2024-11-06 12:00:00,1.0,3.0,1.1814843,0.1097717,-1.149055,2.9249156,2.4468594,-0.48087937,2.446619,3.0,1.6464764,0.15527287,3.0,2.6826746,2.1402178,2.7838614,2.8187404,3.0,2.1364474,-0.21612734,2.415986,2.9612393,1.3482698,1.8945391,-0.9987621,0.9987621,2.4046814,1.9776182,0.91117716,-0.25178054,3.0,2.805867,1.0160947,2.8068986,1.8132107,2.4035165,1.0113424,1.0745381,0.58778524,-0.809017,-0.5,0.8660254,0.8660254,-0.5,0.0,1.0,0.0,0.0,0.0
2024-11-06 16:00:00,1.0,-3.0,-1.6159141,-0.940561,-0.59302104,2.3327208,2.6545665,-0.45703515,-0.0601664,3.0,3.0,1.83243,3.0,0.7093399,0.33311877,1.9968029,1.16526,1.4828556,0.9133006,-0.76410925,0.92615736,0.98387086,0.21353203,1.8057251,-0.0028967746,0.0028967746,3.0,-0.024002988,-0.17129496,-2.495384,3.0,1.4783744,1.1264437,0.77594554,-0.41447833,-0.7593117,-0.0036570549,-3.0,0.58778524,-0.809017,-0.5,0.8660254,1.2246469e-16,-1.0,0.0,1.0,0.0,0.0,0.0
2024-11-07 08:00:00,1.0,-0.21161655,-0.5241682,0.35345817,0.32701278,-0.36021027,-0.72022414,-0.45703515,0.11685525,2.9575305,2.8186173,1.5266199,2.6990025,0.6256677,0.25688297,1.7440078,0.7430479,0.98614335,0.67320687,-1.0159745,0.8065237,0.9446246,0.22749801,-0.29346234,0.19950023,-0.19950023,3.0,-0.30820277,-0.3680024,-2.0147836,3.0,0.87057525,1.1904103,0.7398152,-0.8380817,-0.9011656,-0.045836657,-3.0,0.58778524,-0.809017,-0.5,0.8660254,-0.8660254,-0.5,0.0,0.0,1.0,0.0,0.0
2024-11-07 12:00:00,4.0,1.7088681,0.9165981,-1.0238371,0.59800327,1.1864227,1.06464,-0.45703515,0.6099972,3.0,3.0,2.1849682,2.7866468,1.1946055,0.92076737,1.619359,1.0816438,1.7543498,1.3777711,-0.56516314,1.2777323,1.4742411,0.67258644,1.6757382,-0.39049584,0.39049584,2.8935647,0.8545109,0.43472573,-2.1020632,3.0,1.0250558,1.0683794,1.2477007,0.51753724,-1.7981149,0.50136995,-2.607751,-0.58778524,-0.809017,-0.5,0.8660254,0.8660254,-0.5,0.0,1.0,0.0,0.0,0.0
2024-11-07 16:00:00,4.0,1.4639384,0.8244835,-1.3192998,1.0718418,1.4746532,2.069848,-0.43164945,-0.052847568,3.0,3.0,3.0,2.998098,1.5920811,1.437508,1.6071273,1.8283328,1.9903646,1.9507209,-0.3985846,1.5045395,1.7304187,0.9559493,1.6078385,-0.8577049,0.8577049,2.6240482,1.9655871,1.0779927,-2.3627703,3.0,1.1903098,0.92882746,1.4307005,0.96107286,1.0788933,0.98679876,-2.1625395,-0.58778524,-0.809017,-0.5,0.8660254,1.2246469e-16,-1.0,0.0,1.0,0.0,0.0,0.0
2024-11-08 08:00:00,1.0,-0.71645933,-1.6138681,-1.0427037,-0.55086875,-0.51213014,-0.94419867,-0.43164945,0.10540572,2.348929,2.930969,2.599875,1.7019926,1.2348949,1.0922656,1.592514,-0.58718777,1.6617546,2.1996257,-0.3774566,1.1182306,1.4577401,0.8693339,-0.32238206,-0.5719626,0.5719626,1.4489659,1.3446572,0.7927995,-1.9682417,0.951962,1.1838787,0.9962385,1.2016765,-0.40107766,0.77064806,0.7689771,-2.1491096,-0.58778524,-0.809017,-0.5,0.8660254,-0.8660254,-0.5,0.0,0.0,1.0,0.0,0.0
2024-11-08 12:00:00,1.0,-2.4848652,-1.5117335,-1.2026199,-0.28621444,1.5460869,0.9640937,-0.43164945,1.130852,3.0,3.0,3.0,2.4065034,0.14631353,-0.0824663,0.9209126,-0.20869598,0.71735394,1.2110367,-0.8694858,0.29890332,0.32580945,0.117746346,1.669137,0.6705567,-0.6705567,0.57400954,0.28730094,0.09266827,-2.993134,0.6435589,0.5039719,1.2313964,0.07230111,-0.82931596,-1.2286599,-0.036227077,-2.1114342,-0.95105654,0.309017,-0.5,0.8660254,0.8660254,-0.5,0.0,1.0,0.0,0.0,0.0
2024-11-08 16:00:00,1.0,-0.48518965,-0.5670979,-0.44291627,0.947984,-0.16114031,0.36234772,-0.4064605,0.014407319,2.5725546,3.0,3.0,1.620262,-0.026676409,-0.27701747,0.5068729,-0.3724644,0.26374567,1.0744357,-0.9168488,0.10923421,0.11607523,0.02069953,0.88240147,0.8701949,-0.8701949,0.5612945,-0.4639678,-0.120928496,-2.686279,0.8175004,0.08752334,1.29131,-0.10317019,-1.2422554,-1.8738405,-0.17950007,-2.1270702,-0.95105654,0.309017,-0.5,0.8660254,1.2246469e-16,-1.0,0.0,1.0,0.0,0.0,0.0
2024-11-11 08:00:00,1.0,-0.28508347,-0.9850965,-1.1656868,0.7193014,-0.783666,-0.93232566,-0.4064605,0.04109195,1.392429,2.2377257,2.6151075,0.54012644,-0.12672292,-0.38847172,0.15251526,-1.4175408,-0.2792516,1.1744123,-1.0097592,-0.028294712,-0.040576827,-0.014642164,-0.87266237,0.9806702,-0.9806702,-0.01957231,-0.67324567,-0.4186361,-2.1466992,-0.10715119,-0.043432895,1.4093598,-0.29957175,-1.6178184,-1.5600363,-0.45762372,-2.1505158,-0.95105654,0.309017,-0.5,0.8660254,-0.8660254,-0.5,0.0,0.0,1.0,0.0,0.0
2024-11-11 12:00:00,1.0,2.3941157,1.737528,-0.8999082,-1.089432,-0.14213704,-0.41572642,-0.4064605,2.1802087,1.659627,2.2840695,2.5967267,0.8459161,0.78255755,0.63488626,0.3071193,-0.7861899,0.7817375,2.29923,-0.60888195,0.81968284,0.8517021,0.7711057,0.75839907,-0.24703172,0.24703172,0.5417115,-0.33308703,0.6961911,-1.7995968,-0.40540245,0.67209375,1.035377,0.5963706,0.57911366,0.7041457,0.5275995,-2.7756066,0.0,1.0,-0.5,0.8660254,0.8660254,-0.5,0.0,1.0,0.0,0.0,0.0
2024-11-11 16:00:00,1.0,-0.44565988,-0.7704667,0.83580774,-0.7459858,-0.39755023,0.09708815,-0.38132316,0.08435957,1.0938889,1.8259082,2.2476294,0.26673636,0.59540546,0.43967834,0.31121367,-0.66585034,-0.9563858,1.9940383,-0.5333054,0.5969814,0.5890761,0.7027923,0.20198466,-0.047146402,0.047146402,0.48362735,-1.0972594,0.46024677,-1.5453492,-0.30250195,0.7072537,0.95051813,0.3871917,-0.30055264,0.68870413,0.2136778,-2.6504729,0.0,1.0,-0.5,0.8660254,1.2246469e-16,-1.0,0.0,1.0,0.0,0.0,0.0
2024-11-12 08:00:00,1.0,-0.14613962,-1.415177,-0.13562402,-1.264642,-0.98335326,-1.3358139,-0.38132316,0.084874414,0.10922207,1.0370435,1.5942613,-0.7519543,0.54361326,0.39421853,0.26916254,0.6247761,0.32553086,1.4239883,-0.6574469,0.48715964,0.5088079,0.80611783,-1.3212081,0.38995197,-0.38995197,-0.43368956,-1.1259998,0.22815706,-0.9078602,-1.3140833,0.49692136,1.0990528,0.30043086,-0.7172779,0.7352773,0.13159002,-2.2348025,0.0,1.0,-0.5,0.8660254,-0.8660254,-0.5,0.0,0.0,1.0,0.0,0.0
2024-11-12 12:00:00,4.0,-2.3112712,-0.82619,0.94132155,-1.0165223,-0.16758059,-0.28161782,1.7158841,-3.0,0.8411829,1.4986728,2.032038,-0.029480562,-0.43846855,-0.74344456,-0.23760608,-0.5085084,-0.67373806,0.21001211,-1.0399789,-0.6849239,-0.6779226,-0.14246294,0.69151646,1.8293711,-1.8293711,0.288206,-1.5428466,-0.8001578,-1.6894217,-0.92569536,-0.50994956,0.9712792,-0.9291847,-1.12991,-1.3205924,-1.3204933,-1.8823594,0.95105654,0.309017,-0.5,0.8660254,0.8660254,-0.5,0.0,1.0,0.0,0.0,0.0
2024-11-12 16:00:00,4.0,-2.0386996,-1.7500952,-1.084341,-1.0671985,0.44298935,0.7780901,-0.37947443,0.07348079,1.3368837,1.8309395,2.3389587,0.38128293,-1.1080357,-1.602738,-0.8870894,-1.5967478,-2.2461534,-0.5413337,-1.4383776,-1.5723227,-1.5603428,-0.9321175,1.2735631,1.7613661,-1.7613661,0.52559686,-2.2055218,-1.6401982,-2.2071126,-0.3152736,-1.3545947,0.15503582,-1.6944149,-1.5030283,-1.7864742,-1.9218059,-1.4696041,0.95105654,0.309017,-0.5,0.8660254,1.2246469e-16,-1.0,0.0,1.0,0.0,0.0,0.0
2024-11-13 08:00:00,1.0,-0.71291196,-1.1144159,-1.2916434,0.5770914,-0.3194439,-1.328609,-0.37947443,0.096403636,1.0055304,1.5783578,2.135017,0.018201202,-1.2854849,-1.8137378,-1.4344926,-3.0,-2.9076056,-1.0641195,-1.299499,-1.5993571,-1.8412135,-1.2064543,0.5125725,1.5203587,-1.5203587,-1.1336694,-1.8828129,-2.0445645,-2.100093,-0.65862775,-1.7417833,-0.6013218,-2.049343,-1.8460095,-1.8851635,-1.6705877,-1.2588209,0.95105654,0.309017,-0.5,0.8660254,-0.8660254,-0.5,0.0,0.0,1.0,0.0,0.0
2024-11-13 12:00:00,1.0,0.08111063,-0.052945223,2.533525,-1.2343227,-0.29829115,0.5892619,3.0,0.31509656,0.7977558,1.377174,1.9446131,-0.18036692,-1.2328013,-1.7153989,-1.6926932,-2.6713665,-2.475494,-1.0205083,-1.0989554,-1.3655114,-1.7488507,-1.1475488,0.58855814,1.4670092,-1.4670092,-0.94857985,-1.0718149,-2.016188,-1.9073207,-0.5188524,-1.3921447,-0.8908927,-1.8850193,0.6221143,-0.84987307,-1.5962026,-1.2196867,0.58778524,-0.809017,-0.5,0.8660254,0.8660254,-0.5,0.0,1.0,0.0,0.0,0.0
2024-11-13 16:00:00,1.0,0.18560103,0.17556742,-0.9931037,2.6921842,-0.48935232,0.95887095,-0.38116446,0.23856886,0.49823302,1.1083596,1.6998096,-0.47230035,-1.1306208,-1.577266,-1.7761389,-2.3975823,-1.4883108,-0.86661714,-1.0449405,-1.1678363,-1.6468631,-1.0570364,0.13339196,1.2393643,-1.2393643,-0.8492132,-0.1561843,-1.9975966,-1.6620063,-0.14742719,-1.4358323,-0.8948279,-1.6714946,1.0240159,-0.06872851,-1.3613639,-1.2125583,0.58778524,-0.809017,-0.5,0.8660254,1.2246469e-16,-1.0,0.0,1.0,0.0,0.0,0.0
2024-11-14 08:00:00,1.0,0.478155,1.4459116,-0.30357394,-1.00298,-0.8969727,-0.9245726,-0.38116446,0.1646051,-0.11892933,0.60447973,1.2702622,-1.0988556,-0.88494706,-1.3123444,-1.7607776,-1.0225562,-1.1199257,-0.8908531,-0.86904395,-0.9253209,-1.4828675,-0.8823026,-0.90498906,1.0530266,-1.0530266,-1.0990123,0.014643373,-2.0194824,-1.1938381,-0.7984993,-1.0516311,-0.9445637,-1.5489453,1.3859054,0.3937147,-1.1675562,-1.1484333,0.58778524,-0.809017,-0.5,0.8660254,-0.8660254,-0.5,0.0,0.0,1.0,0.0,0.0
2024-11-14 12:00:00,1.0,3.0,0.77243674,1.2037512,-1.0758785,2.5402355,3.0,-0.38116446,3.0,3.0,3.0,3.0,3.0,1.318534,1.1741396,0.011248547,3.0,1.4945055,1.2604651,0.30991143,1.1256574,1.0293107,1.2635281,1.5449746,-0.5897178,0.5897178,1.1095047,2.2013614,0.8212265,-2.129283,2.0574439,1.251464,0.021263124,0.84806037,1.7298986,2.608126,0.5837135,-1.5685823,-0.58778524,-0.809017,-0.5,0.8660254,0.8660254,-0.5,0.0,1.0,0.0,0.0,0.0
2024-11-14 16:00:00,1.0,-0.4031891,-0.23182754,1.9015905,-0.9746132,0.75604486,0.6318287,-0.35322315,-0.00037752758,3.0,3.0,3.0,2.7918625,1.1171206,0.970098,0.48142734,2.871194,0.4276184,1.0415874,0.15646881,0.8807633,0.80217946,1.0665208,1.3417653,-0.4497997,0.4497997,1.0112734,1.0223678,0.75193083,-2.171654,2.4437215,1.1060873,0.029694548,0.6202169,-0.23275545,2.2276833,0.44461572,-1.4470865,-0.58778524,-0.809017,-0.5,0.8660254,1.2246469e-16,-1.0,0.0,1.0,0.0,0.0,0.0
2024-11-15 08:00:00,1.0,-0.8219683,-1.5831927,-0.85707545,-0.93534094,-0.47726774,-0.71445185,-0.35322315,-0.0496936,2.6273458,2.8521008,2.9699042,1.6456095,0.72714937,0.54851305,0.66352725,2.2723005,0.1719746,-0.58901155,-0.07609538,0.5880082,0.56437653,0.842859,0.31325442,-0.14988683,0.14988683,1.4424312,0.8404872,0.36343268,-1.9850024,2.0006874,0.5957838,0.03847129,0.37568048,-0.6064063,1.5780131,0.14260903,-1.2307382,-0.58778524,-0.809017,-0.5,0.8660254,-0.8660254,-0.5,0.0,0.0,1.0,0.0,0.0
2024-11-15 12:00:00,1.0,0.40703356,0.39747778,0.45166013,0.7169226,0.06653091,0.07438136,-0.35322315,0.30127692,2.1120572,2.4901392,2.6928363,1.1282853,0.8826914,0.75067914,0.812856,2.3162036,0.42904636,0.6822996,-0.11074187,0.727969,0.71283513,1.0133839,1.0080696,-0.33794355,0.33794355,1.5788918,1.1770136,0.5303788,-1.7784986,1.9972464,0.59916604,0.043579586,0.5171643,0.6429921,-0.42223293,0.33183908,0.2054186,-0.95105654,0.309017,-0.5,0.8660254,0.8660254,-0.5,0.0,1.0,0.0,0.0,0.0
2024-11-15 16:00:00,1.0,-0.06558764,0.06388781,0.60180384,0.9943305,-0.045049958,0.13148126,-0.33442354,-0.06397188,1.7238466,2.2023616,2.477063,0.7056261,0.86345553,0.7433097,0.86749697,2.0331855,1.2457192,0.71281147,-0.09910081,0.6748208,0.6806117,1.0122566,0.9261467,-0.3440383,0.3440383,1.5748891,0.5870722,0.50400853,-1.6447507,2.2409675,0.56925696,0.05250901,0.48616865,-0.15228617,-0.25530705,0.33785245,0.21412438,-0.95105654,0.309017,-0.5,0.8660254,1.2246469e-16,-1.0,0.0,1.0,0.0,0.0,0.0
2024-11-18 08:00:00,1.0,-0.1129585,-0.4805894,0.14779577,0.32302472,-0.9185977,-0.7956039,-0.33442354,-0.064251356,0.8445175,1.5581518,1.9934909,-0.24366236,0.8161111,0.70686764,0.9117436,-0.49924543,1.9093432,0.11812256,-0.07565495,0.63225585,0.70332277,1.0732589,-1.1625946,-0.33042637,0.33042637,-2.1109254,0.47314543,0.28653795,-1.2984848,-0.98884,0.52295136,0.060989615,0.49486825,-0.5785774,0.08183777,0.3240172,0.0073238364,-0.95105654,0.309017,-0.5,0.8660254,-0.8660254,-0.5,0.0,0.0,1.0,0.0,0.0
2024-11-18 12:00:00,1.0,-0.9345366,-1.2443643,-0.55440146,-0.67161787,0.2177557,-0.288277,-0.33442354,0.40312052,0.9560456,1.5822129,2.0143824,-0.15333478,0.3275595,0.18740407,0.66239184,-0.7666879,1.6809871,-0.81716603,-0.4114971,0.30654994,0.32259774,0.6644213,1.0454885,0.026271071,-0.026271071,-1.8356111,0.17721337,-0.13454479,-1.4316739,-1.0899423,0.34917784,0.06383406,0.13398294,-0.9798361,-0.55553085,-0.03536675,-0.19066368,0.0,1.0,-0.5,0.8660254,0.8660254,-0.5,0.0,1.0,0.0,0.0,0.0
2024-11-18 16:00:00,1.0,-0.58675927,-1.126207,-0.8270424,-0.08580835,-0.5150706,-0.19283323,-0.30621356,-0.17421858,0.5471911,1.2538385,1.7705796,-0.620599,0.039369907,-0.12525418,0.3860327,-0.6478748,1.3544779,-0.8749633,-0.31357723,0.09915808,0.10146169,0.4175139,-0.3216866,0.2531961,-0.2531961,-1.8338813,-0.17899935,-0.6070559,-1.2931024,-1.0582883,0.051088028,0.41559565,-0.13159497,-1.3680475,-0.8145069,-0.26389918,-0.27389136,0.0,1.0,-0.5,0.8660254,1.2246469e-16,-1.0,0.0,1.0,0.0,0.0,0.0
2024-11-19 08:00:00,4.0,-0.05225654,-0.30588865,-1.1290619,1.992425,-0.8443317,-0.7240096,-0.30621356,-0.05704259,-0.060001735,0.7570714,1.3893188,-1.2874486,0.02112763,-0.13800775,0.16177581,-0.8706837,1.2514993,-0.07174985,-0.5158698,0.0849565,0.081865996,0.41570857,-1.2929351,0.2566851,-0.2566851,-1.9480544,-0.2601293,-0.9823805,-0.9278232,-1.2814747,-0.019854724,1.6441168,-0.20290859,-1.714412,-0.77971643,-0.26748487,0.052912887,0.0,1.0,-0.5,0.8660254,-0.8660254,-0.5,0.0,0.0,1.0,0.0,0.0
2024-11-19 12:00:00,4.0,-3.0,-1.3007411,-0.8035849,-0.569307,1.2995365,0.22973326,-0.30621356,-1.598977,1.4310224,1.7424897,2.1304016,0.3004919,-1.2560941,-1.704085,-0.5564967,-2.3572001,-0.44115967,-1.5132271,-1.9336742,-1.1137435,-1.2406236,-1.0148581,1.3310324,1.5008363,-1.5008363,-0.48089528,-0.8297292,-1.9295585,-1.9450588,-0.6051013,-0.856847,-0.26782718,-1.4426204,-1.6467898,-1.5208932,-1.5193331,0.02690774,0.95105654,0.309017,-0.5,0.8660254,0.8660254,-0.5,0.0,1.0,0.0,0.0,0.0
2024-11-19 16:00:00,4.0,0.31454805,0.65818495,-1.0205492,1.9235889,-0.032173086,0.35626453,-0.27651495,-0.15190127,1.2019182,1.5722069,1.9747281,0.06967688,-1.0723064,-1.4855833,-0.9294363,-2.064254,-2.4224172,-1.237874,-1.6646571,-0.8807292,-1.0568755,-0.8746982,0.7157334,1.1264415,-1.1264415,-0.35970643,-0.13906376,-1.7877129,-1.7829139,-0.2679057,-0.9904855,-1.1271253,-1.1909237,0.7698224,-1.0684391,-1.1420497,0.10634361,0.95105654,0.309017,-0.5,0.8660254,1.2246469e-16,-1.0,0.0,1.0,0.0,0.0,0.0
2024-11-20 08:00:00,1.0,0.08994958,0.36464617,-0.3799643,1.7989471,-0.7983967,-0.7991737,-0.27651495,-0.031609755,0.48874596,1.0718606,1.6055928,-0.694205,-1.0157536,-1.4037774,-1.2127126,-1.5610348,-2.117488,-1.9409328,-1.6731513,-0.7490157,-1.0329273,-0.9291552,-0.9502756,1.0730295,-1.0730295,-0.15483879,-0.0531891,-2.1158073,-1.495123,-0.64282566,-0.7291518,-1.2188193,-1.2501422,1.135581,-0.9984636,-1.0878847,0.005110363,0.95105654,0.309017,-0.5,0.8660254,-0.8660254,-0.5,0.0,0.0,1.0,0.0,0.0
2024-11-20 12:00:00,4.0,0.2893377,-0.6969751,-1.1891246,1.1547394,-0.42338982,-0.5730893,-0.27651495,1.104111,0.21799386,0.8209938,1.3944625,-0.951469,-0.8464984,-1.2094665,-1.2602874,-1.1465974,-1.6046817,-1.6131331,-1.1449376,-0.58255136,-0.85662675,-0.8162129,-0.04064143,0.9537395,-0.9537395,-0.049670786,0.122402325,-2.0802643,-1.2820072,-0.58245045,-0.5569833,-1.2461128,-1.1142898,1.4843335,0.3703026,-0.9676756,0.12639374,0.58778524,-0.809017,-0.5,0.8660254,0.8660254,-0.5,0.0,1.0,0.0,0.0,0.0
2024-11-20 16:00:00,4.0,-0.6206004,-0.82450736,-1.1200802,0.80863893,-0.15683933,0.010435382,-0.24729133,-0.0976035,0.2581032,0.79191965,1.3584865,-0.8708613,-1.0838804,-1.4643064,-1.3170547,-1.4005883,-1.9847796,-1.8237267,-1.516944,-0.7345537,-1.0874851,-1.1256063,0.59260446,1.1802899,-1.1802899,-0.118838176,-0.46979648,-2.3400028,-1.3420624,-0.22176202,-0.6588612,-1.3306127,-1.3439325,-0.15099043,-0.034490988,-1.1950839,0.29142565,0.58778524,-0.809017,-0.5,0.8660254,1.2246469e-16,-1.0,0.0,1.0,0.0,0.0,0.0
2024-11-21 08:00:00,4.0,-0.39591616,-1.5464977,-1.0335926,-0.88898396,-0.7789346,-0.8681347,-0.24729133,-0.11501773,-0.18058746,0.4454313,1.1081083,-1.3320014,-1.2234169,-1.59681,-1.4871829,-0.1539861,-2.0585234,-1.2455208,-1.680296,-0.8022318,-1.3433132,-1.4285581,-0.9187654,1.3232574,-1.3232574,-1.912755,-0.61667746,-2.7912788,-1.1700085,-1.1241713,-0.66672623,-1.4200302,-1.680911,-0.59848493,-0.23090434,-1.3322787,0.21370645,0.58778524,-0.809017,-0.5,0.8660254,-0.8660254,-0.5,0.0,0.0,1.0,0.0,0.0
2024-11-21 12:00:00,4.0,0.08710536,-0.07377804,-0.2686219,1.406222,-0.31818968,-0.5024838,-0.24729133,0.2724481,-0.22332141,0.32643488,0.985631,-1.2818481,-1.1740453,-1.5122384,-1.4370892,-0.26179713,-1.9208224,-0.5205329,-1.5166663,-0.74255854,-1.291499,-1.376407,0.1995106,1.1799002,-1.1799002,-1.9139084,-0.42941475,-2.6702368,-1.0556829,-1.1198997,-0.6693077,-2.1095324,-1.6576525,0.6440271,-0.351829,-1.2705548,0.14053273,-0.58778524,-0.809017,-0.5,0.8660254,0.8660254,-0.5,0.0,1.0,0.0,0.0,0.0
2024-11-21 16:00:00,4.0,-0.0315794,0.106407315,0.059011962,1.3898163,-0.44586256,-0.20025566,-0.22006367,-0.12628902,-0.34196088,0.16802785,0.8434932,-1.3365992,-1.1813456,-1.4895645,-1.3568608,-0.31944385,-1.5542154,-0.2978975,-1.5831449,-0.73532206,-1.3373741,-1.4126257,-0.18397234,1.1930513,-1.1930513,-1.8662668,-1.0845298,-2.6767614,-0.9369223,-0.9299134,-0.6581207,-2.3493671,-1.62779,-0.21052526,-0.12899947,-1.2667383,0.17884566,-0.58778524,-0.809017,-0.5,0.8660254,1.2246469e-16,-1.0,0.0,1.0,0.0,0.0,0.0
2024-11-22 08:00:00,4.0,-0.08240919,-0.6313689,-0.45545256,0.4002843,-0.84108907,-0.78979075,-0.22006367,-0.09162247,-0.75988245,-0.19776735,0.56507343,-1.7478192,-1.229319,-1.4997774,-1.3526722,-0.49504164,-1.3539299,-0.36372468,-1.0399282,-0.76011163,-1.5302824,-1.616201,-1.2800922,1.2544895,-1.2544895,-1.9184461,-1.3134246,-2.9743178,-0.638046,-1.0509204,-0.64039236,-2.753911,-1.906567,-0.6368417,-0.027123703,-1.3062096,0.16301006,-0.58778524,-0.809017,-0.5,0.8660254,-0.8660254,-0.5,0.0,0.0,1.0,0.0,0.0
2024-11-22 12:00:00,1.0,-0.34354654,-0.49614644,-0.21975598,0.43813664,0.26630533,-0.12107458,-0.22006367,0.3804516,-0.22007157,0.07700072,0.7021663,-0.9844626,-1.3862423,-1.6202048,-1.1405408,-0.36327124,-1.451375,-0.58716613,-1.1650511,-0.84918076,-1.5566831,-1.6266245,0.9490243,1.1352069,-1.1352069,-1.9715668,-1.7606426,-2.5674822,-0.9322668,-0.78698033,-0.70650625,-2.984907,-1.870315,-1.0572196,-0.22909684,-1.2206092,0.08036688,-0.95105654,0.309017,-0.5,0.8660254,0.8660254,-0.5,0.0,1.0,0.0,0.0,0.0
2024-11-22 16:00:00,1.0,1.0904493,1.9672991,-0.62414235,-1.2233403,-0.15710475,-0.26464608,-0.17520054,-0.14031316,-0.14958656,0.05453562,0.6158667,-0.79572904,-0.5904056,-0.95948344,-0.7245429,0.3459462,0.15801792,-0.2241637,-0.5492315,-0.50055844,-0.8902117,-0.9726929,0.47638535,0.6009002,-0.6009002,-1.346643,-1.1924846,-1.9195931,-0.6918033,-0.4764957,-0.52457124,-2.7104337,-1.1804613,0.6688533,0.61041605,-0.85409725,0.20709251,-0.95105654,0.309017,-0.5,0.8660254,1.2246469e-16,-1.0,0.0,1.0,0.0,0.0,0.0
2024-11-25 08:00:00,1.0,-0.09762779,-0.89277244,-0.68008125,0.046246056,-1.0378841,-1.3455387,-0.17520054,-0.054723676,-0.64249784,-0.31981733,0.34236574,-1.3235381,-0.66111386,-0.9992242,-0.4999034,0.25786355,-0.0033288156,-2.3068197,-0.71623117,-0.49037242,-0.9099836,-1.169805,-1.3315691,0.45141408,-0.45141408,-0.65042955,-1.168649,-2.264136,-0.37317422,-0.7107071,-0.42962822,-2.8084686,-0.8779104,-0.17439143,0.58896136,-0.84493715,0.57835186,-0.95105654,0.309017,-0.5,0.8660254,-0.8660254,-0.5,0.0,0.0,1.0,0.0,0.0
2024-11-25 12:00:00,1.0,0.7045139,0.3833912,0.9380474,0.6314792,-0.40041968,-0.3678538,-0.17520054,1.0833807,-0.56003606,-0.34911886,0.25408334,-1.104508,-0.18432851,-0.59380627,-0.035931975,0.60965765,0.24098682,-1.7764227,-0.017072983,-0.20410278,-0.3083133,-0.7284821,-0.5513321,-0.15921256,0.15921256,-0.5462374,-0.7295785,-1.825968,-0.18601736,-0.56852067,-0.20946203,-2.5950086,-0.13679287,0.68048024,1.2177513,-0.33966622,0.5804654,0.0,1.0,-0.5,0.8660254,0.8660254,-0.5,0.0,1.0,0.0,0.0,0.0
2024-11-25 16:00:00,1.0,0.9615956,1.8068753,-0.5209151,-1.0173005,0.18746334,0.115043886,-0.17520054,-0.026115416,-0.44189164,-0.33964583,0.18589623,-0.8508993,0.41338146,-0.06282633,0.55847436,1.0986112,0.50816894,-1.0040195,-0.0068608024,0.21325116,0.41756022,-0.116105735,0.5296283,-1.1839097,1.1839097,-0.49059072,-0.11104677,-1.2702006,0.017054114,-0.16460946,0.06457325,-2.1101313,0.48738056,1.1003715,0.99741465,0.13010883,0.7501649,0.0,1.0,-0.5,0.8660254,1.2246469e-16,-1.0,0.0,1.0,0.0,0.0,0.0
2024-11-26 08:00:00,1.0,0.022029042,0.5445718,0.5687085,0.581073,-1.088881,-1.2461866,-0.17520054,-0.14519528,-0.9248901,-0.7180576,-0.10354226,-1.3961288,0.41394496,-0.05097902,1.026663,1.2544171,0.75670886,-1.1483812,0.03921219,0.29459935,0.5643441,-0.16203833,-1.5731413,-1.7641054,1.7641054,-0.7341907,0.13712963,-1.5819103,0.49641973,-0.7711735,0.23693456,-2.2927966,0.71389043,1.475143,1.0619851,0.13316777,0.94177806,0.0,1.0,-0.5,0.8660254,-0.8660254,-0.5,0.0,0.0,1.0,0.0,0.0
2024-11-26 12:00:00,1.0,-0.13438453,1.213748,-0.99087924,0.5828927,0.19827305,-0.7280566,-0.17520054,-1.3783914,-0.6754446,-0.61118215,-0.08384289,-0.98209614,0.30740052,-0.124142624,1.161853,0.680832,0.8532453,-1.1699252,-0.2273324,0.32675028,0.5490156,-0.23880115,0.37468782,-1.565318,1.565318,-0.7865973,-0.035625093,-1.4671048,0.3192764,-0.6830277,0.13119587,-2.0791879,0.82572657,-0.20530993,0.48947796,0.11543432,1.3320323,0.95105654,0.309017,-0.5,0.8660254,0.8660254,-0.5,0.0,1.0,0.0,0.0,0.0
2024-11-26 16:00:00,1.0,-0.24205312,-0.31292006,-0.14026132,0.91206414,-0.2007665,-0.2776978,-0.17520054,-0.1783482,-0.70693654,-0.6724125,-0.1649349,-0.9589466,0.12093454,-0.2585282,1.1707551,0.6117653,0.72138727,-1.2181263,-0.289688,0.31993234,0.48351803,-0.41868085,-0.23963593,-1.2866039,1.2866039,-0.684138,-0.4936979,-1.5876367,0.3403237,-0.41427284,0.28594622,-2.02275,0.67111343,-0.62116003,-0.29046187,-0.017589591,1.3526212,0.95105654,0.309017,-0.5,0.8660254,1.2246469e-16,-1.0,0.0,1.0,0.0,0.0,0.0
2024-11-27 08:00:00,1.0,0.01967265,0.26680475,1.8816417,-0.1762471,-0.98333097,-1.2026781,-0.17520054,-0.09480012,-1.1031997,-1.0002086,-0.43435928,-1.4112854,0.12285205,-0.24744666,1.2440041,0.29267538,0.737786,-0.8390496,-0.19963226,0.44680974,0.61849743,-0.47658497,-1.4997658,-1.2664484,1.2664484,-0.7829237,-0.3128343,-1.8777966,0.8402082,-0.7366525,0.45919392,-1.8914517,0.84255636,0.6281709,-0.28942367,0.36474892,1.0487505,0.95105654,0.309017,-0.5,0.8660254,-0.8660254,-0.5,0.0,0.0,1.0,0.0,0.0
2024-11-27 12:00:00,1.0,-0.43008095,-0.8679574,-0.054697994,-0.4001073,0.2186747,-0.101275705,-0.17520054,0.1406157,-0.87276036,-0.8969656,-0.4159437,-1.0232058,-0.21567896,-0.49590966,0.9877692,-0.3559024,0.6016214,-0.79234356,0.16587374,0.24600354,0.3403359,-0.7646869,0.31991145,-0.8250994,0.8250994,-1.5220656,-0.9289358,-1.877326,0.5529911,-0.6855022,0.3962601,-0.70462537,0.6187997,-0.23511931,-0.52383715,0.25150847,1.2789494,0.58778524,-0.809017,-0.5,0.8660254,0.8660254,-0.5,0.0,1.0,0.0,0.0,0.0
2024-11-27 16:00:00,0.0,0.04050124,0.39004636,1.2364293,0.30078718,-0.47841632,-0.36402696,-0.17520054,-0.17184988,-0.9888127,-1.0247076,-0.56222993,-1.1081141,-0.19729361,-0.47446543,0.8664494,-0.34741798,0.7447891,-0.75520796,0.08874646,0.4441709,0.45745772,-0.76871914,-0.63942087,-0.8325103,0.8325103,-1.4528551,-0.30296436,-1.9225212,0.7659406,-0.4617073,0.4052342,-0.39920413,0.6681262,0.61986,-0.3184123,0.5200837,1.0708133,0.58778524,-0.809017,-0.5,0.8660254,1.2246469e-16,-1.0,0.0,1.0,0.0,0.0,0.0
2024-11-28 08:00:00,0.0,-0.05203034,-0.6289707,0.1598499,-0.09227075,-1.2503616,-0.9447432,-0.17520054,-0.08535731,-1.3115335,-1.3076053,-0.8198435,-1.4905137,-0.25662172,-0.50968444,0.79638124,-0.30926222,0.306076,0.516235,0.104181156,0.32867298,0.39863035,-0.9161506,-1.5118994,-0.7532343,0.7532343,-0.9525946,-0.5380995,-2.2309055,1.2723687,-0.8593981,0.34153563,-0.3171317,0.62598807,-0.23511931,-0.3790075,0.9244328,1.0321815,0.58778524,-0.809017,-0.5,0.8660254,-0.8660254,-0.5,0.0,0.0,1.0,0.0,0.0
2024-11-28 12:00:00,3.0,0.55665857,0.58019525,0.4449176,0.68891555,-0.44656566,-0.46084687,-0.17520054,0.76676095,-1.2069163,-1.3064432,-0.9121011,-1.2459013,0.23851657,-0.14890295,0.8642879,0.06327537,0.5553877,0.6222596,0.6963526,0.80644035,0.84171695,-0.39751714,-0.7169247,-1.2569455,1.2569455,-0.22498393,-0.06288848,-1.8380067,1.4497524,-0.7871868,0.6959271,-0.11995115,1.0424792,0.59890306,0.44921768,1.4569888,0.8850258,-0.58778524,-0.809017,-0.5,0.8660254,0.8660254,-0.5,0.0,1.0,0.0,0.0,0.0
2024-11-28 16:00:00,3.0,0.034918055,1.4239311,0.55919456,-1.3296506,-0.08113815,0.23101522,-0.17520054,-0.9627501,-1.1540996,-1.3128374,-0.9897177,-1.1062198,0.26083678,-0.13336234,0.8957318,0.07067876,0.29818663,0.6021411,1.0081091,0.7563594,0.82322556,-0.34890446,-0.4367825,-1.2633579,1.2633579,-0.2162728,0.7312225,-1.7660348,1.4768398,-0.49804327,0.63562983,-0.16346332,1.0119331,0.9932265,0.44639707,1.4554616,0.8882517,-0.58778524,-0.809017,-0.5,0.8660254,1.2246469e-16,-1.0,0.0,1.0,0.0,0.0,0.0
2024-11-29 08:00:00,0.0,0.15298623,1.6220423,-0.16155565,-1.1097109,-1.1029222,-1.0966758,-0.17520054,-0.1643404,-1.3858395,-1.5186602,-1.2123739,-1.4027222,0.39947605,-0.03436957,1.0290375,0.34371483,-0.012645191,0.54493433,1.0017425,0.81742173,1.0007967,-0.18334375,-1.4313934,-1.33365,1.33365,-0.738816,1.0296565,-1.9286511,1.9982238,-0.83937377,0.69557667,0.4672209,1.2180024,1.3879167,0.6277913,1.5647621,0.8399371,-0.58778524,-0.809017,-0.5,0.8660254,-0.8660254,-0.5,0.0,0.0,1.0,0.0,0.0
2024-11-29 12:00:00,0.0,0.2827719,1.2163471,-0.9093499,0.46221495,-0.20591249,-0.16951081,-0.17520054,-0.20236255,-1.3459243,-1.5387505,-1.3118094,-1.2720516,0.65682775,0.15886806,1.1343675,0.45556438,0.086387776,0.9285434,0.587241,0.9410692,1.1893724,0.13641682,-0.53548014,-1.4637183,1.4637183,-0.6616387,1.3945199,-1.7582524,2.0844016,-0.7609923,0.7364608,0.91965854,1.3588183,1.7620152,0.38503656,1.6636723,-0.59423643,-0.95105654,0.309017,-0.5,0.8660254,0.8660254,-0.5,0.0,1.0,0.0,0.0,0.0
2024-11-29 16:00:00,3.0,0.8023929,1.5785081,0.08942304,-1.2669964,1.2914828,1.6571662,-0.17520054,-0.36601862,-0.94356173,-1.2901515,-1.2197793,-0.55523384,1.2934881,0.68611634,1.2756011,0.84941125,0.44338843,1.4174277,0.73772466,1.4167202,1.6059328,0.9116264,0.72187096,-1.1096114,1.1096114,-0.32288522,2.036458,-0.964603,1.7137395,-0.10697638,1.2873185,1.4088143,1.6374321,2.1113358,1.0103508,1.4242452,0.7160178,-0.95105654,0.309017,-0.5,0.8660254,1.2246469e-16,-1.0,0.0,1.0,0.0,0.0,0.0
2024-12-02 08:00:00,4.0,0.14303038,0.85737044,1.5069947,-1.0831927,-0.5801601,-0.68003964,-0.17520054,-0.16202001,-1.108514,-1.407842,-1.3630832,-0.77390105,1.3671429,0.77268094,1.5103296,0.65503657,0.5892221,1.4158229,0.90889037,1.2990867,1.6433225,1.1110568,-0.8647098,-1.1803344,1.1803344,-0.3443555,1.7743998,-1.0083333,1.7940279,-0.29369092,1.4428846,1.4170592,1.6993052,1.9999373,0.98962235,1.4573234,0.84362066,-0.95105654,0.309017,-0.5,0.8660254,-0.8660254,-0.5,0.0,0.0,1.0,0.0,0.0
2024-12-02 12:00:00,4.0,1.0276812,1.7147152,-1.0362047,-0.694086,2.170766,0.3246309,-0.17520054,-1.1860186,-0.45047152,-0.9574635,-1.1072253,0.28090534,1.9400722,1.3735965,1.515724,1.1128324,0.96698004,1.8047423,1.2862606,1.7043134,1.8938687,1.7533252,1.1049799,-1.4229126,1.4229126,0.055534128,1.7004768,-0.049269628,1.1489675,0.42695555,1.6339097,1.1858971,1.833831,1.9137083,1.3636113,1.5841453,0.9108495,0.0,1.0,-2.4492937e-16,1.0,0.8660254,-0.5,0.0,1.0,0.0,0.0,0.0
2024-12-02 16:00:00,3.0,0.38527167,0.876424,1.1754595,-0.9300271,0.31308818,1.6957414,-0.17520054,-0.056875467,-0.480411,-0.941862,-1.1326653,0.2431184,2.048679,1.5553254,1.6979201,1.2118118,1.2601651,1.9313442,1.5110111,1.60406,1.9174232,1.9712098,0.12343484,-1.1059858,1.1059858,-0.093934834,1.7879694,0.16307475,1.2178899,0.8519258,2.008341,1.2022948,1.7711811,1.823314,0.91181886,1.3502749,1.1990391,0.0,1.0,-2.4492937e-16,1.0,1.2246469e-16,-1.0,0.0,1.0,0.0,0.0,0.0
2024-12-03 08:00:00,4.0,0.27041113,1.2643677,-0.13835251,-0.66783166,-0.50288373,-0.9625427,-0.17520054,-0.12863751,-0.7591033,-1.1138297,-1.2954563,-0.13757455,2.0793395,1.6581103,1.8993951,1.1935166,1.3268472,2.0898051,1.7304761,1.5038205,1.9771576,2.1834471,-0.87761664,-1.3173536,1.3173536,-0.03706481,1.4772592,0.21607946,1.6118283,0.67051417,1.6302072,1.3119268,1.8057226,1.7417486,0.9299488,1.4759265,1.8365049,0.0,1.0,-2.4492937e-16,1.0,-0.8660254,-0.5,0.0,0.0,1.0,0.0,0.0
2024-12-03 12:00:00,4.0,0.55179805,0.17364527,2.2300088,-0.52825665,1.0596446,0.48998335,-0.17520054,0.9211928,-0.36711383,-0.832146,-1.130081,0.4313634,2.2023728,1.881785,1.750854,1.0725498,1.5216184,1.8342956,1.8020301,1.4768834,1.8909919,2.2011247,0.57427377,-0.9312527,0.9312527,-0.038285192,1.3859267,0.6361744,1.2347941,0.66647935,1.578458,1.1736915,1.6738328,1.676884,0.5388025,1.0986578,1.83496,0.95105654,0.309017,-2.4492937e-16,1.0,0.8660254,-0.5,0.0,1.0,0.0,0.0,0.0
2024-12-03 16:00:00,3.0,0.16708975,0.934384,0.91519094,-0.93446857,-0.38406,0.9604055,-0.17520054,-0.22830753,-0.640217,-0.9938279,-1.2755369,0.05537703,2.181402,1.9145019,1.832074,1.0754187,1.3652132,1.8768055,1.502413,1.321979,1.8978275,2.2946649,-0.64546704,-1.059896,1.059896,-0.07190913,1.3718894,0.67931974,1.5680344,0.6724157,1.2042017,1.3189805,1.686569,1.6264477,0.41614014,1.1958036,1.804477,0.95105654,0.309017,-2.4492937e-16,1.0,1.2246469e-16,-1.0,0.0,1.0,0.0,0.0,0.0
2024-12-04 08:00:00,1.0,0.26554924,1.8897638,-1.126686,-1.1943523,-0.8524775,-0.98744804,-0.17520054,-0.15740633,-0.98701334,-1.2398118,-1.4985775,-0.41953468,2.1898592,1.9840574,1.9401922,0.73198813,1.4323534,1.6834304,1.6220275,1.2216915,2.051293,2.5363734,-1.1948814,-1.240279,1.240279,-1.0087243,1.1564747,0.73861104,2.1592224,-0.3651712,1.0433527,1.3908408,1.8858838,1.591394,0.40234587,1.3669125,1.9258037,0.95105654,0.309017,-2.4492937e-16,1.0,-0.8660254,-0.5,0.0,0.0,1.0,0.0,0.0
2024-12-04 12:00:00,3.0,0.7559449,0.13731323,1.2437047,0.55807924,1.5562526,1.3524854,-0.17520054,1.2658123,-0.53401196,-0.9325116,-1.3076954,0.27632967,2.3704207,2.2939734,1.7204105,0.89174163,1.6365168,1.5820286,0.76511496,1.3255925,2.080666,2.5648468,0.876491,-1.1014559,1.1014559,-0.47369644,1.2222799,1.191176,1.5366586,-0.0020446943,1.1915472,1.380894,1.8195341,1.572931,0.44463095,1.2328745,1.3528186,0.58778524,-0.809017,-2.4492937e-16,1.0,0.8660254,-0.5,0.0,1.0,0.0,0.0,0.0
2024-12-04 16:00:00,3.0,0.007215515,0.2659606,1.0345188,0.36643192,-0.28155452,0.4374276,-0.17520054,-0.17440677,-0.7092879,-1.022705,-1.3735486,0.018359184,2.2527497,2.2025797,1.6830224,0.77110803,1.514362,1.5461782,1.899655,1.1170167,1.9715492,2.5059764,-0.46442008,-1.091575,1.091575,-0.10249904,1.1294726,1.1818683,1.4900827,0.09175069,0.97836524,1.5034878,1.7346787,1.5112573,0.36011192,1.2298373,0.87122184,0.58778524,-0.809017,-2.4492937e-16,1.0,1.2246469e-16,-1.0,0.0,1.0,0.0,0.0,0.0
2024-12-05 08:00:00,3.0,-0.15017529,-0.9332676,-0.5702989,0.25936893,-1.1125569,-0.930884,-0.17520054,-0.12316367,-1.0497873,-1.2462901,-1.542197,-0.54185987,2.0416012,2.0345194,1.6262891,0.46014535,1.1753435,1.5146053,1.8332553,0.91544026,1.8990589,2.5023534,-1.4316832,-1.0212963,1.0212963,0.18355606,0.8679311,1.06194,1.9171906,-0.61815095,0.7879232,1.3677089,1.7279418,-0.4815906,0.07270394,1.1529534,0.46659815,0.58778524,-0.809017,-2.4492937e-16,1.0,-0.8660254,-0.5,0.0,0.0,1.0,0.0,0.0
2024-12-05 12:00:00,3.0,0.22468098,0.83195144,0.14523818,0.0016575439,-0.048161954,0.48755854,-0.17520054,-0.15221386,-1.0593512,-1.265216,-1.5668494,-0.54865265,2.0234349,2.0563176,1.4286666,0.47779804,1.188782,1.630469,1.3717973,0.8734609,1.8650988,2.4853115,-0.36453938,-1.108852,1.108852,0.35546315,0.8718774,1.1719992,2.0190258,-0.5076073,0.70304984,1.7155687,1.6660563,0.18267229,-0.13852182,1.249626,0.9995776,-0.58778524,-0.809017,-2.4492937e-16,1.0,0.8660254,-0.5,0.0,1.0,0.0,0.0,0.0
2024-12-05 16:00:00,3.0,0.25548676,0.9063835,0.24276237,-0.2702456,-0.40232316,1.3592675,-0.17520054,-0.05169189,-1.1314312,-1.3227854,-1.613224,-0.6792314,2.0181632,2.0959392,1.2929118,0.46532348,0.91655463,1.6704822,1.0194187,0.85385054,1.8857869,2.5279398,-0.6737283,-1.231819,1.231819,0.45626697,0.9595664,1.294786,2.2182496,-0.35280788,0.6867996,1.7308195,1.6885682,0.51480377,-0.038166367,1.3619092,1.0338889,-0.58778524,-0.809017,-2.4492937e-16,1.0,1.2246469e-16,-1.0,0.0,1.0,0.0,0.0,0.0
2024-12-06 08:00:00,3.0,0.105957195,0.96077484,-0.75485253,0.5131854,-0.87382317,-1.1622193,-0.17520054,-0.1388135,-1.2911116,-1.4434955,-1.70573,-1.0104798,1.9697194,2.0693192,1.1912731,0.18176924,0.8170491,1.8037758,1.3112485,0.7971774,1.8762461,2.5864825,-1.1639992,-1.2722415,1.2722415,-0.761685,0.86761415,1.330706,2.40407,-1.0340285,0.6440176,2.0172029,1.7239835,0.82162446,0.17067872,1.4021907,1.4620532,-0.58778524,-0.809017,-2.4492937e-16,1.0,-0.8660254,-0.5,0.0,0.0,1.0,0.0,0.0
2024-12-06 12:00:00,3.0,-0.14806388,0.67706203,0.7055205,-0.37985805,0.91949373,-0.047899038,-0.17520054,-0.9378576,-1.0265927,-1.2773422,-1.5777897,-0.44322208,1.7978839,1.9197037,0.8120525,0.11956948,0.6772417,1.7090105,2.0315723,0.67121327,1.4389944,2.1747396,0.66993,-1.0733016,1.0733016,-0.53987324,0.63633615,1.314015,1.9110744,-0.6700095,0.55807066,1.9032576,1.3330642,-0.5092286,-0.09088559,1.2326463,1.4083004,-0.95105654,0.309017,-2.4492937e-16,1.0,0.8660254,-0.5,0.0,1.0,0.0,0.0,0.0
2024-12-06 16:00:00,3.0,0.054330796,-0.16454583,1.3063909,0.2887887,-0.3079486,0.9852093,-0.17520054,0.17347015,-1.0632639,-1.2983966,-1.5859457,-0.52393264,1.7504351,1.8738201,0.5825404,0.20399079,0.50385857,1.6982524,2.1343875,0.6245434,1.3183713,2.1277175,-0.46035784,-1.0807793,1.0807793,-0.8081098,0.72023016,1.3470616,2.0007668,-0.39130622,0.54487956,1.9904783,1.2596457,0.13442636,-0.17770769,1.2259531,1.126603,-0.95105654,0.309017,-2.4492937e-16,1.0,1.2246469e-16,-1.0,0.0,1.0,0.0,0.0,0.0
2024-12-09 08:00:00,3.0,0.076592766,1.5462182,-0.60293555,-1.1982764,-1.1456463,-1.3220176,-0.17520054,-0.13677019,-1.2632854,-1.4312065,-1.6767431,-0.9961178,1.7127271,1.8390154,0.42681095,0.14229938,0.46941954,1.5233835,2.1736798,0.58806074,1.3352995,2.2952902,-1.4817188,-1.0763973,1.0763973,-0.9014867,0.6352733,1.3631537,2.3446422,-0.6561555,0.49235347,2.224443,1.3738185,0.4454081,-0.1941511,1.2510173,1.3173438,-0.95105654,0.309017,-2.4492937e-16,1.0,-0.8660254,-0.5,0.0,0.0,1.0,0.0,0.0
2024-12-09 12:00:00,3.0,-0.1639311,-1.5886787,-1.0230007,-0.6609296,0.9873629,0.15516147,-0.17520054,1.2738181,-0.9525162,-1.2332441,-1.5313809,-0.26103202,1.5318089,1.70075,0.09436839,-0.027504183,0.33082017,1.456373,1.2959627,0.49111474,0.9128998,1.9150116,0.7560088,-0.5636024,0.5636024,-0.9158242,0.4042159,1.3056108,1.7425902,-0.17033519,0.51949346,2.0878544,0.9453431,-0.5694896,-0.26569027,0.9444061,1.4414877,0.0,1.0,-2.4492937e-16,1.0,0.8660254,-0.5,0.0,1.0,0.0,0.0,0.0
2024-12-09 16:00:00,3.0,0.51440585,1.3189977,-0.3190529,-0.928686,0.16729434,1.2724576,-0.17520054,-0.11820569,-0.88439876,-1.1798223,-1.4933795,-0.09591812,1.6147301,1.8099409,0.0041417107,0.13093327,0.23569264,1.5197052,1.6258098,0.64652735,1.0138178,2.0102031,0.012914643,-0.87539774,0.87539774,0.29346782,0.5739431,1.5730093,1.7478085,0.23708217,0.53322273,1.9753714,1.0886322,0.10278649,-0.03893454,1.1413121,0.674482,0.0,1.0,-2.4492937e-16,1.0,1.2246469e-16,-1.0,0.0,1.0,0.0,0.0,0.0
2024-12-10 08:00:00,3.0,-0.36954373,-1.556976,-1.1027173,-0.44639972,-0.7901251,-0.99404997,-0.17520054,-0.11831117,-1.01886,-1.2472429,-1.5257477,-0.43575552,1.2517288,1.5512596,-0.20246758,0.045188572,0.124318,1.3303926,1.4858689,0.48166758,0.699245,1.8985933,-0.93068314,-0.5756531,0.5756531,0.5467012,0.424757,1.3898859,1.7830392,-0.28068978,0.4616523,2.0073242,0.85123044,-0.5907686,-0.7130403,0.9845429,1.1590964,0.0,1.0,-2.4492937e-16,1.0,-0.8660254,-0.5,0.0,0.0,1.0,0.0,0.0
2024-12-10 12:00:00,3.0,-0.4869663,0.10999786,0.17961363,1.3528239,0.5770646,-0.29638335,-0.12909944,-1.0349083,-0.80283576,-1.095458,-1.4069188,0.061357066,0.8520684,1.2623359,-0.52193964,-0.16310266,0.032288805,0.98143435,1.9767634,0.24364552,0.24480739,1.5139775,0.30178326,-0.12274921,0.12274921,0.9691436,0.20379573,1.2075008,1.360064,0.097935736,0.16136312,1.8329295,0.31701356,-0.9467903,-1.2209157,0.7818093,0.6689691,0.95105654,0.309017,-2.4492937e-16,1.0,0.8660254,-0.5,0.0,1.0,0.0,0.0,0.0
2024-12-10 16:00:00,3.0,-0.15798272,-0.23030654,2.3567371,-0.8879358,-0.31193078,1.1806002,-0.12909944,-0.15271935,-0.8506774,-1.1068594,-1.4013311,-0.076579586,0.79601884,1.201375,-0.7945011,-0.2546988,-0.08351382,0.9010034,2.4861536,0.16155204,0.0776136,1.4704748,-0.37549144,0.15523106,-0.15523106,0.85612875,-0.22549099,1.1501888,1.415244,0.41867083,0.23460957,1.7308557,0.19665504,-1.3103018,-1.5920515,0.7428896,0.6682108,0.95105654,0.309017,-2.4492937e-16,1.0,1.2246469e-16,-1.0,0.0,1.0,0.0,0.0,0.0
2024-12-11 08:00:00,3.0,-0.32322776,-0.6864381,-0.8542855,1.4414443,-0.93197644,-0.92849034,-0.12909944,-0.31339717,-0.97058076,-1.169715,-1.4301347,-0.40290794,0.59766686,1.0530101,-1.1064267,-0.3208154,-0.26341394,0.5426011,2.486151,-0.050446704,-0.14440678,1.4244329,-0.9407589,0.72712165,-0.72712165,1.367,-0.45956966,1.0001094,1.5771922,-0.21579567,-0.07437183,1.7659596,-0.007055698,-1.6839635,-1.3610643,0.41441736,1.0570349,0.95105654,0.309017,-2.4492937e-16,1.0,-0.8660254,-0.5,0.0,0.0,1.0,0.0,0.0
2024-12-11 12:00:00,3.0,1.24751,1.1769536,-0.11550779,-0.951504,2.7151313,1.0281218,0.41589406,0.13731208,-0.41335794,-0.81333977,-1.1972268,0.9415359,1.0466441,1.4385626,-0.81551415,-0.04594052,0.071556486,0.72291166,2.73867,0.93200815,0.38867092,1.4749508,1.5164135,-0.61592484,0.61592484,2.6848378,-0.13253933,1.4111148,1.0299733,0.58227295,0.75807065,1.2939669,0.40523833,0.08243178,0.36897308,0.9080532,-0.91151613,0.58778524,-0.809017,-2.4492937e-16,1.0,0.8660254,-0.5,0.0,1.0,0.0,0.0,0.0
2024-12-11 16:00:00,3.0,-0.17409253,-0.15722303,1.509714,0.38120425,-0.013485811,1.0580369,-0.3811456,-0.186367,-0.5114239,-0.8325569,-1.1886121,0.65552056,0.995474,1.3759768,-0.7758204,0.042069744,0.06815,0.6079402,2.5061433,0.8711919,0.2596935,1.4163781,0.00048756186,-0.5662931,0.5662931,2.319727,-0.7328917,1.3519086,0.988277,0.7646984,1.0770562,1.281613,0.30958414,-0.60553443,0.37794632,0.8112178,-1.5554943,0.58778524,-0.809017,-2.4492937e-16,1.0,1.2246469e-16,-1.0,0.0,1.0,0.0,0.0,0.0
2024-12-12 08:00:00,3.0,-0.057456482,0.53640175,0.61810607,-0.21608742,-1.0852474,-1.3672831,-0.7132512,-0.13235913,-0.80617195,-0.9926166,-1.2777125,-0.072099395,0.98977304,1.35337,-0.80514395,0.22781424,0.03282414,0.441198,2.2676587,0.8673603,0.27037385,1.5262936,-1.410692,-0.5951538,0.5951538,1.9759277,-0.7620469,1.3250189,1.3021526,0.003928483,0.9998297,1.2635145,0.34104237,0.112318076,0.78140527,0.83412045,-1.8661857,0.58778524,-0.809017,-2.4492937e-16,1.0,-0.8660254,-0.5,0.0,0.0,1.0,0.0,0.0
2024-12-12 12:00:00,3.0,-1.1778963,-1.0639697,-0.27555266,-0.05668876,1.7759042,1.0328412,2.2751896,-0.4637143,-0.4777661,-0.77125174,-1.1079797,0.79527915,0.28782514,0.85478646,-0.97991216,-0.066970885,-0.25819185,0.19693944,0.34118038,-0.05119694,-0.33821172,0.9610007,1.2006679,0.5044892,-0.5044892,2.2957234,-1.5125101,1.0297236,0.70062876,0.6507763,0.2191725,1.0081713,-0.27382943,-0.57276744,-1.6377023,0.1298952,-2.0387363,-0.58778524,-0.809017,-2.4492937e-16,1.0,0.8660254,-0.5,0.0,1.0,0.0,0.0,0.0
2024-12-12 16:00:00,3.0,-0.14062344,-0.218688,1.5490248,0.15488027,0.25822097,0.13723265,-0.6169013,-0.098656915,-0.5174174,-0.76986516,-1.0877753,0.8327995,0.2441133,0.8101515,-1.1339206,0.029187141,-0.23599009,0.09864426,0.4452182,-0.17386474,-0.41888243,0.87446666,0.22911873,0.56474495,-0.56474495,2.197151,-2.0792115,1.0053635,0.6892803,1.0502347,-0.06428515,0.9883697,-0.31955808,-0.9206078,-1.6838526,-0.08888047,-2.0911255,-0.58778524,-0.809017,-2.4492937e-16,1.0,1.2246469e-16,-1.0,0.0,1.0,0.0,0.0,0.0
2024-12-13 08:00:00,3.0,-0.3752492,-0.92739767,-1.1266578,1.1979816,-0.3497908,-0.9874121,-0.75928503,-0.068613835,-0.7052725,-0.8508311,-1.1173015,0.44644618,0.07574522,0.67620367,-1.3159997,-0.6784706,-0.48693305,-0.16860138,0.6389446,-0.5423475,-0.5565307,0.7974172,-0.47993493,0.87454057,-0.87454057,0.13228734,-2.110435,0.89407897,0.8042763,-0.17244102,-0.6029509,0.53610086,-0.4730252,-1.2627026,-2.0465183,-0.5288133,-2.1392314,-0.58778524,-0.809017,-2.4492937e-16,1.0,-0.8660254,-0.5,0.0,0.0,1.0,0.0,0.0
2024-12-13 12:00:00,3.0,-0.9972336,-1.1455628,0.4057984,-0.9597878,1.403416,0.25455356,0.13748208,-0.17833364,-0.41138515,-0.68167996,-0.99549645,1.1714404,-0.39796087,0.30215457,-1.4811423,-0.9619797,-0.5860422,-0.33609828,0.2842669,-1.5913622,-0.9176147,0.42587757,1.0522356,1.7260954,-1.7260954,0.23085602,-2.1539457,0.6816902,0.40362445,0.3481167,-1.1928922,0.39275458,-0.82532734,-1.5541526,-1.5116551,-1.2810723,-1.5431714,-0.95105654,0.309017,-2.4492937e-16,1.0,0.8660254,-0.5,0.0,1.0,0.0,0.0,0.0
2024-12-13 16:00:00,3.0,-1.5320024,-1.687595,-0.6968328,-1.2544357,1.3747085,1.0353447,-0.25757796,-0.17737335,-0.09017578,-0.4871038,-0.8556373,1.7361218,-0.9697482,-0.22652113,-1.7361764,-1.5020903,-0.776375,-0.5552282,-0.034920476,-2.6654546,-1.3958097,-0.020267636,1.2439774,1.8710711,-1.8710711,0.19187202,-2.1752138,0.35238457,-0.038229045,1.7056484,-2.601178,-0.0412408,-1.2583071,-1.8270433,-2.542348,-1.7810235,-1.2288508,-0.95105654,0.309017,-2.4492937e-16,1.0,1.2246469e-16,-1.0,0.0,1.0,0.0,0.0,0.0
2024-12-16 08:00:00,3.0,0.27319783,1.2759085,-1.2421236,-0.025820017,-1.012565,-1.2261541,-0.8661639,-0.11539582,-0.559834,-0.69003963,-0.95400566,0.68737274,-0.8198,-0.13503869,-1.934617,-0.97945243,-0.67027617,-0.56602645,0.06391729,-2.029488,-1.2878677,0.053870354,-0.9120313,1.5424633,-1.5424633,0.6384732,-1.7195517,0.34299353,0.2779768,0.2634419,-2.5617242,-0.091579884,-1.1876327,0.18088154,-1.8321518,-1.4657052,-1.2650124,-0.95105654,0.309017,-2.4492937e-16,1.0,-0.8660254,-0.5,0.0,0.0,1.0,0.0,0.0
2024-12-16 12:00:00,3.0,-0.3676907,-0.8823255,0.67709225,-0.5401652,1.2553096,-0.2459823,0.14016096,0.7898937,-0.18329974,-0.49188045,-0.8314233,1.3737735,-0.91416377,-0.2388745,-1.8347536,-1.0560379,-0.6561249,-0.6934642,0.300223,-1.9066209,-1.280883,-0.10765245,1.3216958,1.5966157,-1.5966157,0.5461058,-1.6282811,0.3421422,-0.012641782,0.74282867,-1.9779538,-0.20411633,-1.1988633,-0.513728,-1.0722828,-1.5217224,-1.3764522,0.0,1.0,-2.4492937e-16,1.0,0.8660254,-0.5,0.0,1.0,0.0,0.0,0.0
2024-12-16 16:00:00,3.0,0.023949385,-0.03758983,1.1260153,0.6880685,-0.7334546,0.9042999,-0.07263505,0.06711735,-0.5273776,-0.63968503,-0.8967209,0.63617104,-0.860704,-0.21378878,-1.8378944,-0.9154794,-1.0373888,-0.71780115,0.5038199,-1.5967654,-1.2277824,-0.109092824,-0.531734,1.4951736,-1.4951736,0.73279876,-1.1449474,0.29506293,0.19547385,0.62627125,-1.8128633,-0.30327517,-1.1393639,0.14568962,0.19636413,-1.4253334,-1.1507736,0.0,1.0,-2.4492937e-16,1.0,1.2246469e-16,-1.0,0.0,1.0,0.0,0.0,0.0
2024-12-17 08:00:00,3.0,-0.3550899,-1.035889,-1.2728074,1.1598586,-0.75276405,-1.3470837,-0.8804184,-0.05799705,-0.8132209,-0.7780021,-0.95626277,0.012292634,-0.95404154,-0.31387022,-1.8368641,-0.694673,-1.0570948,-0.73707235,0.44508186,-1.5407145,-1.3149909,-0.20895427,-0.7338501,1.5124986,-1.5124986,0.5320867,-1.0939093,0.13153721,0.3673591,-0.27731377,-1.6764246,-0.29771426,-1.262971,-0.59504455,-0.30480808,-1.4446783,-1.1786271,0.0,1.0,-2.4492937e-16,1.0,-0.8660254,-0.5,0.0,0.0,1.0,0.0,0.0
2024-12-17 12:00:00,3.0,2.7329452,1.427042,-0.5691382,-1.2587945,3.0,0.41803995,0.9539592,-1.0880368,0.64880216,-0.08749091,-0.62073016,2.507914,-0.11142203,0.29861292,-1.0915456,0.63039315,-0.573776,-0.40830472,2.0041149,-0.26235512,-0.4183968,0.10839479,2.0750875,0.20457423,-0.20457423,1.0791316,-0.7738348,0.9418852,-0.16837318,0.9696078,-0.7266004,-0.38630733,-0.37900507,0.09356126,1.6850137,-0.16631289,-0.66417265,0.95105654,0.309017,-2.4492937e-16,1.0,0.8660254,-0.5,0.0,1.0,0.0,0.0,0.0
2024-12-17 16:00:00,3.0,-0.58318007,-0.8245981,-0.9703593,1.4759756,-0.14106013,0.39975908,-0.43799365,0.123503566,0.431541,-0.14111508,-0.632864,1.8648118,-0.23999718,0.18213119,-0.88202876,0.38501745,-0.42457217,-0.5065925,1.7808762,-0.41757745,-0.50952834,0.009059866,0.34770912,0.37168202,-0.37168202,1.1853718,-0.9421569,0.840436,-0.1392739,1.3898096,-0.47501647,-0.46173942,-0.47441325,-0.64022875,1.3243711,-0.32831267,-0.55249196,0.95105654,0.309017,-2.4492937e-16,1.0,1.2246469e-16,-1.0,0.0,1.0,0.0,0.0,0.0
2024-12-18 08:00:00,4.0,-0.3541107,-0.46935308,-0.01523817,1.3737187,-0.96545774,-1.4825877,-0.8981491,-0.17662552,-0.34943146,-0.46173778,-0.7709615,0.7214385,-0.29931995,0.12697037,-0.7856278,0.44911954,-0.4706824,-0.5214575,1.685416,-0.4718321,-0.55221885,-0.011576151,-1.1560085,0.43152314,-0.43152314,1.0910141,-0.9025763,0.7330539,0.18184477,0.18619552,-0.49224356,-0.4865407,-0.5282437,-0.9820067,1.4201379,-0.3968251,-0.5483281,0.95105654,0.309017,-2.4492937e-16,1.0,-0.8660254,-0.5,0.0,0.0,1.0,0.0,0.0
2024-12-18 12:00:00,3.0,1.29528,0.81246024,0.301299,-0.66634417,2.3816617,1.6536397,2.624564,-1.2033182,1.4912542,0.42473042,-0.36527172,2.5782714,0.06769629,0.4262668,-0.4239469,0.9038908,-0.14526567,-0.48555076,1.7762426,0.24583536,-0.1871337,0.041278206,2.0108533,-0.35438702,0.35438702,1.1373959,-0.44229332,1.0913587,-0.45828807,2.175168,0.061584204,-0.3047986,-0.15936917,0.1429637,0.368547,0.25864738,-0.42993706,0.58778524,-0.809017,-2.4492937e-16,1.0,0.8660254,-0.5,0.0,1.0,0.0,0.0,0.0
2024-12-18 16:00:00,3.0,-0.4514027,-1.00821,0.45081103,-0.4504488,-0.67603743,1.3702446,-0.4688164,0.2534178,0.62077165,0.117259264,-0.4836889,1.4464746,-0.019606968,0.34956712,-0.30308822,0.9661402,0.01495221,-0.4606022,1.9065864,0.13901135,-0.22740157,0.012666656,-0.5742406,-0.24844967,0.24844967,1.0659589,-0.8016964,1.0022985,-0.21831,1.9597719,0.24669972,-0.31647307,-0.21874951,-0.6029339,0.45547608,0.16004449,-0.5651834,0.58778524,-0.809017,-2.4492937e-16,1.0,1.2246469e-16,-1.0,0.0,1.0,0.0,0.0,0.0
2024-12-19 08:00:00,4.0,-0.22730362,-0.04198442,-0.8684453,2.5801692,-0.74478304,-1.0684302,-0.8384891,-0.059748627,-0.23149578,-0.25776803,-0.6340882,0.5118173,-0.028478164,0.33925766,-0.22179276,-0.10732494,0.39283878,-0.37244403,1.9931562,0.120994896,-0.21908976,0.022569634,-0.75608337,-0.29169947,0.29169947,-0.39306253,-0.6200262,0.9505819,0.12733251,-0.34550163,0.04736552,-0.3297747,-0.21357365,0.12533236,0.5520289,0.16599724,-0.8085541,0.58778524,-0.809017,-2.4492937e-16,1.0,-0.8660254,-0.5,0.0,0.0,1.0,0.0,0.0
2024-12-19 12:00:00,4.0,-3.0,-0.3285679,1.5677224,0.16290282,1.0724975,0.6306841,0.461857,-3.0,1.9524738,0.9894773,-0.035590608,2.225204,-1.1423783,-0.69581693,-0.49978864,-1.2318444,-0.47479922,-0.843473,1.3876823,-1.413496,-1.0775388,-0.69441164,1.6374129,1.4561507,-1.4561507,1.2414665,-0.91703606,0.4641723,-1.1528572,1.1450565,-1.2353746,-0.33425748,-1.060756,-0.61222446,-2.2021258,-1.4095916,1.2879089,-0.58778524,-0.809017,-2.4492937e-16,1.0,0.8660254,-0.5,0.0,1.0,0.0,0.0,0.0
2024-12-19 16:00:00,3.0,-0.6657188,-0.8767129,0.22942571,0.22084366,-0.1688407,0.31957904,-0.49338627,0.042232685,1.3972298,0.87585723,-0.039096344,1.5717245,-1.2848742,-0.8607147,-0.7407507,-1.3622812,-0.55992717,-0.8628963,1.301264,-1.5173614,-1.2043867,-0.82500595,0.61058563,1.7127931,-1.7127931,1.1863863,-1.1569793,0.333679,-1.1455956,1.5685619,-1.4034556,-0.35351944,-1.1982212,-0.97588265,-2.1729367,-1.6443012,1.031183,-0.58778524,-0.809017,-2.4492937e-16,1.0,1.2246469e-16,-1.0,0.0,1.0,0.0,0.0,0.0
2024-12-20 08:00:00,4.0,-0.30269623,-0.51570964,-1.3779683,2.7809103,-1.0215253,-1.2798212,-0.819937,-0.040034074,0.12524912,0.2342005,-0.28110018,0.41251197,-1.3342891,-0.9276995,-0.9553755,-1.9320408,-0.67930466,-1.2161831,1.2889063,-1.4547745,-1.2587196,-0.91012985,-1.4619942,1.7690685,-1.7690685,0.8214117,-1.2269903,0.17664416,-0.7732813,-0.62941784,-1.4209385,-0.38289642,-1.2835386,-1.3328841,-2.1254232,-1.6956224,1.3481003,-0.58778524,-0.809017,-2.4492937e-16,1.0,-0.8660254,-0.5,0.0,0.0,1.0,0.0,0.0
2024-12-20 12:00:00,4.0,-2.838661,-1.021172,0.071495585,0.034582682,0.14240013,2.9894848,3.0,-3.0,1.7054075,1.2916898,0.25931537,1.5570617,-1.9776853,-1.7270942,-1.2062724,-2.788663,-1.462903,-1.6058725,0.8832706,-2.298933,-1.8360761,-1.4410489,0.8127078,1.9146428,-1.9146428,0.91501397,-1.8692708,-0.20938157,-1.7344238,0.7168541,-2.1518676,-0.40667656,-1.7568609,-1.6810529,-1.2981342,-1.8262887,1.2271258,-0.95105654,0.309017,-2.4492937e-16,1.0,0.8660254,-0.5,0.0,1.0,0.0,0.0,0.0
2024-12-20 16:00:00,4.0,1.3964248,1.1500851,-0.67615753,-0.5037502,0.76530343,2.0694597,-0.48748422,0.13221462,1.99905,1.6297886,0.43868026,1.6456999,-1.4199151,-1.2726619,-1.1562676,-2.0875587,-1.7160473,-1.3566878,0.75972867,-1.5065677,-1.2971116,-1.1881781,1.5634708,1.3029629,-1.3029629,1.5565338,-0.9837012,0.11045709,-1.6788056,1.6201259,-1.6282707,-0.4366181,-1.2168232,0.15282299,-0.19600028,-1.2475896,1.6910506,-0.95105654,0.309017,-2.4492937e-16,1.0,1.2246469e-16,-1.0,0.0,1.0,0.0,0.0,0.0
2024-12-23 08:00:00,4.0,0.25943008,1.1262157,-0.016784094,-1.2130808,-0.7585699,-1.2186457,-0.9043709,0.056461245,0.80978715,0.98215175,0.20225982,0.66812533,-1.284254,-1.1733731,-1.1270928,-0.796093,-1.4713036,-1.1382473,0.86459786,-1.2209977,-1.1813601,-1.181152,-0.7037396,1.1325094,-1.1325094,0.8212937,-0.8772152,0.062184185,-1.3197178,-0.39790574,-1.1867942,-0.4801139,-1.103055,0.50163126,0.081703335,-1.0882307,1.7470498,-0.95105654,0.309017,-2.4492937e-16,1.0,-0.8660254,-0.5,0.0,0.0,1.0,0.0,0.0
2024-12-23 12:00:00,4.0,-0.50077045,-0.52708155,1.7666595,-0.5008607,-0.22486693,-0.4761213,1.359178,-0.17037639,0.4338161,0.77175075,0.15628964,0.31456253,-1.3578444,-1.2849382,-1.0668826,-0.74335426,-1.4982892,-1.2113698,0.49745443,-1.259518,-1.2320033,-1.298298,0.36093146,1.2451193,-1.2451193,0.79279846,-1.0387894,-0.08130986,-1.2553966,-0.42952847,-1.1095983,-0.64499307,-1.166713,-0.5856287,1.0029266,-1.2154787,1.6652461,0.0,1.0,-2.4492937e-16,1.0,0.8660254,-0.5,0.0,1.0,0.0,0.0,0.0
2024-12-23 16:00:00,3.0,-0.64509,-0.87326604,1.3145186,-0.97219396,0.18658584,0.13766499,-0.07717703,0.1527539,0.5775775,0.8988881,0.26947913,0.38558462,-1.4496464,-1.4191382,-1.0025846,-0.8749444,-1.9356021,-1.2466471,-0.00997165,-1.3359202,-1.2856638,-1.4134021,0.9004379,1.3937197,-1.3937197,0.7699153,-1.2980871,-0.200398,-1.3778211,0.3088754,-1.1538821,-0.74839026,-1.2472246,-0.92250955,-0.09462434,-1.3819366,1.5787368,0.0,1.0,-2.4492937e-16,1.0,1.2246469e-16,-1.0,0.0,1.0,0.0,0.0,0.0
2024-12-27 08:00:00,3.0,0.28101942,1.4449981,-0.62657446,-1.2726657,-0.9067709,-1.1387879,-0.8897519,0.09909227,-0.4235891,0.14387536,-0.0769313,-0.4500522,-1.2833178,-1.2872294,-0.93727684,0.30857906,-1.7107692,-1.0296463,0.03865813,-1.0693147,-1.1505296,-1.394596,-1.1188537,1.2044572,-1.2044572,-0.78668875,-1.0764304,-0.2835324,-0.8944205,-1.0892371,-1.1345199,-1.0226216,-1.120736,0.18330054,-0.07050609,-1.2115049,1.5497925,0.0,1.0,-2.4492937e-16,1.0,-0.8660254,-0.5,0.0,0.0,1.0,0.0,0.0
2024-12-27 12:00:00,3.0,0.21812607,1.0509256,-0.4393348,-0.5430769,0.4398196,-0.26114538,1.6281058,-1.2569133,0.07290228,0.42579222,0.077798635,0.008580786,-1.1447595,-1.1787852,-0.72727054,-0.14483021,-1.5717221,-0.7173355,0.14174744,-0.8811868,-0.9888399,-1.3198243,1.072555,1.041745,-1.041745,-1.4911827,-0.7069359,-0.17343475,-1.0013871,-1.1129751,-0.9983322,-1.22027,-0.95608324,0.5316624,0.29363248,-1.0684685,1.6205982,-0.95105654,0.309017,-2.4492937e-16,1.0,0.8660254,-0.5,0.0,1.0,0.0,0.0,1.0
2024-12-27 16:00:00,3.0,0.017352752,-0.05322154,-0.4362002,2.0435607,-0.35369346,-0.19922353,-0.40664354,0.19331957,-0.25079855,0.13803068,-0.057722855,-0.26451385,-1.0780851,-1.1344944,-0.569275,-0.23875338,-0.7257403,-0.7802105,0.2534923,-0.7730716,-0.91999733,-1.3215017,0.11104825,0.95314,-0.95314,-1.5443379,-0.36144084,-0.22039004,-0.8079806,-0.83521646,-0.81300807,-1.4617217,-0.8860679,0.86867857,0.5923974,-1.0007776,1.4023561,-0.95105654,0.309017,-2.4492937e-16,1.0,1.2246469e-16,-1.0,0.0,1.0,0.0,0.0,1.0
2024-12-30 08:00:00,3.0,-0.18866408,-0.439597,-0.95019627,2.4077122,-0.8458652,-1.089641,-0.85907364,0.111207865,-1.0075432,-0.53392124,-0.43617886,-0.95413005,-1.0819582,-1.1542257,-0.45548046,-0.11799177,-0.6067126,-0.74896514,0.21026835,-0.75107104,-0.9373255,-1.3833399,-1.0736375,0.83456683,-0.83456683,-1.6001992,-0.38503847,-0.4135483,-0.369558,-1.1303991,-0.7355692,-1.6023049,-0.9140098,-0.5856287,0.3146417,-0.999277,1.3872206,-0.95105654,0.309017,-2.4492937e-16,1.0,-0.8660254,-0.5,0.0,0.0,1.0,0.0,1.0
2024-12-30 12:00:00,3.0,0.001571719,1.303641,-0.9835017,-0.63448006,-0.05018839,-0.5096986,0.8167819,-1.2914742,-0.8155788,-0.5209103,-0.4664365,-0.7238159,-1.0178391,-1.115787,-0.30280948,0.123764195,-0.5301746,-0.7616271,0.40886545,-0.6582358,-0.8548329,-1.3593485,0.6516944,0.67730755,-0.67730755,-1.9897225,-0.15835309,-0.41077325,-0.3546274,-1.1506407,-0.7215312,-1.5855685,-0.83114064,0.134584,0.20123708,-0.9279866,1.3537362,0.0,1.0,-2.4492937e-16,1.0,0.8660254,-0.5,0.0,1.0,0.0,0.0,1.0
2025-01-02 08:00:00,3.0,-0.69918907,-1.5105742,-0.91752577,0.017796252,-0.51679003,-0.8007436,-0.6572574,0.1669507,-1.0562003,-0.8091179,-0.6734938,-0.9511292,-1.1880884,-1.303724,-0.2642418,-0.24305083,0.048430078,-0.8167322,0.23921977,-0.8146075,-1.025335,-1.5169737,-0.31903324,0.68426,-0.68426,-1.6597217,-0.2388302,-0.7064907,-0.23542164,-0.8648724,-0.68897057,-1.4658858,-1.0240146,-0.5856287,-0.21875648,-1.095541,1.3758098,0.0,1.0,-2.4492937e-16,1.0,1.2246469e-16,-1.0,0.0,1.0,0.0,0.0,1.0
2025-01-02 12:00:00,3.0,-1.0614927,-0.6806688,0.81566894,0.22182457,1.5135194,-0.009424543,0.50072813,-0.3911548,0.41146994,0.31638902,0.08404058,0.47765705,-1.4402142,-1.5915011,-0.2961732,-0.7264542,-0.5872751,-1.3874841,0.0148657225,-1.0458713,-1.1400352,-1.6165503,1.6771637,0.96535915,-0.96535915,-1.2330811,-0.5366054,-0.7590247,-1.1470035,-0.25129366,-0.870657,-1.4473841,-1.1446934,-0.9410872,-0.6768964,-1.3727216,1.4742682,-0.58778524,-0.809017,0.5,0.8660254,0.8660254,-0.5,0.0,1.0,0.0,0.0,0.0
2025-01-02 16:00:00,3.0,0.64068455,0.87596077,-1.3220661,0.7030437,-0.034086052,0.17036575,-0.379133,0.09694994,0.23477584,0.1981363,0.006223808,0.31732494,-1.1045288,-1.315783,-0.21477237,-0.49127463,-0.49285293,-1.1805805,-0.098844595,-0.68784237,-0.8347914,-1.444585,0.63218105,0.014987396,-0.014987396,-0.8485837,-0.059191585,-0.63201684,-0.9371054,-0.07877954,-0.827047,-1.4365482,-0.810273,0.15178826,-0.19984134,-1.0734398,1.480483,-0.58778524,-0.809017,0.5,0.8660254,1.2246469e-16,-1.0,0.0,1.0,0.0,0.0,0.0
2025-01-03 08:00:00,3.0,-0.07054538,-0.21135066,-0.0075942874,1.8402699,-0.72913766,-0.99010444,-0.8755138,0.21711734,-0.42387372,-0.31743374,-0.35094586,-0.3411209,-1.0665712,-1.2903906,-0.13869978,-0.44624758,-0.38044685,-1.127775,-0.1352191,-0.5946602,-0.7662421,-1.4512231,-0.62563604,-0.106467254,0.106467254,-0.826437,0.067603946,-0.84209055,-0.5905432,0.077052906,-0.6227456,-1.4996324,-0.7807419,0.5160801,0.16842583,-1.0209821,1.4068671,-0.58778524,-0.809017,0.5,0.8660254,-0.8660254,-0.5,0.0,0.0,1.0,0.0,0.0
2025-01-03 12:00:00,3.0,-0.5928165,-0.63747954,-0.3054233,1.2769045,0.62201756,-0.37022713,0.7987586,-0.030408407,-0.033938017,-0.029343948,-0.12504043,0.059389185,-1.1945149,-1.4295247,-0.11681749,-0.6675049,-0.36699045,-1.3925322,-0.36441404,-0.7213585,-0.79734373,-1.4975891,0.84751064,0.37467697,-0.37467697,-0.74253374,-0.11800746,-1.0522949,-0.8465892,0.30610672,-0.7901024,-1.4309292,-0.7662797,-0.5547599,0.39051515,-1.088855,1.4614605,-0.95105654,0.309017,0.5,0.8660254,0.8660254,-0.5,0.0,1.0,0.0,0.0,0.0
2025-01-03 16:00:00,3.0,-1.55736,-1.8541899,-0.8271381,-1.0674949,0.67375976,0.7123832,0.21320206,0.3303116,0.39230198,0.34610602,0.21737438,0.43813327,-1.545442,-1.8263952,-0.26065585,-0.99592584,-0.8347078,-1.5489291,-0.9250104,-1.3551875,-1.0935749,-1.714876,0.880911,1.6194984,-1.6194984,-0.2934287,-0.7937581,-1.6593171,-1.2792436,0.9304053,-1.2924355,-1.3931355,-1.009203,-0.8904432,-0.9162367,-1.5583664,0.9050574,-0.95105654,0.309017,0.5,0.8660254,1.2246469e-16,-1.0,0.0,1.0,0.0,0.0,0.0
2025-01-06 08:00:00,4.0,0.33098206,1.0140641,-1.0423892,0.2604926,-1.1259255,-0.8841078,-0.88327533,0.18501706,-0.4918584,-0.3384332,-0.28782806,-0.48961827,-1.3349992,-1.6320064,-0.29914242,-0.48171553,-0.80242187,-1.4425664,-1.2598073,-1.3155282,-0.8959747,-1.6352506,-1.0800649,1.1338441,-1.1338441,-0.29996598,-0.64081657,-1.8734764,-0.8032507,-0.6708156,-1.5342338,-1.4153899,-0.85305196,0.2454838,-0.61818993,-1.2652134,1.3958613,-0.95105654,0.309017,0.5,0.8660254,-0.8660254,-0.5,0.0,0.0,1.0,0.0,0.0
2025-01-06 12:00:00,4.0,3.0,1.6159364,-1.2586672,-0.9642146,3.0,0.43988913,1.9066726,1.2775536,2.707467,2.119939,1.4148953,2.7262242,0.11056758,-0.1286834,0.35348785,1.2147125,0.48561978,-0.14111741,0.015009603,1.9671984,0.48045826,-0.5550107,1.7933387,-1.4167835,1.4167835,2.0632873,0.30718526,0.7926408,-1.269943,1.7536573,1.5461166,-0.81268895,0.5937339,0.6573496,2.3747077,1.2936106,0.30635762,0.0,1.0,0.5,0.8660254,0.8660254,-0.5,0.0,1.0,0.0,0.0,0.0
2025-01-06 16:00:00,4.0,0.068909146,-0.016034525,-0.07069455,1.5979643,0.83789134,1.2255503,-0.18192376,0.111165754,2.690674,2.3898833,1.8259406,2.4585676,0.15293947,-0.08270269,0.70025647,1.2843477,0.5566583,-0.02791943,-0.51157856,1.6515353,0.47478202,-0.5255471,1.3799455,-1.1242366,1.1242366,1.9605511,1.592966,0.86808854,-1.3748021,2.567808,2.23505,-0.6797445,0.53944874,1.0774057,2.9706285,1.0217181,0.3374624,0.0,1.0,0.5,0.8660254,1.2246469e-16,-1.0,0.0,1.0,0.0,0.0,0.0
2025-01-07 08:00:00,4.0,0.007799144,0.28127697,-0.7578366,1.5732237,-1.0292841,-0.8242366,-0.8829717,0.113592595,1.1704533,1.3556626,1.1493514,0.9685639,0.18331307,-0.053420614,1.0157224,1.5281866,0.5676899,0.019880638,-0.71821743,1.4219636,0.57609475,-0.471903,-1.4023411,-1.1682422,1.1682422,1.7846447,1.5525205,0.76818955,-0.8884802,1.3625777,2.001256,-0.68728554,0.6737812,1.494941,2.5612354,1.0663129,0.29110214,0.0,1.0,0.5,0.8660254,-0.8660254,-0.5,0.0,0.0,1.0,0.0,0.0
2025-01-07 12:00:00,4.0,0.029313663,-0.046096694,0.9182732,0.70389956,0.1968781,0.07838994,0.65345234,0.1680028,1.0920519,1.3390324,1.223718,0.8331004,0.21997361,-0.017794566,1.1566899,2.131073,0.7685916,0.49996647,-0.8531316,1.2576668,0.5524616,-0.44051343,0.7221283,-1.0613316,1.0613316,1.6923532,1.8111134,0.7875206,-0.860371,1.0911158,1.5948644,-0.49579126,0.5824302,1.8935919,0.18096058,0.9672203,0.2177398,0.95105654,0.309017,0.5,0.8660254,0.8660254,-0.5,0.0,1.0,0.0,0.0,0.0
2025-01-07 16:00:00,3.0,0.1300385,0.08244309,0.97215074,0.41110277,0.119270995,1.4044011,-0.10255991,0.20168003,0.9557912,1.2602746,1.2439535,0.6480646,0.2825844,0.04680072,1.2382084,2.0419505,1.1145102,0.29771513,-1.1012074,1.1594415,0.58272624,-0.38845068,0.6100496,-1.0920717,1.0920717,1.7454596,1.976939,0.8383318,-0.7788377,1.6870384,1.2921486,-0.4164213,0.5410655,1.8935919,0.21123773,0.997862,-0.11856071,0.95105654,0.309017,0.5,0.8660254,1.2246469e-16,-1.0,0.0,1.0,0.0,0.0,0.0
2025-01-08 08:00:00,4.0,0.14683332,0.85607177,-0.7711704,0.32378292,-0.9796717,-1.0362275,-0.8772819,0.14326039,-0.10386752,0.4241118,0.58641684,-0.40302593,0.35193327,0.117311224,1.3904579,0.17249262,1.0131067,0.28660238,-1.1389409,1.0881888,0.71375227,-0.2963955,-1.3389087,-1.186978,1.186978,-1.9916672,1.6817716,0.81420547,-0.25191835,-1.161502,1.072027,-0.40295893,0.71114784,1.8935919,0.2714401,1.0871823,-0.14747839,0.95105654,0.309017,0.5,0.8660254,-0.8660254,-0.5,0.0,0.0,1.0,0.0,0.0
2025-01-08 12:00:00,3.0,0.13811596,0.7812703,0.918151,-1.0255829,0.48554695,1.8626764,2.9079404,-1.0107249,0.39202818,0.74129856,0.8712201,0.119145796,0.42144385,0.1861298,1.3460016,0.20581783,1.1087977,0.40233645,-1.226262,1.0223148,0.69856966,-0.25964946,1.1511176,-1.0471957,1.0471957,-1.9339243,1.8339292,0.91425294,-0.40807652,-1.1320823,0.96337885,-0.38857427,0.6304646,1.8935919,0.31891993,0.9568897,-0.13436209,0.58778524,-0.809017,0.5,0.8660254,0.8660254,-0.5,0.0,1.0,0.0,0.0,0.0
2025-01-08 16:00:00,3.0,0.61468035,0.7729445,0.23876712,-0.38755777,-0.06962564,1.2825819,-0.52644616,0.38473213,0.26150194,0.6007668,0.75818974,0.0068152347,0.6163116,0.39725628,1.4069793,0.48797947,1.5325465,0.6338503,-1.4240912,1.1056236,0.8862894,-0.09879258,0.41823918,-1.2445694,1.2445694,-1.57082,1.8054302,1.1832453,-0.20518409,-0.581786,0.96594083,-0.37405527,0.7563448,1.8935919,0.5220961,1.1414216,-0.061471418,0.58778524,-0.809017,0.5,0.8660254,1.2246469e-16,-1.0,0.0,1.0,0.0,0.0,0.0
2025-01-09 08:00:00,3.0,0.005009118,-0.02617147,1.1083667,0.5553076,-0.89201987,-0.81147575,-0.8166436,0.23644705,-0.51413554,-0.051439285,0.19857699,-0.7743369,0.65244746,0.42706788,1.4921207,0.4838218,2.0403283,0.5944604,-1.404304,0.98831135,0.9543282,-0.023909885,-0.84347945,-1.2562594,1.2562594,-1.4997269,1.5646787,1.139709,0.25698495,-1.0633937,0.881973,-0.21591067,0.86625016,1.8935919,0.45374686,1.1538184,-0.09229075,0.58778524,-0.809017,0.5,0.8660254,-0.8660254,-0.5,0.0,0.0,1.0,0.0,0.0
2025-01-09 12:00:00,3.0,0.4140686,0.63982636,-0.40863883,0.42188516,0.7601888,-0.5636462,-0.29427844,-0.4820661,0.3153926,0.5091903,0.666603,0.13187622,0.7986245,0.5825605,1.3970101,0.6176555,2.0802903,0.6463459,-1.1945145,1.0022684,0.9779367,0.039943308,1.3032144,-1.2458873,1.2458873,-1.4282423,1.4090639,1.3527887,-0.053462345,-0.5857824,0.7838496,0.2546382,0.9252325,1.8048034,0.5618685,1.145684,-0.06794151,-0.58778524,-0.809017,0.5,0.8660254,0.8660254,-0.5,0.0,1.0,0.0,0.0,0.0
2025-01-09 16:00:00,3.0,0.59471476,0.9364214,-1.0153352,0.33447903,-0.20192459,0.35390916,0.056774095,0.21955255,0.11624715,0.3287016,0.49101442,-0.050333135,0.98528177,0.79081905,1.4573228,0.8280924,0.76767516,0.7736856,-1.1171279,1.0508485,1.1848761,0.20758164,0.2529102,-1.3665103,1.3665103,-1.3285099,1.3654448,1.5281771,0.1827547,-0.0726654,0.855941,0.4396983,1.1155474,1.7332116,0.5301798,1.2601575,-0.015882984,-0.58778524,-0.809017,0.5,0.8660254,1.2246469e-16,-1.0,0.0,1.0,0.0,0.0,0.0
2025-01-10 08:00:00,3.0,-0.27070448,-1.4594288,-1.2639439,0.09861861,-1.0948896,-0.96596485,-0.795212,0.25123036,-0.7842358,-0.40670145,-0.15394674,-1.0066222,0.86332196,0.6931018,1.4894162,0.63804173,0.66006196,0.7669078,-1.3105645,0.8698115,1.1780684,0.249712,-1.5025837,-1.2756449,1.2756449,-1.0851958,1.1543064,1.3779483,0.72814876,-0.94205,0.7951959,0.5346249,1.1647539,-0.5172198,0.27749664,1.175985,-0.07610682,-0.58778524,-0.809017,0.5,0.8660254,-0.8660254,-0.5,0.0,0.0,1.0,0.0,0.0
2025-01-10 12:00:00,0.0,-0.06524286,0.4622661,0.6502273,-0.081278734,-0.2632082,-0.41803592,0.10158609,-0.49133518,-0.7607525,-0.4855932,-0.2554765,-0.93051064,0.87453264,0.69999653,1.3533407,0.31902108,0.6448657,0.774403,-1.364765,0.77024823,1.1249433,0.27613854,-0.042775765,-1.2214739,1.2214739,-1.1257375,0.94821143,1.2737743,0.8111769,-0.9458729,0.6896396,0.61028475,1.1340739,-0.8659769,0.05396371,1.12543,-0.10376612,-0.95105654,0.309017,0.5,0.8660254,0.8660254,-0.5,0.0,1.0,0.0,0.0,0.0
2025-01-10 16:00:00,0.0,-1.2161407,-1.5543644,-1.1275018,-0.36084613,0.2873921,1.6652892,0.63061607,0.24256805,-0.17983049,-0.07727723,0.12546574,-0.28214234,0.13915506,0.10729862,0.9110043,-0.2628795,0.1802546,0.66111153,-1.6203324,0.37735608,0.46681806,-0.047465745,0.9277986,-0.6964435,0.6964435,-0.5223132,0.57516867,0.7130882,0.2557948,-0.120383576,0.44088528,0.61627865,0.4356079,-1.219194,-1.3007522,0.7010739,0.22789383,-0.95105654,0.309017,0.5,0.8660254,1.2246469e-16,-1.0,0.0,1.0,0.0,0.0,0.0
2025-01-13 08:00:00,0.0,-0.3528233,-1.065062,-0.82599175,0.40877077,-0.7296113,-0.9327045,-0.8538924,0.22316693,-0.72425365,-0.5301872,-0.27387294,-0.86857855,-0.024530416,-0.035719965,0.5650079,-0.62495935,-0.003906353,0.81141263,-1.7021581,0.23218861,0.26620683,-0.073917694,-0.56510067,-0.008299934,0.008299934,-0.6171836,0.4859263,0.4941694,0.5731798,-1.0048712,0.2620676,0.70198894,0.22934707,-1.532165,-1.3068408,0.5905484,-0.043027554,-0.95105654,0.309017,0.5,0.8660254,-0.8660254,-0.5,0.0,0.0,1.0,0.0,0.0
2025-01-13 12:00:00,0.0,-1.345275,-0.7318035,-0.49531078,0.764883,0.7732386,0.07932647,0.5774216,-1.1140354,0.62937665,0.5152692,0.66385764,0.5506491,-0.6807314,-0.6498481,0.036771726,-1.5260007,-0.591322,0.38798985,-2.0439014,-0.23196597,-0.43311748,-0.44584486,1.2357665,0.8772601,-0.8772601,-0.7667022,0.2935466,0.021261396,-0.45823696,-0.103143714,-0.18933943,0.33979416,-0.5142385,-1.8108481,-2.0906403,0.10519583,-0.2261684,0.0,1.0,0.5,0.8660254,0.8660254,-0.5,0.0,1.0,0.0,0.0,0.0
2025-01-13 16:00:00,0.0,1.0267116,1.3169206,-0.93142045,-0.39257422,-0.03919469,0.6156912,-0.24683514,0.48984203,0.5203682,0.4603671,0.57862574,0.44549432,-0.1733518,-0.20824996,-0.09317905,-0.90330905,-0.23743911,0.67471385,-1.6544374,0.06850818,-0.010219124,-0.14980479,0.37109876,0.124489196,-0.124489196,-0.18440779,0.4888098,0.4965567,-0.20687377,0.6365623,-0.022854721,0.37606826,-0.008303149,0.32879734,-0.40430543,0.50678164,-0.3671578,0.0,1.0,0.5,0.8660254,1.2246469e-16,-1.0,0.0,1.0,0.0,0.0,0.0
2025-01-14 08:00:00,0.0,-0.27955875,-1.5747995,-0.22903782,-1.3458171,-1.0506843,-1.0344572,-0.8252654,0.33083382,-0.5250378,-0.33340853,-0.07521292,-0.6790565,-0.2910035,-0.3211143,-0.2795389,-0.99878246,-0.5860182,0.76188153,-1.8718425,-0.093788736,-0.21924731,-0.1625733,-1.3298944,0.3160001,-0.3160001,-0.2098195,0.39987502,0.26260346,0.345134,-0.008435135,0.006968123,0.48588803,-0.19606422,-0.37651297,-0.3153741,0.41272494,-0.53276014,0.0,1.0,0.5,0.8660254,-0.8660254,-0.5,0.0,0.0,1.0,0.0,0.0
2025-01-14 12:00:00,0.0,0.4954906,-0.5364473,1.8474524,-0.97432,0.13724305,-0.43166718,0.16426122,2.0552087,0.11192739,0.10981859,0.251263,0.05597615,-0.023742737,-0.0858964,-0.22836544,-0.20592089,-0.39069468,1.2772806,-1.5674555,0.01016863,-0.07491017,-0.014492747,0.5340729,-0.058780566,0.058780566,-0.20628726,0.47835472,0.5846668,0.12756282,0.06060557,0.2814093,0.49249694,-0.122339904,0.32879734,0.84045565,0.61667925,0.032043893,0.95105654,0.309017,0.5,0.8660254,0.8660254,-0.5,0.0,1.0,0.0,0.0,0.0
2025-01-14 16:00:00,0.0,0.06186977,0.19058518,2.2993445,-1.0140386,-0.111745454,0.01808466,-0.20170726,0.056537922,0.062365178,0.07662028,0.21737868,0.0049225027,0.03491996,-0.030624233,-0.19925487,-0.014188584,-0.52529556,1.237527,-1.3571445,-0.12763469,-0.15607394,0.02251421,0.18759213,-0.11667684,0.11667684,-0.21608886,0.6453413,0.6194313,0.1840086,0.5030328,0.13540123,0.54635245,-0.09854805,0.6642491,0.2551132,0.5669045,0.038190745,0.95105654,0.309017,0.5,0.8660254,1.2246469e-16,-1.0,0.0,1.0,0.0,0.0,0.0
2025-01-15 08:00:00,0.0,-0.17603096,-1.112228,-0.8276766,0.277183,-1.3865825,-1.0246303,-0.8009403,0.24135756,-1.0111771,-0.817304,-0.5389248,-1.1409056,-0.04815963,-0.09888307,-0.26637104,0.53202224,-0.8206037,0.00454515,-1.3410664,-0.29894164,-0.26671007,0.042122863,-1.6041627,0.0042902958,-0.0042902958,0.10138086,0.54248285,0.42677456,0.9406362,-1.0485147,-0.24054638,0.69307643,-0.22641933,-0.4289612,0.2959839,-0.052109294,-0.31625924,0.95105654,0.309017,0.5,0.8660254,-0.8660254,-0.5,0.0,0.0,1.0,0.0,0.0
2025-01-15 12:00:00,0.0,0.69330376,0.93123996,-1.0158266,0.6204562,0.6325125,0.009713524,0.7466236,0.1767546,-0.5617962,-0.57446843,-0.4204529,-0.5425331,0.35474893,0.25449768,-0.100646324,0.37334937,-0.44056398,0.18280146,-1.0615484,0.2952956,0.114456,0.28366873,0.572936,-0.5094316,0.5094316,-0.32178554,0.7254207,0.8296111,0.49867284,-0.821221,-0.088778205,0.62896127,0.15016484,0.27109385,0.4254964,0.45236105,-0.2864522,0.58778524,-0.809017,0.5,0.8660254,0.8660254,-0.5,0.0,1.0,0.0,0.0,0.0
2025-01-15 16:00:00,0.0,0.72959924,0.6808638,0.73067683,-0.4842481,1.3722782,1.6224997,0.17179531,0.24807319,0.32780242,0.121872805,0.10014372,0.44096896,0.7388645,0.61848754,0.15151665,0.8330916,-0.13455224,0.3915528,-1.3353952,0.87389207,0.4422541,0.48434934,1.1461557,-0.997508,0.997508,-0.45035577,1.2475487,1.1952463,0.12333595,0.4007899,0.7931025,0.7177013,0.48460338,0.63281304,0.76249665,0.92319876,0.2146735,0.58778524,-0.809017,0.5,0.8660254,1.2246469e-16,-1.0,0.0,1.0,0.0,0.0,0.0
2025-01-16 08:00:00,0.0,0.2219137,0.8561189,1.2286932,-1.3399748,-1.1980472,-0.65309507,-0.811266,0.27751583,-0.69388497,-0.7154691,-0.6288574,-0.6370839,0.887226,0.7715133,0.31942636,0.70122653,0.42591602,0.45460963,-1.2405355,0.9813657,0.57449526,0.6909985,-1.1071947,-1.155417,1.155417,-0.43820208,1.3098528,1.2719905,0.95413315,-0.6138454,0.9789247,0.86551785,0.64151406,0.9707745,0.9855326,1.0812569,0.24717997,0.58778524,-0.809017,0.5,0.8660254,-0.8660254,-0.5,0.0,0.0,1.0,0.0,0.0
2025-01-16 12:00:00,0.0,-0.6084793,-1.1469957,-1.1790891,0.5618882,1.4928169,0.1772301,0.0368857,1.4514617,0.45490295,0.24660455,0.19959153,0.55878675,0.46055248,0.4235946,0.29009974,0.39735618,0.32774934,0.24404393,-1.3952597,0.40451542,0.18894584,0.42856738,1.2803497,-0.72731847,0.72731847,0.139788,0.8864831,1.0322723,-0.16663218,0.0790364,0.4789642,1.0571855,0.21374653,-0.48160475,0.07181574,0.67770404,-0.00949702,-0.58778524,-0.809017,0.5,0.8660254,0.8660254,-0.5,0.0,1.0,0.0,0.0,0.0
2025-01-16 16:00:00,0.0,-0.56794107,-0.7970195,1.2022731,-0.9194016,-0.17363858,0.9432983,-0.17458259,-0.049095374,0.18177533,0.0916477,0.111942396,0.23008102,0.0722308,0.08616883,0.149325,0.22229998,0.6407588,0.03536089,-1.2166575,-0.11918565,-0.10572329,0.26748228,-0.068694435,-0.3220296,0.3220296,0.3897807,0.251274,0.76191324,-0.19227599,0.72201043,0.16483764,1.1060989,-0.086850576,-0.83785546,-0.7333395,0.2991082,0.06445771,-0.58778524,-0.809017,0.5,0.8660254,1.2246469e-16,-1.0,0.0,1.0,0.0,0.0,0.0
2025-01-17 08:00:00,4.0,0.33582357,1.2684721,-1.1840643,0.03480542,-1.050126,-0.87537795,-0.8224237,0.1623561,-0.7328961,-0.7123417,-0.6239576,-0.7036364,0.29722774,0.3015473,0.09568251,0.05026061,0.35945264,0.0938042,-1.0837605,0.17605719,0.06729209,0.5123701,-0.96163744,-0.5549813,0.5549813,0.16810003,0.34069347,0.85933083,0.6443624,-0.13810916,0.023143832,0.4179115,0.08550449,0.23811449,-0.6477724,0.530247,0.1681823,-0.58778524,-0.809017,0.5,0.8660254,-0.8660254,-0.5,0.0,0.0,1.0,0.0,0.0
2025-01-17 12:00:00,4.0,2.7169194,1.3143983,-0.045118,-1.2247062,1.7678487,2.1774564,2.1237402,2.4824824,1.73187,1.3778439,1.0661718,1.8021823,1.5657747,1.6824613,0.5651656,1.031023,1.55944,0.76905185,-0.2548519,2.063822,1.2954774,1.421276,1.371278,-1.2448208,1.2448208,1.6330967,1.1735184,1.306134,-0.259735,0.90760547,1.9878366,0.3461904,1.2890462,0.5798269,1.1339513,1.1979043,-0.68876964,-0.95105654,0.309017,0.5,0.8660254,0.8660254,-0.5,0.0,1.0,0.0,0.0,0.0
2025-01-17 16:00:00,3.0,0.58151305,1.1427584,0.015699541,-0.9737329,0.3171214,2.5564814,-0.22904405,-0.377368,1.4128209,1.2927693,1.0666628,1.4013374,1.709485,1.8935257,0.90273714,1.2068278,1.5696031,0.94256365,0.15571484,1.8519099,1.4757384,1.652015,0.5318939,-1.3195868,1.3195868,1.5326452,1.8012446,1.3489867,-0.023339637,1.6035609,1.9346206,0.36863545,1.3163112,0.92172676,1.7032508,1.2666856,-0.49667123,-0.95105654,0.309017,0.5,0.8660254,1.2246469e-16,-1.0,0.0,1.0,0.0,0.0,0.0
2025-01-20 08:00:00,3.0,-0.11402556,0.15349495,1.1730837,0.049718,-1.4300594,-0.83237576,-0.8949379,0.110717446,-0.16379382,-0.014028327,-0.06070731,-0.16005465,1.638126,1.806728,1.1584189,1.4478031,1.4836283,0.7843072,0.5258396,1.4906789,1.5400277,1.8205364,-1.694989,-1.2614058,1.2614058,1.2592905,1.3931135,1.2824827,1.0787278,-0.09686544,1.5728308,0.42193186,1.4172494,-0.2476294,1.4592074,1.2296916,-0.51827425,-0.95105654,0.309017,0.5,0.8660254,-0.8660254,-0.5,0.0,0.0,1.0,0.0,0.0
2025-01-20 12:00:00,3.0,0.61697745,0.34595558,1.8838636,-1.0670136,0.06413779,-0.24167491,0.3517145,1.0562276,0.106772594,0.18160628,0.086650185,0.14327891,1.7751311,1.9849923,1.2968245,1.9615729,1.7480801,0.7964683,0.6177861,1.4822757,1.7235314,1.9391187,0.049168453,-1.0314381,1.0314381,0.79731023,1.2802498,1.0559268,0.99587476,0.20739181,1.5461074,0.65528095,1.6526904,0.14336438,0.34947821,1.0517814,-0.6528043,0.0,1.0,0.5,0.8660254,0.8660254,-0.5,0.0,1.0,0.0,0.0,0.0
2025-01-20 16:00:00,3.0,0.17011207,0.15323092,1.086429,0.052355632,0.015631808,0.68500936,0.056544896,0.38070467,-0.046142697,0.032627586,-0.05046003,-0.0045612887,1.7756137,1.9854076,1.3785397,1.8660979,1.5328469,0.9235996,0.75416344,1.3025101,1.7356696,1.9392422,0.11860614,-1.103095,1.103095,0.8009498,1.3033272,1.1047657,1.1847621,0.71084297,1.2396731,0.6509407,1.6219599,0.51544327,0.19689515,1.0996126,-0.7016404,0.0,1.0,0.5,0.8660254,1.2246469e-16,-1.0,0.0,1.0,0.0,0.0,0.0
2025-01-21 08:00:00,3.0,0.0020885328,0.39521098,-0.56048197,1.1136646,-1.3708556,-1.0519823,-0.90525365,0.31173486,-1.2294745,-1.1097164,-1.1623136,-1.218721,1.7329178,1.9309245,1.5066499,0.59144324,1.2829093,0.94077,0.74513185,1.11055,1.8612775,2.10969,-1.6296458,-1.1357754,1.1357754,-1.0227929,1.0509844,1.1011765,2.307304,-1.4676372,0.96626836,0.7192571,1.8323107,0.8878937,0.23578714,1.1175284,-0.73063636,0.0,1.0,0.5,0.8660254,-0.8660254,-0.5,0.0,0.0,1.0,0.0,0.0
2025-01-21 12:00:00,3.0,0.32288745,1.6351199,-0.80587924,-1.4052925,-0.09133939,-0.657288,0.5676907,-0.832121,-1.2113264,-1.2629778,-1.4304166,-1.1021576,1.7782985,1.9815841,1.4984236,0.469077,1.3358444,1.3781346,0.91298074,1.0371833,1.9162453,2.1281514,-0.26680183,-1.2849817,1.2849817,-1.0347595,0.91180587,1.2425977,2.4668953,-1.4931045,0.7974693,0.78706545,1.9230592,1.232687,0.13127828,1.22705,-2.375208,0.95105654,0.309017,0.5,0.8660254,0.8660254,-0.5,0.0,1.0,0.0,0.0,0.0
2025-01-21 16:00:00,3.0,0.7334239,1.4582602,-1.2265642,-0.6277609,-0.2903283,0.69600636,0.8996093,0.31187123,-1.3072585,-1.4836285,-1.7544591,-1.1373657,1.8909801,2.1328976,1.5587556,0.8531761,1.7847387,1.6521264,0.5824201,1.056509,2.1359231,2.3344107,-0.4632018,-1.2908468,1.2908468,-0.98704225,0.9639492,1.2599556,2.7964075,-0.93383455,0.8009586,0.78542924,2.1320343,1.5586094,0.30000442,1.2262946,-2.1986744,0.95105654,0.309017,0.5,0.8660254,1.2246469e-16,-1.0,0.0,1.0,0.0,0.0,0.0
2025-01-22 08:00:00,3.0,0.106371135,1.0983495,0.32435775,-1.3825376,-1.0349314,-0.8703058,-0.8847171,0.11296503,-1.8912491,-2.1229148,-2.4368467,-1.7933055,1.8530083,2.0896852,1.6208508,0.6107332,1.9615146,1.9982597,0.7375988,0.9357299,2.1355183,2.4490955,-1.0824348,-1.1880647,1.1880647,-0.9089562,0.8202973,1.1540446,3.0,-1.4969279,0.7490725,1.4374142,2.2211227,1.4976215,0.33479586,1.139309,-2.3293808,0.95105654,0.309017,0.5,0.8660254,-0.8660254,-0.5,0.0,0.0,1.0,0.0,0.0
2025-01-22 12:00:00,3.0,1.8155881,1.1386789,-0.08765149,-1.1236755,1.468421,-0.1625832,0.66380674,1.2931415,-0.21699972,-0.7629064,-1.3239322,0.30793348,2.0823581,2.4292831,1.5793811,1.3552715,2.3753376,2.134196,1.3057882,1.1832538,2.3238196,2.4426908,1.2518514,-1.0427651,1.0427651,0.27938515,0.7718947,0.97019404,2.233648,-0.45566314,0.945123,1.5921795,2.439366,1.443132,0.65177494,1.0043536,-1.7220571,0.58778524,-0.809017,0.5,0.8660254,0.8660254,-0.5,0.0,1.0,0.0,0.0,0.0
2025-01-22 16:00:00,3.0,-0.30785707,-0.8219868,1.3437976,-0.5180089,-0.30984983,0.24321522,-0.2580669,0.2742092,-0.5759478,-1.0318204,-1.5472372,-0.10303165,1.8755769,2.2069385,1.5906726,1.2088904,1.3073753,2.0508752,0.97608143,0.935757,2.0101998,2.2679424,-0.4572902,-0.94860965,0.94860965,0.47968867,0.4607767,0.8444007,2.3318398,0.08053183,0.84488016,1.9030174,2.123521,-0.75166065,0.23135506,0.9176841,-1.7667035,0.58778524,-0.809017,0.5,0.8660254,1.2246469e-16,-1.0,0.0,1.0,0.0,0.0,0.0
2025-01-23 08:00:00,3.0,0.08263871,0.8590764,-0.23727234,-0.3901119,-0.93272287,-0.9317148,-0.8931576,0.08194988,-1.3027399,-1.6762385,-2.151244,-0.95284563,1.8303572,2.144,1.5891942,1.0966591,1.1236435,1.8857225,1.1229401,0.81985074,2.0054183,2.354959,-0.9934085,-1.0039396,1.0039396,0.5363402,0.3876608,0.92332965,2.868387,-0.3708217,0.6991065,2.1193364,2.2374437,-0.030704938,0.21916129,0.96593815,-1.7006854,0.58778524,-0.809017,0.5,0.8660254,-0.8660254,-0.5,0.0,0.0,1.0,0.0,0.0
2025-01-23 12:00:00,3.0,0.273535,-0.20832025,0.5593839,1.2031447,0.2522878,-0.36214736,0.6480133,0.85834336,-1.0828204,-1.5360916,-2.061688,-0.6236997,1.8150209,2.1231632,1.4013432,0.8892765,1.2366573,1.8793398,1.295272,0.7657478,1.8625231,2.2451878,0.15588027,-1.0034168,1.0034168,0.5210885,0.38945842,0.9311632,2.6514544,-0.12148836,0.6614436,2.00725,2.1068687,0.3313022,-0.13869801,0.96026856,-1.7763025,-0.58778524,-0.809017,0.5,0.8660254,0.8660254,-0.5,0.0,1.0,0.0,0.0,0.0
2025-01-23 16:00:00,3.0,0.09957374,0.48895475,0.6439301,-0.44152153,-0.90023476,0.06033307,-0.19859344,0.31553647,-1.6235849,-2.031522,-2.4960756,-1.2814962,1.774728,2.0638738,1.3252163,0.88635415,1.0558988,1.8952459,2.1046116,0.6880915,1.8595006,2.3169584,-0.8478889,-1.0457648,1.0457648,0.5529451,0.44898933,1.0261867,3.0,-0.009504065,0.61004084,2.139083,2.162007,0.67570305,0.06365467,1.0033303,-1.8550578,-0.58778524,-0.809017,0.5,0.8660254,1.2246469e-16,-1.0,0.0,1.0,0.0,0.0,0.0
2025-01-24 08:00:00,3.0,0.2601595,0.8729867,-0.8644214,0.11510219,-0.2896425,-0.55797637,-0.7328334,-0.015565648,-1.654725,-2.1168082,-2.5741735,-1.2718815,1.7588751,2.0385747,1.1827484,0.17441219,1.0697929,1.7528846,2.279318,0.6468838,1.8278679,2.3007698,-0.48573774,-1.0636889,1.0636889,-0.9918744,0.41973218,1.0621362,3.0,-1.221263,0.555204,1.8428336,2.1875641,1.0104407,0.07701659,1.0104868,-1.7146307,-0.58778524,-0.809017,0.5,0.8660254,-0.8660254,-0.5,0.0,0.0,1.0,0.0,0.0
2025-01-24 12:00:00,3.0,-0.13063863,-0.022711365,1.202644,0.08992437,-0.34050053,0.033733502,-0.06618079,-0.015121101,-1.7133907,-2.1887462,-2.619334,-1.3303946,1.6992433,1.9533799,0.9738474,0.2666807,1.0241731,1.5538918,2.2624862,0.53473884,1.6558083,2.1938677,-0.57377386,-0.87119526,0.87119526,-1.2308549,0.44955486,0.84356946,3.0,-1.1779498,0.4847361,1.9020839,1.9085498,1.3391212,-0.04272704,0.88864344,-1.9623046,-0.95105654,0.309017,0.5,0.8660254,0.8660254,-0.5,0.0,1.0,0.0,0.0,0.0
2025-01-24 16:00:00,3.0,-0.8144426,-1.385483,-1.1009338,0.95156974,0.08326951,1.4624012,0.18467711,0.09062189,-1.4800035,-2.0228302,-2.454221,-0.96744394,1.2992882,1.6346458,0.5225809,-0.112944715,0.7033819,1.365833,2.615855,0.31573015,1.1625487,1.8397487,-0.2071374,-0.5808733,0.5808733,-0.61761296,-0.05625486,0.5588172,2.641111,-0.6050442,0.27055192,2.069677,1.3244623,-0.93760604,-0.7961067,0.7276494,-1.6847911,-0.95105654,0.309017,0.5,0.8660254,1.2246469e-16,-1.0,0.0,1.0,0.0,0.0,0.0
2025-01-27 08:00:00,4.0,-0.4904378,-1.4766021,0.30864167,-0.8644577,-1.120061,-0.91061866,-0.9891988,-0.111493476,-2.0272555,-2.4831436,-2.8081906,-1.7497973,1.1079284,1.4690952,0.09397987,-0.49404758,0.3467572,1.4213706,2.1162922,0.17450045,0.9599318,1.8318856,-1.5685202,-0.43434465,0.43434465,-0.58089954,-0.2041483,0.36346477,3.0,-1.2242535,0.14355183,2.411179,1.2076372,-1.2829067,-1.1628338,0.63482904,-0.98925114,-0.95105654,0.309017,0.5,0.8660254,-0.8660254,-0.5,0.0,0.0,1.0,0.0,0.0
2025-01-27 12:00:00,4.0,-3.0,-1.1541661,0.24156393,-0.14753067,3.0,1.0829104,2.6891859,-3.0,3.0,3.0,2.4244676,3.0,-1.5031427,-1.0173519,-1.4149642,-3.0,-1.8228059,-0.015878316,0.38742423,-1.6339123,-1.7018416,-0.5679323,1.7068096,1.9780914,-1.9780914,1.8522123,-0.72659737,-1.327979,-1.3358614,3.0,-1.3360741,0.07829168,-1.6278634,-1.5934517,-3.0,-1.3816149,0.40806514,0.0,1.0,0.5,0.8660254,0.8660254,-0.5,0.0,1.0,0.0,0.0,0.0
2025-01-27 16:00:00,4.0,1.3020518,1.0693934,-0.096371084,-1.060334,1.4045731,1.3589343,-0.38428077,0.12594302,3.0,3.0,2.7610128,3.0,-1.0018537,-0.5929712,-1.8329307,-2.802873,-1.8714176,0.30209327,0.90553427,-1.2967952,-1.2500305,-0.3311979,1.5354954,1.2996901,-1.2996901,1.9786751,-0.21361174,-0.7074082,-1.2805271,3.0,-1.2703991,0.03993332,-1.0937693,-0.13000193,-3.0,-1.1620612,-0.9576573,0.0,1.0,0.5,0.8660254,1.2246469e-16,-1.0,0.0,1.0,0.0,0.0,0.0
2025-01-28 08:00:00,4.0,-0.39329052,-1.7323854,-0.20184825,-1.0783211,-0.6671824,-0.93679494,-0.9602709,0.10641063,2.087196,2.272489,2.0150394,1.9367181,-1.0965657,-0.70529866,-2.2723098,-2.7872574,-1.9337255,-0.52908826,0.91304183,-1.4536968,-1.4246427,-0.40271497,-0.97591823,1.4516749,-1.4516749,2.071972,-0.40115997,-1.0258911,-1.0086643,3.0,-1.2574837,-0.060070038,-1.3218179,-0.88499576,-2.6804903,-1.4096621,-0.7891425,0.0,1.0,0.5,0.8660254,-0.8660254,-0.5,0.0,0.0,1.0,0.0,0.0
2025-01-28 12:00:00,4.0,-0.46552035,-0.9826829,-0.95617574,1.3911444,1.5633157,0.3613,1.2906576,0.8742443,2.4874797,2.7835433,2.6716316,2.0840816,-1.2078989,-0.8418748,-2.2782886,-2.5720284,-2.124364,-0.83852154,0.70479155,-1.5828841,-1.4726367,-0.5497397,1.4990109,1.6264516,-1.6264516,1.9737037,-1.06924,-1.0201353,-1.7688302,3.0,-1.4587203,-0.1084679,-1.4503881,-1.2243124,0.3864297,-1.5762827,-0.9943475,0.95105654,0.309017,0.5,0.8660254,0.8660254,-0.5,0.0,1.0,0.0,0.0,0.0
2025-01-28 16:00:00,4.0,0.22072087,0.4083398,1.2226888,-0.6612829,0.10044523,0.64885694,-0.37428033,0.027000226,1.8052979,2.2877474,2.3468306,1.3842217,-1.0853013,-0.7474713,-2.267019,-2.1990678,-2.0993624,-0.7421079,0.724785,-1.4480251,-1.3818408,-0.5197967,0.4993118,1.4629672,-1.4629672,1.9312356,-0.45363048,-0.97950965,-1.6997032,3.0,-1.3114493,-0.11685498,-1.3137066,-0.11079088,-0.08516455,-1.420512,-0.9172809,0.95105654,0.309017,0.5,0.8660254,1.2246469e-16,-1.0,0.0,1.0,0.0,0.0,0.0
2025-01-29 08:00:00,4.0,-0.43158686,-1.8839319,-1.235843,-0.7000009,-0.7594451,-1.0813698,-0.9332577,0.029019298,0.791397,1.4572875,1.6964802,0.3712566,-1.1909932,-0.87523526,-2.3425393,0.108866215,-2.212539,-1.0432053,0.58600944,-1.5257703,-1.5445688,-0.6115353,-1.0978686,1.612136,-1.612136,-0.52090436,-0.71663237,-1.3446851,-1.5599871,-0.58747953,-1.3613511,-0.14614743,-1.4985889,-0.8227504,-0.108763255,-1.5632102,-0.94439465,0.95105654,0.309017,0.5,0.8660254,-0.8660254,-0.5,0.0,0.0,1.0,0.0,0.0
2025-01-29 12:00:00,4.0,1.8261997,1.1660405,-0.65032345,-0.67600816,0.69316965,-0.015172719,0.94143164,1.5971578,1.4161483,1.9050238,2.0600903,0.9878147,-0.49609226,-0.26920813,-1.709657,0.38356355,-1.5546335,-0.48793796,1.1966026,-0.7601692,-0.80366504,-0.20968157,1.0310752,0.6314893,-0.6314893,-0.25652617,-0.11726477,-0.3477604,-1.5169493,-0.47260305,-0.8635317,-0.276598,-0.7558213,-0.098808706,0.861547,-0.63177913,-0.488524,0.58778524,-0.809017,0.5,0.8660254,0.8660254,-0.5,0.0,1.0,0.0,0.0,0.0
2025-01-29 16:00:00,4.0,-0.5682585,-1.4106104,-0.032922294,-0.8374858,-0.47518685,0.5057276,-0.26514056,-0.06113709,0.71231836,1.341884,1.6386691,0.25088263,-0.67386335,-0.4581366,-1.5265274,0.2913696,-1.6975515,-0.68192387,1.0100546,-0.9614868,-0.99658364,-0.32792765,-0.5112569,0.87211114,-0.87211114,-0.24489614,-1.3476328,-0.6905806,-1.3702371,-0.3766458,-0.85359526,-0.70075125,-0.9260986,-0.8227504,0.50461507,-0.8687832,-0.39211255,0.58778524,-0.809017,0.5,0.8660254,1.2246469e-16,-1.0,0.0,1.0,0.0,0.0,0.0
2025-01-30 08:00:00,4.0,-0.15487762,-0.54442936,1.9115347,-0.6030836,-1.0032604,-1.3254951,-0.9754658,0.03497348,-0.22672415,0.5064534,0.92829996,-0.7254632,-0.7024645,-0.48923722,-1.4316852,0.4346917,-1.5182762,-0.82342297,1.0951167,-0.9824308,-1.0613594,-0.32664433,-1.5987461,0.8954672,-0.8954672,-0.30754972,-1.6559588,-0.98052543,-1.0437932,-1.0143162,-0.9234696,-1.5702217,-0.98567104,-1.1776474,0.6060676,-0.90640867,-0.34282008,0.58778524,-0.809017,0.5,0.8660254,-0.8660254,-0.5,0.0,0.0,1.0,0.0,0.0
2025-01-30 12:00:00,4.0,1.0400107,0.058764916,2.373939,-1.1148933,0.7910948,-0.26607612,1.5569642,1.7336224,0.9875939,1.3992909,1.6637268,0.5803592,-0.32427567,-0.1452229,-0.9071545,0.8364156,-1.0122399,-0.67985886,1.6034402,-0.50833166,-0.585593,-0.1466454,1.3172063,0.28923023,-0.28923023,-0.22447166,-0.8914835,-0.15927477,-1.2154734,-0.41994363,-0.41276956,-0.9012556,-0.5074425,-0.098808706,0.21908508,-0.3322518,-0.3845357,-0.58778524,-0.809017,0.5,0.8660254,0.8660254,-0.5,0.0,1.0,0.0,0.0,0.0
2025-01-30 16:00:00,4.0,-0.5825403,-1.1234906,-0.24545254,0.17055303,-0.09980253,0.014526598,-0.35722187,-0.002556559,0.6442845,1.1362135,1.4893895,0.19643004,-0.53644174,-0.35723215,-0.7544336,0.75312984,0.6455615,-0.9294112,1.2783326,-0.7138425,-0.7676471,-0.29909763,0.15016785,0.5276034,-0.5276034,-0.19984788,-1.9821062,-0.47148207,-1.170324,-0.18734726,-0.6759667,-0.94629186,-0.6932677,-0.8227504,0.19126807,-0.6011077,-0.40528724,-0.58778524,-0.809017,0.5,0.8660254,1.2246469e-16,-1.0,0.0,1.0,0.0,0.0,0.0
2025-01-31 08:00:00,4.0,-0.06507622,0.38872117,0.56839395,0.1832136,-0.8739394,-1.2696131,-0.95126694,-0.0018838622,-0.19562973,0.40561187,0.8692497,-0.6690631,-0.5297878,-0.35699922,-0.6568758,-0.16033104,0.16599703,-1.4700083,1.2553034,-0.65899,-0.71886873,-0.26208645,-1.3256786,0.40091476,-0.40091476,-0.70410734,-1.706539,-0.6581649,-0.863617,-0.8420524,-0.6898023,-1.0214478,-0.6358349,-0.079869606,0.23131344,-0.5944758,-0.55642194,-0.58778524,-0.809017,0.5,0.8660254,-0.8660254,-0.5,0.0,0.0,1.0,0.0,0.0
2025-01-31 12:00:00,4.0,1.3037165,0.74219793,-1.1030986,1.1813896,0.74494237,-0.0015956067,1.9051964,1.2595683,0.23931682,0.6430246,0.9991477,-0.11988346,-0.05521903,0.08650394,-0.26241836,0.7583266,0.7838398,-0.94492024,1.7201915,-0.010593842,-0.10016431,0.095424294,1.1930839,-0.604725,0.604725,-0.5016845,-0.7521423,0.28495905,-0.76474357,-0.42098072,-0.281649,-0.72153133,0.010195223,0.27172396,0.3085205,0.21682897,-0.11367929,-0.95105654,0.309017,0.5,0.8660254,0.8660254,-0.5,0.0,1.0,0.0,0.0,0.0
2025-01-31 16:00:00,3.0,-0.6398906,-1.5205042,-1.2342801,0.4688472,-0.15703039,0.28316817,-0.37701404,0.15438692,0.035523906,0.4515403,0.86147827,-0.33991173,-0.3272723,-0.1710728,-0.13427977,0.523672,0.71530807,-1.2722738,1.7862875,-0.24819727,-0.3025867,-0.09657293,0.02688807,-0.60935825,0.60935825,-0.38651624,-2.1180196,-0.100157075,-0.7477315,-0.09209285,-0.26342514,-0.72070175,-0.22948775,-0.85156643,0.26219723,-0.10748998,-0.25056407,-0.95105654,0.309017,0.5,0.8660254,1.2246469e-16,-1.0,0.0,1.0,0.0,0.0,0.0
2025-02-03 08:00:00,4.0,-0.20181285,-0.4611745,-1.224044,3.0,-0.9526938,-1.0621316,-0.87675095,-0.026281295,-0.6935081,-0.21900767,0.2780484,-1.1175516,-0.3826265,-0.2262142,-0.060621124,-0.08510098,0.5667805,-1.5090611,1.635934,-0.27579883,-0.26209328,-0.06366267,-1.4077562,-0.5420329,0.5420329,-0.53744423,-2.387292,-0.3770214,-0.4176713,-0.9509016,-0.36246085,-0.508773,-0.17316778,-1.191146,0.20338,-0.17893268,-0.30223313,-0.95105654,0.309017,0.5,0.8660254,-0.8660254,-0.5,0.0,0.0,1.0,0.0,0.0
2025-02-03 12:00:00,4.0,-2.9745896,-0.32311067,0.69610465,1.1109174,0.7072782,-0.020674447,0.54872847,-3.0,1.7380036,1.8019133,2.093363,1.2499871,-1.5551728,-1.4587392,-0.5941783,-1.2337897,-0.35931036,-2.5954993,-0.118387744,-1.5875995,-1.3693529,-1.211698,1.0423568,1.5891411,-1.5891411,0.3610643,-2.8711388,-1.7842481,-1.5522071,0.17311022,-1.5470492,-0.9071429,-1.339033,-1.4999373,-1.5426493,-1.9811212,0.89942414,0.0,1.0,0.8660254,0.5,0.8660254,-0.5,0.0,1.0,0.0,0.0,0.0
2025-02-03 16:00:00,4.0,0.58277625,0.6042245,-0.45228943,0.8014396,0.6032666,1.3587275,0.05220418,0.17504305,1.627865,1.7958245,2.083646,1.1006646,-1.2557279,-1.1959779,-0.75309414,-0.91954106,-0.80897635,-2.330644,0.027523171,-1.1487547,-1.0224636,-1.0338703,0.91810566,1.0606996,-1.0606996,0.45745075,-0.9515613,-1.2964115,-1.4587476,0.70614034,-1.3083766,-0.9208701,-0.99439496,-0.042329676,-1.0037781,-1.497906,0.636639,0.0,1.0,0.8660254,0.5,1.2246469e-16,-1.0,0.0,1.0,0.0,0.0,0.0
2025-02-04 08:00:00,4.0,-0.2108438,-0.584529,0.31634232,0.9416663,-0.7035469,-0.95855075,-0.93054223,0.016851664,0.7721079,1.1772879,1.603161,0.23980314,-1.2640858,-1.2204183,-0.8985981,-1.6432465,-0.6764086,-2.267914,-0.03233104,-1.1144825,-0.9944169,-1.0711975,-0.570654,1.5792799,-1.5792799,0.09984308,-1.2037352,-1.5570171,-1.276015,0.11670361,-1.1226127,-0.93601763,-0.972487,-0.74126875,-1.0184206,-1.4581262,0.6479722,0.0,1.0,0.8660254,0.5,-0.8660254,-0.5,0.0,0.0,1.0,0.0,0.0
2025-02-04 12:00:00,4.0,-0.59801793,-0.7671058,0.6381634,0.04238826,1.104322,-0.76032823,-0.3777217,0.13475469,1.3111092,1.6252667,1.987798,0.71047133,-1.4011638,-1.3838553,-0.97051543,-1.6199193,-0.8332462,-2.1898613,-0.20443946,-1.3152329,-1.0617391,-1.2355705,1.4330746,1.9442201,-1.9442201,0.12778072,-1.6468309,-1.633092,-1.4399221,0.53777754,-1.1840125,-0.9487681,-0.9860165,-1.0722084,0.09896873,-1.6475861,0.64665294,0.95105654,0.309017,0.8660254,0.5,0.8660254,-0.5,0.0,1.0,0.0,0.0,0.0
2025-02-04 16:00:00,4.0,0.377172,0.69654596,0.80472296,-0.8764435,0.0074758152,0.604467,0.55453706,-0.022062767,1.0247211,1.4157997,1.8082918,0.42228904,-1.1759492,-1.1909568,-0.9406393,-1.3516454,-1.0682174,-1.8900326,-0.12766102,-0.92095697,-0.8151787,-1.1144975,0.66906667,1.4963018,-1.4963018,0.24126227,0.013818838,-1.3679734,-1.3124393,0.9697365,-0.9897035,-0.9487481,-0.77219844,0.05624367,0.031186365,-1.1353976,0.80899906,0.95105654,0.309017,0.8660254,0.5,1.2246469e-16,-1.0,0.0,1.0,0.0,0.0,0.0
2025-02-05 08:00:00,4.0,-0.044453263,0.58784324,0.42069447,-0.10536438,-1.2634885,-1.1769477,-0.94978726,-0.020396147,0.05874008,0.64569336,1.1956931,-0.5586488,-1.1303825,-1.1531959,-0.9512518,0.05090697,-0.8714211,-0.21458177,-0.17178518,-0.95966357,-0.8354066,-1.1171082,-1.41406,1.4188658,-1.4188658,-0.77404493,0.22441751,-1.6134037,-1.0437204,-0.6574897,-0.9871502,-0.9489013,-0.8363083,0.45880872,0.09897294,-1.2004508,0.49525312,0.95105654,0.309017,0.8660254,0.5,-0.8660254,-0.5,0.0,0.0,1.0,0.0,0.0
2025-02-05 12:00:00,4.0,-1.0248075,-0.027850302,0.6305292,1.3312757,-0.21784702,0.0794676,1.3738183,-1.4494594,0.3800172,0.8567571,1.3791807,-0.22494054,-1.4303358,-1.4701495,-1.0120819,-0.72451186,-1.2080355,-0.95841104,-0.49127248,-1.5970925,-1.1709956,-1.415932,-0.20432962,1.9727794,-1.9727794,-0.6274676,-0.8686414,-2.0481012,-1.2062708,-0.6021057,-1.6614468,-1.0203443,-1.2132386,-0.6624049,-0.101872146,-1.8595864,2.9521282,0.58778524,-0.809017,0.8660254,0.5,0.8660254,-0.5,0.0,1.0,0.0,0.0,0.0
2025-02-05 16:00:00,3.0,0.008447113,-0.31456113,0.25764793,1.5972877,-0.564396,0.05333937,-0.49297756,0.2283597,-0.083128475,0.4435748,1.0341319,-0.68222326,-1.355104,-1.4009178,-1.0609373,-0.618108,-1.6515745,-0.8290184,-0.62061805,-1.4719547,-1.1429039,-1.4032917,-0.43621507,1.8423305,-1.8423305,-0.61497414,0.30834842,-2.1161408,-1.0392755,-0.5389153,-1.5108869,-1.231532,-1.1693162,0.14643191,-0.2787731,-1.7403612,2.7416112,0.58778524,-0.809017,0.8660254,0.5,1.2246469e-16,-1.0,0.0,1.0,0.0,0.0,0.0
2025-02-06 08:00:00,4.0,0.21578743,1.381275,-0.9219014,-0.6696498,-0.96249175,-1.0140139,-0.8840612,0.0711819,-0.6657704,-0.10905063,0.55944973,-1.2694138,-1.1876148,-1.2598547,-1.0304617,-0.22785348,-1.351598,-0.61177486,-0.562872,-1.2538644,-1.0511961,-1.3281558,-0.95054173,1.5736953,-1.5736953,-0.6477969,0.60498244,-2.1429272,-0.769054,-1.0321107,-1.3380852,-1.7253655,-1.1045097,0.5795125,-0.12827295,-1.8940852,2.6042876,0.58778524,-0.809017,0.8660254,0.5,-0.8660254,-0.5,0.0,0.0,1.0,0.0,0.0
2025-02-06 12:00:00,4.0,2.3282835,1.1177368,-0.9789181,0.09723461,1.9726973,2.0966172,2.451112,1.7187778,0.7119145,0.8214324,1.1402249,0.3610886,-0.2118026,-0.39938697,-0.2829889,0.7688749,-0.42526752,0.11615372,0.04390966,0.5276338,-0.0130881565,-0.5443085,1.5647447,-0.37058368,0.37058368,0.66202384,2.0870094,-0.08551744,-0.81084895,-0.37481585,0.08484559,-1.0585569,-0.085252255,1.0223235,1.4393343,0.26151228,2.4007556,-0.58778524,-0.809017,0.8660254,0.5,0.8660254,-0.5,0.0,1.0,0.0,0.0,0.0
2025-02-06 16:00:00,4.0,0.9529479,1.0884901,-0.10784713,-0.8668657,1.0322444,1.7817259,-0.499606,0.14524451,0.9099466,0.9875349,1.2298645,0.56876886,0.11409309,-0.07341492,0.29814115,1.260672,0.9835588,0.58105826,0.20500402,1.1314079,0.322505,-0.27780154,1.2605433,-0.9486581,0.9486581,0.63458395,2.1759803,0.60678905,-0.7399931,0.21918648,0.98622227,-0.52604455,0.23507133,1.4637531,1.7249564,0.9230682,2.4905972,-0.58778524,-0.809017,0.8660254,0.5,1.2246469e-16,-1.0,0.0,1.0,0.0,0.0,0.0
2025-02-07 08:00:00,4.0,0.21537584,0.9448006,-0.7854165,0.22685558,-0.6008675,-0.81358594,-0.95498955,0.03343759,0.24176037,0.49459925,0.8484576,-0.12538351,0.21197423,0.023967007,0.76469,1.8069785,0.85485345,0.06448249,0.3305474,1.1265272,0.4847871,-0.15393998,-0.57542795,-1.1850008,1.1850008,0.15928757,1.7146038,0.76735616,-0.50176245,-0.18985587,1.022932,-0.580421,0.418903,1.7981588,1.6198046,1.1869535,2.1083431,-0.58778524,-0.809017,0.8660254,0.5,-0.8660254,-0.5,0.0,0.0,1.0,0.0,0.0
2025-02-07 12:00:00,4.0,0.2323476,0.80784065,-1.2595854,1.1457319,-0.17715506,-0.04094683,0.06674015,-0.081891604,-0.046747435,0.24046655,0.63270015,-0.4111305,0.31569207,0.1265394,1.1059315,1.8590921,1.0082321,0.33063385,0.4184522,1.1003652,0.6136851,-0.044754658,0.018940551,-1.2320648,1.2320648,0.031921,1.4720659,0.9777718,-0.3394313,-0.09149841,0.9270936,-0.5495263,0.54263014,1.7223307,0.6031207,1.2394786,1.9277678,-0.95105654,0.309017,0.8660254,0.5,0.8660254,-0.5,0.0,1.0,0.0,0.0,0.0
2025-02-07 16:00:00,4.0,-0.7587664,-1.4694793,-1.0655936,0.35709372,0.34818244,1.5822183,0.20213075,0.10135979,0.061564814,0.30719176,0.6952491,-0.2937014,-0.016202329,-0.1616377,1.0700226,1.3811194,0.9283969,0.11858604,0.45987034,0.57687247,0.25522655,-0.31712705,0.72676414,-0.6999385,0.6999385,0.49997684,0.46212628,0.53619397,-0.4460353,0.3205846,0.62070084,-0.53076196,0.14996722,-0.73409885,-0.15063432,0.6479532,1.9986894,-0.95105654,0.309017,0.8660254,0.5,1.2246469e-16,-1.0,0.0,1.0,0.0,0.0,0.0
2025-02-10 08:00:00,4.0,-0.20708375,-0.54132634,-0.3204275,1.9344441,-0.18494527,-0.4793064,-0.87045336,0.06422115,-0.14982024,0.11576084,0.5396777,-0.50569487,-0.068771295,-0.2073441,0.9895897,0.20506075,0.71807593,-0.2941872,0.482106,0.45332152,0.20479122,-0.3712962,0.06613951,-0.61435014,0.61435014,-0.6281456,0.07789554,0.43678856,-0.36619672,-0.5254803,0.39914012,-0.76091206,0.103261165,-1.1856328,-0.3268127,0.56595594,1.9077442,-0.95105654,0.309017,0.8660254,0.5,-0.8660254,-0.5,0.0,0.0,1.0,0.0,0.0
2025-02-10 12:00:00,4.0,-0.22450437,-0.43836883,1.6144572,-0.007797232,0.732736,0.22469947,-0.1332277,0.051726453,0.14327176,0.31193522,0.6725838,-0.16488633,-0.135466,-0.26486132,0.79218185,-0.34986523,0.6516362,-0.17974845,0.7410413,0.3232443,0.09208833,-0.47876126,0.7858623,-0.5087081,0.5087081,-1.1541516,-0.43399742,0.38681114,-0.463037,-0.5393299,0.4001488,-0.68269986,-0.0141562745,-1.6697986,-0.5392411,0.4604984,1.9070091,0.0,1.0,0.8660254,0.5,0.8660254,-0.5,0.0,1.0,0.0,0.0,0.0
2025-02-10 16:00:00,4.0,1.8627703,1.4259967,-0.6938827,-1.2049874,2.115994,2.674522,0.6615464,0.16256337,1.1408162,1.0526092,1.1465176,0.9048422,0.48877472,0.3422565,0.9060579,0.4469706,1.665207,0.4977796,1.1224434,1.1722522,0.7238596,0.001696876,1.5052525,-0.9857315,0.9857315,0.17363307,0.6843695,1.0683762,-0.5195638,0.28600013,0.84430534,-0.5818224,0.5294778,0.06505709,0.5990668,0.9965071,2.1199505,0.0,1.0,0.8660254,0.5,1.2246469e-16,-1.0,0.0,1.0,0.0,0.0,0.0
2025-02-11 08:00:00,4.0,0.0130878445,0.69586587,0.8736665,-1.2103952,-1.1261823,-0.80560803,-0.9946904,0.049787454,0.19705628,0.3816795,0.6577799,-0.080198824,0.5131552,0.37098154,1.1193308,0.34512687,1.6346781,0.069139786,1.2215203,1.039637,0.86371624,0.12155667,-1.1331781,-1.0424298,1.0424298,0.26004896,0.6322607,1.1205498,-0.22476728,0.017166646,0.98086697,-0.27058262,0.6891565,0.47880578,0.68810785,1.067302,1.8589641,0.0,1.0,0.8660254,0.5,-0.8660254,-0.5,0.0,0.0,1.0,0.0,0.0
2025-02-11 12:00:00,4.0,0.586161,1.4049147,-1.279217,-0.61838007,0.8012398,0.07169743,0.34245047,-0.79664713,0.5257787,0.61925685,0.80719215,0.28508118,0.6866593,0.5613045,1.175256,0.9893319,1.7311776,0.48850146,1.3202677,1.1018022,1.0089638,0.25474647,1.1618543,-1.0852184,1.0852184,-0.052345715,0.77833295,1.1783481,-0.24402526,0.1826855,0.888272,0.32415417,0.84719497,0.89338,0.96770483,1.1238749,2.1616247,0.95105654,0.309017,0.8660254,0.5,0.8660254,-0.5,0.0,1.0,0.0,0.0,0.0
2025-02-11 16:00:00,3.0,0.025984628,0.2660738,0.48097646,0.30649665,-0.67241913,0.53934705,-0.28724155,0.041470177,0.017489238,0.23266606,0.5175463,-0.24891213,0.7115053,0.5924065,1.2648009,1.0904617,0.9402991,0.5652673,1.3314788,0.9375043,1.0813833,0.34651563,-0.37598494,-0.94397473,0.94397473,-0.15497988,0.9665186,1.0012724,-0.044846248,0.067159675,0.908851,0.5744921,0.88038796,1.2945485,0.26374623,0.97882974,2.3614438,0.95105654,0.309017,0.8660254,0.5,1.2246469e-16,-1.0,0.0,1.0,0.0,0.0,0.0
2025-02-12 08:00:00,4.0,-0.092865855,0.089637116,-0.24681237,1.4455924,-1.2409754,-1.0604793,-0.96429336,0.07703507,-0.72887915,-0.3949035,0.032430634,-1.0594149,0.7067316,0.59082276,1.330626,1.1378534,0.5834458,1.4750491,1.3654736,0.75985795,1.1294543,0.4840692,-1.3437876,-0.94461066,0.94461066,0.36367926,0.806695,1.0051578,0.30911165,-0.47992373,0.7556754,0.723619,0.9771901,1.6488818,0.2314828,0.9819761,1.4292147,0.95105654,0.309017,0.8660254,0.5,-0.8660254,-0.5,0.0,0.0,1.0,0.0,0.0
2025-02-12 12:00:00,4.0,-1.2559854,-1.3582793,0.015231868,-0.24950753,1.149766,1.559467,3.0,-0.3856468,0.09420228,0.21181658,0.50615525,-0.12978336,-0.000654806,0.0065786024,0.7882795,-0.3510058,0.06448246,0.84106684,0.74953866,0.23511255,0.33177584,-0.11878074,1.3048997,-0.33979085,0.33979085,-0.14440893,-0.06898291,0.24564107,-0.16998196,-0.6212362,0.36423227,0.57553005,0.069223724,-0.8471059,-0.8040543,0.36765864,1.5747925,0.58778524,-0.809017,0.8660254,0.5,0.8660254,-0.5,0.0,1.0,0.0,0.0,0.0
2025-02-12 16:00:00,4.0,0.79718256,0.7420675,-1.0715421,0.76095825,1.1317147,1.2417305,-0.51100206,0.04750163,0.6993498,0.67264235,0.8094634,0.5182213,0.29223984,0.2843646,0.5831859,0.027797721,0.26942685,1.1755916,0.8882632,0.47128588,0.5134224,0.064541176,1.2958202,-0.7823415,0.7823415,0.17337221,0.5072044,0.8823318,-0.26184723,0.077527575,0.33108056,0.46122885,0.27717978,-0.006953214,-0.4915212,0.84175086,0.8408854,0.58778524,-0.809017,0.8660254,0.5,1.2246469e-16,-1.0,0.0,1.0,0.0,0.0,0.0
2025-02-13 08:00:00,4.0,-0.58325213,-1.9671016,-1.0902005,-0.8380917,-0.6833821,-1.0983548,-0.9400347,0.083324514,0.11099258,0.26499665,0.53753394,-0.1252328,0.03369548,0.056561336,0.39355686,-0.53238434,0.3224066,1.148473,0.62977064,0.2233031,0.26571032,-0.04740857,-0.48142794,-0.33317333,0.33317333,0.055267565,0.30380365,0.574562,-0.1371169,-0.36851862,0.34748623,0.5691331,0.08343742,-0.8136861,-0.79040885,0.6044094,0.59287715,0.58778524,-0.809017,0.8660254,0.5,-0.8660254,-0.5,0.0,0.0,1.0,0.0,0.0
2025-02-13 12:00:00,4.0,3.0,-1.1521012,-0.88759434,1.0978174,2.3302639,1.3805968,3.0,3.0,3.0,3.0,2.8605702,3.0,1.0869107,1.2557971,0.62168455,1.7660195,2.0669842,2.5621502,2.7320626,1.5496006,1.0773166,0.535707,1.4943265,-0.47109023,0.47109023,2.086716,0.86725193,0.5426612,-0.7821553,2.3479278,1.7857152,0.11415867,0.9212733,0.0069946046,1.2711118,0.6023465,0.96860784,-0.58778524,-0.809017,0.8660254,0.5,0.8660254,-0.5,0.0,1.0,0.0,0.0,0.0
2025-02-13 16:00:00,4.0,0.2019036,0.5667987,-0.97318965,1.1193025,-0.033025816,0.77649117,-0.57142645,-0.070166655,2.753752,2.7467575,2.4704251,2.1445959,1.1129746,1.2971659,0.969369,1.8634666,2.1347082,2.513266,2.912936,1.2490221,1.1241114,0.67075104,0.4827881,-0.62734324,0.62734324,1.9537477,1.0876236,0.70069534,-0.6160462,2.5419767,1.4023271,0.44737616,0.9562627,0.4036225,0.96839744,0.7208667,0.8156394,-0.58778524,-0.809017,0.8660254,0.5,1.2246469e-16,-1.0,0.0,1.0,0.0,0.0,0.0
2025-02-14 08:00:00,4.0,0.5851942,1.2291838,-0.16253325,-1.4399614,0.11840801,-0.7354292,-0.79622614,-0.07048399,2.0120935,2.2755983,2.1844552,1.4281858,1.1928929,1.4122137,1.2224848,2.5883946,1.7157916,2.8133461,2.9952672,1.1550279,1.2499853,0.8927656,0.5657502,-0.86099184,0.86099184,1.5150521,0.96052027,0.9677281,-0.43196627,1.6847297,1.3685441,0.4750138,1.1630074,0.80971485,1.3579619,0.9004128,0.74611175,-0.58778524,-0.809017,0.8660254,0.5,-0.8660254,-0.5,0.0,0.0,1.0,0.0,0.0
2025-02-14 12:00:00,4.0,-1.3579153,-1.561244,-1.2688141,0.3602686,1.095229,1.2561383,0.79879165,-0.17796881,2.1710398,2.5097,2.504238,1.4050393,0.5504191,0.77863365,0.9899391,1.5269078,1.1792933,2.2453942,1.6368735,0.67079777,0.6054135,0.43411964,1.305408,-0.36368072,0.36368072,1.872283,0.15353222,0.39524093,-0.6609348,1.4138457,0.90265644,0.4088803,0.46321368,-0.85468227,-0.607296,0.4825411,0.26800486,-0.95105654,0.309017,0.8660254,0.5,0.8660254,-0.5,0.0,1.0,0.0,0.0,0.0
2025-02-14 16:00:00,4.0,-0.06351994,-0.092398144,-0.8374356,2.6327565,-0.6395524,0.68593246,-0.5695229,-0.018435203,1.3637196,1.9104697,2.089359,0.6468796,0.56912076,0.7899076,0.8907575,1.6993413,0.9647658,2.0874674,1.4404379,0.6150036,0.5816175,0.5422847,0.17558046,-0.40599042,0.40599042,1.7405945,0.60314083,0.40078947,-0.4794687,1.3595985,0.63045996,0.48212647,0.46718368,0.0,-0.63360685,0.4925058,0.32995197,-0.95105654,0.309017,0.8660254,0.5,1.2246469e-16,-1.0,0.0,1.0,0.0,0.0,0.0
2025-02-17 08:00:00,4.0,-0.2626724,-0.81412554,0.1775997,0.6334192,-1.0201452,-1.3014477,-0.89324975,-0.060124714,0.57634175,1.2821015,1.6355951,-0.12897585,0.51169837,0.72624594,0.757837,-0.43494573,0.8536163,1.3906181,1.3418533,0.4755573,0.5414913,0.64461195,-0.88510555,-0.3460044,0.3460044,-0.5653741,0.3796455,0.275114,-0.2474908,-0.87795824,0.47744465,0.59401464,0.4392415,-0.8348539,-0.8180979,0.37359738,0.164752,-0.95105654,0.309017,0.8660254,0.5,-0.8660254,-0.5,0.0,0.0,1.0,0.0,0.0
2025-02-17 12:00:00,4.0,0.49851358,1.5388798,-0.8192116,-1.4471251,-0.47563416,-0.5603368,0.47349948,-0.014507751,0.21581891,0.91308004,1.3304589,-0.45172307,0.65966123,0.87516165,0.6737577,-0.2924839,1.0618399,1.2861873,1.379426,0.5716274,0.7443711,0.913872,0.18935198,-0.5835622,0.5835622,-0.46117523,0.4701142,0.6372405,-0.007068472,-0.86711043,0.46626425,0.6550191,0.6500834,0.007015579,0.13021944,0.6411837,0.09988153,0.0,1.0,0.8660254,0.5,0.8660254,-0.5,0.0,1.0,0.0,0.0,0.0
2025-02-17 16:00:00,4.0,0.04249718,0.40471134,-0.912054,1.4207916,-0.5534177,-0.7002553,-0.5235246,-0.0748363,-0.09643185,0.5806315,1.0636592,-0.7378883,0.70623773,0.9140866,0.58042264,-0.56218386,1.4457706,1.2295274,1.3365308,0.5215689,0.77452445,1.0520914,-0.024231143,-0.6848552,0.6848552,-0.6454661,0.5149924,0.7413881,0.19421794,-0.9041656,0.39646807,1.0722414,0.7535969,0.4279503,0.16256596,0.73234063,0.09744613,0.0,1.0,0.8660254,0.5,1.2246469e-16,-1.0,0.0,1.0,0.0,0.0,0.0
2025-02-18 08:00:00,4.0,-0.24397014,-1.0169208,1.3365312,-0.9347899,-1.2620672,-1.3544348,-0.85143185,-0.073683895,-0.6795416,0.022947542,0.6255741,-1.33867,0.6546319,0.8595763,0.46156257,-0.014189076,1.1000292,1.0883479,1.2201034,0.3945037,0.7658356,1.2272532,-1.4102018,-0.64153063,0.64153063,-1.3932644,0.32428142,0.63004285,0.5500951,-1.2482332,0.3301251,2.4100478,0.8342146,-0.8072766,0.16823354,0.6935333,0.112037025,0.0,1.0,0.8660254,0.5,-0.8660254,-0.5,0.0,0.0,1.0,0.0,0.0
2025-02-18 12:00:00,4.0,-0.3088744,-1.0894305,0.43391836,-0.39057532,0.08225812,-0.37647516,1.8291506,0.26332942,-0.4828376,0.053698245,0.6269614,-1.0361117,0.55791646,0.7702273,0.18259472,-0.13534124,1.1544474,1.1662351,0.9998461,0.26691133,0.5182533,1.0818604,0.41963127,-0.56769586,0.56769586,-1.3210509,-0.025319211,0.52723664,0.5037409,-1.0658212,0.23825435,2.3599112,0.55883545,-1.1892096,-0.1287753,0.62754583,-0.117774874,0.95105654,0.309017,0.8660254,0.5,0.8660254,-0.5,0.0,1.0,0.0,0.0,0.0
2025-02-18 16:00:00,3.0,0.20003344,1.0552961,-0.91553456,-0.00080398255,-0.65828437,-0.10087623,-0.33168125,-0.06370629,-0.70732474,-0.24019851,0.35705084,-1.2122587,0.6645986,0.86255395,0.032963544,0.092657834,-0.25385985,1.2580845,0.9026001,0.31471705,0.6056698,1.2937144,-0.4218038,-0.7510262,0.7510262,-1.3300699,0.23601407,0.77430296,0.77507037,-0.96322167,0.17577004,2.1756384,0.7069978,0.10849769,-0.06246727,0.79104084,-0.20944262,0.95105654,0.309017,0.8660254,0.5,1.2246469e-16,-1.0,0.0,1.0,0.0,0.0,0.0
2025-02-19 08:00:00,4.0,-0.22985895,-1.3777779,-0.5954458,-0.27120486,-1.1979452,-1.2315732,-0.85362107,-0.06408668,-1.1840303,-0.7452554,-0.072318986,-1.710656,0.61514086,0.8171488,-0.15970187,-0.2667328,-0.411224,1.2312633,0.7796906,0.22724663,0.53517944,1.4605962,-1.6396646,-0.710977,0.710977,-1.5341566,0.13222906,0.65362746,1.222735,-1.0970079,0.15599626,1.8527892,0.7338371,-0.73461026,-0.06393463,0.7452366,-0.2633956,0.95105654,0.309017,0.8660254,0.5,-0.8660254,-0.5,0.0,0.0,1.0,0.0,0.0
2025-02-19 12:00:00,4.0,-0.76499474,-0.6433425,1.4839997,-0.55027676,1.2276249,-0.30537954,1.1083951,-0.29917815,-0.32370186,-0.1573488,0.3596885,-0.6203596,0.18118766,0.4722693,-0.51962423,-0.6640858,-0.9044309,0.5721758,0.0017653065,-0.07027969,-0.06874677,0.81018096,1.2470082,-0.24755378,0.24755378,-1.2186781,-0.24308069,0.16320042,0.61022574,-0.6331882,0.009910242,1.4019644,-0.02728833,-1.1527808,-0.45967814,0.3204954,-0.56149787,0.58778524,-0.809017,0.8660254,0.5,0.8660254,-0.5,0.0,1.0,0.0,0.0,0.0
2025-02-19 16:00:00,4.0,-1.4792994,-1.839657,-0.99350005,-1.253168,1.1160403,1.0993369,0.1547706,0.08917602,0.38706923,0.43489608,0.86465955,0.08723031,-0.61407375,-0.22841999,-1.0185395,-1.2716001,-0.9529446,0.13853042,-0.5511725,-0.68888783,-0.85421515,0.06460384,1.2050579,2.1349726,-2.1349726,-0.65830606,-1.0936881,-0.6989933,0.048157398,0.019796072,-0.47932586,0.91002494,-0.7978413,-1.5652475,-1.4615009,-0.42892534,-0.49356446,0.58778524,-0.809017,0.8660254,0.5,1.2246469e-16,-1.0,0.0,1.0,0.0,0.0,0.0
2025-02-20 08:00:00,4.0,0.11373645,1.2207617,-1.1814277,0.031262763,-1.0003464,-1.0434631,-0.8617965,-0.05560878,-0.27517042,-0.10113616,0.4314604,-0.57415533,-0.5002612,-0.13617682,-1.4087144,-1.0572389,-0.8843322,0.03179899,-0.5233504,-0.6455805,-0.81080025,0.24451949,-1.0165067,1.8138951,-1.8138951,-0.54475313,-1.0023606,-0.71974,0.42373964,-0.31647304,-0.7031149,1.0962292,-0.7330655,0.2236068,-1.2433875,-0.30038127,-0.5185963,0.58778524,-0.809017,0.8660254,0.5,-0.8660254,-0.5,0.0,0.0,1.0,0.0,0.0
2025-02-20 12:00:00,4.0,0.7684501,1.498658,-0.4581959,-1.4779818,-0.44444823,-0.7907796,-0.26894236,0.29835656,-0.24878234,-0.14649719,0.33005655,-0.47481173,-0.10248183,0.1813861,-1.3555427,-0.77162755,-0.5078253,0.25421634,-0.26323983,-0.29136252,-0.4125998,0.5563078,-0.036587305,0.7909451,-0.7909451,-0.27614897,-0.8184565,-0.006132254,0.6062519,-0.123705074,-0.3619354,1.0900135,-0.31711498,0.6708204,-0.31038943,0.19738373,-0.51705426,-0.58778524,-0.809017,0.8660254,0.5,0.8660254,-0.5,0.0,1.0,0.0,0.0,0.0
2025-02-20 16:00:00,4.0,-0.9894582,-1.6421523,-0.3565638,-1.438002,0.097209,-0.13909769,0.061094005,-0.09701934,-0.10515917,-0.026447162,0.45723233,-0.3358097,-0.59452784,-0.26626498,-1.4893999,-1.142952,-1.0482134,-0.02026103,-0.7114874,-0.81278014,-0.957295,0.111807354,0.5495515,1.7694147,-1.7694147,-0.21209292,-1.3437319,-0.67364657,0.41681534,0.32414025,-0.6669521,1.053721,-0.8389732,-0.6456926,0.06805196,-0.30015695,-0.12330771,-0.58778524,-0.809017,0.8660254,0.5,1.2246469e-16,-1.0,0.0,1.0,0.0,0.0,0.0
2025-02-21 08:00:00,4.0,0.015045117,0.3164705,0.74225783,0.59274805,-0.8197472,-1.0330721,-0.8036189,-0.055984102,-0.5608775,-0.44968116,0.09425313,-0.775258,-0.52619296,-0.20333374,-1.626162,-0.7661335,-1.0513239,0.29542533,-0.7635412,-0.90065813,-1.0074501,0.24199675,-0.7748205,1.6018125,-1.6018125,-0.18488654,-1.3590195,-0.72529626,0.7932986,-0.35919178,-1.0281918,1.0994147,-1.0142782,0.28399515,0.019757891,-0.22839256,-0.09765802,-0.58778524,-0.809017,0.8660254,0.5,-0.8660254,-0.5,0.0,0.0,1.0,0.0,0.0
2025-02-21 12:00:00,4.0,0.33106112,0.3261876,0.91558725,0.41151237,-0.24554645,0.45336217,1.2620211,0.23151734,-0.6459169,-0.6139381,-0.102041446,-0.79437834,-0.2897895,-0.0105463965,-1.5114309,0.11353018,-0.8407231,0.19874693,-0.5910326,-0.76862967,-0.8327266,0.45853195,0.009317909,1.1006527,-1.1006527,-0.67669153,-0.6095443,-0.37874472,1.0967333,-0.70469034,-0.9386046,0.76919883,-0.93686104,0.79496056,-0.1675049,-0.16179329,0.53158724,-0.95105654,0.309017,0.8660254,0.5,0.8660254,-0.5,0.0,1.0,0.0,0.0,0.0
2025-02-21 16:00:00,3.0,-0.5245756,-0.98339033,-0.5569738,0.45499998,-0.07132791,0.20529933,-0.51501274,-0.08129229,-0.57703143,-0.6170798,-0.12278551,-0.68083155,-0.5552022,-0.242061,-1.4743078,-0.19980203,-0.918044,0.18520178,-0.6440606,-1.626345,-1.1754903,0.19039743,0.10793361,1.4897896,-1.4897896,-0.5991196,-1.6351546,-0.7380574,1.1084652,-0.42402187,-1.6834774,0.7769161,-1.2092333,-0.63596845,0.09499683,-2.0388885,0.812977,-0.95105654,0.309017,0.8660254,0.5,1.2246469e-16,-1.0,0.0,1.0,0.0,0.0,0.0
2025-02-24 08:00:00,4.0,-0.27355954,-1.5371542,-0.82162625,-0.795291,-1.1163589,-1.0839512,-0.8328795,-0.040298384,-1.1090704,-1.2041442,-0.71203506,-1.1966591,-0.6591302,-0.3321192,-1.5921056,-0.7058201,-1.0782256,-1.1216122,-0.6571919,-1.6363916,-1.2923194,0.20415291,-1.193082,1.6316679,-1.6316679,-0.1709109,-1.7955276,-1.1110126,1.946849,-0.7052465,-1.6545144,1.0082492,-1.3683606,-1.1129448,-0.076791346,-2.166379,0.23318788,-0.95105654,0.309017,0.8660254,0.5,-0.8660254,-0.5,0.0,0.0,1.0,0.0,0.0
2025-02-24 12:00:00,4.0,0.04350869,-1.1203367,-1.1298333,0.60090333,2.6965852,-0.13432243,0.59884816,1.9531531,0.73210603,0.45469597,0.75020653,0.67374027,-0.5813119,-0.2757065,-1.1152107,-0.21125041,-0.9865716,-1.1570164,1.0207748,-1.3406974,-0.98987895,-0.15357745,1.3952992,0.8894523,-0.8894523,-0.747001,-1.0807176,-0.39365643,0.39938083,0.076695934,-1.250646,-0.08685096,-1.0253068,0.29241621,-0.2747753,-1.2623148,-0.5025135,0.0,1.0,0.8660254,0.5,0.8660254,-0.5,0.0,1.0,0.0,0.0,0.0
2025-02-24 16:00:00,4.0,-1.8954091,-1.6181141,-0.79198664,-1.2017391,1.2157722,0.23653749,-0.31392455,-0.18010937,1.4200851,1.2575771,1.601112,1.1525241,-1.5366136,-1.1903058,-1.2274182,-1.0909683,-1.320894,-1.7839783,-0.11017785,-2.4105592,-1.5957272,-0.9826091,1.2358493,1.6991471,-1.6991471,0.6717978,-1.7188817,-1.279143,-0.4672952,0.7605422,-2.1806445,-0.3358851,-1.6959338,-0.6640129,-1.0761096,-2.184418,-1.3386021,0.0,1.0,0.8660254,0.5,1.2246469e-16,-1.0,0.0,1.0,0.0,0.0,0.0
2025-02-25 08:00:00,4.0,0.20984621,1.2428138,-0.37096617,-0.76577014,-0.77570266,-0.8786831,-0.78322124,-0.13522793,0.48871526,0.54319245,0.9664739,0.2718468,-1.3340704,-1.0476425,-1.3982136,-1.1925443,-0.73441076,-1.3255664,0.09299723,-1.8375393,-1.4795684,-0.84438735,-1.0875938,1.4669008,-1.4669008,0.7816249,-1.414007,-1.3307236,0.024660168,0.5000293,-2.0902424,-0.29048565,-1.5664062,0.29241621,-0.82790875,-1.8992808,-0.5951338,0.0,1.0,0.8660254,0.5,-0.8660254,-0.5,0.0,0.0,1.0,0.0,0.0
2025-02-25 12:00:00,4.0,-0.69422513,0.41059548,1.9140215,-0.82516396,0.4153267,-0.38994986,-0.15538232,-1.1466694,0.609602,0.71572834,1.154245,0.34228906,-1.5976195,-1.3191801,-1.4421427,-1.2686436,-1.0062658,-1.4640155,-0.028759569,-1.8976429,-1.632479,-1.1240354,0.7660619,1.4358163,-1.4358163,0.8396601,-1.6544673,-1.626336,-0.22564349,0.6295661,-2.0059197,-0.8295228,-1.7258736,-0.69579333,-1.2700475,-1.8534635,-0.67120713,0.95105654,0.309017,0.8660254,0.5,0.8660254,-0.5,0.0,1.0,0.0,0.0,0.0
2025-02-25 16:00:00,4.0,0.031056356,0.11046353,1.7473485,0.14386383,0.30033803,0.62785506,0.0025613245,-0.11108606,0.62735397,0.77253556,1.1971793,0.3434144,-1.4902526,-1.2463374,-1.3867141,-1.1286533,-1.2781562,-1.3651204,-0.08640092,-1.5910418,-1.4768411,-1.0981162,0.6231597,1.3390399,-1.3390399,1.0357659,-0.8493343,-1.4881705,-0.25679386,1.2906725,-1.694773,-1.1383357,-1.5402771,0.28650314,0.03490385,-1.732219,-1.0675704,0.95105654,0.309017,0.8660254,0.5,1.2246469e-16,-1.0,0.0,1.0,0.0,0.0,0.0
2025-02-26 08:00:00,4.0,-0.36289737,-1.2985373,-0.036384325,-0.9037022,-0.92135715,-1.1012863,-0.836617,-0.13417104,-0.14274833,0.11998263,0.63991237,-0.4517377,-1.5995224,-1.3602676,-1.4915494,-1.3075492,-1.0452745,-1.5656083,-0.091348454,-1.5476447,-1.5932517,-1.2354581,-1.2023281,1.3941864,-1.3941864,0.969131,-0.93924093,-1.9306498,0.1191718,-0.4154186,-1.6291907,-1.1483047,-1.6993871,-0.69579333,-0.36051613,-1.849224,-1.3222938,0.95105654,0.309017,0.8660254,0.5,-0.8660254,-0.5,0.0,0.0,1.0,0.0,0.0
2025-02-26 12:00:00,4.0,2.6789181,1.0637758,-0.21930948,-0.46680427,0.6289089,0.3263115,0.9917628,2.0013716,1.5818373,1.5509303,1.7139807,1.3338931,-0.06496072,-0.16294846,-0.63852763,0.95197123,-0.13009726,-0.8842331,0.4041759,0.1329334,-0.19669248,-0.26833746,0.89457124,-0.58415294,0.58415294,1.4681098,-0.19257383,0.34715524,-0.28523898,0.16751175,-0.07138129,-1.0476984,-0.16976535,0.28650314,1.8648232,-0.061915047,0.23796593,0.58778524,-0.809017,0.8660254,0.5,0.8660254,-0.5,0.0,1.0,0.0,0.0,0.0
2025-02-26 16:00:00,4.0,-0.28725642,-0.4337689,1.0075129,0.38571998,-0.19163844,1.1977208,-0.18699461,-0.13306211,1.0561475,1.2280085,1.4984163,0.75965214,-0.1636401,-0.25150877,-0.3268083,0.7049534,-0.3590534,-0.88787186,0.472977,0.08169638,-0.23659483,-0.35620487,-0.0150337145,-0.45924434,0.45924434,1.497025,-1.1895466,0.19897784,-0.15761259,0.39950162,0.13735147,-1.0519363,-0.25391248,-0.69579333,1.5958363,-0.1697528,0.052378885,0.58778524,-0.809017,0.8660254,0.5,1.2246469e-16,-1.0,0.0,1.0,0.0,0.0,0.0
2025-02-27 08:00:00,4.0,0.017548544,1.2327,-0.22593874,-1.0240188,-1.1642473,-1.0947589,-0.85324466,-0.15434387,0.025533436,0.36437002,0.77018404,-0.2789071,-0.102939084,-0.19928281,-0.09618039,1.0362204,-0.15510978,-0.7987919,0.52973306,0.21796082,-0.12270978,-0.24632215,-1.5087757,-0.55267966,0.55267966,1.2092335,-0.905765,0.13022736,0.48510468,-0.20068982,0.21802713,-1.1188649,-0.113961354,0.26502472,1.7741721,-0.079471365,-0.12620008,0.58778524,-0.809017,0.8660254,0.5,-0.8660254,-0.5,0.0,0.0,1.0,0.0,0.0
2025-02-27 12:00:00,4.0,-0.65254503,0.1055855,0.09016758,1.6923722,-0.26796353,0.020790983,0.54555047,-0.82915664,0.14906445,0.45729476,0.8823032,-0.1601344,-0.43527657,-0.48847646,-0.01930929,0.69909626,-0.2836645,-1.0091964,-0.07524947,-0.06718336,-0.34365818,-0.55788994,-0.11057346,-0.16568388,0.16568388,1.3911394,-1.5205668,-0.21440943,0.25931135,-0.2099849,-0.19633882,-1.2462115,-0.33029217,-0.7095861,-0.43516478,-0.4239289,-0.08227966,-0.58778524,-0.809017,0.8660254,0.5,0.8660254,-0.5,0.0,1.0,0.0,0.0,0.0
2025-02-27 16:00:00,4.0,-0.6706824,-0.7804844,-0.67273325,1.1457227,0.8400709,0.65016615,-0.22199142,-0.08595723,0.66934985,0.9239298,1.3281685,0.3253075,-0.7556991,-0.7752951,-0.07379967,0.5396544,-0.5386279,-1.1079186,-0.15621261,-0.40399927,-0.5557786,-0.8865345,1.0324737,0.23142302,-0.23142302,1.4351643,-2.3922987,-0.4602181,-0.24439733,0.48803866,-0.49280044,-1.2080977,-0.59695035,-1.1869415,-0.69703853,-0.7750817,-0.15216732,-0.58778524,-0.809017,0.8660254,0.5,1.2246469e-16,-1.0,0.0,1.0,0.0,0.0,0.0
2025-02-28 08:00:00,4.0,-0.2024961,-0.6487181,1.8133745,-0.76273423,-0.96688837,-1.0518991,-0.8151526,-0.10756395,-0.10435493,0.26033837,0.77054006,-0.45962515,-0.80010283,-0.8143429,-0.14567171,-0.88090605,0.03856499,-0.95729595,-0.21699576,-0.41798922,-0.56537086,-0.93949527,-1.2209638,0.29495007,-0.29495007,-1.4075302,-2.2574427,-0.7073628,0.21023904,-0.86041576,-0.36941236,-1.2452314,-0.60927856,-1.6093404,-0.82169664,-0.48954007,-0.27608064,-0.58778524,-0.809017,0.8660254,0.5,-0.8660254,-0.5,0.0,0.0,1.0,0.0,0.0
2025-02-28 12:00:00,4.0,-0.10524215,1.0669163,0.3162201,-1.0244993,0.7846974,0.15115918,0.41701838,-1.1870582,0.33741826,0.6059103,1.0659652,0.006862363,-0.78960705,-0.80303353,-0.16479965,-0.7893337,-0.07093046,-0.59116304,-0.6923738,-0.41097075,-0.55181897,-1.0049819,0.92742294,0.29125193,-0.29125193,-1.2855054,-2.203879,-0.5885439,-0.08509959,-0.52712315,-0.62385964,-1.16496,-0.5881209,-1.9821205,-0.42586902,-0.48826534,-0.11640849,-0.95105654,0.309017,0.8660254,0.5,0.8660254,-0.5,0.0,1.0,0.0,0.0,0.0
2025-02-28 16:00:00,4.0,0.06311191,0.27088666,-0.75792354,1.8444206,-0.21530187,1.5310514,-0.016477562,-0.13939255,0.097592935,0.38304064,0.8655179,-0.2218294,-0.6750851,-0.71621287,-0.1510706,-0.7649734,0.19120441,-0.6058532,-0.45796308,-0.2551486,-0.46265912,-0.97209024,-0.10653178,0.1640736,-0.1640736,-1.2587806,-1.1291658,-0.52794445,0.09947491,-0.17130731,-0.46693468,-1.0867556,-0.49202514,0.33489907,0.08421893,-0.35041037,-0.15245137,-0.95105654,0.309017,0.8660254,0.5,1.2246469e-16,-1.0,0.0,1.0,0.0,0.0,0.0
2025-03-03 08:00:00,4.0,-0.15309499,-0.79415417,-0.7405411,1.1989369,-1.2302512,-1.2591546,-0.8681857,-0.075781666,-0.71800816,-0.37966394,0.18604258,-1.0545366,-0.69991785,-0.73349255,-0.16600776,-0.519585,0.12612845,-0.84590745,-0.45419192,-0.23990361,-0.44738466,-0.9928716,-1.6189997,0.016490066,-0.016490066,-1.360352,-1.197039,-0.7916581,0.72186077,-0.6600214,-0.23034872,-0.93488663,-0.49262246,-0.6115603,0.10786845,-0.38579193,-0.40631375,-0.95105654,0.309017,0.8660254,0.5,-0.8660254,-0.5,0.0,0.0,1.0,0.0,0.0
2025-03-03 12:00:00,4.0,0.9698612,0.67079043,-1.1354243,1.2240843,0.647408,0.018038675,0.668376,0.34258637,-0.19784302,-0.052098434,0.36266872,-0.39829403,-0.06531155,-0.2729848,0.06786591,0.25503618,0.5811255,-0.35938194,0.8972372,0.6497754,0.053023055,-0.6009074,0.8158827,-0.8180294,0.8180294,-0.72628826,-0.69178003,0.06666845,0.6656498,-0.64656377,0.3535113,-0.91397643,0.06261108,0.30408496,0.88388854,0.4609315,-0.25510883,0.0,1.0,1.0,6.123234e-17,0.8660254,-0.5,0.0,1.0,0.0,0.0,0.0
2025-03-03 16:00:00,4.0,0.9021653,0.8621657,1.2470759,-1.3787684,1.0809183,3.0,1.310345,-0.13033552,0.5162444,0.5266906,0.79673904,0.38377756,0.42549625,0.1336443,0.3666189,0.7742355,-0.07806483,-0.15042187,1.0600243,1.2574022,0.42194802,-0.31058103,1.1897049,-0.7016586,0.7016586,-0.54749453,1.2189157,0.8217993,0.37328014,0.13539876,1.4658544,-0.47898275,0.32776567,0.7728272,1.3378041,0.63238436,-0.335572,0.0,1.0,1.0,6.123234e-17,1.2246469e-16,-1.0,0.0,1.0,0.0,0.0,0.0
2025-03-04 08:00:00,4.0,-0.28578246,-0.83207333,0.61872554,-0.035008736,-0.98240787,-0.8703423,-0.9314092,-0.10975623,-0.2209756,-0.08640655,0.2664778,-0.38866332,0.3107854,0.040791053,0.54336715,0.70136166,-0.07243261,-0.31550866,1.0231111,0.99191684,0.4039405,-0.34594873,-1.0775636,-0.59811914,0.59811914,-0.4765657,0.95094454,0.6576133,0.87960553,-0.45212045,1.2394217,-0.41859877,0.32894883,-0.6612851,1.2357264,0.533559,-0.48280272,0.0,1.0,1.0,6.123234e-17,-0.8660254,-0.5,0.0,0.0,1.0,0.0,0.0
2025-03-04 12:00:00,4.0,-3.0,-1.3370754,0.07171778,-0.9206111,0.87068105,0.033679843,1.1219403,-2.5173767,2.2241158,2.2180607,2.50939,1.6743411,-1.6383084,-1.7339703,-0.058437902,-1.1004277,-1.3497167,-1.0944041,-0.25290117,-1.4047935,-1.1212046,-1.7737902,1.0044699,1.5669706,-1.5669706,1.5765535,0.3718806,-0.98430413,-1.6267058,0.9089916,-1.135226,-0.59859914,-1.2802216,-1.1393225,-1.8350747,-1.7225313,0.6937617,0.95105654,0.309017,1.0,6.123234e-17,0.8660254,-0.5,0.0,1.0,0.0,0.0,0.0
2025-03-04 16:00:00,4.0,-0.9799478,-1.1415247,-0.46590567,-0.033939652,0.41463083,1.0408497,0.03051533,-0.16879687,2.0212204,2.2463632,2.6186192,1.3508449,-1.9276094,-2.0578742,-0.49641848,-1.5377654,-1.4726744,-1.2899766,-0.8329487,-1.7546715,-1.3966521,-2.042032,0.6937305,1.4814005,-1.4814005,1.5001863,-0.56790334,-1.4326228,-1.8988397,1.562201,-1.7420045,-0.7071279,-1.5086403,-1.5533351,-2.6261792,-1.8082048,0.8398091,0.95105654,0.309017,1.0,6.123234e-17,1.2246469e-16,-1.0,0.0,1.0,0.0,0.0,0.0
2025-03-05 08:00:00,4.0,-0.39491355,-1.3163941,-0.24041586,-0.79944277,-1.0407548,-0.780093,-0.87853134,-0.10462725,0.9879093,1.4682755,2.000586,0.3689141,-1.9766407,-2.1146188,-0.8726118,-2.1169796,-1.3684835,-1.3874956,-1.0101765,-1.6770543,-1.5195459,-2.1756418,-0.99612814,1.6061195,-1.6061195,1.0941948,-0.6916606,-1.8580654,-1.5875077,0.69732773,-1.711722,-0.70716774,-1.6763175,-1.9213035,-2.46568,-1.9157487,0.38929683,0.95105654,0.309017,1.0,6.123234e-17,-0.8660254,-0.5,0.0,0.0,1.0,0.0,0.0
2025-03-05 12:00:00,4.0,3.0,-0.06278421,-0.2362164,2.4659135,2.5396745,1.0913247,1.8929526,3.0,3.0,3.0,3.0,3.0,0.30241787,0.053947542,0.018807082,0.44985318,0.8849831,0.6740299,2.043451,1.3977151,0.43378243,-0.4348306,1.3732321,-0.9065728,0.9065728,2.2605069,0.29521158,1.1739273,-2.0230908,2.6646814,1.3381786,-0.70877904,0.41552234,0.3422964,1.9536259,0.87204367,1.5608335,0.58778524,-0.809017,1.0,6.123234e-17,0.8660254,-0.5,0.0,1.0,0.0,0.0,0.0
2025-03-05 16:00:00,4.0,0.4796539,1.20916,-0.45839962,-0.6534782,0.22986281,1.1372133,-0.41471255,-0.29484588,2.9993532,3.0,3.0,2.1382933,0.47340646,0.25564018,0.46903524,0.88594246,1.1570235,0.7864561,2.3069265,1.3476003,0.6153455,-0.2562779,0.3572994,-1.0262153,1.0262153,2.1193423,1.105053,1.2753981,-1.691958,2.759914,1.5151409,-0.715448,0.55417925,0.7876398,2.3380005,1.0076207,1.513768,0.58778524,-0.809017,1.0,6.123234e-17,1.2246469e-16,-1.0,0.0,1.0,0.0,0.0,0.0
2025-03-06 08:00:00,4.0,-0.27823943,-0.66158277,1.0607908,-0.13874874,-0.9863123,-0.9367372,-0.8993535,-0.18925257,1.7166071,2.318707,2.610876,0.95728385,0.37778935,0.1568261,0.7747816,2.2961035,1.009958,0.8584268,2.0787838,1.0044022,0.5814987,-0.2530137,-1.151774,-0.92943895,0.92943895,1.3483398,0.78943306,1.1741697,-1.2470032,0.613181,1.2766992,-0.7369907,0.5575303,-0.5543682,2.2342665,0.9060845,1.1830643,0.58778524,-0.809017,1.0,6.123234e-17,-0.8660254,-0.5,0.0,0.0,1.0,0.0,0.0
2025-03-06 12:00:00,4.0,1.3763441,0.4831686,2.1472187,-0.82880783,2.7086515,0.4472487,1.7120613,0.43979502,3.0,3.0,3.0,2.105683,0.82527006,0.6863208,0.9030235,3.0,1.6863776,1.3029988,1.9874729,1.3365653,0.7654551,-0.040871825,1.3585441,-0.38596246,0.38596246,0.9914564,1.1457788,0.30064592,-1.7518677,1.6297462,1.662331,-0.7415603,0.75283283,0.3769155,0.47477219,0.30207783,1.3693521,-0.58778524,-0.809017,1.0,6.123234e-17,0.8660254,-0.5,0.0,1.0,0.0,0.0,0.0
2025-03-06 16:00:00,4.0,0.9699614,1.339266,-0.71661425,-0.6585925,0.4594227,1.5071331,-0.084289156,-0.15696685,2.5012672,2.92153,3.0,1.5769106,1.0942076,1.026187,1.1815101,3.0,1.775894,1.6778674,2.1397462,1.3680986,1.0368106,0.2776159,1.131287,-0.7718659,0.7718659,0.69193435,1.5267086,0.87169886,-1.4473735,2.0288644,1.3858515,-0.7347165,0.9636044,0.8718521,0.59065163,0.7307712,1.332268,-0.58778524,-0.809017,1.0,6.123234e-17,1.2246469e-16,-1.0,0.0,1.0,0.0,0.0,0.0
2025-03-07 08:00:00,4.0,0.25592354,1.3828654,-0.1762881,-1.2424798,-0.63917947,-0.65952,-0.8621334,-0.15746805,1.500854,2.1473606,2.4725933,0.65587705,1.1684285,1.123445,1.455104,1.3696879,1.5686358,1.0919076,2.142496,1.1629884,1.230791,0.5148522,-0.5462697,-0.9199268,0.9199268,-0.9751902,1.3072643,1.0591515,-0.9371942,-0.4404936,1.2224755,-0.7294186,1.200327,1.4002051,0.7844231,0.895197,1.137439,-0.58778524,-0.809017,1.0,6.123234e-17,-0.8660254,-0.5,0.0,0.0,1.0,0.0,0.0
2025-03-07 12:00:00,4.0,-2.0325549,-1.0470831,-0.40918413,-0.044794846,0.6571556,0.2053256,0.19700783,-1.2066007,2.2240965,2.7391694,3.0,1.1092141,0.06798123,-0.009972466,1.0523154,0.10253849,0.708522,0.46895674,0.9196247,0.41729745,0.30564654,-0.3417184,1.0961267,-0.26009923,0.26009923,0.060047667,0.7920853,0.088225484,-1.7312869,0.052195124,0.5150376,-0.72396374,0.20482631,-0.5183315,-0.7238638,0.16083935,1.2963592,-0.95105654,0.309017,1.0,6.123234e-17,0.8660254,-0.5,0.0,1.0,0.0,0.0,0.0
2025-03-07 16:00:00,4.0,-0.11727673,0.006707168,0.63088953,1.6388422,0.17731519,0.79900515,-0.24581265,-0.16663536,1.8604267,2.4473946,2.825377,0.74277264,0.07087913,-0.011205074,0.8387581,0.17990907,1.7843021,0.42445087,1.1134548,0.34572184,0.2657857,-0.36163428,0.96984637,-0.27174434,0.27174434,0.05310673,1.0199453,0.08089505,-1.6074466,0.4138661,0.29249218,-0.712302,0.1500142,0.48448488,-0.98127586,0.17336805,1.2887019,-0.95105654,0.309017,1.0,6.123234e-17,1.2246469e-16,-1.0,0.0,1.0,0.0,0.0,0.0
2025-03-10 08:00:00,4.0,-0.5675288,-1.0761966,0.48418766,-0.85003436,-0.5348262,-0.9072222,-0.86209667,-0.16610345,1.2406905,1.9751047,2.4674063,0.123336986,-0.16183205,-0.25653276,0.6147111,-0.78707343,1.8114401,0.3901087,0.86667955,0.14805914,0.09504309,-0.46768692,-0.23959833,-0.123899244,0.123899244,-0.24616678,0.75040036,-0.2526827,-1.4069648,-0.6552848,0.18769003,-0.041990153,-0.017593645,-0.5477588,-1.2738057,0.008709553,0.8987056,-0.95105654,0.309017,1.0,6.123234e-17,-0.8660254,-0.5,0.0,0.0,1.0,0.0,0.0
2025-03-10 12:00:00,5.0,-1.5277061,-1.2632324,-0.5029552,-0.5880252,1.2469503,0.15604316,0.6443897,0.13563184,1.9409829,2.4656494,2.880041,0.6419571,-0.82743764,-0.97259146,0.13968274,-1.9954456,1.2408144,0.023276467,0.062290568,-0.33500138,-0.5083707,-1.0162425,1.2184023,0.36792645,-0.36792645,-0.5496549,0.3619818,-0.83795774,-1.9393419,-0.34393755,-0.15943857,0.15357612,-0.6442808,-1.0823712,-0.8576181,-0.5366657,0.27371684,0.0,1.0,1.0,6.123234e-17,0.8660254,-0.5,0.0,1.0,0.0,0.0,0.0
2025-03-10 16:00:00,4.0,-0.5367896,-0.45437095,-1.139516,1.9010268,0.3893482,1.1093595,-0.14326455,-0.1697664,1.8822058,2.3981943,2.8114767,0.5497313,-0.9889534,-1.150354,-0.20371927,-2.2778008,-0.9236328,-0.112314165,-0.897191,-0.4914977,-0.6778095,-1.1352477,0.95585936,0.5072615,-0.5072615,-0.81020194,-0.1648927,-1.0164969,-1.9688714,0.027327295,-0.5384795,-0.16643591,-0.7788183,-1.538,-1.0141672,-0.69033355,0.35853878,0.0,1.0,1.0,6.123234e-17,1.2246469e-16,-1.0,0.0,1.0,0.0,0.0,0.0
2025-03-11 08:00:00,4.0,0.19307129,1.6083232,-0.6794545,-1.2702234,-1.1053672,-1.1772816,-0.9149303,-0.15455452,0.9300511,1.684914,2.2404969,-0.31099382,-0.84464645,-1.0108074,-0.42296153,-1.2095101,-1.036347,-0.020469578,-0.787405,-0.41843995,-0.60180426,-0.9950681,-1.2923034,0.39291736,-0.39291736,-1.0186307,-0.14476886,-1.1212687,-1.5216216,-0.69667155,-0.42757356,-0.09927441,-0.6983761,0.51321816,-0.65755963,-0.5640945,0.3903852,0.0,1.0,1.0,6.123234e-17,-0.8660254,-0.5,0.0,0.0,1.0,0.0,0.0
2025-03-11 12:00:00,4.0,0.37714672,-1.0443666,-0.6654918,-0.052475035,-0.34292597,0.075720884,1.5346603,1.011766,0.78533006,1.4864956,2.0396452,-0.4025299,-0.6224921,-0.8030726,-0.4786708,-0.9713399,-0.75984025,0.09436848,-0.7736089,-0.28472224,-0.44726294,-0.81252676,0.039130736,0.21698359,-0.21698359,-0.8670628,0.14881045,-0.8830903,-1.3150665,-0.6930143,-0.22755237,-0.17040062,-0.5369131,1.046778,0.19770901,-0.36613205,0.39339685,0.95105654,0.309017,1.0,6.123234e-17,0.8660254,-0.5,0.0,1.0,0.0,0.0,0.0
2025-03-11 16:00:00,4.0,-1.2606373,-1.0978681,-0.33384874,-0.5046539,0.5076135,0.5562939,-0.30371305,-0.1795451,1.1741387,1.7254562,2.2304947,-0.08604909,-1.1251715,-1.3136028,-0.65832746,-1.2942716,-1.846435,-0.30921507,-1.476843,-0.7134548,-0.9165398,-1.2093153,1.0533086,1.390345,-1.390345,-0.7367181,-0.37611747,-1.4189675,-1.6300838,-0.31767115,-0.5810254,-0.18660314,-0.9797007,-0.48472235,-0.12753393,-0.81842524,0.5859547,0.95105654,0.309017,1.0,6.123234e-17,1.2246469e-16,-1.0,0.0,1.0,0.0,0.0,0.0
2025-03-12 08:00:00,4.0,-0.27211133,-1.0140674,-0.9382217,0.116197616,-1.1860386,-1.2424684,-0.9026595,-0.20891596,0.43658498,1.1891971,1.8316307,-0.80303377,-1.1784892,-1.3599645,-0.8872957,-0.70697004,-2.257098,-0.6266224,-1.5645368,-0.7739835,-1.0353332,-1.2425618,-1.3282336,1.4505122,-1.4505122,-0.97824067,-0.5009297,-1.8238754,-1.3206905,-0.93194705,-0.7859863,-0.3547092,-1.1245182,-1.0204723,-0.3183471,-0.87774426,0.52521276,0.95105654,0.309017,1.0,6.123234e-17,-0.8660254,-0.5,0.0,0.0,1.0,0.0,0.0
2025-03-12 12:00:00,4.0,1.4249661,1.0238004,0.14782943,-0.2007186,-0.024165468,-0.5437569,0.5498386,0.75307965,0.80414736,1.297652,1.7999196,-0.32269147,-0.4711358,-0.732366,-0.625216,0.223466,-1.7111489,-0.3303271,-0.34541994,-0.22935006,-0.37155312,-0.68897885,0.73370546,0.65556026,-0.65556026,-0.520891,-0.26827323,-0.7041608,-1.1339961,-0.789232,-0.32168603,-0.5709155,-0.44745162,0.6756376,0.14631177,-0.2500096,0.5737685,0.58778524,-0.809017,1.0,6.123234e-17,0.8660254,-0.5,0.0,1.0,0.0,0.0,0.0
2025-03-12 16:00:00,4.0,-0.8180388,-0.8675632,0.75229055,-0.7867302,-0.033722937,0.71575624,0.18581538,-0.22596622,0.8400109,1.3076063,1.8139772,-0.30875576,-0.7872526,-1.0362256,-0.5954684,-0.25845897,-1.2299525,-0.55437213,-1.064164,-0.501313,-0.68015194,-0.93750936,0.79762936,1.0144937,-1.0144937,-0.4166332,-0.8063855,-1.1258293,-1.2534686,-0.42849815,-0.39587831,-0.61529887,-0.745165,-0.44824484,0.3266563,-0.5391497,0.49044886,0.58778524,-0.809017,1.0,6.123234e-17,1.2246469e-16,-1.0,0.0,1.0,0.0,0.0,0.0
2025-03-13 08:00:00,1.0,-0.12772547,-0.28690302,0.4186422,0.9939248,-1.2319113,-1.099452,-0.8944875,-0.21092755,0.103872195,0.7778597,1.429141,-1.0069702,-0.7922855,-1.0332129,-0.64128333,-0.49406815,-1.2209471,0.26121056,-0.9330433,-0.5767352,-0.7791982,-0.91439736,-1.6231922,0.98165655,-0.98165655,-0.34360597,-0.9324432,-1.4549807,-0.8871832,-0.7217835,-0.61384994,-0.61423665,-0.848799,-1.0038568,0.37186152,-0.5434166,-0.15911098,0.58778524,-0.809017,1.0,6.123234e-17,-0.8660254,-0.5,0.0,0.0,1.0,0.0,0.0
2025-03-13 12:00:00,1.0,-0.3186346,-0.118032716,1.0283568,0.9682487,-0.08593367,-0.17132808,0.38077906,-0.342575,0.25298414,0.7984595,1.4086895,-0.8475157,-0.89727634,-1.1269099,-0.62824106,-0.041587062,-1.1306756,0.41803563,-2.6094744,-0.7850397,-0.95632905,-0.99227166,0.3782725,1.0989833,-1.0989833,-0.5548828,-1.2873973,-1.5727673,-0.95377105,-0.82254887,-0.82848054,-0.9202581,-1.0742387,-1.5101459,-0.40750572,-0.6437547,-0.3281984,-0.58778524,-0.809017,1.0,6.123234e-17,0.8660254,-0.5,0.0,1.0,0.0,0.0,0.0
2025-03-13 16:00:00,1.0,0.09580472,0.38443735,0.48840156,1.1833429,-0.6610353,0.54708284,-0.18354122,-0.17886777,0.034462377,0.5824579,1.2175646,-1.0383224,-0.82480156,-1.0616794,-0.60118824,0.13255697,-0.5010286,0.5655036,-2.5517921,-0.91874623,-0.996901,-0.9174364,-0.25420973,0.9312859,-0.9312859,-0.54478973,-0.829141,-1.6129605,-0.76423424,-0.62435067,-0.962842,-0.8368239,-1.0163473,0.74359345,-0.00037004842,-1.4069301,-0.0009700965,-0.58778524,-0.809017,1.0,6.123234e-17,1.2246469e-16,-1.0,0.0,1.0,0.0,0.0,0.0
2025-03-14 08:00:00,4.0,0.006855679,0.030666102,2.518578,-0.034271598,-1.1516573,-1.3602071,-1.0370173,-0.124528706,-0.48150006,0.16545728,0.8960159,-1.5682622,-0.8047776,-1.0424445,-0.60512847,-0.58098525,-0.2879187,-1.0336717,-2.6754055,-0.8482892,-1.0253575,-0.8753264,-1.478114,0.7921894,-0.7921894,-1.049858,-0.8483801,-1.9262428,-0.37268052,-1.1241987,-0.83459884,-0.83508664,-1.0905406,0.21355318,0.058034375,-1.3613856,-2.0584843,-0.58778524,-0.809017,1.0,6.123234e-17,-0.8660254,-0.5,0.0,0.0,1.0,0.0,0.0
2025-03-14 12:00:00,4.0,1.3763772,1.2938739,0.2210645,-0.97871387,1.4009527,1.2993151,3.0,-0.572707,0.6063056,0.7447346,1.1746397,-0.1623932,-0.040228587,-0.42999944,-0.104386546,0.4858954,0.17368072,-0.73739195,-1.5461187,-0.081531845,-0.21301748,-0.3823746,1.2834543,-0.33763644,0.33763644,-0.40531337,-0.029993588,-0.47194156,-0.66886735,-0.5372174,-0.29632753,-0.6771985,-0.2217747,0.77345043,0.8670894,-0.56540585,-1.9766297,-0.95105654,0.309017,1.0,6.123234e-17,0.8660254,-0.5,0.0,1.0,0.0,0.0,0.0
2025-03-14 16:00:00,4.0,0.11798555,0.3146482,1.504192,0.48856717,-0.5116197,0.58697087,-0.5818677,-0.08394517,0.33629343,0.5614756,1.0244076,-0.4335195,0.060926843,-0.34234527,0.17583066,0.6191374,0.06392029,-0.6135652,-1.4526193,0.01973602,-0.10872965,-0.29760915,-0.08152064,-0.51697123,0.51697123,-0.4168308,0.5742859,-0.4495143,-0.49128145,-0.23022334,0.017551988,-0.66008776,-0.12241495,1.3300968,0.8596565,-0.4585089,-1.7240921,-0.95105654,0.309017,1.0,6.123234e-17,1.2246469e-16,-1.0,0.0,1.0,0.0,0.0,0.0
2025-03-17 08:00:00,4.0,-0.1974955,-0.9240631,-0.25082007,-0.15151438,-1.1770782,-1.3302058,-0.9144237,-0.13722445,-0.24072428,0.16506037,0.7433792,-1.0786978,-0.02396467,-0.4048575,0.34097993,0.6743145,0.5266372,-1.202654,-1.4321496,-0.0020069347,-0.11350847,-0.28524342,-1.2486387,-0.8553236,0.8553236,-0.37016633,0.4588397,-0.79768324,-0.1286777,-0.6462746,0.03513639,-0.64815164,-0.13324927,-0.3923307,0.7345292,-0.4524087,-2.6329727,-0.95105654,0.309017,1.0,6.123234e-17,-0.8660254,-0.5,0.0,0.0,1.0,0.0,0.0
2025-03-17 12:00:00,4.0,0.36865512,0.1979833,0.32580838,1.8261769,-0.10198631,-0.7215829,0.45175028,0.31731358,-0.1871648,0.12864636,0.66743684,-0.92096466,0.23290516,-0.19726278,0.55658174,0.8015563,0.7985172,-1.4283705,-1.4257889,0.36942306,0.22682098,-0.10500754,0.24488442,-1.2172949,1.2172949,-0.32126725,0.7085471,-0.494547,-0.017190708,-0.47935143,0.28019428,-0.6307753,0.3293495,0.7559543,0.23694094,-0.19000551,-2.109134,0.0,1.0,1.0,6.123234e-17,0.8660254,-0.5,0.0,1.0,0.0,0.0,0.0
2025-03-17 16:00:00,4.0,0.3885,1.2936347,-1.0277272,0.08915282,-0.6203937,-0.053724375,-0.056966346,-0.17918117,-0.39798754,-0.069200635,0.48743394,-1.0973389,0.5128114,0.03298346,0.8037113,0.97684735,0.33791947,-1.3823142,-1.2639059,0.9706307,0.63825667,0.14813416,-0.4573412,-1.5060874,1.5060874,-0.40696466,1.1133027,-0.26936212,0.30142936,-0.24961244,0.7506293,-1.4163182,0.6961518,1.3300968,0.37114313,0.438697,-1.7898557,0.0,1.0,1.0,6.123234e-17,1.2246469e-16,-1.0,0.0,1.0,0.0,0.0,0.0
2025-03-18 08:00:00,4.0,-0.102941826,-0.49185008,0.5717821,0.26116198,-1.176445,-1.0515348,-0.82371897,-0.14421526,-0.8717775,-0.4361724,0.2108001,-1.6459302,0.49417585,0.025941662,0.9655147,0.27321407,0.6724945,-0.63859826,-1.2196794,0.9808995,0.7517498,0.26104552,-1.6731256,-1.4002115,1.4002115,-1.1055411,0.91063714,-0.57523245,0.82087857,-1.2766714,0.9596089,-1.5028521,0.856923,-0.3923307,0.41835907,0.8448895,-2.4271672,0.0,1.0,1.0,6.123234e-17,-0.8660254,-0.5,0.0,0.0,1.0,0.0,0.0
2025-03-18 12:00:00,4.0,1.8458678,1.506688,-1.2266434,-0.45958638,0.6245806,0.082841754,0.6288551,0.8219004,-0.10944569,-0.06579649,0.33636457,-0.48108962,1.5558659,1.0036415,1.3954602,1.1101841,1.5303397,0.13473609,-0.301821,2.1606383,1.8731955,1.1219631,0.8844028,-1.5034871,1.5034871,0.33002618,1.2579479,1.3096489,0.6671695,-0.6520235,1.9563146,-0.62398064,2.0539744,0.7298001,1.0293603,1.7137938,-1.8781364,0.95105654,0.309017,1.0,6.123234e-17,0.8660254,-0.5,0.0,1.0,0.0,0.0,0.0
2025-03-18 16:00:00,4.0,-1.0325592,-1.2228099,-0.63478565,-0.7018159,0.42972732,0.5097319,-0.3106158,-0.104999915,0.1804673,0.14365809,0.4895926,-0.17483911,0.7277808,0.35070902,1.327459,0.6952122,1.1972121,-0.055422142,-0.8313009,1.2692055,1.136502,0.51763284,0.75269186,-0.78379196,0.78379196,0.81957924,0.747833,0.6222444,0.21239944,-0.04551479,1.6023307,-0.5074736,1.2494097,-0.40460262,0.13363422,0.8903376,-1.1759161,0.95105654,0.309017,1.0,6.123234e-17,1.2246469e-16,-1.0,0.0,1.0,0.0,0.0,0.0
2025-03-19 08:00:00,4.0,-0.13649496,-0.098277986,2.8834193,-0.78192484,-1.130502,-1.265498,-0.9313652,-0.24016868,-0.4609601,-0.26299313,0.21044312,-0.95419335,0.6953252,0.33811453,1.3099443,0.45513672,1.0873963,0.55090076,-0.8144075,1.0420629,1.168298,0.7103427,-1.5999032,-0.7425316,0.7425316,1.0959365,0.6551989,0.3948572,0.77883446,-0.523741,1.1065826,-0.350101,1.3533435,-0.9664732,0.11989544,0.8461814,0.01572932,0.95105654,0.309017,1.0,6.123234e-17,-0.8660254,-0.5,0.0,0.0,1.0,0.0,0.0
2025-03-19 12:00:00,4.0,0.36436352,1.3702452,-0.157791,-0.99572396,2.091837,0.60238373,2.785747,-2.0754206,0.7922822,0.5111008,0.6727182,0.55068743,0.9661253,0.6147654,1.0946333,0.45007637,1.2264361,0.94337714,-0.39581198,1.1238514,1.072413,0.6019672,1.2343285,-1.0095211,1.0095211,1.0991538,1.0072043,1.0476959,-0.10817276,0.6749317,0.8516895,0.26081502,1.1834114,0.7298001,-0.5187287,1.1291778,-0.30262735,0.58778524,-0.809017,1.0,6.123234e-17,0.8660254,-0.5,0.0,1.0,0.0,0.0,0.0
2025-03-19 16:00:00,4.0,-0.361354,-0.38368446,-1.0907296,2.035553,-0.06179991,0.05924356,-0.57046175,-0.16595134,0.5644984,0.43517864,0.63664836,0.24853091,0.6749163,0.3889789,0.9552797,0.3261113,0.51595294,0.7057151,-0.05313674,0.8132473,0.81989336,0.413246,0.22600439,-0.8007105,0.8007105,1.0979085,0.5568366,0.8039173,-0.09171332,1.1651958,0.7732178,0.5046943,0.93307734,-0.45068532,-0.060093474,0.89399767,-0.5068322,0.58778524,-0.809017,1.0,6.123234e-17,1.2246469e-16,-1.0,0.0,1.0,0.0,0.0,0.0
2025-03-20 08:00:00,4.0,-0.1751448,-0.9528973,-0.92010134,0.34151188,-1.0908593,-1.3617177,-0.9008909,-0.1165763,-0.23337878,-0.052136797,0.3201178,-0.6632266,0.5630666,0.3135009,0.8370374,-0.65383095,0.39513412,0.46768293,-0.16935782,0.6524388,0.7838439,0.49241343,-1.7527684,-0.6811389,0.6811389,-0.6115648,0.46871892,0.53535426,0.4635722,-0.19256905,0.6860869,0.67621285,0.9346825,-1.0048852,-0.10239495,0.8041639,-0.38898426,0.58778524,-0.809017,1.0,6.123234e-17,-0.8660254,-0.5,0.0,0.0,1.0,0.0,0.0
2025-03-20 12:00:00,4.0,-0.45968658,-0.11738484,1.7961422,0.022369677,0.61108774,-0.1623065,2.4744182,-0.37178543,0.15012865,0.18525395,0.47257197,-0.21350302,0.17425972,0.0015522295,0.5448784,-0.37119058,0.2831207,0.8281174,-0.63299227,0.35069287,0.3777883,0.09575581,0.8019033,-0.38795835,0.38795835,-1.1128843,0.14599015,0.3329657,0.082263,-0.1448354,0.48465702,0.78345895,0.4598611,-1.5337001,-0.60497224,0.5064753,-1.1159238,-0.58778524,-0.809017,1.0,6.123234e-17,0.8660254,-0.5,0.0,1.0,0.0,0.0,0.0
2025-03-20 16:00:00,4.0,-0.23434046,-0.47216237,0.46180302,0.31891158,-0.7369417,-0.030569756,-0.40635464,-0.14038138,-0.34670076,-0.13825503,0.25674564,-0.7634015,0.0056438292,-0.12956099,0.30026022,-0.41924316,0.035637733,0.84551245,-0.39602658,0.17939557,0.1965024,0.019393856,-0.879223,-0.2509965,0.2509965,-1.0820442,-0.21255207,0.040928412,0.442229,-0.0005707775,0.22680183,0.9645513,0.32634586,-2.015008,-0.51248956,0.37732434,-1.0485104,-0.58778524,-0.809017,1.0,6.123234e-17,1.2246469e-16,-1.0,0.0,1.0,0.0,0.0,0.0
2025-03-21 08:00:00,4.0,-0.060994115,0.116669476,2.9966576,-0.70112956,-1.0097679,-1.2426866,-0.84850436,-0.10706816,-0.9514077,-0.58408856,-0.0602621,-1.4303201,0.004812881,-0.11739194,0.07689539,-0.6277456,-0.14982532,0.18612866,-0.42816028,0.12864104,0.17980452,0.14177704,-1.6590809,0.33496293,-0.33496293,-1.4902129,-0.23952387,-0.21931255,1.1103432,-1.2612672,0.17384051,1.2404748,0.33753735,0.2448925,-0.42799047,0.3778712,-0.9041708,-0.58778524,-0.809017,1.0,6.123234e-17,-0.8660254,-0.5,0.0,0.0,1.0,0.0,0.0
2025-03-21 12:00:00,4.0,-1.4667459,-1.0972713,-0.058731623,-0.86297756,0.1993061,0.93862635,2.692695,-0.9496462,-0.3151784,-0.19430716,0.21972674,-0.65785116,-1.236885,-1.2334236,-0.45667836,-1.1613706,-0.73581034,-0.07991922,-1.1844488,-0.82108706,-0.88555264,-1.1443038,0.23988329,1.5362957,-1.5362957,-0.20758201,-0.78453356,-1.1665201,0.16133763,-0.89690274,-0.57815516,0.8046193,-0.809257,-0.2966403,-1.0796613,-0.68090767,-0.3920401,-0.95105654,0.309017,1.0,6.123234e-17,0.8660254,-0.5,0.0,1.0,0.0,0.0,0.0
2025-03-21 16:00:00,4.0,-0.2203899,-0.6182381,-0.6511929,0.8989952,-0.20498967,1.9352524,-0.20762618,0.11214596,-0.41844603,-0.2866153,0.14277728,-0.734841,-1.3338066,-1.3224728,-0.87692064,-1.170506,-1.5853543,-0.11831081,-1.0933207,-0.9902645,-1.0502127,-1.2856965,-0.27620783,1.3129354,-1.3129354,-0.24949168,-1.5592446,-1.3446755,0.23443703,-0.519484,-0.927457,0.32613325,-0.8902599,-0.8564026,-1.0326275,-0.8391933,-0.34682697,-0.95105654,0.309017,1.0,6.123234e-17,1.2246469e-16,-1.0,0.0,1.0,0.0,0.0,0.0
2025-03-24 08:00:00,4.0,0.22671492,1.290562,-0.42033124,-0.41600347,-0.6734875,-0.96223664,-0.8591997,-0.12463434,-0.8500717,-0.62517804,-0.11962803,-1.1571264,-1.0498552,-1.0904356,-1.1411173,-0.83972496,-1.0530273,0.11341711,-0.8968152,-0.90632564,-0.96250254,-1.0614704,-0.9119356,1.115796,-1.115796,0.0115929125,-1.4912245,-1.3484782,0.83454585,-1.0076374,-0.91329116,0.46803758,-0.81757057,0.8281991,-0.81584054,-0.75315994,-0.36092523,-0.95105654,0.309017,1.0,6.123234e-17,-0.8660254,-0.5,0.0,0.0,1.0,0.0,0.0
2025-03-24 12:00:00,4.0,-0.7982844,-1.283312,-0.86789876,-0.47885042,0.1513521,0.27942407,0.65313905,-0.030307287,-0.6017341,-0.49718782,-0.043110408,-0.83472043,-1.5630556,-1.5860438,-1.3829489,-1.1025066,-1.3201314,-0.2791105,-1.2508373,-1.4742062,-1.5014888,-1.710718,0.20997104,1.4778826,-1.4778826,0.0017849603,-1.6820383,-1.8253202,0.3796635,-0.6138291,-1.2585146,-0.048708875,-1.4193795,-0.2966403,-0.30152044,-1.3762894,-0.29612178,0.0,1.0,1.0,6.123234e-17,0.8660254,-0.5,0.0,1.0,0.0,0.0,1.0
2025-03-24 16:00:00,4.0,-0.3402096,-0.7539663,-0.5711698,0.60616255,-0.4720847,0.2826975,-0.45809633,-0.08248128,-0.7848586,-0.655198,-0.1769079,-1.0071005,-1.7310954,-1.7332398,-1.6521881,-1.223323,-1.5928649,-0.4402332,-0.8334105,-1.7066594,-1.7739674,-1.9477288,-0.56327075,1.4502321,-1.4502321,-0.09983747,-1.7616532,-2.1458862,0.5056891,-0.30920875,-1.6091422,-0.36915392,-1.6274542,-0.8564026,-0.36401963,-1.6237446,-0.752899,0.0,1.0,1.0,6.123234e-17,1.2246469e-16,-1.0,0.0,1.0,0.0,0.0,1.0
2025-03-25 08:00:00,4.0,-0.2519288,-1.2160106,0.21496177,-1.358589,-0.90598905,-1.1006855,-0.82858735,-0.08196429,-1.2080389,-1.000533,-0.45220873,-1.4538903,-1.8208407,-1.8064688,-1.9486737,-0.6514054,-1.5217375,-1.1481768,-0.9944593,-1.6634408,-2.001382,-2.1540964,-1.1512916,1.5820178,-1.5820178,-0.8196248,-1.5242293,-2.5763955,0.99143183,-0.9764995,-1.5915049,-0.37340444,-1.9468983,-1.3751656,-0.67757446,-1.8775092,-0.10259779,0.0,1.0,1.0,6.123234e-17,-0.8660254,-0.5,0.0,0.0,1.0,0.0,1.0
2025-03-25 12:00:00,4.0,1.238053,1.4083366,-1.1910449,0.055513013,1.3518317,-0.42167202,0.20303069,-0.026049718,-0.33904526,-0.5103323,-0.23603821,-0.27482662,-0.62940735,-0.88755906,-1.264945,0.038013548,-0.94657505,-0.64794874,-0.26123834,-0.8090554,-0.8277262,-0.95474863,1.0869731,0.44719058,-0.44719058,0.3387488,-1.1998369,-0.9751293,0.58381873,-0.30933312,-1.1244954,-1.4782466,-0.7456849,0.86142844,0.7349363,-0.6097992,-0.34068388,0.95105654,0.309017,1.0,6.123234e-17,0.8660254,-0.5,0.0,1.0,0.0,0.0,1.0
2025-03-25 16:00:00,4.0,-0.6982636,-1.0777996,-0.7980728,-0.12502219,0.08015866,-0.009912293,-0.28412703,-0.07915394,-0.2907466,-0.45023984,-0.19396794,-0.23701598,-1.1042622,-1.3047116,-1.1538336,-0.40322676,-1.0461712,-0.89134,-0.56944567,-1.2004882,-1.2722687,-1.4621676,-0.04809375,0.89548904,-0.89548904,0.4388135,-1.2062604,-1.4019789,0.27690208,0.05650345,-1.0191984,-1.5637915,-1.1934547,-0.2448925,0.50018716,-1.1182047,-0.2637125,0.95105654,0.309017,1.0,6.123234e-17,1.2246469e-16,-1.0,0.0,1.0,0.0,0.0,1.0
2025-03-26 08:00:00,1.0,0.35387245,1.8808284,-1.2504095,-1.2121354,-0.74445623,-1.1320443,-0.8147252,-0.07915394,-0.78326446,-0.8083345,-0.49514967,-0.74266016,-0.77121764,-1.0220674,-1.004427,0.1471156,-0.80927163,-0.9058292,-0.3118438,-0.907947,-1.0240785,-1.1701388,-0.93880713,0.5696711,-0.5696711,0.2531737,-1.0180613,-1.3468153,0.9119557,-0.3809624,-0.9123505,-2.136906,-0.95821184,0.86142844,0.87466764,-0.8359125,-0.3889273,0.95105654,0.309017,1.0,6.123234e-17,-0.8660254,-0.5,0.0,0.0,1.0,0.0,1.0
2025-03-26 12:00:00,1.0,-0.40296042,-0.9703921,-0.65442556,0.043775566,0.66805756,-0.61903745,0.06683895,0.5666547,-0.29121885,-0.4791252,-0.28929755,-0.1626376,-1.0157531,-1.2278945,-0.7970859,0.12076791,-0.93643105,-1.2565464,-1.2781036,-1.0442318,-1.1419373,-1.3888924,0.7031449,0.8128271,-0.8128271,0.32105735,-0.9730159,-1.323004,0.29564887,0.13948628,-0.85003525,-2.3242455,-1.1027614,-0.2448925,-0.3112527,-1.0898874,-0.34906825,0.58778524,-0.809017,1.0,6.123234e-17,0.8660254,-0.5,0.0,1.0,0.0,0.0,1.0
2025-03-26 16:00:00,1.0,-0.99378484,-1.3285004,-0.96453357,-0.63613296,0.19187099,0.3016054,0.056947432,-0.11339631,-0.117964864,-0.3145181,-0.15097423,-0.018241342,-1.5846596,-1.7495279,-0.9267315,-0.22919974,-0.73893905,-1.6386989,-1.5752298,-1.4317706,-1.6405716,-1.9800805,0.24113783,1.4516752,-1.4516752,0.6611963,-1.0350186,-1.8202909,-0.20808414,0.7184,-1.1902575,-2.1580014,-1.619246,-0.7966311,-0.42042145,-1.7446798,0.10292188,0.58778524,-0.809017,1.0,6.123234e-17,1.2246469e-16,-1.0,0.0,1.0,0.0,0.0,1.0
2025-03-27 08:00:00,1.0,0.11991842,1.1272285,-1.1782488,0.84129906,-1.0855185,-0.99037844,-0.8157326,-0.059314303,-0.80434924,-0.79564166,-0.5321192,-0.7586261,-1.4172603,-1.5970644,-1.0310669,-0.7698887,-0.60268354,-2.3169494,-1.508073,-1.235683,-1.4836916,-1.9585141,-1.5813591,1.2498274,-1.2498274,0.10312414,-0.8860485,-2.0488784,0.4625305,-0.4699573,-1.1918296,-2.2808177,-1.478124,0.8903524,-0.59421724,-1.5872737,-0.4527313,0.58778524,-0.809017,1.0,6.123234e-17,-0.8660254,-0.5,0.0,0.0,1.0,0.0,1.0
2025-03-27 12:00:00,1.0,-0.406567,-0.095088094,1.4161999,0.31379858,0.3373749,-0.16138564,0.3504623,-0.37599763,-0.51091844,-0.6148396,-0.42629868,-0.39097187,-1.5917904,-1.745063,-1.0102967,-0.62424403,-0.84581226,-1.9859596,-1.4563831,-1.2917528,-1.5124757,-2.1059413,0.28857568,1.1896648,-1.1896648,0.10656446,-0.9171889,-2.0385892,0.07156703,-0.3284856,-1.1987102,-2.0961173,-1.4694929,-0.23430327,-0.5660811,-1.4985949,-1.047165,-0.58778524,-0.809017,1.0,6.123234e-17,0.8660254,-0.5,0.0,1.0,0.0,0.0,1.0
2025-03-27 16:00:00,1.0,-0.54646844,-0.9400649,-0.42538953,-0.15925987,-0.25604245,0.74733937,-0.11230621,-0.11819682,-0.5858553,-0.6659025,-0.4748045,-0.47069758,-1.8102716,-1.9389606,-1.1298327,-1.0476156,-0.7393369,-2.094868,-1.4548068,-1.3895609,-1.6930158,-2.3814216,-0.44074807,1.3100652,-1.3100652,-0.47198245,-1.0646243,-2.3123512,-0.20925023,-0.06894981,-1.3636143,-2.0482786,-1.6687629,-0.7966311,-0.30115286,-1.5986911,-0.9446081,-0.58778524,-0.809017,1.0,6.123234e-17,1.2246469e-16,-1.0,0.0,1.0,0.0,0.0,1.0
2025-03-28 08:00:00,1.0,0.14815852,1.1884285,-0.09031086,-0.3587133,-1.1609709,-1.0306163,-0.85038674,-0.06254308,-1.1372137,-1.097146,-0.8581575,-1.0586146,-1.6034337,-1.7570947,-1.181226,-0.78687346,-0.5486541,-2.1116664,-1.3212113,-1.1856197,-1.5157912,-2.2808666,-1.3496325,1.0930669,-1.0930669,-0.11113198,-0.98378545,-2.4664497,0.20155019,-0.7786903,-1.284851,-2.1724684,-1.470205,0.8612126,-0.27066955,-1.4395583,-0.9265385,-0.58778524,-0.809017,1.0,6.123234e-17,-0.8660254,-0.5,0.0,0.0,1.0,0.0,1.0
2025-03-28 12:00:00,1.0,-1.0499986,-0.6367992,-0.39077538,0.60322964,0.30391112,0.028590113,0.78817374,-0.8834691,-0.5078373,-0.6692585,-0.5354168,-0.32125196,-2.0215137,-2.1522045,-1.2281873,-0.8149063,-0.8548617,-2.2808716,-1.6567577,-1.5277942,-1.8305562,-2.5544426,-0.20339759,1.1160533,-1.1160533,-0.14673243,-1.0904154,-2.5271616,-0.8273941,-0.525343,-1.6289787,-1.8976523,-1.7765571,-0.31333676,-0.55106646,-1.4007803,-0.57166713,-0.95105654,0.309017,1.0,6.123234e-17,0.8660254,-0.5,0.0,1.0,0.0,0.0,1.0
2025-03-28 16:00:00,1.0,-0.20852081,-0.02354221,1.7655138,0.13599081,1.6756763,1.3369509,-0.024067797,-0.08417358,0.2844475,-0.087614015,-0.10563617,0.48703563,-2.0095754,-2.1259315,-1.1066353,-0.96251553,-1.3964478,-2.198656,-1.7076168,-1.439176,-1.522899,-2.2290905,1.0655295,1.0032684,-1.0032684,-0.4103427,-1.2962718,-2.0125594,-1.4553142,0.49755552,-1.4230301,-1.6053606,-1.4620568,-0.87134045,-0.3676351,-1.2869083,-0.8862024,-0.95105654,0.309017,1.0,6.123234e-17,1.2246469e-16,-1.0,0.0,1.0,0.0,0.0,1.0
2025-03-31 04:00:00,4.0,-0.12258758,-0.7787802,0.72345805,-0.92843276,-1.1048188,-1.1825795,-0.896126,-0.04626161,-0.48838148,-0.5999019,-0.5202143,-0.31179386,-1.9666398,-2.0683513,-1.2150553,-0.8269287,-1.1613876,-2.0088906,-1.6714574,-1.3224428,-1.547102,-2.294315,-1.3039725,1.0609915,-1.0609915,-0.36330175,-1.2106289,-2.330494,-1.0578407,-0.17052422,-1.380005,-1.7226578,-1.5561513,-1.415108,-0.5503426,-1.2755497,-0.8392319,-0.95105654,0.309017,1.0,6.123234e-17,-0.8660254,-0.5,0.0,0.0,1.0,0.0,1.0
2025-03-31 08:00:00,4.0,-0.6560601,-0.36341277,-0.334702,1.2493494,0.061585147,-1.2086991,-0.90016764,-0.5815951,-0.285829,-0.44427478,-0.39461768,-0.116623096,-2.1088765,-2.2120452,-1.2201757,-0.8752581,-1.5195228,-2.077035,-2.0778117,-1.4216931,-1.6617396,-2.3523223,-0.316346,1.042339,-1.042339,-0.32066065,-1.1015422,-2.388099,-1.4188881,0.021098856,-1.4932809,-1.9961777,-1.7557771,-1.8964766,-0.31916273,-1.2328631,-0.79129654,0.0,1.0,1.0,6.123234e-17,0.8660254,0.5,1.0,0.0,0.0,0.0,1.0
2025-03-31 12:00:00,4.0,-1.1211252,-1.1916343,-0.7860171,-0.72230357,0.99566454,0.8526484,3.0,-0.030209744,0.21634798,-0.020859407,0.010618887,0.2970894,-2.3247676,-2.4632876,-1.3224462,-1.445379,-1.7444973,-2.324544,-2.5564494,-1.626978,-1.8973259,-2.4853978,0.7264773,1.1748497,-1.1748497,-0.4555489,-1.2564218,-2.4690576,-2.057696,0.8261557,-1.5336212,-2.0198143,-1.9857599,-2.3243763,-0.59752643,-1.3336555,-0.7458069,0.0,1.0,1.0,6.123234e-17,0.8660254,-0.5,0.0,1.0,0.0,0.0,1.0
2025-04-01 04:00:00,1.0,0.72509116,1.263138,-0.9999197,0.6013569,0.34815854,0.31148803,-0.12909944,-0.08737926,0.1800624,-0.03705288,-0.060936958,0.28307873,-1.7091837,-1.9853414,-1.1333716,-0.632011,-1.1132163,-1.5767611,-2.181594,-1.1256208,-1.3553042,-2.0009084,0.107863255,0.73026216,-0.73026216,0.46014914,-0.93970585,-2.0380156,-1.8227532,0.41445753,-1.2691177,-1.7446268,-1.364044,0.9319616,0.10727401,-0.82872677,-0.8137057,0.0,1.0,1.0,6.123234e-17,1.2246469e-16,-1.0,0.0,1.0,0.0,0.0,1.0
2025-04-01 08:00:00,1.0,0.68385565,0.13591927,1.0879718,1.210376,-1.005811,-1.4125994,-0.12909944,0.82290506,-0.14889969,-0.27865306,-0.33514014,0.0126822265,-1.213346,-1.59309,-0.79650116,-0.23540246,-0.91594166,-1.281957,-1.146021,-0.7664115,-0.9422048,-1.6739346,-0.96113735,0.45526785,-0.45526785,0.8618237,-0.8218636,-1.8061949,-1.4254367,-0.28521907,-0.7501969,-2.0683982,-0.88003933,1.4194089,0.9311346,-0.5167006,-0.9027715,0.95105654,0.309017,0.8660254,-0.5,0.8660254,0.5,1.0,0.0,0.0,0.0,0.0
2025-04-01 12:00:00,1.0,-0.10305012,0.026798584,1.3031386,0.6617441,0.3098557,0.8055583,3.0,-0.10290759,-0.06491625,-0.202382,-0.27522844,0.091774866,-1.2408206,-1.5894268,-0.4791233,-0.22535014,-0.8065264,-1.365971,-0.9340173,-0.73767287,-0.85970515,-1.6061677,0.1523193,0.5135985,-0.5135985,0.9432784,-0.96822226,-1.7243893,-1.4793059,0.25539708,-0.68410933,-2.1225226,-0.80522007,-0.20810793,1.2888895,-0.58293957,-1.0319184,0.95105654,0.309017,0.8660254,-0.5,0.8660254,-0.5,0.0,1.0,0.0,0.0,0.0
2025-04-02 04:00:00,4.0,0.29047328,0.6252969,-0.47730556,1.5846905,0.14273736,0.6646197,-0.18325987,-0.08331242,-0.11190977,-0.23770846,-0.34651968,0.06303226,-1.0293244,-1.4180819,-0.14620441,0.20642447,-0.5152733,-1.0264802,-0.7476555,-0.5668092,-0.6309065,-1.4348958,-0.083664425,0.23045202,-0.23045202,0.77808857,-0.63606,-1.5559031,-1.3776565,0.13651998,-0.6288563,-1.578412,-0.5206094,0.8523573,0.88456523,-0.45968223,-0.6237571,0.95105654,0.309017,0.8660254,-0.5,1.2246469e-16,-1.0,0.0,1.0,0.0,0.0,0.0
2025-04-02 08:00:00,4.0,-0.7899802,-0.32950282,1.7422718,-0.8248021,-0.45149183,-1.3249136,-0.18325987,-1.2203779,-0.3376323,-0.3676079,-0.42346945,-0.19242735,-1.263378,-1.5920979,-0.040341094,0.45454973,-0.7823158,-1.104538,-2.287675,-0.73212826,-0.89360195,-1.6651548,-0.61582416,0.50212187,-0.50212187,-0.05861557,-0.54495066,-1.8708754,-1.5099026,-0.30609414,-0.6104776,-1.5173311,-0.8098795,-0.24228348,-0.084084556,-0.7822947,-0.4343845,0.58778524,-0.809017,0.8660254,-0.5,0.8660254,0.5,1.0,0.0,0.0,0.0,0.0
2025-04-02 12:00:00,4.0,-0.2597161,-0.60601056,1.2426435,-1.1797934,-0.66238314,0.43296358,3.0,0.030228952,-0.6311213,-0.57959014,-0.6172887,-0.5123752,-1.3299036,-1.6265079,0.024288334,0.02357958,-0.48205978,-1.0903658,-2.4441285,-0.7300834,-0.97166204,-1.7507044,-0.706963,0.6535665,-0.6535665,-0.25905794,-0.6580283,-2.0725155,-1.4113064,-0.6010713,-0.6154201,-1.8207699,-0.90729004,-0.77403104,-0.14414485,-0.90967375,-0.46672106,0.58778524,-0.809017,0.8660254,-0.5,0.8660254,-0.5,0.0,1.0,0.0,0.0,0.0
2025-04-03 04:00:00,4.0,1.0992761,1.4272262,-0.8187958,-0.17282091,0.29673335,0.2726497,-0.22365068,0.0676487,-0.50644463,-0.5598429,-0.69402343,-0.28653938,-0.7406281,-1.2044227,0.3682172,0.1077921,-0.10736533,-1.2230369,-2.1011283,-0.3299223,-0.38381782,-1.329135,-0.016636817,-0.035855073,0.035855073,0.2850984,-0.36483693,-1.6728394,-1.2231182,-0.34144068,-0.44391257,-1.5692961,-0.29447886,0.90016687,0.53188825,-0.47942886,-0.18964386,0.58778524,-0.809017,0.8660254,-0.5,1.2246469e-16,-1.0,0.0,1.0,0.0,0.0,0.0
2025-04-03 08:00:00,4.0,-2.588088,0.87675214,0.37694162,0.08075959,1.1736739,-1.2571577,-0.22365068,-3.0,1.8583251,1.1764077,1.0295529,1.9468821,-1.4706923,-1.820116,0.15149872,-0.8939468,-0.8166782,-1.6337162,-2.9638464,-1.1271076,-1.0312504,-1.6171775,0.7508281,0.67038715,-0.67038715,2.373092,-0.27947262,-1.5212647,-2.4532075,1.218808,-1.155341,-1.1036903,-1.037774,-0.20766687,-0.3243995,-0.9870683,-1.4758903,-0.58778524,-0.809017,0.8660254,-0.5,0.8660254,0.5,1.0,0.0,0.0,0.0,0.0
2025-04-03 12:00:00,5.0,-1.9694022,-1.2378243,-0.57660854,-0.99283314,2.3083515,2.3189354,3.0,0.099314936,2.6670198,1.998915,1.9320822,2.407659,-1.8464364,-2.1837375,-0.23518108,-2.155333,-1.1800654,-2.231349,-3.0,-1.5727288,-1.4251931,-1.8536779,1.4146918,1.1413236,-1.1413236,2.2182367,-0.81103,-1.662516,-2.8460698,2.2722104,-1.389695,-0.95006305,-1.3410538,-0.7471858,-0.84976435,-1.32491,-2.2730026,-0.58778524,-0.809017,0.8660254,-0.5,0.8660254,-0.5,0.0,1.0,0.0,0.0,0.0
2025-04-04 04:00:00,5.0,-1.2572783,-0.9671442,-0.5982981,-0.2896805,1.396436,2.6598299,-0.25274646,0.12937938,2.719603,2.3144472,2.3613431,2.2245393,-2.032743,-2.3664334,-0.6308459,-2.4092305,-1.1578479,-2.3711877,-3.0,-1.64096,-1.6403562,-1.976526,1.0347849,1.0471375,-1.0471375,2.025554,-1.4829798,-1.7921655,-2.8998797,2.7536387,-1.7943604,-0.8763996,-1.3644795,-1.2975849,-2.205759,-1.2242813,-0.6913322,-0.58778524,-0.809017,0.8660254,-0.5,1.2246469e-16,-1.0,0.0,1.0,0.0,0.0,0.0
2025-04-04 08:00:00,5.0,-1.4379774,-0.82076365,0.20346236,-0.7582429,-0.85682845,-1.0106902,-0.25274646,-1.7143005,2.4177423,2.3223505,2.4897647,1.7544708,-2.1365764,-2.4650872,-1.0911692,-2.7928221,-1.8629227,-2.332022,-3.0,-1.5779718,-1.9235699,-2.1705263,-0.8318849,1.1560662,-1.1560662,1.7124954,-1.2203677,-2.0722558,-2.8760602,2.8555775,-1.8874756,-0.86899406,-1.7611098,-1.8051901,-1.1833271,-1.3217139,0.10416266,-0.95105654,0.309017,0.8660254,-0.5,0.8660254,0.5,1.0,0.0,0.0,0.0,0.0
2025-04-04 12:00:00,5.0,-2.5164394,-0.7363365,-1.0303879,0.8717922,3.0,3.0,3.0,0.10328952,3.0,3.0,3.0,3.0,-2.2905157,-2.643048,-1.2528789,-3.0,-2.8598454,-2.8108294,-3.0,-1.6410506,-1.920578,-2.0244389,1.5838428,0.6230404,-0.6230404,-1.0304847,-1.9708387,-1.7167807,-2.94504,3.0,-1.8742859,-0.66085094,-1.4014044,-2.2401197,-0.95827633,-0.8287428,1.3669095,-0.95105654,0.309017,0.8660254,-0.5,0.8660254,-0.5,0.0,1.0,0.0,0.0,0.0
2025-04-07 04:00:00,5.0,0.0660504,0.10909618,0.9613665,1.0680866,0.6502879,1.775285,-0.23873389,0.102324314,3.0,3.0,3.0,2.4653833,-2.1844292,-2.4954083,-1.4169692,-2.6668139,-2.7704506,-2.5660036,-2.925911,-1.270453,-1.7077963,-1.9019955,1.0933274,0.651692,-0.651692,-0.09449192,-1.918744,-1.6632558,-2.7299523,1.9264445,-1.3560691,-0.6734727,-1.0313466,-2.116493,-0.6195603,-0.8221847,0.5000352,-0.95105654,0.309017,0.8660254,-0.5,1.2246469e-16,-1.0,0.0,1.0,0.0,0.0,0.0
2025-04-07 08:00:00,5.0,-3.0,1.2632989,-0.97550255,0.7163113,1.6230133,-0.75497824,-0.23873389,-3.0,3.0,3.0,3.0,3.0,-2.373325,-2.763455,-1.2938182,-3.0,-3.0,-3.0,-3.0,-1.5642416,-1.7981788,-1.769817,1.4376748,0.5317593,-0.5317593,1.2009611,-1.3683305,-1.2427919,-2.493771,3.0,-1.757337,-0.3345791,-1.4828821,-2.0198607,-0.93925846,-0.65343934,2.1992373,0.0,1.0,0.8660254,-0.5,0.8660254,0.5,1.0,0.0,0.0,0.0,0.0
2025-04-07 12:00:00,5.0,1.5921373,1.0013738,0.788559,-0.6694668,1.2293476,1.7011049,3.0,0.183591,3.0,3.0,3.0,3.0,-1.780669,-2.2245834,-1.2432989,-2.3908217,-3.0,-2.744988,-2.6539333,-1.0093954,-1.2934568,-1.4754713,1.3186054,0.2730729,-0.2730729,2.1921256,-0.482566,-1.0019226,-2.2638328,2.9341688,-0.9721474,-0.2997484,-0.8429726,1.0264363,0.6117257,-0.37842727,0.63477314,0.0,1.0,0.8660254,-0.5,0.8660254,-0.5,0.0,1.0,0.0,0.0,0.0
2025-04-08 04:00:00,5.0,0.509791,0.31424296,2.8129125,-1.2166197,2.4699755,2.0629835,-0.2729084,0.21282789,3.0,3.0,3.0,2.972245,-1.6180831,-2.038461,-0.8121153,-1.6903057,-2.6264458,-2.2957444,-2.4744546,-0.7428876,-0.86703336,-1.1498708,1.4888078,0.21428448,-0.21428448,2.2909088,0.61014473,-0.60239726,-2.1614497,3.0,-0.47714663,-0.285635,-0.31928158,1.5143485,0.81914395,-0.3143054,0.7174011,0.0,1.0,0.8660254,-0.5,1.2246469e-16,-1.0,0.0,1.0,0.0,0.0,0.0
2025-04-08 08:00:00,5.0,2.6231105,1.4980452,-0.1044734,-1.1460705,-0.15899058,-0.7462858,-0.2729084,1.5897883,3.0,3.0,3.0,2.2163699,-0.73555446,-1.3196347,-0.30232945,0.23524375,-1.9877797,-1.6115677,-2.009589,-0.23637456,-0.29202053,-0.8118712,0.688721,-0.30994204,0.30994204,2.259085,0.66411686,-0.30580202,-1.8957913,1.939293,-0.21766968,-0.21168786,0.2912659,1.9836135,3.0,0.32850382,0.5717006,0.95105654,0.309017,0.8660254,-0.5,0.8660254,0.5,1.0,0.0,0.0,0.0,0.0
2025-04-08 12:00:00,5.0,0.033745497,-0.08714169,-0.99057823,2.9047065,-0.661926,0.31066635,2.1873374,0.16338749,2.2064867,2.746066,3.0,1.2391212,-0.73869383,-1.2936327,0.038680103,0.22836816,-1.3950877,-1.5541083,-1.7527363,-0.17071234,-0.29875126,-0.8838333,-0.3553479,-0.27529165,0.27529165,2.1335526,0.29419994,-0.5297085,-1.791156,1.3546293,-0.1275614,-0.6173415,0.2558818,-0.016669022,1.9639026,0.3162033,0.57595605,0.95105654,0.309017,0.8660254,-0.5,0.8660254,-0.5,0.0,1.0,0.0,0.0,0.0
2025-04-09 04:00:00,5.0,-0.11718569,-0.39457306,1.7996131,-1.3390743,-0.6373553,0.63746,-0.30308843,0.1978597,1.5842608,2.2564144,2.6226022,0.5303004,-0.76630145,-1.2877977,0.3297767,1.8594557,-0.9997915,-1.4206549,-1.692039,-0.13533619,-0.33394265,-0.9672425,-0.3160684,-0.20088716,0.20088716,-0.51942694,-0.20009625,-0.7734613,-1.7051909,-0.4361695,-0.0059039854,-0.98740286,0.18644772,-0.51673967,1.6204928,0.23905295,0.5998736,0.95105654,0.309017,0.8660254,-0.5,1.2246469e-16,-1.0,0.0,1.0,0.0,0.0,0.0
2025-04-09 08:00:00,5.0,-0.8178425,1.4059376,0.43851727,-1.5186728,-0.39433473,-0.857602,-0.30308843,-1.9250782,1.409521,2.0829036,2.49637,0.27697492,-0.89273006,-1.3649044,0.49737725,0.9127432,-0.9541242,-1.3500632,-2.0038042,-0.1987675,-0.47881055,-1.076759,0.4423213,0.022069607,-0.022069607,-0.20279343,-0.09896662,-0.991858,-1.698561,-0.59587485,-0.12673578,-1.0081781,-0.018439911,-0.9834722,-0.31383285,0.007835761,0.40783715,0.58778524,-0.809017,0.8660254,-0.5,0.8660254,0.5,1.0,0.0,0.0,0.0,0.0
2025-04-09 12:00:00,5.0,-1.2161155,-1.4476061,-0.85259676,-1.0003854,-0.23522457,0.5509397,2.756334,0.2019781,1.2236499,1.9160143,2.3841453,-0.0013521801,-1.0520495,-1.469803,0.48167494,0.22471228,-0.99164605,-1.7343662,-2.0090785,-0.30904102,-0.7170842,-1.259087,0.56922054,0.22234625,-0.22234625,0.18083428,-0.5045025,-1.3105471,-1.7208595,-1.1108766,-0.15229148,-1.221537,-0.26793155,-1.4325156,-0.6215663,-0.31756595,-0.09931848,0.58778524,-0.809017,0.8660254,-0.5,0.8660254,-0.5,0.0,1.0,0.0,0.0,0.0
2025-04-10 04:00:00,5.0,1.1411585,1.1363956,0.7141202,-1.190473,-0.25635332,0.08800277,-0.33428162,0.19443536,1.0058708,1.652993,2.1173415,-0.18742995,-0.7097692,-1.1987642,0.6846251,-0.38563856,-0.11078119,-1.6071194,-1.7743016,-0.08193701,-0.37897068,-1.0889832,0.77490056,-0.0023577574,0.0023577574,-0.99136525,-0.021540597,-1.2452691,-1.5744053,-1.1697677,-0.032623474,-1.2516109,-0.005803517,0.99189824,0.09998117,-0.09705324,0.064943016,0.58778524,-0.809017,0.8660254,-0.5,1.2246469e-16,-1.0,0.0,1.0,0.0,0.0,0.0
2025-04-10 08:00:00,5.0,3.0,-1.4490663,-0.53857934,-1.3934616,0.74513596,-0.93130124,-0.33428162,3.0,2.1772578,2.23243,2.368858,1.3857298,0.45850492,-0.26921487,1.3459463,1.3062729,1.0730214,-0.6818694,-1.0718398,0.6479535,0.77605695,-0.16898948,1.334326,-1.3053001,1.3053001,0.7650668,0.044360213,0.063955836,-1.3569559,-0.009694193,0.7785256,0.4215826,1.0925078,1.4250056,2.481849,0.9092474,0.47375056,-0.58778524,-0.809017,0.8660254,-0.5,0.8660254,0.5,1.0,0.0,0.0,0.0,0.0
2025-04-10 12:00:00,5.0,-0.38976416,-0.68638116,-0.42764494,0.563734,-0.63903755,0.2347698,2.0860994,0.066471525,1.5943087,1.888586,2.144381,0.66162956,0.33821067,-0.3412765,1.6919523,1.1638803,2.0415957,-0.8493678,-1.1421293,0.58991355,0.71227723,-0.2567001,0.22007233,-1.1972313,1.1972313,0.80174184,-0.3080382,-0.17550457,-1.3128021,0.007805632,0.57382905,0.6710065,0.9878697,-0.008113152,2.428718,0.7503608,0.3755232,-0.58778524,-0.809017,0.8660254,-0.5,0.8660254,-0.5,0.0,1.0,0.0,0.0,0.0
2025-04-11 04:00:00,5.0,-0.11039611,-0.35934302,1.4180596,-0.7416372,-0.8817991,0.03534074,-0.3626222,0.08063942,1.0927632,1.5501672,1.9027749,0.026751738,0.28181782,-0.36770353,1.8904312,1.4084932,1.5637645,-0.7520172,-1.1503952,0.5882019,0.7107253,-0.31458512,-0.56333476,-1.069461,1.069461,0.6357712,-0.5691774,-0.41322604,-1.2465307,-0.21014372,0.6010678,0.64732784,0.89496857,-0.47867596,1.6886965,0.66511077,0.21117397,-0.58778524,-0.809017,0.8660254,-0.5,1.2246469e-16,-1.0,0.0,1.0,0.0,0.0,0.0
2025-04-11 08:00:00,5.0,-0.38202953,-1.1741915,-0.25424233,-1.1200186,-0.7899236,-1.0072689,-0.3626222,0.27351946,0.7726294,1.3122659,1.735369,-0.3938748,0.1683567,-0.43686303,1.9262594,1.678506,1.3054578,-0.8074429,-1.3845712,0.5290055,0.6506217,-0.41157797,-0.1238188,-0.87647724,0.87647724,0.3790533,-0.4243082,-0.6832478,-1.2153804,-0.31721956,0.5560909,0.6310092,0.78119993,-0.93376285,-0.5025324,0.497408,0.18902466,-0.95105654,0.309017,0.8660254,-0.5,0.8660254,0.5,1.0,0.0,0.0,0.0,0.0
2025-04-11 12:00:00,5.0,-1.4812495,-1.3531463,-1.0802257,-0.7022869,0.011119809,0.5591106,2.657124,0.054583013,0.8624318,1.3571842,1.7985716,-0.3453932,-0.17131653,-0.66860557,1.6379162,0.58449036,0.15153001,-1.3477831,-1.622845,0.122543566,0.31467304,-0.6339495,1.1133547,-0.32128444,0.32128444,0.82527626,-0.8198692,-0.98038614,-1.3084292,-0.20329283,0.20088501,0.63445705,0.3493309,-1.376663,-0.8673991,0.18889156,0.4187256,-0.95105654,0.309017,0.8660254,-0.5,0.8660254,-0.5,0.0,1.0,0.0,0.0,0.0
2025-04-14 04:00:00,5.0,0.38871643,0.52381754,1.3403618,0.11319519,-0.81935465,0.26153392,-0.39103046,0.064316474,0.5852742,1.1181705,1.5960172,-0.66371614,-0.08889517,-0.59854907,1.5271983,-0.87371796,0.26408654,-0.83191544,-1.5096105,0.23823518,0.46305212,-0.6029775,-0.103600204,0.0920875,-0.0920875,-1.5608951,-0.18964861,-1.1156032,-1.2254791,-1.2665154,0.18769993,0.61931074,0.4116834,1.0410366,-0.6326943,0.27083993,0.92137843,-0.95105654,0.309017,0.8660254,-0.5,1.2246469e-16,-1.0,0.0,1.0,0.0,0.0,0.0
2025-04-14 08:00:00,5.0,1.588638,-0.39243424,-0.2531613,1.0804105,-1.0320048,-1.1110015,-0.39103046,1.5568736,0.5584765,0.9936743,1.4274735,-0.5690477,0.4179865,-0.21451347,1.6327345,0.020495253,0.80237967,-0.10344869,-1.2789788,0.9258483,0.98095816,-0.25491378,-0.9253145,-0.29810184,0.29810184,-0.7562985,-0.08222887,-0.81037074,-1.0620047,-1.0410552,0.83190066,0.6856905,0.96537507,1.5014898,0.39527795,1.0291419,1.560038,0.0,1.0,0.8660254,-0.5,0.8660254,0.5,1.0,0.0,0.0,0.0,0.0
2025-04-14 12:00:00,5.0,0.20911087,0.32982957,1.5673815,0.4442326,-1.1333138,-0.5170577,0.6057422,0.036577646,0.18054341,0.7059405,1.2068743,-1.0591887,0.45313954,-0.18580694,1.7812105,0.16757807,1.0812349,0.15631165,-1.2839147,1.0908769,1.0791483,-0.273556,-1.2003734,-0.35979325,0.35979325,-0.74106324,0.2852427,-1.095309,-0.9742819,-1.0624168,0.9896743,0.69762886,1.105341,1.9454452,1.0044067,1.1590055,1.4206903,0.0,1.0,0.8660254,-0.5,0.8660254,-0.5,0.0,1.0,0.0,0.0,0.0
2025-04-15 04:00:00,5.0,0.3070433,0.52661043,1.9541769,-0.75402784,-0.9628144,-0.5002111,-0.40718883,0.041229162,-0.04285506,0.4954853,1.0307692,-1.3343914,0.526974,-0.1288969,1.8872086,0.48166382,1.4875486,0.46797347,-1.2129188,1.2921629,1.2006683,-0.24628708,-0.9353581,-0.48443916,0.48443916,-0.80299616,0.7113746,-1.2905719,-0.888434,-1.0806532,1.2079452,0.99965405,1.1850466,2.270558,0.9595832,1.2340353,1.3160915,0.0,1.0,0.8660254,-0.5,1.2246469e-16,-1.0,0.0,1.0,0.0,0.0,0.0
2025-04-15 08:00:00,5.0,0.98314726,1.7752202,-1.0438538,-0.3678539,-0.7537057,-1.0178071,-0.40718883,0.07794274,-0.19064419,0.30782893,0.8444663,-1.4207977,0.8871436,0.121845424,2.0873384,1.5965428,1.4866387,1.150236,-1.2924852,1.8637364,1.6062669,-0.012776059,-0.7264719,-1.0372524,1.0372524,-1.6840214,0.8389685,-1.2903619,-0.7350273,-1.2123455,1.4970678,0.18680194,1.7019026,2.554317,0.6432211,1.6550843,1.1451708,0.95105654,0.309017,0.8660254,-0.5,0.8660254,0.5,1.0,0.0,0.0,0.0,0.0
2025-04-15 12:00:00,5.0,-0.69756615,-1.441865,-0.8229359,-1.2270807,-0.6281034,-0.2590362,0.78634846,0.036088433,-0.23416236,0.23124574,0.7888869,-1.420967,0.6185953,-0.03364847,2.0136626,1.1021367,0.14663269,0.96366423,-1.2640626,1.3439609,1.2850497,-0.22362322,-0.46051583,-0.5066313,0.5066313,-1.1018251,0.5288134,-1.6821452,-0.78002656,-1.139165,1.4014943,0.6827008,1.4009799,-0.0142699275,0.1726641,1.3009384,0.9471006,0.95105654,0.309017,0.8660254,-0.5,0.8660254,-0.5,0.0,1.0,0.0,0.0,0.0
2025-04-16 04:00:00,5.0,0.121522434,0.081723884,1.0121864,0.7393715,-0.6937086,-0.11044649,-0.42579547,0.044642463,-0.33114162,0.10338586,0.669705,-1.4756973,0.63064474,-0.020579804,1.9385012,0.4249591,0.31022096,1.8884118,-1.223583,1.265863,1.2299657,-0.21931913,-0.85887325,-0.49027047,0.49027047,-1.2955132,0.123325,-1.888255,-0.72516555,-1.2537688,1.1580461,0.5997793,1.4048992,-0.44236776,0.062103134,0.82729965,-0.65987164,0.95105654,0.309017,0.8660254,-0.5,1.2246469e-16,-1.0,0.0,1.0,0.0,0.0,0.0
2025-04-16 08:00:00,5.0,-0.6343598,-1.1150947,-0.3594967,-1.0088595,-0.9110483,-0.95861685,-0.42579547,-0.3317703,-0.37201178,0.029319009,0.60935503,-1.4644964,0.37854382,-0.17037418,1.6933455,0.03829483,0.14598635,1.4031683,-1.369191,0.576588,0.8171603,-0.47676307,-1.3200653,0.05551774,-0.05551774,-1.0153328,0.314869,-2.3059344,-0.7761627,-1.0876704,0.5256903,1.1838926,0.9360919,-0.84192574,-0.81542987,-0.045098446,-0.05935134,0.58778524,-0.809017,0.8660254,-0.5,0.8660254,0.5,1.0,0.0,0.0,0.0,0.0
2025-04-16 12:00:00,4.0,1.020429,1.682989,-0.5211817,-0.8185546,-0.22516572,-0.28947476,0.49182254,0.037071556,-0.38178366,-0.061496966,0.47895363,-1.3300898,0.82851565,0.13161322,1.655286,0.37051344,0.6054241,1.5574652,-1.1642128,1.2588592,1.2310903,-0.09927333,-0.050027616,-0.071116105,0.071116105,-0.6928156,0.81543106,-2.1142445,-0.6230635,-0.9162318,0.87447304,1.4210553,1.2583209,0.85083866,0.17942463,0.5634124,0.05299934,0.58778524,-0.809017,0.8660254,-0.5,0.8660254,-0.5,0.0,1.0,0.0,0.0,0.0
2025-04-17 04:00:00,4.0,0.7238389,1.5641645,-0.9928554,-0.017218437,-0.9121315,-0.27472472,-0.44112146,0.0416295,-0.50838023,-0.20890327,0.32369322,-1.4143881,1.1405379,0.35195872,1.7509335,0.25585,1.3195018,1.1681857,-1.0321707,1.7596214,1.5660288,0.17694257,-1.0976411,-1.9060677,1.9060677,-0.6894329,1.4967204,-2.179307,-0.4695072,-0.90490866,1.4112365,1.8296655,1.5983945,1.2333536,0.547956,1.0055257,0.42674884,0.58778524,-0.809017,0.8660254,-0.5,1.2246469e-16,-1.0,0.0,1.0,0.0,0.0,0.0
2025-04-17 08:00:00,4.0,0.45075318,-0.9060838,0.20394726,-1.0408772,0.07865645,-1.0141313,-0.44112146,0.9012446,-0.3794522,-0.18810704,0.2866337,-1.084082,1.3103142,0.48816198,1.7375569,0.78611344,1.332602,1.287656,-0.9055632,1.9300567,1.6822518,0.47386706,0.5314298,-2.1424644,2.1424644,-1.0694065,1.7149768,-1.9336061,-0.42684597,-0.69016594,2.0890543,2.1472318,1.7431511,1.5867666,1.0997825,1.2433362,0.35099283,-0.58778524,-0.809017,0.8660254,-0.5,0.8660254,0.5,1.0,0.0,0.0,0.0,0.0
2025-04-17 12:00:00,4.0,0.0094088735,-0.29543874,0.6122739,0.305406,-1.2215853,0.33623025,1.0942607,-0.004203828,-0.5558629,-0.33573043,0.15677738,-1.3050603,1.2489887,0.48072025,1.7422895,0.73171365,0.81469315,1.326061,-0.88356364,1.6836983,1.5712186,0.4587813,-1.5217848,-1.8690504,1.8690504,-1.0581236,0.7706295,-2.3264263,-0.35222483,-0.7475213,1.6094784,2.2203047,1.626474,-0.09103863,0.43854278,1.135656,0.5753903,-0.58778524,-0.809017,0.8660254,-0.5,0.8660254,-0.5,0.0,1.0,0.0,0.0,0.0
2025-04-22 04:00:00,4.0,0.21154392,0.29454216,1.8562964,0.28489715,-1.1383888,-0.17052029,-0.46323782,0.023819534,-0.7024543,-0.47777206,0.019902417,-1.4725289,1.295648,0.53895134,1.7173721,1.1091429,0.81440747,1.552101,-0.85131687,1.6169056,1.549646,0.56636304,-1.6045756,-1.8357791,1.8357791,-1.7462314,1.7421528,-2.6120183,-0.23781493,-0.832179,1.5685239,1.3199075,1.645375,0.739499,0.11138808,1.1873796,1.1433474,-0.58778524,-0.809017,0.8660254,-0.5,1.2246469e-16,-1.0,0.0,1.0,0.0,0.0,0.0
2025-04-22 08:00:00,4.0,-0.35720444,-1.3007299,-0.9802549,-0.7642431,-0.45230532,-1.0114402,-0.46323782,0.14769441,-0.6937635,-0.51491153,-0.033795413,-1.3748126,0.98768467,0.3962378,1.4936864,0.47825652,0.5967579,1.7037516,-0.71869093,0.94474834,1.0703032,0.3613173,-0.8020425,-1.0658264,1.0658264,-1.6047816,1.7612479,-2.786068,-0.2813614,-0.84452397,1.0413764,0.8156114,1.0700841,-0.097669676,-0.44141236,0.7322013,1.8210613,0.95105654,0.309017,0.8660254,-0.5,0.8660254,0.5,1.0,0.0,0.0,0.0,0.0
2025-04-22 12:00:00,4.0,0.71822095,1.5081289,-0.29707357,-0.8884969,-0.49013954,-0.22475436,0.27058813,0.0058306037,-0.72781897,-0.5938701,-0.14987586,-1.3170881,1.3205162,0.66242975,1.4441441,0.4750493,0.5141232,1.6167617,-0.57305616,1.4724727,1.3383942,0.85231155,-0.97397375,-1.2716622,1.2716622,-1.5265673,2.483969,-2.5931396,-0.10886136,-0.7573518,1.1185322,0.8280223,1.2970022,0.7170276,0.082469724,0.7036799,1.7201384,0.95105654,0.309017,0.8660254,-0.5,0.8660254,-0.5,0.0,1.0,0.0,0.0,0.0
2025-04-23 04:00:00,4.0,0.6739791,1.5917616,-0.5888334,-0.8063787,-0.7587752,-0.21607462,-0.47625127,0.0055098105,-0.7904242,-0.6855279,-0.27281776,-1.3227232,1.6010894,0.9179379,1.5055411,0.57616866,0.9499258,0.8741159,-0.4959604,2.1352289,1.6863424,1.3535018,-1.1567397,-2.0777535,2.0777535,-0.75076616,3.0,-2.48445,0.09018735,-0.9377794,2.0076914,0.8396108,1.6102492,1.1204593,0.43601593,2.6398084,2.3853767,0.95105654,0.309017,0.8660254,-0.5,1.2246469e-16,-1.0,0.0,1.0,0.0,0.0,0.0
2025-04-23 08:00:00,4.0,1.5673599,1.3990955,-0.551511,-0.4086647,0.5639709,-0.9337348,-0.47625127,0.67733306,-0.53182966,-0.5821057,-0.2914036,-0.6942293,2.2469199,1.5355203,1.6537857,1.2877413,1.4036459,1.3725957,-0.09944674,3.0,2.393012,2.4739223,0.18737312,-2.865838,2.865838,0.17598802,3.0,-1.3727736,0.2750109,-0.392801,3.0,1.3725609,2.4366417,1.4792682,1.7283772,3.0,2.900716,0.58778524,-0.809017,0.8660254,-0.5,0.8660254,0.5,1.0,0.0,0.0,0.0,0.0
2025-04-23 12:00:00,4.0,0.10970479,0.07569794,2.1714375,-0.32773808,-1.211174,0.31191242,0.6357427,0.0031285877,-0.70794404,-0.7077356,-0.411595,-0.96337414,2.1197145,1.513867,1.8402699,1.2291778,1.6021895,1.4146518,-0.030865265,2.4890842,2.2805855,2.4691348,-1.5533775,-2.4294026,2.4294026,0.20217413,1.7743781,-1.6581964,0.4374432,-0.3886516,2.9872968,1.8987992,2.3452976,-0.15645467,1.2405453,2.672228,2.6321924,0.58778524,-0.809017,0.8660254,-0.5,0.8660254,-0.5,0.0,1.0,0.0,0.0,0.0
2025-04-24 04:00:00,4.0,0.53768873,0.75316864,1.1836566,-0.8374129,1.2585706,1.0538263,-0.49435487,-0.0060489364,-0.585023,-0.6587519,-0.42905718,-0.64750427,2.1870966,1.6619393,1.8134274,1.5977875,1.4329021,1.6142645,0.11050187,2.3002017,2.2587807,2.6451962,0.6771807,-2.0932145,2.0932145,-0.5445646,3.0,-1.2248815,0.4931374,-0.13444704,2.5388103,2.2671635,2.2194579,0.63561916,1.0888455,2.319905,2.5062885,0.58778524,-0.809017,0.8660254,-0.5,1.2246469e-16,-1.0,0.0,1.0,0.0,0.0,0.0
2025-04-24 08:00:00,4.0,-0.3911129,-1.4132739,-1.1929578,-0.6488921,-1.1474894,-1.0140165,-0.49435487,-0.07587984,-0.69338363,-0.7313966,-0.49852014,-0.8203149,1.7788936,1.4549589,1.6991224,1.1008222,1.080158,1.8313816,-0.15882894,1.7246109,1.7890604,2.3474205,-1.4831066,-1.5369399,1.5369399,0.7204134,2.7963214,-1.6216655,0.51001483,-0.20676214,1.8111284,2.183735,1.6919256,-0.17142,-0.35719636,1.8087361,-0.3884384,-0.58778524,-0.809017,0.8660254,-0.5,0.8660254,0.5,1.0,0.0,0.0,0.0,0.0
2025-04-24 12:00:00,4.0,0.6788496,1.2949986,-0.6152582,-0.11217989,0.6553598,-0.053234175,0.18012379,-0.031028314,-0.68571067,-0.7538202,-0.5667652,-0.7166221,1.9522647,1.676437,1.6036894,1.0959109,1.1393414,1.8556198,0.08967361,1.8597121,1.9153978,2.6448128,-0.3389317,-1.9529506,1.9529506,0.70217913,2.7790082,-1.3556637,0.69212943,-0.046240732,1.6496053,1.6125748,1.7050486,0.63561916,0.03351113,2.0448942,-0.24018022,-0.58778524,-0.809017,0.8660254,-0.5,0.8660254,-0.5,0.0,1.0,0.0,0.0,0.0
2025-04-25 04:00:00,4.0,1.0728211,1.6241497,-1.0286217,-0.5926369,1.6488092,0.54148424,-0.506708,-0.0039174906,-0.5997541,-0.7275635,-0.61011463,-0.44782063,2.2307491,2.035522,1.5993074,0.87681186,1.4386047,1.7016135,0.26383263,2.028862,2.2001913,3.0,0.7076901,-2.3405025,2.3405025,0.13769531,2.836096,-0.7528388,0.91317856,-0.25521854,1.7704319,1.6338186,2.0119905,1.0328683,0.36265874,2.41529,0.3679107,-0.58778524,-0.809017,0.8660254,-0.5,1.2246469e-16,-1.0,0.0,1.0,0.0,0.0,0.0
2025-04-25 08:00:00,4.0,0.6502299,0.22565114,2.037646,-0.44501197,0.075929426,-1.0961517,-0.506708,0.46394646,-0.5204848,-0.6882838,-0.6275441,-0.22914681,2.2920475,2.181961,1.585565,1.10414,1.5401467,1.7615988,0.48413062,1.9029913,2.1956227,3.0,-0.5966035,-1.8257984,1.8257984,0.041777514,2.3368654,-0.3383935,1.0116979,0.17074403,1.8553663,1.5477362,2.1091452,1.3900951,1.1437714,1.9426157,0.4347642,-0.95105654,0.309017,0.8660254,-0.5,0.8660254,0.5,1.0,0.0,0.0,0.0,0.0
2025-04-25 12:00:00,4.0,0.43881422,1.219879,0.28248933,-1.303921,-0.74629045,0.26758844,0.38707763,-0.0066474057,-0.6711017,-0.78782773,-0.73140544,-0.46878865,2.2650118,2.213153,1.665551,1.0517908,1.7254446,1.7468723,0.768546,1.7202195,2.2241297,3.0,-1.1309205,-1.9893483,1.9893483,0.050235197,2.2947676,-0.37023816,1.2864605,-0.19152376,1.57748,1.7691158,2.1221795,1.7117808,0.9319827,2.0669951,0.4470129,-0.95105654,0.309017,0.8660254,-0.5,0.8660254,-0.5,0.0,1.0,0.0,0.0,0.0
2025-04-28 04:00:00,4.0,0.6467376,1.5602674,-0.7830678,-0.9869828,-0.12561484,0.63231367,-0.5223337,-0.017193506,-0.7444351,-0.85199034,-0.81926394,-0.5433907,2.2898307,2.3023155,1.7084844,1.4693902,1.6695387,1.641528,0.9143321,1.6305276,2.3210318,3.0,-0.7817662,-2.0108967,2.0108967,-1.5351772,2.2542214,-0.18863343,1.5921966,-0.09707915,1.464004,2.2234213,2.2079732,2.0090578,0.61917126,2.0622694,0.52112716,-0.95105654,0.309017,0.8660254,-0.5,1.2246469e-16,-1.0,0.0,1.0,0.0,0.0,0.0
2025-04-28 08:00:00,4.0,-0.21399617,-1.0324012,0.11289072,-0.9503016,-1.062569,-1.0904512,-0.5223337,0.0011833169,-0.86615676,-0.93792284,-0.9007064,-0.7652825,1.9913654,2.0759232,1.6207772,1.0844177,1.4009899,1.6973652,0.95926785,1.3167541,2.02491,2.8255014,-1.5507729,-1.6988443,1.6988443,-0.154706,1.8909708,-0.5591398,1.7368567,-0.32283276,1.2726539,2.4299092,1.9739366,-0.26534724,-0.043927386,1.7777098,0.4506888,0.0,1.0,0.8660254,-0.5,0.8660254,0.5,1.0,0.0,0.0,0.0,0.0
2025-04-28 12:00:00,4.0,0.41058934,1.1506782,0.05392222,-0.87468195,-0.46633276,-0.12041734,0.07034104,-0.020388486,-0.9222972,-0.99880606,-0.98399323,-0.81638134,1.9884995,2.0903943,1.5112926,0.80643016,1.0741105,1.7153269,1.1805781,1.2560419,2.0297272,2.8216577,-0.9651192,-1.791658,1.791658,-0.6741326,1.781751,-0.5103561,1.9812692,-0.5728953,1.1635495,1.9870325,1.9393287,0.47461525,-0.051181305,1.839949,0.31296232,0.0,1.0,0.8660254,-0.5,0.8660254,-0.5,0.0,1.0,0.0,0.0,0.0
2025-04-29 04:00:00,4.0,-0.43664148,-1.1556226,-0.20257382,-0.9172616,0.066973224,0.51962477,-0.53360975,0.000671956,-0.9033552,-0.999664,-1.0042717,-0.73981124,1.5992678,1.7991962,1.1697873,0.35245255,0.9179785,1.7067873,1.073772,0.9745011,1.5318861,2.4316316,-0.54807544,-1.4143566,1.4143566,0.09899983,1.3249431,-0.77233803,1.8599192,-0.7190015,0.98350245,1.9011123,1.4770504,-0.27246806,-0.96582794,1.5071483,0.7914249,0.0,1.0,0.8660254,-0.5,1.2246469e-16,-1.0,0.0,1.0,0.0,0.0,0.0
2025-04-29 08:00:00,4.0,0.11709402,0.25898787,-0.25035623,2.402562,-0.7514859,-1.0670007,-0.53360975,-0.006658909,-0.9677561,-1.0594724,-1.0793493,-0.8298888,1.55672,1.7462955,0.9098783,0.21872613,0.80027336,1.5013494,1.3266238,0.89178133,1.4329894,2.3772004,-1.2693093,-1.3713566,1.3713566,0.011319031,1.1915399,-0.9161911,2.002828,-0.6867708,0.7998753,1.8728492,1.4290547,0.47461525,-0.589285,1.4531144,1.0369518,0.95105654,0.309017,0.8660254,-0.5,0.8660254,0.5,1.0,0.0,0.0,0.0,0.0
2025-04-29 12:00:00,4.0,-0.41747594,-1.1512882,-1.1759632,0.39129293,-0.110818855,-0.25503004,-0.05628072,-0.01753639,-0.94568145,-1.0564065,-1.096382,-0.757312,1.2248616,1.4956142,0.4930618,-0.22666922,0.7893806,1.2618465,1.2820256,0.64300656,1.0211322,2.0854654,-0.7426733,-0.82136035,0.82136035,-0.5270656,0.9516593,-1.1964059,1.8253629,-0.63013136,0.62254876,2.087743,0.9737399,-0.29199654,-1.3487933,1.1211411,1.851129,0.95105654,0.309017,0.8660254,-0.5,0.8660254,-0.5,0.0,1.0,0.0,0.0,0.0
2025-04-30 04:00:00,4.0,-0.13592617,-0.44553378,-0.7288258,1.9868684,-0.36832055,0.08612108,-0.54302174,-0.027986592,-0.9618482,-1.0798242,-1.1388755,-0.7550032,1.0767087,1.371967,0.093172364,-0.19416128,0.57168794,1.137129,1.2919679,0.5001659,0.79504937,1.9406596,-0.9436753,-0.468767,0.468767,-0.58223426,0.66235054,-1.3801101,1.8037603,-0.5023503,0.4492917,2.5772574,0.8014155,-0.68304056,-0.9588903,0.97509766,2.1080472,0.95105654,0.309017,0.8660254,-0.5,1.2246469e-16,-1.0,0.0,1.0,0.0,0.0,0.0
2025-04-30 08:00:00,4.0,0.31118384,0.7959638,0.8658637,-0.74358636,-0.9633769,-1.0549444,-0.54302174,0.042072766,-1.0107961,-1.1297041,-1.2103208,-0.81549203,1.1457456,1.4123673,-0.16051564,-0.23682654,0.36893454,1.1834607,1.5094358,0.524422,0.83852273,1.9987986,-1.5549319,-0.7154983,0.7154983,-0.7263533,0.5842656,-1.3937426,1.9741622,-0.5074089,0.4828649,2.4926727,0.79022855,0.44141397,-0.7833937,1.1045672,1.870807,0.58778524,-0.809017,0.8660254,-0.5,0.8660254,0.5,1.0,0.0,0.0,0.0,0.0
2025-04-30 12:00:00,4.0,0.12882134,0.4879765,0.6202685,0.4151118,-1.0313458,0.06308291,0.098699145,-0.033460937,-1.0570942,-1.1753203,-1.2727162,-0.8906598,1.1506147,1.3950057,-0.36531898,0.0009060351,0.22956757,1.159145,1.7469045,0.48914498,0.7837872,1.9942361,-1.5842907,-0.7973443,0.7973443,-0.9705686,0.7032114,-1.5354408,2.0826676,-0.6144225,0.4477485,2.4401102,0.66504896,0.80641156,-0.13810742,1.1355182,1.7786849,0.58778524,-0.809017,0.8660254,-0.5,0.8660254,-0.5,0.0,1.0,0.0,0.0,0.0
2025-05-02 04:00:00,4.0,-0.44903123,-0.6701759,-1.2687527,2.0210195,2.0543578,1.2213715,-0.53494203,-0.023021722,-0.81540185,-1.025556,-1.1801033,-0.2888509,0.8120295,1.1594726,-0.6909782,-0.23741752,-0.009787872,1.1288978,1.4799967,0.19849212,0.27403328,1.5699171,1.1682153,-0.2723164,0.2723164,-0.6892739,0.14031951,-1.1880286,1.5119671,-0.11312513,0.15893811,1.9002702,0.20007342,-0.3799485,-0.54398257,0.8047325,2.0893362,0.58778524,-0.809017,0.8660254,-0.5,1.2246469e-16,-1.0,0.0,1.0,0.0,0.0,0.0
2025-05-02 08:00:00,4.0,1.0305927,-0.23896694,0.2739258,1.3714083,-0.1816611,-1.0454873,-0.53494203,0.9834486,-0.62136424,-0.90696126,-1.1360317,0.21518144,1.1811897,1.4423189,-0.61697954,0.3753,0.09369297,1.1778007,1.6280934,0.65316737,0.6471322,1.6980542,-0.60756576,-1.1989052,1.1989052,0.38184875,0.05728042,-0.16578814,1.4631236,0.33335206,0.6069392,1.402711,0.6365859,0.4284227,0.08612457,1.3548957,0.9782494,-0.95105654,0.309017,0.5,-0.8660254,0.8660254,0.5,1.0,0.0,0.0,0.0,0.0
2025-05-02 12:00:00,4.0,0.09797304,0.31771854,0.036845855,1.7104262,-0.5796895,0.5363275,0.44413564,-0.04230643,-0.74040526,-0.96654624,-1.1916051,-0.0474102,1.1666163,1.4126586,-0.5973635,0.47347867,0.1788561,1.0638095,1.6961311,0.6543553,0.57581425,1.6713419,-1.0630156,-1.1011358,1.1011358,0.26406,0.3825924,-0.30954283,1.5788448,0.25085685,0.56848484,1.3611363,0.5181107,0.80641156,0.07266973,1.2961826,0.8722623,-0.95105654,0.309017,0.5,-0.8660254,0.8660254,-0.5,0.0,1.0,0.0,0.0,0.0
2025-05-05 04:00:00,1.0,0.6655556,1.4390143,-0.4834147,-1.0511296,0.63507426,0.7266497,-0.5342166,-0.04194454,-0.73926497,-0.9656305,-1.2170508,-0.0021912013,1.3464174,1.5538639,-0.42881784,0.62186503,0.2482752,0.8926529,1.8405879,0.9728029,0.8192797,1.7431077,0.1523216,-1.3990319,1.3990319,0.85654914,0.798856,0.08297801,1.6872377,0.44949266,0.8610316,1.3018004,0.80838597,1.1802301,1.1972694,1.392459,0.072550744,-0.95105654,0.309017,0.5,-0.8660254,1.2246469e-16,-1.0,0.0,1.0,0.0,0.0,0.0
2025-05-05 08:00:00,1.0,-0.010222404,0.6912995,0.2979847,0.21405397,-1.0329239,-1.0580779,-0.5342166,-0.20110264,-0.8671743,-1.0405371,-1.2806739,-0.29825693,1.2832205,1.485341,-0.36308736,0.5626785,0.3650457,0.8656452,1.9210153,0.8598808,0.730751,1.6925658,-1.6129919,-1.3187846,1.3187846,0.90184814,0.7672074,-0.18546176,1.8172891,0.3757647,0.89723474,1.348116,0.7264123,-0.40220135,0.29999772,1.3254929,0.37223017,0.0,1.0,0.5,-0.8660254,0.8660254,0.5,1.0,0.0,0.0,0.0,0.0
2025-05-05 12:00:00,1.0,0.22259186,1.0825636,-1.0842443,0.6420211,-1.2177966,-0.38093147,-0.16148706,-0.034211673,-0.98887223,-1.12475,-1.3583918,-0.57430875,1.3115425,1.4923357,-0.29236928,0.8384258,0.39351073,0.8044023,1.9656429,0.90290844,0.80240524,1.7415966,-1.5633886,-1.4903778,1.4903778,0.00058342447,0.89341986,-0.37528324,2.038664,-0.28788573,0.9336671,1.4173373,0.70074326,0.370836,0.39686114,1.415766,0.20738845,0.0,1.0,0.5,-0.8660254,0.8660254,-0.5,0.0,1.0,0.0,0.0,0.0
2025-05-06 04:00:00,1.0,0.3177268,1.126236,-0.887231,0.26020113,-0.7765641,0.002442486,-0.52717966,-0.013607867,-1.044392,-1.1747235,-1.4150665,-0.6808348,1.3659568,1.5253072,-0.19190893,0.53943694,0.59173983,0.9268657,1.8443677,1.0930028,0.8953593,1.800078,-1.3404799,-1.4096189,1.4096189,-0.88217294,1.1798863,-0.39063835,2.193781,-0.7647352,1.0743265,1.4388192,0.9013317,0.758651,0.13981219,1.3488511,1.0303121,0.0,1.0,0.5,-0.8660254,1.2246469e-16,-1.0,0.0,1.0,0.0,0.0,0.0
2025-05-06 08:00:00,4.0,-0.6614528,-1.5717258,-0.95508367,-1.0549363,0.8475069,-1.0697321,-0.52717966,0.026383875,-0.92828023,-1.1004,-1.3576486,-0.38909075,0.8735991,1.2109528,-0.43452984,0.22993512,0.4535084,0.6878128,2.0018196,0.5032141,0.30434945,1.4038891,0.22543469,-0.5149922,0.5149922,0.35975537,1.0850489,-0.5914934,1.7837148,-0.50393957,0.774756,1.1083478,0.25016496,-0.42880276,-0.845486,0.6555414,0.85292536,0.95105654,0.309017,0.5,-0.8660254,0.8660254,0.5,1.0,0.0,0.0,0.0,0.0
2025-05-06 12:00:00,4.0,-0.31380454,-0.43962237,-1.055425,2.5141416,2.2210383,1.1079432,0.6070965,-0.059169065,-0.72843885,-0.9657493,-1.2583431,0.11492613,0.66633207,1.0632231,-0.7184339,-0.17773364,0.28832304,0.44227254,2.1309793,0.1328999,0.011642133,1.122345,1.1787947,-0.16268909,0.16268909,-0.020891618,0.22013701,-0.29289243,1.3753357,-0.22227891,-0.014440272,0.49363258,-0.15571155,-0.82462066,-1.3998317,0.1481762,0.32871705,0.95105654,0.309017,0.5,-0.8660254,0.8660254,-0.5,0.0,1.0,0.0,0.0,0.0
2025-05-07 04:00:00,4.0,0.27764687,1.1477293,-0.36060244,-0.491836,-0.5285006,0.36623216,-0.52141976,-0.08067071,-0.81072104,-1.0066296,-1.2903446,-0.104104556,0.775552,1.1244407,-0.85137844,-0.06228072,0.32701755,0.37546748,2.2690585,0.39905804,0.15436064,1.1936797,-0.9070621,-0.51191115,0.51191115,0.3381695,0.6833459,-0.32685384,1.5385618,-0.14416899,0.34396452,0.83067966,0.032054424,0.34050825,-1.4003396,0.4772678,-0.36807436,0.95105654,0.309017,0.5,-0.8660254,1.2246469e-16,-1.0,0.0,1.0,0.0,0.0,0.0
2025-05-07 08:00:00,4.0,0.11208879,0.9304305,-0.028047558,-0.34190294,-0.8554523,-1.0939133,-0.52141976,-0.12415967,-0.8942323,-1.0534598,-1.323412,-0.34992194,0.82565844,1.1435982,-0.9443817,-0.11673558,0.48316368,0.31796023,2.3653474,0.4964935,0.2300718,1.2315915,-1.4041566,-0.7067815,0.7067815,0.35446167,0.5933899,-0.51196116,1.7075924,-0.08144101,0.47985435,0.87849087,0.145654,0.71519256,-0.20862883,0.65845275,-0.7843101,0.58778524,-0.809017,0.5,-0.8660254,0.8660254,0.5,1.0,0.0,0.0,0.0,0.0
2025-05-07 12:00:00,4.0,0.5070274,0.9746084,-0.55672765,0.06446932,1.4458938,0.8772828,0.4683522,-0.07027183,-0.7741785,-0.9774511,-1.2725518,0.015129227,1.0449663,1.2895441,-0.8289608,-0.05622485,0.33673668,0.28960675,2.6434784,1.0017126,0.55204695,1.2796326,0.86231893,-1.266979,1.266979,0.7895311,1.1311516,0.09110273,1.6402785,0.37252024,0.8122722,0.7840398,0.49551132,1.1027714,0.71784794,1.1868556,-1.2370327,0.58778524,-0.809017,0.5,-0.8660254,0.8660254,-0.5,0.0,1.0,0.0,0.0,0.0
2025-05-08 04:00:00,4.0,-0.75199646,-1.557927,-1.0366952,-0.5837986,0.5352301,0.8984777,-0.5417719,-0.06023275,-0.72616273,-0.9271055,-1.2162889,0.09685823,0.5711751,1.0023028,-1.0380716,-0.08282676,0.11605993,0.20397653,2.3869503,0.17786925,0.020154744,0.9921855,0.19789794,-0.48008752,0.48008752,0.5150246,0.42024565,-0.21902393,1.4074998,0.2769059,0.42142516,0.7493619,-0.12889594,-0.6378975,-0.590759,0.441876,-1.2146752,0.58778524,-0.809017,0.5,-0.8660254,1.2246469e-16,-1.0,0.0,1.0,0.0,0.0,0.0
2025-05-08 08:00:00,4.0,0.41623494,0.82702535,0.6221822,-0.8369782,-0.20028989,-1.2033486,-0.5417719,0.041911103,-0.7084691,-0.9042971,-1.1941968,0.22308871,0.78944117,1.1512836,-1.04352,0.2917231,0.015588924,0.1958428,2.9074764,0.6541766,0.33597147,1.0923132,-0.48382714,-1.1065226,1.1065226,0.47103566,0.42165735,0.1209884,1.4691749,-0.017977498,0.5763477,0.42718774,0.2944507,0.2084926,-0.30765405,1.0318453,-1.2534196,-0.58778524,-0.809017,0.5,-0.8660254,0.8660254,0.5,1.0,0.0,0.0,0.0,0.0
2025-05-08 12:00:00,4.0,0.6685342,1.4092414,-0.85556066,-0.8828684,0.8336249,0.4710102,0.31202278,-0.1920881,-0.68332887,-0.88037986,-1.1742833,0.38729843,1.0748698,1.3516477,-0.845655,0.51482946,0.20607947,0.40865114,2.6307983,1.191832,0.7906871,1.2423711,0.5456288,-1.3003293,1.3003293,0.86219114,0.8297324,0.59761214,1.5574152,0.3370116,0.9319379,0.023891523,0.79374576,0.6618239,-0.25835282,1.2440835,-1.5645968,-0.58778524,-0.809017,0.5,-0.8660254,0.8660254,-0.5,0.0,1.0,0.0,0.0,0.0
2025-05-09 04:00:00,4.0,-0.590352,-0.8763276,-1.012921,1.4058943,0.23306444,0.9791892,-0.5597452,-0.21841696,-0.7137662,-0.8762211,-1.1498823,0.3937638,0.79718816,1.1827992,-0.8983164,0.12576528,-0.042713035,0.29924566,2.3851678,0.62470067,0.42608467,1.0660157,-0.10897193,-0.7372984,0.7372984,1.291278,0.12473734,0.38209963,1.4708843,0.84887,0.65957046,0.011293149,0.3664368,-0.699986,0.2372699,0.8719958,-2.0862815,-0.58778524,-0.809017,0.5,-0.8660254,1.2246469e-16,-1.0,0.0,1.0,0.0,0.0,0.0
2025-05-09 08:00:00,4.0,0.24382825,0.74297196,0.98654866,-0.90444714,-0.7973436,-1.2991147,-0.5597452,-0.051868297,-0.8014905,-0.9120312,-1.1620467,0.2324755,0.9216534,1.2546524,-0.85576606,-0.10677483,-0.10920205,0.44553685,1.998959,0.7871904,0.61361337,1.131418,-1.3801622,-1.0279924,1.0279924,1.2823077,0.077214584,0.46042952,1.6130583,0.3763968,0.8616023,0.011997975,0.6870406,0.2410822,0.06637655,1.0428704,-2.2585948,-0.95105654,0.309017,0.5,-0.8660254,0.8660254,0.5,1.0,0.0,0.0,0.0,0.0
2025-05-09 12:00:00,4.0,-0.2930564,-0.56586313,0.2848072,0.9351272,-0.96672523,0.4891945,0.33842596,-0.17504269,-0.9280022,-0.96933126,-1.1824003,-0.21467929,0.80883443,1.1750592,-0.9265598,0.2857077,0.09105005,0.4421446,1.9068604,0.52764124,0.43786064,1.0864954,-1.4300259,-0.84346503,0.84346503,0.3082834,-0.49257237,0.11741072,1.7434531,-0.09905652,0.66347873,0.4617186,0.45586777,-0.69213927,-0.7079792,0.91072613,-2.3065317,-0.95105654,0.309017,0.5,-0.8660254,0.8660254,-0.5,0.0,1.0,0.0,0.0,0.0
2025-05-12 04:00:00,4.0,-0.14699976,0.036763173,2.0679498,-0.0053315824,-0.8966284,0.61956483,-0.5517995,-0.18825737,-1.0168272,-1.0172497,-1.2014877,-0.5709678,0.79908437,1.1555961,-1.0254704,-0.071879365,0.19954552,0.35506555,1.8568647,0.4083573,0.37053096,1.0890005,-1.3464303,-0.8541943,0.8541943,0.08312426,0.013996629,-0.15970895,1.887716,-0.6208825,0.5743888,0.68569565,0.45915365,0.22022392,-0.116678,0.9068391,-2.166844,-0.95105654,0.309017,0.5,-0.8660254,1.2246469e-16,-1.0,0.0,1.0,0.0,0.0,0.0
2025-05-12 08:00:00,4.0,2.5005896,1.4034959,-0.8466529,-0.9692638,2.5575452,-1.2787875,-0.5517995,1.0928457,-0.1819057,-0.61543053,-0.98819387,2.5996025,1.7119449,1.836665,-0.31181222,1.0969775,1.1367104,0.820439,2.168177,2.2150018,1.7014954,1.2952908,2.2060468,-1.1901553,1.1901553,2.5442636,-0.05593186,2.5093143,1.3043767,2.0470836,2.251367,0.29573315,2.0317817,0.666468,1.2730672,1.1076251,-2.3266232,0.0,1.0,0.5,-0.8660254,0.8660254,0.5,1.0,0.0,0.0,0.0,0.0
2025-05-12 12:00:00,4.0,-0.28360948,-0.1488657,2.116129,0.010694645,1.3991759,1.9278349,1.1606703,-0.23776647,-0.17923948,-0.5682146,-0.9414543,2.2845504,1.6959592,1.8030553,0.023042943,1.2958603,1.065055,0.93470013,2.2110507,1.6811131,1.4410225,1.1803048,1.4802083,-0.6293871,0.6293871,2.3055599,-1.3015132,2.4037714,1.22105,2.2130952,2.0610323,0.299841,1.4099942,-0.8345128,1.3735219,0.5599858,-2.6939964,0.0,1.0,0.5,-0.8660254,0.8660254,-0.5,0.0,1.0,0.0,0.0,0.0
2025-05-13 04:00:00,4.0,-0.86709434,-0.78698176,-0.31885603,0.9668726,2.2291152,1.7035513,-0.5681177,-0.23849206,0.011274473,-0.41999087,-0.828609,2.406978,1.1612738,1.492259,-0.11543696,0.63141876,0.3923176,0.51876026,1.9435593,0.838151,0.6893174,0.86134714,2.233433,-0.14561564,0.14561564,2.6586063,-2.5675333,2.2040985,0.9037739,2.9502048,0.9762554,0.32052472,0.5522783,-1.2915235,0.43954843,0.09775002,-2.6512933,0.0,1.0,0.5,-0.8660254,1.2246469e-16,-1.0,0.0,1.0,0.0,0.0,0.0
2025-05-13 08:00:00,4.0,-0.008849556,-0.9651213,0.07115658,-0.09482015,-0.4386549,-1.287988,-0.5681177,0.6981849,-0.22609033,-0.5096792,-0.8639117,1.75803,1.179608,1.480274,-0.16067936,0.8129681,0.83609605,0.5078988,1.4426242,0.6782223,0.722379,0.89659923,-0.4491747,-0.09451983,0.09451983,2.437545,-2.2707186,2.1341212,1.0708964,2.8175719,0.7475282,0.5403023,0.63972,0.19816126,-1.1651554,0.19235766,-2.5427485,0.95105654,0.309017,0.5,-0.8660254,0.8660254,0.5,1.0,0.0,0.0,0.0,0.0
2025-05-13 12:00:00,4.0,0.13070361,0.6368756,-0.041572977,0.4689083,-0.37228253,0.33477736,0.3546618,-0.2690086,-0.48535648,-0.61262536,-0.9082292,1.128846,1.2465425,1.5050185,-0.18539898,0.96979827,0.6956136,0.3483326,1.4813446,0.6038885,0.8865458,0.9691473,-0.32867956,-0.27779293,0.27779293,2.3358908,-1.5616306,2.0915878,1.2754971,2.6564384,0.4800671,0.66760826,0.7463454,0.66984,-0.95403975,0.37894714,-2.4626348,0.95105654,0.309017,0.5,-0.8660254,0.8660254,-0.5,0.0,1.0,0.0,0.0,0.0
2025-05-14 04:00:00,4.0,0.0115605835,0.810498,-0.21847905,0.057814024,-0.9156775,1.0130625,-0.5710179,-0.3638032,-0.84203774,-0.7641893,-0.9763364,0.3282686,1.2821337,1.5082867,-0.20315693,-0.67002416,0.35926452,0.37589392,1.4759619,0.47953773,1.035352,1.0560639,-1.3218573,-0.43658492,0.43658492,-1.2309978,-0.8097166,1.9382806,1.5589654,-0.42086393,0.3211953,1.0465918,0.92039937,1.1291941,0.21286486,0.50293887,-2.2769077,0.95105654,0.309017,0.5,-0.8660254,1.2246469e-16,-1.0,0.0,1.0,0.0,0.0,0.0
2025-05-14 08:00:00,4.0,-0.6792054,-0.94200736,0.04707915,0.23751554,0.9252016,-1.323887,-0.5710179,-0.007023139,-0.6714553,-0.69356966,-0.92643476,0.72518456,0.90955174,1.2957143,-0.5060671,-0.858749,0.3934438,0.1752825,1.456249,0.013831493,0.47319338,0.81707114,1.6073756,-0.064346075,0.064346075,-1.0880369,-0.79223233,1.8219321,1.3550166,-0.34139052,-0.004201683,0.9610652,0.44745257,-0.90120363,-0.55201805,0.21832794,-2.2200875,0.58778524,-0.809017,0.5,-0.8660254,0.8660254,0.5,1.0,0.0,0.0,0.0,0.0
2025-05-14 12:00:00,4.0,-0.2985297,-0.17756929,-0.537088,3.0,-0.16193993,0.9917986,1.1133821,-0.2948502,-0.8316251,-0.76372397,-0.95322657,0.48014116,0.89750063,1.273019,-0.7563189,-0.4343874,0.16670126,-0.0024782247,1.6053501,-0.17733547,0.36667404,0.7788003,0.21901585,0.02568348,-0.02568348,-1.5866884,-0.032229334,1.6961421,1.436789,-0.8634131,-0.3929447,0.2628935,0.27769914,0.08073746,-0.7718265,0.1982941,-2.0783837,0.58778524,-0.809017,0.5,-0.8660254,0.8660254,-0.5,0.0,1.0,0.0,0.0,0.0
2025-05-15 04:00:00,4.0,-0.0824373,0.311374,1.6492987,-0.8011566,-0.33976102,1.180329,-0.6472518,-0.3266415,-1.0515391,-0.869078,-0.9988402,0.1846817,0.96834964,1.300765,-0.93400526,-0.5130768,0.29219997,0.30401906,1.5419656,-0.24276486,0.37938392,0.8052381,-0.102803655,-0.029151887,0.029151887,-1.5203297,0.8069135,1.6146408,1.5874976,-0.78554046,-0.34359208,1.1239921,0.3490068,0.60810333,-0.77791,0.30670857,-2.245238,0.58778524,-0.809017,0.5,-0.8660254,1.2246469e-16,-1.0,0.0,1.0,0.0,0.0,0.0
2025-05-15 08:00:00,4.0,-2.4412718,-0.73916703,-1.0015385,2.088812,2.264223,-1.3495052,-0.6472518,-3.0,0.91346145,-0.082281135,-0.6186908,2.595829,-0.69675756,0.42941353,-1.5284101,-1.8899357,-0.60532254,-0.26438835,1.1710095,-1.7240441,-1.539972,-0.054781858,2.486153,2.0212011,-2.0212011,0.11927708,0.6651287,1.6216811,0.404917,1.236706,-1.5985386,-0.07836524,-1.8524177,-0.96991473,-2.723537,-1.3846906,-1.9166924,-0.58778524,-0.809017,0.5,-0.8660254,0.8660254,0.5,1.0,0.0,0.0,0.0,0.0
2025-05-15 12:00:00,4.0,0.056316834,0.21077064,1.2159052,0.0036134047,0.3046938,2.6329026,2.6644926,-0.19577019,0.6203209,-0.13363896,-0.63258374,1.9475363,-0.5832969,0.48229295,-1.812712,-1.8391136,-1.8847947,-0.44201556,1.1520389,-1.6158242,-1.4603451,-0.05623381,0.9197532,2.1151452,-2.1151452,0.12458172,1.6166711,1.5875072,0.49139348,1.6386069,-1.4001085,-0.2722021,-1.8046525,0.117042996,-2.33993,-1.3161718,-1.7906479,-0.58778524,-0.809017,0.5,-0.8660254,0.8660254,-0.5,0.0,1.0,0.0,0.0,0.0
2025-05-16 04:00:00,4.0,1.0053593,1.0516907,-0.893493,-0.04772783,1.3103658,1.4488093,-0.6394838,-0.2702293,0.8182364,-0.01802648,-0.5934924,1.9451859,-0.0015745836,0.7936154,-1.6767943,-0.9179454,-1.3360027,-0.16427721,1.1888676,-0.82884043,-0.8430353,0.08973042,1.9048902,0.84880996,-0.84880996,0.6534476,1.7631061,1.9095035,0.54202616,1.6269306,-1.084957,-0.33386964,-1.0678723,0.690679,-1.5078754,-0.40949354,-1.779421,-0.58778524,-0.809017,0.5,-0.8660254,1.2246469e-16,-1.0,0.0,1.0,0.0,0.0,0.0
2025-05-16 08:00:00,4.0,-0.3310121,-1.1662234,-0.9175737,0.69007653,0.886934,-1.2411425,-0.6394838,1.2830501,0.86259335,0.0823597,-0.5366509,1.753838,-0.099880725,0.72826177,-1.6043268,-0.94965035,-1.0198115,-0.6247503,1.0532047,-0.98459864,-1.0076739,-0.027746344,1.7070779,0.9996582,-0.9996582,0.6564856,1.3587922,1.829444,0.47169822,1.8898683,-0.82364315,-0.39529827,-1.2345016,-0.95088357,0.9135013,-0.5262686,-1.5470719,-0.95105654,0.309017,0.5,-0.8660254,0.8660254,0.5,1.0,0.0,0.0,0.0,0.0
2025-05-16 12:00:00,4.0,-0.757019,-1.1951699,0.045253657,-0.41790375,-0.6619378,1.3015627,1.7388029,-0.32534903,0.1255749,-0.14299016,-0.5994513,0.97183144,-0.5144725,0.5010793,-1.6857038,-1.2855337,-1.3232193,-0.4462326,1.0969654,-1.4724208,-1.4025044,-0.16780558,-0.56399983,1.5841553,-1.5841553,0.68295884,0.5982782,1.5009108,0.5972276,1.6214774,-1.1749701,-0.34749836,-1.7019881,-1.4996009,0.16254969,-1.0458425,-1.6055814,-0.95105654,0.309017,0.5,-0.8660254,0.8660254,-0.5,0.0,1.0,0.0,0.0,0.0
2025-05-19 04:00:00,4.0,-0.55552167,-0.6834916,-0.27847257,1.3915057,-0.12110754,0.8515564,-0.6407911,-0.2159721,-0.16966183,-0.24057743,-0.61954737,0.64468384,-0.7937591,0.34848183,-1.7547332,-0.28676015,-1.5946497,-0.90048426,1.0547506,-1.830206,-1.6657698,-0.30252004,0.5918114,1.9096327,-1.9096327,-0.8301466,0.020443497,1.301679,0.6412897,-0.36843684,-1.6008141,-0.34530663,-1.8366381,-2.025088,-1.0236377,-1.5081115,-1.4350495,-0.95105654,0.309017,0.5,-0.8660254,1.2246469e-16,-1.0,0.0,1.0,0.0,0.0,0.0
2025-05-19 08:00:00,4.0,-0.0045513865,0.6214919,0.8225219,-0.6982417,-0.21809117,-1.2619513,-0.6407911,-0.6502845,-0.49233648,-0.3993258,-0.6764537,0.35214126,-0.69231683,0.41034377,-1.7199541,-0.3251111,-1.6270415,-1.2717996,1.1540425,-1.7121006,-1.5762264,-0.30749163,0.3663083,1.3684899,-1.3684899,-0.7933553,-0.029953314,1.2401165,0.7981762,-0.45474815,-1.5422994,-0.99473363,-1.7201277,0.18387811,-0.7104237,-1.4208345,-1.2834916,0.0,1.0,0.5,-0.8660254,0.8660254,0.5,1.0,0.0,0.0,0.0,0.0
2025-05-19 12:00:00,4.0,-0.046583142,0.24798328,1.1083071,0.037903514,-0.59322476,0.5653523,1.1312966,-0.2367654,-0.9711064,-0.675341,-0.7757673,-0.06247135,-0.59800476,0.45882657,-1.648863,-0.8956863,-1.35018,-0.9535219,1.0353585,-1.6162452,-1.5184677,-0.2995827,-0.22086063,1.1810068,-1.1810068,-1.7221609,0.29556116,1.1223937,1.0399013,-0.9761858,-1.4366109,-1.1783488,-1.6814793,0.7514049,-0.0058239214,-1.5686429,-1.1903827,0.0,1.0,0.5,-0.8660254,0.8660254,-0.5,0.0,1.0,0.0,0.0,0.0
2025-05-20 04:00:00,4.0,0.16967875,0.51261574,-0.6644792,1.2543132,-0.12233653,0.37701374,-0.6399042,-0.2736454,-1.0329955,-0.79112476,-0.82662964,-0.10066043,-0.3419311,0.58406925,-1.4722265,-0.6368263,-1.1579804,-1.0343223,0.9685015,-1.2430339,-1.3054808,-0.26751342,0.60243094,0.6218809,-0.6218809,-1.5051042,0.537591,1.1472616,1.1816527,-1.1427051,-1.3913372,-1.3455851,-1.372898,1.306586,0.6485966,-1.1360422,-1.2329947,0.0,1.0,0.5,-0.8660254,1.2246469e-16,-1.0,0.0,1.0,0.0,0.0,0.0
2025-05-20 08:00:00,4.0,-0.40193105,-1.5383171,-0.24955483,-1.0057186,-0.3215024,-1.287343,-0.6399042,0.99296975,-1.1471015,-0.93278915,-0.87578166,-0.19246714,-0.54174227,0.48128766,-1.3747222,-0.4388336,-1.2578217,-1.0391264,0.89523506,-1.5261884,-1.4751709,-0.40532514,0.34813285,0.8015759,-0.8015759,-1.7077276,0.3930979,1.0114236,1.2519699,-0.90678626,-0.9459474,-0.8500023,-1.5237552,-0.95088357,0.25999504,-1.3640208,-1.1215534,0.95105654,0.309017,0.5,-0.8660254,0.8660254,0.5,1.0,0.0,0.0,0.0,0.0
2025-05-20 12:00:00,4.0,0.12561357,0.429145,1.6370616,-1.0776446,-0.24231388,-0.1041392,0.5587706,-0.25831977,-1.1501116,-1.0391788,-0.93093467,-0.1790223,-0.28142667,0.61124855,-1.2120893,-0.08052382,-0.26817277,-0.9194529,0.9229336,-1.0530531,-1.2992878,-0.37653732,0.6277651,0.30228937,-0.30228937,-1.8472815,0.4785449,1.046421,1.3776599,-0.80304,-0.8071777,-0.9575599,-1.3482251,0.18387811,0.41164187,-0.99024934,-1.1292932,0.95105654,0.309017,0.5,-0.8660254,0.8660254,-0.5,0.0,1.0,0.0,0.0,0.0
2025-05-21 04:00:00,4.0,-0.39092612,-0.46610042,2.0852196,-0.6006456,-1.2868713,0.8190882,-0.6468148,-0.33659706,-1.7134914,-1.4715465,-1.0965531,-0.76849234,-0.4958459,0.5120713,-1.1639303,-0.27727494,-0.4325736,-2.3792095,0.8853693,-1.1833307,-1.3322413,-0.45360202,-1.269707,0.1932983,-0.1932983,-1.3470383,-0.07514285,0.78401786,1.7301775,-1.0519956,-0.9397717,-1.0434687,-1.4025443,-0.95088357,-0.11061366,-1.1755304,-0.6134892,0.95105654,0.309017,0.5,-0.8660254,1.2246469e-16,-1.0,0.0,1.0,0.0,0.0,0.0
2025-05-21 08:00:00,4.0,-0.90380496,-1.0997612,0.71382624,-0.75073355,-1.192229,-1.263139,-0.6468148,-0.952396,-1.9472384,-1.7428883,-1.2164166,-1.095427,-1.4264468,0.061902914,-1.2579833,-0.70902455,-1.1514547,-2.4296343,0.8894715,-2.2297034,-1.7468437,-0.8248494,-1.2922823,1.082054,-1.082054,-0.78684133,-0.16322838,0.39643484,1.8916446,-1.085035,-1.8238046,-1.1324459,-1.7817118,-1.4996009,-0.75536376,-1.5867064,-0.43499944,0.58778524,-0.809017,0.5,-0.8660254,0.8660254,0.5,1.0,0.0,0.0,0.0,0.0
2025-05-21 12:00:00,4.0,-0.69349897,-0.747328,-0.9854873,1.9027065,0.7492613,0.20183636,0.8380647,-0.23275994,-1.3425419,-1.4442441,-1.1367714,-0.4542707,-2.0480523,-0.3091438,-1.3187354,-1.1350679,-1.2713163,-2.14827,0.7481113,-2.743846,-1.9698998,-1.2727251,1.2220129,1.4851481,-1.4851481,-0.95684165,-0.55003095,0.3625147,1.5271902,-0.7452084,-2.6926627,-1.7356542,-1.9820359,-1.9632174,-1.5690598,-2.248465,0.23392779,0.58778524,-0.809017,0.5,-0.8660254,0.8660254,-0.5,0.0,1.0,0.0,0.0,0.0
2025-05-22 04:00:00,4.0,0.38961968,0.68107194,-0.0001457536,0.10316999,0.4509406,0.10807801,-0.6447956,-0.19301602,-1.0534629,-1.3120475,-1.1369314,-0.10706297,-1.382946,-0.0061062383,-1.1943214,-0.7353186,-0.84028023,-2.019823,0.69663405,-1.5180475,-1.4521049,-1.1728504,1.0128975,1.3078412,-1.3078412,-0.43142995,-0.26630917,0.6030538,1.5251487,-0.4740657,-1.6995174,-1.7736422,-1.4824136,0.24890217,-0.73634976,-1.3142868,0.057875402,0.58778524,-0.809017,0.5,-0.8660254,1.2246469e-16,-1.0,0.0,1.0,0.0,0.0,0.0
2025-05-22 08:00:00,4.0,-1.3618469,-0.57552636,0.94860595,0.12874706,-0.4680161,-1.2628108,-0.6447956,-1.9343389,-0.7345207,-1.085967,-1.0393249,0.18669556,-2.591453,-0.9342085,-1.3029448,-1.4392022,-1.090392,-2.3949919,0.34514314,-2.9991837,-2.0315206,-1.8892312,-0.08346352,3.0,-3.0,-0.109033234,-0.32218248,0.3028566,1.1118207,-0.24866202,-2.6119587,-1.8174769,-2.0835922,-0.8288062,-1.1451855,-2.6525066,-0.053449184,-0.58778524,-0.809017,0.5,-0.8660254,0.8660254,0.5,1.0,0.0,0.0,0.0,0.0
2025-05-22 12:00:00,4.0,-0.8646207,-1.3551824,0.18465807,-1.0633171,-0.4125561,-0.13628283,0.5067535,-0.16198963,-0.88187325,-1.1702998,-1.0756357,-0.030360086,-2.967908,-1.4869591,-1.4958572,-1.6395453,-1.3843621,-2.5233123,0.2630802,-3.0,-2.2447798,-2.2891784,0.046250064,3.0,-3.0,-0.11278996,-0.7524231,-0.015996955,1.0672784,0.10454773,-2.9145746,-1.9161882,-2.281656,-1.364058,-1.210166,-3.0,-0.09496837,-0.58778524,-0.809017,0.5,-0.8660254,0.8660254,-0.5,0.0,1.0,0.0,0.0,0.0
2025-05-23 04:00:00,4.0,0.25556415,1.1040789,-0.19241485,-0.6879722,-1.083768,1.3084217,-0.64135325,-0.20326236,-1.3880578,-1.5888178,-1.2989883,-0.5899691,-2.3700092,-1.2500877,-1.5418216,-1.1114244,-1.2779093,-2.1227453,0.19855879,-2.3946047,-1.8688389,-2.0778553,-1.0406104,2.6684422,-2.6684422,0.16252068,0.1860476,-0.14743519,1.5422518,0.069243886,-2.5682042,-1.8707461,-1.9029318,0.29493147,-1.3779769,-2.3759115,0.25524566,-0.58778524,-0.809017,0.5,-0.8660254,1.2246469e-16,-1.0,0.0,1.0,0.0,0.0,0.0
2025-05-23 08:00:00,4.0,0.5397754,1.2967216,-0.40358177,-1.0675474,0.18954815,-1.2213169,-0.64135325,-0.6582825,-1.1867778,-1.5252311,-1.3461254,-0.30757368,-1.6475557,-0.83771485,-1.2956423,-0.50661474,-1.1465352,-1.8328832,0.32410342,-1.3489203,-1.3022194,-1.7920918,0.7952777,1.5965381,-1.5965381,0.42086765,0.17847763,0.112549774,1.6361964,-0.13012789,-1.6507572,-1.4985334,-1.3455546,0.82017183,0.6767765,-1.4724587,0.4044393,-0.95105654,0.309017,0.5,-0.8660254,0.8660254,0.5,1.0,0.0,0.0,0.0,0.0
2025-05-23 12:00:00,4.0,-3.0,-1.7869344,-1.0675668,-0.88749295,3.0,1.6460147,2.5545661,-0.20020717,2.1520948,1.2132146,0.009319838,2.6521854,-3.0,-3.0,-1.4327295,-2.5869968,-2.2753296,-2.7392511,-0.16764455,-3.0,-2.6775084,-3.0,2.0464559,2.8365421,-2.8365421,1.7594564,-1.5129548,0.115373194,-1.0104282,1.9993764,-3.0,-2.009456,-2.5676627,-0.8159546,-1.4997027,-3.0,-0.2810455,-0.95105654,0.309017,0.5,-0.8660254,0.8660254,-0.5,0.0,1.0,0.0,0.0,0.0
2025-05-26 04:00:00,4.0,0.40096164,0.3736742,-0.02895405,1.0237973,0.9294199,2.27544,-0.6360448,-0.24355277,2.23518,1.6107122,0.25798556,2.4355593,-2.937106,-2.8128452,-1.4960697,-1.7109865,-2.1315343,-1.8723599,-0.33987665,-2.6232321,-2.2088332,-2.901043,1.6691517,1.9722464,-1.9722464,2.2858357,0.9659083,0.37842262,-1.1436104,2.0679967,-3.0,-2.0967875,-2.004,0.29493147,-1.4221117,-2.4079301,-0.3631374,-0.95105654,0.309017,0.5,-0.8660254,1.2246469e-16,-1.0,0.0,1.0,0.0,0.0,0.0
2025-05-26 08:00:00,4.0,2.4050875,1.0357732,-0.69406325,-0.044926222,-0.5238625,-1.1301057,-0.6360448,3.0,2.7909663,2.3392615,0.63512766,2.6970198,-1.317701,-1.2224232,-0.97620076,-0.041715086,-1.1545454,-1.1993622,-0.20926218,-0.8734149,-1.0184867,-1.9219072,-0.708553,0.3129817,-0.3129817,2.487003,0.7832259,1.284286,-1.085381,2.9068067,-1.0894883,-1.9654039,-0.842603,0.8663616,0.010961094,-0.53712845,-1.2921917,0.0,1.0,0.5,-0.8660254,0.8660254,0.5,1.0,0.0,0.0,0.0,0.0
2025-05-26 12:00:00,4.0,0.1362017,0.60423666,-0.08522889,0.4972644,-0.7018519,-0.1884413,0.49920735,-0.1407732,1.3440522,1.3901432,0.2534483,1.3933203,-1.1548347,-1.0704534,-0.70383185,-0.090779595,-0.84310025,-1.4359089,-0.29009086,-0.6467251,-0.8741603,-1.7822875,-1.111984,0.13869162,-0.13869162,2.4699259,1.2118373,1.0639391,-0.6055155,2.466954,-0.76361424,-1.9177861,-0.64667594,1.4584334,2.881625,-0.3418583,-1.5176045,0.0,1.0,0.5,-0.8660254,0.8660254,-0.5,0.0,1.0,0.0,0.0,0.0
2025-05-27 04:00:00,4.0,-0.21605639,-0.82633126,-0.5135894,0.88142186,-0.84681547,0.03256063,-0.6299381,-0.17869613,0.11090715,0.41426075,-0.21561037,0.26342455,-1.1936345,-1.1318748,-0.5016161,-0.49484664,-0.72668463,-1.3959908,-0.46119627,-0.6782065,-0.8990663,-1.761217,-1.2459325,0.20909923,-0.20909923,2.2828567,0.44861117,0.6932932,-0.05376658,1.4838383,-0.71783495,-2.0422933,-0.677276,-0.8013594,2.218422,-0.42228734,-1.3900325,0.0,1.0,0.5,-0.8660254,1.2246469e-16,-1.0,0.0,1.0,0.0,0.0,0.0
2025-05-27 08:00:00,4.0,0.5288603,0.8419743,-0.45067194,0.24137568,-0.033541333,-1.0631905,-0.6299381,0.041424733,-0.20888746,0.06414098,-0.42942372,-0.006855638,-0.8179509,-0.75969356,-0.12334126,1.897333,-0.6908605,-1.0545018,-0.3632898,-0.20186973,-0.52945507,-1.4833459,0.40753952,-0.40362608,0.40362608,-0.055920333,0.36189324,0.7563244,0.31393793,-0.5812589,-0.33084577,-1.8944664,-0.24651033,0.38228762,0.6445491,0.068605855,-1.3830813,0.95105654,0.309017,0.5,-0.8660254,0.8660254,0.5,1.0,0.0,0.0,0.0,0.0
2025-05-27 12:00:00,4.0,0.23912525,0.75085837,0.24931197,-0.1815046,-0.4179625,0.05537286,0.6944634,-0.14616425,-0.743003,-0.505491,-0.7951755,-0.5042051,-0.6122703,-0.56071216,0.28684708,1.790058,-0.06983005,-0.85353106,-0.43519145,0.032060936,-0.29939955,-1.3040731,-0.69306856,-1.0013816,1.0013816,-0.047195777,0.9057441,0.644841,0.83471143,-1.0899926,0.059967373,-1.6162766,0.028179657,0.9691298,0.7124191,0.3407211,-1.3389738,0.95105654,0.309017,0.5,-0.8660254,0.8660254,-0.5,0.0,1.0,0.0,0.0,0.0
2025-05-28 04:00:00,4.0,0.21916147,0.59005666,1.0482364,-0.63787585,-0.17085847,1.097443,-0.6284042,-0.18243283,-0.9537617,-0.8261803,-1.052112,-0.68566096,-0.41252548,-0.37437508,0.72456014,0.5189719,0.37544286,-0.81405085,-0.32015398,0.24787548,-0.056915466,-1.1415516,0.04872148,-1.0132201,1.0132201,-1.5681548,1.7850134,0.6132632,1.1958822,-1.6380411,0.36058387,-1.3667643,0.19883363,1.5073553,1.0180587,0.6027462,-0.7753837,0.95105654,0.309017,0.5,-0.8660254,1.2246469e-16,-1.0,0.0,1.0,0.0,0.0,0.0
2025-05-28 08:00:00,4.0,-0.3616393,-1.0168977,0.016740328,0.056483377,-0.44508985,-1.0533446,-0.6284042,-0.10969119,-1.2831236,-1.2352623,-1.3554175,-1.0364234,-0.5808649,-0.56026006,0.97135675,0.23480757,0.11178393,-0.92391837,-0.40530717,0.06522613,-0.17500599,-1.2136499,-0.7517747,-0.82247597,0.82247597,-1.3392178,1.3510478,0.3024672,1.5346919,-1.4829078,0.2242389,-1.3302976,0.16818593,-0.8331542,0.3142152,0.4137076,-0.77111876,0.58778524,-0.809017,0.5,-0.8660254,0.8660254,0.5,1.0,0.0,0.0,0.0,0.0
2025-05-28 12:00:00,4.0,-0.85791725,-1.6499996,-0.7899472,-0.8074437,0.042597435,-0.0015029551,0.6536295,-0.074577324,-1.1374936,-1.1946988,-1.3414707,-0.87596923,-1.0813892,-1.0928565,0.81342214,-0.12901488,-0.50275725,-1.2271838,-0.43329033,-0.42205504,-0.65453905,-1.5172215,0.5832656,-0.26592326,0.26592326,-0.9603667,0.6450983,-0.034267057,1.2996,-1.0564115,-0.21610501,-1.2862976,-0.28285897,-1.3959311,-0.62113315,-0.15620288,-0.92150646,0.58778524,-0.809017,0.5,-0.8660254,0.8660254,-0.5,0.0,1.0,0.0,0.0,0.0
2025-05-29 04:00:00,4.0,-0.5630805,-1.5217626,-0.7221828,-0.61823636,-0.46160167,0.36706266,-0.62912333,-0.18558201,-1.413252,-1.529915,-1.6242747,-1.1967375,-1.3388867,-1.3937272,0.5086066,-0.7617139,0.91091764,-1.2767446,-0.49511263,-0.6916506,-0.9219685,-1.6814231,-0.7864593,0.07261209,-0.07261209,-1.0866878,-0.12932298,-0.49721655,1.5694207,-1.1565133,-0.64221954,0.16108577,-0.5912934,-1.9360362,-1.2375956,-0.49384934,-0.88259387,0.58778524,-0.809017,0.5,-0.8660254,1.2246469e-16,-1.0,0.0,1.0,0.0,0.0,0.0
2025-05-29 08:00:00,4.0,-0.020936502,-0.31094673,-1.2250136,2.869809,-0.08440552,-1.0685192,-0.62912333,0.14844005,-1.3508595,-1.5803096,-1.7310369,-1.085909,-1.2429706,-1.3223361,0.31647772,-0.9165849,0.7180221,-1.3188356,-0.59742785,-0.5639442,-0.77382165,-1.6145749,0.15482295,0.012797559,-0.012797559,-1.1703207,-0.1606174,-0.5796355,1.660272,-0.9333265,-0.82653975,0.16526116,-0.43916202,0.3528736,-0.9127569,-0.24986678,-0.86213243,-0.58778524,-0.809017,0.5,-0.8660254,0.8660254,0.5,1.0,0.0,0.0,0.0,0.0
2025-05-29 12:00:00,4.0,-0.7801654,-1.5791879,-1.2884926,-0.360706,-0.19926937,-0.17709395,0.41954753,-0.18782052,-1.3331343,-1.614452,-1.7535686,-1.0675025,-1.624401,-1.7448082,-0.094077356,-1.4719858,-0.76372904,-1.4420263,-0.76500326,-0.9958151,-1.1984891,-1.8764889,-0.114657186,0.5104807,-0.5104807,-1.3263599,-0.6023135,-1.0621463,1.512641,-0.8557339,-1.0004789,0.21171747,-0.80922425,-0.764776,-0.8108191,-0.7006326,-0.8191072,-0.58778524,-0.809017,0.5,-0.8660254,0.8660254,-0.5,0.0,1.0,0.0,0.0,0.0
2025-05-30 04:00:00,4.0,-1.6180906,-1.7758801,-1.1692096,-1.0921599,0.76221305,2.0294917,-0.62407976,-0.22472517,-0.56322175,-0.928167,-1.1808823,-0.16864961,-2.2966962,-2.5538142,-0.84334326,-2.1376371,-1.5577646,-1.6728722,-0.9237491,-1.8630661,-2.0541008,-2.3462348,1.5022143,1.591298,-1.591298,-0.8882317,-2.0934458,-1.383754,0.31488958,-0.1660215,-1.8321904,-0.54847825,-1.6930733,-1.3154786,-1.4860678,-1.9017525,-0.8898231,-0.58778524,-0.809017,0.5,-0.8660254,1.2246469e-16,-1.0,0.0,1.0,0.0,0.0,0.0
2025-05-30 08:00:00,4.0,1.0867918,0.967659,-0.48757747,0.07923589,0.30457976,-1.0078816,-0.62407976,0.70927763,-0.34205893,-0.7739697,-1.1904898,0.15573902,-1.4854089,-1.7836721,-0.7909235,-1.0540986,-0.9628272,-1.179771,-1.0760468,-0.98185927,-1.1439022,-1.7959058,0.9969386,0.7529673,-0.7529673,-0.20005026,-2.0014932,-0.73083806,0.46490034,0.056403827,-1.3411098,-0.54068315,-0.80499923,0.38801888,-0.49176964,-0.9499897,-0.8165584,-0.95105654,0.309017,0.5,-0.8660254,0.8660254,0.5,1.0,0.0,0.0,0.0,0.0
2025-05-30 12:00:00,1.0,0.13606219,0.5428587,0.086320594,0.6767857,-0.6565943,0.14454229,1.023143,-0.11343477,-0.90168357,-1.2588303,-1.6457038,-0.4977091,-1.3155892,-1.6089355,-0.7249946,-0.67141366,-1.1287037,-1.2600781,-1.117263,-0.763349,-0.9439961,-1.6977061,-1.231429,1.3378202,-1.3378202,-0.15205927,-1.389863,-1.0355569,1.0995114,-0.011854823,-0.91128427,-0.47607562,-0.57200986,0.9558514,0.27101445,-0.7613354,-0.7540251,-0.95105654,0.309017,0.5,-0.8660254,0.8660254,-0.5,0.0,1.0,0.0,0.0,0.0
2025-06-02 04:00:00,1.0,-1.2094017,-1.5215157,-0.6364046,-1.0096403,0.5286681,0.9811431,-0.6227174,-0.11501035,-0.39861867,-0.7914623,-1.2168247,0.057303213,-1.7924258,-2.1223688,-0.9202727,-1.3205706,-1.7282975,-1.2620081,-1.5493224,-1.3981754,-1.5866479,-2.0172617,1.213972,2.347207,-2.347207,-0.015536877,-2.101583,-1.2745794,0.21600063,0.3647636,-1.23404,-0.5792157,-1.2842201,-0.7211787,0.58775055,-1.6522553,-0.4980741,-0.95105654,0.309017,0.5,-0.8660254,1.2246469e-16,-1.0,0.0,1.0,0.0,0.0,0.0
2025-06-02 08:00:00,1.0,-0.6813581,0.44737014,0.44817823,0.71806973,-0.0006889597,-1.0497185,-0.6227174,-2.092808,-0.109733395,-0.48664322,-0.92161644,0.3390885,-1.9630102,-2.29274,-1.1624922,-1.2626404,-2.0449407,-1.2381488,-1.6827523,-1.578091,-1.8204007,-2.098022,0.4831138,1.9235249,-1.9235249,-0.0100619225,-1.9022648,-1.3669643,-0.29541478,0.6852745,-1.6899279,-1.1081095,-1.6239464,-1.2760286,-0.8700189,-2.0741777,-0.34957528,0.0,1.0,1.2246469e-16,-1.0,0.8660254,0.5,1.0,0.0,0.0,0.0,0.0
2025-06-02 12:00:00,1.0,0.99639946,1.5509068,-0.7357862,-1.1810619,0.022271236,-0.14752859,0.6259447,-0.08974898,-0.19005702,-0.5565783,-1.0531608,0.29245776,-1.3062884,-1.6706564,-0.871615,0.18743742,-1.4490834,-1.0043536,-1.5950153,-0.88223726,-1.0836884,-1.6763947,0.6773788,1.1488485,-1.1488485,-0.16576177,-1.4089274,-0.9442084,0.06376459,0.21596883,-1.0227927,-1.3957784,-0.8404548,0.4380397,-0.088796765,-1.2360547,-0.5478538,0.0,1.0,1.2246469e-16,-1.0,0.8660254,-0.5,0.0,1.0,0.0,0.0,0.0
2025-06-03 04:00:00,1.0,-0.054952763,-0.092929736,0.6151058,1.5574629,-0.2761511,0.102017745,-0.626537,-0.13037972,-0.4405265,-0.7466737,-1.2010458,-0.0059575182,-1.2813628,-1.618978,-0.6415125,-0.4556763,-1.1214036,-1.1843208,-1.7227858,-0.81095314,-1.0229814,-1.6484765,-0.12551045,1.141516,-1.141516,-0.4658923,-1.6308215,-1.1225123,0.25697163,-0.124887824,-0.7996937,-1.544749,-0.82855225,-0.679402,0.7129995,-1.230162,-0.58953094,0.0,1.0,1.2246469e-16,-1.0,1.2246469e-16,-1.0,0.0,1.0,0.0,0.0,0.0
2025-06-03 08:00:00,1.0,-1.3340684,-1.3410515,-0.2234184,-0.9310326,1.2879682,-1.0159938,-0.626537,-0.6130587,-0.00569946,-0.30194253,-0.71383035,0.41109863,-1.7583181,-2.0975163,-0.79456306,-1.2808834,-1.4313188,-0.48667344,-1.7557917,-1.5184456,-1.7367158,-1.9507362,1.1748164,1.9953133,-1.9953133,0.18446106,-1.5073332,-1.4538639,-0.5893201,0.5409087,-1.1567329,-1.5254815,-1.738541,-1.2324947,0.24001032,-2.1486168,-0.5483114,0.95105654,0.309017,1.2246469e-16,-1.0,0.8660254,0.5,1.0,0.0,0.0,0.0,0.0
2025-06-03 12:00:00,4.0,0.35676694,0.7762356,-0.008557103,0.21364681,-0.2540121,0.3017984,0.9781554,-0.114730164,-0.3500723,-0.58531106,-0.9881646,0.021860767,-1.4711907,-1.8202246,-0.74199045,-0.403701,-1.2605635,-0.49535626,-1.5889623,-1.2423749,-1.4886738,-1.7697371,-0.34318504,1.6360983,-1.6360983,0.074466914,-1.0485405,-1.4992536,-0.20551717,0.024999533,-1.2194875,-1.8119256,-1.5949936,0.45075345,-0.36048323,-2.0569987,-0.42678282,0.95105654,0.309017,1.2246469e-16,-1.0,0.8660254,-0.5,0.0,1.0,0.0,0.0,0.0
2025-06-04 04:00:00,4.0,0.9608664,1.46559,-1.0749557,-0.68062097,0.6336515,0.20906651,-0.6269855,-0.032990627,-0.3569435,-0.62784994,-1.0994985,0.07075156,-0.88859797,-1.2991066,-0.21206531,0.52410436,-0.55357933,-0.94835925,-1.484982,-0.6047593,-0.7874958,-1.3573145,0.73245984,0.8139925,-0.8139925,0.66183007,-0.6471411,-1.0555276,0.13635339,-0.13508935,-0.71031195,-1.75225,-0.8846826,1.0093958,0.5581592,-1.2099906,0.53231835,0.95105654,0.309017,1.2246469e-16,-1.0,1.2246469e-16,-1.0,0.0,1.0,0.0,0.0,0.0
2025-06-04 08:00:00,4.0,1.6454833,0.0476504,-0.6731331,2.680437,-0.09716753,-1.0936188,-0.6269855,3.0,0.2814315,-0.11840227,-0.7610795,0.88200504,-0.07142165,-0.52793175,0.80869126,0.91173273,0.8034205,-0.45510358,-1.2092172,0.41253003,0.2761289,-0.73030746,-0.056722354,-1.1159003,1.1159003,0.81588,-0.58224726,0.107989594,0.06400134,0.36117372,0.25967592,-1.2187623,0.24440706,1.5519567,2.5906749,0.21864882,1.1267049,0.58778524,-0.809017,1.2246469e-16,-1.0,0.8660254,0.5,1.0,0.0,0.0,0.0,0.0
2025-06-04 12:00:00,4.0,-0.20913742,-0.39885318,0.45870173,0.81112,-0.8919766,0.3737164,1.1012702,-0.19979963,-0.23925696,-0.49576136,-1.039158,0.2333244,-0.14086288,-0.5892762,1.3626585,0.8178864,0.27737004,-0.45444727,-1.3666974,0.33902103,0.21683173,-0.75160074,-0.7807376,-1.0905824,1.0905824,0.83705086,-0.87053466,-0.22993897,0.4266426,0.20843887,0.32811633,-1.1527723,0.185324,-0.679402,2.0338967,0.0991621,1.0834851,0.58778524,-0.809017,1.2246469e-16,-1.0,0.8660254,-0.5,0.0,1.0,0.0,0.0,0.0
2025-06-05 04:00:00,4.0,-0.18788746,-0.46241146,-1.1950094,2.0901694,-0.99408054,0.46817327,-0.6257742,-0.12498703,-0.6744994,-0.86072415,-1.3286486,-0.303994,-0.20297511,-0.6386496,1.6520851,1.4303645,0.14360657,-0.67739165,-1.1758618,0.30210102,0.18636608,-0.7635761,-0.87433517,-0.9463311,0.9463311,0.050190814,-1.1469672,-0.596996,0.83521223,-0.34416154,0.2254392,-1.1447242,0.09435704,-1.2324947,1.0465763,-0.0033681649,1.4210443,0.58778524,-0.809017,1.2246469e-16,-1.0,1.2246469e-16,-1.0,0.0,1.0,0.0,0.0,0.0
2025-06-05 08:00:00,1.0,0.53096634,0.15310112,-0.21274228,1.825923,-1.6033775,-1.1130921,-0.6257742,0.8694304,-0.99510187,-1.1947817,-1.6518911,-0.6614731,0.08285671,-0.3731611,1.9930276,1.506685,0.8540768,-0.5818027,-1.1846395,0.7157867,0.63575315,-0.5192246,-1.4118153,-1.3840578,1.3840578,0.019697648,-1.0265,-0.5716103,1.485143,-0.40655845,0.61056614,-0.9982208,0.6148064,0.47403643,0.23141055,0.5096405,1.5673912,-0.58778524,-0.809017,1.2246469e-16,-1.0,0.8660254,0.5,1.0,0.0,0.0,0.0,0.0
2025-06-05 12:00:00,4.0,-0.46923852,-1.1807575,0.36653936,-1.1071881,-0.4831479,-0.26435506,0.29186767,-0.09425057,-1.1089922,-1.3292118,-1.739308,-0.80571467,-0.15513392,-0.570932,1.9675286,0.7367956,0.9366738,-0.7973283,-1.4120061,0.54761755,0.4204373,-0.6428584,-0.49488232,-0.82704216,0.82704216,0.2207938,-1.1146787,-0.97731745,1.5483731,-0.5852626,0.62932724,-1.1307279,0.5226603,-0.63898736,-0.017117169,0.26712233,1.3589139,-0.58778524,-0.809017,1.2246469e-16,-1.0,0.8660254,-0.5,0.0,1.0,0.0,0.0,0.0
2025-06-06 04:00:00,1.0,0.25780246,0.47861755,-0.047145687,0.9665806,1.1798939,1.1975706,-0.6183986,-0.20476313,-0.7328513,-1.0658951,-1.5406703,-0.2602166,0.008100072,-0.42407614,1.8837876,-0.043667994,0.6325227,-0.60563695,-1.2295837,0.8442286,0.6412953,-0.49706936,1.1044986,-1.0893136,1.0893136,-0.9057456,-0.4376525,-0.6095237,1.2426866,-0.8008456,0.62110233,-1.0730631,0.6048096,0.4871148,0.3165055,0.75295395,1.6883912,-0.58778524,-0.809017,1.2246469e-16,-1.0,1.2246469e-16,-1.0,0.0,1.0,0.0,0.0,0.0
2025-06-06 08:00:00,1.0,-0.19936448,-1.154542,0.020178417,-0.7912351,-1.077786,-1.0892332,-0.6183986,0.20074898,-1.0799848,-1.3695716,-1.7758385,-0.71795714,-0.083969146,-0.49369666,1.8028556,-0.035419375,0.5728006,-0.40761662,-1.3013523,0.75735486,0.5927899,-0.5223452,-1.0006292,-0.93975246,0.93975246,-0.8598864,-0.35759434,-1.013761,1.6479174,-0.8082325,0.7962757,-1.0716419,0.608021,-0.63898736,-0.2457745,1.1477783,2.8358707,-0.95105654,0.309017,1.2246469e-16,-1.0,0.8660254,0.5,1.0,0.0,0.0,0.0,0.0
2025-06-06 12:00:00,4.0,-0.3150873,-1.1680028,0.22356369,-1.0081931,-1.4315956,-0.14048101,0.46912858,-0.16700585,-1.4455101,-1.7103713,-2.0371635,-1.2221564,-0.25508648,-0.6230055,1.6091206,-0.103802785,0.98665667,-0.33594987,-1.2771052,0.55939066,0.44040462,-0.6012606,-1.3967808,-0.6840479,0.6840479,-0.7858632,-0.6305733,-1.5960463,2.1159387,-0.87935543,0.61284155,-0.77004135,0.49245188,-1.1910928,-0.13818832,0.8353812,2.506814,-0.95105654,0.309017,1.2246469e-16,-1.0,0.8660254,-0.5,0.0,1.0,0.0,0.0,0.0
2025-06-09 04:00:00,3.0,0.34522402,0.91615576,-0.058368053,0.071754515,-0.32731584,0.35900304,-0.6134108,-0.16700585,-1.4214936,-1.7625134,-2.1020238,-1.1217709,-0.012927219,-0.42539647,1.5100614,-0.20963122,0.98153734,-0.22105058,-1.1810814,0.8486205,0.76127976,-0.41186783,-0.43601528,-1.0155097,1.0155097,-0.9362208,0.13011305,-1.4743196,2.29057,-0.72109264,0.6835459,0.4580788,0.7624522,0.51046836,-0.030341968,1.2820203,2.4359484,-0.95105654,0.309017,1.2246469e-16,-1.0,1.2246469e-16,-1.0,0.0,1.0,0.0,0.0,0.0
2025-06-09 08:00:00,3.0,0.32421577,0.94356453,-1.2095987,0.9445025,-1.1303595,-1.0824413,-0.6134108,-0.0791491,-1.6204028,-1.9635794,-2.2793336,-1.3933264,0.18324861,-0.27414387,1.5533171,0.21212935,0.733291,0.12725608,-1.6847205,1.0433398,1.0704913,-0.25389996,-1.2569242,-1.2661963,1.2661963,-1.041023,0.3427427,-1.6214361,2.7333505,-0.8081175,0.8688229,0.5266323,1.1767844,1.0776554,0.3798063,1.5966908,2.2114513,0.0,1.0,1.2246469e-16,-1.0,0.8660254,0.5,1.0,0.0,0.0,0.0,0.0
2025-06-09 12:00:00,0.0,-0.5114555,-1.4451326,-0.37647262,-1.2134762,-0.6031965,-0.30354825,0.22331311,-0.03877525,-1.6101621,-1.976167,-2.2700684,-1.3681312,-0.15914883,-0.5270183,1.3377254,-0.19861525,-0.18319368,0.56400406,-1.7181801,0.64324874,0.60713154,-0.45996144,-0.7678175,-0.8071927,0.8071927,-0.7643238,-0.11479111,-2.035685,2.599285,-1.0905368,0.7915512,0.7053384,0.54319495,-0.6239058,0.16824678,1.0302814,1.9537793,0.0,1.0,1.2246469e-16,-1.0,0.8660254,-0.5,0.0,1.0,0.0,0.0,0.0
2025-06-10 04:00:00,0.0,0.6636539,1.0938957,0.37667042,-0.6127373,0.8089587,2.3636498,-0.60568416,-0.120509915,-1.312064,-1.7862015,-2.1556277,-0.7911397,0.2712171,-0.19930044,1.3257838,0.2719213,0.17256111,0.39871916,-1.4492862,1.0506295,1.0875193,-0.12562001,0.68918216,-1.2428628,1.2428628,-0.45171857,1.6666662,-1.4226663,2.3718948,-0.64940953,0.9166901,0.941874,0.918172,0.4871148,0.38029724,1.5604682,1.8637933,0.0,1.0,1.2246469e-16,-1.0,1.2246469e-16,-1.0,0.0,1.0,0.0,0.0,0.0
2025-06-10 08:00:00,3.0,0.13083926,0.22466238,1.1135184,0.79739183,-0.82745,-1.0730941,-0.60568416,-0.018046545,-1.4365808,-1.8839989,-2.2280967,-0.97730637,0.3811182,-0.11718755,1.3605579,0.5495226,0.32416192,0.4078505,-1.413988,1.0652409,1.1989084,-0.022124035,-0.8797006,-1.2418598,1.2418598,-0.574508,1.451372,-1.5580246,2.568871,-0.46031523,1.0127891,1.4085305,1.0960475,1.0428802,0.22672158,1.5956075,1.7738179,0.95105654,0.309017,1.2246469e-16,-1.0,0.8660254,0.5,1.0,0.0,0.0,0.0,0.0
2025-06-10 12:00:00,3.0,-0.038409263,-0.18451403,-1.0238454,2.1078336,1.1266733,-0.0763561,0.45642984,0.06371483,-1.0868111,-1.6162595,-2.019046,-0.36438042,0.37113643,-0.12455147,1.2444705,0.325666,0.057040118,0.89231384,-1.4335638,0.9526852,1.0112312,-0.035667825,0.8994682,-0.76735055,0.76735055,-0.4769939,0.80827975,-1.2810678,2.0551162,-0.11905243,0.8099762,1.3516803,0.765991,-0.63898736,0.6754375,1.5101507,1.004207,0.95105654,0.309017,1.2246469e-16,-1.0,0.8660254,-0.5,0.0,1.0,0.0,0.0,0.0
2025-06-11 04:00:00,0.0,0.25194657,0.73898065,0.2378007,0.269805,-0.9159182,0.7129099,-0.6016129,-0.10348371,-1.293816,-1.748903,-2.108782,-0.7096889,0.6006331,0.033440195,1.2628889,0.28348452,0.40654507,1.2942741,-1.3967146,1.0619401,1.1623874,0.15213491,-1.036842,-1.1377741,1.1377741,-0.4513975,1.2966459,-1.4024334,2.351226,-0.06549015,1.076067,1.6716067,0.99837244,0.53596693,0.3407257,1.655218,0.29904926,0.95105654,0.309017,1.2246469e-16,-1.0,1.2246469e-16,-1.0,0.0,1.0,0.0,0.0,0.0
2025-06-11 08:00:00,4.0,0.19578618,0.5646867,1.5231535,-0.32314497,0.6350608,-1.0830749,-0.6016129,-0.30104735,-1.1144643,-1.60603,-1.9974326,-0.37465617,0.79611146,0.17289191,1.2308834,0.68688715,0.37375122,0.9730673,-1.2562969,1.1045707,1.2112495,0.29170305,0.41116515,-0.66456825,0.66456825,-0.94959736,1.0371319,-1.1459509,2.1228173,0.2177354,1.2896208,1.6802052,1.1087158,1.084068,0.4058837,1.3450514,1.500536,0.58778524,-0.809017,1.2246469e-16,-1.0,0.8660254,0.5,1.0,0.0,0.0,0.0,0.0
2025-06-11 12:00:00,1.0,-0.9396858,-1.0302464,-0.117224716,-0.37972513,2.447939,1.2723247,2.0229716,-0.051734556,-0.43286258,-1.055241,-1.5519615,0.7074396,-0.20312296,-0.47668082,0.7775421,-0.23096721,0.04937573,0.6586013,-1.3684891,0.26936677,0.16654451,-0.23893532,1.6092458,0.83344966,-0.83344966,-0.28437263,0.045763064,-0.9718254,1.0497257,0.6679896,0.7163813,1.4638181,-0.06397324,-0.63797534,-0.67309105,0.50348973,1.2905399,0.58778524,-0.809017,1.2246469e-16,-1.0,0.8660254,-0.5,0.0,1.0,0.0,0.0,0.0
2025-06-12 04:00:00,1.0,0.8404937,1.1663017,-0.16529334,-0.42908964,1.3370274,0.826204,-0.60080534,-0.052029792,-0.28768274,-0.89750177,-1.4403633,0.92284167,0.6103366,0.085016355,0.7596672,0.17901513,0.6320929,1.623657,-1.2602118,0.98567826,0.74568594,0.26276654,1.101851,-0.44955912,0.44955912,0.43226594,0.7186277,-0.33660498,0.99429375,1.1599251,0.9794644,1.5522586,0.6669575,0.53596693,-0.08198637,1.221575,0.38059333,0.58778524,-0.809017,1.2246469e-16,-1.0,1.2246469e-16,-1.0,0.0,1.0,0.0,0.0,0.0
2025-06-12 08:00:00,1.0,-1.9731767,-0.8588499,0.82785064,-0.64518625,0.45387056,-1.0965493,-0.60080534,-2.8771057,0.5546125,-0.1754793,-0.8455966,1.8942116,-1.1462587,-1.2186222,0.15367241,-0.9224148,-0.4990376,0.7028402,-1.1443353,-1.6869493,-0.9644477,-0.7379498,0.35150516,1.8675592,-1.8675592,1.2637886,0.6055395,-0.5545123,-0.17657244,1.6568052,-1.5484407,0.8914896,-1.2391961,-0.6334155,-2.0688336,-0.78552145,1.1142166,-0.58778524,-0.809017,1.2246469e-16,-1.0,0.8660254,0.5,1.0,0.0,0.0,0.0,0.0
2025-06-12 12:00:00,4.0,0.40326717,0.86247337,0.798321,-0.38371438,0.2148094,0.49075517,1.3165609,-0.18961234,0.21339971,-0.3247213,-0.9327476,1.3239437,-0.76483715,-0.93478036,-0.11424051,-0.84476024,-0.46639132,0.42562068,-1.1026441,-1.5046469,-0.7084672,-0.50028515,-0.08962119,1.2758639,-1.2758639,1.4139779,1.0178776,-0.52416545,0.041629322,1.7628345,-1.9273616,0.8872971,-0.97977114,0.53596693,-0.58300084,-1.6654605,0.7654734,-0.58778524,-0.809017,1.2246469e-16,-1.0,0.8660254,-0.5,0.0,1.0,0.0,0.0,0.0
2025-06-13 04:00:00,4.0,0.53967696,0.7231491,2.3676753,-1.1760954,1.3413314,0.8197624,-0.6249669,-0.06069324,0.26890808,-0.22633843,-0.8588311,1.3217213,-0.29165295,-0.5852507,-0.11697824,-0.6505128,0.039053667,-0.17119813,-1.2122258,-0.5465241,-0.2670346,-0.19667858,1.3148685,0.6619489,-0.6619489,2.128322,1.363035,-0.17422873,0.033412684,1.716911,-0.39871755,0.80010843,-0.5009365,1.1206582,-0.94477934,-0.88840175,0.21945715,-0.58778524,-0.809017,1.2246469e-16,-1.0,1.2246469e-16,-1.0,0.0,1.0,0.0,0.0,0.0
2025-06-13 08:00:00,4.0,-1.4907192,0.9440309,-0.4691109,0.25642756,0.97316796,-1.1242578,-0.6249669,-3.0,1.430137,0.76415676,-0.0911984,2.3725002,-1.4209074,-1.5274004,-0.40801233,-0.95441115,-0.9964223,-0.727932,-1.3869556,-2.2375069,-1.1920995,-0.8651325,1.0293622,1.1414369,-1.1414369,1.9165193,1.1234484,-0.03102047,-1.0280266,1.8876204,-2.8563204,-0.0012501841,-1.5231584,-0.6334155,-0.2659069,-1.4710315,0.3150215,-0.95105654,0.309017,1.2246469e-16,-1.0,0.8660254,0.5,1.0,0.0,0.0,0.0,0.0
2025-06-13 12:00:00,4.0,0.33926356,0.54185796,-1.0137951,1.4859902,0.19618726,1.1715399,2.2646859,-0.006784203,0.8968404,0.5270198,-0.20646949,1.6001433,-1.1044639,-1.2836324,-0.56046283,-1.2376139,-0.89166504,-0.50077087,-1.2234502,-1.4944113,-0.9556978,-0.6919708,0.12218116,0.89318436,-0.89318436,1.5473791,1.3911972,-0.09136973,-0.80106044,1.3481103,-1.8118888,0.03327684,-1.2220107,0.5121774,-0.3423461,-1.1471475,0.2503913,-0.95105654,0.309017,1.2246469e-16,-1.0,0.8660254,-0.5,0.0,1.0,0.0,0.0,0.0
2025-06-16 04:00:00,4.0,0.08086675,0.041572798,-1.1702144,2.5658984,-0.6716124,0.76181406,-0.62974924,0.032397278,0.29129028,0.16301557,-0.41368845,0.8171163,-1.025382,-1.2117447,-0.6429932,-0.07930887,-0.832847,-0.7660869,-1.134815,-1.1856011,-0.8927186,-0.65695405,-0.6326591,0.8481079,-0.8481079,0.6109148,1.4414483,-0.40851057,-0.50151414,0.2134101,-1.2591988,0.079747215,-1.1363776,1.0756115,-0.7767863,-1.0783703,0.35613593,-0.95105654,0.309017,1.2246469e-16,-1.0,1.2246469e-16,-1.0,0.0,1.0,0.0,0.0,0.0
2025-06-16 08:00:00,4.0,0.22028115,-0.76493955,0.504259,-0.120858975,-0.2895222,-1.1726482,-0.62974924,0.9061052,-0.07120834,-0.09176769,-0.5673356,0.3587843,-0.8115077,-1.0479778,-0.60389036,-0.18311957,-0.8465427,-0.4116556,-1.1358726,-0.8472368,-0.7293663,-0.5444686,-0.3156223,0.6933069,-0.6933069,0.5443516,1.1764659,-0.5676061,-0.24341933,0.12839036,-0.54430866,-0.2801082,-1.0116694,1.6236572,0.63786364,-0.8842815,0.009378865,0.0,1.0,1.2246469e-16,-1.0,0.8660254,0.5,1.0,0.0,0.0,0.0,0.0
2025-06-16 12:00:00,4.0,0.3106328,0.8721,0.023118308,0.020534324,-1.2687198,0.37586564,1.2812587,0.010170269,-0.6395053,-0.5543124,-0.8813758,-0.33878252,-0.50346494,-0.819582,-0.49398246,-0.3076194,-0.7890035,-0.41621816,-1.1093761,-0.48024523,-0.50449836,-0.37544757,-1.3303274,0.47124225,-0.47124225,0.4237275,1.1666868,-0.93252146,0.26817536,-0.39881477,-0.39233646,-0.5879947,-0.75586236,2.1267788,0.635087,-0.6143529,-0.23835173,0.0,1.0,1.2246469e-16,-1.0,0.8660254,-0.5,0.0,1.0,0.0,0.0,0.0
2025-06-17 04:00:00,4.0,0.24644874,0.43768194,0.6246339,0.5739982,-0.08775633,0.4096915,-0.62988204,-0.028709838,-0.73961776,-0.6970638,-0.9869841,-0.4381826,-0.25941893,-0.639517,-0.28761315,0.6762378,-0.22487666,-0.18764815,-1.1318907,-0.21654376,-0.29748592,-0.20260714,-0.10459888,0.3008938,-0.3008938,-1.5448883,1.1559733,-0.98614293,0.47584283,-1.1831713,-0.14614366,-0.89693373,-0.54658824,2.5762162,0.8155978,-0.40921035,-0.056691658,0.0,1.0,1.2246469e-16,-1.0,1.2246469e-16,-1.0,0.0,1.0,0.0,0.0,0.0
2025-06-17 08:00:00,4.0,-0.92255974,-0.049327146,-0.21430169,1.8799101,0.66960144,-1.1971557,-0.62988204,-1.5896231,0.04716257,-0.09644963,-0.5236312,0.51829207,-1.1380885,-1.3464819,-0.34406218,-0.039543327,-1.0545653,-0.487538,-1.2521704,-0.9845628,-0.9385451,-0.78412706,0.76505303,1.027486,-1.027486,-0.40595287,0.95336634,-0.84463924,-0.3083899,-0.5986405,-0.8272929,-0.8216664,-1.242883,-0.72427434,-0.2948928,-1.2943786,-0.5551677,0.95105654,0.309017,1.2246469e-16,-1.0,0.8660254,0.5,1.0,0.0,0.0,0.0,0.0
2025-06-17 12:00:00,4.0,0.46507865,0.8347325,-0.96624666,0.64882624,0.0025194152,0.25773,1.1614861,-0.020327328,-0.17832868,-0.26872653,-0.64157456,0.2426665,-0.64200014,-0.9900081,-0.27271655,0.18024415,0.08330241,-0.47017998,-1.2400874,-0.5020841,-0.5618705,-0.53386784,0.16398717,0.6900566,-0.6900566,-0.31419277,0.95899254,-0.78765327,-0.061827492,-0.43410626,-0.44181952,-0.80883604,-0.8451932,0.3758892,-0.10686212,-0.8853962,-0.54710567,0.95105654,0.309017,1.2246469e-16,-1.0,0.8660254,-0.5,0.0,1.0,0.0,0.0,0.0
2025-06-18 04:00:00,4.0,-0.1937003,-0.8464106,0.90032226,-0.43384412,-1.455232,0.29019254,-0.63088304,0.01707613,-0.6799078,-0.6634666,-0.8953228,-0.4109584,-0.8588119,-1.177443,-0.2955746,-0.056068636,-0.20003319,-0.7501937,-1.253594,-0.60026425,-0.72205704,-0.7169818,-1.2425014,0.8301563,-0.8301563,-0.31589875,0.60406786,-1.4607173,0.31002092,-0.5968898,-0.26372132,-1.4443052,-1.0267013,-0.72427434,-0.5599431,-1.0841141,-0.69308597,0.95105654,0.309017,1.2246469e-16,-1.0,1.2246469e-16,-1.0,0.0,1.0,0.0,0.0,0.0
2025-06-18 08:00:00,4.0,-0.6066074,-0.2309762,3.0,-0.79919976,-1.7809782,-1.2377865,-0.63088304,-1.0133815,-0.92119503,-0.8823469,-1.0233904,-0.7435208,-1.4279858,-1.6742401,-0.48786855,-0.57992417,-0.73835206,-0.7965201,-1.2571424,-0.9717028,-1.226121,-1.2222112,-1.4593759,1.2737657,-1.2737657,-0.29261824,0.50671124,-2.1706202,0.44005018,-0.46309027,-0.6238332,-1.3548921,-1.6027751,-1.2743561,-0.23390633,-1.6235266,-0.23874667,0.58778524,-0.809017,1.2246469e-16,-1.0,0.8660254,0.5,1.0,0.0,0.0,0.0,0.0
2025-06-18 12:00:00,4.0,-0.35826263,-1.0477631,-0.09543343,-0.29693085,-0.4321782,-0.0798111,0.65614724,0.061146718,-1.009291,-1.0057464,-1.1069597,-0.848467,-1.7067518,-1.9252297,-0.7049701,-0.91958153,-0.20224139,-1.330348,-1.2455006,-1.0796478,-1.4544001,-1.5223432,-0.36820608,1.4987957,-1.4987957,-0.431655,0.26632512,-2.5278149,0.5227038,-0.4960846,-0.78298366,-1.4415818,-1.728393,-1.8244379,-1.0675908,-1.8664122,-0.10330868,0.58778524,-0.809017,1.2246469e-16,-1.0,0.8660254,-0.5,0.0,1.0,0.0,0.0,0.0
2025-06-19 04:00:00,4.0,-0.09224178,-0.27664435,0.7684683,0.7635816,0.41150513,1.0024031,-0.6266648,0.0231204,-0.8383628,-0.9308555,-1.0661479,-0.56939894,-1.765139,-1.991442,-0.7992325,-0.44615638,-0.4064237,-1.4238592,-1.4335592,-0.9930191,-1.3764648,-1.5492802,0.83878297,1.2028564,-1.2028564,-0.7790424,-0.0945854,-2.3975976,0.41982403,-0.8906847,-0.8506938,-1.3843561,-1.6268531,-2.229414,-0.951326,-1.5534981,-0.07962487,0.58778524,-0.809017,1.2246469e-16,-1.0,1.2246469e-16,-1.0,0.0,1.0,0.0,0.0,0.0
2025-06-19 08:00:00,4.0,-1.61008,-0.57244205,2.3187814,-0.8757917,0.35969743,-1.335246,-0.6266648,-2.2100008,-0.061612412,-0.31124833,-0.5738848,0.41534182,-2.7023528,-2.9514678,-1.1991626,-1.6048933,-1.2005476,-2.1688101,-1.5228899,-1.6634475,-2.2274733,-2.4445486,0.5464828,1.5464773,-1.5464773,-0.31070042,-0.15105534,-2.350172,-0.57195944,-0.2878621,-1.4789414,-1.2384923,-2.5475583,-2.5706565,-1.5078397,-1.8239074,-0.22018714,-0.58778524,-0.809017,1.2246469e-16,-1.0,0.8660254,0.5,1.0,0.0,0.0,0.0,0.0
2025-06-19 12:00:00,4.0,0.524324,0.96680576,1.4925451,-1.2281029,-0.39024878,-0.18210274,0.57835966,0.0719533,-0.3207056,-0.50156677,-0.72146505,0.08734732,-2.0245261,-2.3500102,-1.3294575,-1.2000618,-1.0474112,-1.9832705,-1.22471,-1.1689863,-1.7056421,-1.9782528,-0.22200412,1.1979549,-1.1979549,0.11630244,-0.057692304,-2.2291384,-0.28311855,-0.05978311,-1.1815231,-1.2381382,-2.0058687,0.3931829,-0.56069046,-1.5277879,-0.20037347,-0.58778524,-0.809017,1.2246469e-16,-1.0,0.8660254,-0.5,0.0,1.0,0.0,0.0,0.0
2025-06-20 04:00:00,4.0,-0.5299709,-1.3965322,-0.62961155,-0.74930096,-0.5847297,0.9097749,-0.6241489,-0.0052276677,-0.5601222,-0.6719517,-0.8172856,-0.2596117,-2.2316597,-2.5323987,-1.531046,-1.148714,-1.4162445,-2.2464244,-1.4451302,-1.2840621,-1.9463354,-2.2989767,-0.48702955,1.533569,-1.533569,0.11511869,-0.43473125,-2.6331549,-0.21627413,-0.0041472143,-1.220461,-1.6132948,-2.214954,-0.5929452,-0.8272179,-1.734125,-0.29740885,-0.58778524,-0.809017,1.2246469e-16,-1.0,1.2246469e-16,-1.0,0.0,1.0,0.0,0.0,0.0
2025-06-20 08:00:00,1.0,1.5673877,1.4683609,-1.1340067,-0.47986072,-0.6989817,-0.7495328,-0.6241489,1.5927575,-0.14148879,-0.4034014,-0.69539124,0.3944119,-0.65471226,-1.2472245,-0.9207007,-0.0641817,-0.78960603,-1.0331708,-1.2438456,-0.3129897,-0.5797584,-0.9734729,-0.712486,0.4101587,-0.4101587,0.9198109,-0.41016522,-1.3928795,-0.16707762,0.5518578,-0.4284364,-1.4644009,-0.87248343,0.4199417,2.0790753,-0.8144381,0.07574724,-0.95105654,0.309017,1.2246469e-16,-1.0,0.8660254,0.5,1.0,0.0,0.0,0.0,0.0
2025-06-20 12:00:00,1.0,0.047559604,0.086166695,1.1403917,0.8480337,2.4596589,3.0,-0.6291673,-0.038549043,0.14907767,-0.16383947,-0.5316313,0.7475466,-0.6446428,-1.2035643,-0.48826474,0.010374531,-0.36135918,-1.4497645,-0.17648107,-0.28283024,-0.40766123,-0.8430599,1.7522633,0.40182593,-0.40182593,1.0362785,1.3325493,-1.0926123,-0.40282354,0.7571388,-0.25303802,-1.3768458,-0.3990787,0.89511853,1.4712704,-0.7171894,0.2130446,-0.95105654,0.309017,1.2246469e-16,-1.0,0.8660254,-0.5,0.0,1.0,0.0,0.0,0.0
2025-06-23 04:00:00,4.0,-0.7168586,-1.1661613,0.49903953,-0.99842274,0.97201097,-0.06307525,-0.6291673,0.034275353,0.13625614,-0.12244724,-0.47556913,0.6503421,-1.1030606,-1.5725867,-0.38430342,0.59663135,-0.90375805,-0.8133646,-0.46565035,-0.6495751,-0.7985845,-1.2186215,1.0892742,0.8887465,-0.8887465,0.63138103,0.93598264,-1.3654697,-0.58595866,0.17323583,-0.3738428,-1.69883,-0.80473447,-0.5929452,1.3096737,-1.1390269,0.10535671,-0.95105654,0.309017,1.2246469e-16,-1.0,1.2246469e-16,-1.0,0.0,1.0,0.0,0.0,0.0
2025-06-23 08:00:00,4.0,0.30842993,1.459487,-0.7001417,-0.75029844,1.0977837,-0.36505634,-0.6291673,-1.156467,0.18772884,-0.083723076,-0.47321346,0.683125,-0.88472575,-1.3723648,-0.18257357,0.4299967,-0.6897789,-0.8825037,-1.1549072,-0.42417103,-0.55047804,-1.0188001,1.0533566,0.72885406,-0.72885406,0.66572905,0.9374259,-1.2736273,-0.5878809,0.43423113,-0.5242206,-1.7137579,-0.58790207,0.4199417,-0.23809797,-0.98676664,0.071886614,0.0,1.0,1.2246469e-16,-1.0,0.8660254,0.5,1.0,0.0,0.0,0.0,0.0
2025-06-23 12:00:00,4.0,-1.1430264,-0.99850184,-0.79447263,0.15973006,3.0,0.036506016,-0.60491455,0.13326879,1.2578862,0.77508754,0.12798902,1.5648614,-1.4860523,-1.8846203,-0.26509807,0.1985265,-0.8379932,-1.5439463,-1.4551533,-0.95765185,-0.9710246,-1.4407413,2.1023955,1.0779458,-1.0779458,1.0028889,0.53618675,-1.1080704,-1.371994,1.4139467,-0.71948963,-1.624208,-0.959494,-0.562784,-1.010287,-1.2448511,0.18029535,0.0,1.0,1.2246469e-16,-1.0,0.8660254,-0.5,0.0,1.0,0.0,0.0,0.0
2025-06-24 04:00:00,4.0,0.29773694,0.6417666,0.40033337,0.25690076,-1.3082522,0.025544291,-0.60491455,0.09035376,0.13342637,0.06325886,-0.30975324,0.40680054,-1.2665416,-1.6800871,-0.27213868,-0.60994565,-0.5487737,-0.7321793,-1.3232682,-0.6908838,-0.8510919,-1.4066224,-1.5466584,0.9217644,-0.9217644,-0.19199352,0.7559193,-1.6115394,-0.86034316,0.3477472,-0.6207737,-1.7410762,-0.8656312,0.4438653,-0.24914806,-1.0895591,0.25143918,0.0,1.0,1.2246469e-16,-1.0,1.2246469e-16,-1.0,0.0,1.0,0.0,0.0,0.0
2025-06-24 08:00:00,4.0,3.0,-0.054211516,2.26715,0.022094533,1.5109298,-0.72519493,-0.60491455,3.0,3.0,2.4952645,1.2082248,3.0,1.0540832,0.32500583,0.6131841,1.1343356,0.87213725,0.45539132,-0.7176527,1.2245681,0.97039986,0.5432241,1.5770744,-0.9507227,0.9507227,1.8113911,0.6248827,1.2943316,-1.6630303,2.1387968,1.273075,-0.56464005,0.8921077,0.9418113,2.302107,0.98410857,-0.16240856,0.95105654,0.309017,1.2246469e-16,-1.0,0.8660254,0.5,1.0,0.0,0.0,0.0,1.0
2025-06-24 12:00:00,4.0,-0.47871742,-0.91037256,1.1167933,-1.0305067,0.1997136,0.3455902,2.5497003,0.03709601,2.147216,2.0043647,1.0916353,2.0064504,0.71322817,0.046784822,0.99841213,1.3350079,1.4244875,0.2210034,-0.928866,0.927621,0.74369425,0.30002677,0.20288633,-0.6388037,0.6388037,1.6578919,0.10494996,0.92404026,-1.4913108,1.7304698,1.0527662,-0.3947636,0.69258153,-0.562784,2.4836924,0.64169854,-0.124563985,0.95105654,0.309017,1.2246469e-16,-1.0,0.8660254,-0.5,0.0,1.0,0.0,0.0,1.0
2025-06-25 04:00:00,4.0,0.550289,1.4652029,-0.10757606,-1.0619044,-0.7986684,0.99949265,-0.60035884,-0.06468335,0.9709745,1.18001,0.6034513,0.9129159,1.0222995,0.36633712,1.3925954,1.48573,1.4017107,0.348849,-0.8924427,1.2505286,1.0539471,0.5484685,-1.0450009,-0.9619334,0.9619334,1.5787053,0.7641204,0.72204614,-0.9505559,1.10308,1.1058493,-0.42407405,0.9092204,0.4858479,2.4725106,0.9752601,0.24212413,0.95105654,0.309017,1.2246469e-16,-1.0,1.2246469e-16,-1.0,0.0,1.0,0.0,0.0,1.0
2025-06-25 08:00:00,4.0,-0.22262529,-1.3256778,-0.4817025,-0.7881679,0.62881476,-0.77674824,-0.60035884,0.8740959,0.7263329,1.0244086,0.5881451,0.63151246,0.8327334,0.22307713,1.5037327,1.9116422,1.5387251,0.11080037,-0.8619844,1.1259437,0.9345616,0.41743818,0.8635692,-0.7995348,0.7995348,1.1765698,0.63711506,0.5419334,-0.892585,0.33186597,1.2459711,-0.42762202,0.8315625,-0.55525476,-0.26193565,0.7982184,0.24686143,0.58778524,-0.809017,1.2246469e-16,-1.0,0.8660254,0.5,1.0,0.0,0.0,0.0,1.0
2025-06-25 12:00:00,4.0,0.37549484,0.5921125,-0.95829797,1.2674984,-0.01855697,-0.04477574,1.5612972,0.025552683,0.27665403,0.64614445,0.35128763,0.19919743,1.0386171,0.45262498,1.6191049,1.9091648,0.9430249,0.15167426,-0.48873967,1.3810151,1.1502393,0.6081351,-0.022659022,-1.0087172,1.0087172,1.1113781,0.7618327,0.46811423,-0.59041095,0.661117,1.113516,5.7512014e-05,1.0547992,0.46361533,0.34191567,1.0771962,0.28077045,0.58778524,-0.809017,1.2246469e-16,-1.0,0.8660254,-0.5,0.0,1.0,0.0,0.0,1.0
2025-06-26 04:00:00,1.0,-0.25079322,-0.5884314,0.4283856,0.2127845,-0.19742672,0.06541137,-0.60106075,0.024872862,-0.11801078,0.2977756,0.14291053,-0.20545143,0.8046879,0.27683645,1.568283,-0.014455542,0.8398885,0.48200387,-0.37619337,1.1637675,0.9924204,0.41149417,-0.34711057,-0.8233592,0.8233592,-1.2565565,0.3273093,0.077362515,-0.3975187,-1.4423054,1.1314455,0.02187928,0.87499183,-0.6159699,-0.23311725,0.87352526,0.85994494,0.58778524,-0.809017,1.2246469e-16,-1.0,1.2246469e-16,-1.0,0.0,1.0,0.0,0.0,1.0
2025-06-26 08:00:00,1.0,0.49334514,1.0878744,-0.69010186,-0.000516288,-0.9543847,-0.79000026,-0.60106075,0.09646382,-0.7639691,-0.32356784,-0.3447224,-0.8381153,1.1021737,0.5945358,1.6310688,0.5192038,1.3507622,0.46763325,-0.23379768,1.4311206,1.2966392,0.6685367,-1.1259933,-1.1022044,1.1022044,-1.371862,0.25285527,-0.18694171,0.16420525,-1.5575988,1.2112997,0.042279042,1.2238137,0.4552821,0.31873038,1.167856,0.5636961,-0.58778524,-0.809017,1.2246469e-16,-1.0,0.8660254,0.5,1.0,0.0,0.0,0.0,1.0
2025-06-26 12:00:00,1.0,-0.063233316,-0.2254025,2.8005567,-0.680521,-0.7631899,-0.11485253,1.3648123,-0.0057847844,-1.1345472,-0.74756867,-0.6809361,-1.2083892,1.0068511,0.5376198,1.5795465,0.18448615,1.1933049,0.53360826,0.06784995,1.3224514,1.253903,0.59309083,-0.86393994,-1.031373,1.031373,-1.4809421,-0.053081278,-0.6297062,0.51994336,-1.428508,1.3101815,0.2917213,1.1961544,-0.6159699,-0.009071621,1.0912604,0.46938843,-0.58778524,-0.809017,1.2246469e-16,-1.0,0.8660254,-0.5,0.0,1.0,0.0,0.0,1.0
2025-06-27 04:00:00,4.0,0.19176152,0.22079869,-1.2473872,2.0261726,0.637889,-0.0711033,-0.60354257,0.027054928,-0.84239566,-0.6504214,-0.6557434,-0.8032787,1.1210742,0.6588278,1.4556665,0.43095025,1.6754764,0.9017897,0.86835194,1.3313905,1.2953322,0.73094136,0.93622756,-1.1216288,1.1216288,-1.5487782,0.121438175,-0.42687306,0.4735368,-1.233195,1.0315696,1.4030395,1.2193142,0.43278354,0.37954956,1.1864661,0.21105377,-0.58778524,-0.809017,1.2246469e-16,-1.0,1.2246469e-16,-1.0,0.0,1.0,0.0,0.0,1.0
2025-06-27 08:00:00,4.0,2.223726,1.583762,-1.4063959,-0.5719934,2.1201944,-0.8035269,-0.60354257,0.80333465,0.26898968,0.11302317,-0.20586611,0.53606313,2.3108368,1.979142,1.683188,1.4711311,2.3366032,1.92478,1.1735567,2.099593,2.2166405,1.9884002,1.9012885,-1.5324863,1.5324863,-0.0884359,0.02582001,1.3835294,0.23987415,-0.3117579,1.770827,1.2921038,2.2139904,0.9586242,1.5083635,1.6196417,0.5017602,-0.95105654,0.309017,1.2246469e-16,-1.0,0.8660254,0.5,1.0,0.0,0.0,0.0,1.0
2025-06-27 12:00:00,4.0,0.6224514,0.9644353,-1.4963099,0.73626506,0.23413743,0.034590367,1.7106237,0.02416999,0.08099194,-0.025068322,-0.32710573,0.34391114,2.4309134,2.212112,1.951619,1.9126375,1.295382,2.1351328,1.3662573,1.9178832,2.320239,2.2386978,0.7514519,-1.4959358,1.4959358,-0.31113872,0.24351734,1.5757257,0.46234652,-0.10798432,1.8053594,1.2798657,2.314838,1.4709128,1.851058,1.583624,0.5833066,-0.95105654,0.309017,1.2246469e-16,-1.0,0.8660254,-0.5,0.0,1.0,0.0,0.0,1.0
2025-06-30 04:00:00,4.0,0.844063,1.1805719,-0.8148585,-0.27249414,0.70129323,0.5782556,-0.6035274,-0.008447426,0.1378622,0.014036251,-0.3279445,0.4227746,2.5858533,2.486137,2.1304357,2.0595005,1.7764968,2.9422483,2.1702147,1.8437043,2.4162712,2.5393705,1.3904102,-1.3838037,1.3838037,-0.121436164,0.6838732,1.9477681,0.57881105,0.46080008,1.8924422,1.2397946,2.3716135,1.9032124,2.018311,1.455649,0.8363329,-0.95105654,0.309017,1.2246469e-16,-1.0,1.2246469e-16,-1.0,0.0,1.0,0.0,0.0,1.0
2025-06-30 08:00:00,4.0,-0.15103981,-1.7551612,-1.3270574,-0.6376252,-0.026807372,-0.8433123,-0.6035274,1.1361994,-0.0573291,-0.118131034,-0.41257066,0.18644933,2.3851113,2.298554,2.1233296,1.986642,1.53423,2.534397,2.3288777,1.5249104,2.141099,2.3804712,0.40954575,-1.0563825,1.0563825,-0.14181057,0.5586053,1.7559329,0.67413104,0.73884165,1.8580426,1.2233857,2.2236662,-0.69470686,0.50525653,1.1338884,0.65256524,0.0,1.0,1.2246469e-16,-1.0,0.8660254,0.5,1.0,0.0,0.0,0.0,1.0
2025-06-30 12:00:00,4.0,-1.0280905,-1.1994244,-0.47536233,-0.24249977,1.1584942,-0.36074695,0.6637565,-0.022365887,0.38728875,0.29738855,0.00563529,0.5724749,1.5535898,1.594515,1.680729,1.3317499,1.2479681,2.2976952,1.5340924,1.074059,1.3931705,1.7259829,1.6761532,-0.4002558,0.4002558,0.50289774,0.33565095,1.4980234,0.15785718,0.9246177,1.3132076,1.1608183,1.5261644,-1.1766291,-0.82222205,0.77682984,0.17684548,0.0,1.0,1.2246469e-16,-1.0,0.8660254,-0.5,0.0,1.0,0.0,0.0,1.0
2025-07-01 04:00:00,4.0,-0.9357367,-1.385302,-1.3012923,-0.03169205,0.0412992,-0.06303587,-0.59983003,-0.05548588,0.27986827,0.2835477,0.08460326,0.38139164,0.91098183,1.0219123,1.1785592,-0.3216464,0.75889796,1.3893901,1.2436866,0.69749516,0.86429685,1.24369,0.78429383,0.05926306,-0.05926306,-0.22832263,-0.0862578,1.066967,0.008655534,0.022491548,0.8216358,1.1340789,1.0513618,-1.6416043,-1.954015,0.45524734,0.36757064,0.0,1.0,1.2246469e-16,-1.0,1.2246469e-16,-1.0,0.0,1.0,0.0,0.0,1.0
2025-07-01 08:00:00,1.0,-1.3157806,-0.6053035,0.63637555,0.11713257,0.10236846,-1.2540784,-0.59983003,-1.1435614,0.61363286,0.6401921,0.51222956,0.60963655,0.15554728,0.30854958,0.48585126,-1.3345697,0.37826583,0.9602884,1.3892874,0.2391241,0.18884788,0.59774685,0.8261933,0.70640093,-0.70640093,-0.2790306,-0.20266144,0.7107902,-0.47516844,0.28638425,0.32497802,1.0693944,0.22397956,-2.0727038,-2.625815,0.011369035,0.46803358,0.95105654,0.309017,-0.5,-0.8660254,0.8660254,0.5,1.0,0.0,0.0,0.0,0.0
2025-07-01 12:00:00,1.0,-0.97235,-1.3223606,-1.2814659,0.06033617,0.3965528,0.0687243,1.1781298,-0.01031732,0.6137013,0.72501874,0.7077398,0.5195791,-0.3417001,-0.19053906,-0.1851022,-2.1925304,-0.19219857,0.8867204,0.93100816,-0.13215172,-0.32093704,0.13080628,1.1489075,1.1824903,-1.1824903,-1.2471461,-0.8665434,0.3499914,-0.70279735,0.20179604,-0.044248056,1.0341291,-0.25762907,-2.3910236,-2.1793408,-0.32971433,0.19917446,0.95105654,0.309017,-0.5,-0.8660254,0.8660254,-0.5,0.0,1.0,0.0,0.0,0.0
2025-07-02 04:00:00,1.0,0.6078395,0.9157418,-0.6852726,0.49107614,0.26092237,0.7833367,-0.5987097,-0.042866718,0.4911265,0.6340671,0.63713306,0.3992969,-0.0111938035,0.122858636,-0.5097474,-1.7728856,0.06693611,0.9763514,0.7106874,0.01804288,-0.11828109,0.43556738,1.0765541,0.86529833,-0.86529833,-0.6058782,-0.042979643,0.5460442,-0.5377844,0.29015788,-0.08006817,1.1717871,-0.048869148,0.42275408,-1.0579314,-0.12838155,-0.0032318407,0.95105654,0.309017,-0.5,-0.8660254,1.2246469e-16,-1.0,0.0,1.0,0.0,0.0,0.0
2025-07-02 08:00:00,1.0,0.6935613,-0.22311723,1.3471292,0.21882787,-1.4529796,-1.17618,-0.5987097,0.97090226,0.06331218,0.26784873,0.2964133,-0.009667835,0.32944968,0.45381105,-0.58675456,-0.95830375,0.24879767,1.4800252,0.18916887,0.18727256,0.07917513,0.7712263,-1.2846835,0.53609765,-0.53609765,-0.1405419,-0.15588759,0.60809296,-0.14958397,-0.21830522,0.24976963,1.1784831,0.12960255,0.90852946,0.20006202,0.019875586,-0.8584939,0.58778524,-0.809017,-0.5,-0.8660254,0.8660254,0.5,1.0,0.0,0.0,0.0,0.0
2025-07-02 12:00:00,1.0,0.4238737,1.2217361,0.49681076,-1.1608634,-1.4596162,-0.09624735,0.9130068,-0.00983032,-0.6655149,-0.3993321,-0.3563174,-0.72273386,0.5326282,0.6532484,-0.5584241,-0.307531,-0.4931379,1.4850751,0.4225639,0.29148683,0.17284735,1.022113,-1.239691,0.3104375,-0.3104375,-0.13515227,0.20510611,0.35726562,0.47466874,-0.6134034,0.2862848,1.2338717,0.18738666,1.3331243,1.0350069,-0.36481792,-0.9299623,0.58778524,-0.809017,-0.5,-0.8660254,0.8660254,-0.5,0.0,1.0,0.0,0.0,0.0
2025-07-03 04:00:00,1.0,0.6859398,0.9861721,-1.405882,0.9002853,0.3211042,1.0060216,-0.5959413,-0.00923057,-0.5431604,-0.41034898,-0.4484186,-0.52028996,0.85042596,0.96957535,-0.37399784,0.6690801,-0.489435,0.6709245,0.7446884,0.55195767,0.4509629,1.3490512,0.67827654,-0.05094215,0.05094215,-0.17156348,1.0150521,0.66712385,0.6113978,-0.74953663,0.37463754,1.1886243,0.4481267,1.723696,1.0220643,-0.011449308,0.56917614,0.58778524,-0.809017,-0.5,-0.8660254,1.2246469e-16,-1.0,0.0,1.0,0.0,0.0,0.0
2025-07-03 08:00:00,1.0,1.5080047,-0.31900027,2.0888038,-0.56845057,2.5166612,-1.1439013,-0.5959413,2.368027,1.7098897,1.4454215,1.2633225,1.7132127,1.4564456,1.6145214,0.012881295,1.8971345,-0.26041535,1.2259235,1.0098863,1.127767,0.8704214,1.7132956,1.7476296,-0.5608807,0.5608807,-0.97845274,0.87196195,2.2046375,-0.55498725,0.67410797,1.3029225,0.89863735,0.850155,2.0735278,1.3437476,0.47931743,-0.041403446,-0.58778524,-0.809017,-0.5,-0.8660254,0.8660254,0.5,1.0,0.0,0.0,0.0,0.0
2025-07-03 12:00:00,1.0,-0.19906886,-0.4052814,0.17539304,0.9903342,-0.6067666,0.5299746,1.5254599,0.0017096011,0.914537,0.9341817,0.8778753,0.8770937,1.3138034,1.4767188,0.20946774,1.48279,-0.2793969,0.9988063,1.1648031,0.9350331,0.7566223,1.6431532,-0.48589313,-0.41466326,0.41466326,-0.47535604,-0.19886947,1.8623035,-0.24552009,0.3294165,0.88200265,0.9238131,0.65693676,-0.5829491,0.9528895,0.40316254,-0.22045636,-0.58778524,-0.809017,-0.5,-0.8660254,0.8660254,-0.5,0.0,1.0,0.0,0.0,0.0
2025-07-04 04:00:00,1.0,-0.5666227,-0.7701679,1.0789493,-0.7135372,0.40205473,1.1115462,-0.60100454,0.00061517453,0.8161773,0.9411567,0.9937767,0.7000906,0.9458012,1.146841,0.18312348,0.8775859,-0.08434959,0.90555984,0.864087,0.6267829,0.44674152,1.3649274,1.161003,-0.16268261,0.16268261,0.010024368,-1.5977196,1.6266805,-0.3446045,0.56578755,0.73211735,0.8960811,0.39239106,-0.99573153,0.14896308,0.16351122,-0.18325602,-0.58778524,-0.809017,-0.5,-0.8660254,1.2246469e-16,-1.0,0.0,1.0,0.0,0.0,0.0
2025-07-04 08:00:00,1.0,-1.6934398,-0.9937045,0.9557133,-1.0964662,0.12599036,-1.2519269,-0.60100454,-1.2829549,1.0312092,1.2355226,1.4596267,0.7680376,-0.011360008,0.2457011,-0.20310524,-0.14902383,-0.3772818,0.31812218,0.376899,-0.20767845,-0.3136221,0.6086354,0.89911216,0.6775217,-0.6775217,0.8467856,-1.6564788,1.1247612,-0.81723446,1.2571219,0.021164233,0.68698514,-0.33726308,-1.3999261,-1.6854527,-0.61548054,-1.5722356,-0.95105654,0.309017,-0.5,-0.8660254,0.8660254,0.5,1.0,0.0,0.0,0.0,0.0
2025-07-04 12:00:00,1.0,-0.2953358,-0.6854579,0.31250682,0.21560223,-1.0591162,1.0054,2.1101668,-0.039438758,0.24240583,0.6224217,0.924025,-0.03326477,-0.15575516,0.099833675,-0.53116727,-0.6143554,0.03795595,0.3100884,0.4302209,-0.40405372,-0.48306194,0.51224196,-1.015423,0.80209506,-0.80209506,0.65240693,-2.9484477,0.6926647,-0.45037022,0.7034625,-0.29836354,-0.12489753,-0.51538086,-1.7823925,-1.6708472,-0.7297146,-1.9283104,-0.95105654,0.309017,-0.5,-0.8660254,0.8660254,-0.5,0.0,1.0,0.0,0.0,0.0
2025-07-07 04:00:00,1.0,-0.30983755,-0.8861377,-0.061911408,0.045126356,-1.3573401,0.7729884,-0.6029584,-0.03895497,-0.51928383,-0.04636208,0.30647317,-0.8086971,-0.30955037,-0.054800965,-0.8412954,-1.4561492,0.3217796,0.075925544,0.15421014,-0.59385324,-0.6676215,0.38095015,-1.3126696,0.93666667,-0.93666667,-0.6843701,-3.0,0.17249796,0.0058417176,-1.231542,-0.47587937,0.32255703,-0.6265639,-2.083833,-1.4094391,-0.8520471,-1.8769122,-0.95105654,0.309017,-0.5,-0.8660254,1.2246469e-16,-1.0,0.0,1.0,0.0,0.0,0.0
2025-07-07 08:00:00,1.0,-0.32647082,-1.1194098,-0.5734968,-0.083983466,-0.25616494,-1.2629384,-0.6029584,0.43322462,-0.5394189,-0.14936325,0.20872164,-0.80148405,-0.47295406,-0.21942861,-1.0751287,-1.4908429,-0.06830562,0.0034003744,-0.10387271,-0.7947147,-0.83362883,0.21965036,0.09064312,1.0837201,-1.0837201,-0.7808748,-3.0,0.22055453,0.032676734,-1.012267,-0.6015948,0.16559501,-0.8273739,-1.9766964,-0.5161026,-0.98484355,-2.1153672,0.0,1.0,-0.5,-0.8660254,0.8660254,0.5,1.0,0.0,0.0,0.0,0.0
2025-07-07 12:00:00,1.0,1.3955543,1.6747009,-1.3236638,-0.6136515,0.7162973,0.6922128,1.7678534,-0.04424045,-0.13982163,0.04962479,0.26786223,-0.27828896,0.30320185,0.4874861,-0.83491665,-0.5676826,0.24480069,0.34516016,0.625922,-0.05519994,-0.15971771,0.856296,1.3771602,0.33330834,-0.33330834,0.36274612,-2.2418022,0.90455246,0.15298854,-0.7978965,-0.32473683,0.15819395,-0.20553574,0.39005044,0.5124412,-0.44976175,-1.369247,0.0,1.0,-0.5,-0.8660254,0.8660254,-0.5,0.0,1.0,0.0,0.0,0.0
2025-07-08 04:00:00,1.0,-0.30965406,-0.9183179,-1.0031631,0.85539687,-1.3060384,0.28541237,-0.6103822,-0.009916943,-0.84853077,-0.5909697,-0.32564148,-1.0140318,0.12982583,0.32302108,-0.7917391,0.07931917,-0.056994706,-0.39773723,0.2248603,-0.20103121,-0.29182088,0.7237895,-1.2930318,0.47809705,-0.47809705,-0.15166636,-2.6915653,0.7703736,0.6640945,-1.3295612,-0.16740073,0.20232652,-0.3353274,-0.39005044,0.48934126,-0.59080416,-1.2688946,0.0,1.0,-0.5,-0.8660254,1.2246469e-16,-1.0,0.0,1.0,0.0,0.0,0.0
2025-07-08 08:00:00,1.0,0.7260937,-0.22269316,-0.77294594,2.1328168,-1.235147,-1.2965063,-0.6103822,0.98605347,-1.2676787,-1.1106571,-0.9239291,-1.3700354,0.51291126,0.6838759,-0.5581806,0.56153584,-0.026343975,-0.37523478,0.43053475,0.27571538,0.13336825,1.0970755,-1.3709666,0.061151292,-0.061151292,-0.08392927,-2.3929107,0.8086794,1.3819659,-1.2107667,0.1729653,-0.35228625,0.07361491,0.41156068,1.0845236,-0.18626529,-2.2867787,0.95105654,0.309017,-0.5,-0.8660254,0.8660254,0.5,1.0,0.0,0.0,0.0,0.0
2025-07-08 12:00:00,1.0,-0.8093408,-1.8569103,-1.327565,-1.1177044,-0.7989529,0.036711868,0.7900559,-0.056298807,-1.4979516,-1.4423959,-1.2596269,-1.5741314,0.040209495,0.24070902,-0.5988319,0.3207397,-0.98462224,-0.8525915,0.15254557,-0.15959817,-0.24374928,0.6669243,-0.9067832,0.8110706,-0.8110706,0.2788979,-2.4389799,0.24288031,1.5706216,-0.99644953,-0.022886103,-0.33344015,-0.18479945,-0.3850084,-0.29070583,-0.6051312,-1.6697155,0.95105654,0.309017,-0.5,-0.8660254,0.8660254,-0.5,0.0,1.0,0.0,0.0,0.0
2025-07-09 04:00:00,1.0,-0.13743964,-0.1244725,1.4116145,0.21803749,-0.1486781,1.8258201,-0.61161345,-0.08917344,-1.393323,-1.522352,-1.4376798,-1.3550867,-0.037295926,0.16681887,-0.63046664,0.4074555,-0.95608234,-0.8541962,-0.0067675523,-0.19008954,-0.23777841,0.57286805,-0.23410948,0.8843641,-0.8843641,0.199949,-2.7729821,0.14497632,1.6841705,-0.93401396,-0.13032177,-0.9917133,-0.22316611,-0.76067364,-0.18354262,-0.6670863,-1.6703008,0.95105654,0.309017,-0.5,-0.8660254,1.2246469e-16,-1.0,0.0,1.0,0.0,0.0,0.0
2025-07-09 08:00:00,4.0,1.7070681,1.5536356,-0.67290646,-0.84868366,1.1937203,-1.3017492,-0.61161345,0.44024727,-0.4987628,-0.9125287,-1.1130452,-0.20157713,0.8797029,1.0435994,-0.15693992,0.5801941,0.011114516,-0.052960463,0.5447342,1.134683,0.7443678,1.3751452,1.4158077,-0.26437774,0.26437774,0.34286517,-2.3197842,1.2503945,1.5370467,-0.61548287,0.77984226,-0.70423967,0.714668,0.43842745,0.393776,0.34397408,-1.2116578,0.58778524,-0.809017,-0.5,-0.8660254,0.8660254,0.5,1.0,0.0,0.0,0.0,0.0
2025-07-09 12:00:00,4.0,2.3379936,1.8964689,-1.2254277,-1.2796305,2.3199677,1.70441,3.0,-0.097118825,0.9034301,0.3252489,-0.1588745,1.3120651,1.7696685,2.037639,0.6260899,1.8552251,1.7201099,0.9408175,1.8084849,2.1902025,1.7348547,2.1765459,1.6261867,-1.8671271,1.8671271,0.8670434,-1.4215448,2.5025625,0.93360317,0.8486058,1.9127218,0.041183364,1.5288956,0.8133006,1.8808854,1.780498,-1.0935248,0.58778524,-0.809017,-0.5,-0.8660254,0.8660254,-0.5,0.0,1.0,0.0,0.0,0.0
2025-07-10 04:00:00,4.0,-0.4768451,-0.53184694,1.6198268,-0.8757868,0.7405459,2.429712,-0.6051893,0.0019186357,1.0510851,0.67725974,0.29405403,1.305998,1.4514748,1.7209668,0.91999644,1.2700527,1.5993544,1.1804758,1.2548082,1.5885091,1.3456385,1.8075693,1.3201569,-1.1383636,1.1383636,1.2738094,-2.1432786,2.287237,0.5081477,1.4295586,1.8593901,0.14420582,1.0756776,-0.36380044,1.6048867,1.142046,-1.095784,0.58778524,-0.809017,-0.5,-0.8660254,1.2246469e-16,-1.0,0.0,1.0,0.0,0.0,0.0
2025-07-10 08:00:00,4.0,0.8667418,-0.10687383,2.0990372,-0.42749688,-0.62138,-1.1545348,-0.6051893,1.254362,1.0476089,0.795642,0.4089951,1.2608136,1.6885028,1.9819609,1.2028102,1.9868335,2.01135,1.6838012,2.2682388,1.6850338,1.5602785,2.0089355,-0.7255183,-1.5694926,1.5694926,0.7923558,-1.8540289,2.4530387,0.6116916,1.9303964,1.6998588,0.16396856,1.3674623,0.4165686,0.9677168,1.5240841,-1.0398159,-0.58778524,-0.809017,-0.5,-0.8660254,0.8660254,0.5,1.0,0.0,0.0,0.0,0.0
2025-07-10 12:00:00,4.0,-0.21075651,-0.30699897,2.2267854,-1.1880084,-0.7576596,-0.2388052,0.7573426,-0.09234913,0.07266304,0.005071,-0.2977056,0.24874838,1.5445604,1.821679,1.3494099,1.9041202,1.9878398,1.4270159,1.9688205,1.3603595,1.4310293,1.9448582,-1.042523,-1.4421964,1.4421964,0.78609073,-1.784255,2.1304235,1.289175,1.4019538,1.3501126,0.46010223,1.2358806,-0.36380044,-0.14734557,1.3635277,-0.9256066,-0.58778524,-0.809017,-0.5,-0.8660254,0.8660254,-0.5,0.0,1.0,0.0,0.0,0.0
2025-07-11 04:00:00,4.0,0.32156602,0.8385235,-0.73912656,0.8939115,-0.47724047,0.6273746,-0.60131806,-0.05892373,-0.47510797,-0.5228536,-0.840716,-0.29734567,1.6086286,1.8774165,1.4238473,1.2771037,1.5539745,1.3158848,1.8208098,1.2729688,1.5163451,2.0375278,-0.5460928,-1.5988528,1.5988528,0.6600456,-1.2472166,2.0414243,1.8714721,0.40551436,1.0845498,0.49586168,1.3194513,0.43842745,0.29036808,1.5251156,-0.78586036,-0.58778524,-0.809017,-0.5,-0.8660254,1.2246469e-16,-1.0,0.0,1.0,0.0,0.0,0.0
2025-07-11 08:00:00,4.0,-1.8829712,-1.4009415,-0.8875562,-0.48625684,-0.2907053,-1.1436576,-0.60131806,-1.5907617,0.4847036,0.4404699,0.29024595,0.56944937,0.5551803,0.91892457,0.863905,-0.6149953,0.96182036,0.67724645,1.741486,0.4921253,0.5115555,1.1200105,-0.19553272,-0.6003146,0.6003146,0.082461946,-1.1330024,1.6175649,0.5003855,-0.09591973,0.5220217,0.4555261,0.40461117,-0.35871336,-1.2416863,0.5279366,-0.6099815,-0.95105654,0.309017,-0.5,-0.8660254,0.8660254,0.5,1.0,0.0,0.0,0.0,0.0
2025-07-11 12:00:00,4.0,0.09984106,0.38546056,-1.1856515,2.4678206,-0.42964554,0.3008537,1.6669273,-0.10038558,-0.11605684,-0.08152526,-0.20972808,-0.043126747,0.6020835,0.9555732,0.5591913,-0.35849,0.7357821,0.5260638,1.6184615,0.48444897,0.547658,1.1596876,-0.41487586,-0.6742398,0.6742398,0.13361704,-0.73107177,1.5014745,1.0182741,-0.5867506,0.31575418,0.47589713,0.41210827,0.43842745,-1.053551,0.6029786,-0.60864025,-0.95105654,0.309017,-0.5,-0.8660254,0.8660254,-0.5,0.0,1.0,0.0,0.0,0.0
2025-07-14 04:00:00,4.0,-0.40463185,-1.1135647,-0.47197136,-0.31163254,-1.2331923,-0.10665006,-0.60517144,-0.20914122,-1.1614966,-1.0854594,-1.1747622,-1.1408451,0.40368724,0.7672292,0.23217727,-0.92031604,0.8874584,0.012765547,1.4431821,0.3136873,0.40747476,1.0441687,-1.6091626,-0.47197196,0.47197196,-0.25268725,-0.91739297,1.1167071,1.9051692,-1.292636,0.31483364,0.75399995,0.26313636,-0.34050825,-1.3798751,0.40561375,-0.44808865,-0.95105654,0.309017,-0.5,-0.8660254,1.2246469e-16,-1.0,0.0,1.0,0.0,0.0,0.0
2025-07-14 08:00:00,1.0,-1.4110165,0.27925235,0.60041183,0.93102705,-0.66550344,-1.1131049,-0.60517144,-2.1171691,-0.24380821,-0.26725084,-0.27602166,-0.19264132,-0.2902043,0.10880337,-0.3931269,-1.4394578,0.39480898,-0.34012315,0.92847025,-0.24614145,-0.30198532,0.34867132,-0.96053797,0.52009267,-0.52009267,-0.07581579,-0.8400752,0.86293447,0.6848917,-0.44256458,-0.2632021,1.1035544,-0.41821995,-0.71447575,-0.9496497,-0.347647,0.23056224,0.0,1.0,-0.5,-0.8660254,0.8660254,0.5,1.0,0.0,0.0,0.0,0.0
2025-07-14 12:00:00,4.0,-0.59039676,-0.88464546,-0.29179788,0.007887424,0.2322728,-0.027932685,1.0564134,-0.01031681,-0.31669843,-0.3302604,-0.29641294,-0.2845007,-0.54095805,-0.1459232,-0.92090833,-1.7947683,-0.50509834,-0.360068,0.63879734,-0.4677317,-0.5698826,0.06511832,0.33324307,0.8469545,-0.8469545,-0.52981585,-1.0782121,0.65027744,0.5787921,-0.19985804,-0.38971314,0.60725874,-0.6799538,-1.0885669,-1.264334,-0.6468367,0.72568566,0.0,1.0,-0.5,-0.8660254,0.8660254,-0.5,0.0,1.0,0.0,0.0,0.0
2025-07-15 04:00:00,4.0,0.49820623,1.3364886,-0.9084824,0.072869636,-0.43758932,0.06444976,-0.603621,-0.08260589,-0.89897996,-0.9436584,-0.98667026,-0.83725303,-0.2745459,0.07793958,-1.1472042,-0.7759588,-1.2462878,0.24759324,0.706832,-0.2882555,-0.34763741,0.26124936,-0.6923319,0.51513714,-0.51513714,-0.6655605,-0.5841376,0.6270333,1.3026048,-1.0149763,-0.3687362,0.62349635,-0.4233379,0.6058606,-0.74642897,-0.3529276,1.8356926,0.0,1.0,-0.5,-0.8660254,1.2246469e-16,-1.0,0.0,1.0,0.0,0.0,0.0
2025-07-15 08:00:00,4.0,1.1845164,1.7410243,-1.0212624,-0.95156556,-0.38078886,-1.0676129,-0.603621,0.6148419,-0.7835524,-0.9769777,-1.1911591,-0.59645706,0.28591904,0.5781511,-0.9317696,-0.3055831,-0.59686947,0.6718637,1.388024,0.16790341,0.22671527,0.7329193,-0.6175894,-0.23674269,0.23674269,0.13367951,-0.49773133,0.9964621,1.6545839,-0.6806024,0.05669233,0.5564361,0.10914731,1.0038534,0.6287886,0.31973702,2.0264559,0.95105654,0.309017,-0.5,-0.8660254,0.8660254,0.5,1.0,0.0,0.0,0.0,0.0
2025-07-15 12:00:00,4.0,-0.9026148,-1.4416177,-0.9462678,-0.68351525,0.05696632,0.01361469,1.0349525,-0.05180876,-0.8217652,-1.0221872,-1.1900548,-0.6510306,-0.14985782,0.1640874,-1.0000384,-0.52581733,-1.2823031,0.49442056,0.95051175,-0.28124014,-0.30840877,0.29970136,0.07459414,0.5013449,-0.5013449,0.23378392,-0.8479205,0.6731319,1.4345266,-0.115592025,-0.14287832,0.45012292,-0.44090575,-0.25509512,0.42987078,-0.16383615,2.3403263,0.95105654,0.309017,-0.5,-0.8660254,0.8660254,-0.5,0.0,1.0,0.0,0.0,0.0
2025-07-16 04:00:00,4.0,-1.3764797,-1.1563765,-0.22120294,-0.7936217,1.5591322,0.743308,-0.60219175,-0.12477487,0.2994455,0.05029757,-0.037661202,0.4573943,-0.7495843,-0.4401179,-1.2414283,-0.52576435,-1.7167689,0.176433,0.59207207,-1.0011923,-1.0166506,-0.35006255,1.4420489,1.5473173,-1.5473173,0.08180417,-1.4431576,0.5228016,0.06266364,0.05989847,-0.7156493,-0.16043943,-0.9992185,-0.6709275,-0.5094768,-0.92899686,2.7126985,0.95105654,0.309017,-0.5,-0.8660254,1.2246469e-16,-1.0,0.0,1.0,0.0,0.0,0.0
2025-07-16 08:00:00,4.0,-0.71316344,0.3441917,-0.31307513,1.9833641,-0.31744206,-1.0567262,-0.60219175,-1.3083309,0.42218345,0.26457536,0.25635272,0.5006635,-1.0249989,-0.73309714,-1.509725,-0.5865856,-2.0620496,-0.4292846,0.5875565,-1.3069016,-1.3258088,-0.6783758,-0.44639444,1.266705,-1.266705,0.18876901,-1.3377848,0.3538356,-0.2911946,0.2310445,-1.3653876,-0.933443,-1.3705264,-1.080805,-1.390512,-1.4191136,1.7657661,0.58778524,-0.809017,-0.5,-0.8660254,0.8660254,0.5,1.0,0.0,0.0,0.0,0.0
2025-07-16 12:00:00,4.0,0.5741323,0.76866275,-0.72262037,1.2231299,0.92328465,0.7165937,2.156702,-0.12092471,0.72373337,0.5864866,0.5330282,0.7862601,-0.7210071,-0.4716542,-1.4445426,-0.55203557,-1.1411959,-0.17251272,0.9068227,-1.0384643,-1.0134875,-0.48027185,1.1842756,0.88345927,-0.88345927,0.20431519,-0.4301168,0.61561424,-0.3780716,0.89353585,-1.1919215,-0.9724428,-1.0480388,0.57969004,-0.5946526,-1.0294021,1.6198591,0.58778524,-0.809017,-0.5,-0.8660254,0.8660254,-0.5,0.0,1.0,0.0,0.0,0.0
2025-07-17 04:00:00,4.0,-0.3272362,-0.26605546,-0.044218,1.4097376,0.07771854,0.31219405,-0.60441566,-0.19384451,0.43998003,0.429709,0.45279792,0.43994397,-0.866557,-0.61511964,-1.4446439,-1.2009221,-1.2897797,-0.4881407,0.84884864,-1.1614648,-1.1578,-0.6347876,0.397257,1.0356339,-1.0356339,-0.8491241,-1.0934438,0.46912944,-0.33797154,0.70806247,-1.1213512,-1.1413971,-1.1408582,-0.29574323,-0.09471229,-1.2043538,2.6392367,0.58778524,-0.809017,-0.5,-0.8660254,1.2246469e-16,-1.0,0.0,1.0,0.0,0.0,0.0
2025-07-17 08:00:00,4.0,2.6154134,0.6256708,1.4965359,-0.85223305,1.9530963,-1.1087135,-0.60441566,2.8146641,3.0,3.0,3.0,3.0,0.4075,0.5709207,-0.65534854,0.38274702,-0.13155234,0.60627484,2.2946334,0.16983624,0.055507943,0.29185757,1.4706784,-0.6607864,0.6607864,1.1714665,-1.0054729,1.8516767,-1.6823564,3.0,0.23803394,-0.42143634,0.048076678,0.5448646,1.4830483,0.4380367,1.4163158,-0.58778524,-0.809017,-0.5,-0.8660254,0.8660254,0.5,1.0,0.0,0.0,0.0,0.0
2025-07-17 12:00:00,4.0,-0.2819827,-0.21381286,0.45361975,0.99392915,-0.28485316,0.6682476,1.9705315,-0.20348854,2.255308,2.5010216,2.5532236,1.9181572,0.28748444,0.45979366,-0.37280187,0.88043725,0.28985363,0.5755006,1.9804052,-0.021302268,-0.10043696,0.20096321,-0.13690254,-0.6780091,0.6780091,0.58803314,-1.6196812,1.804968,-1.3161001,1.6976868,-0.011361289,-0.4503443,-0.17053688,-0.3364095,1.0157632,0.30606726,1.4952338,-0.58778524,-0.809017,-0.5,-0.8660254,0.8660254,-0.5,0.0,1.0,0.0,0.0,0.0
2025-07-18 04:00:00,4.0,0.9420044,1.6741211,-0.67554957,-1.3140929,-0.016865768,1.0523772,-0.6087962,-0.20414905,1.4633157,1.874516,1.9809527,1.1571697,0.7437576,0.92117065,0.02861008,1.6357898,0.9157061,0.37110573,2.4300833,0.5447305,0.3405879,0.5979425,0.50643057,-1.3922745,1.3922745,0.28710112,-0.42574248,2.0049562,-0.7343575,1.2719928,0.3482527,-0.4985131,0.23987944,0.5448646,1.518287,0.99476767,1.6130134,-0.58778524,-0.809017,-0.5,-0.8660254,1.2246469e-16,-1.0,0.0,1.0,0.0,0.0,0.0
2025-07-18 08:00:00,4.0,1.0437311,0.08965388,-0.17862841,2.1447508,-0.30596036,-1.1117725,-0.6087962,1.5111433,1.0597028,1.5177517,1.636255,0.7780772,1.1827128,1.3839748,0.5132759,1.807738,1.1515702,-0.08296529,2.1651373,1.1324465,0.8895088,1.0425293,-0.45073068,-1.5325987,1.5325987,0.6180458,-0.36543557,2.3310292,-0.27375272,0.88154984,0.99563426,-0.3252052,0.8678682,0.97956264,0.64132047,1.54585,1.7750725,-0.95105654,0.309017,-0.5,-0.8660254,0.8660254,0.5,1.0,0.0,0.0,0.0,0.0
2025-07-18 12:00:00,4.0,-1.5020994,-1.2111517,-0.5080038,-0.5127322,1.8180034,1.8787179,2.6238723,-0.13807607,1.7247368,2.2192724,2.5199246,1.2261461,0.28417328,0.5499352,0.43711945,1.2489215,0.05867946,-0.49748155,1.63321,0.24438964,0.10833702,0.29002476,1.3292495,-0.63214546,0.63214546,1.4754357,-1.4467143,1.9639642,-1.149701,1.4020897,0.49619535,-0.35789254,0.1345941,-0.3364095,-0.022004679,0.56479543,0.9315944,-0.95105654,0.309017,-0.5,-0.8660254,0.8660254,-0.5,0.0,1.0,0.0,0.0,0.0
2025-07-21 04:00:00,4.0,-0.767598,-0.91200906,-0.051163744,-0.2361636,0.033037007,0.58151925,-0.62755847,-0.2412509,1.1805975,1.8179079,2.2606666,0.6234323,-0.12352041,0.15410833,0.2507902,-0.2669348,0.09696476,-1.1291182,1.579473,-0.13129014,-0.19983377,-0.047727067,0.43956512,-0.2318359,0.2318359,0.2510764,-1.6906004,1.68878,-1.0697434,-0.688505,-0.008682887,-0.40608484,-0.211704,-0.77420855,-0.7615284,0.1224159,0.8364756,-0.95105654,0.309017,-0.5,-0.8660254,1.2246469e-16,-1.0,0.0,1.0,0.0,0.0,0.0
2025-07-21 08:00:00,4.0,1.0978884,1.2718949,0.33315027,-1.182485,-0.35252956,-1.3551341,-0.62755847,0.65149784,1.0468546,1.638061,2.031254,0.5313811,0.43203866,0.7179867,0.32754815,0.35937405,1.1430928,-0.62513244,1.8296586,0.6480101,0.41904867,0.45311666,-0.35406134,-0.92678595,0.92678595,0.48175788,-1.3743505,2.357921,-0.73290145,-0.35683846,0.576528,-0.4636998,0.4232261,0.56576777,-0.6843533,0.8985726,0.4959578,0.0,1.0,-0.5,-0.8660254,0.8660254,0.5,1.0,0.0,0.0,0.0,0.0
2025-07-21 12:00:00,4.0,-0.33015525,-0.31304398,0.96315414,0.19741443,-0.47951317,0.013569848,0.6967632,-0.24105126,0.38487893,1.0631226,1.5539188,-0.1372474,0.2811856,0.58576894,0.31797853,-0.21060443,1.3020774,-0.9273333,2.0404685,0.54462993,0.35337314,0.34385902,-0.5240639,-0.7895526,0.7895526,0.28238252,-1.3804498,2.216776,-0.36357388,-0.47440115,0.5935254,-0.29374346,0.4131087,-0.32754976,-0.027416645,0.751056,0.40930519,0.0,1.0,-0.5,-0.8660254,0.8660254,-0.5,0.0,1.0,0.0,0.0,0.0
2025-07-22 04:00:00,4.0,-0.68938774,-1.1526735,-0.4744154,-0.44890812,-0.7715921,0.3689586,-0.64949685,-0.27577835,-0.2528055,0.46923587,1.0673429,-0.7835875,-0.14723317,0.17876081,0.14512576,-0.98265094,0.77205414,-0.49405843,1.7708552,0.09460862,0.02428339,0.01863594,-0.9237609,-0.4312824,0.4312824,-0.098453745,-1.4121299,2.2058516,0.015472897,-0.7651829,0.18592694,0.94932306,0.077871025,-0.7502916,-0.00467854,0.34461954,0.5196267,0.0,1.0,-0.5,-0.8660254,1.2246469e-16,-1.0,0.0,1.0,0.0,0.0,0.0
2025-07-22 08:00:00,4.0,-1.434673,-1.3181869,-0.03874736,-1.3355424,-0.36513814,-1.3073815,-0.64949685,-1.1505343,-0.12992285,0.55315953,1.2423763,-0.7186626,-0.9705448,-0.69522434,-0.31380954,-0.91047585,0.3190052,-1.128866,0.39430538,-0.770515,-0.73385394,-0.80976206,-0.29523045,0.32894194,-0.32894194,-0.28079093,-1.1611528,1.995573,-0.39606473,-1.1148336,-0.5665483,1.0505031,-0.6393316,-1.1561121,-1.0854726,-0.53138024,-0.40934306,0.95105654,0.309017,-0.5,-0.8660254,0.8660254,0.5,1.0,0.0,0.0,0.0,0.0
2025-07-22 12:00:00,4.0,-0.39374188,-0.53490794,0.48641887,0.08589886,-0.83336926,-0.09490914,0.592133,-0.22494169,-0.6350522,0.04547432,0.8021444,-1.205708,-1.1350019,-0.9047948,-0.6968658,-0.73138505,-0.96582156,-1.1257527,0.43370688,-0.9334247,-0.89465564,-1.0101141,-0.8611948,0.49793416,-0.49793416,-0.31950894,-1.1291507,1.7524532,0.019396303,-1.2151495,-0.89102566,0.7829372,-0.79014343,-1.5466033,-1.093889,-0.72411835,-0.6649456,0.95105654,0.309017,-0.5,-0.8660254,0.8660254,-0.5,0.0,1.0,0.0,0.0,0.0
2025-07-23 04:00:00,4.0,-0.60414195,-0.3257975,-0.033508833,1.0257944,1.4202493,0.97708625,-0.6464341,-0.26982483,0.33635157,0.77577174,1.4428906,-0.20434652,-1.4014369,-1.2295768,-0.9928428,-1.4607972,-1.0848215,-0.7958283,0.079760574,-1.2473118,-1.1535491,-1.3271134,1.3569833,0.78350455,-0.78350455,-1.8424091,-1.2419082,1.6230057,-0.88926905,-0.82463974,-1.2897378,-0.05768587,-1.0075427,-1.8848947,-1.001605,-1.0462644,-1.0584521,0.95105654,0.309017,-0.5,-0.8660254,1.2246469e-16,-1.0,0.0,1.0,0.0,0.0,0.0
2025-07-23 08:00:00,4.0,2.4022748,-0.968405,-0.83491814,0.2671862,-0.10965833,-1.28346,-0.6464341,3.0,2.3139331,2.336126,2.568381,1.7494113,0.062627815,0.24096279,-0.5510043,-0.26708144,-0.461815,0.50492406,0.9810051,0.36086154,0.13143009,-0.0014043646,0.5164169,-0.62461144,0.62461144,1.1148311,-0.9843591,2.253311,-1.6870413,0.67677027,0.3900219,-0.19422549,0.24745463,0.6403436,0.7978362,0.6433075,-2.0029237,0.58778524,-0.809017,-0.5,-0.8660254,0.8660254,0.5,1.0,0.0,0.0,0.0,0.0
2025-07-23 12:00:00,4.0,0.21271613,0.722968,1.8525001,-1.2359601,-0.013134818,0.5969171,1.3868879,-0.3463798,1.6082388,1.8769046,2.1992264,1.0452439,0.21134089,0.39200252,-0.27276456,0.13616161,-0.80945307,0.39426833,0.94741017,0.46462458,0.24329025,0.14411308,0.727741,-0.70598775,0.70598775,1.0669588,-0.53152335,2.176878,-1.3049272,0.92342925,0.49825644,-0.3935628,0.33371642,1.0491645,1.040955,0.8507912,-1.8980112,0.58778524,-0.809017,-0.5,-0.8660254,0.8660254,-0.5,0.0,1.0,0.0,0.0,0.0
2025-07-24 04:00:00,4.0,0.43137285,1.2265534,0.28924268,-0.9314579,-0.72084236,0.9956012,-0.6466396,-0.2741556,0.75605685,1.2027986,1.6192763,0.22416438,0.47132722,0.6697291,0.025435781,0.93224823,0.022141196,0.08627584,1.1964232,0.69540447,0.5232327,0.4551987,-0.5448316,-1.097483,1.097483,0.35118133,-0.01911076,2.1554704,-0.5843298,0.5654215,0.5546531,-0.38154042,0.5608573,1.4162638,1.4425904,1.1977503,-1.5908228,0.58778524,-0.809017,-0.5,-0.8660254,1.2246469e-16,-1.0,0.0,1.0,0.0,0.0,0.0
2025-07-24 08:00:00,4.0,1.4446487,1.0843312,-0.44332477,0.17986242,-1.3979084,-1.3005302,-0.6466396,1.6393,0.84258026,1.1966561,1.5096583,0.37883046,1.1748713,1.4744977,0.53003633,1.7068276,0.9771779,1.1270212,1.5530998,1.351703,1.2402247,1.2726674,-1.546903,-1.5363468,1.5363468,0.18838774,0.0634809,2.3759418,-0.21026602,1.1200653,1.2837297,-0.18814966,1.3363912,1.764292,0.8623679,1.5852523,-1.0491192,-0.58778524,-0.809017,-0.5,-0.8660254,0.8660254,0.5,1.0,0.0,0.0,0.0,0.0
2025-07-24 12:00:00,4.0,-0.96219796,-0.92756367,0.4294197,-0.8424528,0.8066017,0.23387918,1.0235189,-0.19592418,0.9564713,1.3436371,1.7133951,0.39213434,0.53729475,0.8102442,0.60745424,1.4983793,0.08152923,1.2703726,1.2291507,0.70360065,0.6138458,0.6157791,1.1205302,-0.76551324,0.76551324,0.6422546,-0.15555562,2.0342798,-0.61017936,0.66079974,0.9532447,-0.2019524,0.6818114,-0.24820839,0.2554143,0.8512017,-1.5885686,-0.58778524,-0.809017,-0.5,-0.8660254,0.8660254,-0.5,0.0,1.0,0.0,0.0,0.0
2025-07-25 04:00:00,4.0,-0.6810435,-0.7270136,-0.95073,1.0260361,-0.16168177,0.368998,-0.64611185,-0.29502082,0.5597005,1.0623713,1.5404589,-0.06783534,0.12899077,0.36845648,0.49722123,0.18093687,-0.07685274,1.2500086,0.9140641,0.28972983,0.18664059,0.20710608,0.4024052,-0.42956543,0.42956543,-0.4410452,-0.387751,1.8267974,-0.49755555,-0.7890143,0.2818851,-0.16207689,0.34359816,-0.6301078,-0.2605174,0.5322197,-1.6767461,-0.58778524,-0.809017,-0.5,-0.8660254,1.2246469e-16,-1.0,0.0,1.0,0.0,0.0,0.0
2025-07-25 08:00:00,4.0,-1.3598542,-1.1262027,-0.1730229,-0.9024497,-0.7549542,-1.2742038,-0.64611185,-1.2027302,0.5606131,1.0935915,1.6524358,-0.14489418,-0.6611941,-0.50117934,0.07722927,-0.4946061,-0.38218227,0.4064558,-0.3148066,-0.6308245,-0.6060331,-0.6602023,-0.6949086,0.31651616,-0.31651616,0.13817327,-0.29271057,1.4766589,-0.88728005,-0.6375913,-0.5299743,-0.1387494,-0.45761475,-0.9984458,-1.4073503,-0.29586768,-1.445374,-0.95105654,0.309017,-0.5,-0.8660254,0.8660254,0.5,1.0,0.0,0.0,0.0,0.0
2025-07-25 12:00:00,4.0,0.5189623,1.1763031,0.19327644,-0.45436186,-0.5503895,-0.026551828,0.68641174,-0.12696624,-0.04960937,0.5370235,1.1551659,-0.70083,-0.3227905,-0.15657656,-0.08070774,-0.459972,0.46261582,0.77890193,-0.33645332,-0.2990245,-0.35734963,-0.27775294,-0.50366217,-0.044411834,0.044411834,0.13806385,0.06471489,1.506079,-0.16532457,-0.59476453,-0.49735415,-0.08571954,-0.25397965,0.6320265,-0.6633306,-0.12797894,-1.5149612,-0.95105654,0.309017,-0.5,-0.8660254,0.8660254,-0.5,0.0,1.0,0.0,0.0,0.0
2025-07-28 04:00:00,4.0,0.7481373,1.3728896,-0.7152871,-0.04606098,0.10199397,0.15567009,-0.6421755,-0.12849061,-0.27880132,0.23243703,0.8303276,-0.8360347,0.15551841,0.32927954,0.004975499,-0.77745634,0.98368526,-0.03861444,-0.34593773,0.34567404,0.13931021,0.27781597,0.3866178,-0.55801135,0.55801135,-0.4195633,0.51836586,1.6018972,0.39631093,-0.8429409,0.08676308,1.7232969,0.24801981,1.0752137,0.011377545,0.44749323,-0.9038147,-0.95105654,0.309017,-0.5,-0.8660254,1.2246469e-16,-1.0,0.0,1.0,0.0,0.0,0.0
2025-07-28 08:00:00,4.0,0.96768486,-0.66438144,0.15395054,-0.023697643,0.8837393,-1.2163894,-0.6421755,2.1650543,0.5740007,0.80032253,1.1826385,0.13047642,0.7721306,0.9498773,0.32434484,0.08385398,1.6813931,0.5663489,0.054117523,1.0966624,0.7276083,0.82444483,0.897081,-1.1700014,1.1700014,-0.12308823,0.62119275,1.7459172,0.012979654,-0.4252399,1.5173455,1.5319104,0.86684644,1.4377391,1.0631441,1.1393209,-0.77880347,0.0,1.0,-0.5,-0.8660254,0.8660254,0.5,1.0,0.0,0.0,0.0,0.0
2025-07-28 12:00:00,4.0,-0.74168587,-1.3603721,-0.8149452,-0.85593545,-0.80774397,-0.22809735,0.32385218,-0.2089495,-0.12605765,0.26992,0.810421,-0.6128421,0.2619501,0.44613293,0.34251598,0.061459154,0.25737152,-0.25524715,0.120584466,0.4260514,0.29476076,0.4180091,-0.88597286,-0.734311,0.734311,-0.015377572,0.49056038,1.521266,0.4194103,-0.603416,0.6909935,1.6388599,0.48628414,-0.20499462,0.42877045,0.65935457,-1.1066725,0.0,1.0,-0.5,-0.8660254,0.8660254,-0.5,0.0,1.0,0.0,0.0,0.0
2025-07-29 04:00:00,4.0,-1.4995698,-1.6067761,-0.99614316,-1.3376213,1.0267318,0.7085622,-0.63990134,-0.2089495,0.20370425,0.5486189,1.1103278,-0.3326022,-0.7526765,-0.57995814,-0.16394673,-0.013847275,-0.54530025,-1.5223671,-0.12327235,-0.7720296,-0.69783825,-0.670599,1.0465639,0.18002464,-0.18002464,0.121498615,-0.1266845,1.1773629,-0.32552227,-0.4470945,-0.4402091,1.5733677,-0.5281867,-0.6254057,-0.6437339,-0.3681647,-1.1490351,0.0,1.0,-0.5,-0.8660254,1.2246469e-16,-1.0,0.0,1.0,0.0,0.0,0.0
2025-07-29 08:00:00,4.0,1.1845264,1.5104264,-0.92743844,-0.31665435,-0.75553244,-1.2765598,-0.63990134,0.68541634,0.066310056,0.34803215,0.83930403,-0.3689203,0.024508916,0.17598489,-0.107161395,0.30075446,-0.18500152,-0.17427363,0.7362457,0.28178462,0.18202,0.14920768,-0.74706423,-0.599084,0.599084,0.6618014,-0.071668334,1.3924977,0.23502588,-0.15727773,0.044025116,1.2919164,0.37279427,0.5863083,-0.55165493,0.5319428,-0.93351793,0.95105654,0.309017,-0.5,-0.8660254,0.8660254,0.5,1.0,0.0,0.0,0.0,0.0
2025-07-29 12:00:00,4.0,-0.012045937,0.34617385,1.4766026,0.23575203,-0.3305292,-0.031788696,0.4222626,-0.2772701,-0.37672716,-0.04908583,0.5014839,-0.78899866,0.057877332,0.20570478,-0.07530984,-0.048383206,-0.8586052,0.20190132,1.0407561,0.2619327,0.18531422,0.17340422,-0.11548379,0.30305192,-0.30305192,0.50538003,0.5273781,1.35085,0.72185004,-0.27953675,0.33256984,0.9312498,0.3573944,0.98015773,-0.15346962,0.5775047,-1.1835296,0.95105654,0.309017,-0.5,-0.8660254,0.8660254,-0.5,0.0,1.0,0.0,0.0,0.0
2025-07-30 04:00:00,4.0,-0.696712,-0.922898,0.17833647,-0.7027867,0.036115818,0.24804766,-0.6348158,-0.2122199,-0.5325552,-0.2180321,0.3769244,-0.9330751,-0.40982687,-0.26305386,-0.2924282,-0.8555247,-0.7309238,-0.7031281,0.5962713,-0.29376784,-0.2907758,-0.35730577,0.30962443,1.022895,-1.022895,0.03918309,-0.12968346,1.164873,0.7335189,-0.884312,-0.10703809,0.98422277,-0.12072129,-0.29388312,0.26532254,0.13170108,-0.5107056,0.95105654,0.309017,-0.5,-0.8660254,1.2246469e-16,-1.0,0.0,1.0,0.0,0.0,0.0
2025-07-30 08:00:00,4.0,0.5957182,0.6460446,-0.9649297,1.8928748,-0.5187964,-1.2409282,-0.6348158,0.38830182,-0.8958786,-0.6281464,-0.04171891,-1.2144256,0.036835678,0.15967327,-0.21802211,-0.2098257,-0.13665085,-0.24140179,0.6103745,0.24290837,0.22232653,0.15190677,-0.51651615,0.23510191,-0.23510191,0.1931472,-0.023129998,1.2619408,1.4612076,-0.74622595,-0.025351297,1.0663801,0.43456894,0.57673967,0.0088307215,0.60559356,-0.8010686,0.58778524,-0.809017,-0.5,-0.8660254,0.8660254,0.5,1.0,0.0,0.0,0.0,0.0
2025-07-30 12:00:00,4.0,0.5187407,0.9792733,1.1704922,-0.9878753,0.8973453,0.66718674,0.99969125,-0.24056326,-0.6647111,-0.56146705,-0.08662461,-0.85688704,0.42001802,0.5287558,0.0331482,0.7802954,0.72670877,0.3849408,0.6776798,0.63763946,0.60192233,0.5200399,0.9026777,-0.46935126,0.46935126,-1.453559,1.2551448,1.3670753,1.4936459,-0.746509,0.7138247,1.2740235,0.75464314,1.0257897,0.27090263,1.0097041,-0.75067383,0.58778524,-0.809017,-0.5,-0.8660254,0.8660254,-0.5,0.0,1.0,0.0,0.0,0.0
2025-07-31 04:00:00,4.0,-0.3890308,-0.66662925,0.95865417,-0.8405089,-1.1858245,1.0964483,-0.6370535,-0.2084544,-1.1845456,-1.0420439,-0.4987073,-1.3754226,0.1558416,0.27408472,0.04841332,0.008790195,0.30970734,0.87534493,0.3200779,0.28313437,0.26422468,0.28701487,-1.3099,-0.093263805,0.093263805,-1.9173766,-0.14337653,1.2342901,2.0127378,-1.0550212,0.53212166,1.4028947,0.46989897,-0.25527382,0.42542076,0.76394016,-0.27306122,0.58778524,-0.809017,-0.5,-0.8660254,1.2246469e-16,-1.0,0.0,1.0,0.0,0.0,0.0
2025-07-31 08:00:00,4.0,0.52794755,1.2607946,0.41460577,-0.9192495,-0.5254455,-1.2538476,-0.6370535,-0.17610249,-1.3285522,-1.2794964,-0.81151617,-1.4398342,0.5724762,0.6628811,0.2555019,0.27523717,0.21040265,1.3393508,0.033019025,0.76896846,0.63285244,0.75150764,-0.2880982,-0.78135157,0.78135157,-1.7617245,0.055191692,1.3251498,2.4576457,-0.94684964,0.7796991,1.1372668,0.89820147,0.7104596,0.4015464,1.1575278,-0.008039492,-0.58778524,-0.809017,-0.5,-0.8660254,0.8660254,0.5,1.0,0.0,0.0,0.0,0.0
2025-07-31 12:00:00,4.0,-1.0184026,-1.0477853,-0.13702045,-0.708011,1.414572,0.6255027,0.9638525,-0.24305944,-0.8156564,-0.914543,-0.5307731,-0.8376166,-0.25692666,-0.10235732,-0.023808101,0.1166937,-0.7097619,1.0979152,-0.28842685,-0.31899065,-0.36279097,-0.20712562,1.0084474,0.35112107,-0.35112107,-1.2378007,-1.17141,1.0576674,1.5958685,-0.580687,0.06807532,1.0830336,-0.2522496,-0.23681986,-0.51341695,-0.5560743,-0.4655026,-0.58778524,-0.809017,-0.5,-0.8660254,0.8660254,-0.5,0.0,1.0,0.0,0.0,0.0
2025-08-01 04:00:00,1.0,-1.1436979,-1.0647719,-0.44138315,-0.49368083,1.7788676,1.6293575,-0.6355558,-0.24216081,-0.22417484,-0.42685264,-0.11606729,-0.21646608,-1.0901706,-0.91920674,-0.59897566,-0.76284975,-0.8987796,-0.7310667,-0.54606646,-1.8238753,-1.2375047,-1.1633118,1.3952557,1.5913409,-1.5913409,-0.37096897,-2.2785163,0.7901052,0.640923,-0.013905788,-1.5083102,0.99563414,-1.04595,-0.7104596,-0.92855734,-1.8729887,0.019165901,-0.58778524,-0.809017,-0.5,-0.8660254,1.2246469e-16,-1.0,0.0,1.0,0.0,0.0,0.0
2025-08-01 08:00:00,1.0,-2.558628,-1.0905641,-0.5129838,-0.5197658,1.238126,-1.2386662,-0.6355558,-2.4924316,1.7960883,1.3682543,1.4857141,1.5672458,-2.5013978,-2.4945295,-1.559821,-2.2674835,-1.423153,-2.1541796,-1.0174286,-3.0,-2.634333,-2.739256,1.0234209,2.0087724,-2.0087724,0.5233625,-1.4701064,0.34697285,-1.8020962,1.0922805,-3.0,-0.73054355,-2.581785,-1.1840993,-2.3249974,-2.2871459,-0.89352274,-0.95105654,0.309017,-0.8660254,-0.5,0.8660254,0.5,1.0,0.0,0.0,0.0,0.0
2025-08-01 12:00:00,1.0,-1.0950943,-1.227888,-0.60514295,-0.82837015,0.73016196,2.1796093,2.5737634,-0.21816485,1.4764024,1.3452866,1.5784023,1.0977583,-2.7814322,-2.874926,-2.3802264,-2.49971,-2.3707736,-2.7498043,-1.3706799,-2.9028046,-2.9689765,-3.0,0.72250783,2.0269594,-2.0269594,0.29980668,-2.1150792,0.085028544,-2.0101142,1.4612087,-3.0,-1.0550346,-2.713143,-1.657739,-2.0470345,-2.2760715,-1.3880637,-0.95105654,0.309017,-0.8660254,-0.5,0.8660254,-0.5,0.0,1.0,0.0,0.0,0.0
2025-08-04 04:00:00,1.0,-1.6160477,-1.1829193,-0.64186716,-0.7015668,2.6084518,2.4332888,-0.63006186,-0.18443121,2.1439514,2.0924587,2.2967386,1.5104082,-3.0,-3.0,-2.8689394,-3.0,-2.8903308,-3.0,-1.9355564,-2.6992962,-3.0,-3.0,1.5286608,1.9333916,-1.9333916,-1.6261978,-2.3465853,-0.19495401,-2.7480955,2.1390193,-2.9695466,-1.0090055,-2.812395,-2.131379,-1.8865587,-2.1578774,0.32277766,-0.95105654,0.309017,-0.8660254,-0.5,1.2246469e-16,-1.0,0.0,1.0,0.0,0.0,0.0
2025-08-04 08:00:00,1.0,0.96829444,1.6712817,-1.0529681,-0.67502093,-0.5610555,-1.0509404,-0.63006186,-0.037953507,1.2407514,1.448245,1.7473121,0.6743494,-2.3133776,-2.5652766,-2.885009,-2.2959468,-2.1036851,-2.6960454,-1.4447435,-1.8970163,-2.5019596,-2.741521,-0.004086003,1.469406,-1.469406,1.1426193,-1.4548064,-0.094077885,-2.05017,1.4289231,-2.169676,-0.9938051,-2.201335,0.6878654,-0.21033171,-1.6843328,-0.6298711,0.0,1.0,-0.8660254,-0.5,0.8660254,0.5,1.0,0.0,0.0,0.0,0.0
2025-08-04 12:00:00,1.0,0.5169581,1.1856558,-0.5098095,0.15907735,-1.0092318,0.42104086,1.1820858,-0.14554787,0.4040271,0.7939554,1.214539,-0.13113958,-1.8958038,-2.1534722,-2.6333673,-1.573425,-2.0404456,-2.1313868,-1.6937082,-1.4793398,-2.1001747,-2.3649406,-0.8935524,1.2071811,-1.2071811,1.8348885,-0.52506727,-0.09442726,-1.4409575,0.6091187,-1.5435747,-1.0344263,-1.7458185,1.1620492,0.45352647,-1.4199135,-0.96030074,0.0,1.0,-0.8660254,-0.5,0.8660254,-0.5,0.0,1.0,0.0,0.0,0.0
2025-08-05 04:00:00,1.0,0.19992815,0.71361685,0.44720566,0.4778626,-1.4109318,0.65995616,-0.62926465,-0.21474996,-0.39484125,0.11011461,0.6661402,-0.9166221,-1.7022841,-1.9529742,-2.3249958,-0.4257971,-2.072301,-1.531698,-1.5126402,-1.2701532,-1.937695,-2.2027614,-1.6246564,1.1024901,-1.1024901,0.27944022,0.25251803,-0.18660863,-0.8355766,-0.93992686,-1.2055755,-1.0282984,-1.5637175,1.5830401,1.0424021,-1.3126438,-0.58145475,0.0,1.0,-0.8660254,-0.5,1.2246469e-16,-1.0,0.0,1.0,0.0,0.0,0.0
2025-08-05 08:00:00,1.0,0.6992889,0.6595632,1.0162308,0.07542787,-0.21973269,-1.0762514,-0.62926465,0.42007318,-0.44543993,-0.05450233,0.4610533,-0.86949104,-1.2283021,-1.521145,-1.7225591,0.33146974,-1.6243713,-1.4220126,-1.4695973,-0.9412812,-1.4108453,-1.7374638,0.22711419,0.76300657,-0.76300657,-0.06832157,0.3924028,-0.040472366,-0.5220572,-0.9399842,-0.86425596,-1.038423,-1.0675964,1.9736497,0.8850752,-0.97785395,-0.10104887,0.95105654,0.309017,-0.8660254,-0.5,0.8660254,0.5,1.0,0.0,0.0,0.0,0.0
2025-08-05 12:00:00,1.0,0.88109934,1.4616076,-0.9446783,-0.46162632,-0.10356906,-0.11641367,0.5549617,-0.13983189,-0.57498,-0.2838705,0.19224422,-0.89649093,-0.69247526,-1.0379084,-1.0237433,1.3785853,-1.4533367,-1.3380017,-0.8306661,-0.59058523,-0.80528903,-1.2216051,0.36254215,0.34915665,-0.34915665,-3.0,0.7967561,0.16615278,-0.09740542,-1.3570861,-0.6259559,-1.6561426,-0.40629575,2.2824087,1.066851,-0.56942403,0.29885998,0.95105654,0.309017,-0.8660254,-0.5,0.8660254,-0.5,0.0,1.0,0.0,0.0,0.0
2025-08-06 04:00:00,1.0,-0.74617565,-0.90919846,-1.206585,0.8403093,0.4419625,0.70924526,-0.62779576,-0.14193407,-0.37809494,-0.16312036,0.31360707,-0.6823128,-1.0273045,-1.3439231,-0.6772654,0.6493679,-1.3675963,-1.9275478,-1.1360091,-0.76736844,-1.0732391,-1.5380573,0.62919194,0.7181279,-0.7181279,-1.5162252,0.29023552,-0.07950779,-0.40239218,-1.0442489,-0.653499,-3.0,-0.8002592,-0.37717056,0.6039435,-0.8465661,0.26494712,0.95105654,0.309017,-0.8660254,-0.5,1.2246469e-16,-1.0,0.0,1.0,0.0,0.0,0.0
2025-08-06 08:00:00,4.0,0.81959635,0.4009964,2.0046687,-0.24430254,-1.7298112,-1.1079925,-0.62779576,0.98140144,-0.4657948,-0.3378909,0.084764525,-0.66670203,-0.54208636,-0.90741557,-0.18809484,0.77215236,-0.67125285,-1.3442192,-1.415085,-0.4223976,-0.5038177,-1.094228,-1.911737,0.29827887,-0.29827887,-1.3577662,0.40508777,0.13712946,-1.1948092,-0.7310921,-0.37714517,-2.9827404,-0.21555191,0.5102896,0.638887,-0.43613937,0.14767429,0.58778524,-0.809017,-0.8660254,-0.5,0.8660254,0.5,1.0,0.0,0.0,0.0,0.0
2025-08-06 12:00:00,4.0,-0.78726166,-1.1867821,-1.207524,-0.063902624,-0.04462501,-0.10102239,0.63788104,-0.15402934,-0.5289952,-0.40744424,0.05140205,-0.7410076,-0.90678406,-1.2332805,-0.030646112,0.37758029,-0.039519098,-1.1037235,-2.515955,-0.6330539,-0.87936157,-1.465029,0.23927198,0.6638702,-0.6638702,-0.45201734,0.22778761,-0.15256192,-1.8576,-0.36889115,-0.5067367,-2.7727156,-0.6027216,-0.3574076,-0.19863024,-0.8005646,0.24188153,0.58778524,-0.809017,-0.8660254,-0.5,0.8660254,-0.5,0.0,1.0,0.0,0.0,0.0
2025-08-07 04:00:00,4.0,-0.095768586,-0.14309819,-0.681202,2.2379181,-0.7214822,1.1251632,-0.6344391,-0.15375777,-0.8715903,-0.7506707,-0.2600518,-1.0688429,-0.9407361,-1.2503357,0.08188188,0.0420514,0.3290623,-1.526168,-2.2781467,-0.5949623,-0.84717935,-1.4998178,-0.7568206,0.69993687,-0.69993687,-0.43239918,-0.3200665,-0.27289608,-1.5769018,-0.54322714,-0.5709119,-2.5530558,-0.6303588,-0.79326236,0.11479149,-0.83663595,0.23229279,0.58778524,-0.809017,-0.8660254,-0.5,1.2246469e-16,-1.0,0.0,1.0,0.0,0.0,0.0
2025-08-07 08:00:00,1.0,0.21066438,1.1487998,-0.23725781,-0.036704633,2.9306662,-1.1426156,-0.6344391,-2.1016784,0.97302866,0.7208562,0.8295517,0.8922697,-0.8158229,-1.1385581,0.2625464,-0.25595573,1.0295831,-1.4565296,-2.3718288,-0.45542848,-0.5275141,-1.2468691,1.754213,0.39274338,-0.39274338,-1.1158684,-0.14020193,0.020478362,-2.3072848,0.6323494,-0.58474684,-1.931423,-0.37794244,0.5411977,-0.23534842,-0.73450494,0.30376226,-0.58778524,-0.809017,-0.8660254,-0.5,0.8660254,0.5,1.0,0.0,0.0,0.0,0.0
2025-08-07 12:00:00,1.0,3.0,1.2594333,0.56587374,-1.0793264,3.0,2.619907,3.0,-0.12826419,3.0,3.0,3.0,3.0,1.0251006,0.50340194,0.9869441,1.5374922,1.9165154,-0.002086333,-1.0198476,0.8802705,0.9901625,0.13007656,1.6849976,-1.0785308,1.0785308,1.6053679,1.5750052,1.1312526,-2.8970125,3.0,0.55530417,-0.2511857,1.0168946,0.9571392,1.822953,0.96931446,0.8018782,-0.58778524,-0.809017,-0.8660254,-0.5,0.8660254,-0.5,0.0,1.0,0.0,0.0,0.0
2025-08-08 04:00:00,4.0,-0.6115735,-0.74951136,1.307643,-1.0262693,-0.100208215,0.59654903,-0.58012563,-0.03258595,3.0,3.0,2.9300022,2.562324,0.6698938,0.1986856,1.3497381,0.9001451,1.4737117,-0.45667586,-1.3477051,0.6788888,0.8026177,-0.08703616,0.96228236,-0.7692026,0.7692026,1.9263097,0.854981,0.9422467,-2.6859245,2.7819204,0.733287,-0.09922402,0.7203472,-0.35383463,1.473935,0.6564075,0.8943101,-0.58778524,-0.809017,-0.8660254,-0.5,1.2246469e-16,-1.0,0.0,1.0,0.0,0.0,0.0
2025-08-08 08:00:00,4.0,2.1176882,1.0739077,-1.2024469,0.84366053,-0.18501726,-1.0545261,-0.58012563,2.2730744,2.8781543,3.0,2.8852754,2.3653026,1.6265497,1.2151787,1.8647913,2.1582081,2.1872997,0.22987533,0.09996767,1.561606,1.6933309,0.7370007,0.6913204,-1.8493882,1.8493882,1.5100253,0.9374463,1.4124426,-2.2870574,3.0,1.2408705,-0.103543505,1.7664553,0.51538265,2.1299343,1.7437487,0.73273027,-0.95105654,0.309017,-0.8660254,-0.5,0.8660254,0.5,1.0,0.0,0.0,0.0,0.0
2025-08-08 12:00:00,4.0,-0.27518627,-0.36809686,1.6025466,-0.17171627,-0.52174175,0.6022988,1.7603592,-0.15678588,1.7652946,2.2513845,2.3558977,1.2250409,1.4380009,1.0730574,2.148498,1.9988047,1.7798693,0.2549796,-0.042970043,1.3691014,1.6328336,0.6867867,-0.40679577,-1.4570786,1.4570786,1.5271783,0.0843836,1.2565479,-1.9540681,2.5867288,1.2814415,-0.08254558,1.6596463,-0.35383463,0.35706317,1.3621999,0.73432153,-0.95105654,0.309017,-0.8660254,-0.5,0.8660254,-0.5,0.0,1.0,0.0,0.0,0.0
2025-08-11 04:00:00,4.0,0.66174936,1.4487437,-1.1842055,-0.3034676,-0.5285134,0.7422568,-0.58103657,-0.15834253,0.9387794,1.5685351,1.8113054,0.40421999,1.6836716,1.373203,2.3578687,2.1285686,1.6875026,0.3439251,0.35342363,1.5364641,1.9847902,1.0614005,-0.35505456,-1.7392671,1.7392671,1.2790892,1.4023145,1.3755819,-1.7633373,1.0291103,1.2973888,-0.057342365,1.8892318,0.51538265,0.9460997,1.6444051,0.81159776,-0.95105654,0.309017,-0.8660254,-0.5,1.2246469e-16,-1.0,0.0,1.0,0.0,0.0,0.0
2025-08-11 08:00:00,4.0,-1.3319244,-1.4381886,-0.93096286,-1.1066703,0.5084773,-1.1062678,-0.58103657,0.5513729,1.3885703,1.9829386,2.3007114,0.71551764,0.7985464,0.6056155,1.9459345,0.24351369,1.4205527,0.14973666,0.260659,0.97096556,1.2517633,0.40830627,1.4465437,-0.79078555,0.79078555,0.47093287,1.5240912,0.8862961,-2.0868967,-0.6244827,1.0752072,-0.049111713,1.1668895,-0.37717056,-0.6980199,0.76303023,0.5772519,0.0,1.0,-0.8660254,-0.5,0.8660254,0.5,1.0,0.0,0.0,0.0,0.0
2025-08-11 12:00:00,4.0,0.19835548,0.6844242,-0.8222931,1.6658623,-0.67782146,-0.26866838,0.5646756,-0.23903224,0.5560906,1.2843926,1.7367525,-0.11322742,0.8924071,0.7089356,1.7909319,0.59486395,1.1975158,0.6392619,0.53107643,0.9674426,1.3807517,0.5648543,-1.3016839,-0.8933225,0.8933225,0.2965845,2.2762997,0.90297616,-1.6730125,-0.80255306,0.79970366,-0.022426624,1.3402611,0.48647812,-0.46628302,0.85750705,0.7126882,0.0,1.0,-0.8660254,-0.5,0.8660254,-0.5,0.0,1.0,0.0,0.0,0.0
2025-08-12 04:00:00,4.0,-1.093383,-1.2703362,-0.6665594,-0.857499,-0.1286126,-0.17087571,-0.5791923,-0.20757855,0.5070154,1.2438157,1.8008239,-0.22708744,0.22195937,0.11172899,1.331884,-0.8117727,1.0434512,1.1197205,-0.07945765,0.50106996,0.7863814,0.07301627,0.9372778,-0.35191855,0.35191855,-0.8974768,1.5075058,0.5734339,-1.7681136,-1.075981,0.54251313,-0.009061413,0.73025787,-0.3969382,-1.3297759,0.3570394,1.0442206,0.0,1.0,-0.8660254,-0.5,1.2246469e-16,-1.0,0.0,1.0,0.0,0.0,0.0
2025-08-12 08:00:00,4.0,0.31253204,-1.3596188,-0.8844031,-1.0513899,-0.84300625,-1.039336,-0.5791923,1.1927694,0.008876636,0.76009774,1.3917806,-0.69065696,0.39967078,0.2838925,1.0771381,-0.5535422,1.1774764,1.6273543,-0.33292735,0.5478897,0.8871223,0.27093306,-2.0059187,-0.515103,0.515103,-0.5954588,1.5506887,0.6156404,-1.443729,-0.9975299,0.5051895,0.7390965,0.83827454,0.51213545,-0.3648655,0.5087743,1.223239,0.95105654,0.309017,-0.8660254,-0.5,0.8660254,0.5,1.0,0.0,0.0,0.0,0.0
2025-08-12 12:00:00,4.0,-0.064779386,0.096756116,1.4791346,1.162925,-0.8165263,-0.24376276,0.4195864,-0.24889009,-0.7297291,0.042171553,0.793977,-1.4007665,0.37764055,0.26835567,0.873435,-0.8662934,1.0820208,2.1250713,-0.06694954,0.46485978,0.78684646,0.29959178,-1.9415199,-0.48618135,0.48618135,-0.9192987,0.69928634,0.51825833,-1.0358579,-1.0981625,0.37696734,1.9709077,0.5297108,-0.391633,-0.47341004,0.46215123,0.42430332,0.95105654,0.309017,-0.8660254,-0.5,0.8660254,-0.5,0.0,1.0,0.0,0.0,0.0
2025-08-13 04:00:00,4.0,1.0149516,1.5478255,-0.3488868,-1.2161108,-0.032956522,0.9868333,-0.5758028,-0.21751255,-0.5561917,-0.018483821,0.625772,-1.0622804,0.9170931,0.7774639,0.87588614,0.15443626,0.33829185,2.0867112,0.7967166,0.77685493,1.1820277,0.8530233,0.91376317,-1.0060633,1.0060633,-0.8778654,2.5686226,0.9112732,-1.0601083,-1.2114556,0.5446128,2.083999,1.0156538,0.49154428,0.6394652,0.91015095,1.1423662,0.95105654,0.309017,-0.8660254,-0.5,1.2246469e-16,-1.0,0.0,1.0,0.0,0.0,0.0
2025-08-13 08:00:00,4.0,0.19117424,-0.50042397,-0.8261539,1.5559809,-0.60487765,-1.0297352,-0.5758028,0.63972294,-0.94870013,-0.4965658,0.15424204,-1.3891,1.0249748,0.8837809,0.92683816,0.15103206,0.6399733,1.9172485,1.098664,0.77195543,1.2206258,1.0320036,-1.429912,-1.1216161,1.1216161,-0.8500267,2.3001475,1.0078969,-0.69705486,-1.1281743,0.6377529,2.1059182,1.1197101,0.91481113,0.5807208,1.0251775,1.5169458,0.58778524,-0.809017,-0.8660254,-0.5,0.8660254,0.5,1.0,0.0,0.0,0.0,0.0
2025-08-13 12:00:00,4.0,0.062742665,0.5513375,2.6794994,-1.0612943,-0.60998106,-0.27113962,0.40209368,-0.31702265,-1.2338504,-0.90714985,-0.28815168,-1.6034894,1.0667739,0.9269581,0.93918836,0.6589797,-0.12950473,1.8188341,0.93026644,0.72196615,1.1782467,1.1332978,-1.4078997,-1.1630332,1.1630332,-2.146904,2.6596112,1.0622249,-0.3678766,-1.2585429,0.65594125,2.1238313,1.0448834,1.338276,0.64299846,1.0688376,1.5799643,0.58778524,-0.809017,-0.8660254,-0.5,0.8660254,-0.5,0.0,1.0,0.0,0.0,0.0
2025-08-14 04:00:00,4.0,-0.8074178,-0.9686117,-0.5060407,-0.1172669,-0.1939942,0.79333836,-0.56717664,-0.2864444,-1.029567,-0.852452,-0.26987565,-1.3049875,0.47075865,0.4454019,0.64492196,0.17326042,-0.3342565,1.2901385,0.71048754,0.31817296,0.5767917,0.6287651,0.38256904,-0.5332355,0.5332355,-1.3030038,1.053823,0.7028271,-0.54314387,-1.0235744,0.3643136,2.0224364,0.44091153,-0.46614107,-0.42228234,0.6699678,1.6850351,0.58778524,-0.809017,-0.8660254,-0.5,1.2246469e-16,-1.0,0.0,1.0,0.0,0.0,0.0
2025-08-14 08:00:00,4.0,0.60055476,1.7379227,-1.0596052,-1.179474,-0.6459278,-1.0261719,-0.56717664,-0.22048813,-1.3379877,-1.2541875,-0.7709418,-1.5872954,0.8199807,0.7585024,0.5999674,0.45387337,-0.36668873,1.1949745,0.07488379,0.5169485,0.8838073,1.0283457,-1.5630983,-0.4904812,0.4904812,-1.1766071,1.0999058,0.99552983,-0.07538255,-0.8804515,0.4027125,1.9240466,0.8732978,0.43606746,-0.19663726,0.9772639,1.3808953,-0.58778524,-0.809017,-0.8660254,-0.5,0.8660254,0.5,1.0,0.0,0.0,0.0,0.0
2025-08-14 12:00:00,4.0,0.52346426,1.0974689,-0.51831174,0.24859913,-0.32426304,-0.24600735,0.4797608,-0.22132099,-1.2988453,-1.3579557,-1.0125102,-1.4432002,1.104195,1.0223403,0.6543497,0.23096608,0.33612758,1.5770264,0.37645534,0.6854727,1.0763913,1.3240814,-0.16197395,-1.0829453,1.0829453,-1.5619184,1.6788762,1.2997316,0.17758693,-0.9546787,0.5934609,1.8276225,1.0586075,0.8606921,0.041574374,1.2368659,0.9905095,-0.58778524,-0.809017,-0.8660254,-0.5,0.8660254,-0.5,0.0,1.0,0.0,0.0,0.0
2025-08-15 04:00:00,4.0,-0.18931977,-0.038990498,0.13028125,2.1409628,-0.32565084,0.11021733,-0.5593386,-0.32073256,-1.2221774,-1.3777729,-1.123625,-1.2851882,0.98477966,0.93064725,0.5852627,0.06882039,0.19192097,1.245845,-0.017831156,0.54176766,0.84354746,1.2017831,-0.03287889,-0.902259,0.902259,-1.4519702,0.68264335,1.176988,0.20992802,-0.72875124,0.5562222,1.6881284,0.88338983,-0.47129485,0.52274066,1.1516936,1.4390328,-0.58778524,-0.809017,-0.8660254,-0.5,1.2246469e-16,-1.0,0.0,1.0,0.0,0.0,0.0
2025-08-15 08:00:00,4.0,1.3481377,1.5090448,-0.6600142,-0.9360492,-0.493909,-0.9971212,-0.5593386,1.0359442,-0.7555297,-1.090683,-1.0482434,-0.5797791,1.6567277,1.5760661,0.8185291,0.6307566,1.1087521,1.8548292,0.16946247,1.1298808,1.4144264,1.8531029,-0.91651946,-1.475788,1.475788,-0.52175754,0.67210364,1.3678856,0.2813956,-0.18001261,1.163392,1.5620248,1.6541787,0.43606746,0.86279255,1.3459989,0.4696126,-0.95105654,0.309017,-0.8660254,-0.5,0.8660254,0.5,1.0,0.0,0.0,0.0,0.0
2025-08-15 12:00:00,4.0,-0.84871364,-1.089275,-0.21328968,-0.7023441,-0.17167705,0.84150857,2.0270104,-0.24775748,-0.69579256,-1.0223398,-0.9862943,-0.5172785,0.9963637,1.0514015,0.7008282,0.63404566,0.67685294,1.585505,0.36649966,0.711806,0.7493566,1.3314738,0.5051947,-0.57933336,0.57933336,-0.5215998,-0.95666575,0.8203239,-0.2046428,-0.17253584,1.0272012,1.6154525,0.74999905,-0.46614107,-0.0904816,0.9416931,1.0356783,-0.95105654,0.309017,-0.8660254,-0.5,0.8660254,-0.5,0.0,1.0,0.0,0.0,0.0
2025-08-18 04:00:00,4.0,-0.36596125,-0.55477446,-0.26510552,1.0974998,-0.51433235,-0.13891535,-0.5620584,-0.28136024,-1.0059419,-1.28227,-1.2578588,-0.8904174,0.74965924,0.8484378,0.50183946,0.21081124,0.5674155,1.3975827,0.499614,0.58566874,0.43034154,1.2002486,-1.348251,-0.28322646,0.28322646,-0.45133916,-1.5080498,0.584995,-0.07594451,-0.14785177,0.67914885,1.8851323,0.54527444,-0.9172453,-0.22175828,0.67141366,1.2771597,-0.95105654,0.309017,-0.8660254,-0.5,1.2246469e-16,-1.0,0.0,1.0,0.0,0.0,0.0
2025-08-18 08:00:00,4.0,-0.85525614,-1.0955989,0.039642595,-1.0603559,-0.5144125,-1.1149316,-0.5620584,-0.597664,-1.081266,-1.3527433,-1.3350153,-0.9822717,0.15501183,0.35932788,0.069836125,-0.3912119,-0.12581553,0.18430676,-0.26889932,-0.0931148,-0.119990945,0.73327196,-0.7704141,0.4938249,-0.4938249,0.4835425,-1.1403223,0.03445673,-0.14467582,-0.2076443,0.14554754,1.8631533,-0.1926746,-1.3201863,-1.5031036,-0.36395782,0.83955127,0.0,1.0,-0.8660254,-0.5,0.8660254,0.5,1.0,0.0,0.0,0.0,0.0
2025-08-18 12:00:00,4.0,0.41075167,1.1467731,-0.5489696,0.18886831,-0.7135847,-0.21208984,0.34176725,-0.19360776,-1.2859433,-1.5727834,-1.6333636,-1.1865422,0.42228544,0.58481604,-0.1235734,-0.12968004,-0.04980282,0.4926296,0.030603709,0.2338323,0.10482987,1.0354578,-1.2759833,0.10654681,-0.10654681,0.69937426,-0.5076738,0.26365697,0.24382594,-0.3672384,0.11205998,1.8794421,-0.019956954,0.44495684,-0.5769317,-0.16470267,0.546283,0.0,1.0,-0.8660254,-0.5,0.8660254,-0.5,0.0,1.0,0.0,0.0,0.0
2025-08-19 04:00:00,4.0,0.08068415,0.49414703,0.3288733,1.3624468,-0.74489033,-0.08399673,-0.55735844,-0.26145774,-1.452119,-1.7529924,-1.8740463,-1.3592246,0.49718568,0.6457516,-0.24912107,-0.6886283,-0.044534042,-0.14294763,0.34474707,0.31842893,0.19398443,1.1272061,-1.3431236,-0.043187756,0.043187756,-0.5427401,0.08765965,0.29558364,0.56395483,-0.8381162,0.27590123,2.0095325,0.08715305,0.86063504,-0.25584075,-0.029939622,1.1390846,0.0,1.0,-0.8660254,-0.5,1.2246469e-16,-1.0,0.0,1.0,0.0,0.0,0.0
2025-08-19 08:00:00,3.0,0.47401375,0.40211117,2.439628,-0.5789741,-1.0822924,-1.0533028,-0.55735844,0.5267856,-1.376153,-1.744378,-1.9573122,-1.1733809,0.79692143,0.8939219,-0.18784255,-0.11443741,0.44014037,0.08218944,1.0876567,0.69854826,0.520964,1.4049172,-1.656439,-0.5252033,0.5252033,-0.53268886,0.050233416,0.6576197,0.7632038,-0.8505542,0.8141868,2.0866058,0.48549843,1.2642514,0.6556124,0.47439107,0.9161308,0.95105654,0.309017,-0.8660254,-0.5,0.8660254,0.5,1.0,0.0,0.0,0.0,0.0
2025-08-19 12:00:00,3.0,0.6699171,1.5107348,-0.65087676,-1.1782566,-0.13461792,-0.0010287293,0.39922306,-0.22247316,-1.3645508,-1.7734348,-2.0672977,-1.0777625,1.1738759,1.2198882,0.054149512,0.33609763,0.46172658,0.07267235,1.5027926,1.1354699,0.9976321,1.799748,-0.3595343,-1.3024116,1.3024116,-0.23755455,0.55582815,1.1626766,0.8185565,-0.6713295,1.014303,2.0333164,1.0541942,1.6614625,0.78419274,1.1601238,0.39332843,0.95105654,0.309017,-0.8660254,-0.5,0.8660254,-0.5,0.0,1.0,0.0,0.0,0.0
2025-08-20 04:00:00,4.0,0.4694375,1.0310516,0.7927056,-1.1444337,0.36498702,1.0857192,-0.5548554,-0.22461647,-1.273657,-1.7223566,-2.0772364,-0.88373274,1.4150661,1.4353807,0.3372205,0.91925853,0.43900266,0.63133204,1.8701218,1.2711747,1.2502326,2.0207672,-0.050294936,-1.1436019,1.1436019,-2.1730301,1.5399166,1.0158547,0.4260818,-0.5284717,1.3182988,1.285378,1.2973169,2.0628707,0.97319734,1.027241,1.0684812,0.95105654,0.309017,-0.8660254,-0.5,1.2246469e-16,-1.0,0.0,1.0,0.0,0.0,0.0
2025-08-20 08:00:00,3.0,-1.0115091,0.26234397,-0.29266125,2.2854357,-0.44391894,-1.0703971,-0.5548554,-2.2568977,-0.6984459,-1.247137,-1.6373837,-0.058108352,0.62425643,0.82415164,0.13840288,0.31059736,0.1505677,0.27905288,0.5586811,0.509463,0.44951653,1.2255524,-1.0314947,-0.19241346,0.19241346,0.24556516,1.5094777,0.42833441,-0.5577862,0.124394804,0.4792426,0.14535941,0.43755898,-0.65018076,-0.16795488,0.3119757,1.4877933,0.58778524,-0.809017,-0.8660254,-0.5,0.8660254,0.5,1.0,0.0,0.0,0.0,0.0
2025-08-20 12:00:00,4.0,0.09237761,0.49215317,0.7209204,0.6227739,-1.1822921,-0.12296314,0.31197155,-0.18068738,-1.0874895,-1.5123403,-1.874441,-0.6192285,0.70372343,0.885278,0.04091554,0.31391236,-0.32192993,0.65119565,0.5186369,0.5589171,0.48678774,1.3535887,-1.4912373,-0.27870896,0.27870896,0.60982144,1.7865298,0.47859457,-0.15787214,0.022292012,0.5654943,-0.025264254,0.45550567,0.2656061,-0.4863221,0.40617234,1.7671247,0.58778524,-0.809017,-0.8660254,-0.5,0.8660254,-0.5,0.0,1.0,0.0,0.0,0.0
2025-08-21 04:00:00,1.0,-1.1448402,-1.1788436,-1.0204757,0.013439636,2.3406258,0.5957262,-0.5453212,-0.14250052,-0.56754994,-1.0788496,-1.4708433,0.10949106,-0.12455466,0.22139311,-0.38868004,-0.38158813,-0.41646498,0.22231814,-0.12198387,-0.3334686,-0.32158735,0.59350157,1.4714588,1.2031964,-1.2031964,1.2519283,0.9962153,-0.15734969,-0.82735986,0.4722517,-0.06637744,-0.081804805,-0.38906297,-0.6200866,-1.6438149,-0.4486112,1.9019966,0.58778524,-0.809017,-0.8660254,-0.5,1.2246469e-16,-1.0,0.0,1.0,0.0,0.0,0.0
2025-08-21 08:00:00,3.0,-0.45139486,-0.3960593,2.6253967,-1.1324197,-1.3744974,-1.0562232,-0.5453212,-0.7733192,-1.021839,-1.3767945,-1.7043936,-0.5837748,-0.3994272,-0.008469003,-0.83526653,-0.87678033,-0.4418605,0.11489236,-0.88337386,-0.80296475,-0.6482121,0.4344862,-1.5910349,1.7291318,-1.7291318,0.3587419,0.9486792,-0.5438953,-0.5555505,0.10850208,-0.5898113,-0.035290137,-0.76500356,-1.0493579,-1.0914685,-0.8969081,1.9526447,-0.58778524,-0.809017,-0.8660254,-0.5,0.8660254,0.5,1.0,0.0,0.0,0.0,0.0
2025-08-21 12:00:00,3.0,0.28264928,0.6611928,1.3506,-0.50995874,0.07410823,0.15818503,0.5015562,-0.18001914,-1.0597495,-1.4120071,-1.7568079,-0.6095553,-0.17843701,0.16077293,-1.0049334,-0.9744606,-0.024835518,-0.12444413,-0.38864955,-0.5397711,-0.4554493,0.6001276,-0.2621449,1.2990851,-1.2990851,0.07337588,1.4202002,-0.34332755,-0.6760298,0.019159473,-0.506631,0.08227561,-0.62966275,0.33489907,-0.93825686,-0.9147831,1.0589582,-0.58778524,-0.809017,-0.8660254,-0.5,0.8660254,-0.5,0.0,1.0,0.0,0.0,0.0
2025-08-22 04:00:00,3.0,-0.00018481613,0.12189671,1.1099797,1.3390331,-0.801081,0.20361343,-0.5399643,-0.1390221,-1.2584245,-1.5623275,-1.888472,-0.9132142,-0.14176318,0.18740945,-1.116487,-0.5343804,-0.17747419,-0.18596448,-0.114300065,-0.5224766,-0.4454104,0.6550354,-1.2596009,1.2075391,-1.2075391,-0.2581191,1.8413707,-0.3862945,-0.8189353,-0.6475003,-0.50871867,0.13340484,-0.57912534,0.7746871,-0.015995795,-0.84935266,0.92599076,-0.58778524,-0.809017,-0.8660254,-0.5,1.2246469e-16,-1.0,0.0,1.0,0.0,0.0,0.0
2025-08-22 08:00:00,3.0,0.45781383,1.4801298,-0.80704606,-1.1169896,0.23722754,-1.0862696,-0.5399643,-0.7951577,-1.1877872,-1.5310905,-1.8895682,-0.75025254,0.20927456,0.44736233,-0.96688724,-0.38108727,-0.04849785,-0.076287314,0.623928,-0.038631983,-0.11137238,0.9236647,0.043773804,0.57979655,-0.57979655,0.12511894,1.8063345,-0.012793604,-0.621554,-0.3294766,-0.25333402,0.1262936,-0.18968463,1.208126,0.65364265,-0.34980157,1.0148257,-0.95105654,0.309017,-0.8660254,-0.5,0.8660254,0.5,1.0,0.0,0.0,0.0,0.0
2025-08-22 12:00:00,3.0,0.18596023,0.7191405,1.1551322,-0.7132907,-0.9608991,0.64191264,0.7939592,-0.1505781,-1.3800122,-1.6782353,-2.0162177,-1.0602189,0.37037352,0.5662773,-0.8203137,0.19833916,-0.15802036,0.23438403,0.49389097,0.15997781,0.0071141412,1.107912,-1.3420625,0.27697733,-0.27697733,-1.4015826,2.0680602,0.102139324,-0.24785891,-0.9237562,0.18995902,0.08667931,-0.20004728,1.6211668,0.5899738,-0.22297196,1.7813907,-0.95105654,0.309017,-0.8660254,-0.5,0.8660254,-0.5,0.0,1.0,0.0,0.0,0.0
2025-08-25 04:00:00,3.0,0.73043495,1.0806397,-0.60684854,-0.06544697,1.0965034,1.0437803,-0.54070634,-0.10727307,-1.1123161,-1.5045178,-1.9050797,-0.5277969,0.861824,0.95072764,-0.40611923,0.70098203,-0.15163933,0.25748903,0.50217474,0.9419844,0.49000466,1.4384286,0.69176507,-0.66262704,0.66262704,-1.7883298,2.246016,0.7295116,-0.17107299,-0.36620972,0.64384115,-0.21891454,0.3652157,1.9973924,1.0733733,0.48258767,1.5738249,-0.95105654,0.309017,-0.8660254,-0.5,1.2246469e-16,-1.0,0.0,1.0,0.0,0.0,0.0
2025-08-25 08:00:00,3.0,-1.0642258,-0.5609568,0.6359627,0.51970804,-0.9511524,-1.1580282,-0.54070634,-1.9003128,-0.8232296,-1.2630215,-1.6769338,-0.067213535,-0.002419623,0.29458585,-0.4754754,0.12958787,-0.7039939,-0.20683938,-0.33548117,-0.26123294,-0.2655578,0.7291459,-1.3481672,0.7457878,-0.7457878,0.32664376,1.9309144,0.04236905,-0.68743676,-0.061519768,-0.12620834,-0.34890047,-0.48782519,-0.67023695,-0.22753125,-0.7200593,-0.45216855,0.0,1.0,-0.8660254,-0.5,0.8660254,0.5,1.0,0.0,0.0,0.0,0.0
2025-08-25 12:00:00,3.0,0.41065615,0.85314965,-0.40499952,0.3136473,0.10565062,-0.5088394,-0.08835958,-0.071352616,-0.9083293,-1.3029201,-1.7109387,-0.19743973,0.30134985,0.528891,-0.39725536,0.30266994,-0.19334514,-0.03210693,0.13429005,0.22721165,0.025540233,0.9528358,-0.36866334,0.15584229,-0.15584229,0.37211406,1.7602749,0.35522568,-0.43249288,0.11092689,0.085048154,-0.57346046,-0.17906518,0.21915148,-0.073777005,-0.1669423,-0.06455836,0.0,1.0,-0.8660254,-0.5,0.8660254,-0.5,0.0,1.0,0.0,0.0,0.0
2025-08-26 04:00:00,3.0,-0.35307354,-0.6429585,0.55911064,0.5082024,0.19556066,0.37114993,-0.53351986,-0.071352616,-0.9303121,-1.293011,-1.6838667,-0.2518297,0.06294337,0.34069216,-0.4403055,-0.03670411,-0.34896228,-0.5475698,0.59548694,-0.06260495,-0.14946869,0.7199607,-0.18298857,0.51316166,-0.51316166,0.8290591,1.3026361,0.13742578,-0.44003668,0.053468585,0.12664603,-0.55485266,-0.40020952,-0.70019746,-0.8658879,-0.48734444,0.19916523,0.0,1.0,-0.8660254,-0.5,1.2246469e-16,-1.0,0.0,1.0,0.0,0.0,0.0
2025-08-26 08:00:00,3.0,-0.65227437,0.53471106,1.4464267,-0.64257956,0.3222004,-1.1700068,-0.53351986,-1.9147284,-0.8295875,-1.1948732,-1.5827596,-0.100693375,-0.4059816,-0.03207758,-0.6359403,-0.38267758,-0.1544502,-0.4676907,-0.15166579,-0.744392,-0.5439922,0.28691816,-0.0786953,1.2491544,-1.2491544,1.1322039,1.1700633,-0.26476696,-0.6576755,0.41763464,-0.66571397,-0.5420258,-0.876619,-1.1220821,-0.43595064,-1.1425755,0.040289275,0.95105654,0.309017,-0.8660254,-0.5,0.8660254,0.5,1.0,0.0,0.0,0.0,0.0
2025-08-26 12:00:00,3.0,0.32167906,0.9120345,0.29014942,-0.6104713,-0.5277546,0.34791368,0.43850845,-0.061272826,-1.0193871,-1.3159243,-1.6728691,-0.43111086,-0.1315175,0.166408,-0.66698503,-0.5566938,0.11877839,-0.26666754,-0.014646371,-0.31393984,-0.29369503,0.43301266,-0.9689244,0.37976605,-0.37976605,0.41728738,1.2792903,-0.058055706,-0.29965737,-0.04516093,-0.34580174,-0.57495844,-0.60947615,0.2418434,-0.46712935,-0.7059166,-0.06464467,0.95105654,0.309017,-0.8660254,-0.5,0.8660254,-0.5,0.0,1.0,0.0,0.0,0.0
2025-08-27 04:00:00,3.0,0.112898864,0.18744312,2.1208093,-0.42655703,0.5512257,0.28913215,-0.5332296,-0.01611069,-0.94876915,-1.2624294,-1.6285539,-0.28549471,-0.0071180915,0.25437495,-0.5951318,-0.06258793,0.056190267,0.024810914,0.32063577,-0.1795379,-0.21681589,0.42056286,0.32970798,0.10604103,-0.10604103,-0.5415568,1.3808993,0.07703472,-0.24728392,-0.24090956,0.07261541,-0.72620136,-0.45675302,0.6725683,-0.0755305,-0.500305,-0.27150673,0.95105654,0.309017,-0.8660254,-0.5,1.2246469e-16,-1.0,0.0,1.0,0.0,0.0,0.0
2025-08-27 08:00:00,3.0,0.3350021,-0.33771732,-0.2583094,2.282482,-0.5206659,-1.1716304,-0.5332296,0.95233727,-1.0984555,-1.3623049,-1.7007242,-0.55218476,0.27802014,0.46094185,-0.4412494,-0.09879724,0.1711813,-0.007964459,0.21511559,0.26756713,0.031675253,0.59181845,-0.92108995,-0.533329,0.533329,-0.62918127,1.2540051,0.32318398,0.14258827,-0.3544725,0.2918367,-0.70997304,-0.17562997,1.0996879,0.73493606,-0.20679508,-0.15121187,0.58778524,-0.809017,-0.8660254,-0.5,0.8660254,0.5,1.0,0.0,0.0,0.0,0.0
2025-08-27 12:00:00,4.0,-0.7095805,-0.95801294,-0.97563684,1.0651994,1.6552601,0.63145256,0.6378539,0.02541956,-0.7292832,-1.0929095,-1.4787731,0.130557,-0.30416468,0.02340994,-0.4918384,-0.24408065,-0.23535821,-0.22869658,-0.30231863,-0.6619114,-0.45482635,0.05562845,1.1591618,0.5710896,-0.5710896,-0.18714944,0.8710793,-0.073331065,-0.44275722,0.056034718,-0.5506505,-0.6881867,-0.7120196,-0.673106,-0.18539353,-1.0408355,-0.24793327,0.58778524,-0.809017,-0.8660254,-0.5,0.8660254,-0.5,0.0,1.0,0.0,0.0,0.0
2025-08-28 04:00:00,4.0,-0.79092395,-0.87356126,-0.7260266,1.0527115,1.9960649,1.3738741,-0.5296617,-0.017759224,-0.2668441,-0.7328695,-1.1846842,0.8790345,-0.8784763,-0.44554052,-0.67718494,-0.3014367,-0.573673,-0.5905845,-0.47645918,-1.498889,-0.8645964,-0.44551188,1.5345032,1.1026878,-1.1026878,0.004324178,0.298814,-0.42403358,-1.8653042,0.5004357,-1.457155,-1.0108397,-1.093955,-1.1068659,-0.93669844,-1.3763425,-0.27772665,0.58778524,-0.809017,-0.8660254,-0.5,1.2246469e-16,-1.0,0.0,1.0,0.0,0.0,0.0
2025-08-28 08:00:00,4.0,1.4139862,0.59306395,0.76672465,-0.11225338,-0.48262852,-1.1727206,-0.5296617,2.2825513,0.09532814,-0.44847247,-0.99272496,1.4374244,0.20942615,0.37129265,-0.35439336,0.15825276,-0.33647257,-0.3958468,-0.08418728,0.42534107,0.058515772,0.16243601,-0.77205557,-0.8416149,0.8416149,1.53528,0.2136379,0.6180676,-1.7991184,1.2920517,0.45979643,-0.92965263,-0.039830666,0.23028752,-0.07270927,0.17000341,-0.16592595,-0.58778524,-0.809017,-0.8660254,-0.5,0.8660254,0.5,1.0,0.0,0.0,0.0,0.0
2025-08-28 12:00:00,4.0,0.06823693,0.10913668,0.7310596,1.2451992,0.025004081,0.7041496,0.67783743,-0.01470618,-0.17397156,-0.56089884,-1.0429708,0.9175158,0.28763825,0.43285266,-0.16279338,0.14017943,0.06474711,-0.51957345,0.3733635,0.74519014,0.16361131,0.17610848,0.07920947,-0.9840834,0.9840834,1.5827149,0.550172,0.6680711,-1.6317071,1.0302805,0.74374765,-0.8510383,0.14495057,0.65377444,0.63411987,0.87824357,0.15399782,-0.58778524,-0.809017,-0.8660254,-0.5,0.8660254,-0.5,0.0,1.0,0.0,0.0,0.0
2025-08-29 04:00:00,4.0,0.15452771,0.3827588,1.2318424,-0.17844668,-0.36426398,1.3762076,-0.5267812,-0.016193489,-0.46929288,-0.7234131,-1.1364565,0.3892447,0.42897812,0.5417978,0.015256205,0.06638989,-0.027675983,-0.17936674,0.9179031,0.98070025,0.30086023,0.25505722,-0.5743864,-1.136713,1.136713,1.7260118,1.0517606,0.76775736,-1.2988548,0.9728583,1.048447,-0.7538644,0.25268292,1.0637277,1.3934772,1.0333098,-0.302182,-0.58778524,-0.809017,-0.8660254,-0.5,1.2246469e-16,-1.0,0.0,1.0,0.0,0.0,0.0
2025-08-29 08:00:00,4.0,-0.6584975,0.28221914,1.4003717,-0.18968394,0.21234852,-1.2188889,-0.5267812,-1.607941,-0.5113376,-0.7254269,-1.1059084,0.27297994,-0.045353923,0.17763388,-0.022074714,0.108129345,-0.118364744,-0.38147277,1.7408301,0.26663345,-0.030981401,-0.0837441,0.43803495,-0.47777206,0.47777206,1.438842,0.930638,0.4141809,-1.3731381,0.49492186,0.36866426,-0.75049657,-0.108076625,-0.74988186,-0.28707623,0.37526852,-0.28801468,-0.95105654,0.309017,-0.8660254,-0.5,0.8660254,0.5,1.0,0.0,0.0,0.0,0.0
2025-08-29 12:00:00,4.0,1.6036708,1.2608807,-0.5794028,-1.0050712,2.6543126,2.7341158,2.623587,-0.135535,0.14575297,-0.28787866,-0.81882215,1.3498136,1.0346816,1.0568658,0.35873955,1.1365745,0.6541333,0.39390194,2.6871982,2.09571,0.8192701,0.5034951,1.682901,-1.3230666,1.3230666,1.4633985,1.8190714,1.1721933,-1.3742318,0.7092738,1.8232937,-0.54933906,0.6715431,0.12612821,0.7994442,1.225875,-0.9513672,-0.95105654,0.309017,-0.8660254,-0.5,0.8660254,-0.5,0.0,1.0,0.0,0.0,0.0
2025-09-01 04:00:00,4.0,-1.2424711,-1.448838,0.05103704,-0.9799929,1.1647152,1.2357941,-0.5265927,-0.047307454,0.30756903,-0.09809388,-0.6308502,1.41173,0.1328501,0.34819186,0.30148557,-0.012780297,0.13721691,0.21487294,2.7871332,0.7190702,0.113281794,-0.102918684,1.4525287,-0.25368148,0.25368148,1.5415307,1.0396992,0.52398884,-1.778912,0.39735538,1.6282376,-0.5517188,-0.1040139,-0.90461147,-0.40270382,0.14527962,-0.29896474,-0.95105654,0.309017,-0.8660254,-0.5,1.2246469e-16,-1.0,0.0,1.0,0.0,0.0,0.0
2025-09-01 08:00:00,4.0,0.4921165,0.674092,1.2095681,-1.185111,-0.62777555,-1.0987375,-0.5265927,0.5237944,0.054005522,-0.21649052,-0.692861,0.96360433,0.5457335,0.6993219,0.3995737,0.19654393,0.27816206,0.2738631,2.4585738,1.3477751,0.4321276,0.14808382,-0.76894766,-0.85118896,0.85118896,1.5843776,0.9556642,0.8698835,-1.4045095,0.43186,1.6042693,-0.55421585,0.28879854,0.100512385,0.59971696,0.7525567,-0.70535177,0.0,1.0,-1.0,-1.8369701e-16,0.8660254,0.5,1.0,0.0,0.0,0.0,0.0
2025-09-01 12:00:00,3.0,-0.08636173,-0.043639433,1.0316105,0.94416136,-0.36192825,0.0092090815,0.38372582,-0.054064848,-0.24380992,-0.3822322,-0.77934164,0.45407468,0.5907129,0.7411323,0.45926523,0.07202973,0.119482584,0.2578359,2.1795003,1.2047738,0.42340583,0.14918745,-0.27529386,-0.9117133,0.9117133,1.5914472,1.2071244,0.88964295,-1.4829475,0.44299194,1.3812397,-0.55742025,0.25997123,0.6030743,-0.6614942,0.8178171,-0.8216869,0.0,1.0,-1.0,-1.8369701e-16,0.8660254,-0.5,0.0,1.0,0.0,0.0,0.0
2025-09-02 04:00:00,4.0,-0.08413487,0.10206437,-0.5366918,2.0822515,-1.162211,0.30002657,-0.5183826,-0.05564273,-0.73046994,-0.70684195,-0.9835591,-0.34851578,0.6469086,0.7928058,0.5097926,0.39220095,0.4135351,0.07875059,2.033153,1.0529118,0.4854676,0.24588376,-1.3676337,-0.97254986,0.97254986,1.2946458,1.5109379,0.904003,-0.99363095,-0.009090626,1.0417119,0.0005569242,0.33316535,1.1056362,0.4269061,0.88508385,-0.62366414,0.0,1.0,-1.0,-1.8369701e-16,1.2246469e-16,-1.0,0.0,1.0,0.0,0.0,0.0
2025-09-02 08:00:00,4.0,-2.5515563,-1.6254944,-1.1607738,-0.41740477,2.138625,-1.0702766,-0.5183826,-1.1616853,0.5579297,0.19673286,-0.2860358,1.4353176,-1.9095021,-1.399591,-0.37101504,-1.9010195,-0.36222392,-0.8334286,0.9399444,-2.1235275,-1.5017991,-1.4137837,1.7042006,1.5007333,-1.5007333,1.2022368,1.2575736,-0.6493138,-2.425019,0.37809324,-1.567938,-0.3288373,-1.8247995,-0.8767619,-2.1267903,-1.6835915,1.0196015,0.95105654,0.309017,-1.0,-1.8369701e-16,0.8660254,0.5,1.0,0.0,0.0,0.0,0.0
2025-09-02 12:00:00,4.0,-1.143185,-1.3667226,-0.075861186,-0.93854094,0.7446672,1.2798572,1.4360062,-0.022321811,0.6420976,0.34839067,-0.112315275,1.3592865,-2.6086416,-2.2108586,-1.1647,-1.8645194,-1.6409683,-1.4784033,0.23223779,-2.8396182,-2.107622,-1.9782995,1.3540732,2.4203773,-2.4203773,1.1871313,0.28825772,-1.3400854,-2.6094031,0.30985993,-2.722966,-0.5560682,-2.2941353,-1.3639139,-2.663227,-2.6207168,0.6953342,0.95105654,0.309017,-1.0,-1.8369701e-16,0.8660254,-0.5,0.0,1.0,0.0,0.0,0.0
2025-09-03 04:00:00,4.0,-0.923478,-1.1345885,-0.27917403,-0.13000849,0.59456104,1.4647927,-0.52460885,-0.021831932,0.67524993,0.45609722,0.02850229,1.2394644,-3.0,-2.7853694,-1.8050331,-2.4922984,-2.1610243,-1.4469355,0.20240237,-2.952618,-2.5195143,-2.4120407,1.1332293,2.266217,-2.266217,0.51224244,-0.77474844,-1.9163342,-2.6630733,0.5424585,-3.0,-0.6301818,-2.525986,-1.827489,-2.896487,-2.4460092,2.8867784,0.95105654,0.309017,-1.0,-1.8369701e-16,1.2246469e-16,-1.0,0.0,1.0,0.0,0.0,0.0
2025-09-03 08:00:00,4.0,-0.22289234,-0.9596224,0.5782615,-0.52840763,0.6899571,-1.1256899,-0.52460885,1.226004,0.7531493,0.5731799,0.15970822,1.2170498,-2.8881173,-2.7753778,-2.0612557,-2.4428375,-2.2925127,-1.676922,-0.18075323,-2.52172,-2.3710742,-2.407236,1.3507688,2.2309477,-2.2309477,0.34954458,-0.7808086,-1.9521439,-2.5565372,0.94915885,-2.6268265,-0.67241824,-2.4348707,-2.200183,-1.0524912,-2.3930435,2.2359056,0.58778524,-0.809017,-1.0,-1.8369701e-16,0.8660254,0.5,1.0,0.0,0.0,0.0,0.0
2025-09-03 12:00:00,4.0,1.5257152,1.3899488,-0.69057065,-1.044606,1.035084,0.7903839,1.2048746,-0.061045237,0.9279044,0.7214863,0.2708226,1.3815364,-1.462486,-1.575024,-1.6438456,-1.6024138,-1.2396955,-1.0324633,0.6670955,-1.2994447,-1.291952,-1.6436143,1.416976,1.0544206,-1.0544206,1.6877341,-0.046863213,-0.8450934,-2.1783986,1.8292542,-1.7608978,-0.7193938,-1.2819797,0.2381686,0.7521481,-1.1896148,0.07605562,0.58778524,-0.809017,-1.0,-1.8369701e-16,0.8660254,-0.5,0.0,1.0,0.0,0.0,0.0
2025-09-04 04:00:00,4.0,-1.0916941,-1.2944152,-1.1176761,0.2777816,0.34227645,0.718559,-0.5298663,-0.060241748,0.8837397,0.7802632,0.39564562,1.1679388,-2.0977066,-2.3368576,-1.5897719,-0.90053004,-2.3820093,-1.216344,0.3200243,-1.8470871,-1.8530569,-2.1964445,1.021311,1.7451149,-1.7451149,0.393015,-0.9574328,-1.6675518,-2.2480965,0.5241745,-1.8295895,-0.8518292,-1.7689788,-0.761946,0.6077419,-1.8914231,-0.38977244,0.58778524,-0.809017,-1.0,-1.8369701e-16,1.2246469e-16,-1.0,0.0,1.0,0.0,0.0,0.0
2025-09-04 08:00:00,1.0,-0.19459558,0.5019392,-0.03388894,0.79255015,-0.45173743,-1.1750268,-0.5298663,-1.1265988,0.5337219,0.5896172,0.31283772,0.6698192,-2.1262093,-2.4214678,-1.5478126,-0.44404143,-1.8882096,-1.4383115,0.17314157,-1.7463063,-1.8718476,-2.3019395,0.45875195,1.7288716,-1.7288716,0.10757868,-0.9821454,-1.9618299,-2.071278,0.15835255,-1.9027092,-0.8943073,-1.8330649,-1.2186886,0.60818404,-1.877776,-0.5569755,-0.58778524,-0.809017,-1.0,-1.8369701e-16,0.8660254,0.5,1.0,0.0,0.0,0.0,0.0
2025-09-04 12:00:00,4.0,-0.07490636,-0.20171246,-0.70257246,2.637689,-0.35503307,0.04770306,0.8025705,-0.049750753,0.38423452,0.50041014,0.27572674,0.42190742,-2.0388637,-2.3032985,-1.4390075,-0.030198285,-2.1061108,-1.4817072,-1.383052,-1.5895008,-1.7841221,-2.2338667,0.62249315,1.599572,-1.599572,-0.14739084,-1.4012127,-2.0013382,-1.9362574,-0.059108656,-1.6913663,-0.9678897,-1.7508888,-1.6373683,-0.6047149,-1.7346584,-0.63398105,-0.58778524,-0.809017,-1.0,-1.8369701e-16,0.8660254,-0.5,0.0,1.0,0.0,0.0,0.0
2025-09-05 04:00:00,1.0,-0.0628212,-0.10682065,-0.057574384,2.2113206,-0.7400544,0.31871846,-0.60042083,-0.14451672,0.10746749,0.3271023,0.17765245,0.037269134,-1.9509264,-2.1982548,-1.3169482,0.052037295,-2.0528293,-1.606321,-1.144515,-1.4407597,-1.6946695,-2.184013,-0.057670604,1.549881,-1.549881,-0.12041469,-1.8020043,-2.0736318,-1.779995,-0.43052575,-1.461076,-1.1496868,-1.6730092,-2.0272644,-0.021948189,-1.6749004,-0.7574154,-0.58778524,-0.809017,-1.0,-1.8369701e-16,1.2246469e-16,-1.0,0.0,1.0,0.0,0.0,0.0
2025-09-05 08:00:00,1.0,0.41540542,-0.426959,-0.034822736,1.3066088,0.09669206,-1.2162089,-0.60042083,1.3891808,0.23424838,0.38417545,0.21559861,0.16890454,-1.569602,-1.8364749,-1.0320067,-0.57454926,-1.911997,-1.2090293,-2.0081165,-1.1584474,-1.3798497,-1.9048018,0.9776757,1.2914457,-1.2914457,-1.6424963,-1.6318945,-1.7377136,-1.6552514,-0.70420355,-1.1205995,-1.5994126,-1.408827,0.30292457,0.41469812,-1.4066056,-0.342756,-0.95105654,0.309017,-1.0,-1.8369701e-16,0.8660254,0.5,1.0,0.0,0.0,0.0,0.0
2025-09-05 12:00:00,4.0,-0.56583285,-0.99801826,-1.1849505,0.87563676,-0.77825665,0.12736309,0.9289283,-0.16688235,-0.07368907,0.20987159,0.13020676,-0.22702718,-1.8234622,-2.0577338,-0.9516163,-0.25404516,-1.0404712,-1.0777652,-2.0013258,-1.3052909,-1.6339667,-2.0765553,-0.3506483,1.5125169,-1.5125169,-2.2533617,-1.9095098,-2.1640532,-1.5915842,-1.0693772,-1.2040495,-1.770482,-1.6785424,-0.62915105,0.098219804,-1.6448143,-0.32489333,-0.95105654,0.309017,-1.0,-1.8369701e-16,0.8660254,-0.5,0.0,1.0,0.0,0.0,0.0
2025-09-08 04:00:00,1.0,-2.2340305,-1.4754583,-1.2722838,-0.34577388,1.9106547,1.877827,-0.60596657,-0.10977385,1.3287457,1.0789232,0.7773518,1.0905964,-2.7289762,-2.9866004,-1.1902251,-1.3603097,-1.4306747,-2.175966,-2.8683133,-1.9274285,-2.3884366,-2.6119463,1.7255206,1.714926,-1.714926,-0.18873237,-2.3394551,-2.8869925,-2.0511248,0.093148306,-1.6179096,-1.6056352,-2.2942986,-1.0622525,-1.0470121,-1.8192004,-0.5731515,-0.95105654,0.309017,-1.0,-1.8369701e-16,1.2246469e-16,-1.0,0.0,1.0,0.0,0.0,0.0
2025-09-08 08:00:00,1.0,1.865785,0.41012824,1.5202233,-0.39015606,-0.50152075,-1.1665165,-0.60596657,2.9955156,2.0895998,1.5795034,1.0878617,1.6856502,-1.39386,-1.8020924,-0.8313761,-0.30753902,-0.2641269,-1.620877,-1.6305465,-1.0769659,-1.2641315,-1.7718935,0.5345926,0.84228337,-0.84228337,0.82493186,-1.9164673,-1.5261208,-1.8227571,0.95179224,-1.0433737,-1.4988536,-1.2260945,0.3086067,0.054808564,-1.0146004,-0.95724905,0.0,1.0,-1.0,-1.8369701e-16,0.8660254,0.5,1.0,0.0,0.0,0.0,0.0
2025-09-08 12:00:00,1.0,0.19061486,0.2846796,0.8178378,0.53586954,-0.87631434,-0.20803148,0.59324193,-0.08030393,1.2405056,1.1978383,0.9026093,0.8072744,-1.2350814,-1.6293752,-0.5843805,-0.17118223,-0.081517145,-1.5835468,-1.6195368,-0.9029812,-1.1021667,-1.6779073,-0.2844697,0.6248553,-0.6248553,0.83701634,-1.4587977,-1.5570518,-1.6331602,0.79500586,-0.9305836,-1.5531874,-1.051402,0.7606084,0.5296183,-0.9074551,-1.1332346,0.0,1.0,-1.0,-1.8369701e-16,0.8660254,-0.5,0.0,1.0,0.0,0.0,0.0
2025-09-09 04:00:00,1.0,1.1516745,1.3114281,-0.673209,-0.7693201,-0.07368528,0.37559578,-0.6014475,-0.02816181,1.0593188,1.1246287,0.8712327,0.61596555,-0.5249966,-0.9839345,-0.010540211,0.24138172,-0.35641807,-1.0554568,-0.7927634,-0.38508025,-0.45063594,-1.2261009,0.97322625,-0.58724856,0.58724856,0.97155374,-1.0084684,-0.9158352,-1.4034586,0.6615902,-0.56174856,-1.6033432,-0.43812546,1.1804109,2.4001853,-0.40181983,-0.4631873,0.0,1.0,-1.0,-1.8369701e-16,1.2246469e-16,-1.0,0.0,1.0,0.0,0.0,0.0
2025-09-09 08:00:00,1.0,-0.857552,-0.77368355,0.7858151,-0.15884513,-0.5458514,-1.1795291,-0.6014475,-0.9405071,0.6578074,0.9443257,0.84226495,0.17714033,-0.93682265,-1.3534904,0.19934098,0.068219975,-0.1783484,-1.7590808,-1.1786122,-0.6355913,-0.73940116,-1.4807976,0.43129516,-0.31460524,0.31460524,1.3517226,-0.912404,-1.4474721,-1.4033991,0.70437974,-0.60764754,-1.5805218,-0.56614274,-0.63030905,0.48782358,-0.7287494,-1.471282,0.95105654,0.309017,-1.0,-1.8369701e-16,0.8660254,0.5,1.0,0.0,0.0,0.0,0.0
2025-09-09 12:00:00,1.0,-0.56124115,-1.0966098,-0.4606964,0.13842988,-0.7407925,0.14624713,0.87422216,-0.08045956,0.16993624,0.63874286,0.7059655,-0.29248214,-1.1725621,-1.5550243,0.22703981,1.0036011,-0.3418011,-1.5520861,-1.304548,-0.783553,-0.9165496,-1.6398042,-0.31095397,0.098409936,-0.098409936,-0.00054168096,-1.0419443,-1.8423207,-1.3488201,-0.66155326,-0.8294277,-1.5670412,-0.66026753,-1.0713148,0.042081766,-0.8890652,-1.7507672,0.95105654,0.309017,-1.0,-1.8369701e-16,0.8660254,-0.5,0.0,1.0,0.0,0.0,0.0
2025-09-10 04:00:00,1.0,-0.11468866,-0.35680744,0.052934192,1.3762214,-0.86791766,0.7612451,-0.6008729,-0.02545579,-0.2809129,0.29412556,0.50186056,-0.69676983,-1.1955806,-1.5512346,0.25204274,-0.11002605,-0.36019778,-1.7373068,-1.7170517,-0.7622989,-0.84990335,-1.6534094,-0.6507104,0.1800817,-0.1800817,-0.96144927,-1.2204477,-1.9985852,-1.2355537,-1.5534953,-0.9617844,-1.5608699,-0.6909506,-1.4668815,-0.79153335,-0.9145934,-1.4259489,0.95105654,0.309017,-1.0,-1.8369701e-16,1.2246469e-16,-1.0,0.0,1.0,0.0,0.0,0.0
2025-09-10 08:00:00,4.0,0.13305862,-0.09780133,1.0561563,1.1199907,-0.7723577,-1.1908795,-0.6008729,0.21896034,-0.5731754,0.0045966026,0.298211,-0.93328524,-1.086903,-1.4377859,0.35800248,-0.14422707,-0.2730381,-1.686594,-1.7234516,-0.6425972,-0.6301724,-1.5706545,-0.43564612,-0.0076883654,0.0076883654,-0.96524835,-1.0799063,-1.9859074,-1.1055528,-1.4270924,-0.85596555,-1.5676378,-0.50934756,0.3198622,-0.19703846,-0.8041012,-1.2059724,0.58778524,-0.809017,-1.0,-1.8369701e-16,0.8660254,0.5,1.0,0.0,0.0,0.0,0.0
2025-09-10 12:00:00,1.0,-1.1586865,-1.2961581,-1.2183877,0.14612247,0.5453219,1.2816253,2.2544398,-0.0040218146,0.111156955,0.413069,0.6313135,-0.26960045,-1.6175103,-1.8843263,0.105699815,-1.4374359,-1.0094055,-1.9769571,-2.0176108,-1.5642176,-1.0792662,-1.8453033,1.3952415,0.84939533,-0.84939533,-1.7366773,-1.3528583,-2.346557,-1.3150697,-1.0550742,-1.6787959,-1.4637141,-0.8958056,-0.54860705,-0.5587533,-1.2471758,-1.209798,0.58778524,-0.809017,-1.0,-1.8369701e-16,0.8660254,-0.5,0.0,1.0,0.0,0.0,0.0
2025-09-11 04:00:00,1.0,0.64258265,0.956078,-0.54038495,-0.024820946,-0.7041894,1.143443,-0.60172313,-0.0040218146,-0.19168074,0.1498038,0.42032188,-0.51603496,-1.1530615,-1.4999641,0.18832241,-0.5972438,-0.44620094,-1.004427,-1.5055101,-0.95799863,-0.62072,-1.572034,0.21486607,0.27865186,-0.27865186,-1.0174612,-0.8345613,-2.0207827,-1.1316941,-1.0199811,-1.424644,-1.3138894,-0.48611844,0.3387276,0.017926726,-0.6379561,-1.7536931,0.58778524,-0.809017,-1.0,-1.8369701e-16,1.2246469e-16,-1.0,0.0,1.0,0.0,0.0,0.0
2025-09-11 08:00:00,4.0,0.56706136,-0.55574656,-0.80165416,1.5609603,-1.0500996,-1.2008051,-0.60172313,1.5015625,-0.66029525,-0.24745612,0.08939305,-0.9408657,-0.77226037,-1.185787,0.49587813,0.03471706,0.8743331,-0.48937142,-1.5376636,-0.3725242,-0.24204887,-1.3460062,-0.9867882,-0.21659344,0.21659344,-0.83184695,-0.7571608,-1.8280311,-0.92339796,-1.0545216,-0.55175287,-1.3244338,-0.07799352,0.7794981,0.3520666,-0.045073032,-1.9005548,-0.58778524,-0.809017,-1.0,-1.8369701e-16,0.8660254,0.5,1.0,0.0,0.0,0.0,0.0
2025-09-11 12:00:00,4.0,-0.3591792,-0.8302013,-0.80165356,0.82554907,-0.9295219,0.77210134,1.6059109,-0.1346199,-0.9678843,-0.5375483,-0.14615683,-1.2355961,-0.9582128,-1.3176863,0.6177246,-0.10220377,-0.17846578,-0.2974438,-1.771041,-0.6944466,-0.4743102,-1.4440008,-0.93364197,0.12440548,-0.12440548,-0.73796976,-1.0198205,-2.1225464,-0.8677842,-1.0396786,-0.8025289,-1.2398024,-0.28128654,-0.54860705,0.77985525,-0.3250982,-2.897747,-0.58778524,-0.809017,-1.0,-1.8369701e-16,0.8660254,-0.5,0.0,1.0,0.0,0.0,0.0
2025-09-12 04:00:00,4.0,0.5755685,0.4096366,2.3687444,-1.1679335,1.5743109,1.6636791,-0.6046605,-0.027612975,0.16613622,0.14353608,0.30668846,0.0467995,-0.56439507,-1.0088675,0.93485624,0.14734648,0.000207786,-0.057720955,-1.5258777,-0.15365773,-0.064046934,-1.101224,1.5851865,-0.37621018,0.37621018,-0.6160497,-0.3204598,-1.4302434,-0.94236344,0.13317199,0.22774401,-1.0793954,0.10536657,0.3387276,0.7153117,0.12063777,-2.8083537,-0.58778524,-0.809017,-1.0,-1.8369701e-16,1.2246469e-16,-1.0,0.0,1.0,0.0,0.0,0.0
2025-09-12 08:00:00,4.0,-0.61593646,-1.7837414,-1.057718,-1.2668191,-0.47743568,-1.1864355,-0.6046605,0.6685569,-0.12735185,-0.03579132,0.19142751,-0.27811423,-0.92818666,-1.2765974,0.95869726,0.47851595,-0.8715787,-0.8199437,-2.0567908,-0.7374196,-0.39514843,-1.2844757,-0.059787292,0.21781008,-0.21781008,-1.03436,-0.25830394,-1.8162533,-0.9582194,-0.5186702,-0.46978286,-0.99890083,-0.190472,-0.54860705,-0.14280923,-0.31908578,-0.5012238,-0.95105654,0.309017,-1.0,-1.8369701e-16,0.8660254,0.5,1.0,0.0,0.0,0.0,0.0
2025-09-12 12:00:00,4.0,0.14598525,0.110105634,-0.77324426,2.2839284,-0.8256004,0.7059852,1.8019146,0.05068538,-0.60332155,-0.39274186,-0.11125447,-0.75405717,-0.83772194,-1.1928664,1.056273,0.19175287,-0.3817648,-0.3881415,-1.7040944,-0.5558277,-0.2872885,-1.2371995,-0.9463408,0.46583575,-0.46583575,-1.1777451,0.31213695,-1.8759831,-0.8181692,-0.6796569,-0.9370029,-0.8229747,-0.037845764,0.3387276,0.18876846,-0.079400755,-0.22548668,-0.95105654,0.309017,-1.0,-1.8369701e-16,0.8660254,-0.5,0.0,1.0,0.0,0.0,0.0
2025-09-15 04:00:00,1.0,0.08241658,-0.081674,2.4307275,-0.43993253,-0.45142254,1.4918401,-0.6153532,0.10421733,-0.7692098,-0.5668862,-0.28953266,-0.88889104,-0.7876313,-1.1389048,1.1595398,-0.09436392,-0.05159033,-0.30272433,-1.5398524,-0.442168,-0.21113378,-1.1920747,-0.2148055,0.41679993,-0.41679993,-1.4495629,1.2586226,-1.8715116,-0.73196167,-0.47144935,-0.2978778,-0.2805638,0.019682191,0.7632517,-0.22608899,-0.029842926,-0.22017765,-0.95105654,0.309017,-1.0,-1.8369701e-16,1.2246469e-16,-1.0,0.0,1.0,0.0,0.0,0.0
2025-09-15 08:00:00,1.0,0.31499785,-0.97719884,0.96099746,-1.0831338,1.2992222,-1.19687,-0.6153532,2.4089012,0.30007794,0.11949669,0.20623587,0.3177777,-0.5371938,-0.95619273,1.2773085,0.2921394,0.16536081,-0.16752835,-1.1904566,-0.07710912,0.047468413,-0.9652104,1.4342687,0.11306289,-0.11306289,-1.4665424,1.243584,-1.3375756,-0.8542141,0.84456545,0.60269856,-0.033417944,0.26217297,1.1804109,0.4724481,0.23406805,-0.26865917,0.0,1.0,-1.0,-1.8369701e-16,0.8660254,0.5,1.0,0.0,0.0,0.0,0.0
2025-09-15 12:00:00,1.0,1.0903549,1.1987255,-0.9391522,-0.0055474024,0.44158828,-0.45713255,0.36647224,-0.005331603,0.41357154,0.20794821,0.22899574,0.4668891,0.2879799,-0.3801847,1.721153,0.5664937,0.6421933,0.241218,-1.0653932,1.0964935,0.74225855,-0.57669777,0.8542249,-1.0138626,1.0138626,-0.93009806,1.31502,-0.76235956,-0.7093099,0.09179943,0.5522097,0.08393645,0.9840957,1.5803332,1.296401,1.2069097,-0.42764747,0.0,1.0,-1.0,-1.8369701e-16,0.8660254,-0.5,0.0,1.0,0.0,0.0,0.0
2025-09-16 04:00:00,4.0,-0.22079124,-0.47924906,-1.1703371,1.8901916,-0.2821412,0.6999121,-0.6116813,-0.007517364,0.11664464,0.048936617,0.11705088,0.12364281,0.10781526,-0.48680905,1.8694277,0.793566,1.133991,0.01198808,-1.1264396,0.8706914,0.6088923,-0.6253566,0.3348934,-0.7395613,0.7395613,-1.3516545,0.6361898,-0.90704244,-0.67832595,0.15059179,0.6367899,0.22341953,0.7785509,-0.6340005,1.0173607,0.9634466,-0.559763,0.0,1.0,-1.0,-1.8369701e-16,1.2246469e-16,-1.0,0.0,1.0,0.0,0.0,0.0
2025-09-16 08:00:00,4.0,-0.06668975,-0.1745354,-0.019779895,1.4561751,-1.1167796,-1.1851059,-0.6116813,-0.1467851,-0.6166135,-0.4475211,-0.28058857,-0.6913046,0.04005947,-0.52112556,1.9290562,0.67140734,0.776044,0.19615018,-1.2710496,0.7538342,0.58302605,-0.6470936,-1.4878418,-0.630569,0.630569,-1.2325796,0.583309,-1.1263272,-0.51877683,-0.03923376,0.67882794,0.3925599,0.78946936,-1.0464587,0.6571396,0.8704389,-0.4772591,0.95105654,0.309017,-1.0,-1.8369701e-16,0.8660254,0.5,1.0,0.0,0.0,0.0,0.0
2025-09-16 12:00:00,4.0,0.51102155,0.8359159,0.5745231,-0.47843993,-0.515463,0.2636424,1.3166348,0.014635094,-0.86458164,-0.6811897,-0.515707,-0.91796875,0.44626075,-0.24692164,2.0562828,0.9081024,0.74341834,1.2223766,-1.35518,1.2867696,0.8786962,-0.44228396,-0.5850161,-1.145295,1.145295,-0.79501015,0.87804013,-0.96322227,-0.3343983,-0.08748763,1.2287977,0.67795205,0.99349445,0.32886833,0.15497379,1.1896802,-2.7065017,0.95105654,0.309017,-1.0,-1.8369701e-16,0.8660254,-0.5,0.0,1.0,0.0,0.0,0.0
2025-09-17 04:00:00,4.0,-2.4059665,-1.8083715,-1.238397,-1.0852442,2.2662375,1.8725598,-0.614947,-0.038326327,0.75941235,0.45466793,0.45806447,0.8037102,-1.3885427,-1.5175172,1.0719755,-0.68201554,-0.3436074,-0.38977522,-1.9933583,-1.7469351,-0.8917266,-1.1990659,1.511366,1.620569,-1.620569,2.0853384,-0.19046201,-1.6872332,-1.0889407,0.27655348,-1.0265273,0.51799816,-0.73580813,-0.56480324,-1.5770608,-1.6021789,0.6641327,0.95105654,0.309017,-1.0,-1.8369701e-16,1.2246469e-16,-1.0,0.0,1.0,0.0,0.0,0.0
2025-09-17 08:00:00,4.0,-0.019684274,0.110772446,-0.5310462,2.106403,-0.42849538,-1.1800739,-0.614947,-0.37736017,0.27685693,0.19020219,0.26553634,0.2508034,-1.4081441,-1.5169,0.53729886,-1.3191807,-0.67237145,-0.4799548,-1.678288,-1.4988182,-0.9123783,-1.2011871,-0.2308337,0.9758312,-0.9758312,1.3099484,-0.19869977,-1.7890798,-1.0110847,-0.2451535,-2.0091274,0.289027,-0.8164269,-1.0275226,-1.4887635,-0.9511495,1.1993576,0.58778524,-0.809017,-1.0,-1.8369701e-16,0.8660254,0.5,1.0,0.0,0.0,0.0,0.0
2025-09-17 12:00:00,4.0,-0.67389894,-0.95852566,-1.1731274,0.59759504,0.27148765,0.062688306,1.2377585,-0.026667349,0.37524417,0.30056143,0.38373944,0.30477902,-1.7938163,-1.8100711,-0.03823416,-1.5732127,-0.7047825,-1.2317438,-1.8003556,-1.8465017,-1.2979586,-1.3833641,0.5455934,1.2024722,-1.2024722,1.5035046,-0.5848335,-2.005522,-1.1424891,0.05738285,-1.9933351,0.31360027,-1.1963607,-1.4453825,-2.223825,-1.1865917,1.7034234,0.58778524,-0.809017,-1.0,-1.8369701e-16,0.8660254,-0.5,0.0,1.0,0.0,0.0,0.0
2025-09-18 04:00:00,1.0,0.33688107,0.6301181,1.4687529,-0.7518409,-0.7619308,0.055172917,-0.6196006,-0.08437527,-0.23890716,-0.11285779,0.048184715,-0.35337213,-1.4835382,-1.5869766,-0.3063359,-1.3210776,-0.60144156,-0.7595994,-1.399086,-1.3026086,-1.0391542,-1.282154,-1.0533228,0.9897526,-0.9897526,1.7071303,-0.12569787,-1.9969921,-0.9633103,0.23493163,-1.357527,0.33718425,-0.9642677,0.40443328,-0.12393008,-0.9520616,1.3695648,0.58778524,-0.809017,-1.0,-1.8369701e-16,1.2246469e-16,-1.0,0.0,1.0,0.0,0.0,0.0
2025-09-18 08:00:00,4.0,2.5684652,1.7589885,-0.82006395,-1.2217119,0.919445,-1.1890604,-0.6196006,1.829911,1.122022,0.74421847,0.5889955,1.2155526,0.608341,-0.090437986,0.57964915,-0.05964836,0.7873581,0.56207764,-0.7345443,0.9769189,0.9612357,-0.20532784,1.154029,-1.0899025,1.0899025,2.5595984,-0.13426451,-0.40501353,-0.7342351,1.8944907,0.52149665,0.16174959,1.123508,0.8420513,1.9906453,1.1846921,-0.27147546,-0.58778524,-0.809017,-1.0,-1.8369701e-16,0.8660254,0.5,1.0,0.0,0.0,0.0,0.0
2025-09-18 12:00:00,4.0,-0.2783134,-0.5428714,0.976269,-0.29123473,-0.5916953,-0.039936945,1.0604672,-0.18544501,0.46068308,0.38517603,0.3554803,0.44753057,0.38360092,-0.2390463,0.97742957,1.1828154,0.4713315,0.49388775,-0.860928,0.6688788,0.72764444,-0.28771606,-0.48189265,-0.7979437,0.7979437,1.0040972,-0.5353273,-0.6379325,-0.66609716,0.0005417428,0.79922926,0.18503179,0.8891437,-0.5450333,2.0872307,0.8927122,-0.14917432,-0.58778524,-0.809017,-1.0,-1.8369701e-16,0.8660254,-0.5,0.0,1.0,0.0,0.0,0.0
2025-09-19 04:00:00,4.0,-0.4539227,-0.8422387,-0.48921752,0.30301878,-0.5184208,0.58411586,-0.6212178,-0.18462229,0.019326964,0.11895075,0.183551,-0.07200791,0.033784997,-0.4813103,1.0607774,0.9138609,-0.3505567,0.24498804,-0.94902617,0.23641118,0.3599197,-0.4372672,-0.33463028,-0.36073405,0.36073405,1.0739441,-1.1118873,-0.9362278,-0.6570447,-0.034240954,0.26637876,0.2146864,0.48512837,-0.97913,1.4459113,0.46018273,-0.3536983,-0.58778524,-0.809017,-1.0,-1.8369701e-16,1.2246469e-16,-1.0,0.0,1.0,0.0,0.0,0.0
2025-09-19 08:00:00,4.0,0.21302615,-1.104653,-1.3483176,0.4062559,-0.3612551,-1.1770626,-0.6212178,1.5675974,-0.2932324,-0.11789167,-0.0093129305,-0.3959886,0.17367806,-0.36719447,1.159946,1.4099329,-0.11735936,0.829856,-1.0156903,0.34303445,0.45556518,-0.33857545,0.013640464,-0.4823577,0.4823577,0.8837348,-1.13003,-0.91342,-0.5355583,-0.38586518,0.36853835,0.24936517,0.5807565,0.44144872,-0.4184785,0.58927345,-0.5775952,-0.95105654,0.309017,-1.0,-1.8369701e-16,0.8660254,0.5,1.0,0.0,0.0,0.0,0.0
2025-09-19 12:00:00,4.0,-0.46118394,-0.69800466,-0.015848447,0.051508445,-0.06681824,2.8410032,3.0,-0.16896409,-0.32071385,-0.156827,-0.026535597,-0.42636377,-0.20330489,-0.62974554,0.9987355,0.9424853,-0.34094277,0.36662233,-1.1487569,-0.11470807,0.05101833,-0.50880855,0.3973516,-0.042078055,0.042078055,1.0799745,-2.239895,-1.1374006,-0.6114496,0.022800215,-0.072725765,0.11677774,0.1993235,-0.47867596,-0.55590004,0.15352927,-0.8508624,-0.95105654,0.309017,-1.0,-1.8369701e-16,0.8660254,-0.5,0.0,1.0,0.0,0.0,0.0
2025-09-22 04:00:00,4.0,0.6087865,1.3181013,0.6347159,-1.2182959,-0.723971,0.08644549,-0.50629663,-0.16803691,-0.78805256,-0.54140025,-0.36089405,-0.88543165,0.28268754,-0.2774329,1.1043078,-0.22797272,-0.2667544,0.3976097,-1.1968416,0.40570137,0.5285909,-0.23937833,-1.0901402,-0.7525558,0.7525558,-1.4675426,-1.505818,-0.9902215,-0.35533828,-1.5349972,0.27521524,0.048689846,0.66553175,0.55526376,0.22507575,0.616549,-0.8780791,-0.95105654,0.309017,-1.0,-1.8369701e-16,1.2246469e-16,-1.0,0.0,1.0,0.0,0.0,0.0
2025-09-22 08:00:00,4.0,-0.5792107,-0.59503734,-1.1994823,1.2670738,-0.5669895,-0.9234984,-0.50629663,-0.79028827,-0.7039765,-0.5359574,-0.3584293,-0.7556556,-0.21265768,-0.61934966,0.8917682,-0.4049111,0.71668774,0.29996973,-1.0401325,-0.15408406,0.0035576774,-0.4637084,-0.61892974,-0.15054265,0.15054265,-1.2861775,-1.3111145,-1.2634611,-0.4780341,-1.1549491,-0.3184052,0.07225475,0.1101489,-0.4698386,-0.3578641,0.07647551,-0.83957297,0.0,1.0,-1.0,-1.8369701e-16,0.8660254,0.5,1.0,0.0,0.0,0.0,0.0
2025-09-22 12:00:00,3.0,-0.0037104252,0.07170706,-0.5388029,1.9299219,-0.22933874,-0.12397429,0.71819156,-0.2625238,-0.784446,-0.65305537,-0.47652638,-0.7899369,-0.25362435,-0.6399048,0.7245508,-0.13247049,0.72260183,0.04485795,-1.1314882,-0.16271566,-0.008055579,-0.43517622,0.12578623,-0.07945421,0.07945421,-1.3183132,-1.295958,-1.3023754,-0.4369435,-0.93887717,-0.42536572,0.4220695,0.12333423,-0.95179546,-0.03453815,0.018972687,-1.2263259,0.0,1.0,-1.0,-1.8369701e-16,0.8660254,-0.5,0.0,1.0,0.0,0.0,0.0
2025-09-23 04:00:00,4.0,0.23154987,0.5795377,1.0458941,-0.060142398,-0.9736848,-0.1900812,-0.517667,-0.20366526,-1.2951884,-1.0928003,-0.8579423,-1.3069141,-0.071389385,-0.5046285,0.6903712,-0.12389138,1.1952375,0.41507372,-0.9994024,0.0076562287,0.13854413,-0.31970325,-1.7279152,-0.22221549,0.22221549,-1.2595044,-0.9223434,-1.3665861,-0.20238456,-1.1362907,-0.02056749,0.7991969,0.2691816,0.5603037,-0.32184777,0.15588173,-0.75669616,0.0,1.0,-1.0,-1.8369701e-16,1.2246469e-16,-1.0,0.0,1.0,0.0,0.0,0.0
2025-09-23 08:00:00,4.0,1.1085697,-0.044756774,0.657551,0.693062,-0.89103514,-0.8979496,-0.517667,2.2819629,-0.94846743,-0.97307605,-0.8753652,-0.7601428,0.9336536,0.23749974,1.0563318,0.8218249,1.5894028,0.8477889,-0.62648815,0.9261289,1.0564222,0.3537465,-1.5565314,-1.4020452,1.4020452,-0.84074277,-0.7879711,-0.7082206,0.047412127,-0.8382742,0.89897454,0.80192214,1.2306061,1.0345004,1.0155746,1.0240011,-0.6308775,0.95105654,0.309017,-1.0,-1.8369701e-16,0.8660254,0.5,1.0,0.0,0.0,0.0,0.0
2025-09-23 12:00:00,4.0,-1.1278441,-0.77372426,-0.03519262,-0.22701228,2.0888042,0.48896652,1.5848985,-0.23437266,0.73498243,0.24633224,0.06916759,1.0031276,-0.11301186,-0.49706435,0.7308076,-0.22892709,-0.4086196,0.30315366,-0.9209404,-0.1278063,0.057902027,-0.11832457,1.4482199,-0.21959779,0.21959779,-0.32926315,-0.97734696,-0.807445,-0.7088649,0.822758,0.18319312,0.84574586,0.2003045,-0.47506112,0.12622733,0.015903426,-0.80898285,0.95105654,0.309017,-1.0,-1.8369701e-16,0.8660254,-0.5,0.0,1.0,0.0,0.0,0.0
2025-09-24 04:00:00,4.0,1.0764774,1.5318792,0.31461707,-1.2319225,0.3903306,0.18236679,-0.5272673,-0.23484692,0.6567736,0.25583076,0.036172386,0.8991725,0.793538,0.22098967,0.91515344,0.7743604,0.3316992,0.6699978,-0.7328979,0.78182197,0.8475813,0.48002794,0.5390721,-1.226115,1.226115,-0.18829076,-0.57901907,-0.29817754,-0.44625768,0.93909836,0.63804317,0.8362954,0.9564889,0.55526376,0.75290006,1.1480637,-1.2952167,0.95105654,0.309017,-1.0,-1.8369701e-16,1.2246469e-16,-1.0,0.0,1.0,0.0,0.0,0.0
2025-09-24 08:00:00,4.0,-0.688646,0.018414421,0.53867626,0.92079693,-0.5002732,-0.9438047,-0.5272673,-1.7597836,0.40291196,0.17648153,0.031056747,0.5385827,0.17270057,-0.24247307,0.7516368,0.35550776,0.20328759,-0.12116565,-0.94448423,0.16676116,0.3210291,0.19805905,-0.7511255,-0.2129974,0.2129974,0.095143154,-0.48704794,-0.6430882,-0.6396544,0.92401147,0.11151014,0.8309725,0.3896175,-0.44460076,-0.6742989,0.43616828,-0.65563715,0.58778524,-0.809017,-1.0,-1.8369701e-16,0.8660254,0.5,1.0,0.0,0.0,0.0,1.0
2025-09-24 12:00:00,4.0,-0.3313287,-0.7252935,0.15238862,-0.24169041,-0.5016199,-0.09894246,0.7071692,-0.18444851,-0.22810195,-0.24537112,-0.2639683,-0.12432346,-0.13578492,-0.4730979,0.5007202,0.016304644,-0.09683246,-0.18097748,-0.8411716,-0.14761259,0.057840448,0.06256927,-0.81096125,0.7204575,-0.7204575,0.124098346,-0.6020987,-0.9326057,-0.61230147,1.011173,-0.048295572,0.8313888,0.14783679,-0.95303184,-0.016850108,0.05847953,-0.42284304,0.58778524,-0.809017,-1.0,-1.8369701e-16,0.8660254,-0.5,0.0,1.0,0.0,0.0,1.0
2025-09-25 04:00:00,4.0,-0.18547346,-0.26794493,1.3398908,-0.28939864,-0.24712956,0.15088458,-0.5290918,-0.24315706,-0.49728462,-0.46508932,-0.43749222,-0.38896972,-0.32550672,-0.6063279,0.234785,-0.7556866,0.05504325,-0.2386329,-0.6915284,-0.32863846,-0.08601677,-0.02641718,0.00247949,1.0457633,-1.0457633,-0.4323245,-0.7766134,-1.088188,-0.5864727,0.5165038,-0.2169844,0.8139678,-0.046501152,-1.4488561,-0.9688446,-0.17721982,-0.31505093,0.58778524,-0.809017,-1.0,-1.8369701e-16,1.2246469e-16,-1.0,0.0,1.0,0.0,0.0,1.0
2025-09-25 08:00:00,4.0,-0.777087,-0.34058556,-0.7103162,1.1607299,1.1355956,-0.93395895,-0.5290918,-1.0137523,0.49036375,0.30641973,0.20030624,0.5553363,-0.95264906,-1.1165241,-0.20616114,-0.53530955,-0.692915,-0.81187487,-1.160997,-1.0593289,-0.5766582,-0.37762702,1.1533698,0.7142357,-0.7142357,-0.6392954,-0.6878987,-1.1914814,-1.1649657,-0.11628734,-1.2648784,0.17205584,-0.60127646,-1.8677222,-0.9461443,-0.63259166,-0.14928722,-0.58778524,-0.809017,-1.0,-1.8369701e-16,0.8660254,0.5,1.0,0.0,0.0,0.0,1.0
2025-09-25 12:00:00,4.0,-1.8339018,-1.5099951,-1.0204232,-0.926673,1.8744696,0.22643335,1.0804455,-0.06426028,1.6633532,1.3786691,1.2120395,1.4656371,-2.0595617,-2.1527133,-0.9922558,-2.2086403,-1.3754305,-0.5845038,-1.5113367,-2.0592206,-1.7315505,-1.2208004,1.2874124,1.5995686,-1.5995686,-0.7616707,-0.84365994,-1.6428457,-2.0852053,0.6022124,-1.7622331,0.20527922,-1.7556753,-2.2330391,-1.6130629,-1.5335898,0.23120134,-0.58778524,-0.809017,-1.0,-1.8369701e-16,0.8660254,-0.5,0.0,1.0,0.0,0.0,1.0
2025-09-26 04:00:00,4.0,1.2897003,1.6780837,-1.1629117,-0.3136745,0.55444425,0.28703284,-0.53391916,-0.318031,1.4876531,1.3493117,1.1964074,1.2738218,-0.89961004,-1.2368994,-1.0212607,-1.0387877,-0.6614624,0.035625074,-1.2914796,-0.96867895,-0.80685186,-0.5279872,0.5605356,0.56980175,-0.56980175,0.4217024,-0.40725815,-1.0882424,-1.7026124,0.8602222,-1.4030994,0.44234908,-0.78236604,0.69865566,-0.47666106,-0.4819997,-0.56206626,-0.58778524,-0.809017,-1.0,-1.8369701e-16,1.2246469e-16,-1.0,0.0,1.0,0.0,0.0,1.0
2025-09-26 08:00:00,4.0,3.0,1.6895405,-0.5041014,-0.93778646,1.3013912,-0.9379902,-0.53391916,3.0,3.0,2.8202474,2.3680534,2.7889836,1.4932485,1.0184572,0.097749084,1.120628,1.0715951,1.8913921,-0.5111127,1.4040468,1.3381611,1.3142824,1.091504,-1.8599538,1.8599538,1.7944946,-0.31475428,0.7572094,-1.150506,3.0,1.1108973,0.4627398,1.3947998,1.1545045,1.982934,2.005623,-1.9546608,-0.95105654,0.309017,-1.0,-1.8369701e-16,0.8660254,0.5,1.0,0.0,0.0,0.0,1.0
2025-09-26 12:00:00,4.0,-0.089046136,-0.0044808667,-0.4453237,1.5657909,-0.014549975,0.04780325,0.8419245,-0.3276935,2.254199,2.2931833,2.123372,1.8332827,1.4493055,1.0101231,0.66686153,1.2134495,0.44478992,1.7192808,-0.91611564,1.275912,1.2403241,1.3651232,0.2090972,-1.7428689,1.7428689,1.7322161,-0.51372534,0.6965211,-1.0887405,2.709672,1.2224281,0.38214228,1.2706228,-0.2936006,2.6616118,1.8879558,-1.6858623,-0.95105654,0.309017,-1.0,-1.8369701e-16,0.8660254,-0.5,0.0,1.0,0.0,0.0,1.0
2025-09-29 04:00:00,4.0,-0.7087209,-0.73872644,0.6625782,-0.73040855,0.46056464,0.4489136,-0.5303932,-0.43919307,1.8712021,2.1288612,2.1571474,1.3655736,0.8686972,0.49583846,0.78847647,1.201134,0.6531674,0.19199665,-0.84817374,0.6866744,0.74700534,0.9942857,0.5791285,-1.1181661,1.1181661,2.1214883,-0.8843475,0.371637,-1.3376162,1.7733957,1.0642933,0.39587268,0.72385323,-0.77136934,1.2900625,1.2466125,-1.6457093,-0.95105654,0.309017,-1.0,-1.8369701e-16,1.2246469e-16,-1.0,0.0,1.0,0.0,0.0,1.0
2025-09-29 08:00:00,4.0,0.2593287,-0.94452786,0.91090703,-1.3783662,-0.36047184,-0.977698,-0.5303932,1.6574153,1.3142133,1.7333798,1.8948679,0.804213,1.0577899,0.72477704,0.91667724,2.3469791,0.20368513,0.46994975,-0.96694684,0.91704744,0.9360444,1.2214894,0.019209726,-1.2651542,1.2651542,1.1973083,-0.80833894,0.44471568,-1.165395,0.70215505,1.3513019,0.5472157,0.9111496,0.69017255,-0.40557453,1.39894,-1.554875,0.0,1.0,-1.0,-1.8369701e-16,0.8660254,0.5,1.0,0.0,0.0,0.0,1.0
2025-09-29 12:00:00,4.0,-0.49627146,-0.62056506,1.2593222,-1.0223639,0.37001178,-0.29864514,0.3416407,-0.11080541,1.1755233,1.6581621,1.9421558,0.59678257,0.6242617,0.3196494,0.7941437,1.297216,0.3018598,0.44938233,-1.1500688,0.44397682,0.5594141,0.9781435,0.54432356,-0.8285964,0.8285964,1.3466399,-0.919082,0.18921441,-1.4340699,0.5490117,0.8607932,0.56022614,0.54560226,-0.26283377,-0.6397206,0.9554078,-1.4879546,0.0,1.0,-1.0,-1.8369701e-16,0.8660254,-0.5,0.0,1.0,0.0,0.0,1.0
2025-09-30 04:00:00,4.0,-0.04742087,-0.04466668,0.047866296,1.017241,-0.8894717,0.19466622,-0.5307696,-0.28054243,0.40620172,1.059011,1.494069,-0.17743142,0.5639504,0.2841188,0.68362314,-0.65586436,0.48200917,0.3262297,-1.2461573,0.387307,0.5202135,1.0598733,-1.2006785,-0.7441049,0.7441049,-1.5267428,-1.2486031,-0.07018102,-1.3615962,-1.1842456,0.26338983,0.5945553,0.472282,-0.7298874,-0.27103692,0.87373453,-1.6080565,0.0,1.0,-1.0,-1.8369701e-16,1.2246469e-16,-1.0,0.0,1.0,0.0,0.0,1.0
2025-09-30 08:00:00,4.0,0.39680502,2.1734614,-1.1133525,-1.3233328,-0.45165133,-1.3013653,-0.5307696,-2.0223851,0.037779182,0.6838287,1.1427758,-0.5052098,0.8799229,0.68743247,0.6800639,-0.38095143,0.8377227,0.77582985,-0.36614233,0.69299906,0.7799841,1.3588039,-0.14859575,-1.0403153,1.0403153,-1.2533492,-0.9367908,0.0272769,-0.90932727,-1.166685,0.32036805,0.6085987,0.7823271,0.75997204,-0.18575712,1.1066036,-1.3312865,0.95105654,0.309017,-1.0,-1.8369701e-16,0.8660254,0.5,1.0,0.0,0.0,0.0,1.0
2025-09-30 12:00:00,1.0,-0.06790814,-0.037939396,1.6338824,-0.09852052,-1.3979098,0.3296504,0.7463617,-0.3244006,-0.73614913,-0.016731719,0.5120376,-1.2733394,0.7499258,0.5698773,0.6387179,0.016922692,1.2459096,0.42572305,-0.0054906127,0.6017961,0.69754225,1.1981183,-1.9259295,-0.92996144,0.92996144,-1.4895477,-0.97883946,-0.40890086,-0.42642206,-1.5553598,0.6984709,0.606737,0.7413468,-0.2516043,0.05854711,0.9940633,-1.446824,0.95105654,0.309017,-1.0,-1.8369701e-16,0.8660254,-0.5,0.0,1.0,0.0,0.0,1.0
2025-10-01 04:00:00,1.0,1.0828813,1.4324043,-1.1548859,0.059052635,0.58687246,1.1313323,-0.52630967,-0.26707777,-0.30527407,0.1452611,0.5499253,-0.690082,1.7353526,1.7042439,0.9218481,0.51997304,2.848018,1.2798944,0.67654574,1.5325959,1.5660264,2.0498266,0.87088454,-1.7220361,1.7220361,-0.89029884,-0.28883862,0.51811343,0.07996537,-1.171162,1.1173754,1.9217538,1.497273,0.7279616,0.831854,1.7804848,-1.3446659,0.95105654,0.309017,-1.0,-1.8369701e-16,1.2246469e-16,-1.0,0.0,1.0,0.0,0.0,1.0
2025-10-01 08:00:00,1.0,-0.3342709,0.045544785,-0.91551536,2.1157725,-0.6195592,-1.2950172,-0.52630967,-0.8524517,-0.34772968,0.046722364,0.46189386,-0.70989466,1.3260208,1.2783518,0.9793843,0.6918926,1.9052379,1.1057904,0.6737373,1.1303384,1.2092215,1.6914783,-0.28808737,-1.4134343,1.4134343,-1.022052,-0.16712315,0.20964977,-0.032515697,-1.1979948,0.96603286,1.8681551,1.2029605,-0.32215536,0.31628454,1.4679701,-1.3190334,0.58778524,-0.809017,-0.8660254,0.5,0.8660254,0.5,1.0,0.0,0.0,0.0,0.0
2025-10-01 12:00:00,1.0,1.5168729,1.6144359,-0.43565574,-0.8695869,1.4022404,1.0036258,1.3768755,-0.34367836,0.45654944,0.55754006,0.79083246,0.24055283,2.4570343,2.647357,1.4150817,1.751621,0.80980057,1.7226973,0.6457019,2.1623828,2.2372441,2.6772294,1.3821707,-1.8987303,1.8987303,-0.61658114,0.452219,1.6122047,0.40666142,-0.3108949,2.0550108,1.7865477,2.1044602,0.7226729,1.2938136,2.0311863,-1.3218417,0.58778524,-0.809017,-0.8660254,0.5,0.8660254,-0.5,0.0,1.0,0.0,0.0,0.0
2025-10-02 04:00:00,4.0,0.5128571,1.0807241,-0.79493374,0.35060176,-0.8389478,1.2461765,-0.5275457,-0.17594276,-0.06499096,0.14602807,0.40755123,-0.2891595,2.621496,2.8538263,1.9009674,1.7871147,1.1907557,1.4017165,1.3858497,2.2179036,2.5209885,2.8539581,-0.3622797,-1.983911,1.983911,-0.58520347,1.1701785,1.84029,1.0519935,-0.3524247,2.4082928,1.7685183,2.268855,1.2047013,0.8302415,2.1014922,-1.6299491,0.58778524,-0.809017,-0.8660254,0.5,1.2246469e-16,-1.0,0.0,1.0,0.0,0.0,0.0
2025-10-02 08:00:00,4.0,1.9692521,1.1944802,0.68605745,-1.0318078,1.4339767,-1.2954679,-0.5275457,1.7521913,1.3521407,1.1676203,1.1584786,1.262443,3.0,3.0,2.466927,2.9231546,2.7090201,2.7574384,2.370443,2.684601,3.0,3.0,1.2842708,-1.6207165,1.6207165,-0.31407017,1.1829424,3.0,1.2180722,1.3490078,3.0,1.5736092,3.0,1.6487496,1.9488326,1.7259237,-0.75263506,-0.58778524,-0.809017,-0.8660254,0.5,0.8660254,0.5,1.0,0.0,0.0,0.0,0.0
2025-10-02 12:00:00,4.0,2.0417004,1.9860363,-1.2749848,-1.1680744,1.6851751,1.0483084,1.4396893,-0.22867723,1.74239,1.5240351,1.3917744,1.6558645,3.0,3.0,3.0,3.0,3.0,3.0,3.0,2.6744323,3.0,3.0,1.4887762,-1.9045107,1.9045107,-0.07473322,1.8166724,3.0,1.8828269,1.5737336,2.916264,1.4661682,3.0,2.0539415,1.7248195,1.9965445,-0.24297771,-0.58778524,-0.809017,-0.8660254,0.5,0.8660254,-0.5,0.0,1.0,0.0,0.0,0.0
2025-10-03 04:00:00,4.0,0.23981476,0.67146677,-0.23853026,0.6515314,-1.009252,1.5669122,-0.5352249,-0.1794254,0.7706627,0.87857175,0.8934637,0.6236263,3.0,3.0,3.0,3.0,3.0,3.0,3.0,2.1300807,3.0,3.0,-0.65735996,-1.7411237,1.7411237,-0.45745137,2.4455805,3.0,2.4536424,1.1332612,2.3485272,1.4706346,3.0,2.4258325,1.4966267,1.8425119,-0.44663233,-0.58778524,-0.809017,-0.8660254,0.5,1.2246469e-16,-1.0,0.0,1.0,0.0,0.0,0.0
2025-10-03 08:00:00,4.0,-0.36348566,-1.6111543,-1.2324646,-0.76594734,-0.7677612,-1.2734398,-0.5352249,1.0936728,0.21535575,0.48390815,0.6125325,0.0010949213,2.8331716,3.0,3.0,2.191637,3.0,2.8776412,2.601323,1.6645377,2.988139,3.0,-0.0005136858,-1.361693,1.361693,0.034747664,2.181251,2.7850075,2.5091243,0.1839462,1.7716343,1.6381615,2.8810532,-0.47867596,0.36156327,1.5245637,-0.5608463,-0.95105654,0.309017,-0.8660254,0.5,0.8660254,0.5,1.0,0.0,0.0,0.0,0.0
2025-10-03 12:00:00,4.0,-0.27557895,-0.4596237,1.3897778,-0.51697344,-1.5293964,0.8529901,1.4464417,-0.3390933,-0.659429,-0.22967765,0.023002438,-0.94597334,2.4893029,2.771442,3.0,1.7602369,2.7602665,2.6617928,2.5432882,1.3649151,2.6920056,2.9181905,-1.788553,-1.2361776,1.2361776,0.23837775,1.510049,2.4658275,2.8751895,-0.14130849,1.3326111,1.6777958,2.4851773,-0.95173043,-0.5155549,1.4101145,-0.74915546,-0.95105654,0.309017,-0.8660254,0.5,0.8660254,-0.5,0.0,1.0,0.0,0.0,0.0
2025-10-06 04:00:00,4.0,0.21405254,1.0212852,-1.2645911,0.7298823,-1.3284466,2.4050672,-0.5427931,-0.23461175,-1.2928061,-0.8579534,-0.56733644,-1.5903524,2.4521205,2.6886737,2.9108012,0.9268143,2.7412024,2.8450663,3.0,1.2562987,2.7048707,2.9466696,-1.7559279,-1.3644234,1.3644234,-0.10910669,2.2052581,2.4286883,3.0,-1.5131663,1.0911595,1.8768194,2.3418403,0.47867596,-0.507823,1.4919287,-1.2068638,-0.95105654,0.309017,-0.8660254,0.5,1.2246469e-16,-1.0,0.0,1.0,0.0,0.0,0.0
2025-10-06 08:00:00,4.0,-0.13010323,-0.020173423,1.2819077,0.53421926,-0.8092321,-1.1342686,-0.5427931,-0.25344586,-1.5172776,-1.190728,-0.91183734,-1.7558331,2.2803264,2.4825778,2.4788148,-0.15878476,2.1558154,3.0,2.352386,1.1089157,2.3588662,2.7482746,-1.1193012,-1.3064272,1.3064272,-1.5042869,1.8740809,2.2632756,3.0,-2.0219865,0.95084167,2.1490743,2.0821626,-0.47867596,-0.28177148,1.4292458,-2.5977752,0.0,1.0,-0.8660254,0.5,0.8660254,0.5,1.0,0.0,0.0,0.0,0.0
2025-10-06 12:00:00,4.0,1.0807986,1.7072687,-1.2243375,-0.7951153,0.1412158,-0.2461571,0.47695857,-0.19663803,-1.2324516,-1.153109,-1.0261439,-1.2655036,2.4370399,2.6536498,2.2254725,0.23166798,2.5521944,2.866881,2.468692,1.2300898,2.5426874,2.891946,0.49857363,-1.6170015,1.6170015,-0.76627535,1.7836695,2.50247,3.0,-1.5569711,0.9271789,2.6133742,2.3028297,0.506125,0.30645874,1.6465862,-1.902974,0.0,1.0,-0.8660254,0.5,0.8660254,-0.5,0.0,1.0,0.0,0.0,0.0
2025-10-07 04:00:00,4.0,-0.29963818,-0.46153915,0.31010598,0.4107475,-0.7148084,0.49602017,-0.54596865,-0.19714694,-1.4383843,-1.4167721,-1.3106152,-1.4560721,2.1531425,2.3742008,1.9094118,0.2741465,1.8355842,1.7821968,2.0298576,1.0157139,2.2121418,2.6385965,-1.0705938,-1.3603795,1.3603795,-0.45611987,1.2889467,2.1483235,3.0,-1.4936321,0.8351502,3.0,1.9845232,-0.44867116,0.014709188,1.3905979,-0.18120325,0.0,1.0,-0.8660254,0.5,1.2246469e-16,-1.0,0.0,1.0,0.0,0.0,0.0
2025-10-07 08:00:00,4.0,-0.907853,-1.1157888,0.3454217,-0.9910129,-0.07208097,-1.1297363,-0.54596865,-0.50306,-1.264163,-1.3507228,-1.2805079,-1.2067885,1.5233934,1.8581967,1.2276577,-0.01260006,1.3156341,1.5589927,1.9605187,0.7160536,1.5476005,2.149345,0.3788848,-0.9893399,0.9893399,-0.076165766,1.1668098,1.6949224,2.711323,-1.003524,0.63578415,3.0,1.3510414,-0.93343,-0.7382863,1.0355753,-1.3308575,0.95105654,0.309017,-0.8660254,0.5,0.8660254,0.5,1.0,0.0,0.0,0.0,0.0
2025-10-07 12:00:00,4.0,0.43972075,0.68646127,1.2027284,-0.6459152,0.8880761,-0.19591144,0.52647686,-0.2719926,-0.72419196,-0.99316955,-1.0606678,-0.47628903,1.6217631,1.923802,0.7341413,0.09042269,0.7568166,1.8530766,2.1312842,0.7335355,1.4956721,2.077824,0.9698074,-1.1447892,1.1447892,0.08906119,1.1981297,1.8470752,2.422932,-0.19762819,0.58920705,3.0,1.2717073,0.5313855,-0.9087001,1.187116,-0.8983333,0.95105654,0.309017,-0.8660254,0.5,0.8660254,-0.5,0.0,1.0,0.0,0.0,0.0
2025-10-08 04:00:00,3.0,-0.49313387,-0.68991184,0.6749076,-0.33896628,-0.55484957,-0.06833844,-0.5472747,-0.32909396,-0.9808175,-1.1965388,-1.2553437,-0.77858317,1.3192679,1.6626536,0.25803915,-0.08016309,-0.17776753,1.6456398,1.9704183,0.5528468,1.1382929,1.8718227,-0.62528485,-0.9126368,0.9126368,0.1372578,0.8998104,1.598186,2.3430328,-0.13803957,0.4797193,3.0,0.99754775,-0.48966807,-1.0665169,1.0055425,0.22283731,0.95105654,0.309017,-0.8660254,0.5,1.2246469e-16,-1.0,0.0,1.0,0.0,0.0,0.0
2025-10-08 08:00:00,3.0,0.31054053,1.5606987,-0.6853453,-0.9397798,-0.59483105,-1.115236,-0.5472747,-0.94787765,-1.2415969,-1.4437484,-1.5384763,-1.0510753,1.4037988,1.7108886,-0.045340143,-0.4471561,-0.15977174,1.854414,1.9454873,0.5650134,1.1689652,1.9495058,-0.99815714,-1.010827,1.010827,-0.48433095,0.81075585,1.6961291,2.526226,-0.48475647,0.41980675,3.0,1.1643648,0.5234383,-0.08445161,1.1364485,0.57158834,0.58778524,-0.809017,-0.8660254,0.5,0.8660254,0.5,1.0,0.0,0.0,0.0,0.0
2025-10-08 12:00:00,4.0,-0.040614802,0.17488536,1.6941353,-0.07840774,-0.32777274,-0.32092366,0.35544634,-0.2531793,-1.2799972,-1.516712,-1.65544,-1.0544724,1.3864765,1.6676201,-0.33782104,-0.3311936,-0.037493788,1.8663054,2.1144001,0.5017338,0.9937719,1.8854501,-0.21202603,-0.91577774,0.91577774,-0.4843675,0.85602635,1.6608808,2.4837115,-0.3244529,0.43764234,2.2218256,0.94175357,0.99806607,-0.28516033,1.1458848,0.91501504,0.58778524,-0.809017,-0.8660254,0.5,0.8660254,-0.5,0.0,1.0,0.0,0.0,0.0
2025-10-09 04:00:00,4.0,1.2779292,1.5704458,-1.1631361,-0.61687744,1.0229897,0.6431431,-0.5380617,-0.2531793,-0.70979327,-1.1351261,-1.4342583,-0.21111318,1.7269425,1.9586762,-0.2085708,0.7155049,0.51974595,2.040593,2.1596055,0.7807602,1.3583894,2.068549,1.0712913,-1.3440843,1.3440843,-0.25845093,1.0836974,1.8566624,2.390048,0.16270587,0.5623993,2.0421464,1.4610242,1.4600735,0.6866989,1.3609778,1.3844924,0.58778524,-0.809017,-0.8660254,0.5,1.2246469e-16,-1.0,0.0,1.0,0.0,0.0,0.0
2025-10-09 08:00:00,4.0,0.6123214,0.29247543,1.8317231,-0.5459976,-0.4725701,-1.0956254,-0.5380617,1.1288537,-0.55114913,-1.0070448,-1.3695179,0.034521926,1.8241082,2.0356147,-0.0017090226,0.7949859,0.6567907,2.1356516,2.0868864,0.9072963,1.3992794,2.0896652,-0.27447176,-0.7563022,0.7563022,-0.18964887,1.0083023,1.5345567,2.3251655,-0.042685505,0.8977494,1.9780504,1.6208891,1.892955,0.7513067,1.1035103,1.5348827,-0.58778524,-0.809017,-0.8660254,0.5,0.8660254,0.5,1.0,0.0,0.0,0.0,0.0
2025-10-09 12:00:00,4.0,0.9696171,1.368211,-0.55577004,-0.81919855,0.58492863,0.2665673,1.0676819,-0.1953593,-0.39877594,-0.88351804,-1.315201,0.28126213,1.961743,2.1674047,0.33373183,1.470852,1.0410264,2.0340276,2.2510462,1.1154456,1.6010889,2.177466,0.6840896,-1.1338677,1.1338677,-0.6268467,1.1899812,1.640722,2.330868,0.42140955,1.1063017,1.8601819,1.72597,2.231102,1.0556157,1.2151564,1.8140062,-0.58778524,-0.809017,-0.8660254,0.5,0.8660254,-0.5,0.0,1.0,0.0,0.0,0.0
2025-10-10 04:00:00,4.0,-1.5213618,-1.5170588,-1.0393386,-0.5236349,1.2305622,0.1522336,-0.53842485,-0.14124253,0.15669256,-0.36447236,-0.79758143,0.83599055,1.0656829,1.485629,-0.03714497,0.59162205,0.10955394,1.7039236,1.7922366,0.6380271,0.6145947,1.5333728,1.2100753,-0.07727343,0.07727343,0.8232013,0.85455906,1.1068103,1.6135014,1.1935971,0.9184642,1.6667576,0.77370304,-0.5320407,-0.8842316,0.6996526,2.1653721,-0.58778524,-0.809017,-0.8660254,0.5,1.2246469e-16,-1.0,0.0,1.0,0.0,0.0,0.0
2025-10-10 08:00:00,4.0,-0.06433069,0.7381382,-0.5492809,0.51843476,-1.1297005,-1.0781275,-0.53842485,-0.6910099,-0.5923009,-0.8673194,-1.1994476,-0.113081746,1.0556656,1.4514227,-0.28771856,0.5780214,0.194442,1.3267583,1.8438413,0.63107175,0.533339,1.5627582,-1.5528258,-0.13475557,0.13475557,0.88307995,0.80807453,1.0675014,1.8740993,0.736948,0.69287306,1.7509365,0.6973013,0.3782837,-1.099742,0.6375224,2.3337898,-0.95105654,0.309017,-0.8660254,0.5,0.8660254,0.5,1.0,0.0,0.0,0.0,0.0
2025-10-10 12:00:00,4.0,-0.47113246,-0.6472969,-0.038700026,0.65754336,-0.4807417,-0.06507531,0.57698834,-0.288947,-0.8548874,-1.0546361,-1.3359742,-0.45795938,0.8389647,1.2699673,-0.6727781,-0.2425197,0.34882668,1.0925936,1.6929313,0.48425582,0.21360834,1.410732,-0.50132173,0.18934937,-0.18934937,0.4695533,0.47998148,0.89502585,1.8505331,-0.024736522,0.5239138,1.7701555,0.23684023,-0.5320407,-1.6874657,0.34062752,2.3465803,-0.95105654,0.309017,-0.8660254,0.5,0.8660254,-0.5,0.0,1.0,0.0,0.0,0.0
2025-10-13 04:00:00,4.0,-1.9908007,-1.3348476,0.18114367,-1.1413343,2.7141058,0.82626885,-0.53374195,-0.22974734,0.83242154,0.29275447,-0.12769796,1.4227762,-0.15022123,0.49626172,-1.4514049,-1.488032,-0.5644029,0.14025909,1.2891527,-0.6695571,-0.8126742,0.6002087,1.645094,1.856687,-1.856687,0.8885257,-0.25266805,0.33996433,0.69371355,1.1022455,-0.12577198,1.257683,-0.8137212,-0.96221423,-1.7975888,-0.9042865,3.0,-0.95105654,0.309017,-0.8660254,0.5,1.2246469e-16,-1.0,0.0,1.0,0.0,0.0,0.0
2025-10-13 08:00:00,4.0,1.0908228,0.3901157,-0.0025519205,0.893265,-3.252354e-05,-1.0505655,-0.53374195,2.1483746,0.7133944,0.29290134,-0.14231221,1.237256,0.2610424,0.7974537,-1.5828227,-1.3779166,0.03133072,-0.09835434,1.4177536,0.051919583,-0.31420523,0.8382135,0.26007864,0.83443487,-0.83443487,1.2784324,-0.35143596,0.7515319,0.88917196,0.9591498,-0.07926807,1.3110399,-0.25664297,0.44503543,-1.169955,-0.69252485,1.9957663,0.0,1.0,-0.8660254,0.5,0.8660254,0.5,1.0,0.0,0.0,0.0,0.0
2025-10-13 12:00:00,4.0,-0.25655818,-0.3974244,0.59940726,0.6360626,-0.71370465,-0.27868477,0.25791594,-0.22475134,-0.0501126,-0.19756883,-0.49657872,0.29886073,0.18418778,0.72087646,-1.7475146,-0.7916313,-0.17884712,-0.22224493,1.1779999,-0.075751714,-0.39670724,0.81041354,-1.3001668,0.9317908,-0.9317908,0.9205717,-0.6500519,0.6308542,1.0699089,-0.009980122,-0.074016236,1.3098854,-0.36718655,-0.46595383,-0.96066445,-0.7834005,1.8516135,0.0,1.0,-0.8660254,0.5,0.8660254,-0.5,0.0,1.0,0.0,0.0,0.0
2025-10-14 04:00:00,4.0,0.59559745,1.149846,-0.29866454,-0.63188773,0.10443917,0.04876499,-0.5358178,-0.3390703,-0.22943091,-0.34038955,-0.63284045,0.10773302,0.41589925,0.8830914,-1.6150874,-0.47590876,0.06407563,0.016830517,1.3043082,0.34192747,-0.10737296,0.950758,0.40884262,0.2907553,-0.2907553,1.0776612,-0.17921491,0.86294967,1.2442446,0.4263888,0.15851688,1.1380303,-0.0130285965,0.48195794,0.81636155,-0.19619645,1.9232236,0.0,1.0,-0.8660254,0.5,1.2246469e-16,-1.0,0.0,1.0,0.0,0.0,0.0
2025-10-14 08:00:00,4.0,-3.0,-0.82621473,-1.052918,1.1306918,0.52356565,-0.9938307,-0.5358178,-3.0,2.672755,2.1081474,1.6308225,2.7425528,-0.9043828,-0.2714318,-1.9510887,-1.8502086,-1.6744503,-0.77096474,0.6960356,-1.7711246,-1.4114547,-0.13521358,0.6778388,1.8695288,-1.8695288,1.6241646,-0.31339148,0.052317984,-0.2993041,2.8431413,-1.6755172,-0.035086717,-1.5458179,-0.49292648,-1.6468649,-1.9763823,-0.021112796,0.95105654,0.309017,-0.8660254,0.5,0.8660254,0.5,1.0,0.0,0.0,0.0,0.0
2025-10-14 12:00:00,4.0,-0.94490373,-0.9077734,-1.2081347,1.0018859,1.673866,1.1931597,1.3189993,0.0069613117,2.6918476,2.4356596,2.1158624,2.4524107,-1.1580428,-0.5502766,-2.2896402,-1.3944404,-2.1851053,-1.0713531,0.4293795,-1.9762726,-1.6222737,-0.3757347,1.4612201,1.7035086,-1.7035086,1.3121063,-1.0478882,-0.16148597,-0.5556549,1.6139288,-1.9356456,-0.67121446,-1.7966648,-0.94797504,-1.8573235,-1.7990412,-0.38635185,0.95105654,0.309017,-0.8660254,0.5,0.8660254,-0.5,0.0,1.0,0.0,0.0,0.0
2025-10-15 04:00:00,4.0,0.62901646,0.93685764,-1.006595,0.4863963,0.20201854,1.6452305,-0.53987235,-0.081955254,1.9402086,2.0032113,1.8478043,1.6514896,-0.8936351,-0.3558126,-2.3173058,-1.5639969,-2.1903503,-0.87771326,0.9527439,-1.4979464,-1.35579,-0.25478712,0.5390786,1.3784313,-1.3784313,1.0640997,0.0875067,-0.011674297,-0.37152776,1.25442,-1.5777745,-0.9317054,-1.4172081,0.48195794,-1.770641,-1.4719211,-0.36803558,0.95105654,0.309017,-0.8660254,0.5,1.2246469e-16,-1.0,0.0,1.0,0.0,0.0,0.0
2025-10-15 08:00:00,4.0,0.055714637,-0.42294848,0.06749853,1.2064708,-0.75099045,-1.1916249,-0.53987235,0.526476,1.0156184,1.3615512,1.3894787,0.6784882,-0.8513615,-0.32959104,-2.2832475,-1.4172512,-1.6387248,-1.1146157,0.96882755,-1.3263586,-1.3040594,-0.24639003,-0.80685353,1.3106391,-1.3106391,1.2054809,0.12437373,-0.08250685,-0.1804748,1.1957055,-1.2417393,-0.9386699,-1.3953654,0.9322749,0.08436896,-1.4041399,-0.48132703,0.58778524,-0.809017,-0.8660254,0.5,0.8660254,0.5,1.0,0.0,0.0,0.0,0.0
2025-10-15 12:00:00,4.0,0.33156592,0.8978654,0.35762176,-0.66171753,-0.78665775,-0.032931887,0.37227485,-0.095332175,0.30755118,0.7960623,0.94061726,-0.054668214,-0.70142543,-0.21922526,-2.1193745,-1.525143,-1.4821408,-0.9696911,1.1474906,-1.0879556,-1.14882,-0.16504571,-1.0140892,1.1086622,-1.1086622,1.0891546,0.51567185,-0.05432617,0.07274027,0.78905743,-1.0284523,-0.94538116,-1.2262847,1.3700498,0.6926217,-1.2014143,-0.44078222,0.58778524,-0.809017,-0.8660254,0.5,0.8660254,-0.5,0.0,1.0,0.0,0.0,0.0
2025-10-16 04:00:00,4.0,0.28126326,0.62932396,-0.79831415,0.98349756,-0.06126106,1.0914483,-0.53575593,-0.22570418,0.10610898,0.57901657,0.7626382,-0.24499655,-0.5641974,-0.11970577,-1.8308307,0.15153296,-1.2226652,-0.68952906,1.1445147,-0.89909303,-0.9952191,-0.10079632,0.30723563,0.92233545,-0.92233545,-0.9926598,1.2768599,0.028818887,0.20873086,-1.0461495,-0.9347344,-1.079347,-1.0201048,1.7811897,0.50598764,-1.0140564,-0.30036473,0.58778524,-0.809017,-0.8660254,0.5,1.2246469e-16,-1.0,0.0,1.0,0.0,0.0,0.0
2025-10-16 08:00:00,4.0,-0.59865654,-1.170721,-1.0048254,0.31215572,1.6518439,-1.1843411,-0.53575593,1.3256059,0.85535926,1.1357543,1.2783581,0.507547,-0.7628954,-0.30490568,-1.5620553,0.3490795,-0.7612654,-0.94195783,0.58915186,-1.0792875,-1.1130092,-0.30727446,1.5537192,1.1398538,-1.1398538,-1.3628017,1.1555774,-0.04967881,-0.11473787,-0.8574778,-0.8630542,-1.046972,-1.1826266,-0.5511843,0.1665611,-1.2496647,-0.3916594,-0.58778524,-0.809017,-0.8660254,0.5,0.8660254,0.5,1.0,0.0,0.0,0.0,0.0
2025-10-16 12:00:00,4.0,1.1670107,1.5287585,-1.0845044,-0.94217724,0.23691097,0.2675583,0.67427677,-0.091038726,0.6755458,0.96605974,1.1077112,0.35595956,-0.25630784,0.070245884,-1.1864457,0.5905426,-0.72274065,-0.5253104,0.85313535,-0.43100837,-0.6201881,-0.025559628,0.78165835,0.1806174,-0.1806174,-1.0019145,1.432672,0.35020396,0.14148694,-0.7221904,-0.5635935,-1.0411851,-0.6455358,0.37848032,0.6398692,-0.55654573,-0.26331156,-0.58778524,-0.809017,-0.8660254,0.5,0.8660254,-0.5,0.0,1.0,0.0,0.0,0.0
2025-10-17 04:00:00,4.0,0.4054853,0.39455357,-0.79049593,1.505757,0.97654337,0.89243156,-0.53647137,-0.091822885,0.95718545,1.1740468,1.2910982,0.6319196,-0.07349856,0.20758529,-0.8037569,0.74984324,-0.50072676,-0.49516052,1.0040091,-0.17411086,-0.42719397,0.02906844,1.1888125,-0.1343346,0.1343346,-0.9877687,1.717134,0.5395293,0.11904858,-0.09654303,-0.36907944,-1.2792842,-0.43572602,0.8229597,0.6910747,-0.2748089,-0.25936505,-0.58778524,-0.809017,-0.8660254,0.5,1.2246469e-16,-1.0,0.0,1.0,0.0,0.0,0.0
2025-10-17 08:00:00,4.0,-2.3109548,-0.56454134,-0.5541982,1.5017886,0.2547457,-1.2107239,-0.53647137,-3.0,2.447229,2.4423003,2.5113347,1.8339523,-0.97768706,-0.59972894,-0.8553439,-0.5375933,-1.5032793,-1.1018711,0.5207563,-1.2404805,-1.1480327,-0.6191339,0.81552887,1.2536826,-1.2536826,0.38368788,1.4276342,-0.013791461,-0.69676244,1.339036,-1.0786184,-1.1859465,-1.2575903,-0.58445203,-0.30076858,-1.4796941,0.053311583,-0.95105654,0.309017,-0.8660254,0.5,0.8660254,0.5,1.0,0.0,0.0,0.0,0.0
2025-10-17 12:00:00,4.0,0.26518545,0.31323215,-0.7671562,1.5109671,-0.24806343,2.1987963,3.0,0.075260945,1.6889241,1.9588034,2.1568158,1.0608621,-0.8343521,-0.49942607,-0.8714661,-0.5423827,-0.28444156,-1.3137641,0.6566917,-0.9759355,-0.9899382,-0.57468593,0.1735994,0.8852657,-0.8852657,0.47720113,1.8032573,0.016967645,-0.6182992,1.1668818,-0.9264976,-1.0896581,-1.0080686,0.34817526,-0.8116505,-1.2631269,-0.15127608,-0.95105654,0.309017,-0.8660254,0.5,0.8660254,-0.5,0.0,1.0,0.0,0.0,0.0
2025-10-20 04:00:00,4.0,-0.8072942,-1.2752109,0.77032703,-1.2739168,-0.423602,1.0053153,-0.63781697,-0.045616385,1.149111,1.611509,1.9463282,0.44290414,-1.0833726,-0.7494436,-0.97075737,-0.66048974,-0.22925103,-1.6368408,0.39675406,-1.2049999,-1.174816,-0.7908057,-0.05094785,1.3448607,-1.3448607,0.5224997,1.1152798,-0.298652,-1.0514379,0.35304645,-0.85657144,-1.045902,-1.2186768,-0.58445203,-1.4050874,-1.6025275,-0.29220805,-0.95105654,0.309017,-0.8660254,0.5,1.2246469e-16,-1.0,0.0,1.0,0.0,0.0,0.0
2025-10-20 08:00:00,4.0,1.218283,0.5163974,-0.019094944,0.47793388,-1.1714746,-1.2044331,-0.63781697,1.8544897,0.9124708,1.3790703,1.7109854,0.2458837,-0.5555097,-0.33678055,-0.77009547,-0.60262144,-0.011202941,-1.5119042,0.747673,-0.48392588,-0.6284472,-0.5136126,-1.4136236,0.44386995,-0.44386995,0.5189086,0.9966823,0.10219072,-0.775217,0.30718014,-0.47339424,-1.0445976,-0.6030826,0.34817526,0.5824687,-0.8715529,-0.30627102,0.0,1.0,-0.8660254,0.5,0.8660254,0.5,1.0,0.0,0.0,0.0,0.0
2025-10-20 12:00:00,4.0,0.368197,0.6802137,-0.66932756,0.64296263,-0.2582141,-0.16775037,0.5693674,-0.12101158,0.5178425,1.0506742,1.4409616,-0.14879198,-0.38712072,-0.20438804,-0.5473656,-0.6083515,0.10198436,-1.0641434,0.8305214,-0.1540058,-0.41590467,-0.4384635,0.10832234,-0.48564044,0.48564044,0.5367176,1.0318117,0.20090954,-0.6009826,-0.17040454,-0.27990013,-1.0476872,-0.34865016,0.79496056,0.6175021,-0.37000647,-0.36168447,0.0,1.0,-0.8660254,0.5,0.8660254,-0.5,0.0,1.0,0.0,0.0,0.0
2025-10-21 04:00:00,4.0,0.6766509,1.112299,-0.40008214,-0.6520667,-0.47413555,0.9033055,-0.6342803,0.03352422,0.13809443,0.702057,1.133432,-0.5060458,-0.10737004,0.026919108,-0.24758935,0.84790605,0.23102094,-0.8710678,0.9351388,0.41647133,-0.07555528,-0.25033736,-0.21660212,-1.1247269,1.1247269,-0.85462,1.1988629,0.43261728,-0.34596384,-1.2388998,0.2490056,-1.0376527,-0.048288535,1.2403535,1.3334631,0.12315004,-0.13105652,0.0,1.0,-0.8660254,0.5,1.2246469e-16,-1.0,0.0,1.0,0.0,0.0,0.0
2025-10-21 08:00:00,4.0,-0.48980942,-1.5933448,0.058170512,-1.399788,-1.4204413,-1.1939983,-0.6342803,0.17975973,-0.527507,0.15153076,0.71615434,-1.2049387,-0.2850236,-0.13440531,-0.113544255,0.47824028,-0.04388981,-0.8857672,0.64025,0.24880736,-0.17852521,-0.37439984,-1.7207835,-0.6416787,0.6416787,-0.6552947,1.0014625,0.16205813,-0.20915905,-1.4275185,0.38257393,-1.0342321,-0.14091928,-0.6212874,0.37418413,-0.12024945,-0.2054403,0.95105654,0.309017,-0.8660254,0.5,0.8660254,0.5,1.0,0.0,0.0,0.0,0.0
2025-10-21 12:00:00,4.0,-0.8488974,-1.1034117,-0.9718988,0.6363713,0.5079862,-0.0905776,0.6933689,-0.01756279,-0.27271128,0.25392747,0.80751085,-0.8824769,-0.6163005,-0.4320728,-0.17173664,0.45596516,-0.14823571,-0.63916,0.67600894,-0.27143738,-0.49032617,-0.6625606,0.8268125,0.1828202,-0.1828202,-0.5446047,0.70433813,-0.16038688,-0.41624346,-1.1239718,-0.1433418,-1.015791,-0.46395823,-1.0779555,-0.2999316,-0.4096054,-1.1339842,0.95105654,0.309017,-0.8660254,0.5,0.8660254,-0.5,0.0,1.0,0.0,0.0,0.0
2025-10-22 04:00:00,4.0,0.16814737,0.22682182,-0.3090254,1.4827424,0.18789542,0.45213768,-0.63283914,-0.016854184,-0.21516216,0.20641321,0.7311026,-0.74959844,-0.5045304,-0.35253182,-0.15841387,-0.059417702,-0.48609245,-0.84874654,0.518282,-0.0128626535,-0.3468183,-0.6239568,0.37297872,-0.09675608,0.09675608,-0.9710369,0.82474446,-0.0692826,-0.35689008,-1.0513575,-0.14059113,-1.0025014,-0.35134596,0.3280734,-0.5306294,-0.21912742,-0.71850264,0.95105654,0.309017,-0.8660254,0.5,1.2246469e-16,-1.0,0.0,1.0,0.0,0.0,0.0
2025-10-22 08:00:00,4.0,-0.28157035,-0.73428375,-1.1677635,1.6101514,-0.5801742,-1.1865114,-0.63283914,0.28184345,-0.3898282,0.012679431,0.56178135,-0.89448625,-0.5909256,-0.43686742,-0.18607731,-0.37584698,-0.7228335,-0.8594002,0.5975284,-0.08486762,-0.39099628,-0.72587216,-0.3380065,0.09166036,-0.09166036,-1.0264978,0.70478207,-0.21389934,-0.32606032,-0.9931822,-0.0648439,-0.93206096,-0.40381193,-0.6092792,-0.40618613,-0.34193233,-0.94401777,0.58778524,-0.809017,-0.8660254,0.5,0.8660254,0.5,1.0,0.0,0.0,0.0,0.0
2025-10-22 12:00:00,4.0,0.06332704,0.037738472,2.00875,-0.044343278,0.047922865,0.2688852,1.2032979,0.03932526,-0.32570887,-0.016357562,0.4996087,-0.75706136,-0.520432,-0.39362437,-0.17124419,-0.67636585,0.12436825,-0.98037314,0.68372476,0.20364456,-0.27901277,-0.72626585,0.22621423,-0.06857607,0.06857607,-1.4057755,0.7935432,-0.16695493,-0.2935947,-0.7735651,0.38880935,-0.6338162,-0.27837306,0.3074861,0.13456602,0.28841203,-1.400306,0.58778524,-0.809017,-0.8660254,0.5,0.8660254,-0.5,0.0,1.0,0.0,0.0,0.0
2025-10-23 04:00:00,4.0,-0.53063387,-0.7997767,0.5271172,0.1044239,-0.46825674,0.8249188,-0.6332786,-0.081152715,-0.434213,-0.14348306,0.39151263,-0.8425121,-0.74221647,-0.5896386,-0.24665728,-0.6946415,-0.16024521,-0.31513396,0.6133057,-0.25206938,-0.48466182,-0.9159644,-0.32517916,0.40210268,-0.40210268,-1.0667431,0.3615335,-0.43702844,-0.38026536,-0.4252144,-0.01830266,-0.47659338,-0.4865997,-0.666468,-0.30499825,-0.08745351,0.23513307,0.58778524,-0.809017,-0.8660254,0.5,1.2246469e-16,-1.0,0.0,1.0,0.0,0.0,0.0
2025-10-23 08:00:00,4.0,-0.40868703,0.05948594,-0.53562516,1.9670477,-0.8587049,-1.190239,-0.6332786,-0.76540667,-0.5048906,-0.25101313,0.2840464,-0.87670934,-0.90845394,-0.7437427,-0.3528636,-0.4783895,-0.015736565,-0.17561872,0.6917653,-0.670788,-0.6566357,-1.0729331,-0.76021105,0.7318922,-0.7318922,-1.3759224,0.29378685,-0.6652745,-0.41318324,-0.57831514,-0.785639,-0.58510625,-0.70364046,-1.196768,-0.39810207,-0.5842262,1.1997448,-0.58778524,-0.809017,-0.8660254,0.5,0.8660254,0.5,1.0,0.0,0.0,0.0,0.0
2025-10-23 12:00:00,4.0,-0.7176685,-1.4232578,-0.07463324,-0.8089726,-1.308467,0.36810985,1.276385,-0.116175644,-0.8598846,-0.56916857,0.016071416,-1.2450131,-1.2378005,-1.0492487,-0.54750085,-0.9258827,-0.7223203,-0.51551896,0.94791824,-1.4076256,-0.9644265,-1.3545487,-1.4823195,1.395397,-1.395397,-1.3956708,-0.083068654,-1.1891192,-0.42188662,-0.8574299,-1.0591024,-0.44410962,-1.0635972,-1.7751652,-0.89493984,-1.3809465,1.4335346,-0.58778524,-0.809017,-0.8660254,0.5,0.8660254,-0.5,0.0,1.0,0.0,0.0,0.0
2025-10-24 04:00:00,4.0,0.24011649,0.72730076,0.99425286,-0.7974702,-1.2328182,0.76939285,-0.6328989,-0.036599256,-1.1370881,-0.8834797,-0.31539282,-1.4792367,-1.0455451,-0.93855846,-0.59263796,-0.67676276,-0.7779942,-0.47230372,0.7661032,-1.0457966,-0.8252496,-1.2971631,-1.3974483,1.1505004,-1.1505004,-1.0218787,0.28202286,-1.194465,-0.19857539,-0.9526462,-1.0039678,-0.4410997,-0.87872,0.28299734,-0.33102387,-1.0049292,1.431994,-0.58778524,-0.809017,-0.8660254,0.5,1.2246469e-16,-1.0,0.0,1.0,0.0,0.0,0.0
2025-10-24 08:00:00,4.0,0.627553,0.08012799,2.130683,-0.30070347,-1.5941606,-1.2137676,-0.6328989,1.1118797,-1.1447432,-0.994885,-0.5016803,-1.3959967,-0.6552926,-0.6526748,-0.4406453,-0.42684397,-0.82175654,-0.4120324,0.15169,-0.25767958,-0.49500805,-1.06895,-1.6368116,0.57555854,-0.57555854,-0.6215179,0.22466587,-0.8301589,0.019794801,-1.0234773,-0.07272447,-0.5428056,-0.5134551,0.797538,0.38553083,-0.26652938,1.4668369,-0.95105654,0.309017,-0.8660254,0.5,0.8660254,0.5,1.0,0.0,0.0,0.0,0.0
2025-10-24 12:00:00,4.0,-0.07654833,-0.18862668,1.8076042,0.31168488,-0.6442557,0.35949293,1.3015496,0.07529153,-1.2163959,-1.1284399,-0.67703366,-1.4118685,-0.635321,-0.6479537,-0.32164088,-0.19315106,-0.6632602,-0.4997782,0.1643014,-0.226944,-0.47936204,-1.0855004,-0.50462335,0.67528874,-0.67528874,-0.716283,0.5790396,-0.88444984,0.10796463,-1.0497878,-0.049309697,-0.24135771,-0.49631226,1.2660885,0.85783327,-0.2250482,1.3626286,-0.95105654,0.309017,-0.8660254,0.5,0.8660254,-0.5,0.0,1.0,0.0,0.0,0.0
2025-10-27 08:00:00,4.0,1.0067523,1.4457424,-0.98831064,-0.8792525,0.39638874,-0.04587166,-0.63308346,-0.012605345,-1.018456,-1.081241,-0.75602436,-1.0472829,-0.08242644,-0.21688107,0.0012535234,0.46493033,-0.0246919,-0.124715544,0.61956924,0.8808894,0.016397629,-0.70420235,0.46620193,-0.80865973,0.80865973,-0.35782295,0.8842987,-0.21496294,0.3433159,-0.85330176,0.60762334,-0.24773864,0.05812863,1.705514,1.3411896,0.91322637,1.6639926,-0.95105654,0.309017,-0.8660254,0.5,1.2246469e-16,-1.0,0.0,1.0,0.0,0.0,0.0
2025-10-27 12:00:00,4.0,0.47316757,0.545646,1.8081899,-1.3584831,-0.35379878,-0.7379388,-0.63308346,0.35357195,-0.93640447,-1.0776563,-0.83741623,-0.8656853,0.17603047,-0.0014690189,0.3187344,1.037367,0.06746208,-0.3051442,0.7172087,1.2856224,0.2781003,-0.50315964,-0.25194493,-0.6919302,0.6919302,-1.026105,0.95302445,0.12540509,0.48854145,-0.49710363,1.5355359,-0.3130181,0.37211832,2.0929174,1.1495774,0.79187167,1.6146879,0.0,1.0,-0.8660254,0.5,0.8660254,-0.5,0.0,1.0,0.0,0.0,0.0
2025-10-27 16:00:00,3.0,0.76085603,1.1467241,-0.2716031,-0.94262654,0.42238954,0.024281843,-0.6128893,0.05220529,-0.8647563,-1.0738289,-0.9242998,-0.694056,0.5290758,0.32029557,0.6736044,1.2511503,0.41852814,-0.23084974,1.1680505,1.6966648,0.67230093,-0.19612835,0.15186656,-1.1161069,1.1161069,-0.98722816,1.134711,0.65661865,0.71279126,-0.14095531,1.676122,-0.39749634,0.8203865,1.9852027,1.5808018,1.1245376,1.901955,0.0,1.0,-0.8660254,0.5,1.2246469e-16,-1.0,0.0,1.0,0.0,0.0,0.0
2025-10-28 08:00:00,3.0,-0.12230946,0.09431199,1.136576,0.20805494,-2.4640002,-0.93059367,-0.6128893,0.009180955,-1.5649621,-1.6129086,-1.4100729,-1.5894387,0.525864,0.31355748,0.9616236,0.9170092,0.35586149,0.3448505,1.297474,1.3461087,0.71365714,-0.124570034,-1.7439983,-1.1251678,1.1251678,-0.19555958,1.0392078,0.54655564,1.2395738,-0.7301651,1.4140232,-0.37568507,0.96343917,1.8977015,0.8140225,1.1203868,1.4574941,0.0,1.0,-0.8660254,0.5,-0.8660254,-0.5,0.0,0.0,1.0,0.0,0.0
2025-10-28 12:00:00,3.0,-0.26098263,0.96862733,-0.65098524,-0.17658675,0.41278458,-0.6380983,-0.6128893,-1.441634,-1.3351332,-1.502017,-1.3881716,-1.2128901,0.43377742,0.23533401,0.9741297,0.8338898,0.46477315,0.21547513,1.1774813,1.0133702,0.5369875,-0.21718276,-0.043700587,-1.0124207,1.0124207,-0.07399212,0.6179522,0.46344745,1.1275505,-0.50362325,0.83502316,-0.31940356,0.75029266,-0.8585045,0.33916157,0.9998901,1.588926,0.95105654,0.309017,-0.8660254,0.5,0.8660254,-0.5,0.0,1.0,0.0,0.0,0.0
2025-10-28 16:00:00,3.0,-0.069634594,0.0054332693,0.5099351,0.99428976,-0.4563257,0.57164484,-0.58873636,-0.033412974,-1.3981348,-1.5795468,-1.5129071,-1.2539277,0.4573821,0.25065604,0.96315175,0.3515333,0.58922905,0.41325086,1.2842373,0.91305745,0.48386812,-0.19472867,-0.99547994,-0.9726546,0.9726546,-0.40756893,0.9344749,0.47552857,1.2647886,-0.7556992,0.7978548,-0.31746897,0.5927636,0.046285402,-0.106169485,0.94736826,1.6246392,0.95105654,0.309017,-0.8660254,0.5,1.2246469e-16,-1.0,0.0,1.0,0.0,0.0,0.0
2025-10-29 08:00:00,3.0,-0.222442,-0.74051106,1.3721818,-0.35161975,-1.9218929,-1.0235798,-0.58873636,0.009286924,-1.855623,-1.9446104,-1.8645371,-1.899541,0.38181326,0.18596876,0.9552182,0.03937343,0.7728362,0.036720484,0.814912,0.70026076,0.4614141,-0.17237218,-1.651475,-0.90438145,0.90438145,-0.19135597,0.65853673,0.25484484,1.7564915,-1.3314342,0.6469484,0.009214005,0.6497065,-0.8585045,-0.19862984,0.8774579,1.8106824,0.95105654,0.309017,-0.8660254,0.5,-0.8660254,-0.5,0.0,0.0,1.0,0.0,0.0
2025-10-29 12:00:00,3.0,-0.106572226,0.76765823,0.9709315,-1.2242965,0.54868984,-0.3435113,-0.58873636,-0.959262,-1.5188183,-1.7520511,-1.7756301,-1.3256886,0.39093593,0.18586548,0.7812941,-0.3500352,0.6526263,-0.086582094,0.9954145,0.592033,0.37819684,-0.20478956,0.07556702,-0.78946674,0.78946674,-1.9273381,0.7351318,0.30589843,1.5579388,-1.1843116,0.45814386,-0.01011789,0.57185745,0.046285402,-0.0614588,0.76174694,1.7575594,0.58778524,-0.809017,-0.8660254,0.5,0.8660254,-0.5,0.0,1.0,0.0,0.0,0.0
2025-10-29 16:00:00,3.0,-0.4270282,-0.76525277,0.26057902,0.5982499,0.070925266,1.0778245,-0.5639352,-0.026131963,-1.3948913,-1.6765587,-1.7538434,-1.1098222,0.11734255,-0.018299121,0.55797684,-0.48379558,0.3138279,-0.36600238,0.110787086,0.35914335,0.16997162,-0.36368757,-0.43662995,-0.56109816,0.56109816,-1.4912982,-0.1511725,0.02952134,1.4177382,-0.53948843,0.26095563,0.061842702,0.32938412,-0.8585045,-0.45747432,0.5343759,1.4812962,0.58778524,-0.809017,-0.8660254,0.5,1.2246469e-16,-1.0,0.0,1.0,0.0,0.0,0.0
2025-10-30 08:00:00,3.0,-0.2172514,-0.54006636,-0.39610478,1.6601087,-1.6583618,-1.0313861,-0.5639352,-0.066592366,-1.7793423,-1.957619,-2.017203,-1.7092879,0.028513769,-0.09014775,0.3971145,-0.46373424,0.2696843,-0.2845832,-0.30411798,0.2545637,0.14708576,-0.35777882,-1.56266,-0.46092188,0.46092188,-1.4310918,-0.37066892,-0.25500658,1.8828714,-1.1491331,0.12494805,0.5835767,0.3544397,-1.2726382,-0.47688347,0.47035643,1.858698,0.58778524,-0.809017,-0.8660254,0.5,-0.8660254,-0.5,0.0,0.0,1.0,0.0,0.0
2025-10-30 12:00:00,3.0,0.6997967,0.32656223,-0.12546138,0.9575732,2.0696983,-0.1206669,-0.5639352,0.5610891,-1.0305861,-1.4649432,-1.6894926,-0.43137088,0.4896732,0.28857008,0.33921975,-0.13683379,0.15954046,0.09684989,-1.1589601,0.62432885,0.42120287,-0.104990885,1.4950714,-0.92293537,0.92293537,0.066132255,-0.10260757,0.62330484,1.3925954,-0.25042203,0.30467942,0.375571,0.6298551,0.10696848,0.13466619,0.9065738,2.351466,-0.58778524,-0.809017,-0.8660254,0.5,0.8660254,-0.5,0.0,1.0,0.0,0.0,0.0
2025-10-30 16:00:00,3.0,-0.37839395,-0.8043876,0.5131805,0.0518482,-0.31123957,1.1046826,-0.5399582,-0.045726273,-1.1640971,-1.5266131,-1.7456399,-0.636208,0.2267271,0.10307186,0.2548333,-0.20447828,-0.10942709,-0.028272988,-2.5978801,0.40038642,0.22956418,-0.22409886,-1.1432463,-0.5740498,0.5740498,0.1918834,-0.93458134,0.3557384,1.4272594,0.2398683,0.34133688,0.32049653,0.37201023,-0.78257877,0.15100235,0.69270045,2.2483776,-0.58778524,-0.809017,-0.8660254,0.5,1.2246469e-16,-1.0,0.0,1.0,0.0,0.0,0.0
2025-10-31 08:00:00,3.0,0.13577388,1.3223677,-0.33559057,-1.1460118,-1.3700162,-1.0577856,-0.5399582,-0.00035512744,-1.5971894,-1.8143157,-1.9911683,-1.3572663,0.3618378,0.21183123,0.24373405,-0.1001045,-0.33502764,0.076201916,-2.5427816,0.44418338,0.37681115,-0.04077026,-1.5706612,-0.76035786,0.76035786,0.24244942,-0.85398793,0.40532443,1.9906831,-0.5947845,0.3325013,0.41910344,0.6274781,0.1846839,0.47481,0.837543,1.9632047,-0.58778524,-0.809017,-0.8660254,0.5,-0.8660254,-0.5,0.0,0.0,1.0,0.0,0.0
2025-10-31 12:00:00,3.0,-0.111158945,-0.2601768,-0.034721483,1.8679304,0.19671531,-0.4210183,-0.5399582,0.019897278,-1.462669,-1.7330782,-1.948517,-1.0999396,0.33160147,0.19310153,0.15924832,0.07361759,-0.3404461,0.035717107,-2.3030913,0.35147274,0.27935785,-0.075203426,-0.52496284,-0.6801934,0.6801934,0.03489368,-1.159347,0.37387103,1.8787813,-0.56457174,0.23386514,0.446345,0.52349186,-0.7788843,-0.26159212,0.8021712,1.8211844,-0.95105654,0.309017,-0.8660254,0.5,0.8660254,-0.5,0.0,1.0,0.0,0.0,0.0
2025-10-31 16:00:00,3.0,-1.0356401,-1.9103787,-1.1742948,-0.942396,0.62972707,0.604515,-0.5167629,0.0630102,-1.236088,-1.5638689,-1.8110703,-0.70780945,-0.5699892,-0.4500591,-0.20407045,-0.35306484,-0.6067142,-0.048142955,-2.5337927,-0.2680888,-0.43596652,-0.5665097,-0.020479482,1.3412453,-1.3412453,0.94515604,-1.7557131,-0.49631557,1.3736823,0.2631021,-0.080116,0.4103436,-0.33484507,-1.2606684,-1.1154795,0.09886345,1.355606,-0.95105654,0.309017,-0.8660254,0.5,1.2246469e-16,-1.0,0.0,1.0,0.0,0.0,0.0
2025-11-03 08:00:00,3.0,0.041844737,0.57801116,0.14734831,0.14459693,-1.2571839,-1.1700695,-0.5167629,0.020288358,-1.6070641,-1.7992145,-2.000451,-1.383991,-0.4835617,-0.38407156,-0.47238693,-0.72689146,-0.5933004,0.07396384,-2.486447,-0.27579984,-0.435625,-0.43308708,-1.5771663,1.473965,-1.473965,0.041255906,-1.6794435,-0.6413799,1.8733866,-1.1373799,-0.27337414,0.51963264,-0.21826465,0.1846839,-1.1574608,0.121006586,1.2375795,-0.95105654,0.309017,-0.8660254,0.5,-0.8660254,-0.5,0.0,0.0,1.0,0.0,0.0
2025-11-03 12:00:00,0.0,0.5663539,1.2555797,0.25664225,-1.5220525,1.413729,0.08066309,-0.5167629,-0.757309,-1.1296488,-1.491049,-1.7919748,-0.43103346,0.004878337,-0.027418092,-0.40432805,-0.21710981,-0.31667852,0.41028646,-2.0884614,0.087627955,-0.13716958,-0.13832788,0.93649995,0.31854802,-0.31854802,0.74207777,-1.3756207,0.20606601,1.5099103,-0.41266093,-0.010182202,0.3922312,-0.012179612,0.64345556,-0.45103067,0.60442686,0.95636094,0.0,1.0,-0.5,0.8660254,0.8660254,-0.5,0.0,1.0,0.0,0.0,0.0
2025-11-03 16:00:00,3.0,-0.24129006,-0.34869483,0.20289291,1.3730556,0.6406845,1.4114786,-0.49372324,-0.09328588,-0.97095776,-1.3569076,-1.6865165,-0.13988948,-0.17775787,-0.15239288,-0.43825373,-0.41892004,-0.38872215,0.29914805,-2.5477853,-0.15617955,-0.38807172,-0.24180017,0.048608143,0.69025445,-0.69025445,0.6375484,-2.3146067,0.090679914,1.2679497,0.49028447,-0.16591465,0.36580202,-0.4395745,-0.7842191,0.5514248,0.2666966,0.91494757,0.0,1.0,-0.5,0.8660254,1.2246469e-16,-1.0,0.0,1.0,0.0,0.0,0.0
2025-11-04 08:00:00,0.0,0.05179268,0.5073419,1.6798533,-1.0005121,-1.2679865,-1.3226618,-0.49372324,0.08252488,-1.4283103,-1.6274083,-1.8822978,-1.012787,-0.08104804,-0.07815076,-0.4985948,-0.33225933,-0.1960437,0.14614049,-2.2893739,-0.15555626,-0.3880935,-0.06854926,-1.5997225,0.5664672,-0.5664672,0.76096946,-2.2410302,-0.02757856,1.8061169,-0.30828,0.021712543,0.50518876,-0.3302525,0.16086389,0.5479273,0.36046916,0.8282688,0.0,1.0,-0.5,0.8660254,-0.8660254,-0.5,0.0,0.0,1.0,0.0,0.0
2025-11-04 12:00:00,0.0,-1.3713762,0.6710345,-0.284795,0.21015953,1.5111109,0.9408079,-0.49372324,-3.0,-0.27504554,-0.8578033,-1.2950879,1.0388813,-1.3048207,-1.0181692,-0.7569281,-0.51099145,-0.68752855,-0.17239359,-2.329191,-2.3130856,-1.3122748,-0.85744673,1.3034999,0.984,-0.984,0.8625697,-2.6732,-0.73341334,0.33192796,1.2460997,-2.7936985,-0.28599975,-1.3373995,-0.8194284,-1.5882757,-1.0409145,0.5733941,0.95105654,0.309017,-0.5,0.8660254,0.8660254,-0.5,0.0,1.0,0.0,0.0,0.0
2025-11-04 16:00:00,0.0,0.67991924,1.0511544,0.45212045,-1.2471204,0.7140595,1.532857,-0.47010797,-0.034519043,-0.30084822,-0.8095995,-1.2540746,0.9438795,-0.6606984,-0.5577653,-0.74823457,-0.16697262,-0.7154341,-0.2844417,-2.1598468,-1.3637977,-0.84302104,-0.52520937,0.12227076,0.23767522,-0.23767522,1.5158771,-1.6109788,-0.040329825,0.43861088,2.1480355,-1.5385573,-0.3105846,-0.87066954,0.15414989,-0.56768024,-0.38032216,-0.39697886,0.95105654,0.309017,-0.5,0.8660254,1.2246469e-16,-1.0,0.0,1.0,0.0,0.0,0.0
2025-11-05 08:00:00,1.0,-0.4812224,-1.603053,-0.87922525,-0.3782172,-0.46175298,-1.0121355,-0.47010797,0.087666236,-0.6911781,-0.9981007,-1.361831,0.2322403,-1.011922,-0.8508619,-0.917051,-0.7303232,-0.7570305,-0.5480477,-2.0617769,-1.9887351,-1.1485959,-0.6922192,-1.2115947,0.6919801,-0.6919801,1.1924022,-1.6431854,-0.61553615,0.59079427,0.8201471,-1.7568257,-0.33464316,-1.1781925,-0.8194284,-1.101412,-0.8411221,-0.7255714,0.95105654,0.309017,-0.5,0.8660254,-0.8660254,-0.5,0.0,0.0,1.0,0.0,0.0
2025-11-05 12:00:00,1.0,-1.8617524,0.13732746,1.2552404,0.13456249,2.265055,1.6689517,-0.47010797,-3.0,0.5752901,-0.12249806,-0.68562025,1.9620684,-2.1565387,-1.9790838,-1.1732218,-1.597296,-1.602623,-1.2789652,-2.6594284,-2.9015386,-1.9229075,-1.4743952,1.6416867,1.4102538,-1.4102538,1.8352292,-2.1744127,-1.459813,-0.6421777,2.3200655,-3.0,-0.76882225,-1.8572881,-1.2643532,-1.0310574,-1.5636088,-1.2267487,0.58778524,-0.809017,-0.5,0.8660254,0.8660254,-0.5,0.0,1.0,0.0,0.0,0.0
2025-11-05 16:00:00,1.0,2.0928512,1.5059781,-0.7034279,-1.3078448,2.0982833,1.8460903,-0.448894,0.014781449,1.1319097,0.33522627,-0.35868546,2.4371047,-0.52900153,-0.632607,-0.72295415,-0.44485104,-0.6130455,-0.6764125,-1.869646,-0.61289585,-0.56982875,-0.5706604,1.6833684,-0.26428854,0.26428854,2.5350058,-1.1083928,0.59672904,-0.57046527,3.0,-1.1914108,-0.729162,-0.5479789,0.1846839,0.15391074,0.13836189,-0.32536376,0.58778524,-0.809017,-0.5,0.8660254,1.2246469e-16,-1.0,0.0,1.0,0.0,0.0,0.0
2025-11-06 08:00:00,1.0,0.057700444,-0.061591655,-0.618941,2.033673,-0.7942346,-1.2197961,-0.448894,0.20255977,0.20795494,-0.13766065,-0.6459529,1.1246703,-0.47036147,-0.5791877,-0.57117105,0.30964786,-0.1542644,-0.6115309,-2.2014756,-0.4958778,-0.5177963,-0.50983334,-1.1895827,-0.43201393,0.43201393,2.0213795,-0.9258714,0.48149008,-0.19673702,1.1194347,-0.46978712,-0.7172025,-0.4999166,0.6795742,0.65774953,0.20590205,-0.29194042,0.58778524,-0.809017,-0.5,0.8660254,-0.8660254,-0.5,0.0,0.0,1.0,0.0,0.0
2025-11-06 12:00:00,4.0,0.34848014,1.4088259,-0.75265205,-1.042562,0.50711584,-0.4735328,-0.448894,-0.9540071,0.15525037,-0.12473942,-0.6111244,0.97912776,-0.20820315,-0.34688297,-0.27512857,0.14466032,-0.017627181,-0.5226605,-2.2122822,-0.09771203,-0.2650895,-0.37305,0.69660693,-0.81773686,0.81773686,1.8399371,-0.53818995,0.84230274,-0.13124937,1.0321835,-0.35570046,-0.7542788,-0.24272299,1.1869415,2.3009763,0.49917835,-0.24512948,-0.58778524,-0.809017,-0.5,0.8660254,0.8660254,-0.5,0.0,1.0,0.0,0.0,0.0
2025-11-06 16:00:00,4.0,-2.3513727,-1.8287657,-0.42565107,-1.3952386,2.0941448,2.1203582,-0.42211476,0.34617853,1.2548155,0.69761723,0.06681762,1.9989704,-1.8340361,-2.0532196,-0.545861,-1.0111016,-1.3839535,-1.3281944,-3.0,-2.0485253,-1.5280066,-1.5660673,1.705131,1.2885971,-1.2885971,1.990534,-1.6070074,-0.76524746,-1.083606,2.53996,-1.2219181,-0.7286802,-1.3887823,-0.75625414,-1.2024523,-1.5092793,0.5303007,-0.58778524,-0.809017,-0.5,0.8660254,1.2246469e-16,-1.0,0.0,1.0,0.0,0.0,0.0
2025-11-07 08:00:00,4.0,0.6765325,1.6049012,-1.1797049,-1.1601695,-0.47889897,-0.79095864,-0.42211476,0.23624331,0.47774687,0.2815768,-0.18739794,1.026284,-1.305046,-1.579848,-0.6585785,0.47474602,-0.9588391,-1.1357317,-2.3023677,-1.2674378,-1.1359768,-1.3160188,-1.0460249,0.67545325,-0.67545325,1.5125762,-1.2881014,-0.4920259,-0.71822155,0.46833447,-1.4334356,-0.72191,-1.0324944,0.24751276,-0.74295676,-0.9460927,0.5795963,-0.58778524,-0.809017,-0.5,0.8660254,-0.8660254,-0.5,0.0,0.0,1.0,0.0,0.0
2025-11-07 12:00:00,4.0,-2.5555403,-1.8363461,-1.2368988,-0.8204592,2.3265204,0.7123768,-0.42211476,1.3917096,2.182904,1.5536503,0.859502,2.4395423,-2.5404677,-3.0,-0.9438155,-2.3632336,-2.1749747,-2.0897672,-2.8607988,-2.2544549,-2.0867698,-2.4012923,1.6818204,1.8539815,-1.8539815,0.9435053,-1.856905,-1.6849397,-1.6876125,1.1070665,-1.982897,-0.6542306,-1.9215688,-0.75625414,-2.208569,-2.0229034,0.14252663,-0.95105654,0.309017,-0.5,0.8660254,0.8660254,-0.5,0.0,1.0,0.0,0.0,0.0
2025-11-07 16:00:00,1.0,-1.0496296,-1.2046435,0.0105913365,-0.37092492,0.17378147,2.4631593,-0.39760536,-0.3147191,1.7689862,1.465145,0.9279952,1.8004264,-2.7759569,-3.0,-1.4111793,-2.8395832,-2.0538406,-2.4819534,-2.839981,-1.9890642,-2.3976984,-2.883764,1.0005425,1.9375656,-1.9375656,0.74026734,-2.5483477,-2.4756634,-1.7685957,1.64857,-2.1766546,-0.63882905,-2.0633168,-1.2467896,-1.0266186,-2.079069,0.3455361,-0.95105654,0.309017,-0.5,0.8660254,1.2246469e-16,-1.0,0.0,1.0,0.0,0.0,0.0
2025-11-10 08:00:00,1.0,1.397358,1.2094094,-0.72281486,-0.6588213,0.44881338,-0.11519305,-0.39760536,0.2149178,1.5509187,1.3955588,0.9341784,1.5098219,-1.7438492,-2.3068335,-1.2971128,-2.1512122,-1.640058,-2.100289,-1.8918309,-1.1691713,-1.5443465,-2.1188853,1.2879772,1.1561289,-1.1561289,1.1507123,-1.8294317,-1.4036647,-1.5068299,1.6032313,-1.4311458,-0.6140959,-1.2713851,0.24751276,-0.57935613,-1.2847469,0.7590507,-0.95105654,0.309017,-0.5,0.8660254,-0.8660254,-0.5,0.0,0.0,1.0,0.0,0.0
2025-11-10 12:00:00,1.0,3.0,1.1396646,-1.0789648,-0.26334554,0.35768515,0.09657554,-0.39760536,3.0,2.5504377,2.1152272,1.4869883,2.3458767,0.33964717,-0.03359562,-0.19428886,1.4446326,0.4619796,-0.22535437,-1.1013324,0.57324195,0.4286815,-0.22388574,1.1536171,-1.3636591,1.3636591,1.4969949,-1.219348,1.857115,-1.1995101,1.6445079,0.39739424,-0.5582621,0.61797506,0.7478393,2.683221,1.1244155,1.2085917,0.0,1.0,-0.5,0.8660254,0.8660254,-0.5,0.0,1.0,0.0,0.0,0.0
2025-11-10 16:00:00,1.0,0.3623821,0.32572564,1.5052549,-0.4161339,-0.08758887,1.6516742,-0.37743244,0.1685711,1.7841402,1.7242626,1.3066581,1.5388696,0.51248163,0.1911055,0.42151967,1.2996155,1.401188,-0.10401034,-0.92733955,0.7566192,0.6345326,0.01495628,0.45919883,-1.2883993,1.2883993,1.454784,-0.12376317,1.9831234,-1.0039635,1.7752119,0.83033603,-0.39372712,0.73106414,1.2144958,2.9516213,1.2536912,1.2665331,0.0,1.0,-0.5,0.8660254,1.2246469e-16,-1.0,0.0,1.0,0.0,0.0,0.0
2025-11-11 08:00:00,1.0,-0.14639404,-1.3272377,1.1562657,-1.4149944,-0.9455719,-1.0626569,-0.37743244,0.13544326,0.7401632,1.0645791,0.88805395,0.47948283,0.4454716,0.12938835,0.8397264,2.473979,0.43954667,-0.13394104,-1.1160847,0.70301926,0.64404744,0.032390647,-1.2077118,-1.1626669,1.1626669,0.6988161,-0.22800903,1.7133642,-0.7278971,-0.21427208,0.81425077,-0.37204152,0.7702003,-0.7888116,1.9508924,1.1312481,1.2097173,0.0,1.0,-0.5,0.8660254,-0.8660254,-0.5,0.0,0.0,1.0,0.0,0.0
2025-11-11 12:00:00,4.0,-0.79247075,-2.0011134,-1.1703913,-1.2605637,0.4368879,-0.5463385,-0.37743244,1.5171609,0.8761116,1.1567831,1.0293205,0.5506841,0.024007468,-0.3285271,0.9095401,2.5168858,0.041853458,-0.097146235,-0.44772503,0.35164523,0.24522272,-0.42303273,1.2395493,-0.59944093,0.59944093,0.61276704,-0.5392839,1.1537701,-0.8747527,-0.051616114,0.65392125,-0.29352546,0.38630524,-1.2727101,-0.28697497,0.5629675,1.0119597,0.95105654,0.309017,-0.5,0.8660254,0.8660254,-0.5,0.0,1.0,0.0,0.0,0.0
2025-11-11 16:00:00,4.0,1.0137362,1.329239,-0.41894892,-1.1893945,0.042684995,0.18046735,-0.34868613,-0.07922322,0.711541,1.015272,0.93837494,0.3845601,0.5085417,0.24055266,1.1664231,2.2705176,0.39495334,0.3362801,0.08248026,0.7949034,0.77337825,0.16783226,0.8352357,-1.1832197,1.1832197,0.58062714,0.08920649,1.8235605,-0.6534404,-0.1697484,0.70155966,-0.29155105,0.8650066,0.20241596,-0.017671827,1.1559123,0.8567022,0.95105654,0.309017,-0.5,0.8660254,1.2246469e-16,-1.0,0.0,1.0,0.0,0.0,0.0
2025-11-12 08:00:00,4.0,0.29225937,1.0758111,-0.56174713,-0.5225063,-0.80858445,-1.0799352,-0.34868613,0.059807725,0.053581886,0.54822165,0.6070613,-0.304739,0.6494888,0.41622055,1.4544426,0.3870256,1.6612116,0.25306082,-0.011176751,0.90347964,1.0228945,0.4449514,-1.0668284,-1.3455191,1.3455191,-1.0647856,0.26620567,1.908101,-0.33255002,-1.3160286,0.9162549,-0.29855308,1.1599101,0.6973283,0.18137252,1.3232388,0.84681755,0.95105654,0.309017,-0.5,0.8660254,-0.8660254,-0.5,0.0,0.0,1.0,0.0,0.0
2025-11-12 12:00:00,4.0,1.5739853,0.80472815,-0.0455245,-0.3200864,0.34363836,-0.16628096,-0.34868613,1.1767119,0.4595231,0.7290271,0.7182808,0.19376025,1.3182472,1.2307488,1.8279597,1.0226463,2.1413624,1.0519226,0.3949455,1.4305208,1.7793385,1.3508531,1.2418772,-1.3076794,1.3076794,-0.6533393,0.67772955,2.28126,-0.1881956,-0.8827192,1.4395561,-0.30610037,1.8877119,1.1835005,1.2052534,1.2873559,0.8690406,0.58778524,-0.809017,-0.5,0.8660254,0.8660254,-0.5,0.0,1.0,0.0,0.0,0.0
2025-11-12 16:00:00,4.0,-0.8337299,-1.3190477,0.20615363,-0.6814334,0.0023773594,0.34330562,-0.3251243,0.11318769,0.43048304,0.70710915,0.75037247,0.12757207,0.8043119,0.7052419,1.8344007,0.67270213,2.8134289,0.654666,0.08180249,0.9952225,1.2701463,0.8417975,0.7918018,-0.8903146,0.8903146,-0.45723277,-0.03171614,1.601671,-0.29718637,-0.39502162,1.220716,-0.28691435,1.3321911,-0.7888116,0.2813839,0.8636424,0.8536026,0.58778524,-0.809017,-0.5,0.8660254,1.2246469e-16,-1.0,0.0,1.0,0.0,0.0,0.0
2025-11-13 08:00:00,1.0,0.2982803,1.2369443,-0.84448993,-0.70040154,-0.86302036,-1.1033702,-0.3251243,-0.022978377,-0.16610388,0.2738826,0.4277614,-0.50098777,0.93747336,0.8717588,1.9533268,1.2413428,3.0,1.2836702,0.08676002,0.99124604,1.4931847,1.184366,-1.0277724,-1.0295657,1.0295657,-0.68224645,0.08969337,1.730708,0.06184925,-0.85563207,1.0127623,1.402731,1.6329901,0.2497428,0.2836015,1.0071713,0.8574537,0.58778524,-0.809017,-0.5,0.8660254,-0.8660254,-0.5,0.0,0.0,1.0,0.0,0.0
2025-11-13 12:00:00,4.0,-3.0,-1.7176428,-0.9869085,-0.76045585,2.3661053,2.8341272,-0.3251243,-3.0,3.0,2.9671512,2.7257845,2.5674121,-1.9140444,-2.4560978,0.025646219,-2.8506386,-0.6042153,-2.0325449,-1.630713,-1.3797339,-1.7138255,-2.319648,1.5902188,2.1035748,-2.1035748,1.3363893,-1.8143747,-1.3700567,-1.9524839,1.6523749,-1.0531054,-0.31539428,-1.4239107,-0.78367573,-2.8684678,-2.188498,0.44773278,-0.58778524,-0.809017,-0.5,0.8660254,0.8660254,-0.5,0.0,1.0,0.0,0.0,0.0
2025-11-13 16:00:00,4.0,-1.5657771,-1.3392138,0.38228923,-0.9906906,1.314562,2.5149832,-0.2966077,0.24626327,3.0,3.0,3.0,2.3855262,-2.2830641,-2.898681,-1.0402207,-3.0,-3.0,-2.621846,-2.390067,-1.651165,-2.131654,-2.7279572,1.4561387,2.2023613,-2.2023613,1.1532766,-2.4196556,-1.945337,-2.1541991,2.6683452,-1.4719589,-0.38034922,-1.6883761,-1.2577298,-2.6816802,-2.2886593,0.58271974,-0.58778524,-0.809017,-0.5,0.8660254,1.2246469e-16,-1.0,0.0,1.0,0.0,0.0,0.0
2025-11-14 08:00:00,4.0,-0.97436315,-1.6613234,-0.81552976,-1.0252327,-0.056467455,-0.0019158045,-0.2966077,0.061211474,2.7004502,2.800545,2.867411,1.5981662,-2.3952053,-2.9874613,-1.8883538,-3.0,-3.0,-2.399901,-2.6718373,-1.6101277,-2.4287186,-2.9914477,0.9982881,2.1247873,-2.1247873,0.6437412,-2.1497242,-2.5563133,-2.1475053,1.8767139,-1.6088015,-0.4064033,-2.0140886,-1.69101,-2.8042152,-2.2058327,0.5601501,-0.58778524,-0.809017,-0.5,0.8660254,-0.8660254,-0.5,0.0,0.0,1.0,0.0,0.0
2025-11-14 12:00:00,4.0,-0.124934874,-0.5195225,1.9266444,-0.29470396,0.4089106,0.45637667,-0.2966077,0.4168968,2.3916707,2.6267152,2.771766,1.2862202,-2.3117793,-2.80389,-2.24487,-3.0,-3.0,-2.9425035,-2.0678365,-1.3799512,-2.271077,-2.7867057,1.2927078,1.9532132,-1.9532132,0.78318983,-1.9356929,-2.5034857,-2.0792613,1.8564136,-1.330796,-0.42957273,-1.8569432,-2.0912306,-0.58866775,-2.0358305,0.4269219,-0.95105654,0.309017,-0.5,0.8660254,0.8660254,-0.5,0.0,1.0,0.0,0.0,0.0
2025-11-14 16:00:00,4.0,1.1787196,0.89554423,-0.3572639,-0.08891225,0.54681087,0.6848453,-0.29391715,0.047750145,2.203251,2.4725883,2.635587,1.1402006,-1.6638103,-2.1143982,-2.05237,-2.8119302,-2.2330272,-2.2899184,-1.7166078,-0.9526339,-1.6274124,-2.1402364,1.3084213,1.4734904,-1.4734904,0.9597249,-1.2529941,-1.7986437,-1.8666962,2.4206753,-1.0285265,-0.44901627,-1.24522,0.32172778,0.34236345,-1.5578817,0.42823216,-0.95105654,0.309017,-0.5,0.8660254,1.2246469e-16,-1.0,0.0,1.0,0.0,0.0,0.0
2025-11-17 08:00:00,4.0,0.19058289,1.0672915,-1.3705252,0.20144284,-1.0324283,-0.7269943,-0.29391715,0.030865634,1.1723869,1.7648466,2.1123092,0.18534684,-1.551402,-1.9556571,-2.0332363,-0.55549026,-2.353095,-2.2373884,-1.4456996,-0.8229066,-1.605326,-2.1626241,-1.1443945,1.4082015,-1.4082015,-0.76125145,-0.9940468,-2.1338484,-1.7045819,-0.55274487,-0.79133415,-0.46705002,-1.2536294,0.7788843,0.6235835,-1.5000445,0.36023358,-0.95105654,0.309017,-0.5,0.8660254,-0.8660254,-0.5,0.0,0.0,1.0,0.0,0.0
2025-11-17 12:00:00,4.0,-1.8150913,-1.7037246,-1.0410582,-1.0017126,0.593083,0.25453603,-0.29391715,-0.19218212,1.4978307,1.9721994,2.3183293,0.41498166,-1.9671416,-2.3793328,-1.9971447,-0.67031896,-2.9828818,-2.2962515,-2.1994197,-1.1083288,-2.144051,-2.625198,1.2698629,1.9010521,-1.9010521,-0.6484916,-1.1201317,-2.7448213,-1.9295897,-0.6793848,-0.90909564,-0.4858462,-1.849985,-0.64854014,0.18064041,-2.008443,0.26109046,0.0,1.0,-0.5,0.8660254,0.8660254,-0.5,0.0,1.0,0.0,0.0,0.0
2025-11-17 16:00:00,4.0,-0.67487776,-1.5345827,-0.7805986,-0.9012393,-0.46076933,0.57313484,-0.2622928,0.009878377,1.0681473,1.6607553,2.097706,-0.021418985,-2.0317523,-2.4120948,-2.1228027,-0.54413295,-3.0,-2.628059,-2.374604,-1.0852691,-2.319337,-2.7917135,0.024158232,1.8230933,-1.8230933,-0.67029214,-1.2439872,-3.0,-1.9258204,-0.72795874,-0.96428907,-0.78207034,-2.0345259,-1.0915188,-0.5179492,-1.9274693,0.24949749,0.0,1.0,-0.5,0.8660254,1.2246469e-16,-1.0,0.0,1.0,0.0,0.0,0.0
2025-11-18 08:00:00,4.0,0.2234382,0.33341435,-1.0494629,2.0437665,-0.87493926,-0.9177302,-0.2622928,0.11506813,0.42802957,1.1673367,1.7100129,-0.6406603,-1.8808724,-2.2224417,-2.1360328,-0.3983954,-2.832682,-1.7588861,-2.3566155,-0.9222468,-2.2679012,-2.7451468,-1.0000867,1.6671928,-1.6671928,-0.6199786,-0.9957546,-3.0,-1.784951,-1.0636978,-0.8528107,-1.9306606,-2.0314567,0.36344126,-0.5091557,-1.7566919,0.10035443,0.0,1.0,-0.5,0.8660254,-0.8660254,-0.5,0.0,0.0,1.0,0.0,0.0
2025-11-18 12:00:00,4.0,-0.82038033,0.51764,0.76533276,0.018277207,0.0984245,-0.4521667,-0.2622928,-2.5849435,0.79016155,1.3325462,1.820989,-0.2587765,-1.9786503,-2.2953131,-1.9186709,-1.2406663,-2.941455,-1.7564518,-2.372024,-0.9535396,-2.3194625,-2.7073069,0.9502134,1.4898982,-1.4898982,-0.9776583,-0.96046865,-3.0,-1.8569196,-0.9804756,-0.8615817,-2.7721238,-2.1789274,-0.6057354,-0.21953519,-1.5758184,0.111630015,0.95105654,0.309017,-0.5,0.8660254,0.8660254,-0.5,0.0,1.0,0.0,0.0,0.0
2025-11-18 16:00:00,4.0,-0.9426087,-1.3841063,-0.4585509,-0.6905694,0.18640916,0.6178179,-0.22745682,0.122868314,0.87214947,1.3491572,1.8322554,-0.19121076,-2.0688806,-2.3624775,-1.8664057,-1.690694,-1.6311791,-2.3874447,-2.3524554,-0.9704773,-2.4327374,-2.7648723,0.99371445,1.6004552,-1.6004552,-1.1134639,-1.0558503,-3.0,-1.9186189,-0.5551321,-0.7963474,-3.0,-2.2811637,-1.0903238,-0.26772073,-1.6823944,-0.006709011,0.95105654,0.309017,-0.5,0.8660254,1.2246469e-16,-1.0,0.0,1.0,0.0,0.0,0.0
2025-11-19 08:00:00,4.0,0.47134823,0.9931204,-0.3359979,-0.34352532,-0.71646315,-0.7526003,-0.22745682,0.15618993,0.3418366,0.9440949,1.5040913,-0.6955762,-1.8125625,-2.1033244,-1.7789711,-0.73014647,-1.0046282,-3.0,-2.1806753,-0.782312,-2.1928036,-2.6245751,-0.7236556,1.4635366,-1.4635366,-1.1057408,-0.8171339,-3.0,-1.7756957,-0.98885256,-0.70355487,-3.0,-2.1005354,0.36344126,-0.1331767,-1.5435965,-0.56463224,0.95105654,0.309017,-0.5,0.8660254,-0.8660254,-0.5,0.0,0.0,1.0,0.0,0.0
2025-11-19 12:00:00,4.0,0.46130276,0.6728925,-0.45298082,0.58713,-0.038737353,-0.31437144,-0.22745682,-0.3051484,0.34199587,0.8578642,1.3941232,-0.6315325,-1.5809078,-1.8779972,-1.3978213,-0.253588,-0.56797606,-2.7446907,-1.9635807,-0.6278019,-1.7989912,-2.3183289,0.59968317,1.2911206,-1.2911206,-1.0226209,-0.5682325,-2.8007543,-1.6580639,-0.8197998,-0.5985192,-3.0,-1.6590406,0.8215959,0.27642664,-1.3824852,-0.72810847,0.58778524,-0.809017,-0.5,0.8660254,0.8660254,-0.5,0.0,1.0,0.0,0.0,0.0
2025-11-19 16:00:00,4.0,0.1108479,-0.047419913,3.0,-0.913809,-0.5839295,0.10021754,-0.18413636,0.03558281,0.053961944,0.6071023,1.185839,-0.898756,-1.5239167,-1.7944891,-1.0991594,-0.2995183,-0.49783605,-2.521917,-1.902739,-0.5380617,-1.6645644,-2.273505,-0.42449215,1.1987988,-1.1987988,-1.0488858,-0.6554766,-2.830236,-1.5811217,-0.67957515,-0.47457603,-3.0,-1.5891982,-0.6108008,0.49608326,-1.3368099,-0.85639787,0.58778524,-0.809017,-0.5,0.8660254,1.2246469e-16,-1.0,0.0,1.0,0.0,0.0,0.0
2025-11-20 08:00:00,4.0,0.036722474,-1.0686553,-0.32783797,0.1530421,-0.94476986,-1.1027215,-0.18413636,0.16897544,-0.42434734,0.22305894,0.8859783,-1.3924335,-1.4884448,-1.733187,-0.8589441,0.058745176,-0.83373874,-2.2410235,-1.7709724,-0.47133818,-1.6562505,-2.37125,-1.2281058,1.1122718,-1.1122718,-1.1986109,-0.57461387,-3.0,-1.5053712,-1.1651287,-0.45102647,-3.0,-1.6983851,-1.0775336,0.2709464,-1.3103048,-0.71668977,0.58778524,-0.809017,-0.5,0.8660254,-0.8660254,-0.5,0.0,0.0,1.0,0.0,0.0
2025-11-20 12:00:00,4.0,0.757045,-0.39303547,1.1667883,0.7055394,-0.2599759,-0.5354,-0.18413636,1.5828804,-0.22509617,0.23724286,0.8272935,-1.0413713,-1.1107855,-1.434139,-0.3046245,0.7717216,-0.65722436,-2.1411784,-1.5164659,-0.31068146,-1.0883965,-1.9351025,0.12646359,0.5904018,-0.5904018,-1.5635308,-0.3743789,-2.5550919,-1.3610206,-1.0988114,-0.31674987,-3.0,-1.153468,0.3383042,0.496526,-1.1379098,-0.5057337,-0.58778524,-0.809017,-0.5,0.8660254,0.8660254,-0.5,0.0,1.0,0.0,0.0,0.0
2025-11-20 16:00:00,4.0,0.93139964,1.0155059,0.34152678,-1.1727073,0.12763721,0.35439786,-0.12909944,-0.030732416,-0.011853575,0.28790912,0.79455024,-0.6942403,-0.67827755,-1.095896,0.32768753,0.9617764,0.17733778,-1.8719038,-1.1948701,-0.1275671,-0.47411793,-1.4756243,0.8295791,0.12640734,-0.12640734,-1.4085983,-0.044747107,-2.0469086,-1.2050841,-0.7042312,-0.19190133,-2.9703364,-0.6155803,0.794673,1.0034698,-0.94249153,-0.31115097,-0.58778524,-0.809017,-0.5,0.8660254,1.2246469e-16,-1.0,0.0,1.0,0.0,0.0,0.0
2025-11-21 08:00:00,4.0,-0.31193712,-1.3299719,-1.1313632,0.15531923,-0.6001842,-0.9937145,-0.12909944,0.10006956,-0.2526289,0.09822208,0.643679,-0.94831586,-0.7899126,-1.157128,0.69315237,0.6362952,0.28476578,-2.1781898,-1.3021727,-0.15589872,-0.46649793,-1.6118745,-0.6035474,0.35791466,-0.35791466,-1.1968033,-0.040574037,-2.2673895,-1.2026215,-0.87017494,-0.18093649,-2.8856366,-0.74244237,-0.661609,0.84465224,-1.012624,-0.9816231,-0.58778524,-0.809017,-0.5,0.8660254,-0.8660254,-0.5,0.0,0.0,1.0,0.0,0.0
2025-11-21 12:00:00,4.0,-1.0946748,0.20054007,1.790974,-0.056634933,0.031602733,-0.45570928,-0.12909944,-2.4795399,0.25464672,0.3947263,0.83938247,-0.34097353,-1.1000475,-1.3764219,0.6400454,0.12780654,-0.12275134,-2.2235107,-1.6183445,-0.38055262,-0.6794947,-1.7102637,0.5557076,0.99908054,-0.99908054,-0.75741345,-0.15847592,-2.2111044,-1.3792995,-0.35064116,-0.4022672,-2.458732,-1.0370586,-1.1132919,-0.012508812,-1.2291393,-0.78552145,-0.95105654,0.309017,-0.5,0.8660254,0.8660254,-0.5,0.0,1.0,0.0,0.0,0.0
2025-11-21 16:00:00,4.0,0.3483187,0.23401721,0.6659216,0.93126553,-0.31007347,0.47797164,1.293564e-09,0.18340942,0.13470288,0.2987504,0.7391175,-0.44151187,-0.9565038,-1.2520603,0.7268531,0.2599273,0.23370636,-2.105627,-1.5105642,-0.37729725,-0.34765434,-1.5612853,0.022537585,0.84659535,-0.84659535,-0.7442255,0.39176127,-2.1001701,-1.2941242,0.015312569,-0.36469156,-2.3514936,-0.82826465,0.37089723,-0.37798297,-1.0947148,-0.73387617,-0.95105654,0.309017,-0.5,0.8660254,1.2246469e-16,-1.0,0.0,1.0,0.0,0.0,0.0
2025-11-24 08:00:00,4.0,0.23852731,0.47807148,-1.2957836,1.991911,-0.95574206,-1.1749063,-1.5768155e-08,0.121110834,-0.30388537,-0.0067716613,0.5022418,-0.9211551,-0.8722751,-1.1734627,0.8929906,0.045055598,0.5943213,-0.8192141,-1.5864496,-0.2856534,-0.21465647,-1.580848,-1.0228819,0.39937806,-0.39937806,-0.06420499,0.6508747,-2.25422,-1.2060229,-0.42848557,-0.302108,-2.4264848,-0.6166544,0.9028624,-0.1266102,-0.94641495,1.3423644,-0.95105654,0.309017,-0.5,0.8660254,-0.8660254,-0.5,0.0,0.0,1.0,0.0,0.0
2025-11-24 12:00:00,4.0,0.85075164,-0.26051307,2.2897503,-0.023957731,0.018421851,-0.85078865,2.8740872e-09,1.571433,0.0096762115,0.13113841,0.53499126,-0.4545996,-0.47109273,-0.8847063,1.133389,0.013625957,0.71450925,-0.22951572,-1.4610186,0.13094719,0.2370955,-1.143572,0.16232288,-0.4380957,0.4380957,-0.07864452,0.99553746,-1.7632204,-1.0777998,-0.32030073,0.1921109,-2.0953777,0.019888623,1.4755675,0.8138809,-0.37314677,1.2596405,0.0,1.0,-0.5,0.8660254,0.8660254,-0.5,0.0,1.0,0.0,0.0,0.0
2025-11-24 16:00:00,4.0,0.7744122,0.89379203,0.44637585,-0.75030744,0.1975712,0.12619184,2.1602211e-09,0.15937509,0.014945635,0.10388048,0.47005615,-0.3873175,-0.12762049,-0.6336897,1.4637598,0.48258623,0.81513757,0.20385815,-1.404777,0.5577605,0.59354264,-0.8517637,0.28263763,-1.1107186,1.1107186,0.051422827,1.5544612,-1.5114224,-0.9478327,-0.05078119,0.4659074,-1.9759376,0.40538174,2.0498302,1.0927857,-0.0057795476,1.3085123,0.0,1.0,-0.5,0.8660254,1.2246469e-16,-1.0,0.0,1.0,0.0,0.0,0.0
2025-11-25 08:00:00,4.0,0.06921536,-0.8646527,1.3482887,-0.93583494,-1.2447605,-1.2941108,-1.5885133e-08,0.15859315,-0.5095322,-0.24720253,0.2131076,-1.0096493,-0.12777558,-0.6238562,1.8094352,0.9867138,0.8033698,0.25427306,-1.385578,0.60831666,0.6475901,-0.9399519,-1.4829346,-1.0611453,1.0611453,-1.0988607,1.4425094,-1.790327,-0.86298966,-0.8031253,0.6376508,-2.1295695,0.49361634,-0.6044505,0.9840103,-0.01549575,1.2673086,0.0,1.0,-0.5,0.8660254,-0.8660254,-0.5,0.0,0.0,1.0,0.0,0.0
2025-11-25 12:00:00,4.0,0.50122386,0.77734035,-0.34126836,0.37769827,-0.17671257,-0.82117456,5.3679567e-09,0.12854277,-0.57261854,-0.3472975,0.09815139,-1.0119352,0.09820956,-0.4621534,2.0306048,1.0521108,0.94803804,0.09614966,-1.2519869,1.0200979,0.93843466,-0.7576437,-0.35970402,-1.3582106,1.3582106,-1.0393728,1.638127,-1.6827416,-0.7514127,-0.81335795,0.8692383,-1.9097317,0.91444385,0.51046836,0.73370916,0.2802606,1.2463292,0.95105654,0.309017,-0.5,0.8660254,0.8660254,-0.5,0.0,1.0,0.0,0.0,0.0
2025-11-25 16:00:00,4.0,1.3031824,1.4395666,-1.0698354,-0.9052927,0.83761346,1.1437771,1.9951989e-08,0.14258212,-0.30205613,-0.24317674,0.09591315,-0.5498684,0.7157381,-0.009593522,2.255567,1.4990671,1.12546,0.39888188,-0.9613187,2.1029825,1.5737417,-0.19183612,0.8289186,-1.4511378,1.4511378,-0.73942244,2.236547,-1.1171743,-0.5564328,-0.2595618,1.6771578,-0.92517257,1.5041564,1.0601878,1.0251133,1.031481,1.1389806,0.95105654,0.309017,-0.5,0.8660254,1.2246469e-16,-1.0,0.0,1.0,0.0,0.0,0.0
2025-11-26 08:00:00,4.0,0.019021148,-0.669174,-0.36920884,1.2858874,-1.3481189,-1.0716316,-1.629781e-08,0.08322609,-0.7495047,-0.5508096,-0.13434796,-1.1124976,0.6947179,-0.013151351,2.549071,1.1350266,0.8484065,0.8707686,-0.94288856,1.8253409,1.6181483,-0.23373517,-1.2704908,-1.3787558,1.3787558,-0.26424697,1.9270443,-1.3764483,-0.4495125,-0.8759903,1.8408201,-0.45928878,1.6248252,-0.6286069,0.97662574,1.4208368,1.445278,0.95105654,0.309017,-0.5,0.8660254,-0.8660254,-0.5,0.0,0.0,1.0,0.0,0.0
2025-11-26 12:00:00,4.0,0.13348453,-0.71211773,-0.90940595,1.5502603,0.6324751,-0.53132373,3.3359817e-09,0.8874027,-0.53705573,-0.46563455,-0.11870689,-0.74703217,0.7368222,0.021991832,2.3810296,0.8604642,0.9882932,1.0788623,-0.917407,1.6246735,1.5243012,-0.121806554,0.32265943,-1.1455919,1.1455919,-0.19400918,1.8761574,-1.2167854,-0.45613396,-0.75883394,1.632562,0.31892288,1.563733,0.49725622,0.731978,1.2006743,1.4220097,0.58778524,-0.809017,-0.5,0.8660254,0.8660254,-0.5,0.0,1.0,0.0,0.0,0.0
2025-11-26 16:00:00,4.0,0.19413647,0.18472967,-0.9514678,2.477027,-0.2820664,0.07132452,-1.8198723e-09,0.059101388,-0.62551755,-0.55418,-0.21400933,-0.8085542,0.80773056,0.08163215,2.2914548,0.90790427,1.3772342,1.0694476,-0.8220583,1.5019859,1.538264,-0.03014608,-0.5266634,-1.2062778,1.2062778,-0.29166946,1.8776683,-1.2104651,-0.3884136,-0.43107185,1.411441,0.42264977,1.5657781,1.0261334,0.07123841,1.2563603,1.4739366,0.58778524,-0.809017,-0.5,0.8660254,1.2246469e-16,-1.0,0.0,1.0,0.0,0.0,0.0
2025-11-27 08:00:00,3.0,0.06294047,-0.33537954,3.0,-1.1279429,-1.2556801,-1.027658,-1.512974e-08,0.087758206,-0.993285,-0.82620245,-0.4293425,-1.2776927,0.7997486,0.09109821,2.2787716,0.72221816,1.2783087,1.2860396,-0.78891283,1.3225644,1.5351523,-0.042317264,-1.2145025,-1.1723409,1.1723409,-0.09174776,1.5997471,-1.4440268,-0.26412335,-0.7052025,1.3751296,0.684716,1.6219022,-0.6682928,0.09169147,1.22391,1.2568371,0.58778524,-0.809017,-0.5,0.8660254,-0.8660254,-0.5,0.0,0.0,1.0,0.0,0.0
2025-11-27 12:00:00,3.0,0.05534041,-0.24209528,0.95265865,1.0823611,-0.48778817,-0.6025647,3.860885e-10,0.0933609,-1.0708114,-0.9354126,-0.54887706,-1.3088417,0.7943011,0.09932196,2.0954766,0.19608998,1.212662,1.5267485,-0.89373463,1.1968608,1.4271314,-0.015655862,-0.7104234,-1.1412308,1.1412308,-1.7792939,1.3609045,-1.5269727,-0.20236641,-1.0281829,1.186261,0.8194901,1.4607408,-1.1921487,0.03189182,1.1948401,1.1915478,-0.58778524,-0.809017,-0.5,0.8660254,0.8660254,-0.5,0.0,1.0,0.0,0.0,0.0
2025-11-27 16:00:00,3.0,0.14980909,0.37740844,1.1370674,0.010985768,-0.7555062,-0.22178154,-3.6777283e-09,-0.023998925,-1.2011197,-1.0807558,-0.6989569,-1.4222062,0.8506466,0.1469496,1.9481649,0.25110593,0.9945461,1.4332386,-0.80532676,1.127423,1.3986527,0.048459332,-0.82242405,-1.1675038,1.1675038,-1.752287,1.3902444,-1.6249607,-0.08994195,-0.84950644,1.0960882,1.008962,1.4599334,0.4664243,0.00943518,1.2223938,1.2331275,-0.58778524,-0.809017,-0.5,0.8660254,1.2246469e-16,-1.0,0.0,1.0,0.0,0.0,0.0
2025-11-28 08:00:00,3.0,0.021837872,-0.693221,0.9854641,-0.27219006,-1.1997621,-1.0543178,-1.5260127e-08,0.064879335,-1.4414731,-1.3016183,-0.90241957,-1.7259609,0.8066368,0.14018852,1.8412488,0.2040462,0.7645736,1.3154694,-0.82597643,1.0021923,1.3308135,0.008697564,-1.4413898,-1.0977858,1.0977858,-1.6308167,1.2332898,-1.9011334,0.01629674,-1.2607615,0.98359793,1.2187585,1.4352849,-0.633329,-0.03720366,1.1546068,1.2573451,-0.58778524,-0.809017,-0.5,0.8660254,-0.8660254,-0.5,0.0,0.0,1.0,0.0,0.0
2025-11-28 12:00:00,3.0,0.34455034,1.0628049,-0.10229622,-0.65480745,-0.37935862,-0.48171094,1.2133568e-08,-0.08073427,-1.4178911,-1.3640162,-1.016492,-1.580087,1.0256414,0.29110685,1.6704739,0.26734564,0.84457767,1.3661994,-0.7260353,1.0544825,1.4098746,0.23661058,-0.6755467,-1.2484175,1.2484175,-1.3579013,1.2310164,-1.800392,0.047910955,-1.2333883,0.9532723,1.4439876,1.492256,0.4664243,0.20853342,1.3177843,1.2737663,-0.95105654,0.309017,-0.5,0.8660254,0.8660254,-0.5,0.0,1.0,0.0,0.0,0.0
2025-11-28 16:00:00,3.0,0.106032595,-0.024835045,2.6236422,-0.6091826,-0.8631233,0.19796549,4.5833473e-10,0.09697269,-1.5089686,-1.4872547,-1.1674914,-1.6492729,1.0311902,0.31905448,1.5548501,0.2852153,0.7234333,1.3714861,-0.5469714,0.9774801,1.3316537,0.30413502,-1.0605022,-1.1417559,1.1417559,-1.3222611,1.3244163,-1.9223878,0.19163153,-1.1056304,0.95693433,1.7259649,1.449785,0.99304676,0.16905448,1.2832705,1.2513361,-0.95105654,0.309017,-0.5,0.8660254,1.2246469e-16,-1.0,0.0,1.0,0.0,0.0,0.0
2025-12-01 08:00:00,3.0,0.04215668,-0.56016225,1.4774575,-0.45200452,-0.9421161,-0.9820803,-1.5651228e-08,0.12552674,-1.6183105,-1.621878,-1.3293163,-1.7598002,0.97347844,0.31576973,1.4250944,0.2794654,0.34126198,1.1900809,-0.548204,0.8685584,1.2295129,0.33505055,-1.1539011,-1.0412831,1.0412831,-1.2753295,1.1792192,-2.102252,0.3593489,-1.1908311,0.85310143,1.7988902,1.3919089,-0.6729624,0.17418371,1.2280352,1.3005075,-0.95105654,0.309017,-0.5,0.8660254,-0.8660254,-0.5,0.0,0.0,1.0,0.0,0.0
2025-12-01 12:00:00,3.0,-1.1420692,-1.6523303,-1.0114098,-0.9620752,1.0382524,0.6603375,4.6890374e-08,-0.43532816,-1.0348232,-1.2758596,-1.1293861,-0.69897425,-0.14036247,-0.25314376,0.6601759,-0.26788384,-0.012225017,0.673279,-0.96116364,0.11668221,0.123160966,-0.2879525,0.13244961,0.5663245,-0.5663245,0.29067504,0.81853914,-1.8955187,-0.3474882,-0.45734966,0.31584707,1.3830026,0.12694752,-1.1921487,-1.2412809,0.39521292,0.7704706,0.0,1.0,-2.4492937e-16,1.0,0.8660254,-0.5,0.0,1.0,0.0,0.0,0.0
2025-12-01 16:00:00,3.0,0.64603835,0.98036885,-0.73427564,0.370482,0.6508794,-0.24150643,-1.2686802e-08,0.06481619,-0.87396204,-1.1857735,-1.1332499,-0.3762375,0.3782038,0.08080776,0.41694593,-0.0021420417,0.14495967,0.91980445,-0.74898505,0.40162566,0.4636386,0.18822744,-0.124339126,-0.0968736,0.0968736,0.60733736,0.88932765,-1.4653949,-0.18800326,0.13989514,0.2763211,1.2384195,0.5039032,0.4664243,-0.7042562,0.7586383,0.61676973,0.0,1.0,-2.4492937e-16,1.0,1.2246469e-16,-1.0,0.0,1.0,0.0,0.0,0.0
2025-12-02 08:00:00,3.0,0.12250695,-0.059840437,-0.23492178,2.7486727,-1.0969986,-0.98095876,-1.5544304e-08,0.12416466,-1.2138897,-1.4131746,-1.3420641,-0.87637186,0.41068584,0.11826288,0.31032413,-0.09497762,0.12370094,1.2209474,-0.730165,0.34580177,0.39505622,0.19919203,-1.5615023,0.14734988,-0.14734988,0.9260539,0.87159854,-1.7184684,0.022261387,-0.17672424,0.35454527,1.255339,0.42305997,1.0097259,-0.6141329,0.7475979,-0.85718226,0.0,1.0,-2.4492937e-16,1.0,-0.8660254,-0.5,0.0,0.0,1.0,0.0,0.0
2025-12-02 12:00:00,3.0,1.1358992,1.3479962,-0.7079978,-0.77406585,1.559372,0.7305107,5.0828238e-08,0.091449134,-0.79061574,-1.1607618,-1.241217,-0.1127687,1.2573477,0.73833513,0.41214916,0.34722146,0.45424142,1.4101826,-0.18777014,1.0319805,0.97505814,0.972142,0.72798854,-1.1758893,1.1758893,1.3980191,1.0964541,-0.91156703,0.27303255,0.66997945,0.8203736,1.127414,0.8444506,1.5040082,1.4519336,1.3253977,-1.4131222,0.95105654,0.309017,-2.4492937e-16,1.0,0.8660254,-0.5,0.0,1.0,0.0,0.0,0.0
2025-12-02 16:00:00,3.0,-0.31184402,-0.7226777,-0.8015458,1.4246932,0.87079966,1.8742291,-1.7588855e-09,0.058604106,-0.60543996,-1.0140022,-1.1632962,0.16102257,0.88323504,0.5432408,0.34752855,0.19607101,0.34127682,1.2589102,-0.39431956,0.6655146,0.56637025,0.7839963,0.056200016,-0.6134923,0.6134923,1.3740387,0.41611555,-0.8574605,0.043206096,1.3464581,0.70031226,1.0674667,0.42722854,-0.66384095,0.52827495,0.91536736,-1.2213409,0.95105654,0.309017,-2.4492937e-16,1.0,1.2246469e-16,-1.0,0.0,1.0,0.0,0.0,0.0
2025-12-03 08:00:00,3.0,-0.21633554,-1.2704798,-0.08195288,-0.9048797,-0.46931416,-0.73471045,-1.6194539e-08,0.058127675,-0.8395931,-1.1418301,-1.2776147,-0.193244,0.6120908,0.39643595,0.24738683,0.58553827,0.22948258,0.98950285,-0.38548657,0.26808855,0.30172232,0.6730256,-0.7831397,-0.18839145,0.18839145,0.45260262,0.20675771,-1.0690792,0.06133089,0.25103176,0.47937658,1.091388,0.15031707,-1.1901547,0.21981789,0.5835607,-1.5690674,0.95105654,0.309017,-2.4492937e-16,1.0,-0.8660254,-0.5,0.0,0.0,1.0,0.0,0.0
2025-12-03 12:00:00,3.0,0.5644561,1.4144075,-0.78527176,-0.8534001,0.40669218,0.6326589,1.3594822e-08,-0.3006852,-0.8089114,-1.1168698,-1.2999866,-0.11578968,0.97139275,0.6798452,0.25968555,0.55096865,0.39515057,0.9351276,0.10365515,0.8081093,0.55825174,1.0425768,-0.2928014,-0.8426983,0.8426983,0.47815728,0.62360626,-0.8433804,0.10913702,0.09280759,0.6225852,1.059411,0.38364524,0.41018406,-0.2907299,0.97513443,-2.5056543,0.58778524,-0.809017,-2.4492937e-16,1.0,0.8660254,-0.5,0.0,1.0,0.0,0.0,0.0
2025-12-03 16:00:00,3.0,0.10189038,0.04360286,0.21996859,1.9340073,1.0019529,1.2577792,-4.8842876e-09,-0.041914765,-0.61919624,-0.97398174,-1.2187676,0.18548751,0.97209185,0.70388603,0.22542293,0.5402678,0.32161534,0.9371153,-0.24723512,0.80353165,0.4828022,1.1156051,0.15332717,-0.8517564,0.8517564,0.52150923,1.3257146,-0.6744582,0.04234703,0.8714846,0.7534745,0.99977684,0.33186856,0.94206923,0.10553522,0.977175,-2.4322615,0.58778524,-0.809017,-2.4492937e-16,1.0,1.2246469e-16,-1.0,0.0,1.0,0.0,0.0,0.0
2025-12-04 08:00:00,4.0,0.06997759,-0.037146773,1.4427713,0.9142296,-1.0545697,-1.0311,-1.6492205e-08,-0.008684293,-0.97183585,-1.1858106,-1.3884258,-0.38878947,0.9457855,0.7102407,0.22932203,0.08579092,0.31065688,0.82958215,-0.23951,0.742616,0.44117528,1.1923195,-1.371639,-0.819931,0.819931,-0.42156547,1.2176983,-0.91187394,0.27331993,-0.17737436,1.0417325,1.0076694,0.30967048,-0.66384095,0.36636266,0.8780218,-2.3487146,0.58778524,-0.809017,-2.4492937e-16,1.0,-0.8660254,-0.5,0.0,0.0,1.0,0.0,0.0
2025-12-04 12:00:00,3.0,0.72716737,-0.05947042,1.8993194,0.15783258,1.6509092,1.4558165,6.755093e-08,1.3266455,-0.41292232,-0.8233435,-1.1625413,0.5442426,1.4168023,1.1125969,0.26055682,0.5219875,0.51647204,0.6877269,-0.08000259,1.613451,0.75014615,1.5503412,0.76411825,-0.5032064,0.5032064,-0.064715385,1.7314315,-0.28110993,0.27957004,0.2657228,2.4391675,0.7893971,0.6194299,0.4539135,0.5162075,0.5656129,-2.1828027,-0.58778524,-0.809017,-2.4492937e-16,1.0,0.8660254,-0.5,0.0,1.0,0.0,0.0,0.0
2025-12-04 16:00:00,3.0,0.0061796606,-0.16017117,-0.061951675,2.0629873,-0.39923412,0.5164465,-1.1893572e-08,-0.04357296,-0.64900297,-0.9386706,-1.2438731,0.1550423,1.3165375,1.0603865,0.30502608,0.61487454,0.85948145,0.6818478,0.3711425,1.287474,0.6995929,1.5758998,-0.5988527,-0.44413462,0.44413462,-0.33173123,1.0178878,-0.40004936,0.40145454,0.30499142,1.471966,0.7801956,0.5584516,-0.6577114,0.42289525,0.506865,-1.9198747,-0.58778524,-0.809017,-2.4492937e-16,1.0,1.2246469e-16,-1.0,0.0,1.0,0.0,0.0,0.0
2025-12-05 08:00:00,3.0,0.12685889,0.24981992,1.7692733,-0.44002473,-0.67677474,-0.893938,-1.5574111e-08,0.019730821,-0.902692,-1.0910913,-1.360992,-0.27680987,1.3213595,1.0842549,0.33472797,0.42851543,0.6984865,0.67702657,0.2841279,1.1667281,0.7304625,1.6982158,-0.9859624,-0.4836983,0.4836983,-0.47986937,1.0249987,-0.5387728,0.6498518,-0.0754066,1.4383001,0.77963644,0.6109598,0.4539135,0.4767917,0.5435708,-1.8227712,-0.58778524,-0.809017,-2.4492937e-16,1.0,-0.8660254,-0.5,0.0,0.0,1.0,0.0,0.0
2025-12-05 12:00:00,0.0,0.8038271,1.2316954,-0.5922934,-0.50372505,1.4999732,0.87018,2.1388777e-08,-0.026707126,-0.64081085,-0.9250666,-1.2573181,0.21985552,1.7593293,1.473275,0.42313424,0.7106489,0.8895681,0.81198996,1.0351751,1.6976012,1.0774287,2.0124104,0.5975531,-1.0720379,1.0720379,-0.093780525,1.362998,-0.09538454,0.83832645,0.014955847,1.673024,0.6656138,0.9674523,0.97746724,0.4959419,1.113855,-2.1562479,-0.95105654,0.309017,-2.4492937e-16,1.0,0.8660254,-0.5,0.0,1.0,0.0,0.0,0.0
2025-12-05 16:00:00,0.0,0.56102705,1.36243,-0.6430718,-0.89672893,0.23651864,1.0486479,-8.160377e-09,-0.0015325673,-0.6861809,-0.94001144,-1.2705452,0.15169649,1.9685951,1.6923463,0.59222806,0.91293436,0.7058402,0.9204914,1.3921773,1.7213941,1.3187315,2.2356617,-0.27332318,-1.0996194,1.0996194,-0.22849636,1.5388591,0.07703514,1.1219779,0.44512352,1.7961757,0.6695902,1.2035112,1.4760528,0.89571697,1.1373748,-1.9352965,-0.95105654,0.309017,-2.4492937e-16,1.0,1.2246469e-16,-1.0,0.0,1.0,0.0,0.0,0.0
2025-12-08 08:00:00,3.0,-0.18375431,-1.154055,-0.55921566,-0.010423626,-0.6934041,-1.1405969,-1.6904055e-08,0.02987881,-0.89192176,-1.054929,-1.3395169,-0.25766978,1.6709013,1.502611,0.64915246,0.53700465,0.74640846,0.8612765,1.0593884,1.2271655,1.1681348,2.122514,-0.86070275,-0.92635155,0.92635155,-0.011274523,1.1943765,-0.12081931,1.220175,-0.5435815,1.3232247,0.56718254,1.088886,-0.70377594,0.5402597,0.9672781,-1.7813544,-0.95105654,0.309017,-2.4492937e-16,1.0,-0.8660254,-0.5,0.0,0.0,1.0,0.0,0.0
2025-12-08 12:00:00,3.0,-0.020562733,-0.076370075,0.5448609,1.4926661,0.7086307,0.38496873,3.6110293e-08,-0.07125244,-0.7472294,-0.95868516,-1.2626101,0.040580116,1.5362465,1.4338931,0.52651536,0.52766836,0.8023468,0.8174458,0.2387985,0.9626733,0.99684435,1.9511603,0.14891322,-0.8101692,0.8101692,0.042370703,0.66908973,-0.054378066,1.0765343,-0.16820502,0.88946843,0.55501753,0.89577234,-1.2094637,-0.1684539,0.90678614,-1.6667218,0.0,1.0,-2.4492937e-16,1.0,0.8660254,-0.5,0.0,1.0,0.0,0.0,0.0
2025-12-08 16:00:00,3.0,0.092151396,0.02771466,2.0633316,-0.3314903,-0.4256858,-0.014967549,-1.1321581e-08,0.07554811,-0.84998614,-1.0138991,-1.2920194,-0.17606087,1.5092571,1.4333994,0.44507354,0.5101921,0.6581274,0.82723206,0.18643376,0.82693577,0.9634201,1.9269177,-0.3799612,-0.79435927,0.79435927,0.108870916,0.82625246,-0.11643555,1.2086354,0.011584056,0.79669154,0.7520202,0.8837603,0.4539135,-0.51871866,0.89807224,-1.5266377,0.0,1.0,-2.4492937e-16,1.0,1.2246469e-16,-1.0,0.0,1.0,0.0,0.0,0.0
2025-12-09 08:00:00,3.0,0.23111528,0.83138525,-1.1357065,1.1406293,-0.8445577,-1.2095089,-1.6708e-08,0.040288188,-1.0108578,-1.1159055,-1.359784,-0.53485346,1.5578575,1.4984007,0.40154234,0.27234825,0.68620753,0.7908365,0.2899015,0.7951288,1.0447779,1.9970312,-0.9634282,-0.90959364,0.90959364,-0.50714904,0.7436779,-0.19924617,1.5060434,-0.58752126,0.6191879,0.90196455,1.0296738,0.97746724,-0.047557555,0.9951159,-1.4988425,0.0,1.0,-2.4492937e-16,1.0,-0.8660254,-0.5,0.0,0.0,1.0,0.0,0.0
2025-12-09 12:00:00,3.0,-0.43580914,-0.92421865,0.37525967,-0.43104517,-0.031001942,0.3357094,3.4602248e-08,-0.29807258,-0.9443367,-1.0770237,-1.322008,-0.3965757,1.0036281,1.1727575,0.14974341,-0.12878618,0.550884,0.6743139,0.34821457,0.3966674,0.65787995,1.6930006,-0.13245821,-0.4612298,0.4612298,-0.80725515,0.31936848,-0.38188434,1.2543331,-0.53903055,0.3966599,0.8875103,0.5898525,-0.69794,-0.72141,0.6740135,-1.1303501,0.95105654,0.309017,-2.4492937e-16,1.0,0.8660254,-0.5,0.0,1.0,0.0,0.0,0.0
2025-12-09 16:00:00,3.0,0.29682967,0.57402384,-0.5406749,1.1015112,-0.63084865,0.024104424,-1.1154987e-08,0.2188523,-1.0048864,-1.1209875,-1.3522658,-0.5356311,1.1267704,1.2837341,0.01759635,0.06420477,0.41375676,0.7229928,0.22237664,0.46100703,0.75754344,1.7813433,-0.46295077,-0.6570076,0.6570076,-0.6375873,0.52616525,-0.38913408,1.5000567,-0.40692234,0.31168082,0.97249526,0.72704744,0.418764,-0.51414365,0.81145823,-1.0689512,0.95105654,0.309017,-2.4492937e-16,1.0,1.2246469e-16,-1.0,0.0,1.0,0.0,0.0,0.0
2025-12-10 08:00:00,3.0,0.19060546,0.9999319,-0.58605456,0.09877984,-1.4102731,-1.2654606,-1.7571992e-08,0.18063308,-1.2235638,-1.2662194,-1.4512671,-1.0950819,1.1803854,1.3408203,-0.055021603,0.14758885,0.46254757,1.0197363,0.22744249,0.48048276,0.7940536,1.8924735,-1.5600853,-0.7575425,0.7575425,-0.28304824,0.4921054,-0.6870604,1.9563706,-0.95504314,0.36205146,1.0426286,0.7776042,0.977116,-0.53121126,0.88377184,-0.9586314,0.95105654,0.309017,-2.4492937e-16,1.0,-0.8660254,-0.5,0.0,0.0,1.0,0.0,0.0
2025-12-10 12:00:00,3.0,-0.7108295,-0.6558809,0.11867334,0.40411383,2.0492175,0.6041098,5.954616e-08,-0.5390348,-0.6493258,-0.9166074,-1.2063466,0.328567,0.4197312,0.87385356,-0.40214184,-0.16670294,0.24640822,0.727861,-0.45822114,-0.11585999,0.10770844,1.2618396,1.5324901,0.25328124,-0.25328124,0.45571768,0.05109716,-0.414165,0.9562628,-0.05299086,-0.04394057,0.8782202,0.025397534,-0.67193514,-0.89306664,0.2139336,-0.32564732,0.58778524,-0.809017,-2.4492937e-16,1.0,0.8660254,-0.5,0.0,1.0,0.0,0.0,0.0
2025-12-10 16:00:00,3.0,-0.11055974,-0.77888936,0.29180107,-0.08580523,-0.09013125,0.4320535,-1.1104063e-08,0.21545567,-0.6690132,-0.9055029,-1.1875666,0.25159016,0.25043258,0.77016497,-0.6514962,-0.30306458,-0.011593013,0.67655295,-0.2888524,-0.3431847,-0.07193237,1.1419046,-0.025007766,0.8215149,-0.8215149,0.23647447,-0.3875855,-0.5361751,0.9158137,0.21728261,-0.2560087,0.8684033,-0.118645504,-1.219194,-1.3379575,0.03470504,-0.39660016,0.58778524,-0.809017,-2.4492937e-16,1.0,1.2246469e-16,-1.0,0.0,1.0,0.0,0.0,0.0
2025-12-11 08:00:00,0.0,0.2270991,0.5776288,0.46755248,0.0090044495,-0.67297894,-1.0907421,-1.746609e-08,0.10130049,-0.8228082,-0.98565847,-1.2355161,-0.12642774,0.35406476,0.8681583,-0.79918003,-0.040067855,-0.11770454,0.45830634,-0.33814058,-0.26764515,-0.014112022,1.1912831,-0.62388474,0.64750415,-0.64750415,0.5571451,-0.3051901,-0.72022915,1.2201277,-0.046266362,-0.30245563,0.906667,-0.051373176,0.4689208,-1.2643024,0.061860763,-0.10203892,0.58778524,-0.809017,-2.4492937e-16,1.0,-0.8660254,-0.5,0.0,0.0,1.0,0.0,0.0
2025-12-11 12:00:00,4.0,1.9616954,0.9072585,-0.87303287,0.6388537,2.683767,0.48237857,1.5170594e-08,1.4203644,-0.21633452,-0.62367666,-1.0079157,1.3831191,1.2374102,1.5895821,-0.4785994,0.40875468,0.31590903,0.8100505,2.8347144,0.8054754,0.6735379,1.4788773,1.7005457,-0.99413925,0.99413925,2.0608392,0.0029452224,0.8635043,1.2555605,1.223089,0.36652315,0.75486696,0.6641429,0.9985457,1.2957214,1.0695797,0.57713073,-0.58778524,-0.809017,-2.4492937e-16,1.0,0.8660254,-0.5,0.0,1.0,0.0,0.0,0.0
2025-12-11 16:00:00,4.0,2.0160213,1.6689674,-0.90622085,-1.2791715,1.955626,2.0576034,-2.0978153e-09,0.09954387,0.197444,-0.36681843,-0.8471303,2.235761,1.7868047,2.141024,-0.064353384,0.947065,0.71137345,1.1363841,3.0,1.6750021,1.1774713,1.7142838,1.7086248,-1.0796309,1.0796309,2.3949769,0.761182,1.9509475,1.4386456,2.833005,1.4351733,0.671703,1.1966343,1.5022019,2.5914931,1.0925113,-0.3419252,-0.58778524,-0.809017,-2.4492937e-16,1.0,1.2246469e-16,-1.0,0.0,1.0,0.0,0.0,0.0
2025-12-12 08:00:00,4.0,-0.61811626,-1.1189405,0.32296133,-0.70798755,0.035132695,-0.8383119,-1.5712056e-08,0.05047871,0.042931493,-0.3953413,-0.836397,1.7886933,1.4370916,1.8300881,0.08306005,1.1932144,0.5837115,0.91978085,3.0,1.144783,0.91072595,1.5234536,0.17448394,-0.64120114,0.64120114,1.789561,0.48704934,1.7434524,1.3342806,1.459453,1.4254104,0.67511815,0.9156052,-0.76054674,2.0753756,0.77450055,-0.8149186,-0.58778524,-0.809017,-2.4492937e-16,1.0,-0.8660254,-0.5,0.0,0.0,1.0,0.0,0.0
2025-12-12 12:00:00,4.0,0.58368224,-0.42202452,1.2074188,-0.056175813,0.4367086,1.0537287,8.456843e-09,1.6187382,0.19544384,-0.28356105,-0.7577557,1.9327538,1.565027,1.9340866,0.19703554,1.6343615,0.64739054,0.97843486,3.0,1.2408426,0.98524237,1.5219071,0.5097801,-0.6664864,0.6664864,1.4157465,1.0752488,2.0614188,1.3564615,1.8406835,1.5464879,0.47565788,0.9383407,0.35140246,0.6833205,0.72501904,-0.6619153,-0.95105654,0.309017,-2.4492937e-16,1.0,0.8660254,-0.5,0.0,1.0,0.0,0.0,0.0
2025-12-12 16:00:00,4.0,-1.3472594,-1.2366709,0.041832447,-0.76489115,1.5688635,1.1770918,-8.380914e-09,-0.059245095,0.67018807,0.007585566,-0.55783236,2.3464675,0.8612445,1.3684278,0.007846425,1.1855911,0.5179137,0.7811646,2.510682,0.470265,0.40834424,1.1048715,1.7562191,-0.0022358538,0.0022358538,2.0578563,0.10838736,1.8845376,0.7542667,2.9591944,0.83357507,0.4278952,0.32822755,-0.8292554,-1.7243304,0.08625257,0.17875335,-0.95105654,0.309017,-2.4492937e-16,1.0,1.2246469e-16,-1.0,0.0,1.0,0.0,0.0,0.0
2025-12-15 08:00:00,4.0,0.27369148,0.9588691,-0.9172034,0.5036206,-0.58994365,-0.461921,-1.4033503e-08,-0.012952759,0.15043536,-0.1891104,-0.6462959,1.4048328,0.9334406,1.4109887,-0.06599125,0.42237678,0.4965116,0.6555174,2.393452,0.5274489,0.4778176,1.1619656,-0.532519,-0.15259065,0.15259065,1.5099779,0.425565,1.8415742,1.0261749,0.98920286,0.42685592,0.3992252,0.38728985,0.38228762,-0.94067127,0.22047111,0.092770614,-0.95105654,0.309017,-2.4492937e-16,1.0,-0.8660254,-0.5,0.0,0.0,1.0,0.0,0.0
2025-12-15 12:00:00,4.0,0.34922862,-0.04192406,-0.22004427,1.8993642,0.1435411,0.43145132,-3.656367e-09,0.714744,0.04191348,-0.2205579,-0.65290713,1.1429403,1.0361238,1.4812137,-0.11896323,-0.3504067,0.531375,0.7014062,2.8173964,0.6314417,0.54528874,1.1961093,0.44678774,-0.3549747,0.3549747,0.2695139,0.95344484,1.9314272,1.1685679,0.17266041,0.459653,0.42291796,0.44839755,0.95380664,-1.0073153,0.3619177,0.09029679,0.0,1.0,-2.4492937e-16,1.0,0.8660254,-0.5,0.0,1.0,0.0,0.0,0.0
2025-12-15 16:00:00,3.0,-0.3639641,-0.5183395,0.5006305,0.49035755,-0.28382337,0.5693093,-8.122906e-09,-0.03155561,-0.19689552,-0.31449828,-0.68584436,0.7315523,0.9069145,1.3633028,-0.23525153,-0.22258373,0.75433,0.63582605,2.7614264,0.4049303,0.40618137,1.1214837,0.030741319,-0.22784832,0.22784832,0.16314612,0.050081994,1.7422881,1.2139366,0.09245327,0.31700608,0.43716043,0.31953102,-0.8738545,0.037278935,0.24117267,0.053858012,0.0,1.0,-2.4492937e-16,1.0,1.2246469e-16,-1.0,0.0,1.0,0.0,0.0,0.0
2025-12-16 08:00:00,4.0,0.5850283,1.3341157,-1.0426878,-0.37301505,-0.27933845,-1.3158501,-1.5726364e-08,0.061431617,-0.43209097,-0.4338628,-0.74260145,0.3980609,1.0968226,1.5052795,-0.2586816,-0.25353602,1.0216796,0.53207344,2.6292658,0.6332235,0.611519,1.2222493,-0.083881415,-0.578044,0.578044,0.19869965,0.14072771,1.8311667,1.5025691,-0.31432548,0.3300858,0.43793252,0.56376505,0.34547737,0.22308476,0.56973094,0.067191415,0.0,1.0,-2.4492937e-16,1.0,-0.8660254,-0.5,0.0,0.0,1.0,0.0,0.0
2025-12-16 12:00:00,4.0,-0.728772,1.4846662,-0.84718126,-0.98588574,1.1991248,1.3782716,2.9726133e-08,-3.0,0.3378549,-0.045467425,-0.52993524,1.2592989,0.7924067,1.2763244,-0.45893517,0.07552771,0.9399933,0.3195369,2.5919352,0.22784875,0.28158566,0.949508,1.5174911,-0.28085348,0.28085348,-0.61499727,-1.1071649,1.8386515,1.0036801,-0.22975688,-0.13501966,0.59362507,0.18171366,-0.8738545,-0.54087025,0.29005674,0.072822936,0.95105654,0.309017,-2.4492937e-16,1.0,0.8660254,-0.5,0.0,1.0,0.0,0.0,0.0
2025-12-16 16:00:00,3.0,-0.4802842,-0.7244259,-0.027283212,0.7659471,-0.12512176,1.448138,-8.5424485e-09,0.10053671,0.14066572,-0.1052096,-0.546038,0.9081821,0.64248645,1.1634649,-0.6705601,-0.29982013,0.16245136,0.3100239,2.6176772,-0.013844329,0.13035059,0.85896015,0.33655956,-0.1218476,0.1218476,-0.58619934,-2.3032577,1.6498632,1.0155346,-0.0084700575,-0.0825973,0.5216986,0.01787611,-1.4835205,-0.5817228,0.14182469,0.12559597,0.95105654,0.309017,-2.4492937e-16,1.0,1.2246469e-16,-1.0,0.0,1.0,0.0,0.0,0.0
2025-12-17 08:00:00,4.0,-0.28238344,-0.8663507,-0.80634207,1.2193373,-1.3006827,-1.5348113,-1.7291002e-08,0.052475125,-0.7262477,-0.53272223,-0.74196357,-0.094837956,0.5842889,1.1146878,-0.9013714,-0.65642554,-0.73760766,0.2920703,2.3691735,-0.15991026,0.072615646,0.87573725,-1.5882916,-0.011255288,0.011255288,-0.7296729,-2.301506,1.3072097,1.3836282,-0.50691885,-0.2308187,0.55855966,-0.03848412,-1.9837495,-1.0333395,0.07684361,0.07413882,0.95105654,0.309017,-2.4492937e-16,1.0,-0.8660254,-0.5,0.0,0.0,1.0,0.0,0.0
2025-12-17 12:00:00,4.0,-2.0726092,-1.7545708,-0.82687,-0.9044564,1.6206189,1.7059038,9.279337e-08,0.27870202,0.42959973,0.076498084,-0.42301506,1.0314944,-0.46202284,0.396759,-1.4048667,-1.5644275,-1.2502264,0.00083910464,1.9586055,-1.3084459,-0.87277,0.3609379,2.014427,1.1906286,-1.1906286,0.16328087,-2.9714763,1.0717607,0.4294398,0.31765306,-0.85762554,0.29173857,-0.9812827,-2.4047492,-2.0271814,-0.96437156,-0.33075324,0.58778524,-0.809017,-2.4492937e-16,1.0,0.8660254,-0.5,0.0,1.0,0.0,0.0,0.0
2025-12-17 16:00:00,3.0,-1.57847,-1.6081423,-0.31011376,-1.2539405,0.6428417,1.0839899,-1.1928491e-08,-0.0147520825,0.7914277,0.35778606,-0.25160223,1.2142013,-1.1317145,-0.12146352,-1.9436,-2.653682,-2.0883238,-0.28843704,1.7118999,-2.0925796,-1.5701096,0.022935363,1.177182,2.1296325,-2.1296325,-0.29984453,-3.0,0.7822385,-0.08260011,0.73793477,-1.632667,0.0077049998,-1.605628,-2.7458165,-2.5208914,-1.7847134,-0.04299487,0.58778524,-0.809017,-2.4492937e-16,1.0,1.2246469e-16,-1.0,0.0,1.0,0.0,0.0,0.0
2025-12-18 08:00:00,3.0,-0.14582251,0.044862304,0.8752383,0.57933575,-1.2452637,-1.2290493,-1.7838513e-08,-0.062683664,-0.23278153,-0.15717496,-0.47115695,0.19880264,-1.2018411,-0.16174756,-2.3736134,-2.2654371,-1.6973666,-0.21457514,1.6583865,-2.067366,-1.8274627,-0.023796707,-1.2607723,2.6870143,-2.6870143,-0.12028839,-2.532877,0.41866288,0.19001852,-0.40827608,-1.9074391,-0.035170607,-1.8564484,-0.12465151,-2.3111215,-1.8310362,-0.09952749,0.58778524,-0.809017,-2.4492937e-16,1.0,-0.8660254,-0.5,0.0,0.0,1.0,0.0,0.0
2025-12-18 12:00:00,3.0,1.166035,0.73243964,-1.2520741,1.2201562,0.057433095,0.034045868,8.892803e-09,1.1939694,-0.14947183,-0.14587344,-0.47851074,0.30925694,-0.5397229,0.2806452,-2.2159443,-1.4240472,-1.4533383,-0.116371065,1.6052077,-1.3610661,-1.2313213,0.22263944,0.63427496,1.7129941,-1.7129941,0.6213307,-1.9343433,0.78992826,0.55278754,-0.25263196,-1.5223768,-0.070390224,-1.2348126,0.40956923,-0.025393553,-1.14475,-0.30230203,-0.58778524,-0.809017,-2.4492937e-16,1.0,0.8660254,-0.5,0.0,1.0,0.0,0.0,0.0
2025-12-18 16:00:00,3.0,0.52706856,0.89409995,-0.6837369,0.27322277,-0.36356106,0.32344702,-8.700791e-09,0.10472826,-0.28443033,-0.2456847,-0.5305579,0.1761962,-0.24230874,0.4856118,-1.9480857,-1.0336245,-1.3788128,-0.08792222,1.4457465,-1.0292758,-0.9383275,0.33622673,0.21392423,1.2197015,-1.2197015,0.7570771,-1.4026113,0.89680135,0.81664884,0.2538527,-1.140809,-0.10696329,-0.90583694,0.94379,1.1823004,-0.80811405,-0.1859518,-0.58778524,-0.809017,-2.4492937e-16,1.0,1.2246469e-16,-1.0,0.0,1.0,0.0,0.0,0.0
2025-12-19 08:00:00,3.0,-0.23772298,-0.89180976,-0.08208383,0.287061,-1.3149005,-0.911141,-1.5406249e-08,0.05253634,-1.050495,-0.7420447,-0.767314,-0.6394886,-0.3307412,0.42240515,-1.8244678,-0.13485447,-1.3123901,0.08616084,1.4625092,-1.1857262,-1.1395922,0.3166837,-1.3262197,1.1732814,-1.1732814,0.1169545,-1.5070773,0.5329904,1.1965356,-0.93048626,-1.1095107,-0.18065128,-1.1233793,-0.65887225,1.1151457,-0.99568605,-0.23930609,-0.58778524,-0.809017,-2.4492937e-16,1.0,-0.8660254,-0.5,0.0,0.0,1.0,0.0,0.0
2025-12-19 12:00:00,3.0,-0.6338272,-0.109762244,1.0939083,0.6235943,0.53577435,0.86228514,5.0669358e-09,-1.0265946,-0.4199984,-0.41670856,-0.6175374,0.057645053,-0.6488423,0.20999768,-1.6509762,0.36155704,-1.8120234,0.004962621,1.6014334,-1.6168747,-1.5523542,0.120143116,1.109615,1.3707253,-1.3707253,-0.6234857,-1.8574973,0.57032055,0.7858558,-0.8108979,-1.4821224,-0.2280205,-1.5225794,-1.1930931,-0.051586278,-1.388032,-0.17059536,-0.95105654,0.309017,-2.4492937e-16,1.0,0.8660254,-0.5,0.0,1.0,0.0,0.0,0.0
2025-12-19 16:00:00,3.0,1.2102851,1.0466627,-0.42985454,-0.3926791,0.9998186,2.884972,1.0777848e-09,-0.013914932,0.44481134,0.10214763,-0.4015856,0.8675961,0.07571529,0.72102433,-1.2557445,1.0011314,-1.0332488,0.25798383,1.6333294,-0.78220093,-0.83381385,0.36363596,1.5631233,0.16195065,-0.16195065,-0.43509373,-0.74891275,1.1726363,0.8645328,0.23148245,-1.086051,-0.33402473,-0.7884012,0.40956923,0.3601096,-0.5415913,0.0724393,-0.95105654,0.309017,-2.4492937e-16,1.0,1.2246469e-16,-1.0,0.0,1.0,0.0,0.0,0.0
2025-12-22 08:00:00,3.0,-0.44332305,-1.2885596,-0.1861166,-0.5950202,-1.323231,-1.2619476,-1.907037e-08,-0.14032042,-0.54190314,-0.5038294,-0.6854841,-0.078408375,-0.14558345,0.5832531,-1.1208615,0.21038009,-1.0100127,-0.74318296,1.528461,-1.0681179,-1.0651686,0.30955797,-1.1276399,0.42093912,-0.42093912,-0.39648798,-0.78022385,0.8002724,1.2772068,-0.37062892,-0.9580298,-0.41164574,-1.0273609,-0.63485396,0.23531534,-1.1806977,-0.22266562,-0.95105654,0.309017,-2.4492937e-16,1.0,-0.8660254,-0.5,0.0,0.0,1.0,0.0,0.0
2025-12-22 12:00:00,3.0,0.07621607,0.16913868,2.3806584,-1.3374919,0.7262917,-0.43307602,1.9892118e-08,-0.094332606,0.0373218,-0.14365321,-0.5306613,0.45174438,-0.031191148,0.665365,-0.92665416,-0.015126541,-0.8644451,-1.7411336,1.3616152,-0.80935663,-0.8728818,0.2786626,0.99055684,0.2653274,-0.2653274,-0.15632193,-0.4758878,0.9848376,1.0947093,0.026474481,-0.46770683,-0.36029017,-0.80885214,0.4644046,0.6702435,-1.000482,0.45486,0.0,1.0,-2.4492937e-16,1.0,0.8660254,-0.5,0.0,1.0,0.0,0.0,0.0
2025-12-22 16:00:00,3.0,-0.50144416,-0.52654004,-0.3596715,1.3008217,-0.016581109,-0.21493092,-8.569852e-09,-0.15955873,0.031941473,-0.12302996,-0.52599704,0.39850232,-0.34500068,0.45536605,-0.8651568,-0.13175528,-0.21880797,-1.6836267,1.1598217,-1.0605165,-1.0562699,0.11875633,0.50243276,0.56091654,-0.56091654,-0.049369726,-0.74043334,0.85555756,0.97448826,0.6099526,-1.1265931,-0.4523517,-1.0122049,-0.6044505,-0.39164403,-1.3204387,0.5400699,0.0,1.0,-2.4492937e-16,1.0,1.2246469e-16,-1.0,0.0,1.0,0.0,0.0,0.0
2025-12-23 08:00:00,3.0,-0.12138451,-0.12138943,-0.7542069,2.5249083,-1.3378246,-1.1561121,-1.796007e-08,0.047365,-1.0078554,-0.91525567,-0.9452613,-0.52461636,-0.35584065,0.44390512,-0.83400327,0.111312665,0.3874046,-2.0335295,1.1371694,-0.94067407,-0.9596071,0.13477698,-1.4987397,0.5142053,-0.5142053,-0.17716672,-0.59370947,0.5283695,1.6334157,-0.3630823,-0.9946456,-0.6524011,-0.9001774,0.51046836,-0.17543471,-1.1062114,0.43403095,0.0,1.0,-2.4492937e-16,1.0,-0.8660254,-0.5,0.0,0.0,1.0,0.0,0.0
2025-12-23 12:00:00,3.0,-0.046595052,0.6063433,-0.6720499,0.87426394,-0.34585387,-0.38944378,1.5287966e-08,-0.56274235,-1.1120603,-1.1081277,-1.1057162,-0.6030648,-0.3068278,0.46572122,-0.7777259,-0.4999606,0.43146595,-1.4845914,1.0366142,-0.8288841,-0.86349255,0.11750319,-0.113913946,0.4069186,-0.4069186,-1.4042193,-0.26776075,0.45009243,1.8421276,-0.95369714,-0.9961197,-0.58895797,-0.79646033,1.0601878,-0.2406891,-0.69213367,-0.09909094,0.95105654,0.309017,-2.4492937e-16,1.0,0.8660254,-0.5,0.0,1.0,0.0,0.0,0.0
2025-12-23 16:00:00,3.0,0.3874038,0.9339972,-1.0976292,0.65103936,-0.21400936,-0.5853106,-1.2494564e-08,-0.1459553,-1.1074598,-1.2441162,-1.2744299,-0.54769224,0.06657852,0.68831843,-0.64603144,-0.11286171,0.08919609,-1.5017383,0.812133,-0.3626341,-0.47819376,0.2376256,0.09387283,-0.04755196,0.04755196,-1.2210422,0.025530163,0.5416104,2.1098566,-0.5182299,-0.5881253,-0.75532717,-0.41239142,1.5935377,0.3803919,-0.15853024,-0.0177142,0.95105654,0.309017,-2.4492937e-16,1.0,1.2246469e-16,-1.0,0.0,1.0,0.0,0.0,0.0
2025-12-29 08:00:00,3.0,-0.019357745,0.3565904,-0.88370985,1.5812606,-1.0636106,-1.0583521,-1.6965943e-08,-0.009520503,-1.6797137,-1.8229978,-1.714279,-1.1215398,0.13212274,0.71222657,-0.5436879,-0.1652425,-0.13714315,-1.6437339,0.80995977,-0.21342647,-0.3072965,0.26741257,-1.0394682,-0.15412605,0.15412605,-1.2107334,0.21980377,0.28203395,2.651094,-1.1856843,-0.21915177,-1.4564815,-0.20568888,2.0337167,0.44407886,-0.033650033,0.044060465,0.95105654,0.309017,-2.4492937e-16,1.0,-0.8660254,-0.5,0.0,0.0,1.0,0.0,0.0
2025-12-29 12:00:00,3.0,-0.41424656,-1.3789136,-1.2018514,0.2899095,0.6897253,-0.49057704,1.2123908e-08,1.6552548,-0.90404445,-1.2980148,-1.5254518,-0.29249075,-0.2025646,0.49202982,-0.53582513,-0.11105862,-0.1938731,-1.6060475,0.74746984,-0.43503273,-0.5330799,-0.0035942015,1.0250555,0.097784966,-0.097784966,-1.2383895,0.060432315,0.4018706,1.916766,-0.8363465,-0.20325041,-1.2563795,-0.41960394,-0.63485396,0.09551561,-0.33475843,0.06218027,0.0,1.0,-2.4492937e-16,1.0,0.8660254,-0.5,0.0,1.0,0.0,0.0,1.0
2025-12-29 16:00:00,3.0,-0.17567816,-0.2501946,-0.04782895,1.4825665,-0.3822178,-0.6657403,-1.2639599e-08,-0.0059159226,-1.0521957,-1.4793648,-1.7867985,-0.4313565,-0.28088182,0.42354542,-0.5512988,-0.13740708,-0.009045029,-1.8786073,0.6949547,-0.36588037,-0.48980528,-0.0959404,-0.2273889,0.16033301,-0.16033301,-1.1560912,-0.019424926,0.2800656,1.9998296,-0.4322051,-0.39589638,-0.81963193,-0.41958982,-1.1322744,-0.31211156,-0.38599372,0.28482774,0.0,1.0,-2.4492937e-16,1.0,1.2246469e-16,-1.0,0.0,1.0,0.0,0.0,1.0
2025-12-30 08:00:00,3.0,-0.04410793,0.3392744,0.7389628,0.03541427,-1.1311258,-0.90681326,-1.5724718e-08,-0.0059159226,-1.7119186,-2.0910451,-2.3664575,-1.1510161,-0.22194344,0.4382524,-0.56227607,-0.13621503,-0.5433298,-1.5600047,0.68240595,-0.21117832,-0.32159463,-0.063418776,-1.462251,0.39473993,-0.39473993,-1.1134562,0.13885517,-0.05863522,2.597497,-0.7954631,-0.1955539,-0.47896633,-0.17625622,0.4552821,-0.31747854,-0.29584244,0.25586864,0.0,1.0,-2.4492937e-16,1.0,-0.8660254,-0.5,0.0,0.0,1.0,0.0,1.0
2025-12-30 12:00:00,3.0,0.24872461,1.5975989,-1.1193997,-0.92306536,0.3772423,-0.5863406,-9.987048e-10,-1.7939149,-1.2159784,-1.7299912,-2.2498152,-0.55812705,0.12214576,0.63194674,-0.47355238,-0.20711702,-0.26242143,-1.2840776,0.7020338,0.21411958,-0.0075255153,-0.025760062,0.6898463,-0.028522518,0.028522518,-1.2701727,0.31282616,0.20461723,2.3050015,-0.509849,-0.21993871,-0.50004137,0.2140849,0.9586242,0.29063,0.114039235,0.27683064,0.95105654,0.309017,-2.4492937e-16,1.0,0.8660254,-0.5,0.0,1.0,0.0,0.0,1.0
2026-01-02 08:00:00,3.0,0.53664917,1.6681879,-0.87209356,-1.3922702,-0.38645846,-0.6584074,-1.161013e-08,-0.3763351,-1.3094096,-1.8218397,-2.4161212,-0.64275056,0.69770575,0.9970926,-0.25358814,0.078174494,-0.07619539,-0.9762076,0.730444,0.84445065,0.59620214,0.20925577,-0.3094535,-0.78185433,0.78185433,-0.93283665,0.43145245,0.33297208,2.5851645,-0.17067441,0.70770395,-0.42439443,0.83173776,1.4533169,0.86953634,0.8427069,0.2916227,0.95105654,0.309017,-2.4492937e-16,1.0,1.2246469e-16,-1.0,0.0,1.0,0.0,0.0,1.0
2026-01-02 12:00:00,3.0,-0.26139152,-0.2412563,0.9382655,0.75571,1.4043331,0.54416823,1.3014087e-08,-0.10610558,-0.36961704,-1.0276262,-1.7892686,0.46286708,0.49161217,0.86235666,-0.17646018,0.15621692,0.034387037,-0.20010594,0.7080104,0.5301365,0.23988861,-0.07987977,1.3860053,-0.22191133,0.22191133,-0.85853976,-0.24902461,0.61879253,1.6741272,0.07175019,0.67892873,-0.23186523,0.3797161,-0.66059864,0.63097596,0.3886348,1.1913196,-0.95105654,0.309017,0.5,0.8660254,0.8660254,-0.5,0.0,1.0,0.0,0.0,0.0
2026-01-02 16:00:00,3.0,1.0737276,0.99488086,0.01029795,-0.7890153,1.2614752,0.7979336,-9.258227e-09,0.020633489,0.2415979,-0.4727078,-1.3592693,1.1324817,1.4162863,1.5372217,0.14332327,0.79817426,0.5459895,0.9186064,0.7515336,1.543528,0.87061995,0.2524405,1.2186246,-0.8246236,0.8246236,0.1578201,0.45258346,1.1756629,1.5571055,0.7655153,1.4322227,-0.24066558,0.8524393,0.39635918,1.1513456,1.0054086,0.23606028,-0.95105654,0.309017,0.5,0.8660254,1.2246469e-16,-1.0,0.0,1.0,0.0,0.0,0.0
2026-01-05 08:00:00,3.0,0.053974412,0.2015981,-0.66185987,1.5729239,-0.5997781,-0.70651704,-1.7427912e-08,0.086019136,-0.3471134,-0.855461,-1.5978314,0.48079306,1.492773,1.5925708,0.4355181,0.8433543,0.59056973,1.0155885,0.7410488,1.5973247,0.9152802,0.31220597,-0.76212543,-1.0598408,1.0598408,0.058361366,0.5956734,1.0952942,1.8373529,1.1128205,1.5745732,-0.14311957,1.0419223,0.92483807,0.7367349,1.1822097,0.18129453,-0.95105654,0.309017,0.5,0.8660254,-0.8660254,-0.5,0.0,0.0,1.0,0.0,0.0
2026-01-05 12:00:00,3.0,0.93639594,-0.040306088,2.2152119,-0.6350503,2.108181,0.8704763,2.3903564e-08,1.7369598,1.3602182,0.5694851,-0.4863555,2.2323205,2.0504744,2.1037126,0.6892104,1.1858852,0.82587093,0.8697935,0.83771676,1.9430988,1.1606202,0.38636178,1.817289,-0.011124343,0.011124343,0.49542862,1.3109924,1.8026689,1.084651,2.140421,2.3992689,-0.34828562,1.1919461,1.3992246,1.4592149,0.025304433,1.3148674,0.0,1.0,0.5,0.8660254,0.8660254,-0.5,0.0,1.0,0.0,0.0,0.0
2026-01-05 16:00:00,3.0,0.9255258,1.0819873,-0.85590464,-0.25924143,0.51213,0.3336257,-1.2556869e-08,-0.09382649,1.2252097,0.6551722,-0.35973683,1.9275997,2.4601266,2.5739238,1.0697411,1.3652866,1.2121016,0.98146975,1.2005817,1.8954229,1.6003202,0.71088976,0.71297044,-0.74369395,0.74369395,0.57562184,1.4705266,2.1041832,1.2831944,2.3362122,1.6129749,-0.34353217,1.581343,1.8366418,1.0678934,0.77525467,1.751332,0.0,1.0,0.5,0.8660254,1.2246469e-16,-1.0,0.0,1.0,0.0,0.0,0.0
2026-01-06 08:00:00,3.0,-0.06782706,0.69942874,-0.6232741,0.3469911,-1.2289505,-0.89311904,-1.7711457e-08,-0.09345185,-0.044103052,-0.23726848,-0.9692742,0.54677254,2.3794312,2.5265353,1.3990839,1.4494296,1.3517159,1.0502919,1.0630499,1.3965181,1.7052479,0.9261538,-1.3062522,-0.8211998,0.8211998,0.2192207,1.2313236,1.9282202,1.8817555,0.69645226,1.2981682,-0.18488418,1.8083949,2.216541,0.97310764,0.85948735,1.6770767,0.0,1.0,0.5,0.8660254,-0.8660254,-0.5,0.0,0.0,1.0,0.0,0.0
2026-01-06 12:00:00,3.0,0.99876976,0.63923943,-1.1757883,1.0392884,0.90785635,0.27896544,3.496567e-08,0.51078635,0.4670887,0.19028442,-0.623234,1.0644265,2.6303017,2.8856688,1.5461837,1.3779633,1.7953395,1.6556929,1.1542013,1.483872,1.9769334,1.2542624,1.1108367,-1.4298815,1.4298815,0.20101854,1.4774625,2.3348489,1.8076198,0.52424496,1.0578799,-0.24087158,1.9669679,2.115859,0.7648074,1.4527991,0.6482265,0.95105654,0.309017,0.5,0.8660254,0.8660254,-0.5,0.0,1.0,0.0,0.0,0.0
2026-01-06 16:00:00,3.0,0.6199452,0.682432,0.94559705,-1.139369,0.29775387,1.3225818,-7.4441533e-09,0.15301482,0.3716906,0.16937563,-0.60022914,0.9077556,2.6376631,2.9321713,1.7253584,1.5966839,1.9788144,1.386218,0.9571458,1.2959276,2.1389716,1.5041426,0.45737714,-1.0260272,1.0260272,-0.014588245,1.4739368,2.4150326,1.9366318,0.8655109,1.1342354,0.28009403,1.8269091,2.047037,0.5492344,1.0086018,-0.65091026,0.95105654,0.309017,0.5,0.8660254,1.2246469e-16,-1.0,0.0,1.0,0.0,0.0,0.0
2026-01-07 08:00:00,4.0,-0.1714856,1.1060933,0.05682938,-1.2304599,-1.0044132,-1.1407052,-1.7600215e-08,-0.6618298,-0.50303054,-0.50363266,-1.0749873,-0.05621776,2.471509,2.747422,1.8528897,1.0512851,1.7722669,1.5007395,1.0290922,0.93485045,2.099548,1.7000407,-1.0931028,-1.0394537,1.0394537,0.65067834,1.1418228,2.2276773,2.3733408,-0.7134845,0.7357069,0.41716072,1.9507161,1.9434233,0.5095725,1.0338581,-0.97835404,0.95105654,0.309017,0.5,0.8660254,-0.8660254,-0.5,0.0,0.0,1.0,0.0,0.0
2026-01-07 12:00:00,4.0,2.371522,-0.26063642,1.7265818,-0.086790256,1.0447938,2.179209,8.3411564e-08,3.0,1.6580695,1.2278497,0.25822088,2.0587811,2.7601984,3.0,1.7437829,1.6673374,2.333851,2.2306147,1.3440742,1.3183337,2.40261,1.9768735,1.1582633,-0.82600343,0.82600343,1.7377734,1.2817109,2.6831727,1.6668926,0.44078654,1.1307509,-0.0022134038,2.0635042,1.857067,0.6714192,0.7999239,-0.15975387,0.58778524,-0.809017,0.5,0.8660254,0.8660254,-0.5,0.0,1.0,0.0,0.0,0.0
2026-01-07 16:00:00,4.0,2.4439297,1.6137509,-1.0426753,-1.2527831,2.069066,2.1124067,-9.557483e-09,-0.2592531,2.443429,2.0542278,1.0239285,2.5523722,2.8260198,3.0,1.9985034,2.6621892,3.0,3.0,1.4768366,1.460939,2.7577083,2.4415638,1.736803,-1.3070801,1.3070801,1.5326954,1.3454276,2.7587183,1.6310282,1.8867595,1.0438459,0.29241693,2.2174108,1.7773883,0.81570995,1.3433691,-0.084840044,0.58778524,-0.809017,0.5,0.8660254,1.2246469e-16,-1.0,0.0,1.0,0.0,0.0,0.0
2026-01-08 08:00:00,4.0,-0.14800605,0.07767955,1.304153,-0.4065969,-0.892594,-0.46731225,-1.7824012e-08,-0.05084213,1.1194074,1.1673541,0.45617825,1.2434123,2.6228387,3.0,2.307141,2.0947523,2.4999297,2.8198352,1.4491165,1.0252988,2.66804,2.639247,-0.92056525,-1.198877,1.198877,1.9673527,1.0920278,2.5207548,2.1462932,0.82500803,0.9011777,1.0264715,2.2913435,1.7144994,0.79698735,1.224628,0.009180469,0.58778524,-0.809017,0.5,0.8660254,-0.8660254,-0.5,0.0,0.0,1.0,0.0,0.0
2026-01-08 12:00:00,4.0,-0.8247784,-0.30317163,2.6109273,-1.0869752,0.8605477,2.3548265,3.1202074e-08,-1.0172154,1.3913317,1.4935253,0.8958331,1.3496375,2.0742717,2.638648,1.967909,1.4827238,2.1349635,2.4419198,1.3582871,0.61184716,1.9582464,2.0342085,1.185039,-0.64629316,0.64629316,2.3786857,0.32798934,2.0984647,1.7074628,1.0326381,0.61051196,0.8782284,1.2731355,-0.7945241,-0.39416614,0.63747823,0.42142695,-0.58778524,-0.809017,0.5,0.8660254,0.8660254,-0.5,0.0,1.0,0.0,0.0,0.0
2026-01-08 16:00:00,4.0,-1.6960295,-1.1894168,-0.9083475,0.9560379,2.029033,1.6049198,-1.15541345e-08,-0.049459223,2.6673183,2.6869767,2.2208018,2.1790433,1.022478,1.7496037,1.2026845,0.82509214,1.2831368,1.7719151,1.0041937,0.13982348,0.8775777,0.881095,1.6648407,-0.13501722,0.13501722,2.559406,-0.27257726,1.7965192,0.6075287,2.4769237,0.04090238,0.6181679,0.13137826,-1.1774774,-2.141334,0.08710361,0.5956464,-0.58778524,-0.809017,0.5,0.8660254,1.2246469e-16,-1.0,0.0,1.0,0.0,0.0,0.0
2026-01-09 08:00:00,4.0,-1.0921099,-1.8160589,-0.37056154,-1.0991353,-0.49896678,-0.8213255,-1.8345768e-08,-0.05046837,1.7350477,2.088286,1.9234204,1.2728424,0.48539737,1.2674999,0.72015226,-0.57130635,0.66718256,1.4321758,0.8846559,-0.15084726,0.4811268,0.61205274,-0.17408314,0.24992424,-0.24992424,1.7259771,-0.36837277,1.5372216,0.6725273,0.55320907,-0.15822837,0.7375172,-0.2142249,-1.5516232,-2.6598887,-0.23798719,0.55209166,-0.58778524,-0.809017,0.5,0.8660254,-0.8660254,-0.5,0.0,0.0,1.0,0.0,0.0
2026-01-09 12:00:00,4.0,0.9187644,1.3163898,-0.8556492,-0.79886806,1.1090715,0.05958651,1.3831801e-08,-1.8412393,2.1621332,2.4467878,2.356866,1.5594945,0.7504285,1.4864275,0.3878728,-1.1719916,0.97016317,1.7724326,0.98139447,0.026119128,0.6150321,0.7402885,1.381687,-0.09599962,0.09599962,0.25703564,-0.13166285,1.7211065,0.57775754,0.26613814,-0.23375009,1.4449241,0.06783476,0.07453212,-1.670288,0.19938177,0.64136076,-0.95105654,0.309017,0.5,0.8660254,0.8660254,-0.5,0.0,1.0,0.0,0.0,0.0
2026-01-09 16:00:00,4.0,0.805686,1.3844883,-0.6066334,-1.2237266,-0.47472623,0.33581582,-8.2375555e-09,-0.018577736,1.3728924,1.8547913,1.9140388,0.8526499,0.9553518,1.6424998,0.32866806,-0.773918,0.9271337,1.9785213,0.88493276,0.17734234,0.87308073,1.1459101,-0.0057133134,-0.45242068,0.45242068,0.6514402,0.17096315,1.7972227,1.0806226,0.48713782,0.004673776,1.7025357,0.4077035,0.48107097,-0.0707735,0.60857755,0.5721356,-0.95105654,0.309017,0.5,0.8660254,1.2246469e-16,-1.0,0.0,1.0,0.0,0.0,0.0
2026-01-12 08:00:00,4.0,-0.43122885,-1.0355728,-0.59344184,0.8445931,-1.2735345,-1.1012224,-1.8487423e-08,-0.070579365,0.29524562,1.0077696,1.230306,-0.15081717,0.8174479,1.4792153,0.20875457,-0.6216954,0.6198096,1.8196223,0.6940445,0.04624474,0.77150166,1.2765335,-1.2058872,-0.35274374,0.35274374,0.56336087,0.09503861,1.6422356,1.6111722,-0.29249552,-0.040240392,2.5672987,0.43538398,-0.7131765,0.44761714,0.5450534,0.29827008,-0.95105654,0.309017,0.5,0.8660254,-0.8660254,-0.5,0.0,0.0,1.0,0.0,0.0
2026-01-12 12:00:00,4.0,2.0488825,1.6914073,-1.0582507,-1.4518902,1.8044891,-0.0038857746,5.6550622e-08,-2.2994795,1.7713279,2.0402396,2.1377125,1.1939052,1.2391542,1.8533878,0.3033665,0.9716119,1.3026217,2.2136097,1.0024645,0.5160119,1.1233693,1.488626,1.554668,-1.3420731,1.3420731,0.60745794,0.34296665,1.9619766,1.1821462,-0.16912381,0.117881685,1.8345509,1.0383642,0.08868164,0.677326,1.3696625,0.5126568,0.0,1.0,0.5,0.8660254,0.8660254,-0.5,0.0,1.0,0.0,0.0,0.0
2026-01-12 16:00:00,4.0,-0.5152642,-0.7986389,-0.8373179,1.7327617,-0.33734712,-0.24220178,-1.2167806e-08,0.1657747,1.2924128,1.7197874,1.9400377,0.7089542,1.0552994,1.6527396,0.3091031,1.1951693,0.46879613,1.8847698,0.9640934,0.31891233,0.86316806,1.3827689,0.32170784,-1.1387213,1.1387213,0.1927441,0.013062681,1.8079418,1.2629752,-0.043676678,0.19445035,1.84645,0.848186,-0.7415811,0.16804041,1.1989056,0.5910892,0.0,1.0,0.5,0.8660254,1.2246469e-16,-1.0,0.0,1.0,0.0,0.0,0.0
2026-01-13 08:00:00,4.0,-0.3949168,-1.2910895,-0.6412629,0.35635614,-1.3052545,-1.1057332,-1.8151587e-08,0.016598592,0.1048617,0.8103854,1.1789397,-0.4047373,0.9439228,1.5199541,0.25156683,0.64031243,-0.38357055,1.7958854,0.91831833,0.18653847,0.78683513,1.617413,-1.4765053,-0.986015,0.986015,0.29865316,-0.083959185,1.6954283,1.9065197,-0.9483035,0.14076473,2.1483989,0.809658,-1.1207058,0.20512132,1.1153096,0.43614194,0.0,1.0,0.5,0.8660254,-0.8660254,-0.5,0.0,0.0,1.0,0.0,0.0
2026-01-13 12:00:00,4.0,0.33174005,-0.14887966,0.12282901,1.5328983,-0.2816137,-0.34001932,2.3153406e-08,0.84399915,-0.006848552,0.6286578,1.0076683,-0.47882465,1.0384969,1.5656902,0.1850149,0.44792426,-0.23507038,1.5876846,0.936478,0.2560571,0.8346129,1.7824221,0.14810485,-1.1079942,1.1079942,0.23442903,0.14759776,1.6629539,2.0766227,-0.81206816,0.1827899,2.1245463,0.8601508,0.10890724,-0.23176771,1.1921803,0.65685153,0.95105654,0.309017,0.5,0.8660254,0.8660254,-0.5,0.0,1.0,0.0,0.0,0.0
2026-01-13 16:00:00,4.0,1.5158937,0.9705962,-0.27087957,-0.6360334,0.8096592,0.42573842,-3.088176e-09,0.1862388,0.8116019,1.1415963,1.405528,0.35025448,1.3080386,1.7975497,0.32602918,1.2699512,0.49366292,1.8850533,1.295798,0.6621407,1.1297938,1.942996,1.2665889,-1.0361472,1.0361472,0.29771063,0.6512578,1.5901029,1.8595877,0.1682549,0.54242694,1.769004,1.2954935,0.49798152,0.3969859,1.1334611,-0.43030956,0.95105654,0.309017,0.5,0.8660254,1.2246469e-16,-1.0,0.0,1.0,0.0,0.0,0.0
2026-01-14 08:00:00,4.0,-0.3175016,-0.3013369,-1.0985886,2.7960243,-1.1140676,-1.0274235,-1.8375811e-08,-0.057124242,-0.15300505,0.41017333,0.7959966,-0.5864273,1.2476337,1.7057806,0.4018381,0.26863238,0.90088046,1.5651174,1.2257606,0.51031417,1.0699693,2.1275036,-1.1754066,-1.0045667,1.0045667,-0.37364382,0.49242082,1.5230564,2.3710966,-1.1267924,0.5243918,2.0402076,1.2644815,-0.7131765,0.47689545,1.1023208,-0.27910233,0.95105654,0.309017,0.5,0.8660254,-0.8660254,-0.5,0.0,0.0,1.0,0.0,0.0
2026-01-14 12:00:00,4.0,-1.6830584,-2.004397,-1.0784688,-0.9385063,0.17804272,0.06880407,2.7750296e-08,0.42599234,0.22742796,0.66944134,1.078301,-0.25379223,0.37418476,1.0196925,-0.012297562,-0.25426778,0.6849903,0.96764106,0.96983826,-0.058334358,0.19703873,1.3259804,0.6970193,-0.16809684,0.16809684,0.17744169,-0.07772258,1.2199839,1.7172027,-0.8665866,0.18646342,2.3314526,0.25875178,-1.0848185,-0.89749354,0.43008104,0.39901564,0.58778524,-0.809017,0.5,0.8660254,0.8660254,-0.5,0.0,1.0,0.0,0.0,0.0
2026-01-14 16:00:00,4.0,-0.8483416,-0.8323713,0.048831847,0.51670605,-0.122283936,0.27735043,-8.636154e-09,-0.17718352,0.29077518,0.6924348,1.1239524,-0.20184435,0.0545633,0.7536832,-0.4637405,-0.45868194,0.13636921,0.7820192,1.151871,-0.34193277,-0.23335192,0.9801788,0.32625517,0.18101725,-0.18101725,0.2153335,-0.81944364,1.0808984,1.5048914,-0.25362816,-0.25228068,2.2163432,-0.1254109,-1.4542927,-1.7129017,0.15656729,0.8458079,0.58778524,-0.809017,0.5,0.8660254,1.2246469e-16,-1.0,0.0,1.0,0.0,0.0,0.0
2026-01-15 08:00:00,4.0,0.4822897,1.2282617,-0.40500718,-1.0022199,-0.6894904,-0.98710805,-1.7219064e-08,-0.02604876,-0.19865029,0.269969,0.73944205,-0.6357213,0.23109175,0.8782987,-0.6871691,-0.39844388,0.04579947,0.68585247,1.4569815,-0.12403949,-0.03801336,1.3037213,-0.5925125,-0.24230063,0.24230063,0.2717059,-0.7263869,1.1851945,1.9271924,-0.42205498,-0.153467,2.0416372,0.17761354,0.12068101,-1.4140776,0.3383686,1.0044734,0.58778524,-0.809017,0.5,0.8660254,-0.8660254,-0.5,0.0,0.0,1.0,0.0,0.0
2026-01-15 12:00:00,4.0,0.43990147,0.6123393,-0.037555438,-0.040189777,-0.28571597,-0.3011851,5.9021183e-09,0.1196107,-0.240991,0.1562975,0.60677755,-0.62117577,0.38991302,0.9902869,-0.74460506,-0.8776083,0.32537487,0.66625893,1.7986243,0.11265164,0.11186477,1.4645509,0.11772941,-0.67128175,0.67128175,-0.38118312,-0.28641436,1.3162848,2.058344,-0.89409053,0.069798544,2.521129,0.35956264,0.5151292,0.0034035877,0.69648606,0.9003311,-0.58778524,-0.809017,0.5,0.8660254,0.8660254,-0.5,0.0,1.0,0.0,0.0,0.0
2026-01-15 16:00:00,3.0,-0.8237758,-0.90798384,0.04605617,0.39533433,-0.19670159,-0.570678,-1.217264e-08,-0.053119536,-0.12589042,0.19543268,0.6437782,-0.48891392,0.07513226,0.72996056,-0.9327165,-1.0817846,-0.59616065,0.51609164,1.0384022,-0.17952852,-0.30800685,1.1143125,0.33505607,-0.34281427,0.34281427,-0.34889886,-0.70387554,1.1592443,1.8205998,-0.36051184,-0.11368905,2.1858559,0.0075447266,-0.667951,0.026319537,0.25259516,-0.1549988,-0.58778524,-0.809017,0.5,0.8660254,1.2246469e-16,-1.0,0.0,1.0,0.0,0.0,0.0
2026-01-16 08:00:00,4.0,0.20023014,1.0294846,-0.15323494,-0.7603155,-1.0945431,-0.8817531,-1.4428027e-08,0.048130997,-0.82049334,-0.39362082,0.110986,-1.1573585,0.18908359,0.7919758,-1.0503165,-0.24064825,-0.36936542,0.07735513,0.4290344,-0.014484306,-0.1539078,1.4226199,-1.1114494,-0.3806545,0.3806545,-0.8261857,-0.47181836,1.1844908,2.3274584,-0.9396451,-0.073415875,2.2625725,0.19256817,0.14804138,-0.06522652,0.5392503,-1.4181222,-0.58778524,-0.809017,0.5,0.8660254,-0.8660254,-0.5,0.0,0.0,1.0,0.0,0.0
2026-01-16 12:00:00,3.0,-2.0339274,-1.7688862,-0.86797786,-0.6682983,0.58623743,0.6236054,1.941648e-08,-0.052234422,-0.021578899,0.15804219,0.59890336,-0.33110094,-0.6921697,0.07960241,-1.4026674,-0.72605824,-0.8660213,-0.8796028,0.108174466,-1.0724791,-1.0263165,0.426331,1.089802,1.0274578,-1.0274578,0.25614378,-1.243179,0.8061325,1.4248533,-0.56834066,-0.7329152,1.6751615,-0.8717724,-0.6594571,-1.5865067,-0.609237,-0.24889296,-0.95105654,0.309017,0.5,0.8660254,0.8660254,-0.5,0.0,1.0,0.0,0.0,0.0
2026-01-16 16:00:00,3.0,0.52566236,0.9896901,-0.14953457,-0.7051946,-0.6039462,0.110562734,-1.2462926e-08,0.030613074,-0.35545772,-0.13310261,0.30832788,-0.62507415,-0.45744717,0.22685722,-1.5426525,-0.739566,-0.8068367,-0.7329911,0.0511239,-0.6720816,-0.7078448,0.6733444,-0.4861071,0.43849954,-0.43849954,0.20928337,-0.43841913,0.9100126,1.739333,-0.47824216,-0.74320847,1.6257379,-0.49523225,0.14804138,-0.78242147,-0.12905242,-0.10605109,-0.95105654,0.309017,0.5,0.8660254,1.2246469e-16,-1.0,0.0,1.0,0.0,0.0,0.0
2026-01-19 08:00:00,4.0,0.25142032,1.4871246,-0.71034,-1.3604352,-1.13365,-1.0627351,-1.7314655e-08,0.13194768,-1.0551916,-0.7173897,-0.23007558,-1.3206524,-0.31661317,0.31201985,-1.604255,-0.841999,-1.2050838,-0.5043854,0.58088416,-0.44984612,-0.49612918,0.96639603,-1.2366334,0.93981487,-0.93981487,0.13144548,-0.2598659,0.9456256,2.3015733,-0.9252635,-0.43224704,1.1419513,-0.27959093,0.5323022,-0.7481204,0.17206478,-0.36828744,-0.95105654,0.309017,0.5,0.8660254,-0.8660254,-0.5,0.0,0.0,1.0,0.0,0.0
2026-01-19 12:00:00,4.0,-3.0,0.48973143,0.19561155,-0.010964356,1.2775441,1.5638324,4.9180063e-08,-3.0,2.3360715,1.8562802,1.9919963,1.8170822,-1.5778565,-0.8400191,-1.6629769,-2.0149348,-2.126337,-0.92008775,-0.52571887,-2.416245,-1.8265224,-0.9441526,1.3187902,2.0766156,-2.0766156,1.3363183,-1.5306305,0.4827269,-0.14720106,1.218001,-2.5244405,-0.8076796,-1.9450309,-0.66461194,-1.345396,-1.9654745,-0.7303751,0.0,1.0,0.5,0.8660254,0.8660254,-0.5,0.0,1.0,0.0,0.0,0.0
2026-01-19 16:00:00,4.0,0.7964654,1.0846674,-0.24537653,-0.9345874,-0.32491475,1.211853,-1.1602563e-08,0.2320309,1.4736379,1.3744313,1.6077288,1.0119632,-1.2181408,-0.6032321,-1.7942473,-1.6921095,-1.3274639,-0.49928865,-0.39816654,-1.9221528,-1.4818877,-0.63948405,-0.19001278,1.3568171,-1.3568171,1.5138015,-0.37321928,0.6002098,0.21498893,1.4716463,-1.8906497,-1.1441025,-1.468976,0.14804138,-1.1646409,-1.2794349,-0.6976529,0.0,1.0,0.5,0.8660254,1.2246469e-16,-1.0,0.0,1.0,0.0,0.0,0.0
2026-01-20 08:00:00,4.0,-0.2575544,-1.1594257,1.5713524,-1.2876985,-1.224709,-1.0551499,-1.8591347e-08,0.15538244,0.1588344,0.46264094,0.89053935,-0.2572147,-1.215023,-0.6289026,-1.9695832,-0.95724094,-1.1408123,-0.7541221,-0.36091626,-2.0085702,-1.5583527,-0.5742415,-1.6154513,1.3676625,-1.3676625,1.2871877,-0.64825594,0.471415,0.74542284,0.12077988,-1.803895,-1.1099744,-1.5872821,-0.6594571,-1.3661216,-1.6347048,-0.7423292,0.0,1.0,0.5,0.8660254,-0.8660254,-0.5,0.0,0.0,1.0,0.0,0.0
2026-01-20 12:00:00,4.0,-1.9774663,-0.72198987,-0.50513536,1.3777484,0.8888652,1.4216602,4.454098e-08,-1.6395874,1.6699486,1.6394638,1.9063835,1.0571884,-1.7316829,-1.1887391,-1.8908961,-2.0174847,-1.8708128,-1.3721379,-1.1596869,-2.8232193,-2.019777,-1.3751085,1.0632102,2.1740408,-2.1740408,1.1705498,-1.9255174,0.2373972,-0.33513123,1.3930353,-2.8617141,-1.2501192,-2.0884738,-1.033567,-0.35918814,-2.4975991,-1.3493005,0.95105654,0.309017,0.5,0.8660254,0.8660254,-0.5,0.0,1.0,0.0,0.0,0.0
2026-01-20 16:00:00,4.0,1.114055,0.9693112,0.17364079,-0.9476297,0.52138156,0.53669333,-1.3931944e-08,0.14284384,1.5611987,1.6202085,1.8679342,0.9443211,-1.26502,-0.8572627,-1.7038343,-1.5781198,-1.6219568,-1.0133216,-0.58274794,-1.9192648,-1.4940816,-1.0180364,0.84917206,1.3176451,-1.3176451,1.3822238,-0.8301618,0.46656552,-0.15961643,2.1151338,-1.9777379,-1.306438,-1.4448625,0.15386976,-0.17037956,-1.5965675,-3.0,0.95105654,0.309017,0.5,0.8660254,1.2246469e-16,-1.0,0.0,1.0,0.0,0.0,0.0
2026-01-21 08:00:00,4.0,-0.6676445,-1.4883658,0.31330916,-1.0064027,-0.6254706,-1.1149355,-1.8750704e-08,0.14326029,0.73747385,1.0774817,1.4767143,0.13590884,-1.38178,-1.0018638,-1.7130078,-0.4397472,-1.5643749,-1.5770323,-0.65071225,-1.9517542,-1.6296538,-1.1667793,-0.66124904,1.5025674,-1.5025674,0.26025772,-0.9414862,0.29034042,0.020223716,-0.60447204,-1.7631277,-1.2939945,-1.6336194,-0.6594571,-0.3685651,-1.8441718,-3.0,0.95105654,0.309017,0.5,0.8660254,-0.8660254,-0.5,0.0,0.0,1.0,0.0,0.0
2026-01-21 12:00:00,4.0,-0.7933041,-1.1153101,0.7179848,-0.57007,-0.21730924,0.49569362,3.233763e-08,-0.08968107,0.3595056,0.79983574,1.2797619,-0.25230095,-1.5226108,-1.1759883,-1.7210492,-1.118322,-1.8109186,-1.615544,-0.8148398,-1.9861244,-1.7809454,-1.3832892,-0.31144956,1.8457283,-1.8457283,-0.03936189,-1.6853236,0.10132977,0.03721947,-0.57278943,-1.7916641,-1.427966,-1.790972,-1.0793455,0.20452091,-2.130553,-2.8151455,0.58778524,-0.809017,0.5,0.8660254,0.8660254,-0.5,0.0,1.0,0.0,0.0,0.0
2026-01-21 16:00:00,4.0,0.3838581,0.19141352,-0.23016027,1.0112115,1.5710596,0.8401816,-8.543432e-09,-0.04410268,1.1620414,1.3524874,1.6819396,0.518636,-1.3234613,-1.0393275,-1.4040234,-0.85184026,-1.1697813,-1.432007,-0.0652273,-1.5736371,-1.4387001,-1.2879801,1.3547621,1.4529653,-1.4529653,0.1002676,-0.6132429,0.27926224,-0.25111872,0.65718913,-1.6554576,-1.3714336,-1.4029893,0.11212306,-0.17752983,-1.7391962,-2.0185127,0.58778524,-0.809017,0.5,0.8660254,1.2246469e-16,-1.0,0.0,1.0,0.0,0.0,0.0
2026-01-22 08:00:00,4.0,-0.32569388,-0.84830713,1.8104311,-0.86130506,-1.1018175,-1.2778981,-1.8461405e-08,0.1538055,0.18153161,0.65428895,1.154681,-0.42932758,-1.3714674,-1.0958886,-1.3881176,-0.13264005,-1.4069891,-1.5521965,0.33183774,-1.5137329,-1.4968415,-1.3539736,-0.99933195,1.5540075,-1.5540075,-0.7786488,-0.7268485,0.13481316,0.14532897,-0.78140336,-1.3141081,-2.0365903,-1.5031632,-0.79350126,-0.021411283,-1.8211666,-2.0742798,0.58778524,-0.809017,0.5,0.8660254,-0.8660254,-0.5,0.0,0.0,1.0,0.0,0.0
2026-01-22 12:00:00,4.0,2.5629053,1.0844597,-0.6618277,-0.51869476,1.1376232,-0.47275457,2.0693726e-08,1.8130523,1.2694728,1.3524292,1.5835602,0.6994186,-0.532249,-0.42835304,-0.7141141,0.5587668,-0.71405995,-1.2859821,1.180217,-0.21916077,-0.4475764,-0.62861997,1.0675163,-0.419176,0.419176,0.37804428,-0.15678297,0.7733698,0.14961702,-0.18756132,-0.48303214,-1.4987274,-0.25093764,0.08090178,1.7603185,-0.063382536,-1.3111684,-0.58778524,-0.809017,0.5,0.8660254,0.8660254,-0.5,0.0,1.0,0.0,0.0,0.0
2026-01-22 16:00:00,4.0,0.1458941,0.24888939,-0.61075944,1.1682177,-0.074375324,0.04608976,-5.54329e-09,0.060955107,0.85639286,1.0880065,1.3869929,0.28930655,-0.44991985,-0.3634601,-0.3304327,0.9519285,0.30026668,-1.1807811,0.86039007,0.015239513,-0.2943954,-0.56294173,0.068227604,-0.7044142,0.7044142,0.17317264,0.95179945,0.8072672,0.37327033,0.05413366,-0.18317445,-1.4019752,-0.11890939,0.51368636,1.53637,0.15927275,-1.1143634,-0.58778524,-0.809017,0.5,0.8660254,1.2246469e-16,-1.0,0.0,1.0,0.0,0.0,0.0
2026-01-23 08:00:00,4.0,-0.4322356,-1.2769085,0.30711836,-0.44813335,-1.0990071,-0.99205714,-1.688788e-08,0.17506155,-0.047308132,0.43416703,0.9018376,-0.60905254,-0.54329395,-0.45497972,-0.11326183,1.1260129,-0.060270816,-0.9235594,0.5678704,-0.09218879,-0.33924353,-0.6064458,-0.9950616,-0.8944784,0.8944784,0.06625467,0.63898903,0.69319683,0.8740601,-0.26859808,-0.055289622,-1.400811,-0.13191752,-0.78283054,1.4459339,0.20226966,-1.1206597,-0.58778524,-0.809017,0.5,0.8660254,-0.8660254,-0.5,0.0,0.0,1.0,0.0,0.0
2026-01-23 12:00:00,4.0,-2.0612423,-1.7816786,-1.059464,-0.37399933,0.05222378,-0.57693875,-3.8862766e-09,-1.0856296,0.63527304,0.9226881,1.3206037,0.014279423,-1.2189606,-1.1000026,-0.25862375,-0.07064421,-0.6368013,-1.1976593,-0.027838625,-1.0439776,-1.0450195,-1.3934736,0.11216115,0.76341754,-0.76341754,0.89469874,0.0018169871,0.28832337,-0.068682015,-0.41012588,-0.8407843,-1.3476818,-0.9838422,-1.2055602,-1.1278526,-1.159577,-1.1502115,-0.95105654,0.309017,0.5,0.8660254,0.8660254,-0.5,0.0,1.0,0.0,0.0,0.0
2026-01-23 16:00:00,4.0,-0.44528064,-0.7623109,-0.67826194,1.4200497,-0.40186796,0.17418903,-2.1956537e-09,0.10880591,0.17825356,0.58797276,1.0723108,-0.43812338,-1.2973511,-1.1918384,-0.41482615,-0.14303471,-0.18278271,-1.369603,0.01235166,-1.1206759,-1.1128962,-1.5188493,-0.43388972,0.9466657,-0.9466657,0.9187713,-1.1196524,0.15760683,0.103510104,-0.13692753,-1.0881637,-1.3483609,-1.0938576,-1.617173,-1.3859885,-1.3500328,-1.1829123,-0.95105654,0.309017,0.5,0.8660254,1.2246469e-16,-1.0,0.0,1.0,0.0,0.0,0.0
2026-01-26 08:00:00,4.0,-0.47614273,-1.3257369,0.1878426,-0.6094181,-1.0413889,-1.0098567,-1.7082858e-08,0.071818605,-0.57220876,-0.002451159,0.6225629,-1.17354,-1.3709607,-1.2811053,-0.59098595,-1.5832977,-0.68001074,-1.5262133,-0.49845818,-1.1985717,-1.1873994,-1.6404644,-1.1016184,1.2014432,-1.2014432,-0.8318185,-1.2948002,-0.042491786,0.58043915,-1.2803363,-1.0688199,-1.3753678,-1.193169,-1.9458956,-1.3679794,-1.5288471,-1.169286,-0.95105654,0.309017,0.5,0.8660254,-0.8660254,-0.5,0.0,0.0,1.0,0.0,0.0
2026-01-26 12:00:00,3.0,-0.37018678,0.25077707,0.7933231,0.079901256,0.021839501,-0.8124983,-6.9853945e-09,-0.6812641,-0.5275125,-0.066055186,0.543119,-1.0581282,-1.4110688,-1.3367047,-0.6939316,-1.779657,-0.592369,-1.4293697,-0.4856762,-1.2249644,-1.1925488,-1.7341118,0.031977143,1.3537447,-1.3537447,-1.0558044,-1.5353571,-0.1354791,0.55148965,-1.1711613,-1.2116446,-1.2889282,-1.2320011,-2.2410638,-0.37529314,-1.5579338,-0.9233956,0.0,1.0,0.5,0.8660254,0.8660254,-0.5,0.0,1.0,0.0,0.0,0.0
2026-01-26 16:00:00,3.0,-0.04741813,0.05119131,1.7751508,-0.27388114,-0.8693967,0.026948009,3.0678204e-09,0.121735394,-0.99681497,-0.5080457,0.16601394,-1.4816906,-1.3390709,-1.2912977,-0.7535716,-1.5703396,-0.36047342,-1.4578879,-0.5226795,-1.0850511,-1.079693,-1.7054929,-0.9121704,1.2260592,-1.2260592,-0.9263031,-0.51887476,-0.22645204,1.111271,-1.0454422,-1.0116998,-0.85842264,-1.1375294,0.16007599,-0.15253706,-1.4328103,-0.70040804,0.0,1.0,0.5,0.8660254,1.2246469e-16,-1.0,0.0,1.0,0.0,0.0,0.0
2026-01-27 08:00:00,3.0,-0.0020279381,0.3141843,-0.16235924,0.7491888,-1.0355698,-1.0868934,-1.7505885e-08,0.15799935,-1.4863778,-1.0059544,-0.27928528,-1.9304451,-1.2529826,-1.2362438,-0.7569712,-0.6147875,-0.47713074,-1.0959253,-0.38070348,-0.92190254,-0.9801917,-1.6689037,-1.2421557,1.068887,-1.068887,-2.0288985,-0.38060984,-0.3359781,1.8990233,-1.6802977,-0.9344024,-0.7161061,-0.99430865,0.54080725,0.12178942,-1.1299671,-0.9235921,0.0,1.0,0.5,0.8660254,-0.8660254,-0.5,0.0,0.0,1.0,0.0,0.0
2026-01-27 12:00:00,3.0,-0.2672202,0.012837533,1.2791438,0.18690686,0.44145682,-0.45086908,1.0041859e-08,-0.3681609,-1.0187742,-0.79541874,-0.19242117,-1.2859828,-1.2724657,-1.264572,-0.66782284,-0.53018725,-0.46532267,-1.2370787,-0.43376723,-0.91635966,-0.9451874,-1.718988,0.5056036,1.1374283,-1.1374283,-1.9694105,-0.8930328,-0.3434871,1.4601445,-1.2725044,-0.8963705,-0.7201933,-0.9419396,-0.6454135,0.1637229,-1.1971241,-0.9579802,0.95105654,0.309017,0.5,0.8660254,0.8660254,-0.5,0.0,1.0,0.0,0.0,0.0
2026-01-27 16:00:00,3.0,-0.07992252,0.05422421,1.2759248,0.08416329,-0.48024336,0.32828328,-1.5258124e-09,0.010285704,-1.1574445,-0.98801774,-0.40484127,-1.361052,-1.2152221,-1.2305915,-0.6012298,-0.34967512,-1.2782781,-1.282974,-0.4497651,-0.7865812,-0.8331689,-1.6983355,-0.6394366,1.0480006,-1.0480006,-2.0310032,0.26559606,-0.40839466,1.7228743,-1.0043398,-0.7650613,-0.71099395,-0.8619512,0.16007599,0.1511292,-1.0563622,-0.8711202,0.95105654,0.309017,0.5,0.8660254,1.2246469e-16,-1.0,0.0,1.0,0.0,0.0,0.0
2026-01-28 08:00:00,3.0,-0.59919924,-1.5272291,0.3947754,-1.2644416,-0.7488604,-1.0822566,-1.7945448e-08,0.12365653,-1.4304973,-1.2760941,-0.68296754,-1.60515,-1.3672173,-1.371268,-0.6416781,-0.45374513,-1.483336,-0.76717305,-0.7690303,-1.0817357,-1.047375,-1.8799522,-0.85348994,1.3812544,-1.3812544,-1.7147003,0.04712575,-0.7113487,1.9562173,-1.2129761,-0.954981,-1.1709831,-1.1405106,-0.61653227,-0.27290988,-1.3734121,-0.6970627,0.95105654,0.309017,0.5,0.8660254,-0.8660254,-0.5,0.0,0.0,1.0,0.0,0.0
2026-01-28 12:00:00,3.0,-0.3539292,-0.046704646,2.49913,-0.8038985,0.6197707,-0.25930235,1.7246338e-08,-0.40382785,-0.9561136,-1.0148934,-0.55072904,-0.9703838,-1.4131094,-1.4202825,-0.61046946,-0.5921666,-1.4370278,-0.9846769,-0.89650476,-1.1412294,-1.0670117,-1.89672,0.5485883,2.427111,-2.427111,-1.7005758,-0.54935396,-0.74024117,1.3319576,-0.6133231,-1.0011561,-1.3468791,-1.1459334,-0.9868286,-0.3403082,-1.4849735,-0.61540705,0.58778524,-0.809017,0.5,0.8660254,0.8660254,-0.5,0.0,1.0,0.0,0.0,0.0
2026-01-28 16:00:00,3.0,-1.3667033,-1.4411074,-0.4960764,-0.28797203,0.9345809,1.1524864,2.4910611e-09,0.03597504,-0.33504528,-0.56812274,-0.22299653,-0.28150558,-1.7932292,-1.7889024,-0.7658504,-1.2078583,-1.211641,-1.2054627,-1.2656068,-1.7604884,-1.4903259,-2.2176213,0.83088356,2.3194876,-2.3194876,-1.0695889,-1.8714979,-1.0866928,0.2262369,0.31181145,-1.881623,-1.665456,-1.6203419,-1.3606459,-1.1705025,-2.3044868,-0.74957865,0.58778524,-0.809017,0.5,0.8660254,1.2246469e-16,-1.0,0.0,1.0,0.0,0.0,0.0
2026-01-29 08:00:00,4.0,-0.01754148,0.2551096,1.8267941,-0.91658163,-1.2529316,-0.9122527,-1.7865185e-08,0.15231147,-1.0864086,-1.1383489,-0.7081883,-1.0563729,-1.678497,-1.7057711,-0.90607584,-1.0852981,-1.071453,-0.83099025,-1.2427338,-1.5470072,-1.4615754,-2.1737638,-1.5132393,2.1146464,-2.1146464,-0.88599205,-1.5565751,-1.353053,0.9705207,-0.47874892,-1.8946545,-1.5106256,-1.6452131,0.2217814,-0.73324,-2.1043088,-0.70236695,0.58778524,-0.809017,0.5,0.8660254,-0.8660254,-0.5,0.0,0.0,1.0,0.0,0.0
2026-01-29 12:00:00,4.0,3.0,0.86720026,-0.5414136,-0.026029307,1.2700851,0.29931965,9.128135e-09,3.0,2.0540326,1.1602895,0.8445342,2.0691967,-0.02885601,-0.34855676,0.12442,1.033321,0.46944916,-0.11072664,0.43339244,1.1265243,0.36848935,-0.66972935,0.9458467,-1.1221263,1.1221263,1.8234681,-0.6594726,0.8573279,-0.19634922,2.2304013,1.15008,-0.67263603,0.50876486,0.61653227,2.3191895,1.0507536,-0.46907958,-0.58778524,-0.809017,0.5,0.8660254,0.8660254,-0.5,0.0,1.0,0.0,0.0,0.0
2026-01-29 16:00:00,4.0,-2.3763385,-1.4432976,0.1775564,-1.0017476,2.800688,2.418462,5.28761e-09,-0.0560326,3.0,2.8054528,2.3458016,2.7940729,-0.85692644,-1.1630931,0.14936781,-0.013336572,-0.30483627,-0.5764844,-0.73730004,-0.38088933,-0.5546606,-1.3374108,1.4993503,0.975623,-0.975623,2.052095,-2.2911787,0.1861595,-1.9879568,3.0,0.32285285,-0.6643353,-0.58218044,-0.56989557,1.5417651,-0.99588835,0.788614,-0.58778524,-0.809017,0.5,0.8660254,1.2246469e-16,-1.0,0.0,1.0,0.0,0.0,0.0
2026-01-30 08:00:00,4.0,0.13480046,0.4235261,1.3522097,-0.7339647,-0.45153153,-0.7463582,-1.8659637e-08,0.032741424,2.159766,2.0756056,1.9175681,1.5916235,-0.76191795,-1.0703028,0.21566829,0.2172105,-0.24057715,-0.3877738,-0.8626377,-0.23278762,-0.4698837,-1.2530956,-0.69824684,0.7682462,-0.7682462,1.9678371,-1.7882798,0.15022488,-1.4924343,2.5253375,-0.23634553,-0.6512667,-0.4908284,0.25027865,1.5470023,-0.7917547,0.7344443,-0.58778524,-0.809017,0.5,0.8660254,-0.8660254,-0.5,0.0,0.0,1.0,0.0,0.0
2026-01-30 12:00:00,4.0,0.60494703,0.9477337,-0.86864334,0.22263344,0.63055336,-0.34139457,-5.1219575e-09,-0.3065533,1.8667374,2.0095136,1.9500468,1.2632917,-0.52923316,-0.8465196,0.3647181,1.150678,-0.014491752,-0.30834517,-0.50359654,0.21975218,-0.2255281,-1.0362517,0.826421,0.23003572,-0.23003572,1.691198,-1.2462779,0.43066752,-1.2916875,1.9472291,-0.08858437,-0.63793206,-0.21003494,0.6353554,-0.8579637,-0.28035283,1.015026,-0.95105654,0.309017,0.5,0.8660254,0.8660254,-0.5,0.0,1.0,0.0,0.0,0.0
2026-01-30 16:00:00,4.0,-0.762591,-1.5188016,-0.2223563,-0.88960457,-0.28049955,0.31169403,-3.7263743e-09,0.03733281,1.1321446,1.5356506,1.6997341,0.56133306,-0.7335619,-1.0468053,0.35869208,0.7392577,-0.2197088,-0.43942964,-1.2473967,-0.23039547,-0.45930842,-1.1833396,-0.28511092,0.6748366,-0.6748366,1.6968405,-1.5684818,0.03659189,-1.1990659,2.109648,-0.058856644,-0.6240521,-0.47792825,-0.5664501,0.1981358,-0.7188624,1.1633948,-0.95105654,0.309017,0.5,0.8660254,1.2246469e-16,-1.0,0.0,1.0,0.0,0.0,0.0
2026-02-02 08:00:00,4.0,-0.10671503,-0.2413872,0.86912185,1.0678353,-0.7493055,-0.97108805,-1.8083428e-08,0.068605065,0.20368372,0.78239703,1.1568216,-0.2699546,-0.7122796,-1.0231018,0.35912424,-1.3450831,-0.23580097,-0.9632608,-1.3270508,-0.15401898,-0.41159394,-1.1587887,-1.0207906,0.6500715,-0.6500715,-0.13934335,-1.3432765,-0.15261818,-0.6790022,-0.42266876,-0.19592631,-0.60912234,-0.41964427,-0.1488663,0.07524373,-0.69301635,1.1517243,-0.95105654,0.309017,0.5,0.8660254,-0.8660254,-0.5,0.0,0.0,1.0,0.0,0.0
2026-02-02 12:00:00,4.0,0.44610876,1.3096075,-0.6781658,-0.83089125,1.5645846,-0.51930076,1.5359904e-09,-1.8691574,1.13546,1.5216472,1.7641348,0.56060356,-0.5092069,-0.83654255,0.4030648,0.17024197,0.10853859,-0.8749143,-1.4202102,0.36898354,-0.18312684,-0.98446184,1.365566,0.24657504,-0.24657504,-1.3399969,-1.0168593,0.26378,-1.0988889,-0.7208154,-0.13856645,-0.5997799,-0.11780134,0.27319646,0.032085698,-0.28975448,1.0876654,0.0,1.0,0.8660254,0.5,0.8660254,-0.5,0.0,1.0,0.0,0.0,0.0
2026-02-02 16:00:00,4.0,1.1570014,1.253078,-0.5239058,-0.85370725,0.40160647,-0.06851206,-4.0795367e-09,0.26202944,1.0167288,1.4125926,1.6657262,0.48132953,-0.1070519,-0.46040815,0.6487231,0.7300022,0.64864737,-0.50232613,-1.1297619,1.3487058,0.3015931,-0.63861215,0.6782216,-0.6854908,0.6854908,-0.9726251,-0.54144526,0.8895383,-0.72184604,-0.38930628,1.4022392,-0.51186764,0.43914828,0.7075426,1.1208969,0.63774884,1.5343938,0.0,1.0,0.8660254,0.5,1.2246469e-16,-1.0,0.0,1.0,0.0,0.0,0.0
2026-02-03 08:00:00,4.0,0.012328412,0.027458847,-0.41679102,1.9954797,-0.9597751,-0.9048702,-1.7401659e-08,0.1973469,-0.0087717995,0.55151224,0.99800354,-0.44438508,-0.052792177,-0.4116544,0.87708557,0.4122314,1.0614359,-0.08863276,-1.0915096,1.1993643,0.41090277,-0.5577089,-1.423177,-0.78032887,0.78032887,-0.9298188,-0.35821855,0.8588306,-0.01449751,-0.8167856,1.4465442,-0.33268017,0.61557055,1.1632887,1.1832265,0.7340855,1.401016,0.0,1.0,0.8660254,0.5,-0.8660254,-0.5,0.0,0.0,1.0,0.0,0.0
2026-02-03 12:00:00,4.0,0.57021904,-0.74712247,1.2627091,-0.51942647,1.0731221,0.17602718,2.6189392e-08,1.932385,1.0331253,1.3772931,1.6879642,0.5142332,0.16462317,-0.21048464,0.975443,1.142992,1.2740732,0.1427507,-1.1157268,1.3534446,0.53641224,-0.42076913,1.2309116,-0.45173663,0.45173663,-1.3030142,0.24307717,0.6049696,-0.5298235,-0.112070926,1.8679411,-0.37189236,0.74794996,1.617173,1.1892793,0.4060968,1.4155271,0.95105654,0.309017,0.8660254,0.5,0.8660254,-0.5,0.0,1.0,0.0,0.0,0.0
2026-02-03 16:00:00,4.0,0.20172055,0.3210035,-0.28342372,1.2251991,-0.09574952,0.7762174,-5.8378236e-09,0.07781008,0.6570368,1.0830532,1.4822505,0.17251913,0.27790776,-0.11055312,1.1302257,1.312284,-0.038646992,0.2880969,-1.1897883,1.2600757,0.6412156,-0.31872258,0.16029643,-0.6432008,0.6432008,-1.3917354,1.0808086,0.72551,-0.24427766,0.18228334,1.2324336,-0.3556637,0.8267545,2.048419,0.6582534,0.59603834,1.0022845,0.95105654,0.309017,0.8660254,0.5,1.2246469e-16,-1.0,0.0,1.0,0.0,0.0,0.0
2026-02-04 08:00:00,1.0,-0.78910345,-1.4369439,-0.71706,-0.4488018,-0.29405677,-0.7073176,-1.703145e-08,0.07220636,0.28302708,0.79143965,1.3292905,-0.19655417,-0.04395119,-0.36997405,1.0791906,0.6350862,0.55667764,0.16347085,-1.4866474,0.75022507,0.35434675,-0.4821172,-0.2828681,-0.25478506,0.25478506,-0.82654995,0.85152507,0.3040841,-0.22214036,-0.4526856,0.86883634,-0.33601832,0.5203459,-0.51373,0.019775614,0.20950364,1.1488181,0.95105654,0.309017,0.8660254,0.5,-0.8660254,-0.5,0.0,0.0,1.0,0.0,0.0
2026-02-04 12:00:00,4.0,-3.0,-1.5794004,-0.9521348,-0.67850095,3.0,2.131985,4.848119e-08,0.4457956,3.0,3.0,3.0,2.5711036,-1.5536816,-1.7885853,0.10354622,-2.5748894,-1.3535649,-1.046732,-3.0,-1.6531426,-1.2434229,-1.5226035,1.4878594,1.9662325,-1.9662325,0.8519106,-0.6924419,-1.0680164,-3.0,1.3973047,-1.032146,-0.5610601,-1.3234731,-0.94022655,-2.6690834,-1.9915292,1.5614308,0.58778524,-0.809017,0.8660254,0.5,0.8660254,-0.5,0.0,1.0,0.0,0.0,0.0
2026-02-04 16:00:00,4.0,-1.9526997,-1.179931,-0.6058984,-0.12475254,1.1946552,2.7169645,-4.3454302e-09,0.047876682,3.0,3.0,3.0,2.6376677,-1.945696,-2.2092924,-0.5527457,-3.0,-2.4756815,-1.6242537,-3.0,-2.1544495,-1.6896846,-1.7784418,1.4343748,1.8955413,-1.8955413,0.7072959,-2.4055395,-1.527275,-3.0,2.6110916,-2.337491,-0.54679334,-1.6437534,-1.3830537,-3.0,-1.9167426,1.4535174,0.58778524,-0.809017,0.8660254,0.5,1.2246469e-16,-1.0,0.0,1.0,0.0,0.0,0.0
2026-02-05 08:00:00,4.0,0.083656475,0.055919364,1.7776738,0.28263107,-0.70084876,-0.34152713,-1.7183398e-08,0.04822287,2.5991926,3.0,3.0,1.370076,-1.9065742,-2.1249645,-1.0733367,-3.0,-2.1595693,-1.5500246,-3.0,-1.7608808,-1.741326,-1.7789202,-0.94459534,1.816453,-1.816453,0.54274035,-1.6283976,-1.7605809,-2.9237447,1.2552087,-2.0930004,-0.52868223,-1.6921535,0.5854041,-2.4471638,-1.8343127,1.3955014,0.58778524,-0.809017,0.8660254,0.5,-0.8660254,-0.5,0.0,0.0,1.0,0.0,0.0
2026-02-05 12:00:00,4.0,0.7142393,0.9054355,0.3749026,-0.4905751,0.2661897,0.25792783,-1.7675624e-09,-0.5839835,2.368131,2.9431825,3.0,1.1836122,-1.5920161,-1.8381695,-1.16469,-2.990307,-1.8165374,-1.329463,-3.0,-1.302186,-1.4153265,-1.5417954,1.1460572,1.4853957,-1.4853957,0.67967266,-0.8411263,-1.3941748,-2.6072724,1.4625347,-1.5619228,-0.511555,-1.2865454,1.0534714,0.059006557,-1.5051491,1.4279516,-0.58778524,-0.809017,0.8660254,0.5,0.8660254,-0.5,0.0,1.0,0.0,0.0,0.0
2026-02-05 16:00:00,4.0,-0.70210934,-0.5321839,-0.7151077,1.5524923,0.7476978,1.2794186,-1.4602408e-09,0.019032955,2.6680903,3.0,3.0,1.4013569,-1.7042724,-1.9315711,-1.1593676,-2.8210657,-2.265283,-1.416354,-2.8747287,-1.3510263,-1.484092,-1.5531123,1.3237313,1.4007117,-1.4007117,0.6999019,-1.6527017,-1.4372033,-2.6691139,2.0562105,-1.4906399,-0.49593946,-1.3382752,-0.45057312,0.39969784,-1.4196132,1.372553,-0.58778524,-0.809017,0.8660254,0.5,1.2246469e-16,-1.0,0.0,1.0,0.0,0.0,0.0
2026-02-06 08:00:00,1.0,0.19485587,0.253544,0.7366178,0.695327,-0.7211916,-0.7017549,-1.6828121e-08,0.11559942,1.671953,2.3617554,2.8071985,0.499304,-1.5721244,-1.7965382,-1.2258369,-0.7827943,-2.5035427,-1.2842132,-2.4905465,-1.1347721,-1.4329089,-1.512547,-0.6543497,1.299929,-1.299929,-0.66624796,-1.2008452,-1.5896902,-2.3442302,-0.28533208,-1.1461011,-0.47978243,-1.2986127,0.5257297,0.45751908,-1.3178791,1.3197638,-0.58778524,-0.809017,0.8660254,0.5,-0.8660254,-0.5,0.0,0.0,1.0,0.0,0.0
2026-02-06 12:00:00,1.0,1.7379429,1.0212966,-0.84133977,0.18921442,0.23884328,-0.39621237,-3.5257401e-09,1.0545193,1.649353,2.22336,2.5980458,0.5573411,-0.8220633,-1.2034088,-0.7393808,0.9686731,-1.7203914,-0.4846488,-2.0729182,-0.5427344,-0.748842,-1.0776671,1.1605445,0.6430837,-0.6430837,-0.8734689,-0.7496092,-0.8308686,-1.9877585,-0.5883145,-0.6892739,-0.69020665,-0.53633684,1.0192244,1.0271106,-0.6682367,1.2412786,-0.95105654,0.309017,0.8660254,0.5,0.8660254,-0.5,0.0,1.0,0.0,0.0,0.0
2026-02-06 16:00:00,1.0,0.6661485,0.87152565,-0.36690432,0.17450443,-0.2131575,0.17028463,-8.558737e-10,-0.076884866,1.3536135,1.9443234,2.3422706,0.28724048,-0.55681884,-0.9796945,-0.26947212,1.2322862,-1.6247264,-0.28124744,-1.9544024,-0.31207547,-0.4932321,-0.90156674,0.7454569,0.38213155,-0.38213155,-0.87736785,-0.11931178,-0.6043641,-1.7537789,-0.30294424,-0.39770308,-0.69071054,-0.242628,1.5,1.5418807,-0.40880606,0.974627,-0.95105654,0.309017,0.8660254,0.5,1.2246469e-16,-1.0,0.0,1.0,0.0,0.0,0.0
2026-02-09 08:00:00,1.0,-0.20156269,-1.2497274,0.01583842,-0.8018625,-1.035743,-0.79868454,-1.6192576e-08,0.049942687,0.53239506,1.3178021,1.8676062,-0.5839421,-0.6097447,-1.0119599,0.0077127065,0.8015575,-1.7602278,-1.3412062,-1.8856809,-0.31774104,-0.5373825,-0.94595337,-1.2888876,0.44901633,-0.44901633,-0.54710174,-0.14805056,-0.9427109,-1.4917288,-0.7546925,-0.2852174,-0.75837976,-0.27366838,-0.5,1.3191407,-0.47297487,1.3088423,-0.95105654,0.309017,0.8660254,0.5,-0.8660254,-0.5,0.0,0.0,1.0,0.0,0.0
2026-02-09 12:00:00,1.0,1.080901,0.0830998,0.72057027,1.1961755,-0.20440425,-0.48192042,-6.959061e-10,1.7233994,0.6013851,1.243585,1.7437408,-0.42017412,-0.17731726,-0.6712984,0.5263279,1.60773,-1.0344927,-0.38385153,-1.8711721,0.069141276,-0.027675686,-0.64466363,0.5444355,0.020692939,-0.020692939,-0.7854965,0.13899828,-0.43131882,-1.2657951,-0.9315012,0.014521883,-1.4381458,0.36056274,0.5,0.8677367,-0.048551597,0.9104149,0.0,1.0,0.8660254,0.5,0.8660254,-0.5,0.0,1.0,0.0,0.0,0.0
2026-02-09 16:00:00,1.0,0.9891566,1.4389004,-1.0407557,-0.6273023,-0.26353818,-0.22279151,-3.548336e-09,-0.0013912405,0.46116722,1.0494187,1.5443918,-0.4993767,0.20936379,-0.35811612,1.098713,1.936589,1.1672571,-0.091184765,-1.5233083,0.42502558,0.4676728,-0.35710552,0.4543423,-0.39851975,0.39851975,-0.8785451,0.53333765,0.015649268,-0.993308,-0.7079751,0.26195273,-1.270827,0.890936,0.9691656,0.96746856,0.36726642,1.1001933,0.0,1.0,0.8660254,0.5,1.2246469e-16,-1.0,0.0,1.0,0.0,0.0,0.0
2026-02-10 08:00:00,1.0,0.13248552,0.7797293,1.4571247,-1.2404218,-1.0767944,-0.8148494,-1.4944588e-08,0.028782897,-0.2123975,0.5087907,1.1288277,-1.242043,0.28959846,-0.2947222,1.563787,1.1996937,1.9989095,-0.22903019,-1.4169474,0.49023452,0.63907707,-0.27375656,-1.8006753,-0.7698066,0.7698066,-1.1023718,0.6653636,-0.11469978,-0.6163451,-1.1290202,0.43251553,-1.2985518,1.1421113,1.4127315,1.0979385,0.44720033,0.99384105,0.0,1.0,0.8660254,0.5,-0.8660254,-0.5,0.0,0.0,1.0,0.0,0.0
2026-02-10 12:00:00,1.0,0.18703803,0.04446066,1.2195464,0.75684774,-0.40804353,-0.21695133,1.6702538e-08,0.18788221,-0.2569894,0.3686701,0.9873502,-1.2024364,0.40149948,-0.21053693,1.8298793,0.97939605,1.9794796,0.073282786,-1.4053118,0.55943465,0.78985244,-0.1781088,0.13988933,-0.9121817,0.9121817,-1.0438058,1.0177695,-0.04216435,-0.4716796,-1.1287268,0.4968078,-1.1212687,1.3161386,1.8287644,0.65514624,0.5540503,0.91488916,0.95105654,0.309017,0.8660254,0.5,0.8660254,-0.5,0.0,1.0,0.0,0.0,0.0
2026-02-10 16:00:00,1.0,0.5100265,0.7014571,-0.12372999,0.34266844,-0.42046568,0.13234332,-3.6575993e-09,0.1262138,-0.29407212,0.23623633,0.8393906,-1.1424766,0.66815096,-0.012934682,2.054086,1.2937264,1.8615917,0.32598823,-1.495727,0.73704505,1.1471893,0.033276185,0.1611852,-1.2657042,1.2657042,-1.240555,1.5121055,0.23806074,-0.26478615,-0.8465913,0.60114527,-0.62307113,1.6238897,2.2009494,0.44735834,0.79730743,0.90844256,0.95105654,0.309017,0.8660254,0.5,1.2246469e-16,-1.0,0.0,1.0,0.0,0.0,0.0
2026-02-11 08:00:00,1.0,0.1514904,0.7061975,-1.2504784,1.4626517,-0.93006945,-0.816161,-1.5200985e-08,-0.026825726,-0.715951,-0.15055357,0.5214048,-1.5885565,0.805804,0.07884997,2.258084,0.87710726,2.1476562,0.25507867,-1.4113725,0.7901356,1.4039887,0.16797559,-1.3142202,-1.9335778,1.9335778,-1.3142071,1.5676502,0.17200363,0.13795637,-1.1471105,0.65860385,-0.51554966,1.9391481,2.0787919,0.45691225,0.8921026,0.90843874,0.95105654,0.309017,0.8660254,0.5,-0.8660254,-0.5,0.0,0.0,1.0,0.0,0.0
2026-02-11 12:00:00,1.0,-0.069561005,0.6409284,0.643538,-0.3266666,0.39802423,0.61161786,4.580576e-08,-1.418873,-0.097233005,0.1858608,0.7170247,-0.70793146,0.7880524,0.079597965,2.0058315,0.40446857,1.9983474,-0.21468855,-1.179339,0.7870341,1.2701032,0.118726656,1.2416139,-1.5621932,1.5621932,-1.5348275,0.84642386,0.3118017,-0.19947341,-0.79335064,0.6516567,0.16421315,1.620367,-0.60512453,0.310416,0.87466484,0.6674563,0.58778524,-0.809017,0.8660254,0.5,0.8660254,-0.5,0.0,1.0,0.0,0.0,0.0
2026-02-11 16:00:00,1.0,-0.6989309,-0.6753179,0.7815906,0.1667658,0.7512648,1.0216258,-5.527855e-09,-0.028196128,0.6956354,0.7246302,1.0919733,0.20332225,0.30337682,-0.22727785,1.5477259,0.037134018,1.0554308,-0.57547545,-1.2275071,0.56658125,0.7623637,-0.15412478,1.2660306,-1.0637683,1.0637683,-1.0709711,-0.07457634,0.12975137,-0.73019695,0.07822893,0.60258037,0.54206616,0.90538365,-1.0713148,-0.41758147,0.5696151,0.6225101,0.58778524,-0.809017,0.8660254,0.5,1.2246469e-16,-1.0,0.0,1.0,0.0,0.0,0.0
2026-02-12 08:00:00,4.0,-0.25321454,-1.327359,-0.5104064,-0.44635445,-0.8671807,-0.833464,-1.5952496e-08,0.0910612,0.10440482,0.33748168,0.81562424,-0.4686493,0.14200392,-0.3307082,1.3304787,-0.15778212,0.7031747,-0.98108023,-1.364624,0.5342756,0.73644173,-0.21532255,-0.98782676,-0.9241586,0.9241586,-1.0290948,-0.13853236,-0.22050984,-0.5005798,-0.16401917,0.50671345,0.7688016,0.9060537,-1.4668815,-0.67346036,0.7745186,0.5965773,0.58778524,-0.809017,0.8660254,0.5,-0.8660254,-0.5,0.0,0.0,1.0,0.0,0.0
2026-02-12 12:00:00,2.0,3.0,0.50495845,-0.6648581,1.4248145,1.2451818,1.0017185,4.4031125e-08,3.0,2.968433,2.2905917,2.005862,2.5041282,2.5304384,1.9383408,1.7014995,2.3118083,2.9734967,2.2770154,0.118085176,2.4341195,2.890377,1.417515,1.3891762,-1.769638,1.769638,1.4905314,1.0493851,2.0306625,-0.7416774,2.2322147,2.2501917,1.1138476,2.7584603,0.3198622,1.5780607,2.0161014,0.056734465,-0.58778524,-0.809017,0.8660254,0.5,0.8660254,-0.5,0.0,1.0,0.0,0.0,0.0
2026-02-12 16:00:00,1.0,-2.959197,-1.8444853,-1.1451845,-1.3042986,1.826271,1.0416377,-8.181236e-09,-0.15006883,3.0,3.0,2.8992991,2.6399293,0.5749738,0.22619787,1.3208166,0.49258256,1.1049248,0.44412005,-0.8077425,1.0568448,1.0682197,0.24929489,1.3499304,-0.2511924,0.2511924,1.8602971,-0.1697548,0.60081244,-1.6063,3.0,1.4628705,1.186583,0.86167747,-0.5727765,0.23321465,0.57513916,1.156876,-0.58778524,-0.809017,0.8660254,0.5,1.2246469e-16,-1.0,0.0,1.0,0.0,0.0,0.0
2026-02-13 08:00:00,2.0,-0.867617,-1.5909553,-1.3662302,-0.53951216,-0.20319207,-0.31067118,-1.4364595e-08,-0.107066154,2.7111034,2.7380707,2.6762598,1.7027397,0.16422026,-0.18021512,1.029825,0.0047539244,0.32461292,2.0257516,-1.141554,0.6252961,0.6464257,0.009831281,0.61581147,0.43942958,-0.43942958,2.1397157,-0.6029246,0.08406407,-1.6153644,2.374715,0.66801685,1.4189357,0.42949226,-0.9892106,0.014017051,0.1727672,0.87192476,-0.58778524,-0.809017,0.8660254,0.5,-0.8660254,-0.5,0.0,0.0,1.0,0.0,0.0
2026-02-13 12:00:00,5.0,-2.4380412,-1.283361,-1.2781531,0.2314129,0.4322345,0.38015702,-4.3060733e-09,-2.2622118,3.0,3.0,3.0,1.9056817,-0.8952166,-1.3124291,0.34450066,-1.2131518,-0.9855062,1.0553075,-1.7285482,-0.5306874,-0.5423083,-0.85850406,0.9991569,1.6489592,-1.6489592,2.0868897,-1.2565875,-0.8448823,-2.110517,2.1744056,-0.44162998,0.70278245,-0.87054795,-1.3969327,-2.908101,-1.0576136,0.6007627,-0.95105654,0.309017,0.8660254,0.5,0.8660254,-0.5,0.0,1.0,0.0,0.0,0.0
2026-02-13 16:00:00,4.0,0.29470184,0.5914426,-0.47523576,1.1970552,-0.43836427,0.6616842,-6.853207e-09,-0.057477117,2.265794,2.6441312,2.7767754,1.0467811,-0.74085027,-1.1613284,-0.03584297,-0.9194496,-0.89248776,1.2461735,-1.6642784,-0.44773364,-0.48172012,-0.78648865,-0.02757122,1.4539157,-1.4539157,1.997705,-0.2897775,-0.92408454,-1.8935736,2.1392705,-0.5220499,0.90875816,-0.77246803,0.34923318,-1.0734701,-0.90043885,0.59546596,-0.95105654,0.309017,0.8660254,0.5,1.2246469e-16,-1.0,0.0,1.0,0.0,0.0,0.0
2026-02-16 08:00:00,5.0,0.23343505,0.78854764,1.2076586,-0.959849,-0.88664323,-0.98792,-1.5595576e-08,-0.020501815,1.3614689,1.986805,2.2997463,0.20234428,-0.6136717,-1.043971,-0.2942476,-3.0,-0.9417602,1.049392,-1.597994,-0.37645206,-0.45042402,-0.7439324,-0.8991729,1.3059196,-1.3059196,0.14227796,-0.028939167,-1.1329376,-1.6732548,-0.25156406,-0.38278025,1.1638864,-0.77840155,0.7857747,-0.6164206,-0.7762254,0.53858984,-0.95105654,0.309017,0.8660254,0.5,-0.8660254,-0.5,0.0,0.0,1.0,0.0,0.0
2026-02-16 12:00:00,5.0,-1.6786034,-1.6943011,-1.3269565,-0.9628682,1.7634858,0.88830537,2.4508218e-08,1.1638923,2.1205122,2.5161986,2.7240968,0.7955304,-1.2646762,-1.7343843,-0.6232085,-2.3717804,-1.8165494,0.026843019,-1.6701981,-1.1872586,-1.1868992,-1.3628377,1.267444,1.6393793,-1.6393793,-0.26516214,-0.91584253,-1.5782533,-2.0110936,-0.3646207,-0.88272876,0.54282796,-1.5133467,-0.5238498,-0.29096067,-1.8609571,0.73685855,0.0,1.0,0.8660254,0.5,0.8660254,-0.5,0.0,1.0,0.0,0.0,0.0
2026-02-16 16:00:00,5.0,-1.8513324,-1.5474948,-1.0284536,-0.99957424,0.95640165,2.4810736,1.2354306e-09,-0.16674876,2.3345633,2.6992269,2.9057925,0.8524008,-1.7912077,-2.3133914,-1.08802,-2.7648182,-2.5911636,-1.6615789,-2.350035,-1.7265723,-1.8711284,-1.9903284,1.1201867,1.6164271,-1.6164271,-0.21351877,-1.9400083,-2.1957843,-2.2127147,-0.07694445,-1.6738147,0.2359127,-1.9125062,-0.9324849,-0.8852269,-1.8188102,0.9770194,0.0,1.0,0.8660254,0.5,1.2246469e-16,-1.0,0.0,1.0,0.0,0.0,0.0
2026-02-17 08:00:00,5.0,0.108179085,0.13529304,0.8294213,1.3336722,-0.91768616,-0.43422705,-1.5012555e-08,-0.08668465,1.4277855,2.0511155,2.4244366,0.03555385,-1.7016429,-2.1709073,-1.5053313,-1.462311,-2.2187204,-2.4164705,-2.193793,-1.4078683,-1.9173924,-2.0557656,-0.97749305,1.5240986,-1.5240986,-0.39191788,-1.2128589,-2.4902487,-2.0243292,-0.6866677,-1.6086841,0.23846948,-1.9606186,0.35457674,-0.9579222,-1.703721,1.0900958,0.0,1.0,0.8660254,0.5,-0.8660254,-0.5,0.0,0.0,1.0,0.0,0.0
2026-02-17 12:00:00,4.0,0.0469012,0.7727507,0.8504327,-0.43611732,-0.029594462,0.10180372,-2.8322846e-09,-0.95120823,1.2278727,1.8441968,2.2438793,-0.13420548,-1.6555723,-2.060585,-1.6207876,-1.5549029,-2.049826,-2.5715706,-1.8536153,-1.22409,-1.844084,-1.9665697,0.57544696,1.3580166,-1.3580166,-0.42740926,-1.31904,-2.4468856,-1.911368,-0.5480205,-1.363685,0.11408205,-1.8728349,-0.5238498,-0.41760778,-1.5098423,1.3322378,0.95105654,0.309017,0.8660254,0.5,0.8660254,-0.5,0.0,1.0,0.0,0.0,0.0
2026-02-17 16:00:00,4.0,0.1779363,0.3759244,-0.20516892,1.7263547,-0.57533455,0.9250691,-2.1471507e-09,-0.14880085,0.8111705,1.4929019,1.9648411,-0.51069075,-1.5368589,-1.9096884,-1.6522489,-1.5482318,-3.0,-2.2351859,-1.894201,-1.0373913,-1.776871,-1.917534,-0.14442673,1.289575,-1.289575,-0.43065345,-0.48479697,-2.5172465,-1.7628444,-0.43256557,-1.1190873,-1.7312421,-1.7323868,0.34923318,0.12214532,-1.4280595,1.4492728,0.95105654,0.309017,0.8660254,0.5,1.2246469e-16,-1.0,0.0,1.0,0.0,0.0,0.0
2026-02-18 08:00:00,1.0,0.25731137,0.91470814,0.8798917,-0.9147,-0.9879667,-0.99883294,-1.4524528e-08,-0.08719329,0.2664433,1.0456765,1.6213497,-1.0266548,-1.3779877,-1.7336881,-1.6306871,-0.61913824,-2.1443896,-2.4301906,-1.6909989,-0.8669916,-1.7262758,-1.8998641,-1.2076174,1.2031639,-1.2031639,-0.55577236,-0.24154522,-2.6917493,-1.5801314,-0.94615316,-0.8549905,-3.0,-1.7324572,0.76192,0.20486453,-1.3290102,1.3570814,0.95105654,0.309017,0.8660254,0.5,-0.8660254,-0.5,0.0,0.0,1.0,0.0,0.0
2026-02-18 12:00:00,1.0,2.3851142,1.5491071,-0.5883122,-1.2177641,0.91827583,0.05392094,9.96617e-09,1.0084963,1.0882183,1.4106624,1.7312995,0.007995714,-0.056034952,-0.5716876,-0.6983129,1.4813732,-0.86442727,-1.1309838,-0.8139308,-0.12129778,-0.2637076,-0.47635514,1.1732451,0.40854758,-0.40854758,-0.40763474,0.23359026,-0.9593984,-1.2695688,-0.68761957,-0.2759497,-2.3940215,-0.33197287,1.1571548,1.3630576,-0.4202055,1.578444,0.58778524,-0.809017,0.8660254,0.5,0.8660254,-0.5,0.0,1.0,0.0,0.0,0.0
2026-02-18 16:00:00,4.0,-0.07085588,-0.29224348,-0.39271554,1.8380754,-0.5359792,-0.16533302,-7.983272e-09,-0.071261406,0.7332621,1.1608434,1.5535151,-0.3466769,-0.10312449,-0.5941041,-0.25632682,1.3710809,0.013002661,-1.2262743,-0.88687503,-0.12964943,-0.28894857,-0.52409023,0.13348153,0.44337276,-0.44337276,-0.37692258,-0.0879605,-1.1426994,-1.1844547,-0.55288637,-0.16762073,-2.384871,-0.3850344,-0.5629762,1.2314816,-0.46254802,0.94860655,0.58778524,-0.809017,0.8660254,0.5,1.2246469e-16,-1.0,0.0,1.0,0.0,0.0,0.0
2026-02-19 08:00:00,4.0,-0.13654575,-0.94748735,0.22903676,-0.5210548,-1.09656,-1.2973012,-1.38134695e-08,-0.12925683,0.18374395,0.7663511,1.2803926,-0.9178281,-0.18411957,-0.6442054,0.045191612,1.2643058,-0.15178414,-1.3853636,-0.8971801,-0.15509224,-0.37264675,-0.65256524,-1.2740757,0.48062837,-0.48062837,-0.35219797,-0.10571339,-1.5268577,-1.054724,-0.74741125,-0.14773957,-2.5486724,-0.5015704,-0.9832334,1.0340712,-0.53178704,0.8199725,0.58778524,-0.809017,0.8660254,0.5,-0.8660254,-0.5,0.0,0.0,1.0,0.0,0.0
2026-02-19 12:00:00,4.0,-0.72449696,-0.82042176,1.1917692,-1.2166638,-0.5267687,-0.9163284,5.6571464e-10,-0.80567575,0.074280456,0.64560324,1.200017,-1.0056874,-0.5248457,-0.9274753,0.1185462,0.82793206,-0.5282517,-2.035084,-1.4734871,-0.3377208,-0.7392943,-1.0793079,0.09268749,0.40071535,-0.40071535,-0.17717414,-0.20873152,-1.9963689,-1.1157062,-0.6845542,-0.27889267,-3.0,-0.8910217,-1.3638726,-0.40713155,-0.81318057,0.8263715,-0.58778524,-0.809017,0.8660254,0.5,0.8660254,-0.5,0.0,1.0,0.0,0.0,0.0
2026-02-19 16:00:00,4.0,-0.182726,-0.50500613,-0.10507804,0.83234024,-0.7670727,0.033872537,6.3241776e-09,-0.20083821,-0.13329552,0.4419696,1.0431405,-1.1741686,-0.6133208,-0.9951634,0.13741624,0.62134343,0.02789195,-2.13244,-1.553505,-0.34134087,-0.8015042,-1.2513728,-0.49504405,0.09625938,-0.09625938,-0.13882896,-0.63842964,-2.2578912,-1.060065,-0.5740191,-0.36101896,-3.0,-1.003852,-1.7093945,-0.44288176,-0.8823802,0.8076976,-0.58778524,-0.809017,0.8660254,0.5,1.2246469e-16,-1.0,0.0,1.0,0.0,0.0,0.0
2026-02-20 08:00:00,4.0,0.09255436,0.2914247,1.8190696,-0.18359149,-1.1810718,-1.2079295,-1.3676462e-08,-0.10129119,-0.5572943,0.07964316,0.7713262,-1.5861489,-0.5749098,-0.9528441,0.19259863,-0.495753,0.77962583,-1.9774903,-1.4695797,-0.26032415,-0.73956734,-1.3533394,-1.73387,0.05228401,-0.05228401,-1.1878781,-0.3944212,-2.576761,-0.88543457,-1.1367346,-0.29607922,-3.0,-0.9737722,0.35322726,-0.33793193,-0.8445581,0.7838201,-0.58778524,-0.809017,0.8660254,0.5,-0.8660254,-0.5,0.0,0.0,1.0,0.0,0.0
2026-02-20 12:00:00,4.0,0.14796442,-0.26613954,0.2699964,1.1155931,-0.6714222,-0.41317722,9.160229e-09,0.20221016,-0.64984477,-0.08971779,0.61200684,-1.5787125,-0.49910015,-0.8749685,0.29749992,-0.3896384,0.7928464,-1.5799173,-1.1479485,-0.17758673,-0.581732,-1.3004436,-0.55108356,-0.022489998,0.022489998,-1.1094811,0.13835718,-2.5725965,-0.7644654,-1.1123242,-0.23088859,-2.888733,-0.7860418,0.7426805,0.028321514,-0.7868345,0.80714196,-0.95105654,0.309017,0.8660254,0.5,0.8660254,-0.5,0.0,1.0,0.0,0.0,0.0
2026-02-20 16:00:00,4.0,1.1245424,1.7737236,-1.3429477,-1.084133,0.06861199,0.7245439,2.4535793e-09,-0.25379294,-0.35077092,-0.016278332,0.5709161,-1.0639663,0.21324852,-0.2924067,0.709105,0.22514164,1.2127231,-0.78925717,-0.72531897,0.2307907,0.32900733,-0.39248303,0.7066722,-0.82375115,0.82375115,-0.701025,1.1044238,-1.6784397,-0.5582034,-0.77640605,0.039210696,-2.2979815,0.045095094,1.1227845,0.7307751,-0.34148052,1.0239687,-0.95105654,0.309017,0.8660254,0.5,1.2246469e-16,-1.0,0.0,1.0,0.0,0.0,0.0
2026-02-23 08:00:00,4.0,-0.056117415,-0.80260646,-1.3878909,1.5338776,-1.0668162,-1.227701,-1.4642985e-08,-0.11480556,-0.7174455,-0.31772947,0.3421296,-1.4449972,0.15401523,-0.32091275,1.0119747,0.5476949,1.111537,-2.9719744,-0.6857601,0.34642264,0.51833814,-0.48877308,-1.6071286,-1.5177927,1.5177927,-0.6601124,1.1059048,-2.0311809,-0.37962142,-0.9097245,0.28411505,-2.0890696,0.38907975,-0.5868929,0.64440435,-0.3481842,1.371553,-0.95105654,0.309017,0.8660254,0.5,-0.8660254,-0.5,0.0,0.0,1.0,0.0,0.0
2026-02-23 12:00:00,4.0,-0.45618108,0.1267093,1.5854058,0.2679474,-0.5921252,-0.029421655,2.1428816e-08,-1.017752,-0.6883582,-0.36622754,0.2824352,-1.3289961,-0.15161474,-0.5365982,0.99157137,0.41370404,0.83117634,-1.7333716,-0.7964874,0.20349114,0.2783881,-0.8498189,-0.65908927,-0.99659234,0.99659234,-0.42567468,0.4641861,-2.255932,-0.45411876,-0.8209425,0.19190511,-2.000484,0.31700298,-1.0778774,0.30755532,-0.101725966,-0.46252754,0.0,1.0,0.8660254,0.5,0.8660254,-0.5,0.0,1.0,0.0,0.0,0.0
2026-02-23 16:00:00,4.0,-0.5404121,-1.5485352,-0.75577885,-1.1836483,-0.32806838,-0.20870079,-8.140666e-09,-0.047589738,-0.6538795,-0.39833963,0.23773153,-1.2223237,-0.4848083,-0.779389,0.75742304,0.104874,-0.3130587,-1.5802269,-0.9816534,-0.077554,-0.049420524,-1.2593102,-0.26303202,-0.40950072,0.40950072,-0.26867962,-0.12207643,-2.4635348,-0.5670764,-0.59587,0.054219645,-2.021694,-0.032553907,-1.4670414,-0.61714816,0.026295232,-0.40135336,0.0,1.0,0.8660254,0.5,1.2246469e-16,-1.0,0.0,1.0,0.0,0.0,0.0
2026-02-24 08:00:00,4.0,0.018487904,-0.4777539,-1.3260151,2.124961,-1.0580521,-1.1846476,-1.4081095e-08,-0.08658348,-1.0018005,-0.6971416,-0.0006840683,-1.5932578,-0.49521664,-0.7700806,0.64002144,0.042580094,-0.2780889,-0.364888,-0.9844475,-0.05047565,-0.03513858,-1.3801645,-1.8136097,-0.28667286,0.28667286,-0.09225523,-0.17043154,-2.7480507,-0.3634202,-0.73672885,-0.09594751,-2.2233877,0.004707287,-1.8157066,-0.5733905,0.0011010607,0.32859772,0.0,1.0,0.8660254,0.5,-0.8660254,-0.5,0.0,0.0,1.0,0.0,0.0
2026-02-24 12:00:00,4.0,-0.5011651,-1.2552811,-0.7610917,-0.49715054,0.15063706,0.101103775,2.8609334e-08,0.20144965,-0.7164254,-0.5729668,0.045614656,-1.1418409,-0.79629034,-0.9878455,0.29503602,-0.74782974,-0.42130142,-0.77698207,-1.1305047,-0.40927038,-0.40104812,-1.6220903,0.37537566,0.7042104,-0.7042104,-0.95449495,-0.8347909,-2.6001544,-0.60091555,-0.73946005,-0.26695374,-2.1826522,-0.31844193,-2.1312423,-0.5727084,-0.44895932,0.22260116,0.95105654,0.309017,0.8660254,0.5,0.8660254,-0.5,0.0,1.0,0.0,0.0,0.0
2026-02-24 16:00:00,4.0,0.5462509,0.7717515,0.3223177,0.12576073,0.4740628,0.73497975,-3.2656102e-09,-0.116750665,-0.35892364,-0.39176705,0.09776542,-0.61668134,-0.3967769,-0.684847,0.27632815,-0.45253375,0.07449697,-0.5956128,-0.9386434,0.062364053,0.14176117,-0.9766273,0.7333542,0.3204118,-0.3204118,-0.56667405,0.51846266,-1.9163228,-0.56781214,-0.25915465,-0.11188165,-1.9427304,0.12461161,0.33579057,0.07431453,-0.041386228,0.68161684,0.95105654,0.309017,0.8660254,0.5,1.2246469e-16,-1.0,0.0,1.0,0.0,0.0,0.0
2026-02-25 08:00:00,4.0,0.1737068,0.9724693,-1.0635111,0.87912226,-0.9706933,-1.278863,-1.5594775e-08,-0.1362646,-0.74766326,-0.6805911,-0.13216184,-1.03165,-0.29662004,-0.5950946,0.35611913,-0.14630848,0.21377994,0.32853654,-0.80085087,0.18822503,0.25776866,-0.9388646,-1.3851495,0.085245594,-0.085245594,-0.49485874,0.74929416,-2.090546,-0.334637,-0.4590025,0.1024999,-1.9856032,0.2666899,0.7245896,0.17327708,0.6389115,0.37028837,0.95105654,0.309017,0.8660254,0.5,-0.8660254,-0.5,0.0,0.0,1.0,0.0,0.0
2026-02-25 12:00:00,4.0,1.0883709,1.5250711,-1.10136,-0.66410124,0.5155794,0.044169948,4.801508e-08,0.24947791,-0.5383662,-0.6085659,-0.1726704,-0.65656805,0.47501433,0.0033047884,0.7605691,0.65137553,0.60951155,1.8109425,-0.3577815,1.0613351,1.0361172,0.045832835,0.30030426,-1.6330792,1.6330792,0.0103799235,1.5848373,-1.3613045,-0.052114554,-0.26779306,0.8103912,-0.557554,0.89731795,1.0970427,1.1165917,1.7620089,-0.026350185,0.58778524,-0.809017,0.8660254,0.5,0.8660254,-0.5,0.0,1.0,0.0,0.0,0.0
2026-02-25 16:00:00,4.0,-0.35048458,-0.8623881,0.691835,-0.69367766,0.10521276,0.5401173,-5.032823e-09,-0.08988938,-0.5070832,-0.5995085,-0.19241934,-0.58307123,0.18508607,-0.18804756,0.8578191,0.46958306,0.41306874,1.5400379,-0.28636962,0.611193,0.60112953,-0.20280637,0.038630918,-0.8345571,0.8345571,0.12185347,0.32830894,-1.4582044,-0.17122519,0.08121051,0.8488768,0.3968213,0.47767118,-0.55937314,0.5125602,1.2968899,-1.1968012,0.58778524,-0.809017,0.8660254,0.5,1.2246469e-16,-1.0,0.0,1.0,0.0,0.0,0.0
2026-02-26 08:00:00,4.0,0.14766538,1.0071679,0.55166346,-0.86014676,-1.0588481,-1.2364385,-1.495599e-08,-0.12877862,-0.91627836,-0.9128444,-0.44653872,-1.0229034,0.25662783,-0.12014635,1.034435,0.7813088,0.034121018,1.5612458,-0.23207875,0.65535206,0.63816625,-0.11972063,-1.547732,-0.9805908,0.9805908,-0.20663464,0.44984898,-1.6646125,0.15760764,-0.35880843,0.6541382,0.368482,0.5161874,0.2693278,0.48573133,1.3410311,-1.4284873,0.58778524,-0.809017,0.8660254,0.5,-0.8660254,-0.5,0.0,0.0,1.0,0.0,0.0
2026-02-26 12:00:00,4.0,1.2193748,1.6807482,-1.1080881,-1.1863645,1.0371269,-0.3775107,8.820842e-09,-0.17096493,-0.5286323,-0.7131469,-0.4145383,-0.43035427,1.063124,0.5335668,1.3561609,1.0926983,0.5293002,2.0249426,-0.5184876,1.8114048,1.4542166,0.9537773,0.74862313,-1.8021532,1.8021532,0.09552824,1.1202374,-0.83757037,0.38876322,-0.31110394,1.4779912,0.6520574,1.240162,0.68367827,0.50565434,2.145246,-1.4131722,-0.58778524,-0.809017,0.8660254,0.5,0.8660254,-0.5,0.0,1.0,0.0,0.0,0.0
2026-02-26 16:00:00,4.0,-0.034530815,-0.15853383,-0.5859115,2.345095,0.527173,1.0808116,2.6355367e-09,-0.0492597,-0.37648028,-0.6041195,-0.37944725,-0.22157833,0.99520385,0.5048607,1.4600247,0.9850368,0.69158787,1.838959,-0.056190446,1.5604864,1.2048419,0.9227464,0.3062414,-1.5531147,1.5531147,0.19101748,-0.27304435,-0.74417114,0.27163592,0.1063329,1.5276326,0.69295317,1.003012,-0.55937314,0.7225003,1.844432,-1.3545457,-0.58778524,-0.809017,0.8660254,0.5,1.2246469e-16,-1.0,0.0,1.0,0.0,0.0,0.0
2026-02-27 08:00:00,4.0,-0.06469092,-0.8254733,-0.14821808,0.20478775,-1.1062663,-1.2139223,-1.500365e-08,-0.029940506,-0.7581822,-0.86570066,-0.5934394,-0.6856921,0.9016672,0.4593022,1.5870153,0.43006626,0.87231034,0.6863435,-0.11398157,1.3124204,1.1754379,0.87302077,-1.3354558,-1.404663,1.404663,0.5628225,-0.4612997,-0.9914311,0.52198935,-0.3249423,1.4460794,1.0042162,1.0261874,-0.9462157,0.58673674,1.6670859,-0.81421196,-0.58778524,-0.809017,0.8660254,0.5,-0.8660254,-0.5,0.0,0.0,1.0,0.0,0.0
2026-02-27 12:00:00,4.0,0.0428948,0.021796266,-1.086964,2.8671787,-0.005705208,-0.6392972,2.1934579e-09,-0.07451737,-0.7793827,-0.9049264,-0.6704094,-0.66973054,0.90349615,0.47863254,1.5105934,0.61941224,0.8766804,0.7397689,-0.23682101,1.2017543,1.1485469,0.8653189,-0.41101503,-1.3766665,1.3766665,0.35603836,0.15853411,-0.9949501,0.588178,-0.3624406,1.0811132,0.997991,1.0334148,0.29586264,-0.12985466,1.6254151,0.44165048,-0.95105654,0.309017,0.8660254,0.5,0.8660254,-0.5,0.0,1.0,0.0,0.0,0.0
2026-02-27 16:00:00,4.0,-0.38584557,-0.6622562,-0.30736494,0.654662,1.21598,-0.007122826,-1.1673896e-09,-0.054861788,-0.44562688,-0.6780989,-0.5411457,-0.20436475,0.5128616,0.23875871,1.1227111,0.3691467,0.91825235,0.62531644,-0.24152322,0.7329977,0.6992865,0.50048476,0.5105364,-0.9149742,0.9149742,0.67380595,-0.6643661,-0.9326071,0.2129852,0.21148755,0.8350407,1.2476381,0.5824888,-0.52980053,-0.43238282,1.1196314,0.8638662,-0.95105654,0.309017,0.8660254,0.5,1.2246469e-16,-1.0,0.0,1.0,0.0,0.0,0.0
2026-03-02 08:00:00,4.0,0.2779637,1.4121624,-0.6605983,-0.83302814,-0.97919464,-1.2712831,-1.4816688e-08,-0.09521245,-0.79881877,-0.93421704,-0.7720287,-0.629544,0.7015496,0.3940544,1.0711315,-0.076639116,0.80834794,1.0818319,-0.09492208,0.8633321,0.8899535,0.69482476,-1.2440741,-1.1388297,1.1388297,-0.74740756,-0.3806134,-1.0265987,0.5933155,-0.3602465,0.8469664,1.3460922,0.8145012,0.28880838,-0.17760946,1.3533744,-0.2733362,-0.95105654,0.309017,0.8660254,0.5,-0.8660254,-0.5,0.0,0.0,1.0,0.0,0.0
2026-03-02 12:00:00,4.0,-1.7610793,0.5233103,-0.24690357,0.97269464,0.79255736,-0.036548257,2.6996705e-08,-3.0,0.5805006,0.08843668,0.0003637879,0.9095124,-0.6670157,-0.60216707,0.16383757,-0.8997487,0.066251114,0.33612126,-1.0911682,-0.8384155,-0.500529,-0.48637837,0.25695243,0.73502004,-0.73502004,0.9391398,-1.069511,-0.88499784,-0.79297,0.4669828,-0.9511562,0.59635705,-0.5837906,-0.52175325,-1.4136364,-0.662557,-2.5054202,0.0,1.0,1.0,6.123234e-17,0.8660254,-0.5,0.0,1.0,0.0,0.0,0.0
2026-03-02 16:00:00,4.0,-0.27528906,-0.6032986,-0.561925,0.93672645,0.35460168,1.4878978,2.3842694e-09,-0.11989604,0.37467846,0.038725514,-0.016075559,0.61565363,-0.8439834,-0.7499154,-0.30473003,-0.9944563,-0.46151888,0.16445975,-1.5759203,-1.0748504,-0.69993705,-0.6858161,0.044114787,1.0574468,-1.0574468,0.83933556,-1.9332353,-1.0169017,-0.8562775,0.7511003,-0.99100053,0.50816226,-0.7271463,-0.9037805,-1.2091129,-1.0146478,-2.0241475,0.0,1.0,1.0,6.123234e-17,1.2246469e-16,-1.0,0.0,1.0,0.0,0.0,0.0
2026-03-03 08:00:00,4.0,0.20515454,0.5657076,2.0512114,-0.96489614,-0.9127069,-0.849476,-1.4879995e-08,-0.02387919,-0.14432815,-0.28846055,-0.26600263,0.038231492,-0.7047572,-0.64318657,-0.5815925,-0.9121322,-0.24864578,0.19389422,-1.5397205,-0.8865261,-0.6403768,-0.6513732,-1.0860126,0.8997234,-0.8997234,0.87039185,-1.208247,-1.1923752,-0.63902813,0.47300363,-0.7624203,0.5133072,-0.6801785,0.34595543,-1.2404631,-0.8482326,-1.7804413,0.0,1.0,1.0,6.123234e-17,-0.8660254,-0.5,0.0,0.0,1.0,0.0,0.0
2026-03-03 12:00:00,4.0,-2.7770958,-0.83299786,0.6156446,-0.5354204,2.3065453,1.6956011,2.4646479e-08,-3.0,1.6577061,1.1650002,0.96757334,1.4910772,-1.9911404,-1.9300612,-1.1728048,-2.0639176,-1.4448413,-1.7162999,-3.0,-2.2563741,-1.8422103,-1.7739718,1.053581,1.3021356,-1.3021356,1.534745,-1.8344814,-1.169566,-1.9531409,1.3577027,-2.1956828,0.5175701,-1.7379549,-0.45905566,-1.159753,-1.291793,-3.0,0.95105654,0.309017,1.0,6.123234e-17,0.8660254,-0.5,0.0,1.0,0.0,0.0,0.0
2026-03-03 16:00:00,4.0,0.21879609,0.41558087,1.6371698,-0.25390986,0.03783526,2.1440895,-4.935026e-09,-0.09416655,1.1140672,0.9132099,0.83147216,0.93656665,-1.8516197,-1.8290397,-1.5622112,-2.0190005,-1.7694988,-1.5693064,-3.0,-1.6512022,-1.6995852,-1.7201313,-0.0699285,1.2102345,-1.2102345,1.3955578,-0.17671773,-1.2530053,-1.86239,1.4955351,-1.8094895,0.5062177,-1.4772903,0.4325026,-0.88113314,-1.1976205,-3.0,0.95105654,0.309017,1.0,6.123234e-17,1.2246469e-16,-1.0,0.0,1.0,0.0,0.0,0.0
2026-03-04 08:00:00,4.0,0.07831212,-0.13188,2.4157012,-0.51889044,-0.85270524,-0.12835956,-1.3528076e-08,0.017244335,0.43768793,0.49048337,0.5480525,0.2825724,-1.7935029,-1.7922078,-1.8049266,-1.191883,-1.6901999,-1.3171093,-2.8171813,-1.3200778,-1.718023,-1.8301951,-0.8993281,1.192824,-1.192824,1.254091,-0.59999424,-1.5321357,-1.7903734,-0.0020198668,-1.3981613,0.5096868,-1.4773065,-0.4471637,-0.96887654,-1.183184,-3.0,0.95105654,0.309017,1.0,6.123234e-17,-0.8660254,-0.5,0.0,0.0,1.0,0.0,0.0
2026-03-04 12:00:00,4.0,1.6818147,1.2495757,-0.7462615,-0.33711675,2.3322437,0.8531232,-6.216515e-10,0.49166504,0.925037,0.81548864,0.73185796,0.8038404,-0.505368,-0.71469367,-1.2488446,-0.29994482,-1.0113035,-0.25244612,-0.6502182,-0.5162508,-0.60215306,-0.6257879,1.1838052,0.33447754,-0.33447754,1.7184511,0.531111,-0.65117407,-1.3223099,0.41861105,-0.7350506,0.511801,-0.40445986,0.41271585,1.3208003,-0.23742136,-2.5368745,0.58778524,-0.809017,1.0,6.123234e-17,0.8660254,-0.5,0.0,1.0,0.0,0.0,0.0
2026-03-04 16:00:00,4.0,-0.08161808,-0.3228697,0.4370447,0.92396706,-0.19935302,0.9642404,-6.5948815e-09,0.013296186,0.56834465,0.6096422,0.6073195,0.44219774,-0.5886327,-0.78066194,-1.0230854,-0.43299553,-1.0524894,-0.30058613,-0.08856884,-0.54594344,-0.67831874,-0.70493037,-0.22868454,0.41932595,-0.41932595,1.6595203,-0.49023247,-0.80126476,-1.2783651,0.5921541,-0.49091315,0.4038274,-0.45639467,-0.49327448,1.2070353,-0.32955828,-2.4083757,0.58778524,-0.809017,1.0,6.123234e-17,1.2246469e-16,-1.0,0.0,1.0,0.0,0.0,0.0
2026-03-05 08:00:00,4.0,0.020527484,-0.13160907,1.4720538,0.44877237,-1.2505184,-1.1484594,-1.4356047e-08,0.013273481,-0.08673948,0.14035353,0.25638962,-0.22531742,-0.62366116,-0.7999515,-0.8874272,0.9113389,-0.9055401,-0.059901256,-0.10350132,-0.5360306,-0.7811629,-0.8275382,-1.436867,0.44892576,-0.44892576,-0.2515591,-0.56426054,-1.1276469,-1.1250181,-0.68083143,-0.453417,-0.15342937,-0.53782785,-0.91392666,1.2106584,-0.36088723,-2.3398662,0.58778524,-0.809017,1.0,6.123234e-17,-0.8660254,-0.5,0.0,0.0,1.0,0.0,0.0
2026-03-05 12:00:00,4.0,-0.47609827,-1.2726048,-0.111707635,-0.87631893,0.4420201,-0.1926212,9.863306e-09,0.25431776,-0.008610179,0.18195333,0.31363446,-0.14891057,-0.91315335,-1.0435629,-0.7936346,0.59164125,-1.1699084,-0.54147017,-0.5794374,-0.7046597,-1.0430387,-1.0653354,0.39492804,0.7445638,-0.7445638,-0.036735818,-0.86395496,-1.2649344,-1.2742307,-0.5418484,-0.5082776,-0.18240744,-0.7868207,-1.3114122,-0.38420194,-0.6938591,-2.406333,-0.58778524,-0.809017,1.0,6.123234e-17,0.8660254,-0.5,0.0,1.0,0.0,0.0,0.0
2026-03-05 16:00:00,4.0,-0.9639553,-1.377188,-0.7043974,-0.6526222,1.1070882,1.6748435,6.265841e-09,0.020906277,0.3473145,0.45947295,0.58602667,0.17327681,-1.3942534,-1.4763484,-0.88235945,0.09301197,-0.89862496,-1.0799316,-0.8751257,-1.0089962,-1.4748257,-1.4634875,1.0383023,1.3043807,-1.3043807,0.28417608,-1.6254034,-1.3853061,-1.6030858,-0.12568061,-0.78110427,-0.15181904,-1.1850656,-1.6908247,-0.7788437,-1.3043561,-1.7840276,-0.58778524,-0.809017,1.0,6.123234e-17,1.2246469e-16,-1.0,0.0,1.0,0.0,0.0,0.0
2026-03-06 08:00:00,4.0,-0.4106079,-1.3298889,-0.71436816,-0.60394996,-0.49757713,-0.55355275,-1.3250733e-08,0.0030416609,0.05000993,0.25609308,0.4564621,-0.15551595,-1.5767512,-1.6362555,-1.0656438,-0.9293521,-0.95359874,-1.73685,-1.1439403,-1.0376387,-1.6837063,-1.7349797,-0.6352929,1.3977288,-1.3977288,-0.92626137,-1.5472326,-1.6848,-1.6598996,-0.5908029,-0.87346375,-0.6120566,-1.4058813,-2.0094788,-0.9383085,-1.4059585,-1.7188208,-0.58778524,-0.809017,1.0,6.123234e-17,-0.8660254,-0.5,0.0,0.0,1.0,0.0,0.0
2026-03-06 12:00:00,4.0,0.23395665,-1.2688861,-0.13995817,-1.055556,0.80791396,0.626829,2.4945823e-09,1.6949091,0.30297017,0.41123164,0.56238085,0.13142724,-1.4060669,-1.488134,-0.98138714,-0.7756913,-0.9355683,-1.4449539,-1.5389549,-0.8435859,-1.351704,-1.4184849,0.876314,1.2829149,-1.2829149,-0.7845339,-0.6114573,-1.4287211,-1.5749207,-0.3464761,-0.6305601,-0.54761183,-1.0612037,0.5031486,-0.51769006,-1.2901998,-1.5696071,-0.95105654,0.309017,1.0,6.123234e-17,0.8660254,-0.5,0.0,1.0,0.0,0.0,0.0
2026-03-06 16:00:00,4.0,0.16861899,0.074231505,0.2787154,1.6735883,0.2210738,1.9076456,-6.795575e-10,0.12530504,0.26991755,0.38143447,0.53460044,0.10532686,-1.297335,-1.3895017,-0.85358715,-0.7058238,0.17877536,-1.4122643,-1.6281388,-0.7009224,-1.1530513,-1.2635037,0.36315185,0.8898172,-0.8898172,-0.7371075,0.7264968,-1.3722051,-1.4923269,-0.02001868,-0.67457914,-0.5359402,-0.85875124,0.93701994,0.043465,-1.0223963,-1.811674,-0.95105654,0.309017,1.0,6.123234e-17,1.2246469e-16,-1.0,0.0,1.0,0.0,0.0,0.0
2026-03-09 08:00:00,4.0,0.03787684,-0.5073694,-1.2491863,1.6297704,-1.4685607,-1.1177653,-1.490145e-08,-0.0018118377,-0.362798,-0.09355132,0.15889429,-0.5644969,-1.2833189,-1.3647695,-0.79121804,-0.45795715,0.11005285,-1.8603325,-1.5259295,-0.62680894,-1.1553799,-1.3667406,-1.7090685,0.89760023,-0.89760023,-0.6489998,0.6125458,-1.772649,-1.3879066,-0.38260916,-0.582259,-0.6610523,-0.90329856,-0.33112735,0.23702943,-1.0255933,-1.9881005,-0.95105654,0.309017,1.0,6.123234e-17,-0.8660254,-0.5,0.0,0.0,1.0,0.0,0.0
2026-03-09 12:00:00,4.0,-1.5042232,0.12969515,0.99257165,0.95496917,0.24149969,0.2733608,1.59152e-08,-2.3937438,0.6517076,0.6666603,0.83821964,0.42115486,-1.8468508,-1.892175,-0.87027985,-0.7306013,-0.48309994,-2.389137,-2.4805696,-1.0486711,-1.5519885,-1.7080027,0.2577032,1.0401521,-1.0401521,-0.20760117,-0.06037872,-1.5960009,-1.7590866,-0.061508518,-1.0400156,-0.4725442,-1.3220456,-0.7309935,-0.56744677,-1.0946332,-1.6509385,0.0,1.0,1.0,6.123234e-17,0.8660254,-0.5,0.0,1.0,0.0,0.0,0.0
2026-03-09 16:00:00,4.0,1.0009743,1.2146109,-0.40729746,-0.27302948,0.9783608,0.6257832,-5.4008975e-09,0.08852072,0.74273765,0.7283045,0.84414476,0.53570956,-1.0710917,-1.2972299,-0.68074507,-0.032562427,-0.735436,-1.8868259,-2.201664,-0.63486695,-0.8476103,-1.0694782,1.0777717,0.3459143,-0.3459143,0.09798323,1.0218726,-1.1807579,-1.4769922,0.23762655,-0.7537049,-0.43627775,-0.6983861,0.5441357,0.19209337,-0.7118014,-1.7172368,0.0,1.0,1.0,6.123234e-17,1.2246469e-16,-1.0,0.0,1.0,0.0,0.0,0.0
2026-03-10 08:00:00,4.0,0.024429109,-0.7012152,0.43554148,-0.3196124,-1.384946,-1.317331,-1.4758474e-08,0.05295837,0.013416596,0.2255035,0.46337134,-0.20306091,-1.0788001,-1.2921851,-0.5913046,-0.13752088,-0.70271176,-1.8417184,-2.1613972,-0.591791,-0.83665645,-1.247477,-1.4910363,0.39859745,-0.39859745,0.06327898,0.9337625,-1.5862758,-1.4179598,-0.2767781,-0.5768766,-0.55673134,-0.7723127,-0.28013343,0.19253421,-0.7300015,-1.5691983,0.0,1.0,1.0,6.123234e-17,-0.8660254,-0.5,0.0,0.0,1.0,0.0,0.0
2026-03-10 12:00:00,4.0,2.2712789,0.17537567,0.7923906,1.1220287,-0.100287944,-0.20261952,1.4825525e-08,3.0,1.0058312,0.8487117,0.82450485,0.88051426,0.51765186,0.036416613,0.14803456,0.9890478,0.19578871,-0.74814713,-1.1284062,0.463073,0.58602786,0.25224015,-0.013493161,-1.1938037,1.1938037,0.75641525,1.7830937,-0.2540478,-0.88670677,0.3541127,0.4328121,-0.48401025,0.62650776,0.62044615,2.5063038,0.3223325,-0.45149377,0.95105654,0.309017,1.0,6.123234e-17,0.8660254,-0.5,0.0,1.0,0.0,0.0,0.0
2026-03-10 16:00:00,4.0,0.4508233,0.8623414,0.42153227,-0.110566616,0.26601794,0.279191,-4.2705888e-09,-0.032449685,0.72966915,0.70061386,0.71926916,0.58913136,0.75747615,0.26539248,0.67383945,1.208454,0.5659052,-0.663745,-1.0477057,0.8249659,0.88593304,0.49512944,0.5289713,-1.4544953,1.4544953,0.7010767,2.792528,-0.16870385,-0.74573433,0.7208823,0.74524945,-0.38240594,0.8449745,1.1310188,1.8660175,1.0082074,-0.3791981,0.95105654,0.309017,1.0,6.123234e-17,1.2246469e-16,-1.0,0.0,1.0,0.0,0.0,0.0
2026-03-11 08:00:00,4.0,0.005143889,-0.43162417,-1.2735105,1.6389596,-1.3638663,-1.6328175,-1.5589157e-08,-0.031939667,-0.03828874,0.17272519,0.3193866,-0.18637002,0.73109967,0.25408134,1.1039994,1.9205896,0.9542051,0.007845853,-1.0859816,0.8771691,0.957348,0.44457108,-1.5616001,-1.4100368,1.4100368,0.019876378,2.5751927,-0.5106929,-0.62884945,-0.26186743,0.8366648,-0.49064577,0.9417581,-0.21999963,1.7842536,1.0091974,-0.3071238,0.95105654,0.309017,1.0,6.123234e-17,-0.8660254,-0.5,0.0,0.0,1.0,0.0,0.0
2026-03-11 12:00:00,4.0,-0.7841933,-1.0715314,-0.45298752,-0.51277745,-0.040627614,-0.6383674,3.5661824e-08,-0.5090926,0.05141876,0.24754927,0.4428679,-0.13340229,0.20384409,-0.15974958,1.0856192,1.0098218,0.8008407,-0.22110575,-1.4418054,0.37198994,0.51268816,-0.03951978,0.035844374,-0.776547,0.776547,0.39587626,1.9235797,-0.7843404,-0.9194916,-0.36819264,0.4720663,-0.44816288,0.5133463,-0.6980816,-0.3223376,0.47695088,-0.17588511,0.58778524,-0.809017,1.0,6.123234e-17,0.8660254,-0.5,0.0,1.0,0.0,0.0,0.0
2026-03-11 16:00:00,4.0,0.11874682,0.2807034,1.8701013,0.043174744,0.19075377,-0.16851795,-3.0866079e-09,-0.05052889,0.004602648,0.18526256,0.386744,-0.1573558,0.23772341,-0.12212094,1.065114,1.0497266,0.7617794,-0.24915552,-1.2040683,0.5079863,0.61037004,0.0062410175,0.2913153,-0.8035326,0.8035326,0.3572333,2.3285336,-0.7875368,-0.8772156,-0.032523848,0.54187936,-0.43606055,0.5673249,0.73829687,-0.5190273,1.0143427,-0.21893147,0.58778524,-0.809017,1.0,6.123234e-17,1.2246469e-16,-1.0,0.0,1.0,0.0,0.0,0.0
2026-03-12 08:00:00,4.0,0.10519163,0.4082973,1.7017432,-0.2157107,-1.4348196,-1.3602536,-1.4588463e-08,-0.018641133,-0.6618986,-0.34959725,-0.080981135,-0.8125036,0.26049238,-0.09250363,1.1389416,-0.054751974,0.74047947,0.92787683,-1.0885166,0.504063,0.62666,-0.09100145,-1.7291414,-0.8736175,0.8736175,-0.78264433,2.1347744,-1.2421987,-0.7238724,-0.9244708,0.49645638,-0.5590465,0.60198647,1.1851153,-0.46192053,1.0240082,0.7849244,0.58778524,-0.809017,1.0,6.123234e-17,-0.8660254,-0.5,0.0,0.0,1.0,0.0,0.0
2026-03-12 12:00:00,4.0,-0.5292402,-1.1319357,-1.0066361,-0.15396409,-0.16654898,-0.30904102,2.200377e-08,-0.1764233,-0.5777121,-0.33932653,-0.070106044,-0.72242177,-0.10665066,-0.4092764,0.9366937,-0.5377479,0.5531611,0.6545836,-2.9648724,0.018250715,0.25940576,-0.521605,-0.370795,-0.41415292,0.41415292,-0.90420747,1.6100198,-1.5972832,-0.9537522,-0.8885663,0.09292966,-0.33066958,0.19461568,-0.2606963,-0.2854097,0.551665,1.1256409,-0.58778524,-0.809017,1.0,6.123234e-17,0.8660254,-0.5,0.0,1.0,0.0,0.0,0.0
2026-03-12 16:00:00,4.0,-0.004184676,0.0063919397,-0.736938,2.0862496,0.85985875,1.5987895,6.998735e-09,0.01591305,-0.24657921,-0.1466546,0.06732258,-0.33399996,-0.1731309,-0.4623706,0.7273778,-0.54280454,1.1893029,0.622385,-1.8738993,-0.05639532,0.21608385,-0.4851455,0.98683995,-0.31366456,0.31366456,-0.8972233,0.459038,-1.462655,-1.0102738,-0.45529172,-0.2512994,0.67638737,0.16370054,-0.73829687,-0.3678623,0.45162013,1.0418665,-0.58778524,-0.809017,1.0,6.123234e-17,1.2246469e-16,-1.0,0.0,1.0,0.0,0.0,0.0
2026-03-13 08:00:00,4.0,0.30767474,0.89747655,0.37081385,-0.21365617,-0.9397679,-1.1337137,-1.4985172e-08,0.07444255,-0.65086365,-0.47283804,-0.24961483,-0.77221376,0.00087487156,-0.3080054,0.69452494,0.0055268575,0.87627625,0.046444446,-1.433579,0.15959373,0.38236365,-0.4244363,-0.8759704,-0.41841042,0.41841042,-1.1158354,0.6152062,-1.811628,-0.8454388,-0.7351233,0.1283199,0.7420093,0.3678092,0.6980816,-0.2443707,0.5729474,0.5705028,-0.58778524,-0.809017,1.0,6.123234e-17,-0.8660254,-0.5,0.0,0.0,1.0,0.0,0.0
2026-03-13 12:00:00,4.0,-0.65882534,0.7929995,0.0020305256,0.23764478,-0.2665006,-0.41091886,9.133189e-09,-1.4308299,-0.32629433,-0.2649095,-0.06038783,-0.38788176,-0.4616036,-0.6939766,0.43635678,-0.33463374,0.62938315,-0.15403804,-0.7333709,-0.3648876,0.004707249,-0.7815809,-0.37154138,0.088435106,-0.088435106,-0.95278,0.24383055,-1.8973094,-1.1150498,-0.5901354,-0.4010244,0.77820355,-0.02700545,-0.29601312,-0.31378525,0.050685864,0.7560553,-0.95105654,0.309017,1.0,6.123234e-17,0.8660254,-0.5,0.0,1.0,0.0,0.0,0.0
2026-03-13 16:00:00,4.0,-0.6907149,-1.0802863,0.71167886,-1.341066,0.7229203,0.61874056,2.3432667e-09,0.005019556,-0.08947749,-0.09687868,0.10135554,-0.13999817,-0.88086146,-1.0658274,0.10306588,-0.67993563,-0.62072045,-0.41533333,-1.1090074,-0.8806227,-0.35673428,-1.1573213,0.89297146,0.61945075,-0.61945075,-0.97172946,-0.44100168,-2.0552177,-1.3556721,0.08882926,-0.5106581,1.0928358,-0.45623598,-0.7639917,-0.6434802,-0.49882114,0.7522006,-0.95105654,0.309017,1.0,6.123234e-17,1.2246469e-16,-1.0,0.0,1.0,0.0,0.0,0.0
2026-03-16 08:00:00,4.0,0.39581487,1.7298331,-1.2925732,-0.6247692,-1.2946243,-1.0767456,-1.4721604e-08,0.086097635,-0.70058227,-0.54077256,-0.30170006,-0.8209367,-0.61418235,-0.8367493,-0.029109495,-0.27849132,-0.6769464,-0.070895255,-1.0471017,-0.5489829,-0.19084811,-1.1377498,-1.2086681,0.59529155,-0.59529155,-0.78048897,-0.25829098,-2.4909716,-1.1774881,-0.37007278,-0.61303014,0.9727102,-0.31497496,0.72881794,-0.56284505,-0.29449338,0.8201306,-0.95105654,0.309017,1.0,6.123234e-17,-0.8660254,-0.5,0.0,0.0,1.0,0.0,0.0
2026-03-16 12:00:00,4.0,-0.108511105,-0.30331594,-0.7363229,1.5229636,0.24653612,-0.5350833,3.5932946e-09,0.066696726,-0.63284457,-0.5420184,-0.32503247,-0.6924298,-0.7238399,-0.9207316,-0.13490173,-0.33181593,-0.71850216,0.30868155,-0.42880446,-0.6160342,-0.28494105,-1.1939582,-0.008725412,0.9191553,-0.9191553,-0.7117263,-0.5933663,-2.5106196,-1.21623,-0.5913027,-0.66091675,0.75220335,-0.43025762,-0.26502472,-0.24600697,-0.45644057,0.564026,0.0,1.0,1.0,6.123234e-17,0.8660254,-0.5,0.0,1.0,0.0,0.0,0.0
2026-03-16 16:00:00,4.0,0.7251119,1.3590099,0.42017588,-1.3706492,0.31290707,0.111764565,-5.19855e-10,0.06630858,-0.59895027,-0.59023714,-0.43259373,-0.5499217,-0.13665417,-0.4500051,-0.006443081,-0.17594093,-0.12998094,0.73766273,0.5844075,-0.123076014,0.12910862,-0.6529261,0.17383909,0.48750356,-0.48750356,-0.34066042,-0.25673476,-2.1682575,-0.9782812,-0.19491613,-0.13588953,0.53383476,0.026492558,0.70448804,0.6854,-0.041074734,0.79432017,0.0,1.0,1.0,6.123234e-17,1.2246469e-16,-1.0,0.0,1.0,0.0,0.0,0.0
2026-03-17 08:00:00,4.0,-0.26924455,-1.652182,-0.75586534,-1.1764585,-1.0898628,-1.0325551,-1.4183159e-08,0.10810722,-1.0562382,-0.9425749,-0.72610873,-1.0735291,-0.35797822,-0.62885916,0.010986344,0.014766022,-0.28164348,0.54281133,0.44268316,-0.34958756,-0.14188819,-1.0287229,-1.0127956,0.7417918,-0.7417918,-0.57744455,-0.428647,-2.6893883,-1.0270969,-0.7762975,-0.18240009,0.39676538,-0.30368713,-0.2745061,0.24446118,-0.2883208,0.70161885,0.0,1.0,1.0,6.123234e-17,-0.8660254,-0.5,0.0,0.0,1.0,0.0,0.0
2026-03-17 12:00:00,4.0,0.010057989,0.8815188,-0.55637634,0.45031247,-0.28605515,0.092313685,2.2776664e-08,-0.3931848,-1.1471983,-1.0934423,-0.89983284,-1.1177446,-0.4102429,-0.6661636,0.038602695,0.3587162,-0.33274093,0.47464076,0.42685926,-0.35282478,-0.19509198,-1.0527185,-0.5505317,0.7232212,-0.7232212,-1.0765163,-0.78515005,-2.758257,-1.0102527,-1.0146985,-0.37061706,0.2013477,-0.35541293,-0.761946,0.30512938,-0.34577107,0.9802479,0.95105654,0.309017,1.0,6.123234e-17,0.8660254,-0.5,0.0,1.0,0.0,0.0,0.0
2026-03-17 16:00:00,4.0,0.08531427,0.12360629,3.0,-1.3018531,-0.058163077,0.9305026,-1.9742035e-09,0.0823929,-1.0941442,-1.1406196,-1.0073292,-0.9889326,-0.40850675,-0.6599108,0.091472045,0.20876913,-0.090873435,0.48820457,0.38560855,-0.30266693,-0.17842089,-0.9586932,-0.16427758,0.65096414,-0.65096414,-1.1049827,0.0036778792,-2.6541853,-0.97788966,-0.6208905,-0.042815544,0.18585575,-0.31918266,0.72881794,-0.24365442,-0.3529436,0.99257916,0.95105654,0.309017,1.0,6.123234e-17,1.2246469e-16,-1.0,0.0,1.0,0.0,0.0,0.0
2026-03-18 08:00:00,4.0,-0.0710693,-1.1977786,-0.12944847,-0.82213306,-1.3407935,-0.77340865,-1.38988785e-08,0.12378195,-1.5151762,-1.5064352,-1.3657161,-1.512244,-0.5242308,-0.74123526,0.121182926,0.22909047,-0.12232557,1.1108056,0.2567817,-0.48316428,-0.4508524,-1.2388078,-1.4647839,0.7783698,-0.7783698,-0.9766932,-0.2030892,-3.0,-0.9540697,-1.0413163,-0.34433833,-0.068699315,-0.7069228,-0.24322619,-0.14317444,-0.6266054,1.0098264,0.95105654,0.309017,1.0,6.123234e-17,-0.8660254,-0.5,0.0,0.0,1.0,0.0,0.0
2026-03-18 12:00:00,4.0,0.7374038,0.1576079,2.0061457,-0.23956081,0.076310016,0.2664136,5.6001688e-09,0.9012555,-1.1296331,-1.3392963,-1.3508266,-0.88106966,0.13816012,-0.2545393,0.3649262,0.21577917,0.020448452,0.9073252,-0.5095359,-0.043048233,0.07208517,-0.5135881,-0.3134882,0.017149722,-0.017149722,-1.0399833,0.31914335,-2.4473884,-0.7272419,-0.8246515,0.06180089,-0.032194484,-0.15733394,0.797538,0.5110509,-0.3629642,1.2926551,0.58778524,-0.809017,1.0,6.123234e-17,0.8660254,-0.5,0.0,1.0,0.0,0.0,0.0
2026-03-18 16:00:00,4.0,-1.009559,-1.4916755,-1.0514007,-0.6823401,1.2642988,1.8752193,2.836027e-09,0.048489735,-0.65835273,-1.0015256,-1.0761578,-0.28931367,-0.63579154,-0.8335046,0.14862664,-0.118752934,-0.084609345,0.569347,-0.829139,-0.80520564,-0.7211844,-1.1116109,0.77449596,1.1116307,-1.1116307,-0.2958571,-0.61835283,-2.3801904,-1.1471719,-0.13699138,-0.5495492,-0.006189821,-0.91983336,-0.23154329,-0.20976068,-1.1744841,1.9084144,0.58778524,-0.809017,1.0,6.123234e-17,1.2246469e-16,-1.0,0.0,1.0,0.0,0.0,0.0
2026-03-19 08:00:00,4.0,0.19619945,0.49293715,0.190728,0.75806665,-1.3916482,-1.0617888,-1.5591006e-08,0.13121125,-1.200685,-1.4081261,-1.4657444,-0.96764034,-0.54882675,-0.75827867,0.1012975,-0.032307915,0.29230288,-0.38943958,-0.70841575,-0.64480174,-0.6434316,-1.23541,-1.5649164,0.9340311,-0.9340311,0.88143224,-0.4072152,-2.7860432,-1.0480636,-0.46885943,-0.664709,-0.1238527,-0.8525606,0.7715514,-0.020533135,-1.10435,0.17128624,0.58778524,-0.809017,1.0,6.123234e-17,-0.8660254,-0.5,0.0,0.0,1.0,0.0,0.0
2026-03-19 12:00:00,4.0,-2.3755257,-1.0857518,-0.96520674,0.11487161,2.4530618,1.2190447,5.9912416e-08,-1.6619047,0.93016076,0.24914648,0.0023448183,1.3727896,-1.7812891,-1.8670138,-0.6267945,-1.2679639,-0.8397411,-1.3743917,-1.2420958,-1.9643764,-1.6324128,-1.8136601,1.8399874,1.0383837,-1.0383837,2.211969,-0.99773806,-1.7580146,-1.2266835,1.303076,-2.0827818,-0.06899425,-1.7753049,-0.27813882,-1.8341161,-1.0527639,0.5868462,-0.58778524,-0.809017,1.0,6.123234e-17,0.8660254,-0.5,0.0,1.0,0.0,0.0,0.0
2026-03-19 16:00:00,4.0,0.82053596,1.1129421,-0.23268454,-0.19409072,1.4697522,2.2989264,-2.2232762e-09,-0.084951214,1.041108,0.45844525,0.15111619,1.4239995,-1.0916736,-1.3070142,-0.76258886,-0.81905174,-0.45983648,-1.0967442,-0.86402285,-1.3168532,-0.9443448,-1.1238511,1.2461538,0.5015481,-0.5015481,2.3086894,0.3859129,-1.3172342,-1.014606,2.219531,-1.7718272,-0.047798496,-0.9744298,0.73999035,-0.46407235,-0.6697415,0.25811115,-0.58778524,-0.809017,1.0,6.123234e-17,1.2246469e-16,-1.0,0.0,1.0,0.0,0.0,0.0
2026-03-20 08:00:00,4.0,-0.21403995,-1.2669146,-0.3544829,-0.85548025,-0.7719062,-0.6131331,-1.550168e-08,0.14942244,0.29053503,0.02362859,-0.160423,0.57556665,-1.2136228,-1.4069246,-0.9342866,-1.2628924,-0.8469314,-0.8186708,-0.9724323,-1.2562058,-1.1180685,-1.4107994,-0.78049546,0.7375214,-0.7375214,2.0004485,0.16098192,-1.726634,-1.0539656,1.3245494,-1.3873248,-0.16239801,-1.2149339,-0.31326196,-0.67731446,-0.84782034,0.0047390135,-0.58778524,-0.809017,1.0,6.123234e-17,-0.8660254,-0.5,0.0,0.0,1.0,0.0,0.0
2026-03-20 12:00:00,4.0,0.41877517,0.1118341,0.9500581,0.910732,0.38369593,2.541192,4.3628887e-08,0.50909996,0.12918726,-0.064564146,-0.24975249,0.40410122,-0.9191909,-1.1611947,-0.8458935,-0.5731336,-0.5702356,-0.7305005,-0.8829608,-0.9085667,-0.79548484,-1.1220521,0.015914526,0.52288467,-0.52288467,1.9579946,2.2081485,-1.6381464,-0.93550354,0.8829833,-1.0438732,-0.21008526,-0.6760285,0.77707595,0.7933273,-0.62119496,0.20552318,-0.95105654,0.309017,1.0,6.123234e-17,0.8660254,-0.5,0.0,1.0,0.0,0.0,0.0
2026-03-20 16:00:00,4.0,-2.3676522,-1.783674,-1.1641204,-1.3187125,2.6406827,2.1824965,-7.808433e-09,0.103825994,1.4683213,1.0944053,0.913425,1.5122029,-1.8366666,-2.0652707,-1.185541,-1.8344904,-1.5850313,-1.5554589,-2.1599913,-1.8210397,-1.7031413,-1.8289946,1.8212447,1.3805367,-1.3805367,1.9239001,-0.046932284,-1.4215145,-1.2768189,2.5519319,-1.559037,-0.07113601,-1.57578,-0.27936056,-0.79012495,-1.3473711,0.6322539,-0.95105654,0.309017,1.0,6.123234e-17,1.2246469e-16,-1.0,0.0,1.0,0.0,0.0,0.0
2026-03-23 08:00:00,5.0,0.22769766,0.23999901,1.5127591,0.18669365,-0.9958537,-0.7521333,-1.68244e-08,0.14661981,0.46372667,0.4471514,0.40736157,0.4776231,-1.731256,-1.9460274,-1.4678806,-0.57780945,-1.5302883,-1.2862173,-2.0105116,-1.3565512,-1.6709498,-1.9330993,-0.9797723,1.2665168,-1.2665168,1.1972768,0.3559987,-1.830745,-1.1985961,-0.005393628,-1.382355,-0.20445111,-1.6038731,0.8152983,-0.58502775,-1.2380241,0.6702444,-0.95105654,0.309017,1.0,6.123234e-17,-0.8660254,-0.5,0.0,0.0,1.0,0.0,0.0
2026-03-23 12:00:00,5.0,2.0688791,1.0690942,0.96566343,-1.0780315,3.0,1.4611763,5.2529174e-08,-1.709871,3.0,3.0,2.9518926,3.0,-0.15233944,-0.6079502,-0.57001287,0.10433508,-0.59016114,-0.5598854,-1.0811584,-0.3131691,0.04228455,0.284716,1.8026402,-0.2960554,0.2960554,1.507668,2.6157525,0.49333724,-0.5737482,2.7395382,-0.348664,0.19497336,0.22585839,1.3221755,0.7499764,0.28603637,-0.28342304,0.0,1.0,1.0,6.123234e-17,0.8660254,-0.5,0.0,1.0,0.0,0.0,0.0
2026-03-23 16:00:00,5.0,0.2376738,0.18266141,2.1295133,-0.43298408,0.30796233,1.1205108,-9.8911865e-09,0.20127392,3.0,3.0,2.8331153,2.730062,-0.07124939,-0.5233004,-0.2883949,0.3336957,-0.77074,-0.5895122,-0.7796458,-0.17561996,0.1607398,0.3903815,1.4541107,-0.34827125,0.34827125,1.4495015,3.0,0.50412494,-0.5298403,3.0,-0.0041027437,0.21363194,0.32013342,1.7986652,1.733726,0.43738514,-0.21799271,0.0,1.0,1.0,6.123234e-17,1.2246469e-16,-1.0,0.0,1.0,0.0,0.0,0.0
2026-03-24 08:00:00,5.0,-0.1659665,-0.94620067,0.7925159,-1.2993155,-0.5420215,-0.87472826,-1.7216466e-08,0.1184635,2.0067327,2.272203,2.2521482,1.5134971,-0.21310852,-0.633759,-0.12786844,0.041676678,-0.44374543,-0.4170043,-0.84763855,-0.23525795,0.058245394,0.20629404,-0.7330674,-0.20904315,0.20904315,1.417655,2.2868152,0.15230492,-0.49729553,2.245598,-0.11637909,0.12411659,0.19093214,-0.4232609,1.4955242,0.28524807,-0.3192876,0.0,1.0,1.0,6.123234e-17,-0.8660254,-0.5,0.0,0.0,1.0,0.0,0.0
2026-03-24 12:00:00,5.0,0.25935653,-0.8460366,-0.2549026,-0.05705348,0.048014563,-0.49886703,1.956123e-09,1.3011528,1.619231,2.0164435,2.096754,1.0926892,-0.10493851,-0.529139,0.058679618,1.3589661,-0.4052518,-0.0840796,-0.5526502,-0.09311089,0.15459223,0.3007674,0.9242182,-0.2577095,0.2577095,-0.14088692,2.0644872,0.1115565,-0.43312487,1.103447,0.021636346,0.26980498,0.3005959,0.6905034,0.046817508,0.34815025,-0.3021849,0.95105654,0.309017,1.0,6.123234e-17,0.8660254,-0.5,0.0,1.0,0.0,0.0,1.0
2026-03-24 16:00:00,4.0,-0.093670376,-0.20461118,-0.7549187,1.710892,-0.13620445,0.18002395,1.4675386e-09,0.082069404,1.1989242,1.715376,1.9075294,0.6361075,-0.22099017,-0.61272925,0.1732815,1.1832206,0.5361574,-0.25539356,-0.80914056,-0.12436479,0.1090388,0.23896253,0.34790745,-0.14242272,0.14242272,-0.068377025,1.3207285,-0.04674444,-0.43393716,1.4104347,-0.17560892,0.30905297,0.22002071,-0.49135935,-0.14695626,0.23088235,-0.22617008,0.95105654,0.309017,1.0,6.123234e-17,1.2246469e-16,-1.0,0.0,1.0,0.0,0.0,1.0
2026-03-25 08:00:00,4.0,0.23059632,0.9758862,-0.72923017,0.6651623,-0.7304162,-1.0240904,-1.7047462e-08,0.10266957,0.26596865,0.97740746,1.3120669,-0.30441046,-0.13003057,-0.52890146,0.32159248,0.239013,0.29801062,-0.13821484,-0.80003256,0.002074773,0.15436353,0.16693878,-1.5471342,-0.30440927,0.30440927,-1.6871566,1.230357,-0.4535685,-0.29427716,-1.3035017,-0.016115181,0.40246734,0.25541013,0.72961,0.08214724,0.28166217,-0.27810803,0.95105654,0.309017,1.0,6.123234e-17,-0.8660254,-0.5,0.0,0.0,1.0,0.0,1.0
2026-03-25 12:00:00,4.0,1.5139946,-0.556685,0.15889221,0.02438725,-0.3645034,-0.49246755,2.3058643e-08,2.3341646,0.5584021,1.0643731,1.3036275,0.09944789,1.0273001,0.45931506,0.70752317,0.8927624,1.0671055,0.1582032,-0.70959836,0.82705706,0.91371715,0.930488,-0.46150446,-1.1105716,1.1105716,-0.6354316,1.3240216,-0.0026211855,0.04653428,-1.1256332,0.78787374,0.4051975,1.0778198,1.3712217,1.1092621,0.99641085,-0.94728005,0.58778524,-0.809017,1.0,6.123234e-17,0.8660254,-0.5,0.0,1.0,0.0,0.0,1.0
2026-03-25 16:00:00,4.0,-0.7584911,-1.3253716,-0.77543896,-0.6877286,-0.02286822,-0.11435392,-3.0401026e-09,0.18098432,0.52108145,1.0380841,1.3564129,0.007826537,0.45901564,0.025066486,0.7812626,0.5891473,0.55330145,-0.026329668,-0.86157966,0.38971913,0.5512405,0.5846505,0.83379,-0.6329582,0.6329582,-0.31441483,0.84799105,-0.21138309,-0.148775,-0.80544436,0.502292,0.60973775,0.6076177,-0.48456708,0.6639866,0.55963445,-1.3055061,0.58778524,-0.809017,1.0,6.123234e-17,1.2246469e-16,-1.0,0.0,1.0,0.0,0.0,1.0
