date,regime,log_return,body_ratio,upper_wick_ratio,lower_wick_ratio,range_zscore,volume_zscore,volume_delta,gap,atr7_norm,atr14_norm,atr28_norm,atr_ratio,rsi14,rsi28,macd_hist,roc_5,roc_10,roc_20,roc_60,bb_position,dist_sma20,dist_sma50,range_percentile,corr_index,dow_sin,dow_cos,month_sin,month_cos,quarter_end_flag
2018-06-07 00:00:00,1.0,1.6565177,0.7295192,-0.034196846,0.45390412,0.29799607,0.0,0.0,1.9283354,1.1036642,1.3348978,1.133156,0.78925234,-0.45803866,-0.82510483,-0.52625763,0.7820669,-0.20858502,-1.8371694,-0.2687413,-0.44705728,-0.5325084,-1.0686103,1.2295995,1.296706,-0.58778524,-0.809017,0.5,-0.8660254,0.0
2018-06-14 00:00:00,1.0,-0.57436466,-1.5502502,-1.1781275,-0.6211393,-0.5300567,0.0,0.0,0.7402518,0.5424588,0.96252763,0.97397184,0.17881715,-0.673489,-1.0459688,-0.32986718,0.6900724,-0.3618391,-2.0820384,-0.63480103,-0.5890549,-0.6703171,-1.2973607,-0.006520107,1.2094564,-0.58778524,-0.809017,1.2246469e-16,-1.0,0.0
2018-06-21 00:00:00,1.0,-2.1117933,-1.55831,-1.362793,-0.5060678,1.4154443,0.0,0.0,-0.31557733,2.3720229,2.6269693,2.5562663,1.5742018,-1.3761601,-1.8241259,-0.502658,-0.41594756,-1.3047497,-2.9927506,-1.2135594,-1.3812673,-1.2979288,-1.9774407,1.5030416,1.182334,-0.58778524,-0.809017,1.2246469e-16,-1.0,0.0
2018-06-28 00:00:00,1.0,0.06863196,0.5175957,0.9346055,0.011381649,-0.81272477,0.0,0.0,-0.55265945,1.1645166,1.7308023,1.9128152,0.42550334,-1.3171705,-1.7321976,-0.6081966,-0.97098136,-1.2722858,-2.0712876,-1.1932396,-1.184756,-1.1840605,-1.9244224,-0.7937734,0.48089468,-0.58778524,-0.809017,1.2246469e-16,-1.0,0.0
2018-07-05 00:00:00,1.0,-0.16783415,0.7773498,0.25878352,0.044769637,-0.601091,0.0,0.0,-1.4512774,0.5063547,1.1993657,1.5934281,-0.23429321,-1.3564304,-1.7463865,-0.65223217,-0.5456019,-0.7705137,-1.9036314,-0.51381594,-1.1160433,-1.162588,-1.9380021,-0.4254864,0.47424105,-0.58778524,-0.809017,1.2246469e-16,-1.0,1.0
2018-07-12 00:00:00,1.0,0.4341824,0.70606595,1.0363158,-0.802779,-0.32923388,0.0,0.0,-0.19281305,0.16822734,0.8256941,1.265775,-0.49000853,-1.1169478,-1.507979,-0.5359716,-1.0907739,-0.21135466,-1.7561467,-0.6969041,-0.8600375,-0.87823665,-1.703026,0.2183944,0.54805315,-0.58778524,-0.809017,-0.5,-0.8660254,0.0
2018-07-19 00:00:00,1.0,-0.42702514,0.3456934,1.3923699,-0.26459345,-0.7321807,0.0,0.0,-1.3640412,-0.41753942,0.31202602,0.91746545,-1.0640947,-1.2375097,-1.6100715,-0.49892008,-1.0146027,-0.22481823,-1.5220326,-1.0363604,-0.93434817,-0.97987264,-1.8091322,-0.8872891,0.51666546,-0.58778524,-0.809017,-0.5,-0.8660254,0.0
2018-07-26 00:00:00,1.0,0.5995172,0.50298613,-1.0484656,2.522512,-0.33144948,0.0,0.0,0.44174334,-0.57011276,0.014590832,0.57985806,-1.0863736,-0.9093194,-1.3077574,-0.29157516,0.22444259,-0.1274941,-1.2713286,-0.80949813,-0.62102675,-0.63758135,-1.5127846,0.09051792,0.5350958,-0.58778524,-0.809017,-0.5,-0.8660254,0.0
2018-08-02 00:00:00,1.0,-0.06348854,-0.8673798,-1.3784617,1.5370735,-0.78116304,0.0,0.0,0.65235513,-1.0910649,-0.52511466,0.13502264,-1.5294749,-0.9201818,-1.2997063,-0.13112298,0.16490485,-0.54579854,-1.4908919,-1.0377555,-0.6048269,-0.57363117,-1.5089595,-1.1033338,0.43324718,-0.58778524,-0.809017,-0.5,-0.8660254,0.0
2018-08-09 00:00:00,4.0,0.08315624,0.52543586,-0.72340727,1.9818708,-0.7071,0.0,0.0,-0.51545143,-1.4773124,-1.0116318,-0.32338643,-1.8042808,-0.8649341,-1.2352467,0.03421967,0.27784795,-0.17855364,-0.8837108,-1.149255,-0.50303185,-0.48451206,-1.4384342,-1.0842096,0.24623075,-0.58778524,-0.809017,-0.8660254,-0.5,0.0
2018-08-16 00:00:00,4.0,-2.1647105,-1.5243033,-1.0225667,-0.7860863,2.0923626,0.0,0.0,-0.10448572,1.3162044,1.2840724,1.6460363,0.7800067,-1.5836716,-1.9140118,-0.22497813,-0.9080734,-1.3325436,-1.4953703,-1.9878521,-1.3665662,-1.2011157,-1.9150019,1.5205171,0.8574921,-0.58778524,-0.809017,-0.8660254,-0.5,0.0
2018-08-23 00:00:00,4.0,1.4878368,1.935378,-1.2587477,-1.1503052,0.012118671,0.0,0.0,-0.1424392,0.9739857,0.9789548,1.2200097,0.586175,-0.7925696,-1.2252891,-0.07202282,-0.023454554,-0.69463694,-1.0125482,-1.4983044,-0.58280575,-0.5030658,-1.312718,0.6666693,0.9301209,-0.58778524,-0.809017,-0.8660254,-0.5,0.0
2018-08-30 00:00:00,4.0,-0.16571406,0.19123802,-0.6152885,2.5895724,-0.21719727,0.0,0.0,-0.7937611,0.64311105,0.78980005,1.1012851,0.22064015,-0.84210616,-1.2546493,0.027230347,-0.36981267,-0.0929998,-1.3092088,-1.5952199,-0.62894875,-0.48355067,-1.3050315,0.33483562,1.0051355,-0.58778524,-0.809017,-0.8660254,-0.5,0.0
2018-09-06 00:00:00,4.0,-1.717781,-1.493418,-1.3865911,-0.30917975,0.42124826,0.0,0.0,-0.890627,1.7964467,1.9016463,2.1245608,1.0743216,-1.3566366,-1.7416384,-0.19201913,-1.1651958,-0.6595498,-1.7848366,-2.1496716,-1.5123863,-1.0212665,-1.6997079,1.1293681,1.1221153,-0.58778524,-0.809017,-0.8660254,-0.5,0.0
2018-09-13 00:00:00,4.0,-0.7561559,-1.262253,-0.85983807,-0.44050956,-0.1818255,0.0,0.0,0.21322085,1.4339371,1.7305633,2.0766783,0.60149556,-1.5310421,-1.8952644,-0.43952343,-1.5637376,-0.8585115,-1.46459,-3.0,-1.6179364,-1.2352253,-1.8623418,0.2718036,0.84258515,-0.58778524,-0.809017,-1.0,-1.8369701e-16,0.0
2018-09-20 00:00:00,4.0,1.5599521,1.015803,0.23951884,-0.3363164,-0.0221227,0.0,0.0,1.4304088,1.5624787,1.7345725,1.8946086,0.88370395,-0.84281015,-1.3001142,-0.24399751,0.17369643,-0.52589947,-0.6514137,-2.5817945,-0.7443846,-0.57820565,-1.3152794,0.638933,0.7047361,-0.58778524,-0.809017,-1.0,-1.8369701e-16,0.0
2018-09-27 00:00:00,4.0,0.4180856,-0.19185475,1.509368,-0.50133777,-1.5043986,0.0,0.0,0.7524654,0.2122075,0.7135088,1.1328151,-0.44858083,-0.69216806,-1.1601682,-0.019744447,-0.3810133,-0.2685578,-0.43886837,-2.415464,-0.48855436,-0.43513286,-1.2384734,-1.6471074,0.8420024,-0.58778524,-0.809017,-1.0,-1.8369701e-16,0.0
2018-10-04 00:00:00,4.0,-0.61350423,-0.91616195,-0.9228263,0.62114817,0.1268361,0.0,0.0,0.042967796,0.3203908,0.7884925,1.2336811,-0.3747033,-0.9048033,-1.3334143,0.07010537,-0.619322,-0.683806,-0.68979424,-2.306342,-0.72607803,-0.6644886,-1.3833592,0.6371052,0.7481901,-0.58778524,-0.809017,-1.0,-1.8369701e-16,1.0
2018-10-11 00:00:00,4.0,-0.75593215,0.5392873,-0.52120805,1.7078166,-0.8959906,0.0,0.0,-2.3410723,0.6295694,1.0375189,1.4666784,-0.123026855,-1.1381,-1.5223787,0.011728778,-0.070326395,-0.931227,-1.2650687,-2.1929405,-0.9906195,-0.8937563,-1.5398239,-1.139676,0.55039454,-0.58778524,-0.809017,-0.8660254,0.5,0.0
2018-10-18 00:00:00,4.0,0.45550436,1.6046507,-0.45016497,-1.224911,-0.6462447,0.0,0.0,-1.3146101,-0.07316094,0.44324997,0.98693013,-0.76787883,-0.9495324,-1.357282,0.09972956,0.55252016,-0.82298046,-0.8318844,-2.2299702,-0.67437553,-0.68184733,-1.421141,-0.83495045,0.53960514,-0.58778524,-0.809017,-0.8660254,0.5,0.0
2018-10-25 00:00:00,4.0,-0.42991677,-0.3261839,0.50763404,0.47652707,-0.6312131,0.0,0.0,-0.7362383,-0.5686588,0.020462578,0.7093798,-1.2585628,-1.1141585,-1.4793835,0.09554472,-0.484137,-0.20425227,-1.4370255,-2.3406465,-0.86953956,-0.83038825,-1.5857525,-0.91866565,0.081874534,-0.58778524,-0.809017,-0.8660254,0.5,0.0
2018-11-01 00:00:00,4.0,0.28132647,0.86670816,-0.4299904,0.7338181,-0.52480024,0.0,0.0,-0.74786097,-0.93126076,-0.3994426,0.33925423,-1.5078745,-1.035715,-1.4038966,0.20640308,-0.55816215,-0.6901186,-1.2148982,-2.2971804,-0.7154158,-0.64375806,-1.5228653,-0.7302243,0.11319219,-0.58778524,-0.809017,-0.8660254,0.5,0.0
2018-11-08 00:00:00,4.0,1.8953078,1.5572001,-0.19258654,-1.3799214,2.297346,0.0,0.0,-0.4259979,0.81813353,0.6969221,0.843696,0.5597296,0.038516615,-0.629118,0.8401739,0.77609646,0.10649846,-0.012444639,-1.8544436,0.48133102,0.45764336,-0.72192144,1.3687376,0.6937485,-0.58778524,-0.809017,-0.5,0.8660254,0.0
2018-11-15 00:00:00,4.0,0.0007988411,-0.5673129,-0.51246476,1.0568646,0.26168635,0.0,0.0,0.78877705,0.7156096,0.6845191,0.8423727,0.4221271,0.012562208,-0.6563615,1.2381773,1.1827534,0.85964096,-0.035158426,-1.7766159,0.4789843,0.48758575,-0.7186529,0.70370686,0.6072769,-0.58778524,-0.809017,-0.5,0.8660254,0.0
2018-11-22 00:00:00,4.0,-0.052022923,-0.20473795,2.2175722,-1.1908541,0.12138718,0.0,0.0,0.04405793,0.5541323,0.60926193,0.7984609,0.2326495,-0.05521415,-0.694604,1.4435235,0.90949893,1.1306286,0.0008050133,-1.4525129,0.4349585,0.46573764,-0.7298966,0.5015357,0.56984633,-0.58778524,-0.809017,-0.5,0.8660254,0.0
2018-11-29 00:00:00,4.0,0.277295,-0.8451833,-0.46979794,0.34820935,-1.1210951,0.0,0.0,1.1063194,-0.6170648,-0.3018496,0.13191421,-0.9378799,0.075356945,-0.59336597,1.6390423,1.2631124,0.60929036,-0.05118127,-1.2742225,0.63613427,0.62708884,-0.6996291,-1.3378985,0.4631226,-0.58778524,-0.809017,-0.5,0.8660254,0.0
2018-12-06 00:00:00,4.0,1.4655617,0.6961581,0.16983278,0.33203286,0.21866323,0.0,0.0,1.7977524,-0.0033983253,-0.010056517,0.14430368,-0.085154146,0.9851924,0.087288,1.9789431,1.8519335,1.0359969,0.64252454,-0.8359518,1.7066048,1.4464179,-0.08484751,0.6585982,0.18521418,-0.58778524,-0.809017,-0.5,0.8660254,0.0
2018-12-13 00:00:00,4.0,-1.440868,-1.1767573,-1.3618895,0.5545215,-0.8613054,0.0,0.0,-1.9825802,0.73940754,0.68169755,0.7746745,0.4975168,0.09094475,-0.51609766,1.7164125,0.11876689,0.6829513,-0.11869608,-1.2791723,0.5569298,0.5932331,-0.5711065,-1.1706284,0.21411161,-0.58778524,-0.809017,-2.4492937e-16,1.0,0.0
2018-12-20 00:00:00,4.0,-0.18428044,-0.47688848,0.16727637,0.5082017,-0.5806856,0.0,0.0,-0.016598446,-0.041823596,0.13649148,0.42207247,-0.3278238,-0.05247004,-0.60533196,1.5151768,0.022008313,0.90410334,-0.17388597,-1.1251833,0.3854454,0.48942244,-0.6544989,-0.87179404,0.08031249,-0.58778524,-0.809017,-2.4492937e-16,1.0,0.0
2018-12-27 00:00:00,4.0,-1.5764085,-1.1037157,-0.031169144,-0.8518649,-0.12026148,0.0,0.0,-1.8222889,0.62940115,0.7563663,1.0084596,0.1846532,-0.8347985,-1.1836302,0.9218371,-0.7947662,0.07371554,-0.8694338,-1.1775397,-1.0919926,-0.36908594,-1.1600085,-0.07568076,0.063307166,-0.58778524,-0.809017,-2.4492937e-16,1.0,0.0
2019-01-03 00:00:00,4.0,0.13859573,-0.31523225,-0.060251217,1.1698488,0.2789028,0.0,0.0,0.6128889,0.44668812,0.6231749,0.8965783,0.011560273,-0.8027119,-1.1342362,0.5773451,-0.8626896,0.30232775,0.07860985,-1.122931,-0.8347592,-0.30282995,-1.0467591,0.3988536,0.11158572,-0.58778524,-0.809017,-2.4492937e-16,1.0,1.0
2019-01-10 00:00:00,4.0,1.4435036,1.8322445,-0.8837291,-1.3725134,2.950615,0.0,0.0,-2.8768256,2.6319442,2.2486982,1.8757429,2.2459216,0.13032518,-0.4398592,0.677859,-0.84362674,0.8085459,0.07270825,-0.7536044,0.50578815,0.58163923,-0.27407297,1.5536081,0.22894372,-0.58778524,-0.809017,0.5,0.8660254,0.0
2019-01-17 00:00:00,4.0,0.58520144,0.7437931,-0.020027613,0.40888605,-0.68863547,0.0,0.0,0.29370463,1.1787308,1.2645009,1.1969162,0.815945,0.4395686,-0.18480073,0.9029967,0.24130742,0.28666696,0.4041361,-0.52220565,1.1330725,0.8797608,-0.06323055,-1.2092934,0.3280309,-0.58778524,-0.809017,0.5,0.8660254,0.0
2019-01-24 00:00:00,4.0,-0.8984563,-1.0681441,0.4598537,-1.2685835,-0.68827444,0.0,0.0,-0.81713814,0.23971616,0.65962124,0.9002484,-0.2717997,-0.09766114,-0.5545172,0.81710804,-0.15899962,-0.109360985,0.76889354,-0.76052654,0.0054487498,0.29556558,-0.4097434,-1.200818,0.24894096,-0.58778524,-0.809017,0.5,0.8660254,0.0
2019-01-31 00:00:00,4.0,0.5126614,0.24661922,0.23853779,1.5047213,0.1677792,0.0,0.0,0.5697669,0.09868308,0.47565705,0.7154352,-0.35161504,0.17805552,-0.3314663,0.8620496,0.974734,0.14240555,1.2911139,-0.64608365,0.4508152,0.5161849,-0.17389959,0.45640326,0.35658795,-0.58778524,-0.809017,0.5,0.8660254,0.0
2019-02-07 00:00:00,4.0,1.0206046,-0.054283254,-0.30808595,2.2504628,0.9228444,0.0,0.0,2.0113864,0.6644414,0.79567206,0.8154445,0.34525016,0.7630072,0.13546392,1.1250328,1.4442122,0.49018344,1.0950047,-0.31839728,1.5342034,1.0610839,0.28823167,1.133298,0.46555826,-0.58778524,-0.809017,0.5,0.8660254,0.0
2019-02-14 00:00:00,4.0,-1.4744473,-0.12172614,-0.030215967,1.6789786,-0.8607142,0.0,0.0,-2.6678019,1.6421268,1.7094809,1.6148132,1.068236,-0.09602297,-0.47344568,0.8149658,-0.1489185,-0.81463236,0.26569167,-0.85953677,-0.24725968,0.1600882,-0.19596669,-1.3599225,-0.022119744,-0.58778524,-0.809017,0.8660254,0.5,0.0
2019-02-21 00:00:00,4.0,0.81186354,1.5693153,-0.7850168,-0.8033652,-0.45096502,0.0,0.0,-0.2470279,0.55159163,0.8950366,1.0175446,0.04230599,0.35250074,-0.115840755,0.84571177,-0.016567165,0.18163715,0.87447137,-0.8546351,0.6027027,0.57023495,0.10264542,-0.6348848,0.11524371,-0.58778524,-0.809017,0.8660254,0.5,0.0
2019-02-28 00:00:00,4.0,0.42729542,0.44519797,-0.83188736,2.1108723,0.10626865,0.0,0.0,0.13348088,0.32766306,0.6928378,0.8551457,-0.13944854,0.5724901,0.06060754,0.9296958,0.7252116,0.45523098,1.3610682,-0.98896337,0.9219442,0.739212,0.30672124,0.42345604,-0.28172874,-0.58778524,-0.809017,0.8660254,0.5,0.0
2019-03-07 00:00:00,4.0,-1.0843145,-0.73139155,-0.6884398,0.79324234,0.27793393,0.0,0.0,-0.9328739,1.1187241,1.44626,1.5045816,0.42914703,-0.06898231,-0.4082996,0.6163841,-0.18084286,0.6555943,0.6996109,-1.1578431,-0.45395622,0.04570291,-0.06699858,0.78464687,-0.45378283,-0.58778524,-0.809017,0.8660254,0.5,0.0
2019-03-14 00:00:00,4.0,-0.10704112,0.8340919,0.16642334,0.12711616,-0.780194,0.0,0.0,-1.04917,-0.018907111,0.60309315,1.0240262,-0.6602256,-0.17172123,-0.4910795,0.39543083,-0.8851105,0.5638876,0.82889163,-1.5266091,-0.6939254,-0.107472725,-0.1380868,-1.2609551,-0.68956566,-0.58778524,-0.809017,1.0,6.123234e-17,0.0
2019-03-21 00:00:00,4.0,0.47238526,0.20573482,0.5560113,1.2416599,-0.9136517,0.0,0.0,0.54859614,-1.1467063,-0.49480698,0.2582814,-1.5857382,0.115209945,-0.29474774,0.3723586,0.33345953,0.1178493,0.9187889,-1.4934518,-0.30494988,0.100355476,0.038146216,-1.4858801,-0.7083932,-0.58778524,-0.809017,1.0,6.123234e-17,0.0
2019-03-28 00:00:00,4.0,0.74040955,0.15077801,0.08111012,1.831889,-0.38509703,0.0,0.0,1.0514792,-1.5642711,-1.2009076,-0.37004462,-1.7570293,0.73019445,0.1050958,0.5912734,0.29154858,0.20794268,0.45611167,-1.5544758,0.51687807,0.65899074,0.4571219,-0.58193666,-2.285752,-0.58778524,-0.809017,1.0,6.123234e-17,0.0
2019-04-04 00:00:00,4.0,-0.802127,-0.44267243,1.7714481,-1.228124,-0.8277517,0.0,0.0,-1.0979438,-2.0174885,-1.7506524,-0.77078223,-2.2359774,0.044935253,-0.36363122,0.4404097,-0.5504455,0.29530358,0.120993994,-1.2510659,-0.5287728,-0.032213703,0.009483062,-1.4283053,-2.6268625,-0.58778524,-0.809017,1.0,6.123234e-17,1.0
2019-04-11 00:00:00,4.0,1.0017129,0.45949602,0.62099093,0.48087758,-0.8650332,0.0,0.0,1.2831541,-2.0792463,-2.1312408,-1.3940568,-2.1182032,0.91532636,0.27590433,0.6640151,0.9090625,0.5734305,0.567868,-0.9740237,0.6928481,0.78749573,0.6331932,-1.4807688,-2.442971,-0.58778524,-0.809017,0.8660254,-0.5,0.0
2019-04-18 00:00:00,4.0,0.5689886,0.09417219,0.666458,1.0950078,-0.47614393,0.0,0.0,0.8191422,-2.287627,-2.5226936,-1.9845138,-2.2325823,1.3828789,0.6628298,0.9892292,1.3491552,0.30833954,0.7003052,-0.91722137,1.3792292,1.2606711,1.0183594,-0.952776,-2.281967,-0.58778524,-0.809017,0.8660254,-0.5,0.0
2019-04-25 00:00:00,4.0,-0.6918452,-0.8261764,-0.8393511,0.539306,1.2963252,0.0,0.0,0.21801798,-0.8870318,-1.3516363,-1.099307,-0.66468924,0.654821,0.16826926,0.82789063,0.56548214,0.86431515,-0.22320555,-0.8720124,0.26020998,0.6594299,0.6315053,1.2826664,-1.1539595,-0.58778524,-0.809017,0.8660254,-0.5,0.0
2019-05-02 00:00:00,4.0,-0.41093644,1.1412338,-0.36947593,-0.06506685,-0.7407236,0.0,0.0,-1.685137,-1.0356164,-1.4614345,-1.2292426,-0.827265,0.20146064,-0.16104174,0.5619961,-0.22607622,0.06700185,0.2288512,-0.9693809,-0.5525169,0.2579741,0.34882239,-1.2505322,-1.8024658,-0.58778524,-0.809017,0.8660254,-0.5,0.0
2019-05-09 00:00:00,4.0,-0.36301085,0.01516455,0.64351606,0.9947282,-0.54045546,0.0,0.0,-0.72986346,-1.4583924,-1.833238,-1.613883,-1.2802947,-0.20865756,-0.49756745,0.22189176,0.074094765,-0.4528263,0.15555519,-1.2762239,-1.1436373,-0.13671793,0.05762161,-0.8942784,-0.2226357,-0.58778524,-0.809017,0.5,-0.8660254,0.0
2019-05-16 00:00:00,4.0,-0.7298867,-0.98722124,-0.16501519,-0.44996113,-0.090886004,0.0,0.0,-0.25525248,-1.4229321,-1.7936581,-1.5764594,-1.2617234,-0.884481,-1.0788763,-0.282578,-1.1047386,-0.17106555,0.55582786,-0.9868515,-1.9051896,-0.9081359,-0.5247076,-0.04928571,-1.1049036,-0.58778524,-0.809017,0.5,-0.8660254,0.0
2019-05-23 00:00:00,4.0,-0.08186594,-0.05638116,-0.82827413,2.1817105,-0.7092492,0.0,0.0,-0.17470834,-1.8732723,-2.2131093,-2.037571,-1.7437354,-1.0321378,-1.2109638,-0.66395783,-1.532648,-0.15275289,0.46324447,-1.0092505,-1.6244857,-1.1208556,-0.673286,-1.2326945,-1.0140456,-0.58778524,-0.809017,0.5,-0.8660254,0.0
2019-05-30 00:00:00,4.0,0.22422138,1.4607377,-0.5007099,-0.7230152,-0.78514475,0.0,0.0,-0.7953857,-2.2097168,-2.5659425,-2.5108547,-2.0607877,-0.9076566,-1.1077529,-0.8281802,-0.9084206,-0.3311398,-0.11674051,-0.94501907,-1.0984303,-0.96622294,-0.569997,-1.1819948,-3.0,-0.58778524,-0.809017,0.5,-0.8660254,0.0
2019-06-06 00:00:00,4.0,0.9877013,1.5010252,-0.6615344,-0.71201396,0.3223776,0.0,0.0,-0.0058061834,-1.9599594,-2.4730864,-2.6725743,-1.5843974,0.2208948,-0.18619294,-0.48226166,0.018363904,-0.20067267,0.04850376,-0.94674873,-0.040545758,0.043185093,0.35226017,0.09899595,-2.8346734,-0.58778524,-0.809017,0.5,-0.8660254,0.0
2019-06-13 00:00:00,4.0,-0.22625677,-0.18916687,1.787839,-0.41428003,-0.6551287,0.0,0.0,-0.29969442,-2.1670804,-2.6393914,-2.8960006,-1.8017939,-0.12164908,-0.49822587,-0.3603148,0.113769874,0.18422407,0.4100142,-1.0327824,-0.28183708,-0.28109172,0.044925105,-1.0775168,-2.6104958,-0.58778524,-0.809017,1.2246469e-16,-1.0,0.0
2019-06-20 00:00:00,4.0,-0.9004421,-0.9338281,-1.0355831,0.5740614,0.3759467,0.0,0.0,-0.5188736,-1.4576304,-2.0416462,-2.3248208,-0.92139876,-1.020056,-1.3745695,-0.5819551,0.013077486,-1.058423,-0.2945606,-0.78021497,-1.0084955,-1.0836791,-0.7647582,0.12626457,-3.0,-0.58778524,-0.809017,1.2246469e-16,-1.0,0.0
2019-06-27 00:00:00,4.0,1.1769803,1.5011278,0.043642674,-1.4426962,0.79995763,0.0,0.0,0.26057038,-1.2744865,-1.9295678,-2.3633893,-0.54940575,0.34601077,-0.071351364,-0.25294223,0.8279322,-0.71314305,-0.27372023,-0.06432576,0.099987306,0.14660399,0.4784884,0.35692677,-3.0,-0.58778524,-0.809017,1.2246469e-16,-1.0,0.0
2019-07-04 00:00:00,4.0,0.53742796,0.27416128,1.3028893,-0.007586187,-0.68112075,0.0,0.0,0.6801852,-1.6550751,-2.1890955,-2.6121783,-1.0039746,0.861769,0.44326356,0.1865557,1.0337484,0.11885384,0.7909704,0.193276,0.62874687,0.6218473,0.9355104,-1.0997102,-2.7826817,-0.58778524,-0.809017,1.2246469e-16,-1.0,1.0
2019-07-11 00:00:00,4.0,-0.7786101,-1.5382932,-0.7482697,-0.9729733,1.8184252,0.0,0.0,0.8950724,-0.9224072,-1.5849022,-2.0459766,-0.06199046,-0.03613745,-0.37327015,0.14672436,-0.13582563,-0.11951772,-0.030989867,-0.10409924,-0.22874616,-0.14718144,0.25886738,1.3964471,-2.6811497,-0.58778524,-0.809017,-0.5,-0.8660254,0.0
2019-07-18 00:00:00,4.0,1.2780133,1.3782936,0.20150135,-1.2946634,-0.14721318,0.0,0.0,0.8341676,-0.83265823,-1.5167806,-2.082498,0.17551415,1.3477279,1.0111003,0.6698371,0.8801891,1.0248499,0.36295307,-0.1254802,1.1789137,1.1765419,1.5230552,-0.40715218,-2.7306976,-0.58778524,-0.809017,-0.5,-0.8660254,0.0
2019-07-25 00:00:00,4.0,-0.1478695,-0.22443889,1.975333,-0.48185346,0.6026697,0.0,0.0,-0.029049132,-0.8789296,-1.4753089,-2.008601,0.082458936,1.0539045,0.7641463,0.92411864,1.3706284,1.4208019,0.8744717,0.16992958,0.9086466,0.9475882,1.3386967,0.32011485,-2.9980881,-0.58778524,-0.809017,-0.5,-0.8660254,0.0
2019-08-01 00:00:00,4.0,-1.4687444,-1.6999035,-1.0769877,-1.0455337,1.3265166,0.0,0.0,-0.24913585,-0.36190423,-0.9850621,-1.4923635,0.6058058,-0.39923164,-0.6690958,0.3470787,-0.37381616,0.4952176,0.23287526,-0.7943563,-0.78302145,-0.5417614,0.012429864,0.79294676,-2.0123312,-0.58778524,-0.809017,-0.5,-0.8660254,0.0
2019-08-08 00:00:00,4.0,-1.3273604,-0.896925,-0.8937734,0.56992483,2.8693168,0.0,0.0,-0.4880585,1.0222137,0.1635475,-0.47513023,2.0182967,-1.4472046,-1.8684031,-0.55987597,-1.6216621,-0.55882794,-0.6590058,-1.056472,-1.7041916,-1.4901227,-0.8194694,1.6449243,-0.9713226,-0.58778524,-0.809017,-0.8660254,-0.5,0.0
2019-08-15 00:00:00,4.0,0.6159717,1.0041603,-0.05006784,-0.35418266,-0.4735169,0.0,0.0,0.09677185,0.21054761,-0.3097289,-0.8492824,1.0224535,-0.88129795,-1.2532502,-0.8999406,-0.6953839,-0.8723145,-0.8043021,-0.15134083,-0.9804644,-0.9843499,-0.4453497,-0.7364466,-1.0594617,-0.58778524,-0.809017,-0.8660254,-0.5,0.0
2019-08-22 00:00:00,4.0,-0.17719378,0.9261553,1.3341662,-1.3999815,-1.5860798,0.0,0.0,-0.768729,-0.9767079,-1.0916754,-1.4052218,-0.5012564,-1.0954245,-1.4529213,-1.23888,-1.6436813,-0.86212754,-0.47003576,-0.2371948,-0.9320748,-1.2972424,-0.9235915,-1.390043,-0.6862475,-0.58778524,-0.809017,-0.8660254,-0.5,0.0
2019-08-29 00:00:00,4.0,-0.1517476,-0.78888714,-1.1572456,1.0790138,-0.5442508,0.0,0.0,0.40267628,-1.300779,-1.3522509,-1.5931549,-0.9180122,-1.289767,-1.6196628,-1.4616531,-1.607904,-0.31154323,-1.1132985,-0.24311437,-0.9204928,-1.4139779,-1.2267753,-0.8114465,-0.72365236,-0.58778524,-0.809017,-0.8660254,-0.5,0.0
2019-09-05 00:00:00,4.0,0.27943492,0.47985783,0.24289593,0.54585594,0.41033572,0.0,0.0,-0.13891885,-1.0634793,-1.2432145,-1.5413396,-0.5397273,-1.0900475,-1.40372,-1.3493048,-0.50803244,-0.97477233,-1.2948714,-0.32307646,-0.68624765,-0.9678405,-0.9274738,0.64308023,-0.6354737,-0.58778524,-0.809017,-0.8660254,-0.5,0.0
2019-09-12 00:00:00,4.0,1.4072592,1.4429095,0.15799701,-1.4283721,-0.24033536,0.0,0.0,0.97552544,-0.8247243,-1.1538229,-1.5758862,-0.07112773,0.5235957,0.12776227,-0.5307301,1.2449772,-0.36589837,-0.17497236,0.3805207,0.5542793,0.5116813,0.42992508,-0.42554057,-0.023728598,-0.58778524,-0.809017,-1.0,-1.8369701e-16,0.0
2019-09-19 00:00:00,4.0,0.22765368,-0.2748799,0.17095636,1.0441113,-0.9933495,0.0,0.0,0.5541964,-1.4197419,-1.577182,-1.8857154,-0.8759412,0.635018,0.2580146,0.12964723,0.99968,0.36927265,0.17948687,0.24445501,0.7379611,0.70168805,0.47153535,-1.2783817,-0.02810518,-0.58778524,-0.809017,-1.0,-1.8369701e-16,0.0
2019-09-26 00:00:00,4.0,-0.7744302,-0.6172516,-1.5016315,1.6633784,-0.35992333,0.0,0.0,-0.7822961,-0.894754,-1.1980147,-1.5535457,-0.1729477,-0.21244314,-0.52653134,0.164919,0.62086076,-1.1124021,-0.025190517,-0.058174845,-0.07108648,-0.07583492,-0.2360956,-0.5105193,-0.028538063,-0.58778524,-0.809017,-1.0,-1.8369701e-16,0.0
2019-10-03 00:00:00,4.0,-1.0834771,-0.8633816,-0.19197795,0.05883885,0.5041691,0.0,0.0,-0.83812195,-0.44064707,-0.8213323,-1.1993977,0.35178214,-1.1811132,-1.4936887,-0.34279507,0.024247276,-1.7364997,-0.2018815,-0.64306444,-0.9810439,-1.0913451,-1.1505163,0.5791257,0.30650464,-0.58778524,-0.809017,-1.0,-1.8369701e-16,1.0
2019-10-10 00:00:00,4.0,0.39475864,0.5758996,1.9579345,-1.138345,-0.87253857,0.0,0.0,0.23047191,-1.0605447,-1.2391787,-1.5139679,-0.47547358,-0.8684596,-1.173187,-0.47377098,0.09323035,-0.47415152,0.05142529,0.7064616,-0.5281153,-0.82120484,-1.0235335,-1.1751449,0.36477333,-0.58778524,-0.809017,-0.8660254,0.5,0.0
2019-10-17 00:00:00,4.0,0.50861484,0.7602484,1.6129179,-1.2007438,0.117327325,0.0,0.0,0.032138627,-1.0853477,-1.28934,-1.5783969,-0.44733167,-0.39549538,-0.72952765,-0.27042562,-0.49903658,0.85989136,0.18673773,0.1348879,-0.07606408,-0.3424267,-0.61776125,0.25846577,0.7165012,-0.58778524,-0.809017,-0.8660254,0.5,0.0
2019-10-24 00:00:00,4.0,1.6390086,1.7477227,-0.6372009,-1.4133397,1.2217284,0.0,0.0,0.24909586,-0.6718489,-1.078276,-1.5227078,0.31473196,1.355508,0.9772063,0.6722994,0.36881375,1.5414368,0.4970699,1.1472536,1.2938108,1.2755747,0.96246916,1.2667776,0.46232548,-0.58778524,-0.809017,-0.8660254,0.5,0.0
2019-10-31 00:00:00,4.0,-0.00110016,0.12445061,0.16696171,1.1848503,-0.93550056,0.0,0.0,-0.04653865,-1.2356327,-1.4344442,-1.7518541,-0.51168674,1.2424761,0.87972337,1.2906684,0.87491244,1.6397253,0.6673178,2.1901562,1.2576064,1.2390009,0.8632405,-1.1362715,0.6154704,-0.58778524,-0.809017,-0.8660254,0.5,0.0
2019-11-07 00:00:00,4.0,0.5627012,-0.5058073,1.3330121,-0.29796666,-1.165759,0.0,0.0,1.2314292,-1.5279801,-1.6691895,-1.9379169,-0.89186585,1.7514977,1.3930571,1.924568,1.9437355,2.0755796,1.5645814,2.740938,1.6610072,1.7124431,1.3442454,-1.2079477,1.0610915,-0.58778524,-0.809017,-0.8660254,0.5,0.0
2019-11-14 00:00:00,4.0,-0.60629123,-0.9273963,0.33472016,-0.36743844,0.049764976,0.0,0.0,-0.04075327,-1.4540068,-1.6257786,-1.8710369,-0.7870909,0.9931777,0.7459572,1.8939179,1.3131922,1.4860303,0.49467522,1.5611854,1.0831145,1.0567724,0.7444871,0.34105772,1.2792113,-0.58778524,-0.809017,-0.5,0.8660254,0.0
2019-11-21 00:00:00,4.0,-0.18363103,-0.51852304,-1.4774139,1.8903037,-0.6158823,0.0,0.0,0.14040676,-1.6416541,-1.7629175,-1.9490185,-1.1020912,0.6852734,0.4822462,1.7217251,0.89255387,0.41384682,0.05718721,1.2347062,0.9032471,0.86620784,0.5276526,-0.9874952,1.1899137,-0.58778524,-0.809017,-0.5,0.8660254,0.0
2019-11-28 00:00:00,4.0,-0.4450781,-0.5814004,0.117506705,0.49981898,-1.2770132,0.0,0.0,-0.34895766,-1.9751803,-2.002399,-2.091125,-1.696139,0.13399835,-0.0032156731,1.3553187,-0.3881699,-0.015164453,0.3023581,1.3386033,0.4381833,0.36127862,-0.051301558,-1.1778615,1.0491,-0.58778524,-0.809017,-0.5,0.8660254,0.0
2019-12-05 00:00:00,4.0,0.9664588,1.5759451,-0.9007595,-0.88447076,0.710839,0.0,0.0,-0.253996,-1.5435625,-1.7929659,-2.0080714,-0.8381415,1.1886395,0.982562,1.424678,0.17941453,1.1537755,0.035266474,2.0918703,1.5151393,1.4304401,1.028109,1.0336508,0.92346454,-0.58778524,-0.809017,-0.5,0.8660254,0.0
2019-12-12 00:00:00,4.0,-0.48118922,-1.2703165,-0.04158136,-0.76448053,-0.5111865,0.0,0.0,0.22361617,-1.7029809,-1.8863294,-2.0449924,-1.1630135,0.56924933,0.4439958,1.2277392,-0.44207442,1.6353008,-0.1482689,1.625164,0.9895942,0.9473579,0.40632048,-0.9566479,0.8834069,-0.58778524,-0.809017,-2.4492937e-16,1.0,0.0
2019-12-19 00:00:00,4.0,0.67849576,-0.4718416,1.8576123,-0.7607581,0.2879047,0.0,0.0,1.5961877,-1.1707183,-1.5636641,-1.8605603,-0.15537663,1.2906817,1.1279281,1.26038,0.31604654,1.760952,1.2832929,2.0796583,1.8970351,1.5714359,1.226993,0.45098746,0.7583622,-0.58778524,-0.809017,-2.4492937e-16,1.0,0.0
2019-12-26 00:00:00,4.0,1.0665691,1.8245585,-0.9089249,-1.3093575,-0.053952724,0.0,0.0,0.23293138,-1.3397044,-1.6712862,-1.9582785,-0.3866152,2.332922,2.1912706,1.7781353,1.0608875,2.0847561,2.8577588,2.332838,2.8367763,2.4269607,2.3875701,-0.5139598,-0.12890014,-0.58778524,-0.809017,-2.4492937e-16,1.0,0.0
2020-01-02 00:00:00,4.0,1.4731864,1.5359685,-0.39313704,-1.1632361,2.0108142,0.0,0.0,0.3000601,-0.90077305,-1.4070221,-1.8254865,0.5388642,3.0,3.0,2.4238954,2.1078322,1.8480823,3.0,1.958186,3.0,3.0,3.0,1.3369286,-0.030148849,-0.58778524,-0.809017,-2.4492937e-16,1.0,1.0
2020-01-09 00:00:00,4.0,-2.1609867,-1.9892498,-1.4930414,-1.0723234,2.9704947,0.0,0.0,0.21213937,0.2704934,-0.541332,-1.157129,2.133714,0.98280084,1.1948824,1.5512363,0.2894736,0.4938571,1.8540168,1.0716963,1.0184296,0.98230416,1.3794694,1.9215846,-0.023654189,-0.58778524,-0.809017,0.5,0.8660254,0.0
2020-01-16 00:00:00,4.0,0.597106,0.5939151,0.38064423,0.11445768,-0.53498775,0.0,0.0,0.5215165,-0.3650403,-0.86085993,-1.3475218,1.0689142,1.3873501,1.618216,1.3980125,0.92098355,0.5265977,2.1870687,1.3206165,1.3936291,1.3305967,1.8016505,-0.8260492,-0.035842016,-0.58778524,-0.809017,0.5,0.8660254,0.0
2020-01-23 00:00:00,4.0,-0.6258525,-1.2379198,-0.22070104,-0.5906422,0.71397364,0.0,0.0,0.45219144,-0.2738534,-0.72562605,-1.2061005,1.0688691,0.7586644,1.0071748,0.88206595,0.15962951,0.5009811,1.6482885,0.9349195,0.64007527,0.649255,1.2200451,1.0130724,-0.11104218,-0.58778524,-0.809017,0.5,0.8660254,0.0
2020-01-30 00:00:00,4.0,-1.082809,-1.1446093,-0.1512326,-0.51521385,1.6893032,0.0,0.0,0.09844338,0.3562908,-0.23230423,-0.82300067,1.7692425,-0.14230159,0.10814327,0.022798583,-1.1551495,-0.07287314,0.2856686,-0.16564445,-0.42602506,-0.24663225,0.35556084,1.7660472,-0.07274764,-0.58778524,-0.809017,0.5,0.8660254,0.0
2020-02-06 00:00:00,4.0,-0.37618515,-0.47510862,-0.29537746,0.98752725,0.072745934,0.0,0.0,-0.12310989,0.117845066,-0.29155105,-0.8107581,1.2666948,-0.47587082,-0.24111749,-0.6740616,-2.1695185,-0.029699251,-0.036731414,0.36083758,-0.70562404,-0.55686724,0.022336258,0.51846564,-0.24489605,-0.58778524,-0.809017,0.5,0.8660254,0.0
2020-02-13 00:00:00,4.0,-0.049844857,-0.6493972,-0.86908334,1.059653,0.31596068,0.0,0.0,0.70460194,0.048507582,-0.2792669,-0.77129596,1.0680001,-0.58185005,-0.35426623,-1.1352971,-0.9001459,-0.67730707,0.38004604,0.42647722,-0.71074945,-0.62611485,-0.010807228,0.6649591,-0.48100156,-0.58778524,-0.809017,0.8660254,0.5,0.0
2020-02-20 00:00:00,4.0,-0.30616748,-0.4985145,0.5987364,0.27044997,-0.44397563,0.0,0.0,-0.05120219,-0.34308013,-0.48254457,-0.86117715,0.43357214,-0.87263,-0.6531725,-1.5180382,-1.4157861,-0.558179,0.87102675,1.0409551,-1.0065081,-0.9741451,-0.34945896,-0.3853199,-1.6550969,-0.58778524,-0.809017,0.8660254,0.5,0.0
2020-02-27 00:00:00,4.0,-1.3178998,-1.1769843,-1.1660817,0.23732035,1.326029,0.0,0.0,-0.22834891,0.39754766,0.049853574,-0.46000463,1.2701113,-1.768861,-1.6250246,-2.0345697,-1.7560644,-1.7638466,-0.035933968,0.47982472,-1.6788015,-1.8356168,-1.2727665,1.5325567,-0.09844625,-0.58778524,-0.809017,0.8660254,0.5,0.0
2020-03-05 00:00:00,4.0,-0.22426377,0.36668822,0.10710354,0.8589013,2.6067963,0.0,0.0,-1.4918914,1.9547007,1.1139513,0.22678739,2.8459496,-1.8857061,-1.7802558,-2.1081607,-1.2499706,-2.4546,-0.43031704,-0.28390595,-1.453409,-1.6478553,-1.0117432,1.972525,-0.1918228,-0.58778524,-0.809017,0.8660254,0.5,0.0
2020-03-12 00:00:00,5.0,-1.1772511,-0.766285,-0.70173395,0.6082692,3.0,0.0,0.0,1.4233296,3.0,3.0,1.9138526,3.0,-2.4074392,-2.4199374,-2.018289,-1.6347783,-3.0,-1.8947524,-0.99515814,-1.5485296,-1.6330081,-0.94209015,1.8775941,0.42816147,-0.58778524,-0.809017,1.0,6.123234e-17,0.0
2020-03-19 00:00:00,5.0,-3.0,-1.5494683,-1.5402302,-0.31307524,3.0,0.0,0.0,-0.47086602,3.0,3.0,3.0,3.0,-3.0,-3.0,-2.5715308,-3.0,-3.0,-3.0,-3.0,-2.443899,-3.0,-2.64873,1.7919745,2.1980326,-0.58778524,-0.809017,1.0,6.123234e-17,0.0
2020-03-26 00:00:00,5.0,0.016074918,0.72079015,-0.5938925,0.775012,1.8072236,0.0,0.0,-3.0,3.0,3.0,3.0,3.0,-3.0,-3.0,-2.5387383,-3.0,-3.0,-3.0,-3.0,-1.6175083,-2.176026,-1.728565,1.6881217,2.061112,-0.58778524,-0.809017,1.0,6.123234e-17,0.0
2020-04-02 00:00:00,5.0,2.075964,1.4597698,-0.35345855,-1.0141742,0.6576969,0.0,0.0,-1.5806396,3.0,3.0,3.0,3.0,-1.8770312,-2.3282492,-2.207218,-2.2876732,-2.882169,-2.7672782,-2.5384145,-0.81219274,-1.270948,-0.7401269,1.5738193,1.8498977,-0.58778524,-0.809017,1.0,6.123234e-17,1.0
2020-04-09 00:00:00,5.0,0.3475131,0.5263055,0.28580296,0.4336037,0.185474,0.0,0.0,-1.0591978,3.0,3.0,3.0,2.562408,-1.6747869,-2.0807545,-1.8969826,-1.9618568,-2.2869833,-2.417158,-1.77466,-0.5704383,-1.0675639,-0.5986872,1.4655131,1.5603263,-0.58778524,-0.809017,0.8660254,-0.5,0.0
2020-04-16 00:00:00,5.0,3.0,1.7479147,-1.502113,-0.7227321,0.04566521,0.0,0.0,2.3026636,2.7130723,3.0,3.0,2.0223231,0.28673702,-0.058493912,-1.1069125,0.101421654,-0.77940565,-0.82828426,-0.66352373,0.28071386,0.101788424,0.7513466,1.3644862,1.3526511,-0.58778524,-0.809017,0.8660254,-0.5,0.0
2020-04-23 00:00:00,5.0,-1.2840198,-0.23001945,1.7307827,-0.15322751,-0.46828726,0.0,0.0,-2.609431,2.181544,2.7843118,3.0,1.3560339,-0.27920786,-0.6534241,-0.7995702,2.1229968,-1.3383949,-1.7135609,-1.3937945,-0.009900988,-0.3661506,0.09614748,0.90753466,1.2686224,-0.58778524,-0.809017,0.8660254,-0.5,0.0
2020-04-30 00:00:00,5.0,2.1307805,1.5980732,-0.61408734,-1.2561941,0.10662508,0.0,0.0,0.31630996,1.8785483,2.4425745,2.729834,1.109655,0.8259412,0.5980334,-0.13323711,3.0,-0.25304872,-0.5253727,0.010359566,0.60258174,0.5374017,1.1128222,1.3841823,1.4008936,-0.58778524,-0.809017,0.8660254,-0.5,0.0
2020-05-07 00:00:00,5.0,-0.5466144,-1.25307,-1.0993246,0.060979925,-0.25656518,0.0,0.0,1.3537363,1.5889169,2.2019897,2.5616338,0.73418784,0.5280184,0.29743618,0.21493948,1.7642952,-0.14087667,-0.99415845,-0.21347606,0.45191786,0.32944086,0.7769984,1.1474482,1.3650692,-0.58778524,-0.809017,0.8660254,-0.5,0.0
2020-05-14 00:00:00,5.0,0.28443053,0.6751985,1.8271831,-1.2908645,-0.46259663,0.0,0.0,-0.628663,1.2500129,1.8959877,2.304129,0.35611594,0.6214519,0.4094136,0.51609933,1.7104249,0.055992614,-1.1695298,-0.24794194,0.5537065,0.48686978,0.8394875,0.92039824,1.3093461,-0.58778524,-0.809017,0.5,-0.8660254,0.0
2020-05-21 00:00:00,5.0,0.90122354,0.815972,0.35526595,-0.3061926,-0.23453763,0.0,0.0,0.13535166,1.1083131,1.7066144,2.1160955,0.22863242,1.0485067,0.89311767,0.8790176,0.7373974,0.80889726,-1.1489321,-0.07546025,0.8756015,0.9550071,1.283891,1.129069,1.3422546,-0.58778524,-0.809017,0.5,-0.8660254,0.0
2020-05-28 00:00:00,2.0,1.0596648,0.6207115,-0.4573493,0.8506732,-0.46263602,0.0,0.0,1.2881919,0.8725486,1.4571614,1.8789333,-0.0025269573,1.5062644,1.4320011,1.3144454,1.798194,3.0,0.024576401,0.7331202,1.2297363,1.4478433,1.7718472,0.90365005,1.4126859,-0.58778524,-0.809017,0.5,-0.8660254,0.0
2020-06-04 00:00:00,2.0,2.3549817,1.4165545,-0.53387547,-1.009244,0.6522239,0.0,0.0,-0.36808023,1.2292615,1.5801674,1.8874997,0.5324015,2.3916712,2.5333536,1.8231732,1.910281,3.0,1.0438654,1.5708402,2.0062947,2.3418105,2.8242307,1.301038,1.3572501,-0.58778524,-0.809017,0.5,-0.8660254,0.0
2020-06-11 00:00:00,2.0,0.2758826,0.10022264,1.8082743,0.006769747,-0.6863372,0.0,0.0,0.55072063,0.9068094,1.3377782,1.6972772,0.13807862,2.3533175,2.4970293,2.2218795,2.1995761,2.9515722,1.3578072,1.4859463,1.9705473,2.3882666,2.7952485,0.5912949,1.3345946,-0.58778524,-0.809017,1.2246469e-16,-1.0,0.0
2020-06-18 00:00:00,2.0,-0.3783597,-0.75135386,-0.7686854,1.1710737,-0.3571678,0.0,0.0,0.7514788,0.84977204,1.2752631,1.6581762,0.04468355,2.0048258,2.1541533,2.2016163,1.8450981,2.5547767,1.4597902,1.5044261,1.7031965,2.081875,2.4409266,0.9871462,1.2996055,-0.58778524,-0.809017,1.2246469e-16,-1.0,0.0
2020-06-25 00:00:00,2.0,0.3992041,0.742282,-0.28250483,0.36970288,-0.73844767,0.0,0.0,-0.19965164,0.6118356,1.0706407,1.4846072,-0.22949804,2.0424242,2.1996777,2.1980035,1.6046666,1.7058283,1.7186277,1.7910905,1.6765097,2.161946,2.4882479,0.5190946,1.2689477,-0.58778524,-0.809017,1.2246469e-16,-1.0,0.0
2020-07-02 00:00:00,2.0,-0.31143022,0.6984158,0.5398713,-0.29232502,-0.9953112,0.0,0.0,-1.5457317,0.33537814,0.8497071,1.3184669,-0.58840615,1.7601254,1.9276775,2.0719504,1.0162178,1.9284363,1.5496986,1.7288233,1.4624346,1.9764143,2.2501588,0.002518701,1.2067311,-0.58778524,-0.809017,1.2246469e-16,-1.0,1.0
2020-07-09 00:00:00,2.0,0.34385747,0.4895646,1.5951775,-0.85839516,-1.0772188,0.0,0.0,0.46365872,0.07076689,0.60641205,1.1093577,-0.89868975,1.809919,1.9730599,1.9796544,0.14310364,1.3686216,1.7458862,2.0485685,1.4449137,2.0925722,2.3432186,-0.4971865,1.1821972,-0.58778524,-0.809017,-0.5,-0.8660254,0.0
2020-07-16 00:00:00,2.0,0.3859859,-0.058977205,0.6820531,1.3422468,-0.9394773,0.0,0.0,1.0963768,-0.08134154,0.42811555,0.9427099,-1.0466309,1.8715274,2.028964,1.8826739,0.19188966,1.6183355,2.1710134,2.1669667,1.4134177,2.1799626,2.4338334,0.08273756,1.1264796,-0.58778524,-0.809017,-0.5,-0.8660254,0.0
2020-07-23 00:00:00,1.0,1.181931,1.1175356,-0.36533707,-0.5501116,-0.40669277,0.0,0.0,0.5422878,0.027590435,0.4063885,0.8635571,-0.77344954,2.1753378,2.35705,1.8431655,0.87756664,1.8506641,2.5883594,2.4928772,1.5423237,2.464056,2.7666733,0.8221616,1.0988257,-0.58778524,-0.809017,-0.5,-0.8660254,0.0
2020-07-30 00:00:00,1.0,0.17829841,0.23632711,-0.16911426,1.4234058,-0.7948248,0.0,0.0,0.22181574,-0.08846409,0.2780136,0.7430178,-0.8898834,2.1150808,2.2811909,1.8249998,0.77817565,1.6108407,2.7360291,2.2088153,1.4048316,2.3577895,2.6808794,0.09149588,1.2435868,-0.58778524,-0.809017,-0.5,-0.8660254,0.0
2020-08-06 00:00:00,4.0,0.10770048,-0.09862617,0.522875,1.531356,-0.5630859,0.0,0.0,0.46974745,-0.088144526,0.22719668,0.6787507,-0.8302453,2.0428708,2.1928422,1.6720431,0.9532558,1.3241022,3.0,2.2283356,1.3013859,2.090746,2.5370495,0.43003616,-0.82924265,-0.58778524,-0.809017,-0.5,-0.8660254,0.0
2020-08-13 00:00:00,4.0,-0.29842278,-0.9628206,0.18472975,-0.12481017,-0.8110388,0.0,0.0,0.59666175,-0.15668564,0.1450519,0.6040246,-0.89192945,1.776426,1.954275,1.4321915,0.6739264,0.55200773,3.0,2.246009,1.140392,1.7180902,2.290547,0.05609726,-0.76055974,-0.58778524,-0.809017,-0.8660254,-0.5,0.0
2020-08-20 00:00:00,1.0,0.8755992,1.1398164,-0.856381,-0.13054971,-0.61892164,0.0,0.0,0.6500637,-0.2120589,0.04724535,0.48092967,-0.87917835,1.9712273,2.1435294,1.3597636,0.88143003,0.7266323,2.9215875,2.1930542,1.2559977,1.884842,2.524144,0.20855206,-0.68782634,-0.58778524,-0.809017,-0.8660254,-0.5,0.0
2020-08-27 00:00:00,4.0,-0.5017471,0.21082793,0.3066282,1.01081,-1.103776,0.0,0.0,-1.3207968,-0.28491795,-0.031226331,0.41319326,-0.95658064,1.5889981,1.8248695,1.1152034,0.15554895,0.6870378,2.547813,1.8337126,1.0425323,1.4488521,2.2065246,-0.81256855,-0.072577335,-0.58778524,-0.809017,-0.8660254,-0.5,0.0
2020-09-03 00:00:00,1.0,1.3570718,1.2709993,-0.5763898,-0.7998215,0.15407474,0.0,0.0,1.0599942,-0.14243792,-0.002828339,0.3644811,-0.60484314,1.9148581,2.1441905,1.0841794,0.66882116,0.9660891,2.1115909,2.3654015,1.2884247,1.8055594,2.5286243,0.6313067,0.34490398,-0.58778524,-0.809017,-0.8660254,-0.5,0.0
2020-09-10 00:00:00,4.0,-1.3470032,-1.9957923,-1.2421906,-1.3314908,-0.6425335,0.0,0.0,-0.7996193,-0.07968918,0.044315398,0.4163272,-0.52588916,1.1259929,1.5020037,0.6823589,0.029725134,0.6528317,1.9856657,1.6013459,0.83170855,0.97625065,1.8484596,-0.12993167,1.1001898,-0.58778524,-0.809017,-1.0,-1.8369701e-16,0.0
2020-09-17 00:00:00,4.0,0.64495724,0.32299253,1.5807555,-0.39184597,-1.0344424,0.0,0.0,1.4978198,-0.17935233,-0.052541777,0.30541158,-0.6090342,1.294297,1.6376944,0.5268033,0.4418368,0.74272054,1.6254578,1.7950195,0.95292705,1.1474664,2.0197387,-1.0720028,0.67647094,-0.58778524,-0.809017,-1.0,-1.8369701e-16,0.0
2020-09-24 00:00:00,4.0,-1.0018727,-1.1614039,-0.7093281,0.25681695,0.8604828,0.0,0.0,0.12999897,0.07974008,0.121012315,0.43720818,-0.22233637,0.7950664,1.2144847,0.06276767,-0.37522078,0.33676818,1.4755913,1.7286363,0.56644046,0.49566913,1.4719983,0.93323696,0.85993534,-0.58778524,-0.809017,-1.0,-1.8369701e-16,0.0
2020-10-01 00:00:00,4.0,-0.29882365,0.75099003,-0.59581137,0.44040874,-0.061498128,0.0,0.0,-1.8365564,0.05190701,0.10748851,0.41960633,-0.254884,0.6569449,1.0851417,-0.31193224,-0.2927132,-0.09102223,1.3267635,1.8585296,0.4001305,0.24656157,1.3171703,0.41964918,0.43543553,-0.58778524,-0.809017,-1.0,-1.8369701e-16,1.0
2020-10-08 00:00:00,4.0,-0.3119858,-1.1967865,0.5601921,-0.9707624,-0.6709562,0.0,0.0,0.6088356,-0.12419606,-0.009236938,0.32837108,-0.5057992,0.5097056,0.95271176,-0.6640895,-1.0180539,-0.234542,1.0524548,1.6145893,0.18866056,0.0130365435,1.2072914,-0.45099008,0.24032845,-0.58778524,-0.809017,-0.8660254,0.5,0.0
2020-10-15 00:00:00,4.0,0.3819707,0.34515628,2.0665283,-0.9383013,-0.53479296,0.0,0.0,0.65144145,-0.21368676,-0.09524744,0.23395129,-0.58675724,0.6520569,1.0529395,-0.8266373,-0.25942028,-0.15342066,0.9084828,1.7234623,0.34323767,0.10628783,1.3336471,-0.37926936,0.15334848,-0.58778524,-0.809017,-0.8660254,0.5,0.0
2020-10-22 00:00:00,4.0,-0.95451254,-1.5956426,-1.2971784,-0.32395753,-0.432265,0.0,0.0,-0.28543425,-0.22479485,-0.10564359,0.2330306,-0.60542655,0.19440128,0.68559617,-1.1709591,-0.9718509,-0.3518338,0.15250975,1.4459914,-0.32415572,-0.3946999,0.94691104,-0.34671244,0.17776714,-0.58778524,-0.809017,-0.8660254,0.5,0.0
2020-10-29 00:00:00,4.0,0.5354399,0.22473407,0.062990114,1.2447296,-0.54883915,0.0,0.0,1.1555998,-0.34053037,-0.217271,0.112740636,-0.7169744,0.4139395,0.8445881,-1.2604175,-0.28744277,-0.44567803,0.21784675,1.5312201,0.012166384,-0.15229915,1.1573626,-0.50533867,-0.74432206,-0.58778524,-0.809017,-0.8660254,0.5,0.0
2020-11-05 00:00:00,4.0,0.539003,1.1960698,-1.0320336,-0.09688177,1.4638495,0.0,0.0,-1.1462396,-0.14620985,-0.12230203,0.139464,-0.33813238,0.62624705,0.9967534,-1.09631,0.08529617,-0.13961191,0.432991,1.4173235,0.37261373,0.07242484,1.2619601,0.81633663,-0.6993631,-0.58778524,-0.809017,-0.8660254,0.5,0.0
2020-11-12 00:00:00,4.0,0.6079181,0.9875206,0.1102739,-0.7131532,0.79092586,0.0,0.0,-0.23823509,-0.09776128,-0.10763473,0.11361797,-0.20955525,0.84956795,1.1608565,-0.8463886,0.49472862,-0.3564236,0.48677376,1.5256147,0.814374,0.31970975,1.4064659,0.3944498,-0.35769582,-0.58778524,-0.809017,-0.5,0.8660254,0.0
2020-11-19 00:00:00,4.0,0.04470302,0.08427144,0.4785866,1.2042351,-0.64500856,0.0,0.0,0.1671611,-0.2558046,-0.21732645,0.01715416,-0.4281382,0.8619968,1.1543612,-0.6936713,0.34539786,0.05801645,0.56872344,1.6402645,0.84326065,0.30204076,1.4233902,-0.7854703,-0.20744373,-0.58778524,-0.809017,-0.5,0.8660254,0.0
2020-11-26 00:00:00,4.0,0.4607826,1.0415155,-1.1864005,0.28557834,-0.6484785,0.0,0.0,0.1263716,-0.38396773,-0.32742208,-0.096656516,-0.57333285,1.0293679,1.2744063,-0.4784174,0.96724206,0.0023534955,0.5995873,1.9060651,1.2447455,0.50610745,1.603989,-0.7128312,-0.19299911,-0.58778524,-0.809017,-0.5,0.8660254,0.0
2020-12-03 00:00:00,4.0,0.021730928,0.2868377,0.8770042,0.2368829,-1.4921529,0.0,0.0,0.11264102,-0.6138249,-0.5072626,-0.2520693,-0.91014457,1.0347022,1.2623595,-0.33642662,0.73668826,0.31140393,0.5167266,1.8029529,1.2138507,0.51902044,1.68414,-1.9951533,-0.22789955,-0.58778524,-0.809017,-0.5,0.8660254,0.0
2020-12-10 00:00:00,4.0,0.1437221,-0.21175969,1.9840732,0.19102623,-0.5571712,0.0,0.0,0.72333574,-0.65930086,-0.5788326,-0.33990073,-0.9180098,1.0856494,1.2862933,-0.21638103,0.5623531,0.4436307,0.27740082,1.7286836,1.1878356,0.5958131,1.731948,-0.9310677,-0.21982731,-0.58778524,-0.809017,-2.4492937e-16,1.0,0.0
2020-12-17 00:00:00,4.0,1.0068818,1.5290693,-0.58673364,-1.5991629,0.054625444,0.0,0.0,0.53073204,-0.56586194,-0.56808656,-0.3938046,-0.6459598,1.4130703,1.54321,0.11247181,0.7333396,0.8356469,0.4762209,1.7006898,1.6344922,1.1205382,2.0173802,-0.049502213,-0.32496262,-0.58778524,-0.809017,-2.4492937e-16,1.0,0.0
2020-12-24 00:00:00,4.0,-0.12096159,-0.3787105,0.5834196,1.1250863,0.5558002,0.0,0.0,0.3770094,-0.4663459,-0.5188396,-0.38252145,-0.43204242,1.3423344,1.470561,0.22908868,0.65836084,0.68287027,0.42253178,1.633254,1.2606835,0.9490873,1.8101451,0.3306046,-0.28116226,-0.58778524,-0.809017,-2.4492937e-16,1.0,0.0
2020-12-31 00:00:00,5.0,0.34203282,0.16075675,2.2337081,-0.8441466,0.53761476,0.0,0.0,0.64208025,-0.387543,-0.4815737,-0.38941538,-0.24904893,1.4297986,1.5295047,0.33869085,0.60651875,1.0600339,0.57178164,1.6026496,1.2301496,1.0317693,1.7912596,0.30137125,-0.13755819,-0.58778524,-0.809017,-2.4492937e-16,1.0,1.0
2021-01-07 00:00:00,5.0,1.0261499,0.10306609,2.5645604,-1.2374911,2.879952,0.0,0.0,1.4696572,0.72632706,0.27454913,0.123674884,1.344061,1.6738541,1.7467966,0.35284355,1.038017,1.1921319,0.61493915,1.8760223,1.4214013,1.0165428,1.4564064,1.2573259,-0.12312622,-0.58778524,-0.809017,-2.4492937e-16,1.0,1.0
2021-01-14 00:00:00,5.0,-0.049725287,-0.7352275,-1.4536446,2.3834476,-0.33505985,0.0,0.0,0.9067437,0.384872,0.12873925,0.036451366,0.79613835,1.6210766,1.6880236,0.4767303,0.9471902,1.0117774,0.71834874,1.8379234,1.1316985,0.9850861,1.4520959,-0.45600697,0.30185375,-0.58778524,-0.809017,0.5,0.8660254,0.0
2021-01-21 00:00:00,4.0,-0.5870975,-0.7183246,0.30831605,0.53045,-0.4419186,0.0,0.0,-0.44762707,0.10620037,-0.0032748862,-0.03328202,0.338891,1.2163179,1.4114555,0.392182,0.2629169,0.6619352,0.26072276,1.7188998,0.76258445,0.7578324,1.3032277,-0.90521234,-0.09954622,-0.58778524,-0.809017,0.5,0.8660254,0.0
2021-01-28 00:00:00,4.0,0.18489245,-0.1869457,-0.3784815,2.428697,-0.4232019,0.0,0.0,0.7833665,-0.13206702,-0.15503073,-0.15063386,0.003967614,1.2622194,1.4326196,0.33085153,0.39436597,0.70005566,0.6251767,1.6068095,0.7289669,0.83499914,1.3712685,-0.8179288,-1.4616941,-0.58778524,-0.809017,0.5,0.8660254,0.0
2021-02-04 00:00:00,4.0,-1.1563247,-0.83667654,0.43073407,0.0066596903,-0.4257563,0.0,0.0,-1.6260319,-0.12471951,-0.12569271,-0.09526422,-0.045008674,0.51739377,0.9321593,-0.04509901,-0.25704047,0.2286502,0.19187523,1.3884773,0.24728909,0.2703342,0.95882314,-0.8734788,-1.8640696,-0.58778524,-0.809017,0.5,0.8660254,0.0
2021-02-11 00:00:00,4.0,0.8441355,1.0864778,-1.0327053,0.0052341274,-0.12100077,0.0,0.0,0.563144,-0.23436286,-0.22811295,-0.20787321,-0.14288971,0.8210387,1.1459492,-0.11420405,-0.3298202,0.4703014,0.6369636,1.4668626,0.5199799,0.62600464,1.1907744,-0.12135427,-2.6948304,-0.58778524,-0.809017,0.8660254,0.5,0.0
2021-02-18 00:00:00,4.0,-0.12193398,0.12762642,2.1796393,-0.96976155,-0.71442384,0.0,0.0,-0.18181184,-0.5078577,-0.43349832,-0.3726371,-0.5163419,0.7897911,1.1021076,-0.2003553,-0.36142427,0.39282793,0.6753643,1.2973238,0.44364145,0.5753287,1.1991545,-2.226195,-2.1938095,-0.58778524,-0.809017,0.8660254,0.5,0.0
2021-02-25 00:00:00,4.0,1.0963731,1.3246653,-0.5887359,-0.96080124,0.25364673,0.0,0.0,0.4371257,-0.4188718,-0.43027955,-0.43174607,-0.2900759,1.1283714,1.355374,-0.019063074,0.37643847,0.4270012,1.0083913,1.3444343,0.8126559,1.0065,1.4351032,0.56782895,-2.196828,-0.58778524,-0.809017,0.8660254,0.5,0.0
2021-03-04 00:00:00,5.0,-0.716421,-1.2457972,-0.9603389,0.5820707,1.0005349,0.0,0.0,1.1446046,-0.017619098,-0.14104955,-0.19635077,0.23310187,0.72909635,1.0652798,-0.13582857,-0.016296035,0.25293177,0.7439946,1.4269888,0.4868664,0.47784826,0.9647346,0.98376286,-1.6254178,-0.58778524,-0.809017,0.8660254,0.5,0.0
2021-03-11 00:00:00,4.0,-0.87104243,-0.59248304,0.10818039,0.9571028,-0.031407777,0.0,0.0,-1.0730841,-0.022825858,-0.10739014,-0.1393989,0.16307244,0.28277072,0.7342488,-0.40530977,0.10626908,-0.10076343,0.7553602,1.1683846,0.13775678,0.0172077,0.6330188,-0.010699654,-2.311799,-0.58778524,-0.809017,1.0,6.123234e-17,0.0
2021-03-18 00:00:00,5.0,0.085236765,0.12859318,1.3914787,-0.27694646,-0.8030442,0.0,0.0,0.31080154,-0.3779965,-0.36219642,-0.35444847,-0.28850788,0.33895606,0.7603421,-0.5779853,-0.2274081,-0.37229943,0.6482904,1.246106,0.16908579,0.03381544,0.6859818,-2.1614673,-1.7488867,-0.58778524,-0.809017,1.0,6.123234e-17,0.0
2021-03-25 00:00:00,4.0,-1.1234632,-1.9157155,-0.75065583,-1.2690312,0.5748569,0.0,0.0,1.1359572,-0.09903454,-0.14743724,-0.14899306,0.03144839,-0.1991813,0.35594493,-0.91265726,-0.670535,-0.68733865,0.25457168,1.1374478,-0.4072455,-0.5325638,0.22585332,0.9209597,-1.2346268,-0.58778524,-0.809017,1.0,6.123234e-17,0.0
2021-04-01 00:00:00,4.0,-0.08322163,0.022558184,1.9702296,-0.73992354,-0.25292712,0.0,0.0,-0.14422664,-0.23671147,-0.24758671,-0.23811318,-0.13652918,-0.20339237,0.34357,-1.1403468,-1.1942667,-0.54196334,0.0924078,1.1571707,-0.48608685,-0.58767086,0.17871922,-0.58432406,-1.5750257,-0.58778524,-0.809017,1.0,6.123234e-17,1.0
2021-04-08 00:00:00,4.0,0.3000006,0.8721525,-1.0642356,0.62624264,-0.3880925,0.0,0.0,-0.16394818,-0.40886077,-0.3994001,-0.39965832,-0.31713536,-0.041214194,0.44078454,-1.1974576,-0.7477715,-0.50780374,0.15471293,1.2171978,-0.3266611,-0.4677948,0.25379694,-0.9092035,-1.4326738,-0.58778524,-0.809017,0.8660254,-0.5,0.0
2021-04-15 00:00:00,4.0,-0.26330742,0.29680324,1.336181,-0.80514246,-0.4047414,0.0,0.0,-0.82127017,-0.52652985,-0.5099547,-0.5146113,-0.44723728,-0.14156124,0.36232144,-1.2631557,-0.4830519,-0.24883656,-0.0171712,1.1884776,-0.5377,-0.6085767,0.15137784,-0.9979006,-1.5914812,-0.58778524,-0.809017,0.8660254,-0.5,0.0
2021-04-22 00:00:00,4.0,0.40753287,-0.34252727,2.0665958,-0.5881729,-0.66426396,0.0,0.0,1.3498187,-0.56649,-0.58946145,-0.64741576,-0.4369659,0.07936147,0.49925056,-1.1605656,-0.34405,-0.3798811,0.07631459,1.3964491,-0.19848123,-0.42613956,0.2572002,-1.9911746,-1.5011363,-0.58778524,-0.809017,0.8660254,-0.5,0.0
2021-04-29 00:00:00,4.0,0.17824863,0.024528267,0.3737766,0.88336843,-0.62364763,0.0,0.0,0.5309712,-0.74452317,-0.7681153,-0.8695639,-0.6248299,0.19720745,0.5714036,-1.0441318,0.24270147,-0.29465306,0.086028256,1.4472584,0.06361664,-0.3418886,0.3345603,-1.7222624,-1.476198,-0.58778524,-0.809017,0.8660254,-0.5,0.0
2021-05-06 00:00:00,4.0,-0.56565243,-1.6656611,-0.9207472,-0.20434324,-0.37853485,0.0,0.0,0.55855334,-0.7617321,-0.8080341,-0.9281671,-0.6419257,-0.115054496,0.3644984,-1.0624132,0.027104763,-0.8064562,-0.29592302,1.4579396,-0.566187,-0.64964104,0.099164695,-0.83241147,-1.3224041,-0.58778524,-0.809017,0.8660254,-0.5,0.0
2021-05-13 00:00:00,4.0,0.8132838,0.7026205,-0.15426491,-0.16831923,0.18024926,0.0,0.0,0.6584004,-0.65218073,-0.7652159,-0.9446966,-0.42836285,0.27209023,0.63244563,-0.84301674,0.20056295,-0.42141452,-0.11416493,2.4245636,0.5992648,-0.2521583,0.34338778,0.26813543,-1.9122072,-0.58778524,-0.809017,0.5,-0.8660254,0.0
2021-05-20 00:00:00,4.0,-0.7454953,0.77798826,-0.6105781,0.19627993,-0.5020006,0.0,0.0,-1.9618354,-0.6881361,-0.7797444,-0.93842596,-0.46850994,-0.069105186,0.4412551,-0.8342287,0.042508528,-0.3585975,-0.38000697,2.3210974,-0.12683463,-0.60156125,0.1152597,-1.3326288,-1.9444776,-0.58778524,-0.809017,0.5,-0.8660254,0.0
2021-05-27 00:00:00,4.0,-0.62000364,0.5163852,0.83458346,-0.922153,-1.253922,0.0,0.0,-1.2766806,-0.96505123,-0.9596785,-1.081088,-0.8792098,-0.3904578,0.25841618,-0.9483756,-0.501349,-0.5946982,-0.83608973,1.9401249,-0.7204941,-0.85447127,-0.036612254,-2.1780624,-1.9201217,-0.58778524,-0.809017,0.5,-0.8660254,0.0
2021-06-03 00:00:00,4.0,-0.2514835,0.089250505,-0.71921766,1.9504025,-0.99704427,0.0,0.0,-0.28994176,-1.2032204,-1.1317102,-1.232389,-1.1940737,-0.48505053,0.23015241,-1.0409765,-0.7887879,-0.25879896,-0.9235494,1.8744847,-0.74842864,-0.90086997,-0.07446186,-2.0130126,-1.8515906,-0.58778524,-0.809017,0.5,-0.8660254,0.0
2021-06-10 00:00:00,4.0,-0.42812768,-0.46025118,-0.6564801,2.2231798,-0.45992118,0.0,0.0,-0.19643569,-1.2889088,-1.2102575,-1.2965556,-1.243378,-0.7019099,0.0922178,-1.1293812,-0.6229096,-0.3565626,-0.85839957,1.3109977,-1.1128135,-1.0580972,-0.23997097,-1.1219589,-1.7047476,-0.58778524,-0.809017,1.2246469e-16,-1.0,0.0
2021-06-17 00:00:00,4.0,-0.79227793,-1.2698305,0.61459583,-1.0000643,-0.77131647,0.0,0.0,-0.2230381,-1.4371513,-1.331626,-1.3867971,-1.402018,-1.2636788,-0.2639109,-1.3130718,-1.4110959,-0.7348227,-1.1348889,1.469494,-1.940747,-1.4387004,-0.5871517,-1.5831852,-1.380336,-0.58778524,-0.809017,1.2246469e-16,-1.0,0.0
2021-06-24 00:00:00,4.0,-1.619853,-1.077812,-0.759183,0.8455521,0.39267108,0.0,0.0,-1.5462987,-0.91805774,-1.0419323,-1.126642,-0.4920719,-2.3063307,-1.0973916,-1.5888797,-1.7955102,-1.1000634,-1.1377151,0.8539191,-3.0,-2.2129998,-1.4279372,0.26141205,-0.9164211,-0.58778524,-0.809017,1.2246469e-16,-1.0,0.0
2021-07-01 00:00:00,4.0,-0.66427785,-1.3616568,0.14462791,-0.7589899,-0.17319593,0.0,0.0,0.41185126,-0.9786194,-1.0908685,-1.1609255,-0.5366326,-2.5539052,-1.4514861,-1.8257581,-1.7468201,-1.4663897,-1.6012565,0.891367,-3.0,-2.3467703,-1.7697995,-0.50879055,-1.2905065,-0.58778524,-0.809017,1.2246469e-16,-1.0,1.0
2021-07-08 00:00:00,4.0,-0.4093465,-0.2211897,1.6644471,-0.037120394,0.16441765,0.0,0.0,-0.41597846,-0.8861217,-1.0617751,-1.1519454,-0.35216105,-2.6105335,-1.6988733,-1.8936497,-1.7749876,-1.6454839,-1.6957697,0.8025956,-2.8670378,-2.290796,-1.985198,0.24312061,-1.262054,-0.58778524,-0.809017,-0.5,-0.8660254,0.0
2021-07-15 00:00:00,4.0,-0.7633415,-1.206269,-0.46026352,0.10635291,-0.79026186,0.0,0.0,-0.27610004,-1.1605583,-1.2397062,-1.2780145,-0.7421026,-2.799767,-2.1311285,-2.0162845,-1.8551425,-1.5946807,-2.278238,0.5144253,-2.8358767,-2.405988,-2.349161,-1.5254076,-0.88220733,-0.58778524,-0.809017,-0.5,-0.8660254,0.0
2021-07-22 00:00:00,4.0,-1.2839146,-1.8094615,-1.3882123,-0.3238129,1.6287607,0.0,0.0,0.839305,-0.6016309,-0.90856874,-1.0189315,0.015642095,-3.0,-2.7358685,-2.0357413,-2.0229576,-2.182754,-2.2833757,0.068138145,-2.8624158,-2.5918856,-2.8123572,1.2952026,-1.0641268,-0.58778524,-0.809017,-0.5,-0.8660254,0.0
2021-07-29 00:00:00,4.0,0.24146332,0.3480653,0.39922312,0.35706198,-1.3034866,0.0,0.0,0.2626312,-1.1926205,-1.3025327,-1.3266854,-0.6843616,-2.6177208,-2.4093294,-2.0532925,-1.2524828,-1.9391207,-1.8875917,-0.47494426,-2.2228947,-2.2935076,-2.5937998,-1.9204028,-0.6435182,-0.58778524,-0.809017,-0.5,-0.8660254,0.0
2021-08-05 00:00:00,4.0,0.27637428,0.33447278,-0.07415312,0.9309907,-0.68506277,0.0,0.0,0.23032373,-1.4587306,-1.5494242,-1.5438496,-0.9233011,-2.2128615,-2.1082375,-1.8822373,-0.8943353,-1.699699,-1.8142506,-0.5129369,-1.7856103,-1.9641417,-2.3478653,-1.2734036,-0.84156686,-0.58778524,-0.809017,-0.5,-0.8660254,0.0
2021-08-12 00:00:00,4.0,-0.7424968,-1.0256275,0.04249574,-0.22037621,-0.60565275,0.0,0.0,-0.32868332,-1.6060665,-1.7315016,-1.6810842,-1.033396,-2.3275878,-2.3080764,-1.784961,-1.0484319,-1.8358552,-1.5648979,-0.556551,-1.8096691,-2.115957,-2.5328183,-1.1062069,-1.8914596,-0.58778524,-0.809017,-0.8660254,-0.5,0.0
2021-08-19 00:00:00,4.0,-1.1445578,-1.82836,-1.164053,-0.8281187,1.1235769,0.0,0.0,0.6015418,-1.1963143,-1.5410919,-1.5588207,-0.49179974,-2.520149,-2.6059568,-1.7196857,-1.2133286,-1.975053,-1.7244711,-0.87839955,-1.8995601,-2.3139498,-2.741358,0.76710916,-1.5209241,-0.58778524,-0.809017,-0.8660254,-0.5,0.0
2021-08-26 00:00:00,4.0,-0.1570217,0.18280688,-0.87695676,2.2454722,1.3796623,0.0,0.0,-0.6119734,-0.79443395,-1.3240131,-1.4736176,0.009343962,-2.3785362,-2.4829936,-1.5585374,-0.67669797,-1.7791114,-1.8004645,-0.84210974,-1.6601645,-2.0635068,-2.5600557,0.94854295,-2.001004,-0.58778524,-0.809017,-0.8660254,-0.5,0.0
2021-09-02 00:00:00,4.0,0.7678101,0.5620001,0.20317763,0.21735047,0.87058616,0.0,0.0,0.61325306,-0.6806469,-1.2694654,-1.534725,0.19178808,-1.763648,-1.9785912,-1.2381291,-0.44090745,-1.1052318,-1.5409409,-0.8111196,-1.241349,-1.5551924,-2.128606,0.5330929,-1.8453755,-0.58778524,-0.809017,-0.8660254,-0.5,0.0
2021-09-09 00:00:00,1.0,0.7491167,0.1637579,2.04257,-1.006825,1.6826922,0.0,0.0,1.1025648,-0.03980406,-0.79453313,-1.2933921,0.9609655,-1.2562704,-1.5435581,-0.758204,-0.22893505,-0.7256928,-1.4932479,-0.7917067,-0.88734645,-1.054768,-1.7421681,1.1694232,-2.1880803,-0.58778524,-0.809017,-1.0,-1.8369701e-16,0.0
2021-09-16 00:00:00,1.0,-0.8964409,-0.9359097,0.66593635,-0.969479,-0.5337801,0.0,0.0,-0.66089094,-0.4260381,-0.9662632,-1.3720447,0.40512285,-1.5165194,-1.8045535,-0.60047144,-0.2967992,-0.87396705,-1.6702139,-1.2935681,-1.0407417,-1.2621012,-1.9524349,-1.0921832,-1.8701292,-0.58778524,-0.809017,-1.0,-1.8369701e-16,0.0
2021-09-23 00:00:00,1.0,-1.1153448,-1.9548308,-1.149716,-1.3077464,0.0073733386,0.0,0.0,0.42462564,-0.5215109,-0.9533486,-1.312792,0.19574557,-1.7908819,-2.0915139,-0.6042707,-0.2829683,-0.9801129,-1.6754428,-1.5426856,-1.2290976,-1.5404454,-2.1876926,-0.35397273,-1.34284,-0.58778524,-0.809017,-1.0,-1.8369701e-16,0.0
2021-09-30 00:00:00,1.0,0.1882707,0.19167836,0.9238609,0.40741888,0.35726085,0.0,0.0,0.08356482,-0.56789905,-0.9736168,-1.3571001,0.14373782,-1.6130863,-1.9041742,-0.49268547,-0.12981246,-0.5359785,-1.8465906,-1.526069,-1.0647234,-1.2849467,-2.0229516,0.121758394,0.06271944,-0.58778524,-0.809017,-1.0,-1.8369701e-16,0.0
2021-10-07 00:00:00,1.0,0.54405177,1.7714748,-0.6330591,-1.5554779,0.42527762,0.0,0.0,-1.5079185,-0.5935988,-0.9946866,-1.4198614,0.14374615,-1.2616365,-1.5944108,-0.23562902,-0.23705034,-0.44743484,-1.6180944,-1.3347298,-0.79753286,-0.90509295,-1.7853957,0.19288054,0.04696135,-0.58778524,-0.809017,-1.0,-1.8369701e-16,1.0
2021-10-14 00:00:00,4.0,0.53602993,0.98489904,0.4880877,-1.0018076,-0.39810246,0.0,0.0,-0.17597349,-0.8309454,-1.1742728,-1.5816494,-0.12134185,-0.9526731,-1.3224233,0.10321557,-0.34872648,-0.37538505,-1.4174439,-1.4677796,-0.5298159,-0.5651915,-1.5916026,-0.77921295,0.11825403,-0.58778524,-0.809017,-0.8660254,0.5,0.0
2021-10-21 00:00:00,1.0,1.6575499,1.3185999,-0.23058113,-0.98556006,0.55471617,0.0,0.0,1.1265745,-0.45814058,-0.9483512,-1.516022,0.4736691,-0.17953037,-0.64600044,0.73968774,0.84971845,0.34432238,-1.081533,-1.0309321,0.26307607,0.2507601,-1.0562896,0.46535397,1.2715957,-0.58778524,-0.809017,-0.8660254,0.5,0.0
2021-10-28 00:00:00,4.0,0.41569993,-0.1111806,-0.030040596,1.657392,-1.2085985,0.0,0.0,0.8414406,-0.9435478,-1.2867283,-1.7583935,-0.1523181,0.008001391,-0.47024697,1.2958701,1.5471522,0.8223031,-0.93236107,-1.3244945,0.64110124,0.55911607,-0.92631,-1.5362093,1.2363192,-0.58778524,-0.809017,-0.8660254,0.5,0.0
2021-11-04 00:00:00,1.0,-1.0017655,-1.0499125,0.24774276,-0.7043814,0.3146644,0.0,0.0,-0.34328955,-0.8009077,-1.1466291,-1.6042618,-0.027216181,-0.37894836,-0.8011982,1.4196709,1.01589,0.5893442,-0.96705556,-1.1138219,0.34114736,0.23761484,-1.1590848,0.30987912,0.79148614,-0.58778524,-0.809017,-0.8660254,0.5,0.0
2021-11-11 00:00:00,1.0,-0.8364034,-0.7525682,1.0327275,-0.96773106,3.0,0.0,0.0,0.6772315,0.6971761,0.025010347,-0.71027935,1.6889665,-0.6671499,-1.0526246,1.2126963,0.40866145,0.11538686,-0.7819495,-1.4212149,-0.052067187,-0.042436086,-1.2491772,1.8651462,1.0019962,-0.58778524,-0.809017,-0.5,0.8660254,0.0
2021-11-18 00:00:00,1.0,-1.0252311,-0.72774416,0.004314699,0.2510204,-0.640017,0.0,0.0,-1.0020412,0.20594513,-0.18787399,-0.77455264,0.9358169,-0.9765976,-1.3313495,0.97642833,-0.27058277,-0.41226342,-0.84205633,-1.2974238,-0.6110469,-0.3462245,-1.444368,-1.0628533,1.0008106,-0.58778524,-0.809017,-0.5,0.8660254,0.0
2021-11-25 00:00:00,1.0,-1.0810928,-1.0007846,-0.5109489,0.15094598,-0.5727096,0.0,0.0,-0.861983,-0.12354204,-0.33910558,-0.8064954,0.42472848,-1.2556475,-1.5909171,0.6152072,-1.4789757,-0.4463593,-0.9723367,-1.3737988,-1.1917646,-0.67757636,-1.6402205,-0.96507114,1.0386174,-0.58778524,-0.809017,-0.5,0.8660254,0.0
2021-12-02 00:00:00,1.0,-1.3039268,-1.2390388,-1.2741437,0.49739456,0.12376222,0.0,0.0,-0.5293621,0.03219873,-0.1471998,-0.57397264,0.48618528,-1.5356464,-1.8649622,0.15522927,-2.1721008,-0.47856307,-1.0616198,-1.4811958,-1.6750535,-1.0604831,-1.8168727,0.45678353,1.3606979,-0.58778524,-0.809017,-0.5,0.8660254,0.0
2021-12-09 00:00:00,1.0,-0.023084577,0.2273466,-0.22009791,1.5694339,0.63761926,0.0,0.0,-0.46277052,0.1971872,0.0077699577,-0.4361203,0.636148,-1.4850351,-1.7897717,-0.08629119,-1.7201859,-0.5423289,-0.77166766,-1.5598124,-1.3998833,-0.9728862,-1.6995267,1.1398462,1.1582636,-0.58778524,-0.809017,-2.4492937e-16,1.0,0.0
2021-12-16 00:00:00,1.0,-0.2425546,-1.5088086,-0.5946395,-0.8756434,-0.93446094,0.0,0.0,1.1062969,-0.3353739,-0.3603764,-0.68233603,-0.018184341,-1.488814,-1.7742335,-0.26975343,-1.4743257,-0.7766577,-0.8661896,-1.3299246,-1.2785296,-1.0185853,-1.7030969,-1.198702,1.146627,-0.58778524,-0.809017,-2.4492937e-16,1.0,0.0
2021-12-23 00:00:00,1.0,0.57486093,-0.34128702,0.19753449,0.76439583,-0.0016045342,0.0,0.0,1.5375993,-0.35313186,-0.41347337,-0.75286776,0.0015267213,-1.1813604,-1.5195272,-0.19653727,-0.83664846,-0.77708656,-0.80941355,-1.3674253,-0.8873326,-0.7239835,-1.4865576,0.2546154,1.0721155,-0.58778524,-0.809017,-2.4492937e-16,1.0,0.0
2021-12-30 00:00:00,1.0,1.1745776,0.7057045,0.82440984,-0.55860275,-1.3870766,0.0,0.0,1.5107337,-0.53260994,-0.61271214,-0.97762805,-0.13635322,-0.65794474,-1.1007397,0.12642485,0.05503515,-0.9535964,-0.423421,-1.3174154,-0.3055011,-0.24639976,-1.1772189,-1.5300598,1.2800347,-0.58778524,-0.809017,-2.4492937e-16,1.0,0.0
2022-01-06 00:00:00,1.0,0.07607795,-0.51919734,-0.75098526,1.2746228,-0.8534748,0.0,0.0,0.55792505,-0.9071204,-0.93044186,-1.2336277,-0.58649296,-0.6101739,-1.0465081,0.3883064,0.6135503,-1.046906,-0.16265371,-1.4406518,-0.25291836,-0.2145991,-1.1309595,-1.2337159,1.0648271,-0.58778524,-0.809017,-2.4492937e-16,1.0,1.0
2022-01-13 00:00:00,1.0,-0.3806455,-0.13167855,0.16742161,1.076416,0.3584595,0.0,0.0,-0.5132917,-0.6541051,-0.7708924,-1.0983034,-0.2601395,-0.7188797,-1.1196417,0.51805264,0.47546902,-0.86229,-0.20410523,-1.4797584,-0.3987249,-0.34245387,-1.1349843,0.88632387,1.1127383,-0.58778524,-0.809017,0.5,0.8660254,0.0
2022-01-20 00:00:00,4.0,-0.2700878,-1.5127401,-0.5380825,-1.1334205,0.12897433,0.0,0.0,1.5912682,-0.5658574,-0.71520764,-1.040461,-0.15141106,-0.79380745,-1.1636472,0.56743747,0.47814465,-0.69811994,-0.4279296,-1.5959413,-0.4660345,-0.40756607,-1.1353859,0.1920502,1.0103968,-0.58778524,-0.809017,0.5,0.8660254,0.0
2022-01-27 00:00:00,4.0,-0.3507876,-0.6224285,-0.14430505,0.24894358,1.1190256,0.0,0.0,0.5761645,-0.07887797,-0.3378229,-0.72098494,0.4331294,-0.8953692,-1.2281156,0.54854655,0.108564034,-0.51182604,-0.66541547,-1.6121682,-0.5509285,-0.45564455,-1.1087445,1.5178752,1.0631672,-0.58778524,-0.809017,0.5,0.8660254,0.0
2022-02-03 00:00:00,4.0,-0.28527513,0.31120443,-0.9865522,2.2855525,1.1106228,0.0,0.0,-1.0357883,0.35196567,0.034295063,-0.39668778,0.8922266,-0.97607076,-1.2748471,0.50534934,-0.49667236,-0.29031032,-0.52737415,-1.6449183,-0.6074721,-0.48791984,-1.0711998,1.4602295,0.69258267,-0.58778524,-0.809017,0.5,0.8660254,0.0
2022-02-10 00:00:00,4.0,0.27086732,0.6249828,0.006241404,0.74466026,0.034276407,0.0,0.0,-0.4371739,0.18305615,-0.043455105,-0.4418756,0.65680623,-0.857206,-1.1769222,0.547021,-0.4299203,0.15473747,-0.23231636,-1.7929739,-0.4679355,-0.38399303,-0.9734844,0.29465705,0.5294101,-0.58778524,-0.809017,0.8660254,0.5,0.0
2022-02-17 00:00:00,4.0,0.14128369,-0.23968458,0.49530247,0.28678676,0.4390202,0.0,0.0,0.6143526,0.25033224,0.044502515,-0.35562167,0.69655406,-0.804265,-1.1237613,0.61631525,-0.21710023,0.20351002,-0.24913868,-1.7043128,-0.38036218,-0.31052747,-0.89020884,1.0297267,0.5139291,-0.58778524,-0.809017,0.8660254,0.5,0.0
2022-02-24 00:00:00,4.0,1.2102021,0.8289107,0.46842474,-0.09439338,-0.17951745,0.0,0.0,0.9076714,-0.012103751,-0.1607623,-0.553842,0.42699152,-0.17702658,-0.7122065,0.8913124,0.4074346,0.63433766,-0.13776855,-1.5978023,0.1785916,0.1497358,-0.62687916,-0.24341401,-0.3272457,-0.58778524,-0.809017,0.8660254,0.5,0.0
2022-03-03 00:00:00,4.0,0.63432395,0.5995063,-0.8786862,1.6342002,1.3208549,0.0,0.0,-0.063655235,0.51277137,0.20410858,-0.30428833,1.098038,0.10579172,-0.5204418,1.1443219,0.85590214,0.67847574,-0.14021753,-1.7089003,0.48890823,0.39556393,-0.45641676,1.6919767,-0.13569234,-0.58778524,-0.809017,0.8660254,0.5,0.0
2022-03-10 00:00:00,4.0,0.21769875,-0.14714919,2.1185532,-1.0656564,1.1100649,0.0,0.0,0.65909535,0.94925344,0.54431814,-0.039626017,1.532662,0.19945629,-0.4619908,1.3114561,1.124029,0.38809317,-0.49517184,-1.6409678,0.69160736,0.5267746,-0.38144532,1.4575267,-0.9683411,-0.58778524,-0.809017,1.0,6.123234e-17,0.0
2022-03-17 00:00:00,4.0,-1.0172306,-1.3886496,-0.50379634,-0.9854725,1.1495006,0.0,0.0,1.1033068,1.4655968,1.0314428,0.42538816,1.844156,-0.34219906,-0.8006589,1.2125784,0.5533093,0.043792173,-0.7950779,-1.5992891,0.17489104,0.23191832,-0.5314216,1.6332378,-1.2020016,-0.58778524,-0.809017,1.0,6.123234e-17,0.0
2022-03-24 00:00:00,1.0,3.0,2.0556111,-0.8107614,-1.452616,1.3198408,0.0,0.0,2.1710582,2.6012404,1.8194848,0.8547277,3.0,1.3878115,0.51465946,1.6606966,2.247114,1.5561781,0.23782325,-1.1928961,2.8213828,1.6097137,0.25056767,1.5700111,-0.16235274,-0.58778524,-0.809017,1.0,6.123234e-17,0.0
2022-03-31 00:00:00,1.0,0.7005084,0.5165434,-0.047509447,0.9767455,-1.8067404,0.0,0.0,0.730962,1.0463353,0.9086813,0.24068923,1.3327825,1.6021756,0.74817085,2.0955036,1.967875,1.8921206,0.5892821,-0.87080926,2.6380458,1.9193155,0.44896582,-1.4809163,-0.020685004,-0.58778524,-0.809017,1.0,6.123234e-17,1.0
2022-04-07 00:00:00,4.0,0.96468234,1.1808822,0.2934888,-0.7197623,1.0634154,0.0,0.0,-0.470087,1.1229877,0.9939951,0.3127064,1.3689963,1.8800551,1.0617845,2.3014164,2.0631084,2.336121,1.0565369,-0.92928684,2.4197056,2.164522,0.69059366,1.0856284,-0.0939872,-0.58778524,-0.809017,1.0,6.123234e-17,1.0
2022-04-14 00:00:00,4.0,-1.6212012,-0.8573158,-1.3580481,0.9214979,-0.88546824,0.0,0.0,-1.9851325,1.3480769,1.3127003,0.7621769,1.3487892,0.9947987,0.42725813,2.038096,1.2254492,1.8404907,0.95558333,-1.0857694,1.464716,1.4311885,0.36994472,-0.52830833,-0.01111626,-0.58778524,-0.809017,0.8660254,-0.5,0.0
2022-04-21 00:00:00,5.0,-0.71300906,-0.92616767,-0.9315799,0.30368593,-0.6506727,0.0,0.0,-0.2267935,0.73240787,0.96936196,0.6328862,0.6092579,0.67668515,0.17509717,1.7474295,1.324933,1.5148417,1.1677333,-1.3709671,1.0615604,1.1439632,0.2647835,-0.3344874,-0.46140766,-0.58778524,-0.809017,0.8660254,-0.5,0.0
2022-04-28 00:00:00,5.0,-3.0,-1.8032827,-1.5207846,-0.9809614,3.0,0.0,0.0,1.0811056,3.0,2.842237,2.4187803,2.4184616,-0.5427289,-0.91124684,0.9120134,-1.6647387,0.30310187,0.39663735,-1.565624,-0.34087747,-0.14440072,-0.38295016,1.794716,0.7634237,-0.58778524,-0.809017,0.8660254,-0.5,0.0
2022-05-05 00:00:00,5.0,-0.42637417,-0.13641849,0.23418671,0.78441286,-0.25810078,0.0,0.0,-0.67401934,2.3167257,2.482485,2.3209376,1.5712472,-0.6910726,-1.0532705,0.39434326,-2.0873222,-0.29279435,0.3654189,-1.4237727,-0.56272846,-0.3606735,-0.46391562,0.47321874,0.5864312,-0.58778524,-0.809017,0.8660254,-0.5,0.0
2022-05-12 00:00:00,5.0,-2.001526,-1.8258431,-1.4377015,-1.2154349,2.3700054,0.0,0.0,3.0,3.0,3.0,3.0,2.655957,-1.2728955,-1.6496174,-0.16423011,-3.0,-1.3029889,-0.4250839,-1.6469635,-1.2508932,-0.9795385,-0.78638345,1.6733086,1.166135,-0.58778524,-0.809017,0.5,-0.8660254,0.0
2022-05-19 00:00:00,5.0,1.3802834,1.4143852,-1.2405198,0.43304655,0.29844806,0.0,0.0,-0.3843911,3.0,3.0,3.0,2.0794334,-0.6660321,-1.1127348,-0.32744455,-1.8495108,-0.8223657,-0.34207368,-1.260911,-0.6276925,-0.46225291,-0.44318947,1.493307,1.0160905,-0.58778524,-0.809017,0.5,-0.8660254,0.0
2022-05-26 00:00:00,5.0,1.0015599,2.0775852,-0.9048542,-1.4695601,-0.22871408,0.0,0.0,-1.811078,2.31703,2.699401,2.8352835,1.4095081,-0.25535315,-0.73848265,-0.28861138,-1.1901345,-0.078735165,-0.02929481,-1.1234683,-0.22478706,-0.10346121,-0.18701471,0.9049032,1.0680581,-0.58778524,-0.809017,0.5,-0.8660254,0.0
2022-06-02 00:00:00,5.0,1.0957837,1.378952,-0.17115831,-0.64413786,-0.20904325,0.0,0.0,-0.46367347,1.8009896,2.2814052,2.4914412,0.9491836,0.18338475,-0.33246008,-0.087161236,0.42903382,-0.9907152,0.4900116,-1.0511491,0.17643681,0.29124326,0.11360633,0.88054514,1.1731459,-0.58778524,-0.809017,0.5,-0.8660254,0.0
2022-06-09 00:00:00,5.0,0.5580249,0.9098239,0.70235664,-0.4233511,-0.6694317,0.0,0.0,-0.3760679,1.1975743,1.807838,2.1207285,0.35207397,0.39466605,-0.12536253,0.13136591,0.81388164,-1.018977,0.7987507,-0.9380177,0.35296413,0.46889898,0.28199214,0.034575254,1.1511806,-0.58778524,-0.809017,1.2246469e-16,-1.0,0.0
2022-06-16 00:00:00,5.0,-3.0,-1.8230398,-1.4999242,-1.3006332,1.6116045,0.0,0.0,-0.90038806,2.685038,2.9418328,3.0,1.5339391,-0.8894231,-1.4025877,-0.22064218,-0.009736095,-2.7675786,-0.60459113,-1.4758987,-1.0240397,-0.97674876,-0.66702944,1.4921082,1.7046257,-0.58778524,-0.809017,1.2246469e-16,-1.0,0.0
2022-06-23 00:00:00,5.0,0.9683606,-0.5442152,-0.794665,0.91083604,-0.4855081,0.0,0.0,2.6345384,1.9351108,2.3682427,2.7406054,0.86364037,-0.48763222,-1.0285244,-0.32275444,-0.11701512,-1.7613175,-0.08844644,-1.3840036,-0.595627,-0.6178199,-0.4070879,0.41269964,1.8122869,-0.58778524,-0.809017,1.2246469e-16,-1.0,0.0
2022-06-30 00:00:00,5.0,-0.50968796,0.17654991,2.1043816,-0.04299852,-0.7679409,0.0,0.0,-1.3500055,1.3435338,1.9506481,2.4315386,0.19244772,-0.6659696,-1.2156757,-0.4576356,-0.75266683,-1.6978639,-0.42518485,-1.3521163,-0.6963652,-0.8764345,-0.600588,-0.3733949,1.6389277,-0.58778524,-0.809017,1.2246469e-16,-1.0,0.0
2022-07-07 00:00:00,5.0,-1.1052294,-1.0649823,-0.41226882,-0.5989221,-0.58342886,0.0,0.0,-0.63050944,1.062927,1.742887,2.3073661,-0.18900424,-1.0209755,-1.6109629,-0.68233657,-1.672796,-1.0960907,-1.0251818,-1.6779664,-0.91023827,-1.366844,-1.0265131,0.1941149,1.4882171,-0.58778524,-0.809017,1.2246469e-16,-1.0,1.0
2022-07-14 00:00:00,5.0,-0.35324356,-0.2801755,1.2783133,-0.46316263,-0.4389577,0.0,0.0,-0.31440178,0.92132497,1.5813094,2.1630266,-0.34856293,-1.1445475,-1.7532349,-0.8273911,-1.9983075,-1.087077,-1.6541027,-1.6843417,-0.83904195,-1.468218,-1.196329,0.51101285,1.8080933,-0.58778524,-0.809017,-0.5,-0.8660254,0.0
2022-07-21 00:00:00,5.0,1.8628491,1.7089529,-0.89876515,-0.5449392,0.6197376,0.0,0.0,-0.5151169,1.3120301,1.6676942,2.0682025,0.25452268,-0.21526156,-0.89542305,-0.49425346,0.4028091,0.35342145,-0.9506151,-1.3743194,-0.21893506,-0.502033,-0.40379485,1.319088,1.8487986,-0.58778524,-0.809017,-0.5,-0.8660254,0.0
2022-07-28 00:00:00,5.0,0.69146335,1.2798758,-0.04895788,-0.40400484,-0.9431228,0.0,0.0,-0.41356936,0.702586,1.2178384,1.6813397,-0.40086237,0.09165816,-0.60333693,-0.19758034,0.29009262,0.16152386,-0.6843022,-1.296169,0.02237475,-0.19884646,-0.16718489,-0.9288842,1.8307221,-0.58778524,-0.809017,-0.5,-0.8660254,0.0
2022-08-04 00:00:00,5.0,-0.48606485,-1.0145094,0.49153423,-1.3827206,-0.23450555,0.0,0.0,0.89079845,0.73846805,1.2027438,1.6712383,-0.39674032,-0.13629442,-0.8489606,-0.03489829,0.29433277,-0.39246553,-0.56737715,-1.3535155,-0.094485864,-0.4104645,-0.39893413,0.66701645,1.7105719,-0.58778524,-0.809017,-0.5,-0.8660254,0.0
2022-08-11 00:00:00,5.0,0.8641662,0.3946867,1.7263849,-0.03627746,0.41216716,0.0,0.0,0.9002927,1.0777081,1.3256137,1.6790658,0.08354525,0.2929391,-0.41125277,0.24454121,1.1576787,-0.4224071,-1.5737301,-1.1428308,0.19263284,0.11471899,0.09255175,1.2093999,1.7240093,-0.58778524,-0.809017,-0.8660254,-0.5,0.0
2022-08-18 00:00:00,5.0,0.78230375,-0.34067628,-0.2610798,0.9248737,0.24627829,0.0,0.0,2.3916268,1.2458444,1.3793825,1.6564463,0.35717106,0.6588481,0.007497634,0.5426283,1.6290078,-0.29697,-1.4426612,-0.76399565,0.46355122,0.55817455,0.54149544,1.1223413,1.6456666,-0.58778524,-0.809017,-0.8660254,-0.5,0.0
2022-08-25 00:00:00,5.0,-0.95361596,0.06981578,0.26185516,1.3732233,-1.152257,0.0,0.0,-2.0916154,1.0126082,1.2750038,1.6261318,-0.038732983,0.15732095,-0.4882826,0.56560874,0.3949959,0.73855054,-2.191122,-0.87008727,0.11555662,0.2108052,0.03907654,-1.2212504,1.7579905,-0.58778524,-0.809017,-0.8660254,-0.5,0.0
2022-09-01 00:00:00,5.0,-0.61315316,-0.4450599,1.5701668,-1.016606,-0.52670497,0.0,0.0,-0.5454694,0.84010667,1.1735772,1.571623,-0.31053016,-0.1599048,-0.80451006,0.46663895,-0.18356659,0.09455682,-1.8191009,-0.96749556,-0.1836837,-0.000500246,-0.30700824,0.26183352,1.6803969,-0.58778524,-0.809017,-0.8660254,-0.5,0.0
2022-09-08 00:00:00,5.0,-1.2845695,-1.1462684,-0.75307095,-0.5044542,-0.70387155,0.0,0.0,-0.83655894,0.71518517,1.1195259,1.5805411,-0.58952135,-0.7164636,-1.3902754,0.164365,-0.5545159,-0.2450122,-2.105935,-1.1425391,-0.9138633,-0.53975624,-1.0522975,-0.048494402,1.524033,-0.58778524,-0.809017,-1.0,-1.8369701e-16,0.0
2022-09-15 00:00:00,5.0,0.25209254,0.11933907,2.427821,-0.5958637,0.2663339,0.0,0.0,0.25076127,0.96221244,1.2107716,1.5938363,-0.2185082,-0.6368826,-1.2579871,0.023808464,-0.8367628,0.31018186,-0.87599176,-0.8582823,-0.7161775,-0.35968924,-0.8312581,0.9970619,1.3052636,-0.58778524,-0.809017,-1.0,-1.8369701e-16,0.0
2022-09-22 00:00:00,5.0,-0.42963135,-0.85393316,-0.76021284,0.19294111,-1.2536,0.0,0.0,-0.021235721,0.4099469,0.8788643,1.3764819,-0.96887845,-0.852284,-1.4397758,-0.16961737,-1.3685646,0.27340445,-0.91002196,-1.0188264,-0.8577363,-0.5996783,-1.163572,-1.303711,1.324527,-0.58778524,-0.809017,-1.0,-1.8369701e-16,0.0
2022-09-29 00:00:00,5.0,-2.6171181,-0.9623652,-0.569978,-0.27665463,1.8927004,0.0,0.0,-1.9562949,1.9260589,1.839409,2.096611,0.6722397,-1.728894,-2.378389,-0.71239746,-2.1149447,-1.7069018,-1.3906009,-1.7190042,-1.6884946,-1.6384364,-2.117362,1.2592819,1.0947142,-0.58778524,-0.809017,-1.0,-1.8369701e-16,0.0
2022-10-06 00:00:00,5.0,0.97319967,0.36967126,-0.54568803,2.0968695,-0.66474175,0.0,0.0,1.2607684,1.3439354,1.4790078,1.7878804,0.0073346575,-1.1771996,-1.7886374,-0.9172134,-1.3754967,-1.540071,-1.4135444,-1.3510541,-1.030646,-1.1782309,-1.6215279,-0.24835777,1.1652578,-0.58778524,-0.809017,-1.0,-1.8369701e-16,1.0
2022-10-13 00:00:00,5.0,-2.4456267,-0.25728157,2.1833644,-1.2906854,3.0,0.0,0.0,-0.2198849,3.0,3.0,3.0,3.0,-1.8654257,-2.482522,-0.82183254,-1.9396615,-2.4270709,-2.784305,-1.7595394,-1.5578066,-1.1292892,-1.0780435,1.3986442,1.275859,-0.58778524,-0.809017,-0.8660254,0.5,0.0
2022-10-20 00:00:00,5.0,0.6867671,0.72359085,-0.71830076,1.4506372,-0.43408045,0.0,0.0,0.042808317,3.0,3.0,3.0,3.0,-1.5251714,-2.0720344,-1.02092,-1.6797018,-2.3721204,-2.6735845,-1.5539796,-1.1086447,-0.9543802,-0.9825417,0.15751365,1.2351828,-0.58778524,-0.809017,-0.8660254,0.5,0.0
2022-10-27 00:00:00,5.0,0.8828481,1.1082461,0.49189892,-0.5812704,0.057760175,0.0,0.0,-1.3294365,3.0,3.0,3.0,2.3358016,-1.0660391,-1.6125575,-0.8960222,-1.0897667,-2.188172,-2.351834,-1.4879345,-0.7377598,-0.56916773,-0.6508608,1.080743,1.2665224,-0.58778524,-0.809017,-0.8660254,0.5,0.0
2022-11-03 00:00:00,5.0,0.2771339,-1.1151088,-0.60373086,-0.5472102,-0.46984705,0.0,0.0,2.0804338,2.1583104,2.5926151,2.6940367,1.1419861,-0.96899956,-1.491488,-0.75279534,0.15109225,-1.6678134,-0.98636067,-1.5840225,-0.5476482,-0.5164327,-0.67344815,-0.25779477,0.7876154,-0.58778524,-0.809017,-0.8660254,0.5,0.0
2022-11-10 00:00:00,5.0,1.2877448,1.5171196,-0.82969725,-0.29671818,-0.01040698,0.0,0.0,-1.3798476,1.8819786,2.3224914,2.4515243,0.8651225,-0.27230936,-0.86296135,-0.32629043,0.32224166,-0.88905644,-0.787919,-1.0623441,-0.07604581,-0.010392129,-0.19358887,0.9509746,0.7402029,-0.58778524,-0.809017,-0.5,0.8660254,0.0
2022-11-17 00:00:00,5.0,2.535373,1.8854316,-1.2857987,-0.89099056,0.45230186,0.0,0.0,-1.6316048,2.0177886,2.2912421,2.3255954,1.2386527,0.9976956,0.3620105,0.45480084,2.5049748,0.7138553,0.49202573,-0.09596909,0.86628103,0.97245336,0.83600205,1.262547,1.1057415,-0.58778524,-0.809017,-0.5,0.8660254,0.0
2022-11-24 00:00:00,5.0,-1.0233225,-0.9832548,-1.203593,0.45986956,-0.5256587,0.0,0.0,-0.69820184,1.526069,1.9951435,2.1788206,0.4281339,0.47712156,-0.073543586,0.7692451,1.6969721,0.16360304,0.42588264,-0.44613785,0.4395698,0.5311095,0.36777297,-0.21669045,0.9682141,-0.58778524,-0.809017,-0.5,0.8660254,0.0
2022-12-01 00:00:00,5.0,0.41107407,-0.70150197,-0.14336355,0.034085333,-0.6046575,0.0,0.0,1.6282614,0.938831,1.5523484,1.8598006,-0.39100167,0.619301,0.084558375,1.0733653,1.4835787,0.5045664,0.7317876,-0.44470543,0.563878,0.6574551,0.43865892,-1.0238565,0.9349345,-0.58778524,-0.809017,-0.5,0.8660254,0.0
2022-12-08 00:00:00,5.0,0.23205717,-0.96164674,-0.085659094,-0.69257694,-0.43088934,0.0,0.0,1.9339266,0.6531105,1.2947129,1.6663418,-0.7830129,0.67819303,0.16046697,1.2848033,1.4456888,1.5951498,0.16762333,-0.49421597,0.6463039,0.7490064,0.47873545,0.06924891,0.6011109,-0.58778524,-0.809017,-2.4492937e-16,1.0,0.0
2022-12-15 00:00:00,5.0,1.4125535,1.5409366,-0.17873552,-0.81798947,-0.38851166,0.0,0.0,0.32103693,0.42241436,1.0251061,1.4151597,-0.97232884,1.3276545,0.8204967,1.6712459,1.5119379,1.8017665,0.5468767,-0.4285131,1.212659,1.4039246,1.0919198,0.29954752,0.59278,-0.58778524,-0.809017,-2.4492937e-16,1.0,0.0
2022-12-22 00:00:00,5.0,-1.2790612,-1.2428457,-1.2533809,-0.26143193,-0.22655517,0.0,0.0,0.086299986,0.5355323,1.083281,1.4925809,-0.8573657,0.6466091,0.25029063,1.5519774,-0.114018895,2.1630538,0.14562486,-0.95713365,0.68764997,0.79671776,0.4961408,0.69063747,0.8691507,-0.58778524,-0.809017,-2.4492937e-16,1.0,0.0
2022-12-29 00:00:00,5.0,0.4824822,0.44714737,1.1054472,0.5084641,-0.6094356,0.0,0.0,0.3193003,0.17062874,0.77292144,1.2539848,-1.3242427,0.84258306,0.46117908,1.5960615,0.5417477,2.0463867,0.049958844,-0.6020445,0.9230577,1.0616415,0.66470605,-1.407029,0.70560616,-0.58778524,-0.809017,-2.4492937e-16,1.0,0.0
2023-01-05 00:00:00,5.0,0.07677583,0.03548919,2.0995972,-0.5579552,-0.31725615,0.0,0.0,0.11331697,0.14762048,0.6831077,1.1686704,-1.2524507,0.8240213,0.46510136,1.5235062,0.39763612,1.7050793,-0.19701754,-0.4009785,1.0066621,1.1155713,0.67671394,0.41426462,0.62510514,-0.58778524,-0.809017,-2.4492937e-16,1.0,1.0
2023-01-12 00:00:00,2.0,1.5404074,0.83190787,-0.24867724,0.8460517,-0.23665757,0.0,0.0,1.6004196,0.14657673,0.5662541,1.0041022,-1.0421069,1.5314453,1.2121506,1.7202704,0.9789852,2.145158,0.8499125,0.40008953,1.7225857,1.8428468,1.4273598,0.6316801,0.6798012,-0.58778524,-0.809017,0.5,0.8660254,0.0
2023-01-19 00:00:00,2.0,0.8443335,1.1425401,0.5999595,-0.8606012,-0.4993758,0.0,0.0,0.027003039,-0.051872287,0.35866743,0.8152329,-1.2093931,1.8104597,1.5518159,1.9689138,0.74599594,1.9498476,1.4316467,0.99481833,1.928543,2.1693351,1.792701,-0.3879727,0.5896758,-0.58778524,-0.809017,0.5,0.8660254,0.0
2023-01-26 00:00:00,2.0,0.5135674,1.020886,-0.0029169056,-0.048152626,-0.1668939,0.0,0.0,-1.0296595,0.08579808,0.38078746,0.78499305,-0.87034625,1.9269667,1.7100515,2.0270858,1.5223134,1.2017612,2.0465999,1.5215904,1.8684365,2.1959016,1.9683993,0.7921274,0.7193036,-0.58778524,-0.809017,0.5,0.8660254,0.0
2023-02-02 00:00:00,2.0,0.05027323,-0.5487101,-0.15201625,0.51594675,-0.5045977,0.0,0.0,0.7946408,-0.0903358,0.22809982,0.66609716,-1.0734162,1.8548995,1.6549414,2.0259564,1.3269651,1.5603039,1.9177628,1.550852,1.6517186,2.0847495,1.9295502,-0.6366097,0.6408482,-0.58778524,-0.809017,0.5,0.8660254,0.0
2023-02-09 00:00:00,2.0,-0.7255269,-1.1146886,-1.3174533,0.33909908,0.02543938,0.0,0.0,1.3201048,0.2875157,0.46311346,0.824618,-0.49450138,1.3221655,1.2260593,1.6248307,0.9732292,1.1334772,1.7118506,1.3503908,1.2283169,1.5211631,1.4985505,0.9090409,0.6246348,-0.58778524,-0.809017,0.8660254,0.5,0.0
2023-02-16 00:00:00,5.0,0.22127715,0.89550185,-0.2642255,0.54731935,-0.5631616,0.0,0.0,-0.8534081,0.016608562,0.2646261,0.67520446,-0.8479938,1.3666738,1.2768021,1.4441954,0.39625013,1.1213634,2.5498521,1.3219765,1.1637913,1.4886754,1.575415,-0.94564337,0.6061758,-0.58778524,-0.809017,0.8660254,0.5,0.0
2023-02-23 00:00:00,5.0,-1.0358284,-0.58617514,-0.34404662,0.63581735,-0.7386648,0.0,0.0,-1.5804464,-0.06544338,0.21644084,0.671913,-0.9957249,0.68545353,0.72983766,1.0042315,-0.43198806,0.2502665,1.7810432,0.6303298,0.6920047,0.8797166,1.0145043,-2.0644076,0.7088357,-0.58778524,-0.809017,0.8660254,0.5,0.0
2023-03-02 00:00:00,5.0,-1.0736349,-1.0036309,-0.48218977,-0.2913454,-0.9937975,0.0,0.0,-1.0262817,-0.17005594,0.14882252,0.6579562,-1.1711906,0.08697515,0.21351518,0.41987967,-1.1248662,0.31046274,2.112367,0.16013077,0.18462741,0.2127631,0.42220637,-1.646686,0.24514821,-0.58778524,-0.809017,0.8660254,0.5,0.0
2023-03-09 00:00:00,5.0,-1.1446012,-1.5176077,-1.1645285,-0.96319467,-0.22070706,0.0,0.0,0.3090861,-0.090514116,0.20055445,0.7208462,-1.0684462,-0.45492452,-0.2902475,-0.26580876,-1.6219636,-0.2890777,1.4418784,-0.2529668,-0.42706907,-0.46133304,-0.16718322,0.0670099,0.021654356,-0.58778524,-0.809017,1.0,6.123234e-17,0.0
2023-03-16 00:00:00,5.0,0.93093866,1.4522257,-0.5307861,-0.57704335,-0.8665647,0.0,0.0,-0.12743802,-0.34813982,-0.046291523,0.49810782,-1.2857847,0.025546292,0.1392821,-0.5093952,-0.89797306,0.034182947,1.4734292,0.24843577,-0.13925748,-0.11283266,0.32666576,-1.4776005,-0.32454598,-0.58778524,-0.809017,1.0,6.123234e-17,0.0
2023-03-23 00:00:00,5.0,-0.030121284,0.952829,1.398341,-1.4132847,-0.86936843,0.0,0.0,-1.3872181,-0.5144133,-0.21129455,0.36711287,-1.421478,-0.030491622,0.09263753,-0.678185,-0.9964684,-0.5361046,1.3545091,0.33428264,-0.32121965,-0.24977836,0.3138861,-1.4828707,-0.32947478,-0.58778524,-0.809017,1.0,6.123234e-17,0.0
2023-03-30 00:00:00,5.0,0.3124819,0.24566706,0.40721965,1.6168102,-0.98590267,0.0,0.0,0.20982552,-0.72271216,-0.42922735,0.17903662,-1.5805889,0.1061742,0.21375568,-0.7093639,-0.4233342,-0.7224968,1.0547409,0.5657352,-0.2721633,-0.18356626,0.49287552,-1.8976451,-0.2443221,-0.58778524,-0.809017,1.0,6.123234e-17,0.0
2023-04-06 00:00:00,5.0,0.49607697,1.2009025,-0.19766892,-0.39204732,-0.88805205,0.0,0.0,-0.5901173,-0.8481746,-0.6076991,-0.00085533765,-1.5986055,0.35862935,0.43216455,-0.58644205,0.24903934,-0.7187966,0.40438497,0.73077464,0.004406165,0.06031669,0.8036557,-1.6493107,-1.0049893,-0.58778524,-0.809017,1.0,6.123234e-17,1.0
2023-04-13 00:00:00,4.0,-0.828067,-1.0996149,-1.1630033,0.3425495,-1.4701917,0.0,0.0,-0.85639215,-0.893513,-0.6852359,-0.056100227,-1.587665,-0.1412513,0.0149921635,-0.7161273,0.3791133,-1.0393822,0.44634974,0.29572797,-0.56523883,-0.4958957,0.23539856,-2.0757234,-0.7441914,-0.58778524,-0.809017,0.8660254,-0.5,0.0
2023-04-20 00:00:00,5.0,0.77248496,0.77379555,1.1354698,-0.67035156,-1.1699592,0.0,0.0,0.64497083,-0.9825247,-0.85079885,-0.25427195,-1.5389081,0.29568323,0.3851426,-0.57390755,0.3135708,-0.4913875,0.58345705,0.34481013,-0.13095462,-0.08110058,0.72576624,-1.9408575,-0.72672343,-0.58778524,-0.809017,0.8660254,-0.5,0.0
2023-04-27 00:00:00,4.0,-0.76792413,-0.64416975,0.3818581,-0.1759645,0.016650999,0.0,0.0,-0.65387064,-0.84353054,-0.7950787,-0.23387313,-1.2718233,-0.15202482,0.0047186906,-0.66766745,-0.010249964,-0.85579,0.23606998,-0.19588026,-0.62792253,-0.58193034,0.17602168,-0.15263757,-0.35448435,-0.58778524,-0.809017,0.8660254,-0.5,0.0
2023-05-04 00:00:00,4.0,0.39772233,1.0152742,0.17321323,-0.2256243,-0.51650923,0.0,0.0,-0.606047,-0.9138509,-0.913796,-0.38967025,-1.2517964,0.059519842,0.18195663,-0.6111987,0.029283758,-0.3355024,-0.084473036,-0.05804094,-0.35913238,-0.33795342,0.41782954,-1.1494066,-0.5018946,-0.58778524,-0.809017,0.8660254,-0.5,0.0
2023-05-11 00:00:00,5.0,0.8575655,1.4588892,0.010287792,-1.5359503,0.22613575,0.0,0.0,-0.6412444,-0.84229416,-0.94039184,-0.5131165,-1.0072038,0.54543746,0.5989632,-0.3083151,0.19315481,0.3753324,0.6428944,0.62974715,0.119859405,0.1610639,0.9952264,0.016428865,-0.97839504,-0.58778524,-0.809017,0.5,-0.8660254,0.0
2023-05-18 00:00:00,4.0,-0.85177165,-1.3265896,-0.9861743,-0.58156466,0.031452686,0.0,0.0,0.188955,-0.74861425,-0.8761503,-0.48337936,-0.8718813,0.048143514,0.1915869,-0.34823385,0.19494525,0.488915,0.19204827,-0.8393719,-0.41264012,-0.3906999,0.4366691,-0.3098121,-0.7884319,-0.58778524,-0.809017,0.5,-0.8660254,0.0
2023-05-25 00:00:00,4.0,-0.269466,-0.44790688,-0.7937319,1.8393719,-0.50861335,0.0,0.0,-0.10097675,-0.820382,-0.9474235,-0.5755522,-0.9290839,-0.12494336,0.051859774,-0.45252448,-0.26875967,0.046031214,0.07480302,-1.2011319,-0.5791831,-0.6018316,0.2607557,-1.3946497,-0.76145285,-0.58778524,-0.809017,0.5,-0.8660254,0.0
2023-06-01 00:00:00,5.0,-0.7165686,-0.4109666,-0.71632737,1.7420883,-1.2847555,0.0,0.0,-1.2556261,-0.8085307,-0.9469358,-0.5973643,-0.8923506,-0.54928696,-0.31101108,-0.7207078,-0.23877263,-0.21139152,-0.6991863,-1.8395802,-0.93999517,-1.0562887,-0.28248584,-1.9456631,-1.7239492,-0.58778524,-0.809017,0.5,-0.8660254,0.0
2023-06-08 00:00:00,5.0,1.5394577,1.5820398,-0.581822,-1.0422062,1.3852115,0.0,0.0,-0.2699412,-0.5503486,-0.8312308,-0.65711427,-0.359869,0.49532545,0.5892495,-0.3880023,0.2743298,0.26055175,-0.4500122,-0.59594893,0.09701469,0.09243101,0.8872441,0.7459682,-0.9927823,-0.58778524,-0.809017,1.2246469e-16,-1.0,0.0
2023-06-15 00:00:00,5.0,0.86747307,1.2674788,0.46823174,-1.4026352,0.5112702,0.0,0.0,-0.4205215,-0.56266886,-0.8652221,-0.7789223,-0.2843204,1.006617,1.0751876,0.07323898,0.2737702,0.40884048,-0.32104278,0.05515361,0.7984027,0.73441267,1.4816833,0.21022542,-1.0091624,-0.58778524,-0.809017,1.2246469e-16,-1.0,0.0
2023-06-22 00:00:00,5.0,0.22472925,-0.0110311145,2.2208571,-0.2378707,1.0139854,0.0,0.0,0.43363154,-0.4510569,-0.77712065,-0.7659204,-0.09110936,1.0795223,1.1445833,0.40930915,0.7601741,0.8192266,-0.2604025,1.1228393,1.0839884,0.8989808,1.5401577,0.46664757,-1.0537997,-0.58778524,-0.809017,1.2246469e-16,-1.0,0.0
2023-06-29 00:00:00,2.0,-0.89253813,-1.0227845,-1.2383969,0.8136196,1.5177017,0.0,0.0,0.11343326,-0.29449776,-0.6119187,-0.6255385,0.07202688,0.4338062,0.60306555,0.33212534,0.48688278,0.17302412,-0.32176286,0.81312746,0.2577607,0.34592187,0.8738882,0.51768196,-1.1782967,-0.58778524,-0.809017,1.2246469e-16,-1.0,0.0
2023-07-06 00:00:00,5.0,0.13885297,1.537971,-0.49491078,-1.2979323,-0.91117656,0.0,0.0,-1.4842465,-0.5756222,-0.798723,-0.7997809,-0.31977656,0.47896472,0.6390278,0.31106558,0.91023314,0.53079563,-0.35081112,1.5002213,0.47908217,0.47206944,0.9255124,-1.6582112,-1.1704499,-0.58778524,-0.809017,1.2246469e-16,-1.0,1.0
2023-07-13 00:00:00,5.0,0.060406785,0.41138572,1.1034269,0.19566955,1.1814796,0.0,0.0,-0.64261353,-0.46364,-0.71493965,-0.76862186,-0.13013719,0.46768296,0.62661314,0.2791194,0.20033906,0.39514035,0.03563321,1.081954,0.59703135,0.5106086,0.93898994,0.40993252,-1.7514541,-0.58778524,-0.809017,-0.5,-0.8660254,0.0
2023-07-20 00:00:00,5.0,1.1300589,0.36919725,1.2847148,0.12305246,-0.24907674,0.0,0.0,1.7559705,-0.40214688,-0.6935367,-0.83633316,0.05566193,1.1978908,1.2469245,0.5444866,0.30994457,0.47701734,0.807796,1.2805556,2.0841208,1.1507233,1.6061442,-0.9798844,-1.7894416,-0.58778524,-0.809017,-0.5,-0.8660254,0.0
2023-07-27 00:00:00,5.0,-0.18658069,0.35204047,0.7318168,0.84883064,-0.5737587,0.0,0.0,-0.8206241,-0.6024091,-0.81818455,-0.9438001,-0.2627589,0.988142,1.084785,0.6423562,0.11296148,0.73332465,1.1427993,0.8481848,1.5463195,0.93718344,1.4440776,-1.3426262,-1.3717972,-0.58778524,-0.809017,-0.5,-0.8660254,0.0
2023-08-03 00:00:00,5.0,-1.4337175,-0.8893645,-0.4737145,0.23029006,2.83358,0.0,0.0,-0.51112217,-0.0164642,-0.33689404,-0.5121659,0.50420517,-0.048224173,0.24762155,0.21074262,-0.14802794,0.29276568,0.3119627,0.002125277,-0.6025146,0.0002915173,0.5333626,1.188888,0.80845773,-0.58778524,-0.809017,-0.5,-0.8660254,0.0
2023-08-10 00:00:00,5.0,-0.7787295,-0.1698345,1.3290851,0.16134311,-0.8791557,0.0,0.0,-1.3138572,-0.31271935,-0.49086678,-0.5947924,0.0005614691,-0.5090329,-0.16300583,-0.25245598,-0.5676215,0.29916495,0.06792408,0.92561305,-1.3833923,-0.4849925,0.048660044,-1.6329492,0.92198825,-0.58778524,-0.809017,-0.8660254,-0.5,0.0
2023-08-17 00:00:00,5.0,-0.64538336,-0.8266436,0.44292057,-0.65211904,0.51089025,0.0,0.0,0.12588304,-0.2662454,-0.42727637,-0.5223076,0.025804587,-0.86172396,-0.49337247,-0.71532744,-0.8833356,-0.5658959,-0.25528932,0.29818085,-1.6504849,-0.8340191,-0.3282377,0.37360045,0.98214835,-0.58778524,-0.809017,-0.8660254,-0.5,0.0
2023-08-24 00:00:00,5.0,-0.22084409,0.34193382,0.54200655,1.1251202,-1.0436748,0.0,0.0,-0.8084884,-0.5790947,-0.64538985,-0.6967595,-0.4510385,-0.9993294,-0.62839955,-1.0954094,-1.4953188,-1.0123373,-0.504795,0.3836231,-1.4920332,-0.9938165,-0.5564513,-1.6330347,0.87676096,-0.58778524,-0.809017,-0.8660254,-0.5,0.0
2023-08-31 00:00:00,5.0,0.5360782,-0.00328202,-0.12731573,2.3471649,-0.4208669,0.0,0.0,1.010596,-0.69814956,-0.77105045,-0.8484633,-0.5682098,-0.63742274,-0.3525766,-1.1522268,-1.178757,-0.9029352,-0.032213893,1.0272093,-0.93484265,-0.7037817,-0.28355187,-1.0419596,0.9442156,-0.58778524,-0.809017,-0.8660254,-0.5,0.0
2023-09-07 00:00:00,4.0,-0.9468834,-1.2789311,-0.32231808,-0.95691854,-0.009184197,0.0,0.0,0.03875607,-0.63306177,-0.71851325,-0.7821525,-0.49145696,-1.1606427,-0.837024,-1.3910857,-0.9378748,-0.9016159,-0.62396324,0.74483716,-1.3603318,-1.276341,-0.9226244,-0.30609244,0.9681239,-0.58778524,-0.809017,-0.8660254,-0.5,0.0
2023-09-14 00:00:00,4.0,0.6121805,1.1824708,-0.36213556,-0.23613389,-1.3836452,0.0,0.0,0.13762513,-0.94700307,-0.9905958,-1.058801,-0.92588097,-0.72928536,-0.505286,-1.3740617,-0.30848372,-0.7258777,-0.14623316,0.3165996,-0.8387276,-0.9501472,-0.68762964,-1.6344554,0.78362894,-0.58778524,-0.809017,-1.0,-1.8369701e-16,0.0
2023-09-21 00:00:00,4.0,0.4592789,0.80238456,1.6080983,-1.3980789,-0.47016,0.0,0.0,-0.13710947,-0.9855165,-1.0734205,-1.1850966,-0.9087462,-0.42538664,-0.26788574,-1.1173316,0.1907406,-0.57802594,-0.14349397,0.26151833,-0.49646753,-0.63583654,-0.44935855,-1.017895,0.14722145,-0.58778524,-0.809017,-1.0,-1.8369701e-16,0.0
2023-09-28 00:00:00,4.0,-0.64734024,-0.7981092,-0.17595953,0.18717667,-0.9058024,0.0,0.0,-0.5608098,-1.084274,-1.1646378,-1.2626104,-1.0669501,-0.8171909,-0.61412746,-1.1118613,0.0009728823,-1.2491578,-0.6677465,0.1540554,-0.7941689,-1.0707855,-1.0545231,-1.403855,0.013027584,-0.58778524,-0.809017,-1.0,-1.8369701e-16,0.0
2023-10-05 00:00:00,4.0,-0.7619469,-0.29714453,2.0202289,-0.997932,1.1988193,0.0,0.0,-0.85558915,-0.66932344,-0.87772316,-1.0305829,-0.36132798,-1.2127382,-0.98591775,-1.1649715,-0.584999,-1.432238,-0.6157253,-0.5396909,-1.0505246,-1.406991,-1.4676391,1.002793,0.25231537,-0.58778524,-0.809017,-1.0,-1.8369701e-16,1.0
2023-10-12 00:00:00,4.0,1.3464931,1.690012,-1.0500773,-0.90885824,-0.34418446,0.0,0.0,0.48905352,-0.7597664,-0.9843993,-1.207515,-0.401397,-0.23087105,-0.19634834,-0.79492426,0.46668038,-0.38384104,-0.077042595,-0.21291713,-0.2817373,-0.49524623,-0.6379134,-0.7778573,0.59730506,-0.58778524,-0.809017,-0.8660254,0.5,0.0
2023-10-19 00:00:00,4.0,-0.6202368,-0.7396587,-1.0796524,1.5015688,-0.19933312,0.0,0.0,-0.26204666,-0.72571915,-0.9475272,-1.1688828,-0.36139065,-0.59728456,-0.52267015,-0.68722636,-0.097927734,-0.32476303,-0.026379628,-0.12834488,-0.57620203,-0.91780996,-1.1057186,-0.45535696,1.2094278,-0.58778524,-0.809017,-0.8660254,0.5,0.0
2023-10-26 00:00:00,4.0,0.06343106,0.5768196,0.24050538,0.6700127,-0.76211494,0.0,0.0,-0.56837785,-0.86911654,-1.0575769,-1.2807122,-0.5818929,-0.60269344,-0.528878,-0.5724466,-0.277815,-0.06603262,-0.58112156,0.14339893,-0.48011228,-0.85378194,-1.1597341,-1.2456702,0.439311,-0.58778524,-0.809017,-0.8660254,0.5,0.0
2023-11-02 00:00:00,4.0,-0.15097514,0.74395484,0.6376039,-0.3668826,-0.4686984,0.0,0.0,-1.2399575,-0.91619694,-1.1012881,-1.3300744,-0.64357823,-0.72783744,-0.6405087,-0.49553713,-0.051348355,-0.039670847,-0.9714148,0.58757275,-0.5067018,-0.88015616,-1.3020682,-0.9427962,0.049115643,-0.58778524,-0.809017,-0.8660254,0.5,0.0
2023-11-09 00:00:00,1.0,0.9630533,0.13095145,2.4150875,-0.7481478,-0.40216163,0.0,0.0,1.7078842,-0.7189985,-0.9959445,-1.307692,-0.20172735,-0.004982704,-0.07000194,-0.09494914,0.73933357,0.11418152,-0.72385865,0.92984486,0.021961017,-0.08238435,-0.57403374,-0.91227585,0.4922765,-0.58778524,-0.809017,-0.5,0.8660254,0.0
2023-11-16 00:00:00,1.0,0.72619456,0.9725794,-0.6328097,0.37865847,1.1425234,0.0,0.0,-0.4229251,-0.54122055,-0.8780621,-1.2539654,0.16659057,0.49312386,0.3459101,0.36837465,0.45601413,0.7205494,-0.14171693,1.4148984,0.451725,0.44931433,-0.043549795,0.8755412,0.8895552,-0.58778524,-0.809017,-0.5,0.8660254,0.0
2023-11-23 00:00:00,1.0,0.5951074,0.67229044,-0.422214,0.8675177,-0.08709802,0.0,0.0,0.26243824,-0.64022547,-0.939273,-1.3220536,0.02271908,0.8917166,0.69129074,0.8351735,1.0368032,0.71323067,0.0033365297,2.657147,0.83895886,0.8806309,0.34138626,-0.58419085,0.94820946,-0.58778524,-0.809017,-0.5,0.8660254,0.0
2023-11-30 00:00:00,4.0,0.9979907,1.7336218,-0.98381996,-1.5704688,-0.14446336,0.0,0.0,-0.26927662,-0.75018674,-1.0256612,-1.4241339,-0.11569669,1.5103837,1.2786599,1.4026837,1.4621432,0.9005465,0.3193822,2.5651221,1.454591,1.5728147,1.0956523,-0.623574,0.68002,-0.58778524,-0.809017,-0.5,0.8660254,0.0
2023-12-07 00:00:00,4.0,-1.1789426,-0.9975425,0.93881536,-1.1928462,0.27880225,0.0,0.0,-0.71725273,-0.7653008,-0.9957608,-1.351138,-0.05390535,0.6864536,0.63117015,1.3780501,1.0566604,0.7694596,-0.5135437,2.962854,0.93499017,0.88697225,0.2643194,-0.033615597,0.32712004,-0.58778524,-0.809017,-0.5,0.8660254,0.0
2023-12-14 00:00:00,4.0,0.06194945,0.15084149,1.796026,-0.25408012,-0.44992843,0.0,0.0,0.009723651,-0.94467866,-1.1011435,-1.4266607,-0.26841068,0.7417425,0.6886867,1.3640822,0.63129365,1.1142316,-0.44641587,2.6252565,1.2533827,1.0321649,0.3256998,-0.98060083,0.13494243,-0.58778524,-0.809017,-2.4492937e-16,1.0,0.0
2023-12-21 00:00:00,5.0,1.9964145,1.482224,-0.49449265,-1.510772,-0.09301675,0.0,0.0,1.9806256,-0.58741486,-0.9476499,-1.3957219,0.8528234,2.0221312,2.0500982,1.6973138,1.2222195,1.3532317,0.9717236,2.8706884,2.5164015,2.2106202,1.9039005,-0.72501266,-0.69780624,-0.58778524,-0.809017,-2.4492937e-16,1.0,0.0
2023-12-28 00:00:00,2.0,0.544035,0.36191234,2.1102884,-1.4735416,3.0,0.0,0.0,-0.3876657,0.6296684,-0.2576286,-0.9419282,2.9575357,2.2678204,2.3977468,1.6929325,1.1791134,1.8228015,1.5280952,2.8387115,2.2518787,2.0713716,2.102288,1.8839289,-0.7288048,-0.58778524,-0.809017,-2.4492937e-16,1.0,0.0
2024-01-04 00:00:00,2.0,-0.6402491,-1.1258886,-0.8885874,0.62967503,0.7154112,0.0,0.0,0.6484091,0.54539144,-0.2030822,-0.8589247,2.4529967,1.6720927,1.880493,1.6169871,0.38938323,1.5486662,1.551881,2.1305642,1.572987,1.589571,1.6738605,0.8293409,-0.7329646,-0.58778524,-0.809017,-2.4492937e-16,1.0,1.0
2024-01-11 00:00:00,2.0,-0.87466764,-0.74489605,0.31353775,0.12680183,0.2640983,0.0,0.0,-0.5762693,0.38707826,-0.21237762,-0.81243,1.9703641,0.97527504,1.2257671,1.3153937,0.5720515,1.2813823,1.302501,0.96274436,1.0006591,1.0591345,1.1462226,0.46495926,-1.0799881,-0.58778524,-0.809017,0.5,0.8660254,0.0
2024-01-18 00:00:00,2.0,-1.0609592,-1.2436914,-1.0017684,0.29880926,1.0704405,0.0,0.0,0.40279835,0.72055095,0.034695916,-0.6067535,2.0341482,0.24317312,0.51952493,0.7922527,0.04895774,0.52828634,0.68684334,1.0045887,0.44190022,0.4632789,0.5369212,1.3259615,-0.9703404,-0.58778524,-0.809017,0.5,0.8660254,0.0
2024-01-25 00:00:00,1.0,-0.011079621,0.81395406,0.45164,-0.58771104,-1.0491414,0.0,0.0,-0.73571795,-0.34262308,-0.43688002,-0.86590624,0.63158107,0.21936256,0.48347956,0.4854601,-0.99071777,0.23378535,1.0725415,0.85479885,0.3721098,0.409158,0.53751075,-1.392382,-1.3044564,-0.58778524,-0.809017,0.5,0.8660254,0.0
2024-02-01 00:00:00,4.0,0.11536282,0.43631437,0.84481305,-0.07675026,-1.1605877,0.0,0.0,-0.113917306,-1.3282068,-0.96074325,-1.1615629,-0.55098295,0.28243694,0.5316144,0.26779556,-1.2298403,0.048303887,0.8587816,0.8074172,0.3717262,0.43427426,0.63016313,-1.3420602,-1.2109169,-0.58778524,-0.809017,0.5,0.8660254,0.0
2024-02-08 00:00:00,4.0,-0.69294846,-0.55910385,0.06733603,1.0263433,0.049146824,0.0,0.0,-0.6272086,-1.2444581,-0.9639929,-1.1278654,-0.46455956,-0.2190511,0.056603506,-0.10211426,-1.2475028,-0.57701623,0.425709,0.11040751,0.00678173,0.00023490316,0.16195625,0.16166903,-1.4991045,-0.58778524,-0.809017,0.8660254,0.5,0.0
2024-02-15 00:00:00,1.0,-0.8605176,-1.2670354,0.2951311,-1.2303895,-0.25078386,0.0,0.0,-0.043007992,-1.3469816,-1.0598078,-1.1426619,-0.5947871,-0.7648282,-0.48798472,-0.5599483,-1.2084917,-0.44580105,0.39504588,0.32845366,-0.4319884,-0.5287514,-0.4337821,-0.5061925,-1.7580808,-0.58778524,-0.809017,0.8660254,0.5,0.0
2024-02-22 00:00:00,1.0,1.2090493,0.5425504,1.2693933,-0.8496142,0.87427956,0.0,0.0,1.173023,-0.53786516,-0.7473878,-1.0524479,0.48456946,0.10279299,0.31598958,-0.52815986,-0.11176742,-0.046153568,1.1248378,0.51194733,0.070568375,0.07721012,0.3963291,1.2694148,-2.1346123,-0.58778524,-0.809017,0.8660254,0.5,0.0
2024-02-29 00:00:00,4.0,-0.07664466,-0.27189308,0.4181104,1.4302862,-0.50026226,0.0,0.0,0.12758268,-1.0585936,-1.0549854,-1.2116568,-0.11935786,0.030263443,0.23756553,-0.536494,-0.14307795,-0.8744043,0.5439381,0.463966,-0.014986687,-0.015863637,0.31778437,-0.9059175,-2.4424067,-0.58778524,-0.809017,0.8660254,0.5,0.0
2024-03-07 00:00:00,4.0,-0.40617052,0.1145864,2.0307372,-0.59141296,-0.56910896,0.0,0.0,-0.9697397,-1.4904352,-1.3442503,-1.3447901,-0.637339,-0.27020833,-0.046475977,-0.6410358,-0.3920816,-1.2690344,0.6615932,-0.23294942,-0.3103226,-0.3304508,0.0012791457,-1.0485663,-2.6044383,-0.58778524,-0.809017,0.8660254,0.5,0.0
2024-03-14 00:00:00,4.0,1.3107219,0.68544257,1.3763316,-1.3839308,-0.31377712,0.0,0.0,1.6363251,-1.0274867,-1.2031554,-1.3532059,0.052889567,0.657757,0.8226393,-0.34487385,0.56429553,-0.55139226,1.0724242,-0.17161082,0.34737262,0.350745,0.89628905,-0.5574563,-2.4116778,-0.58778524,-0.809017,1.0,6.123234e-17,0.0
2024-03-21 00:00:00,4.0,-0.8644891,-1.7179224,-1.4815555,-0.4301363,-0.11815938,0.0,0.0,0.62115836,-1.1177099,-1.2405736,-1.3215908,-0.12669678,0.008370869,0.23018833,-0.39127904,0.58872163,-0.5349296,0.8488333,-0.6182081,-0.35960045,-0.27376854,0.281654,-0.056556884,-2.289378,-0.58778524,-0.809017,1.0,6.123234e-17,0.0
2024-03-28 00:00:00,4.0,0.2491717,-1.0306587,-0.22183393,-0.09438159,-0.18325631,0.0,0.0,1.7985103,-1.2887748,-1.3943868,-1.4170768,-0.29274404,0.16558078,0.37863305,-0.35813704,0.106709644,-0.011588359,0.5425593,-0.5669398,-0.3024359,-0.19652882,0.4296035,-0.22749591,-2.5777366,-0.58778524,-0.809017,1.0,6.123234e-17,0.0
2024-04-04 00:00:00,4.0,-0.20894186,-0.24759033,0.6906369,0.9900806,-0.8049412,0.0,0.0,-0.21559587,-1.9240007,-1.8499773,-1.6432763,-0.98986286,-0.03976524,0.1961076,-0.4127547,0.042156823,-0.091012344,0.16899514,-0.35250887,-0.52177525,-0.41464376,0.2350851,-1.1115829,-2.5922866,-0.58778524,-0.809017,1.0,6.123234e-17,1.0
2024-04-11 00:00:00,4.0,1.4133538,0.8753056,-1.1319898,1.2320639,0.17013055,0.0,0.0,1.4550205,-1.7853088,-1.9373419,-1.7893032,-0.6413786,1.1160039,1.2583356,0.026505616,0.9879389,0.44602272,0.44834703,-0.01732898,0.56039643,0.58978564,1.3239982,0.55873513,-2.8213718,-0.58778524,-0.809017,0.8660254,-0.5,0.0
2024-04-18 00:00:00,4.0,-2.3879595,-1.2955164,-0.18002151,-0.8635484,0.51131,0.0,0.0,-2.5672648,-0.16965258,-0.8170131,-1.1051131,0.9115884,-0.7399581,-0.50273925,-0.46211556,-0.9733303,-0.2905355,-0.9021693,-0.35609636,-1.2530288,-1.0627216,-0.5351465,1.2568828,-1.3366733,-0.58778524,-0.809017,0.8660254,-0.5,0.0
2024-04-25 00:00:00,1.0,0.9351411,0.5687105,-0.50480723,1.226809,0.5532798,0.0,0.0,0.76959795,-0.08671577,-0.77666473,-1.1547021,1.027389,-0.034933545,0.17296274,-0.46070683,-0.03182122,0.4706154,-0.063475594,0.3475836,-0.5106703,-0.38936013,0.17892048,1.2732943,-1.3050964,-0.58778524,-0.809017,0.8660254,-0.5,0.0
2024-05-02 00:00:00,1.0,-0.107181445,-0.44422787,1.8190012,-0.8546129,-0.18895112,0.0,0.0,0.3349403,-0.5098379,-1.0365418,-1.2919967,0.5438665,-0.13980503,0.06771021,-0.4891461,-0.23360913,-0.08610156,-0.13508853,0.766751,-0.5457786,-0.46717325,0.08182832,-0.22294497,-1.251619,-0.58778524,-0.809017,0.8660254,-0.5,0.0
2024-05-09 00:00:00,1.0,1.3240706,0.8525573,0.43958846,-0.7413775,0.028830318,0.0,0.0,1.3570764,-0.2585334,-0.94030076,-1.3561947,0.8876482,0.8376972,1.0211307,-0.06714772,0.64824736,0.5039598,-0.50621164,0.7941412,0.4835293,0.51191914,1.0344579,0.4393279,-0.40762758,-0.58778524,-0.809017,0.5,-0.8660254,0.0
2024-05-16 00:00:00,1.0,0.4365859,0.8101745,0.6520837,-0.8923463,-0.14849089,0.0,0.0,-0.17753336,-0.7283806,-1.2793235,-1.5615467,0.4291039,1.1071047,1.2868302,0.32727537,0.09334173,0.8533312,-0.5883309,0.9321968,1.0235641,0.87758934,1.3013103,-0.17690022,-0.41555765,-0.58778524,-0.809017,0.5,-0.8660254,0.0
2024-05-23 00:00:00,1.0,0.4801297,-0.98986864,-0.92395514,1.0409913,-1.2034823,0.0,0.0,1.7494872,-1.498843,-1.8775549,-1.902972,-0.3600473,1.3917354,1.5648034,0.7394605,1.8088251,0.52115,-0.0856047,0.9465348,1.6633077,1.2642028,1.6427938,-1.0887054,-0.57572883,-0.58778524,-0.809017,0.5,-0.8660254,0.0
2024-05-30 00:00:00,1.0,-0.19897278,0.66700846,0.022038762,0.33996046,-0.91486526,0.0,0.0,-0.95886755,-1.977033,-2.245706,-2.0963132,-0.97231215,1.1664908,1.3542113,0.9138415,1.1230866,0.7999197,0.22026618,0.69064337,1.4468933,1.1267828,1.4887538,-0.957388,-0.35842854,-0.58778524,-0.809017,0.5,-0.8660254,0.0
2024-06-06 00:00:00,1.0,-0.019475078,0.5765148,0.56483334,-0.18453172,-0.23024143,0.0,0.0,-0.66606003,-2.0316648,-2.3266609,-2.1752462,-1.089278,1.1100959,1.2911994,0.9575453,1.1623108,0.7024883,0.68316525,1.0037073,1.2928718,1.0686135,1.4622612,-0.66806275,-0.556927,-0.58778524,-0.809017,0.5,-0.8660254,0.0
2024-06-13 00:00:00,1.0,-0.4286656,-0.9660316,-0.07999275,0.040910423,0.31770107,0.0,0.0,0.36036468,-1.8121028,-2.1620934,-2.0798652,-0.87187546,0.68063575,0.92550266,0.7601336,0.1605989,0.6106936,0.5074757,0.57835644,0.77398056,0.6918853,1.0935689,0.109711684,-0.5271395,-0.58778524,-0.809017,1.2246469e-16,-1.0,0.0
2024-06-20 00:00:00,1.0,0.629682,-0.13029617,-0.92962104,3.0,-0.9739226,0.0,0.0,1.29021,-2.0602572,-2.3851051,-2.2688203,-1.2056051,1.1518329,1.3390743,0.8303008,0.26182315,0.2733106,0.7177213,1.0587465,1.288257,1.1421423,1.5650074,-0.85551625,-0.43937188,-0.58778524,-0.809017,1.2246469e-16,-1.0,0.0
2024-06-27 00:00:00,1.0,-0.18865755,-1.1138837,-0.58255404,0.17822802,-1.7218658,0.0,0.0,0.36443928,-2.4418182,-2.6576343,-2.4348617,-1.8888954,0.9359576,1.1515456,0.78165865,-0.12020067,1.2757607,0.9344835,0.85024387,0.97675085,0.95258635,1.4271765,-1.2578851,0.13628337,-0.58778524,-0.809017,1.2246469e-16,-1.0,0.0
2024-07-04 00:00:00,1.0,0.30036044,0.4413605,1.0020261,-0.24343693,0.006619055,0.0,0.0,0.0431526,-2.1868954,-2.5090768,-2.3890908,-1.5032881,1.1442547,1.3196602,0.76469433,0.16038162,0.9748275,1.4054976,0.5964698,1.1124625,1.0541441,1.6355534,-0.32120612,0.13576248,-0.58778524,-0.809017,1.2246469e-16,-1.0,1.0
2024-07-11 00:00:00,1.0,0.8588266,1.3327653,0.073539354,-1.4091843,-1.9512396,0.0,0.0,0.96423024,-2.2105892,-2.5528505,-2.4760056,-1.5303608,1.7409345,1.8442822,1.0411319,0.6408746,1.3624896,1.2236623,1.1745809,1.5962807,1.6534307,2.2539878,-1.2028316,0.5233944,-0.58778524,-0.809017,-0.5,-0.8660254,0.0
2024-07-18 00:00:00,1.0,-0.13713144,-0.64280343,0.8832061,-0.26578242,-0.6919702,0.0,0.0,0.25116962,-2.2393534,-2.5512266,-2.477472,-1.6698371,1.5535327,1.6786474,1.1092724,0.80675685,0.7293566,1.1871095,1.2671255,1.2756555,1.4568535,2.080983,-0.8291097,0.60872835,-0.58778524,-0.809017,-0.5,-0.8660254,0.0
2024-07-25 00:00:00,1.0,-1.45515,-1.7563897,-1.4402624,-0.38564777,1.6774502,0.0,0.0,-0.024683384,-1.4856462,-1.9749293,-2.0754406,-0.45760438,0.1641298,0.58691084,0.43755046,-0.34503293,-0.062667884,0.7863366,1.1860324,0.07823761,0.14106737,0.86677957,1.4267269,0.9519278,-0.58778524,-0.809017,-0.5,-0.8660254,0.0
2024-08-01 00:00:00,4.0,-0.85269177,-0.8343789,-1.7445378,2.1853013,-0.31119755,0.0,0.0,-0.819622,-1.2028071,-1.7155769,-1.8791796,-0.054638,-0.5090021,-0.00605973,-0.29786897,-0.69443655,-0.61537564,-0.08103103,0.2931933,-0.5738472,-0.5095892,0.21993935,-0.6017397,0.6003695,-0.58778524,-0.809017,-0.5,-0.8660254,0.0
2024-08-08 00:00:00,1.0,-0.28380135,-0.3596619,-1.1285818,2.4314644,2.537558,0.0,0.0,0.12831411,-0.25708103,-1.0251843,-1.447542,1.4043007,-0.72857875,-0.2133225,-0.79638594,-1.0015371,-0.6405367,0.16720206,-0.17385095,-0.7996576,-0.6657325,0.014496668,2.1475747,0.33354047,-0.58778524,-0.809017,-0.8660254,-0.5,0.0
2024-08-15 00:00:00,1.0,1.5574819,2.06573,-1.5193588,-1.2383786,0.5557871,0.0,0.0,0.0358247,-0.4252461,-1.0990186,-1.5361586,1.2016085,0.543938,0.85635966,-0.59232,-0.6353554,0.001423393,0.69286025,0.22454436,0.34434304,0.36911848,0.9597634,0.8481282,0.64355534,-0.58778524,-0.809017,-0.8660254,-0.5,0.0
2024-08-22 00:00:00,1.0,1.3050455,1.7167358,-1.4679509,-0.62299734,1.6326222,0.0,0.0,-0.82654995,-0.06635153,-0.83457243,-1.4160662,1.7394459,1.3965487,1.644371,-0.03611823,0.14085895,0.7144714,1.303905,1.0217183,1.2009677,1.1217488,1.6205243,1.785491,0.7383331,-0.58778524,-0.809017,-0.8660254,-0.5,0.0
2024-08-29 00:00:00,1.0,0.46742406,0.69966215,-0.69022447,0.9660626,-0.035056893,0.0,0.0,0.0554385,-0.44183248,-1.0037411,-1.4969943,1.1169499,1.6279491,1.8520387,0.44208375,1.1894906,0.6388275,0.9015412,1.0999241,1.331357,1.3757255,1.8200917,-0.19504546,0.9761216,-0.58778524,-0.809017,-0.8660254,-0.5,0.0
2024-09-05 00:00:00,1.0,-0.8851964,-1.1766717,-0.26250136,-0.34620965,0.6370221,0.0,0.0,-0.11871047,-0.3805648,-0.87344134,-1.3524505,1.0344902,0.8565583,1.1934608,0.40482253,1.1496886,0.35482103,1.5649828,0.79214615,0.66286427,0.6287123,1.2073009,1.1275889,0.93420875,-0.58778524,-0.809017,-0.8660254,-0.5,0.0
2024-09-12 00:00:00,1.0,-0.70863605,-1.0056592,-0.03450227,-0.24144205,0.79540175,0.0,0.0,0.07903055,-0.26758686,-0.7237843,-1.2065122,1.0472134,0.30343837,0.7065914,0.11217015,0.91628444,-0.055596333,0.87764597,0.09911176,0.04192393,0.07692665,0.7312059,1.2647185,0.8284745,-0.58778524,-0.809017,-1.0,-1.8369701e-16,0.0
2024-09-19 00:00:00,4.0,1.3169417,1.4100708,-0.67455673,-0.6811087,0.4118621,0.0,0.0,0.5721496,-0.37663227,-0.79748255,-1.2785959,0.947361,1.1417612,1.4620523,0.32015905,0.7918517,0.13146716,1.4372568,0.5939384,1.136618,0.8432079,1.408478,0.59151995,0.728528,-0.58778524,-0.809017,-1.0,-1.8369701e-16,0.0
2024-09-26 00:00:00,4.0,1.644358,1.7371289,-1.5731738,-0.60202384,1.3983324,0.0,0.0,0.012638246,-0.18394679,-0.7069681,-1.2813303,1.299915,1.9414275,2.2413683,0.8967368,0.9606275,0.8498366,1.500992,1.7074866,1.9889891,1.7338215,2.1444438,1.7316169,0.5769443,-0.58778524,-0.809017,-1.0,-1.8369701e-16,0.0
2024-10-03 00:00:00,4.0,-0.3747312,0.91401446,0.7323125,-1.1848148,0.20378935,0.0,0.0,-1.9526768,-0.3898568,-0.7770508,-1.2794257,0.9107588,1.6341522,1.9434838,1.0968833,0.5264292,1.2804207,1.1699511,1.8522965,1.4215703,1.4130505,1.8488232,0.21992274,0.5938656,-0.58778524,-0.809017,-1.0,-1.8369701e-16,1.0
2024-10-10 00:00:00,4.0,-1.725206,-1.8217958,-1.5617309,-0.37349722,1.5078968,0.0,0.0,0.15681688,0.20116821,-0.29300106,-0.9181362,1.3764465,0.42383492,0.8933397,0.56734985,0.08651239,0.9286203,0.315087,1.5638865,0.21613453,0.2630193,0.8348518,1.7966287,0.17900448,-0.58778524,-0.809017,-0.8660254,0.5,0.0
2024-10-17 00:00:00,4.0,-0.7431737,-0.8244314,0.35979277,-0.08244097,-0.54649377,0.0,0.0,-0.5496123,-0.29834497,-0.52797157,-0.9878002,0.6332954,-0.041250188,0.47243506,-0.0025630242,0.06729747,0.75616574,0.109298736,1.4164699,-0.31908023,-0.21432805,0.42678085,-0.6391658,0.11719635,-0.58778524,-0.809017,-0.8660254,0.5,0.0
2024-10-24 00:00:00,1.0,0.004512289,0.37826815,0.24146691,0.8114711,-0.63644564,0.0,0.0,-0.4097561,-0.76742804,-0.83177584,-1.1412923,0.032376632,-0.034850698,0.4748461,-0.42823994,-0.72393745,0.12455638,0.120036066,1.2043582,-0.3288172,-0.22331248,0.4133557,-0.69583464,0.139102,-0.58778524,-0.809017,-0.8660254,0.5,0.0
2024-10-31 00:00:00,4.0,-1.5317404,-1.3190631,-0.6239718,-0.17936255,0.1193131,0.0,0.0,-1.1768041,-0.3811741,-0.526827,-0.89089835,0.35847858,-1.0155082,-0.42351073,-1.22257,-2.5679784,-1.0867081,-0.32880598,1.0984516,-1.4108895,-1.2616152,-0.46432078,0.42964607,0.110618055,-0.58778524,-0.809017,-0.8660254,0.5,0.0
2024-11-07 00:00:00,1.0,0.9087656,1.0336121,-1.4885682,1.1534102,0.13876738,0.0,0.0,0.27254638,-0.49342647,-0.6453182,-0.99491835,0.28969616,-0.36711007,0.12906848,-1.4022536,-1.7760315,-0.9059856,-0.21974573,1.1487182,-0.7298863,-0.61760116,0.04325047,0.5829307,0.18905121,-0.58778524,-0.809017,-0.8660254,0.5,0.0
2024-11-14 00:00:00,1.0,-1.35662,-0.4550886,1.1443135,-0.07629485,1.8561903,0.0,0.0,-1.7097437,0.48811367,0.099229485,-0.48280168,1.2705657,-1.1984084,-0.68439263,-1.8002919,-1.5502908,-1.1282026,-0.72445184,0.56963265,-1.5797718,-1.4404752,-0.7012691,1.9236331,0.024141857,-0.58778524,-0.809017,-0.5,0.8660254,0.0
2024-11-21 00:00:00,1.0,0.116926946,0.89879036,-1.3063518,1.2663866,-0.70633614,0.0,0.0,-0.82381296,-0.091508836,-0.23785731,-0.6481918,0.5557324,-1.1207979,-0.63018584,-2.0259953,-1.0545574,-0.80748343,-0.82882696,0.86204404,-1.3809525,-1.3580023,-0.6805854,-0.60173637,-0.042380724,-0.58778524,-0.809017,-0.5,0.8660254,0.0
2024-11-28 00:00:00,1.0,-0.8480751,-0.8088307,-0.077580415,0.54395676,-0.52977765,0.0,0.0,-0.61335135,-0.29070693,-0.32115403,-0.6332695,0.20668483,-1.6649636,-1.185272,-2.3149858,-1.527134,-1.8856212,-1.6014035,0.9204581,-1.7086293,-1.873529,-1.2302462,-0.22460045,-0.22101599,-0.58778524,-0.809017,-0.5,0.8660254,0.0
2024-12-05 00:00:00,1.0,0.11892677,-0.26673433,-0.42888793,2.1798072,-0.27472436,0.0,0.0,0.59038806,-0.3548246,-0.3816922,-0.6646834,0.12985393,-1.53834,-1.1150494,-2.2872882,-0.60568076,-2.4992468,-1.4772365,0.43191484,-1.4597958,-1.6596991,-1.1429704,0.53598773,-0.16290118,-0.58778524,-0.809017,-0.5,0.8660254,0.0
2024-12-12 00:00:00,1.0,-1.377002,-0.9546401,-0.1562142,0.14825161,-0.006440323,0.0,0.0,-1.2258471,-0.028668754,-0.09658039,-0.40580457,0.37793148,-2.267829,-1.9498816,-2.4628513,-1.8267759,-2.7879894,-1.4238921,0.24344327,-1.9104344,-2.401937,-1.9184238,0.8718278,-0.44233653,-0.58778524,-0.809017,-2.4492937e-16,1.0,0.0
2024-12-19 00:00:00,2.0,-0.43735084,-0.7386003,0.12244201,0.32825762,-0.23183243,0.0,0.0,0.22827926,-0.059120823,-0.08846322,-0.35843948,0.2811415,-2.4121578,-2.1940565,-2.5264273,-1.301916,-2.1520317,-1.2710487,0.06859155,-1.851268,-2.515591,-2.1488478,0.6093785,-0.29095173,-0.58778524,-0.809017,-2.4492937e-16,1.0,0.0
2024-12-26 00:00:00,2.0,-1.2686876,0.11084518,2.5710654,-1.2753009,3.0,0.0,0.0,-3.0,3.0,2.5992956,1.4569201,3.0,-2.848069,-2.8138,-2.1367245,-1.9855518,-2.275765,-1.7687308,-0.32643127,-2.0126884,-2.407623,-2.240581,1.9986343,-0.36741668,-0.58778524,-0.809017,-2.4492937e-16,1.0,0.0
2025-01-02 00:00:00,4.0,-0.20169108,-0.76955706,-0.889756,1.3408362,-0.8813859,0.0,0.0,0.27646613,1.8655783,1.7250041,1.0609132,1.8319789,-2.7343464,-2.7633448,-2.2651377,-1.6180975,-2.254218,-2.5240276,-0.83883244,-1.747364,-2.4304636,-2.4172335,-1.2438977,-1.2248553,-0.58778524,-0.809017,-2.4492937e-16,1.0,1.0
2025-01-09 00:00:00,4.0,0.2499579,0.71412325,1.1528696,-0.97775507,-0.35244524,0.0,0.0,-0.47983524,1.1480842,1.2879354,0.8497242,1.0139002,-2.3980665,-2.463613,-2.1178713,-1.5226879,-1.5468572,-2.814418,-1.072739,-1.4467396,-2.139674,-2.2665324,-0.29925328,-1.7828996,-0.58778524,-0.809017,0.5,0.8660254,0.0
2025-01-16 00:00:00,4.0,-0.48793146,-0.38369718,-0.16628942,1.3713065,-0.34189498,0.0,0.0,-0.4336353,0.68525237,1.0056399,0.75694424,0.43376353,-2.4383512,-2.5389779,-1.9998405,-1.0828362,-2.0026069,-2.9760766,-1.4802358,-1.386352,-2.168442,-2.4249802,-0.18782635,-1.6085687,-0.58778524,-0.809017,0.5,0.8660254,0.0
2025-01-23 00:00:00,4.0,1.0072591,0.44668436,-0.3761387,1.4873352,-0.14251193,0.0,0.0,1.2015374,0.40909415,0.73874235,0.55279547,0.19928761,-1.639358,-1.832224,-1.6008135,-0.3779034,-1.1380354,-2.1522772,-1.5266514,-0.9993322,-1.5587529,-1.8884194,0.7235588,-1.3373159,-0.58778524,-0.809017,0.5,0.8660254,0.0
2025-01-30 00:00:00,4.0,-0.03374394,-0.33090353,0.67782193,0.45497957,-0.22910213,0.0,0.0,0.3575687,0.1753717,0.5433639,0.45419776,-0.06508129,-1.613043,-1.7975957,-1.2647407,0.2763941,-1.1844834,-1.8686776,-1.0807542,-0.9078774,-1.4590943,-1.8769667,0.13886206,-1.3215047,-0.58778524,-0.809017,0.5,0.8660254,0.0
2025-02-06 00:00:00,4.0,0.021437999,0.14476824,-0.5300247,2.2299926,0.7090739,0.0,0.0,-0.2875264,0.8852088,1.0272446,0.80627453,0.6947763,-1.56807,-1.7427763,-0.8770599,0.39750406,-0.8771221,-2.2611253,-1.1040837,-0.8128732,-1.2004733,-1.6936918,1.7484982,-1.4483832,-0.58778524,-0.809017,0.5,0.8660254,0.0
2025-02-13 00:00:00,4.0,0.76030236,0.4214898,-0.80307114,1.8929676,-0.78165984,0.0,0.0,0.9939696,-0.027181474,0.34099072,0.3273963,-0.2674758,-1.043819,-1.3015156,-0.50720364,0.6568056,-0.6792032,-2.4579105,-1.6945386,-0.5725906,-0.7839071,-1.4487386,-1.2618454,-2.0440938,-0.58778524,-0.809017,0.8660254,0.5,0.0
2025-02-20 00:00:00,4.0,0.8607905,1.3279353,-0.6067961,-0.3345885,-0.18415059,0.0,0.0,-0.2812428,-0.18379085,0.14610563,0.1494378,-0.3708195,-0.48117083,-0.8290099,0.0237122,1.380918,0.1215637,-2.0193892,-1.6706167,-0.26355535,-0.23912235,-1.086339,0.07400645,-1.6946406,-0.58778524,-0.809017,0.8660254,0.5,0.0
2025-02-27 00:00:00,4.0,0.0886136,0.24626936,0.8709642,0.46377334,-0.31433338,0.0,0.0,-0.16303898,-0.43446264,-0.0813097,-0.0064599155,-0.62323916,-0.45879328,-0.80243826,0.45438403,0.8734231,0.33384424,-1.4239671,-1.3768566,-0.17093293,-0.09298363,-1.0587491,-0.4897903,-1.4970262,-0.58778524,-0.809017,0.8660254,0.5,0.0
2025-03-06 00:00:00,4.0,-1.0556661,-0.6615407,-1.0966127,1.5355973,0.00095682754,0.0,0.0,-0.959955,0.13392255,0.31770822,0.32782593,-0.04522705,-1.062014,-1.30551,0.50218946,0.35271877,0.47460988,-1.4881555,-1.3616216,-0.5190753,-0.49409866,-1.4429357,0.9617729,-1.1086278,-0.58778524,-0.809017,0.8660254,0.5,0.0
2025-03-13 00:00:00,4.0,0.42317057,-0.9698513,-0.44936755,0.22200625,-0.4102317,0.0,0.0,1.7660338,-0.29202837,-0.016441058,0.08553767,-0.4622171,-0.7639891,-1.0587802,0.6617882,0.5575363,0.7220148,-1.3471757,-0.8011465,-0.29908925,-0.1826113,-1.2771204,-0.5870206,-1.4531093,-0.58778524,-0.809017,1.0,6.123234e-17,0.0
2025-03-20 00:00:00,4.0,0.964236,0.6076385,-0.3385864,0.8827101,-0.13596515,0.0,0.0,0.9068762,-0.38913056,-0.1868398,-0.102799565,-0.45674527,-0.08118264,-0.5010054,1.006626,0.6639662,0.98344666,-0.5724517,-0.47670245,0.20034386,0.38074458,-0.84400827,0.33289886,-1.089257,-0.58778524,-0.809017,1.0,6.123234e-17,0.0
2025-03-27 00:00:00,4.0,-0.6555408,-1.1694641,-1.4795622,0.77520955,-0.38124603,0.0,0.0,0.13201523,-0.60519433,-0.36033428,-0.1850316,-0.7119905,-0.494663,-0.8314455,1.0569541,-0.12827766,0.92867553,-1.0614723,-0.73558813,-0.06859268,0.12065586,-1.1329046,-0.591129,-1.4689432,-0.58778524,-0.809017,1.0,6.123234e-17,0.0
2025-04-03 00:00:00,5.0,-0.21590495,0.08998031,-0.020352157,1.6627835,-0.33567324,0.0,0.0,-0.4740363,-0.79830325,-0.56092024,-0.33172724,-0.8990045,-0.6372622,-0.9402112,1.014199,-0.2938395,0.4374474,-0.67714137,-0.54438704,-0.15544254,0.05986165,-1.245521,-0.63767004,-1.179803,-0.58778524,-0.809017,1.0,6.123234e-17,1.0
2025-04-10 00:00:00,2.0,-3.0,-1.4837918,-0.21972392,-1.1641667,2.8403194,0.0,0.0,-0.54513294,3.0,3.0,2.591441,3.0,-2.3124251,-2.597403,-0.104963765,-2.1814516,-1.29777,-2.0289676,-1.7211177,-2.3396373,-1.5889924,-2.2367878,1.9857454,0.14426824,-0.58778524,-0.809017,0.8660254,-0.5,0.0
2025-04-17 00:00:00,2.0,3.0,1.6570815,-0.5312126,-1.1669613,1.003206,0.0,0.0,3.0,3.0,3.0,3.0,3.0,0.25896668,-0.10387952,0.36728448,0.4856085,0.7451927,-0.18731944,-0.39358512,0.5777274,0.56493604,-0.3619587,1.8236612,-1.2147349,-0.58778524,-0.809017,0.8660254,-0.5,0.0
2025-04-24 00:00:00,2.0,0.41659224,0.14229646,1.430933,0.10295706,-0.43458328,0.0,0.0,0.66324276,2.82218,2.8927288,2.5560486,2.3890977,0.4418634,0.10410032,0.7478064,0.27727035,0.6727401,-0.060366903,-0.18308057,0.9768939,0.78774714,-0.23190406,-0.5019243,-1.1372147,-0.58778524,-0.809017,0.8660254,-0.5,0.0
2025-05-01 00:00:00,2.0,0.12799653,0.5058014,1.4239635,-0.63948685,-0.4490821,0.0,0.0,-0.27417016,1.745238,2.1398623,2.0785053,1.2819722,0.48524296,0.15780379,1.0361218,0.71036756,0.4214405,0.42984563,0.01860597,1.0277737,0.851738,-0.1991699,-0.57812977,-1.0640956,-0.58778524,-0.809017,0.8660254,-0.5,0.0
2025-05-08 00:00:00,2.0,1.212038,1.4512345,-1.308942,-0.046493236,-0.12441069,0.0,0.0,0.52645427,1.1973671,1.6621416,1.6729,0.7776575,1.0527872,0.79249096,1.4785999,1.651004,1.0039445,1.0616871,0.08004239,1.698247,1.433567,0.3235923,1.1486394,-1.024519,-0.58778524,-0.809017,0.5,-0.8660254,0.0
2025-05-15 00:00:00,1.0,-0.330393,0.6208293,-0.4604975,0.85222703,-0.03792275,0.0,0.0,-1.4892766,0.9209945,1.4581676,1.595843,0.42346,0.8360747,0.5944621,1.6076081,3.0,1.219748,1.3372805,0.25701573,1.2385579,1.1748196,0.18520552,1.0566562,-0.938308,-0.58778524,-0.809017,0.5,-0.8660254,0.0
2025-05-22 00:00:00,1.0,-0.44767544,-0.11560918,0.9879059,0.74414617,-0.7045374,0.0,0.0,-0.849735,0.26338395,0.93932027,1.2518746,-0.33689228,0.55749035,0.33662075,1.5713357,0.61020535,0.83371377,1.2144037,-0.042826284,0.812673,0.8895808,-0.022144733,-1.2956554,-0.9661467,-0.58778524,-0.809017,0.5,-0.8660254,0.0
2025-05-29 00:00:00,1.0,0.222904,0.16604465,1.9028548,-0.61411273,-0.15730536,0.0,0.0,0.2200199,0.080457725,0.7057576,1.0509633,-0.50317234,0.65595615,0.44408414,1.4976356,0.48887822,0.58851403,1.2102071,0.14521216,0.8377254,0.94096273,0.08713504,0.572464,-0.9798804,-0.58778524,-0.809017,0.5,-0.8660254,0.0
2025-06-05 00:00:00,1.0,0.21857533,0.9711332,0.42170605,-0.8387108,-0.5088703,0.0,0.0,-0.4324431,-0.3189848,0.30004418,0.7043885,-0.91424054,0.759337,0.5513341,1.4777691,0.5453057,0.93192375,1.4267855,-0.31895682,0.85460144,0.9960272,0.20221315,-0.91707504,-0.9885032,-0.58778524,-0.809017,0.5,-0.8660254,0.0
2025-06-12 00:00:00,1.0,0.6170302,1.1865261,-0.15702298,-0.805749,-0.77843785,0.0,0.0,0.57245797,-0.75200945,-0.18034914,0.25269884,-1.3266299,1.0577308,0.8661579,1.5885159,0.15696299,1.2855972,1.329764,0.9810332,1.0712368,1.3150399,0.5294906,-1.3843677,-1.0377103,-0.58778524,-0.809017,1.2246469e-16,-1.0,0.0
2025-06-19 00:00:00,1.0,-0.49353722,-0.8095365,0.8048794,-0.506544,-0.42518917,0.0,0.0,-0.32010323,-0.88731164,-0.3925757,0.083692625,-1.4356767,0.7150734,0.57139826,1.4368641,0.06959494,2.5792844,1.1472969,0.3571377,0.67618465,0.9393982,0.28239372,-0.8411215,-1.0083054,-0.58778524,-0.809017,1.2246469e-16,-1.0,0.0
2025-06-26 00:00:00,1.0,0.1664612,-0.28274235,-1.1233362,2.4181478,0.13898388,0.0,0.0,0.6626839,-0.6328703,-0.3230016,0.07952183,-1.0159249,0.78906316,0.6477478,1.2536252,0.4504218,0.77961445,1.1861454,0.47889364,0.67092586,0.9266333,0.39280772,1.286718,-0.99062467,-0.58778524,-0.809017,1.2246469e-16,-1.0,0.0
2025-07-03 00:00:00,1.0,0.909727,1.6023719,-0.87329936,-0.9737836,-0.5480641,0.0,0.0,0.6126233,-0.8423328,-0.61869895,-0.2754026,-1.151321,1.2455326,1.114086,1.3699347,0.8476254,0.9757189,1.2806609,0.35323694,1.0231701,1.4149406,0.91663086,-1.0570059,-0.8589487,-0.58778524,-0.809017,1.2246469e-16,-1.0,1.0
2025-07-10 00:00:00,1.0,-0.5912304,-1.3757842,-1.2361294,0.21540992,-0.33069825,0.0,0.0,0.06952451,-0.90103686,-0.7278532,-0.3704443,-1.1923252,0.8147872,0.750595,1.1984107,0.36115685,0.66179866,0.8361754,-0.104361944,0.61899704,0.97303367,0.59312683,-0.49609637,-0.8997633,-0.58778524,-0.809017,-0.5,-0.8660254,0.0
2025-07-17 00:00:00,1.0,-0.032287084,-0.4751354,1.4337046,-0.43089503,-0.36894172,0.0,0.0,0.3504195,-0.9825589,-0.8769301,-0.5480823,-1.2282584,0.7770831,0.7180465,1.0134512,-0.026166927,0.09499438,0.7967519,-0.31897235,0.5442712,0.89764833,0.57826513,-0.6811828,-0.87706643,-0.58778524,-0.809017,-0.5,-0.8660254,0.0
2025-07-24 00:00:00,1.0,0.38840955,0.40414098,0.11489498,0.6370919,0.12146474,0.0,0.0,0.17193198,-0.7223017,-0.7623736,-0.54139286,-0.7917905,0.9867974,0.9180313,0.89691126,0.51192147,0.41326985,1.2002468,-0.0552386,0.6685462,1.0156738,0.7836153,1.2000576,-0.98168087,-0.58778524,-0.809017,-0.5,-0.8660254,0.0
2025-07-31 00:00:00,1.0,-0.40919897,-0.9965514,-0.07950944,-0.13918948,0.7689345,0.0,0.0,1.1185453,0.003861952,-0.20399098,-0.09379793,0.12902056,0.66196305,0.6533896,0.59984964,0.16216648,0.4407433,0.9427169,-0.23863602,0.3947406,0.6035363,0.5270459,1.585929,-0.8465905,-0.58778524,-0.809017,-0.5,-0.8660254,0.0
2025-08-07 00:00:00,1.0,-0.3980416,0.6095905,0.51626647,-0.17306699,-0.5355158,0.0,0.0,-1.4211833,-0.33725947,-0.43372607,-0.26871532,-0.3162098,0.35633618,0.40031362,0.33152276,-0.64046705,0.16703038,0.55205053,-0.25007835,0.14438286,0.3259213,0.34049314,-1.064354,-0.82638204,-0.58778524,-0.809017,-0.5,-0.8660254,0.0
2025-08-14 00:00:00,1.0,0.6167221,0.7149735,0.64141905,-0.54685175,-0.5928499,0.0,0.0,0.6798331,-0.6599474,-0.729027,-0.5860874,-0.6569426,0.7481415,0.74839556,0.2916713,0.10171558,0.33545902,0.92851305,-0.21653506,0.41987377,0.6545457,0.72781265,-1.1195495,-0.7523169,-0.58778524,-0.809017,-0.8660254,-0.5,0.0
2025-08-21 00:00:00,1.0,-0.7512116,-1.569367,-0.8637218,-0.5403886,0.008369207,0.0,0.0,0.55536085,-0.45338637,-0.56847227,-0.43482068,-0.40354317,0.1868594,0.27955732,0.005930367,-0.34246743,-0.26278523,0.7288884,-0.49331513,-0.04532412,0.08875211,0.31051704,1.0019282,-0.6478613,-0.58778524,-0.809017,-0.8660254,-0.5,0.0
2025-08-28 00:00:00,4.0,0.45966458,1.3198253,-0.8039055,-0.47369996,-0.6169298,0.0,0.0,-0.34008244,-0.75601906,-0.8487812,-0.7296017,-0.7320236,0.48802018,0.5424955,-0.060070224,-0.29638678,0.15686034,2.0402484,-0.39648563,0.17190339,0.19978619,0.602871,-1.0524241,-2.376364,-0.58778524,-0.809017,-0.8660254,-0.5,0.0
2025-09-04 00:00:00,1.0,0.2728857,0.08904956,1.3198404,0.17613262,-1.076638,0.0,0.0,0.46718648,-1.101781,-1.1822459,-1.0652521,-1.1325603,0.6662924,0.69787973,-0.039459165,0.123194255,0.20668703,0.7352885,-0.610848,0.44102883,0.32746202,0.83084524,-1.3942233,0.5620411,-0.58778524,-0.809017,-0.8660254,-0.5,0.0
2025-09-11 00:00:00,1.0,0.7101148,0.5400545,0.5068607,-0.0436217,0.58103573,0.0,0.0,0.69449514,-0.9416607,-1.1548307,-1.1513746,-0.78633684,1.1266831,1.111746,0.17437232,0.8097388,0.12124745,0.82414603,-0.22361585,1.3724518,0.7510586,1.3217462,0.69866854,0.534854,-0.58778524,-0.809017,-1.0,-1.8369701e-16,0.0
2025-09-18 00:00:00,1.0,1.0522847,1.5408238,-1.2295156,-0.6527367,-0.6257226,0.0,0.0,0.81444603,-1.047912,-1.3221717,-1.408218,-0.806923,1.676849,1.657222,0.6127611,1.0702937,0.8546209,1.114396,0.86231166,2.221019,1.3905259,1.9866325,-1.0655239,0.6564085,-0.58778524,-0.809017,-1.0,-1.8369701e-16,0.0
2025-09-25 00:00:00,1.0,-0.9376056,-1.5437764,-0.93145996,-0.31404385,-0.77894074,0.0,0.0,-0.7347032,-0.9865826,-1.2711998,-1.3430177,-0.73844427,0.8962601,1.016755,0.536287,0.9504109,0.44837236,0.39530075,0.74671674,0.8940456,0.66193664,1.3678025,-1.1712383,0.7005508,-0.58778524,-0.809017,-1.0,-1.8369701e-16,0.0
2025-10-02 00:00:00,1.0,0.11568623,0.3163618,-0.5389765,1.4785662,0.038621936,0.0,0.0,-0.15243733,-1.0008693,-1.3092558,-1.4218107,-0.7135146,0.94444555,1.0583627,0.4776812,0.7417729,0.32782087,0.5436498,0.9091744,0.89857423,0.6915124,1.4236232,-0.19513103,1.923262,-0.58778524,-0.809017,-1.0,-1.8369701e-16,1.0
2025-10-09 00:00:00,4.0,-0.3036302,-1.2318403,-0.6234761,0.024660254,-1.1501229,0.0,0.0,0.18561682,-1.27623,-1.5366383,-1.6243792,-1.1093708,0.692671,0.8493009,0.31234086,0.39208838,0.37545088,0.59754574,0.15451732,0.47238117,0.42407393,1.2760265,-1.4519656,1.7910309,-0.58778524,-0.809017,-0.8660254,0.5,0.0
2025-10-16 00:00:00,4.0,-0.89458776,-1.2917088,-0.66765124,-0.18910292,1.8205246,0.0,0.0,0.14728382,-0.6799134,-1.0673642,-1.2336265,-0.24808379,0.044336043,0.2994611,-0.14251299,-0.58319956,0.15902413,0.23921542,-0.77562356,-0.6702659,-0.26019055,0.66631603,1.4053153,1.9652941,-0.58778524,-0.809017,-0.8660254,0.5,0.0
2025-10-23 00:00:00,1.0,0.057614278,-0.4571596,-0.29006675,1.3233287,-0.78303367,0.0,0.0,0.40286812,-0.9593474,-1.2797148,-1.4381099,-0.6345219,0.070741445,0.3247288,-0.42724305,-1.1895784,-0.0921665,0.1844748,-0.9330575,-0.6668138,-0.25900313,0.73195523,-1.1496582,1.95,-0.58778524,-0.809017,-0.8660254,0.5,0.0
2025-10-30 00:00:00,1.0,1.0001295,1.5158354,-0.27526826,-1.4551389,0.80552083,0.0,0.0,-0.057655964,-0.7694071,-1.1763976,-1.4506241,-0.24720493,0.75110215,0.90942687,-0.2811809,-0.013065347,0.6910188,0.30796024,-0.11567595,0.54673797,0.44329333,1.3082457,0.95085174,2.0963404,-0.58778524,-0.809017,-0.8660254,0.5,0.0
2025-11-06 00:00:00,4.0,-1.0096071,-1.551899,-0.71938413,-0.7274278,0.7383304,0.0,0.0,-0.10301039,-0.5372897,-0.94562423,-1.2184753,0.025401654,0.017008863,0.272514,-0.5075621,-0.70594954,0.032400638,0.14075117,-0.31175593,-0.7687755,-0.30174628,0.65723556,0.9474219,2.1460254,-0.58778524,-0.809017,-0.8660254,0.5,0.0
2025-11-13 00:00:00,4.0,0.50468606,0.49017838,-0.47877103,1.1937734,-0.8147014,0.0,0.0,0.6011206,-0.852963,-1.1862054,-1.4549758,-0.40091848,0.3441931,0.5609256,-0.5182792,-0.21367954,0.13339286,0.25221106,-0.6004811,-0.18944107,0.021909768,0.9676823,-1.0625165,2.1204355,-0.58778524,-0.809017,-0.5,0.8660254,0.0
2025-11-20 00:00:00,4.0,-0.15130335,-0.55317605,0.35629153,0.34972084,0.30334073,0.0,0.0,0.2217675,-0.7580045,-1.1084054,-1.4026002,-0.24921629,0.22234754,0.4650071,-0.55294925,0.24680884,-0.25415495,-0.09853188,-1.3362129,-0.39458978,-0.081403054,0.8639362,0.2707291,1.5530288,-0.58778524,-0.809017,-0.5,0.8660254,0.0
2025-11-27 00:00:00,1.0,-0.34656882,-0.4648557,0.024120888,0.8347259,-0.4046061,0.0,0.0,-0.40062568,-0.8521371,-1.1636887,-1.4406908,-0.40572742,-0.046349466,0.23808135,-0.6923433,0.00036733667,-0.8892934,-0.0132350875,-1.3897505,-0.8498446,-0.35407427,0.63132524,-0.4969858,1.2709265,-0.58778524,-0.809017,-0.5,0.8660254,0.0
2025-12-04 00:00:00,1.0,1.1465763,1.4128127,0.22869176,-1.5954984,-0.8019228,0.0,0.0,1.230954,-0.7264494,-1.1056807,-1.4704711,-0.10931628,0.75479376,0.9415521,-0.388537,0.07294029,0.04339458,0.37283608,-0.13535395,0.55101836,0.4691438,1.2973377,-1.0180151,1.1325681,-0.58778524,-0.809017,-0.5,0.8660254,0.0
2025-12-11 00:00:00,1.0,0.7237102,1.5730795,-0.19193286,-1.613323,-1.4574499,0.0,0.0,0.68634945,-0.98980105,-1.3151271,-1.6731386,-0.475369,1.1772078,1.3398494,0.019107908,1.1364261,0.31344506,0.47801337,0.5642464,1.2859792,0.9869965,1.7080331,-1.3829101,1.0602098,-0.58778524,-0.809017,-2.4492937e-16,1.0,0.0
2025-12-18 00:00:00,1.0,-0.06490212,-1.294856,-1.1131245,0.24720293,-0.79842645,0.0,0.0,0.70333576,-1.191955,-1.4698439,-1.7917982,-0.8028772,1.0909061,1.2637463,0.2534893,0.7829746,0.42372364,0.593971,0.545471,1.0436071,0.89146423,1.6111689,-1.0973287,0.9395701,-0.58778524,-0.809017,-2.4492937e-16,1.0,0.0
2025-12-25 00:00:00,1.0,0.69915324,1.6723162,-0.7366021,-1.3569977,1.0023774,0.0,0.0,-0.7144774,-0.992463,-1.3552847,-1.7406158,-0.38212633,1.4678506,1.6144522,0.58992636,1.3180048,1.1339968,0.94702005,1.6364408,1.5197493,1.2991134,1.8900832,0.7052994,1.0196252,-0.58778524,-0.809017,-2.4492937e-16,1.0,0.0
2026-01-01 00:00:00,4.0,-0.051733404,-0.34064868,0.27988642,1.0383087,-1.0432925,0.0,0.0,0.052066557,-1.2316222,-1.5263548,-1.8620427,-0.79904723,1.3835803,1.5332187,0.77391183,1.4988847,1.0771405,0.7205133,1.2135321,1.2325794,1.2153554,1.8018109,-1.2235702,0.9430889,-0.58778524,-0.809017,-2.4492937e-16,1.0,1.0
2026-01-08 00:00:00,1.0,0.38239563,1.1832674,0.08640968,-1.0672415,0.31844428,0.0,0.0,-0.48098546,-1.1576384,-1.4905294,-1.8466309,-0.6222803,1.5605533,1.6885388,0.94124335,1.0321021,0.78878057,1.081982,2.0330412,1.3569666,1.3787578,1.9070712,0.10450892,0.850155,-0.58778524,-0.809017,0.5,0.8660254,0.0
2026-01-15 00:00:00,4.0,-0.59999853,-1.5128651,-1.2507033,-0.15598619,-1.1286129,0.0,0.0,-0.3795834,-1.2704887,-1.5572374,-1.862491,-0.86545193,1.0101514,1.249789,0.80561763,0.22566706,0.98301136,0.7392249,1.6664555,0.7320529,0.84331936,1.4855833,-1.2583393,0.80177647,-0.58778524,-0.809017,0.5,0.8660254,0.0
2026-01-22 00:00:00,4.0,0.47210002,0.9321317,0.715374,-1.0734481,0.5201857,0.0,0.0,-0.10567288,-1.1351671,-1.4780405,-1.8193017,-0.5546556,1.275339,1.4726839,0.79222494,0.5604163,0.9641662,0.7953886,2.2754226,0.9989573,1.1250559,1.6546373,0.43153092,0.7196007,-0.58778524,-0.809017,0.5,0.8660254,0.0
2026-01-29 00:00:00,4.0,2.5395741,1.8483113,-1.0147207,-1.632085,3.0,0.0,0.0,0.45583147,0.015881646,-0.7013439,-1.3493508,1.626344,2.3382387,2.569066,1.3475895,1.737157,2.1636178,1.377712,3.0,2.0889378,2.445279,2.477798,1.6860132,0.64588827,-0.58778524,-0.809017,0.5,0.8660254,0.0
2026-02-05 00:00:00,4.0,0.15231352,-0.35143504,0.067099474,1.3915403,1.4724877,0.0,0.0,0.8533225,0.2547494,-0.43134233,-1.11905,1.8154237,2.2911382,2.4959705,1.6600015,1.8664109,2.3829455,1.0774093,3.0,1.6457992,2.2511933,2.2569892,1.4893881,0.53921556,-0.58778524,-0.809017,0.5,0.8660254,0.0
2026-02-12 00:00:00,4.0,0.3869999,0.56817603,-0.13995704,0.3824877,1.9825177,0.0,0.0,-0.6801827,0.7464642,0.027741894,-0.75799423,2.2634246,2.3229465,2.516745,1.7289332,1.8576518,2.0513432,1.4832575,3.0,1.4242727,2.1036932,2.0841453,1.5467912,0.68835163,-0.58778524,-0.809017,0.8660254,0.5,0.0
2026-02-19 00:00:00,4.0,-0.06508594,-0.93575364,-0.46575606,0.5780674,0.07272442,0.0,0.0,1.007549,0.43013358,-0.08772522,-0.79194933,1.6834556,2.2485523,2.4075692,1.8091694,2.1839747,1.7438838,1.4127786,3.0,1.1443915,2.0121424,2.0127265,0.5449926,0.7117708,-0.58778524,-0.809017,0.8660254,0.5,0.0
2026-02-26 00:00:00,4.0,-0.36850187,0.19639048,1.6406487,-0.31204435,-0.29519135,0.0,0.0,-1.0691944,0.06655966,-0.25521973,-0.85177904,1.0468521,1.9781969,2.1608572,1.7038249,1.6967194,1.6641871,1.3977419,3.0,0.8446363,1.7899992,1.8652264,-0.058176868,0.67956734,-0.58778524,-0.809017,0.8660254,0.5,0.0
2026-03-05 00:00:00,4.0,-0.3437137,-1.0591317,-1.0712898,0.7911188,1.3661335,0.0,0.0,1.1899117,0.4094629,0.048291113,-0.5904369,1.3684846,1.7375594,1.9486966,1.2766323,-0.14961222,1.215336,1.5836868,2.7243216,0.61077523,1.3799219,1.5704429,1.4434557,0.5893642,-0.58778524,-0.809017,0.8660254,0.5,0.0
2026-03-12 00:00:00,4.0,0.63138956,0.2955556,0.059681557,0.8765358,1.7066981,0.0,0.0,0.56427205,0.8403611,0.41198817,-0.31960693,1.781574,1.985074,2.1591556,1.050461,0.16435598,1.6108037,1.7861174,2.8401272,0.72579306,1.5083864,1.6257849,1.4905076,0.43732366,-0.58778524,-0.809017,1.0,6.123234e-17,0.0
2026-03-19 00:00:00,4.0,-0.2661626,-0.39758116,-0.46175462,1.7782217,0.7054678,0.0,0.0,-0.023180839,0.82343453,0.51181245,-0.1783302,1.5675913,1.8024828,1.9914851,0.78105295,-0.27662382,1.3211308,1.3974204,2.4204152,0.51999587,1.2394557,1.4478203,1.2081705,0.32180256,-0.58778524,-0.809017,1.0,6.123234e-17,0.0
