date,regime,log_return,body_ratio,upper_wick_ratio,lower_wick_ratio,range_zscore,volume_zscore,volume_delta,gap,atr7_norm,atr14_norm,atr28_norm,atr_ratio,rsi14,rsi28,macd_hist,roc_5,roc_10,roc_20,roc_60,bb_position,dist_sma20,dist_sma50,range_percentile,corr_index,dow_sin,dow_cos,month_sin,month_cos,quarter_end_flag
2015-09-23 00:00:00,4.0,0.28478616,0.31954074,3.0,-0.9889365,-0.72859055,-1.1693115,0.079483956,0.14680023,-0.6359628,-0.33528617,0.17661603,-0.9690481,1.1382211,0.46240133,2.0001228,0.9048901,1.1703422,2.2939014,-0.64198047,1.9458165,1.698628,0.6255347,-0.43916073,-2.1583562,0.95105654,0.309017,-1.0,-1.8369701e-16,0.0
2015-09-24 00:00:00,4.0,-1.0823365,-0.44322476,-0.6552791,1.1548387,0.36011732,0.058740363,1.9315499,-1.1684597,-0.048794482,0.079889104,0.5418745,-0.32619846,0.4547885,-0.00786412,1.4115351,-0.34614953,-0.048404936,1.5673267,-0.5752039,0.6454917,0.8766295,0.15723401,0.79455864,-1.9746839,0.58778524,-0.809017,-1.0,-1.8369701e-16,0.0
2015-09-25 00:00:00,4.0,-0.339132,-0.92958915,-0.13506441,-0.69118446,-0.7961554,-0.88076437,-1.1290983,0.0025406722,-0.28462684,-0.10931387,0.3894649,-0.56205755,0.20733371,-0.17909771,1.0467745,-0.47390407,0.26971814,1.6388123,-0.8394139,0.081136346,0.51576716,-0.21104074,-0.6872161,-1.0241948,-0.58778524,-0.809017,-1.0,-1.8369701e-16,1.0
2015-09-29 00:00:00,4.0,0.43555474,0.9187397,0.70944035,0.1696601,-0.50112045,-0.6097276,0.16986819,-0.107492805,-0.4235605,-0.27352554,0.19632095,-0.64917237,0.39245522,-0.01345804,0.8454536,-0.44464827,0.40358683,0.9587295,-0.7904642,0.38932574,0.6867554,-0.0012516455,-0.24248716,-1.9033422,-0.95105654,0.309017,-1.0,-1.8369701e-16,1.0
2015-09-30 00:00:00,4.0,-1.4269369,0.0975194,-1.0737873,2.7561612,-1.1276877,0.82142335,1.4090648,-2.5262806,0.20193812,0.22555643,0.68388665,-0.029561095,-0.32255608,-0.58010197,0.28156444,-1.041963,-0.22414914,0.5340331,-1.129812,-0.9276059,-0.14199579,-0.57077146,-1.3700632,-2.0325968,0.95105654,0.309017,-1.0,-1.8369701e-16,1.0
2015-10-02 00:00:00,4.0,0.9473756,0.64872366,0.6768861,0.68398726,-0.84175205,0.20031312,-0.650972,1.0761926,-0.031747326,0.01855147,0.426157,-0.20677397,0.23558594,-0.11200085,0.1614644,-0.7234956,0.13310651,0.7579367,-0.34966463,-0.12983517,0.31345308,-0.037261296,-0.9525711,-1.6253473,0.58778524,-0.809017,-1.0,-1.8369701e-16,1.0
2015-10-05 00:00:00,4.0,1.8053448,1.7691185,-0.7895465,-0.8122731,0.008678916,0.27346855,-0.054926943,1.4010478,0.1607831,0.09712349,0.3500674,0.11682757,1.3040835,0.8400681,0.47873294,0.7079474,0.2626971,1.8117437,0.38085327,1.388512,1.2680603,1.3127022,0.13572766,-1.7928358,-0.95105654,0.309017,-0.8660254,0.5,0.0
2015-10-06 00:00:00,4.0,1.0063746,-0.37418675,-0.100472376,0.84544927,-0.7986088,-1.0089304,-1.2366581,1.7126604,0.07348627,0.012367333,0.20646246,0.06998945,1.7464767,1.267767,0.89977926,1.3912232,0.6537939,2.2577484,1.6378695,2.084515,1.6680686,1.881796,-1.1417984,-1.1370167,0.0,1.0,-0.8660254,0.5,0.0
2015-10-07 00:00:00,4.0,0.048708625,-1.1472505,-1.0882542,-0.18539934,0.49653113,-0.5932435,0.33962616,1.1971679,0.02302815,-0.016054273,0.1718304,0.005797253,1.6401074,1.204755,1.1431186,1.2084637,0.54553556,2.1885781,0.9893078,1.843355,1.5066621,1.8647641,0.56170857,-1.1430491,0.95105654,0.309017,-0.8660254,0.5,0.0
2015-10-08 00:00:00,4.0,1.9437559,1.9184508,-0.9786218,-0.9024228,1.8255684,1.851054,2.7488756,0.15605225,0.29689607,0.11891392,0.15558685,0.43660283,2.3510628,1.9789171,1.555221,2.7042007,1.2984295,2.7650192,1.160244,2.9755273,2.1804926,2.813072,1.525402,-1.2438643,0.58778524,-0.809017,-0.8660254,0.5,0.0
2015-10-09 00:00:00,4.0,-0.30987284,-0.8407627,-1.0485126,0.46108848,0.17058378,-0.0366242,-1.3249365,0.2117858,0.08366765,0.013048088,0.09298115,0.14749408,2.0156772,1.7493671,1.7271875,2.0335495,1.0759839,1.9532968,0.84034026,2.2488594,1.8376093,2.499522,0.15495226,-2.0088851,-0.58778524,-0.809017,-0.8660254,0.5,0.0
2015-10-12 00:00:00,4.0,0.39032203,-0.4989284,1.4103098,-1.0972186,0.13472672,0.98157454,0.7350681,0.93021166,-0.013327544,-0.05728473,0.012140761,0.05346555,2.0310056,1.8080988,1.7772347,1.3173751,1.5791613,1.2944741,0.9957757,2.212269,1.8828762,2.541835,0.094141394,-0.59868723,-0.95105654,0.309017,-0.8660254,0.5,0.0
2015-10-13 00:00:00,4.0,0.815546,1.2867053,-0.019581387,-0.19509849,-1.0234965,-0.12500547,-0.9110413,0.50864166,-0.341453,-0.32020238,-0.24382702,-0.28934383,2.1948895,2.024124,1.926001,1.2452935,1.9172938,1.855283,1.2436271,2.2741823,2.1182382,2.7620325,-1.2191783,-0.33504847,0.0,1.0,-0.8660254,0.5,0.0
2015-10-14 00:00:00,4.0,-0.23681872,-0.20878638,0.92434794,0.09189748,-0.44095728,-0.41696623,-0.43708026,-0.30366838,-0.60290056,-0.5218918,-0.3995292,-0.61751693,1.9105604,1.8159647,1.8660564,1.1206373,1.648328,1.7278107,1.0974101,1.8129876,1.8432245,2.491959,-0.5161595,-0.20314112,0.95105654,0.309017,-0.8660254,0.5,0.0
2015-10-15 00:00:00,4.0,-0.30282038,0.6835035,1.769757,-0.41020492,-0.8730497,-1.1592375,-0.8616322,-0.8560514,-0.85599446,-0.7363141,-0.5721443,-0.9370639,1.6265597,1.6091896,1.6633539,0.15483572,1.9819664,1.5151858,0.8210237,1.435124,1.5598133,2.2338302,-1.1254638,-0.06988331,0.58778524,-0.809017,-0.8660254,0.5,0.0
2015-10-16 00:00:00,4.0,1.2712839,1.4097892,-0.47870764,-0.04267101,0.24103315,-0.027155248,1.3069438,0.79083556,-0.6831562,-0.70936006,-0.66025615,-0.57187057,2.0044537,2.0136826,1.5857532,0.8401658,1.9941565,1.821124,1.1790731,1.8029628,1.9790303,2.6680312,0.11531529,0.4442876,-0.58778524,-0.809017,-0.8660254,0.5,0.0
2015-10-19 00:00:00,4.0,0.5601761,-0.25845462,-0.19390014,1.0559176,-0.83426046,-0.02375909,-0.1505976,0.82246035,-0.89153564,-0.9042433,-0.86794126,-0.79633814,2.0740411,2.1094127,1.6468382,0.9138359,1.5379695,1.5205802,1.2374899,1.779552,2.1125085,2.7525396,-0.97888273,0.3769019,-0.95105654,0.309017,-0.8660254,0.5,0.0
2015-10-20 00:00:00,4.0,0.11111918,0.18969871,-0.7575451,2.5606108,-1.0093901,-1.3504854,-1.3084173,-0.04143536,-1.1950756,-1.1611476,-1.1030921,-1.2030833,1.98557,2.0299742,1.6569854,0.61089206,1.277265,1.5392793,1.4084113,1.5825845,2.0491142,2.6644762,-1.4935236,0.3661585,0.0,1.0,-0.8660254,0.5,0.0
2015-10-22 00:00:00,4.0,-0.12365331,0.28537953,0.3280281,1.6655118,-0.7660072,-1.2723415,-0.24328211,-0.41662964,-1.3373557,-1.3106666,-1.2522391,-1.3806542,1.7829884,1.8715941,1.4917289,0.6576891,1.2215011,1.387174,1.2532343,1.3526168,1.8442639,2.4710941,-1.1473109,0.83692735,0.95105654,0.309017,-0.8660254,0.5,0.0
2015-10-23 00:00:00,4.0,-0.27802268,0.9545608,-0.343157,0.7766773,-1.2782071,-0.9524414,0.3067487,-0.82050055,-1.385783,-1.3913462,-1.344196,-1.4157109,1.512849,1.6637353,1.1741021,0.6644868,0.5651794,1.3547007,1.3100508,1.1071503,1.537441,2.2270641,-1.5989236,0.41551358,-0.58778524,-0.809017,-0.8660254,0.5,0.0
2015-10-26 00:00:00,4.0,0.85829914,-0.7552057,-1.1589459,0.7679463,-1.173406,-0.7000333,0.24901082,1.2667866,-1.2459158,-1.3657215,-1.4094296,-1.0813594,1.7374467,1.8696141,1.0292988,0.4797439,0.89985895,1.4610349,1.9824619,1.2606183,1.7982764,2.448347,-1.5417242,0.82585347,-0.95105654,0.309017,-0.8660254,0.5,0.0
2015-10-27 00:00:00,4.0,-0.034640208,-1.3819451,-1.1240636,-0.7105783,0.5784142,-0.6716419,-0.17284077,0.8425887,-1.1378607,-1.3157015,-1.4027373,-0.8658031,1.6136985,1.7544357,0.82507515,0.22381546,0.7722337,1.6870484,1.7841803,1.1059182,1.5490547,2.2846532,0.1419528,0.731946,0.0,1.0,-0.8660254,0.5,0.0
2015-10-28 00:00:00,4.0,0.1320926,0.9548295,-1.068151,1.4796982,-0.19016457,-0.5268535,0.056800775,-0.37327856,-1.2147748,-1.3867263,-1.4900641,-0.960829,1.5760168,1.7084006,0.6672964,0.2318583,0.5705902,1.7542012,1.6702543,1.0271537,1.4299136,2.2313955,-0.5035486,0.59231,0.95105654,0.309017,-0.8660254,0.5,0.0
2015-10-29 00:00:00,4.0,-0.42411515,-0.8548212,0.106386624,-0.59814364,-0.6071915,-0.784255,-0.5095276,-0.3901077,-1.3071944,-1.457118,-1.5515883,-1.1188357,1.2403511,1.4625257,0.36284596,0.106034584,0.5170346,1.526082,1.5760374,0.76882225,1.035665,1.988321,-1.1085348,0.29126537,0.58778524,-0.809017,-0.8660254,0.5,0.0
2015-10-30 00:00:00,4.0,-0.2848186,-1.5432799,-1.0926353,-1.155986,-0.26301605,0.049362544,0.950685,0.2394728,-1.3399663,-1.4941806,-1.595763,-1.1551973,1.0073606,1.2867819,-0.017087387,0.10605497,0.5224442,1.7610193,1.3699094,0.5651438,0.6553014,1.8035605,-0.6656085,0.5729386,-0.58778524,-0.809017,-0.8660254,0.5,0.0
2015-11-02 00:00:00,4.0,-0.40437168,-0.87629116,0.13488753,-0.760576,-0.32324988,-0.37520924,-0.6116624,-0.25425157,-1.3632659,-1.5212442,-1.6267933,-1.1829934,0.7292281,1.0797476,-0.4604185,-0.433479,0.035103083,1.4301552,1.3657709,0.2220902,0.22380674,1.5833793,-0.712697,0.67655903,-0.95105654,0.309017,-0.8660254,0.5,0.0
2015-11-03 00:00:00,4.0,-0.6381396,-0.5949943,0.7022662,-0.6473177,0.02556714,0.002382793,0.24846476,-0.63731706,-1.259298,-1.4557879,-1.5792443,-0.9754286,0.36370185,0.8055462,-0.97806287,-0.68892735,-0.31274477,0.8691581,1.1672541,-0.38322002,-0.28370142,1.2531035,-0.24304631,-0.5341522,0.0,1.0,-0.5,0.8660254,0.0
2015-11-04 00:00:00,4.0,0.61634356,-0.13987848,2.0918236,-0.9715951,-0.9980246,-0.5029843,-0.6428039,0.74861205,-1.1917354,-1.4326823,-1.6085011,-0.7678469,0.61616015,0.9832825,-1.1171013,-0.4808497,-0.16825557,0.7820167,1.2124656,-0.12223991,-0.021188209,1.4297142,-1.4729192,-1.2079875,0.95105654,0.309017,-0.5,0.8660254,0.0
2015-11-05 00:00:00,4.0,1.3207593,1.3012246,1.0809014,-1.2100078,2.238489,1.7026623,2.6560454,0.49022594,-0.50923365,-1.0032411,-1.3573741,0.59970146,1.1367208,1.3926315,-0.7464508,0.27026632,0.2540695,1.0409751,1.5735625,0.92367464,0.57048035,1.6856455,1.5144122,-1.9775816,0.58778524,-0.809017,-0.5,0.8660254,0.0
2015-11-06 00:00:00,4.0,0.056155056,0.38684464,1.5443168,0.4893134,-0.32346728,-0.4694814,-1.6626991,-0.1743186,-0.8178707,-1.1631575,-1.4722311,0.053004142,1.1010119,1.3473804,-0.60073113,0.4146056,0.35179603,0.6469958,1.4380379,0.824022,0.5352707,1.6520572,-0.9616118,-2.3517575,-0.58778524,-0.809017,-0.5,0.8660254,0.0
2015-11-09 00:00:00,4.0,-0.40708664,-0.3480401,-0.8346544,1.3714653,-0.9876456,-0.67257065,-0.39121503,-0.64184964,-0.96523815,-1.2325044,-1.5092345,-0.2378804,0.8169359,1.1370168,-0.6359022,0.40968335,-0.013519744,0.6241123,1.3182611,0.24696408,0.2340398,1.4232213,-1.4795095,-1.8293467,-0.95105654,0.309017,-0.5,0.8660254,0.0
2015-11-10 00:00:00,4.0,-0.29238546,0.15760188,2.2666945,-0.6466792,0.45980555,-0.18893467,0.26673368,-0.543696,-1.032307,-1.2642264,-1.5261185,-0.37019718,0.60927284,0.97881234,-0.759697,0.5530209,-0.08913309,0.48247024,1.2169185,-0.23808987,0.0018274855,1.2359283,-0.03553689,-1.4115609,0.0,1.0,-0.5,0.8660254,0.0
2015-11-11 00:00:00,4.0,-0.8006163,-0.7097848,-0.46157295,0.18317257,-0.33023033,0.5853444,0.46703795,-0.9426158,-0.88535184,-1.1473941,-1.4182801,-0.13426815,0.18900302,0.66274244,-1.0399677,-0.049510784,-0.3586789,0.15073498,1.316754,-1.1128675,-0.45097157,0.8631227,-1.0378877,-1.3410143,0.95105654,0.309017,-0.5,0.8660254,0.0
2015-11-12 00:00:00,4.0,-0.06106814,-0.17610821,1.2737118,-0.4411435,-0.6358125,-0.4818723,-0.86982507,-0.15075327,-1.1545535,-1.3143977,-1.5373853,-0.6565619,0.11874459,0.60162693,-1.2860564,-0.64316463,-0.25454623,0.18707338,1.1943619,-1.1248058,-0.56088376,0.7992446,-1.1891359,-1.4456983,0.58778524,-0.809017,-0.5,0.8660254,0.0
2015-11-13 00:00:00,4.0,1.4481704,1.822815,-0.33976352,-1.0399382,2.2283816,0.69680905,0.93217427,0.34364015,-0.6863165,-1.0462925,-1.4031541,0.3765703,0.7693842,1.077144,-0.89886904,-0.04024742,0.2534603,0.55007035,1.490371,0.26947266,0.22931582,1.1818014,1.2831131,-2.9911745,-0.58778524,-0.809017,-0.5,0.8660254,0.0
2015-11-16 00:00:00,4.0,-1.2112918,-0.6293443,-0.5656555,0.51740366,-0.26459736,1.1028557,0.15430804,-1.5259433,-0.34291935,-0.7687965,-1.1615869,0.85924387,0.18351135,0.6254201,-0.9725364,-0.39723307,0.008534757,0.030974627,1.2579422,-1.0091366,-0.38895452,0.69215995,-0.9423443,-2.7952003,-0.95105654,0.309017,-0.5,0.8660254,0.0
2015-11-17 00:00:00,4.0,-0.94841975,0.8833917,1.8165613,-1.2299352,-0.4665577,0.5735182,-0.47410297,-1.6430668,-0.28242707,-0.6624473,-1.0420172,0.8214472,-0.20304698,0.30091637,-1.222979,-0.691672,-0.09144744,-0.28747165,1.1791378,-1.5984652,-0.8103257,0.34423614,-1.133285,-3.0,0.0,1.0,-0.5,0.8660254,0.0
2015-11-18 00:00:00,4.0,0.7054986,-0.13773909,1.851025,-0.86959887,0.19316196,-0.019366123,-0.4917007,1.0233246,-0.22679345,-0.6007139,-1.0097064,0.8986604,0.080052994,0.51360816,-1.1708716,-0.036542922,-0.058580417,-0.16184223,1.4491636,-0.91204506,-0.4359838,0.5023006,-0.14400843,-2.9031005,0.95105654,0.309017,-0.5,0.8660254,0.0
2015-11-19 00:00:00,1.0,-0.17605291,-1.2458214,-0.7401577,-0.6079922,-0.32337293,-1.2727772,-1.0113952,0.14661607,-0.62532264,-0.8155947,-1.1349205,0.18370414,-0.025230719,0.42815158,-1.2307723,-0.08907229,-0.5037213,-0.17484,1.5720953,-0.980668,-0.5587948,0.39452556,-1.0309844,-2.6578512,0.58778524,-0.809017,-0.5,0.8660254,0.0
2015-11-20 00:00:00,4.0,0.8170332,1.2918653,0.5591211,-0.9329674,-0.6657991,-0.7164167,0.42049822,0.7289667,-0.6588826,-0.84818816,-1.1744334,0.17004322,0.3303577,0.69355893,-1.0094774,-0.3766205,-0.27994692,0.059035912,1.8568566,-0.28551534,-0.1372267,0.6079493,-1.1174622,-2.4306757,-0.58778524,-0.809017,-0.5,0.8660254,0.0
2015-11-23 00:00:00,4.0,0.64936805,1.4546001,-0.7552003,-0.005987553,1.1305728,-1.1325344,-0.4581671,-0.16365708,-0.6577641,-0.8487978,-1.1798097,0.21725681,0.60200757,0.9036186,-0.7019481,0.49057558,0.025812373,0.007581291,2.4955332,0.3237446,0.21951246,0.7833115,0.8294212,-2.5570283,-0.95105654,0.309017,-0.5,0.8660254,0.0
2015-11-24 00:00:00,4.0,-0.3126715,-0.7555414,-0.16207772,-0.04141248,-0.34860316,-1.4854873,-0.5112239,-0.1937675,-0.93719137,-1.003985,-1.2596548,-0.32107678,0.45636094,0.7967264,-0.57219577,0.87283874,0.028240792,-0.048974402,2.2355218,0.13274112,0.09019736,0.6916741,-0.9216407,-2.3987055,0.0,1.0,-0.5,0.8660254,0.0
2015-11-25 00:00:00,4.0,-0.29888114,0.16560198,-0.34019497,2.2372937,-0.17284942,-0.9652007,0.34191346,-0.4944794,-1.0657704,-1.0831838,-1.2949448,-0.57980204,0.31237715,0.6989171,-0.54002124,0.38591424,0.21349743,-0.14279757,2.2523046,-0.03998376,-0.03689733,0.58058286,-0.6031999,-2.2447789,0.95105654,0.309017,-0.5,0.8660254,0.0
2015-11-26 00:00:00,4.0,-0.3027855,-0.14983457,0.7857687,0.32493296,-0.28201,0.09704888,0.90085286,-0.39447322,-1.2491171,-1.1994268,-1.3558046,-0.97095495,0.1451762,0.5790362,-0.58568406,0.3427031,0.14547531,-0.11028931,1.7290416,-0.27177373,-0.19663693,0.4507507,-0.87277156,-2.0342324,0.58778524,-0.809017,-0.5,0.8660254,0.0
2015-11-27 00:00:00,1.0,-0.07247665,-1.3033834,-0.6714693,-0.7409793,1.1585019,-1.0454077,-0.98986006,0.9649921,-1.1349843,-1.1494424,-1.3178124,-0.6366855,0.10060465,0.5436445,-0.6094982,-0.16982844,-0.43218315,-0.06155236,1.768042,-0.27163252,-0.20864709,0.39339018,0.9215694,-1.9427277,-0.58778524,-0.809017,-0.5,0.8660254,0.0
2015-11-30 00:00:00,4.0,-1.2864534,-1.6091427,-1.1458086,-1.0346409,2.308917,2.0235689,2.8250496,0.15590186,-0.6621402,-0.8623798,-1.0971342,0.35970134,-0.6055561,0.05587235,-0.91784614,-1.1728913,-0.41339594,-0.24390663,1.4727349,-1.4438431,-0.9593243,-0.11174061,1.790792,-1.8966533,-0.95105654,0.309017,-0.5,0.8660254,0.0
2015-12-01 00:00:00,4.0,-0.26615793,0.36141402,1.6692455,-0.13358708,0.49958047,3.0,1.1624839,-0.5524303,-0.73634577,-0.8873354,-1.0987002,0.18123585,-0.7652292,-0.05938541,-1.1594096,-1.1290512,-0.12526666,-0.15256736,1.6302354,-1.4849572,-1.123172,-0.2318028,0.7771386,-1.6226695,0.0,1.0,-0.5,0.8660254,0.0
2015-12-02 00:00:00,4.0,1.106188,1.2482291,0.014110364,-0.45442447,0.8043941,0.9812791,-1.191238,0.7581093,-0.45474648,-0.74367046,-1.0359063,0.8614192,-0.033474278,0.42164955,-0.9449654,-0.4203947,-0.022727972,-0.06547737,1.8783652,-0.38849849,-0.36711752,0.17006075,1.0309005,-1.1990201,0.95105654,0.309017,-2.4492937e-16,1.0,0.0
2015-12-03 00:00:00,4.0,0.21293673,0.24543872,0.5770117,1.1992388,-0.2974223,0.40460467,-0.6434437,0.26069018,-0.7896579,-0.9156306,-1.137107,0.13796957,0.116811834,0.53177893,-0.75790524,-0.1665711,0.15049258,-0.38263273,1.8973575,-0.04624888,-0.16014333,0.24533834,-0.54513675,-1.1442785,0.58778524,-0.809017,-2.4492937e-16,1.0,0.0
2015-12-04 00:00:00,4.0,-0.28937277,1.2343045,0.6275129,-1.2092985,-0.6112946,-0.54076123,-0.9126964,-0.8229807,-1.0908606,-1.0851346,-1.2294502,-0.55978996,-0.07554785,0.42149684,-0.6695978,-0.28448102,-0.38999927,-0.5034891,1.9316438,-0.17813686,-0.28713185,0.11663048,-0.88582885,-1.045147,-0.58778524,-0.809017,-2.4492937e-16,1.0,0.0
2015-12-07 00:00:00,1.0,-0.6312816,1.4862953,-0.99670637,-0.072288394,-0.8431717,0.25184527,0.77388185,-1.3258064,-0.9969614,-1.0396535,-1.1867776,-0.33619153,-0.5349882,0.11289538,-0.73022425,0.08636094,-0.95933026,-0.57043433,1.4507544,-0.76301914,-0.6842386,-0.18346755,-1.1116683,-1.1739684,-0.95105654,0.309017,-2.4492937e-16,1.0,0.0
2015-12-08 00:00:00,1.0,-0.1168373,-1.5107462,-0.75511986,-1.1232901,-0.5474323,-0.4606488,-0.7459403,0.35829222,-1.2967063,-1.2178197,-1.2858516,-0.93742895,-0.61101025,0.041362308,-0.7832161,0.17462939,-0.8571978,-0.5231333,0.96361446,-0.7939121,-0.7243901,-0.2963161,-0.83314526,-1.2121013,0.0,1.0,-2.4492937e-16,1.0,0.0
2015-12-09 00:00:00,1.0,-1.0833813,-0.81975424,-1.1635671,0.9379149,0.8656915,0.79035586,1.227772,-0.8084501,-0.8366235,-0.9737947,-1.1231412,0.1561113,-1.2764385,-0.4592905,-0.99498737,-0.92692435,-1.1228682,-0.5515625,1.06635,-1.6519802,-1.3588189,-0.7576474,1.2326174,-1.0189699,0.95105654,0.309017,-2.4492937e-16,1.0,0.0
2015-12-10 00:00:00,1.0,-0.38251075,0.6617196,1.2917254,-0.5200288,-0.9358645,-0.27373707,-0.9177966,-0.73051155,-1.2037091,-1.1734837,-1.2265346,-0.58781296,-1.4752808,-0.6543451,-1.2218242,-1.2153705,-1.1265694,-0.6576999,1.0136458,-1.6647936,-1.5979141,-1.0179714,-1.1967893,-0.94739044,0.58778524,-0.809017,-2.4492937e-16,1.0,0.0
2015-12-11 00:00:00,1.0,-0.36639607,0.06846964,1.9957074,-0.42754683,0.15728112,0.27551243,0.41790894,-0.5127965,-1.2989942,-1.2503546,-1.2675195,-0.7654092,-1.6496707,-0.84904647,-1.3816772,-1.2430966,-1.2181591,-1.3160841,0.90409446,-1.7059453,-1.6968731,-1.2732352,0.22163063,-0.37219745,-0.58778524,-0.809017,-2.4492937e-16,1.0,0.0
2015-12-14 00:00:00,4.0,-0.870836,-1.4953432,-0.9548901,-0.8303372,1.0480648,-0.15190849,-0.5330729,-0.015950182,-1.1178069,-1.164259,-1.2090255,-0.4232172,-2.0447924,-1.273342,-1.5737227,-1.3087825,-0.97690594,-1.1551658,0.80767596,-1.8619572,-2.093388,-1.6905731,1.2727151,-0.43555376,-0.95105654,0.309017,-2.4492937e-16,1.0,0.0
2015-12-15 00:00:00,4.0,-0.5381234,1.4259832,-0.3712341,-0.5335686,1.7697777,0.6557895,0.662105,-1.9504273,-0.5279571,-0.839318,-1.0242065,0.7399692,-2.1827776,-1.5018123,-1.6116674,-1.4700922,-1.0556433,-0.9546687,0.4284182,-1.7657514,-2.0981708,-1.7548568,1.8084823,0.027971061,0.0,1.0,-2.4492937e-16,1.0,0.0
2015-12-16 00:00:00,1.0,-0.097862415,0.6278163,1.7707412,-1.1477488,0.11162668,0.29042965,-0.3907214,-0.46460617,-0.7309839,-0.932451,-1.0721198,0.30901712,-2.127656,-1.544483,-1.6571655,-1.0144638,-1.5456004,-1.2712013,0.44280726,-1.4754851,-2.0205016,-1.815887,0.5612157,0.089999445,0.95105654,0.309017,-2.4492937e-16,1.0,0.0
2015-12-17 00:00:00,1.0,1.5759724,1.3835546,0.18467012,-1.1477488,-0.06537461,0.40446264,0.039179336,1.3238833,-0.17700186,-0.63979733,-0.95648116,1.4202749,-0.81186193,-0.59931403,-1.1259842,-0.13205,-1.0670775,-0.7401804,0.6217017,-0.6156265,-0.88807607,-1.053149,0.29253647,0.68656105,0.58778524,-0.809017,-2.4492937e-16,1.0,0.0
2015-12-18 00:00:00,1.0,0.6097995,0.39729166,1.0159386,0.26336432,0.16579543,0.24518748,-0.21897784,0.5981166,-0.29750434,-0.67094606,-0.97901005,1.1608387,-0.3754413,-0.26057154,-0.67127633,0.31029078,-0.73353,-0.8840306,0.7896286,-0.24589269,-0.45966315,-0.81587654,0.71142006,0.4417757,-0.58778524,-0.809017,-2.4492937e-16,1.0,0.0
2015-12-21 00:00:00,4.0,-0.4169775,0.71342,1.3096442,-0.75258833,1.3077092,0.6074544,0.22977594,-1.0582364,-0.2669212,-0.6023661,-0.9191919,1.1016184,-0.6191508,-0.49389368,-0.41094378,0.51877046,-0.6299466,-1.2295192,0.67288613,-0.37577426,-0.57673174,-0.97631246,1.4338753,0.40452492,-0.95105654,0.309017,-2.4492937e-16,1.0,0.0
2015-12-22 00:00:00,4.0,0.103500545,1.3414832,0.21902888,-1.1293733,-0.0068247826,-0.7274175,-1.0347496,-0.6063391,-0.54027045,-0.73732823,-0.9903251,0.55996644,-0.53568393,-0.45360115,-0.18153493,0.8066236,-0.55195814,-1.0775056,0.97193605,-0.24504586,-0.42494872,-0.96700186,0.58294857,0.44643548,0.0,1.0,-2.4492937e-16,1.0,0.0
2015-12-23 00:00:00,4.0,0.096537724,-0.17920399,-0.40006444,1.7482413,-1.315174,-1.6466583,-1.1454756,0.1973653,-1.0635147,-1.0451221,-1.1614132,-0.4384707,-0.44903243,-0.41385213,0.040560883,0.8988134,-0.10894209,-0.93787044,1.110636,-0.116055034,-0.2909972,-0.9983064,-1.1803787,0.50213486,0.95105654,0.309017,-2.4492937e-16,1.0,0.0
2015-12-24 00:00:00,4.0,0.7239529,1.3359184,-0.18818532,-0.732408,0.34113398,-1.1466956,0.43678206,0.116497986,-1.0167817,-1.0651151,-1.202096,-0.28152004,0.12168496,0.07290093,0.38923123,0.505005,0.30189794,-0.63503826,1.1715692,0.38563976,0.24366754,-0.65971863,1.0825772,0.67241055,0.58778524,-0.809017,-2.4492937e-16,1.0,0.0
2015-12-28 00:00:00,4.0,0.2724071,-1.3613126,-0.7652468,-0.64348805,-1.5308585,-1.736187,-1.2071801,0.7097,-1.2747661,-1.2598109,-1.3355153,-0.69210255,0.3550229,0.28974223,0.71964103,0.35196114,0.5438861,-0.54505736,1.6851304,0.6512872,0.5168409,-0.5535973,-1.2294359,0.642177,-0.58778524,-0.809017,-2.4492937e-16,1.0,1.0
2015-12-29 00:00:00,4.0,-0.92403334,-1.4360043,-1.1778611,-0.44620597,0.90897644,-1.1588161,0.74228096,-0.055408243,-1.1314853,-1.2001287,-1.3016042,-0.4055886,-0.30478218,-0.35625353,0.67984146,0.14958487,0.5584817,-0.35390937,1.303197,0.12069385,-0.019405287,-0.98574406,1.107824,0.7891394,0.0,1.0,-2.4492937e-16,1.0,1.0
2015-12-30 00:00:00,1.0,0.29824808,1.1315603,-0.47697535,0.22664548,-0.8959109,-1.5111699,-0.50049347,-0.078879684,-1.4810568,-1.4556788,-1.4685699,-0.95204985,-0.06767953,-0.1339415,0.763843,0.22700334,0.85962,-0.18742833,0.83974546,0.31796804,0.19270693,-0.8457966,-0.7242212,0.7972177,0.95105654,0.309017,-2.4492937e-16,1.0,1.0
2015-12-31 00:00:00,1.0,-0.4988614,-1.4169129,-0.8440388,-0.8390683,0.72270215,-0.5903069,1.2589793,0.45440182,-1.3771279,-1.4402027,-1.4713377,-0.6661582,-0.40462685,-0.49400476,0.6514883,-0.029456623,0.7302981,-0.69123846,0.47032502,0.10268351,-0.043588664,-1.0435731,0.91701543,0.64293396,0.58778524,-0.809017,-2.4492937e-16,1.0,1.0
2016-01-04 00:00:00,4.0,0.1308236,0.5104464,0.956143,0.13407706,-1.2984612,-1.7862482,-1.8612881,0.01358995,-1.7893032,-1.7493039,-1.6693923,-1.3336138,-0.29044044,-0.39907125,0.65583277,-0.33017376,0.16836637,-0.73308206,0.4872561,0.28778148,0.13560061,-0.9939743,-1.1412724,0.72322524,-0.58778524,-0.809017,-2.4492937e-16,1.0,1.0
2016-01-05 00:00:00,4.0,-2.4853196,-1.3175554,-1.1300529,-0.29284215,3.0,1.4171848,3.0,-0.77359146,0.16817766,-0.5852798,-1.011422,1.7504504,-1.6753497,-1.9494338,-0.03247396,-1.6574676,-0.85898334,-1.2733629,-0.4965143,-1.2845014,-1.0827613,-1.7485486,2.3521018,1.0229253,0.0,1.0,0.5,0.8660254,0.0
2016-01-06 00:00:00,4.0,-0.53196186,-0.50927204,0.31060675,0.117122345,1.2848455,0.81088644,-0.4477962,-0.06800306,0.42876562,-0.35934824,-0.8888812,1.8312382,-1.8471831,-2.1585972,-0.45159897,-1.5307899,-0.8659927,-1.1940717,-0.5148286,-1.4274039,-1.2008358,-1.7918524,1.8539068,1.3327123,0.95105654,0.309017,0.5,0.8660254,0.0
2016-01-07 00:00:00,4.0,-0.8234491,-1.0166987,-0.2970278,-0.49398342,0.23519158,1.2061204,0.1655492,-0.26531202,0.20405316,-0.4096728,-0.89644915,1.3387495,-2.089064,-2.4503753,-0.86388487,-2.0946202,-1.1771609,-1.3450476,-0.78815114,-1.6274414,-1.5028179,-2.0062206,1.0066651,1.3796518,0.58778524,-0.809017,0.5,0.8660254,0.0
2016-01-08 00:00:00,4.0,-2.645022,-1.4001356,-0.7849765,-1.0099943,2.1790783,3.0,1.8022461,-1.2037073,2.1518111,1.0713394,-0.06199206,2.7429636,-2.7133088,-3.0,-1.386132,-3.0,-2.1196265,-1.6922724,-1.5317098,-2.1497016,-2.252026,-2.3916497,1.9675276,1.6323081,-0.58778524,-0.809017,0.5,0.8660254,0.0
2016-01-11 00:00:00,4.0,0.67666155,-0.042459596,0.38130143,1.1143256,0.17146306,1.355631,-0.8729231,0.9973321,1.4856299,0.86630034,-0.15512718,1.946563,-2.2174797,-2.6943874,-1.6355464,-2.6804821,-2.1507604,-1.3974854,-1.3359461,-1.4489017,-1.872824,-2.0984235,1.128136,1.455134,-0.95105654,0.309017,0.5,0.8660254,0.0
2016-01-12 00:00:00,4.0,-2.2290704,-0.7512292,0.26113766,-0.5590853,-0.42733943,1.3049389,-0.094215564,-2.5964386,2.6588671,2.1088872,0.6853902,2.5522742,-2.5609818,-3.0,-1.870559,-2.5198333,-2.9992797,-1.8485571,-1.7037272,-1.6784022,-2.347359,-2.3468912,0.14585117,1.1525398,0.0,1.0,0.5,0.8660254,0.0
2016-01-13 00:00:00,4.0,-0.56734693,-1.0783131,-0.25462478,-0.88924336,1.4255213,0.7660601,-0.46532238,0.9049572,2.642293,2.462448,1.0791353,2.2900693,-2.5228548,-3.0,-2.028689,-2.4509337,-2.8915002,-1.7341528,-2.1400046,-1.4187043,-2.305956,-2.270468,1.7910062,1.037826,0.95105654,0.309017,0.5,0.8660254,0.0
2016-01-14 00:00:00,4.0,1.2000637,-0.17503408,1.017603,-0.032712925,0.95800877,0.6709996,-0.1917354,1.9308647,2.775642,2.7678945,1.4335343,2.3177178,-1.8885096,-2.3697891,-1.7508789,-1.5727832,-2.5609033,-1.2765096,-2.0251644,-0.92193943,-1.6895933,-1.7858679,1.6607293,0.5550959,0.58778524,-0.809017,0.5,0.8660254,0.0
2016-01-15 00:00:00,4.0,-0.29566813,1.3921299,-0.4252947,-0.16920978,0.85781294,0.61997056,-0.1494477,-1.9472791,2.521307,2.7421055,1.7072384,1.9906048,-1.915915,-2.353497,-1.5696511,-0.5663553,-2.456267,-1.3285106,-2.056401,-0.82911676,-1.6946124,-1.7503695,1.5959094,0.46114525,-0.58778524,-0.809017,0.5,0.8660254,0.0
2016-01-18 00:00:00,4.0,-1.0723444,-1.1616405,-0.6428667,-0.7598989,0.34425375,0.80065787,0.0563667,-0.13147461,2.0355256,2.4793384,1.8259038,1.4559523,-2.0646737,-2.4905698,-1.5754391,-1.3340902,-2.7635868,-2.0152555,-2.1589131,-0.8716801,-1.9757639,-1.9313927,1.0739448,0.28954518,-0.95105654,0.309017,0.5,0.8660254,0.0
2016-01-19 00:00:00,4.0,-1.0119908,-0.078163736,1.3445497,-0.14979504,-0.3644046,0.8895631,-0.011520156,-1.2666878,1.6902872,2.2618606,1.9101669,1.0532557,-2.1530116,-2.5629232,-1.6366258,-0.78771216,-2.2618523,-2.3644006,-2.1961262,-0.87235683,-2.1776214,-2.0764036,0.35285053,0.60803825,0.0,1.0,0.5,0.8660254,0.0
2016-01-20 00:00:00,4.0,1.9662181,1.6701814,-1.1639504,-0.08492903,1.1508316,0.5301837,-0.39390573,0.3892066,1.6867018,2.1451364,1.8350011,1.1309164,-1.2360066,-1.7319481,-1.1258131,0.37019753,-1.4728178,-1.7508388,-1.988617,-0.35255498,-1.3197696,-1.5269473,1.5471215,0.67806625,0.95105654,0.309017,0.5,0.8660254,0.0
2016-01-21 00:00:00,5.0,-2.797548,-1.3466407,-1.2771819,-0.49072394,1.3676804,1.3174253,0.69474196,-1.6285913,3.0,3.0,3.0,2.1375744,-1.7509962,-2.258229,-1.0283426,-1.5326293,-2.1560183,-2.4963353,-2.3817747,-0.7825468,-1.8716973,-1.780533,1.4953837,0.691051,0.58778524,-0.809017,0.5,0.8660254,0.0
2016-01-22 00:00:00,5.0,-1.1446257,-1.0741663,-0.3462399,-1.0018898,2.2124374,1.3232095,-0.005274839,1.3009123,3.0,3.0,3.0,2.3432586,-1.8914926,-2.3680365,-1.0592482,-1.9128512,-1.7331697,-2.7800682,-2.4792686,-0.8085203,-1.8723055,-1.7593144,1.6843749,0.49461865,-0.58778524,-0.809017,0.5,0.8660254,0.0
2016-01-25 00:00:00,5.0,2.3509924,0.63069737,-0.50025785,2.2959664,0.13708104,0.8843091,-0.35935566,2.7161283,3.0,3.0,3.0,2.168711,-0.9120626,-1.469646,-0.5686052,-0.26454636,-1.096601,-2.3043482,-1.906053,-0.20405318,-0.8744135,-1.1958872,1.0772623,0.85879,-0.95105654,0.309017,0.5,0.8660254,0.0
2016-01-26 00:00:00,5.0,1.1923362,0.22420365,1.8101536,0.27624875,-1.1023239,-0.052018113,-0.75459236,1.4933696,2.4070268,2.7579534,2.7931895,1.5621659,-0.4800146,-1.0601534,0.008961263,0.78402716,0.019733641,-2.1034954,-1.6033787,0.13448131,-0.3573887,-0.955125,-0.42894167,0.6233474,0.0,1.0,0.5,0.8660254,0.0
2016-01-27 00:00:00,4.0,-1.5825467,-1.0764185,-0.89166605,-0.13188429,-0.52618307,0.014258563,-0.006945925,-1.3676318,2.3880994,2.7796476,2.9282343,1.3940775,-0.85084426,-1.389039,0.17370082,-0.90341425,-0.3977584,-2.3593857,-1.7524515,-0.18304928,-0.75499016,-1.2096046,0.48615408,0.31169745,0.95105654,0.309017,0.5,0.8660254,0.0
2016-01-28 00:00:00,4.0,0.91411376,-0.7677517,-1.2026775,1.2415982,-0.5921539,0.017194845,-0.06262346,1.9009545,1.783443,2.293026,2.5161984,0.8324866,-0.53210217,-1.0853224,0.484248,0.8887674,-0.42125088,-2.123561,-1.443411,0.08530822,-0.3354793,-1.0458078,0.4216933,0.1306507,0.58778524,-0.809017,0.5,0.8660254,0.0
2016-01-29 00:00:00,4.0,0.729829,0.9756529,-0.7761889,1.398709,-0.9063497,-0.048385564,-0.12708978,0.26988924,1.0740229,1.738088,2.0608444,0.10412324,-0.29050836,-0.8596494,0.8771357,1.7629694,-0.059083503,-1.7848699,-1.4212983,0.311144,-0.00011558861,-0.9618107,-0.12153979,0.23455593,-0.58778524,-0.809017,0.5,0.8660254,0.0
2016-02-01 00:00:00,4.0,1.9664071,1.8545755,-1.0285268,-1.0549041,1.3670287,0.8060924,0.4042599,-0.23549604,1.3174515,1.7510078,1.9758248,0.508071,0.44324112,-0.20077951,1.5324157,1.5891945,1.0081776,-1.2670751,-1.3350275,1.0311056,0.92104566,-0.42411327,1.5550826,0.6958773,-0.95105654,0.309017,0.5,0.8660254,0.0
2016-02-02 00:00:00,4.0,-0.12452933,-0.7231786,-1.1820319,1.3846475,-0.41350913,-1.1290934,-0.93392223,0.51297265,0.969458,1.4898994,1.7967135,0.09530841,0.37669984,-0.25619683,1.8984876,0.9496243,1.2683741,-0.7541262,-1.3457204,1.0649035,0.93533456,-0.47362754,0.58669883,0.56562465,0.0,1.0,0.8660254,0.5,0.0
2016-02-03 00:00:00,4.0,-0.34899175,-0.007562513,1.5966022,-0.0486868,-1.123249,-0.7172936,0.1596021,-0.5637121,0.4771622,1.1278523,1.5437933,-0.4946939,0.22590397,-0.37165132,2.0389345,1.532708,0.5216631,-0.7516087,-1.3048048,0.94474953,0.83597374,-0.62355024,-0.39001805,0.56921804,0.95105654,0.309017,0.8660254,0.5,0.0
2016-02-04 00:00:00,4.0,-1.4436508,0.7243311,-0.5511492,1.8409941,-0.78882015,0.14407538,0.34498674,-2.5455294,1.2970188,1.6390988,1.972102,0.36615974,-0.25553527,-0.7545673,1.6382746,0.3696561,0.9094901,-1.0249718,-1.4582915,0.10629718,0.32044303,-0.8263872,0.14170106,0.40835884,0.58778524,-0.809017,0.8660254,0.5,0.0
2016-02-05 00:00:00,4.0,0.87911123,0.110874906,2.2863162,-0.58042496,-1.3370683,-1.4381658,-0.7902994,1.0592188,0.9539429,1.3617889,1.7203664,0.034392394,0.075737275,-0.4657829,1.6000712,0.4540802,1.5927489,-0.08589453,-1.1550008,0.6041462,0.6772305,-0.605377,-0.99590373,0.13335402,-0.58778524,-0.809017,0.8660254,0.5,0.0
2016-02-11 00:00:00,5.0,0.55035424,0.18540743,1.431687,0.73133993,-1.271501,-1.8971834,-0.5910018,0.5685524,0.38784233,0.94242865,1.3826088,-0.595007,0.257978,-0.30154884,1.6790283,-0.23992264,0.97236204,-0.07858122,-1.0466597,0.9510578,0.9041651,-0.5213014,-1.1148146,0.07757389,-0.95105654,0.309017,0.8660254,0.5,0.0
2016-02-12 00:00:00,4.0,-2.4246774,0.7733387,0.6012202,0.07072738,-1.1386226,-0.15686212,1.0599098,-3.0,1.6688858,1.7869536,2.075103,0.7201917,-0.5124339,-0.92815715,1.0797933,-1.4101909,-0.35742876,-0.3064277,-1.6657928,-0.9216015,-0.049092617,-0.9206163,-0.92050123,0.30070528,-0.58778524,-0.809017,0.8660254,0.5,0.0
2016-02-15 00:00:00,4.0,-0.61160034,0.5308851,1.8995705,-1.1125528,-0.87505984,0.26456016,0.07420509,-1.1234863,1.1323885,1.4757957,1.8738776,0.07517562,-0.6963585,-1.0752883,0.6786897,-1.5183144,-0.020814406,-0.36584765,-1.5089694,-1.1180053,-0.3474656,-1.1665267,-0.5528506,0.16420718,-0.95105654,0.309017,0.8660254,0.5,0.0
2016-02-16 00:00:00,4.0,2.2850633,1.7725161,-0.9166657,-1.1125528,-0.38194385,-0.53777504,-0.4827963,1.6817105,1.3980639,1.5329125,1.7860007,0.5505463,0.28513652,-0.24054313,0.82317466,0.3578799,0.5404886,0.12358523,-0.9669276,0.4784286,0.665947,-0.37230632,0.19200419,0.72683185,0.0,1.0,0.8660254,0.5,0.0
2016-02-17 00:00:00,4.0,0.8743497,0.7909378,0.7474091,-0.3716111,-0.21660277,-0.14731081,0.06834546,0.50365704,1.0027617,1.2572516,1.5522892,0.14891514,0.5857172,0.036165178,1.0802464,0.37938428,0.61773413,0.5115607,-0.94788396,1.112834,0.9964414,-0.13161035,0.34614822,0.8484588,0.95105654,0.309017,0.8660254,0.5,0.0
2016-02-18 00:00:00,4.0,-0.508718,-1.0604995,-0.10322339,-0.89445573,0.5433032,-0.6327986,-0.38043994,0.40941715,0.9113989,1.2011173,1.5287758,0.004106162,0.36133388,-0.12977453,1.1141998,-0.15145662,-0.28888714,0.61883986,-0.98941654,0.5748515,0.7249506,-0.26315632,1.1440932,0.6089658,0.58778524,-0.809017,0.8660254,0.5,0.0
2016-02-19 00:00:00,4.0,1.6494421,-0.3197357,-0.5574097,1.8960071,-1.0237423,-0.17399307,0.09024123,2.1778502,0.96966344,1.158058,1.4146985,0.20198934,0.99943495,0.44941595,1.381204,1.8646883,0.40554774,1.4694577,-0.8692312,1.8308953,1.3488104,0.32714158,-1.216157,0.31452686,-0.58778524,-0.809017,0.8660254,0.5,0.0
2016-02-22 00:00:00,4.0,-0.08220127,0.8010603,0.5157952,0.0031244,-1.1283116,-1.5610291,-0.9044115,-0.4830643,0.2828224,0.7246377,1.1204267,-0.65143657,0.9232122,0.40135074,1.5744535,2.05506,0.49939138,0.90469456,-0.99303395,1.66655,1.2826923,0.23855397,-1.4412464,0.3510883,-0.95105654,0.309017,0.8660254,0.5,0.0
2016-02-23 00:00:00,4.0,0.7645265,1.1809369,0.39695498,-1.0857755,-0.89505637,-1.5221028,-0.2524236,0.42863446,-0.07611059,0.42284435,0.8654458,-1.0241711,1.1951623,0.6607852,1.778882,1.3240235,1.3139873,1.9425081,-0.8291344,2.0428002,1.5312421,0.51049614,-1.275268,0.061373014,0.0,1.0,0.8660254,0.5,0.0
2016-02-24 00:00:00,4.0,-0.00089933403,-0.6974682,-0.9541356,1.4107331,-0.58981043,-1.37935,-0.09234991,0.22177657,-0.42600694,0.13802963,0.6506873,-1.4302584,1.1291456,0.63094014,1.8608464,0.89959806,0.9931709,2.1863348,-0.792047,1.762622,1.384056,0.4759923,-0.83758855,0.10856533,0.95105654,0.309017,0.8660254,0.5,0.0
2016-02-25 00:00:00,4.0,-0.57520884,-0.37527868,-0.16063061,1.323312,0.4792134,-1.0604581,0.037953965,-0.5205295,-0.29496062,0.15803431,0.65905905,-1.2042682,0.8084448,0.40728027,1.633422,0.8631613,0.57141846,1.2971649,-0.8423038,1.0434675,0.9679748,0.25677812,0.52488667,-0.3019476,0.58778524,-0.809017,0.8660254,0.5,0.0
2016-02-26 00:00:00,4.0,-0.8408727,-1.482142,-1.1995032,-0.78647554,0.851142,-0.7330888,0.044871423,0.15951142,-0.19002917,0.18721737,0.6868292,-1.044123,0.40122852,0.10146039,1.2456462,-0.36507112,1.1341813,0.6717019,-0.97451264,0.19039938,0.4680671,-0.10187611,0.7934344,-0.18418509,-0.58778524,-0.809017,0.8660254,0.5,0.0
2016-02-29 00:00:00,4.0,1.7140231,1.1368612,-0.29114962,-0.12188783,0.5445527,-0.019639354,0.33330625,1.31123,0.24426669,0.35144168,0.6898052,-0.2928851,1.164145,0.7926035,1.2287636,0.5388613,1.9678102,1.6874007,-0.48654667,1.516972,1.2212263,0.8230675,0.5839866,-0.060788337,-0.95105654,0.309017,0.8660254,0.5,0.0
2016-03-01 00:00:00,4.0,-0.67997503,-1.2290516,-1.05302,-0.13454013,0.60844505,-0.92487323,-0.6628224,0.043918997,0.14295232,0.30293554,0.6719509,-0.45090598,0.79168826,0.5147597,1.0771708,-0.18119897,0.86398286,1.1848537,-0.5673468,0.7136012,0.7750345,0.49612924,0.5759399,0.23364083,0.0,1.0,0.8660254,0.5,0.0
2016-03-02 00:00:00,4.0,1.1218958,0.95551795,-1.0082945,1.5251428,0.45385322,-0.24933033,0.31590933,0.67692524,-0.045887325,0.13327599,0.49185982,-0.5836865,1.2382537,0.944978,1.1521999,0.38629273,0.9685103,1.3313553,-0.56365997,1.5290878,1.2436937,1.0381216,0.51742196,0.41561422,0.95105654,0.309017,1.0,6.123234e-17,0.0
2016-03-03 00:00:00,4.0,1.9718158,1.4498088,-0.34517035,-1.0335609,0.31368995,2.4183738,1.5772189,1.6008083,0.5165956,0.4001965,0.5619172,0.3209114,1.9669609,1.7114773,1.3981388,1.6608573,1.883497,1.4039688,-0.2481426,2.8124464,2.0251377,2.0762987,0.10580303,-0.13959217,0.58778524,-0.809017,1.0,6.123234e-17,0.0
2016-03-04 00:00:00,4.0,-0.069862925,-0.68797296,-1.1206324,1.6970848,0.5461928,0.4764378,-0.86252445,0.31880215,0.19338395,0.22943512,0.45103353,-0.12011755,1.8216848,1.6248835,1.5479134,1.9652303,1.2453576,1.3955803,-0.2211456,2.3440845,1.8784488,2.043329,0.2518115,-0.2028656,-0.58778524,-0.809017,1.0,6.123234e-17,0.0
2016-03-07 00:00:00,4.0,0.8128747,1.1097252,-0.69629025,0.68344986,-0.39672908,0.8331859,0.085269846,0.42790338,-0.17512256,-0.02541198,0.23896003,-0.5385859,2.013008,1.8693476,1.7274464,1.5238681,1.5510607,1.7199806,0.043809235,2.3774729,2.1321476,2.3990383,-0.8177814,-0.42937306,-0.95105654,0.309017,1.0,6.123234e-17,0.0
2016-03-08 00:00:00,4.0,0.04678454,-0.9394849,-0.68758374,0.31488246,-0.20502664,0.9187061,-0.10755572,0.49648756,-0.4810464,-0.2395683,0.08104236,-0.92669934,1.9050702,1.8017465,1.7618337,1.8176521,1.282619,2.065736,0.072775945,1.9962149,1.9854295,2.358684,-0.6669529,-0.3741481,0.0,1.0,1.0,6.123234e-17,0.0
2016-03-09 00:00:00,4.0,-0.3590499,-0.75350666,-1.034519,1.3799398,-0.25977212,-0.37867877,-0.75570714,-0.14452589,-0.63703483,-0.36848333,-0.011488422,-1.1052306,1.595643,1.5683308,1.5961676,1.1244137,1.1387925,1.6776743,0.17381556,1.5613327,1.6570276,2.0980792,-0.6483305,-0.23118606,0.95105654,0.309017,1.0,6.123234e-17,0.0
2016-03-10 00:00:00,4.0,0.041396588,1.0327471,-0.9023945,1.1556783,-0.9848475,-1.0166891,-0.55530155,-0.49354443,-0.92863625,-0.6037339,-0.196554,-1.4475985,1.5112115,1.5039672,1.4374278,0.22295679,1.3302784,1.5153358,0.24834225,1.3925471,1.5703691,2.0600526,-1.3364697,0.08102006,0.58778524,-0.809017,1.0,6.123234e-17,0.0
2016-03-11 00:00:00,4.0,0.047989357,-0.33349863,0.9730948,0.07418343,0.034389902,-0.45173094,0.27964935,0.19890091,-0.99308115,-0.712582,-0.30683014,-1.4418454,1.4355145,1.4439931,1.219566,0.27918106,1.5975683,2.094656,0.32393748,1.2567997,1.4011662,2.0170472,-0.25138155,-1.2369063,-0.58778524,-0.809017,1.0,6.123234e-17,0.0
2016-03-14 00:00:00,4.0,0.71660554,1.4290931,-0.69474643,-0.54276013,1.6085197,1.114322,0.95699483,-0.37817633,-0.7772037,-0.6614528,-0.343749,-0.97873235,1.6554844,1.6507486,1.0929173,0.2339758,1.25333,2.3367274,0.6315679,1.5009594,1.509722,2.2540653,1.1245224,-0.31005174,-0.95105654,0.309017,1.0,6.123234e-17,0.0
2016-03-15 00:00:00,4.0,0.74931884,0.7058784,0.63406456,0.06056305,-1.0648726,0.44636485,-0.44507822,0.6329715,-0.7921411,-0.7300523,-0.45607635,-0.87789696,1.8561207,1.8448073,1.1201622,0.5711649,1.6975417,1.9031768,0.88559943,1.6668075,1.6959203,2.4767432,-1.298136,-1.5510088,0.0,1.0,1.0,6.123234e-17,0.0
2016-03-16 00:00:00,4.0,-0.38981247,-0.036498293,1.4815903,0.43484917,-1.6912475,-0.85520345,-0.89909685,-0.6280201,-1.0729742,-0.92838675,-0.6045383,-1.2570274,1.521474,1.5874171,1.0228544,0.55617553,1.1916064,1.5534257,0.8202739,1.2692758,1.3817195,2.2252755,-1.7069782,-1.6298546,0.95105654,0.309017,1.0,6.123234e-17,0.0
2016-03-17 00:00:00,4.0,-0.02376911,-0.53525734,-0.27052745,1.0125492,-0.3677502,-0.7005414,-0.064652555,0.15416884,-1.1941448,-1.0561315,-0.7330765,-1.3656341,1.414282,1.5001245,0.84772515,0.5239754,0.5259915,1.6314466,0.55477726,1.1055692,1.2130488,2.1433287,-0.82175475,-0.8395409,0.58778524,-0.809017,1.0,6.123234e-17,0.0
2016-03-18 00:00:00,4.0,0.8088087,-0.57449406,-0.19743611,0.76026106,-0.77699137,0.5604754,0.8866912,1.2474331,-0.97405916,-0.990023,-0.7704091,-0.88988376,1.6664851,1.7289677,0.7818374,0.87887365,0.8133189,1.4177517,0.6389772,1.3299086,1.4468082,2.3376875,-1.0826333,0.042733397,-0.58778524,-0.809017,1.0,6.123234e-17,0.0
2016-03-21 00:00:00,4.0,0.55252534,0.89047176,-0.692074,1.3561124,-0.9515951,1.3907002,0.46215987,0.29748803,-1.2135189,-1.1852186,-0.96609545,-1.1754837,1.7817059,1.8385401,0.8635369,0.797747,0.72242796,1.5407271,0.84725773,1.3840014,1.610352,2.4790328,-1.1573377,-0.017743047,-0.95105654,0.309017,1.0,6.123234e-17,0.0
2016-03-22 00:00:00,4.0,0.09051917,-0.44083408,-0.11627756,0.98852634,-1.1898366,-0.068053894,-0.82611144,0.16713473,-1.4368608,-1.3714979,-1.1439253,-1.4694433,1.7230368,1.781402,0.8742311,0.48708603,0.73343664,1.3658961,0.8712228,1.226202,1.5504028,2.4297407,-1.2887975,-0.16412859,0.0,1.0,1.0,6.123234e-17,0.0
2016-03-23 00:00:00,4.0,0.004362998,-0.7304552,-1.0783502,1.3358307,-0.7292394,-0.6567092,-0.5025087,0.22265786,-1.5271189,-1.481198,-1.2731035,-1.5357345,1.6236457,1.6966393,0.77592033,0.6763999,0.8478053,1.3456343,0.883924,1.0657284,1.4100573,2.3065274,-0.86646026,-0.26503485,0.95105654,0.309017,1.0,6.123234e-17,0.0
2016-03-24 00:00:00,4.0,-0.08512634,0.079738975,0.47920033,1.7560308,-0.7419827,-0.93197566,-0.35913992,-0.24913886,-1.6011146,-1.578717,-1.3947365,-1.5827572,1.4718792,1.5856415,0.5979899,0.64710605,0.8033649,1.4276403,0.76265436,0.9076387,1.203627,2.1679895,-1.0614063,0.10500632,0.58778524,-0.809017,1.0,6.123234e-17,0.0
2016-03-29 00:00:00,4.0,-0.72184294,-0.61480653,-0.16634095,0.43330032,0.011787624,-0.26408708,0.4447921,-0.7404304,-1.2736639,-1.3997439,-1.3002799,-0.9659614,0.92515826,1.2251219,0.13290894,-0.07525099,0.55376166,1.4208621,0.5754988,0.4740982,0.5543164,1.6744372,-0.4122615,1.3461016,-0.58778524,-0.809017,1.0,6.123234e-17,1.0
2016-03-30 00:00:00,4.0,0.13791405,-0.07649887,-1.0950706,3.0,-1.2162012,-0.63461244,-0.41443637,0.08776024,-1.5221522,-1.586343,-1.4870172,-1.3188484,0.9392762,1.2251945,-0.14770347,-0.2718342,0.36564162,1.0674342,0.84682596,0.44635367,0.5174542,1.6810486,-1.5118018,2.067127,0.95105654,0.309017,1.0,6.123234e-17,1.0
2016-03-31 00:00:00,4.0,1.3434956,1.8553045,-0.8101625,-1.2790453,0.92628926,1.1637039,1.302466,0.6385771,-1.0545568,-1.3520414,-1.4298034,-0.35126984,1.4797475,1.6599566,-0.022280455,0.3298281,0.564492,1.4920768,1.2394228,1.2495046,1.0508559,1.9715257,0.29055095,1.3580017,0.58778524,-0.809017,1.0,6.123234e-17,1.0
2016-04-01 00:00:00,4.0,-0.025463995,-0.18758866,0.36089465,1.0563956,-0.45608383,0.3944693,-0.48818615,-0.052728467,-1.2829022,-1.4941784,-1.5677185,-0.6893647,1.3828328,1.574735,0.01763797,0.31542376,0.6851966,1.2311065,1.3743848,1.1750969,0.90697926,1.88579,-0.95142835,1.0333802,-0.58778524,-0.809017,1.0,6.123234e-17,1.0
2016-04-05 00:00:00,4.0,-0.7453521,-1.3878382,-1.0684938,-0.70512044,1.684484,0.11224252,-0.38058195,-0.047052503,-1.1072352,-1.3799751,-1.5037404,-0.3756377,0.8452565,1.2033973,-0.23821855,-0.0034018466,0.44516328,0.636223,1.1580987,0.4227392,0.37759534,1.4571633,0.8553445,0.5358668,-0.95105654,0.309017,0.8660254,-0.5,0.0
2016-04-06 00:00:00,4.0,-0.91294616,-1.0736737,-1.0651627,0.18864052,-0.24066684,0.8469806,0.5013073,-0.83459735,-0.7991201,-1.156044,-1.3427353,0.06623502,0.32209355,0.810931,-0.6579836,-0.0956072,-0.11745673,0.45339176,1.3868611,-0.48895353,-0.1643174,1.0235531,-0.7511854,1.4429611,0.95105654,0.309017,0.8660254,-0.5,0.0
2016-04-07 00:00:00,4.0,0.1385658,1.4351187,0.2099356,-1.3480273,-0.8805793,-0.7205847,-1.2730103,-0.39058307,-1.1517456,-1.3621296,-1.5194405,-0.48874792,0.34994915,0.82091266,-0.9408684,-0.095638104,-0.25282976,0.3067544,1.5403453,-0.4341997,-0.14821701,1.0442702,-1.5252177,1.373656,0.58778524,-0.809017,0.8660254,-0.5,0.0
2016-04-08 00:00:00,1.0,0.21578889,-0.13980755,0.49481383,1.0858163,0.047497228,-0.15680562,0.37335837,0.28762528,-1.2789644,-1.4528062,-1.6228448,-0.66813076,0.42362303,0.8620341,-1.0716761,-0.6519955,-0.2124291,0.34341505,1.7566386,-0.31484267,-0.07876474,1.0620385,-0.38968465,0.8088485,-0.58778524,-0.809017,0.8660254,-0.5,0.0
2016-04-11 00:00:00,1.0,0.32353002,1.7915102,-1.0534508,-1.1267647,1.8590579,-0.31439734,-0.2238435,-0.9170244,-1.0775267,-1.3320991,-1.5679559,-0.2922389,0.56683636,0.95068157,-1.0283704,-0.5052207,-0.11262467,0.4901114,2.3232248,-0.10873119,0.048524294,1.0780249,0.9908057,0.56513447,-0.95105654,0.309017,0.8660254,-0.5,0.0
2016-04-12 00:00:00,4.0,0.21949713,1.1217293,0.5019055,-1.0934304,1.429779,-1.0043509,-0.70050234,-0.5302733,-0.96459204,-1.252135,-1.5310395,-0.07964254,0.65647584,0.9989105,-0.9491284,-0.01811689,-0.014142621,0.52748233,2.1573932,0.022540051,0.10764439,1.0729438,0.75157696,0.5901308,0.0,1.0,0.8660254,-0.5,0.0
2016-04-13 00:00:00,4.0,0.16950326,0.85035735,0.27774766,-0.15785502,-0.96243864,-1.5846274,-0.9135392,-0.10026878,-1.2512267,-1.4147583,-1.6526448,-0.6133985,0.7387689,1.0414208,-0.90591556,0.56384003,0.29383376,0.55429983,2.5224333,0.15094669,0.14836629,1.130779,-1.4727468,0.6233681,0.95105654,0.309017,0.8660254,-0.5,0.0
2016-04-14 00:00:00,4.0,1.9140334,1.6102675,-0.9082425,-1.1084589,2.9139502,2.6152546,3.0,0.8669239,-0.36557436,-0.89090985,-1.3461717,1.12597,1.5896978,1.689627,-0.2920695,1.5409223,0.9264317,0.8032089,2.9141676,2.1131527,1.0585955,1.5032247,1.6320242,1.0963937,0.58778524,-0.809017,0.8660254,-0.5,0.0
2016-04-15 00:00:00,4.0,0.46269497,-0.858867,-0.037793957,0.11292815,0.38484877,1.3181094,-0.724755,1.0961806,-0.36667117,-0.8352826,-1.2978965,1.0966159,1.7166734,1.7867591,0.14184609,1.6768985,0.6180713,0.7359393,2.6442091,1.9333082,1.2181655,1.5428889,0.1937371,1.2673486,-0.58778524,-0.809017,0.8660254,-0.5,0.0
2016-04-18 00:00:00,4.0,-0.14075674,-0.5250986,0.107260324,0.8131276,-0.33502224,-0.30960575,-1.148061,0.016529432,-0.6957684,-0.9791517,-1.3670361,0.44963202,1.6194612,1.6936533,0.39827594,1.4118727,0.60177505,0.7920637,2.519796,1.4747437,1.1374722,1.499657,-0.5559436,1.134846,-0.95105654,0.309017,0.8660254,-0.5,0.0
2016-04-19 00:00:00,4.0,-0.55260414,0.32738906,-0.7424971,2.2537146,-0.531844,-0.29456675,-0.063957386,-0.8825681,-0.6455585,-0.9082773,-1.2815441,0.46718615,1.2339385,1.4388995,0.3234349,1.0164865,0.7395119,0.6886385,2.448763,0.92670465,0.76510006,1.2762955,-1.1238546,0.7815981,0.0,1.0,0.8660254,-0.5,0.0
2016-04-20 00:00:00,4.0,0.7127686,-0.033241257,-0.52948344,2.680062,-0.16079603,-0.15287794,-0.010473082,0.9769277,-0.6892439,-0.92529744,-1.2961386,0.40734592,1.5452975,1.6690805,0.44396374,1.3124608,1.4814494,0.6739772,2.6067934,1.2520978,1.1682373,1.4607403,-0.20787396,0.56439924,0.95105654,0.309017,0.8660254,-0.5,0.0
2016-04-21 00:00:00,4.0,-0.69164664,-1.0946913,-0.9976364,0.36262763,1.5246835,0.59504896,0.4762075,-0.09011932,-0.55252725,-0.80509466,-1.1751486,0.5762679,1.0481881,1.3467858,0.21198137,-0.109345734,1.1684386,0.4083816,2.1061423,0.6892675,0.6954155,1.1732808,1.5551184,0.44256237,0.58778524,-0.809017,0.8660254,-0.5,0.0
2016-04-22 00:00:00,4.0,1.0755066,1.2770525,-0.8174786,-0.25991562,0.91121274,0.57157856,-0.10545817,0.51389635,-0.40200752,-0.7115254,-1.12216,0.9240412,1.4935111,1.6842492,0.31350112,0.1925321,1.6229494,0.6276709,2.60754,1.1808681,1.2767075,1.3914727,1.0949141,-0.5392413,-0.58778524,-0.809017,0.8660254,-0.5,0.0
2016-04-25 00:00:00,4.0,-0.6674012,0.20510215,-0.056179233,1.5479023,-1.0285375,-0.6040784,-0.9133392,-0.8784574,-0.5228814,-0.73800886,-1.0981499,0.6474525,1.1326803,1.4491544,0.16365856,-0.08175914,1.2728912,0.5116291,2.5646744,0.72311944,0.93315434,1.2056183,-1.4009757,-0.53525716,-0.95105654,0.309017,0.8660254,-0.5,0.0
2016-04-26 00:00:00,4.0,-0.6699267,-1.1120859,-0.4323728,-0.115727164,-0.5262833,-0.8179981,-0.29091808,-0.38079688,-0.7361468,-0.8276254,-1.1175945,0.20240785,0.7310614,1.1861552,-0.21116471,-0.114194945,0.9064867,0.4070368,2.0492852,0.31682262,0.5338971,1.0281683,-0.7457393,-0.49077055,0.0,1.0,0.8660254,-0.5,0.0
2016-04-27 00:00:00,4.0,0.22281429,0.11970674,-0.8107019,2.471389,1.3319985,-0.35969454,0.3198812,0.21032019,-0.6118636,-0.7590359,-1.0652179,0.49844936,0.8611717,1.2606465,-0.47301084,-0.42634013,0.9352638,0.6705673,1.8626904,0.38300338,0.6029862,1.0198499,1.7204753,-0.55432343,0.95105654,0.309017,0.8660254,-0.5,0.0
2016-04-28 00:00:00,4.0,-0.3101385,-0.170179,0.98485637,0.8147529,-0.7460916,-0.6150419,-0.33891124,-0.29228103,-0.95019096,-0.93262076,-1.1499966,-0.20287733,0.7216602,1.1654855,-0.75736487,-0.17902559,-0.2735274,0.5997613,2.0047586,0.18731532,0.41619065,0.95405364,-1.0378537,-0.40153608,0.58778524,-0.809017,0.8660254,-0.5,0.0
2016-04-29 00:00:00,4.0,-0.051030617,-0.53561395,0.90735775,0.039948963,1.774166,0.6996505,1.0714613,0.4505903,-0.58037907,-0.7404634,-1.0227425,0.59402674,0.7447038,1.1673249,-0.9985454,-0.84023803,-0.5871058,0.2122017,1.8247259,0.14317606,0.32507098,0.84565765,1.8569897,-0.85471547,-0.58778524,-0.809017,0.8660254,-0.5,0.0
2016-05-03 00:00:00,4.0,-1.217535,-1.3272933,-0.5872317,-0.5039515,-0.28948796,0.48197356,-0.26364097,-0.87501615,-0.32852808,-0.5614076,-0.8680352,0.925716,-0.14819323,0.6344628,-1.535356,-1.1205317,-1.1555799,-0.10150849,1.5322633,-0.526949,-0.59240365,0.42844105,0.17041935,-0.42184132,-0.95105654,0.309017,0.8660254,-0.5,0.0
2016-05-04 00:00:00,4.0,-1.4364232,-1.7826031,-1.0277075,-1.3083261,1.6198132,0.79693866,0.12544873,-0.13295932,0.008152263,-0.3189358,-0.6677774,1.3255895,-1.0103999,0.041134488,-2.1838522,-1.5052565,-1.5435538,-0.2618396,1.0549563,-1.3000942,-1.5651531,-0.040082265,1.8638629,1.1826961,0.95105654,0.309017,0.5,-0.8660254,0.0
2016-05-05 00:00:00,4.0,-0.5958338,-0.31476918,-0.38096684,1.5306535,-0.72319406,0.36850032,-0.4107558,-0.6468993,-0.1575186,-0.35779193,-0.65507036,0.88657486,-1.2933059,-0.19177131,-2.6252081,-1.8902016,-2.1743264,-0.12111903,0.9924692,-1.6388842,-1.9379497,-0.23615153,-0.88381517,0.65814394,0.58778524,-0.809017,0.5,-0.8660254,0.0
2016-05-06 00:00:00,4.0,-0.33500612,0.84067637,1.0909379,-0.91052026,-0.5251779,-0.27003843,-0.5327372,-0.83906007,-0.5176379,-0.52814245,-0.7303932,0.16273205,-1.4308109,-0.32487524,-2.859748,-1.8586837,-1.9054832,-0.28958753,0.9982559,-1.8108562,-2.1384802,-0.36815628,0.01912995,0.8830357,-0.58778524,-0.809017,0.5,-0.8660254,0.0
2016-05-09 00:00:00,4.0,-1.3229028,-1.3840059,-0.73905224,-0.669877,0.74705994,0.84550136,0.82786846,-0.5920106,-0.0987923,-0.2683233,-0.53395134,0.76585615,-1.9991993,-0.83498454,-2.9542723,-2.3754373,-2.8645513,-0.85549074,1.0346617,-2.3534217,-2.7199302,-0.78340054,1.3719953,0.8449807,-0.95105654,0.309017,0.5,-0.8660254,0.0
2016-05-10 00:00:00,4.0,0.11290987,-1.1986331,-0.38866404,-0.61409134,-0.69279575,-0.40436608,-0.8916426,0.7278329,-0.47580722,-0.4649119,-0.64003897,0.09583407,-1.8443115,-0.7909093,-2.926128,-1.6844927,-2.3818421,-0.97954255,0.9249296,-2.094318,-2.5327625,-0.79858357,-0.5979414,0.747735,0.0,1.0,0.5,-0.8660254,0.0
2016-05-11 00:00:00,4.0,0.25842464,1.5322223,-0.22493155,-1.32783,0.90905523,-0.09180454,0.201128,-1.0764298,-0.3112513,-0.38840905,-0.5986922,0.39156702,-1.5881444,-0.67454076,-2.579088,-0.88468635,-1.9158636,-1.0166813,0.8823398,-1.8129202,-2.1717587,-0.7479933,1.4918474,0.80294466,0.95105654,0.309017,0.5,-0.8660254,0.0
2016-05-12 00:00:00,4.0,-0.85986143,-1.4427203,-1.0619953,-0.7343876,0.86279887,-0.54714835,-0.34883323,0.41042882,-0.083922915,-0.2401335,-0.4866888,0.6750089,-1.9293395,-1.0213643,-2.370398,-1.0005103,-2.2774634,-1.4457909,1.1583909,-2.0066042,-2.4041305,-1.0377312,1.4355724,1.057484,0.58778524,-0.809017,0.5,-0.8660254,0.0
2016-05-13 00:00:00,4.0,-0.6846271,-1.2551546,-1.0945891,-0.40626726,-0.16516857,-1.3423291,-0.55969936,0.01978087,-0.27759638,-0.31568405,-0.50332916,0.28289026,-2.1741793,-1.3255543,-2.2890897,-1.1799514,-2.3165693,-2.6017873,1.1814516,-2.0194235,-2.535073,-1.3101819,0.37312225,-0.9642447,-0.58778524,-0.809017,0.5,-0.8660254,0.0
2016-05-16 00:00:00,4.0,-0.90892017,-0.6268202,-0.26741752,0.49807644,0.41925922,1.7257537,1.6800123,-0.69752526,-0.060275853,-0.17599016,-0.3971632,0.5148426,-2.3735144,-1.653192,-2.1804717,-0.90952283,-2.464645,-3.0,0.7103513,-1.9915922,-2.5696461,-1.5854771,0.7147879,-0.6356936,-0.95105654,0.309017,0.5,-0.8660254,0.0
2016-05-17 00:00:00,4.0,0.6595553,1.162561,1.3817852,-1.2937338,0.41769135,0.249006,-0.62019247,-0.26317936,-0.077717885,-0.1975646,-0.42635977,0.50892556,-1.8317981,-1.3280827,-1.8974096,-0.6799461,-1.7601007,-2.643421,0.6587131,-1.5789205,-2.016916,-1.4056392,0.76705045,0.24317668,0.0,1.0,0.5,-0.8660254,0.0
2016-05-18 00:00:00,4.0,0.9230777,0.8751483,-0.5182101,0.62513804,0.41770056,0.6298979,0.0822307,0.4637325,-0.08793755,-0.22642729,-0.47139534,0.5355169,-1.2106671,-0.8923356,-1.4712114,-0.41429096,-0.9698823,-2.0804296,0.8693525,-1.1896664,-1.4418455,-1.137712,0.84401023,-0.73311275,0.95105654,0.309017,0.5,-0.8660254,0.0
2016-05-19 00:00:00,1.0,-1.3157414,-0.2681648,1.1146153,0.52321094,-1.1343617,-0.48076007,-0.5595541,-1.9104571,0.44968453,0.10855597,-0.2518583,0.9716296,-1.6475943,-1.3842936,-1.2816138,-0.58658004,-1.1433655,-2.6190853,0.43349198,-1.3981335,-1.7131424,-1.4888053,-0.86109203,-1.4414631,0.58778524,-0.809017,0.5,-0.8660254,0.0
2016-05-20 00:00:00,1.0,-0.61436135,-0.31107476,1.6304203,0.0042699347,-1.3236542,-1.3780866,-0.6146833,-0.8247574,-0.21365267,-0.18276294,-0.3663689,0.14681831,-1.7802694,-1.5879605,-1.2485135,-0.5494175,-1.1957502,-2.4213815,0.3779187,-1.3933679,-1.8120272,-1.6996808,-1.3313129,-1.2176667,-0.58778524,-0.809017,0.5,-0.8660254,0.0
2016-05-23 00:00:00,1.0,0.66950446,1.3162402,0.91052467,-1.4378649,0.805502,-0.7953521,0.18503019,-0.56910014,-0.0072555747,-0.104064964,-0.35026062,0.41180113,-1.3471012,-1.2515117,-0.9907011,0.15421364,-0.5361265,-2.4758184,0.33835462,-1.104151,-1.3093148,-1.4585148,1.1568942,0.54654014,-0.95105654,0.309017,0.5,-0.8660254,0.0
2016-05-24 00:00:00,4.0,-0.21972683,0.2749735,3.0,-0.60638654,-0.72071254,-1.5099903,-0.54006934,-0.5617675,-0.4778989,-0.3532591,-0.4618112,-0.13392648,-1.379178,-1.3195022,-0.8279207,-0.24108595,-0.63822836,-2.217687,0.31654513,-1.0581336,-1.242306,-1.5439917,-0.2046071,0.5661428,0.0,1.0,0.5,-0.8660254,0.0
2016-05-25 00:00:00,4.0,0.047212962,0.11188932,0.3975746,1.7539154,-1.2509445,-1.0548979,0.17057124,0.0018753423,-1.092733,-0.7477535,-0.67367184,-0.8352919,-1.2985407,-1.2824929,-0.65807307,-0.635939,-0.71102583,-1.9347328,0.44073808,-0.94869745,-1.0981606,-1.5722374,-1.167142,0.66594344,0.95105654,0.309017,0.5,-0.8660254,0.0
2016-05-26 00:00:00,4.0,2.1957889,1.7042459,-0.78131473,-1.3915164,-0.34730873,2.481907,2.2589338,2.0609581,0.49470305,0.038958464,-0.37861738,1.1689396,-0.13761584,-0.22453512,-0.07034377,0.9381575,0.21942286,-1.442927,0.9427666,-0.15940924,-0.02311344,-0.7997027,0.13904229,1.1350363,0.58778524,-0.809017,0.5,-0.8660254,0.0
2016-05-27 00:00:00,4.0,0.05000311,0.31427616,-0.77663463,1.927511,-1.170616,-0.3324968,-1.195519,-0.09498636,-0.41077092,-0.45425752,-0.63390875,0.12719384,-0.08840249,-0.18734412,0.314973,1.2174579,0.45549625,-1.3224807,0.6206427,0.0018352303,0.12581252,-0.79697174,-1.1237497,1.095734,-0.58778524,-0.809017,0.5,-0.8660254,0.0
2016-05-30 00:00:00,4.0,0.6802661,0.8353069,-0.30544338,0.2869343,1.1451082,0.7412412,0.50342315,0.055738077,-0.13027133,-0.32933742,-0.61538535,0.47219148,0.22852,0.13840473,0.6653526,1.204873,0.9217317,-1.1398896,0.87846,0.52384603,0.48670068,-0.5732829,1.385432,1.6094712,-0.95105654,0.309017,0.5,-0.8660254,0.0
2016-05-31 00:00:00,4.0,0.14059363,0.6457826,1.5287105,-0.5878431,0.6802899,1.3527808,0.23715694,-0.47412518,-0.06018416,-0.2818691,-0.607079,0.52150655,0.31292775,0.22184783,0.89824474,1.3383737,0.7594827,-0.7628444,0.6851198,0.8130604,0.6013623,-0.52693194,1.0280678,1.3769549,0.0,1.0,0.5,-0.8660254,0.0
2016-06-01 00:00:00,4.0,0.8064948,1.0242405,1.4337286,-1.3899702,1.4898676,3.0,2.2500439,-0.15626134,0.38276985,-0.039960485,-0.53896946,0.9229768,0.631994,0.5721288,1.1023834,1.6188605,0.70341164,-0.19540945,0.36786973,1.185336,0.8718758,-0.29298532,1.610576,0.42539564,0.95105654,0.309017,0.5,-0.8660254,0.0
2016-06-02 00:00:00,4.0,-0.31826124,0.33638555,2.854952,-1.0560695,-0.86592275,-0.18067582,-1.8188558,-0.68402284,-0.46490884,-0.5273925,-0.78804773,0.1397291,0.48764843,0.43302938,1.2289315,0.5615169,1.0035342,-0.096813105,0.34779632,0.96822387,0.8129201,-0.3664299,-0.36426914,0.13425122,0.58778524,-0.809017,1.2246469e-16,-1.0,0.0
2016-06-03 00:00:00,4.0,0.4085108,0.8305503,-0.5905878,0.5104367,-0.6915804,0.9223832,1.1038429,0.02816295,-1.131022,-1.0441442,-1.1061212,-0.35075316,0.6607141,0.6155541,1.3411645,0.70878696,1.285392,0.08102097,0.22055833,1.0369662,1.0001354,-0.21236275,-0.030415498,0.101616286,-0.58778524,-0.809017,1.2246469e-16,-1.0,0.0
2016-06-06 00:00:00,4.0,0.34993613,-0.120663695,1.875516,0.16029371,-1.0427556,0.66292906,-0.3088621,0.6686243,-1.6662666,-1.565385,-1.4583907,-0.7501806,0.8078097,0.7713835,1.4373411,0.5715791,1.1714914,0.5182088,0.268581,1.0041658,1.1341113,-0.066155374,-0.98111135,0.57367843,-0.95105654,0.309017,1.2246469e-16,-1.0,0.0
2016-06-07 00:00:00,4.0,0.30762798,0.5112671,-0.8646371,1.3152415,-0.54883486,-0.25144345,-0.8501071,0.13426673,-1.9429922,-1.9605026,-1.7981873,-0.9641526,0.93415713,0.90848184,1.493146,0.639384,1.2997516,0.55142915,0.41441327,0.95339745,1.2372571,0.069734715,0.08779715,0.5772261,0.0,1.0,1.2246469e-16,-1.0,0.0
2016-06-08 00:00:00,4.0,1.2615708,0.9877591,-0.51816005,-0.0035125236,-0.4996344,0.4868886,0.6933441,1.2697484,-1.28851,-1.6700635,-1.8459957,-0.269836,1.3551755,1.4145255,1.5784198,0.8237403,1.5878538,0.74494225,0.6189785,1.1542187,1.5988442,0.48279926,0.015219162,0.56524664,0.95105654,0.309017,1.2246469e-16,-1.0,0.0
2016-06-10 00:00:00,4.0,-0.24118257,-0.015193566,0.54372925,1.311607,-0.7533864,-0.1895068,-0.6620005,-0.3011473,-1.8184277,-2.093339,-2.1907957,-0.81539327,1.2266482,1.2902474,1.6134578,0.84998024,0.8984622,0.91589546,0.580359,0.90309554,1.4694797,0.44187322,-0.7656557,-0.39056665,0.58778524,-0.809017,1.2246469e-16,-1.0,0.0
2016-06-13 00:00:00,1.0,-1.2292476,-1.4671397,-0.49139884,-0.96901625,0.44296792,0.05863162,0.16326189,-0.47379178,-1.3249519,-1.73177,-2.0079648,-0.39885095,0.49531242,0.64438343,1.2823219,0.17777444,0.5687883,0.8423555,0.18692736,0.4653005,0.8547579,-0.016323097,0.731102,0.5775694,-0.95105654,0.309017,1.2246469e-16,-1.0,0.0
2016-06-14 00:00:00,1.0,-2.3668413,-1.0467461,-0.718408,0.047098003,0.18499088,0.945384,0.7057826,-2.671785,1.6684151,0.7881503,-0.19956172,1.9974704,-0.622883,-0.48971543,0.5275943,-0.97338504,-0.2638464,0.53535205,-0.44274685,-0.2954205,-0.20120317,-0.81995755,0.53645587,1.1309719,0.0,1.0,1.2246469e-16,-1.0,0.0
2016-06-15 00:00:00,1.0,-0.5762837,-0.8850182,0.7648547,-0.7146872,-0.6097508,-0.30207226,-1.0118874,-0.2634374,0.51297885,0.11456063,-0.5698381,0.88972366,-0.8172955,-0.7207364,0.0787998,-1.3235643,-0.4640798,0.24263111,-0.44530365,-0.50141174,-0.4324828,-0.97270274,-0.5846151,1.0374992,0.95105654,0.309017,1.2246469e-16,-1.0,0.0
2016-06-16 00:00:00,1.0,0.34682548,1.4216055,0.08597595,-1.3105825,2.2594001,0.15313551,0.33567595,-1.5401917,1.164375,0.7306497,-0.09759831,1.4122859,-0.63085264,-0.54633045,-0.1723456,-1.6461449,-0.5792453,0.09457381,-0.38462043,-0.39352703,-0.30826953,-0.8217191,1.6310735,2.5660872,0.58778524,-0.809017,1.2246469e-16,-1.0,0.0
2016-06-17 00:00:00,4.0,-1.8870445,-1.3245834,-0.89579636,-0.41855332,1.2629229,0.46564937,0.18534066,-1.2138628,2.5711079,2.2262962,1.52817,2.2629194,-1.2760794,-1.3039888,-0.54751116,-2.2541564,-1.0208247,-0.030487709,-0.9887194,-1.0500348,-0.91715646,-1.290992,1.2963605,1.5628593,-0.58778524,-0.809017,1.2246469e-16,-1.0,0.0
2016-06-20 00:00:00,1.0,0.6317777,-0.6669286,-0.026111932,0.3461427,-0.6178659,1.002784,0.35849947,1.5378077,1.550777,1.5515767,1.0697976,1.3820301,-0.9653261,-0.99852854,-0.7041546,-1.511591,-0.9446979,0.27805024,-1.0351341,-0.89297915,-0.75140184,-1.1087264,-0.3718131,0.9915462,-0.95105654,0.309017,1.2246469e-16,-1.0,0.0
2016-06-21 00:00:00,1.0,1.5025687,0.59860486,-0.25223878,0.75860494,0.3608971,-0.40922055,-1.0268189,1.8066704,1.6486183,1.6304938,1.0905126,1.5242878,-0.3013697,-0.32003334,-0.5204933,0.01967442,-0.60858834,0.48558637,-0.7732011,-0.36948782,-0.25533608,-0.64898604,0.4671965,1.1512753,0.0,1.0,1.2246469e-16,-1.0,0.0
2016-06-22 00:00:00,1.0,0.6817849,1.5470073,-0.6746917,-1.1256557,-0.9485346,-0.40277824,-0.046674967,0.13532725,0.33672905,0.61061656,0.18857723,0.35960543,-0.015845088,-0.01885772,-0.31252196,0.5232072,-0.49481928,0.7177617,-0.64808553,-0.14100596,-0.05785313,-0.43146572,-1.2041955,1.0999157,0.95105654,0.309017,1.2246469e-16,-1.0,0.0
2016-06-23 00:00:00,4.0,0.528251,1.2464632,-0.3170283,-0.7671969,1.0887146,0.045963917,0.29994997,-0.71003294,0.42019817,0.6328632,0.18821388,0.47330382,0.20658903,0.21558788,-0.048987515,0.6040568,-0.6730889,0.8481813,-0.527972,0.056693617,0.08416557,-0.24850258,1.013913,2.069931,0.58778524,-0.809017,1.2246469e-16,-1.0,0.0
2016-06-24 00:00:00,1.0,0.27695426,0.008109102,-0.2497371,1.8431063,-1.3220958,-0.35123137,-0.42603126,0.49009773,-0.9056413,-0.46362805,-0.7395438,-0.8292944,0.32710862,0.34211054,0.16823158,1.4443365,-0.53139657,0.34657392,-0.2584845,0.17255427,0.18593705,-0.12015752,-1.6417572,0.5419829,-0.58778524,-0.809017,1.2246469e-16,-1.0,0.0
2016-06-27 00:00:00,1.0,-2.499402,-0.3557887,1.0949124,0.47616038,3.0,3.0,3.0,-2.37957,3.0,3.0,3.0,3.0,-0.72039336,-0.7863666,-0.042601325,0.14524579,-0.9492375,-0.34996685,-0.9230516,-1.1634961,-0.59716505,-0.78182894,1.6307653,2.7816162,-0.95105654,0.309017,1.2246469e-16,-1.0,1.0
2016-06-28 00:00:00,1.0,-0.09616903,1.1540402,0.41728312,-1.1012939,0.09697959,-0.28790918,-1.6451395,-1.6720672,3.0,3.0,3.0,3.0,-0.74076986,-0.8138802,-0.17407613,-0.49523816,-0.3356276,-0.56472284,-1.4260476,-1.1154015,-0.6025371,-0.77228135,1.3127574,2.1948543,0.0,1.0,1.2246469e-16,-1.0,1.0
2016-06-29 00:00:00,1.0,-0.19352858,1.5204312,-0.69590414,-1.2040255,-0.11984905,-0.08910626,0.06275986,-1.9148463,2.7992167,3.0,3.0,2.118343,-0.79768026,-0.8807462,-0.2725485,-0.8432109,-0.23595732,-0.6641813,-1.4838811,-1.0984244,-0.6352298,-0.7901203,0.35070902,1.5070196,0.95105654,0.309017,1.2246469e-16,-1.0,1.0
2016-06-30 00:00:00,4.0,1.1348236,1.4645126,-0.6774292,-1.1856948,-0.2716296,-0.5589813,-0.64448994,0.4366478,1.844746,2.4720125,2.6384006,1.2005346,-0.27223802,-0.3584523,-0.18965851,-0.5911713,-0.0018265116,-0.54924875,-0.98175424,-0.50705665,-0.2895503,-0.47858247,0.08418091,1.8666335,0.58778524,-0.809017,1.2246469e-16,-1.0,1.0
2016-07-04 00:00:00,4.0,1.465607,0.30661812,-0.28814793,1.0169094,-0.36633095,0.213977,0.68140745,1.9324553,1.5751745,2.160201,2.3188996,0.984593,0.31384715,0.27212793,0.070092715,-0.1043955,0.94227976,-0.062489334,-0.29197398,0.20168583,0.15836127,-0.056036387,-0.15131095,2.0924902,-0.58778524,-0.809017,1.2246469e-16,-1.0,1.0
2016-07-05 00:00:00,1.0,1.0297575,0.3447125,0.6775124,0.2897477,-0.018598782,-0.12910391,-0.41603225,1.1017157,1.2980467,1.8756565,2.0484035,0.72460544,0.67423564,0.6903394,0.3661307,1.3417898,1.0603081,0.12597634,-0.07169593,0.6790493,0.47414947,0.25308383,0.7803565,2.1517699,0.0,1.0,-0.5,-0.8660254,0.0
2016-07-06 00:00:00,1.0,-1.2854562,-1.5696768,-0.44788083,-0.9467772,-0.42775014,-1.1006482,-1.0454901,-0.7182797,1.0455399,1.72066,2.0425494,0.3144509,0.114784576,0.10823261,0.376066,0.8537557,0.2642514,-0.3260809,-0.5325835,0.07887064,0.0857248,-0.058086235,-0.36917531,2.153059,0.95105654,0.309017,-0.5,-0.8660254,0.0
2016-07-07 00:00:00,1.0,-1.0508778,0.02254449,0.25328153,1.3513062,-0.25179023,-0.42629588,0.7664124,-1.515408,1.3520899,1.9501469,2.310105,0.53796583,-0.28659928,-0.33358186,0.22106053,0.497336,-0.23863487,-0.7006623,-0.9668233,-0.38709012,-0.21143715,-0.3142314,0.15860452,1.7877964,0.58778524,-0.809017,-0.5,-0.8660254,0.0
2016-07-08 00:00:00,1.0,0.8417392,1.0505244,-0.28653106,-0.4948664,-0.5774824,-1.1861084,-0.9824217,0.7435402,0.61350775,1.3247372,1.7514023,-0.21455626,0.045383003,0.02704113,0.23580784,0.39284772,-0.13663329,-0.7687767,-0.8088254,0.14171189,0.10835626,-0.03415043,-1.5097058,1.7102027,-0.58778524,-0.809017,-0.5,-0.8660254,0.0
2016-07-11 00:00:00,1.0,-0.58162135,-0.6924628,-0.43380424,0.8275812,-0.50877583,-1.0474364,0.020232262,-0.40456656,0.15154538,0.9451531,1.4863387,-0.76820844,-0.17600633,-0.21544874,0.15344265,-0.43905532,-0.3871625,-0.8727753,-1.0372163,-0.094597585,-0.033729915,-0.16387066,-0.9662008,1.3084601,-0.95105654,0.309017,-0.5,-0.8660254,0.0
2016-07-12 00:00:00,1.0,1.3549217,-1.0230709,-0.24779359,-0.10023462,-0.6212774,0.28352064,1.9568038,2.2980537,0.40436444,0.9705777,1.3968593,-0.33480716,0.32518473,0.33100685,0.2775077,-0.3227479,0.7370464,-0.20060472,-1.3809115,0.85717666,0.43248242,0.27003026,-1.7044414,1.0822473,0.0,1.0,-0.5,-0.8660254,0.0
2016-07-13 00:00:00,1.0,1.4202152,1.0115112,-0.6357365,-0.10585491,-0.016190914,0.26558343,-0.17745654,1.045032,0.4116248,0.8538849,1.2049781,-0.19583032,0.8112141,0.89138305,0.54114985,0.821517,1.1655023,0.8149556,-1.1494124,1.5367712,0.8742499,0.7469938,0.51124054,0.9437023,0.95105654,0.309017,-0.5,-0.8660254,0.0
2016-07-14 00:00:00,1.0,0.39553314,-0.47590682,1.7946692,-0.2502862,-0.5149314,-0.023265006,-0.37876666,0.82050216,-0.16380113,0.36841616,0.7981537,-0.8230615,0.9617434,1.0606055,0.77281994,1.4521729,1.3182652,1.0786067,-0.98227453,1.4800913,1.008013,0.97063357,-1.2320813,0.8723047,0.58778524,-0.809017,-0.5,-0.8660254,0.0
2016-07-15 00:00:00,1.0,0.9297296,1.2961915,-0.8381664,-0.62565565,0.14881758,0.14990962,0.04686058,-0.07858172,-0.14568129,0.2623502,0.63587576,-0.6747533,1.2563132,1.4108028,0.9978431,1.4729052,1.2527153,1.2452756,-0.5190997,1.5970154,1.267053,1.3055632,1.0997409,0.8814843,-0.58778524,-0.809017,-0.5,-0.8660254,0.0
2016-07-18 00:00:00,4.0,0.37895864,0.44878343,0.8218667,0.086210646,-0.2641417,-0.11704562,-0.39510018,0.24815878,-0.55926096,-0.12815472,0.28744546,-1.1017519,1.3874415,1.561246,1.1855555,1.8715569,0.9585796,1.8176147,-0.6943074,1.5142868,1.3500763,1.5318111,-0.09343405,1.261944,-0.95105654,0.309017,-0.5,-0.8660254,0.0
2016-07-19 00:00:00,1.0,0.5379786,1.1251975,-0.69692,-0.4507232,-0.3115751,-0.75215316,-0.84895355,0.075973004,-0.9338858,-0.5268289,-0.09759137,-1.4590518,1.5362604,1.7391696,1.3420612,1.5047964,0.82201564,1.7565957,-0.28263518,1.4653941,1.4907587,1.804115,-0.29801124,1.2796855,0.0,1.0,-0.5,-0.8660254,0.0
2016-07-20 00:00:00,1.0,-0.5331397,-0.834607,-0.0025042617,0.3431383,-0.46231845,-0.87790275,-0.37219593,-0.28023124,-1.2029755,-0.824651,-0.35369402,-1.7414984,1.2559835,1.482261,1.2978041,0.7058654,1.0595366,1.2216573,-0.8601362,1.0891397,1.2564204,1.6788331,-1.3368629,1.297399,0.95105654,0.309017,-0.5,-0.8660254,0.0
2016-07-21 00:00:00,4.0,0.8210881,1.4542717,-0.9437754,-1.0334032,-0.08810706,-0.58854294,0.2594856,-0.055265874,-1.1770108,-0.9601308,-0.5826094,-1.5432293,1.5066615,1.7716724,1.2948534,0.8671079,1.5902232,1.2489693,-0.39852798,1.1981386,1.504703,2.006435,0.39684048,1.2636626,0.58778524,-0.809017,-0.5,-0.8660254,0.0
2016-07-22 00:00:00,4.0,0.42912382,0.08417022,1.9526812,-0.04780088,-0.2958668,-0.32076383,0.18906285,0.5978189,-1.2484835,-1.1306394,-0.81594986,-1.5145268,1.6090852,1.8882748,1.2935427,0.6545822,1.446911,1.2127907,0.0004817189,1.1511536,1.5998703,2.1665092,-0.3677496,1.2087542,-0.58778524,-0.809017,-0.5,-0.8660254,0.0
2016-07-25 00:00:00,4.0,-0.18412314,0.48068777,-0.88950384,1.2345245,-0.5257486,-1.0022457,-1.0143305,-0.3970124,-1.5026017,-1.4108349,-1.1087337,-1.7842242,1.4933691,1.7738667,1.2137122,0.4279036,1.5479568,1.0956216,-0.15643628,0.95515764,1.4952995,2.125061,-1.5879914,1.1958501,-0.95105654,0.309017,-0.5,-0.8660254,0.0
2016-07-26 00:00:00,4.0,0.07465733,-0.8875534,-1.1882801,1.3068858,-0.48654643,-1.2220623,0.05854833,0.69854885,-1.603022,-1.5893301,-1.3474609,-1.8192967,1.5008807,1.7750685,1.0837969,0.24078172,1.1792891,1.7513807,-0.004217474,0.87109816,1.4152509,2.14296,-0.5648907,-1.2048942,0.0,1.0,-0.5,-0.8660254,0.0
2016-07-27 00:00:00,4.0,0.49672213,0.849981,1.1200378,-1.2436355,2.4961255,1.0237374,1.7733527,-0.4746444,-0.9351113,-1.1776953,-1.1198121,-0.7552866,1.6357384,1.9157646,0.9098293,0.64650506,0.9134686,1.8485101,0.2157225,0.91726,1.341536,2.07076,1.6485614,-1.5178092,0.95105654,0.309017,-0.5,-0.8660254,0.0
2016-07-28 00:00:00,4.0,0.28241906,-0.048093367,-0.044393416,1.6915586,0.7064382,1.0474108,-0.115905255,0.44967294,-0.89001745,-1.1656048,-1.1764873,-0.6356772,1.6771164,1.9507154,0.8238106,0.43294078,0.8742597,1.9028369,0.9443816,0.91223747,1.2780753,2.0527287,0.47291735,-0.63645005,0.58778524,-0.809017,-0.5,-0.8660254,0.0
2016-07-29 00:00:00,4.0,-0.29366216,0.20733784,0.16771649,0.8241686,-0.8281974,0.022427937,-0.6737727,-0.38595915,-1.2105681,-1.4058063,-1.4031802,-1.0761133,1.4874411,1.7660596,0.69564635,0.1536723,0.5441255,1.5313628,1.5157851,0.7439748,1.0934665,1.9369175,-1.2335593,-1.0097862,-0.58778524,-0.809017,-0.5,-0.8660254,0.0
2016-08-01 00:00:00,4.0,-1.2750859,-1.1967338,0.4334342,-0.4654632,1.216509,0.4758381,0.11031797,-0.57861054,-0.79776007,-1.088428,-1.1269456,-0.50447977,0.7148877,1.1226306,0.28563604,-0.27196556,0.1128621,0.89365923,1.2937642,0.29824412,0.4635385,1.2844328,0.95914507,-1.8670436,-0.95105654,0.309017,-0.5,-0.8660254,0.0
2016-08-03 00:00:00,4.0,0.8650756,0.56082547,1.8767914,-1.2620367,0.10316289,0.67719156,-0.029336417,0.84917027,-0.48790082,-0.87709457,-1.0336936,0.00065957225,1.0288634,1.4030778,0.13422897,0.042482287,0.19365026,0.8380652,1.7526468,0.51124424,0.70130557,1.4462582,0.014690275,-2.7323396,0.0,1.0,-0.8660254,-0.5,0.0
2016-08-04 00:00:00,4.0,-1.7351328,-0.35947675,2.9580636,-0.6534779,-1.5160823,0.21753459,-0.3554972,-2.0344176,-0.027655844,-0.45202544,-0.61533356,0.49172103,0.14734271,0.6223827,-0.27339104,-0.9200418,-0.12569985,0.75537646,1.6779946,-0.09535347,-0.03965723,0.7252698,-1.6761302,-3.0,0.58778524,-0.809017,-0.8660254,-0.5,0.0
2016-08-05 00:00:00,4.0,0.26750705,-0.8867982,0.6354516,0.12916777,-0.9420644,-1.6235739,-1.324214,0.8487715,-0.5252828,-0.7774221,-0.90155727,-0.16592906,0.27458367,0.7309516,-0.5324273,-0.95210606,-0.2917928,1.0578743,1.6912609,-0.055836156,-0.012125611,0.8340035,-1.5250477,-3.0,-0.58778524,-0.809017,-0.8660254,-0.5,0.0
2016-08-08 00:00:00,4.0,1.1486014,1.2510682,-0.20180932,-1.2732792,0.2287441,-1.1916548,0.30123135,0.7873436,-0.32363403,-0.650592,-0.87435555,0.18377337,0.7225895,1.1318631,-0.49076578,-0.31543547,-0.09037813,1.1021053,1.9435169,0.39394125,0.34487718,1.1407588,0.15039855,-2.1901069,-0.95105654,0.309017,-0.8660254,-0.5,0.0
2016-08-09 00:00:00,4.0,1.2263561,1.0414296,-1.0714583,-0.15409963,0.33646414,-0.53635216,0.49465463,1.0393243,-0.2086522,-0.57083285,-0.8760872,0.39935985,1.1326488,1.521472,-0.25271377,0.80869544,0.33364883,1.4886575,2.6209953,1.0513985,0.70587856,1.4706104,0.46008605,-1.0385,0.0,1.0,-0.8660254,-0.5,0.0
2016-08-10 00:00:00,4.0,-0.2970631,-0.35742432,0.43329507,1.4588994,-1.4282904,-0.78076154,-0.36734605,-0.103478506,-0.94229054,-1.0699638,-1.2623953,-0.6526655,1.0370282,1.4188038,-0.16275194,0.29173568,0.23128963,1.1299348,2.6664739,0.96009827,0.5954436,1.5007477,-1.5833924,-1.1497184,0.95105654,0.309017,-0.8660254,-0.5,0.0
2016-08-11 00:00:00,4.0,-0.09077156,-0.583743,1.2088706,0.50387967,0.12618704,0.10938609,0.47778606,0.29981625,-1.0628756,-1.1837639,-1.3690287,-0.8044233,1.0543861,1.4182779,-0.1406333,1.0428289,0.047490284,0.8070027,2.7550454,0.9203373,0.53073806,1.4923537,0.14680667,-1.7275387,0.58778524,-0.809017,-0.8660254,-0.5,0.0
2016-08-12 00:00:00,4.0,0.16294515,0.6539453,0.40298706,-0.64003354,1.3184955,2.1554673,1.3773559,-0.37735718,-0.7970797,-1.0227767,-1.2683191,-0.36107665,1.151892,1.4893197,-0.12609445,0.99402225,0.007137894,0.7677484,2.4539714,1.0299748,0.52443224,1.4585444,1.3847427,-1.6323185,-0.58778524,-0.809017,-0.8660254,-0.5,0.0
2016-08-15 00:00:00,4.0,0.5626236,-0.7854157,-0.046483632,1.0492494,-1.0842441,1.7573932,-0.2124154,1.1693193,-0.91761374,-1.1305217,-1.3893477,-0.49157968,1.3646594,1.665664,0.0027409247,0.71907294,0.30583584,0.68148965,2.2402716,1.2548865,0.78184897,1.6595126,-1.4043276,-2.0120046,-0.95105654,0.309017,-0.8660254,-0.5,0.0
2016-08-16 00:00:00,4.0,0.4488406,1.2202175,-0.25251535,-1.2701887,0.062100675,1.7707006,0.06624459,0.015402925,-1.0748956,-1.2671148,-1.5269247,-0.69121975,1.5376909,1.8098606,0.18392745,0.35292625,0.92031664,0.715341,2.5823617,1.31046,1.0265431,1.8502685,0.09701812,-1.8458982,0.0,1.0,-0.8660254,-0.5,0.0
2016-08-17 00:00:00,4.0,-0.32443255,-1.2235851,0.33041376,-0.073058516,0.40192837,0.6347431,-0.76719075,0.41616458,-1.0654119,-1.269981,-1.5274594,-0.665711,1.4415298,1.7154031,0.17380846,0.34834528,0.5126823,0.5265666,2.5203633,0.9541651,0.8540531,1.7256612,0.5247166,-1.6752012,0.95105654,0.309017,-0.8660254,-0.5,0.0
2016-08-18 00:00:00,4.0,-0.66959685,-1.8885274,-0.6015267,-0.885046,0.48361763,0.6825658,-0.051174127,0.45131087,-1.0046482,-1.2248996,-1.4770916,-0.5771999,1.0341002,1.416146,-0.06783461,0.08968079,0.91331875,0.52915883,2.1049738,0.5116295,0.4321871,1.454687,0.7074583,-1.8363392,0.58778524,-0.809017,-0.8660254,-0.5,0.0
2016-08-19 00:00:00,4.0,0.6751683,-0.554938,2.2598853,-0.3735249,0.064627,1.0307336,0.18329962,1.2890625,-0.5759972,-0.93910176,-1.2901254,0.16079487,1.3533164,1.6707225,-0.110978305,0.31933966,1.061846,0.50976205,2.2199605,0.81681836,0.7132857,1.544795,0.06913844,-1.8781883,-0.58778524,-0.809017,-0.8660254,-0.5,0.0
2016-08-22 00:00:00,4.0,-0.5731194,-1.8116206,-1.2703055,-0.322739,0.7256584,0.46266904,-0.47438917,0.6464976,-0.58657485,-0.90616244,-1.237218,0.10622466,1.0233594,1.4294575,-0.3089292,-0.20119022,0.43142343,0.24609093,2.0080223,0.41156575,0.3641382,1.3343987,0.8465164,-1.5758616,-0.95105654,0.309017,-0.8660254,-0.5,0.0
2016-08-23 00:00:00,4.0,0.060202852,0.23514496,-1.0894394,1.691853,-0.12511571,-0.35663232,-0.69153214,0.011789661,-0.79390246,-1.0349182,-1.3340082,-0.2243199,1.0920196,1.4596384,-0.4317868,-0.3806709,-0.016099345,0.33242953,1.4849687,0.38399413,0.41397178,1.3996605,-0.07923666,-1.3799582,0.0,1.0,-0.8660254,-0.5,0.0
2016-08-24 00:00:00,4.0,-0.19040258,0.67407745,-1.2561927,0.90257496,-0.93852997,-0.86872923,-0.5100886,-0.3905682,-1.1418806,-1.2766732,-1.5114396,-0.8052336,1.0578891,1.4083248,-0.5760962,-0.31877872,0.030019132,0.26572156,1.4106638,0.23666704,0.35868916,1.4382538,-1.2387974,-1.3802841,0.95105654,0.309017,-0.8660254,-0.5,0.0
2016-08-25 00:00:00,4.0,-0.92127657,-1.3668514,-0.85370785,0.23398516,1.565052,-0.2494768,0.38306603,0.06098757,-0.79933053,-1.0377071,-1.3082066,-0.24304095,0.34163097,0.9235966,-0.94035697,-0.42242837,-0.26167578,-0.18508984,1.0719973,-0.26747003,-0.26411408,0.9410269,1.4196972,-0.90026385,0.58778524,-0.809017,-0.8660254,-0.5,0.0
2016-08-26 00:00:00,4.0,-0.1874629,-0.24326316,1.3694868,0.797444,-0.63919616,-0.6281165,-0.4678431,-0.04333441,-1.0681002,-1.2214274,-1.4425776,-0.69943714,0.30843696,0.87973607,-1.2275145,-0.8267767,-0.3898537,-0.34945336,0.9971443,-0.3377928,-0.3136971,0.92291135,-0.8609965,-0.81424755,-0.58778524,-0.809017,-0.8660254,-0.5,0.0
2016-08-29 00:00:00,4.0,0.24710755,0.6936227,1.3857456,-1.3604157,-0.52621454,-0.57088315,-0.051608387,0.057523236,-1.2031144,-1.338998,-1.5469286,-0.9051673,0.52125597,0.9991,-1.3256181,-0.4572895,-0.51380175,-0.17119546,0.881486,-0.17316684,-0.107459724,1.043798,-0.71910757,-0.80568576,-0.95105654,0.309017,-0.8660254,-0.5,0.0
2016-08-30 00:00:00,4.0,-0.52828544,-1.2185532,-0.6342859,0.24530554,-0.59732044,-1.3124357,-0.83565944,-0.04824034,-1.3402563,-1.4486219,-1.6224602,-1.155805,0.1518154,0.74494195,-1.5335361,-0.725714,-0.8657142,0.098057345,0.8356657,-0.4511049,-0.45906696,0.84942424,-0.9961602,-0.84851474,0.0,1.0,-0.8660254,-0.5,0.0
2016-08-31 00:00:00,3.0,0.6647095,0.5608372,0.49160632,-0.1954597,-0.34418863,-0.45135427,0.7793617,0.65357596,-1.2016958,-1.3931156,-1.6144445,-0.82102025,0.60558033,1.0255425,-1.3840312,-0.33370322,-0.51743555,0.0143214995,0.881241,-0.009284255,-0.0012432026,1.0413579,-0.5202274,-0.82783145,0.95105654,0.309017,-0.8660254,-0.5,0.0
2016-09-01 00:00:00,4.0,-0.31461835,-1.2241832,-0.37537825,-0.032127496,-1.1550751,0.2521266,0.5037689,0.12596513,-1.4391083,-1.5649251,-1.7388592,-1.2736205,0.43592757,0.8957667,-1.4176323,-0.054464106,-0.38553998,0.5192112,0.7501669,-0.13649929,-0.2406461,0.98481476,-1.3780309,0.036069147,0.58778524,-0.809017,-0.8660254,-0.5,0.0
2016-09-02 00:00:00,3.0,0.6211831,1.2097254,-0.7978566,-0.6643204,1.8652778,0.7340199,0.28810653,-0.44955397,-1.0079826,-1.3035619,-1.576814,-0.34682903,0.8426725,1.1504294,-1.1040193,0.32007,-0.42112663,0.628308,0.8072536,0.596644,0.07797699,1.0334232,1.5682877,0.0029213044,-0.58778524,-0.809017,-1.0,-1.8369701e-16,0.0
2016-09-05 00:00:00,4.0,0.29775795,1.1149684,0.14158875,-1.2033398,-0.7399475,1.589966,0.52976644,-0.022156797,-1.2197117,-1.4435897,-1.6856399,-0.73944837,1.0525308,1.2721812,-0.8563313,0.3439907,-0.09541311,0.31921634,0.6207856,1.0616531,0.31772533,1.2072122,-1.0085901,-0.745253,-0.95105654,0.309017,-1.0,-1.8369701e-16,0.0
2016-09-06 00:00:00,4.0,1.401611,0.6311898,0.0758068,0.0136972675,-0.6261592,-0.05023759,-0.9558923,1.6328083,-0.6875914,-1.1076823,-1.4827932,0.39924362,1.6510465,1.721851,-0.15851122,1.2338425,0.4236187,0.34774387,0.92969054,1.9501013,1.1557928,1.4408957,-0.8387542,0.045718398,0.0,1.0,-1.0,-1.8369701e-16,0.0
2016-09-07 00:00:00,3.0,0.36871535,0.5557711,-1.2746094,1.231415,0.38451117,-0.36760464,-0.27877945,0.14518954,-0.7715617,-1.1330931,-1.4956928,0.237859,1.7564962,1.8018854,0.40766436,1.0853579,0.636646,0.5733245,1.217839,1.7173703,1.3590585,1.5061315,0.50990397,0.13180743,0.95105654,0.309017,-1.0,-1.8369701e-16,0.0
2016-09-08 00:00:00,3.0,-0.45434213,-0.9058285,0.5683501,0.21223086,-0.98225707,-0.0864964,0.09296019,-0.08855511,-1.0685095,-1.2957226,-1.5842142,-0.39576527,1.507072,1.6191773,0.6330012,1.0413836,0.8266411,0.46516272,1.5794032,1.1699687,1.1336161,1.4364275,-1.1358473,0.1265859,0.58778524,-0.809017,-1.0,-1.8369701e-16,0.0
2016-09-09 00:00:00,4.0,0.5004615,1.2302997,-1.0674442,-0.65095645,0.8765647,-0.76716214,-0.58219177,-0.28235614,-0.9586555,-1.224556,-1.5365012,-0.14417857,1.6904482,1.7624036,0.8436652,0.98794895,1.0764787,0.55998,1.7425877,1.2296319,1.3889213,1.5121721,0.8943809,-0.031687148,-0.58778524,-0.809017,-1.0,-1.8369701e-16,0.0
2016-09-12 00:00:00,4.0,0.49970916,0.43725228,1.8846565,-1.2590718,2.6198313,2.142522,2.0340078,-0.07195629,-0.39934307,-0.8455782,-1.2721722,0.96219516,1.8351197,1.8838167,0.94183934,1.1088252,1.1637018,0.5176238,1.7266349,1.1850954,1.3904948,1.3320665,1.717856,-1.3986665,-0.95105654,0.309017,-1.0,-1.8369701e-16,0.0
2016-09-13 00:00:00,4.0,-3.0,-2.0665982,-0.7996886,-1.3257174,1.1730984,1.4458003,-0.42763963,-2.7234645,1.1379822,0.2939149,-0.37669578,2.9106145,-0.78146183,0.038036536,-0.19553411,-1.4304079,-0.00017223788,-0.8054361,1.4548633,-0.8631589,-0.99193084,-0.3076944,1.4362614,-2.879704,0.0,1.0,-1.0,-1.8369701e-16,0.0
2016-09-14 00:00:00,4.0,-0.5417612,-1.7394056,-0.23028702,-1.0970329,1.9605995,-0.85199577,-1.3146938,1.4094739,1.2344948,0.53049827,-0.14279427,2.5994458,-1.0191742,-0.1486684,-0.887978,-1.9893787,-0.4989097,-0.86882323,1.2490193,-1.1305732,-1.2429078,-0.5430883,1.6402014,-2.4404175,0.95105654,0.309017,-1.0,-1.8369701e-16,0.0
2016-09-15 00:00:00,4.0,-0.30985397,-0.58373845,2.2177062,-0.5355162,-0.23922744,-1.0942818,-0.41591612,0.004814579,0.65911245,0.28463054,-0.24815467,1.6130291,-1.1018019,-0.22899169,-1.4189767,-1.8716049,-0.50574076,-0.7373854,0.9098102,-1.2541686,-1.3507116,-0.615542,0.08717732,-2.2655993,0.58778524,-0.809017,-1.0,-1.8369701e-16,0.0
2016-09-19 00:00:00,4.0,0.41711128,0.41521192,1.2178571,-0.58194214,0.2824871,-0.4667225,0.3913544,0.20605645,0.3721821,0.1558619,-0.30431268,1.1235884,-0.7811409,-0.027383372,-1.5814971,-1.8453217,-0.6086921,-0.828603,0.8549918,-0.90825367,-1.0494523,-0.5022975,0.7610422,-2.0372772,-0.58778524,-0.809017,-1.0,-1.8369701e-16,0.0
2016-09-20 00:00:00,4.0,0.70093673,0.28216484,0.36665046,0.50668085,-0.10689768,0.4357728,0.5686288,0.75588536,0.17271592,0.048597816,-0.36085102,0.80618435,-0.33526585,0.27575484,-1.4222395,-1.6862414,-0.45404482,-0.4108932,0.87871087,-0.4121719,-0.6092229,-0.2881218,0.23497215,-1.9242702,0.0,1.0,-1.0,-1.8369701e-16,0.0
2016-09-21 00:00:00,4.0,-0.2799292,0.18979917,-0.49460945,1.5428432,-0.76686406,-0.95832515,-1.0412394,-0.37536603,-0.3044681,-0.24852751,-0.53000385,0.07229142,-0.40498978,0.20889363,-1.3820137,-0.011411102,-1.229471,-0.5192686,0.7749616,-0.5382013,-0.6852254,-0.3278269,-0.8267903,-1.8354999,0.95105654,0.309017,-1.0,-1.8369701e-16,0.0
2016-09-22 00:00:00,4.0,0.35689253,0.6913742,-0.25678962,0.07131272,0.5591466,-0.60896873,0.34160018,-0.15744431,-0.28948203,-0.2570465,-0.53592944,0.1391442,-0.14718956,0.39606485,-1.1583457,0.4353961,-1.3160737,-0.36028758,1.3598068,-0.3045238,-0.45034984,-0.23521347,1.0317101,-1.6154513,0.58778524,-0.809017,-1.0,-1.8369701e-16,0.0
2016-09-23 00:00:00,4.0,0.12011233,-1.071938,0.59403867,-0.38578504,1.3674335,1.1807549,1.6930861,1.2981136,0.0423526,-0.06167595,-0.40229136,0.62089306,0.007871024,0.51493496,-0.90977895,0.6554546,-1.0798495,-0.02151448,1.4195646,-0.20864746,-0.42084482,-0.2825069,1.5889429,-1.6408519,-0.58778524,-0.809017,-1.0,-1.8369701e-16,0.0
2016-09-26 00:00:00,4.0,-0.624809,-1.5249834,-1.0549526,-0.11123831,-0.3223765,-0.06951819,-0.92897534,0.24684048,-0.2335715,-0.20662957,-0.46895477,0.18608679,-0.34372193,0.27544898,-0.9030619,0.1518763,-1.579192,-0.15369415,1.3823171,-0.6244203,-0.7785862,-0.47657523,0.1342669,-1.5124974,-0.95105654,0.309017,-1.0,-1.8369701e-16,0.0
2016-09-27 00:00:00,4.0,-1.8967012,-1.7244442,-1.1276867,-0.71635634,0.3532728,-0.6671183,-0.6045541,-1.0115054,0.31349757,0.16175966,-0.17217545,0.7628526,-1.7338431,-0.83072144,-1.2765415,-1.1677454,-2.5299926,-0.8806312,0.8285161,-2.0839803,-1.9339958,-1.3053898,1.0139273,-1.1317011,0.0,1.0,-1.0,-1.8369701e-16,1.0
2016-09-28 00:00:00,4.0,0.9416379,1.0291829,-0.21151759,-0.55154943,0.9153505,-0.3127548,0.31938115,0.065438524,0.425945,0.23402694,-0.13744812,0.8732834,-1.018954,-0.34970057,-1.2072469,-0.5571666,-0.4840892,-0.3858902,0.68058836,-1.203151,-1.312046,-0.98172903,1.463762,-0.9361866,0.95105654,0.309017,-1.0,-1.8369701e-16,1.0
2016-09-29 00:00:00,4.0,0.012123381,1.0889764,-1.2445401,0.2971539,-0.22517416,-1.1094284,-0.77290213,-0.888085,0.1429196,0.09539894,-0.20615487,0.4731271,-0.88415,-0.27510372,-1.124051,-0.7355502,-0.22955856,-0.6343973,0.46002054,-1.0722698,-1.2306309,-0.9445477,0.5407372,-0.8777914,0.58778524,-0.809017,-1.0,-1.8369701e-16,1.0
2016-09-30 00:00:00,4.0,0.3157012,-0.95110023,-1.221813,1.5114896,-0.62153554,-0.8357404,0.106364444,1.1446629,-0.21607825,-0.123820305,-0.34011328,0.042313274,-0.5887076,-0.06596419,-0.9414442,-0.64451844,0.040841095,-0.42733085,0.8063544,-0.63363063,-0.98523897,-0.78218126,0.09549602,-0.9135199,-0.58778524,-0.809017,-1.0,-1.8369701e-16,1.0
2016-10-03 00:00:00,4.0,-2.2917337,-1.2223873,-0.21887031,-0.25007907,-0.28046075,-0.5788319,0.081811816,-2.1191,0.89990634,0.625104,0.19549713,1.066703,-2.1096015,-1.4907541,-1.2144145,-1.4359165,-1.1120024,-1.5155095,0.6582333,-2.8102615,-2.2257788,-1.8361295,0.5317321,-1.093017,-0.95105654,0.309017,-1.0,-1.8369701e-16,1.0
2016-10-04 00:00:00,4.0,1.0997373,-0.7807337,-0.076572575,0.69136155,-0.88436115,-2.1659946,-1.9481994,2.0216925,1.1476744,0.83468354,0.31549814,1.2452319,-1.3289678,-0.90178335,-1.0710311,0.04314814,-0.97945607,-1.3208739,0.67088485,-1.4303157,-1.4761457,-1.4377671,-0.42492816,-1.1355963,0.0,1.0,-0.8660254,0.5,0.0
2016-10-05 00:00:00,4.0,0.22912022,0.13609359,-1.2025756,2.7365777,-1.2037631,-1.7085372,0.1527585,0.27844563,0.27508196,0.35102624,0.049917165,0.33327642,-1.1051373,-0.75218993,-0.92632455,-0.31235766,-0.76893944,-1.9783273,0.8705849,-0.9173147,-1.1983016,-1.2885438,-0.59761256,-1.2775263,0.95105654,0.309017,-0.8660254,0.5,0.0
2016-10-06 00:00:00,4.0,0.22273968,0.9823948,-0.16720451,-0.48806098,0.09660852,-0.9103577,1.2698004,-0.63556945,0.15072756,0.27356806,0.010774145,0.19503306,-0.86248875,-0.568996,-0.6943589,-0.21371812,-0.8263094,-2.085835,0.6231557,-0.39558417,-0.90511703,-1.1768196,0.88473856,-1.2391478,0.58778524,-0.809017,-0.8660254,0.5,0.0
2016-10-07 00:00:00,4.0,0.5545109,0.84283286,0.21386062,-0.5033348,-1.2005484,0.05349789,1.3400817,0.29738876,-0.28541082,-0.05214951,-0.20303318,-0.20991467,-0.44571984,-0.18725576,-0.37652352,-0.10371094,-0.6561747,-1.6328734,0.3951613,0.3322348,-0.41612238,-0.8424338,-0.57387054,-1.1840986,-0.58778524,-0.809017,-0.8660254,0.5,0.0
2016-10-11 00:00:00,4.0,-0.6909558,-1.1963205,-1.190865,0.7848813,-1.0820321,-1.1193578,-1.5667708,-0.17717603,-0.73548317,-0.40536907,-0.39770445,-0.666701,-0.83106047,-0.61057985,-0.29565486,0.7124282,-0.68315077,-2.0380833,0.16669172,-0.11356894,-0.6434491,-1.0583969,-0.5898853,-1.1113843,-0.95105654,0.309017,-0.8660254,0.5,0.0
2016-10-12 00:00:00,4.0,-1.5959165,-1.5258253,-0.78831035,-0.5731156,2.9508426,1.2510238,3.0,0.8871397,1.2537522,1.0775532,0.625435,1.10219,-1.8157111,-1.722276,-0.5475395,-0.6382693,-0.5171384,-2.6721935,-0.42832834,-1.4771824,-1.4369403,-1.9074012,1.6750329,-0.51686573,0.95105654,0.309017,-0.8660254,0.5,0.0
2016-10-13 00:00:00,4.0,-0.82189554,0.11496464,-0.120780006,1.7505871,-0.82857,0.6287968,-0.69455695,-1.2149092,0.94528097,0.9938018,0.6838495,0.7243387,-2.1248968,-2.1267366,-0.8730584,-1.2134327,-1.2985789,-1.4934155,-0.74087244,-2.2353184,-1.7560625,-2.1296844,-0.6351271,0.8469256,0.58778524,-0.809017,-0.8660254,0.5,0.0
2016-10-14 00:00:00,4.0,-1.8568547,-1.5443476,-0.4932654,-1.0359535,0.65280676,0.8613167,0.11680177,-0.8366785,1.3861085,1.4827166,1.1982752,0.956312,-2.820482,-3.0,-1.4081727,-2.2990859,-2.0663877,-1.9244716,-1.3513986,-3.0,-2.5048158,-2.6646671,1.2427108,0.9229657,-0.58778524,-0.809017,-0.8660254,0.5,0.0
2016-10-17 00:00:00,4.0,0.82183224,0.8458902,0.64047813,-0.6982687,-0.3645263,-0.38859725,-1.0436833,0.4347354,0.97289586,1.1955141,1.0380124,0.60551107,-2.118962,-2.3359618,-1.5211896,-2.0726113,-1.810991,-1.47872,-1.0627095,-2.477723,-1.93012,-2.221636,0.04998151,0.9424216,-0.95105654,0.309017,-0.8660254,0.5,0.0
2016-10-18 00:00:00,4.0,-1.0095894,-1.2515717,-0.88556474,0.008736049,-0.6073396,-1.252325,-1.0854807,-0.6051189,0.60834044,0.9783521,1.0056822,0.19864619,-2.373343,-2.6428719,-1.7699542,-2.1804972,-1.3105927,-1.9432633,-1.6146512,-2.8251684,-2.2745526,-2.4328556,-0.4449403,0.9116367,0.0,1.0,-0.8660254,0.5,0.0
2016-10-19 00:00:00,4.0,1.5259404,1.7438549,-1.0182335,-1.3448603,0.031064045,-0.4085409,0.93318295,0.4648632,0.74963707,1.0089839,0.9785672,0.4060555,-1.455833,-1.7393626,-1.3906202,-0.64053935,-1.1397111,-1.6377344,-1.3834827,-1.3542298,-1.3414326,-1.7884831,0.61227363,1.2129958,0.95105654,0.309017,-0.8660254,0.5,0.0
2016-10-20 00:00:00,4.0,-0.51152956,-0.8156847,0.057653062,0.21073046,-0.56218255,-1.3411773,-1.23441,-0.1661791,0.16550674,0.57952213,0.72573763,-0.1932016,-1.5811716,-1.8697934,-1.2719679,-0.50293577,-1.5324198,-1.6725034,-1.510146,-1.5684582,-1.5054841,-1.8626674,-0.4320496,1.2365651,0.58778524,-0.809017,-0.8660254,0.5,0.0
2016-10-24 00:00:00,4.0,0.20803627,-0.5460905,1.9268316,-0.8558554,-1.0915934,-1.0399221,0.20058465,0.5501857,-0.39295217,0.09131224,0.35218525,-0.73454267,-1.3696798,-1.650601,-1.0488669,0.52531034,-1.5531368,-1.7162538,-1.5248322,-1.2181243,-1.272062,-1.695053,-1.3791692,1.0915534,-0.58778524,-0.809017,-0.8660254,0.5,0.0
2016-10-25 00:00:00,4.0,0.91948855,0.80378616,-0.98613864,1.0514306,1.1238852,0.8208659,2.410292,0.19845638,0.12369517,0.36555535,0.492298,-0.1096627,-0.84274215,-1.140325,-0.42355803,0.58810127,-1.3602673,-1.4660538,-1.4748883,-0.33360106,-0.6231697,-1.3143036,1.4687283,1.1722872,0.0,1.0,-0.8660254,0.5,0.0
2016-10-26 00:00:00,4.0,-0.27819207,-0.27547,0.7808421,0.899093,-1.1299932,-0.7312974,-1.3938104,-0.31814888,-0.7558782,-0.33322757,-0.022734135,-1.0293813,-0.9081413,-1.1964189,-0.090750314,0.9449324,-1.1916609,-1.393831,-1.6649792,-0.43513978,-0.66766745,-1.3291907,-1.4391106,1.1641351,0.95105654,0.309017,-0.8660254,0.5,0.0
2016-10-27 00:00:00,4.0,-1.1568024,-0.8595721,0.97262764,-0.87647533,-0.80419147,-1.003654,-0.58398634,-1.2623842,-0.70922226,-0.35316634,0.0020999627,-0.98232794,-1.4236788,-1.6973838,-0.19701622,-0.42201883,-1.0248892,-1.1598016,-1.8831459,-1.2938621,-1.3228955,-1.6852224,-1.1070069,0.82742345,0.58778524,-0.809017,-0.8660254,0.5,0.0
2016-10-28 00:00:00,4.0,-0.97435987,-1.13856,-1.0993323,0.43975198,0.89921176,0.40864983,1.7627058,-0.034112614,-0.17250142,0.012640985,0.31203324,-0.40490144,-1.7555575,-2.0267577,-0.52605575,-0.6578626,-1.1101345,-1.8059847,-1.7240831,-1.7909281,-1.7113965,-1.9105468,1.2932172,0.6180621,-0.58778524,-0.809017,-0.8660254,0.5,0.0
2016-10-31 00:00:00,4.0,-0.880086,-0.7761747,-0.060230583,0.29186404,0.51290804,-0.43255812,-0.89496756,-0.450679,0.039120484,0.17722203,0.47928786,-0.20909101,-1.9861984,-2.2492602,-0.9650723,-1.1939815,-0.6563013,-2.053062,-2.1954587,-2.0443077,-1.9877099,-2.0679314,0.9355813,0.59866935,-0.95105654,0.309017,-0.8660254,0.5,0.0
2016-11-01 00:00:00,4.0,-0.19433422,0.6196967,0.98390085,-0.13833551,0.124887,-0.16225679,0.14417775,-0.9944053,-0.025118183,0.11982627,0.44113553,-0.27026483,-1.9387112,-2.181121,-1.2029891,-1.7243431,-1.1244296,-2.1384537,-1.6531824,-1.8426875,-1.863175,-2.0083947,0.5226106,0.92873204,0.0,1.0,-0.8660254,0.5,0.0
2016-11-02 00:00:00,4.0,0.89761716,0.9466881,1.3224127,-1.3909475,-0.046872817,0.48335484,0.5479566,0.38869733,0.18988337,0.23162818,0.46074894,0.017863326,-1.3704314,-1.69597,-0.8756296,-1.1556814,-0.23301972,-1.1228124,-1.4790353,-1.1711196,-1.2442812,-1.6266396,0.32705724,1.6295376,0.95105654,0.309017,-0.5,0.8660254,0.0
2016-11-03 00:00:00,1.0,-1.6386237,-1.4170749,-0.86718845,-0.69158953,-0.73393,-0.89809597,-1.2769309,-1.5820967,0.63820654,0.65102226,0.9031243,0.36128777,-1.8837353,-2.1885352,-1.0840567,-1.3476944,-1.6908567,-1.9741926,-2.1963923,-1.8069874,-1.856947,-1.9705887,-0.92412925,1.9521066,0.58778524,-0.809017,-0.5,0.8660254,0.0
2016-11-04 00:00:00,1.0,-0.6319428,-0.20908958,3.0,-1.3763096,-0.71529573,-0.70251596,0.16829138,-0.859808,-0.06766325,0.16455412,0.56355304,-0.3905271,-1.9746507,-2.2530537,-1.4219108,-1.1680069,-1.7002007,-2.2453778,-2.5760565,-1.8128746,-2.0190625,-2.0663002,-0.8706273,2.0521004,-0.58778524,-0.809017,-0.5,0.8660254,0.0
2016-11-07 00:00:00,1.0,-0.2136752,0.3736252,2.1381347,-0.71446055,-0.5872729,-0.9616911,-0.49189553,-0.63895863,-0.5577233,-0.24439585,0.22377035,-0.87802565,-1.9340026,-2.181434,-1.5885004,-0.83743256,-1.8402293,-2.3308246,-2.4121416,-1.6623966,-1.9497844,-2.043985,-0.6477787,1.9145019,-0.95105654,0.309017,-0.5,0.8660254,0.0
2016-11-08 00:00:00,1.0,0.7430459,0.9429557,0.12975948,-0.13941269,-0.09127263,0.098390765,1.1989145,0.17666721,-0.64991397,-0.42125258,-0.011644074,-0.88164335,-1.488891,-1.8017315,-1.254008,-0.40817267,-1.8757695,-2.2020247,-2.138148,-1.2150445,-1.3720871,-1.7518377,0.16714986,1.6494673,0.0,1.0,-0.5,0.8660254,0.0
2016-11-09 00:00:00,1.0,0.49286416,-0.6931858,-0.73035645,1.1451395,-0.6594161,-0.88569456,-1.0494741,1.1500221,-0.9527541,-0.7485333,-0.35975045,-1.1285021,-1.1991346,-1.5476038,-0.7734652,-0.6183036,-1.5200708,-1.8277186,-2.006187,-0.87927985,-0.9725414,-1.5632812,-0.79880214,1.6224515,0.95105654,0.309017,-0.5,0.8660254,0.0
2016-11-10 00:00:00,1.0,-2.2742422,-0.9899988,-1.1038994,0.7412904,3.0,3.0,3.0,0.8633593,3.0,2.723001,2.5854783,2.850746,-1.8634546,-2.1525307,-0.60469687,-0.9706324,-1.9422593,-2.0174038,-2.506588,-1.8265438,-1.5276539,-1.7689917,1.6226023,0.48536023,0.58778524,-0.809017,-0.5,0.8660254,0.0
2016-11-11 00:00:00,1.0,1.9299289,-0.019448893,1.1805228,0.80404234,-0.651285,0.43358937,-1.4142845,2.7959156,3.0,2.7828193,2.6229134,2.5790758,-0.99664694,-1.4272828,-0.099998325,0.35755053,-0.7281778,-1.1951503,-2.131524,-0.71115816,-0.66835487,-1.2948581,-1.5651666,0.4656247,-0.58778524,-0.809017,-0.5,0.8660254,0.0
2016-11-14 00:00:00,1.0,-1.343716,-0.6371804,-0.08232953,0.5168577,-0.22069019,1.2659572,0.61702317,-1.5715398,2.6769927,2.7205184,2.7415001,1.9987073,-1.3703657,-1.7546407,-0.10477696,-0.26383385,-0.962169,-1.0764687,-2.2616923,-1.2957689,-1.1272784,-1.5102711,-0.05638377,0.39234686,-0.95105654,0.309017,-0.5,0.8660254,0.0
2016-11-15 00:00:00,4.0,-1.3330089,-0.8640197,-0.81237304,0.7318046,-0.17175446,0.89497143,-0.35002512,-1.3425037,2.4512746,2.7069426,2.8525522,1.6280519,-1.6653186,-2.0140884,-0.4084262,-1.3553814,-1.5170243,-1.7189089,-2.29508,-1.6358701,-1.5132529,-1.6965753,0.18109174,0.41440943,0.0,1.0,-0.5,0.8660254,0.0
2016-11-16 00:00:00,4.0,0.50963205,0.72628945,1.5078064,-0.90959466,-0.5211501,0.14862978,-0.66826886,0.24007952,1.3658247,1.898895,2.2095506,0.5945788,-1.4242703,-1.7824197,-0.46529564,-1.3170228,-1.7091981,-1.2678088,-2.2596426,-1.2272596,-1.3133621,-1.5937698,-1.2866814,0.42768157,0.95105654,0.309017,-0.5,0.8660254,0.0
2016-11-17 00:00:00,4.0,-0.14668617,-1.2958366,0.15161334,-1.412259,-0.22214033,0.39531878,0.112980746,0.69728565,0.73436886,1.3987863,1.8295491,-0.05378941,-1.4245865,-1.752164,-0.45484987,-0.23046683,-1.0739119,-1.7325386,-2.1074572,-1.1325328,-1.3089252,-1.6048336,-0.07410459,0.24393529,0.58778524,-0.809017,-0.5,0.8660254,0.0
2016-11-18 00:00:00,4.0,-0.025225753,0.7756163,0.7955548,-0.27518228,-0.07975275,-0.07084444,-0.49736854,-0.8235783,0.39428455,1.0812634,1.5743678,-0.39064485,-1.3975241,-1.6984245,-0.33935627,-1.2466013,-0.8138317,-1.5766888,-2.0531225,-1.0082221,-1.2414892,-1.5708063,0.48728397,0.25367108,-0.58778524,-0.809017,-0.5,0.8660254,0.0
2016-11-21 00:00:00,1.0,0.41418812,0.95801526,-0.5564302,0.70154834,-0.22889014,-0.46977955,-0.51637113,-0.24242178,0.010260151,0.7000224,1.2435381,-0.74594027,-1.1835752,-1.5162566,-0.0097338045,-0.3145233,-0.5248623,-1.4991692,-1.8908411,-0.7516138,-0.97743016,-1.4480207,-0.108118586,0.2215548,-0.95105654,0.309017,-0.5,0.8660254,0.0
2016-11-22 00:00:00,1.0,0.095625244,0.39812124,1.1080179,0.34105217,-0.060995363,-0.010886604,0.3762245,-0.28764293,-0.16306707,0.47109216,1.039262,-0.87198985,-1.114802,-1.4390286,0.3536943,0.45098662,-0.8108071,-1.6993887,-1.6698112,-0.6540377,-0.809222,-1.3786676,0.43562165,0.16286622,0.0,1.0,-0.5,0.8660254,0.0
2016-11-23 00:00:00,1.0,1.4186106,1.5188202,-0.35534877,-1.2275698,-0.18066919,0.7499034,0.6765619,0.80587333,0.06283162,0.50475526,0.9608631,-0.50734353,-0.4310157,-0.94272393,1.2432376,0.9385764,-0.3281407,-1.1868124,-1.3722643,0.0922141,0.010057486,-0.96014744,0.06394826,0.17960648,0.95105654,0.309017,-0.5,0.8660254,0.0
2016-11-24 00:00:00,1.0,0.010848218,-0.2414805,1.7822926,-0.2624209,-0.52077127,0.52580786,-0.2511136,0.067104146,-0.51019084,0.0059230383,0.56832737,-1.0920908,-0.41250092,-0.91353136,1.8154225,1.01284,0.73783886,-0.8586077,-1.3905779,0.18397643,0.09712631,-0.9348206,-1.1762695,0.117565714,0.58778524,-0.809017,-0.5,0.8660254,0.0
2016-11-25 00:00:00,1.0,-0.2833859,0.43147632,-0.047900986,1.441914,-0.4945871,-0.5449498,-0.9606458,-0.7532882,-0.8387247,-0.34083226,0.29135445,-1.4010817,-0.5219276,-0.9720586,2.0449755,0.87087727,-0.32686082,-0.6766837,-1.3287008,0.07575287,0.007331439,-0.9946032,-1.2355026,0.04525918,-0.58778524,-0.809017,-0.5,0.8660254,0.0
2016-11-28 00:00:00,1.0,0.52655655,1.2522416,-0.08552355,-0.812966,-0.39171457,-0.13005866,0.3722121,-0.06487346,-1.1682566,-0.7493408,-0.09205673,-1.6523325,-0.2523101,-0.77567613,2.3567271,0.9245938,0.58521307,-0.27599874,-1.3353529,0.46513984,0.3499155,-0.84123933,-0.9339905,-0.008459527,-0.95105654,0.309017,-0.5,0.8660254,0.0
2016-11-29 00:00:00,4.0,0.47831273,0.7624011,1.5735286,-1.3527087,-0.16362429,0.5805522,0.58452183,0.033715524,-1.1724323,-0.91467535,-0.30180907,-1.5231087,-0.0074690618,-0.59577733,2.59755,1.1144742,1.4537743,-0.08026847,-1.1926357,0.81956714,0.6570916,-0.6731225,-0.2544895,-0.111352704,0.0,1.0,-0.5,0.8660254,0.0
2016-11-30 00:00:00,4.0,-0.37909493,-0.013019055,2.754807,-0.89695394,-0.49608126,0.3636633,-0.28582388,-0.66470826,-1.510363,-1.3149414,-0.661011,-1.823591,-0.1947209,-0.7052035,2.5557833,0.18372464,1.0178969,-0.4647014,-1.3358612,0.67685026,0.5039941,-0.78566384,-1.5875338,0.18848507,0.95105654,0.309017,-0.5,0.8660254,0.0
2016-12-01 00:00:00,4.0,0.2661139,-0.70447725,0.3374555,-0.03997894,-0.53398424,0.9606641,0.3720784,0.6125543,-1.7426083,-1.6815432,-1.0630715,-1.9633601,-0.04414342,-0.5988182,2.5309768,0.31732458,1.2070843,0.102355,-1.3226134,0.89975125,0.7092832,-0.686689,-1.7386934,-0.20678681,0.58778524,-0.809017,-0.5,0.8660254,0.0
2016-12-02 00:00:00,4.0,0.45301774,-0.7020944,0.38905162,-0.167753,-0.34632945,0.9557146,-0.07844652,1.0013775,-1.6033556,-1.7335848,-1.2624015,-1.660865,0.21135822,-0.43401003,2.5197074,0.71574044,1.4308344,0.44348094,-1.4562936,1.2149242,1.009841,-0.50661993,-0.96927,-0.39012468,-0.58778524,-0.809017,-2.4492937e-16,1.0,0.0
2016-12-05 00:00:00,4.0,-1.3068025,-1.5568668,-0.79945785,-1.1893255,-0.23298359,1.4066327,0.24443239,-0.98244274,-1.0782251,-1.3669084,-1.015444,-0.98485076,-0.5458549,-0.90271693,1.8990067,-0.26504493,0.6337157,0.0803344,-1.6793202,0.1274292,0.0735551,-0.9274745,-0.53625727,-0.30217355,-0.95105654,0.309017,-2.4492937e-16,1.0,0.0
2016-12-06 00:00:00,4.0,-0.17592482,-0.4482927,-0.38859525,1.3178432,0.018991012,-0.10903704,-0.92999244,0.060011383,-0.99478364,-1.3571246,-1.1037902,-0.8234844,-0.6667653,-0.9736358,1.4624163,-0.6443441,0.5214075,-0.22244182,-1.6256706,-0.0144834565,-0.027255919,-0.9690863,0.45122176,-0.9897632,0.0,1.0,-2.4492937e-16,1.0,0.0
2016-12-07 00:00:00,4.0,0.8495847,-0.15178236,0.670558,0.75543356,-0.5846532,-0.79273117,-0.6473965,1.1858771,-1.014429,-1.4532359,-1.3534847,-0.7472735,-0.109647155,-0.64793444,1.4593613,0.04888732,0.23554131,-0.08577667,-1.5702852,0.8157341,0.68129677,-0.63478184,-1.7639859,-0.9390325,0.95105654,0.309017,-2.4492937e-16,1.0,0.0
2016-12-08 00:00:00,4.0,0.654654,0.11182178,0.026948651,2.0627985,-1.263048,-1.2736897,-0.3831316,0.7703489,-1.2879964,-1.7365211,-1.7621638,-1.0035764,0.3720288,-0.38933256,1.6908852,0.28466251,0.6235233,1.0178744,-1.5491508,1.3518268,1.2624686,-0.37457362,-1.5938946,0.37542483,0.58778524,-0.809017,-2.4492937e-16,1.0,0.0
2016-12-09 00:00:00,4.0,0.33646518,-1.1199781,-0.40780947,-0.5367098,1.4417678,0.39283222,1.1296502,1.4291908,-1.0502642,-1.5478301,-1.6774558,-0.665892,0.58421725,-0.24739169,1.7785945,0.19624892,0.9733926,0.3945633,-0.9743622,1.5719482,1.4519743,-0.18878186,0.91406894,0.44390994,-0.58778524,-0.809017,-2.4492937e-16,1.0,0.0
2016-12-12 00:00:00,4.0,-0.46188736,0.08035314,0.14775524,1.8388206,-0.8246391,0.06843141,-0.32262522,-0.82653934,-1.1405804,-1.5923898,-1.727397,-0.7740547,0.2073218,-0.4323548,1.6323869,0.74791384,0.4242075,0.7624456,-0.9612718,1.0332383,0.990204,-0.34900662,-1.2681054,0.04620215,-0.95105654,0.309017,-2.4492937e-16,1.0,0.0
2016-12-13 00:00:00,4.0,-1.5432785,-1.5872703,-1.2158482,-0.84344476,3.0,1.2827289,0.49745312,0.571964,0.043320872,-0.6019246,-0.8421133,0.6477699,-0.84529805,-1.0335371,0.90537405,-0.01399248,-0.68535876,0.7425138,-1.1261463,-0.49841857,-0.31106028,-0.82968736,1.6949967,0.12522458,0.0,1.0,-2.4492937e-16,1.0,0.0
2016-12-14 00:00:00,4.0,0.13960215,0.64379656,-0.8892482,1.9234458,-0.4404127,0.39432684,-0.4765532,-0.32221958,-0.4780372,-0.9355846,-1.1394036,0.0016220927,-0.763645,-0.97158635,0.55126655,-0.4720627,-0.38804662,0.5917727,-1.1716524,-0.4737632,-0.30164915,-0.7927733,-0.8793606,-0.041732077,0.95105654,0.309017,-2.4492937e-16,1.0,0.0
2016-12-15 00:00:00,4.0,0.13851787,-1.4200133,-0.36661953,-1.3797657,-0.3398726,0.6456673,-0.0016091274,0.96027565,-0.7952463,-1.157448,-1.3535883,-0.39316902,-0.6952184,-0.9213295,0.33174184,-0.8141012,-0.47680148,0.7098165,-1.2612162,-0.49651518,-0.30126014,-0.73812497,-0.7412245,-0.17409016,0.58778524,-0.809017,-2.4492937e-16,1.0,0.0
2016-12-16 00:00:00,4.0,-1.8268162,-1.0463719,-0.4860293,-0.41764298,1.1870898,2.1048841,0.7175684,-1.5441229,0.22024165,-0.29756552,-0.5641473,0.768582,-1.7664044,-1.6137,-0.3125636,-2.0284922,-1.7030193,0.036760624,-1.4652815,-2.0680447,-1.562895,-1.3051175,1.272875,-0.4616489,-0.58778524,-0.809017,-2.4492937e-16,1.0,0.0
2016-12-19 00:00:00,4.0,-0.060209118,0.5032434,1.9815918,-0.5728829,-0.13799444,0.49068257,-0.7076523,-0.56900865,-0.22904053,-0.5705097,-0.78829473,0.19237073,-1.8055096,-1.6397048,-0.76200646,-1.787562,-0.9728786,-0.16051275,-1.537953,-1.7604817,-1.667147,-1.3508098,-0.22641405,-0.3610965,-0.95105654,0.309017,-2.4492937e-16,1.0,0.0
2016-12-20 00:00:00,4.0,-0.78251207,-1.0690262,-0.9071682,-0.044311885,-0.3034684,-0.98172444,-0.81644577,-0.63092965,-0.32962006,-0.5963311,-0.77833444,0.022140395,-2.1766348,-1.9205467,-1.209004,-1.3809993,-1.2719574,-0.5246814,-1.6822126,-1.8214426,-2.1925242,-1.6464831,-0.8476701,-0.4656807,0.0,1.0,-2.4492937e-16,1.0,0.0
2016-12-21 00:00:00,4.0,-0.3621341,-0.13443664,1.0821133,0.08641362,0.14926258,-0.9342898,-0.17938751,-0.5445371,-0.5366274,-0.7345902,-0.8903803,-0.24802358,-2.3006923,-2.034611,-1.5349113,-1.6513721,-1.8826531,-1.3376621,-1.6685117,-1.5552202,-2.334118,-1.7921867,0.1135393,-0.60149324,0.95105654,0.309017,-2.4492937e-16,1.0,0.0
2016-12-22 00:00:00,4.0,0.5361075,0.7161397,1.6268266,-0.8892997,-0.450689,-1.0302755,-0.28894743,0.23966599,-0.81488687,-0.9755407,-1.1382457,-0.56149554,-1.8074461,-1.7443227,-1.5212532,-1.4046029,-1.9387559,-1.131006,-1.3291231,-1.0489749,-1.8810302,-1.5562782,-1.0515276,-0.77105314,0.58778524,-0.809017,-2.4492937e-16,1.0,0.0
2016-12-23 00:00:00,4.0,-0.7374043,-1.2159954,-0.7987554,-0.47650924,0.39523554,-0.52818847,0.3103092,-0.14454244,-0.7700459,-0.9471047,-1.102991,-0.5075225,-2.0867639,-1.9660825,-1.5788859,-0.7783616,-2.363981,-1.3323308,-1.5764766,-1.1188201,-2.2217064,-1.8304552,0.60427177,-0.6541279,-0.58778524,-0.809017,-2.4492937e-16,1.0,0.0
2016-12-28 00:00:00,4.0,-0.15008973,0.6719356,-0.1868761,1.3440542,-0.94122136,0.26977617,0.40863314,-0.7051909,-1.1012667,-1.2241782,-1.3524846,-0.9336629,-2.1111867,-1.9951993,-1.6386693,-0.8218499,-2.1662188,-1.6559576,-1.5992576,-0.96585405,-2.250688,-1.9754959,-1.5452935,-0.8085948,-0.95105654,0.309017,-2.4492937e-16,1.0,0.0
2016-12-29 00:00:00,4.0,1.0918491,1.4493937,-0.4882966,-0.24448003,1.3724778,1.179758,0.36997566,-0.14425607,-0.6239038,-0.92509663,-1.1896026,-0.18848014,-1.226085,-1.4818009,-1.093578,0.20427422,-0.9715654,-1.4660344,-1.5108346,-0.46670362,-1.2555984,-1.3282177,1.6024076,-1.1764466,0.58778524,-0.809017,-2.4492937e-16,1.0,1.0
2016-12-30 00:00:00,4.0,0.32068536,1.9604746,-0.8778118,-1.234769,0.2355004,0.3987442,-0.46355274,-1.3670794,-0.66599,-0.9608505,-1.2436147,-0.21826619,-1.024585,-1.3370551,-0.6695921,0.5739806,-0.8885505,-1.1474481,-1.1552964,-0.2966256,-0.9624734,-1.163351,0.4830175,-1.2136402,-0.58778524,-0.809017,-2.4492937e-16,1.0,1.0
2017-01-03 00:00:00,4.0,1.2494814,1.5560548,-0.041865412,-1.2735686,0.4610758,1.5468702,0.4792981,0.20748882,-0.48950064,-0.8532917,-1.2165891,0.092526115,-0.094188824,-0.76003635,0.017068319,0.9350562,-0.3965108,-0.76831424,-1.1756035,0.18555678,-0.0821527,-0.53494745,0.93051517,-1.4870185,-0.95105654,0.309017,-2.4492937e-16,1.0,1.0
2017-01-04 00:00:00,4.0,0.9171296,1.1225014,-0.7190472,0.5025432,0.9510978,-1.0158697,-1.2098557,-0.07708666,-0.25037378,-0.6695398,-1.1046183,0.44670057,0.5183812,-0.35053608,0.69338465,1.7730097,0.89111644,-0.60045886,-1.1219721,0.5681901,0.5566208,-0.050471157,1.3514668,-0.9665724,0.95105654,0.309017,0.5,0.8660254,0.0
2017-01-05 00:00:00,4.0,0.056033578,-0.6950663,-0.48723945,0.6042267,-0.6944505,-0.61946577,0.09670591,0.38878432,-0.6950277,-0.9693169,-1.334554,-0.17513183,0.50094026,-0.35781592,1.1324812,1.8356208,0.94485027,0.06561015,-1.1923895,0.60202897,0.5855852,-0.04274332,-1.053334,-1.095238,0.58778524,-0.809017,0.5,0.8660254,0.0
2017-01-06 00:00:00,4.0,1.7707849,1.346898,-0.801931,0.10912345,0.3806963,0.39100063,0.49267796,1.3353748,-0.2657383,-0.6837619,-1.1788325,0.5036917,1.7396597,0.56338465,1.7313818,2.0994763,2.0710382,0.9415881,-1.0382295,1.3696834,1.6611637,0.9976342,0.8953799,-1.2593405,-0.58778524,-0.809017,0.5,0.8660254,0.0
2017-01-09 00:00:00,4.0,0.34566256,-0.81877446,-0.65902776,0.48567277,-0.67598855,-0.82001394,-0.7088425,0.9538128,-0.6996386,-0.97948194,-1.4076741,-0.09747916,1.911357,0.762347,2.1613603,2.0820174,2.301258,0.6717046,-0.90183616,1.5254958,1.8713862,1.2952675,-0.7161164,-1.3762094,-0.95105654,0.309017,0.5,0.8660254,0.0
2017-01-10 00:00:00,3.0,0.36892787,0.10591735,0.65223914,1.4083341,-0.8001586,-1.0826267,-0.26375192,0.41936353,-1.0343095,-1.238042,-1.6108351,-0.56542087,2.0307798,0.96397096,2.405879,1.6273205,2.1524334,0.50451016,-0.5760626,1.67492,2.078288,1.5676455,-1.0354824,-2.0363424,0.0,1.0,0.5,0.8660254,0.0
2017-01-11 00:00:00,0.0,1.0011007,1.9115446,-1.2899048,-1.0428473,-0.22264113,-0.6737436,0.09701545,-0.05340482,-1.1073333,-1.3374957,-1.7178173,-0.6119287,2.450214,1.5044924,2.5959463,1.633082,2.6901424,0.80208516,-0.25592247,2.0625367,2.5832303,2.1843874,0.075245954,-1.965508,0.95105654,0.309017,0.5,0.8660254,0.0
2017-01-12 00:00:00,3.0,0.9881776,1.3520793,-1.0442061,0.062743604,-0.44164532,-0.285173,0.09880738,0.48409235,-1.1382297,-1.4031829,-1.7944173,-0.59336096,2.7032602,1.9398907,2.745657,2.016662,2.897119,1.4223467,0.28693143,2.2840822,2.92938,2.6471467,-0.016576631,-1.5924883,0.58778524,-0.809017,0.5,0.8660254,0.0
2017-01-13 00:00:00,0.0,-0.51521605,-1.0166811,-0.94279975,0.4497565,0.3361677,-0.48973608,-0.28692558,0.08245198,-1.0360615,-1.33325,-1.7155555,-0.43345797,2.1193283,1.5766362,2.522468,0.99347806,2.2212014,1.8698181,0.031711046,1.8289456,2.3675048,2.223493,0.5222232,-1.6557509,-0.58778524,-0.809017,0.5,0.8660254,0.0
2017-01-16 00:00:00,3.0,0.5719243,1.0476159,0.08095227,-0.43454385,-1.4806324,-0.6835241,-0.2790841,0.3088731,-1.2814964,-1.5305897,-1.8693477,-0.80786616,2.2341764,1.7933477,2.4565496,1.1024816,2.2031636,1.9777659,0.3517857,1.8154312,2.5282807,2.4752696,-1.4185034,-1.5683393,-0.95105654,0.309017,0.5,0.8660254,0.0
2017-01-17 00:00:00,3.0,-1.105385,-1.2650143,-1.0378207,-0.13976152,0.8361491,-0.7590536,-0.2317753,-0.43105733,-0.87166876,-1.2312799,-1.6112057,-0.14787194,1.3686254,1.1399736,1.8952407,0.4482673,1.4289235,1.4598155,-0.18409592,1.3139836,1.7039568,1.7433845,1.119193,-1.7153323,0.0,1.0,0.5,0.8660254,0.0
2017-01-18 00:00:00,0.0,0.69261676,0.35979795,-0.5060247,2.145528,-0.6914627,-1.5340306,-0.67750037,0.7347576,-1.089662,-1.3904911,-1.7348647,-0.48294204,1.6151017,1.4466871,1.6957474,0.2904924,1.3290224,2.3966308,0.06346318,1.3707241,1.9025468,2.0526676,-0.6392503,-1.3817426,0.95105654,0.309017,0.5,0.8660254,0.0
2017-01-19 00:00:00,3.0,1.3584406,1.5515014,-0.36030883,-1.2464546,1.1966305,0.56617165,1.4247627,0.30322787,-0.6773769,-1.1185688,-1.5689903,0.28487682,2.0617666,2.0197637,1.5853738,0.45110476,1.6874512,2.7380204,0.30078673,1.5670733,2.200094,2.5130205,1.4236985,-1.2437385,0.58778524,-0.809017,0.5,0.8660254,0.0
2017-01-20 00:00:00,3.0,-0.20469546,-0.56191456,-1.2542984,1.9355452,-0.6424095,-1.0062228,-0.8549631,-0.03748086,-0.9015316,-1.2430503,-1.6291978,-0.12178933,1.8308066,1.8617989,1.4790958,0.5952171,1.0638291,2.769092,0.04368763,1.3418553,1.9058923,2.3365471,-0.47671154,-0.8974264,-0.58778524,-0.809017,0.5,0.8660254,0.0
2017-01-23 00:00:00,3.0,-0.7983678,-1.0919392,-0.49644658,-0.28765857,-1.1124831,-0.8745854,-0.06116058,-0.754683,-0.9387468,-1.2417829,-1.5896038,-0.22430226,1.2624975,1.3874171,1.1302347,-0.018517897,0.71870786,2.4972818,-0.063626446,1.0088884,1.3271673,1.8792396,-1.312615,-0.91048837,-0.95105654,0.309017,0.5,0.8660254,0.0
2017-01-24 00:00:00,0.0,0.10423144,-0.16779593,1.80833,-0.46504346,0.14184594,-1.2495902,-0.41329274,0.2275914,-0.92209435,-1.2241812,-1.5665189,-0.18732631,1.2571042,1.4025338,0.83257854,0.5218533,0.6347168,2.2523892,0.2706085,0.93256146,1.1879702,1.8245789,0.40253714,-0.8077795,0.0,1.0,0.5,0.8660254,0.0
2017-01-25 00:00:00,0.0,0.2900331,-0.30201778,-0.05268428,1.2890049,-1.7073134,-0.05027762,0.7821082,0.4391036,-1.3423929,-1.5180137,-1.7640256,-0.9573437,1.3331362,1.4939971,0.68925005,0.34001642,0.41237053,2.4345489,0.6268055,0.9202001,1.1973357,1.9573654,-1.4771492,-1.0075064,0.95105654,0.309017,0.5,0.8660254,0.0
2017-01-26 00:00:00,3.0,0.5220958,-0.25142586,-1.2271353,2.58125,-1.2417581,-0.7912907,-0.5940639,0.8245255,-1.5218319,-1.6740506,-1.8794284,-1.2826588,1.5017735,1.6764872,0.628671,-0.047719482,0.26615304,2.484004,1.0233682,1.0031449,1.2854301,2.1515968,-1.3701439,-0.8338458,0.58778524,-0.809017,0.5,0.8660254,0.0
2017-01-27 00:00:00,0.0,1.643069,1.6454216,-0.9710743,-0.7644205,0.9770858,1.3272314,1.2285645,0.85493094,-0.88567984,-1.2818063,-1.6472803,0.0680745,2.0137942,2.2711043,0.75827837,0.80281025,0.89357996,2.47788,1.5484843,1.4422164,1.7054502,2.5377486,1.2204974,-0.59449226,-0.58778524,-0.809017,0.5,0.8660254,0.0
2017-02-01 00:00:00,3.0,-0.088041976,0.5247478,0.58743787,0.32805917,-1.3232094,-1.7619128,-1.4983757,-0.43642667,-1.2617244,-1.5149447,-1.7838218,-0.69724023,1.872337,2.1204152,0.87468016,1.1273898,0.69803447,2.2650514,1.3394976,1.3193798,1.5320654,2.4390893,-1.3190193,-0.5152951,-0.95105654,0.309017,0.5,0.8660254,0.0
2017-02-02 00:00:00,3.0,-0.27216724,0.9030958,-1.1834031,1.1909947,0.9547127,0.6675647,2.0333538,-1.3850678,-0.8617466,-1.239868,-1.5842649,0.1030182,1.6456684,1.8972654,0.69305724,0.9646773,0.93703264,1.8440648,1.7852956,1.1410788,1.13399,2.0633454,1.1462048,-0.07776602,0.58778524,-0.809017,0.8660254,0.5,0.0
2017-02-03 00:00:00,3.0,-0.76294297,-0.75822186,0.73937553,-0.5870766,1.9733504,-1.2595527,-0.9395438,-0.2501302,-0.44804895,-0.9207253,-1.3400186,0.81627023,1.1446521,1.4586451,0.34046483,0.4981738,0.52874863,1.4364469,1.7511828,0.7768858,0.60349673,1.5818888,1.8231989,-0.3324806,-0.58778524,-0.809017,0.8660254,0.5,0.0
2017-02-06 00:00:00,3.0,-0.3417071,-0.69234484,-0.9932779,1.2703458,0.69655603,0.048703723,0.6566456,0.08069501,-0.42866567,-0.85275334,-1.2649523,0.7758592,0.93070555,1.2611275,0.023895968,0.10771201,0.036564186,1.3425856,1.7051367,0.58692706,0.33326072,1.3802993,0.8238589,-0.4784155,-0.95105654,0.309017,0.8660254,0.5,0.0
2017-02-07 00:00:00,3.0,1.11941,1.1060957,-1.1652793,0.6738419,0.2714713,0.5315385,0.024778675,0.721847,-0.48648968,-0.86477256,-1.2725722,0.6716002,1.3367746,1.6483517,-0.0011257231,-0.15462421,0.41900185,1.1642148,1.7637053,1.0998348,0.71482176,1.6864908,0.37003428,-0.48931754,0.0,1.0,0.8660254,0.5,0.0
2017-02-08 00:00:00,3.0,-0.126554,0.5986178,1.1136366,-0.42515755,-0.51968974,0.807898,-0.02698867,-0.6754562,-0.7578692,-1.0113734,-1.3420787,0.12307765,1.2363608,1.5424817,-0.075825796,-0.1717263,0.62352604,1.0513715,1.5796901,0.9545934,0.5912753,1.621012,-0.7660101,-0.45793474,0.95105654,0.309017,0.8660254,0.5,0.0
2017-02-09 00:00:00,3.0,0.7665339,1.0650226,-0.73819435,0.20169725,2.4960885,3.0,2.179987,-0.5391783,-0.19391227,-0.64540637,-1.11108,1.2690805,1.4718475,1.7592669,-0.05413973,0.28158578,0.81115496,1.1283897,2.3499558,1.2918147,0.73774457,1.6660786,1.9186318,-0.42181772,0.58778524,-0.809017,0.8660254,0.5,0.0
2017-02-10 00:00:00,3.0,0.1686507,-0.11860678,2.1086133,-0.32614174,-0.45688537,2.6406481,0.012942909,0.3652633,-0.5173614,-0.8147342,-1.1995915,0.75919133,1.4844775,1.753345,-0.017385146,0.6977429,0.7671672,0.9162814,1.7666284,1.2109768,0.7556367,1.6903414,-0.5535312,-0.2770376,-0.58778524,-0.809017,0.8660254,0.5,0.0
2017-02-13 00:00:00,3.0,0.19651297,-0.9579644,1.0862029,-1.3255739,-0.5679065,1.280155,-0.87503374,1.0382867,-0.66247153,-0.89259195,-1.2370716,0.62102693,1.5122256,1.7611346,-0.0054777646,0.9257716,0.6637627,0.7193544,2.1242797,1.1385549,0.78622013,1.6957595,-0.8185294,-0.41745812,-0.95105654,0.309017,0.8660254,0.5,0.0
2017-02-14 00:00:00,3.0,0.69852495,0.622198,0.14926018,0.32550842,-0.6073814,0.902319,-0.3807745,0.7042012,-0.9409147,-1.0591,-1.3361106,0.36713165,1.671715,1.9067879,0.09387298,0.69201654,0.34103566,0.97627926,2.50156,1.2728418,1.0009243,1.8552392,-0.8489733,-0.5382762,0.0,1.0,0.8660254,0.5,0.0
2017-02-15 00:00:00,3.0,-0.2000632,0.09506187,0.01665861,1.7007121,-0.8335579,0.75453496,-0.2098567,-0.36141318,-1.492644,-1.3678343,-1.4919516,-0.46804026,1.5750183,1.7984196,0.09774384,0.6881328,0.32484552,0.8063755,2.2244995,1.0368551,0.9269792,1.8249667,-1.0717131,-0.6004624,0.95105654,0.309017,0.8660254,0.5,0.0
2017-02-16 00:00:00,3.0,1.6137809,1.3927426,-0.07467742,-1.377586,1.5070436,2.6959872,2.8556345,0.51360255,-0.3910109,-0.86898184,-1.2610832,1.5086758,1.9042372,2.1424863,0.26567996,0.98999053,0.82370013,1.3743869,2.4196105,1.4621012,1.2906855,1.9767995,1.6060776,0.006505593,0.58778524,-0.809017,0.8660254,0.5,0.0
2017-02-17 00:00:00,3.0,0.4928096,-0.38285327,-0.6618946,1.8391143,0.08786655,1.9970189,-0.22650723,1.2307061,-0.66075873,-1.0039591,-1.3295536,1.071434,1.9405729,2.1751199,0.46432713,1.1345558,1.1766948,1.3123788,2.384536,1.3699356,1.387829,2.0450065,0.3884323,0.18396793,-0.58778524,-0.809017,0.8660254,0.5,0.0
2017-02-20 00:00:00,3.0,-0.62650937,-0.5722844,-0.38157555,1.064306,-0.25277364,0.3687289,-1.416795,-0.5405269,-1.033416,-1.192104,-1.4007176,0.46547934,1.5917405,1.8824314,0.42212516,0.79858744,1.1126494,0.88072157,2.101354,0.96603805,1.1159302,1.8599464,-0.10930732,0.31600928,-0.95105654,0.309017,0.8660254,0.5,0.0
2017-02-21 00:00:00,3.0,0.4930387,0.82188165,0.2698791,-0.290353,-0.007854831,-0.055308998,-0.6574615,0.07826138,-1.2239027,-1.3379462,-1.4785417,0.21637219,1.6619182,1.9382674,0.41866392,0.7185458,0.9039185,1.0458778,2.0750737,0.96043116,1.2448301,1.9297935,0.403326,-0.28655517,0.0,1.0,0.8660254,0.5,0.0
2017-02-22 00:00:00,3.0,-1.2623175,-1.3513163,-0.58490014,-0.59244657,1.4788837,-0.18330668,-0.2993719,0.054241914,-0.34918827,-0.85887575,-1.2197603,1.3075658,0.9920207,1.4256151,0.026299868,0.29435375,0.6243516,1.0011046,1.5439898,0.49984634,0.5729159,1.4361081,1.5889605,-0.88054204,0.95105654,0.309017,0.8660254,0.5,0.0
2017-02-23 00:00:00,3.0,1.2893511,1.3375112,-1.1639025,-0.08305715,0.13738097,0.18480052,0.51032895,0.73867613,-0.29571474,-0.82870406,-1.2238485,1.3497366,1.2751225,1.6731879,0.006582561,0.16487621,0.7345216,1.2335476,1.6877536,0.8188181,0.93037903,1.6491193,0.6293231,-1.7090241,0.58778524,-0.809017,0.8660254,0.5,0.0
2017-02-24 00:00:00,3.0,-0.6842357,-0.10017285,1.440408,0.40761608,-0.37716326,-0.23690985,-0.6635309,-1.0694871,-0.72692066,-1.0276349,-1.2849569,0.7080955,0.97227633,1.4149381,-0.17031771,-0.31535792,0.51609063,1.027154,1.6124688,0.5414892,0.61353654,1.4858786,0.008327313,-1.3431437,-0.58778524,-0.809017,0.8660254,0.5,0.0
2017-02-27 00:00:00,3.0,-1.0302403,-1.7136627,-0.96395147,-1.1805362,-0.51702297,-0.42221287,-0.37215164,-0.24319707,-1.0650201,-1.1958966,-1.3271601,0.17556095,0.5225421,1.048186,-0.53961825,-0.48378372,0.19956802,0.69417703,1.3384676,0.16963881,0.16754544,1.2395843,-0.11037884,-1.600252,-0.95105654,0.309017,0.8660254,0.5,0.0
2017-02-28 00:00:00,3.0,-0.3605375,-0.08267065,1.2658032,0.46137318,0.63597167,-0.42799923,-0.17821118,-0.4904971,-0.6808061,-0.96514523,-1.2055744,0.6460558,0.39722446,0.93193436,-0.87033266,-0.83575,-0.06822508,0.21945888,1.1777635,0.030643148,-0.012517321,1.0653782,1.0861988,-0.7840501,0.0,1.0,0.8660254,0.5,0.0
2017-03-01 00:00:00,3.0,-1.2194575,-1.4238002,-0.13510044,-1.4223464,0.8480856,-0.5681902,-0.25098023,0.02133538,-0.1812255,-0.60028803,-0.99018615,1.2032295,-0.09306178,0.52669764,-1.2845658,-0.8279425,-0.33536732,-0.008390456,1.0744596,-0.4029871,-0.49254274,0.7012641,1.3152716,0.34627366,0.95105654,0.309017,0.8660254,0.5,0.0
2017-03-02 00:00:00,3.0,0.11525166,-0.995171,-0.8417836,0.21949969,-1.1267323,-0.58089644,-0.15927558,0.87976503,-0.9998151,-1.0570661,-1.1839101,0.05736209,-0.025721211,0.5642963,-1.5400168,-1.2867141,-0.71640486,0.08044104,1.0286188,-0.3605639,-0.45207053,0.7533939,-1.0588698,0.47635606,0.58778524,-0.809017,1.0,6.123234e-17,0.0
2017-03-03 00:00:00,3.0,-0.38208243,-1.4256619,-0.6617478,-1.0170685,2.1793191,-0.066870175,0.7552575,2.4560668,0.51470256,-0.1194861,-0.71603507,2.157416,-0.15450506,0.44885796,-1.5751798,-1.155753,-0.93761337,0.18403244,0.8861366,-0.5285816,-0.610175,0.50733876,1.6845101,0.74696577,-0.58778524,-0.809017,1.0,6.123234e-17,0.0
2017-03-06 00:00:00,3.0,-1.204993,-0.9158651,-0.44931677,0.061394893,-0.9919105,0.25775906,0.2809796,-1.4175915,0.3183963,-0.11464444,-0.6496113,1.6407413,-0.5918346,0.07619215,-1.7957889,-1.2049516,-1.0702038,0.023505379,0.976889,-1.0880216,-1.0274328,0.21990044,-1.0544386,1.3276254,-0.95105654,0.309017,1.0,6.123234e-17,0.0
2017-03-07 00:00:00,3.0,0.15721743,0.0040080673,2.6051443,-0.572225,-0.97141653,-1.0317616,-1.3909827,0.20599407,-0.5178463,-0.57996374,-0.84954166,0.40516675,-0.4938256,0.13468845,-1.8863142,-1.0016447,-1.1428872,-0.21628958,1.028634,-1.026322,-0.9749411,0.24837913,-1.1234605,1.8483107,0.0,1.0,1.0,6.123234e-17,0.0
2017-03-08 00:00:00,3.0,0.42816383,0.72284776,0.47213128,0.0064493483,-0.66878027,-1.1955708,-0.4937805,0.09379815,-1.1020837,-0.9672155,-1.0352046,-0.4542217,-0.29030153,0.26610994,-1.8041513,-0.34921014,-0.72532547,-0.10003923,0.9216622,-0.8490812,-0.8228249,0.3334579,-0.77042377,1.4469243,0.95105654,0.309017,1.0,6.123234e-17,0.0
2017-03-09 00:00:00,3.0,0.5336743,1.1675099,-0.4628702,-0.2412549,0.7221888,-0.4430843,1.1642064,-0.812676,-0.6543199,-0.74269277,-0.9340799,0.27610245,-0.057287812,0.42243114,-1.5149105,-0.18988281,-0.90969914,-0.16726458,0.8674678,-0.5595579,-0.6006965,0.3831798,1.0800351,1.3356239,0.58778524,-0.809017,1.0,6.123234e-17,0.0
2017-03-10 00:00:00,3.0,-1.7970362,-1.3676375,-0.9618871,-0.45260286,0.24370325,-0.4322003,-0.21447204,-1.4351023,0.37872633,-0.045138493,-0.5312965,1.5846516,-0.7404701,-0.16256098,-1.5054446,-0.74516606,-1.1720098,-0.57699054,0.5700043,-1.4733369,-1.1604052,-0.12665962,0.5475581,1.3757368,-0.58778524,-0.809017,1.0,6.123234e-17,0.0
2017-03-13 00:00:00,3.0,0.3319255,0.40675062,-0.061201554,1.3216456,-0.4736494,-0.7084307,-0.58381647,0.16818227,-0.24783497,-0.3868918,-0.6795004,0.6364393,-0.5727406,-0.052713145,-1.4699178,-0.14812464,-0.8332555,-0.5483344,0.6907402,-1.20071,-1.013881,-0.08462211,-0.23069581,1.4059701,-0.95105654,0.309017,1.0,6.123234e-17,0.0
2017-03-14 00:00:00,3.0,1.4986885,1.1045209,-0.3550933,-0.30019584,1.455724,-0.038967837,0.87170607,0.6371938,0.45450377,0.016851151,-0.5112184,1.6303214,-0.02481084,0.36146888,-1.0852704,0.36584714,-0.39240524,-0.38694182,1.1429698,-0.3490666,-0.4571444,0.17398761,1.5852072,0.85617733,0.0,1.0,1.0,6.123234e-17,0.0
2017-03-15 00:00:00,3.0,-0.15984604,-0.53162605,0.4010346,0.47418296,-0.82958764,-0.24163842,-0.39641887,0.24482143,-0.3206101,-0.39766675,-0.68406844,0.48669782,-0.046338867,0.33751377,-0.89267313,0.14075713,-0.12958038,-0.37884375,1.0925573,-0.38845396,-0.48190308,0.12819052,-0.72664356,0.94305366,0.95105654,0.309017,1.0,6.123234e-17,0.0
2017-03-16 00:00:00,4.0,-0.3645945,0.80087477,0.096808836,-0.02272289,-0.08696899,-0.92774177,-0.99172235,-1.535854,-0.48518878,-0.49058703,-0.70622283,0.21289168,-0.15830003,0.24122655,-0.7685413,-0.20771746,-0.24664949,-0.7808691,1.0214623,-0.48860732,-0.54331565,0.011875511,0.2494751,-0.23553653,0.58778524,-0.809017,1.0,6.123234e-17,0.0
2017-03-17 00:00:00,3.0,2.8386712,1.1579483,-1.1118094,0.18229239,1.1200572,1.9412372,2.6005945,3.0,1.9348775,0.9170935,-0.10367241,3.0,0.7028639,0.97389585,-0.2163502,1.6597329,0.5428549,-0.31252727,1.682827,1.1187876,0.37878755,0.4821494,1.2964655,-0.67488086,-0.58778524,-0.809017,1.0,6.123234e-17,0.0
2017-03-20 00:00:00,3.0,-0.11335479,-0.9001011,-0.77720845,0.86336106,-0.83670646,1.60563,-0.23192763,0.654552,0.72918224,0.3432378,-0.33593366,1.4784069,0.70944536,0.9763041,0.09025194,1.5189774,0.81907636,-0.20762303,1.6699446,1.0048311,0.42025992,0.49455857,-0.73241013,-0.61245495,-0.95105654,0.309017,1.0,6.123234e-17,0.0
2017-03-21 00:00:00,3.0,0.90226245,1.7429023,-1.0961996,-1.5203984,-0.24907248,-0.3455704,-1.1208055,-0.27171883,0.13860562,0.007915757,-0.50369686,0.79990166,0.964395,1.2186288,0.42358467,1.2989838,1.0098653,-0.13139944,1.9053938,1.3266796,0.7983625,0.7288626,0.07731325,-0.90688425,0.0,1.0,1.0,6.123234e-17,0.0
2017-03-22 00:00:00,4.0,0.25224784,0.20301175,0.95772094,0.52178377,-0.6299501,0.44297293,0.43411517,0.3596358,-0.6621508,-0.50340754,-0.74445826,-0.058098122,1.0767438,1.3251723,0.68874973,1.5233907,0.99061865,0.18775512,1.9874696,1.2235224,0.98157686,0.8598048,-0.41083923,-0.45920715,0.95105654,0.309017,1.0,6.123234e-17,0.0
2017-03-23 00:00:00,3.0,-1.9207654,-0.282302,0.23116913,1.6079963,-0.35645053,0.63954455,-0.051229592,-2.8167367,1.191298,0.7600001,-0.06508677,1.6256204,0.1837425,0.63202256,0.42359078,0.87862885,0.37190965,-0.5209276,1.6530687,0.4164145,0.19403999,0.20582265,-0.041733034,-0.67713565,0.58778524,-0.809017,1.0,6.123234e-17,0.0
2017-03-24 00:00:00,3.0,-0.24952604,-0.64184904,1.1629915,-0.1651269,-0.039620683,-0.2181373,-0.63952696,0.34623006,0.5547948,0.45277053,-0.16721305,0.89406675,0.1587827,0.6265117,0.2623347,-0.54774976,0.84938276,-0.43835482,1.7541442,0.34523618,0.1755803,0.16136026,0.2952285,-0.6226723,-0.58778524,-0.809017,1.0,6.123234e-17,0.0
2017-03-27 00:00:00,3.0,-0.1161361,-0.5687005,-0.31568122,1.3530625,-0.6129925,-0.24560252,-0.16095534,0.4049579,-0.33265668,-0.122840814,-0.4216301,-0.028041327,0.18510641,0.6713138,0.12894735,-0.5689657,0.7746462,-0.23574457,1.7846214,0.3014157,0.21481353,0.18558392,-0.45613882,-0.46024072,-0.95105654,0.309017,1.0,6.123234e-17,1.0
2017-03-28 00:00:00,3.0,-1.2867209,-0.35991007,2.248789,-0.6616245,1.3870541,-0.3632363,-0.22176819,-1.4994973,0.53691024,0.5120393,-0.03824903,0.7408656,-0.51549804,0.15104963,-0.21414068,-1.6042248,-0.07613515,-0.48207653,1.4726831,-0.25885057,-0.3676875,-0.30429754,1.4176265,-0.3258434,0.0,1.0,1.0,6.123234e-17,1.0
2017-03-29 00:00:00,3.0,0.6629652,0.30780298,-0.29674602,1.4767978,-1.4330785,-0.8738111,-0.5255803,1.070505,-0.28382564,-0.07747613,-0.35083234,-0.057730183,-0.14919053,0.4591226,-0.3067609,-1.3840785,0.19333895,0.010977923,1.5191863,0.051173676,-0.01768369,-0.04652154,-1.4766755,-0.0042141927,0.95105654,0.309017,1.0,6.123234e-17,1.0
2017-03-30 00:00:00,3.0,0.02658692,-1.1221626,-1.0924648,0.48245123,-0.67580974,-0.05703853,0.5416684,0.92848396,-1.1479723,-0.7771502,-0.7290823,-0.89715475,-0.055950847,0.546038,-0.35132408,-0.45125487,0.33338386,-0.015100351,1.3400322,0.05109213,0.06350973,0.021466622,-0.8892276,-0.2789444,0.58778524,-0.809017,1.0,6.123234e-17,1.0
2017-03-31 00:00:00,3.0,-0.80061835,-1.3573412,-1.0204346,-0.28798655,0.037507992,-0.19742489,-0.26387593,0.021875283,-1.33295,-1.0276264,-0.86136985,-1.0177416,-0.5301382,0.17023282,-0.5139298,-0.7110759,-0.90940845,-0.13529901,1.1081469,-0.32392415,-0.34689194,-0.32796675,0.30109662,-0.8674602,-0.58778524,-0.809017,1.0,6.123234e-17,1.0
2017-04-03 00:00:00,3.0,-1.3812823,-1.6154788,-0.531155,-1.4748288,0.7010981,-0.22549316,-0.20790772,-0.30308273,-0.9032882,-0.77675015,-0.7005613,-0.61738193,-1.4176651,-0.62761885,-0.83946115,-1.3110558,-1.328549,-0.19352365,0.9453335,-0.99318933,-1.1253647,-1.0516015,0.83666325,-0.42623657,-0.95105654,0.309017,1.0,6.123234e-17,1.0
2017-04-05 00:00:00,3.0,0.75406456,0.51810294,-1.0511948,1.9046634,-1.4228649,-0.32904142,-0.17423287,0.96745515,-1.5804257,-1.5128115,-1.2134737,-1.1156278,-0.8576582,-0.20743188,-0.8893478,-0.36500096,-1.361834,-0.012443651,0.75105435,-0.5817582,-0.6862018,-0.65528107,-1.323879,-0.49086604,0.0,1.0,0.8660254,-0.5,0.0
2017-04-06 00:00:00,3.0,0.66976506,0.26063865,-1.0314158,2.330665,0.79615766,2.0095313,1.6152645,0.80621797,-1.0590307,-1.2943757,-1.2322142,-0.5200214,-0.3899795,0.18392672,-0.74248403,-0.37815738,-1.218128,0.06160811,0.81075037,-0.1974733,-0.32309544,-0.37052453,0.9463578,-0.5726748,0.58778524,-0.809017,0.8660254,-0.5,0.0
2017-04-07 00:00:00,3.0,-0.9780646,-0.39213848,0.9920605,0.10005916,-0.24311174,-0.48199877,-1.2552236,-1.2385483,-1.1061859,-1.3707002,-1.3090023,-0.5992085,-0.961985,-0.40561983,-0.803074,-0.8788716,-0.8942612,-0.44403958,0.6119553,-0.70498633,-0.84077394,-0.92884386,-0.022599915,-0.70626867,-0.58778524,-0.809017,0.8660254,-0.5,0.0
2017-04-10 00:00:00,3.0,-0.20602098,0.19194946,-1.0136706,2.4326785,1.5647668,0.7721523,0.7711942,-0.5790202,0.030749679,-0.40577373,-0.755593,0.4500969,-0.96582115,-0.45597187,-0.8175649,-0.59249026,-0.8947119,0.116605766,0.38697934,-0.8081378,-0.97912896,-1.1315279,1.3448917,-0.6283214,-0.95105654,0.309017,0.8660254,-0.5,0.0
2017-04-11 00:00:00,3.0,-0.17784546,-0.7201233,-0.41979337,0.45839173,-1.3185256,-1.6554707,-1.5285631,0.061573867,-1.4119651,-1.6512312,-1.623338,-0.9336853,-0.95943856,-0.48652342,-0.88230747,0.02795215,-0.9516896,-0.062273365,0.15927272,-0.9327276,-1.077381,-1.125934,-1.2865571,-0.78389126,0.0,1.0,0.8660254,-0.5,0.0
2017-04-12 00:00:00,3.0,-1.2427225,-1.1557435,-0.4616258,-0.44214365,1.8268642,-0.24703006,1.3355801,-0.10329851,0.09445502,-0.31041342,-0.6718726,0.46380526,-1.6884936,-1.2856163,-1.0483806,-1.0070789,-0.9462252,-1.0108179,0.07002418,-1.9133625,-1.6562675,-1.8108286,1.5657471,-0.8165947,0.95105654,0.309017,0.8660254,-0.5,0.0
2017-04-13 00:00:00,3.0,1.266678,1.5993301,-1.0167638,-0.55766594,1.6384828,-0.8052076,-0.5882633,-0.4866232,1.1346337,0.650365,-0.054189544,1.4505128,-0.778822,-0.4761667,-0.856598,-0.69649017,-0.7609878,-0.51762646,0.16055028,-0.7206115,-0.94769627,-1.1765281,1.5127864,-1.3193022,0.58778524,-0.809017,0.8660254,-0.5,0.0
2017-04-18 00:00:00,4.0,-0.5015323,0.84576696,1.494849,-1.2422205,0.27694124,-1.2298197,-0.5304014,-1.6756988,0.8476192,0.59567845,0.01457603,1.060853,-0.99553007,-0.7460659,-0.80244845,-0.4383059,-0.9515805,-0.56221056,0.32171836,-1.3112042,-1.153003,-1.3949127,0.5539404,-0.7059373,-0.58778524,-0.809017,0.8660254,-0.5,0.0
2017-04-19 00:00:00,4.0,-2.203119,-1.6746535,-0.9200954,-1.1464328,2.0486438,-0.7029462,0.31177232,-0.1796752,2.5412383,2.4377694,1.9119807,2.296483,-2.1492128,-2.1437185,-1.0621603,-1.4836416,-1.4636512,-2.239859,-0.22563967,-3.0,-1.9854355,-2.364088,1.5138597,-0.21929015,0.95105654,0.309017,0.8660254,-0.5,0.0
2017-04-20 00:00:00,4.0,-0.70560545,-0.4773027,-0.53044176,1.0488027,-0.46123555,-0.58596915,-0.11067311,-0.72702104,1.6924711,1.9382061,1.7974745,1.3761948,-2.2944336,-2.374187,-1.3583817,-1.7139325,-1.227171,-2.3360686,-0.67965925,-2.8786507,-2.1339812,-2.5018196,-0.21498644,-0.19651867,0.58778524,-0.809017,0.8660254,-0.5,0.0
2017-04-21 00:00:00,3.0,1.337566,1.7977923,-0.9734449,-1.0746585,0.24234308,-0.7038682,-0.2630099,0.028244682,1.2805886,1.5980861,1.5255177,1.0219833,-1.4006188,-1.506393,-1.2111498,-0.41142592,-1.0009195,-2.1330364,-0.39916933,-1.531765,-1.3508191,-1.8365084,0.6201382,1.9162773,-0.58778524,-0.809017,0.8660254,-0.5,0.0
2017-04-24 00:00:00,3.0,-0.21848848,-0.92700857,0.108428515,-0.42804724,-0.20160557,-1.0318886,-0.48289213,0.62377423,0.6978622,1.1419067,1.251414,0.4275961,-1.4050025,-1.54289,-1.0949936,-1.1482257,-1.3064967,-2.2069767,-0.2615816,-1.4949589,-1.2795397,-1.843388,0.16795318,3.0,-0.95105654,0.309017,0.8660254,-0.5,0.0
2017-04-25 00:00:00,4.0,0.4782801,-0.2947298,-0.60022265,1.5816785,0.35520926,-0.9651667,-0.17200446,1.1871142,0.75182205,1.1644443,1.3241498,0.4831151,-1.0491143,-1.2056149,-0.82153916,-0.6614139,-0.7764689,-1.4583358,-0.20013952,-0.8843173,-0.92915773,-1.5793941,0.80535674,3.0,0.0,1.0,0.8660254,-0.5,0.0
2017-04-26 00:00:00,3.0,1.7593114,1.8986628,-0.98257744,-1.4369152,0.36099193,0.44623506,1.0739292,0.3865439,1.3846034,1.6416856,1.667554,1.1580421,-0.1347709,-0.2198481,-0.2082287,1.3376908,-0.05010148,-0.85564786,0.11551902,0.7570571,-0.029393716,-0.8504304,0.83243847,3.0,0.95105654,0.309017,0.8660254,-0.5,0.0
2017-04-27 00:00:00,3.0,0.57666653,0.2544355,1.3463725,0.20695871,-1.2349888,-0.108017266,-0.50263405,0.803599,0.4815836,0.89535415,0.9295289,0.27463654,0.1659598,0.12554204,0.32402846,1.915607,0.22677648,-0.65983623,0.10801868,1.1464396,0.33747903,-0.54478383,-1.3871293,3.0,0.58778524,-0.809017,0.8660254,-0.5,0.0
2017-04-28 00:00:00,3.0,0.59797627,0.3038667,-0.6650676,1.8720579,0.5082667,-0.33507285,-0.3199942,0.5838823,0.65625936,1.0038174,1.0193994,0.4698105,0.45585603,0.4636455,0.7990006,1.5302813,0.8825373,-0.073171414,-0.23594613,1.2909431,0.63202024,-0.29586667,0.83069307,2.9377587,-0.58778524,-0.809017,0.8660254,-0.5,0.0
2017-05-02 00:00:00,3.0,-0.6410589,-1.0276155,-0.7802163,0.12550814,-1.1915004,-1.2801327,-0.9350956,-0.345522,-0.5813681,-0.03512302,0.14283359,-0.86251855,0.13780695,0.111536376,1.0153456,1.3251063,0.19720484,-0.52709424,-0.37221372,0.8056182,0.4353547,-0.44967243,-1.2951515,2.5770848,-0.95105654,0.309017,0.8660254,-0.5,0.0
2017-05-04 00:00:00,3.0,0.35117784,-0.66500455,-0.99089116,1.0560573,-0.38827354,-0.15212715,1.091703,1.2915429,-0.85655224,-0.4322635,-0.27736443,-1.0671829,0.34987667,0.34308082,1.1908354,1.2582657,0.50361204,-0.4285117,-0.21093413,0.92465746,0.6840318,-0.23047923,0.0037467042,2.4206474,0.95105654,0.309017,0.5,-0.8660254,0.0
2017-05-05 00:00:00,3.0,-0.23431389,0.12633036,-0.9584424,2.4631438,-0.92059034,0.22685912,0.17528631,-0.49013728,-1.342295,-1.0030062,-0.82700384,-1.5267477,0.29388615,0.27591813,1.2229879,0.31011727,1.2154753,-0.2317349,-0.040807534,0.7197084,0.61923474,-0.23767956,-0.8112301,2.4280856,-0.58778524,-0.809017,0.5,-0.8660254,0.0
2017-05-08 00:00:00,3.0,-1.4064147,-0.95348,-0.79818493,0.24014615,0.70344025,0.8351983,0.37619483,-0.9048379,0.15934525,0.2691182,0.4469296,0.044874012,-0.55246127,-0.61986494,0.7953898,-0.62284887,0.9521865,-0.24241294,-0.3006014,-0.010758827,-0.188316,-0.8898201,0.9933959,1.7273359,-0.95105654,0.309017,0.5,-0.8660254,0.0
2017-05-09 00:00:00,3.0,0.49817264,-0.23470908,-0.31094876,1.2692508,-1.0542532,-0.7771007,-1.251451,0.99013495,-0.8125644,-0.6404146,-0.46290463,-0.92065644,-0.2352288,-0.29243445,0.68072814,-0.66804713,0.6451112,-0.33509713,-0.53483355,0.25822967,0.13392825,-0.57418376,-0.8505757,1.7687438,0.0,1.0,0.5,-0.8660254,0.0
2017-05-10 00:00:00,3.0,1.7009168,1.4065194,-0.933034,-0.22978204,1.4012094,-0.69878143,-0.05985073,0.4672032,0.50408703,0.36378855,0.26235974,0.60993254,0.5613746,0.60937357,0.90989363,0.4321544,1.323768,0.062372398,-0.038468257,0.9993126,0.963741,0.09712885,1.3992324,1.6186877,0.95105654,0.309017,0.5,-0.8660254,0.0
2017-05-11 00:00:00,3.0,0.5950426,0.7987614,2.1239932,-1.458722,0.012220281,2.029947,2.1757288,0.076511264,0.82429963,0.68529093,0.5364383,0.9236746,0.8361597,0.933052,1.1424227,0.54848707,1.3549405,0.65545845,-0.11152424,1.0655179,1.179903,0.33487082,0.53332454,1.6821483,0.58778524,-0.809017,0.5,-0.8660254,0.0
2017-05-12 00:00:00,3.0,0.48772398,0.3588139,1.2139125,0.23094116,-0.6575278,0.24451716,-1.0712852,0.5047431,0.070314385,0.07073583,-0.04991152,0.14623863,1.0589898,1.1929356,1.3788797,0.8828655,0.8980469,0.91760784,-0.026107745,1.053243,1.4143872,0.63045514,-0.27306572,1.5199555,-0.58778524,-0.809017,0.5,-0.8660254,0.0
2017-05-15 00:00:00,3.0,0.021104567,0.54298776,1.2625766,-0.24471179,-1.4285743,-0.60497403,-0.57166064,-0.33415222,-1.1569899,-1.037748,-1.0949754,-1.1453046,1.1198728,1.2452163,1.5210942,1.5260743,0.6993856,0.984573,-0.0778076,0.8973668,1.4760411,0.8082769,-1.3498929,1.4720489,-0.95105654,0.309017,0.5,-0.8660254,0.0
2017-05-16 00:00:00,3.0,1.0873277,1.5890803,-0.54086065,-1.0305332,-0.6807494,2.0133889,1.7425548,0.4364277,-0.9881744,-1.0657529,-1.279577,-0.8171764,1.5255277,1.7262839,1.7046092,1.7661521,0.87418514,1.8198767,0.037182305,1.072186,1.891878,1.2979952,-0.40196997,1.5023977,0.0,1.0,0.5,-0.8660254,0.0
2017-05-17 00:00:00,3.0,-0.36987907,-0.7190571,-0.9265607,0.8485755,-0.43648165,0.60188675,-0.7482709,0.0675902,-1.3011082,-1.409844,-1.5955057,-1.1345683,1.3537666,1.530092,1.6724389,0.82495797,0.9573949,1.2119231,-0.012757286,0.8082258,1.632397,1.1812329,-0.19757088,1.8064555,0.95105654,0.309017,0.5,-0.8660254,0.0
2017-05-18 00:00:00,3.0,-0.38324752,-0.8072644,-0.17570129,-0.020388696,-1.1294587,-0.34155658,-0.6426176,-0.14346354,-2.015515,-2.1207645,-2.262896,-1.9267694,1.1831571,1.3494414,1.5308965,0.38910577,0.70755285,1.2740558,-0.5847806,0.6138818,1.4511176,1.1579704,-1.3255352,1.4477838,0.58778524,-0.809017,0.5,-0.8660254,0.0
2017-05-19 00:00:00,3.0,-1.0344856,0.9149041,1.6795838,-1.3484854,0.68814397,0.29000217,0.3211709,-2.7302694,-1.0666432,-1.3745526,-1.567191,-0.79488814,0.47797254,0.6911226,1.0280461,-0.30521336,0.43582368,1.7256361,-1.0127991,0.28370312,0.69473577,0.5527362,0.65399706,1.0775707,-0.58778524,-0.809017,0.5,-0.8660254,0.0
2017-05-22 00:00:00,3.0,0.11249881,0.12990639,2.0937662,-0.11285946,-0.9643409,-0.9986592,-0.8842345,0.067716636,-1.71459,-1.9918209,-2.1851547,-1.4949846,0.6220839,0.8218048,0.74338806,-0.2656113,0.9825272,1.9835997,-0.7976245,0.312022,0.6811437,0.7240949,-1.1352599,0.90841436,-0.95105654,0.309017,0.5,-0.8660254,0.0
2017-05-23 00:00:00,3.0,1.1466357,0.65609986,0.18571383,0.43214154,0.8340425,-0.5917789,0.17402971,1.0778538,-0.92199266,-1.4458561,-1.8567133,-0.40944308,1.2423049,1.4348339,0.7297426,-0.24444976,1.2211176,1.8940288,-0.61552626,0.6706595,1.1407874,1.2325952,0.7582028,0.77036315,0.0,1.0,0.5,-0.8660254,0.0
2017-05-24 00:00:00,3.0,-0.0763327,-0.061606046,0.92004925,0.67058825,-0.2988308,0.61275554,0.7872284,-0.055618186,-1.2187791,-1.6860291,-2.0744827,-0.74277365,1.2663589,1.4448853,0.6795827,-0.10503938,0.5811617,1.9178774,-0.28236637,0.6265799,0.9802724,1.2431477,-0.19853023,0.6533971,0.95105654,0.309017,0.5,-0.8660254,0.0
2017-05-25 00:00:00,3.0,0.026516903,0.77733016,-0.94302267,1.1148025,-0.9886585,-0.6947858,-0.81928384,-0.46230343,-1.8637352,-2.2376986,-2.5668514,-1.511682,1.352425,1.5191295,0.61976576,0.0845558,0.37836874,1.7673318,-0.6404986,0.63299024,0.93993914,1.4319628,-1.2089052,0.58113325,0.58778524,-0.809017,0.5,-0.8660254,0.0
2017-05-26 00:00:00,3.0,1.0500761,1.2903553,0.32576814,-1.0912526,0.028466148,1.0904171,1.1177619,0.49416098,-1.2435391,-1.8119186,-2.2952976,-0.6072909,1.817714,1.9926438,0.7433268,1.038961,0.5759918,1.5001519,-0.15869285,0.9544006,1.3653333,1.8815508,-0.0019248308,0.31924492,-0.58778524,-0.809017,0.5,-0.8660254,0.0
2017-05-29 00:00:00,3.0,-0.12193938,-0.42413452,0.91702753,-0.022905061,-0.913443,-0.49030158,-0.947054,0.07896305,-1.8242316,-2.264795,-2.6525724,-1.342272,1.7679018,1.9288582,0.77474236,0.92735463,0.52448887,1.2404176,0.10328769,0.801917,1.2674701,1.9214985,-1.078114,0.32754624,-0.95105654,0.309017,0.5,-0.8660254,0.0
2017-05-31 00:00:00,3.0,0.19003296,0.3844801,0.30404592,0.7498058,-0.30069593,-1.5806758,-1.0221939,0.002995424,-1.9364626,-2.3754847,-2.7449641,-1.4544172,1.8293399,1.9840808,0.7722402,0.48465145,0.18992777,1.0831031,0.25907552,0.7686572,1.3120838,2.0365887,-0.4285929,0.31152204,0.0,1.0,0.5,-0.8660254,0.0
2017-06-01 00:00:00,3.0,-0.45141223,-0.53669065,2.1471372,-1.3169146,-0.278448,3.0,3.0,-0.26056206,-1.9387943,-2.3704078,-2.7044032,-1.4605877,1.5019493,1.7025323,0.59957546,0.32241112,0.16976199,1.1430004,0.4943945,0.54750466,0.9721664,1.7539785,-0.34904283,0.22279428,0.58778524,-0.809017,0.5,-0.8660254,0.0
2017-06-02 00:00:00,3.0,0.68496764,0.66170496,-0.42465293,0.69230086,0.65618926,0.76483697,-1.0450224,0.4164694,-1.5552226,-2.09997,-2.5137813,-0.8438359,1.7614363,1.9499284,0.59087574,0.62929785,0.55160683,1.2361388,0.64929444,0.7215262,1.2240399,1.9677323,0.49954748,0.38702068,-0.58778524,-0.809017,1.2246469e-16,-1.0,0.0
2017-06-05 00:00:00,3.0,0.46109203,-0.07745976,0.8236126,0.8400482,-1.13947,0.66073203,-0.16690077,0.867448,-1.7194283,-2.2044945,-2.5904343,-1.042157,1.8948821,2.0793755,0.67338705,0.35663638,1.1009339,1.4445217,0.8929324,0.79772854,1.4029607,2.1958065,-1.458548,0.41010734,-0.95105654,0.309017,1.2246469e-16,-1.0,0.0
2017-06-06 00:00:00,3.0,-0.61769027,-1.2450318,-0.45634434,-0.34077027,0.39011356,0.19695406,-0.42958078,0.20326774,-1.5200891,-2.0215895,-2.402805,-0.7602717,1.4648042,1.720796,0.5034651,0.13365476,0.8601933,1.6821624,1.0719225,0.5888614,0.8974502,1.7849425,0.35524184,0.9411036,0.0,1.0,1.2246469e-16,-1.0,0.0
2017-06-07 00:00:00,3.0,0.5595704,1.6254975,-0.48490915,-1.3265512,0.6552324,-0.35129142,-0.48940575,-0.7378395,-1.2753112,-1.828047,-2.2590966,-0.35195404,1.6763301,1.9114513,0.48743233,0.31276175,0.6452848,1.6592846,1.1724058,0.83988786,1.0608894,1.9492307,0.4507213,0.8300834,0.95105654,0.309017,1.2246469e-16,-1.0,0.0
2017-06-08 00:00:00,3.0,-0.38112321,-0.64469063,0.38549277,0.15839408,-0.028934048,0.6132015,0.6792221,-0.022598362,-1.384184,-1.8508867,-2.2311895,-0.5417082,1.4742801,1.7267058,0.33352664,0.3495411,0.54214936,0.9719149,0.9508865,0.6345847,0.77807885,1.7591485,-0.29781228,1.1512276,0.58778524,-0.809017,1.2246469e-16,-1.0,0.0
2017-06-09 00:00:00,3.0,0.29738715,1.1924185,-0.74574757,-0.19930092,-0.714362,-0.180469,-0.6365395,-0.31503123,-1.6694952,-2.028809,-2.347753,-0.9847997,1.5909377,1.8194559,0.27756643,0.1582165,0.65929395,0.86509424,0.88472325,0.7037752,0.9404698,1.9368786,-1.062782,1.1185532,-0.58778524,-0.809017,1.2246469e-16,-1.0,0.0
2017-06-12 00:00:00,3.0,-0.483805,-0.806595,-0.975574,0.9859354,-0.060254086,2.1903734,1.9288791,-0.068119854,-1.6717544,-2.0084844,-2.299658,-1.0051177,1.3406258,1.6137608,0.045003112,-0.29883862,0.06760353,0.5679943,1.3046845,0.4550652,0.6397637,1.7053266,-0.4917985,1.2162395,-0.95105654,0.309017,1.2246469e-16,-1.0,0.0
2017-06-13 00:00:00,3.0,-2.1775308,-1.6700716,-0.37115765,-1.3124198,2.352344,-0.3762135,-1.3208266,-1.3698946,-0.28865215,-0.9909886,-1.4839977,1.0391524,-0.4476665,0.22760005,-0.8209398,-1.0654784,-0.7874781,-0.1180248,0.61553395,-0.60671824,-0.8363638,0.3907239,1.2512261,1.0225877,0.0,1.0,1.2246469e-16,-1.0,0.0
2017-06-14 00:00:00,3.0,0.67302585,0.31553057,-0.011173549,0.9983043,-0.4215792,-0.8668265,-0.61285555,0.87798774,-0.627118,-1.15726,-1.5995009,0.5257456,-0.02723067,0.54506433,-1.1725152,-1.0051101,-0.5976379,-0.27586946,0.36073995,-0.2278229,-0.397139,0.71468174,-0.6091815,0.94495815,0.95105654,0.309017,1.2246469e-16,-1.0,0.0
2017-06-15 00:00:00,3.0,-0.072254755,-0.41683275,-0.94002074,1.5732516,0.6345308,-0.5532016,0.1456741,0.31297767,-0.64510006,-1.1141,-1.5437154,0.45517376,0.028218973,0.5779812,-1.3763173,-0.8494584,-0.43802765,-0.17474788,0.3886133,-0.24011078,-0.42952782,0.66998416,0.54765123,0.8945225,0.58778524,-0.809017,1.2246469e-16,-1.0,0.0
2017-06-16 00:00:00,3.0,-2.0388682,-1.9676787,-0.9133409,-1.5562856,0.65680844,-0.17165345,0.24203338,-1.3819413,0.2692803,-0.3891938,-0.94449526,1.5603769,-1.3089794,-0.63096327,-1.9444537,-1.9383291,-1.5858833,-0.7253225,-0.09236959,-1.3428562,-1.6252322,-0.36076015,0.5401931,1.5682752,-0.58778524,-0.809017,1.2246469e-16,-1.0,0.0
2017-06-19 00:00:00,3.0,0.2494834,0.36041003,1.8204775,-0.4989228,-0.45279545,-0.05768272,-0.04058846,0.10096193,-0.26834968,-0.6779587,-1.1229008,0.7875019,-1.0655888,-0.46120772,-2.1870565,-1.624959,-1.6464375,-0.2973555,-0.87404853,-1.2132425,-1.451577,-0.21444921,-0.6163712,1.7701341,-0.95105654,0.309017,1.2246469e-16,-1.0,0.0
2017-06-20 00:00:00,3.0,1.7061913,1.8310386,-0.58535975,-1.4697428,0.6639862,-1.1927316,-1.0568458,0.9131861,0.4899284,-0.16695237,-0.812285,1.8431923,-0.17855768,0.25587162,-1.6668266,0.1903576,-0.72996885,0.20352072,-0.3757801,-0.059490357,-0.5362944,0.32774827,0.55816424,2.1440012,0.0,1.0,1.2246469e-16,-1.0,0.0
2017-06-21 00:00:00,3.0,-0.66104895,-1.7075598,-0.61279005,-1.3332648,0.89058524,-0.8677034,0.22636504,0.8121882,0.27484593,-0.1926653,-0.765187,1.3641125,-0.48194674,-0.034099646,-1.5262022,-0.45156696,-1.2278662,-0.40315616,-0.84841883,-0.48705596,-0.8564862,0.0699447,0.6089659,1.8817219,0.95105654,0.309017,1.2246469e-16,-1.0,0.0
2017-06-22 00:00:00,3.0,-1.0545957,-0.3464534,0.7335248,0.17163058,2.1888835,0.0590289,0.8829984,-1.2800492,0.6408413,0.15796289,-0.4526168,1.6278408,-1.0052284,-0.54533905,-1.5831486,-0.9513324,-1.4960176,-0.7088854,-1.2740957,-1.328093,-1.3527921,-0.39144522,1.3768247,1.8107058,0.58778524,-0.809017,1.2246469e-16,-1.0,0.0
2017-06-23 00:00:00,3.0,-0.2825707,0.6371916,2.3491464,-1.4447069,1.8161981,-0.23836704,-0.35836217,-1.5002081,0.92573535,0.4454503,-0.2091425,1.7949773,-1.0515307,-0.606412,-1.58177,-0.018435331,-1.6916058,-0.80739945,-0.74998415,-1.5413967,-1.3977089,-0.53348523,1.2719159,1.7516448,-0.58778524,-0.809017,1.2246469e-16,-1.0,0.0
2017-06-26 00:00:00,3.0,-0.17947355,-0.8137886,0.8119762,-0.77333224,-1.5500021,-0.67201144,-0.57139975,0.23945658,-0.15102157,-0.18773375,-0.5817239,0.35763854,-1.0414761,-0.6120433,-1.648081,-0.22846274,-1.5667787,-1.2109143,-0.754898,-1.5307437,-1.3955959,-0.5214011,-1.5511876,1.5823742,-0.95105654,0.309017,1.2246469e-16,-1.0,0.0
2017-06-27 00:00:00,3.0,1.1328814,1.829211,-0.8172386,-1.2058202,-0.83908784,-0.8075953,-0.3216529,0.33914232,-0.29753712,-0.3211723,-0.68985283,0.21533586,-0.3805844,-0.09081145,-1.2908442,-0.52748364,-0.25569585,-0.8171143,-0.38755086,-0.3198039,-0.74337727,-0.079422966,-0.823326,1.4111181,0.0,1.0,1.2246469e-16,-1.0,1.0
2017-06-28 00:00:00,3.0,-0.3919469,-0.8749048,-0.32680702,0.08748057,-0.9165145,-0.86010194,-0.16857238,0.08466786,-0.8262727,-0.6862935,-0.90522534,-0.49583188,-0.5157964,-0.21830162,-1.1243945,-0.3942006,-0.6769178,-0.9948951,-0.044879403,-0.5582649,-0.8542678,-0.18946669,-0.8544218,1.1904023,0.95105654,0.309017,1.2246469e-16,-1.0,1.0
2017-06-29 00:00:00,3.0,-1.1651547,-0.4489281,1.1541656,-0.27906764,0.080046766,0.20754324,0.96886045,-1.6053593,-0.61853063,-0.5642911,-0.78079975,-0.25886735,-1.1145473,-0.7858241,-1.1885707,-0.43857056,-1.0895947,-1.1872631,-0.7424209,-1.5352148,-1.347717,-0.6740575,0.087033354,0.4870789,0.58778524,-0.809017,1.2246469e-16,-1.0,1.0
2017-06-30 00:00:00,3.0,1.614597,1.1975484,-0.9298896,0.06677904,-0.8692625,0.48209432,0.030184023,1.9141128,-0.0028231482,-0.21332672,-0.6004225,0.633291,-0.25549814,-0.07227611,-0.7416845,0.5308429,0.39356267,-0.90623814,-0.15772305,0.21864326,-0.42894232,-0.09975295,-0.97619927,-0.6283517,-0.58778524,-0.809017,1.2246469e-16,-1.0,1.0
2017-07-03 00:00:00,3.0,-1.4116366,1.0385354,0.6263163,-0.9320928,-0.8306554,0.1884902,-0.33923215,-3.0,0.7560667,0.38347074,-0.12313098,1.4135647,-0.95703983,-0.7624704,-0.7342945,-0.11201346,-0.26620197,-1.4619318,-0.38921,-0.9774349,-1.015121,-0.7449734,-0.82999414,-0.89032054,-0.95105654,0.309017,1.2246469e-16,-1.0,1.0
2017-07-04 00:00:00,4.0,-0.058816593,1.4352151,0.09336572,-1.3693658,-0.49322084,-0.07412351,-0.3200011,-1.3871719,0.08301227,-0.002514338,-0.33875135,0.50829154,-0.9034334,-0.72196215,-0.74694806,-0.722239,-0.96963453,-1.2697644,0.19854125,-0.8210641,-0.94145334,-0.75856644,-0.49977356,-0.9150257,0.0,1.0,-0.5,-0.8660254,0.0
2017-07-05 00:00:00,4.0,-2.5278952,-1.3268337,-0.5302376,-0.46688458,3.0,1.8920603,1.4792637,-0.22197801,3.0,2.2665298,1.3710482,3.0,-1.9822416,-1.8919367,-1.0293598,-1.8423961,-1.7349142,-2.1346848,-1.2043928,-2.5652022,-1.7847931,-1.7404301,1.796364,-1.0814229,0.95105654,0.309017,-0.5,-0.8660254,0.0
2017-07-06 00:00:00,4.0,0.698845,0.83549505,-0.4982104,0.31884527,1.1803452,0.7356433,-0.7339456,-0.5595788,3.0,2.5311425,1.7072994,3.0,-1.5205806,-1.495637,-1.0444688,-0.8950738,-1.0352005,-1.7674117,-1.1968595,-1.6669341,-1.3252852,-1.4933271,1.6313457,-1.0586687,0.58778524,-0.809017,-0.5,-0.8660254,0.0
2017-07-07 00:00:00,3.0,-0.47505817,-1.2985728,-0.23490676,-0.6739323,-0.55805254,-0.16712013,-0.6844453,0.36571905,1.7817076,1.8089774,1.3482841,1.6533018,-1.6173595,-1.6101975,-1.1632696,-1.8980045,-1.114066,-1.9246076,-0.9661506,-1.7406808,-1.3889381,-1.5987681,-0.66982,-1.0458871,-0.58778524,-0.809017,-0.5,-0.8660254,0.0
2017-07-10 00:00:00,4.0,-0.87661165,-0.74612576,0.67933226,-0.2861365,-1.0700142,-0.07493506,-0.1377273,-1.1567822,0.8198894,1.1988407,1.0243607,0.48575622,-1.8515234,-1.8782182,-1.3552699,-1.6149762,-1.3866785,-1.9747916,-1.2322814,-1.9981014,-1.6143078,-1.823902,-1.7486492,-1.2306669,-0.95105654,0.309017,-0.5,-0.8660254,0.0
2017-07-11 00:00:00,4.0,0.84290075,0.6488059,1.0090061,-0.5098136,0.590608,0.8048641,0.36274534,0.35875255,1.0273409,1.3044912,1.1160467,0.724179,-1.3417143,-1.4414141,-1.1446415,-1.150623,-1.4556417,-1.1462666,-0.79960877,-1.1908376,-1.150768,-1.5032847,1.3826554,-1.3013018,0.0,1.0,-0.5,-0.8660254,0.0
2017-07-12 00:00:00,4.0,2.0453334,1.3814198,-0.14304893,-1.221632,0.9800652,2.0538812,0.671957,0.9192701,2.0803459,2.0146382,1.6266631,1.8796146,-0.44189018,-0.61388695,-0.49562255,1.1323395,-0.47475496,-0.755622,0.6018203,0.3808669,-0.27229032,-0.8891279,1.5665493,-1.5571724,0.95105654,0.309017,-0.5,-0.8660254,0.0
2017-07-13 00:00:00,4.0,0.80100346,0.55547076,2.0674853,-1.293963,-0.59229183,2.4816468,0.44939488,0.9638605,1.7308767,1.8258204,1.5526029,1.4397144,-0.11481414,-0.28596026,0.038546257,1.1809863,0.28718564,-0.5169402,0.40165827,0.9343407,0.082343765,-0.64297974,-0.7554003,-1.3342428,0.58778524,-0.809017,-0.5,-0.8660254,0.0
2017-07-14 00:00:00,4.0,1.524774,0.019608714,0.34053433,1.3110467,-0.7630301,0.68119895,-0.91636586,2.6944194,1.8522347,1.9204954,1.6513413,1.5491605,0.39594802,0.26002878,0.66663295,2.101878,0.30795652,0.45652354,1.2541666,1.478576,0.62989277,-0.21384059,-1.434912,-1.4772711,-0.58778524,-0.809017,-0.5,-0.8660254,0.0
2017-07-17 00:00:00,4.0,-0.00017432621,-0.5331532,-1.0571306,1.6798955,-0.7797828,0.1224613,-0.46161845,0.3899085,0.6818954,1.1463969,1.1457084,0.19005628,0.43949538,0.30946445,1.1242777,2.424666,0.87118,0.40091518,2.1316073,1.2132899,0.7304391,-0.112729385,-1.6262255,-1.4978923,-0.95105654,0.309017,-0.5,-0.8660254,0.0
2017-07-18 00:00:00,3.0,0.20948029,-0.83770007,-0.23783344,0.39291725,0.42835137,0.25843823,0.019183123,1.4589661,0.7031984,1.123665,1.1627066,0.20523152,0.5505832,0.43208244,1.3795893,2.1056054,0.98769027,0.014776717,2.4569452,1.1249462,0.84222925,-0.0668829,1.3026636,-2.0635505,0.0,1.0,-0.5,-0.8660254,0.0
2017-07-19 00:00:00,3.0,0.067993335,0.37473544,-0.6170774,1.2964344,-0.446876,0.26363307,-0.081317365,-0.16161045,0.033379864,0.62421036,0.816453,-0.5575288,0.6197974,0.510473,1.5701332,1.1841109,2.013937,0.2127518,1.9066797,0.9541273,0.9622163,0.032086667,-0.47191298,-2.226528,0.95105654,0.309017,-0.5,-0.8660254,0.0
2017-07-20 00:00:00,3.0,0.6091339,1.4314495,-0.7044929,-0.8033429,-0.53480905,-1.0474693,-0.92878836,0.02309527,-0.4978261,0.15412414,0.44459558,-1.10487,0.84451014,0.76753736,1.7646732,1.0892187,1.9538292,0.68892384,2.1492167,0.9566374,1.3011667,0.35534933,-0.98235404,-2.0530257,0.58778524,-0.809017,-0.5,-0.8660254,0.0
2017-07-21 00:00:00,3.0,0.13507348,-0.47918335,-0.36153424,1.2458913,-0.305121,-0.8699566,0.0009900352,0.6370596,-0.84793043,-0.21185724,0.14650017,-1.4321209,0.92759335,0.8704583,1.8411098,0.44527727,2.1320176,0.81258297,1.957931,0.8076782,1.3969315,0.5126871,-0.24828768,-1.9775077,-0.58778524,-0.809017,-0.5,-0.8660254,0.0
2017-07-24 00:00:00,3.0,-0.451975,-1.2965298,-1.0293773,0.07118178,-0.67391217,-0.648774,0.078273475,0.039733157,-1.3690897,-0.7113125,-0.25330636,-1.9695346,0.7595392,0.71669704,1.762531,0.2560868,2.2096875,0.7362328,1.1173254,0.5579543,1.2469089,0.48884282,-1.5112747,-1.8453808,-0.95105654,0.309017,-0.5,-0.8660254,0.0
2017-07-25 00:00:00,3.0,0.623183,1.1361074,-0.23208249,-0.5246737,0.07443374,-0.6268548,-0.06310859,-0.17328067,-1.178626,-0.7514681,-0.36696833,-1.5753839,0.9833524,0.9673303,1.6648239,0.43778107,2.0369773,0.5963204,1.0983025,0.6283599,1.4927125,0.7606951,0.89929795,-1.7878855,0.0,1.0,-0.5,-0.8660254,0.0
2017-07-26 00:00:00,3.0,-0.19787127,0.028363626,0.9522708,0.7521477,-0.87139416,-0.9088505,-0.2751577,-0.2897793,-1.7320368,-1.2931422,-0.8504754,-2.1633885,0.96943706,0.94944626,1.602271,0.32613575,1.2013427,0.64641595,0.81295544,0.49346006,1.496642,0.8918432,-1.5544589,-1.9790022,0.95105654,0.309017,-0.5,-0.8660254,0.0
2017-07-27 00:00:00,3.0,0.29895028,-0.26661053,-0.07365694,1.3916696,0.20763472,0.9937399,1.2766976,0.75562066,-1.3352572,-1.1592929,-0.84355086,-1.5243429,1.0935766,1.0896386,1.4180479,0.18276288,1.001697,1.0436388,1.142139,0.48577932,1.4854033,0.97418225,1.1342587,-1.5652771,0.58778524,-0.809017,-0.5,-0.8660254,0.0
2017-07-28 00:00:00,3.0,0.90061074,1.1168362,-0.2239984,-0.59994465,0.06336692,-0.14448589,-0.6746578,0.3133794,-1.0256293,-1.0405782,-0.85395485,-1.0191368,1.3513561,1.3958805,1.3986514,0.5268638,0.7392718,0.8391867,1.3001002,0.6024509,1.7746311,1.2994155,0.8238065,-0.9983024,-0.58778524,-0.809017,-0.5,-0.8660254,0.0
2017-07-31 00:00:00,3.0,-1.1561474,-0.58719635,0.49849984,0.3858505,-0.67083544,-0.92992353,-0.6166545,-1.4784217,-0.90528584,-0.9755925,-0.8156751,-0.85361755,0.6500304,0.77892214,1.0831755,0.20466165,0.3528927,0.90938246,0.9914491,0.27028295,1.0962366,0.752863,-1.3838383,-0.75935227,-0.95105654,0.309017,-0.5,-0.8660254,0.0
2017-08-01 00:00:00,3.0,1.7621961,1.7744056,-1.1559818,-1.3389641,0.64177847,-0.3016587,0.3489993,0.37707707,-0.036347732,-0.397217,-0.46141872,0.31322807,1.151189,1.3525192,1.0631618,0.7298711,0.87453264,1.397051,2.0186274,0.5740223,1.5878619,1.2335424,1.5627927,-0.8715964,0.0,1.0,-0.5,-0.8660254,0.0
2017-08-02 00:00:00,3.0,0.96489745,1.580947,-0.774564,-1.342181,0.5306542,1.557607,1.0299774,-0.26263052,-0.061889138,-0.38977432,-0.5040465,0.30357346,1.3692886,1.6301366,1.2203882,1.2553885,1.1665993,2.2859132,2.096395,0.6863329,1.7767792,1.5804311,1.0654535,-0.51828516,0.95105654,0.309017,-0.8660254,-0.5,0.0
2017-08-03 00:00:00,3.0,0.11709072,-0.5788998,1.6404566,-0.45292503,-0.03621696,0.5813192,-0.55075777,0.7362882,-0.20793387,-0.46278185,-0.5792967,0.11919655,1.3981402,1.658476,1.2722692,1.1612906,0.99878526,2.0486257,1.5197775,0.6224597,1.6438472,1.6057982,0.23472352,-0.5009564,0.58778524,-0.809017,-0.8660254,-0.5,0.0
2017-08-04 00:00:00,3.0,-0.7212142,-0.17668186,0.49578342,1.3711585,0.2949553,-0.41459623,-0.63463837,-0.9738615,-0.2813903,-0.48167393,-0.5832203,-0.0001659312,1.0576955,1.3301893,1.0856497,0.4438742,0.7200181,1.9283772,1.0935639,0.4296033,1.171376,1.29822,0.6483558,-0.9848659,-0.58778524,-0.809017,-0.8660254,-0.5,0.0
2017-08-07 00:00:00,3.0,-0.06506549,-0.1844667,1.17393,0.76481885,-1.1030086,-0.99655455,-0.49613866,0.07201133,-0.9543782,-0.9768304,-1.0100288,-0.82441014,1.0789825,1.3371522,0.95628345,0.9285958,0.8456181,2.058028,0.90615153,0.42737445,1.0983704,1.4771732,-1.4184079,-0.2692004,-0.95105654,0.309017,-0.8660254,-0.5,0.0
2017-08-08 00:00:00,3.0,0.49891758,0.31759918,0.8469086,0.1116457,-1.0717262,-0.88467616,-0.083497524,0.72278416,-1.0895498,-1.1350135,-1.1991733,-0.93790615,1.2199986,1.4812336,0.86558896,0.36525625,0.8007581,1.9037806,1.0394906,0.5713939,1.1819898,1.7167319,-1.4048821,-0.24494325,0.0,1.0,-0.8660254,-0.5,0.0
2017-08-09 00:00:00,3.0,0.7261521,1.2286589,-0.9299679,-0.3755967,1.2857677,-0.12683927,0.3844387,-0.31094462,-0.77384007,-0.9604302,-1.1194957,-0.4512425,1.3883606,1.6603951,0.83769125,0.25246638,1.0939411,1.5393656,0.88705015,0.72562987,1.2891998,1.8415667,1.2511185,0.051091336,0.95105654,0.309017,-0.8660254,-0.5,0.0
2017-08-10 00:00:00,3.0,-0.8343017,-0.18099134,0.9162165,0.9892542,1.5722317,-0.23186633,-0.24578841,-1.1264422,-0.32021618,-0.61687243,-0.829791,0.1157813,0.9605297,1.2747992,0.56335723,-0.1830053,0.72583616,1.150359,0.7621654,0.4710382,0.71723336,1.3170037,1.4808877,-0.04325925,0.58778524,-0.809017,-0.8660254,-0.5,0.0
2017-08-11 00:00:00,4.0,-2.0319684,-1.4422133,-1.2109127,0.03132531,3.0,1.5647677,0.8204444,0.0920962,1.512525,0.841175,0.45843136,2.0285878,-0.17035885,0.24272408,-0.08442671,-0.8121179,-0.25010055,0.32095852,0.2749811,-0.14860384,-0.35485768,0.11381011,1.6344684,1.5056664,-0.58778524,-0.809017,-0.8660254,-0.5,0.0
2017-08-14 00:00:00,4.0,-3.0,-0.8352088,1.6548085,-1.1384192,0.9746895,2.883126,1.1570036,-3.0,3.0,2.3483226,1.9566768,3.0,-1.5424085,-1.2518679,-0.89891315,-2.3173583,-1.0287685,-0.4685447,-0.4576887,-1.246087,-1.4923332,-1.1231396,1.4391153,0.67832094,-0.95105654,0.309017,-0.8660254,-0.5,0.0
2017-08-15 00:00:00,4.0,1.7500786,1.1450735,-0.8035217,-0.3274657,0.1867828,-0.8558677,-1.7284187,1.6128451,2.7770438,2.4088838,2.0950024,2.6366212,-0.84153247,-0.61189055,-1.0520002,-1.6181214,-0.95182467,-0.07296972,0.1165875,-0.5745509,-0.8733806,-0.6135331,0.8687709,1.1141267,0.0,1.0,-0.8660254,-0.5,0.0
2017-08-16 00:00:00,4.0,-0.56148,-1.5152003,0.11386615,-1.3426396,0.40219402,1.6424353,2.4091325,0.84415823,2.1219645,2.1168633,2.0016367,1.8327599,-0.97129124,-0.77315515,-1.2240745,-2.118694,-1.4593852,-0.2322062,-0.48073322,-0.7873032,-1.0314511,-0.7236025,0.97193265,1.0874102,0.95105654,0.309017,-0.8660254,-0.5,0.0
2017-08-17 00:00:00,4.0,1.0434467,1.5739155,-0.79942703,-1.295277,-0.37411463,-0.2408844,-1.1028091,0.3437681,1.5310901,1.7373266,1.7306486,1.2012545,-0.5619224,-0.3851283,-1.1342481,-1.2621436,-1.102285,-0.104043856,-0.07839654,-0.30415952,-0.65560687,-0.34723535,0.05130044,1.0293275,0.58778524,-0.809017,-0.8660254,-0.5,0.0
2017-08-18 00:00:00,4.0,-0.5096974,-1.5949715,-0.95081323,-0.7310058,0.82048506,-0.24571733,-0.10905563,1.4650031,1.4950509,1.7693555,1.8444107,1.0657778,-0.68670946,-0.5294305,-1.0841886,-0.64775103,-1.0513479,-0.26908228,-0.2783779,-0.5093747,-0.80658203,-0.49607614,1.3520448,0.8596145,-0.58778524,-0.809017,-0.8660254,-0.5,0.0
2017-08-21 00:00:00,4.0,-1.6539459,0.22055759,2.129141,-0.57759285,0.39197153,-0.46054965,-0.28861758,-2.8797302,1.8137156,2.0850778,2.2290277,1.230959,-1.2574757,-1.1792243,-1.2198246,0.017392047,-1.6031469,-0.6064094,-1.2596781,-1.3168007,-1.3012727,-1.0087514,1.1576878,0.8077052,-0.95105654,0.309017,-0.8660254,-0.5,0.0
2017-08-22 00:00:00,4.0,0.41903293,0.624119,1.2674729,-0.8173252,-0.98442703,-0.3327209,-0.012747177,0.25610018,0.9953716,1.4908606,1.7615281,0.38564003,-1.0242938,-0.96493584,-1.273886,-0.60585636,-1.571242,-0.6349185,-1.0530518,-1.0558726,-1.12505,-0.79868644,-1.0691282,0.81931245,0.0,1.0,-0.8660254,-0.5,0.0
2017-08-24 00:00:00,4.0,1.1059853,0.6352273,1.5197102,-1.0888066,-0.5060796,0.16565715,0.27775377,1.1320065,1.1660756,1.5686715,1.8077533,0.56988996,-0.5761665,-0.5427772,-1.0067025,0.196678,-1.3701628,-0.2937556,-0.69844735,-0.3966925,-0.7098826,-0.46396875,-0.068142876,0.9789959,0.95105654,0.309017,-0.8660254,-0.5,0.0
2017-08-25 00:00:00,4.0,0.42813408,-1.5091923,-1.1400529,-0.35696498,-0.8142878,1.496824,0.99875575,1.6197275,0.7930178,1.2771344,1.5783994,0.17122166,-0.37005985,-0.34458002,-0.76734996,-0.088544905,-0.96793467,-0.24617374,-0.3867597,-0.08831457,-0.53171796,-0.27134573,-0.6462972,0.92142653,-0.58778524,-0.809017,-0.8660254,-0.5,0.0
2017-08-28 00:00:00,4.0,1.4505454,1.2627465,-0.7596143,-0.59105355,1.2885109,2.5302112,1.2961636,-0.044786505,1.1584909,1.4849623,1.7109089,0.5818161,0.12533714,0.15319823,-0.31822705,0.8707129,0.15492752,-0.053677093,-0.063191585,0.81009483,-0.02702551,0.119168214,1.3817176,0.9393175,-0.95105654,0.309017,-0.8660254,-0.5,0.0
2017-08-29 00:00:00,4.0,-0.090028025,-0.3847079,1.8833495,-0.2815064,0.033020306,1.1584436,-0.87543964,0.23928736,0.8823627,1.2933881,1.5863124,0.2567615,0.16836725,0.19376335,-0.056213144,1.5890911,1.1659269,0.18772325,-0.2520398,0.7356668,-0.047507513,0.12909323,0.7288077,0.91757774,0.0,1.0,-0.8660254,-0.5,0.0
2017-08-30 00:00:00,4.0,-0.6431073,0.05629157,0.6446986,1.0340889,-0.5186574,-0.73494756,-1.6303682,-1.0525836,0.51178074,1.0247992,1.4109678,-0.17117219,-0.067381896,-0.037411086,0.012344886,1.0693247,0.3546152,-0.4006409,-0.2953096,0.3409918,-0.22883819,-0.011792307,-0.05899228,0.9618328,0.95105654,0.309017,-0.8660254,-0.5,0.0
2017-08-31 00:00:00,4.0,1.4116738,1.0230668,-0.4048676,-0.33516183,-0.36871088,-0.10509263,0.70658296,1.2276174,0.7686474,1.1371464,1.4526017,0.15719531,0.43272397,0.46362254,0.28102872,1.2197301,1.0412799,-0.23177274,0.06935415,1.0899147,0.3003193,0.42247495,0.36264914,0.9988486,0.58778524,-0.809017,-0.8660254,-0.5,0.0
2017-09-01 00:00:00,4.0,-0.758299,0.34977412,-0.27928466,1.1170657,-1.0686506,0.7642287,0.9063634,-1.3226469,0.4468207,0.9116218,1.3157382,-0.22008003,0.12614033,0.16536005,0.3185362,0.6516505,0.42083156,-0.47657418,-0.10285265,0.635716,0.07956757,0.21956176,-1.1428056,0.8229556,-0.58778524,-0.809017,-0.8660254,-0.5,0.0
2017-09-04 00:00:00,4.0,-0.23815855,-0.6677421,1.2415681,-0.42089325,-0.45726475,-0.7179589,-1.4173372,0.14831166,0.03778458,0.5840062,1.0716372,-0.65055585,0.104022525,0.14411733,0.2886167,-0.14942814,0.50757205,-0.37807888,-0.299758,0.50036204,0.053261355,0.22166716,-0.06148825,0.78636056,-0.95105654,0.309017,-1.0,-1.8369701e-16,0.0
2017-09-05 00:00:00,3.0,-1.1525463,-1.2423787,-1.114809,0.30311283,-0.32815537,-0.8967513,-0.3611252,-0.6778844,0.16894914,0.65099794,1.162766,-0.5222054,-0.44325468,-0.3859467,0.038523156,-0.6661892,0.6538542,-0.6953651,-0.6159359,-0.059032395,-0.3624754,-0.237535,0.3974822,0.6950637,0.0,1.0,-1.0,-1.8369701e-16,0.0
2017-09-06 00:00:00,3.0,-0.16740125,-0.6669175,0.7126959,0.06790844,-0.7096565,-1.3893886,-0.9944729,0.2328191,-0.24094787,0.2970992,0.87929684,-0.91686124,-0.437923,-0.37680045,-0.1622952,-0.4435387,0.45201296,-0.85287964,0.07237004,-0.06805736,-0.35174143,-0.22404604,-0.26939523,0.6263997,0.95105654,0.309017,-1.0,-1.8369701e-16,0.0
2017-09-07 00:00:00,4.0,-0.7755937,-0.50734895,-0.9448626,1.9278002,0.044858254,-0.7757968,1.130903,-0.6721387,0.09449077,0.48789528,1.0336367,-0.5295834,-0.76325285,-0.69053173,-0.41458446,-1.4688127,-0.20199794,-1.2209004,-0.46869808,-0.351026,-0.57977325,-0.5605559,0.61341673,0.626584,0.58778524,-0.809017,-1.0,-1.8369701e-16,0.0
2017-09-08 00:00:00,3.0,-0.5856786,-1.6963766,-1.1747572,-0.8206528,0.6407645,-0.6289851,0.10662352,1.3044144,0.36732388,0.6652493,1.1773713,-0.24077672,-0.9722197,-0.8963939,-0.64526826,-1.3652745,-0.55491966,-1.1797048,-0.677723,-0.5443856,-0.72213686,-0.8061021,1.1714147,0.6196804,-0.58778524,-0.809017,-1.0,-1.8369701e-16,0.0
2017-09-11 00:00:00,3.0,0.54973865,1.1286236,0.15926024,-1.1615498,-1.2694383,-1.046425,-0.86373544,0.16048692,-0.12864509,0.25831458,0.8254169,-0.7018688,-0.6428386,-0.62095755,-0.7113894,-1.0177897,-0.8752779,-0.56059384,0.25777295,-0.20731115,-0.4670045,-0.5342633,-1.0577272,0.23320316,-0.95105654,0.309017,-1.0,-1.8369701e-16,0.0
2017-09-12 00:00:00,3.0,1.2151083,1.0300202,-0.2958431,-0.51645553,-1.3548111,-0.9875435,-0.20455219,1.2904283,0.049487617,0.30510753,0.78731674,-0.42081273,-0.07068063,-0.11798929,-0.4790612,0.100328445,-0.42468646,0.57365537,0.662153,0.46710327,-0.02634235,-0.0928691,-1.3419495,0.7785621,0.0,1.0,-1.0,-1.8369701e-16,0.0
2017-09-13 00:00:00,3.0,-0.0914033,-1.0410625,-1.1203872,0.8621809,-0.43497118,-1.0778937,-0.31959784,0.595265,-0.34535873,-0.024051012,0.51358396,-0.8017762,-0.03785588,-0.08494967,-0.34377983,0.13742556,-0.22924589,0.09693471,0.052858,0.41141525,-0.039476812,-0.06466183,-0.19934103,0.4895778,0.95105654,0.309017,-1.0,-1.8369701e-16,0.0
2017-09-14 00:00:00,3.0,-0.5682077,-0.8425564,-1.1816019,1.4502534,0.15989107,-0.826154,0.21612868,-0.11621936,-0.41084754,-0.123027585,0.42326483,-0.831971,-0.2789502,-0.2972768,-0.33767945,0.24346855,-0.93224496,0.090541326,0.05164488,0.11047251,-0.27565694,-0.29503715,0.41930354,0.49270535,0.58778524,-0.809017,-1.0,-1.8369701e-16,0.0
2017-09-15 00:00:00,3.0,-0.76985765,-0.24063037,1.4132752,0.49052018,-0.28824738,-0.49892718,0.43284082,-0.9535059,-0.6180995,-0.32689324,0.2516598,-1.0213331,-0.63400924,-0.6154963,-0.47211277,0.16857006,-0.9270216,-0.3839522,0.109743744,-0.3096006,-0.5664084,-0.58378345,-0.026044516,0.5782379,-0.58778524,-0.809017,-1.0,-1.8369701e-16,0.0
2017-09-18 00:00:00,3.0,-0.03316463,0.2200203,-0.05924396,1.2927388,1.9228855,0.2070762,1.012402,-0.5031234,0.07472363,0.13215454,0.56485945,-0.2210525,-0.56794316,-0.5597108,-0.50353134,-0.10433324,-0.8598792,-0.2605753,0.19484667,-0.29708904,-0.57570815,-0.69297385,1.3169955,0.75118726,-0.95105654,0.309017,-1.0,-1.8369701e-16,0.0
2017-09-19 00:00:00,3.0,1.5169595,1.2661824,-1.1406984,-0.3491992,0.27395085,-0.67724586,-1.1920782,0.95104986,0.38540027,0.33165354,0.6395004,0.1681754,0.17253397,0.07330898,-0.2241715,0.037895393,0.10572166,0.58906233,0.90218276,0.8212518,-0.0118513955,-0.18495917,0.56654483,0.44975495,0.0,1.0,-1.0,-1.8369701e-16,0.0
2017-09-20 00:00:00,3.0,-0.716279,-1.3953421,-0.0756567,-0.9586503,-0.13370106,-0.59353954,-0.013279281,0.06946635,0.040872443,0.114585444,0.4903995,-0.21682626,-0.17494531,-0.23010005,-0.17861398,-0.25895077,-0.09116805,0.28451228,0.20276767,0.40950158,-0.3119958,-0.44101837,0.18309367,0.50168747,0.95105654,0.309017,-1.0,-1.8369701e-16,0.0
2017-09-21 00:00:00,3.0,0.17986909,0.2539011,-0.39055565,1.4585078,-1.0964321,-0.7086603,-0.38280582,0.12042483,-0.6276245,-0.41524482,0.043406866,-0.89192843,-0.023483751,-0.09644838,-0.10203612,0.092212364,0.25733057,0.035444967,0.41741148,0.6604009,-0.19834389,-0.27733952,-1.0771947,0.1318616,0.58778524,-0.809017,-1.0,-1.8369701e-16,0.0
2017-09-22 00:00:00,3.0,-0.2954078,0.11019058,1.4964465,0.07619448,-1.028692,-0.45199332,0.19801144,-0.49094352,-1.0994714,-0.84638095,-0.3398333,-1.3543189,-0.10033097,-0.16089755,-0.10190541,0.31306925,0.36957106,-0.16125394,0.71195674,0.46204844,-0.2894115,-0.3171304,-0.99919164,0.31328863,-0.58778524,-0.809017,-1.0,-1.8369701e-16,0.0
2017-09-25 00:00:00,3.0,-1.3053799,-1.2330825,-0.71686035,-0.0021304789,-1.2529154,-0.8205991,-0.6764115,-1.3292104,-0.81028134,-0.693705,-0.23270805,-0.9833119,-0.8343108,-0.8013801,-0.3748449,-0.2864777,-0.2995234,-0.9148116,-0.44082654,-0.72413623,-0.8381185,-0.89656514,-1.3446108,0.36266404,-0.95105654,0.309017,-1.0,-1.8369701e-16,0.0
2017-09-26 00:00:00,3.0,-2.0126386,-1.7758073,-1.1589073,-1.0599363,1.9094496,0.23743622,0.9984646,-0.44953576,0.11191201,0.014803757,0.37455767,-0.028053196,-1.7536544,-1.7140841,-0.8915969,-1.9164593,-1.4600857,-1.4392949,-0.81135046,-2.3044412,-1.5900164,-1.727923,1.1987484,0.60432744,0.0,1.0,-1.0,-1.8369701e-16,1.0
2017-09-27 00:00:00,3.0,-0.08435288,1.334096,-0.14008859,-1.2137736,0.5582787,-0.07291864,-0.37410042,-1.6660436,0.08534111,0.016368698,0.35834953,-0.053020734,-1.6729218,-1.6429952,-1.1849033,-1.5953975,-1.4425659,-1.2802831,-0.82587,-2.0087903,-1.5042222,-1.6935744,0.6640123,0.569936,0.95105654,0.309017,-1.0,-1.8369701e-16,1.0
2017-09-28 00:00:00,3.0,0.46473932,1.3846422,-0.26381817,-1.3145965,-0.5478319,0.36442944,0.18926057,-0.29224092,-0.3956197,-0.35633668,0.009644387,-0.52834874,-1.3515794,-1.4033391,-1.2630315,-1.4733373,-1.0949231,-1.5621309,0.36217293,-1.4908129,-1.2222837,-1.4903511,-0.5417529,0.4122757,0.58778524,-0.809017,-1.0,-1.8369701e-16,1.0
2017-09-29 00:00:00,3.0,-1.2920316,-1.8165305,-1.074912,-1.2688061,0.3715567,1.3951565,0.20919932,-0.08285179,-0.33689228,-0.30497912,0.06890537,-0.4853537,-1.8422712,-1.904227,-1.4543971,-1.8660365,-1.2704498,-1.6913964,-0.5130876,-2.1906273,-1.6366239,-1.9388198,0.5706132,0.569314,-0.58778524,-0.809017,-1.0,-1.8369701e-16,1.0
2017-10-03 00:00:00,4.0,0.49245033,0.47235915,-0.48189378,1.0837735,-0.2542038,0.12715307,-0.73000145,0.30854484,-0.57414305,-0.52303034,-0.1666503,-0.69182676,-1.4895278,-1.6302123,-1.4195026,-1.0947357,-1.0862243,-1.5071564,-0.09167257,-1.6027292,-1.314092,-1.701806,-0.22719431,0.64623183,-0.95105654,0.309017,-1.0,-1.8369701e-16,1.0
2017-10-04 00:00:00,4.0,2.6977181,1.0126926,-0.8963081,0.09400102,2.4095595,3.0,3.0,2.1376553,1.3106691,0.8258183,0.76612765,1.3687522,-0.22920649,-0.5246683,-0.6057227,1.0734197,-0.633635,-0.41848916,1.7192066,0.6777194,-0.12614496,-0.7385018,1.3701494,0.57540166,0.95105654,0.309017,-0.8660254,0.5,0.0
2017-10-06 00:00:00,4.0,0.72473276,0.4573985,2.1203306,-1.2592608,-0.24811785,0.5204305,-1.4661807,0.702481,1.2978599,0.9487097,0.87039375,1.2807473,0.080720134,-0.21531816,-0.057818133,1.4401264,-0.10701187,-0.15774864,1.7517296,1.0975333,0.16228302,-0.49542007,0.004484359,0.7823703,0.58778524,-0.809017,-0.8660254,0.5,0.0
2017-10-09 00:00:00,4.0,0.1608962,-1.2966232,-1.0812111,0.09247858,0.19124077,0.27372772,-0.33115578,1.4285738,0.86327744,0.73117614,0.72567165,0.78763443,0.1935275,-0.09941786,0.3421188,1.2988889,-0.113135085,0.11729013,0.87938595,1.0168911,0.24692795,-0.3952864,0.61506164,0.8346397,-0.95105654,0.309017,-0.8660254,0.5,0.0
2017-10-10 00:00:00,3.0,-0.813134,-1.0346552,0.056282904,-0.38644204,-0.22124834,-0.12225396,-0.49215585,-0.39793798,0.3750595,0.44403666,0.55482817,0.22241172,-0.1793737,-0.45151356,0.4625561,1.4713196,-0.30938375,0.049195446,0.08406502,0.4550754,-0.056836322,-0.64076495,-0.1586914,0.8639524,0.0,1.0,-0.8660254,0.5,0.0
2017-10-11 00:00:00,3.0,0.6117016,1.0626235,-0.80280447,0.035110623,0.13188607,-0.8145456,-0.81015843,-0.18554775,0.14479762,0.2632311,0.39207894,0.00033830263,0.10961893,-0.16344284,0.6416324,1.5302972,0.3877405,0.07016841,-0.32115564,0.7783114,0.21655393,-0.3538625,0.5276393,1.0067309,0.95105654,0.309017,-0.8660254,0.5,0.0
2017-10-12 00:00:00,3.0,-0.65047926,-1.4230137,-1.0049136,-0.41521645,0.62803507,0.11907201,1.0577608,0.6871102,0.25159335,0.35754633,0.4948012,0.08513227,-0.17396766,-0.42556587,0.5956788,0.02231742,0.88780874,-0.47859043,-0.665064,0.37080714,-0.03721819,-0.60651857,1.0003859,0.807065,0.58778524,-0.809017,-0.8660254,0.5,0.0
2017-10-13 00:00:00,3.0,0.16837627,0.19641316,0.7496853,0.8470312,-0.6810667,-0.5117443,-0.6569315,0.06586509,-0.22847062,-0.01975597,0.19106577,-0.40672424,-0.03432146,-0.29211074,0.61874974,-0.24902524,0.97572887,-0.40215588,-0.68461376,0.4631951,0.10830247,-0.44867074,-0.7859312,0.7431065,-0.58778524,-0.809017,-0.8660254,0.5,0.0
2017-10-16 00:00:00,3.0,-0.07789179,0.6773539,-0.44740367,0.7249968,-1.2901276,-0.445557,-0.042837888,-0.48426354,-0.8818422,-0.57174367,-0.26092935,-1.0940307,0.009902878,-0.2504885,0.6315825,-0.36520955,0.79502994,-0.26134142,-0.7623156,0.39771816,0.16741171,-0.33734712,-1.4358922,0.73899394,-0.95105654,0.309017,-0.8660254,0.5,0.0
2017-10-17 00:00:00,3.0,0.8621588,0.2607197,1.6586751,-0.21408004,-0.7061552,-0.20559706,0.119664766,1.0843648,-0.47438535,-0.37108982,-0.18049726,-0.5363404,0.42688423,0.14529677,0.74409,0.43692613,1.5774779,0.21500944,-0.5873714,0.791466,0.53011155,0.01969276,-0.9408979,0.68824786,0.0,1.0,-0.8660254,0.5,0.0
2017-10-18 00:00:00,3.0,-0.13762793,-1.0762447,-1.0791653,0.6212372,-1.0156611,-1.0612781,-1.0114734,0.35876176,-1.019532,-0.8344285,-0.57261115,-1.1212294,0.44813645,0.16451864,0.84040964,0.07990209,1.3644868,0.18416858,-0.7399548,0.6316086,0.5437749,0.1101698,-1.252717,0.6971693,0.95105654,0.309017,-0.8660254,0.5,0.0
2017-10-19 00:00:00,4.0,-0.096431166,1.2411003,-0.2598217,-1.0298797,-1.2770985,-0.73968184,0.24783163,-0.66236603,-1.5966896,-1.3664346,-1.0475835,-1.7531623,0.48515302,0.1990731,0.88781464,0.34540558,0.29760945,-0.2900349,-0.58458716,0.53435564,0.6404489,0.25835064,-1.7541752,0.65352464,0.58778524,-0.809017,-0.8660254,0.5,0.0
2017-10-20 00:00:00,4.0,-2.5914328,-1.5696306,-0.98158735,-0.8850304,2.9954057,0.62750643,1.4723811,0.27509692,0.99577343,0.59005296,0.56275874,1.0701959,-1.2126151,-1.302594,0.059942592,-1.0480083,-1.0846289,-0.8919718,-2.312983,-0.8082317,-0.8303847,-1.2204704,1.4388331,0.43473077,-0.58778524,-0.809017,-0.8660254,0.5,0.0
2017-10-23 00:00:00,4.0,1.3368121,0.9993531,-0.31594238,-0.22379132,-0.2966176,-0.6784223,-1.1181122,1.1766824,1.1076936,0.7534188,0.6562133,1.1498823,-0.46764895,-0.64656407,-0.03192798,-0.3243415,-0.5836305,-0.51860774,-1.4266518,-0.043208905,-0.17375548,-0.6477473,-0.35050356,0.8436973,-0.95105654,0.309017,-0.8660254,0.5,0.0
2017-10-24 00:00:00,4.0,-0.9035058,-1.4240816,-1.041421,-0.451359,0.30262357,-0.21807957,0.37384135,0.24712545,0.99961776,0.815642,0.78586286,0.9045425,-0.900023,-1.0625285,-0.28941315,-1.189864,-0.65414464,-0.7244295,-2.0116563,-0.49020657,-0.54622835,-0.96508145,0.93952507,1.1477597,0.0,1.0,-0.8660254,0.5,0.0
2017-10-25 00:00:00,4.0,-0.74750996,-0.5188289,1.1866736,-0.22306938,-0.06222053,-0.8046187,-0.6814419,-0.7522805,0.6698957,0.6748588,0.74865735,0.4802835,-1.2309039,-1.3823073,-0.62690145,-1.482988,-1.2252156,-0.58754706,-2.6587427,-0.86385864,-0.87281936,-1.2159973,0.433699,1.0693926,0.95105654,0.309017,-0.8660254,0.5,0.0
2017-10-26 00:00:00,3.0,0.5582619,0.54846406,1.0170647,-0.22990233,-0.4839881,-1.0319843,-0.48906353,0.34132433,0.22086836,0.35122603,0.48913822,0.036808338,-0.85198796,-1.0517374,-0.69132274,-1.1462001,-0.7177649,0.19029316,-1.8504723,-0.566487,-0.6044803,-0.9434908,-0.77817255,-0.3016905,0.58778524,-0.809017,-0.8660254,0.5,0.0
2017-10-27 00:00:00,3.0,-0.5223486,0.2958031,1.3663216,0.15940298,-0.27816272,-0.67056084,0.29871914,-1.2037481,-0.16987368,0.056730762,0.29018253,-0.3683884,-1.0786502,-1.2617407,-0.84262234,-0.13914049,-1.0135338,0.05055066,-2.734752,-0.91638726,-0.9015403,-1.1201847,-0.18377312,-0.45241112,-0.58778524,-0.809017,-0.8660254,0.5,0.0
2017-10-30 00:00:00,3.0,0.99830025,0.99193305,0.253873,-0.6361916,-0.44544134,0.91354036,1.7862725,0.67414147,-0.10815839,0.03288056,0.21071231,-0.23384951,-0.49111074,-0.7664785,-0.6132192,-0.31891844,-0.56168306,0.25029767,-2.5962062,-0.2808568,-0.38982695,-0.6847643,-0.6824227,-0.2248535,-0.95105654,0.309017,-0.8660254,0.5,0.0
2017-10-31 00:00:00,3.0,-0.5165348,-1.3413533,-0.11832412,-1.3483934,0.4053174,0.6521226,-0.31588754,0.770344,0.111095876,0.20638132,0.3801437,-0.028894331,-0.7623114,-1.0176939,-0.5586376,-0.11932179,-1.1535625,0.4996919,-2.7744672,-0.760568,-0.7626663,-0.92517704,0.9754519,0.0756662,0.0,1.0,-0.8660254,0.5,0.0
2017-11-01 00:00:00,3.0,-0.4628655,0.010190476,1.7932893,0.5571554,-0.5794609,1.0986018,0.33899337,-0.87449116,-0.51433694,-0.30076098,-0.013140595,-0.6478681,-1.0050875,-1.2397286,-0.6694409,0.031873662,-1.2986964,0.1837607,-2.608422,-1.5300641,-1.1093285,-1.1000738,-1.1204135,-0.14483625,0.95105654,0.309017,-0.8660254,0.5,0.0
2017-11-02 00:00:00,3.0,1.4577913,1.2719235,-0.85957927,-0.23252483,0.22529292,1.31374,-0.33753714,0.73176605,-0.03996249,-0.023039652,0.11123563,-0.07802778,-0.063551195,-0.44842827,-0.1864787,0.50656694,-0.60959953,-0.26537684,-1.8875326,0.51700574,-0.120894045,-0.41386038,0.7356454,-0.1621785,0.58778524,-0.809017,-0.5,0.8660254,0.0
2017-11-03 00:00:00,3.0,-0.3922451,-0.9389706,0.12095353,-0.40461826,-0.70475924,0.84985864,-0.39254212,-0.17531697,-0.81270146,-0.6915614,-0.4675259,-0.81540126,-0.28187412,-0.6570842,-0.005931919,0.5701249,0.3737887,-0.79825836,-2.1754103,0.01027064,-0.31864628,-0.5645678,-1.3888841,-0.24851127,-0.58778524,-0.809017,-0.5,0.8660254,0.0
2017-11-06 00:00:00,3.0,0.31818056,0.047703475,1.1520557,1.3744656,-0.8561324,-0.5459164,-1.0172406,0.3275644,-1.4774219,-1.4277004,-1.3025295,-1.378433,0.01030653,-0.43132514,0.26001316,0.22263001,-0.09742686,-0.7900568,-2.2096663,0.48813665,0.041063555,-0.2842465,-1.7238983,-0.00058992906,-0.95105654,0.309017,-0.5,0.8660254,0.0
2017-11-07 00:00:00,4.0,-0.09249317,-0.018281348,-0.7538472,3.0,1.7192067,1.0275811,1.2698065,-0.1870505,0.21156089,-0.034154624,-0.023702502,0.28797963,0.030684888,-0.43545982,0.4249549,0.4411007,0.29426548,-0.48776227,-1.9415399,0.36260587,-0.07798903,-0.56331474,1.3968878,-0.35471097,0.0,1.0,-0.5,0.8660254,0.0
2017-11-08 00:00:00,4.0,1.6168286,1.5656296,-0.7213333,-1.2378997,0.39361596,0.65107113,-0.32491112,0.5395534,0.84603083,0.55728763,0.48957586,0.89678234,1.2490953,0.73725593,1.0068264,1.5027994,1.4162002,0.10046932,-0.61924905,1.9756799,1.1569185,0.46997476,0.89734274,-1.4340297,0.95105654,0.309017,-0.5,0.8660254,0.0
2017-11-09 00:00:00,3.0,-0.56275946,-0.30931297,2.2299302,-0.7851729,-0.024100749,-0.023237301,-0.5693646,-0.7103587,0.40287066,0.27036786,0.25848767,0.44544485,0.8041948,0.34841517,1.1797988,0.4889233,0.895492,0.14134263,0.289011,1.2113422,0.7837703,0.20071806,0.21823387,-1.3219012,0.58778524,-0.809017,-0.5,0.8660254,0.0
2017-11-10 00:00:00,3.0,0.9216186,1.0860696,0.016939119,-0.65024567,-0.07772913,-0.09123043,-0.15304933,0.26693735,0.27780095,0.16336434,0.07219668,0.3624457,1.3908244,0.9658855,1.4969895,1.1516818,1.5144631,0.5394099,0.0068564755,1.6194749,1.4348391,0.8215757,0.111128554,-2.372196,-0.58778524,-0.809017,-0.5,0.8660254,0.0
2017-11-13 00:00:00,3.0,-0.23037136,0.48695892,1.511358,-0.674611,-0.32497454,-0.1959451,-0.17529057,-0.92389125,-0.3378326,-0.33186975,-0.4214296,-0.25386453,1.2659333,0.8760851,1.6084903,0.8929363,0.96261746,0.45971835,0.12143697,1.1939853,1.30268,0.81646085,-0.287503,-2.1803741,-0.95105654,0.309017,-0.5,0.8660254,0.0
2017-11-14 00:00:00,3.0,0.14530733,1.0541599,0.598062,-1.2547532,-0.34473306,-0.18874663,-0.103498526,-0.79676574,-0.83731675,-0.80524504,-0.9447051,-0.7316457,1.3903202,1.033053,1.6570759,1.0192579,1.2529964,0.079700485,-0.2035406,1.107104,1.4667497,1.0475007,-0.46040556,-2.2033515,0.0,1.0,-0.5,0.8660254,0.0
2017-11-15 00:00:00,3.0,-0.2887967,-1.2203498,0.092061184,-1.0050843,-0.52177906,-0.513809,-0.3032195,0.39818504,-1.3423917,-1.312639,-1.4725963,-1.2386162,1.1872246,0.8808881,1.542983,-0.011236175,1.3301533,0.0014038224,-0.12659834,0.81628364,1.3183215,0.9981325,-0.9087864,-2.00537,0.95105654,0.309017,-0.5,0.8660254,0.0
2017-11-16 00:00:00,3.0,-1.577607,-1.1890653,0.325059,-1.2136369,0.025606325,0.42165914,0.6615887,-1.4224705,-0.8034176,-0.9027662,-0.9737836,-0.6681853,-0.32448235,-0.44704401,0.8467966,-0.50882226,-0.0025026128,-0.77131885,-0.10776754,-0.08788305,0.08050671,-0.16418374,0.737462,-0.794115,0.58778524,-0.809017,-0.5,0.8660254,0.0
2017-11-17 00:00:00,3.0,0.642493,0.43923208,0.51241636,0.67954963,-0.1775415,-1.0984205,-1.115264,0.584078,-0.878529,-1.0616965,-1.2349753,-0.6673002,0.21896204,0.04719152,0.592298,-0.6535664,0.4684904,1.0142406,-0.020489238,0.2617976,0.54946643,0.32818073,0.1668681,0.5071388,-0.58778524,-0.809017,-0.5,0.8660254,0.0
2017-11-20 00:00:00,3.0,0.711068,-0.13037369,2.0672317,-0.1789113,-0.59007066,0.50410616,1.296218,1.2776073,-0.37057105,-0.7076246,-0.9933568,-0.054003842,0.75525147,0.560929,0.611179,-0.18402028,0.6371318,0.6220593,-0.16972859,0.5999981,1.0262884,0.7327991,-0.92545015,-0.8281857,-0.95105654,0.309017,-0.5,0.8660254,0.0
2017-11-21 00:00:00,4.0,0.14887601,0.26725954,-0.2809941,1.847211,-0.20627376,-0.80371,-0.89839095,-0.10526562,-0.7883167,-1.0832931,-1.386916,-0.4720795,0.9156065,0.7282486,0.6599403,-0.18283306,0.75347626,1.198868,-0.2752779,0.5883326,1.1011491,0.9026178,-0.13982844,-1.443399,0.0,1.0,-0.5,0.8660254,0.0
2017-11-22 00:00:00,4.0,2.3845682,1.643218,-1.1427747,-0.9875668,2.4822314,1.695135,1.8489571,0.5782989,1.2881955,0.65494984,0.025982153,1.7237471,2.144352,2.0853202,1.2826453,1.1759815,1.0445994,2.695369,0.09651733,1.570325,2.302182,1.9666618,1.5874641,0.67742753,0.95105654,0.309017,-0.5,0.8660254,0.0
2017-11-23 00:00:00,4.0,0.6648404,-0.52255595,0.69211507,0.25750965,0.47904608,1.5994343,-0.09320841,1.8197118,1.583579,1.1385128,0.50631905,1.8654538,2.3468442,2.3835087,1.7470421,2.2501607,1.6038096,2.5910478,0.39103898,1.4668987,2.350622,2.1557477,1.0261631,1.1585516,0.58778524,-0.809017,-0.5,0.8660254,0.0
2017-11-24 00:00:00,4.0,-1.4542724,-0.9768321,-0.017587308,-0.2977871,2.4744542,0.26054713,-0.70308685,-0.1592468,3.0,2.904565,2.5470603,2.830696,1.0560961,1.1709116,1.3695345,1.1966975,0.5136464,2.073609,0.060583945,0.66978323,1.0009543,0.92477643,1.5776615,1.3342123,-0.58778524,-0.809017,-0.5,0.8660254,0.0
2017-11-27 00:00:00,4.0,0.5751221,0.63055897,-0.02813428,0.7073597,-0.36439258,-1.5130298,-1.1125274,0.2859457,1.7669489,1.9822553,1.800617,1.5800844,1.3648145,1.527678,1.3714678,1.1445074,0.88847655,1.8080873,-0.26539254,0.7920131,1.3196863,1.3990805,0.1375496,1.1290473,-0.95105654,0.309017,-0.5,0.8660254,0.0
2017-11-28 00:00:00,4.0,-0.9394306,-1.1582668,-1.0993847,0.2113579,-0.14680682,-1.4349716,-0.19326934,-0.5013529,1.1387786,1.5771582,1.6276712,0.8709247,0.654814,0.8372771,1.0265586,0.6007098,0.38870376,1.5973473,-0.33767304,0.32154295,0.67966247,0.9416084,0.4746839,0.80189776,0.0,1.0,-0.5,0.8660254,0.0
2017-11-29 00:00:00,4.0,-0.15737247,0.38279307,-1.0057596,2.3423457,0.6155422,-0.532239,0.57269424,-1.0716814,1.2407993,1.724515,1.8789545,0.8959832,0.63357425,0.8238206,0.6615428,-0.66847867,0.446612,1.6952729,-0.30599865,0.23199664,0.4411806,0.80523455,1.171765,-0.6376632,0.95105654,0.309017,-0.5,0.8660254,0.0
2017-11-30 00:00:00,4.0,-0.40679336,-1.2019407,-0.796882,-0.1922663,-0.077371225,-1.3832797,-0.78916544,0.71525437,0.79913706,1.3741171,1.658594,0.42451176,0.38706467,0.5876682,0.2866139,-1.1925946,0.9677362,0.87120885,-0.007279019,0.011703955,0.15454112,0.63637286,0.6816652,-0.48211762,0.58778524,-0.809017,-0.5,0.8660254,0.0
2017-12-01 00:00:00,4.0,-2.0787957,-1.1952585,-0.7978004,-0.20663781,-0.46176887,1.6919324,2.4343252,-2.6656635,1.9642609,2.514137,2.9592977,1.307756,-1.1841365,-1.0368485,-0.54257476,-1.4968971,-0.31560546,0.15114757,-0.78234726,-1.0756762,-1.1715678,-0.7300527,-0.10655459,-3.0,-0.58778524,-0.809017,-0.5,0.8660254,0.0
2017-12-04 00:00:00,4.0,-0.57143086,-0.9541173,0.17426541,-0.54193175,0.2280124,0.52983785,-0.6596908,0.31079698,1.6355792,2.2862127,2.8148007,0.92505926,-1.4617313,-1.3473531,-1.1885709,-2.026253,-0.9019289,-0.24551857,-0.71065205,-1.392481,-1.4750445,-1.0046937,1.0263335,-2.9353335,-0.95105654,0.309017,-2.4492937e-16,1.0,0.0
2017-12-05 00:00:00,4.0,0.16269356,0.61526185,0.6888282,0.07046075,2.0297065,-0.8239732,-0.9281744,-1.3669617,2.5736988,3.0,3.0,1.7162265,-1.2496403,-1.1500237,-1.3926382,-1.4899695,-0.887996,-0.13423839,-0.41949648,-1.3251879,-1.3232661,-0.96283484,1.4371395,-2.7339773,0.0,1.0,-2.4492937e-16,1.0,0.0
2017-12-06 00:00:00,1.0,-1.3969601,-0.30000198,2.4705138,-1.1726553,-0.09321447,-1.2562563,-0.5357188,-2.1980767,1.9807537,2.6531491,3.0,1.0548978,-2.014803,-2.0081058,-1.8637716,-2.047212,-2.5226717,-1.5176883,-1.1834618,-2.0018015,-1.9540954,-1.6253785,0.63527644,-1.7007802,0.95105654,0.309017,-2.4492937e-16,1.0,0.0
2017-12-07 00:00:00,1.0,-2.6591613,-1.4201965,-0.61202097,-1.0967944,2.421588,1.876857,2.674448,-0.20151773,3.0,3.0,3.0,2.3616629,-2.999668,-3.0,-2.303026,-2.9595463,-3.0,-2.4345822,-2.6297078,-2.8313072,-2.7805386,-2.7276528,1.4967054,-1.6639072,0.58778524,-0.809017,-2.4492937e-16,1.0,0.0
2017-12-08 00:00:00,4.0,0.3138552,-0.24480838,0.355156,1.1124012,0.006406823,-0.3399943,-1.2246809,0.91517574,2.745906,3.0,3.0,1.589138,-2.557458,-2.7984996,-2.4921746,-1.8430165,-2.7146704,-2.520975,-2.3577623,-2.224147,-2.4079084,-2.4451933,0.86233544,-0.8595179,-0.58778524,-0.809017,-2.4492937e-16,1.0,0.0
2017-12-11 00:00:00,4.0,1.3654541,1.1986449,-0.32174355,-0.46874136,0.07160572,-0.4387394,-0.19722612,0.5278306,2.3472822,2.881786,3.0,1.2695117,-1.6056211,-1.9062966,-2.1535966,-0.96239525,-2.2746103,-1.7835134,-1.6034399,-1.4929124,-1.6532354,-1.7641339,0.90580237,-0.3074605,-0.95105654,0.309017,-2.4492937e-16,1.0,0.0
2017-12-12 00:00:00,4.0,1.2573636,1.5579215,-0.70308334,-1.1807667,-0.034379277,0.52410954,0.6158253,-0.25028527,1.8755709,2.4489076,2.7942493,0.8439224,-0.8763257,-1.1928017,-1.622604,-0.44766444,-1.4373779,-1.2764267,-0.8622878,-0.91228133,-1.0185771,-1.18315,0.8224356,-0.15475574,0.0,1.0,-2.4492937e-16,1.0,0.0
2017-12-13 00:00:00,4.0,-0.76893485,-0.90365654,0.22038947,-0.4263873,-0.2669012,0.48116848,-0.10343594,-0.24283126,1.4794707,2.1389606,2.5659375,0.37342873,-1.181497,-1.5066552,-1.3759142,-0.2073938,-1.6454552,-1.4716926,-1.1450937,-1.1265637,-1.2872139,-1.4885519,0.71820813,-0.12948175,0.95105654,0.309017,-2.4492937e-16,1.0,0.0
2017-12-14 00:00:00,4.0,1.6580833,1.1322831,-0.71166253,0.12800892,1.2248895,1.423252,0.5713141,0.23462762,2.0372522,2.4119108,2.6684954,1.0454619,-0.33896115,-0.67332745,-0.7256028,1.7251263,-0.8743981,-0.20436604,-1.0140527,-0.45029578,-0.50348336,-0.7561775,1.2327089,-1.3187827,0.58778524,-0.809017,-2.4492937e-16,1.0,0.0
2017-12-15 00:00:00,4.0,-0.30034664,-0.86578673,-0.68371886,0.6478156,-0.42009783,-0.16660985,-0.9565707,0.6340506,1.5317122,2.049136,2.3983955,0.47117063,-0.44143438,-0.77029335,-0.3970282,1.4243456,-0.2761633,-0.56839496,-0.8936558,-0.5357389,-0.603485,-0.83849514,0.5650888,-1.4988333,-0.58778524,-0.809017,-2.4492937e-16,1.0,0.0
2017-12-18 00:00:00,4.0,-1.3181762,-0.86659515,-0.8423234,0.7925734,-0.754742,-0.06559729,-0.06218306,-1.6056677,1.6279002,2.1108062,2.4736075,0.47929248,-1.038721,-1.3875284,-0.39849463,0.22527207,-0.5865661,-1.37962,-1.4724677,-0.9864747,-1.1055568,-1.364759,0.06464046,-2.1867251,-0.95105654,0.309017,-2.4492937e-16,1.0,0.0
2017-12-19 00:00:00,4.0,0.7416069,0.71746844,0.23198928,0.41309813,-0.52250296,-0.99261546,-0.7429425,0.33440277,1.1983492,1.7572476,2.1611526,0.021152448,-0.62316275,-0.9763343,-0.22742614,0.0061734533,-0.35728765,-1.1025404,-1.0892481,-0.6229189,-0.7169183,-0.998161,0.5847033,-1.8432363,0.0,1.0,-2.4492937e-16,1.0,0.0
2017-12-20 00:00:00,4.0,0.7137787,0.5486042,0.91208816,0.09272392,-1.3148949,-0.9192001,-0.13622563,0.8533002,0.73815584,1.3750745,1.8355513,-0.47106674,-0.25029492,-0.59899646,0.059247993,0.67286503,0.4016418,-1.6383078,-0.36732972,-0.24824087,-0.2953429,-0.63155764,-1.4756218,-2.980493,0.95105654,0.309017,-2.4492937e-16,1.0,0.0
2017-12-21 00:00:00,4.0,-0.20013598,0.35454038,1.4007468,0.00063394447,-1.3817785,-1.5586759,-0.7881317,-0.76892996,-0.04254418,0.78742695,1.4029078,-1.3525978,-0.31637213,-0.65238816,0.22626367,-0.16193585,1.2883905,-1.9254724,0.2445373,-0.23580597,-0.26822934,-0.6668525,-1.8847739,-2.59824,0.58778524,-0.809017,-2.4492937e-16,1.0,0.0
2017-12-22 00:00:00,4.0,0.40858155,0.9595845,-0.13562632,-0.09029697,-0.47171375,-1.0826969,0.24297813,-0.56721836,-0.17945966,0.5691283,1.195468,-1.3876257,-0.08282471,-0.42409328,0.44235197,0.16135347,1.3182695,-1.237464,0.43440458,0.036863368,0.03026703,-0.43731737,0.14213008,-2.5859451,-0.58778524,-0.809017,-2.4492937e-16,1.0,0.0
2017-12-27 00:00:00,4.0,0.7118086,0.797369,-1.1695164,1.5716709,-1.296553,-1.3536764,-0.4790987,0.7761652,-0.60161453,0.1568623,0.8440654,-1.7504264,0.29165104,-0.059187822,0.7780134,1.1057261,1.076895,-1.163673,0.5703864,0.5216161,0.54742897,0.0059334096,-1.8245717,-2.5619183,-0.95105654,0.309017,-2.4492937e-16,1.0,0.0
2017-12-28 00:00:00,4.0,-0.07257774,-0.37442514,0.4033278,1.0318676,-1.1190954,-0.30055892,1.0779597,0.072293036,-1.0191401,-0.25307474,0.5168972,-2.111009,0.30217862,-0.047671728,1.0020032,0.7366366,0.59008986,-0.87275845,0.9741162,0.5659438,0.6511435,0.07014921,-1.4666882,-2.4871593,0.58778524,-0.809017,-2.4492937e-16,1.0,1.0
2017-12-29 00:00:00,3.0,0.90221196,1.4784368,-0.9854154,-0.7394242,-0.8082673,-1.1301287,-0.87248486,0.3378705,-0.9869881,-0.39975008,0.32431152,-1.8637775,0.7647566,0.40401542,1.3418287,0.8174355,1.1995734,-0.45496434,1.1652433,1.0493782,1.270105,0.6545018,-0.7521784,-2.314659,-0.58778524,-0.809017,-2.4492937e-16,1.0,1.0
2018-01-02 00:00:00,4.0,0.10690613,0.051179457,1.2360983,0.95304507,-1.140497,-1.0937485,0.022606684,0.07482359,-1.3830259,-0.8044412,-0.025473393,-2.221532,0.8483525,0.49653438,1.5964098,0.9587419,0.62039167,-0.2645779,0.256055,1.0332553,1.4708607,0.8725861,-1.7387288,-2.248279,-0.95105654,0.309017,-2.4492937e-16,1.0,1.0
2018-01-03 00:00:00,4.0,2.232291,1.7320167,-1.1949887,-1.3314334,1.0017745,1.6942232,2.7733448,0.59538174,-0.07251898,-0.077503555,0.32998994,-0.3791596,1.6808064,1.418338,1.913974,1.77293,1.5045768,1.4092699,0.9486137,1.5955259,2.2793143,1.74377,1.0794487,-0.1490345,0.95105654,0.309017,0.5,0.8660254,0.0
2018-01-04 00:00:00,3.0,0.03692714,-0.68977445,-0.05447508,0.7030925,-0.40729627,1.2644771,-0.3226573,0.9121331,-0.28553903,-0.22924252,0.19202432,-0.60122305,1.6874428,1.4540485,2.1566758,1.4531442,1.9364352,1.6066025,0.93258226,1.2580123,2.172581,1.7591811,-0.06250289,-0.34910133,0.58778524,-0.809017,0.5,0.8660254,0.0
2018-01-05 00:00:00,3.0,0.5274252,0.27711374,-0.0061072977,1.5099231,-0.52971256,2.2655253,0.93878657,0.7745277,-0.58116996,-0.4681414,-0.030285029,-0.8920269,1.8201904,1.6447409,2.3187835,1.7109714,1.7990052,1.7148552,1.4976939,1.1417209,2.3326828,2.0497062,-0.40647143,-0.27735645,-0.58778524,-0.809017,0.5,0.8660254,0.0
2018-01-08 00:00:00,3.0,0.14926189,-0.560077,-0.9311357,1.8886663,-0.27143216,0.67182773,-1.0352237,0.9715636,-0.6589549,-0.56573176,-0.14707099,-0.91778266,1.8383222,1.6973048,2.278166,1.3701183,1.569528,2.187556,1.3221086,0.967118,2.2087772,2.051059,0.004813349,-0.8205331,-0.95105654,0.309017,0.5,0.8660254,0.0
2018-01-09 00:00:00,3.0,0.1625638,-0.018750735,-0.5264199,2.5748682,-0.78278166,0.20842221,-0.53918904,0.3134152,-0.988476,-0.8414604,-0.39475107,-1.2655005,1.8503629,1.7424024,2.2195294,1.3736746,1.656407,2.9654334,1.6294979,0.8754154,2.1211164,2.1642992,-0.9450455,-1.1705757,0.0,1.0,0.5,0.8660254,0.0
2018-01-10 00:00:00,3.0,0.26486903,0.63270605,-0.17022786,0.5712925,-0.6458023,0.17470577,-0.1261116,-0.089650534,-1.2062237,-1.062718,-0.6195659,-1.4549513,1.8870679,1.8151004,2.1102726,0.5017017,1.5819335,2.7503073,1.6534567,0.8312333,2.0711408,2.2860017,-0.8294436,-1.1080682,0.95105654,0.309017,0.5,0.8660254,0.0
2018-01-11 00:00:00,3.0,0.0670467,0.29036546,1.4709224,-0.16134256,0.5634606,1.264646,0.93661773,-0.40935624,-0.8996724,-0.91766346,-0.5780898,-0.9521846,1.8697262,1.819808,1.8058691,0.51409125,1.3576653,2.2331445,1.6812483,0.72915846,1.7925991,2.082732,0.762074,-1.2688445,0.58778524,-0.809017,0.5,0.8660254,0.0
2018-01-12 00:00:00,3.0,0.017944155,0.48081133,-0.8996277,1.6413974,-0.7879373,-0.34914753,-1.2338653,-0.43147197,-1.2200133,-1.1784289,-0.82067275,-1.3096365,1.8502922,1.8166616,1.6322063,0.28989947,1.3804039,1.8011075,1.350648,0.62679046,1.7296854,2.1271365,-1.3936203,-1.4633789,-0.58778524,-0.809017,0.5,0.8660254,0.0
2018-01-15 00:00:00,3.0,0.9483444,0.8895092,-1.2377847,0.85540086,-0.46664724,0.6940121,0.92424667,1.165808,-1.1118287,-1.1787752,-0.91458887,-1.0366977,2.036472,2.0718315,1.5470428,0.63866675,1.3785918,2.2148905,1.7636925,0.7650502,1.94472,2.4003367,-0.7149882,-1.2056268,-0.95105654,0.309017,0.5,0.8660254,0.0
2018-01-16 00:00:00,4.0,-0.45990664,-1.4811064,-0.9066748,-0.572523,2.0952222,1.3087554,0.3704505,2.0080063,-0.3824813,-0.7024358,-0.6036806,-0.038299244,1.7265542,1.8154995,1.1605792,0.36583447,1.1921272,1.5683007,1.5840086,0.5440112,1.3662454,1.7902995,0.9718776,-1.0925997,0.0,1.0,0.5,0.8660254,0.0
2018-01-17 00:00:00,4.0,1.9568164,1.7288697,-1.2174729,-1.2834138,2.0303423,1.7622098,0.4644626,0.2947662,0.46695828,-0.12423655,-0.27472124,1.0580088,2.059653,2.255705,1.148738,1.084517,1.0879664,2.1041257,3.0,0.86772484,1.7403712,2.1011066,1.1077895,-2.3645678,0.95105654,0.309017,0.5,0.8660254,0.0
2018-01-18 00:00:00,4.0,0.066760115,0.74975705,-1.1921595,1.1463103,0.6177043,2.2968698,0.9102482,-1.033163,0.32722735,-0.12467421,-0.270187,0.82784224,1.9985393,2.1897445,1.1471611,1.0741076,1.087237,2.367748,2.479026,0.7649542,1.5516468,1.9979368,0.66003495,-1.4562752,0.58778524,-0.809017,0.5,0.8660254,0.0
2018-01-19 00:00:00,4.0,0.27972108,-0.26797113,-0.097637355,1.7679384,0.7932371,1.5616703,-0.40126422,0.9708486,0.2934529,-0.08027772,-0.24005339,0.74392974,1.9747825,2.1735535,1.0863427,1.1814265,1.003825,2.1532478,2.6968155,0.71578777,1.4465698,1.9515516,0.9037402,-1.4395324,-0.58778524,-0.809017,0.5,0.8660254,0.0
2018-01-22 00:00:00,4.0,0.23727791,0.6388142,-1.1848495,1.2301763,-0.13331921,0.49660495,-0.9855668,-0.2356913,-0.081693195,-0.28505203,-0.38851863,0.26538694,1.9495659,2.1527114,1.0463885,0.87988377,1.0259396,1.9624975,2.8145478,0.659711,1.42793,2.0275862,-0.2438459,-1.2802094,-0.95105654,0.309017,0.5,0.8660254,0.0
2018-01-23 00:00:00,4.0,0.25918686,0.44166937,-0.8469186,1.3573307,0.719402,0.37073207,-0.19762969,-0.2112216,-0.0043331105,-0.21310028,-0.34520328,0.3523264,1.9224161,2.131036,0.9285352,1.19154,1.045558,1.996465,2.5699058,0.62863094,1.3151933,1.9605106,0.88435924,-1.5521843,0.0,1.0,0.5,0.8660254,0.0
2018-01-24 00:00:00,4.0,1.7278758,1.429692,-1.1207843,-0.711066,0.6993751,1.3700191,1.1947963,1.3126445,0.5666712,0.17408705,-0.11580948,1.0543754,2.0387323,2.3365,0.9831878,1.0794244,1.4463354,2.1876168,2.976452,0.8875912,1.572538,2.1455045,0.85934633,-1.5934153,0.95105654,0.309017,0.5,0.8660254,0.0
2018-01-25 00:00:00,4.0,-0.2012698,0.17100458,-0.11229971,1.2918673,-0.17566355,1.1274788,-0.20082358,-0.61625904,0.17169122,-0.021915983,-0.22822593,0.52162296,1.9442325,2.2115026,0.98841053,0.9627697,1.3543609,1.9218854,2.5394702,0.71268815,1.3934855,2.0621672,-0.065157585,-1.2691386,0.58778524,-0.809017,0.5,0.8660254,0.0
2018-01-26 00:00:00,4.0,-1.4371296,-1.8866267,-0.8368075,-1.2730048,0.31777045,0.63915765,-0.47740874,-0.23772901,0.13373964,0.019061863,-0.1353809,0.37212807,1.1456022,1.5550823,0.62235403,0.23740616,0.9472023,1.6034375,2.231985,0.3275641,0.75883347,1.5695095,0.49277616,-0.9445702,-0.58778524,-0.809017,0.5,0.8660254,0.0
2018-01-29 00:00:00,4.0,1.5205853,1.1801958,-0.28808323,-0.8831802,0.9816693,0.9093769,0.22104071,1.0644433,0.75858754,0.44109175,0.13356268,1.0908535,1.3646797,1.7838364,0.50309247,0.79384166,1.1147447,1.6840495,2.5933433,0.6160325,1.0149851,1.7134564,0.8324305,-0.12891945,-0.95105654,0.309017,0.5,0.8660254,0.0
2018-01-30 00:00:00,4.0,-0.9796629,-1.2815363,0.15043244,-0.78577715,2.0133443,0.5272063,-0.4197059,1.033705,1.3574138,0.9696945,0.5976057,1.5380778,0.94481754,1.406147,0.18900718,0.26676443,0.96578556,1.4440471,1.9733578,0.3367079,0.4720499,1.2036502,1.3008697,0.49931714,0.0,1.0,0.5,0.8660254,0.0
2018-01-31 00:00:00,4.0,-1.5796041,-0.7025825,1.2193888,-0.35286328,1.0154666,-0.04358111,-0.58619297,-2.1056092,1.4354855,1.1831405,0.87535065,1.39102,0.2627033,0.80441976,-0.2835756,-1.1360377,-0.05096057,0.684325,1.6705133,-0.105918646,-0.09824913,0.7202954,0.84452224,1.2124963,0.95105654,0.309017,0.5,0.8660254,0.0
2018-02-01 00:00:00,4.0,0.74126303,1.1978124,-0.71179277,-0.5346476,1.6785966,0.0617794,0.008560185,-1.6976756,1.8036625,1.5278516,1.1725721,1.6379709,0.45649934,0.96391076,-0.49122646,-0.7282952,0.14922246,0.8258411,1.7510178,0.09055092,0.018406067,0.75843537,1.2585334,1.1995386,0.58778524,-0.809017,0.5,0.8660254,0.0
2018-02-02 00:00:00,4.0,-1.1417408,-1.4947275,0.090126865,-1.2639496,0.12531132,-0.613657,-0.76157033,0.12375916,1.4743247,1.4417901,1.2327924,1.1519835,0.033436764,0.5774238,-0.80355656,-0.62582535,-0.27020514,0.4898841,1.4971397,-0.23915775,-0.35066405,0.48432413,0.5689707,1.2634571,-0.58778524,-0.809017,0.8660254,0.5,0.0
2018-02-05 00:00:00,4.0,-0.38167733,0.014512158,0.79570585,1.0934187,0.45626974,-0.8777867,-0.39786485,-0.9050208,1.3743051,1.4444916,1.315643,0.9644073,-0.03382201,0.5054496,-1.0465161,-1.4142152,-0.44779068,0.38403502,1.0533359,-0.3288671,-0.4894274,0.37539476,0.6337491,1.135149,-0.95105654,0.309017,0.8660254,0.5,0.0
2018-02-06 00:00:00,4.0,-1.507819,1.2527016,-0.002062056,-1.2694575,1.7871581,-0.19964328,0.71009195,-3.0,2.657541,2.4595132,2.222962,1.9692314,-0.58450323,-0.008054546,-1.2908218,-1.6188962,-0.96299696,0.04346078,0.8162689,-0.80789274,-0.93822503,-0.1644642,1.2411903,1.7860126,0.0,1.0,0.8660254,0.5,0.0
2018-02-07 00:00:00,4.0,-3.0,-1.2023613,0.74908394,-1.168046,1.5853324,2.2139728,2.6138918,-3.0,3.0,3.0,3.0,3.0,-2.0504546,-1.7104608,-1.7798064,-3.0,-3.0,-1.2793344,-0.7938135,-2.6065867,-2.0179255,-1.424279,1.2012959,-0.97124356,0.95105654,0.309017,0.8660254,0.5,0.0
2018-02-08 00:00:00,4.0,-0.8693899,-1.636217,-0.7248583,-1.1475581,2.538741,1.001254,-0.771327,3.0,3.0,3.0,3.0,3.0,-2.0925486,-1.8440158,-2.0109072,-3.0,-3.0,-1.4941757,-0.9973983,-2.494729,-1.9560647,-1.5192901,1.2209061,-0.8925999,0.58778524,-0.809017,0.8660254,0.5,0.0
2018-02-09 00:00:00,2.0,0.31681973,-0.42283493,0.88349754,0.4949625,-0.29489076,-0.6476189,-1.2956445,0.8458504,3.0,3.0,3.0,2.1174152,-1.8631473,-1.6609288,-2.1472957,-2.800063,-2.4440484,-1.3950247,-0.9268946,-2.1001403,-1.8161391,-1.415595,0.6327746,-1.1418455,-0.58778524,-0.809017,0.8660254,0.5,0.0
2018-02-12 00:00:00,1.0,-2.6814117,-0.6132855,-1.1218832,1.6464969,-0.10695529,1.3849521,2.0440497,-2.9471703,3.0,3.0,3.0,2.384922,-2.2025552,-2.1883368,-2.1222377,-3.0,-3.0,-2.21209,-1.66709,-2.3362484,-2.057204,-1.7734526,0.6697124,-1.7526262,-0.95105654,0.309017,0.8660254,0.5,0.0
2018-02-13 00:00:00,1.0,-0.16768405,-1.3743562,0.27487415,-1.3355614,-0.97095174,-1.1492202,-1.6840376,0.7313719,2.594713,3.0,3.0,1.2570419,-2.111209,-2.1061966,-2.243213,-2.8580704,-2.9210238,-2.0969453,-1.4003637,-1.9829357,-2.0344737,-1.7678243,-0.5330813,-1.644919,0.0,1.0,0.8660254,0.5,0.0
2018-02-14 00:00:00,4.0,1.043915,-0.09455618,3.0,-0.6815179,-0.75236595,-1.2222935,-0.28641483,1.4089268,2.2516596,2.7665527,3.0,0.9463196,-1.6829875,-1.7282097,-2.0122907,-0.8368438,-2.226181,-2.0881078,-1.1916398,-1.5352768,-1.6963784,-1.5355347,-0.028769504,-1.4939704,0.95105654,0.309017,0.8660254,0.5,0.0
2018-02-15 00:00:00,4.0,1.7845088,1.2245766,-0.13145372,-0.93610704,0.3650825,-1.363336,-0.51278347,0.61671257,2.065322,2.526747,2.8063326,0.8230588,-1.1143081,-1.2118089,-1.5868435,0.11800195,-1.8286691,-1.6169298,-0.77444124,-1.0607257,-1.2392602,-1.1901255,0.9016005,-1.0789543,0.58778524,-0.809017,0.8660254,0.5,0.0
2018-02-20 00:00:00,4.0,1.4895365,0.7585478,-0.60005563,0.58872455,-1.0633208,-1.5076349,-0.62060434,1.4979357,1.69402,2.1894956,2.4992762,0.47598916,-0.70725983,-0.82029676,-1.1432276,0.5722627,-1.2072701,-1.2729826,-0.3417419,-0.68303484,-0.8776326,-0.9026945,-0.9107133,-0.75817144,-0.58778524,-0.809017,0.8660254,0.5,0.0
2018-02-21 00:00:00,4.0,-0.6866313,-0.8755245,0.3764887,-0.23689905,0.133248,-1.3901855,-0.17081964,0.07674927,1.4956237,2.0232456,2.3852549,0.21351853,-0.8238368,-0.94547635,-0.8696759,1.2677234,-1.3004452,-1.4517838,-0.9845407,-0.74770236,-0.9461593,-1.0025316,0.84317774,-0.7405321,0.95105654,0.309017,0.8660254,0.5,0.0
2018-02-22 00:00:00,4.0,1.3837984,1.0741116,-0.67199624,-0.098333135,-0.03290909,-1.328917,-0.27736282,0.5408623,1.2407713,1.7628773,2.1383574,-0.0003950608,-0.4727353,-0.6034049,-0.5096045,1.8088315,-0.6699872,-1.1472049,-0.6808271,-0.39444077,-0.59637004,-0.73717344,0.70715463,-0.8369669,0.58778524,-0.809017,0.8660254,0.5,0.0
2018-02-23 00:00:00,4.0,-1.2527188,-0.8620661,1.0979247,-0.72624534,-1.4140784,-0.85837466,0.7092604,-1.2796514,1.0218376,1.5946647,2.0352435,-0.29938185,-0.73129576,-0.87149674,-0.38020676,0.9768772,0.122516505,-1.6771768,-0.79013175,-0.5854705,-0.7893615,-0.96071917,-1.6822386,-0.9444348,-0.58778524,-0.809017,0.8660254,0.5,0.0
2018-02-26 00:00:00,4.0,0.71283734,-0.21894033,1.0395684,0.85669786,-1.4672054,-1.307934,-1.1924027,1.0468252,0.6831061,1.2927133,1.7752253,-0.6424267,-0.53832316,-0.682196,-0.19216184,0.6020544,0.51191616,-1.453455,-0.6747206,-0.34828457,-0.554768,-0.80382586,-1.7416524,-0.6929857,-0.95105654,0.309017,0.8660254,0.5,0.0
2018-02-27 00:00:00,4.0,0.51025236,-0.25572333,-0.4150969,1.9362767,-1.1752895,-0.9641284,0.6171673,0.8001691,0.27786687,0.94767743,1.4916011,-1.0787566,-0.39728868,-0.542229,0.016297452,0.24803999,0.5711102,-1.1088549,-0.34692818,-0.16029209,-0.36408332,-0.6710147,-1.089279,-0.52864224,0.0,1.0,0.8660254,0.5,0.0
2018-02-28 00:00:00,4.0,-0.6523885,-1.4485884,-1.0463905,-0.46108893,0.3072842,-0.4942884,0.81324154,0.87398314,0.46974552,1.0021406,1.5185621,-0.7865661,-0.53255725,-0.6708396,0.076933526,0.25349355,1.0538706,-1.464079,-0.51746106,-0.23128533,-0.44191438,-0.8094578,0.8783405,-0.6914933,0.95105654,0.309017,0.8660254,0.5,0.0
2018-03-01 00:00:00,4.0,-1.1281497,-1.0068415,-0.7562746,0.40304032,-0.8755862,-0.60199004,-0.38447914,-0.88660467,0.5109237,0.993677,1.5175868,-0.7326651,-0.7713037,-0.90437144,-0.016683394,-0.6699555,0.7939729,-1.5455067,-0.7890097,-0.44259107,-0.6323116,-1.031966,-0.40144303,-0.5789435,0.58778524,-0.809017,0.8660254,0.5,0.0
2018-03-02 00:00:00,4.0,0.4315915,1.5057806,-0.80043244,-1.1331562,0.18777087,-0.75664437,-0.5534048,-1.3576186,0.57353663,0.968188,1.4565529,-0.5818109,-0.64049786,-0.7799404,-0.021048162,-0.05277413,0.64818376,-1.2010859,-0.2695505,-0.24909435,-0.45709032,-0.92902344,0.8023592,-0.7403395,-0.58778524,-0.809017,1.0,6.123234e-17,0.0
2018-03-05 00:00:00,1.0,-1.2438323,-0.36672878,0.5028021,1.0411274,-1.4009678,-0.073947184,1.3032801,-1.512971,0.592971,0.96758837,1.4642612,-0.5722341,-0.90320295,-1.0320404,-0.16837126,-0.78209656,-0.12413828,-1.5524448,-0.54640615,-0.54288226,-0.67812026,-1.1757916,-2.0231934,-0.8487091,-0.95105654,0.309017,1.0,6.123234e-17,0.0
2018-03-06 00:00:00,4.0,-1.7965438,-1.4351226,-0.11938994,-1.109404,0.932239,-0.5932571,-0.97063214,-0.26842883,0.9875125,1.220399,1.6571584,-0.15671872,-1.2260239,-1.3620456,-0.44866163,-1.6309019,-0.9808787,-1.7408979,-1.1357808,-1.0592756,-0.9942119,-1.4839839,1.1145524,-1.046141,0.0,1.0,1.0,6.123234e-17,0.0
2018-03-07 00:00:00,4.0,1.4896861,0.37760922,0.1259081,0.87042093,-0.33298466,-0.6016515,-0.16042848,1.5888125,1.0173315,1.1894171,1.5644476,-0.028161371,-0.82653975,-1.0008152,-0.42363086,-0.8243478,-0.40741986,-1.3395519,-0.4005782,-0.45163098,-0.5611585,-1.1601275,0.34412026,-0.8668287,0.95105654,0.309017,1.0,6.123234e-17,0.0
2018-03-08 00:00:00,4.0,-0.8817917,-0.5208816,2.2910054,-0.7281762,-0.02482938,-0.6398903,-0.3330848,-0.7226237,0.8965948,1.1272546,1.5255139,-0.19573843,-0.9987479,-1.1640314,-0.49899048,-0.75289667,-1.004443,-1.3026019,-0.15373632,-0.78985727,-0.71278274,-1.3264424,0.47904423,-1.3055413,0.58778524,-0.809017,1.0,6.123234e-17,0.0
2018-03-09 00:00:00,4.0,1.0447204,0.66689533,0.14901233,0.0574793,-0.9503884,-1.1104985,-1.2169296,0.9909354,0.69246036,0.9579161,1.3587635,-0.36067504,-0.739546,-0.9285727,-0.40122277,-0.5122956,-0.40009323,-0.21593343,0.12293879,-0.24917576,-0.45671764,-1.1209003,-1.0401375,-0.21191812,-0.58778524,-0.809017,1.0,6.123234e-17,0.0
2018-03-12 00:00:00,4.0,0.7448109,1.4464722,-1.1133754,-0.8482707,-1.5460609,-1.1190128,-0.25183016,0.5610347,0.3091453,0.6766933,1.1294942,-0.76658547,-0.55394644,-0.75695163,-0.21916035,0.24569073,-0.3857605,0.099873304,0.08334423,0.12731469,-0.2633678,-0.9682391,-2.1029792,-0.033125892,-0.95105654,0.309017,1.0,6.123234e-17,0.0
2018-03-13 00:00:00,4.0,1.3329456,0.28127226,-0.83561563,1.7623681,-0.9159285,-0.30264318,1.7208581,1.5867605,0.33614087,0.61961615,1.0273336,-0.6109002,-0.24882095,-0.4701581,0.109026104,1.4423476,-0.14791964,0.3310806,0.26476315,0.74879867,0.085973404,-0.66989464,-1.3096422,0.17851761,0.0,1.0,1.0,6.123234e-17,0.0
2018-03-14 00:00:00,4.0,-0.100269325,0.09265999,1.2310033,0.48413327,-0.89561176,-0.28844208,-0.22195458,-0.211136,-0.05987854,0.34223965,0.8258915,-1.0881608,-0.2557993,-0.4738697,0.3444557,0.82307273,-0.0020349456,0.82353354,0.40113047,0.66068256,0.048162773,-0.67598367,-1.2641716,1.2846061,0.95105654,0.309017,1.0,6.123234e-17,0.0
2018-03-15 00:00:00,4.0,-0.4947933,0.5406003,-0.78431606,1.0534188,-0.5683589,-1.0427856,-0.82240355,-0.98450816,-0.07488058,0.28773507,0.7731749,-1.0485941,-0.3683238,-0.56690335,0.4023058,0.9649573,0.16558436,0.74632007,-0.13338348,0.39634115,-0.14698775,-0.7829577,-0.6233378,1.5885606,0.58778524,-0.809017,1.0,6.123234e-17,0.0
2018-03-16 00:00:00,4.0,0.15727113,1.2648653,-0.6108864,-0.8354698,0.10971543,-1.3292422,-0.5722363,-0.883564,-0.10347793,0.21593338,0.69093496,-1.0022731,-0.30947843,-0.5127866,0.44926503,0.62799966,0.09388518,0.5784519,-0.012952999,0.48887444,-0.13240771,-0.7271866,0.22792235,1.5505038,-0.58778524,-0.809017,1.0,6.123234e-17,0.0
2018-03-19 00:00:00,4.0,-0.2077817,0.9236805,0.35752916,-0.87954456,-0.8963715,0.5382551,1.9855798,-0.64678615,-0.4070742,-0.016442807,0.5142536,-1.3560474,-0.34751037,-0.54217696,0.47215292,0.266366,0.3744679,0.18524863,0.2192833,0.32511386,-0.18536027,-0.7578168,-1.3109815,1.0657022,-0.95105654,0.309017,1.0,6.123234e-17,0.0
2018-03-20 00:00:00,4.0,-0.07548611,0.43883115,0.7250591,-0.06542112,-0.041060887,-1.2803118,-1.5275695,-0.4913873,-0.4058927,-0.07668192,0.43932623,-1.2575285,-0.34435418,-0.53772134,0.42836076,-0.27346256,0.8520212,-0.12916718,0.020923046,0.27946332,-0.19452575,-0.7571376,0.08932357,0.5493708,0.0,1.0,1.0,6.123234e-17,0.0
2018-03-21 00:00:00,4.0,-0.008647172,0.8859588,-0.7423589,0.057375673,-0.096651554,-0.6179658,0.65202,-0.6776444,-0.4330737,-0.14780015,0.3561362,-1.20565,-0.3201516,-0.516355,0.3827944,-0.23837632,0.42817205,0.004823896,-0.15055582,0.25973997,-0.18902819,-0.7357197,-0.043388948,0.4174339,0.95105654,0.309017,1.0,6.123234e-17,0.0
2018-03-22 00:00:00,4.0,-0.4227401,-1.3886129,0.43692267,-1.1026794,0.89855653,0.45059973,1.0174779,0.72008705,-0.19363599,-0.037422277,0.4021668,-0.80588233,-0.44102448,-0.60296303,0.22911565,-0.20948891,0.5546655,-0.3648582,-0.25518367,0.040411163,-0.32082045,-0.82663625,0.77971745,0.7565762,0.58778524,-0.809017,1.0,6.123234e-17,0.0
2018-03-23 00:00:00,1.0,-0.9111634,-1.4901917,-0.18334335,-0.98757726,1.0748962,0.04983863,-0.46858594,0.40373406,0.09314906,0.1345713,0.50739473,-0.4103225,-0.7225467,-0.8129835,-0.032384094,-0.6126358,0.009316321,-0.304974,-0.6747092,-0.50717735,-0.60801834,-1.0207692,0.9872734,1.3190678,-0.58778524,-0.809017,1.0,6.123234e-17,0.0
2018-03-26 00:00:00,4.0,-1.8709372,1.5495799,-0.9512487,-1.2683138,-0.3303769,2.0909052,2.1754446,-3.0,0.9688251,0.71960837,0.91304594,0.5600457,-1.2107754,-1.2220441,-0.45429724,-1.2484177,-0.73418474,-0.860027,-1.5000812,-1.5228889,-1.0659114,-1.340527,-0.30882517,1.7189817,-0.95105654,0.309017,1.0,6.123234e-17,0.0
2018-03-27 00:00:00,4.0,0.5431529,0.7154242,-1.0718457,0.75175416,0.40339744,0.12985356,-1.3327539,-0.14049512,0.7653223,0.6367805,0.8417451,0.307011,-0.98327196,-1.0505285,-0.6004875,-1.0033678,-0.9464009,-0.8404656,-1.2690954,-1.0606457,-0.85158175,-1.1830071,0.4329581,1.6808382,0.0,1.0,1.0,6.123234e-17,1.0
2018-03-28 00:00:00,1.0,0.5465308,-1.5008832,-1.063579,-0.4099007,-1.0599719,-0.27439186,-0.553458,1.2019534,0.45064715,0.46340427,0.71167785,-0.06684462,-0.76774347,-0.8849551,-0.596381,-0.78831875,-0.76081634,-0.5864867,-1.2575338,-0.6444276,-0.6545552,-1.0338069,-1.6384454,1.2036344,0.95105654,0.309017,1.0,6.123234e-17,1.0
2018-03-29 00:00:00,1.0,-1.8206166,-1.4572941,0.107815035,-1.2370249,0.71851164,-0.012551645,0.117276706,-0.80225086,0.7508988,0.7027178,0.908261,0.16675827,-1.188643,-1.2493117,-0.7939772,-1.3305502,-1.1444924,-0.7607907,-1.8835682,-1.5658754,-1.0994393,-1.3434681,0.71099204,0.9184857,0.58778524,-0.809017,1.0,6.123234e-17,1.0
2018-04-03 00:00:00,1.0,0.1893644,-0.31498677,0.21109934,1.299106,-0.13446842,-0.06760533,-0.18371764,0.35677692,0.4458343,0.5334205,0.7928449,-0.19252703,-1.093432,-1.1669711,-0.88481927,-0.9271306,-1.1266258,-0.80285156,-2.190517,-1.3115197,-1.0064113,-1.2669041,-0.18996994,1.1742579,-0.58778524,-0.809017,1.0,6.123234e-17,1.0
2018-04-04 00:00:00,4.0,0.2256663,0.76209193,-0.09460697,0.09501197,0.20962802,-0.4199175,-0.55196905,-0.47790036,0.31988862,0.45062238,0.72626936,-0.3235528,-0.987191,-1.0786965,-0.85913664,-0.13825092,-1.0073416,-0.50017697,-2.0454018,-1.11073,-0.90797323,-1.1712625,0.2321599,1.384518,0.95105654,0.309017,0.8660254,-0.5,0.0
2018-04-06 00:00:00,4.0,-1.5408964,-1.591085,-0.4753288,-1.231961,1.7807987,-0.5218668,-0.2698592,0.18020698,0.71466047,0.7290787,0.93938756,0.047852132,-1.2933384,-1.3482375,-0.96789694,-0.949095,-1.4199755,-0.46865842,-2.5026593,-1.7678409,-1.2688159,-1.3809193,1.1183019,1.3683629,0.58778524,-0.809017,0.8660254,-0.5,0.0
2018-04-09 00:00:00,1.0,0.8220742,0.35781723,0.98310655,0.34060907,-0.56372327,-0.66592634,-0.34496838,0.66654044,0.4156424,0.539637,0.79405224,-0.25849578,-0.98937523,-1.1156868,-0.917531,-0.8334347,-1.1769203,-0.60177976,-2.1805954,-1.2373613,-1.0164101,-1.1809815,-0.8272636,0.76945895,-0.95105654,0.309017,0.8660254,-0.5,0.0
2018-04-10 00:00:00,1.0,0.93288064,0.2710982,1.5320815,0.1364205,0.6504044,-0.3617166,0.20438962,0.72743845,0.4680726,0.546622,0.76410776,-0.15269797,-0.6715206,-0.8686684,-0.6607152,0.25194085,-0.798953,-0.20828876,-1.872506,-0.7755332,-0.7146701,-0.93140966,0.5488612,0.8505566,0.0,1.0,0.8660254,-0.5,0.0
2018-04-11 00:00:00,1.0,1.157986,1.2809458,-0.41890645,-0.94059396,0.71691215,0.37535682,0.7477424,-0.08144362,0.4382856,0.5034681,0.69876075,-0.13613687,-0.31189877,-0.58060145,-0.27373773,0.64634395,-0.2162328,-0.16462359,-1.5468864,-0.18515554,-0.34447727,-0.6434242,0.70738053,1.0894862,0.95105654,0.309017,0.8660254,-0.5,0.0
2018-04-12 00:00:00,1.0,0.3903483,0.6702354,1.2667361,-0.6614842,-1.1623789,0.3690507,-0.07445919,0.07646976,-0.072107606,0.17997906,0.48567417,-0.69999313,-0.18243574,-0.47175694,0.07167922,0.71543974,0.42678434,-0.23629679,-1.422307,0.037248325,-0.19292897,-0.52360344,-1.5318896,0.78126085,0.58778524,-0.809017,0.8660254,-0.5,0.0
2018-04-13 00:00:00,1.0,-0.13971812,-1.0370761,-1.0982901,0.63070244,-0.35030937,-0.64861953,-1.0087368,0.5185111,-0.21675935,0.063387536,0.4089801,-0.83984286,-0.20794162,-0.4850159,0.30740598,1.2506955,0.23355642,-0.5677616,-1.4394002,0.02482593,-0.18725231,-0.5167235,-0.5283664,0.7963529,-0.58778524,-0.809017,0.8660254,-0.5,0.0
2018-04-16 00:00:00,4.0,-0.02945118,-1.2464707,-1.0982901,-0.015767394,-0.91336834,-1.1659101,-0.84249395,0.65096426,-0.47720662,-0.13863268,0.27334207,-1.0887234,-0.20039442,-0.47379962,0.47638863,0.91327524,0.06944298,-0.55931413,-1.5689114,0.070792094,-0.1408341,-0.48188764,-1.212484,0.7906306,-0.95105654,0.309017,0.8660254,-0.5,0.0
2018-04-17 00:00:00,4.0,-1.0827868,-1.381776,-1.0858359,-0.38166946,0.7553353,-0.37418026,1.0422215,0.099482454,-0.16748026,0.03500972,0.4003124,-0.71344286,-0.5469188,-0.72104305,0.34331885,0.11468627,0.28022623,-0.7172968,-1.7485466,-0.4915978,-0.4843211,-0.6971362,0.7858191,0.46682736,0.0,1.0,0.8660254,-0.5,0.0
2018-04-18 00:00:00,4.0,-0.5196958,-1.0488081,0.39269602,-0.75287676,-0.4065906,-0.22707318,0.09841082,0.09763442,-0.25745043,-0.03698027,0.361855,-0.78247654,-0.6952668,-0.8287449,0.16494896,-0.5526487,0.06596051,-0.88859564,-2.1195621,-0.73210955,-0.62224907,-0.79322845,-0.32020122,0.31534266,0.95105654,0.309017,0.8660254,-0.5,0.0
2018-04-19 00:00:00,4.0,0.5793033,-0.58655477,-0.9329501,1.4036462,-0.21335037,0.018901732,0.09779482,1.1106803,-0.30825406,-0.12327125,0.2704662,-0.74479735,-0.4694069,-0.66622126,0.16896558,-0.48018798,0.18000817,-0.71473634,-1.9335866,-0.32943508,-0.34074876,-0.6093347,-0.1226125,0.2935115,0.58778524,-0.809017,0.8660254,-0.5,0.0
2018-04-20 00:00:00,4.0,1.021192,0.9541739,-0.14014938,-0.03858352,-1.4241862,0.4620836,0.33832118,0.6535249,-0.43272915,-0.272168,0.11956477,-0.76331896,-0.07306556,-0.38110614,0.39513457,-0.013128453,0.9753873,-0.44993135,-1.6944141,0.4364211,0.13730597,-0.30171245,-1.5654361,0.15742958,-0.58778524,-0.809017,0.8660254,-0.5,0.0
2018-04-23 00:00:00,4.0,-0.5919503,-0.74225885,1.1773808,-0.6302325,-0.27617165,-0.79341424,-1.0457782,-0.20253702,-0.44449905,-0.30077985,0.106073745,-0.7425788,-0.2872279,-0.53088844,0.41261828,-0.243446,0.53901064,-0.6173807,-1.8535949,0.056518253,-0.057639178,-0.43241614,-0.14957051,0.232734,-0.95105654,0.309017,0.8660254,-0.5,0.0
2018-04-24 00:00:00,4.0,-0.29662538,-0.3571714,1.747653,-0.108977124,-1.3687315,-0.9686912,-0.4083292,-0.28421223,-0.8086887,-0.58135885,-0.082793705,-1.0719576,-0.3993593,-0.6090935,0.35764256,0.07886394,0.15408185,-0.6133134,-1.9349748,-0.16781448,-0.14206953,-0.50724596,-1.6256678,0.20426255,0.0,1.0,0.8660254,-0.5,0.0
2018-04-25 00:00:00,4.0,0.96078676,1.4824456,-0.6996328,-0.93464404,-1.0407327,-0.39494008,0.51118463,0.25125566,-0.93333536,-0.7742711,-0.2910409,-1.0691656,0.032967526,-0.3160565,0.55016315,0.6893815,0.09338727,-0.1272334,-1.9322892,0.85015446,0.40663347,-0.1899011,-1.2754792,-0.52940655,0.95105654,0.309017,0.8660254,-0.5,0.0
2018-04-26 00:00:00,4.0,-0.6077379,-0.9297212,-0.74169755,0.3196209,-1.3332795,-0.668054,-0.20931251,-0.43197715,-1.0110174,-0.8891879,-0.3887396,-1.0865302,-0.24212451,-0.5125776,0.5147955,0.20105867,-0.23830292,0.21475807,-2.035543,0.094048955,0.063620895,-0.42232263,-1.7961925,-1.6016837,0.58778524,-0.809017,0.8660254,-0.5,0.0
2018-04-27 00:00:00,4.0,-0.6415001,-0.98565125,-0.3763038,-0.12233261,0.61328214,-0.21653914,0.14063035,0.11708328,-0.70367783,-0.72856796,-0.30214736,-0.7096859,-0.5498713,-0.73341775,0.29782733,-0.4948711,-0.4122719,-0.14104135,-1.9791304,-0.6356023,-0.30850363,-0.67182446,0.36854488,-2.2608879,-0.58778524,-0.809017,0.8660254,-0.5,0.0
2018-04-30 00:00:00,4.0,0.74077857,-0.02007531,-0.5573682,2.5435915,-1.0290571,-0.72570467,-0.39747465,0.79331046,-1.0126814,-1.0360987,-0.6213565,-0.9228293,-0.14588962,-0.47870466,0.3483289,0.062118474,-0.15549853,-0.07502432,-2.0183146,0.17806995,0.18878204,-0.42810518,-1.2256217,-1.912938,-0.95105654,0.309017,0.8660254,-0.5,0.0
2018-05-02 00:00:00,4.0,1.2732098,1.3231747,-0.4874522,-0.64899033,-0.62089115,0.673446,0.67388093,0.6600682,-0.8203387,-1.0081006,-0.76267177,-0.5957819,0.63319993,0.062073052,0.7177105,0.7286782,0.6742886,1.0034643,-1.5902053,1.5361478,1.0563073,0.19641952,-0.84822834,-2.4808066,0.0,1.0,0.8660254,-0.5,0.0
2018-05-03 00:00:00,4.0,-0.122007824,-0.34229243,-0.19957116,1.4710215,-1.2045151,-0.46342677,-0.635694,-0.11130151,-1.2042223,-1.3419493,-1.1248717,-0.95889646,0.5644782,0.028346187,0.9090745,0.27275392,0.8121069,0.921807,-1.4134254,1.2075616,0.9302113,0.13835429,-1.6534836,-2.3393023,0.58778524,-0.809017,0.5,-0.8660254,0.0
2018-05-04 00:00:00,4.0,-0.8377647,-0.42737097,-0.6770858,1.4937581,-0.7474268,0.017750641,0.14453852,-0.8996006,-0.80401355,-1.0720487,-0.9835905,-0.5186145,-0.0073148655,-0.39557222,0.70552754,0.17365032,0.31611672,0.5589663,-1.7412916,0.084210806,0.20691888,-0.38473076,-1.0445144,-2.2100885,-0.58778524,-0.809017,0.5,-0.8660254,0.0
2018-05-07 00:00:00,4.0,-0.78652966,-1.309278,-0.85011584,-0.64366204,0.4722494,0.11589245,-0.04467876,-0.019883275,-0.7276581,-1.01486,-1.0131739,-0.44056186,-0.5462427,-0.8626572,0.33904997,0.109545305,-0.32768282,0.8533605,-1.780717,-1.2026231,-0.5087029,-0.9777158,0.009691651,-2.008006,-0.95105654,0.309017,0.5,-0.8660254,0.0
2018-05-08 00:00:00,4.0,0.25182888,-0.4431698,-0.51838773,1.3249234,-0.5030941,-1.1575447,-0.7681285,0.4492313,-0.96787477,-1.243729,-1.4371213,-0.6389166,-0.38697508,-0.7927365,0.15220045,-0.09374616,-0.026693616,0.658609,-1.6668458,-1.0305321,-0.40266928,-0.9393723,-0.7210853,-1.6246454,0.0,1.0,0.5,-0.8660254,0.0
2018-05-09 00:00:00,1.0,0.9959905,1.5702479,-0.36773458,-1.2602894,-0.59620637,-0.30171368,0.416667,0.28938052,-0.9681405,-1.3110429,-1.7943602,-0.5578305,0.44743586,-0.046336208,0.3112657,-0.20868994,0.43867683,0.71203357,-1.2064289,0.29072055,0.37807232,0.051291786,-0.8668772,-1.7060546,0.95105654,0.309017,0.5,-0.8660254,0.0
2018-05-10 00:00:00,1.0,0.34134296,0.7049684,-0.24728477,0.81357986,-1.2723444,-1.343904,-0.68936616,-0.0048441156,-1.3608092,-1.6166455,-2.1831434,-1.0077078,0.67403835,0.19389929,0.5081298,-0.027823271,0.21133621,0.360362,-0.19069368,0.751083,0.6469401,0.38800108,-1.7415138,-2.4437912,0.58778524,-0.809017,0.5,-0.8660254,0.0
2018-05-11 00:00:00,4.0,0.6690419,1.1625369,0.64494383,-1.1715568,-1.8279365,-0.4098251,0.49935994,0.47020578,-1.5286964,-1.7619809,-2.3533134,-1.177846,1.1560441,0.67049676,0.838272,0.6253963,0.66672814,0.4482911,0.13212065,1.7076535,1.2389258,1.1293429,-1.7900292,-1.9537871,-0.58778524,-0.809017,0.5,-0.8660254,0.0
2018-05-14 00:00:00,4.0,0.7512955,-0.19806331,1.8088346,0.3310033,-0.7661015,0.18130852,0.19497208,0.9933569,-1.3365295,-1.6585644,-2.2776303,-0.8347475,1.6534939,1.1838223,1.2430907,1.3233149,1.1688511,0.7835304,0.24321334,2.4411893,1.8207883,1.8945104,-1.3902072,-1.81636,-0.95105654,0.309017,0.5,-0.8660254,0.0
2018-05-15 00:00:00,4.0,0.9908579,0.43124032,0.5983097,0.70739704,-1.209185,1.2053207,0.43893087,1.0910546,-1.2764571,-1.644511,-2.2695043,-0.5564502,2.290708,1.8419749,1.7628284,1.7156706,1.2882255,1.1516503,1.0148069,2.8488078,2.553484,2.6982589,-1.5604931,-1.744039,0.0,1.0,0.5,-0.8660254,0.0
2018-05-16 00:00:00,4.0,-1.0678674,-1.7037917,-1.1159106,-1.3121325,0.9950042,-0.24889153,-0.6465491,-0.09883109,-1.2068661,-1.5641582,-2.094745,-0.4583138,1.3961174,1.0529988,1.7769531,0.8207013,0.4403298,1.2184514,0.8102508,1.6171131,1.6283753,1.6767659,0.26999167,-1.1392835,0.95105654,0.309017,0.5,-0.8660254,0.0
2018-05-17 00:00:00,1.0,-0.16441725,0.40228456,0.5354494,0.89784646,0.81281954,-1.413594,-0.69655854,-0.6626136,-1.2295758,-1.571444,-2.0572908,-0.44462985,1.2774578,0.9392912,1.6977965,0.580771,0.4578131,1.3774023,0.5573097,1.3304485,1.4119797,1.5198604,0.16363373,-0.9418402,0.58778524,-0.809017,0.5,-0.8660254,0.0
2018-05-18 00:00:00,1.0,-0.46712777,-1.6428349,-1.1684546,-1.3177961,1.5455058,-0.35099694,0.4657394,0.8907574,-1.0399776,-1.4369084,-1.8913469,-0.10073471,0.81628376,0.56760424,1.3444023,0.037072785,0.6941457,0.97441643,0.08005453,0.8161069,0.8797543,1.0728787,0.59042144,-0.9169624,-0.58778524,-0.809017,0.5,-0.8660254,0.0
2018-05-21 00:00:00,1.0,0.29143554,0.15298478,1.3928369,1.0662527,-0.621008,1.4981505,0.6098322,0.16282913,-1.5119598,-1.7276809,-2.096401,-0.84918714,1.0307075,0.77926916,1.1959854,-0.20316747,1.2015594,0.6487437,-0.18410201,0.9723654,1.1216658,1.299633,-1.241009,-0.74035776,-0.95105654,0.309017,0.5,-0.8660254,0.0
2018-05-23 00:00:00,4.0,0.4904272,0.05399931,3.0,-1.2802688,-0.6202233,0.38844326,-0.41226673,0.4854983,-1.4134351,-1.699464,-2.071457,-0.57661426,1.3921405,1.123945,1.1378113,-0.4600329,1.2951471,1.0610802,0.06628738,1.2154267,1.4363565,1.6553619,-1.2588254,-0.9433635,0.0,1.0,0.5,-0.8660254,0.0
2018-05-24 00:00:00,1.0,-1.5199462,-1.5976826,-1.0449239,-1.2429116,1.9342391,3.0,2.217016,-0.31233707,-0.80925804,-1.281992,-1.671771,0.3845885,-0.03823502,-0.059805416,0.35913303,-0.67372483,0.18309031,0.6643313,-0.555528,-0.08684087,-0.06580865,0.32150272,1.0698345,-0.98624814,0.58778524,-0.809017,0.5,-0.8660254,0.0
2018-05-25 00:00:00,4.0,0.27387083,0.42339653,-0.27551,1.5212165,-0.8589945,0.009739011,-1.6223205,0.006809817,-1.4434661,-1.6582755,-1.928602,-0.7365635,0.18394063,0.14298661,-0.022119919,-0.4669774,0.14130019,0.3663755,-0.22260244,0.10309718,0.146165,0.5408706,-1.3547022,-0.58213687,-0.58778524,-0.809017,0.5,-0.8660254,0.0
2018-05-28 00:00:00,4.0,-0.4520673,-0.5310718,0.7980572,0.021382682,-0.73571616,0.474963,0.17714483,-0.51854855,-1.7417467,-1.8423634,-2.0239809,-1.3539715,-0.22144921,-0.20259823,-0.52201,-0.45380557,-0.3414053,0.47452584,-0.47561443,-0.31693155,-0.35409096,0.14087734,-1.2807496,-0.49166226,-0.95105654,0.309017,0.5,-0.8660254,0.0
2018-05-29 00:00:00,4.0,0.60554594,0.24837223,-0.22389571,1.9643297,0.197682,0.7528157,0.06849646,0.48062444,-1.7735599,-1.8957894,-2.0830383,-1.375697,0.3096044,0.26651442,-0.5975726,-0.30346605,-0.43944296,0.95736533,-0.4670538,0.0704397,0.10785538,0.73734426,-0.47568277,-0.22223477,0.0,1.0,0.5,-0.8660254,0.0
2018-05-30 00:00:00,4.0,-0.825963,-0.99635136,0.3026362,-0.7390664,-0.24616902,0.34295705,-0.27018327,-0.6709733,-1.648788,-1.8107564,-1.9864293,-1.1908954,-0.43424955,-0.3891938,-1.005021,-0.9488126,-1.2339855,0.36371782,-0.49478865,-0.7123178,-0.78329456,-0.018582953,-0.73506325,0.20985907,0.95105654,0.309017,0.5,-0.8660254,0.0
2018-05-31 00:00:00,1.0,-1.1755216,-0.26585895,1.4322807,0.20140019,-0.035344105,3.0,1.8960798,-1.5119232,-1.0575703,-1.4154625,-1.671631,-0.095551,-1.3221862,-1.2424369,-1.6251522,-0.76940966,-1.2591127,-0.6284606,-0.48458895,-1.5341322,-1.7298278,-0.99703014,-0.5444889,0.19948073,0.58778524,-0.809017,0.5,-0.8660254,0.0
2018-06-01 00:00:00,1.0,1.1832532,0.94257873,-0.20318644,0.1500401,0.9700809,3.0,2.7709553,0.66845894,-0.82915014,-1.2778766,-1.6196399,0.44208142,-0.2505166,-0.29919133,-1.4449747,-0.31950924,-0.6911951,-0.1415013,-0.33438015,-0.544103,-0.58468723,0.12894703,0.35319406,-0.22280012,-0.58778524,-0.809017,0.5,-0.8660254,0.0
2018-06-04 00:00:00,4.0,0.07309159,-0.37024653,-0.29679933,1.3131694,-0.6441414,1.4521838,-1.4446344,0.112537675,-1.2822918,-1.5263673,-1.771812,-0.48081186,-0.19994138,-0.2458603,-1.3425342,-0.0641464,-0.45162,0.28088042,-0.031459503,-0.51489854,-0.5813946,0.21390007,-1.2450584,-0.3593762,-0.95105654,0.309017,1.2246469e-16,-1.0,0.0
2018-06-05 00:00:00,4.0,1.3880863,1.070306,-0.77703136,0.21495736,-0.017993266,0.10326497,-1.4846853,1.095105,-0.89691645,-1.3230765,-1.6880159,0.45551604,0.94815546,0.81236017,-0.6070458,0.3191407,0.0026295094,1.2560129,0.6881682,0.55561894,0.58006763,1.4708974,-0.5091301,0.23546131,0.0,1.0,1.2246469e-16,-1.0,0.0
2018-06-06 00:00:00,4.0,0.24877238,0.53043044,0.64447945,0.40328225,0.25832435,-0.08582386,-0.34627518,-0.15063947,-1.1622599,-1.4678103,-1.7726175,-0.045077804,1.1174991,0.98237455,-0.06289943,0.8655459,-0.11078923,1.2674813,0.38043436,0.7134572,0.6910561,1.7006122,-0.36488923,0.22020862,0.95105654,0.309017,1.2246469e-16,-1.0,0.0
2018-06-07 00:00:00,4.0,0.42976716,0.9868762,1.2419771,-1.2694916,-0.92557496,-0.43820444,-0.6927578,0.05290255,-1.5007557,-1.683595,-1.9124117,-0.7074575,1.4224434,1.2814133,0.48837706,1.6506994,0.7479282,0.95444685,0.6865402,1.0260823,1.0422271,2.10215,-1.3080769,0.36467546,0.58778524,-0.809017,1.2246469e-16,-1.0,0.0
2018-06-08 00:00:00,1.0,0.6986335,0.5591762,-0.76734936,1.4166566,-1.0395046,0.1784846,1.1926371,0.59321594,-1.6759145,-1.8212682,-2.0107088,-1.0315969,1.8500175,1.7197436,1.1192383,1.3596433,0.9099275,1.066213,0.5831088,1.4563509,1.6168406,2.610134,-1.3878368,0.24242316,-0.58778524,-0.809017,1.2246469e-16,-1.0,0.0
2018-06-11 00:00:00,1.0,-1.6027724,-1.4077929,-1.0706941,-0.6446981,2.4906623,-0.16892625,-0.57649964,-0.4868565,-0.71805584,-1.1999977,-1.5641373,0.8798311,0.38505915,0.45478666,0.63725936,0.5645009,0.43970376,0.071186446,0.0623898,0.00074994797,0.007917411,1.0495001,1.5897996,-0.091667555,-0.95105654,0.309017,1.2246469e-16,-1.0,0.0
2018-06-12 00:00:00,1.0,0.34161878,0.41162044,0.52718246,0.90688473,-0.39699787,-0.7093869,-1.0361845,0.07524235,-1.1399215,-1.4228264,-1.6888748,-0.017336668,0.6272621,0.6938155,0.53106445,0.047922075,0.3134497,-0.16065572,-0.21458101,0.3054475,0.33219698,1.298038,-0.88024753,-0.10851489,0.0,1.0,1.2246469e-16,-1.0,0.0
2018-06-13 00:00:00,4.0,0.14197454,0.4861084,1.4457867,-0.03577364,0.08293718,-0.5771849,0.096648514,-0.2981403,-1.2674077,-1.4843491,-1.7129445,-0.31796414,0.7275503,0.7999329,0.4568816,-0.007301693,0.73031884,-0.6064388,-0.16319625,0.52928627,0.5387643,1.3767645,-0.22552682,-0.083004765,0.95105654,0.309017,1.2246469e-16,-1.0,0.0
2018-06-14 00:00:00,4.0,-1.0888971,-1.2605582,-0.5616651,-0.7831454,0.46159586,-0.23708192,0.6578988,-0.634599,-1.0012211,-1.2835233,-1.5430089,0.15592258,-0.22270258,-0.05361722,-0.09881075,-0.7846406,0.79877996,-0.5787356,-0.28018445,-0.48582524,-0.45511213,0.43513498,0.2535776,-0.18824229,0.58778524,-0.809017,1.2246469e-16,-1.0,0.0
2018-06-15 00:00:00,4.0,-0.7986623,-0.85385233,0.077909194,-0.3398905,1.2757837,0.40424776,1.1302352,-0.36228824,-0.76594406,-1.0963266,-1.3893726,0.56159186,-0.84645087,-0.6610592,-0.7738326,-1.5432966,-0.048887905,-0.90776855,-0.5228826,-1.1599991,-1.1030074,-0.22408408,0.9177094,-0.19952373,-0.58778524,-0.809017,1.2246469e-16,-1.0,0.0
2018-06-19 00:00:00,4.0,-0.33458003,-0.5192478,1.1244522,-0.4243235,-0.20358598,0.6542456,0.31731173,-0.32539585,-1.0509936,-1.2282768,-1.4394046,-0.13028477,-1.0960997,-0.91971946,-1.356908,-0.8861614,-0.22025827,-0.82960385,-0.5653483,-1.3267616,-1.3815601,-0.54229224,-0.59595215,-0.18844539,-0.95105654,0.309017,1.2246469e-16,-1.0,0.0
2018-06-20 00:00:00,4.0,-2.3512402,-1.1620935,-0.9819794,-0.38781533,2.715982,1.9678444,2.0789034,-1.4923645,0.76943,-0.03823059,-0.6348045,3.0,-2.4461672,-2.4732912,-2.1251423,-2.2173274,-1.8555464,-2.144856,-1.1886457,-2.4806268,-2.6642401,-1.9211408,1.9288123,0.33853337,0.95105654,0.309017,1.2246469e-16,-1.0,0.0
2018-06-21 00:00:00,4.0,0.75474054,0.9102159,1.3421135,-0.66521263,1.4525267,0.21786346,-1.6889118,-0.15656458,0.78989995,0.080221,-0.54648536,2.8040504,-1.7533448,-1.8438915,-2.275345,-1.840757,-1.6169215,-1.9685767,-1.0149134,-1.6505672,-1.848193,-1.3851376,1.3119317,0.19976075,0.58778524,-0.809017,1.2246469e-16,-1.0,0.0
2018-06-22 00:00:00,4.0,-1.0639595,-1.1620241,-0.0479087,-1.1824887,1.7209278,-0.015442995,-0.49244648,0.10600404,1.0647986,0.40002212,-0.27156946,2.728256,-2.209374,-2.406282,-2.449149,-1.8116504,-2.2184322,-1.6863828,-1.2160927,-1.836891,-2.2801664,-1.878262,1.5378755,0.59404576,-0.58778524,-0.809017,1.2246469e-16,-1.0,0.0
2018-06-25 00:00:00,4.0,0.20803308,0.7948799,0.38976637,0.34213173,0.09812997,0.11448964,0.15732947,-0.5283448,0.54262555,0.18040489,-0.36202013,1.7276894,-1.9892948,-2.1694946,-2.4488673,-1.3252666,-2.3075197,-1.6791813,-0.88332343,-1.441185,-2.0303705,-1.7610649,0.35170373,0.6732993,-0.95105654,0.309017,1.2246469e-16,-1.0,0.0
2018-06-26 00:00:00,4.0,-1.0811186,-1.0573627,-0.31647143,-0.7222372,1.0324465,0.3265334,0.24171151,-0.40113303,0.72414845,0.37844098,-0.1726302,1.7465465,-2.3744044,-2.6002789,-2.453351,-1.6663946,-2.0394373,-1.9176563,-0.55740005,-1.5853977,-2.4136589,-2.196982,1.2131164,1.0051879,0.0,1.0,1.2246469e-16,-1.0,1.0
2018-06-27 00:00:00,4.0,-0.16317743,0.24661799,0.39367357,1.853291,1.0555487,0.58837706,0.35482526,-0.79147726,0.89059603,0.543151,-0.03147243,1.7903607,-2.332381,-2.529995,-2.3030598,-0.6333781,-2.1529021,-2.1939898,-0.8023831,-1.3799634,-2.2091951,-2.1124325,1.3780884,1.1143551,0.95105654,0.309017,1.2246469e-16,-1.0,1.0
2018-06-28 00:00:00,4.0,-1.4921987,-1.4263736,-0.9151465,-1.1785759,1.5125448,0.57658994,-0.035565834,0.16098681,1.4412827,0.999978,0.34554276,2.150111,-2.668002,-2.9419432,-2.290528,-1.6660933,-2.6068573,-2.3588781,-1.4353753,-1.5311608,-2.5650165,-2.503837,1.7090242,1.2797722,0.58778524,-0.809017,1.2246469e-16,-1.0,1.0
2018-06-29 00:00:00,4.0,0.5319018,0.8047688,-0.22025128,0.8906109,0.039195593,0.55234236,-0.115523726,-0.26588765,1.0396044,0.8250862,0.27128655,1.4975525,-2.224975,-2.4967093,-2.1470983,-0.9396299,-2.0059187,-1.609035,-0.6273946,-1.2042936,-2.1941838,-2.2347403,0.5289848,1.9488361,-0.58778524,-0.809017,1.2246469e-16,-1.0,1.0
2018-07-03 00:00:00,4.0,1.48441,1.9051776,-1.0660297,-1.2754661,0.5892241,0.5203452,-0.43215534,-0.53664696,0.9536843,0.77663416,0.22940263,1.3748271,-1.2163416,-1.5997121,-1.586612,-0.35795754,-1.2328078,-1.4919634,-0.26342723,-0.72258,-1.3569924,-1.5450206,1.0353211,2.3078456,-0.95105654,0.309017,1.2246469e-16,-1.0,1.0
2018-07-04 00:00:00,4.0,-1.1789572,-0.0054931203,-1.11616,2.4752522,1.1865523,1.8540806,1.5715342,-2.3383863,2.4108925,1.7967275,0.9639645,2.6860626,-1.6297178,-2.0021973,-1.2050588,-0.40456578,-1.5096372,-1.9320134,-0.6887864,-0.9233601,-1.5287143,-1.7140218,1.5769229,2.3972204,0.95105654,0.309017,-0.5,-0.8660254,0.0
2018-07-05 00:00:00,4.0,-0.9040333,-0.89727116,-0.104829125,-0.42296085,0.445992,-0.10442805,-1.7240808,-0.2841304,2.1450315,1.8227067,1.115564,2.0610783,-1.8977075,-2.2515078,-1.1819721,-0.7496486,-1.0123616,-2.6458385,-0.38937247,-1.0326414,-1.7357711,-1.9909691,1.0951668,2.2410371,0.58778524,-0.809017,-0.5,-0.8660254,0.0
2018-07-06 00:00:00,4.0,-0.10592612,0.48582792,0.39245003,1.05481,0.31404984,-0.4924958,-0.5849924,-1.1164968,1.8439444,1.7481647,1.169288,1.5747476,-1.888428,-2.2024562,-1.099344,-0.08614139,-1.3169881,-2.6076794,-0.71540654,-0.9504805,-1.6105672,-1.9717166,0.89927566,2.0598364,-0.58778524,-0.809017,-0.5,-0.8660254,0.0
2018-07-09 00:00:00,4.0,0.53893316,0.3709406,0.9248653,0.9083065,1.0870088,-0.32037142,0.21815276,0.2177426,2.0000243,1.9032891,1.3366606,1.6259644,-1.5465595,-1.8846014,-0.8244809,-0.08690198,-0.76059794,-2.4425,-0.89944184,-0.75042486,-1.1881595,-1.6685315,1.622179,1.9739231,-0.95105654,0.309017,-0.5,-0.8660254,0.0
2018-07-10 00:00:00,4.0,1.3283011,0.71374404,1.2058324,-0.08695902,-1.1610212,-0.53975785,-0.4020185,1.5192857,1.6927133,1.7313672,1.2564137,1.2848893,-0.78486556,-1.2408851,-0.36977363,-0.18874457,-0.397565,-2.1633377,-0.9534489,-0.38893908,-0.547468,-1.200871,-0.22806077,2.1613524,0.0,1.0,-0.5,-0.8660254,0.0
2018-07-11 00:00:00,4.0,0.09573912,-1.0799866,0.32238135,-1.286454,-1.0581839,-0.8681856,-0.58185273,0.994615,0.8948602,1.2578866,1.0182036,0.40844968,-0.76723176,-1.205319,-0.0194592,0.43197718,0.0071102674,-1.6081023,-1.0632724,-0.3179711,-0.44627017,-1.2318466,-0.29352304,2.270229,0.95105654,0.309017,-0.5,-0.8660254,0.0
2018-07-12 00:00:00,4.0,-1.0740899,1.7211169,-0.32947126,-1.2425843,-0.7605157,-0.6042259,0.44446513,-3.0,1.4728568,1.6504774,1.3900145,0.89895046,-1.1795429,-1.5485947,0.06941524,0.37609127,-0.29432866,-1.9551922,-1.2915074,-0.5736345,-0.6900344,-1.4753536,0.34265965,2.202896,0.58778524,-0.809017,-0.5,-0.8660254,0.0
2018-07-13 00:00:00,4.0,0.6711641,1.1606064,0.6442945,-0.78199226,-0.48652455,-0.7435457,-0.1724173,-0.4260656,0.98334694,1.319525,1.1989267,0.4062257,-0.8116868,-1.2363981,0.27661586,0.77199715,0.45467654,-1.7566661,-1.0886437,-0.35102937,-0.31986263,-1.2710307,0.5013721,2.1406372,-0.58778524,-0.809017,-0.5,-0.8660254,0.0
2018-07-16 00:00:00,4.0,0.24209845,-1.2000787,-0.55392826,-0.7404339,-1.6362648,-1.4262416,-1.0759037,0.9463912,0.1776316,0.77584124,0.8649494,-0.4597998,-0.70608675,-1.1327214,0.49636036,0.62163585,0.3550337,-1.3680733,-0.6352337,-0.24792422,-0.15464178,-1.2644565,-1.1410613,2.0198972,-0.95105654,0.309017,-0.5,-0.8660254,0.0
2018-07-17 00:00:00,4.0,0.12861796,-0.04914056,0.5285641,1.0889059,-0.49745232,-1.528583,-0.72958523,0.13141309,-0.006202505,0.5827944,0.74916047,-0.6235673,-0.6678633,-1.0838801,0.6807063,0.030019287,-0.1160007,-1.1071653,-0.4191744,-0.17834328,-0.016516086,-1.2177134,0.5488656,1.9617482,0.0,1.0,-0.5,-0.8660254,0.0
2018-07-18 00:00:00,4.0,-1.071256,-1.3262309,-1.0718036,-0.66337425,-0.8677874,-0.67474025,1.5673397,-0.6063264,0.013273772,0.56200516,0.80126745,-0.62495214,-1.1216402,-1.4305581,0.582247,-0.5457766,-0.057442185,-1.2851552,-0.9027463,-0.74820286,-0.38963324,-1.5678016,0.20763448,1.7601,0.95105654,0.309017,-0.5,-0.8660254,0.0
2018-07-19 00:00:00,4.0,-0.07765505,-1.0294979,-0.6667024,-0.3482068,-0.6755933,-0.96380174,-0.5806866,0.82788557,-0.19415957,0.3590423,0.668097,-0.8165939,-1.1625196,-1.4422371,0.51666427,-0.047512,0.23135509,-0.63574666,-1.2674364,-0.7620945,-0.39466617,-1.6045804,0.30822533,1.7617058,0.58778524,-0.809017,-0.5,-0.8660254,0.0
2018-07-20 00:00:00,4.0,-0.23230043,-1.0792687,0.10791066,-1.0491707,-0.6502726,-0.88220537,-0.1316941,0.6069918,-0.3633796,0.1783049,0.5485764,-0.9641262,-1.255684,-1.4961412,0.4363967,-0.4951853,0.19274609,-0.904534,-1.1099991,-0.9430278,-0.44329804,-1.6845909,0.2560427,1.7105339,-0.58778524,-0.809017,-0.5,-0.8660254,0.0
2018-07-23 00:00:00,4.0,0.83543795,0.73687285,-0.478254,1.065783,0.98890233,0.8091921,2.5497813,0.0963116,0.12080313,0.38793162,0.6419942,-0.31566113,-0.72385836,-1.1100042,0.55781764,-0.20978034,0.28680468,-0.38704032,-0.7951825,-0.3977989,0.0017715867,-1.2601721,1.491105,1.5166515,-0.95105654,0.309017,-0.5,-0.8660254,0.0
2018-07-24 00:00:00,4.0,0.23895942,-0.031193241,0.53685135,0.97776294,-0.88749826,-0.17976035,-1.0584941,0.2644391,-0.26025596,0.095335916,0.41631797,-0.7097757,-0.6272368,-1.02439,0.7123386,-0.16061662,-0.0891479,-0.38525078,-1.0638832,-0.2678191,0.13200748,-1.2074913,-0.25820965,1.4617503,0.0,1.0,-0.5,-0.8660254,0.0
2018-07-25 00:00:00,4.0,1.4557282,1.7291386,-0.51114047,-1.2105457,0.14322749,0.7444891,1.0228267,-0.017848857,-0.11772185,0.08602231,0.32021463,-0.4159189,0.26450834,-0.3718324,1.0904903,1.0752019,0.3648042,0.28511718,-0.49195862,1.0637335,0.7940384,-0.6428143,0.8766742,1.3479362,0.95105654,0.309017,-0.5,-0.8660254,0.0
2018-07-26 00:00:00,4.0,0.9169016,0.2820239,0.0079971375,1.5704883,-1.4062389,-0.61340505,-1.4402448,1.153024,-0.4724408,-0.21187901,0.04610275,-0.7517301,0.73177063,0.010121158,1.5262122,1.5331694,1.0338145,0.56317616,-0.03589885,1.7999039,1.1942787,-0.32277247,-1.2460493,1.3557404,0.58778524,-0.809017,-0.5,-0.8660254,0.0
2018-07-27 00:00:00,4.0,-0.3846905,-0.9968926,-1.2271392,0.15417507,0.5442955,-0.90912074,-0.64144284,0.71721417,-0.21860726,-0.08012254,0.13994423,-0.4241585,0.4669402,-0.15654865,1.5942147,1.435177,0.6740106,0.8744239,-0.39964154,1.2156953,0.9094358,-0.3989997,0.9358323,1.1474591,-0.58778524,-0.809017,-0.5,-0.8660254,0.0
2018-07-30 00:00:00,4.0,0.19020718,0.7049444,-0.9264516,1.4128759,-1.0330068,-1.1358385,-0.69304824,-0.40463856,-0.6826797,-0.42363638,-0.14099444,-0.94782066,0.52251107,-0.10513367,1.6942464,1.1271696,0.6550037,0.7843451,-0.8108166,1.2008619,0.954868,-0.35395038,-0.7930796,0.99989265,-0.95105654,0.309017,-0.5,-0.8660254,0.0
2018-07-31 00:00:00,4.0,-0.13407633,0.78400654,0.76870984,-0.0051136296,-0.5533205,-0.9648713,-0.0040072086,-1.0836184,-0.8484015,-0.5898067,-0.29150456,-1.1096071,0.3884829,-0.18239646,1.6438434,0.9496456,0.5724573,0.34941134,-0.7990346,1.0713254,0.8693358,-0.4012938,-0.32084286,1.1062601,0.0,1.0,-0.5,-0.8660254,0.0
2018-08-01 00:00:00,4.0,-0.42572474,-0.8124077,-0.4837001,0.042629264,-1.5577571,-0.54569334,0.67907727,-0.552097,-1.2430707,-0.91199315,-0.55623174,-1.5782504,0.091073915,-0.36759588,1.5044206,0.08435769,0.7976479,0.57275987,-0.6092458,0.59304845,0.61195487,-0.60485303,-1.4805087,0.8954369,0.95105654,0.309017,-0.5,-0.8660254,0.0
2018-08-02 00:00:00,4.0,-0.76569146,-1.1686349,-1.06588,-0.34766874,1.4947381,-0.3504339,0.043510646,0.8087105,-0.46111482,-0.44955465,-0.22542876,-0.5189382,-0.35492268,-0.6647778,1.0525227,-0.6767622,0.5813287,0.6329548,-0.5206743,-0.18104888,0.1608555,-0.74801934,1.4663079,0.7792381,0.58778524,-0.809017,-0.8660254,-0.5,0.0
2018-08-03 00:00:00,4.0,-2.041281,-1.0443486,-0.70613384,-0.34766683,1.8208723,0.81540346,1.1412641,-1.165967,0.8315247,0.47166532,0.54913545,0.8835206,-1.2297022,-1.3433223,0.33540258,-1.4061681,-0.009019135,0.14259997,-1.150531,-1.6881294,-0.72468334,-1.1829108,1.6220832,0.39944413,-0.58778524,-0.809017,-0.8660254,-0.5,0.0
2018-08-06 00:00:00,4.0,0.018313898,-0.5222682,-0.16172881,0.388612,-1.0903311,-0.11802561,-0.88919985,0.084352314,-0.037628017,-0.041801736,0.16756658,-0.14689627,-1.2327751,-1.3342589,-0.057182215,-1.4559742,-0.28139094,0.0029538823,-1.4913533,-1.409809,-0.8051823,-1.2699839,-1.2274382,0.29788718,-0.95105654,0.309017,-0.8660254,-0.5,0.0
2018-08-07 00:00:00,4.0,0.6634037,-0.10025549,1.7793764,-0.17156836,3.6546233e-05,-0.51032597,-0.52810293,1.0582231,-0.06649377,-0.081559144,0.08977259,-0.13132502,-0.84438914,-1.0521897,-0.18204981,-1.0992993,-0.14646439,-0.18435864,-1.4166507,-0.9031266,-0.4813518,-0.9935947,0.1710217,0.044762935,0.0,1.0,-0.8660254,-0.5,0.0
2018-08-08 00:00:00,4.0,1.6324284,1.7839471,-0.9786853,-0.8168224,0.48725873,-0.2160508,0.19246903,0.26524958,-0.003237585,-0.087573156,-0.008257273,0.05282744,0.12523165,-0.33435082,0.07599771,-0.21177195,-0.09820531,0.2084368,-1.2172513,0.07669363,0.27901945,-0.38133103,0.5904655,0.038106397,0.95105654,0.309017,-0.8660254,-0.5,0.0
2018-08-09 00:00:00,4.0,0.5348871,-0.5786245,-1.1735442,1.0026749,-0.71586776,-0.03218234,0.0408127,1.1576626,-0.5099026,-0.4349022,-0.3064329,-0.5417296,0.37331152,-0.1378703,0.3580092,0.3559942,-0.23541462,0.6353046,-1.3287256,0.35396734,0.48313972,-0.22091274,-0.8399094,-0.33833084,0.58778524,-0.809017,-0.8660254,-0.5,0.0
2018-08-10 00:00:00,4.0,1.0256386,1.3955218,0.07949463,-0.72654927,1.1599885,-0.40828213,-0.5101676,-0.66784924,-0.058238994,-0.18693912,-0.18762773,0.11876378,0.90358496,0.28594333,0.7081734,1.7917608,0.23873691,0.7178005,-1.4415866,0.9745054,0.93939525,0.21189536,1.1245763,-0.640829,-0.58778524,-0.809017,-0.8660254,-0.5,0.0
2018-08-13 00:00:00,4.0,-0.68725246,-0.986698,-0.41902128,-0.4824352,-0.005473969,-0.8089543,-0.5586293,-0.04470129,-0.14813372,-0.21291442,-0.18095742,-0.03748707,0.46722648,-0.011945474,0.7826855,1.4699955,-0.056861922,0.48496914,-1.3311837,0.4531317,0.5649853,-0.03356852,0.14657499,-0.42568913,-0.95105654,0.309017,-0.8660254,-0.5,0.0
2018-08-14 00:00:00,4.0,-1.3248284,0.10105241,1.4954288,0.56593835,-0.6831159,-0.34349096,0.51713115,-2.3538547,0.35386765,0.16960882,0.16401659,0.48237327,-0.2327135,-0.5387608,0.5023043,0.5582682,-0.4677586,0.10765509,-1.6854817,-0.47861168,-0.09224319,-0.43406633,-0.75712085,-0.23574233,0.0,1.0,-0.8660254,-0.5,0.0
2018-08-15 00:00:00,4.0,-0.46951097,-0.5816984,-1.089343,1.0056581,0.40705785,-0.30469754,-0.09434764,-0.021989498,0.34051862,0.21270952,0.22559528,0.40545326,-0.4869567,-0.7384235,0.22564572,-0.43009594,-0.49039108,0.28424498,-1.6637428,-0.7775574,-0.35024965,-0.568862,0.5629382,-0.23383972,0.95105654,0.309017,-0.8660254,-0.5,0.0
2018-08-16 00:00:00,4.0,-1.30503,-1.2799983,-1.1282017,-0.63919455,0.69989085,0.79836833,1.0329335,-0.18646844,0.6253152,0.47688466,0.49585167,0.6146115,-1.0381265,-1.2092034,-0.20741576,-1.2804205,-0.7072143,-0.049916726,-2.087281,-1.3666928,-0.95797145,-0.9380564,0.70857406,0.05965228,0.58778524,-0.809017,-0.8660254,-0.5,0.0
2018-08-17 00:00:00,4.0,-0.5684141,1.0145811,2.3246818,-1.3137225,0.9484395,1.2232083,0.34404972,-2.5199313,0.90765035,0.73150885,0.7302844,0.839158,-1.2742486,-1.422481,-0.55324966,-1.946642,-0.1819846,-0.1435363,-2.3495178,-1.3894974,-1.1721853,-1.022591,1.0234452,-0.22232275,-0.58778524,-0.809017,-0.8660254,-0.5,0.0
2018-08-20 00:00:00,4.0,0.61010575,-0.69685024,-0.18491907,0.05406725,-0.18052158,-0.13603002,-1.2068402,1.6137935,0.48783988,0.4840285,0.53697354,0.363014,-0.95012045,-1.1667693,-0.65792954,-1.3541131,0.0351707,-0.21592547,-1.6722065,-0.92915523,-0.91199684,-0.80962366,-0.012253592,-0.1402597,-0.95105654,0.309017,-0.8660254,-0.5,0.0
2018-08-21 00:00:00,4.0,1.5389427,1.6653231,-1.1160009,-0.6232645,0.121823035,0.23240297,0.16880761,0.34008428,0.26515082,0.3018479,0.33575362,0.1847147,-0.01923645,-0.43660495,-0.38337967,-0.08987826,0.37108037,0.15101036,-1.3391031,-0.21579365,-0.18176463,-0.21071436,0.3155447,-0.1515971,0.0,1.0,-0.8660254,-0.5,0.0
2018-08-22 00:00:00,4.0,0.698609,0.78624713,-0.7952299,1.2474009,-0.89753884,0.5937439,-0.009847869,0.3876154,-0.36591437,-0.14296754,-0.024614414,-0.5279057,0.3279694,-0.14051162,-0.06155995,0.42658368,0.019976437,-0.07027548,-1.0113801,0.10051359,0.1423348,0.02439032,-1.3163482,-0.30961555,0.95105654,0.309017,-0.8660254,-0.5,0.0
2018-08-23 00:00:00,4.0,0.7660294,0.61332035,-0.806134,1.691144,-0.055723537,0.8916371,0.10228341,0.4557601,-0.45165935,-0.2673636,-0.16627705,-0.5517438,0.7135138,0.1956852,0.33019927,1.3257803,0.11067361,-0.11948792,-0.9877207,0.4594143,0.56736296,0.37119,0.05910846,-0.64808214,0.58778524,-0.809017,-0.8660254,-0.5,0.0
2018-08-24 00:00:00,4.0,-0.32906345,-0.8092085,-0.49886906,0.11688871,0.08891589,-0.44672313,-0.8595693,0.4018322,-0.4185396,-0.2743835,-0.16871262,-0.49432653,0.46174848,0.018491624,0.49305427,1.4105115,-0.39552212,-0.102944136,-0.8257289,0.28464118,0.397042,0.2812715,0.1014618,-0.669318,-0.58778524,-0.809017,-0.8660254,-0.5,0.0
2018-08-27 00:00:00,4.0,-0.28574333,0.7927979,2.0916579,-0.8483274,-0.620734,-0.38386244,0.016542343,-1.2834153,-0.6824816,-0.48013285,-0.32238522,-0.80160856,0.23814023,-0.14037563,0.5235868,1.0243545,-0.2490555,-0.24116755,-0.5459516,0.122273445,0.25006,0.16477971,-0.9367482,-0.63723266,-0.95105654,0.309017,-0.8660254,-0.5,0.0
2018-08-28 00:00:00,4.0,2.183158,1.5040023,-0.8853228,-0.53215563,-0.36473748,2.5911183,1.9085494,1.8452252,0.020958472,-0.12506205,-0.19296698,0.249286,1.4465667,0.9483004,0.92541033,1.2891824,1.0788189,0.4486267,-0.3192277,1.3624649,1.3800533,1.139016,-0.49863634,-0.19356161,0.0,1.0,-0.8660254,-0.5,0.0
2018-08-29 00:00:00,4.0,0.38966754,-0.7600062,-0.3386013,0.18574418,-0.38912427,0.1881533,-1.1044515,1.312912,-0.27595446,-0.32222855,-0.35903323,-0.0922118,1.5503812,1.089499,1.2357605,1.1469306,1.379541,0.6915153,-0.23938023,1.535699,1.5132095,1.2978022,-0.34430286,-0.1616206,0.95105654,0.309017,-0.8660254,-0.5,0.0
2018-08-30 00:00:00,4.0,0.3678454,0.61506766,0.77443206,0.561381,-1.3111618,-1.1751237,-0.8867079,0.025718145,-0.9102242,-0.77747923,-0.7256269,-0.8471028,1.660187,1.236923,1.4898653,0.97270334,1.9386523,1.0440679,-0.60538477,1.6230338,1.6553485,1.4555076,-1.6146598,-0.22745122,0.58778524,-0.809017,-0.8660254,-0.5,0.0
2018-08-31 00:00:00,4.0,-0.71467984,-1.3762012,-1.203253,-0.8524165,0.49439368,-1.3445133,-0.3294157,0.58702505,-0.7035564,-0.66977936,-0.6408511,-0.5670523,1.1448691,0.8696101,1.3416591,0.8195297,1.8358428,1.4771148,-0.9392345,1.0572526,1.1319674,1.1669809,0.27053127,0.43411887,-0.58778524,-0.809017,-0.8660254,-0.5,0.0
2018-09-03 00:00:00,4.0,-0.77824396,0.86917114,0.6969874,0.10156555,-1.2528241,1.5740074,2.0918336,-1.926136,-0.44422847,-0.50257885,-0.5033429,-0.25237787,0.64594144,0.47781843,1.0041531,0.6335084,1.3517919,1.2525011,-1.4247179,0.4907249,0.6206554,0.8649963,-1.5305324,0.4659609,-0.95105654,0.309017,-0.8660254,-0.5,0.0
2018-09-04 00:00:00,4.0,-0.41406205,-0.47221306,-0.88103735,1.1591824,-1.1262797,-0.8342481,-1.3186667,-0.40440825,-0.7175825,-0.69745433,-0.6516305,-0.57780266,0.36869326,0.25144514,0.6859214,-0.49334002,0.6818057,0.9440674,-1.9304718,0.16695014,0.3295633,0.71519536,-1.4349071,0.41638193,0.0,1.0,-1.0,-1.8369701e-16,0.0
2018-09-05 00:00:00,4.0,1.1041013,1.6559597,-1.0409695,-0.75955224,0.6533572,-1.7975622,-1.020092,-0.4809471,-0.596472,-0.6889101,-0.73762,-0.31903034,1.0062147,0.89343405,0.630573,-0.19720513,0.8151159,0.7705657,-0.97421813,0.7717012,0.87290955,1.2886416,0.34530994,0.20104603,0.95105654,0.309017,-1.0,-1.8369701e-16,0.0
2018-09-06 00:00:00,4.0,-2.3113203,-1.2440598,-0.4931977,-1.0745739,2.242023,1.3434415,2.9583488,-0.932502,0.8869305,0.43104398,0.23066771,1.1583977,-0.270892,-0.36878166,0.07064087,-1.3757627,-0.28937787,-0.17226885,-2.0040395,-0.6717733,-0.29091358,0.25719786,1.6202931,0.2947004,0.58778524,-0.809017,-1.0,-1.8369701e-16,0.0
2018-09-07 00:00:00,4.0,-0.7175091,-0.1465175,1.6027378,0.25050342,0.6012174,1.9480671,0.4277888,-0.8870086,0.823883,0.5216138,0.37863794,0.93167377,-0.6398899,-0.8121674,-0.38772628,-1.36704,-0.43858498,-0.7439288,-2.3279953,-1.029969,-0.58944124,-0.11227105,0.46332747,0.48629442,-0.58778524,-0.809017,-1.0,-1.8369701e-16,0.0
2018-09-10 00:00:00,4.0,0.20296548,0.45367765,1.4226303,0.60222775,1.113936,2.8848426,1.1696497,-0.37791243,1.001016,0.73518765,0.5732836,1.0254862,-0.617246,-0.7954516,-0.61255103,-0.94223404,-0.26750058,-0.45707333,-1.831137,-0.81833506,-0.4201856,0.038663406,0.821321,0.38189453,-0.95105654,0.309017,-1.0,-1.8369701e-16,0.0
2018-09-11 00:00:00,4.0,-1.0657306,-0.9504932,-1.1230816,0.17784427,0.60987127,0.7697822,-1.2844203,-0.22544637,1.1941662,1.0299075,0.9443739,1.0335569,-1.1059334,-1.4181929,-0.9024959,-1.2263336,-1.4472764,-0.38410455,-1.9069127,-1.1606747,-0.8694952,-0.48071426,0.44297737,0.07341791,0.0,1.0,-1.0,-1.8369701e-16,0.0
2018-09-12 00:00:00,4.0,-0.46655935,-0.9168918,0.48267028,-0.9251717,-0.7881405,-0.12964109,-0.807153,0.042773873,0.45894143,0.6012627,0.70024896,0.22598518,-1.3116319,-1.697968,-1.1902541,-1.8309363,-1.7181305,-0.38857582,-1.9316592,-1.1189517,-1.1450839,-0.8939476,-1.3741127,0.1523307,0.95105654,0.309017,-1.0,-1.8369701e-16,0.0
2018-09-13 00:00:00,4.0,-0.10746817,-0.63755757,-1.0301963,0.9044509,-1.0452607,1.2605959,1.343515,0.25039563,-0.2784951,0.053074285,0.2715385,-0.51405793,-1.3861579,-1.7537965,-1.3860645,-0.91980237,-1.8433137,0.009006007,-0.987218,-1.0110866,-1.3195761,-1.1483345,-1.3933246,-0.23529169,0.58778524,-0.809017,-1.0,-1.8369701e-16,0.0
2018-09-14 00:00:00,4.0,2.5436726,1.2241379,-1.1510205,0.46081498,0.024000399,1.3607241,0.04857042,2.420411,0.6270404,0.5620336,0.49881077,0.60527915,0.3508418,0.14779456,-0.85460156,0.480042,-0.7108067,1.0463169,-0.34303468,-0.027940283,-0.018653696,0.5046842,-0.30227074,0.5898002,-0.58778524,-0.809017,-1.0,-1.8369701e-16,0.0
2018-09-17 00:00:00,4.0,1.0696889,0.482776,-0.059742346,1.4846938,-0.41010252,-0.15821657,-1.2432786,1.0873172,0.0419696,0.11294415,0.061667923,0.057775706,0.9023598,0.8263044,-0.38220036,0.8679993,-0.071992345,1.1930416,0.5111373,0.3461255,0.40263033,1.0107003,-0.8449489,0.44252512,-0.95105654,0.309017,-1.0,-1.8369701e-16,0.0
2018-09-18 00:00:00,4.0,-1.0984509,-0.44530502,-0.9422499,1.3160243,-0.6794879,-1.1015557,-1.1694723,-1.3174468,0.49554512,0.49802288,0.49036357,0.44653296,0.28978667,0.14536755,-0.2395732,0.8551409,-0.33420715,0.327305,0.003430327,-0.13687523,-0.16451141,0.40519452,-1.1940305,0.57163453,0.0,1.0,-1.0,-1.8369701e-16,0.0
2018-09-19 00:00:00,4.0,0.6414391,0.98485744,-0.22031449,0.27884635,1.2861422,0.14493105,1.6966473,-0.45336586,0.6668322,0.6222773,0.5720757,0.64584655,0.5942525,0.51493365,-0.02338855,1.3539735,-0.49664152,0.31308386,0.7046686,0.12070415,0.14822403,0.77555275,1.0788621,0.5731155,0.95105654,0.309017,-1.0,-1.8369701e-16,0.0
2018-09-20 00:00:00,4.0,1.1960125,1.1673926,0.16575095,-0.49710423,0.35714614,0.28711686,0.057737153,0.41267604,0.34695998,0.36765555,0.2894576,0.36854094,1.2204556,1.2667253,0.3603366,1.8834988,0.8511616,0.4679669,1.2403126,0.6209032,0.7415424,1.3749079,0.33856893,0.5849083,0.58778524,-0.809017,-1.0,-1.8369701e-16,0.0
2018-09-21 00:00:00,1.0,0.29702845,-0.644424,-0.64108956,0.80351424,-0.48098886,-0.7653939,-1.1007124,0.9600438,-0.22458993,-0.054152533,-0.07514491,-0.25439322,1.3292,1.3903226,0.7014583,0.926856,1.3149033,0.6799732,1.9181364,0.72726023,0.88762677,1.4686561,-0.7827959,0.43739235,-0.58778524,-0.809017,-1.0,-1.8369701e-16,0.0
2018-09-24 00:00:00,4.0,1.6476102,1.106971,-0.91044337,0.3958793,0.6206485,1.9403797,3.0,1.1084539,-0.030687349,-0.02138969,-0.17688727,0.110592134,2.1221383,2.338979,1.2483828,1.1851034,1.9445658,1.3195888,2.2575202,1.3887881,1.7530166,2.3146982,0.7014447,0.3865518,-0.95105654,0.309017,-1.0,-1.8369701e-16,0.0
2018-09-26 00:00:00,4.0,-1.4645891,-1.2684283,-1.0890687,-0.56938416,-0.02213763,-0.508564,-1.7114174,-0.8595638,0.4676263,0.41364497,0.31836572,0.53370816,1.1693735,1.3722501,1.1622827,1.0143265,1.7576475,0.10732447,1.1597499,0.73644906,0.88746613,1.4376383,-0.0591769,0.14780377,0.0,1.0,-1.0,-1.8369701e-16,1.0
2018-09-27 00:00:00,1.0,1.1270078,0.99625486,1.8815838,-1.3581253,0.7163722,1.0936161,1.8082476,0.46188956,0.76084507,0.5998274,0.402544,0.9066067,1.6515661,1.9360595,1.2790504,1.2147205,2.371055,0.36105555,1.9882835,1.2867372,1.4906015,1.9346697,0.9419995,-0.22724679,0.58778524,-0.809017,-1.0,-1.8369701e-16,1.0
2018-09-28 00:00:00,1.0,-0.31756335,-1.0675067,-0.76225966,-0.24161184,-0.73771554,-0.6985497,-1.4397866,0.3890309,0.06051223,0.17192638,0.106126204,0.05160816,1.4076546,1.6719928,1.3044109,0.5595232,2.2150884,0.13885184,2.1582158,1.1934263,1.3707657,1.6924808,-1.0696272,-0.26098353,-0.58778524,-0.809017,-1.0,-1.8369701e-16,1.0
2018-10-02 00:00:00,4.0,0.27247044,-0.47177625,0.089669675,0.7011747,-0.93100935,-0.3556859,0.35826832,0.70302534,-0.70375043,-0.39985648,-0.3736554,-0.786163,1.4908335,1.7494749,1.3461931,0.5488916,1.3367473,0.49911895,2.2078567,1.3549327,1.5753152,1.7571568,-1.1610253,-0.3696591,-0.95105654,0.309017,-1.0,-1.8369701e-16,1.0
2018-10-03 00:00:00,4.0,-2.1438575,-1.422562,-1.0561916,-1.1137875,2.2014973,0.5312551,0.8153753,-0.45575565,1.1094483,0.96889144,0.9122215,0.9856229,0.24779095,0.5150472,0.5611529,-1.1133082,0.035402913,-0.043469097,1.2597773,0.14326534,0.20973542,0.6277702,1.9085175,-0.40895405,0.95105654,0.309017,-0.8660254,0.5,0.0
2018-10-04 00:00:00,4.0,-0.031661235,1.1966525,1.5256941,-1.4752591,0.35673708,-1.0022386,-1.3624513,-1.4948622,0.99721146,0.98344064,0.9658124,0.7755015,0.17864113,0.4407919,0.0928159,-0.49764073,0.46385768,0.104398556,0.79617363,0.1227734,0.18506286,0.5817695,0.9651615,-0.3860905,0.58778524,-0.809017,-0.8660254,0.5,0.0
2018-10-05 00:00:00,4.0,-1.4731584,-1.2908356,-1.0239377,-0.75575244,0.7163907,0.08415405,1.3621017,-0.34256738,1.5736294,1.5814424,1.6278864,1.1235322,-0.55421555,-0.34409806,-0.5970924,-1.597905,-0.40569973,-0.9854267,0.25496474,-0.7104584,-0.6086873,-0.120670035,1.2450114,0.16201727,-0.58778524,-0.809017,-0.8660254,0.5,0.0
2018-10-08 00:00:00,4.0,-0.080284394,0.66068476,0.5203473,0.89479834,-1.0428352,-0.37132376,-0.51135683,-0.76235795,0.5260522,0.92563945,1.19261,0.009444117,-0.6400902,-0.43773058,-1.0610121,-1.4729525,-0.9167505,-0.05079302,0.5905554,-0.6968528,-0.71884876,-0.25238505,-1.0326436,-0.043181572,-0.95105654,0.309017,-0.8660254,0.5,0.0
2018-10-09 00:00:00,4.0,-1.1536999,-1.4643312,-0.99793077,-1.4112511,1.3248116,0.9108911,1.0666542,0.7293713,1.2457436,1.5681759,1.8518016,0.56709105,-1.1473583,-1.0133684,-1.5347755,-2.007124,-1.483531,-0.28874922,-0.0342985,-1.1810187,-1.3387623,-0.75969404,1.4036158,-0.15886754,0.0,1.0,-0.8660254,0.5,0.0
2018-10-10 00:00:00,4.0,0.027591584,0.101971574,2.3843606,0.19140023,-0.7094189,-0.21440753,-0.94095975,-0.12618345,0.40083015,0.94865704,1.4044855,-0.2601438,-1.1649463,-1.0408249,-1.798531,-1.106687,-2.0449915,-0.3916029,-0.10623192,-1.0248828,-1.3606377,-0.8312987,-0.8060106,-0.10245376,0.95105654,0.309017,-0.8660254,0.5,0.0
2018-10-11 00:00:00,4.0,0.2010287,-0.27744704,2.920949,-1.5254126,-0.5645847,-0.269634,-0.19933641,0.54748315,-0.09050271,0.50415045,1.0400743,-0.70699155,-1.0900143,-0.9741978,-1.8227751,-1.0032213,-1.3881863,0.26740083,-0.080555856,-0.8757361,-1.2911097,-0.77879816,-0.53704655,-1.4207942,0.58778524,-0.809017,-0.8660254,0.5,0.0
2018-10-12 00:00:00,4.0,-2.9138558,-0.5041712,-0.18709007,0.70870817,-0.5311458,2.3744688,2.3859777,-3.0,3.0,3.0,3.0,2.5588295,-2.1075962,-2.2078307,-2.029107,-1.6329534,-2.7996738,-1.2643801,-0.80089384,-1.7599089,-2.3652477,-1.6821636,-0.40366957,-0.09038235,-0.58778524,-0.809017,-0.8660254,0.5,0.0
2018-10-15 00:00:00,4.0,1.8505234,1.4755863,-0.62773055,-0.5082379,1.5153278,0.3666594,-1.1706783,0.6862804,3.0,3.0,3.0,2.2697244,-0.8984367,-1.010556,-1.7958508,-0.78833985,-1.8971481,-0.027448539,-0.06669761,-0.9444853,-1.3484952,-0.7465823,1.5585034,0.4330417,-0.95105654,0.309017,-0.8660254,0.5,0.0
2018-10-16 00:00:00,4.0,-1.0087116,-1.3060669,-0.9408392,-0.7698304,-0.89477515,-0.5810925,-0.86832774,-0.5845041,2.2964344,2.6633513,2.9427874,1.3769946,-1.2921609,-1.4647344,-1.8039285,-0.7734379,-2.2704406,-2.1121793,-0.3790916,-1.1166619,-1.8009083,-1.3422498,-0.95230204,0.33294076,0.0,1.0,-0.8660254,0.5,0.0
2018-10-18 00:00:00,4.0,0.19693674,-0.2948094,0.5780597,0.66159236,0.530589,-0.8278954,-0.402932,0.7212229,1.8534713,2.32504,2.6549242,0.9108517,-1.231039,-1.3945675,-1.6549596,-0.69579303,-1.4632494,-2.4619768,-0.57957727,-0.8894102,-1.5893297,-1.280126,0.9046725,0.18229836,0.95105654,0.309017,-0.8660254,0.5,0.0
2018-10-19 00:00:00,4.0,0.118376575,-0.73323953,-0.9220163,0.81660897,0.1515878,-0.27233887,0.5294741,1.0621915,1.4098082,1.9702176,2.357774,0.4206897,-1.2147049,-1.3707238,-1.4576225,-0.7197589,-1.3868353,-1.7590609,-0.6102281,-0.7367001,-1.4688652,-1.2739314,0.3949771,0.009447893,-0.58778524,-0.809017,-0.8660254,0.5,0.0
2018-10-22 00:00:00,4.0,0.5086973,1.2900852,0.5678158,-0.97149116,2.0349805,0.30357265,0.38174137,-1.3880002,1.9973233,2.3121321,2.5384216,1.1202908,-0.92630315,-1.0957333,-1.0898566,0.71159756,-0.7339771,-1.7476338,-0.89748365,-0.49924365,-1.0545018,-0.86382025,1.7059375,-0.039923087,-0.95105654,0.309017,-0.8660254,0.5,0.0
2018-10-23 00:00:00,4.0,1.9921248,1.6906073,-0.149974,-1.5912203,1.1588689,0.6362709,0.15160932,0.5575425,2.2623248,2.3899477,2.4343984,1.6065241,0.35753977,0.15719673,-0.43749976,0.7962262,0.0070579834,-1.170008,-0.43446854,0.16623871,0.014974955,0.21625313,1.4747068,-0.3775733,0.0,1.0,-0.8660254,0.5,0.0
2018-10-24 00:00:00,4.0,-2.263243,-1.4557537,-0.9270848,-1.3113552,1.8039877,-0.3965584,-0.81138223,-0.6238115,3.0,3.0,3.0,2.3974614,-0.68935764,-0.9222862,-0.4198551,0.19226117,-0.48230553,-2.6485312,-1.2414924,-0.5058275,-0.8914189,-0.7013973,1.6682106,-0.4879641,0.95105654,0.309017,-0.8660254,0.5,0.0
2018-10-25 00:00:00,4.0,-0.1263482,-0.3547825,1.9302986,-0.8839747,0.054282412,0.11502003,0.19562669,0.31445763,2.4852083,2.7651865,2.9067304,1.5120003,-0.7733207,-1.010693,-0.42399323,0.046278387,-0.54086727,-3.0,-1.3395287,-0.47983718,-0.84787065,-0.79447615,0.689494,-0.8603495,0.58778524,-0.809017,-0.8660254,0.5,0.0
2018-10-26 00:00:00,4.0,-0.6057322,1.3554134,-0.9126661,0.24847725,-0.7925541,0.815118,0.38191074,-2.2739236,2.444242,2.751988,2.9162414,1.3821099,-1.0291709,-1.2833807,-0.48974326,-0.2970811,-0.8368051,-2.7610686,-1.5203418,-0.59294236,-0.9876854,-1.0192459,-0.5693384,-1.1708252,-0.58778524,-0.809017,-0.8660254,0.5,0.0
2018-10-29 00:00:00,4.0,-0.6710855,-0.9282907,-0.5658936,-0.069624275,0.11969802,-0.65533084,-1.0010604,0.2379139,2.0545952,2.502412,2.7538152,0.7964035,-1.2798126,-1.5507607,-0.6330125,-0.84125173,-0.08414701,-3.0,-1.6345026,-0.7457875,-1.1656078,-1.3475662,0.66419107,-1.008113,-0.95105654,0.309017,-0.8660254,0.5,0.0
2018-10-30 00:00:00,4.0,0.46417886,-0.4877468,-0.9001598,1.6367311,-0.7241357,0.087588094,0.45782024,1.2183297,1.2964702,1.9404677,2.3061883,-0.18124212,-1.0400043,-1.310311,-0.6018513,-1.4960572,-0.5733177,-2.7748861,-1.2144698,-0.53211683,-0.85921144,-1.2526058,-0.3583179,-1.0429655,0.0,1.0,-0.8660254,0.5,0.0
2018-10-31 00:00:00,4.0,-0.5626717,-0.5887793,1.3258473,-0.92538226,-0.48362395,0.30881125,0.028658252,-0.19021904,0.95062244,1.664886,2.117678,-0.6893612,-1.279007,-1.5435654,-0.64029026,-0.7017498,-0.41951057,-2.8986728,-0.7868984,-0.78956205,-1.0060155,-1.5936117,-0.020168414,-1.2794431,0.95105654,0.309017,-0.8660254,0.5,0.0
2018-11-01 00:00:00,4.0,1.3592699,1.5406095,-0.8947189,-0.510113,-1.3637067,0.9393268,0.26100525,0.85326904,0.5266252,1.2407035,1.7124636,-1.0822628,-0.4291729,-0.75330657,-0.31402814,-0.0032266786,0.034943923,-1.5335332,-0.25438923,-0.1946309,-0.2469864,-1.0318762,-1.3742781,-0.6280114,0.58778524,-0.809017,-0.8660254,0.5,0.0
2018-11-02 00:00:00,4.0,1.4301465,1.053387,0.9102756,-0.9025809,-0.750743,0.34491578,-0.41545552,1.2252964,0.7101722,1.1991354,1.56326,-0.5897104,0.3942086,0.056377888,0.27105686,0.9711777,0.5526102,-0.91552454,0.11520534,0.5440265,0.5959587,-0.2669032,-0.59222716,-0.29997918,-0.58778524,-0.809017,-0.5,0.8660254,0.0
2018-11-05 00:00:00,4.0,2.9987428,1.6139704,-0.893528,-0.83855367,1.1125636,2.6496427,1.8053576,2.5135357,2.189895,1.9463161,1.845541,1.8854579,1.8754113,1.724071,1.2067975,2.658282,1.5957127,0.93337536,0.88981724,2.3199434,2.0367706,1.409958,1.4780697,-0.9413083,-0.95105654,0.309017,-0.5,0.8660254,0.0
2018-11-06 00:00:00,4.0,-1.3655531,-0.36298168,0.34755847,0.97316885,-0.40453988,-1.077948,-1.8248092,-1.8025346,2.5198646,2.320596,2.210164,2.023859,1.0943645,0.98822623,1.3975247,1.7361135,0.3099339,0.34713206,0.13109711,1.4566929,1.2915286,0.75689805,-0.050887767,-1.2747107,0.0,1.0,-0.5,0.8660254,0.0
2018-11-07 00:00:00,4.0,0.60665476,0.44505844,-0.29825085,2.1039412,-0.85566753,-1.097943,-0.2701748,0.5634027,1.4342127,1.6683718,1.7750602,0.55449325,1.3220791,1.249466,1.6835009,2.2018757,1.3907424,1.0315046,0.080879405,1.7847428,1.5678985,0.9852939,-0.7240986,-1.2008915,0.95105654,0.309017,-0.5,0.8660254,0.0
2018-11-08 00:00:00,4.0,0.16658878,0.18810877,2.238336,0.20499535,1.3153398,-0.78384805,0.1785786,0.033020582,1.4696237,1.6814231,1.781921,0.5920705,1.329942,1.2644937,1.7376031,1.681194,1.4771605,1.0952605,0.36154914,1.7781115,1.5569497,1.0456245,1.4631147,-1.2797012,0.58778524,-0.809017,-0.5,0.8660254,0.0
2018-11-09 00:00:00,4.0,0.28968266,-1.1431252,-0.8827618,-0.22681196,-0.8672282,-0.91151625,-0.2877721,1.4315683,0.7371534,1.1994137,1.4589314,-0.43900558,1.3878093,1.3376943,1.8206735,1.1975158,1.7649815,1.1450247,0.88974607,1.8212403,1.6442287,1.1437411,-0.49501535,-1.0471932,-0.58778524,-0.809017,-0.5,0.8660254,0.0
2018-11-12 00:00:00,4.0,-1.5754118,-1.069086,-0.87988883,-0.029369054,-0.078649856,-0.47825405,0.19650899,-1.2841734,1.5028985,1.7186221,1.8805132,0.47184864,0.5052449,0.5226985,1.3318706,-0.8544329,1.3588309,1.4816902,0.3469923,0.6961485,0.7430498,0.41080698,0.6381882,-1.7520661,-0.95105654,0.309017,-0.5,0.8660254,0.0
2018-11-13 00:00:00,4.0,0.15912598,0.49512053,1.6369758,-0.08764615,-1.4805721,-1.6402994,-1.2488848,-0.12431123,0.53094447,1.0912125,1.4648964,-0.89795154,0.52897596,0.5479627,1.1259949,-0.1692894,1.2445496,0.8505448,0.82536435,0.7387803,0.7786652,0.42039603,-1.5663636,-2.1675742,0.0,1.0,-0.5,0.8660254,0.0
2018-11-14 00:00:00,4.0,0.48998693,1.7808033,-0.8826776,-1.5018414,1.810033,-0.6002073,1.2246574,-2.2884245,1.0435125,1.3214577,1.5580957,-0.032891702,0.74748915,0.7679719,0.93961257,-0.22589055,1.5884546,1.4237121,1.2250706,0.9557778,0.9303286,0.72093976,1.6793755,-2.190623,0.95105654,0.309017,-0.5,0.8660254,0.0
2018-11-15 00:00:00,4.0,-0.30645755,-0.8549519,-0.8618917,0.7095046,-0.5645689,-1.0857472,-0.61279523,0.35330814,0.5728196,1.0224469,1.3772117,-0.7408306,0.51969784,0.56157666,0.7714964,-0.44916424,1.0053027,1.2020825,0.90274835,0.6686448,0.71197826,0.53001076,-0.1494175,-2.0080652,0.58778524,-0.809017,-0.5,0.8660254,0.0
2018-11-16 00:00:00,4.0,1.2675177,0.9080209,-0.62857765,0.9768594,0.37959513,-0.8288897,0.07967139,0.877056,0.46772668,0.8462854,1.1733508,-0.6876743,1.1819805,1.2234099,0.86146903,0.012738293,0.9829708,1.667281,0.9721374,1.3367367,1.2553599,1.1804211,0.9893428,-1.6570191,-0.58778524,-0.809017,-0.5,0.8660254,0.0
2018-11-19 00:00:00,4.0,0.28032956,0.8045205,-0.6574936,1.3239031,-0.807862,-1.0859791,-0.5433072,-0.25087768,-0.039407298,0.47935802,0.91489995,-1.3702258,1.2614893,1.3022823,0.9648253,0.8825161,0.00076737005,1.572286,0.8705519,1.3459464,1.3176562,1.2962475,-0.5450511,-1.6060572,-0.95105654,0.309017,-0.5,0.8660254,0.0
2018-11-20 00:00:00,4.0,0.564002,0.73524106,-0.3472871,1.2429663,-1.3644128,-0.9724598,-0.15351714,0.40066186,-0.7266272,-0.044281993,0.53529435,-2.2187493,1.4887598,1.5306221,1.1414682,1.0681491,0.708433,1.0896469,0.872247,1.5529792,1.5925381,1.5567096,-1.6426116,-1.6231483,0.0,1.0,-0.5,0.8660254,0.0
2018-11-21 00:00:00,4.0,-1.3101854,-0.85413504,0.3966446,-0.58298314,-0.48151535,-1.0701722,-0.4023469,-1.3017951,-0.11510593,0.3022316,0.795973,-1.298655,0.62797487,0.7900519,0.7920499,0.22414003,-0.0028075054,1.3535115,0.39815685,0.66934735,0.7313803,0.7764216,-0.31728727,-1.2344284,0.95105654,0.309017,-0.5,0.8660254,0.0
2018-11-22 00:00:00,4.0,0.4180817,1.6502063,-0.577154,-1.4824003,0.73183596,-0.6737539,0.3469481,-1.3678402,-0.04069791,0.27663878,0.7301798,-1.0716839,0.80943054,0.9594463,0.63763964,0.5672697,0.09298321,1.5389347,0.6661443,0.8002884,0.84669614,0.9768164,0.85094374,-1.3245999,0.58778524,-0.809017,-0.5,0.8660254,0.0
2018-11-23 00:00:00,4.0,0.22505987,-0.6301977,-0.8481639,1.3105237,-1.1866676,-1.1716434,-0.9620773,0.74559045,-0.6872167,-0.18215202,0.41375375,-1.8581703,0.8923547,1.0304556,0.5900864,0.07744829,0.07061714,1.7920057,0.084976725,0.8192589,0.8741693,1.050664,-1.4468786,-0.7676465,-0.58778524,-0.809017,-0.5,0.8660254,0.0
2018-11-26 00:00:00,4.0,-0.14248241,-0.09880926,0.13117796,1.915609,-1.6162143,-1.2196888,-0.5229486,-0.21409707,-1.3070649,-0.6605393,0.09228466,-2.544404,0.7532308,0.9111337,0.4948625,-0.12306861,0.60575444,1.9110333,-0.09740302,0.6152452,0.67355484,0.9068541,-1.7847326,-1.0499043,-0.95105654,0.309017,-0.5,0.8660254,0.0
2018-11-27 00:00:00,4.0,1.2661318,1.3068123,-0.32090253,-0.5979415,-0.124164104,-0.0311698,2.3279877,0.77531064,-1.0607393,-0.68703127,-0.052941184,-1.8569088,1.4669781,1.5708729,0.6778891,0.21739322,1.0262805,2.150223,0.34124118,1.3716881,1.2787775,1.6533351,-0.20380536,-0.6586695,0.0,1.0,-0.5,0.8660254,0.0
2018-11-28 00:00:00,4.0,-0.03842475,-0.008827734,0.6082999,1.7742847,-0.94200176,-0.35013396,-0.5522592,-0.053676695,-1.4915406,-1.0564052,-0.32793793,-2.2729495,1.3624799,1.4757456,0.78292537,0.8333742,0.836583,2.2337627,0.5414826,1.2952583,1.0919017,1.5903085,-1.436381,-0.16712211,0.95105654,0.309017,-0.5,0.8660254,0.0
2018-11-29 00:00:00,4.0,0.958904,1.3071352,-0.5228939,-0.5133606,-0.17024621,-0.22802226,-0.08614626,0.35502952,-1.513804,-1.2335674,-0.5672598,-2.0188007,1.7998017,1.8918995,1.03179,1.0843333,1.3066195,2.0753646,1.1885333,2.0565946,1.5134486,2.1240218,-0.19480115,-0.1122651,0.58778524,-0.809017,-0.5,0.8660254,0.0
2018-11-30 00:00:00,4.0,-0.5444603,-1.3507165,-0.65014887,-0.97321486,0.84969425,-0.08651602,-0.031794623,0.92685825,-1.012588,-0.97273505,-0.43048295,-1.2361212,1.3185889,1.5012772,0.904739,0.7153865,0.6256112,1.429806,1.0825037,1.3175479,0.9819806,1.6667794,0.9427657,-0.27827168,-0.58778524,-0.809017,-0.5,0.8660254,0.0
2018-12-03 00:00:00,1.0,0.20666867,0.10877121,2.2532055,0.40210155,-0.79846776,1.8723406,0.91578245,0.2405089,-1.4008083,-1.2955805,-0.7073963,-1.6156273,1.3668625,1.5331224,0.8729419,0.87546575,0.5981944,0.52923167,0.83915836,1.4282923,1.0827495,1.744605,-1.1955111,1.0365852,-0.95105654,0.309017,-0.5,0.8660254,0.0
2018-12-04 00:00:00,1.0,1.7357657,0.05860156,0.60106754,1.8527032,-0.96468544,2.5553877,0.69864243,2.5887926,-0.36322826,-0.73990756,-0.5292377,-0.018370949,2.1024365,2.2488875,1.0930009,1.099831,1.0309864,1.5225459,2.248487,2.3767595,1.846192,2.483592,-1.6045967,1.7694694,0.0,1.0,-2.4492937e-16,1.0,0.0
2018-12-05 00:00:00,1.0,0.18702102,0.93161976,-0.8420816,0.8394592,-0.72755057,0.8435621,-0.95077854,-0.2872504,-0.9525495,-1.1093949,-0.81655014,-0.75641054,2.0692413,2.2009885,1.3200586,1.208634,1.5611581,1.3742883,2.4779558,1.9784901,1.8683392,2.490684,-1.1584477,1.0716109,0.95105654,0.309017,-2.4492937e-16,1.0,0.0
2018-12-06 00:00:00,1.0,-1.1086636,0.7925698,1.9716812,-1.4507539,-1.3785641,-0.4413303,-1.0090469,-1.9070743,-0.5721097,-0.81359535,-0.5952864,-0.32569626,1.2442818,1.5438902,0.99710053,0.22308151,0.99267095,0.9583222,1.9344088,1.0694797,1.0881475,1.8002212,-1.6610298,1.7857548,0.58778524,-0.809017,-2.4492937e-16,1.0,0.0
2018-12-07 00:00:00,1.0,-1.6645759,-0.84616756,-0.41187936,0.36633366,0.18762979,1.4542847,1.6642699,-1.7027885,0.68134326,0.13010317,0.112857655,1.0337031,0.2828799,0.72767925,0.25587606,-0.33652338,0.29802153,0.32155418,1.5611635,-0.0715346,0.11131395,0.92816114,0.045390315,1.2770911,-0.58778524,-0.809017,-2.4492937e-16,1.0,0.0
2018-12-10 00:00:00,1.0,-0.22353634,-1.3383712,-0.1490555,-1.2736402,-0.83405674,2.2118473,0.69433236,0.34669593,-0.27138776,-0.41098133,-0.22832742,-0.19205138,0.13868429,0.5976108,-0.2475865,-0.5637751,0.2717048,0.7529831,1.6137875,-0.31610245,-0.08973842,0.8327238,-1.5179874,1.331619,-0.95105654,0.309017,-2.4492937e-16,1.0,0.0
2018-12-11 00:00:00,4.0,-0.779922,-0.21585053,0.07105652,1.6342028,-0.46082026,-0.111297086,-1.4352033,-0.97719926,-0.105496176,-0.25127956,-0.08630126,-0.057702042,-0.2869692,0.21995716,-0.82871974,-1.7999474,-0.5206998,0.4445751,1.3128251,-0.94054157,-0.57851064,0.46440774,-1.014868,1.1986456,0.0,1.0,-2.4492937e-16,1.0,0.0
2018-12-12 00:00:00,4.0,0.105439015,1.0971485,1.0164562,-1.3778895,-0.72521573,-0.7306728,-0.8012486,-0.4395486,-0.83082706,-0.7394133,-0.44113556,-0.93733054,-0.2576879,0.23408975,-1.2146051,-1.7882293,-0.468135,0.3226399,0.6118285,-0.89160544,-0.59822553,0.50689536,-1.4167898,1.2083358,0.95105654,0.309017,-2.4492937e-16,1.0,0.0
2018-12-13 00:00:00,1.0,1.1380342,1.0211664,0.2715302,-0.5290485,-0.7580759,-0.2545145,0.4622517,1.126936,-0.7349436,-0.7768569,-0.5880197,-0.63483405,0.39828503,0.7681482,-1.0766625,-0.7056431,-0.39602205,0.78591776,0.76061434,-0.1703893,0.016385708,1.0670291,-1.3837832,1.2480503,0.58778524,-0.809017,-2.4492937e-16,1.0,0.0
2018-12-14 00:00:00,4.0,0.8917726,0.6801266,0.17973942,0.45452598,-0.26343727,0.33312258,0.50551564,0.8877741,-0.88128954,-0.94495106,-0.8018867,-0.69369674,0.8466698,1.1495032,-0.73633343,0.53431475,0.16812734,0.66866404,1.4239422,0.44278497,0.49745214,1.4844922,-0.89378786,1.0671953,-0.58778524,-0.809017,-2.4492937e-16,1.0,0.0
2018-12-17 00:00:00,4.0,-1.0630211,-1.2618207,-0.8909429,-0.35907474,-1.2736517,-0.46432897,-0.8340939,-1.0871875,-0.6438597,-0.755488,-0.63210434,-0.44874525,0.21682015,0.61367023,-0.7930479,0.12917194,-0.33702892,0.23464714,0.8053348,-0.40545717,-0.17755441,0.8970899,-1.4892043,1.2768186,-0.95105654,0.309017,-2.4492937e-16,1.0,0.0
2018-12-18 00:00:00,4.0,0.03822487,-0.73863715,-0.650294,0.8227684,-0.89897823,-0.9952308,-0.8105769,0.3439304,-1.3790756,-1.2798417,-1.0380158,-1.3915114,0.20941077,0.596515,-0.8492209,0.5395248,-0.99502784,0.06834932,0.47432238,-0.38106996,-0.18810904,0.89914876,-1.2815323,1.4168788,0.0,1.0,-2.4492937e-16,1.0,0.0
2018-12-19 00:00:00,4.0,-0.6453753,-0.2697908,1.8622596,-0.27436206,1.5775126,-0.23628421,1.0477744,-0.6307974,-1.102262,-1.1275985,-0.9438778,-0.98288137,-0.16231753,0.27385384,-1.0094005,0.17052308,-1.3070419,0.2801985,0.13294825,-0.89219755,-0.62424296,0.5188418,0.71974635,1.0908773,0.95105654,0.309017,-2.4492937e-16,1.0,0.0
2018-12-20 00:00:00,4.0,0.22507596,0.14331073,1.145113,1.1820568,-1.1976308,-0.24974447,-0.15208074,0.24443786,-1.8172306,-1.685054,-1.423412,-1.8898987,-0.05616946,0.35444474,-1.1023681,-0.28126466,-0.7945048,0.21811843,-0.26049402,-0.74723583,-0.5743562,0.5982423,-1.4037151,0.972721,0.58778524,-0.809017,-2.4492937e-16,1.0,0.0
2018-12-21 00:00:00,4.0,-0.5687778,-0.31358364,0.54682225,0.81281185,1.6568568,0.2569207,0.51807326,-0.47113547,-1.3625702,-1.4314107,-1.2779832,-1.2016115,-0.3862876,0.07132553,-1.2146648,-0.99873716,-0.3570485,-0.03380567,-0.05748745,-1.0843688,-0.92334783,0.25822952,0.78342986,1.0529885,-0.58778524,-0.809017,-2.4492937e-16,1.0,0.0
2018-12-24 00:00:00,4.0,0.44109902,0.90929425,-0.40652847,0.49420318,1.7995751,0.6517043,0.30148363,-0.34565705,-0.95369476,-1.2067049,-1.2059026,-0.5397676,-0.12856026,0.26512262,-1.0953708,-0.2571301,-0.099754006,0.15083624,-0.21517844,-0.78794885,-0.6181676,0.45000237,1.0390191,0.80086416,-0.95105654,0.309017,-2.4492937e-16,1.0,0.0
2018-12-27 00:00:00,4.0,-0.18641822,1.0467032,-0.92159337,0.5055616,-0.4220896,-1.1680583,-1.6229234,-0.8029612,-1.0997711,-1.3053335,-1.3153769,-0.7217391,-0.26728457,0.1487598,-1.0786369,-0.3681466,0.14957449,-0.31318173,-0.20029804,-0.838102,-0.72772264,0.3053972,-1.032467,0.37783325,0.0,1.0,-2.4492937e-16,1.0,1.0
2018-12-28 00:00:00,4.0,-0.3685533,-1.1699015,0.13157746,-1.0722554,1.4793733,-0.63615483,0.6203959,0.7377915,-0.78721905,-1.0912379,-1.1833054,-0.2753908,-0.50621593,-0.05030977,-1.0868081,-0.22522914,-0.04281191,-0.4170208,-0.44381678,-0.9643484,-0.890208,0.08004882,0.90533435,0.17741972,-0.58778524,-0.809017,-2.4492937e-16,1.0,1.0
2018-12-31 00:00:00,4.0,0.14358078,0.03724546,1.5752003,0.78285986,-0.7796292,-0.76817685,-0.33606458,0.18410449,-1.4098762,-1.518628,-1.5539103,-1.1184926,-0.44356874,-0.0112436265,-1.0944493,-0.26940513,-0.45724386,-0.67742336,0.3029395,-0.7953669,-0.80806273,0.06759767,-1.180654,-0.36050752,-0.95105654,0.309017,-2.4492937e-16,1.0,1.0
2019-01-02 00:00:00,4.0,0.99220884,0.8625464,0.5220158,-0.44145215,-0.27777383,-1.4117355,-1.2137357,0.93721354,-1.2382514,-1.4718912,-1.6332933,-0.7379963,0.26510972,0.49969855,-0.6983602,0.4966416,-0.42846587,-0.19474563,0.7259107,-0.20117225,-0.1119858,0.5691124,-0.8892493,0.11315839,0.0,1.0,-2.4492937e-16,1.0,1.0
2019-01-03 00:00:00,4.0,-1.8729985,-1.536151,-0.9500813,-0.9896287,2.9081197,0.25157708,3.0,-0.020405158,0.17083438,-0.42887318,-0.7390931,1.0019383,-0.7947546,-0.38470724,-0.8443856,-0.6589217,-0.74782956,-0.8535491,0.40381825,-1.1380906,-1.057771,-0.3554684,1.6931926,-0.6323784,0.58778524,-0.809017,0.5,0.8660254,0.0
2019-01-04 00:00:00,1.0,-0.11438565,-0.030406252,1.4647999,0.7402759,0.41453612,-0.026043016,-0.4846112,-0.1489584,-0.13784891,-0.55364406,-0.8236984,0.53725815,-0.87510705,-0.46480975,-0.9981924,-0.6300503,-0.80792,-1.4167885,0.38054106,-1.1405005,-1.0081257,-0.4429022,0.33552673,-1.5469342,-0.58778524,-0.809017,0.5,0.8660254,0.0
2019-01-07 00:00:00,1.0,1.5356982,1.6560633,-0.9531656,-1.311433,1.9738605,0.5179357,0.36338726,-0.38954747,0.49592432,-0.12708355,-0.6035641,1.3968306,0.15232266,0.34169525,-0.58622277,0.35726425,0.09339156,-0.9826178,1.3893398,-0.22908008,0.02699058,0.31703207,1.6117226,0.33236018,-0.95105654,0.309017,0.5,0.8660254,0.0
2019-01-08 00:00:00,1.0,0.5685202,-1.0721793,-0.46868545,-0.09345485,-0.19484816,-0.095534235,-0.617638,1.5080035,0.16737874,-0.28037322,-0.7369246,0.9558929,0.47142896,0.607918,-0.21630552,0.5916636,0.24284166,-0.45750085,1.5891277,0.28197095,0.3885363,0.5406204,-0.24176034,0.124497816,0.0,1.0,0.5,0.8660254,0.0
2019-01-09 00:00:00,4.0,0.1183007,0.12678102,0.67234445,1.3890532,-0.26838484,0.27165923,0.15396331,0.1147761,-0.48107302,-0.6742143,-1.0317787,0.11734163,0.51343215,0.6385145,0.06962272,0.14289846,0.5358886,0.107680805,1.5462713,0.39717188,0.4557888,0.5419342,-0.4948429,0.5036862,0.95105654,0.309017,0.5,0.8660254,0.0
2019-01-10 00:00:00,4.0,1.5219147,0.9082981,0.75405633,-0.94204897,0.37089342,2.929414,2.1249444,1.4087138,0.26464543,-0.21581249,-0.77301955,1.166913,1.3824624,1.4019161,0.6152198,1.9332845,1.0343684,0.64025235,2.8959634,1.6394043,1.250642,1.2126793,0.5696105,0.56782717,0.58778524,-0.809017,0.5,0.8660254,0.0
2019-01-11 00:00:00,4.0,0.12676738,0.5623057,-0.06163277,0.790062,0.2153111,1.0375648,-1.0301187,-0.27968344,-0.10576552,-0.40333655,-0.8879593,0.66661245,1.4150262,1.4293473,0.9990535,2.0054939,1.1986433,0.9196128,2.2601924,1.4975824,1.267672,1.222766,0.38911104,0.7751335,-0.58778524,-0.809017,0.5,0.8660254,0.0
2019-01-14 00:00:00,4.0,0.33903685,-0.2779004,-0.98518795,2.493308,-0.7383702,0.62705135,-0.3778468,0.63197184,-0.91658765,-0.9361349,-1.2823987,-0.39619195,1.5719289,1.5735962,1.3787189,1.3591045,1.5767988,0.98642087,2.5432265,1.5069488,1.4835062,1.39168,-1.0567186,0.79394466,-0.95105654,0.309017,0.5,0.8660254,0.0
2019-01-15 00:00:00,4.0,-1.033712,-1.2452914,-0.7478187,-0.22953413,0.20981854,-0.25283962,-0.8095077,-0.42202246,-0.6271008,-0.7230786,-1.0509233,-0.079283476,0.7994467,0.9953401,1.1868933,0.55112666,1.0632138,0.33132738,2.0819638,0.7519355,0.81250465,0.7894878,0.45571357,0.62721896,0.0,1.0,0.5,0.8660254,0.0
2019-01-16 00:00:00,4.0,1.3464524,1.2349901,-0.8605052,-0.43153098,0.3410202,0.6474257,0.759835,0.8477867,-0.3658477,-0.6122957,-1.0463053,0.3987095,1.5255656,1.655718,1.3363048,1.1725101,1.2635756,0.46449614,2.3840227,1.5786937,1.592899,1.450177,0.76172805,0.86463183,0.95105654,0.309017,0.5,0.8660254,0.0
2019-01-17 00:00:00,1.0,0.1280781,0.9473506,-0.91048765,0.37173533,-0.092434615,0.3538252,-0.32046092,-0.5104361,-0.6879676,-0.8158244,-1.183052,-0.04331148,1.5694585,1.6929615,1.4603901,0.463136,2.202341,0.8447626,2.2221663,1.4196982,1.6385844,1.5314416,-0.041665446,0.5832259,0.58778524,-0.809017,0.5,0.8660254,0.0
2019-01-18 00:00:00,4.0,-0.41884544,-1.1547234,0.04592837,-0.71757376,-0.27985606,0.62023795,0.1461629,0.18004173,-0.959785,-0.9868731,-1.2680935,-0.46234,1.2134511,1.4069777,1.3466915,0.19157943,1.9964252,0.7075452,1.5563849,1.0278759,1.3334836,1.2807717,-0.06881872,0.47753698,-0.58778524,-0.809017,0.5,0.8660254,0.0
2019-01-21 00:00:00,4.0,0.84707874,0.77946115,-0.29133394,0.27662623,-0.8230529,0.17749,-0.4279143,0.874675,-1.0931015,-1.1348572,-1.4168775,-0.53441167,1.620813,1.7790626,1.4048225,0.4283127,1.615881,1.1707984,2.3421335,1.2585833,1.7689174,1.7265371,-0.9661008,0.69852644,-0.95105654,0.309017,0.5,0.8660254,0.0
2019-01-22 00:00:00,4.0,0.1986518,0.36577252,1.8112776,-0.57950497,-0.62830794,0.026727116,-0.22865282,0.12556174,-1.5075586,-1.44628,-1.6416445,-1.1225159,1.7002006,1.8514774,1.4801476,1.0316662,1.4287275,1.1896752,2.3692956,1.1566659,1.8702329,1.8834755,-0.60888684,0.73247075,0.0,1.0,0.5,0.8660254,0.0
2019-01-23 00:00:00,4.0,-0.62536085,-0.9575652,-0.48553744,0.35861686,0.2158654,-0.09182748,-0.23873793,-0.102711014,-1.3865623,-1.4007531,-1.5816548,-0.91416115,1.2373073,1.5107577,1.2007066,0.058367778,1.122229,1.2181891,2.319399,0.7679742,1.358453,1.5186718,0.66045344,0.64704084,0.95105654,0.309017,0.5,0.8660254,0.0
2019-01-24 00:00:00,4.0,-0.10388043,0.82126075,1.5325475,-1.519571,-0.45746514,-0.5118377,-0.5315647,-0.55862516,-1.6559556,-1.6237098,-1.7390543,-1.30246,1.2261019,1.5082617,0.97788256,-0.056381084,0.37462494,1.1018269,2.4235117,0.6436164,1.284891,1.5253997,-0.48601118,0.944734,0.58778524,-0.809017,0.5,0.8660254,0.0
2019-01-25 00:00:00,4.0,0.20273323,0.23912206,-0.9933432,2.1252224,-0.5849839,-0.6972913,-0.25070953,0.21554962,-1.8855903,-1.8459395,-1.9180142,-1.6347679,1.3952507,1.6648798,0.8429925,0.26225397,0.41290653,1.3037747,2.3162804,0.6488365,1.4073156,1.7417841,-0.6935146,0.9927703,-0.58778524,-0.809017,0.5,0.8660254,0.0
2019-01-28 00:00:00,4.0,1.088701,1.3117473,-0.9613896,-0.6676813,0.23163052,1.4715489,2.0950856,0.57386386,-1.4559746,-1.6637706,-1.8718231,-0.76816654,2.068041,2.3154185,0.9441597,0.3865962,0.7513085,1.9472884,2.6202111,0.9972089,1.9782878,2.4379377,0.58748025,1.1587993,-0.95105654,0.309017,0.5,0.8660254,0.0
2019-01-29 00:00:00,4.0,-0.1037325,-0.78150976,0.51124376,0.0643398,0.0057832007,0.0946812,-0.8956673,0.43137085,-1.4368782,-1.6586105,-1.8654529,-0.74190646,2.0060575,2.2675242,0.94538856,0.23354639,1.1927661,1.9022151,2.2109702,0.832799,1.7374403,2.3584895,0.23714888,1.1090406,0.0,1.0,0.5,0.8660254,0.0
2019-01-30 00:00:00,4.0,-0.22856523,0.8652188,-0.05497736,-0.264166,-0.5556064,0.30891877,0.08379268,-0.7330849,-1.6181425,-1.7789248,-1.9349853,-1.0827572,1.7812926,2.0799744,0.8348948,0.4392137,0.44339573,1.4490292,1.7944987,0.63232076,1.4911131,2.2241452,-0.48363104,1.0640275,0.95105654,0.309017,0.5,0.8660254,0.0
2019-01-31 00:00:00,4.0,0.27814856,0.3792846,-0.9828878,1.7550772,-0.3059265,0.3489828,-0.10098801,0.16897048,-1.7215146,-1.8698909,-2.0015965,-1.1903152,1.8830937,2.1252549,0.75890416,0.6486516,0.49561474,2.237386,1.1103265,0.7001176,1.4782397,2.3092382,0.04979158,1.5381508,0.58778524,-0.809017,0.5,0.8660254,0.0
2019-02-01 00:00:00,4.0,0.8189073,0.65765476,0.5284956,-0.2622613,-0.56537694,1.3990786,0.58693206,0.7970731,-1.589071,-1.8315191,-2.0063245,-0.7334776,2.1867206,2.3902032,0.8321597,0.9352263,1.0135721,2.4407675,1.5955018,1.0198048,1.7037041,2.6070845,-0.5643843,1.6071478,-0.58778524,-0.809017,0.5,0.8660254,0.0
2019-02-04 00:00:00,4.0,-0.1321897,-1.3250295,-0.9683959,-0.050733935,1.4204412,-0.27846166,-0.9534837,0.98885286,-1.3434566,-1.6824516,-1.9005942,-0.23290403,2.0341592,2.2219694,0.74151206,0.29595572,0.577862,1.7541338,1.4148839,0.8965479,1.3642912,2.2954345,1.2321799,1.001384,-0.95105654,0.309017,0.8660254,0.5,0.0
2019-02-08 00:00:00,4.0,0.085350275,-0.043914836,-0.44934794,2.3165562,-1.6247106,-2.2285028,-1.7472578,0.1748195,-1.8726931,-2.0083027,-2.0962136,-1.192756,2.0065622,2.1673183,0.74041355,0.4054756,0.5226922,1.5335507,1.3828717,0.87279546,1.3659197,2.3769367,-1.1732239,0.9001939,0.0,1.0,0.8660254,0.5,0.0
2019-02-11 00:00:00,4.0,-0.2259738,0.7886559,-0.26180455,0.07189068,2.053045,-0.4601863,2.547997,-1.1780565,-1.2519855,-1.6415949,-1.8623856,0.010860845,1.775181,1.9679259,0.45613414,0.42463213,0.721884,1.400382,1.2592082,0.74531424,0.9475826,1.9580573,1.6408266,1.0305823,-0.95105654,0.309017,0.8660254,0.5,0.0
2019-02-12 00:00:00,4.0,0.48937654,1.1759009,-0.98494905,-0.35674706,0.08968196,-0.7781174,-0.41065088,-0.10781167,-1.4087824,-1.7510402,-1.9432154,-0.16248639,1.9486456,2.1093926,0.41499513,0.5312739,0.9527192,0.9844764,1.7086276,0.8796209,1.1592548,2.1484122,0.47360575,1.3328015,0.0,1.0,0.8660254,0.5,0.0
2019-02-13 00:00:00,4.0,-0.053484984,0.42597774,0.17026551,0.4927559,-0.5517725,-0.42664686,0.08746756,-0.2384585,-1.6565406,-1.9007946,-2.0287762,-0.64645976,1.8893908,2.0377574,0.33121032,0.07659804,0.8389829,0.92255133,1.6340573,0.76201415,1.0810586,2.1298156,-0.5009708,1.0580826,0.95105654,0.309017,0.8660254,0.5,0.0
2019-02-14 00:00:00,4.0,0.87765396,1.3868926,-0.45493418,-1.2792233,1.0337002,0.83288133,0.75811,-0.01294922,-1.4583571,-1.8249078,-2.0156543,-0.1161675,2.1488864,2.2831924,0.4404233,0.59284097,0.68714803,1.0415698,1.6471756,1.0230072,1.4560701,2.3847065,1.142445,0.9798007,0.58778524,-0.809017,0.8660254,0.5,0.0
2019-02-15 00:00:00,4.0,-0.35854018,0.124965526,0.2398597,1.0734149,-0.9619744,-0.6427499,-0.9276446,-0.50259984,-1.7275362,-1.9840809,-2.0937595,-0.664233,1.8391984,2.043342,0.38227376,0.36999702,0.59570116,1.2830858,1.6261139,0.81061846,1.1578331,2.2224443,-0.82515794,0.7386586,-0.58778524,-0.809017,0.8660254,0.5,0.0
2019-02-18 00:00:00,4.0,-1.7643647,-1.7079254,-0.815776,-0.94971,1.5542517,0.37783974,0.5933414,-0.86689925,-0.63342255,-1.276106,-1.6253394,1.1796668,0.36365113,1.0300311,-0.3418271,-0.42490426,0.0143413395,0.328985,1.0237532,-0.078419775,-0.07608955,1.0754782,1.5624168,-1.2324839,-0.95105654,0.309017,0.8660254,0.5,0.0
2019-02-19 00:00:00,4.0,1.267172,1.1370083,0.60466576,-1.4754013,-0.598446,-0.30382016,-0.5445974,1.2128596,-0.2021974,-0.98865116,-1.4966882,1.8558679,0.95058143,1.4888374,-0.40499675,-0.008702883,0.4009127,0.63662344,1.1823752,0.53745764,0.52242655,1.4733332,-0.6363336,-0.92849386,0.0,1.0,0.8660254,0.5,0.0
2019-02-20 00:00:00,4.0,-0.46517146,-1.5105975,-0.0672506,-1.1392356,0.050146762,0.021227846,0.051985905,0.35457927,-0.5995088,-1.1305248,-1.5298887,1.0687839,0.663636,1.2437543,-0.5923064,-0.2286471,-0.11127073,0.6475187,0.9724229,0.28275162,0.2262331,1.30504,0.444416,-0.69365746,0.95105654,0.309017,0.8660254,0.5,0.0
2019-02-21 00:00:00,4.0,0.755075,0.6543186,0.9552647,-0.5976949,-0.4370946,0.78588617,0.34510905,0.6941266,-0.6337207,-1.1338439,-1.5456519,1.0065979,0.9891081,1.496343,-0.51369077,-0.29425943,0.2334554,0.5756963,1.395746,0.6449749,0.5813294,1.5882379,-0.13452472,-1.3082601,0.58778524,-0.809017,0.8660254,0.5,0.0
2019-02-22 00:00:00,4.0,0.21766306,0.6899132,0.78334725,-0.5330869,1.2878017,0.3923357,-0.3341774,-0.4100708,-0.5551409,-1.0559039,-1.4957683,1.0740012,1.0876496,1.5533901,-0.41980818,0.004796943,0.2843487,0.5686422,1.3322555,0.689488,0.6267443,1.5992904,1.4969392,-1.4700272,-0.58778524,-0.809017,0.8660254,0.5,0.0
2019-02-25 00:00:00,4.0,0.42793804,1.4122002,-1.0925156,-0.89291203,1.1287642,0.024039546,-0.34881985,-0.77540267,-0.5435164,-1.0168163,-1.4689866,1.0518705,1.251434,1.6691407,-0.26228583,1.1429158,0.5435115,0.8797273,1.3593674,0.85698164,0.7607786,1.6818141,1.330938,-2.36586,-0.95105654,0.309017,0.8660254,0.5,0.0
2019-02-26 00:00:00,4.0,0.2780946,-0.31991976,-0.288401,1.9827147,-0.5290718,2.9776523,2.8317049,0.600827,-1.0161463,-1.280346,-1.5988045,0.2729903,1.3516196,1.7313379,-0.09473227,0.61856717,0.4605151,0.9807456,1.4449894,0.95073706,0.8788968,1.8269581,-0.19471027,-2.400223,0.0,1.0,0.8660254,0.5,0.0
2019-02-27 00:00:00,4.0,-0.7187991,-1.49453,-1.0695846,-0.29665762,-0.25952014,1.3296442,-0.8097002,-0.045547247,-1.210236,-1.3738714,-1.6056987,-0.15526396,0.8603292,1.3594952,-0.23139328,0.49828708,0.2055227,0.7284568,1.0452025,0.55163616,0.4287982,1.5125592,0.15955529,-2.0254095,0.95105654,0.309017,0.8660254,0.5,0.0
2019-02-28 00:00:00,4.0,-0.17913364,-0.5878211,2.104507,-0.64445764,0.24938938,0.6553877,-0.5765708,0.16920505,-1.2285779,-1.3832482,-1.5882641,-0.22337712,0.8018807,1.2877353,-0.4057076,0.019048419,-0.20660959,0.33885297,1.0303226,0.42001694,0.29805958,1.3857309,0.6631663,-2.2967699,0.58778524,-0.809017,0.8660254,0.5,0.0
2019-03-01 00:00:00,4.0,-0.5028086,-0.5773669,1.9563757,-0.6417323,0.6334658,0.12948687,-0.5237754,-0.26716933,-1.1076391,-1.2937633,-1.5040246,-0.058940396,0.482531,1.0454805,-0.68498117,-0.34893876,-0.25999272,0.24119247,0.72722656,0.12425782,-0.023976179,1.111207,0.82598126,-1.9915448,-0.58778524,-0.809017,0.8660254,0.5,0.0
2019-03-04 00:00:00,4.0,0.44129917,0.751994,0.2074061,-0.26291808,-1.0845668,-0.14726242,-0.3807059,0.29442748,-1.4276026,-1.5112984,-1.6281589,-0.66350394,0.7140022,1.1934379,-0.7492721,-0.34817794,0.6061397,0.42870796,0.9323846,0.42680368,0.21968043,1.3386636,-1.0205193,-1.9619058,-0.95105654,0.309017,1.0,6.123234e-17,0.0
2019-03-05 00:00:00,4.0,0.3328271,0.23908077,2.0472453,-0.5690317,1.855101,0.99579155,1.0064677,0.10986171,-0.84383917,-1.162036,-1.4320611,0.5007176,0.8835497,1.2973509,-0.6609889,-0.32500753,0.22492546,0.43708187,0.94855297,0.65695596,0.30722126,1.2693585,1.8477012,-2.1274998,0.0,1.0,1.0,6.123234e-17,0.0
2019-03-06 00:00:00,4.0,-0.09449733,0.7069175,0.08979775,-0.07028971,-0.15870301,-0.11292699,-0.9316192,-0.6988795,-0.999039,-1.2328877,-1.4495395,0.16434117,0.8764743,1.2620511,-0.66000056,-0.0016671799,0.37720993,0.18297407,0.52953684,0.57121617,0.24750353,1.2095894,0.43961996,-2.3478687,0.95105654,0.309017,1.0,6.123234e-17,0.0
2019-03-07 00:00:00,4.0,0.15006998,0.1760402,1.3394979,0.15681234,-1.1336503,-0.3738343,-0.37615758,0.17743862,-1.4452242,-1.5077653,-1.59165,-0.7601343,0.9688638,1.3014834,-0.63957345,0.16746856,0.13929702,0.25823578,0.51064926,0.64845204,0.35718793,1.3255291,-1.0697111,-2.2972662,0.58778524,-0.809017,1.0,6.123234e-17,0.0
2019-03-08 00:00:00,4.0,-0.9826351,-1.5964457,-0.15259579,-1.3039149,-0.7119887,-0.67221814,-0.3209387,-0.45730484,-1.4565108,-1.5115266,-1.5609502,-0.86175525,0.2459614,0.8306514,-0.9239034,-0.051994056,-0.30671328,-0.010481714,0.6079676,-0.030222267,-0.21492863,0.9173436,-0.5116628,-1.5230105,-0.58778524,-0.809017,1.0,6.123234e-17,0.0
2019-03-11 00:00:00,4.0,-2.047751,-1.1350378,0.90523577,-1.0350653,0.4718546,1.5274748,2.115508,-2.1342695,-0.40346855,-0.8300312,-1.124802,1.1189191,-0.922442,-0.03264276,-1.513682,-1.2546833,-1.1966956,-0.44717303,0.6752951,-1.4864571,-1.2631049,-0.030729886,0.7186447,-1.201969,-0.95105654,0.309017,1.0,6.123234e-17,0.0
2019-03-12 00:00:00,4.0,0.81191236,1.4375192,-0.95707154,-0.9983788,-0.26404023,-1.0659558,-1.5372847,0.12835042,-0.69054824,-0.98677224,-1.2237399,0.6021221,-0.46316758,0.26103202,-1.6636087,-1.0391209,-1.0092332,-0.38049823,0.8583737,-0.81862223,-0.80912095,0.25093997,0.048800763,-0.66078204,0.0,1.0,1.0,6.123234e-17,0.0
2019-03-13 00:00:00,4.0,1.2511055,1.2120717,-0.594369,-0.8169153,-0.99612355,-0.38514647,0.6024449,1.3164059,-0.40410239,-0.8260881,-1.1665931,1.1865608,0.11915948,0.67736804,-1.3076192,-0.42497405,-0.296116,-0.060070638,1.2384787,0.2451449,-0.15169987,0.606345,-0.905496,-0.49008882,0.95105654,0.309017,1.0,6.123234e-17,0.0
2019-03-14 00:00:00,4.0,-0.5724641,-1.0924103,-1.0890937,0.87051713,-0.6063649,-1.5780572,-1.2570548,-0.13141868,-0.8212941,-1.0268599,-1.2452825,0.3167952,-0.132231,0.48042068,-1.2645607,-0.8768599,-0.4360202,-0.4419958,1.1277913,-0.1634307,-0.39396274,0.42923567,-0.56728595,-0.69313604,0.58778524,-0.809017,1.0,6.123234e-17,0.0
2019-03-15 00:00:00,4.0,-0.009151328,-0.4647257,-0.1316551,1.5310156,-0.6166488,-1.1806606,0.3674394,0.34997398,-1.1309836,-1.2139446,-1.3405966,-0.28709352,-0.08095899,0.5059471,-1.1932037,-0.325591,-0.24486558,-0.34594914,0.86768335,-0.105564915,-0.34640923,0.44176227,-0.46806052,-0.7325101,-0.58778524,-0.809017,1.0,6.123234e-17,0.0
2019-03-18 00:00:00,4.0,0.41322264,0.665648,1.627839,-1.2315096,1.12741,-0.18037768,1.0633386,-0.1521767,-0.88730884,-1.087858,-1.279702,0.21162875,0.15143877,0.65996665,-0.9451228,1.0809243,-0.27193263,0.24051131,0.7250827,0.38427493,-0.1524123,0.5190953,1.0888509,0.97203547,-0.95105654,0.309017,1.0,6.123234e-17,0.0
2019-03-19 00:00:00,4.0,1.1975485,1.2605658,-1.08534,-0.4775035,0.97027296,-0.36935988,-0.28759423,0.4474058,-0.6769064,-0.9835887,-1.2506968,0.6826115,0.6531048,1.036171,-0.45028168,1.2581455,0.016884226,0.16936173,1.1696905,1.3719282,0.4668798,0.8507051,0.9378287,0.53021336,0.0,1.0,1.0,6.123234e-17,0.0
2019-03-20 00:00:00,4.0,-0.008691616,0.29676276,-0.46110559,1.2511833,-1.446144,-0.6433894,-0.38462204,-0.087358706,-1.2586793,-1.320907,-1.4230574,-0.48607734,0.6967498,1.0580298,-0.13278301,0.5436848,0.05189773,0.30056766,1.1704769,1.2514248,0.52209723,0.9260419,-1.537545,0.610637,0.95105654,0.309017,1.0,6.123234e-17,0.0
2019-03-21 00:00:00,4.0,-0.73789805,-0.60146326,1.210541,0.25920227,-1.1307606,-0.8860362,-0.42615062,-0.81373423,-1.4701592,-1.4583752,-1.4810078,-0.9903828,0.31031555,0.78086245,-0.11571166,0.47162998,-0.29520488,-0.08321679,1.2310364,0.5943454,0.1506259,0.6746478,-1.3040329,0.74013054,0.58778524,-0.809017,1.0,6.123234e-17,0.0
2019-03-22 00:00:00,4.0,-1.0842526,-1.6672481,-0.27164233,-1.1628917,1.2083795,-0.5768236,0.16487361,0.24212377,-1.0151734,-1.174592,-1.2963717,-0.11925994,-0.30290082,0.33453727,-0.41628668,-0.11267236,-0.32384968,-0.40654704,1.0360947,-0.29337555,-0.49534997,0.12538578,1.3551452,-0.091727704,-0.58778524,-0.809017,1.0,6.123234e-17,0.0
2019-03-25 00:00:00,4.0,-0.072315,-0.48268735,-0.1121105,1.560888,1.2149876,-0.58438915,-0.15812606,0.43598056,-0.70132923,-0.97459424,-1.1808705,0.50999767,-0.26780173,0.35694182,-0.59966725,-0.40471345,0.52939904,-0.54857606,1.2016028,-0.25461248,-0.4939914,0.015874073,1.3951336,-0.7810869,-0.95105654,0.309017,1.0,6.123234e-17,0.0
2019-03-26 00:00:00,4.0,-2.2207158,-0.0247143,2.7856028,-0.65754956,-0.5262841,0.22122869,0.4462241,-3.0,0.5068569,-0.13792112,-0.640534,2.3801873,-1.5154245,-0.6456686,-1.1882576,-2.3529863,-0.7904059,-1.1817575,0.73092294,-2.1244442,-1.6486462,-0.9766901,-0.4783594,-0.8811626,0.0,1.0,1.0,6.123234e-17,1.0
2019-03-27 00:00:00,4.0,-0.026928658,-0.9273255,-0.6188026,0.79182696,-0.21286215,-1.2108477,-1.1201191,0.7150016,0.012644577,-0.35316095,-0.73187864,1.3542407,-1.4550272,-0.62808883,-1.5669059,-2.3017821,-1.3424336,-1.000138,0.8211212,-1.9371796,-1.5958375,-0.98680234,-0.18898648,-0.83703345,0.95105654,0.309017,1.0,6.123234e-17,1.0
2019-03-28 00:00:00,4.0,0.36655888,1.1100724,0.11944836,-1.1075675,-0.55803037,-0.95267564,0.0017590849,-0.16246928,-0.49139902,-0.6364376,-0.88543016,0.415976,-1.1776109,-0.45144194,-1.6630516,-1.679105,-0.9413434,-0.8728529,1.0746899,-1.4732476,-1.3346229,-0.8353203,-0.970688,-0.98098123,0.58778524,-0.809017,1.0,6.123234e-17,1.0
2019-03-29 00:00:00,4.0,-0.038144886,0.58261,-0.22556953,0.4083743,-0.19783002,-0.6472354,0.06390731,-0.5113066,-0.7573302,-0.79805934,-0.9662503,-0.102358334,-1.1348865,-0.43506432,-1.6416852,-1.1179656,-0.97937626,-0.7637082,1.0885756,-1.3979666,-1.3110523,-0.8646995,-0.17789952,-1.0021588,-0.58778524,-0.809017,1.0,6.123234e-17,1.0
2019-04-01 00:00:00,4.0,0.77219015,1.0688199,-0.29134268,-0.694803,0.6709394,1.6818589,1.8501291,0.094298504,-0.7062229,-0.798741,-0.98500323,0.057137482,-0.5890985,-0.055248562,-1.2906965,-0.6492759,-0.8462725,-0.7001673,0.99886596,-0.5273759,-0.721075,-0.5387142,0.6909398,-0.9070355,-0.95105654,0.309017,1.0,6.123234e-17,1.0
2019-04-02 00:00:00,4.0,1.5951942,1.1782783,0.08638502,-1.3268515,-0.5838973,1.2431066,-0.40883517,1.7017576,0.05711022,-0.36575755,-0.78546387,1.5481291,0.24912542,0.64709264,-0.5683955,1.4378185,-0.7449123,-0.41980487,2.1151936,0.91520774,0.25525507,-0.013064978,-1.0879388,-0.23902585,0.0,1.0,0.8660254,-0.5,0.0
2019-04-03 00:00:00,4.0,-0.07271053,-1.2889295,-1.0638179,0.5913418,-0.87217,-0.12184903,-0.91965246,0.7829211,-0.56222457,-0.7038745,-0.9621911,0.38801864,0.31964123,0.73963094,-0.12899889,1.4355416,-0.8345275,-0.45541736,2.2936826,0.82032865,0.39108652,0.06280193,-1.1801617,-0.28014302,0.95105654,0.309017,0.8660254,-0.5,0.0
2019-04-04 00:00:00,4.0,1.0658112,1.067364,-0.822973,-0.29034436,0.3387874,0.21191242,0.1255011,0.6777078,-0.46773392,-0.67652154,-0.97719896,0.6786978,0.8888652,1.2895849,0.4451076,1.7300276,0.04291919,-0.22402516,2.0173266,1.359255,1.1571196,0.5469786,0.4348783,-0.20435925,0.58778524,-0.809017,0.8660254,-0.5,0.0
2019-04-08 00:00:00,4.0,-0.46278426,-0.3745309,0.82381964,1.2105366,0.31952274,-0.17560956,-0.40122974,-0.36731207,-0.68983465,-0.7930307,-1.0258664,0.29517823,0.69019324,1.146829,0.70632917,1.4900811,0.39066917,-0.018263651,1.7410916,0.80962694,0.8938603,0.38390112,0.48960903,-0.5315464,-0.58778524,-0.809017,0.8660254,-0.5,0.0
2019-04-09 00:00:00,4.0,0.24499592,-0.5685154,0.22760178,1.2277515,0.13193373,1.1193343,0.6248191,0.85329884,-0.94877654,-0.96795785,-1.1303854,-0.091409944,0.90653884,1.3849211,0.9240685,1.1811867,0.5483763,0.84265727,1.8475081,0.87396294,1.0572741,0.59599316,0.13835117,-0.77448785,0.0,1.0,0.8660254,-0.5,0.0
2019-04-10 00:00:00,4.0,0.057341214,0.58638686,0.647442,-0.378412,-0.91591924,0.4142944,-0.49221134,-0.20910592,-1.5191275,-1.3308339,-1.3284738,-0.8453637,1.0125525,1.4868723,1.0827942,0.4197496,1.7404771,0.55437225,1.1952084,0.7682865,1.1513649,0.7756879,-1.1159159,-1.0985891,0.95105654,0.309017,0.8660254,-0.5,0.0
2019-04-11 00:00:00,4.0,-0.3956473,0.25037596,-0.6339254,1.385937,-0.22016513,-0.22314042,-0.4970861,-0.7535228,-1.6664906,-1.4745151,-1.4030732,-0.9044178,0.8258621,1.3267568,1.0156267,0.28129438,1.5461763,-0.053546827,1.0625731,0.41939104,0.887946,0.5881892,-0.0893882,-1.1557624,0.58778524,-0.809017,0.8660254,-0.5,0.0
2019-04-12 00:00:00,4.0,-1.2959989,-1.6290432,-0.4592084,-0.7617559,1.9830011,-0.071552545,0.015258228,-0.016104098,-0.9638482,-1.1033965,-1.1896574,0.10228406,-0.29188138,0.37550426,0.5359819,-0.97927165,0.77543867,-0.26046425,0.56193864,-0.34694195,-0.1529562,-0.3286166,1.9248843,-0.87562025,-0.58778524,-0.809017,0.8660254,-0.5,0.0
2019-04-15 00:00:00,4.0,0.024857605,0.62709075,-1.0873748,0.9102276,-0.80065143,-1.1763685,-0.708708,-0.331937,-1.4945552,-1.4585042,-1.3869956,-0.58725756,-0.1536785,0.49873662,0.27576688,-0.7125853,0.80287075,-0.2534724,1.0699216,-0.30426157,-0.049588475,-0.20566222,-1.0413191,-0.85153544,-0.95105654,0.309017,0.8660254,-0.5,0.0
2019-04-16 00:00:00,4.0,-0.62657773,-1.4744954,0.75257826,-1.3558828,2.486096,0.2840472,0.79755706,1.1246759,-0.43076256,-0.88868356,-1.103519,0.8717104,-0.5473929,0.11821016,-0.10402944,-1.1648304,0.13970242,-0.61355245,0.2625601,-0.6092639,-0.5233835,-0.77558875,2.0006354,-0.8462793,0.0,1.0,0.8660254,-0.5,0.0
2019-04-17 00:00:00,4.0,1.071507,1.2256119,-0.9754073,-0.5231657,2.1706433,1.676885,0.7067991,-0.48120925,0.4497021,-0.402132,-0.9234901,1.8073335,0.20210889,0.82075673,-0.069496274,-0.65537965,-0.18272737,-0.7224896,0.50975037,0.029753905,0.16869941,-0.30942994,1.9612895,-0.99664223,0.95105654,0.309017,0.8660254,-0.5,0.0
2019-04-18 00:00:00,4.0,-0.26452914,-0.6516908,-0.5489073,1.6042734,-1.1880931,0.1634365,-0.7799948,0.046058062,-0.8379015,-1.1283591,-1.2534958,0.35493514,0.16518,0.77787066,-0.08092832,-0.57837886,-0.27834713,-0.8018575,0.6780625,-0.095185846,0.18180488,-0.26637205,-1.4779756,-0.9431045,0.58778524,-0.809017,0.8660254,-0.5,0.0
2019-04-23 00:00:00,4.0,-0.87502354,-1.365485,-0.7529525,0.042597525,-0.8661654,-1.1557468,-0.85781384,-0.32890925,-1.4156007,-1.5296496,-1.4188278,-0.3081765,-0.51115435,0.11283506,-0.31797764,-0.32410815,-1.2691396,-0.7972353,-0.0029322586,-0.52251995,-0.29939488,-0.7112253,-1.0543444,-1.0564266,-0.58778524,-0.809017,0.8660254,-0.5,0.0
2019-04-24 00:00:00,4.0,-0.20048368,0.8858603,0.61953324,-0.945395,0.24036683,0.06267869,0.7395314,-1.1752609,-1.3463099,-1.5687313,-1.460547,-0.24454777,-0.5021036,0.09071846,-0.5182515,-0.4432204,-1.1405869,-0.45260996,-0.16466746,-0.5945358,-0.4045901,-0.81384057,0.6987994,-0.47653043,0.95105654,0.309017,0.8660254,-0.5,0.0
2019-04-25 00:00:00,4.0,-0.86095506,-1.5361646,-1.0950658,-0.10071547,1.6166269,-0.67437434,-0.54553485,0.7947446,-0.32973045,-0.8941274,-1.1521528,0.76054335,-1.1482307,-0.59849477,-0.82016814,-0.5561994,-1.6780391,-0.6917759,-0.11135216,-0.9950445,-0.97397375,-1.4509039,1.6850879,0.34246808,0.58778524,-0.809017,0.8660254,-0.5,0.0
2019-04-26 00:00:00,4.0,-1.2447747,-0.88216186,2.0864122,-1.1330096,0.29089513,-0.8944892,-0.33228615,-0.93667537,-0.35076797,-0.81788605,-1.0772862,0.6057318,-2.0100908,-1.6561834,-1.2979283,-1.6860079,-2.2156372,-0.2261063,-0.44504154,-1.6663789,-1.7611032,-2.132006,0.70058924,0.40705228,-0.58778524,-0.809017,0.8660254,-0.5,0.0
2019-04-29 00:00:00,4.0,0.049953762,0.7923401,1.0784092,-1.0828959,-1.2104899,-1.5281646,-0.5869367,-0.31347123,-1.4865843,-1.6523161,-1.4972471,-0.65953064,-1.7523006,-1.4934411,-1.5885079,-1.5025283,-1.9336169,-0.20052758,-0.5316685,-1.6440321,-1.6989261,-1.9228547,-1.495294,0.50275886,-0.95105654,0.309017,0.8660254,-0.5,0.0
2019-04-30 00:00:00,4.0,1.0455744,0.8757636,-0.6566206,0.12679948,-0.07671988,-1.7877401,-0.47109908,0.6844504,-1.3378116,-1.674415,-1.6070632,-0.39193198,-0.85962564,-0.6162945,-1.3488073,-0.5891115,-0.84712005,-0.019041166,-0.7640382,-0.89892507,-1.0035769,-1.1957364,0.28817618,0.8137112,0.0,1.0,0.8660254,-0.5,0.0
2019-05-02 00:00:00,4.0,-0.9639182,-1.1958346,-0.47617233,0.14979264,-0.5084682,-1.3731389,0.17114757,-0.45723245,-1.3811693,-1.7126424,-1.6227503,-0.5194355,-1.4773477,-1.3836486,-1.4080211,-0.9463502,-1.3028471,-0.3154495,-0.9974721,-1.7956583,-1.6450994,-1.6904378,-0.5324755,0.84544486,0.95105654,0.309017,0.8660254,-0.5,0.0
2019-05-03 00:00:00,4.0,0.8451598,1.4748138,-0.71058935,-1.289832,0.43296838,-1.386928,-0.25637138,-0.42627275,-1.1571257,-1.6130846,-1.6579396,-0.17251362,-0.7807845,-0.6623277,-1.0959636,-0.13701497,-0.63371676,-0.34939927,-0.6296433,-0.7808144,-1.0244241,-1.1444067,0.8041391,0.19981085,-0.58778524,-0.809017,0.5,-0.8660254,0.0
2019-05-06 00:00:00,4.0,0.39254594,0.9606251,-1.1092275,0.25906345,1.1075637,-1.4135283,-0.31406802,-0.828702,-0.4638052,-1.0888932,-1.4216027,0.7303343,-0.42051506,-0.2762731,-0.6870412,0.65340716,-0.94392157,-0.85135484,-0.6607074,-0.030069109,-0.6946975,-0.94185233,1.4589329,-1.1912621,-0.95105654,0.309017,0.5,-0.8660254,0.0
2019-05-07 00:00:00,4.0,-3.0,-0.74334604,-0.5563938,1.3234764,1.1827383,2.3510618,3.0,-3.0,3.0,3.0,1.4428144,3.0,-2.5966454,-3.0,-1.0528436,-1.1697379,-2.431315,-2.1838267,-2.148881,-3.0,-2.4552805,-2.8043365,1.4594318,0.20851852,0.0,1.0,0.5,-0.8660254,0.0
2019-05-08 00:00:00,4.0,0.492926,0.061282534,0.86459845,0.8322425,0.1361657,0.39145547,-1.0541682,0.62017083,2.9084408,2.6302943,1.2351589,3.0,-2.093501,-2.484821,-1.2714978,-1.3831905,-1.7733922,-2.3914077,-1.8903241,-2.6445725,-2.012413,-2.3959155,0.60661507,-1.2184067,0.95105654,0.309017,0.5,-0.8660254,0.0
2019-05-09 00:00:00,1.0,-1.4232163,-0.12167681,3.0,-0.6995645,-0.085057884,0.7102228,0.09271932,-1.9237537,2.5287051,2.6224883,1.5663427,2.4686065,-2.5778096,-3.0,-1.6335145,-1.6524554,-2.2781894,-2.6929088,-2.32503,-2.9377608,-2.485436,-2.761039,0.40860972,-1.0737885,0.58778524,-0.809017,0.5,-0.8660254,0.0
2019-05-10 00:00:00,1.0,-2.5324764,-1.7164917,-0.66305566,-1.0699902,2.3600838,1.8785769,0.85665566,-0.8255768,3.0,3.0,2.8955114,3.0,-3.0,-3.0,-2.1046093,-3.0,-2.9521773,-3.0,-2.916002,-3.0,-3.0,-3.0,1.7353029,-0.78327096,-0.58778524,-0.809017,0.5,-0.8660254,0.0
2019-05-14 00:00:00,1.0,0.8478017,0.09483323,1.1428427,0.5966317,1.985473,0.88013303,-0.6630035,0.8987422,3.0,3.0,3.0,2.8881495,-2.4985332,-3.0,-2.029693,-2.7102172,-2.0441625,-2.98705,-2.6486971,-2.1728733,-2.32055,-2.677012,1.6669154,-0.26829717,-0.95105654,0.309017,0.5,-0.8660254,0.0
2019-05-15 00:00:00,1.0,-1.5326018,0.92753625,0.3759609,-0.8498015,-0.6098075,1.4182421,0.41189304,-2.9550953,3.0,3.0,3.0,2.6539364,-2.7384267,-3.0,-2.111029,-1.9049075,-2.6352396,-3.0,-2.8779392,-2.2160723,-2.5428662,-2.8366323,0.0057151318,-0.98330975,0.95105654,0.309017,0.5,-0.8660254,0.0
2019-05-16 00:00:00,1.0,0.547426,0.5025615,1.9849341,-1.2566878,-0.6129231,0.35384586,-0.7997947,0.3495796,2.3194647,2.9066985,2.8828046,1.5582567,-2.3364882,-2.7770422,-2.0728614,-1.8181598,-2.6264517,-2.489919,-2.7999847,-1.7203414,-2.2017872,-2.5444667,-0.26478264,-0.7504976,0.58778524,-0.809017,0.5,-0.8660254,0.0
2019-05-17 00:00:00,1.0,0.032550074,0.706642,0.39964324,-0.30202228,-0.24473007,0.47836593,0.024377527,-0.6769399,1.6212821,2.3353226,2.4819036,0.8065505,-2.208036,-2.5651639,-1.9072349,-1.1889946,-2.208593,-2.4220905,-2.5304742,-1.4868276,-2.0414836,-2.4148088,0.5709582,-0.7941575,-0.58778524,-0.809017,0.5,-0.8660254,0.0
2019-05-20 00:00:00,1.0,-1.2264942,-1.8261231,-1.1454511,-0.91048276,1.1746408,-0.2484694,-0.7083284,0.8541571,1.814171,2.4467275,2.6681302,0.90272236,-2.3739033,-2.72811,-1.772033,-0.6000979,-2.763165,-2.4917986,-2.2253492,-1.559474,-2.207521,-2.5157814,1.5328109,-0.45429254,-0.95105654,0.309017,0.5,-0.8660254,0.0
2019-05-21 00:00:00,1.0,-0.5740765,-1.1441667,-0.47730747,0.10698043,-0.42208198,0.32979655,0.39607835,0.16294728,1.2340276,1.988557,2.357108,0.23238775,-2.3531337,-2.6712277,-1.7752358,-1.2120439,-2.874928,-2.7380674,-2.5616257,-1.4707199,-2.2162697,-2.518855,0.1932304,-0.3163648,0.0,1.0,0.5,-0.8660254,0.0
2019-05-22 00:00:00,4.0,-0.46630552,-0.2234069,2.4292705,-0.4121269,-0.35694972,0.25306407,-0.1814829,-0.50620896,0.8577322,1.6548904,2.1178515,-0.20005809,-2.3059802,-2.5908144,-1.7214656,-0.71881473,-1.903112,-2.648439,-2.4135203,-1.3747954,-2.1652977,-2.486198,0.35997665,-0.29869545,0.95105654,0.309017,0.5,-0.8660254,0.0
2019-05-23 00:00:00,4.0,0.24176238,-0.5838619,0.72208077,0.33720157,-1.3618227,-0.6170293,-0.8337923,0.6406216,0.12627135,1.0387974,1.622925,-0.9814277,-2.090551,-2.3543065,-1.5945798,-0.85445243,-1.920669,-2.3086421,-2.419795,-1.1730006,-1.9729915,-2.364402,-1.456142,-0.44541898,0.58778524,-0.809017,0.5,-0.8660254,0.0
2019-05-24 00:00:00,4.0,-1.6031524,-1.3056335,-0.8560574,-0.008795618,-0.039535586,0.23255645,0.7781246,-0.938143,0.8280099,1.4640641,1.9850029,-0.21678601,-2.2827542,-2.5491524,-1.48312,-1.5244471,-1.9388453,-2.5225308,-2.6204689,-1.313839,-2.17661,-2.4936264,0.7744446,0.08911102,-0.58778524,-0.809017,0.5,-0.8660254,0.0
2019-05-27 00:00:00,4.0,0.4296452,-0.22155724,1.3188671,0.4431477,-1.3532829,-0.65815264,-0.86322284,0.66187555,0.11579005,0.88782525,1.5124322,-0.962874,-2.0179121,-2.2831194,-1.397641,-0.8368936,-1.0208892,-2.1955292,-2.4927726,-1.0922219,-1.9369496,-2.3661478,-1.6696544,0.113460265,-0.95105654,0.309017,0.5,-0.8660254,0.0
2019-05-28 00:00:00,4.0,-0.15116215,0.27579352,0.2851784,1.1270624,-0.5583767,-1.2894855,-0.8716657,-0.48959985,-0.14070258,0.6110647,1.2793577,-1.1937159,-1.9715172,-2.203488,-1.2117143,-0.6635012,-1.3226596,-1.9603032,-2.4470348,-0.9979902,-1.8604224,-2.3306608,-0.4351538,0.11082108,0.0,1.0,0.5,-0.8660254,0.0
2019-05-29 00:00:00,4.0,0.48797628,0.7316341,0.5809707,-0.5107289,-0.65369284,1.5649645,3.0,0.06522647,-0.37608665,0.32233205,1.0049536,-1.3595121,-1.7015713,-1.9646506,-0.86156875,-0.26080906,-0.6919732,-1.8336844,-2.1361632,-0.81397516,-1.552152,-2.147557,-0.4308756,-0.4943158,0.95105654,0.309017,0.5,-0.8660254,0.0
2019-05-30 00:00:00,4.0,-0.5076649,-0.045570936,2.294892,-0.40949503,-0.6989766,0.18007502,-0.8760495,-0.7308725,-0.54764307,0.106592506,0.8257459,-1.4866353,-1.7474685,-1.9819586,-0.63833153,-0.58100957,-1.0100724,-2.0648665,-2.0998924,-0.8242009,-1.5816687,-2.1999657,-0.4734135,-0.58128774,0.58778524,-0.809017,0.5,-0.8660254,0.0
2019-05-31 00:00:00,4.0,-0.37635204,-1.3646603,-1.1281519,0.18974021,-0.339249,-0.48872286,-0.5704845,0.59988534,-0.5111498,0.031794302,0.7378853,-1.3535502,-1.7579849,-1.968175,-0.44990686,-0.05055603,-1.1224753,-1.9197277,-1.9954921,-0.81156015,-1.5316707,-2.1783276,0.26046428,-0.5625833,-0.58778524,-0.809017,0.5,-0.8660254,0.0
2019-06-03 00:00:00,4.0,-0.72067463,-0.6906153,1.090992,-0.5402155,-0.2965807,-0.659844,-0.20890406,-0.44806793,-0.4498924,0.0018327592,0.698111,-1.2228936,-1.8245867,-2.0135117,-0.394889,-0.54365927,-0.97064257,-2.1397948,-2.0953119,-0.884885,-1.5769429,-2.2256901,0.3496626,-0.340064,-0.95105654,0.309017,0.5,-0.8660254,0.0
2019-06-04 00:00:00,4.0,0.10303311,-0.18881094,0.008396574,1.9095905,-0.7783066,-0.96945274,-0.2829586,0.21405983,-0.6617605,-0.2336952,0.47276825,-1.3788697,-1.7521063,-1.9206378,-0.26450658,-0.4344514,-0.77096874,-2.1190526,-2.0579097,-0.8512617,-1.3593756,-2.1409554,-0.8758376,-0.9836742,0.0,1.0,1.2246469e-16,-1.0,0.0
2019-06-05 00:00:00,4.0,-0.38584116,-1.3516194,-1.1037745,-0.02403991,-0.007668718,-1.2093118,-0.42936262,0.69707924,-0.49763346,-0.19364195,0.46323213,-1.1060795,-1.766621,-1.9159795,-0.14454907,-0.8049486,-0.75126266,-1.5625125,-2.0212872,-0.86869264,-1.3222554,-2.0938442,0.6160167,-1.4704356,0.95105654,0.309017,1.2246469e-16,-1.0,0.0
2019-06-06 00:00:00,4.0,0.6673288,-1.2651535,-1.0207056,0.040698994,-0.07756441,-0.41242987,0.5558426,2.0064223,-0.29921636,-0.1333011,0.42816395,-0.77284837,-1.436773,-1.6766344,0.1994488,-0.30479854,-0.6242551,-1.5067981,-1.8935293,-0.6878061,-0.8821349,-1.8233008,0.4766975,0.21181834,0.58778524,-0.809017,1.2246469e-16,-1.0,0.0
2019-06-10 00:00:00,4.0,0.3933129,0.34237733,-0.4893781,1.7914357,-1.3404353,-0.9241739,-0.56529367,0.31758958,-0.8656319,-0.5857785,0.04139136,-1.3773016,-1.2487943,-1.527918,0.5522414,0.02390724,-0.018774755,-1.1742207,-1.6639886,-0.5596382,-0.67035466,-1.7693169,-1.6922427,0.33676904,-0.58778524,-0.809017,1.2246469e-16,-1.0,0.0
2019-06-11 00:00:00,4.0,2.4016433,1.4374477,-0.76300955,-0.8504722,1.2510659,0.5777318,1.1163383,1.3443274,0.3044809,0.11061315,0.384955,0.19336398,-0.2258572,-0.8282947,1.4005327,1.3601037,0.5869175,-0.2584897,-1.0731008,0.2449871,0.35081032,-1.0102571,1.3620677,0.2499659,0.0,1.0,1.2246469e-16,-1.0,0.0
2019-06-12 00:00:00,4.0,0.8462681,0.689358,0.04186904,0.2700294,-0.14764649,-0.38335428,-0.71540815,0.5602916,-0.004458233,-0.09376179,0.18556608,-0.12168698,0.05206032,-0.60329634,2.0730917,1.64246,0.88513744,-0.26160505,-1.06631,0.6119488,0.69779235,-0.82504416,-0.10625345,0.0070073092,0.95105654,0.309017,1.2246469e-16,-1.0,0.0
2019-06-13 00:00:00,4.0,-1.7301204,-1.4437633,-1.0478108,-0.34894738,0.92637604,-0.20058839,-0.04734237,-0.8903426,0.8268867,0.56066257,0.7087012,0.70792186,-0.44641888,-0.9430084,1.9004375,1.0639408,0.21204248,-0.29043013,-1.4299536,-0.032994952,0.09102861,-1.0609978,0.93405247,0.9726171,0.58778524,-0.809017,1.2246469e-16,-1.0,0.0
2019-06-14 00:00:00,4.0,0.04149297,0.27758783,-1.0478108,2.4374642,1.6074921,-0.22813298,-0.17049293,-0.39012915,1.0847858,0.8213783,0.8982571,0.9238072,-0.44244272,-0.92272323,1.7704352,0.80311143,0.37737206,-0.3872246,-1.3355776,0.016307512,0.1465885,-0.9758614,1.2834305,0.7963897,-0.58778524,-0.809017,1.2246469e-16,-1.0,0.0
2019-06-17 00:00:00,4.0,-0.5706401,-0.54515296,0.83134174,-0.008724827,-0.8650333,0.29460737,0.17073694,-0.4969533,0.5112207,0.50946426,0.71216214,0.23536454,-0.59516525,-1.0176804,1.6160951,0.40624398,0.31676537,-0.5003037,-1.3850863,-0.2362667,-0.0068550846,-1.0943962,-1.1165736,0.7770191,-0.95105654,0.309017,1.2246469e-16,-1.0,0.0
2019-06-18 00:00:00,4.0,0.5310052,-0.1808444,2.7889566,-1.3952639,-0.21953863,-1.074281,-0.9157135,0.8110271,0.50777596,0.5158317,0.6928971,0.24405007,-0.41334376,-0.8759409,1.5351795,-0.37257862,0.6949048,-0.17388692,-1.3539243,0.066187434,0.19505131,-0.94711053,-0.31912518,0.5868527,0.0,1.0,1.2246469e-16,-1.0,0.0
2019-06-19 00:00:00,4.0,1.1687809,1.03307,-0.10818239,-0.31455955,0.98885703,-0.8002041,0.026529603,0.43185654,0.46359792,0.47354507,0.61543316,0.24148123,-0.011044587,-0.5805602,1.6492066,-0.24504134,1.01405,0.1517429,-1.3492478,0.79571164,0.5873022,-0.68602926,0.85047233,0.9891954,0.95105654,0.309017,1.2246469e-16,-1.0,0.0
2019-06-20 00:00:00,4.0,2.588528,-0.20198257,-1.0373381,2.6127303,-1.048958,0.5870672,0.9043971,3.0,1.4063128,1.1040473,0.9610683,1.320908,0.77727056,0.061180096,1.9540389,1.6436763,1.9077618,0.7629653,-1.0262437,2.0811841,1.3424498,-0.09199919,-1.3943566,1.2012237,0.58778524,-0.809017,1.2246469e-16,-1.0,0.0
2019-06-21 00:00:00,4.0,1.2514803,1.4582226,-0.83480126,-0.5952762,0.048760902,-0.119881086,-0.4958012,0.5048495,0.970581,0.85823005,0.7699651,0.8546339,1.0746288,0.34882456,2.3306057,2.1220753,2.0372496,0.97293365,-0.78575295,2.1172264,1.6868596,0.18280216,0.097224005,1.7259798,-0.58778524,-0.809017,1.2246469e-16,-1.0,0.0
2019-06-24 00:00:00,4.0,-0.2318637,-0.9461926,-0.9915159,0.9280371,-0.84253556,0.80987,0.4585978,0.15973274,0.27966827,0.4255006,0.49830642,0.059746683,0.96534026,0.29229397,2.4639485,2.1673033,1.8080276,1.2191569,-0.687733,1.6175995,1.5597053,0.16664553,-1.1772375,0.63882756,-0.95105654,0.309017,1.2246469e-16,-1.0,0.0
2019-06-25 00:00:00,1.0,0.17072079,0.71810836,0.82121027,-0.6627535,-0.24238056,-1.2917708,-1.251319,-0.29949778,-0.080967665,0.15200202,0.30148357,-0.32691553,0.99316293,0.3358109,2.419501,1.9624511,1.1877797,1.1623958,-0.6628725,1.4109294,1.5406708,0.23663607,-0.24474381,0.6312624,0.0,1.0,1.2246469e-16,-1.0,1.0
2019-06-26 00:00:00,1.0,-1.1483495,-1.2287457,-0.75459677,-0.021602526,1.2357568,-0.06385457,1.0227755,-0.32344884,0.26494002,0.40339947,0.5246031,0.016931437,0.5440015,0.045220662,1.9981457,1.0691167,0.62034714,0.9590722,-0.52890784,0.90549517,1.0209156,0.025226166,1.0999616,1.3465347,0.95105654,0.309017,1.2246469e-16,-1.0,1.0
2019-06-27 00:00:00,1.0,0.1498081,1.0972143,-0.2947073,-0.3839145,-0.2924134,-1.3780305,-0.7962918,-0.6699507,-0.05569619,0.1593615,0.34503025,-0.3239141,0.570487,0.081154756,1.7562907,0.09062849,1.1313952,0.8925143,-0.50995576,0.8446983,1.01388,0.084302455,-0.16221216,1.6099831,0.58778524,-0.809017,1.2246469e-16,-1.0,1.0
2019-06-28 00:00:00,1.0,1.4095143,1.4219528,-0.9732814,-0.4773118,0.29232046,-0.3787345,0.39103988,0.64298993,0.013352167,0.13447139,0.25751305,-0.14916451,0.93595815,0.41441992,1.6767135,0.14788684,1.496946,1.2437314,-0.38080758,1.104191,1.3622972,0.4192396,0.67093223,1.3164608,-0.58778524,-0.809017,1.2246469e-16,-1.0,1.0
2019-07-02 00:00:00,1.0,-0.26169035,-0.79992265,-0.95493025,1.2890667,-1.0928795,-1.0309753,-0.45775083,0.05201089,-0.4603073,-0.21842836,0.010988678,-0.68870574,0.81329995,0.34459132,1.5838577,0.1367585,1.544165,1.2459365,-0.41432762,0.8975586,1.2063946,0.39429733,-1.205347,1.1297566,-0.95105654,0.309017,1.2246469e-16,-1.0,1.0
2019-07-03 00:00:00,4.0,1.1633871,-0.28468093,0.26110056,1.1525129,-1.2327664,1.3223609,1.1706285,1.6747321,-0.23837842,-0.14707924,-0.009481806,-0.32417595,1.08819,0.6125136,1.5239931,0.5409792,1.6852674,1.5645871,-0.3653529,1.0686997,1.424427,0.67757267,-1.4349258,0.304208,0.95105654,0.309017,-0.5,-0.8660254,0.0
2019-07-04 00:00:00,4.0,-0.031061191,0.8147647,-0.050623853,0.19098157,-1.3450389,-1.519805,-1.2525395,-0.43787193,-0.7889049,-0.5741898,-0.33033675,-0.9554354,1.0588837,0.6071322,1.505406,0.99906623,1.3576605,1.5154098,-0.5783856,0.95720804,1.3487003,0.7294421,-1.5269274,-0.009301062,0.58778524,-0.809017,-0.5,-0.8660254,0.0
2019-07-05 00:00:00,4.0,-0.16215019,-0.7873875,1.1244446,-1.0386854,-0.6308063,-2.1295109,-0.92823505,0.19221713,-1.0008184,-0.7963459,-0.51929295,-1.1622036,0.9729737,0.5639395,1.359231,0.8854518,0.62347215,1.5264497,-0.6104245,0.8427262,1.1761769,0.73613405,-0.926676,2.1619325,-0.58778524,-0.809017,-0.5,-0.8660254,0.0
2019-07-08 00:00:00,4.0,-0.0041536787,-0.098875135,1.3794554,0.2347939,-1.1826068,-1.8175317,-0.34014672,-0.019269768,-1.3454938,-1.1335604,-0.81215537,-1.5355892,0.9566449,0.5674297,1.218407,0.30574495,0.2865166,1.39661,-0.7662991,0.7838324,1.0952907,0.79709375,-1.5377021,2.2064457,-0.95105654,0.309017,-0.5,-0.8660254,0.0
2019-07-09 00:00:00,4.0,-1.4851221,-0.9589553,-0.6657531,0.41698104,0.6126378,-0.751216,1.3049653,-1.1952255,-0.27986875,-0.40373698,-0.27085298,-0.18198675,0.32504478,0.14068228,0.6585148,-0.212581,-0.039346967,1.0687765,-0.94104433,0.2936589,0.3482857,0.3971722,0.7498356,2.6844087,0.0,1.0,-0.5,-0.8660254,0.0
2019-07-10 00:00:00,4.0,-0.6613306,-1.4244509,-0.7477393,-0.69453,-0.5472645,-0.71498513,-0.16706736,-0.09070058,-0.5294396,-0.57054037,-0.387794,-0.48985595,0.07872208,-0.038671378,0.2460001,-1.0280216,-0.26144886,0.55528015,-1.1004162,0.03976098,0.055419326,0.2608526,-0.76244634,2.4150314,0.95105654,0.309017,-0.5,-0.8660254,0.0
2019-07-11 00:00:00,4.0,0.43222934,-0.37568045,0.6693399,0.2671403,-1.185191,-1.0265689,-0.58665776,0.6806638,-0.932857,-0.90707326,-0.6886912,-0.9228848,0.2259456,0.08110565,0.0044445484,-0.82763016,0.16219534,0.49287882,-1.0669583,0.14253853,0.17270738,0.40917394,-1.4520864,2.450392,0.58778524,-0.809017,-0.5,-0.8660254,0.0
2019-07-12 00:00:00,4.0,0.90578693,0.7532335,1.6072477,-1.3873568,-0.35539496,-0.76445085,0.06215067,0.7267036,-0.68515056,-0.8035181,-0.6975513,-0.51032835,0.5527954,0.34565347,-0.023358073,-0.35671002,0.376917,0.9548621,-0.8988071,0.38344002,0.4354767,0.69428927,-0.6368159,2.1305025,-0.58778524,-0.809017,-0.5,-0.8660254,0.0
2019-07-15 00:00:00,4.0,0.22129537,0.69684756,1.5618851,-1.3117704,-0.64414614,-0.36623466,0.2811654,-0.10676048,-1.0188656,-1.081057,-0.95325416,-0.8779497,0.61829114,0.4119457,-0.030581564,-0.2564309,0.041463926,0.98528093,-0.7023785,0.38724747,0.42964342,0.8059743,-1.0333374,2.0431612,-0.95105654,0.309017,-0.5,-0.8660254,0.0
2019-07-16 00:00:00,4.0,0.37445912,1.0108567,-0.927099,0.8511659,2.4648633,-0.05094229,0.16384429,-0.7556959,-0.36906368,-0.6569981,-0.6983428,-0.0047219237,0.7449529,0.5287152,0.014227508,0.56627154,0.22479862,1.145169,-0.6706746,0.4633847,0.4359994,0.90312266,1.4026392,1.7903318,0.0,1.0,-0.5,-0.8660254,0.0
2019-07-17 00:00:00,4.0,0.29849526,0.48928073,-0.5958767,1.6519313,-1.1665064,-0.651538,-0.74804693,0.2013573,-0.97732306,-1.1027311,-1.0735443,-0.7274482,0.84073967,0.62421656,0.06315313,0.9830347,-0.028776651,1.1001309,-0.5505843,0.5495749,0.45416015,1.0568135,-1.5481901,1.6249683,0.95105654,0.309017,-0.5,-0.8660254,0.0
2019-07-18 00:00:00,4.0,-0.0053438204,1.1867741,-1.0052749,0.45978692,-0.32007903,-0.69790226,-0.28822476,-0.67415184,-1.0939605,-1.223725,-1.2099779,-0.84172064,0.81071234,0.62612265,0.06708599,0.7869673,-0.021541866,0.89844364,-0.73125935,0.46205485,0.34953076,1.0993199,-0.77176225,1.312303,0.58778524,-0.809017,-0.5,-0.8660254,0.0
2019-07-19 00:00:00,4.0,-0.37528008,0.978325,0.4509807,-0.82162476,-1.1640172,-0.6474529,-0.16097593,-0.8628728,-1.2488275,-1.3713961,-1.3583924,-1.015423,0.57830006,0.48768058,-0.030082129,0.2262425,-0.08283516,0.37040374,-0.7941779,0.016188513,0.13625118,1.0100585,-1.5275755,1.4576589,-0.58778524,-0.809017,-0.5,-0.8660254,0.0
2019-07-22 00:00:00,4.0,1.145929,1.2990837,-0.35072172,-0.7591385,0.21526967,0.22558229,0.97321916,0.6616062,-1.0151817,-1.2748151,-1.386519,-0.58960795,1.047676,0.88985276,0.09748698,0.6288783,0.25114805,0.34568435,-0.46436968,0.95383745,0.61356413,1.3732852,-0.34838676,-0.32889724,-0.95105654,0.309017,-0.5,-0.8660254,0.0
2019-07-23 00:00:00,4.0,-1.2885853,-1.3357136,-0.59033537,-0.46222383,1.0805837,-0.09674739,-0.4606358,-0.64767444,-0.416818,-0.81858623,-1.0218278,0.14694618,0.36184478,0.3885499,-0.08208658,-0.10456809,0.30166104,0.157693,-0.7171433,-0.271408,0.017824588,0.9055486,0.89963007,-0.8797335,0.0,1.0,-0.5,-0.8660254,0.0
2019-07-24 00:00:00,4.0,0.41173416,0.78302115,-0.5124593,0.7264991,-0.6814777,-0.4788096,-0.50893855,0.18277274,-0.90314806,-1.161952,-1.3283665,-0.44665217,0.51831824,0.5378411,-0.15612328,-0.05268101,0.6127085,0.20134676,-0.5154967,0.0448227,0.16555358,1.0501238,-1.081769,-0.66386944,0.95105654,0.309017,-0.5,-0.8660254,0.0
2019-07-25 00:00:00,3.0,0.2621503,-0.46611452,1.9319129,-1.2521166,0.21475233,-0.040666956,0.29644236,0.5970453,-0.8767266,-1.1609292,-1.3716022,-0.37221995,0.60423803,0.62833285,-0.16675791,0.06536107,0.56340224,0.455157,-0.25133702,0.16986813,0.22730802,1.1118616,-0.29820386,-1.71783,0.58778524,-0.809017,-0.5,-0.8660254,0.0
2019-07-26 00:00:00,3.0,0.30531386,0.29888546,0.1904998,1.0672865,-1.2491282,-0.3110837,-0.384199,0.30184403,-1.4306904,-1.5894601,-1.7534674,-1.0869504,0.71134233,0.73847586,-0.15241638,0.36394337,0.38894767,0.48576057,-0.20268697,0.34639606,0.31141165,1.23993,-1.5034628,-1.7788366,-0.58778524,-0.809017,-0.5,-0.8660254,0.0
2019-07-29 00:00:00,4.0,-0.6107076,-0.1211282,1.1001853,0.4543717,-0.7139518,0.88849616,0.93315274,-0.8113704,-1.3645204,-1.5774896,-1.7710298,-0.96214134,0.35636812,0.47706202,-0.2735739,-0.4075036,0.14807403,0.11947074,-0.5876204,-0.29915822,-0.0066231224,0.99799776,-1.24207,-2.4046865,-0.95105654,0.309017,-0.5,-0.8660254,0.0
2019-07-30 00:00:00,4.0,-0.944655,-0.8840138,-0.60767245,0.6944563,1.4634922,1.6423295,0.4172135,-0.55600554,-0.7064782,-1.1098504,-1.413129,-0.055216324,-0.1077573,0.08450725,-0.50248444,-0.2521425,-0.23536234,-0.004919385,-0.67044294,-1.0900999,-0.41313547,0.61871463,1.1060094,-1.8833284,0.0,1.0,-0.5,-0.8660254,0.0
2019-07-31 00:00:00,4.0,0.24880035,0.82374084,1.2527708,-1.4552295,-0.06826397,0.4080703,-0.9027349,-0.13799883,-0.9784182,-1.3038188,-1.6077776,-0.3900174,-0.014363032,0.176841,-0.63844955,-0.32602105,-0.24977235,-0.17671429,-0.86350244,-0.83292633,-0.29922134,0.6868326,-0.6970252,-2.0979264,0.95105654,0.309017,-0.5,-0.8660254,0.0
2019-08-01 00:00:00,4.0,-1.1894152,-1.2656358,-0.9375763,0.07451877,0.16938291,1.1406051,0.23237215,-0.93513745,-0.40858918,-0.8615649,-1.2419786,0.3077625,-0.52307594,-0.31347623,-0.8529523,-0.96947914,-0.5942592,-0.392293,-1.4590493,-1.5196524,-0.7265621,0.26264456,-0.18951966,-0.9090923,0.58778524,-0.809017,-0.5,-0.8660254,0.0
2019-08-02 00:00:00,4.0,-0.71968997,-0.09188642,1.4646367,-0.1399118,0.39726508,2.79818,1.1156508,-0.9764931,-0.4745626,-0.8473821,-1.194045,0.20008479,-0.7693715,-0.5784696,-1.1097103,-1.3810472,-0.6826952,-0.48649845,-0.71945626,-1.5948685,-0.9588279,0.013960029,0.0,-0.48701036,-0.58778524,-0.809017,-0.8660254,-0.5,0.0
2019-08-05 00:00:00,4.0,-2.2944314,-0.32390124,0.935233,-0.056478996,-0.53326267,3.0,1.0317434,-2.9267693,0.94358075,0.26409006,-0.21924718,1.7267584,-1.3374989,-1.3000876,-1.3455917,-2.023545,-1.6277674,-0.89418083,-1.7764065,-1.9165504,-1.4626089,-0.5432609,-0.9176513,0.21920769,-0.95105654,0.309017,-0.8660254,-0.5,0.0
2019-08-06 00:00:00,4.0,-2.650838,-1.5086883,-0.8734725,-0.69060194,1.9320623,2.0527503,-0.4074519,-2.065215,2.4655073,1.626535,1.043177,2.8494282,-1.7420338,-1.9284301,-1.6007202,-2.6206565,-1.9744054,-1.1150377,-2.3737774,-1.8882904,-1.8492203,-1.0006572,1.4888451,1.9533865,0.0,1.0,-0.8660254,-0.5,0.0
2019-08-07 00:00:00,4.0,-0.5362995,1.590832,-0.6820187,-0.8904291,2.94879,2.4849722,0.91662335,-3.0,3.0,2.433565,1.83908,3.0,-1.7729889,-1.9759479,-1.674772,-2.8188393,-2.1669796,-1.0868518,-1.6616058,-1.5221314,-1.6722544,-0.9482171,1.8170657,1.5307591,0.95105654,0.309017,-0.8660254,-0.5,0.0
2019-08-08 00:00:00,4.0,0.24168801,0.16018967,-0.6717904,2.4692757,0.30938515,0.6118157,-1.4370015,0.17069675,2.2081575,1.9874754,1.5962516,2.0896595,-1.6757059,-1.8526859,-1.7867838,-2.2317274,-2.096873,-1.1132094,-1.9189652,-1.1900254,-1.6010829,-0.96630585,0.6501056,1.4170877,0.58778524,-0.809017,-0.8660254,-0.5,0.0
2019-08-09 00:00:00,4.0,0.62027705,0.8053471,1.3324803,-1.4016644,0.50499314,0.5684186,-0.11423675,0.13887876,1.6698117,1.7119246,1.4345884,1.4568871,-1.4173443,-1.5989842,-1.6969124,-1.7277578,-1.9698569,-1.1615162,-1.0947849,-0.9272358,-1.4051093,-0.8825703,0.96735,1.5056447,-0.58778524,-0.809017,-0.8660254,-0.5,0.0
2019-08-12 00:00:00,4.0,-0.5751397,-1.7237831,-0.67932826,-1.4016644,0.8468933,0.03790588,-0.7100425,0.90494657,1.4621556,1.6651179,1.4989896,1.1167852,-1.4810251,-1.6785634,-1.5848526,-1.1046396,-1.9142025,-1.2855849,-1.5390948,-0.88663876,-1.4569424,-1.0145032,1.3140631,1.4131887,-0.95105654,0.309017,-0.8660254,-0.5,0.0
2019-08-13 00:00:00,4.0,-0.30268237,-0.2693001,2.0557263,-1.3660566,-0.068104036,-0.21232931,-0.4752683,-0.24023393,0.85724455,1.2816408,1.2779185,0.4304838,-1.5010685,-1.6978167,-1.5199938,-0.20163548,-1.720636,-1.3842808,-1.6741506,-0.8147783,-1.5007234,-1.1568437,-0.04411611,1.2698649,0.0,1.0,-0.8660254,-0.5,0.0
2019-08-14 00:00:00,4.0,-1.983028,-1.400088,-0.17744775,-1.2215544,0.7228268,1.040409,2.023686,-1.2973444,1.5481228,1.8644124,1.8733977,0.9580429,-1.7034041,-1.9850255,-1.4524909,-0.73327285,-2.1938822,-1.7406043,-2.002625,-0.96234936,-1.7348545,-1.4510124,1.140848,0.20506391,0.95105654,0.309017,-0.8660254,-0.5,0.0
2019-08-15 00:00:00,4.0,0.24217987,-1.4740117,-0.9984058,-0.43471748,1.8393288,0.84838516,-0.21849488,2.2107627,1.8104091,2.0870385,2.0941834,1.1584681,-1.6227677,-1.8751734,-1.2984623,-0.73216444,-1.8404863,-1.6718403,-1.6678802,-0.81258166,-1.4635803,-1.3119441,1.7457595,-0.5083932,0.58778524,-0.809017,-0.8660254,-0.5,0.0
2019-08-16 00:00:00,4.0,0.9021615,1.709943,-0.6938118,-1.0145152,2.208042,1.1262103,0.27913436,-1.5859607,2.3064775,2.4671152,2.415185,1.6015322,-1.2603669,-1.5461682,-0.9864275,-0.6197481,-1.4584885,-1.4461915,-1.1317786,-0.6138933,-1.0413225,-1.0157198,1.7387177,-0.43132704,-0.58778524,-0.809017,-0.8660254,-0.5,0.0
2019-08-19 00:00:00,4.0,1.0528322,1.0377871,-0.5002688,0.2582542,0.9884161,0.8178395,-0.32158715,0.08143753,2.0692954,2.3138673,2.321913,1.3752172,-0.861874,-1.1895341,-0.67404276,-0.022604013,-0.7025341,-1.4426851,-0.7961555,-0.4217916,-0.69509053,-0.81018716,1.4697808,0.22477303,-0.95105654,0.309017,-0.8660254,-0.5,0.0
2019-08-20 00:00:00,4.0,2.1504865,1.5707082,-0.33014715,-1.2917637,0.20529674,0.9276554,0.08572192,1.3141487,2.19383,2.3785534,2.3491561,1.5407251,-0.1089136,-0.49802226,-0.19750263,0.9082188,0.4435988,-0.86956996,0.7197765,-0.07313019,-0.111909665,-0.36506113,1.0412217,0.67105573,0.0,1.0,-0.8660254,-0.5,0.0
2019-08-21 00:00:00,4.0,-0.15602824,-0.24860303,0.7782636,0.5482553,-0.8569674,0.30305946,-0.62889993,-0.05623301,1.2084495,1.7106211,1.8996922,0.5144122,-0.17584969,-0.55157614,0.100291274,1.5506005,0.52963734,-0.9656679,0.48925406,-0.069278374,-0.12109078,-0.48396495,-0.8779968,0.54495627,0.95105654,0.309017,-0.8660254,-0.5,0.0
2019-08-22 00:00:00,4.0,0.20506723,0.84868246,-0.2386041,0.26964986,-0.5682592,0.005646972,-0.3599898,-0.22404228,0.59997976,1.2345706,1.5484078,-0.12843202,-0.14041714,-0.5113546,0.3636643,1.5121188,0.52488357,-0.9734258,0.63020307,-0.0028052342,-0.019267123,-0.5120638,-0.18599851,0.5420571,0.58778524,-0.809017,-0.8660254,-0.5,0.0
2019-08-23 00:00:00,4.0,-0.74193233,-1.3426573,-0.80184275,-0.273687,-0.21284878,0.10565939,0.12700129,0.114873126,0.37978023,1.0343163,1.432765,-0.39449307,-0.35840756,-0.69619507,0.46438688,0.9095681,0.20598927,-1.145614,0.13652699,-0.10367522,-0.1437282,-0.72590876,0.54631037,0.583654,-0.58778524,-0.809017,-0.8660254,-0.5,0.0
2019-08-26 00:00:00,4.0,0.55056256,0.7703969,-0.15613395,0.4348166,-0.35387424,-0.27098694,-0.4722142,0.13181336,0.13470292,0.76670545,1.1961697,-0.6204638,-0.18416727,-0.5369496,0.6036429,0.7329201,0.46939814,-0.9551656,0.5572685,0.04602848,0.083698906,-0.6544771,0.37394473,-0.014583142,-0.95105654,0.309017,-0.8660254,-0.5,0.0
2019-08-27 00:00:00,4.0,-1.7385594,1.4791483,-0.88809913,-0.5666412,0.6096399,1.3899776,2.072315,-3.0,1.8130825,1.9248804,2.1385396,1.0970366,-0.6391233,-0.9394675,0.38806018,-0.7019883,0.10748667,-1.1040382,-0.040112447,-0.33034065,-0.24982877,-0.8326782,1.2479767,-0.49228165,0.0,1.0,-0.8660254,-0.5,0.0
2019-08-28 00:00:00,4.0,0.014390749,-0.56947607,0.10414212,0.68956476,-1.1760166,0.761998,-0.56528085,0.2854315,0.88067335,1.3097074,1.6860788,0.08676209,-0.66969395,-0.95681024,0.3359862,-0.6388809,0.5741558,-1.1484355,0.23999214,-0.3254234,-0.20635125,-0.9696739,-0.9335177,-0.49831516,0.95105654,0.309017,-0.8660254,-0.5,0.0
2019-08-29 00:00:00,4.0,-0.10309508,-1.2151846,0.123646006,-0.92042774,-0.8159888,-0.9297011,-1.4947969,0.56234926,0.3397925,0.90720063,1.3815317,-0.5250253,-0.72904736,-0.9990818,0.2900863,-0.74886173,0.49233875,-0.978974,0.1580538,-0.3702155,-0.18858828,-1.1041954,-0.314073,-0.6014153,0.58778524,-0.809017,-0.8660254,-0.5,0.0
2019-08-30 00:00:00,4.0,0.39039835,0.48176226,-0.861175,1.7282032,-0.10170116,-0.22414573,0.77616745,0.09665823,0.21938369,0.747691,1.2261759,-0.61436963,-0.5991389,-0.88916785,0.30514157,-0.33632827,0.3780765,-0.8004003,0.47621644,-0.2422684,-0.012505024,-1.0438391,0.6819888,-0.5416041,-0.58778524,-0.809017,-0.8660254,-0.5,0.0
2019-09-02 00:00:00,4.0,0.149495,-1.1909117,-0.99576604,0.45276052,0.72913945,0.3381773,0.4169651,1.443908,0.5132459,0.8825425,1.2955095,-0.2322312,-0.5756512,-0.8646028,0.3218104,-0.4805696,0.16568948,-0.39897215,0.28554705,-0.16335927,0.06973033,-0.95405215,1.3323388,-0.67491794,-0.95105654,0.309017,-0.8660254,-0.5,0.0
2019-09-03 00:00:00,4.0,-0.2838209,-0.062758684,-0.110676065,2.0883372,-1.36849,-1.1871443,-1.5500172,-0.26255757,0.016638353,0.52170515,1.0307525,-0.81889415,-0.6918066,-0.9502689,0.3286512,0.06227788,-0.42730406,0.015843386,0.010166898,-0.34821945,-0.035324678,-1.1176008,-1.2659192,-2.2924423,0.0,1.0,-1.0,-1.8369701e-16,0.0
2019-09-04 00:00:00,4.0,-0.25633174,-0.16897224,2.1600473,-0.7438505,-0.7511156,-1.4018995,-0.5329504,-0.17318088,-0.29526597,0.24898459,0.81853205,-1.1444774,-0.7801227,-1.0121502,0.30765945,-0.034214422,-0.45011675,0.06259027,-1.0484275,-0.5085911,-0.1359906,-1.2269554,-0.20249094,-1.9563025,0.95105654,0.309017,-1.0,-1.8369701e-16,0.0
2019-09-05 00:00:00,4.0,3.0,1.6025118,-0.4747951,-1.2457507,2.821839,1.7888536,3.0,0.80067146,1.7499715,1.4744772,1.5127139,1.4144087,0.725271,0.26245832,0.6046112,1.3934228,0.42505777,0.6918518,0.24325556,1.6013057,0.8804007,-0.002085793,1.5836667,-1.223997,0.58778524,-0.809017,-1.0,-1.8369701e-16,0.0
2019-09-06 00:00:00,1.0,0.018268066,-0.04729427,0.7149733,1.0992744,0.1468703,0.3505625,-0.9908982,0.11286136,1.4084562,1.340378,1.4427986,0.976435,0.69748175,0.24595205,0.8364239,1.2458876,0.6087822,0.590987,0.9382058,1.3942267,0.84440106,-0.0028350316,1.0633628,-1.3156147,-0.58778524,-0.809017,-1.0,-1.8369701e-16,0.0
2019-09-09 00:00:00,1.0,0.631305,-0.73698384,-0.7391689,1.1881864,-0.67137825,0.08961217,-0.2945062,1.1873716,0.77092487,0.93960696,1.1489189,0.2673813,0.87371993,0.42939943,1.0700246,1.4168574,0.6375733,0.80098397,1.1970686,1.4464743,0.99875826,0.13823205,-0.4087827,-1.3737978,-0.95105654,0.309017,-1.0,-1.8369701e-16,0.0
2019-09-10 00:00:00,1.0,-0.00727494,-0.6408868,0.262469,0.30828708,-0.79150623,-0.3920849,-0.45653498,0.33366165,0.11992021,0.49690968,0.8378145,-0.49983388,0.834739,0.40477645,1.2228155,1.4898604,1.0580332,0.84520596,1.3965383,1.2206018,0.97863925,0.11467944,-0.77774245,-1.455763,0.0,1.0,-1.0,-1.8369701e-16,0.0
2019-09-11 00:00:00,1.0,0.038381718,-1.2125918,-0.35778648,-0.38897324,-0.57174766,-0.29183698,-0.056226708,0.7313117,-0.26149666,0.18724719,0.6028545,-0.9250091,0.8151325,0.3946513,1.2785424,1.5599744,1.0558828,1.1707397,1.1960523,1.0828782,0.9262382,0.1208983,-0.1492637,-0.6932817,0.95105654,0.309017,-1.0,-1.8369701e-16,0.0
2019-09-12 00:00:00,4.0,1.6026525,1.4888079,-1.0305431,-0.4785492,0.47091532,0.42943385,0.51077765,0.5496896,0.019556554,0.26535323,0.56846505,-0.42850187,1.299256,0.90020305,1.3673474,0.84578127,1.4724262,1.4055673,1.4490855,1.5047071,1.2940863,0.6164796,1.2522274,-0.45338675,0.58778524,-0.809017,-1.0,-1.8369701e-16,0.0
2019-09-13 00:00:00,4.0,-0.1843926,-1.1646043,-1.0347388,0.44494966,-0.119943336,-1.0662138,-1.2889861,0.7068262,-0.1150054,0.14699852,0.47745433,-0.57833385,1.1700822,0.81527686,1.3905306,0.7782477,1.3340232,1.2133036,0.34236565,1.2634009,1.1513563,0.5737719,0.5001031,-0.44317988,-0.58778524,-0.809017,-1.0,-1.8369701e-16,0.0
2019-09-16 00:00:00,4.0,0.9869395,1.2511657,-0.8356039,-0.06694172,-0.19540851,-1.203155,-0.501561,0.45985192,-0.32332224,-0.061091136,0.2735006,-0.756041,1.4145095,1.0884923,1.4823284,0.9085025,1.5352957,1.2018107,0.2542901,1.4114242,1.3988179,0.8735254,0.34052545,-0.6290161,-0.95105654,0.309017,-1.0,-1.8369701e-16,0.0
2019-09-17 00:00:00,4.0,-0.7115733,-0.71326935,-1.0354967,1.5821934,-0.45254135,0.8123126,2.5942993,-0.41903588,-0.20577808,-0.007863386,0.3150411,-0.5869482,1.041711,0.82681525,1.3384396,0.66878563,1.4287726,0.7249808,0.04691092,1.0438821,1.0933722,0.6565213,-0.25140712,-0.9438489,0.0,1.0,-1.0,-1.8369701e-16,0.0
2019-09-18 00:00:00,4.0,-1.058601,-1.0864657,-0.8602262,0.37124872,-0.36060178,0.11809431,-0.63707775,-0.5952914,0.04293452,0.15827134,0.45261562,-0.28718644,0.57337743,0.47278905,1.0192881,0.2650871,1.2211317,0.5689825,-0.4847401,0.6280407,0.680747,0.344354,0.06264056,-1.0569607,0.95105654,0.309017,-1.0,-1.8369701e-16,0.0
2019-09-19 00:00:00,4.0,-0.04511552,-0.9681656,0.36806178,-0.67885447,-0.80200225,-0.77043283,-0.9375223,0.3913383,-0.511376,-0.23538987,0.15979649,-0.97453225,0.5275365,0.43892816,0.83603936,-0.39265606,0.32726,0.52828646,-0.044320952,0.5602857,0.65687734,0.32424706,-1.2185998,-1.017869,0.58778524,-0.809017,-1.0,-1.8369701e-16,0.0
2019-09-20 00:00:00,4.0,-0.9002205,-1.3998913,-1.0102798,-0.35267666,0.6242952,-0.79465777,-0.21855529,0.45746633,-0.12645938,-0.0021632612,0.32819566,-0.4568743,0.1627323,0.14909044,0.45719925,-0.66664106,0.104886815,0.49640653,-0.5171046,0.21447287,0.28204823,0.073368184,1.1769958,-0.99568886,-0.58778524,-0.809017,-1.0,-1.8369701e-16,0.0
2019-09-23 00:00:00,4.0,0.0062607443,-1.0839899,-0.16272971,-0.59246063,-0.7932312,0.3800064,1.4016956,0.45426565,-0.6496871,-0.38462073,0.034938022,-1.1003501,0.13922954,0.13282444,0.2231753,-1.0298012,-0.05297974,0.40816298,-1.1423087,0.18005201,0.25364026,0.060449883,-1.2320206,-0.13678493,-0.95105654,0.309017,-1.0,-1.8369701e-16,0.0
2019-09-24 00:00:00,4.0,-0.63289535,-1.3922647,-0.7631206,-0.75986594,-0.06538104,-0.84776926,-1.2160811,0.29360974,-0.63655657,-0.4200411,-0.003400494,-1.038174,-0.10976471,-0.0699434,-0.07716044,-0.9906906,-0.2088446,0.60470635,-1.3439294,-0.10044856,-0.05089986,-0.12734848,0.40444905,0.9441467,0.0,1.0,-1.0,-1.8369701e-16,0.0
2019-09-25 00:00:00,4.0,0.36415493,-0.08305169,1.0575058,0.57109445,-0.6435912,0.776185,1.806012,0.5481446,-0.94580084,-0.69839954,-0.25502345,-1.3717028,0.00825009,0.030099744,-0.24387503,-0.45711064,-0.13238898,0.6748032,-1.720032,-0.052787088,0.00044106838,-0.016010603,-0.805959,0.6796913,0.95105654,0.309017,-1.0,-1.8369701e-16,1.0
2019-09-26 00:00:00,4.0,-1.0515274,-1.3165655,-0.6053082,-0.8333045,-0.22701514,0.06345907,-0.6322565,-0.34362948,-0.6621561,-0.54671323,-0.15438922,-0.94281363,-0.37611315,-0.29450846,-0.5151613,-0.8343607,-0.83555764,0.5147258,-2.153528,-0.5303564,-0.48642755,-0.33115825,0.22008005,0.3922077,0.58778524,-0.809017,-1.0,-1.8369701e-16,1.0
2019-09-27 00:00:00,4.0,0.5103606,-0.19668204,-0.44613323,1.8528476,-0.644442,-0.09232157,-0.26842418,0.7831359,-0.9852904,-0.8253019,-0.41447622,-1.3006853,-0.18366314,-0.13678311,-0.63632524,-0.3037688,-0.6583086,0.54685605,-1.8188818,-0.4199509,-0.38176957,-0.17128445,-0.94642454,0.40651652,-0.58778524,-0.809017,-1.0,-1.8369701e-16,1.0
2019-09-30 00:00:00,4.0,-0.15447113,-0.099934034,-0.043778833,1.6202443,-0.6157188,-1.4532421,-1.4445106,-0.10163646,-1.1636119,-1.0069162,-0.59021354,-1.4806441,-0.26967046,-0.20638806,-0.73634154,-0.36463425,-0.9462385,0.49972188,-1.8407452,-0.56707007,-0.5565926,-0.22697721,-1.0155584,0.45199132,-0.95105654,0.309017,-1.0,-1.8369701e-16,1.0
2019-10-02 00:00:00,4.0,0.6371351,1.3075371,-0.2184189,-0.5972396,0.3668917,-0.7328646,1.0106444,-0.3261521,-0.82534397,-0.8535769,-0.5606819,-0.88240767,0.0015072883,0.01137645,-0.60962605,0.111874774,-0.60128576,0.67680603,-0.9364209,-0.4210543,-0.31491515,0.07120997,0.9623269,0.5261591,0.0,1.0,-1.0,-1.8369701e-16,1.0
2019-10-03 00:00:00,4.0,-0.060037512,0.8939119,-0.34094533,0.4629903,0.016944358,-1.0339003,-0.45687327,-0.67927927,-0.7283099,-0.8140608,-0.574666,-0.69235015,-0.06222472,-0.034363527,-0.5344957,-0.046384703,-0.3424644,0.7115758,-0.6875845,-0.61641985,-0.4213187,0.08287447,0.4626383,0.22718072,0.58778524,-0.809017,-0.8660254,0.5,0.0
2019-10-04 00:00:00,4.0,0.37268603,1.3559738,-0.080891155,-1.033403,1.0097512,-1.1450721,-0.28998193,-0.74938965,-0.49229953,-0.67694074,-0.5277278,-0.3043249,0.08138999,0.082263134,-0.39074183,0.49016032,-0.23777375,0.08208483,-0.7008007,-0.4246348,-0.24057613,0.266553,0.91494983,-0.9376696,-0.58778524,-0.809017,-0.8660254,0.5,0.0
2019-10-08 00:00:00,4.0,-0.9158202,-1.0620545,-0.9985378,0.37876326,2.1925802,-1.0478593,-0.14538075,0.4975777,0.20981592,-0.16607481,-0.1519245,0.56128436,-0.3216995,-0.24123111,-0.3991636,-0.04516893,-0.23553939,-0.09388763,-1.4450508,-0.7807047,-0.5250284,0.0422476,1.3512233,-1.7479708,-0.95105654,0.309017,-0.8660254,0.5,0.0
2019-10-09 00:00:00,4.0,0.4204041,0.26653013,2.0530136,-0.4030019,0.8880094,0.4739746,1.579798,0.3498046,0.3013248,-0.055397302,-0.09202921,0.6475421,-0.1506555,-0.10422625,-0.3449712,0.17051172,-0.1315595,-0.14234261,-1.3378875,-0.5453178,-0.32421216,0.22562984,0.89290375,-2.0053556,0.95105654,0.309017,-0.8660254,0.5,0.0
2019-10-10 00:00:00,4.0,-0.6131078,-0.37175256,1.68194,-0.7672421,-0.8100388,0.022931043,-0.46832278,-0.50225645,-0.09447644,-0.25796294,-0.21612325,0.09971524,-0.4219565,-0.33139238,-0.41990694,-0.2982406,-0.12475906,-0.26251215,-1.7065002,-0.7210667,-0.5757489,0.02252142,-0.8495539,-2.1476946,0.58778524,-0.809017,-0.8660254,0.5,0.0
2019-10-11 00:00:00,4.0,0.26516113,0.61740935,0.5059545,0.36059237,-0.18877567,-0.32676554,-0.4452374,-0.038873114,-0.28772876,-0.383739,-0.3290041,-0.127463,-0.34148684,-0.26377326,-0.40696055,-0.17761746,-0.14976546,-0.22235383,-1.6821773,-0.5539238,-0.4666005,0.13128284,-0.011101359,-1.9622641,-0.58778524,-0.809017,-0.8660254,0.5,0.0
2019-10-14 00:00:00,4.0,2.2428584,1.4851364,-0.16896439,-1.1910782,0.9549581,1.1087462,1.0963552,1.4702044,0.5908563,0.17605728,-0.022181276,1.0214707,0.82781744,0.72407466,0.0078049423,0.56909436,0.705883,-0.09821153,-0.72977036,0.4031523,0.5077002,0.97691673,0.90183455,-1.3361195,-0.95105654,0.309017,-0.8660254,0.5,0.0
2019-10-15 00:00:00,4.0,0.8434777,0.11282569,0.95199,1.1786342,-0.518262,1.0799506,-0.07566951,1.106144,0.26693848,0.0035183432,-0.16725852,0.62522364,1.137486,1.041852,0.34437987,1.2353106,0.79450834,0.117784075,-0.23080067,0.8019957,0.82322013,1.2770305,-0.4655141,-1.3333265,0.0,1.0,-0.8660254,0.5,0.0
2019-10-16 00:00:00,4.0,0.06340122,-0.9551629,-1.0439246,0.52330697,-1.0815859,-0.20607308,-0.9086562,0.549175,-0.3894742,-0.41987875,-0.47580382,-0.17674066,1.1178238,1.045934,0.57245576,1.0954893,0.8456453,-0.07082759,-0.6430473,0.9392194,0.8843197,1.3396719,-1.400149,-1.2241961,0.95105654,0.309017,-0.8660254,0.5,0.0
2019-10-17 00:00:00,4.0,0.65544546,0.8800387,-0.485009,0.7593052,-0.29410926,0.15630367,0.08096844,0.3707639,-0.6384515,-0.63267994,-0.67529404,-0.43062106,1.3308067,1.277922,0.78766304,1.5420103,0.8511428,0.2128555,0.1309905,1.3854424,1.1426121,1.5564035,-0.2050523,-1.3578011,0.58778524,-0.809017,-0.8660254,0.5,0.0
2019-10-18 00:00:00,4.0,0.7268136,0.44417295,0.9985899,0.26948598,-0.6229693,-0.5481723,-0.6672068,0.7731508,-0.76729655,-0.7814315,-0.842334,-0.51770663,1.548029,1.5282178,0.9890286,1.6773387,1.0456448,0.5852719,0.27754772,1.7029978,1.3873554,1.7911643,-0.95260644,-1.1872444,-0.58778524,-0.809017,-0.8660254,0.5,0.0
2019-10-21 00:00:00,4.0,-0.34421057,-0.9209988,-0.06592109,-0.41793588,0.24710883,-0.20868388,0.15059197,0.41338605,-0.7086669,-0.7712316,-0.85180956,-0.41748595,1.2714679,1.3293749,0.982745,0.7156737,0.8637853,0.52388537,0.03093226,1.3943691,1.1730785,1.5985607,0.34084782,-1.091612,-0.95105654,0.309017,-0.8660254,0.5,0.0
2019-10-22 00:00:00,4.0,0.12531582,0.25570446,1.4970596,0.30108595,-1.2279445,-1.4210333,-1.1112262,0.12827347,-1.2096303,-1.178556,-1.2059247,-1.0064545,1.2692461,1.3451918,0.99394566,0.44797078,1.1092188,0.73836577,-0.036054887,1.3036644,1.1931621,1.661944,-1.664226,-1.1086493,0.0,1.0,-0.8660254,0.5,0.0
2019-10-23 00:00:00,4.0,0.2998303,-0.21042605,-0.12271703,1.4440097,-1.3300554,-0.20496994,1.1616834,0.5141949,-1.6271487,-1.5771959,-1.5907967,-1.4765204,1.3336061,1.4243636,1.0046383,0.5330739,1.0723896,0.7967253,0.33598143,1.290627,1.2856439,1.7790833,-1.820067,-1.1853479,0.95105654,0.309017,-0.8660254,0.5,0.0
2019-10-24 00:00:00,4.0,-0.6770677,-1.0088524,-0.41901073,-0.29848254,0.32482085,-0.7758834,-0.57750356,0.05795885,-1.3503596,-1.4574183,-1.5458198,-1.0413232,0.8573653,1.0588475,0.7610253,0.048560515,1.0420861,0.7813391,0.4205644,0.8010873,0.86282957,1.3765875,0.35289317,-1.2748077,0.58778524,-0.809017,-0.8660254,0.5,0.0
2019-10-25 00:00:00,4.0,0.8755831,1.3606437,-0.7822558,-0.13052158,-0.6894272,-0.08959512,0.39170134,0.48176908,-1.4446741,-1.6230428,-1.7945374,-1.0578994,1.1902666,1.384099,0.7296349,0.103412375,1.1809709,0.8848791,0.69974804,1.103988,1.1735563,1.6792341,-1.0205289,-1.208129,-0.58778524,-0.809017,-0.8660254,0.5,0.0
2019-10-28 00:00:00,4.0,-0.39203805,-1.1977487,-1.0393388,-0.14900523,-0.9989295,-0.97174907,-0.8226425,0.086161315,-1.6401213,-1.8191689,-2.0062723,-1.3030409,0.9054475,1.1493858,0.5998023,0.087592065,0.53412336,1.0080646,0.9993668,0.7800285,0.9039039,1.4226606,-1.4922591,-0.99597925,-0.95105654,0.309017,-0.8660254,0.5,0.0
2019-10-29 00:00:00,1.0,0.8163654,1.0160085,1.1596878,-1.2414054,-0.40919673,0.041016936,0.7273496,0.52914315,-1.3575505,-1.6912596,-2.0129092,-0.8044684,1.1960217,1.4251716,0.5758661,0.34240577,0.5231047,1.0628647,1.5800155,1.0482329,1.1438733,1.6512494,-0.47657362,-0.8317832,0.0,1.0,-0.8660254,0.5,0.0
2019-10-30 00:00:00,4.0,-0.36964777,-1.2953736,-1.0175912,-0.46001992,0.031409137,0.15014502,-0.029555062,0.6544058,-1.2069451,-1.5796964,-1.9373916,-0.59277135,0.9569534,1.2174383,0.45282334,0.10371118,0.42725348,1.0182427,2.2133358,0.7696233,0.8701557,1.395983,0.007595505,-0.8862449,0.95105654,0.309017,-0.8660254,0.5,0.0
2019-10-31 00:00:00,4.0,-0.49728817,-0.7328788,-0.05440961,0.09772751,-0.73118156,0.29782403,-0.03787783,-0.10551125,-1.3460039,-1.6512691,-1.9720287,-0.81318456,0.70097154,1.0017139,0.26651728,0.20229957,0.16114394,0.8073334,2.8802984,0.47273612,0.6168127,1.1803613,-1.0401483,-0.9381659,0.58778524,-0.809017,-0.8660254,0.5,0.0
2019-11-01 00:00:00,4.0,0.86561483,1.317524,0.5711875,-1.3704485,0.25096184,1.5717535,0.5812926,0.14275551,-1.1170421,-1.4946936,-1.8667545,-0.35716024,1.0495179,1.310573,0.2471773,0.17285211,0.17834525,0.97823566,3.0,0.83072567,0.91242856,1.4527168,0.24530561,-1.4249675,-0.58778524,-0.809017,-0.8660254,0.5,0.0
2019-11-04 00:00:00,4.0,0.671578,1.8078169,-1.0138719,-1.271599,0.3071975,-0.37392557,-0.9039003,-0.60296875,-1.0409977,-1.4323345,-1.8248814,-0.17287163,1.2936866,1.5313444,0.33228424,0.6392081,0.442106,1.0305029,2.9966347,1.0585517,1.1306256,1.6432141,0.24740176,-1.2211518,-0.95105654,0.309017,-0.5,0.8660254,0.0
2019-11-05 00:00:00,4.0,1.5669503,1.7884809,-1.0138732,-1.3594816,-0.14031447,0.9715977,0.63416386,0.9617477,-0.5823947,-1.1298014,-1.6336576,0.66721404,1.7612594,2.0051303,0.60648465,0.96302193,0.8266371,1.4956691,3.0,1.619689,1.6092259,2.0336833,-0.32061172,-0.29681668,0.0,1.0,-0.5,0.8660254,0.0
2019-11-06 00:00:00,4.0,0.39131206,0.57812923,-0.13047405,1.1141707,0.31852913,0.8387656,-0.19223534,0.20424306,-0.7408813,-1.1859543,-1.6566256,0.40326557,1.8381447,2.0699017,0.8641462,1.3185606,0.87881196,1.4852418,3.0,1.5504742,1.6737767,2.0934436,-0.06624185,-0.19718455,0.95105654,0.309017,-0.5,0.8660254,0.0
2019-11-07 00:00:00,4.0,-0.099235944,0.48201552,0.5455996,0.7167839,-0.74095935,-0.8934021,-0.8910092,-0.32123506,-1.0358279,-1.3372997,-1.7348808,-0.13078408,1.7944096,1.9981846,1.0059667,1.4683673,1.0917147,1.5909133,2.8738744,1.3900098,1.5549436,2.0270782,-0.99569434,0.5787512,0.58778524,-0.809017,-0.5,0.8660254,0.0
2019-11-08 00:00:00,4.0,0.43806544,0.75067776,-0.28676558,0.63866645,1.662311,-0.6922423,-0.017931819,-0.096708484,-0.78072834,-1.1659399,-1.6064192,0.33551326,1.9235814,2.1182952,1.0443177,1.2842057,1.0201131,1.6460183,3.0,1.5184307,1.5934647,2.0483527,0.88958234,0.7238421,-0.58778524,-0.809017,-0.5,0.8660254,0.0
2019-11-11 00:00:00,4.0,-0.9066415,-1.362968,-1.0519891,-0.40523672,1.1114737,-0.0076272576,0.20878127,0.18940346,-0.7042433,-1.072309,-1.4926354,0.4039333,1.4223586,1.7440754,0.81727594,0.6256925,0.9585587,1.0480556,2.7542531,0.96353626,1.0894716,1.6798027,0.56677175,-0.7904918,-0.95105654,0.309017,-0.5,0.8660254,0.0
2019-11-12 00:00:00,4.0,-2.7300317,-1.3868498,-1.037857,-0.6209582,3.0,2.0963914,0.7835069,-1.7351619,1.0988333,0.18344921,-0.5294104,2.6989107,-0.022212377,0.5973673,-0.19953932,-1.3107481,-0.26238748,0.3296167,1.9429897,-0.5050506,-0.3939281,0.5824267,1.6579639,0.3038565,0.0,1.0,-0.5,0.8660254,0.0
2019-11-13 00:00:00,1.0,0.42918518,0.071871266,-0.8159019,3.0,0.19535154,-1.4020268,-1.3453083,0.70416635,0.6192982,-0.0024057487,-0.63032013,1.8750752,0.16734393,0.75965255,-0.65130025,-1.2765015,0.028229358,0.4234552,1.7734243,-0.29664665,-0.24251227,0.69473934,0.1140735,0.56767267,0.95105654,0.309017,-0.5,0.8660254,0.0
2019-11-14 00:00:00,1.0,-1.8688704,-1.0365034,-1.0010241,0.19533123,0.3447225,1.6693608,1.722291,-1.7897086,1.5162256,0.7250638,-0.051114097,2.5430806,-0.60034126,0.04802115,-1.2892585,-1.9960586,-0.4806303,-0.13675909,0.9664587,-1.3039607,-1.0433079,0.09402658,0.31546038,0.8417661,0.58778524,-0.809017,-0.5,0.8660254,0.0
2019-11-15 00:00:00,1.0,-0.9409252,-0.42048067,1.0761104,-0.0877965,1.4201187,0.344844,-0.6144241,-0.7742698,1.418798,0.85612684,0.12845817,2.0930703,-0.9223762,-0.28807622,-1.7922221,-2.4806669,-1.1226768,-0.53669775,0.8091472,-1.632915,-1.3816394,-0.20357531,1.2076972,0.8553776,-0.58778524,-0.809017,-0.5,0.8660254,0.0
2019-11-18 00:00:00,4.0,0.007683148,-1.3203645,-0.67705214,-0.96975815,-0.36058283,-1.1120933,-0.83914894,1.1417785,0.7118742,0.51241964,-0.038820345,1.1696568,-0.9155415,-0.30007437,-2.0635421,-2.07818,-1.3354938,-0.46461838,0.76599485,-1.4931157,-1.3753498,-0.23390822,-0.4068927,0.739057,-0.95105654,0.309017,-0.5,0.8660254,0.0
2019-11-19 00:00:00,4.0,1.2845457,1.5215799,-0.6225223,-0.8935375,0.16065985,-0.20571631,0.49585435,0.6015607,0.5880947,0.4451563,-0.089303024,1.0231429,-0.301139,0.20775262,-1.8557589,-0.43547392,-1.4021313,-0.19905329,1.1507424,-0.8444353,-0.78271127,0.14216664,0.21992564,0.55098814,0.0,1.0,-0.5,0.8660254,0.0
2019-11-20 00:00:00,4.0,1.4394273,1.5845739,-0.96404606,-0.80938804,2.0616388,0.29717094,0.11269737,-0.12449478,0.8583347,0.6311373,0.022108655,1.317522,0.3012637,0.7494448,-1.3615601,-0.007759056,-1.0071435,0.09144672,1.305215,-0.1377921,-0.13196959,0.56771535,1.5952212,0.32375062,0.95105654,0.309017,-0.5,0.8660254,0.0
2019-11-21 00:00:00,4.0,-0.8339214,-0.40065953,-0.15441613,1.069475,-1.3960558,-0.6353656,-0.51543415,-1.3496855,0.5277662,0.5002398,0.0049854014,0.7973619,-0.04742683,0.42893264,-1.2078701,0.41553536,-1.2497902,0.068314195,1.4671118,-0.5487797,-0.5076007,0.31393498,-1.6316888,0.7384033,0.58778524,-0.809017,-0.5,0.8660254,0.0
2019-11-22 00:00:00,4.0,-1.6010386,-0.62313664,-0.9519612,1.1951652,-0.16163877,1.0509742,0.7406447,-2.2924047,1.4088097,1.2122693,0.5915281,1.484528,-0.68045145,-0.18891309,-1.2710881,0.13051099,-1.8970672,-0.6879447,1.1494027,-1.2585176,-1.1255355,-0.20863558,0.041798122,1.0519135,-0.58778524,-0.809017,-0.5,0.8660254,0.0
2019-11-25 00:00:00,4.0,0.41128623,0.19838709,1.4065982,0.7439393,-1.0357189,-1.6490562,-1.2034636,0.7231538,0.5772673,0.70696694,0.30321297,0.59778196,-0.5021925,-0.03210733,-1.2630669,0.30556324,-1.4435455,-0.47013134,1.2306758,-1.016928,-0.9573668,-0.09016329,-1.0409862,1.1908964,-0.95105654,0.309017,-0.5,0.8660254,0.0
2019-11-26 00:00:00,4.0,1.3515186,0.91063404,1.3276123,-1.1035322,-0.4021234,0.08761668,0.9597463,1.7912288,1.0095228,0.98254097,0.4755183,1.0606109,0.08850124,0.5281407,-0.91028595,0.35133415,-0.077008255,-0.32348403,1.3867701,-0.32997862,-0.31162745,0.37385407,-0.11684804,1.4612046,0.0,1.0,-0.5,0.8660254,0.0
2019-11-27 00:00:00,4.0,-0.35476258,-1.3911798,-0.29686007,-1.4203455,0.17507301,2.8288696,1.6592555,1.2036142,0.65609455,0.80146706,0.42881408,0.61556566,-0.0691485,0.3771626,-0.74791884,-0.42968985,-0.33975896,-0.33024755,1.2760069,-0.4878987,-0.45275816,0.26440933,0.8218126,1.3676809,0.95105654,0.309017,-0.5,0.8660254,0.0
2019-11-28 00:00:00,4.0,0.06226947,0.27732003,-0.050730478,1.9365177,-1.846832,-1.1173339,-1.6808716,0.043536868,-0.412295,0.034425266,-0.06302551,-0.5209018,-0.034119923,0.4132337,-0.61747897,-0.049106028,0.29554623,-0.14456666,1.3210149,-0.45349514,-0.4256507,0.34011632,-1.7603693,1.3881168,0.58778524,-0.809017,-0.5,0.8660254,0.0
2019-11-29 00:00:00,1.0,-0.2996387,1.072506,1.2755108,-1.4044683,-0.60124415,-1.3618133,-0.48318118,-1.4972897,-0.732433,-0.27297586,-0.2586306,-0.86256444,-0.18838717,0.2743168,-0.55046415,0.512389,0.5091636,-0.54934347,1.3012984,-0.57669264,-0.5504336,0.22510356,-0.5864815,1.7404505,-0.58778524,-0.809017,-0.5,0.8660254,0.0
2019-12-02 00:00:00,1.0,-2.1474693,-1.4282674,-1.0160702,-0.9700869,1.128422,1.5283779,2.9708967,-1.4308132,0.5607474,0.6687632,0.501084,0.42532262,-1.1150771,-0.68490773,-0.8226247,-0.5387915,-0.17691281,-1.471505,0.2824906,-1.4133263,-1.360787,-0.7062313,1.343341,2.071052,-0.95105654,0.309017,-0.5,0.8660254,0.0
2019-12-03 00:00:00,1.0,0.39500776,-0.30160955,0.63427794,0.641282,-1.5554203,-0.30417678,-1.1271996,0.7880499,-0.273341,0.07488524,0.09297766,-0.4088206,-0.8909379,-0.5011348,-0.9467727,-0.98346406,-0.4843177,-1.8216764,0.3432995,-1.1172742,-1.1242678,-0.58258474,-1.6410856,0.9776704,0.0,1.0,-2.4492937e-16,1.0,0.0
2019-12-04 00:00:00,4.0,-0.19311282,0.49172917,-0.52708703,1.8543788,0.7092834,0.97419995,0.8660455,-1.0110552,0.053368535,0.2715815,0.24562804,-0.075007364,-0.9494424,-0.58515316,-0.9820632,-0.91467565,-1.0314707,-1.9498194,0.19261605,-1.1013832,-1.0541754,-0.67498416,1.1560355,0.89223605,0.95105654,0.309017,-2.4492937e-16,1.0,0.0
2019-12-05 00:00:00,1.0,-1.2609844,0.044531014,2.1799605,0.18684787,-0.8548666,0.08989325,-0.63638383,-2.2449002,0.42742497,0.58315456,0.55626905,0.20773806,-1.4067597,-1.1032536,-1.1672086,-1.4816232,-1.1566995,-2.2215445,-0.013944653,-1.5410923,-1.419397,-1.2161044,-0.9790223,0.43608487,0.58778524,-0.809017,-2.4492937e-16,1.0,0.0
2019-12-06 00:00:00,4.0,0.64192235,-0.75424194,-0.98276484,0.88653725,-1.0154977,-0.67465967,-0.68198496,1.592352,-0.118834525,0.14971608,0.22932479,-0.2778166,-1.0341865,-0.7853962,-1.1667187,-1.0979557,-0.4136821,-2.1055346,0.08506932,-1.1956886,-1.0110292,-0.9767142,-1.2489552,0.37512672,-0.58778524,-0.809017,-2.4492937e-16,1.0,0.0
2019-12-09 00:00:00,4.0,1.1686128,1.3927637,-0.46297884,-0.63653946,-0.5330007,0.50374216,0.8863968,0.8262739,-0.2509987,-0.040469635,0.021515932,-0.32259464,-0.44067457,-0.23984154,-0.88600117,0.32085648,-0.18918651,-1.5237789,-0.031064453,-0.4887237,-0.37305084,-0.4879691,-0.56165475,0.83883274,-0.95105654,0.309017,-2.4492937e-16,1.0,0.0
2019-12-10 00:00:00,4.0,0.024421908,-0.07435609,1.8264824,0.135827,-0.69395703,-0.42528477,-0.77641916,0.06792125,-0.824373,-0.5300717,-0.3511165,-0.87491345,-0.42459542,-0.23358008,-0.6792194,0.162041,-0.681017,-0.6819145,0.0065025804,-0.42128342,-0.32941404,-0.5197325,-0.84001094,0.5792324,0.0,1.0,-2.4492937e-16,1.0,0.0
2019-12-11 00:00:00,4.0,-0.17338274,0.717411,1.5890418,-0.774297,-0.75872177,-1.3823977,-0.9375896,-0.80136216,-1.2851573,-0.9797402,-0.71607023,-1.3241471,-0.5106805,-0.31764373,-0.543722,0.17357895,-0.6316941,-0.88661826,-0.20070222,-0.49805498,-0.37566692,-0.65734255,-1.108163,0.5687834,0.95105654,0.309017,-2.4492937e-16,1.0,0.0
2019-12-12 00:00:00,1.0,0.8690532,1.4777135,-0.80869734,-0.6663001,0.5127393,0.010206894,1.3679392,-0.21140835,-1.1094385,-1.0016419,-0.8469607,-1.0214288,-0.029148184,0.09945503,-0.18427977,1.1092802,-0.37004888,-0.02586165,0.069254145,0.16381909,0.10184264,-0.24882199,0.5722196,0.72240174,0.58778524,-0.809017,-2.4492937e-16,1.0,0.0
2019-12-13 00:00:00,4.0,1.3679632,1.3304001,0.23108774,-1.3424718,-0.28711805,0.15473345,-0.036883477,1.23388,-0.54852027,-0.6988456,-0.753463,-0.2894358,0.64776313,0.72505826,0.4026875,1.3939129,0.24684583,0.69557846,0.48677257,1.1175916,0.7707625,0.3791524,-0.32365277,1.0801501,-0.58778524,-0.809017,-2.4492937e-16,1.0,0.0
2019-12-16 00:00:00,4.0,2.4904232,1.1909428,-1.0468235,0.10615274,0.45739394,2.0073562,1.4623928,2.973462,0.97039306,0.40084076,-0.07272424,1.3663954,1.6102941,1.745664,1.2164537,1.9548612,1.9620138,1.4699583,0.9176644,2.2718108,1.7473842,1.3451817,0.43678823,0.82051253,-0.95105654,0.309017,-2.4492937e-16,1.0,0.0
2019-12-17 00:00:00,4.0,-0.7230554,-0.17341192,2.5869117,-0.6875787,0.058857135,-0.13374615,-1.2507926,-1.0270966,0.35173988,0.07504821,-0.24429487,0.6403392,1.1771104,1.3523297,1.5876269,1.6070967,1.51531,0.8261017,0.95769876,1.5112393,1.3697606,1.0171999,-0.14941551,0.5321177,0.0,1.0,-2.4492937e-16,1.0,0.0
2019-12-18 00:00:00,4.0,1.1264054,1.0809175,-0.31682202,-0.4149438,1.305743,1.1293175,0.9550266,0.6391665,0.37814638,0.11221221,-0.26561263,0.6942695,1.5288912,1.7385349,1.8924792,2.1218574,1.9396678,0.7118796,1.1470369,1.7481145,1.8045906,1.4396071,1.2422897,0.6431035,0.95105654,0.309017,-2.4492937e-16,1.0,0.0
2019-12-19 00:00:00,4.0,0.043245528,-0.63674104,-0.46871203,1.1785522,-0.54167724,0.8085192,-0.30038798,0.5062401,-0.35369617,-0.4158788,-0.6731569,-0.07934165,1.5145234,1.7168531,2.0856059,1.779341,2.290671,0.9819859,1.2661928,1.4638833,1.8171318,1.4886369,-0.8548952,0.486576,0.58778524,-0.809017,-2.4492937e-16,1.0,0.0
2019-12-20 00:00:00,4.0,-0.3967101,-0.87521803,-1.0240428,1.0701818,0.0048207394,-0.52607805,-1.0642765,0.04881045,-0.7229838,-0.7081092,-0.8847282,-0.4908606,1.2758611,1.4982265,1.9881543,1.0680666,1.8848695,1.3531531,1.1404845,1.1143928,1.5456884,1.288255,-0.24419177,0.18722874,-0.58778524,-0.809017,-2.4492937e-16,1.0,0.0
2019-12-23 00:00:00,4.0,0.1383077,0.22074349,0.88298595,0.55765206,-0.20928247,0.39798853,0.8014957,0.09025741,-1.0641773,-1.0322071,-1.1770943,-0.8449461,1.3239354,1.5430037,1.8722521,0.08346747,1.5606805,1.2483522,1.363571,1.0130813,1.5703965,1.3958029,-0.35695258,0.19420137,-0.95105654,0.309017,-2.4492937e-16,1.0,0.0
2019-12-24 00:00:00,3.0,0.0107131265,-1.1559411,-1.0249231,0.42208406,-0.50053006,-0.7686088,-1.0000359,0.7954066,-1.4094442,-1.3732718,-1.4788818,-1.2235137,1.3245801,1.5364487,1.7288697,0.3966573,1.5526534,0.81875515,1.2830337,0.9004241,1.5747955,1.4570642,-0.98318523,-0.1663724,0.0,1.0,-2.4492937e-16,1.0,0.0
2019-12-27 00:00:00,3.0,-0.27628914,-0.5819671,-0.2895192,1.2121688,-1.2418863,-2.2919557,-1.9904099,-0.14939493,-1.8971561,-1.8322175,-1.8622398,-1.8271178,1.1742129,1.4064096,1.5413264,-0.20662759,1.5368197,0.84369093,1.2793626,0.7199919,1.4748273,1.4219218,-1.5218381,-0.08731974,0.95105654,0.309017,-2.4492937e-16,1.0,1.0
2019-12-30 00:00:00,3.0,1.1731775,1.436492,-0.98173714,-0.73347515,-0.013097617,-0.12790908,3.0,0.8583049,-1.3700727,-1.5692197,-1.7620962,-0.9993824,1.6018379,1.8333952,1.4472916,0.27791116,1.6488854,1.1606817,1.3676211,0.9517202,1.9125146,1.9390599,-0.26055372,-0.17563002,-0.95105654,0.309017,-2.4492937e-16,1.0,1.0
2019-12-31 00:00:00,3.0,0.1954997,0.41819108,0.82269555,0.17403491,0.3668372,-0.0892602,-0.07899255,-0.024731334,-1.3758236,-1.6202513,-1.8332263,-0.9601235,1.6488041,1.8767787,1.4058647,0.5339849,1.2770928,1.2935005,1.4110578,0.8697656,1.899384,2.0115616,0.31306085,-0.12930003,0.0,1.0,-2.4492937e-16,1.0,1.0
2020-01-02 00:00:00,3.0,-0.5933536,-0.5661158,0.50930065,0.3459359,-0.6921452,-1.374365,-1.1134639,-0.6637171,-1.5469651,-1.7638639,-1.936036,-1.1987319,1.2433041,1.5485972,1.1789758,0.21946648,0.23976201,1.6870209,1.2447611,0.60374177,1.4748309,1.7071236,-1.0398246,-0.98601276,0.95105654,0.309017,-2.4492937e-16,1.0,1.0
2020-01-03 00:00:00,4.0,1.0962552,1.6698415,-1.0153667,-1.3626953,1.3782578,-0.35510027,0.94484395,0.17006294,-1.1331223,-1.5164919,-1.8304721,-0.51633817,1.6284715,1.9400891,1.1222821,0.684931,0.86152345,1.850197,1.6141676,0.8007488,1.8126551,2.144161,1.1546781,-0.507784,-0.58778524,-0.809017,0.5,0.8660254,0.0
2020-01-06 00:00:00,4.0,-0.4861739,-1.4923738,-0.42517787,-1.1502624,3.0,1.0473034,0.903163,1.463272,-0.39634824,-0.9495334,-1.3849709,0.45127764,1.3333471,1.6928679,0.81763077,0.5924251,0.309896,1.7401408,1.4679828,0.5731775,1.2389474,1.6253821,2.017372,-0.43472728,-0.95105654,0.309017,0.5,0.8660254,0.0
2020-01-07 00:00:00,4.0,-0.96519315,-0.6068464,-0.34285593,1.1387975,1.0438061,0.9545905,-0.17071591,-0.96113086,-0.034163084,-0.5957517,-1.0607985,0.7978238,0.71700835,1.2087852,0.3739036,-0.32676917,-0.03795317,1.7930503,1.4440355,0.24667755,0.56250495,1.0455298,1.3306068,0.039054833,0.0,1.0,0.5,0.8660254,0.0
2020-01-08 00:00:00,4.0,0.18000863,-0.29357547,1.8292611,-0.11634534,-0.41471204,-0.30718228,-0.8402174,0.5191875,-0.3867025,-0.7903468,-1.2077245,0.33060095,0.83968633,1.3236568,0.12756708,-0.3353441,0.16629691,1.6604122,1.4657317,0.2697024,0.5535566,1.1883668,-0.48113433,0.0049158093,0.95105654,0.309017,0.5,0.8660254,0.0
2020-01-09 00:00:00,4.0,-0.98460716,0.43187258,0.58273923,0.5060175,1.2753567,0.74276274,0.6301035,-2.0670028,0.27237135,-0.24383126,-0.7375,1.024835,0.20684141,0.7957911,-0.31782752,-0.48971027,-0.21820092,1.1059734,0.8477303,-0.10352602,-0.08071375,0.5742288,1.6423721,-0.8681587,0.58778524,-0.809017,0.5,0.8660254,0.0
2020-01-10 00:00:00,4.0,1.5930606,1.3764219,-0.9755238,-0.59506994,-0.17642982,0.66912705,-0.17475921,1.4684572,0.6781338,0.087247066,-0.5393466,1.4670886,0.9196161,1.4276862,-0.2654614,-0.2860851,0.3312482,1.5090201,0.98828816,0.4834676,0.48472598,1.1704493,0.07707126,-0.4580359,-0.58778524,-0.809017,0.5,0.8660254,0.0
2020-01-13 00:00:00,4.0,0.14508499,-0.35342816,-0.9755238,2.3647614,-1.1619512,-0.034082353,-0.51871413,0.42442364,-0.20933367,-0.46427295,-0.9341432,0.39423898,0.9964629,1.4725821,-0.19603093,-0.011698469,0.47733197,1.5832992,1.0336099,0.583891,0.5010293,1.3543036,-1.2326115,-0.5950607,-0.95105654,0.309017,0.5,0.8660254,0.0
2020-01-14 00:00:00,4.0,0.9852109,0.99413306,-0.69664,0.12488234,0.68142146,0.76198095,0.38778788,0.58659583,-0.2352296,-0.49188808,-0.9859782,0.39694175,1.352423,1.7918073,0.028418519,0.8471627,0.40759018,1.6015791,1.1065238,1.1209493,0.8329256,1.728631,1.0510117,-0.37486178,0.0,1.0,0.5,0.8660254,0.0
2020-01-15 00:00:00,4.0,-0.3723335,-1.3018489,-0.9356818,-0.1955486,1.2764498,0.39620608,-0.33926982,0.9155473,-0.100633696,-0.35774994,-0.8424804,0.50381273,1.142844,1.5800539,0.045406364,0.6172325,0.20981345,1.1508901,0.88708293,0.9641568,0.52420247,1.457999,1.5429324,-0.74256516,0.95105654,0.309017,0.5,0.8660254,0.0
2020-01-16 00:00:00,4.0,-0.523675,-0.61917377,0.20669411,0.57381254,1.0985496,-0.594579,-0.76532274,-0.14843003,-0.009269099,-0.24396156,-0.70536023,0.5421193,0.82807165,1.3025656,-0.0938638,0.81028205,0.23716223,0.36109382,0.88503116,0.5958429,0.22756505,1.1645625,1.4481701,-0.28183216,0.58778524,-0.809017,0.5,0.8660254,0.0
2020-01-17 00:00:00,4.0,0.25667846,0.4240028,0.96827227,0.16677606,0.1426566,0.4591228,0.5948219,-3.6123754e-05,-0.2827914,-0.4242438,-0.83104765,0.21558823,0.9587597,1.3892721,-0.1447274,0.21888568,-0.06003565,0.61598575,0.9447691,0.732547,0.31693593,1.3015043,0.34534687,0.4112442,-0.58778524,-0.809017,0.5,0.8660254,0.0
2020-01-20 00:00:00,4.0,0.47386533,0.343771,-0.14974043,1.3483732,0.27312005,0.29889697,-0.27723813,0.41104037,-0.4767387,-0.576882,-0.95149744,0.0117787225,1.16065,1.5398892,-0.0957814,0.36540344,0.28001317,0.44007325,1.009553,0.9156157,0.5287449,1.5147346,0.50270873,0.7346561,-0.95105654,0.309017,0.5,0.8660254,0.0
2020-01-21 00:00:00,4.0,-1.0579467,-1.7222253,-0.8448923,-1.3643235,1.2382108,0.5985236,-0.02290316,0.43779224,-0.18683635,-0.3398934,-0.705947,0.29621956,0.45436335,0.9839113,-0.3409728,-0.5440932,0.2513125,0.15510316,0.9726882,0.26143643,-0.030281732,0.98538893,1.5783033,0.3213079,0.0,1.0,0.5,0.8660254,0.0
2020-01-22 00:00:00,4.0,-2.7971835,-1.532244,-0.5040214,-1.2899334,2.103249,1.9871976,0.758152,-2.0539427,1.8900759,1.3114415,0.7308024,2.2080226,-1.0907674,-0.40677318,-1.028253,-1.6717075,-0.87645346,-0.51444626,0.023832548,-1.5209155,-1.2743746,-0.38401327,1.7423612,1.101218,0.95105654,0.309017,0.5,0.8660254,0.0
2020-01-23 00:00:00,4.0,1.1009402,0.7899809,-0.351494,0.38501844,1.3070506,-0.40870106,-1.1698285,0.5757578,1.7413446,1.3423432,0.7815257,1.9528333,-0.5215268,0.051449392,-1.1826303,-0.92242515,-0.11301687,-0.24316595,0.4459416,-0.7695132,-0.7805876,0.023526346,1.5659786,0.80995697,0.58778524,-0.809017,0.5,0.8660254,0.0
2020-01-24 00:00:00,4.0,-1.4911753,-0.81203073,-0.637863,0.7246447,0.88874906,0.6326378,0.5979485,-1.3970605,2.4168499,2.07079,1.5357699,2.277856,-1.1265965,-0.5845183,-1.4330407,-1.6953114,-1.238918,-0.66540444,-0.21930131,-1.7152601,-1.2787409,-0.56615466,1.3937254,0.6971592,-0.58778524,-0.809017,0.5,0.8660254,0.0
2020-01-29 00:00:00,1.0,0.0694118,0.07912897,-0.22144485,2.0168397,-1.1931525,-2.4505515,-1.7269309,0.027325813,1.2203462,1.3379546,1.0702318,1.020822,-1.035782,-0.52896035,-1.6330596,-1.8100967,-1.2457987,-0.57342,-0.09599506,-1.5868771,-1.2411315,-0.49800265,-0.9903459,0.26451567,-0.95105654,0.309017,0.5,0.8660254,0.0
2020-01-30 00:00:00,1.0,-2.5537846,0.37841868,2.7018561,-1.3364333,-0.9248545,1.5692172,3.0,-3.0,2.8295453,2.7045925,2.3780434,2.209491,-1.886616,-1.5281134,-1.8462232,-2.4507236,-2.4717834,-1.6000948,-0.7690658,-2.4637058,-1.9196802,-1.3940967,-0.5348463,0.4801667,0.58778524,-0.809017,0.5,0.8660254,0.0
2020-01-31 00:00:00,4.0,-2.2270193,-1.268731,-0.2764767,-0.73002976,2.5852487,1.4072504,-0.1638345,-0.6525076,3.0,3.0,3.0,2.6252916,-2.317887,-2.1655533,-2.102118,-2.2291315,-2.9749177,-2.223103,-1.6909385,-2.450673,-2.2661173,-1.942786,1.6333133,0.34338027,-0.58778524,-0.809017,0.5,0.8660254,0.0
2020-02-03 00:00:00,4.0,-0.39793944,-1.4445775,-0.3470937,-1.2244084,0.7780722,0.5256077,-0.48445392,1.4557933,3.0,3.0,3.0,2.0324333,-2.261607,-2.1622767,-2.244155,-2.6721466,-2.7612185,-2.1106114,-1.929799,-1.98496,-2.1666162,-1.9598248,1.4702746,-0.12080919,-0.95105654,0.309017,0.5,0.8660254,0.0
2020-02-04 00:00:00,4.0,0.20933999,0.85406435,1.1215245,-0.86851484,-0.17661156,1.5676128,0.37175053,-0.6369359,2.2234719,2.6520703,2.7758753,1.2331767,-2.0778637,-1.9930145,-2.2402492,-1.9612699,-2.6071215,-2.2286022,-2.1788192,-1.5976595,-1.9839373,-1.8628408,0.9357754,-0.61028945,0.0,1.0,0.8660254,0.5,0.0
2020-02-05 00:00:00,4.0,1.0850956,1.3815644,0.15660097,-1.3360803,-0.85752964,1.4781168,-0.12517843,0.62634903,1.6131692,2.157748,2.3697548,0.67340237,-1.544272,-1.5225263,-1.9886646,-1.5355599,-2.2906458,-1.7983292,-1.9003762,-1.16801,-1.576807,-1.5300077,-0.40121025,0.4268015,0.95105654,0.309017,0.8660254,0.5,0.0
2020-02-06 00:00:00,1.0,0.40227163,-0.4595704,0.030194186,0.8326191,-0.5837876,1.257954,-0.19675605,0.878698,0.9607783,1.6467123,1.9779905,0.010128318,-1.3408396,-1.3366845,-1.7238474,-0.38866165,-1.8582741,-1.4744915,-1.7234906,-0.9607275,-1.4111769,-1.4120843,0.028177874,0.69535494,0.58778524,-0.809017,0.8660254,0.5,0.0
2020-02-07 00:00:00,1.0,2.1628044,1.0047426,0.016325356,-0.25762954,1.0149202,0.67752045,-0.3825127,1.7323959,1.8128779,2.0995164,2.228423,0.99350095,-0.4418514,-0.5159998,-0.97519875,1.4325461,-0.44754425,-0.938853,-1.1976851,-0.3821018,-0.5800671,-0.70897317,1.4610192,0.7416135,-0.58778524,-0.809017,0.8660254,0.5,0.0
2020-02-10 00:00:00,1.0,-0.25655788,0.46859574,-0.7932191,1.6245153,-1.1238704,-0.76261264,-0.8399145,-0.69376844,1.0673544,1.5980986,1.8907338,0.18179089,-0.51290715,-0.58721465,-0.6255077,1.4670849,-0.8260377,-0.79767025,-1.0706762,-0.40073302,-0.6364721,-0.78506106,-1.2207265,0.8379442,-0.95105654,0.309017,0.8660254,0.5,0.0
2020-02-11 00:00:00,1.0,-0.52902997,0.9594762,0.35695544,-0.5997735,-0.6581254,-0.45526198,0.021587767,-1.4862579,0.79760706,1.3800598,1.7523866,-0.13406931,-0.6784336,-0.74772066,-0.40195465,1.1650292,-0.5725183,-1.2683548,-0.5557135,-0.47009715,-0.7398097,-0.9359579,-0.097855836,0.34845287,0.0,1.0,0.8660254,0.5,0.0
2020-02-12 00:00:00,4.0,1.0383784,0.4860658,0.8754652,0.0724349,-0.8677158,-0.03297159,0.11600626,1.1603773,0.70743495,1.2202792,1.577043,-0.15253292,-0.26639175,-0.3692046,-0.06020491,1.1412776,-0.27997217,-1.0197031,-0.36559355,-0.17035054,-0.3327407,-0.6043513,-0.37048182,0.41008013,0.95105654,0.309017,0.8660254,0.5,0.0
2020-02-13 00:00:00,4.0,0.6849676,0.6221674,0.19152,0.26693454,-0.60708106,-0.15510084,-0.24450675,0.49533653,0.32972443,0.88778424,1.2909113,-0.5253711,-0.015530789,-0.13147019,0.28157523,1.252387,0.65988284,-1.0486697,0.27390802,0.04863639,-0.033537544,-0.3836732,0.023278456,0.3487705,0.58778524,-0.809017,0.8660254,0.5,0.0
2020-02-14 00:00:00,4.0,-0.37018728,-1.5739431,-1.0108299,-0.7640888,-0.66113806,-0.4952225,-0.36566177,0.45637697,-0.041958977,0.5827085,1.0683446,-0.94713825,-0.15080614,-0.25417092,0.46714014,0.22913617,1.2084775,-1.0550947,0.40077364,0.0036291985,-0.08227551,-0.50158936,-0.070478365,0.36447266,-0.58778524,-0.809017,0.8660254,0.5,0.0
2020-02-17 00:00:00,4.0,0.18902186,0.7034251,1.6443939,-1.2869661,-0.5848432,-0.88106436,-0.38290858,-0.25717232,-0.32639036,0.2966748,0.8249988,-1.2089494,-0.06763655,-0.17926162,0.6269347,0.4244327,1.3648901,-0.8926537,0.4532214,0.109679885,0.066353634,-0.44435847,-0.020703413,0.35276458,-0.95105654,0.309017,0.8660254,0.5,0.0
2020-02-18 00:00:00,1.0,0.3861383,1.1180781,0.57276714,-1.3146265,-0.44031203,-0.90005857,-0.21279888,-0.32343128,-0.47934824,0.083805285,0.61949056,-1.2888963,0.09640676,-0.031351537,0.78819144,0.79928875,1.3978646,-0.8469406,0.24401902,0.29707363,0.30160847,-0.3078213,0.42571685,0.21907248,0.0,1.0,0.8660254,0.5,0.0
2020-02-19 00:00:00,4.0,-1.3835276,-1.5718505,-0.97096163,-0.7766672,-0.490586,-0.5395649,0.07523832,-0.95466304,-0.047199044,0.32980072,0.8254765,-0.74961674,-0.48034275,-0.5338024,0.58940196,-0.19805804,0.697271,-1.2675111,-0.4987121,-0.040840715,-0.14593174,-0.8252694,0.11196243,0.33754027,0.95105654,0.309017,0.8660254,0.5,0.0
2020-02-20 00:00:00,4.0,0.35997656,1.150129,-0.23669434,-0.6275023,-0.62226117,-0.75708526,-0.32014242,-0.29629388,-0.36789945,0.04711951,0.57473516,-1.0620171,-0.31452084,-0.3901355,0.5449307,-0.33381984,0.6832458,-0.9538175,-0.19680417,0.18851611,0.085417934,-0.71350604,-0.26126072,0.53228754,0.58778524,-0.809017,0.8660254,0.5,0.0
2020-02-21 00:00:00,4.0,-0.21465418,-0.7923816,-1.0571988,1.2761399,0.2292511,-0.4643633,-0.020225525,0.3889695,-0.20837095,0.09472098,0.58376116,-0.8092929,-0.388284,-0.4558736,0.44257346,-0.26772973,-0.023564028,-0.38769427,0.14287978,0.14234203,0.033303726,-0.80334663,1.1718353,0.2555916,-0.58778524,-0.809017,0.8660254,0.5,0.0
2020-02-24 00:00:00,1.0,-1.0131143,-1.1720669,-0.27496916,-0.39860436,-0.72291136,-0.15475318,0.05382407,-0.8446432,-0.1655496,0.10558112,0.6037518,-0.7530244,-0.7857,-0.8074385,0.19224513,-0.74782145,-0.23313819,-0.86636466,-0.23607446,-0.19257307,-0.29670155,-1.1712893,-0.8091752,0.76622075,-0.95105654,0.309017,0.8660254,0.5,0.0
2020-02-25 00:00:00,1.0,-1.5833482,-1.6753027,-1.0114714,-1.1533806,-0.23629385,0.3716254,0.123123586,-1.0288091,0.3354774,0.45268816,0.8912984,-0.20362237,-1.2972145,-1.2982297,-0.23845598,-1.5110335,-0.5296509,-0.90070224,-1.0049462,-0.7928089,-0.8229085,-1.6505073,0.40371215,1.8180755,0.0,1.0,0.8660254,0.5,0.0
2020-02-26 00:00:00,1.0,0.239138,1.1585978,-0.5849385,-0.31007066,-0.526742,0.051994737,-0.27274832,-0.52134985,-0.057425257,0.17428999,0.65927005,-0.6277805,-1.1539733,-1.1793225,-0.4613416,-0.8630319,-0.76545554,-0.85447454,-0.8458691,-0.6243717,-0.6806837,-1.5737901,-0.28028446,0.8715012,0.95105654,0.309017,0.8660254,0.5,0.0
2020-02-27 00:00:00,1.0,-0.6324821,1.1943918,0.32638925,-1.2694118,-0.2712239,0.38299537,-0.056929525,-1.9321865,0.14569461,0.2983903,0.744925,-0.38226837,-1.3201019,-1.3416958,-0.6597857,-1.23685,-1.1321083,-0.40481576,-1.0254905,-0.8425857,-0.8807717,-1.7093573,0.5116248,1.448654,0.58778524,-0.809017,0.8660254,0.5,0.0
2020-02-28 00:00:00,1.0,0.27668008,0.93543655,-0.16855165,-0.14745325,1.0711797,0.5864734,-0.11385821,-0.7972409,0.30090392,0.3803096,0.7652841,-0.16399705,-1.1542785,-1.206973,-0.6822109,-1.0401459,-0.94270676,0.20137423,-0.8724919,-0.76353604,-0.7764489,-1.5361384,1.2461549,1.3572639,-0.58778524,-0.809017,0.8660254,0.5,0.0
2020-03-02 00:00:00,1.0,-2.1218581,-0.7185569,-0.015344737,0.6464932,0.20205866,2.5836663,0.8812512,-2.3568351,1.5539495,1.3000623,1.48778,1.0649676,-1.7117089,-1.772177,-0.8853434,-1.4557092,-1.5649287,-0.20538634,-0.9651506,-1.6112058,-1.385588,-1.9031125,0.6627856,1.099414,-0.95105654,0.309017,0.8660254,0.5,0.0
2020-03-03 00:00:00,1.0,0.544536,1.1376159,0.41079023,-1.2887521,-0.07646151,0.44820556,-0.8082834,-0.21287575,0.9594217,0.96542156,1.234581,0.42043817,-1.4226322,-1.5337863,-0.9654144,-0.64893574,-1.4908751,-0.12671055,-0.9049688,-1.3459741,-1.2361759,-1.732604,0.4573912,1.1414425,0.0,1.0,1.0,6.123234e-17,0.0
2020-03-04 00:00:00,1.0,-0.016819002,-0.86957186,0.82404155,-0.47244385,-0.1432064,0.37007067,-0.22000432,0.5901538,0.54010606,0.7121756,1.0537361,-0.059783928,-1.4008249,-1.5073726,-0.9664828,-0.74474883,-1.1138,-0.39751062,-0.86859334,-1.2526168,-1.2465966,-1.7074112,0.28479388,0.58173686,0.95105654,0.309017,1.0,6.123234e-17,0.0
2020-03-05 00:00:00,1.0,-0.21867155,-0.5880267,-0.24253018,1.2432432,0.27583525,0.023312883,-0.334792,0.15134117,0.35260022,0.58657485,0.9624263,-0.27395558,-1.4433005,-1.5445943,-0.93195856,-0.5929089,-1.2576447,-0.5559065,-0.6474631,-1.2278461,-1.3031605,-1.7216117,0.7528048,-0.08088086,0.58778524,-0.809017,1.0,6.123234e-17,0.0
2020-03-06 00:00:00,1.0,1.7345881,1.3420343,-0.64972574,-0.94625187,2.4633853,1.2695781,0.41778913,0.5818553,0.79456586,0.8130074,1.027521,0.34144136,-0.61276454,-0.8904389,-0.5211215,-0.01851659,-0.7255678,-0.6925504,-0.31427324,-0.5320888,-0.5981597,-1.1243502,1.3375788,-1.9810007,-0.58778524,-0.809017,1.0,6.123234e-17,0.0
2020-03-09 00:00:00,4.0,-1.939284,-1.3810883,-0.867063,-0.37039134,0.12367745,1.3097037,-0.0674055,-1.642494,1.5522829,1.4142123,1.5248975,0.99324226,-1.1854548,-1.4153879,-0.5145249,0.019567512,-0.9934648,-1.1250048,-1.1547561,-1.1280937,-1.113815,-1.495872,0.49729332,-1.4481437,-0.95105654,0.309017,1.0,6.123234e-17,0.0
2020-03-10 00:00:00,4.0,-3.0,-0.4916096,1.617276,-0.11219256,0.71110594,2.8831205,1.3660878,-3.0,3.0,2.8914704,2.7111452,2.4531379,-1.8323575,-2.1103954,-0.8075001,-1.5858779,-1.5263886,-1.849109,-2.139585,-1.7887299,-1.7065351,-1.8895447,0.8484356,1.8767419,0.0,1.0,1.0,6.123234e-17,0.0
2020-03-11 00:00:00,4.0,1.0958036,0.23807374,0.6323207,1.0719087,2.487066,0.92743975,-0.83044344,1.0709791,2.8448122,2.6517289,2.5381408,1.9635378,-1.3770441,-1.6863829,-0.84095347,-1.0846852,-1.2411313,-1.7545183,-1.744832,-1.2478232,-1.2867932,-1.5712672,1.4454783,2.295243,0.95105654,0.309017,1.0,6.123234e-17,0.0
2020-03-12 00:00:00,5.0,-0.40883785,-1.1217128,-0.5485553,-0.09503688,-0.03515359,0.15899861,-0.55468464,0.33197612,2.039741,2.2065673,2.2772017,1.0748734,-1.4237449,-1.7206494,-0.8968015,-1.1733068,-1.1880983,-1.9585943,-2.0194871,-1.1806686,-1.3291919,-1.6421791,0.47054768,1.9826363,0.58778524,-0.809017,1.0,6.123234e-17,0.0
2020-03-13 00:00:00,5.0,-2.5360947,-1.0836296,-1.0307903,0.32116342,1.4698666,1.2051175,0.6794493,-2.143589,3.0,3.0,3.0,1.9793516,-1.7888229,-2.1160831,-1.0145006,-2.8014815,-1.9727244,-2.4437532,-2.9105434,-1.5018574,-1.6381036,-1.8385162,1.2612953,2.8815017,-0.58778524,-0.809017,1.0,6.123234e-17,0.0
2020-03-16 00:00:00,5.0,-0.6670767,1.5447026,-0.5501661,-1.28458,3.0,2.1237922,0.76217204,-3.0,3.0,3.0,3.0,3.0,-1.8130478,-2.1235154,-0.9111401,-2.3015811,-1.6264831,-2.5243244,-3.0,-1.3803242,-1.3186814,-1.5208836,1.4022863,1.7282091,-0.95105654,0.309017,1.0,6.123234e-17,0.0
2020-03-17 00:00:00,5.0,-2.6408117,-0.52619416,1.2456771,-0.008066312,0.57214206,0.77403593,-0.72204393,-1.9166673,3.0,3.0,3.0,2.8092902,-2.0185134,-2.3643343,-1.0631545,-2.126307,-2.4490817,-3.0,-3.0,-1.5372014,-1.5397053,-1.6855876,1.2324528,2.4776208,0.0,1.0,1.0,6.123234e-17,0.0
2020-03-18 00:00:00,5.0,0.80679005,0.637762,0.018596305,0.7460693,0.3442062,0.34887645,-0.3912553,0.032848883,3.0,3.0,3.0,1.9992367,-1.7375249,-2.072963,-1.0787503,-2.178488,-2.1508677,-2.4453502,-3.0,-1.1674441,-1.3071902,-1.5301954,1.1511031,2.5621374,0.95105654,0.309017,1.0,6.123234e-17,0.0
2020-03-19 00:00:00,5.0,-2.5468621,-0.9496709,0.7605564,-0.83078194,1.3240057,0.70156354,0.1434102,-0.500297,3.0,3.0,3.0,1.996576,-1.9119084,-2.2646422,-1.127298,-2.9523747,-2.7327814,-2.8954093,-3.0,-1.3113464,-1.4984338,-1.6608738,1.2365631,2.4112825,0.58778524,-0.809017,1.0,6.123234e-17,0.0
2020-03-20 00:00:00,5.0,-1.4363658,-0.66677535,-0.37823156,0.8456399,1.0276192,1.4422883,0.4825612,0.020026434,3.0,3.0,3.0,1.8788317,-1.9416503,-2.2853942,-1.1658785,-2.4865973,-3.0,-2.957149,-3.0,-1.2427455,-1.4882698,-1.6495891,1.1350436,2.0764008,-0.58778524,-0.809017,1.0,6.123234e-17,0.0
2020-03-23 00:00:00,5.0,3.0,1.6566596,-1.1006315,-1.2452158,-0.22560643,0.5206624,-0.58833706,1.6385463,2.9071176,3.0,3.0,1.5946892,-1.0418024,-1.4747554,-0.8492916,-0.90178174,-1.9060578,-2.0354347,-2.509767,-0.65187854,-0.8389094,-1.1858499,0.8573926,0.86807156,-0.95105654,0.309017,1.0,6.123234e-17,0.0
2020-03-24 00:00:00,5.0,-2.532756,0.13782631,3.0,-1.2031167,-0.7755574,-0.31707448,-0.66484797,-2.99453,2.9220917,3.0,3.0,1.4007115,-1.3046635,-1.7226092,-0.79096323,-1.0862114,-1.9262742,-2.2967365,-2.8562655,-0.8962824,-1.1434525,-1.397115,0.14399524,0.74979955,0.0,1.0,1.0,6.123234e-17,0.0
2020-03-25 00:00:00,5.0,2.4703603,0.71198565,0.2110428,0.22988336,-0.88733494,-0.32894728,-0.13382056,2.4769747,2.494456,2.7774448,2.9057431,1.1446663,-0.6867093,-1.1406286,-0.43862113,-0.18601535,-1.387028,-1.7071837,-2.2068973,-0.41020098,-0.59451795,-1.0183089,-0.15854909,1.4778714,0.95105654,0.309017,1.0,6.123234e-17,1.0
2020-03-26 00:00:00,5.0,2.056654,0.87240773,-0.63215244,0.54824936,-0.61040485,-0.4036749,-0.17718153,1.7509813,2.0552516,2.3891275,2.5530586,0.78162855,-0.21161552,-0.686128,0.07709911,1.7932923,-0.6380042,-1.1206573,-1.8488683,0.012602824,-0.11964493,-0.70788187,0.4255506,1.4123603,0.58778524,-0.809017,1.0,6.123234e-17,1.0
2020-03-27 00:00:00,5.0,-0.21603793,-0.95459765,-1.0363429,0.7505241,-0.74422884,-1.3655996,-0.8682095,0.38048002,1.481083,1.9967967,2.2835438,0.018670805,-0.24997488,-0.7165752,0.4521133,2.1669548,-0.115471885,-1.2071351,-1.8713883,0.019815825,-0.12210468,-0.7707117,0.13932762,1.3444307,-0.58778524,-0.809017,1.0,6.123234e-17,1.0
2020-03-30 00:00:00,5.0,0.4408712,-1.0657108,-0.7370623,0.15859523,-0.7754834,-1.5852586,-0.47073483,1.213009,1.0260077,1.6377263,2.007449,-0.5759885,-0.15250452,-0.62537795,0.8345548,1.1046157,0.1880379,-0.81175476,-1.6899525,0.15117502,0.021938559,-0.72948134,0.0345792,1.254589,-0.95105654,0.309017,1.0,6.123234e-17,1.0
2020-03-31 00:00:00,5.0,-0.49847138,0.5314039,2.0867054,-0.80622476,-0.6033188,-1.2909501,0.22665979,-0.9764652,0.800513,1.4446031,1.8751422,-0.91370124,-0.25486526,-0.7063597,1.0667063,1.9127456,0.68195856,-1.0179689,-1.8656132,0.0907106,-0.05241838,-0.832739,0.4570954,1.0727409,0.0,1.0,1.0,6.123234e-17,1.0
2020-04-01 00:00:00,5.0,1.0811484,-0.03713776,-0.83551115,2.8631558,-0.8904892,-1.027263,0.15726274,1.2688824,0.5021623,1.1500924,1.6167302,-1.2156239,0.036924757,-0.45801038,1.4160914,1.3048272,0.8529875,-0.76078385,-1.5862082,0.38597333,0.33940673,-0.6494353,-0.23686863,0.98095727,0.95105654,0.309017,1.0,6.123234e-17,1.0
2020-04-02 00:00:00,5.0,-0.9430255,-0.79922813,0.4593301,-0.18178658,-0.42624363,-1.0624585,-0.1445234,-0.40852705,0.5389036,1.1275508,1.610776,-1.1468365,-0.18204007,-0.6220217,1.4428003,-0.0634473,1.1936736,-0.97966224,-1.65917,0.18789396,0.105578266,-0.8156349,0.6942976,1.0336249,0.58778524,-0.809017,0.8660254,-0.5,0.0
2020-04-03 00:00:00,5.0,0.5822898,1.4009277,-1.008879,-0.5047716,-0.5986592,-1.3394117,-0.42289266,-0.43092993,0.38562495,0.9486824,1.4472475,-1.259231,-0.026944598,-0.49221316,1.5468539,0.30401713,1.7444994,-1.1033223,-1.5510756,0.3959585,0.39986527,-0.7046716,0.45284936,1.2619163,-0.58778524,-0.809017,0.8660254,-0.5,0.0
2020-04-06 00:00:00,5.0,0.06356474,1.2872685,-0.97653586,-0.27682444,-1.2895535,-1.7840862,-0.78186643,-0.32875106,0.040713727,0.6702948,1.2387968,-1.6673895,-0.029816257,-0.48563835,1.6332327,0.13282105,0.87597066,-0.7970281,-1.4336475,0.45803112,0.48265463,-0.7553854,-2.6397269,1.230374,-0.95105654,0.309017,0.8660254,-0.5,0.0
2020-04-07 00:00:00,5.0,1.24008,0.5516448,-0.2179937,1.0357671,-0.4758979,-1.5973445,-0.17788172,0.9875882,0.048628032,0.5603221,1.0937612,-1.4553034,0.3666259,-0.17118883,1.8136894,0.92973703,2.0070071,0.08372161,-1.3359803,0.9719431,1.0169665,-0.42847875,0.53055704,1.0902483,0.0,1.0,0.8660254,-0.5,0.0
2020-04-08 00:00:00,4.0,1.1703011,0.544666,-0.9025971,1.6471372,-0.70326895,-0.9705277,0.7685363,1.0039918,-0.034850284,0.41386592,0.9325911,-1.409218,0.74095416,0.1347842,2.0872111,0.9778433,1.6025379,0.21287835,-1.1224542,1.5752319,1.5576613,-0.101811394,-0.072569266,0.9230834,0.95105654,0.309017,0.8660254,-0.5,0.0
2020-04-09 00:00:00,4.0,-0.4235898,-1.2521349,-0.99154264,-0.0974375,-1.0698929,-1.401404,-0.7872923,0.032016408,-0.18849473,0.27541357,0.8343308,-1.5635271,0.60298795,0.040992003,2.1449687,1.2058554,0.81272924,0.17556702,-1.2967178,1.521577,1.446299,-0.24491553,-1.6281896,0.79976374,0.58778524,-0.809017,0.8660254,-0.5,0.0
2020-04-14 00:00:00,4.0,0.8120391,0.7330607,-0.83123636,1.080943,-1.0535784,-1.3253088,-0.28182486,0.68275106,-0.36114287,0.08525586,0.6560177,-1.6658065,0.8983139,0.27466416,2.2605128,1.3051074,1.1427326,0.94413054,-1.1053874,1.929161,1.8510438,-0.0047489386,-2.1467876,0.29892766,-0.58778524,-0.809017,0.8660254,-0.5,0.0
2020-04-15 00:00:00,4.0,0.40499678,0.5154643,1.1736736,-0.11637373,-1.053773,-1.0319995,0.3041188,0.28691953,-0.5489544,-0.106745556,0.4880736,-1.8092301,1.0489869,0.39996642,2.3424673,1.4458598,1.130316,1.2075828,-0.9822562,1.9950383,2.035987,0.11683787,-2.0318925,0.8133155,0.95105654,0.309017,0.8660254,-0.5,0.0
2020-04-16 00:00:00,4.0,-0.43839717,-1.1736269,0.056936473,-0.7140166,-0.26741028,-1.033968,-0.30345935,0.32512206,-0.44700608,-0.10081779,0.47295207,-1.5322424,0.861479,0.2874085,2.0974677,0.69072187,1.1353215,1.6427013,-1.0993036,1.5984107,1.6515312,-0.039798487,0.2437025,-0.09335938,0.58778524,-0.809017,0.8660254,-0.5,0.0
2020-04-17 00:00:00,4.0,-0.1268316,-0.1391441,0.6135013,1.5353401,-0.9648386,-0.96604574,-0.1873954,-0.10347608,-0.5805559,-0.23650132,0.35779926,-1.6295985,0.8174365,0.26354992,1.9076332,0.10471131,0.75457937,1.4381706,-1.1767341,1.433814,1.5261545,-0.13476035,-2.0711684,-0.11525957,-0.58778524,-0.809017,0.8660254,-0.5,0.0
2020-04-20 00:00:00,4.0,0.8875865,-0.40515354,1.921394,-0.321396,-0.5671677,-0.8209117,-0.041459717,1.2342257,-0.37742978,-0.18761416,0.32220736,-1.1549424,1.232586,0.59901303,1.7349706,0.7001839,1.3301284,2.228963,-0.90778404,1.7288889,1.7765898,0.40863565,-0.7469923,-0.88565105,-0.95105654,0.309017,0.8660254,-0.5,0.0
2020-04-21 00:00:00,4.0,0.01386585,-1.1212444,-1.0146557,0.45300946,-1.0368929,-1.3004501,-0.80767536,0.4378605,-0.54573697,-0.32955754,0.19711852,-1.3276731,1.1598443,0.58600277,1.6569941,0.33849183,1.1390758,2.4441803,-0.6199155,1.5709885,1.5633526,0.409251,-1.4112962,-0.7797239,0.0,1.0,0.8660254,-0.5,0.0
2020-04-22 00:00:00,4.0,-0.95448697,-1.3642429,-0.9978931,-0.30985042,1.031019,-0.43267673,1.2258261,-0.03480181,-0.29463664,-0.1905735,0.2843517,-0.90310425,0.62009156,0.2527229,1.2288513,-0.2762175,0.8152407,1.4364202,-0.9388129,0.84416974,0.84012675,-0.022061927,0.67250067,1.2298214,0.95105654,0.309017,0.8660254,-0.5,0.0
2020-04-23 00:00:00,4.0,0.33442426,1.2730018,-0.5003429,-0.65026855,0.19932108,-0.9585134,-0.6719756,-0.4452607,-0.32399684,-0.23805979,0.21077514,-0.86532074,0.729648,0.35931763,1.0083892,0.07352465,0.5322975,2.0875719,-0.71483374,0.8731338,0.8112423,0.19368471,0.037259698,0.8421941,0.58778524,-0.809017,0.8660254,-0.5,0.0
2020-04-24 00:00:00,4.0,0.29912907,-0.07279303,1.0247844,1.4385641,-0.871891,-0.7725804,0.056607716,0.37177226,-0.49423718,-0.37434515,0.08069218,-1.0430292,0.8233329,0.4565893,0.89574695,0.2666414,0.2577192,1.5205399,-0.66790754,0.9200626,0.8231803,0.36771896,-0.97698003,-0.62350416,-0.58778524,-0.809017,0.8660254,-0.5,0.0
2020-04-27 00:00:00,4.0,-0.19655524,-0.12742822,1.5342044,0.830235,-1.2445925,-1.5618596,-1.2656158,-0.18528195,-0.64936334,-0.5005007,-0.032166373,-1.2313432,0.6391345,0.34833503,0.74201804,-0.22926487,0.3304044,0.9322848,-0.41408482,0.5809096,0.60699564,0.20759876,-2.279763,-0.44264945,-0.95105654,0.309017,0.8660254,-0.5,0.0
2020-04-28 00:00:00,4.0,1.0091764,1.3922809,-0.34847328,-1.2675017,-0.7542549,-0.9052268,0.8564471,0.6075248,-0.5688478,-0.5071796,-0.110983886,-0.9837719,1.139327,0.7364116,0.77086794,0.21800669,0.3876866,1.2328575,0.06776301,1.3676083,1.085678,0.9460189,-1.2693028,0.36693436,0.0,1.0,0.8660254,-0.5,0.0
2020-04-29 00:00:00,4.0,0.6633657,0.6307641,-0.9445915,1.2959852,0.1046421,-0.6545489,0.15213956,0.4198451,-0.5801406,-0.5517324,-0.19935808,-0.91220933,1.410446,0.96374243,0.90159017,0.9672267,0.46858987,1.2736793,0.2558011,1.7481092,1.3642046,1.4066149,-0.019662524,0.51887923,0.95105654,0.309017,0.8660254,-0.5,0.0
2020-05-04 00:00:00,4.0,0.1936687,-0.88387144,0.16047458,0.126826,-0.53495044,-0.6349641,-0.1785852,0.6123866,-0.66818094,-0.6328189,-0.2960971,-0.99887615,1.4297372,0.9917698,1.0090988,0.9035007,0.6740743,1.4224348,0.2714031,1.6904525,1.3509673,1.5393852,-0.7164559,1.1834613,0.58778524,-0.809017,0.8660254,-0.5,0.0
2020-05-05 00:00:00,4.0,-1.9732206,-1.5686649,-0.9575583,-0.90441126,-0.46094638,1.2464203,2.149961,-1.5764903,0.0226211,-0.16840826,0.04715032,0.07177301,0.23795876,0.19473277,0.40441743,-0.1706332,0.072896324,0.6464399,-0.28849274,-0.37478772,0.0040476862,0.38996923,-0.7198935,0.92912024,0.0,1.0,0.5,-0.8660254,0.0
2020-05-06 00:00:00,4.0,0.6128418,0.7732139,0.33966824,-0.12806298,-0.96657467,-1.2260332,-1.9707621,0.49110305,-0.22815554,-0.31789106,-0.09137721,-0.26772255,0.5183439,0.41451526,0.2155406,0.21272962,-0.015823552,1.0280089,-0.20543022,0.0025946172,0.22386718,0.7420421,-2.0561078,0.19921443,0.95105654,0.309017,0.5,-0.8660254,0.0
2020-05-07 00:00:00,4.0,0.65536046,1.1770182,0.36692005,-1.2982632,0.17220023,0.17410375,1.5172234,0.16299261,-0.36438727,-0.41426215,-0.19987364,-0.4232734,0.8154329,0.6569635,0.19693236,0.058121033,0.19405065,1.0399475,-0.34339046,0.528351,0.49386865,1.167415,-0.26132616,-0.13863313,0.58778524,-0.809017,0.5,-0.8660254,0.0
2020-05-08 00:00:00,4.0,-0.21047215,-1.1663169,-1.0008492,0.27974382,-1.1431494,-1.1578667,-1.2944123,0.120861314,-0.57369494,-0.5503168,-0.31014493,-0.752432,0.6385092,0.5460514,0.10593053,-0.3550581,0.43541417,0.9649562,-0.35834137,-0.038628034,0.22896878,1.0267798,-2.2068558,-0.20092733,-0.58778524,-0.809017,0.5,-0.8660254,0.0
2020-05-11 00:00:00,4.0,0.6012316,0.34406686,0.043253023,1.4720798,-1.3483272,-1.1062877,-0.229739,0.64817023,-0.6968471,-0.66282266,-0.43682325,-0.8861642,0.9117638,0.76833344,0.16612762,-0.157415,0.5227537,0.8076903,-0.16314252,0.6582383,0.52717876,1.4305791,-2.15183,-1.1111997,-0.95105654,0.309017,0.5,-0.8660254,0.0
2020-05-12 00:00:00,4.0,0.83597445,0.7138747,1.8165634,-1.2821752,-0.18554369,-0.619708,0.4632365,0.70749784,-0.5699282,-0.6212369,-0.46627286,-0.55458266,1.2924463,1.0931759,0.36299175,1.2131861,0.6968295,0.72453696,-0.111175604,1.644283,0.98594487,1.9795083,-0.8131355,-0.9272374,0.0,1.0,0.5,-0.8660254,0.0
2020-05-13 00:00:00,4.0,-0.59936607,-0.69383556,-0.010296278,0.6179081,-0.37465164,-0.50341284,-0.04748112,-0.41234583,-0.5052113,-0.5778253,-0.44377646,-0.4321546,0.8691362,0.8203095,0.2801174,0.6265509,0.564298,0.6773689,-0.3404061,0.5516105,0.48259446,1.5633692,-1.320917,0.2998332,0.95105654,0.309017,0.5,-0.8660254,0.0
2020-05-14 00:00:00,4.0,-0.020334892,0.30354413,1.053437,0.5496626,0.17166983,-0.7317668,-0.42493257,-0.15155913,-0.58769584,-0.6371862,-0.5094325,-0.54193527,0.7965021,0.7851829,0.19039199,0.29740697,0.23985791,0.47382334,-0.305811,0.37603775,0.4056135,1.5513077,-0.36531764,0.111128055,0.58778524,-0.809017,0.5,-0.8660254,0.0
2020-05-15 00:00:00,4.0,-0.58476335,-1.217673,-0.2436593,-0.6728166,-0.29927436,0.13688567,0.84235096,-0.16732766,-0.5895933,-0.63886154,-0.5184781,-0.53549933,0.40359178,0.51907635,-0.07052837,0.11282264,-0.16844895,0.2318863,-0.484131,-0.5597113,-0.03052688,1.1408057,-1.1165227,-0.28535706,-0.58778524,-0.809017,0.5,-0.8660254,0.0
2020-05-18 00:00:00,4.0,0.0648086,-0.18738024,1.4429712,0.58409464,-0.007023278,-0.30375928,-0.55376214,0.1794492,-0.68099576,-0.7121383,-0.5995565,-0.65218246,0.38749626,0.5248161,-0.2521934,-0.15149474,-0.21274318,0.3541303,-0.5363517,-0.55397683,-0.048652064,1.1932907,-0.5701285,-0.5794621,-0.95105654,0.309017,0.5,-0.8660254,0.0
2020-05-19 00:00:00,4.0,0.39440545,1.439589,-0.63376004,-1.0587337,-0.83473593,0.069065064,0.22904679,0.017170265,-0.83433783,-0.83764964,-0.7315531,-0.8654766,0.58468866,0.6831539,-0.2898633,-0.36992288,0.59395474,0.48027176,-0.24985027,-0.13373627,0.14954998,1.4628979,-1.6810329,-0.48063844,0.0,1.0,0.5,-0.8660254,0.0
2020-05-20 00:00:00,4.0,1.0095541,-0.73494816,0.33006278,0.12670527,-0.68414664,1.0024223,0.7509206,1.4409932,-0.6116959,-0.736967,-0.72461605,-0.34107822,1.1708559,1.1560738,-0.035858702,0.42988324,0.7315977,0.5105527,-0.040556114,1.1551709,0.82385623,2.1368518,-1.5195566,-1.5572355,0.95105654,0.309017,0.5,-0.8660254,0.0
2020-05-21 00:00:00,4.0,0.12310133,-0.5497247,0.29173574,0.7038498,-0.97511166,-0.5238193,-1.2326252,0.3107729,-0.8171525,-0.877609,-0.8561165,-0.68104166,1.1710013,1.1757185,0.13625829,0.5003258,0.551304,0.5366031,0.024292832,1.1531721,0.8640823,2.19428,-1.7758361,-1.5541536,0.58778524,-0.809017,0.5,-0.8660254,0.0
2020-05-22 00:00:00,4.0,-0.14380795,-1.332176,-1.0359739,-0.28267223,0.40250057,-0.3453227,0.004340466,0.42475992,-0.85037786,-0.9155974,-0.9110046,-0.701798,0.9724947,1.0517113,0.1592437,0.71526283,0.5721969,0.7275909,0.14291398,0.7475462,0.63963836,1.994817,-0.40185001,-2.6547627,-0.58778524,-0.809017,0.5,-0.8660254,0.0
2020-05-25 00:00:00,4.0,-2.5106785,-1.6187528,-1.0359739,-1.1066918,3.0,2.7696137,3.0,-1.0600021,0.26897708,-0.1498118,-0.29546025,0.9621265,-0.5286211,-0.13384822,-0.51547426,-0.6253433,-0.5342503,0.0044561187,-0.379216,-2.0290937,-0.9127544,0.3614399,1.2361128,-2.4971733,-0.95105654,0.309017,0.5,-0.8660254,0.0
2020-05-26 00:00:00,4.0,0.16581377,0.8753714,-0.84191036,0.8563734,0.6471106,0.07231898,-1.702781,-0.3515247,0.084237896,-0.21297315,-0.34509104,0.6425458,-0.49111745,-0.100015305,-0.8656535,-0.730019,-0.7541218,-0.024514975,-0.37727687,-1.478774,-0.83233714,0.41623923,0.3437754,-2.3173313,0.0,1.0,0.5,-0.8660254,0.0
2020-05-27 00:00:00,4.0,0.95305383,1.0312514,0.53379136,-0.9156334,-0.12037969,-0.41757652,-0.7097836,0.7166218,-0.016950727,-0.26116794,-0.41629213,0.5181274,0.10321938,0.36605775,-0.84181136,-0.7284394,-0.20891313,0.26776057,0.037989207,-0.65571404,-0.30002347,0.9192119,-0.574654,-1.948207,0.95105654,0.309017,0.5,-0.8660254,0.0
2020-05-28 00:00:00,4.0,-0.057119895,-0.9361021,-1.0078564,0.7350024,0.22924623,0.16378519,0.7485303,0.419156,-0.20505261,-0.35423815,-0.48567837,0.21632557,0.012284619,0.2963451,-0.84926987,-0.815695,-0.22258724,0.016388027,-0.02983832,-0.661412,-0.36417818,0.81217724,0.04713643,-2.1218476,0.58778524,-0.809017,0.5,-0.8660254,0.0
2020-05-29 00:00:00,4.0,-0.2410121,-0.15867023,0.818748,1.1525068,1.5396445,0.88255906,0.7397578,-0.13212043,-0.037828445,-0.22434883,-0.38400403,0.42072347,-0.17989774,0.1426394,-0.84249175,-0.8682565,-0.11124318,-0.20240015,0.28180215,-0.80175346,-0.45008683,0.6460435,1.0832263,-1.7792491,-0.58778524,-0.809017,0.5,-0.8660254,0.0
2020-06-01 00:00:00,4.0,-0.23858689,1.0608705,1.0560858,-1.4408942,-0.24905367,1.9738938,1.4545867,-0.74049735,-0.24091324,-0.33115718,-0.4561481,0.10166988,-0.36621326,-0.0067835674,-0.92782694,0.30402067,-0.21927135,-0.30984968,0.09908556,-0.91951156,-0.5999535,0.40918565,-0.712208,-1.8347543,-0.95105654,0.309017,0.5,-0.8660254,0.0
2020-06-02 00:00:00,4.0,1.5671155,1.2581768,0.373467,-1.4060645,-0.43840712,0.78655255,-1.0141077,1.4669256,0.019209394,-0.19430934,-0.42013776,0.55137444,0.6823363,0.80908275,-0.5259971,1.0332057,0.2219444,0.5827356,0.7259689,0.22340891,0.30962405,1.2309597,-1.1686299,-1.7178589,0.0,1.0,1.2246469e-16,-1.0,0.0
2020-06-03 00:00:00,4.0,0.56324387,1.4823164,-0.99489576,-0.82498974,-0.60167503,-0.07865822,-1.0068884,0.22353894,-0.34671074,-0.42747545,-0.62064576,0.055400487,0.9587845,1.0407517,-0.18352732,0.8319813,0.08392256,0.5797573,1.0497675,0.59366673,0.5842978,1.4333817,-1.4373163,-1.682695,0.95105654,0.309017,1.2246469e-16,-1.0,0.0
2020-06-04 00:00:00,4.0,0.6888489,0.25490764,0.31586665,1.4118614,-0.9186609,0.6189292,0.9081454,0.7773433,-0.52077556,-0.56611407,-0.7663697,-0.14963795,1.2843796,1.3275083,0.22853455,1.2026849,0.2945707,0.6001796,1.0369395,1.0444977,0.9621422,1.687559,-1.6385823,-1.3628136,0.58778524,-0.809017,1.2246469e-16,-1.0,0.0
2020-06-05 00:00:00,1.0,0.12973441,-1.1172819,-1.0075233,0.36843598,0.47169778,-0.027726907,-0.8012982,0.7663046,-0.55713487,-0.6078918,-0.8181843,-0.17948143,1.2814331,1.3209689,0.49652693,1.3672452,0.391016,0.68152624,1.6417332,1.0242443,0.9639127,1.6338835,0.37634045,-1.3224947,-0.58778524,-0.809017,1.2246469e-16,-1.0,0.0
2020-06-08 00:00:00,1.0,0.77906,1.1452295,-0.6261827,-0.24985518,0.9362762,0.5806971,0.7181098,0.06903508,-0.48452717,-0.58979416,-0.84315246,-0.006544726,1.636205,1.6240987,0.79561657,1.8220959,1.5486686,0.73040354,2.7910748,1.4609709,1.3702826,1.9050106,0.8549516,-1.048722,-0.95105654,0.309017,1.2246469e-16,-1.0,0.0
2020-06-09 00:00:00,1.0,0.031311277,-1.2274287,-0.9462225,-0.0036157768,-0.086772725,0.21472771,-0.46483418,0.58367723,-0.6152754,-0.6812443,-0.92252415,-0.20901382,1.5777134,1.5636777,0.9847047,1.0581275,1.4775554,0.5375254,2.472311,1.3816293,1.3662778,1.8199029,-0.18181466,-0.9132642,0.0,1.0,1.2246469e-16,-1.0,0.0
2020-06-10 00:00:00,4.0,0.5337842,0.58032215,1.3669119,-0.6065804,0.26752326,0.2800115,-0.009299418,0.31056178,-0.60041624,-0.6959962,-0.96430314,-0.1363397,1.7743616,1.7313802,1.1377519,1.0282725,1.3099103,0.8129508,2.7118137,1.5265875,1.6106265,1.9895507,0.31151742,-1.5461953,0.95105654,0.309017,1.2246469e-16,-1.0,0.0
2020-06-11 00:00:00,1.0,-0.038538072,-0.7216298,0.84000665,-0.21227472,-0.11894027,-0.047143914,-0.42758211,0.26806343,-0.6959318,-0.7654994,-1.0215703,-0.29749307,1.7072523,1.6630884,1.2032076,0.6982433,1.3174201,0.81252724,3.0,1.3364927,1.563378,1.9159975,-0.1524381,-1.5604817,0.58778524,-0.809017,1.2246469e-16,-1.0,0.0
2020-06-12 00:00:00,4.0,-1.1150014,-1.5499252,-0.4816411,-1.4032418,1.2589713,-0.2095262,-0.28506956,-0.23753414,-0.48254418,-0.60627526,-0.8558189,0.023602236,0.8057955,1.0605502,0.77446693,0.1069721,1.0324355,0.6877504,2.6744063,0.6006,0.7079225,1.2118152,1.1897184,-0.16645987,-0.58778524,-0.809017,1.2246469e-16,-1.0,0.0
2020-06-15 00:00:00,1.0,-0.40576074,1.4980913,-0.78960896,-1.0763953,0.33426958,-0.23927368,-0.11163759,-1.7034863,-0.31869522,-0.4862406,-0.7445419,0.29661208,0.5328005,0.8710072,0.34282148,-0.49064052,1.0094941,0.59195894,2.9417365,0.33161506,0.39976716,0.96196795,0.49244055,-0.24813457,-0.95105654,0.309017,1.2246469e-16,-1.0,0.0
2020-06-16 00:00:00,4.0,-1.0875885,-0.668697,1.2273486,-0.5493263,1.0365916,0.17292741,0.38897446,-0.97780067,-0.11336381,-0.31557292,-0.56708664,0.5598047,-0.21730019,0.33253938,-0.25949842,-1.0768071,0.0808409,0.22793528,2.3107114,-0.32671756,-0.31992707,0.39210168,1.1879007,-0.44675392,0.0,1.0,1.2246469e-16,-1.0,0.0
2020-06-17 00:00:00,4.0,1.1158746,0.15674254,2.8005085,-1.0144551,-0.8677795,-0.5370721,-0.8224119,1.4326706,0.12908812,-0.17034554,-0.491127,1.0259076,0.5625229,0.9334426,-0.3903096,-0.88182193,0.25959584,0.25637966,3.0,0.35404482,0.385887,0.9131517,-1.1232243,0.1788015,0.95105654,0.309017,1.2246469e-16,-1.0,0.0
2020-06-18 00:00:00,4.0,0.1860061,0.54714155,-0.27370742,1.0693827,-0.25773406,-1.0151955,-0.7096667,-0.07884887,-0.12258211,-0.29874215,-0.5832398,0.5877829,0.77051264,1.1317476,-0.42819005,-0.83270127,0.057276502,0.29231542,3.0,0.49775192,0.57824033,1.0341684,0.0632691,0.18714611,0.58778524,-0.809017,1.2246469e-16,-1.0,0.0
2020-06-19 00:00:00,4.0,-0.09989419,0.36811912,-0.9647362,2.2577572,-0.21019602,-0.16622816,1.2340274,-0.37713692,-0.28831336,-0.3825696,-0.6338624,0.29263967,0.7201394,1.1028745,-0.4906761,-0.19852613,-0.043706547,0.32349542,2.3390415,0.43552878,0.5412206,0.978019,0.2669479,0.16409324,-0.58778524,-0.809017,1.2246469e-16,-1.0,0.0
2020-06-22 00:00:00,4.0,0.30002138,1.0173677,0.5053445,-0.96639425,0.6790587,1.0270987,0.896722,-0.476969,-0.3339918,-0.4196335,-0.6749636,0.27344462,1.0554755,1.3985188,-0.4621011,0.21771333,-0.3364941,1.3019186,2.8280394,0.574157,0.6895393,1.1589074,0.9883426,0.9907594,-0.95105654,0.309017,1.2246469e-16,-1.0,0.0
2020-06-23 00:00:00,4.0,-0.40967295,-0.16198437,1.0971116,0.98743254,-0.9402777,-0.5249238,-1.1065117,-0.5301004,-0.6803459,-0.60107386,-0.7849943,-0.24564813,0.7144276,1.1797148,-0.5467308,0.7122698,-0.56786335,1.1940995,2.127366,0.28642875,0.33127424,0.9953103,-1.0285996,0.9134127,0.0,1.0,1.2246469e-16,-1.0,0.0
2020-06-24 00:00:00,4.0,0.9556467,0.8539077,-1.0025198,0.9175672,2.4105833,-0.6612201,-0.21140961,0.0019239057,-0.12900737,-0.36908346,-0.6793859,0.7239968,1.454265,1.7348921,-0.38706753,0.49646074,-0.4860392,1.1255293,1.7956301,0.7890433,0.8293263,1.3766311,1.8088968,0.7937182,0.95105654,0.309017,1.2246469e-16,-1.0,0.0
2020-06-26 00:00:00,4.0,-0.3840639,-1.490486,-0.41202947,-1.1822193,-0.46560052,-0.81119436,-0.33961305,0.33911592,-0.52099407,-0.547447,-0.77572685,0.19086167,1.0896572,1.4752649,-0.36752984,0.19042857,-0.64532053,1.0837456,1.743732,0.487549,0.48894635,1.2144871,-0.29590973,1.0926605,0.58778524,-0.809017,1.2246469e-16,-1.0,1.0
2020-06-29 00:00:00,4.0,-0.6409886,-1.198798,0.30492908,-1.0584202,-0.92160565,-0.5644851,0.058900878,-0.37809584,-1.0026089,-0.7875889,-0.8949513,-0.39027885,0.4711881,1.0421607,-0.54225624,-0.089462236,-0.26637825,1.0204064,1.5165043,-0.01203301,-0.09147296,0.9136091,-1.2599355,1.2994521,-0.95105654,0.309017,1.2246469e-16,-1.0,1.0
2020-06-30 00:00:00,4.0,-0.6962414,-1.1676035,-1.019061,0.13065048,0.8735425,0.17305431,0.56673056,0.17366093,-0.71571124,-0.6816732,-0.8203836,-0.045943618,-0.16434239,0.5877744,-0.8675024,-0.6579188,-0.34697548,0.954871,1.4942486,-0.7744503,-0.7572727,0.52650195,1.2756602,1.0265973,0.0,1.0,1.2246469e-16,-1.0,1.0
2020-07-02 00:00:00,4.0,0.29455557,-0.21002243,1.0099308,0.9605668,-0.24469519,0.4226825,-0.012510125,0.5421644,-0.9922591,-0.8912604,-0.9631971,-0.2850896,0.12977128,0.78784126,-0.97791064,-0.26561671,0.4324319,0.3930636,1.3046713,-0.5575915,-0.5793482,0.6844319,0.28104624,1.3416978,0.95105654,0.309017,1.2246469e-16,-1.0,1.0
2020-07-03 00:00:00,4.0,1.700884,1.6500902,-1.0147961,-1.3669406,1.2851406,2.422354,1.270632,0.40080696,-0.16903625,-0.5935592,-0.9203734,0.71868116,1.5722715,1.9302951,-0.54767776,0.14873809,0.5673943,0.7223001,1.7702683,1.3616232,0.672374,1.5784178,1.5759565,1.0779201,-0.58778524,-0.809017,-0.5,-0.8660254,0.0
2020-07-06 00:00:00,4.0,0.53575754,0.32231253,0.48380008,1.0702837,-0.8692119,1.321353,-0.60946125,0.58198094,-0.6592655,-0.9306839,-1.1484913,0.2770079,1.9282483,2.2319257,-0.120811015,0.6634658,0.72189677,0.63505846,1.7134056,1.6356114,1.0849266,1.9143736,-0.52335864,0.99366283,-0.95105654,0.309017,-0.5,-0.8660254,0.0
2020-07-07 00:00:00,4.0,2.152866,1.4682176,-0.41326997,-1.3369995,2.7193851,3.0,2.9903524,0.46830407,1.2286935,0.15627074,-0.76815295,2.0424397,3.0,3.0,0.5359298,2.1890705,1.7756408,1.5016955,2.0205197,2.4493563,2.1965468,2.649142,1.8979086,1.1332425,0.0,1.0,-0.5,-0.8660254,0.0
2020-07-08 00:00:00,4.0,-0.94388115,-1.1483625,0.18795834,-0.9647371,2.022905,1.8765588,-0.7441569,0.6734845,2.1704042,1.1720313,-0.1896578,2.4197032,2.007205,2.4580967,0.5992303,1.9749717,1.2207735,0.7102851,1.5906069,1.4115984,1.2956147,1.9101607,1.7511805,1.0297835,0.95105654,0.309017,-0.5,-0.8660254,0.0
2020-07-09 00:00:00,4.0,0.288625,0.2061009,0.86707985,1.1567645,0.02896855,0.5114331,-1.1111397,0.22705474,1.4152927,0.90699685,-0.31137154,1.6924508,2.0763521,2.461273,0.7547536,1.9203266,1.5649213,0.8296596,1.3855294,1.3059118,1.4530226,1.995083,1.1025686,1.1213727,0.58778524,-0.809017,-0.5,-0.8660254,0.0
2020-07-10 00:00:00,4.0,0.10019142,-0.66928095,-0.7722786,1.2692046,-0.39684978,0.34985662,-0.296961,0.6493966,0.5902814,0.41787982,-0.5525733,0.9656858,2.0549185,2.3909287,0.86185783,1.1092207,1.1482692,0.589373,1.480063,1.1588954,1.5434427,2.0436862,0.5647105,1.2084656,-0.58778524,-0.809017,-0.5,-0.8660254,0.0
2020-07-13 00:00:00,4.0,-1.2099348,-0.5900397,0.7555616,0.020094464,0.51217115,0.016173992,-0.5122642,-1.1692437,0.9877241,0.9589726,-0.10397874,1.1139367,0.9768742,1.5573175,0.46621725,0.21413253,0.7490665,0.07992476,1.1196771,0.51706225,0.70621324,1.3534007,1.378947,0.7466708,-0.95105654,0.309017,-0.5,-0.8660254,0.0
2020-07-14 00:00:00,4.0,0.052578993,-0.2959198,2.199735,-0.6055924,-0.30345055,-0.025604581,-0.15992893,0.30639282,0.37682006,0.50287867,-0.3092185,0.58819324,1.0142937,1.546055,0.22812593,-0.91145897,1.0702842,0.7360144,1.046253,0.48939633,0.7443506,1.38841,0.5542146,-0.28916436,0.0,1.0,-0.5,-0.8660254,0.0
2020-07-15 00:00:00,4.0,-0.7671838,-0.7482249,-1.1056719,1.2935753,-0.20077294,-0.0033707954,-0.07303313,-0.5438982,0.41588077,0.6239163,-0.107925236,0.52789736,0.39893383,1.0678211,-0.24010016,-0.8089962,1.0257763,0.622263,1.0174048,0.09510298,0.18334134,0.99190104,0.675397,-0.3954611,0.95105654,0.309017,-0.5,-0.8660254,0.0
2020-07-16 00:00:00,1.0,-0.052704487,-1.1299509,-1.0707812,0.17684992,0.6295286,-0.33534664,-0.57334036,1.3624638,0.6052173,0.8035381,0.08007876,0.6622005,0.38969558,1.0371815,-0.60615873,-0.9822839,0.85994905,1.18738,1.0440694,0.037405957,0.051401652,0.90554535,1.4318423,0.009555649,0.58778524,-0.809017,-0.5,-0.8660254,0.0
2020-07-17 00:00:00,1.0,-1.2727423,-1.4140048,-0.83981174,-0.94897157,0.83170086,-0.2739747,-0.005406397,0.111969255,1.1024224,1.3797653,0.72724617,0.91063964,-0.5866134,0.2799585,-1.2230897,-1.6644275,-0.5326745,0.04085585,0.6559741,-0.64726555,-0.7906186,0.22355884,1.3835808,-0.4279329,-0.58778524,-0.809017,-0.5,-0.8660254,0.0
2020-07-20 00:00:00,4.0,0.260059,-0.3002078,1.4005538,0.13340892,-1.085983,-0.88624215,-0.98631376,0.5165793,0.15287496,0.57105654,0.20287678,0.09739359,-0.36137688,0.4219684,-1.5866474,-0.9056866,-0.65974975,0.060690485,0.69980025,-0.51637226,-0.6401775,0.36212152,-0.98120874,-0.36592132,-0.95105654,0.309017,-0.5,-0.8660254,0.0
2020-07-21 00:00:00,4.0,-0.13201453,0.18184909,0.71414137,1.3527505,-0.116433375,-0.56671727,0.49381274,-0.41954464,0.018719733,0.42374834,0.16124785,-0.034904964,-0.43131173,0.35403144,-1.775287,-0.9978209,-1.7264813,0.0531922,0.88736486,-0.59926224,-0.7345399,0.275871,0.8832434,-0.39670604,0.0,1.0,-0.5,-0.8660254,0.0
2020-07-22 00:00:00,4.0,1.3343841,1.4307393,-1.1041118,-0.42437574,-0.9727143,-0.43490288,0.04264673,1.2369119,0.15700658,0.38163465,-0.015985271,0.21915093,0.5863774,1.0915941,-1.380172,0.070242204,-0.6518986,0.5559387,1.0467528,0.15567756,0.15423241,0.9655598,-0.8962303,-0.3673346,0.95105654,0.309017,-0.5,-0.8660254,0.0
2020-07-23 00:00:00,4.0,-1.4268123,-1.1639231,0.34243008,-1.2985277,1.0375378,0.17542301,0.90996987,-0.4092672,0.96818864,1.201888,0.97642285,0.77657235,-0.5144625,0.22259629,-1.4930756,-0.6412473,-1.4433745,0.0443814,0.74439454,-0.7183352,-0.8237366,0.10823558,1.4131435,-0.57783985,0.58778524,-0.809017,-0.5,-0.8660254,0.0
2020-07-24 00:00:00,1.0,0.4352147,0.18123819,0.123455726,1.9670963,-0.61268616,-0.3803472,-0.7419278,0.48751333,0.20872727,0.5443133,0.40926448,0.11298698,-0.17134655,0.4724139,-1.4463866,0.23281819,-1.2688906,-0.19836143,0.8653044,-0.43633947,-0.5289133,0.3679531,0.11645998,-0.84663033,-0.58778524,-0.809017,-0.5,-0.8660254,0.0
2020-07-27 00:00:00,1.0,-1.3624483,-1.0512215,-0.47410825,-0.29838285,0.042178255,0.7291405,1.5133437,-1.0221603,0.8434012,1.1817671,1.2473612,0.5374569,-1.0793713,-0.31857654,-1.6839548,-0.611561,-1.3348916,-0.7061585,0.4132128,-1.2265599,-1.3616023,-0.4789886,0.8766662,-0.6405747,-0.95105654,0.309017,-0.5,-0.8660254,0.0
2020-07-28 00:00:00,1.0,-0.25154215,-1.051546,-0.38279447,-0.47179678,-0.30032438,-0.9478194,-1.565801,0.6193734,0.5014716,0.9295665,1.1065607,0.17411096,-1.1951202,-0.45387483,-1.8757176,-0.67805094,-1.4466175,-0.5244992,0.22846472,-1.3401748,-1.4943373,-0.64864194,0.5908543,-0.9408055,0.0,1.0,-0.5,-0.8660254,0.0
2020-07-29 00:00:00,4.0,0.40952334,-0.83709526,-1.0849848,0.78891826,-0.9714007,-1.029903,-0.38601214,1.133265,-0.1905342,0.28954786,0.48985878,-0.44574183,-0.84408206,-0.20988452,-1.8467379,-1.1406428,-0.92065114,0.022127623,0.2598783,-1.1400084,-1.262617,-0.42490932,-0.63479286,-0.73383135,0.95105654,0.309017,-0.5,-0.8660254,0.0
2020-07-30 00:00:00,4.0,0.2293773,1.34598,-0.60324603,-0.5101445,-1.2252798,-1.1887506,-0.6844092,-0.51236635,-1.0157754,-0.5168357,-0.27746302,-1.2063266,-0.6453288,-0.07413303,-1.708879,-0.29055288,-0.7994163,-0.0098481225,0.73604923,-1.0471692,-1.1699724,-0.29951066,-1.1649672,-0.72459435,0.58778524,-0.809017,-0.5,-0.8660254,0.0
2020-07-31 00:00:00,1.0,-0.4844865,-0.6827954,0.83890855,-0.52155745,0.4303237,-0.4499676,1.6760657,0.1562429,-0.39728773,-0.09521379,0.15172862,-0.5563827,-0.9459785,-0.34642738,-1.554158,-0.74957955,-0.4475251,-1.0739261,0.52322114,-1.2389662,-1.3703984,-0.63317996,1.1223943,-0.66391927,-0.58778524,-0.809017,-0.5,-0.8660254,0.0
2020-08-03 00:00:00,1.0,-0.32165092,-0.51031655,1.3139204,-0.602469,-0.46522367,-0.42530563,-0.16203856,-0.094521135,-0.5465351,-0.27138048,0.009164489,-0.69742346,-1.1243379,-0.52501523,-1.5192571,-0.19813846,-0.6941911,-1.4666642,0.32894778,-1.2669964,-1.4760896,-0.84336114,0.17356548,-0.7644107,-0.95105654,0.309017,-0.5,-0.8660254,0.0
2020-08-04 00:00:00,1.0,-0.3821443,-0.3475626,-0.087325834,1.1918447,-0.4466691,-0.054904837,0.24899694,-0.3698534,-0.6871948,-0.4429973,-0.13237384,-0.83526754,-1.3335546,-0.7385527,-1.5218798,-0.2547293,-0.7926566,-2.5704682,0.31576157,-1.3473477,-1.5307103,-1.1014026,0.09035168,-2.328191,0.0,1.0,-0.8660254,-0.5,0.0
2020-08-05 00:00:00,1.0,1.2325802,1.063572,0.0055246316,-0.15433604,0.4815181,-0.10257156,-0.3085944,0.6336133,-0.24347939,-0.24683458,-0.18216659,-0.21618082,-0.30688298,0.029737605,-1.0370591,0.1393694,-0.8500579,-1.538812,0.3979081,-0.5187075,-0.57934165,-0.33751932,0.7498326,-2.5371244,0.95105654,0.309017,-0.8660254,-0.5,0.0
2020-08-06 00:00:00,1.0,0.37908486,0.558381,0.0090578245,1.2790416,-1.054886,-0.9001067,-0.7821706,0.110449426,-0.8988204,-0.8637742,-0.843606,-0.8395141,-0.0071583274,0.26037896,-0.64022875,0.21528895,-0.06681213,-1.4752331,0.27483103,-0.16643095,-0.22792488,-0.11362673,-0.9907601,-2.4011722,0.58778524,-0.809017,-0.8660254,-0.5,0.0
2020-08-07 00:00:00,1.0,-0.47478822,-0.712768,-1.1079677,1.1494392,0.69014287,-0.5788877,0.087321445,0.15369625,-0.41428795,-0.48873535,-0.4626841,-0.32615963,-0.35074106,-0.029790238,-0.43915796,0.22189264,-0.4540137,-1.6805245,0.3377627,-0.40026438,-0.40134126,-0.48437783,0.83962345,-2.1944447,-0.58778524,-0.809017,-0.8660254,-0.5,0.0
2020-08-10 00:00:00,1.0,-1.0496151,-0.7355629,-1.0715492,1.0073352,1.6578861,-0.5024286,-0.12110796,-0.3666455,0.7298845,0.5650114,0.6563013,0.70503545,-1.0627617,-0.6583454,-0.537539,-0.14231174,-0.2874903,-1.5638293,0.15593228,-1.1489003,-0.8906484,-1.1595154,1.3190088,-1.6285673,-0.95105654,0.309017,-0.8660254,-0.5,0.0
2020-08-11 00:00:00,4.0,-0.43117964,0.13693404,1.9742159,0.5251825,-1.2219619,-1.1393191,-0.75179803,-0.9495741,-0.22762948,-0.15093093,0.084629096,-0.31639946,-1.3007631,-0.9008118,-0.73356915,-0.16669922,-0.35707116,-1.7312374,0.22595249,-1.3949282,-1.0675051,-1.4775752,-1.2575054,-1.3927727,0.0,1.0,-0.8660254,-0.5,0.0
2020-08-12 00:00:00,4.0,1.2776068,1.1863196,0.87248516,-1.3499765,-0.5653835,-0.28009957,0.70174325,0.94687957,0.264574,0.14342512,0.12735629,0.33457863,-0.2773256,-0.08427683,-0.41186124,-0.14167729,8.848e-05,-0.8843083,0.47116575,-0.13289876,-0.19010907,-0.6917653,-0.34443694,-1.7818226,0.95105654,0.309017,-0.8660254,-0.5,0.0
2020-08-13 00:00:00,4.0,0.8357432,1.2061269,-0.67361355,0.08333358,0.7993216,0.030672753,0.09517774,-0.3905121,0.457337,0.28067267,0.11983837,0.5999449,0.31590772,0.43501222,0.024449449,0.093854986,0.26111382,-0.5191905,0.55138963,0.82688093,0.3516098,-0.19606215,0.99949205,-1.1989726,0.58778524,-0.809017,-0.8660254,-0.5,0.0
2020-08-14 00:00:00,4.0,-0.07006097,-1.1810894,-1.0445653,-0.16713491,-0.67433673,0.06208785,-0.13611834,0.79247487,-0.27134612,-0.30478838,-0.36062765,-0.17017688,0.28669047,0.39873508,0.2977455,0.29566073,0.43568,-0.012741436,0.2730431,0.7291819,0.3344494,-0.2280506,-0.65288097,-1.5027527,-0.58778524,-0.809017,-0.8660254,-0.5,0.0
2020-08-17 00:00:00,4.0,-0.1546259,0.6761023,1.8075148,-0.89020103,-0.7777761,-0.69880646,-0.6770897,-0.9500035,-0.8767018,-0.88931566,-0.84998786,-0.7921094,0.18455912,0.30371663,0.4433666,0.743598,0.5043354,-0.18477964,0.2128692,0.58600765,0.27249366,-0.30708504,-0.87241465,-1.4409349,-0.95105654,0.309017,-0.8660254,-0.5,0.0
2020-08-18 00:00:00,4.0,0.3701493,0.6340058,1.6797167,-0.7772832,-0.20159459,0.44672394,0.89599913,-0.12881301,-1.0850081,-1.2630255,-1.2702483,-0.90187985,0.48166242,0.5492811,0.6282759,1.1347562,0.81656456,0.019790776,0.34331393,0.9137745,0.52296835,-0.04507359,-0.090270005,-1.3749541,0.0,1.0,-0.8660254,-0.5,0.0
2020-08-19 00:00:00,4.0,-0.065379016,-0.8030173,-1.071305,1.104191,-1.5849816,-0.46152613,-0.8083971,0.24472974,-1.993035,-2.1522403,-2.0759857,-1.8469678,0.49408564,0.5586002,0.7584726,0.47141084,0.27999482,-0.57126456,1.1554959,1.0817192,0.61447084,-0.014986255,-1.9451281,-1.3436347,0.95105654,0.309017,-0.8660254,-0.5,0.0
2020-08-20 00:00:00,4.0,-0.65638274,-0.9627438,-0.70103633,0.22520764,-0.8599194,-1.2968472,-1.00231,-0.38474676,-2.2037458,-2.4037402,-2.306098,-2.0587943,-0.020140242,0.1518593,0.6395671,-0.25091943,-0.1349656,-0.1930984,1.0259778,0.49959153,0.24195386,-0.42840153,-1.0745814,-0.8638958,0.58778524,-0.809017,-0.8660254,-0.5,0.0
2020-08-21 00:00:00,4.0,-1.2033007,-0.9558996,-1.0442569,0.5098063,0.10457537,0.8367688,2.3583763,-0.89614165,-1.2780764,-1.6170355,-1.5699627,-1.0167097,-0.9480406,-0.6558262,0.1753342,-0.7699639,-0.4015366,-0.82589656,0.46415266,-0.58438957,-0.5023363,-1.224231,0.097986564,-0.4339559,-0.58778524,-0.809017,-0.8660254,-0.5,0.0
2020-08-24 00:00:00,4.0,0.8477075,0.759047,0.0074211485,0.6201855,-0.86505526,-1.2887788,-1.3887528,0.7068166,-1.424091,-1.8522689,-1.9684359,-1.0392253,-0.21965991,-0.055470835,0.13442473,-0.30608848,0.416386,0.092630155,0.72727853,0.30494434,0.06782126,-0.5964044,-1.2297789,-1.1394043,-0.95105654,0.309017,-0.8660254,-0.5,0.0
2020-08-25 00:00:00,4.0,1.1256703,1.6134639,-1.0373319,-0.7717543,-1.2162768,-0.71315753,0.28213808,0.776241,-1.3789235,-1.9369743,-2.264626,-0.8015712,0.64778215,0.7648656,0.43364614,0.032551777,1.0727468,0.6516531,1.1654842,1.3420838,0.8231113,0.24276267,-1.6861393,-0.56081074,0.0,1.0,-0.8660254,-0.5,0.0
2020-08-26 00:00:00,4.0,-0.31071717,-0.5590557,-0.4024194,1.0366558,-0.86202943,-0.70206475,-0.07731003,-0.22501989,-1.8692981,-2.3269792,-2.5980005,-1.3910185,0.44936565,0.5981042,0.56207234,-0.08812849,0.36121452,0.3581059,1.2898285,0.95364165,0.6443938,0.06594954,-1.149478,-0.30464175,0.95105654,0.309017,-0.8660254,-0.5,0.0
2020-08-27 00:00:00,4.0,-0.07365445,-0.08132407,0.632613,1.2128183,-1.0397339,-0.90149385,-0.16660933,-0.19416466,-2.3243933,-2.7251632,-2.9588864,-1.9035809,0.44386396,0.58482647,0.6228598,0.19766723,-0.06224607,0.22372939,0.5996951,0.79939485,0.6271423,0.03859835,-1.3711493,-0.44564655,0.58778524,-0.809017,-0.8660254,-0.5,0.0
2020-08-28 00:00:00,4.0,-0.69409454,-1.0366086,-1.023585,0.16747689,-0.66027415,0.66381496,0.8570098,-0.4757725,-2.285186,-2.6871147,-2.884029,-1.8884522,-0.17132926,0.014956253,0.4109666,0.4597441,-0.3055192,0.17559224,0.12614962,0.16053091,0.08006918,-0.52348036,-1.1040684,-0.61848664,-0.58778524,-0.809017,-0.8660254,-0.5,0.0
2020-08-31 00:00:00,4.0,0.36777225,0.5179108,2.1027012,-0.7359391,0.848722,1.9150537,0.61481285,-0.082377896,-1.6438035,-2.2265124,-2.5685043,-0.9715601,0.18401898,0.33655146,0.34198982,0.21786791,-0.0877465,0.4655998,-0.14147788,0.4508121,0.29120257,-0.23458128,0.5469062,-0.4225911,-0.95105654,0.309017,-0.8660254,-0.5,0.0
2020-09-01 00:00:00,1.0,-0.77597475,-1.3199459,-0.23042285,-1.4273964,1.8353676,3.0,1.6779194,1.2883219,-0.4605249,-1.2510934,-1.7187437,0.4502269,-0.5069752,-0.31709728,0.044889312,-0.7342478,-0.5694101,0.3378752,-0.5480108,-0.30164286,-0.35208148,-0.86669874,1.2291136,-0.025457174,0.0,1.0,-0.8660254,-0.5,0.0
2020-09-02 00:00:00,1.0,0.0025478005,0.89742625,0.21178462,0.29585174,-0.79448557,0.2767426,-1.6243553,-0.8132651,-1.1405616,-1.6833322,-2.0476675,-0.40397328,-0.46293664,-0.28760543,-0.11202294,-0.6092053,-0.558818,-0.2311519,-1.0672296,-0.29315537,-0.33387974,-0.8389854,-1.3616165,-0.013510201,0.95105654,0.309017,-1.0,-1.8369701e-16,0.0
2020-09-03 00:00:00,1.0,-0.21532843,-0.5309205,-1.0569197,1.5434736,-0.45506668,1.409967,1.0335027,-0.023667652,-1.4248861,-1.8545322,-2.1595197,-0.7838111,-0.6340953,-0.45101333,-0.28382286,-0.69274473,-0.3798776,-0.48752302,-1.2164444,-0.47677568,-0.45972714,-0.990213,-0.76951665,-0.3557665,0.58778524,-0.809017,-1.0,-1.8369701e-16,0.0
2020-09-04 00:00:00,1.0,-0.34390008,0.10057897,1.4090955,0.60542953,-0.029826012,0.66227925,-0.603814,-0.78993475,-1.4150405,-1.8217363,-2.1087945,-0.7824973,-0.9507685,-0.7347679,-0.5011023,-0.51522076,0.0074521815,-0.4026399,-1.7267226,-0.81897366,-0.71252257,-1.2332944,-0.24105111,-0.20287345,-0.58778524,-0.809017,-1.0,-1.8369701e-16,0.0
2020-09-07 00:00:00,1.0,-0.9439384,0.33869886,0.66213953,1.2001903,-0.1778254,2.4040594,2.0086472,-1.9928788,-0.8073751,-1.3213966,-1.6530013,-0.045527957,-1.7766023,-1.5070592,-0.9052174,-1.2123698,-0.8184258,-0.28364703,-2.0272462,-1.8412734,-1.4113668,-1.8719063,-0.694749,0.07512082,-0.95105654,0.309017,-1.0,-1.8369701e-16,0.0
2020-09-08 00:00:00,1.0,-0.34333307,0.02609155,1.9671891,-0.2197324,0.68911505,-0.18675627,-1.6895168,-0.6316243,-0.68225545,-1.1740785,-1.5131466,0.07796307,-1.9481509,-1.7101171,-1.220773,-0.9660526,-1.51513,-0.21524352,-1.4300269,-2.2745225,-1.6057801,-1.9994277,0.24455734,0.20649675,0.0,1.0,-1.0,-1.8369701e-16,0.0
2020-09-09 00:00:00,4.0,0.09378578,-0.49880913,-1.0585394,1.5506998,0.7356093,0.36369488,0.56195605,0.78321326,-0.56774205,-1.0561165,-1.4301496,0.22417653,-1.7408276,-1.5659596,-1.2931689,-0.9175253,-1.3413788,-0.77058536,-1.130207,-1.8772731,-1.4273463,-1.8391782,0.36101323,0.52209896,0.95105654,0.309017,-1.0,-1.8369701e-16,0.0
2020-09-10 00:00:00,1.0,-0.54988253,1.2669017,-0.26963228,-0.25817323,-0.32910734,-0.1293635,-0.6152609,-2.21503,-0.5474695,-0.9772894,-1.3287461,0.1881389,-2.0665512,-1.9313792,-1.4086689,-1.0944422,-1.5150833,-1.3435284,-0.6671376,-1.9225641,-1.6408606,-2.0981793,-0.7190326,-0.24846731,0.58778524,-0.809017,-1.0,-1.8369701e-16,0.0
2020-09-11 00:00:00,1.0,-0.52760226,-1.3970101,-0.5907485,-1.2503393,-0.18767086,-0.6952492,-0.83523965,0.40139684,-0.8488785,-1.1411711,-1.4117821,-0.2327496,-2.284583,-2.1912193,-1.5710156,-1.1726176,-1.3960927,-1.4712335,-1.5163085,-1.8728898,-1.840136,-2.292557,-0.67858267,-0.07541232,-0.58778524,-0.809017,-1.0,-1.8369701e-16,0.0
2020-09-14 00:00:00,1.0,0.6436833,1.215536,0.15033998,-0.4981157,-0.56706464,-0.7563976,-0.24322648,-0.07557125,-1.2928538,-1.4860709,-1.7208365,-0.74833703,-1.5169268,-1.5890931,-1.4121269,-0.35336944,-1.2786224,-1.1672503,-1.4243978,-1.2525676,-1.3461189,-1.832285,-1.123044,-0.066530995,-0.95105654,0.309017,-1.0,-1.8369701e-16,0.0
2020-09-15 00:00:00,1.0,0.451722,0.8824274,1.6544178,-1.2068788,-1.2124046,-0.96524936,-0.6269047,0.071198456,-1.6960407,-1.8161465,-2.00455,-1.2587627,-1.0169756,-1.1823452,-1.0997362,0.05132004,-0.75210655,-1.1631614,-1.1903393,-0.85188615,-0.96465194,-1.4693042,-1.7465588,0.08526553,0.0,1.0,-1.0,-1.8369701e-16,0.0
2020-09-16 00:00:00,1.0,0.30592215,1.2177498,1.0967585,-1.5097895,-1.0687854,-0.04480808,1.6632483,-0.46382177,-2.0774622,-2.140987,-2.2735994,-1.7919652,-0.6876154,-0.9083422,-0.7352904,0.15453401,-0.62899745,-1.0499597,-1.2877417,-0.5757376,-0.68093467,-1.2207505,-1.61915,0.1486097,0.95105654,0.309017,-1.0,-1.8369701e-16,0.0
2020-09-17 00:00:00,4.0,-0.03602782,-0.7424983,-0.92184246,0.8204902,-1.0714171,-0.6924266,-0.89156896,0.19875376,-2.3181374,-2.3595994,-2.4446802,-2.1724565,-0.68943113,-0.9067896,-0.43964222,0.42273065,-0.5498617,-0.81904596,-1.0885144,-0.5261354,-0.6551759,-1.1790078,-1.5923336,0.11695239,0.58778524,-0.809017,-1.0,-1.8369701e-16,0.0
2020-09-18 00:00:00,1.0,-1.2734509,-1.1179773,-0.6910275,-0.513547,1.3326901,-0.197381,0.6192405,-0.67049986,-1.5152496,-1.8079214,-1.9897672,-0.9493246,-1.6501541,-1.772268,-0.5650602,0.049136277,-0.90209544,-0.7967079,-1.9868594,-1.195468,-1.476915,-1.8188698,0.75737774,0.5514888,-0.58778524,-0.809017,-1.0,-1.8369701e-16,0.0
2020-09-21 00:00:00,4.0,0.40911195,0.8944611,-0.019426424,0.589751,-0.90653205,0.69521767,1.0723504,-0.09877899,-1.8501499,-2.0519388,-2.1962512,-1.4507614,-1.2003447,-1.4014946,-0.51383,-0.07074675,-0.3365072,-1.0061749,-1.6161696,-0.8480543,-1.1311238,-1.5164938,-1.4497405,0.34974504,-0.95105654,0.309017,-1.0,-1.8369701e-16,0.0
2020-09-22 00:00:00,4.0,-1.668218,-1.4200091,-0.61413693,-1.3526313,2.1368034,-0.38860875,-1.0600659,-0.18736751,-0.70503235,-1.2230119,-1.520443,0.24006492,-2.1429543,-2.3445683,-0.84554195,-1.1504401,-0.8585783,-2.0389462,-1.8682969,-1.5440534,-1.9082711,-2.1976993,1.2728965,0.25329843,0.0,1.0,-1.0,-1.8369701e-16,0.0
2020-09-23 00:00:00,4.0,-0.7678612,-0.7872565,0.32811034,-0.6236605,-0.72676796,-0.4789182,-0.230144,-1.0596892,-0.9739813,-1.328022,-1.5483234,-0.24391839,-2.3637238,-2.5890536,-1.2981746,-1.660197,-1.1893247,-2.1408148,-1.7732998,-1.6198362,-2.1881247,-2.4736297,-1.2839036,-0.012144138,0.95105654,0.309017,-1.0,-1.8369701e-16,0.0
2020-09-24 00:00:00,4.0,0.12717193,0.53317654,-0.005426103,1.4970872,-0.69543624,-0.36489847,0.033004437,-0.42926696,-1.3324063,-1.5523183,-1.7166846,-0.7911718,-2.1473892,-2.3613236,-1.4723407,-1.5462409,-0.9194613,-2.0050654,-1.8068341,-1.3522025,-1.9295316,-2.3019652,-1.1397746,-0.4306469,0.58778524,-0.809017,-1.0,-1.8369701e-16,0.0
2020-09-25 00:00:00,4.0,-1.4419523,-0.950022,-0.41124773,-0.3624793,0.27067247,0.07909921,0.3724709,-1.5909128,-0.5838137,-1.0044446,-1.265215,0.2730621,-2.5456326,-2.8085406,-1.6956482,-1.5848097,-1.2602205,-2.1604445,-2.8417082,-1.6117578,-2.3472888,-2.6499553,0.134474,-0.66078544,-0.58778524,-0.809017,-1.0,-1.8369701e-16,1.0
2020-09-28 00:00:00,4.0,-0.15161353,-0.71574646,-0.18894784,-0.013654607,0.35022894,-0.07560844,-0.32203588,0.47062403,-0.558898,-0.94251156,-1.2115597,0.2780097,-2.4726865,-2.6990654,-1.7996068,-1.8109305,-1.5539478,-2.2581155,-2.916391,-1.4285427,-2.155159,-2.5337665,0.17649682,-0.8568308,-0.95105654,0.309017,-1.0,-1.8369701e-16,1.0
2020-09-29 00:00:00,4.0,1.1396784,1.6717023,-0.25604603,-0.94625026,-0.31985524,-0.5981357,-0.7191838,0.052565258,-0.8538601,-1.1333756,-1.3891428,-0.08424449,-1.7315513,-2.0959258,-1.5409554,-0.5987718,-1.392315,-1.6995071,-3.0,-0.9601837,-1.5383543,-2.0963025,-0.7400432,-0.15887101,0.0,1.0,-1.0,-1.8369701e-16,1.0
2020-09-30 00:00:00,4.0,-0.63405454,-1.4532226,-0.85651845,-1.3047477,0.44903445,-0.36973956,0.0976688,0.45419168,-0.8179204,-1.070081,-1.3088727,-0.02481517,-1.9337608,-2.2755404,-1.3990563,-0.5301135,-1.7494977,-1.8519869,-2.9088805,-1.0558884,-1.7133671,-2.2467155,-0.033783346,-0.2045944,0.95105654,0.309017,-1.0,-1.8369701e-16,1.0
2020-10-05 00:00:00,4.0,0.9043446,-0.11852831,1.6207893,-0.41878882,1.115595,-0.43561473,-0.26907775,1.5045694,-0.27427098,-0.7410922,-1.1204001,0.9875763,-1.3778605,-1.8190217,-0.88255286,-0.18652777,-1.461933,-1.5309912,-2.6525183,-0.6778515,-1.0411686,-1.7360886,0.67196137,0.1221173,0.58778524,-0.809017,-1.0,-1.8369701e-16,1.0
2020-10-06 00:00:00,4.0,1.3583587,-1.1252686,-1.0800806,-0.20719719,0.5742351,-0.4269287,-0.18298452,3.0,0.36588866,-0.3310509,-0.8892055,2.0102267,-0.54047376,-1.1489626,-0.09026738,1.45009,-0.4446775,-1.0426828,-2.3102818,-0.12555626,-0.1932641,-1.0953817,0.21216998,0.989304,0.0,1.0,-0.8660254,0.5,0.0
2020-10-07 00:00:00,4.0,0.94491273,1.2858245,-0.34565207,0.16071095,-1.4069498,-0.8307036,-0.33762437,0.4302767,-0.38438883,-0.73441064,-1.1611723,0.84120744,0.0061449003,-0.68639886,0.6943433,2.0141528,-0.26651722,-0.4602756,-1.6852431,0.2920584,0.32855168,-0.7871227,-1.5431557,0.35528132,0.95105654,0.309017,-0.8660254,0.5,0.0
2020-10-08 00:00:00,4.0,1.1030436,1.5900644,-1.0290284,-0.1000299,0.44092527,0.044203743,0.42276374,-0.21216768,-0.5974325,-0.865674,-1.269393,0.5568544,0.6302016,-0.13639557,1.5795131,1.9395059,0.9569544,-0.03350055,-1.4490154,0.7890917,0.9751373,-0.33741668,0.097423136,0.80726844,0.58778524,-0.809017,-0.8660254,0.5,0.0
2020-10-09 00:00:00,4.0,-0.11051358,-0.2988477,-1.0444125,2.143565,-0.48381674,-1.2127972,-0.88397896,-0.21917987,-1.0444609,-1.117585,-1.4041936,-0.23633012,0.5304276,-0.20619927,2.0820634,2.1302056,1.3128307,-0.09968807,-1.2232045,0.7551611,0.93963194,-0.41102326,-0.92378277,1.2114809,-0.58778524,-0.809017,-0.8660254,0.5,0.0
2020-10-12 00:00:00,1.0,-0.2015628,-1.227243,-1.0444125,-0.46030834,0.011312626,-0.40707526,0.3847385,0.59674823,-1.2031361,-1.2240685,-1.4511213,-0.51789546,0.36879513,-0.32505265,2.2274764,1.5506096,1.2028972,0.03000853,-1.2404349,0.66249985,0.81952375,-0.5149829,-0.31442267,1.6202577,-0.95105654,0.309017,-0.8660254,0.5,0.0
2020-10-14 00:00:00,1.0,2.037136,1.7680194,-0.5312776,-1.338505,2.099986,2.847863,2.377349,0.27353364,-0.33571124,-0.78971285,-1.2620603,1.2134479,1.4902408,0.7542617,2.5460665,1.8951916,2.6222298,0.8541414,-0.42904145,1.5221311,1.8643816,0.4839385,1.5469389,1.9335207,0.0,1.0,-0.8660254,0.5,0.0
2020-10-15 00:00:00,4.0,0.091829956,-0.6447234,-1.020781,1.2341202,0.13981257,2.439344,-0.015815077,0.6296978,-0.62586665,-0.9231204,-1.3226452,0.67279845,1.4807949,0.7871889,2.6990051,1.4555417,2.5684144,0.6625125,-0.49014312,1.4700117,1.8370672,0.5286408,0.033178672,1.9079534,0.58778524,-0.809017,-0.8660254,0.5,0.0
2020-10-16 00:00:00,4.0,-1.8235537,-1.2269279,-0.57876825,-0.905353,1.5327783,1.2335473,-0.6835272,-1.1194148,0.2768426,-0.2867851,-0.8401164,1.7820686,0.29648963,-0.19608417,2.0864255,-0.027955927,1.4009745,-0.09162701,-0.8339998,0.64830506,0.7520241,-0.29421753,1.3520595,1.7250122,-0.58778524,-0.809017,-0.8660254,0.5,0.0
2020-10-19 00:00:00,1.0,0.9530635,1.5621268,0.32310873,-1.4822112,-0.5292286,2.0918674,0.6866609,-0.071497045,-0.24057809,-0.56438226,-1.0170853,0.99054915,0.7824356,0.28511995,1.9586799,0.5050668,1.9447783,0.10528827,-1.0531168,1.0999658,1.2616321,0.12875366,-0.7511441,1.5591842,-0.95105654,0.309017,-0.8660254,0.5,0.0
2020-10-20 00:00:00,4.0,0.64541894,0.061714616,2.3758621,-0.40245232,-0.264571,2.62093,0.92404485,0.79171544,-0.26502228,-0.57761747,-1.0352374,0.97154343,1.0667521,0.594759,1.88296,0.9152452,1.8096017,0.32606393,-0.47879112,1.3812556,1.5431389,0.4413896,-0.24290997,1.0847046,0.0,1.0,-0.8660254,0.5,0.0
2020-10-21 00:00:00,1.0,0.15251963,0.18329859,-0.046431925,2.479328,-1.5531592,0.026550556,-1.6653979,-0.12526508,-1.252762,-1.1634939,-1.363425,-0.56153697,1.105832,0.6576567,1.894636,-0.03368532,1.3513174,0.84727156,-0.5894545,1.3443513,1.6212364,0.5254374,-1.4805564,0.8033471,0.95105654,0.309017,-0.8660254,0.5,0.0
2020-10-22 00:00:00,1.0,0.74884856,0.62102866,1.7692753,-0.64090985,-0.5178097,0.14262097,-0.03265605,0.44955817,-1.2543578,-1.2453417,-1.4421483,-0.41339803,1.4148767,1.0046178,1.8821089,0.26922822,1.2593638,0.9207488,-0.011614523,1.5296456,1.8995831,0.88039565,-0.66577286,0.9029939,0.58778524,-0.809017,-0.8660254,0.5,0.0
2020-10-23 00:00:00,1.0,0.11622673,0.7956346,-0.46399057,1.1777039,-0.33728197,0.87524045,0.7953562,-0.6926596,-1.5280855,-1.4711494,-1.578342,-0.77488387,1.4215245,1.0402616,1.845508,1.2584482,0.90522456,1.5549445,0.09057576,1.3917361,1.8402137,0.92889017,-0.52024287,0.23213466,-0.58778524,-0.809017,-0.8660254,0.5,0.0
2020-10-27 00:00:00,1.0,0.5272622,1.0616937,-0.19003491,0.06356885,-0.054761212,0.61016655,-0.32825726,-0.38040838,-1.6045902,-1.600783,-1.6796877,-0.82673293,1.6069942,1.267631,1.8246237,1.0379788,1.1184297,1.9500549,0.06098573,1.3885761,1.9263257,1.195279,-0.029894311,0.58526546,-0.95105654,0.309017,-0.8660254,0.5,0.0
2020-10-28 00:00:00,1.0,-0.52595365,-0.21962163,-0.47619343,1.8452469,-0.3184139,0.61929834,-0.08839119,-0.8030099,-1.4691173,-1.5422504,-1.6310898,-0.6586758,1.206393,0.95503193,1.5841908,0.47791833,1.009331,1.721196,-0.109112695,1.0649148,1.4862012,0.93899274,-0.3504866,0.8919656,0.95105654,0.309017,-0.8660254,0.5,0.0
2020-10-29 00:00:00,1.0,-0.31943977,-0.33185676,0.26714227,0.78725696,-0.38457283,-0.027070623,-0.7425924,-0.3703633,-1.6023988,-1.6572903,-1.6929616,-0.9016945,0.9664317,0.76528615,1.3090512,0.25805938,0.16022032,2.0460587,-0.024524009,0.85726994,1.1654861,0.7992098,-0.57391405,1.2207289,0.58778524,-0.809017,-0.8660254,0.5,0.0
2020-10-30 00:00:00,1.0,-0.4994807,1.4309182,0.02219192,-1.1604544,1.5995828,-0.15640037,-0.2691289,-2.7602768,-0.8812613,-1.2208387,-1.4384918,0.2710655,0.6226336,0.4838722,0.8798543,-0.32823142,-0.040645316,1.8991549,-0.023853747,0.59549695,0.7050931,0.5551393,1.3707104,1.2250838,-0.58778524,-0.809017,-0.8660254,0.5,0.0
2020-11-02 00:00:00,1.0,-1.9039001,-1.2682016,-0.48180002,-0.8342568,2.60279,0.6505195,0.91707116,-0.5231148,0.2852695,-0.38356122,-0.8842169,1.7548934,-0.45104817,-0.49669147,0.1710619,-1.283017,-0.014222794,1.0574913,-0.28709,-0.28458115,-0.3031518,-0.28618985,1.91896,1.395435,-0.95105654,0.309017,-0.8660254,0.5,0.0
2020-11-03 00:00:00,1.0,1.4762561,1.4572824,-0.52214664,-0.67620033,-0.48746026,0.3127004,-0.39421338,0.8339574,0.14442655,-0.44233388,-0.961941,1.5409133,0.34129727,0.25300404,0.027593102,-0.8313569,0.14377594,1.6203107,-0.3741579,0.25336534,0.23584141,0.410146,-0.6197024,1.5292959,0.0,1.0,-0.5,0.8660254,0.0
2020-11-04 00:00:00,1.0,1.8881654,1.362323,0.43150514,-1.4339666,0.57072777,0.07295169,-0.32161337,1.1726507,0.87261856,0.055314526,-0.7381738,2.4346886,1.181244,1.1487619,0.274739,0.3162544,0.5818785,1.8405557,-0.10836071,1.2334836,0.90422654,1.2396982,0.8963751,1.8417627,0.95105654,0.309017,-0.5,0.8660254,0.0
2020-11-05 00:00:00,4.0,-0.20576683,0.5616927,1.6660528,-0.64668256,0.59919405,0.09654905,-0.061522074,-1.0823771,0.5638291,-0.009544922,-0.7271353,1.7975346,1.0395386,1.0208291,0.37053153,0.3649088,0.4554228,1.3891077,-0.006509272,1.0303819,0.7083709,1.1372193,0.97590995,1.1424441,0.58778524,-0.809017,-0.5,0.8660254,0.0
2020-11-06 00:00:00,4.0,2.8687906,1.046603,-1.0495183,0.7698355,0.48661053,0.5203456,0.3042416,3.0,2.0794523,1.013361,-0.2770189,3.0,2.0172002,2.1988685,0.84556764,1.9747623,1.251467,1.898338,0.9199368,2.2399685,1.6505792,2.1345456,0.95977867,2.0066752,-0.58778524,-0.809017,-0.5,0.8660254,0.0
2020-11-09 00:00:00,4.0,-0.020789446,-0.2148384,-0.12487258,1.7657956,-0.52834016,0.0058717364,-0.49862182,0.031457443,0.96150666,0.469989,-0.52480674,1.8384515,1.9325358,2.0978365,1.1785537,2.6581318,1.1910692,1.5771823,1.0377183,1.7407669,1.5901171,2.1289861,-0.45315728,1.8258603,-0.95105654,0.309017,-0.5,0.8660254,0.0
2020-11-10 00:00:00,4.0,1.0334105,-1.0701282,-0.7053819,-0.0113199195,-0.9110996,-0.13911846,-0.18439879,2.0400019,0.96270084,0.5359004,-0.5162442,1.7120919,2.1204178,2.3482234,1.4280622,2.3721814,1.3605648,1.8339593,0.8621592,1.7116307,1.8100249,2.3778064,-1.0007195,1.9605173,0.0,1.0,-0.5,0.8660254,0.0
2020-11-11 00:00:00,4.0,0.96714365,-0.61163336,-1.0102627,1.4157771,1.3087479,2.2987735,1.9692317,1.9720191,0.9824549,0.6124309,-0.5128475,1.60212,2.24434,2.5183578,1.6293064,1.9352244,1.8163643,2.0598986,0.80749,1.6444963,1.9586686,2.5500429,1.6791074,1.930872,0.95105654,0.309017,-0.5,0.8660254,0.0
2020-11-12 00:00:00,4.0,-0.32914513,0.09904642,2.5569184,-0.39484814,-0.42407808,1.9610906,0.05573652,-0.6392524,0.10453413,0.077097796,-0.7593261,0.684843,1.9912523,2.2508125,1.6713606,1.8294343,1.7625419,1.4307241,0.7603717,1.2745308,1.767159,2.3944829,-0.16914643,1.4605916,0.58778524,-0.809017,-0.5,0.8660254,0.0
2020-11-13 00:00:00,4.0,-0.26832342,-1.0109854,-0.3862714,-0.2588431,0.95736223,-0.07111571,-1.3428313,0.60479057,0.056504805,0.069061056,-0.7322111,0.5742717,1.7939632,2.0443287,1.477792,0.5521768,1.7838135,1.3211896,0.7510506,1.0318768,1.5318605,2.1908672,1.3772433,1.4901665,-0.58778524,-0.809017,-0.5,0.8660254,0.0
2020-11-16 00:00:00,4.0,-0.095000766,0.44730747,-0.978892,2.353633,-0.57157004,-0.4251186,-0.45584482,-0.5666785,-0.6582302,-0.52042043,-1.0321388,-0.08830359,1.7067716,1.9391948,1.2961955,0.52983916,2.2571156,1.7179499,0.62151855,0.9015898,1.405488,2.1391866,-0.6112596,1.4536803,-0.95105654,0.309017,-0.5,0.8660254,0.0
2020-11-17 00:00:00,4.0,0.7454346,0.29350516,-0.68740207,2.2866416,-1.0639961,-0.8566167,-0.63240236,0.717459,-1.3557987,-1.2478238,-1.4779133,-0.6884006,1.8447568,2.0850084,1.2395674,0.4129491,1.9852358,1.6284795,0.81525964,0.9806003,1.6291988,2.3689184,-1.184427,1.5568248,0.0,1.0,-0.5,0.8660254,0.0
2020-11-18 00:00:00,4.0,0.044279493,-0.86605036,-0.600234,0.3096388,-1.092762,-0.3808432,0.3180331,0.3443273,-2.0040228,-1.9405636,-1.8883755,-1.3577819,1.7960703,2.0176902,1.1436038,0.04007974,1.4209498,1.4642252,1.0267853,0.8793914,1.5921128,2.3745053,-1.2810674,1.8759489,0.95105654,0.309017,-0.5,0.8660254,0.0
2020-11-19 00:00:00,4.0,0.36166316,0.83407867,0.2854181,0.01743496,-0.2399775,-0.56190723,-0.29239774,-0.2312294,-2.0441644,-2.1980965,-2.1300251,-1.3593833,1.8206598,2.03558,1.0252036,0.31771538,1.5520072,1.4851989,1.4328495,0.8521896,1.6216991,2.3980706,0.16275667,1.6500349,0.58778524,-0.809017,-0.5,0.8660254,0.0
2020-11-20 00:00:00,4.0,-0.767331,-1.1789503,-0.99164444,-0.07592257,-1.5542017,-0.43603855,0.023787862,-0.71277046,-2.1584284,-2.4068408,-2.2696743,-1.5338541,1.3549612,1.6494038,0.7114504,0.12384641,0.4865954,1.1482383,1.0481346,0.6032224,1.2133601,2.088935,-1.3130578,1.5784168,-0.58778524,-0.809017,-0.5,0.8660254,0.0
2020-11-23 00:00:00,4.0,0.29878613,0.4767818,1.1202923,0.21057768,-0.40340257,-0.84478545,-0.55696434,-0.03658721,-2.1647604,-2.5461855,-2.4345164,-1.5186052,1.4122183,1.6876549,0.4785281,0.277717,0.5786182,1.1765816,0.8158247,0.61994475,1.2486132,2.1163893,-0.40252686,1.4859825,-0.95105654,0.309017,-0.5,0.8660254,0.0
2020-11-24 00:00:00,4.0,0.066483974,-0.9765191,-0.9626498,0.33290598,0.064237505,-0.69839174,-0.012149992,0.73387444,-1.9677424,-2.4480748,-2.4225044,-1.2720785,1.4070249,1.6633471,0.255618,-0.0002558999,0.296178,1.0727952,0.9587856,0.5833164,1.1611573,2.028223,0.51690567,1.4068907,0.0,1.0,-0.5,0.8660254,0.0
2020-11-25 00:00:00,4.0,0.3124191,-0.21532014,-0.9771647,2.0841866,-0.74079746,-1.0180557,-0.5135642,0.40549064,-2.1161063,-2.5955777,-2.5527277,-1.4694669,1.4648544,1.7015138,0.13010727,0.10256694,0.10193211,1.2293596,1.0660406,0.6011198,1.2093352,2.0772984,-0.86337316,1.2327179,0.95105654,0.309017,-0.5,0.8660254,0.0
2020-11-26 00:00:00,4.0,0.21732959,-0.50152606,1.2936245,-0.652849,1.6130453,0.28311807,1.3591447,0.8102338,-1.3247608,-1.9783151,-2.1823359,-0.3792795,1.4908652,1.7098968,0.005258779,0.042371728,0.25689682,1.3182052,1.3198912,0.5944994,1.0622169,1.8849368,1.750295,1.3853514,0.58778524,-0.809017,-0.5,0.8660254,0.0
2020-11-27 00:00:00,4.0,0.4709714,1.2522985,-0.9881123,0.30954054,-0.83361626,-1.1255349,-1.233461,-0.2000931,-1.692242,-2.243908,-2.364961,-0.8661547,1.572581,1.7755692,0.0059754946,0.5272287,0.46291047,1.4847801,1.3115513,0.6557696,1.1595148,1.9987098,-0.853354,1.6107124,-0.58778524,-0.809017,-0.5,0.8660254,0.0
2020-11-30 00:00:00,4.0,0.17189735,0.93613183,0.81120163,-0.68641293,0.46611834,0.15232827,1.2733572,-0.596309,-1.566694,-2.1463299,-2.3234649,-0.65645635,1.5749336,1.763833,-0.017828835,0.4781844,0.5362909,1.8451238,1.554663,0.70144,1.0222243,1.9309846,0.6640383,0.6896693,-0.95105654,0.309017,-0.5,0.8660254,0.0
2020-12-01 00:00:00,4.0,-2.092073,-1.393086,-0.17972623,-1.2930226,3.0,2.788133,3.0,-0.5051371,-0.07548908,-0.9073359,-1.4382533,1.1413205,0.40293217,0.8894834,-0.52597547,-0.379539,-0.2686495,1.1386583,1.071122,0.046730556,-0.07633312,1.0733113,2.1776946,0.8540755,0.0,1.0,-0.5,0.8660254,0.0
2020-12-02 00:00:00,4.0,0.73721665,1.037918,0.5721513,-0.677334,-0.03510353,0.55211484,-1.4075016,0.103789896,-0.33745727,-1.0295745,-1.5268648,0.80166733,0.64330775,1.074898,-0.69727194,-0.20734662,-0.0730839,0.9080091,1.2818782,0.29744822,0.12877616,1.226624,0.33483163,0.36452046,0.95105654,0.309017,-2.4492937e-16,1.0,0.0
2020-12-03 00:00:00,4.0,-0.2238911,-0.77893174,-0.993013,0.8922964,0.032099124,0.59943366,-0.033885818,0.19025984,-0.59906983,-1.1476125,-1.5666884,0.41329023,0.562206,0.99530804,-0.86559266,-0.38209525,-0.23859583,0.8985565,1.3084215,0.2189967,-0.04398333,1.1441721,0.45339358,1.1943665,0.58778524,-0.809017,-2.4492937e-16,1.0,0.0
2020-12-04 00:00:00,4.0,0.5927345,0.9516653,0.17876914,-0.08505357,-0.51557076,-0.22526951,-0.92575765,0.09913399,-0.9782983,-1.4220716,-1.7608478,-0.056967705,0.7547802,1.1398779,-0.8637946,-0.3348866,0.14306414,0.42900246,1.6585312,0.6014194,0.17076716,1.2944634,-0.69474864,-0.70531875,-0.58778524,-0.809017,-2.4492937e-16,1.0,0.0
2020-12-07 00:00:00,4.0,0.25121596,0.3295865,-0.97020006,2.2653873,-0.8347575,0.10287326,0.31036252,0.041624427,-1.475649,-1.8049136,-2.0173838,-0.72302765,0.8395051,1.1952769,-0.8254864,-0.30437085,0.13259467,0.47977024,1.7538426,0.85512507,0.2653011,1.3885188,-1.1991881,-0.66412485,-0.95105654,0.309017,-2.4492937e-16,1.0,0.0
2020-12-08 00:00:00,4.0,-1.3143774,-0.99796206,-0.97020006,0.35703254,2.4094381,-0.3181866,-0.5773221,-0.19661878,-0.1201089,-0.7587363,-1.3026843,0.9737125,0.21377286,0.70341086,-0.98067796,0.013478516,-0.26753542,0.02453366,1.4309002,-0.2382134,-0.3368071,0.81685615,1.9825115,-0.9539518,0.0,1.0,-2.4492937e-16,1.0,0.0
2020-12-09 00:00:00,4.0,-0.85756963,-1.3712825,-0.94841653,-0.61416876,-0.6972999,-0.5257477,-0.4732838,-0.67674965,-0.57862633,-1.0123163,-1.4138687,0.29946175,-0.130563,0.4144878,-1.3102276,-0.6582692,-0.61572003,-0.33229655,1.3708299,-0.96998835,-0.66175216,0.6070857,-1.1004119,-0.70645905,0.95105654,0.309017,-2.4492937e-16,1.0,0.0
2020-12-10 00:00:00,4.0,0.5883173,0.04635343,2.4611208,-0.28807405,-0.43129602,-0.47319928,-0.16235258,0.70855635,-0.48960063,-0.94760686,-1.4059113,0.42903924,0.10830802,0.58858204,-1.3298697,-0.32182404,-0.5118406,-0.15500517,1.5788385,-0.35732308,-0.39661914,0.69545096,-0.5695595,-1.1665745,0.58778524,-0.809017,-2.4492937e-16,1.0,0.0
2020-12-11 00:00:00,4.0,-0.45949823,1.0627334,-0.16087033,-0.0016042668,-0.8731549,-1.0202922,-0.8946921,-1.3063133,-0.9505416,-1.255841,-1.5742996,-0.20703128,-0.06384081,0.44369176,-1.4524931,-0.7667171,-0.7959283,-0.19199431,1.3194809,-0.8063988,-0.5814008,0.5740588,-1.2414479,-1.2287648,-0.58778524,-0.809017,-2.4492937e-16,1.0,0.0
2020-12-14 00:00:00,4.0,0.2316116,-0.7784259,0.3823195,-0.38865614,-0.057631362,-0.49810207,0.7131087,0.7907907,-1.0128393,-1.3194644,-1.6234413,-0.27097744,0.05572683,0.5221254,-1.4051949,-0.7699826,-0.77818274,-0.12857038,1.2446685,-0.5157072,-0.46395528,0.59766364,0.16969024,-1.0804722,-0.95105654,0.309017,-2.4492937e-16,1.0,0.0
2020-12-15 00:00:00,4.0,-0.53120166,-0.92390835,-0.43643805,-0.087325655,-0.34501305,-0.8136004,-0.5499386,-0.33018142,-1.2870835,-1.5132718,-1.7128806,-0.680937,-0.16268557,0.34327316,-1.4654866,-0.43654042,-0.3058182,-0.3864788,1.0637177,-1.0558147,-0.67216545,0.43453386,-0.48987716,-1.5023165,0.0,1.0,-2.4492937e-16,1.0,0.0
2020-12-16 00:00:00,4.0,-0.7620081,-1.0989261,-0.65031195,-0.32787284,0.21667321,-0.41981387,0.46974456,-0.25243628,-1.1670144,-1.417869,-1.6063119,-0.5371711,-0.47824425,0.08068258,-1.567619,-0.39637026,-0.76757526,-0.54845744,0.91948014,-1.6927098,-0.9646989,0.17183444,0.8361081,-2.0837822,0.95105654,0.309017,-2.4492937e-16,1.0,0.0
2020-12-17 00:00:00,4.0,0.8062443,0.53420687,0.36763415,0.86947733,-0.62338495,-0.9929352,-0.9015526,0.72668236,-1.13923,-1.4384413,-1.6565934,-0.42969254,-0.10511855,0.3381915,-1.394789,-0.3082542,-0.4591143,-0.46365112,1.3322049,-0.62670124,-0.5376958,0.35966995,-0.97370934,-1.4300884,0.58778524,-0.809017,-2.4492937e-16,1.0,0.0
2020-12-18 00:00:00,4.0,0.6613036,0.61261934,-0.92059904,1.7737594,0.0504977,-0.7183471,0.28892738,0.35220322,-1.185743,-1.4957507,-1.7113378,-0.44473192,0.17929038,0.5444604,-1.0961834,0.16337095,-0.43846232,-0.18198924,1.3459471,0.22162852,-0.19848467,0.5181445,0.6109272,-1.048561,-0.58778524,-0.809017,-2.4492937e-16,1.0,0.0
2020-12-21 00:00:00,4.0,-0.8571768,-0.80547225,-0.6275475,0.40861496,0.20918053,0.11868866,1.1989546,-0.5861501,-1.0340557,-1.3638264,-1.5943629,-0.25722295,-0.17817132,0.26390833,-1.027565,-0.28602228,-0.7749654,-0.4143243,1.532879,-0.6153913,-0.557191,0.24950099,0.94417024,-0.49878556,-0.95105654,0.309017,-2.4492937e-16,1.0,0.0
2020-12-22 00:00:00,4.0,-0.91714424,-0.8435574,0.77395594,-0.898181,-0.44310033,-1.0033453,-1.3697898,-0.8523702,-1.2444856,-1.4859848,-1.6386381,-0.64976203,-0.55226916,-0.03480589,-1.1582131,-0.4482109,-0.6473192,-0.624099,1.514977,-1.4474403,-0.95335895,-0.011713644,-0.6629846,-0.2994844,0.0,1.0,-2.4492937e-16,1.0,0.0
2020-12-23 00:00:00,4.0,-0.88505363,-0.57451344,0.49702924,-0.07336748,0.65923554,-1.2711527,-0.65307975,-0.6887617,-0.86320585,-1.1975374,-1.4213668,-0.09158642,-0.9073299,-0.3286843,-1.3130862,-0.50235504,-0.65127605,-0.89092714,1.3240538,-1.9967573,-1.2888844,-0.3152463,1.4431336,-0.3922962,0.95105654,0.309017,-2.4492937e-16,1.0,0.0
2020-12-24 00:00:00,4.0,0.6794239,1.8968979,-0.9026638,-1.30047,-0.05939039,-0.9147193,0.43207353,-0.66822064,-0.98286074,-1.2930994,-1.5176758,-0.23287761,-0.5771803,-0.09300856,-1.2461611,-0.60560805,-0.65308195,-0.83138144,1.7182739,-1.1006236,-0.90259296,-0.12930322,0.22341432,-0.3937923,0.58778524,-0.809017,-2.4492937e-16,1.0,0.0
2020-12-28 00:00:00,4.0,-0.049411304,0.41761294,0.7442735,0.61643195,-0.26294166,-1.5077003,-1.3790532,-0.4560415,-1.1203271,-1.3884796,-1.5879728,-0.45156422,-0.5764819,-0.08329168,-1.1614332,-1.0061481,-0.53755724,-0.992785,1.7462627,-0.9140093,-0.8497058,-0.14737727,-0.37465295,-0.2064772,-0.58778524,-0.809017,-2.4492937e-16,1.0,1.0
2020-12-29 00:00:00,4.0,-0.48787472,0.30967504,2.7628238,-1.0708896,-0.23526667,-0.17581479,3.0,-0.9726081,-1.1913943,-1.4323695,-1.6068664,-0.5925386,-0.7982481,-0.2498696,-1.1434311,-0.8261903,-0.7978531,-1.1760209,1.5058246,-1.2264792,-1.0089548,-0.33010277,-0.31806415,-0.5106335,0.0,1.0,-2.4492937e-16,1.0,1.0
2020-12-30 00:00:00,4.0,0.78306,0.8812002,0.32753354,-0.17252155,-0.7759262,-0.47644588,-0.5932545,0.51822406,-1.084606,-1.3880734,-1.618278,-0.34820548,-0.33636296,0.07448152,-0.8800304,0.002448261,-0.37792593,-0.5175553,1.7978351,0.028784636,-0.50405234,-0.093909465,-1.1418896,-1.876203,0.95105654,0.309017,-2.4492937e-16,1.0,1.0
2020-12-31 00:00:00,4.0,1.9613711,1.7742057,-0.77334434,-1.2813932,2.1568487,-0.010408676,0.19607614,0.2632091,-0.04354486,-0.7037007,-1.249907,1.4195994,0.6382083,0.84822536,-0.21864292,1.4258424,0.64632404,-0.24165238,2.0114667,2.0616584,0.6323318,0.43989816,1.8344252,-2.5776877,0.58778524,-0.809017,-2.4492937e-16,1.0,1.0
2021-01-04 00:00:00,4.0,0.0853511,0.3928193,1.910774,-0.7258059,-0.7627345,-0.8123099,-0.77971745,-0.13071775,-0.6338755,-1.0471885,-1.4607644,0.46982086,0.7412123,0.93977976,0.2255395,1.1253797,0.36825916,-0.1654008,1.8038644,1.6495639,0.80783826,0.5419468,-1.153181,-2.3158846,-0.58778524,-0.809017,-2.4492937e-16,1.0,1.0
2021-01-05 00:00:00,4.0,0.6813576,1.7016126,-0.58533555,-1.3599123,1.3753562,0.7914276,1.1092438,-1.2155013,-0.26275867,-0.77902794,-1.3012075,1.033875,1.0667589,1.233851,0.60311544,1.4680027,0.36803794,-0.15455279,1.7581301,1.6651344,1.1605474,0.6990151,1.5508264,-2.9263244,0.0,1.0,0.5,0.8660254,0.0
2021-01-06 00:00:00,4.0,0.4412042,1.2760539,-0.57544154,-0.40868187,1.9754069,1.52017,0.29424453,-1.4355994,0.44300553,-0.23759565,-0.9445033,1.9036093,1.2653402,1.4216042,0.81975055,1.8720527,0.8752831,-0.10865899,1.632038,1.4942508,1.2365024,0.6786276,1.7670586,-2.64304,0.95105654,0.309017,0.5,0.8660254,0.0
2021-01-07 00:00:00,4.0,-0.074920945,0.3804785,-0.13152564,1.1630713,0.8009192,1.020039,-0.3787401,-0.5507772,0.33593968,-0.20098032,-0.87586397,1.5826447,1.2786925,1.4377056,0.9431999,1.4690263,1.1929728,0.26608768,1.6548548,1.1363928,1.1519111,0.6277578,1.2118205,-2.7074525,0.58778524,-0.809017,0.5,0.8660254,0.0
2021-01-08 00:00:00,4.0,-0.77299935,-1.1141171,-0.3802647,-0.13022631,0.052430246,1.741625,0.54859525,-0.20026548,0.024061566,-0.31357548,-0.8787405,1.0082803,0.76698375,1.0653446,0.8642082,0.17152607,1.2294883,0.31385767,1.5768411,0.652007,0.7412339,0.3711389,0.6838211,-2.8755944,-0.58778524,-0.809017,0.5,0.8660254,0.0
2021-01-11 00:00:00,4.0,1.0539753,1.2202084,-0.43781203,-0.44437313,0.86396503,2.571987,1.5002942,0.13015585,0.048635624,-0.28354213,-0.8699837,1.0285008,1.212644,1.4662882,0.93200827,0.6216609,1.3597358,0.42734784,1.3357893,0.89927316,1.2297974,0.69709814,1.2550325,-2.2548635,-0.95105654,0.309017,0.5,0.8660254,0.0
2021-01-12 00:00:00,4.0,-0.10513137,-0.51791793,1.1057329,-0.18063198,0.75622433,1.1442392,-0.9155915,0.3778386,0.105820626,-0.19427548,-0.7763093,1.0103614,1.2123922,1.4522645,0.90862995,0.24778783,1.3444384,0.5419153,1.3011025,0.7092011,1.0884777,0.5972396,1.1647936,-2.1447926,0.0,1.0,0.5,0.8660254,0.0
2021-01-13 00:00:00,4.0,1.1725621,1.4132409,-0.9743967,-0.4931432,1.6625785,0.24125256,-0.8828257,-0.4212471,0.5288262,0.11464606,-0.59723467,1.4902956,1.6112776,1.8670001,0.98733956,0.5618001,1.8798734,0.8015061,1.9096206,0.89268285,1.463605,0.8590634,1.5907096,-2.0629108,0.95105654,0.309017,0.5,0.8660254,0.0
2021-01-14 00:00:00,4.0,-0.437024,-0.57398295,0.75601715,0.044593126,-0.45742902,0.3478292,0.015699705,-0.1599754,0.081325606,-0.11681704,-0.6939919,0.8202047,1.4151981,1.7054446,0.99096346,0.40204307,1.4341702,0.86404157,1.6610392,0.6205982,1.2488253,0.7526446,0.24567525,-2.2007532,0.58778524,-0.809017,0.5,0.8660254,0.0
2021-01-15 00:00:00,4.0,0.7508924,0.68475246,-0.678021,0.9044552,-0.8515795,0.040983368,-0.44891396,0.6265196,-0.31917134,-0.40395027,-0.8858053,0.32827064,1.6423612,1.9435986,1.0794206,1.0985633,0.96535355,1.3243923,1.664599,0.70347464,1.557256,1.0951241,-0.5285243,-1.7358333,-0.58778524,-0.809017,0.5,0.8660254,0.0
2021-01-18 00:00:00,4.0,0.020339005,0.8528333,0.22715633,-0.34878236,0.40750185,1.0492353,1.1838999,-0.8890877,-0.22767319,-0.3430256,-0.8255384,0.4216593,1.6511708,1.950564,1.0381374,0.62080735,0.935333,1.0718282,1.6513404,0.5866774,1.4301494,1.0473145,1.0493498,-1.6181356,-0.95105654,0.309017,0.5,0.8660254,0.0
2021-01-19 00:00:00,4.0,0.8354707,1.5409383,-0.93212837,-0.95027906,1.2325643,-0.35796446,-1.283212,-0.9498578,0.17953382,-0.06671482,-0.6530434,0.92636794,1.8378104,2.1576145,1.0460958,1.0335339,0.9632063,1.0922036,1.6412096,0.66385525,1.5942386,1.2255479,1.3885883,-1.8495548,0.0,1.0,0.5,0.8660254,0.0
2021-01-20 00:00:00,4.0,2.4914818,1.254149,0.3859932,-1.5122092,2.564986,0.965934,1.6313902,0.95415,2.1483984,1.3856443,0.2661841,2.9691882,2.225988,2.6739745,1.158753,1.6478151,1.6446928,2.0190756,2.052857,1.0300666,1.9304022,1.4824657,1.6480598,-1.2428149,0.95105654,0.309017,0.5,0.8660254,0.0
2021-01-21 00:00:00,4.0,0.80354655,0.88648313,-0.47455642,0.16908003,-0.4574408,0.34976953,-0.6030079,0.4585019,1.3648871,0.9953333,0.08088714,1.9824334,2.2349079,2.6923954,1.4824511,2.1216078,1.8884375,2.3928318,2.0575957,0.9623262,2.1121473,1.8193525,0.49225247,-1.2423342,0.58778524,-0.809017,0.5,0.8660254,0.0
2021-01-22 00:00:00,4.0,-0.45260444,-0.23389682,1.3014084,0.6273168,0.03863315,-0.51456594,-0.9057644,-0.40357596,0.9965962,0.8585657,0.09733881,1.4231288,2.0234668,2.4505627,1.5076942,1.5760076,1.9327493,2.3922305,2.0455284,0.71503973,1.7613921,1.6792246,0.89770526,-1.3720673,-0.58778524,-0.809017,0.5,0.8660254,0.0
2021-01-25 00:00:00,4.0,-1.9497575,-1.5875981,-0.3798129,-1.1364466,0.3851795,-0.22958885,0.25615597,-0.9513142,1.2366883,1.1844332,0.49929637,1.426271,0.8071903,1.4261496,1.0616318,0.69923,0.9477792,1.6593,1.7316769,0.23759308,0.8121321,0.87881553,1.1289843,-0.9236789,-0.95105654,0.309017,0.5,0.8660254,0.0
2021-01-26 00:00:00,4.0,2.0256016,1.6016709,-0.6407191,-1.4360693,0.785016,-0.65431076,-0.4531964,0.8714182,1.8988636,1.6923492,0.87036824,2.0402389,1.249968,1.8868084,0.9476109,1.2778609,1.6494709,2.125981,2.1749132,0.5962565,1.256795,1.3437262,1.2714745,-0.77316934,0.0,1.0,0.5,0.8660254,0.0
2021-01-27 00:00:00,4.0,-2.8068795,-1.5829976,-0.37938565,-1.1269022,1.3684654,1.0503165,1.6592994,-1.8436364,2.8013544,2.6314163,1.8838764,2.4454553,-0.1427084,0.58437854,0.3825484,-1.1206518,0.33054167,1.4801289,1.9893932,-0.071597286,0.008073415,0.08615358,1.4261941,-0.38599262,0.95105654,0.309017,0.5,0.8660254,0.0
2021-01-28 00:00:00,4.0,-0.6026697,-1.1353984,-0.07737402,-0.40919736,0.026072111,-0.049605045,-0.8160584,0.5194553,2.1875072,2.336342,1.877874,1.7102683,-0.31896323,0.40728244,-0.022237947,-1.7503835,0.2545588,1.1274794,1.6211541,-0.22122346,-0.24984968,-0.08954704,0.9161927,-0.043355998,0.58778524,-0.809017,0.5,0.8660254,0.0
2021-01-29 00:00:00,4.0,-2.619669,-0.9508315,0.87753433,-0.963096,1.7712928,-0.9581695,-0.8217375,-2.3787622,2.9841409,3.0,2.7780771,2.1092622,-1.361515,-0.75774854,-0.6603896,-2.664185,-0.91821194,-0.03976788,0.7378551,-0.9189682,-1.1767695,-1.2578565,1.4077531,-0.64483434,-0.58778524,-0.809017,0.5,0.8660254,0.0
2021-02-01 00:00:00,4.0,-1.0669534,-1.3761375,0.061718427,-1.3166811,1.4641492,-0.8308154,0.06994158,1.1517224,3.0,3.0,3.0,1.9915123,-1.6408103,-1.1507056,-1.1305828,-2.2382,-1.2967687,-0.3452133,0.57127607,-1.200258,-1.4655476,-1.6907935,1.3213092,-0.30766255,-0.95105654,0.309017,0.5,0.8660254,0.0
2021-02-02 00:00:00,4.0,1.8636051,1.3075522,-0.22314471,-0.86963135,0.65115964,-1.5791745,-0.84757626,0.73055243,2.8686018,3.0,3.0,1.8726305,-0.9662433,-0.5233921,-1.137048,-2.214255,-0.89686424,-0.029145591,0.3346662,-0.6400372,-0.89571697,-1.0712138,1.0915245,0.29817232,0.0,1.0,0.8660254,0.5,0.0
2021-02-03 00:00:00,4.0,0.96419466,-0.7360279,1.1131797,-0.69043654,-1.0777123,-1.1700959,0.21567479,2.4343874,2.5209537,2.8144047,2.8593192,1.5525169,-0.62398165,-0.19472092,-0.99378777,-0.67489487,-1.3258965,0.116028786,0.54744625,-0.30765966,-0.60852313,-0.7389504,0.10460699,0.4204233,0.95105654,0.309017,0.8660254,0.5,0.0
2021-02-04 00:00:00,4.0,0.002080756,0.00023802268,-0.9023299,2.8263998,-0.8715103,-1.1580812,-0.20223582,-0.013545332,1.7046555,2.2456653,2.4705794,0.7430043,-0.55338496,-0.1412491,-0.9083659,-0.43378493,-1.5458084,0.13463338,0.32698965,-0.28507394,-0.5852809,-0.6108398,0.13394262,0.45746598,0.58778524,-0.809017,0.8660254,0.5,0.0
2021-02-05 00:00:00,4.0,-0.8024987,0.03378854,1.2668846,0.78900796,0.8077617,-0.7182963,0.31310442,-1.6559627,1.8315185,2.3119135,2.5918868,0.79001415,-0.78995436,-0.41815463,-0.8869097,0.42282784,-1.6508677,0.11273862,-0.05745006,-0.5663783,-0.84100896,-0.91405934,1.1661466,0.5310927,-0.58778524,-0.809017,0.8660254,0.5,0.0
2021-02-08 00:00:00,4.0,0.40061566,-0.11823189,2.0547194,0.06311199,-1.1274256,-1.093177,-0.4840725,0.89659536,1.2684045,1.8748239,2.2484071,0.24564426,-0.5936291,-0.2426766,-0.82548016,1.1359568,-0.92115206,-0.029383052,0.1045227,-0.3828755,-0.69794583,-0.6641193,-0.03820325,0.50850797,-0.95105654,0.309017,0.8660254,0.5,0.0
2021-02-09 00:00:00,4.0,-0.08136547,-1.3808521,-0.085542366,-1.092181,-0.5133328,-1.5134203,-0.6983401,1.7830684,0.9610685,1.6070987,2.0477042,-0.06738024,-0.5443231,-0.21062621,-0.76290977,0.22909813,-1.5802625,-0.0259332,0.14970496,-0.39334157,-0.7095586,-0.6109404,0.48607937,0.49769452,0.0,1.0,0.8660254,0.5,0.0
2021-02-10 00:00:00,4.0,0.3219729,0.21544942,-0.059500318,1.5798345,-1.2775956,-1.6388452,-0.62301815,0.41228268,0.35735303,1.1192234,1.6490024,-0.6677495,-0.36505806,-0.055918492,-0.668471,-0.07452048,-0.58028054,-0.20579572,0.24964435,-0.20160812,-0.55923563,-0.3140903,-0.67134637,0.53370976,0.95105654,0.309017,0.8660254,0.5,0.0
2021-02-11 00:00:00,4.0,1.5840943,1.2320116,-0.5116914,-0.5400732,-0.86063534,-1.2806298,0.14011082,1.6000597,0.61123854,1.1415979,1.5796419,-0.27517748,0.1757707,0.4629756,-0.29758286,0.67524,0.16313194,0.31385294,0.45441505,0.6244457,-0.009407555,0.27381265,0.03745777,0.48418197,0.58778524,-0.809017,0.8660254,0.5,0.0
2021-02-16 00:00:00,4.0,0.21396652,0.8355416,-0.8978379,0.74251384,-0.8665477,-1.7404075,-1.3912765,-0.6002848,0.2800133,0.8544645,1.3367951,-0.61305606,0.29973298,0.57278925,-0.020697953,1.1378405,1.1690401,0.20200935,0.5025123,0.69662017,0.10508598,0.4900709,0.063079596,0.5773556,-0.58778524,-0.809017,0.8660254,0.5,0.0
2021-02-17 00:00:00,4.0,1.517851,0.37031698,-0.23766033,1.3116181,-1.1674134,0.2877846,3.0,2.474355,0.55673724,0.92030454,1.3038838,-0.19433793,0.7460891,1.0239952,0.40481114,1.6398891,2.0550942,0.6119247,0.7949301,1.2667137,0.628441,1.0376573,-0.43168506,0.52877045,0.95105654,0.309017,0.8660254,0.5,0.0
2021-02-18 00:00:00,4.0,0.76114213,1.1182379,-0.41771066,-0.4866677,0.9241591,0.14598753,-0.24778241,-0.9762118,0.85841227,1.0593668,1.3673404,0.18845622,0.95469016,1.2379999,0.7455237,1.963016,1.6520199,0.62792134,1.1738701,1.2862388,0.8213551,1.1968881,1.1837869,0.6532323,0.58778524,-0.809017,0.8660254,0.5,0.0
2021-02-19 00:00:00,4.0,-1.6598071,-1.756003,-1.0250031,-1.163491,0.68743557,0.77327436,0.29502723,0.17130868,1.070815,1.2367805,1.5621861,0.30791518,0.15305825,0.46862385,0.6407253,1.0470983,0.7465439,-0.43192562,0.6973753,0.50166243,0.19851221,0.4222913,0.87481225,0.6428455,-0.58778524,-0.809017,0.8660254,0.5,0.0
2021-02-22 00:00:00,4.0,-0.07393628,0.3700846,-0.41305855,1.3608406,0.6259119,0.4056987,-0.41654515,-0.95857286,1.1684669,1.3006953,1.6042999,0.38905966,0.19962117,0.49963388,0.5220094,0.31928724,0.7169489,-0.6444265,0.67981887,0.46027717,0.20262045,0.33520132,0.95901513,0.5152489,-0.95105654,0.309017,0.8660254,0.5,0.0
2021-02-23 00:00:00,4.0,-1.1518673,-1.7523127,-1.041612,-1.1979935,1.2950568,1.4081824,0.7216059,1.9533623,1.6195333,1.6281215,1.8804698,0.78146166,-0.2952315,0.017781325,0.22638428,-0.307076,0.57372284,-0.85646325,0.29734272,0.038919136,-0.19644597,-0.2748408,1.253042,0.67659277,0.0,1.0,0.8660254,0.5,0.0
2021-02-24 00:00:00,4.0,0.710163,0.8387004,0.9652545,-0.9610436,1.3168288,1.3497752,-0.06380777,-1.0220981,1.9112018,1.8247535,1.9914536,1.1052203,0.007077199,0.28408718,0.13611886,-0.653793,0.69040614,-0.17880301,0.45335346,0.29704744,0.02969838,-0.11945945,1.2379065,0.66455567,0.95105654,0.309017,0.8660254,0.5,0.0
2021-02-25 00:00:00,4.0,-2.677609,-1.3897381,-0.6798755,-0.62832534,2.3028808,1.3116055,-0.034529883,0.061182793,3.0,2.7319515,2.7521915,2.0894217,-1.1743809,-0.91746396,-0.29138958,-2.216286,-0.28562942,-1.4853991,-0.5060175,-0.6935449,-0.8310989,-1.3882806,1.2014327,-0.19926496,0.58778524,-0.809017,0.8660254,0.5,0.0
2021-02-26 00:00:00,5.0,0.8349664,-0.3119513,1.2934072,0.43599033,-0.09245331,0.3939007,-0.7944213,2.0983758,2.6246002,2.5097127,2.5721395,1.6292216,-0.79105103,-0.5806948,-0.42403805,-1.0842538,-0.07584671,-0.5201802,-0.29080305,-0.31685266,-0.5324541,-1.0816427,0.62550557,-0.8298052,-0.58778524,-0.809017,0.8660254,0.5,0.0
2021-03-01 00:00:00,4.0,-3.0,-1.2794831,0.39404804,-1.297087,-0.16362317,0.86853254,0.25025624,-3.0,3.0,2.975796,3.0,1.880959,-1.8169814,-1.7402285,-0.8420925,-2.4391792,-1.7686917,-1.332191,-0.7774555,-1.4843501,-1.3891907,-2.1590836,0.41991982,-0.64070636,-0.95105654,0.309017,0.8660254,0.5,0.0
2021-03-02 00:00:00,5.0,1.1271448,-0.048261173,0.30824974,1.8360868,-1.0356773,-0.51333636,-1.1476818,1.9898195,2.2951717,2.4547942,2.606281,1.0959004,-1.3200545,-1.2898254,-0.9688294,-1.4003514,-1.3757443,-0.261426,-0.6038853,-1.0120462,-1.0360332,-1.6824286,-0.53708565,0.42576876,0.0,1.0,1.0,6.123234e-17,0.0
2021-03-03 00:00:00,5.0,-1.060484,-1.3161635,-0.6986154,-0.5365319,0.6808428,-0.23112315,0.17587054,0.8948567,2.238106,2.4417803,2.620436,0.94334185,-1.5655173,-1.581643,-1.1021093,-2.1136205,-2.1945179,-0.3173587,-0.95241314,-1.4985372,-1.3199854,-1.9617124,1.0630409,0.37102655,0.95105654,0.309017,1.0,6.123234e-17,0.0
2021-03-04 00:00:00,5.0,1.8581461,1.4450039,-0.8234602,-0.86905026,0.32360294,0.04763143,0.19868194,0.4219251,2.0121698,2.2201805,2.3807595,0.8132522,-0.8717791,-0.9309887,-0.88175875,-0.11040815,-1.6732123,-0.18085964,-0.4097642,-0.5673058,-0.7243947,-1.2879518,0.8666834,-0.92002666,0.58778524,-0.809017,1.0,6.123234e-17,0.0
2021-03-05 00:00:00,5.0,-1.6985925,-0.98641604,-0.30817983,-0.04033847,-0.6196216,-0.21528153,-0.3613756,-1.8416516,1.980739,2.2377567,2.4417245,0.62238336,-1.3437343,-1.459974,-0.9264505,-1.2690198,-1.7629544,-1.013612,-1.1743327,-1.3559479,-1.1893102,-1.8166968,-0.015630122,-0.6278112,-0.58778524,-0.809017,1.0,6.123234e-17,0.0
2021-03-08 00:00:00,5.0,-0.46462986,0.78841305,0.6865588,-0.47231868,0.8230457,0.6936099,0.8602042,-2.6349638,2.027705,2.2505362,2.4435902,0.6487802,-1.4082925,-1.5311061,-0.94466907,-0.1405765,-1.8599348,-1.1612638,-0.97063386,-1.4643644,-1.2530642,-1.8902054,1.0958769,-0.78028506,-0.95105654,0.309017,1.0,6.123234e-17,0.0
2021-03-09 00:00:00,5.0,-1.5021794,-1.472187,-0.98226696,-0.7017696,0.96985507,1.3093172,0.49194613,0.906379,2.2134814,2.3851612,2.5611236,0.7562111,-1.7482678,-1.9102206,-1.0742624,-1.3499285,-2.0069664,-1.45349,-1.3358393,-1.9702331,-1.5848978,-2.231418,1.072998,-0.48171124,0.0,1.0,1.0,6.123234e-17,0.0
2021-03-10 00:00:00,5.0,0.4888528,0.21305159,0.9909971,0.86899686,-0.026772002,0.7415696,-0.46011472,0.32804158,1.8748629,2.1372187,2.352628,0.39060947,-1.496917,-1.6697053,-1.069259,-0.6431796,-1.9749416,-1.3732331,-1.312234,-1.5787386,-1.3817099,-1.9882709,0.56575614,-0.30762443,0.95105654,0.309017,1.0,6.123234e-17,0.0
2021-03-11 00:00:00,4.0,0.22866553,-1.0798907,-1.1197416,0.36850414,-0.76995206,-0.60802126,-1.1383619,1.7907279,1.3969709,1.8040694,2.0999718,-0.2019078,-1.3488694,-1.5251304,-1.0139159,-1.3680385,-1.0861186,-1.2642126,-1.0852193,-1.3684093,-1.2805333,-1.8430831,-0.09415446,-0.26060337,0.58778524,-0.809017,1.0,6.123234e-17,0.0
2021-03-12 00:00:00,5.0,1.055663,1.4723263,-0.8085271,-1.1008931,-0.9425328,-0.016867822,0.61200565,-0.23218293,0.9638788,1.4581553,1.8116318,-0.692642,-0.93520606,-1.1513921,-0.78549904,-0.08281864,-0.9670502,-0.98617226,-0.72310287,-0.858167,-0.93160284,-1.4706482,-0.23897478,0.025980435,-0.58778524,-0.809017,1.0,6.123234e-17,0.0
2021-03-15 00:00:00,4.0,-1.6617981,-1.6070385,-1.0777254,-1.0429373,0.3345522,-0.14422952,-0.18826184,0.43550202,1.2256677,1.6033394,1.9312702,-0.45105267,-1.3848898,-1.5990627,-0.7842361,-0.6718409,-0.5920837,-1.903823,-1.3106672,-1.4087236,-1.340617,-1.8954204,0.91261333,0.013864537,-0.95105654,0.309017,1.0,6.123234e-17,0.0
2021-03-16 00:00:00,4.0,0.11804385,-0.313187,1.3497881,0.51694715,-0.94181746,-0.84666157,-0.50343865,0.52209014,0.94212884,1.385015,1.7583002,-0.8199196,-1.2924404,-1.5022596,-0.7575176,0.088535875,-0.9074591,-1.8765622,-1.0414016,-1.2644703,-1.2391686,-1.7912626,-0.22376654,0.043476403,0.0,1.0,1.0,6.123234e-17,0.0
2021-03-17 00:00:00,4.0,0.3642373,-0.104685575,0.69762224,1.5650032,-2.2553792,-1.5829849,-0.8158097,0.6027215,0.31121612,0.9506518,1.4449629,-1.6461996,-1.1070422,-1.3324707,-0.67432964,0.03482431,-0.43906975,-2.0672154,-1.1488138,-1.003196,-1.0499567,-1.6249493,-2.5371773,0.07186772,0.95105654,0.309017,1.0,6.123234e-17,0.0
2021-03-18 00:00:00,4.0,-0.084075384,0.13379046,0.8458118,1.1717993,-1.442841,-1.7693924,-0.6604594,-0.39678112,0.01433411,0.70005345,1.2585888,-1.9698089,-1.0757545,-1.2932209,-0.569622,-0.1128913,-1.0734717,-2.1844797,-1.407772,-0.91891897,-0.96214294,-1.5871763,-1.0632466,0.121981084,0.58778524,-0.809017,1.0,6.123234e-17,0.0
2021-03-19 00:00:00,4.0,0.7749104,0.4628552,2.412632,-1.1923265,-1.7034811,-1.33551,0.20713925,0.9227828,-0.0166821,0.5712035,1.115439,-1.8199174,-0.7464242,-1.0146252,-0.30682272,-0.23892885,-0.23328933,-1.5364003,-0.7706244,-0.42900082,-0.5905392,-1.2825967,-2.0105898,-0.37161723,-0.58778524,-0.809017,1.0,6.123234e-17,0.0
2021-03-22 00:00:00,4.0,-1.1085681,-0.59238404,-0.033959653,0.9168721,-0.73021895,0.21932489,2.060148,-1.2673886,0.1875009,0.6486156,1.1641798,-1.5006672,-1.0928634,-1.3138744,-0.2958815,0.027381185,-0.46875507,-1.8085313,-0.99206156,-0.9095138,-0.8842049,-1.5799212,-0.39593518,-0.3284105,-0.95105654,0.309017,1.0,6.123234e-17,0.0
2021-03-23 00:00:00,4.0,-0.37391746,0.33148468,2.5794659,-1.173485,-1.3036993,-1.2680137,-1.3893695,-1.0259951,-0.18625928,0.3865535,0.9867448,-1.9265504,-1.1796905,-1.379779,-0.34525546,-0.21145415,-0.08906196,-1.6316819,-0.88263154,-1.0436038,-0.9468452,-1.6606961,-1.6896527,-0.42342478,0.0,1.0,1.0,6.123234e-17,0.0
2021-03-24 00:00:00,4.0,-1.0335735,-1.3276404,-0.8584617,-0.38123244,-0.10426249,-1.1531551,-0.15698983,0.255434,0.06872325,0.4912292,1.0460216,-1.5154117,-1.4579345,-1.6205827,-0.5145151,-0.88873696,-0.62287843,-2.029515,-1.5511026,-1.6741389,-1.1878594,-1.8911632,0.33103415,-0.27425388,0.95105654,0.309017,1.0,6.123234e-17,0.0
2021-03-25 00:00:00,4.0,-1.4684743,-1.3745835,-0.9295471,-0.5252259,-0.09030403,-0.5314917,0.6873568,-0.50030607,0.30574566,0.6222355,1.1400352,-1.2300525,-1.7944639,-1.9317346,-0.83667725,-1.5495851,-1.218247,-1.7860563,-2.137904,-2.2398345,-1.5774463,-2.1949506,0.11334548,0.47474277,0.58778524,-0.809017,1.0,6.123234e-17,1.0
2021-03-26 00:00:00,4.0,-0.11210534,0.82785594,0.20516837,-0.13615356,-0.5410365,-0.56270164,-0.22792582,-1.4572662,0.187423,0.5238861,1.0546831,-1.3275305,-1.7508937,-1.875702,-1.0172857,-1.9110836,-1.5861828,-1.959392,-1.9774027,-2.022454,-1.482722,-2.1147273,-0.63181216,1.4607602,-0.58778524,-0.809017,1.0,6.123234e-17,1.0
2021-03-29 00:00:00,4.0,0.9839684,1.1644673,-0.07863049,-0.83654517,-1.0518355,-0.66586834,-0.33199254,0.38007313,0.008865229,0.3535971,0.8899394,-1.4035195,-1.2769885,-1.5081184,-0.87786525,-0.92488915,-0.6695206,-0.9611971,-1.7213553,-1.214405,-1.0548071,-1.7461251,-1.4366126,1.6239976,-0.95105654,0.309017,1.0,6.123234e-17,1.0
2021-03-30 00:00:00,4.0,-0.04496215,0.09311929,1.0451907,1.1508359,-1.2284389,-0.231325,0.39261937,-0.29852808,-0.36080873,0.099542364,0.7170159,-1.7397828,-1.2326831,-1.4526267,-0.7485814,-0.7780831,-0.723438,-1.2253622,-2.2064316,-1.1026245,-0.99651814,-1.703445,-1.8930874,0.98300534,0.0,1.0,1.0,6.123234e-17,1.0
2021-03-31 00:00:00,4.0,0.5249029,0.1251693,0.8089352,1.2719947,-1.244075,-0.772637,-0.7266765,0.660983,-0.6751075,-0.16152222,0.5165569,-1.9378942,-0.967368,-1.2415524,-0.49093693,-0.055243567,-0.6634897,-0.82991374,-1.9521284,-0.6709287,-0.7342366,-1.4963865,-2.2053778,0.6442179,0.95105654,0.309017,1.0,6.123234e-17,1.0
2021-04-01 00:00:00,4.0,-0.520412,-1.4605539,-1.1544406,-0.7915467,-0.514737,-0.29362932,0.44213474,0.672793,-0.67142344,-0.22068974,0.46386483,-1.7849853,-1.0936556,-1.326062,-0.36354023,0.40161398,-0.81094676,-1.3936688,-2.2347176,-0.9162409,-0.83311015,-1.5808161,-1.0078986,2.020209,0.58778524,-0.809017,1.0,6.123234e-17,1.0
2021-04-07 00:00:00,4.0,1.2816596,1.3845295,-1.1402425,-0.35661456,-0.66526645,-0.692729,-0.61975807,0.6181428,-0.588563,-0.28280365,0.34028083,-1.4593226,-0.55299944,-0.9166073,0.049336005,1.0820533,-0.6267135,-0.6397781,-1.8059607,0.16657111,-0.2387442,-1.1118393,-1.1061114,1.6838694,-0.58778524,-0.809017,0.8660254,-0.5,0.0
2021-04-08 00:00:00,4.0,-0.66191787,-1.3195754,-1.1127905,-0.5222157,-0.22038957,-0.60713553,-0.122041,0.36739355,-0.5530792,-0.29432952,0.32149923,-1.3355727,-0.75461465,-1.0580521,0.20004949,0.28408733,-0.48544532,-0.6988088,-1.9679028,-0.27493954,-0.45988607,-1.2441268,-0.6785994,2.0977912,0.58778524,-0.809017,0.8660254,-0.5,0.0
2021-04-09 00:00:00,4.0,0.7242235,1.4334577,-0.5755634,-1.010699,-0.29070592,-0.18524262,0.29144925,-0.5851282,-0.66246843,-0.4293531,0.18124206,-1.3037093,-0.44394845,-0.81536555,0.4901855,0.66290903,-0.10408231,-0.14085776,-1.4984568,0.3524441,-0.12571551,-0.95914793,-0.9955329,1.7693944,-0.58778524,-0.809017,0.8660254,-0.5,0.0
2021-04-12 00:00:00,1.0,-0.7584651,-1.2644681,-1.0907407,-0.3983455,0.29296893,-1.0393586,-0.80914235,0.2924857,-0.5369322,-0.3775033,0.20284621,-1.0995505,-0.6918927,-0.9891436,0.5066693,0.033948407,-0.016832089,-0.4601645,-1.9375639,-0.23300986,-0.41901073,-1.1331561,-0.31056035,1.299218,-0.95105654,0.309017,0.8660254,-0.5,0.0
2021-04-13 00:00:00,1.0,-0.6016783,-0.9660228,-1.0562794,0.37383878,0.11052206,-0.7576747,0.066714406,0.09012411,-0.50013685,-0.37204522,0.19553488,-1.0050381,-0.8687532,-1.1104163,0.38774103,-0.012438457,0.29265195,-0.67409635,-2.044663,-0.6555691,-0.6255582,-1.2422324,-0.69333386,1.2622596,0.0,1.0,0.8660254,-0.5,0.0
2021-04-14 00:00:00,1.0,0.09609948,-0.12287078,2.7155173,-0.68372935,-0.44999826,-0.5461261,0.008813116,0.13274708,-0.6778795,-0.5171416,0.07507663,-1.1056222,-0.79662406,-1.0449841,0.35312018,-0.5974152,0.37583935,-0.907977,-2.1743314,-0.47778133,-0.5117781,-1.169488,-1.2525398,0.8555769,0.95105654,0.309017,0.8660254,-0.5,0.0
2021-04-15 00:00:00,1.0,0.9221583,0.66736746,0.29219532,0.52631116,-1.3271292,-0.6919486,-0.26771662,0.9173479,-0.7625895,-0.64311683,-0.072224095,-1.0467097,-0.37485898,-0.74371797,0.576341,0.19123946,0.36155006,-0.24738961,-1.7565075,0.4197587,-0.05184809,-0.8386047,-2.2578628,0.4535289,0.58778524,-0.809017,0.8660254,-0.5,0.0
2021-04-16 00:00:00,1.0,-0.2640201,-0.25817984,-0.88383585,2.0735984,-0.7790372,-0.6648817,-0.15708034,-0.41934258,-1.0041293,-0.8294384,-0.20631701,-1.2225697,-0.4575731,-0.79104155,0.68040377,-0.30417135,0.2810313,-0.3505436,-1.9304516,0.2070268,-0.13582712,-0.90268517,-1.6670333,0.14872663,-0.58778524,-0.809017,0.8660254,-0.5,0.0
2021-04-19 00:00:00,1.0,0.39735,0.74430394,0.44381368,0.2213883,-0.7315649,0.019104104,0.3812394,-0.17626521,-1.2271451,-1.0461038,-0.39571783,-1.3264253,-0.24880406,-0.642655,0.87006456,0.27896193,0.2391425,-0.3404614,-1.7772974,0.64018077,0.1253078,-0.75473076,-1.421628,0.28479025,-0.95105654,0.309017,0.8660254,-0.5,0.0
2021-04-20 00:00:00,1.0,0.30875736,0.6026321,1.008822,0.13901742,0.49246418,-0.37773177,-0.33997816,-0.3643129,-1.1098067,-1.0552467,-0.47073865,-1.0720948,-0.072605245,-0.5211818,1.0535916,0.74428177,0.5598399,-0.23847775,-1.8017339,0.95528716,0.332516,-0.62084013,-0.5865606,0.048388876,0.0,1.0,0.8660254,-0.5,0.0
2021-04-21 00:00:00,4.0,0.090806074,1.0008612,0.18452038,-0.17589706,-1.1169976,-0.34905678,-0.0808665,-0.88123393,-1.3217558,-1.2466584,-0.65302956,-1.2487203,0.004687627,-0.47398916,1.226027,0.753333,0.10178891,-0.4274473,-2.1972353,1.1612235,0.48287523,-0.571662,-1.7659413,1.3568933,0.95105654,0.309017,0.8660254,-0.5,0.0
2021-04-22 00:00:00,4.0,-1.1784787,-0.3381366,0.30985552,0.66834676,-1.4717449,0.23521653,0.20973928,-1.9541208,-0.8515195,-0.9635211,-0.49533024,-0.7257107,-0.6573039,-0.8826101,0.9187437,-0.33382434,-0.09883759,-0.4693362,-2.5838795,-0.05628836,-0.20085892,-0.9652841,-2.080096,0.35815868,0.58778524,-0.809017,0.8660254,-0.5,0.0
2021-04-23 00:00:00,1.0,0.36749887,0.4118547,0.7753842,0.9036968,-1.4805225,-0.67997724,-0.47401586,0.12329163,-1.3096029,-1.3052953,-0.7873193,-1.1482089,-0.44523278,-0.75705916,0.8963932,0.0012427677,-0.26163024,-0.27454332,-2.3530571,0.34998235,0.08907067,-0.85028225,-2.0247319,-0.0023905812,-0.58778524,-0.809017,0.8660254,-0.5,0.0
2021-04-26 00:00:00,4.0,0.7912078,1.5255972,-1.0878091,-0.53740436,-0.7428983,-0.7266249,-0.13835435,-0.09636501,-1.4949658,-1.5104238,-1.03846,-1.2539433,0.07479163,-0.4434423,1.1371495,0.20967965,0.41133335,0.28117803,-1.7839061,1.1212386,0.71130985,-0.51425654,-1.4495379,-0.22135517,-0.95105654,0.309017,0.8660254,-0.5,0.0
2021-04-27 00:00:00,1.0,-0.26030305,-0.64406896,0.9106093,-0.62822664,-0.660499,-0.96794605,-0.27558473,-0.14663155,-1.5631188,-1.6043813,-1.1833988,-1.3070964,-0.094319806,-0.5466193,1.1822051,-0.10388199,0.59637386,0.7107719,-2.2189906,0.75695354,0.46980932,-0.62036234,-1.3435994,-1.1423433,0.0,1.0,0.8660254,-0.5,0.0
2021-04-28 00:00:00,1.0,-0.0097365435,0.43859422,0.93124044,0.55648047,-1.2870643,-0.66549045,0.030650424,-0.5049382,-1.7301991,-1.7600453,-1.38418,-1.5139079,-0.09080735,-0.5331936,1.1632053,-0.15969226,0.5539133,0.78212506,-1.7170997,0.69393045,0.38208565,-0.60872704,-1.7753212,-1.0471957,0.95105654,0.309017,0.8660254,-0.5,0.0
2021-04-29 00:00:00,4.0,0.33669102,0.8383788,-1.1065499,1.2416699,-1.6125948,0.28853792,0.34901914,-0.062048413,-1.9490671,-1.9655068,-1.6445708,-1.7909322,0.1759829,-0.3701292,1.2612039,0.6814512,0.2686297,0.56770396,-1.5349526,1.0733286,0.67857736,-0.41363698,-1.7997215,-2.353878,0.58778524,-0.809017,0.8660254,-0.5,0.0
2021-04-30 00:00:00,1.0,0.5653225,0.32580495,0.97696865,0.6309745,-0.9580625,-0.6025787,-0.45435792,0.50093657,-1.827744,-1.9379616,-1.737765,-1.5884261,0.59087884,-0.110263385,1.4732217,0.7838919,0.6345702,0.77949107,-0.8746286,1.704046,1.1437101,-0.074607626,-1.6788108,-2.0722435,-0.58778524,-0.809017,0.8660254,-0.5,0.0
2021-05-03 00:00:00,1.0,-1.4970106,-1.5127754,-0.9602493,-1.0627491,0.9294473,2.3651671,1.2015932,-0.9363533,-1.229408,-1.5250875,-1.4492052,-0.73880017,-0.5618946,-0.7530175,0.84918267,-0.48124063,-0.20327629,0.07273606,-1.0370868,-0.5046195,-0.38441515,-0.7248686,-0.14439057,-0.5754924,-0.95105654,0.309017,0.8660254,-0.5,0.0
2021-05-04 00:00:00,4.0,-0.9439123,-1.100286,-0.78647435,-0.25302216,0.7420446,-1.018229,-1.1550971,-0.536151,-1.0124118,-1.3440739,-1.3286088,-0.4569564,-1.1215898,-1.0992776,0.10711869,-0.85899544,-0.7497573,-0.056767717,-1.6092362,-1.8091505,-1.2099298,-1.0480891,-0.12391622,-0.56692296,0.0,1.0,0.5,-0.8660254,0.0
2021-05-05 00:00:00,4.0,0.55994135,0.89606404,-0.65671784,0.69593817,-0.7755055,-0.07656978,0.27033204,0.10652565,-1.2522731,-1.4870398,-1.4907837,-0.79268724,-0.701891,-0.8460195,-0.16494094,-0.5456787,-0.55345505,-0.35819206,-1.6374921,-0.940953,-0.70566726,-0.763697,-1.4045209,-2.0604422,0.95105654,0.309017,0.5,-0.8660254,0.0
2021-05-06 00:00:00,1.0,-0.32997409,0.048350308,2.298631,-0.12009629,0.15506026,-0.85540634,-0.42321265,-0.7845055,-1.2314044,-1.458923,-1.4986111,-0.76030314,-0.90018874,-0.9614067,-0.46343318,-0.9095239,-0.14975117,-0.22053787,-1.6884818,-1.2720649,-0.9964621,-0.859871,-0.67760587,-1.9374409,0.58778524,-0.809017,0.5,-0.8660254,0.0
2021-05-07 00:00:00,4.0,0.6007426,0.048628658,0.31053096,1.8646113,0.40444943,2.4473853,1.2914227,0.73560226,-1.2023612,-1.4438894,-1.5412157,-0.6660564,-0.43720886,-0.682126,-0.36946857,-0.8899299,-0.065181136,-0.2996017,-1.3790221,-0.46390066,-0.39497936,-0.51687104,-0.32817066,-1.7291542,-0.58778524,-0.809017,0.5,-0.8660254,0.0
2021-05-10 00:00:00,4.0,-0.04126318,-0.43362746,1.1784585,-0.29126284,0.3302331,1.1313465,-0.45353013,0.10582749,-1.1882883,-1.4227985,-1.5521638,-0.6298996,-0.4653543,-0.6861939,-0.30792964,-0.0874249,-0.44902802,-0.0074592107,-1.4450173,-0.51726043,-0.44034055,-0.47854978,-0.59027886,-1.3051677,-0.95105654,0.309017,0.5,-0.8660254,0.0
2021-05-11 00:00:00,4.0,-0.008117996,-0.7117838,-0.25031438,0.34900954,0.84755874,1.5768927,0.10372324,0.48011738,-1.1175914,-1.3664436,-1.5350136,-0.49036878,-0.47286507,-0.67766505,-0.24582285,0.4331841,-0.33651477,0.24267042,-1.418196,-0.5925782,-0.47862533,-0.44322225,-0.2455652,-1.2710294,0.0,1.0,0.5,-0.8660254,0.0
2021-05-12 00:00:00,4.0,-1.4635332,-1.1261129,-1.04003,-0.059016693,0.7022224,1.493022,-0.09363002,-1.5332237,-0.53588647,-0.9546048,-1.2087158,0.39942208,-1.4510874,-1.2983031,-0.7157706,-0.6993266,-0.96163905,-0.36237404,-1.7845705,-1.9933177,-1.6179256,-1.027688,-0.3048987,-0.3294064,0.95105654,0.309017,0.5,-0.8660254,0.0
2021-05-13 00:00:00,4.0,0.66030777,0.9446371,-1.0244613,1.1503385,0.12218985,0.47400817,-0.4523995,0.07080893,-0.7461431,-1.0554949,-1.3119937,0.08559205,-0.92673,-0.9962039,-0.77385205,-0.15331744,-0.8290928,-0.5193984,-1.8874576,-1.1602865,-1.0611792,-0.742735,-0.8878884,-0.959401,0.58778524,-0.809017,0.5,-0.8660254,0.0
2021-05-14 00:00:00,4.0,-1.2585262,-0.860617,0.917626,-1.3664844,0.22932965,0.535674,-0.08824049,-1.5093064,-0.5395553,-0.8739022,-1.1495668,0.32943407,-1.6886271,-1.5367626,-1.1785045,-1.2149326,-1.6260962,-0.92685986,-2.1527803,-1.8477113,-1.9621538,-1.3028939,-0.7033411,-1.648494,-0.58778524,-0.809017,0.5,-0.8660254,0.0
2021-05-17 00:00:00,4.0,0.9515667,0.9227708,-0.54776925,0.82312876,0.30048388,-0.5249883,-0.67553896,0.5402563,-0.7280158,-0.97894305,-1.2636237,0.073937446,-0.9849338,-1.1265651,-1.0711676,-0.6811866,-0.6071469,-0.7589297,-2.171742,-0.9948721,-1.2019144,-0.89827585,-0.69149697,-0.97004986,-0.95105654,0.309017,0.5,-0.8660254,0.0
2021-05-18 00:00:00,4.0,0.57183987,0.7373048,0.757513,0.03405465,-1.5862889,-0.55903065,-0.11925085,0.29067525,-1.0229963,-1.1572628,-1.4181132,-0.39219052,-0.5968348,-0.9151427,-0.7792357,-0.36687335,0.10038074,-0.70513487,-2.1638272,-0.52662367,-0.75250584,-0.654112,-1.4604354,-0.88761485,0.0,1.0,0.5,-0.8660254,0.0
2021-05-20 00:00:00,4.0,1.1499892,1.6244761,-0.45399305,-1.3744541,-1.4810878,0.26210436,0.4716299,0.89649,-0.9557739,-1.1382145,-1.4467425,-0.20056443,0.44353002,-0.27025563,0.002513697,1.3330183,0.40591297,-0.23722161,-1.6354185,0.46658635,0.45809713,0.11604601,-1.4617087,-1.2344502,0.95105654,0.309017,0.5,-0.8660254,0.0
2021-05-21 00:00:00,4.0,-0.28681132,0.41314292,0.1989541,1.361143,-0.9164221,1.6497393,0.82507443,-0.9535377,-1.0557158,-1.1880672,-1.4755045,-0.4002859,0.15369508,-0.48643246,0.38487804,0.7262379,0.44456083,0.22309344,-1.6862469,0.17177865,0.11331039,-0.08978867,-1.2582655,-0.8236933,-0.58778524,-0.809017,0.5,-0.8660254,0.0
2021-05-24 00:00:00,4.0,0.10192796,-0.65079975,-1.0982292,1.3964319,0.120861724,-1.1642084,-1.562446,0.43774503,-1.1294471,-1.2356565,-1.512509,-0.5368708,0.23131403,-0.45127228,0.67404073,1.5968727,0.18464668,0.084594764,-1.4653072,0.24873184,0.20741513,-0.029616792,-0.74241984,-0.6258575,-0.95105654,0.309017,0.5,-0.8660254,0.0
2021-05-25 00:00:00,4.0,-0.028269565,0.077171035,-0.5670995,2.6241152,-0.42789742,-0.8423532,0.1607998,-0.3434892,-1.2197089,-1.2941855,-1.5520992,-0.72648704,0.15523696,-0.556389,0.8242375,0.9591523,0.20149991,-0.33960998,-1.60557,0.23233111,0.19667767,-0.09717247,-1.0507587,-1.0942154,0.0,1.0,0.5,-0.8660254,0.0
2021-05-26 00:00:00,4.0,1.4020438,1.7649977,-0.88416505,-1.378371,2.4308808,1.3296628,1.6260632,0.057105213,-0.9302401,-1.1427119,-1.474058,-0.022777531,1.8326216,0.75937426,1.4379714,1.4721098,0.9901064,0.44002238,-0.8122809,1.5474623,1.809823,1.4168131,0.81829554,-1.1706314,0.95105654,0.309017,0.5,-0.8660254,0.0
2021-05-27 00:00:00,1.0,0.7326612,0.87140745,0.90495384,-0.80088425,-0.6087464,1.7085822,0.2514313,0.5093855,-0.958597,-1.1525472,-1.4831092,-0.029750079,2.4893618,1.5430351,2.0268717,1.1738471,2.2031972,0.7893293,-0.8343868,2.0449378,2.4777257,2.2990172,-1.1429304,-1.1021295,0.58778524,-0.809017,0.5,-0.8660254,0.0
2021-05-28 00:00:00,1.0,-0.16071874,0.987784,-0.025815003,-0.32734483,-0.9674623,3.0,2.1618862,-0.9994337,-1.1834073,-1.264459,-1.5371392,-0.5302145,2.1482801,1.3558788,2.286035,1.3182534,1.719642,0.5504878,-0.23612173,1.8077195,2.2666924,2.1283324,-1.1636815,-1.0753821,-0.58778524,-0.809017,0.5,-0.8660254,0.0
2021-05-31 00:00:00,1.0,0.04945937,-0.5355924,0.7809745,0.029108914,0.2396094,0.9149276,-1.5234436,0.36192656,-1.2005919,-1.2737892,-1.5305316,-0.5549141,2.070708,1.4066375,2.2943387,1.2800341,2.3420274,0.30411986,-0.4731527,1.8329016,2.2255816,2.1516392,-0.3805028,-1.2262474,-0.95105654,0.309017,0.5,-0.8660254,0.0
2021-06-01 00:00:00,1.0,0.07928345,-0.41362008,-1.0625787,2.1323416,0.5515094,0.1737415,-0.77378577,0.35159978,-1.1897821,-1.2686737,-1.5158291,-0.49017447,2.036254,1.4595029,2.2010653,1.3969386,1.8710737,1.1043468,-0.23017323,1.683666,2.1368542,2.1718698,-0.29225552,-1.7942307,0.0,1.0,0.5,-0.8660254,0.0
2021-06-02 00:00:00,1.0,1.001454,1.2604369,-0.92916167,-0.14156021,2.3120308,-0.525552,-0.7832599,-0.11038577,-0.98083276,-1.1625729,-1.4531037,0.1993807,2.709133,2.351921,2.2352285,1.0313352,1.9701653,1.9829899,-0.4744523,1.965764,2.6131656,2.9332151,1.1034731,-1.682769,0.95105654,0.309017,1.2246469e-16,-1.0,0.0
2021-06-03 00:00:00,1.0,-0.5471281,-0.7474164,0.2176554,0.036199626,0.00078564946,-0.32095906,0.17034689,-0.45281607,-1.0714298,-1.1906899,-1.444017,-0.054236658,1.9291078,1.7306942,2.0437312,0.25178024,1.1545784,1.4616575,-0.17415091,1.4352525,1.9895504,2.3759255,-0.4506154,-1.5223961,0.58778524,-0.809017,1.2246469e-16,-1.0,0.0
2021-06-04 00:00:00,1.0,-1.0521468,-1.458169,-0.915131,-0.8039475,2.4119234,0.25112367,0.65625864,0.1308113,-0.76675534,-1.0056714,-1.2965465,0.8349366,0.7513616,0.6685174,1.3778903,-0.24452168,0.8775613,1.1913757,-0.2671617,0.75851786,0.94476414,1.3532662,1.5788504,-1.264258,-0.58778524,-0.809017,1.2246469e-16,-1.0,0.0
2021-06-07 00:00:00,1.0,-0.17946771,0.51919836,0.6870951,0.18588579,0.07501659,1.7513773,1.5379485,-0.96191484,-0.93620485,-1.0742279,-1.320737,0.49382085,0.5702635,0.50187343,0.91814977,-0.38187736,0.7796053,0.827628,0.07230355,0.61875504,0.77631706,1.204901,-0.3551023,-1.4903097,-0.95105654,0.309017,1.2246469e-16,-1.0,0.0
2021-06-08 00:00:00,1.0,-0.43621796,-0.893148,-0.818532,0.6153113,1.3849449,0.8011952,-0.7633466,0.17936337,-0.84104365,-1.0124173,-1.2647377,0.92677265,0.11958749,0.08672801,0.38698328,-0.67499894,0.63748664,0.68005055,-0.13547544,0.34613827,0.3767972,0.8077797,1.070666,-1.400985,0.0,1.0,1.2246469e-16,-1.0,0.0
2021-06-09 00:00:00,4.0,-0.01270185,-0.61573887,0.03844874,0.50571996,0.789055,-0.8712058,-1.6882249,0.5146576,-0.8765506,-1.0193596,-1.2565411,0.9224591,0.08903854,0.07161148,-8.6174274e-05,-1.2926965,-0.17169662,0.6764952,-0.20026192,0.3005361,0.317942,0.7370963,0.45631763,-1.4267496,0.95105654,0.309017,1.2246469e-16,-1.0,0.0
2021-06-10 00:00:00,1.0,-0.096235864,-0.25508165,1.3534557,0.017394224,-1.1816636,-0.46429777,0.43956816,-0.2508923,-1.3129998,-1.2230904,-1.3545697,-0.3907723,-0.0464101,-0.035382267,-0.33109364,-1.0191773,-0.6419379,1.3315376,-0.5100337,0.15702681,0.10872844,0.5975649,-1.3697526,-2.3115919,0.58778524,-0.809017,1.2246469e-16,-1.0,0.0
2021-06-11 00:00:00,1.0,-0.013325664,-0.32047272,1.515611,-0.30758286,0.3186769,-0.19761887,0.26794395,0.13216275,-1.3848184,-1.2749182,-1.3758125,-0.39470285,-0.072007,-0.048809912,-0.5683459,-0.41530308,-0.56070846,1.0185724,-0.05449813,0.08276481,0.0030282363,0.5526522,-0.106233634,-2.0259066,-0.58778524,-0.809017,1.2246469e-16,-1.0,0.0
2021-06-15 00:00:00,1.0,0.36707118,-0.16794056,1.0052683,0.5922097,-0.44376993,-0.017885622,0.15314928,0.6206183,-1.6245418,-1.4172916,-1.451764,-0.92458147,0.34788594,0.31256008,-0.6051601,-0.119702876,-0.42607266,1.7247239,-0.017163584,0.17600477,0.12972897,0.8275942,-0.9222032,-1.0732043,-0.95105654,0.309017,1.2246469e-16,-1.0,0.0
2021-06-16 00:00:00,4.0,-0.7028885,-1.1349926,-1.0964234,0.28858805,2.4683201,0.51674753,0.64169425,0.49628443,-0.9583597,-1.1174077,-1.2825905,1.0817641,-0.4794686,-0.40074995,-0.81987655,-0.24610251,-0.7783281,1.0567179,-0.27118576,-0.459706,-0.56812704,0.21405292,2.4175632,-1.9377922,0.95105654,0.309017,1.2246469e-16,-1.0,0.0
2021-06-17 00:00:00,4.0,-0.6859425,-1.2438306,-0.33141905,-0.8519344,-0.29505408,-0.11913069,-0.72309446,-0.3487077,-1.1721649,-1.1984637,-1.3032012,0.32597333,-1.1851699,-1.0626162,-1.2222129,-0.60347533,-1.5759455,0.56918335,-0.39859918,-1.1092516,-1.2192522,-0.39353225,-0.6956874,-1.300886,0.58778524,-0.809017,1.2246469e-16,-1.0,0.0
2021-06-18 00:00:00,1.0,0.49233,1.744782,-1.0615599,-1.1761891,0.6972545,-0.42723164,-0.45952025,-1.3770045,-1.0671381,-1.1577715,-1.2866677,0.6599883,-0.60803103,-0.58101624,-1.2300389,-0.29153076,-1.0858315,0.18421808,-0.5582984,-0.7251839,-0.8205935,0.009539056,0.8423869,-0.3634881,-0.58778524,-0.809017,1.2246469e-16,-1.0,0.0
2021-06-21 00:00:00,1.0,0.89614654,1.3179932,-0.57223016,-0.61965644,0.1171019,2.3855557,3.0,0.035134237,-1.1427233,-1.2092696,-1.3238511,0.5378063,0.39563376,0.3166543,-0.901625,0.18127932,-0.1940309,0.66600376,-0.005169025,-0.08652219,-0.15824817,0.7135825,0.1206487,-0.8170969,-0.95105654,0.309017,1.2246469e-16,-1.0,0.0
2021-06-22 00:00:00,1.0,-1.1052133,-0.05420961,0.567966,1.5595104,-0.16844918,-0.05773098,-1.9134051,-2.0448003,-0.5321956,-0.88367546,-1.1369187,1.9846727,-0.74534506,-0.7715877,-0.97856313,-0.5925476,-0.5886273,0.20775013,-0.1404373,-1.0344683,-1.0170822,-0.14904977,-0.25637847,-1.5828037,0.0,1.0,1.2246469e-16,-1.0,0.0
2021-06-23 00:00:00,4.0,-0.6506415,-1.6669282,-0.9987234,-1.355444,-0.13091588,-0.42100403,-0.499087,0.43048763,-0.73442256,-0.94326055,-1.1447792,1.2850509,-1.3098197,-1.3442861,-1.2419337,-0.55948323,-0.6612465,-0.024247006,0.0809291,-1.4973717,-1.5178815,-0.6654953,-0.14804469,-1.652246,0.95105654,0.309017,1.2246469e-16,-1.0,0.0
2021-06-24 00:00:00,4.0,1.8290716,1.2749306,-0.27934855,-0.91212946,2.2676404,0.08105868,0.5966602,0.8775058,0.038432967,-0.58681226,-1.0083907,2.9570172,0.5402794,0.4220141,-0.7034963,0.7714757,0.11778887,-0.053529497,1.1193151,-0.029279323,-0.08161252,0.7311074,2.6727848,-1.4793776,0.58778524,-0.809017,1.2246469e-16,-1.0,0.0
2021-06-25 00:00:00,4.0,0.17929995,0.1468281,1.5507463,0.3773523,-0.90270394,-0.7458642,-1.1416112,0.12586227,-0.61542493,-0.8644996,-1.1328984,1.4613197,0.7324606,0.62003994,-0.35272655,0.6464108,0.2510564,-0.43529308,1.22894,0.18657734,0.108574316,0.88628995,-0.9637841,-1.4342463,-0.58778524,-0.809017,1.2246469e-16,-1.0,1.0
2021-06-28 00:00:00,4.0,1.4282044,1.5382737,-0.81503487,-1.0914228,0.41420662,0.022246465,0.9589549,0.6036926,-0.40431297,-0.7808755,-1.1182245,1.8797702,1.8881571,1.8874959,0.3630164,0.94985396,0.8949567,0.3234442,1.2292329,1.3641025,1.1784137,1.9166955,0.93710005,-1.0781399,-0.95105654,0.309017,1.2246469e-16,-1.0,1.0
2021-06-29 00:00:00,1.0,-0.12985699,-0.9322223,-0.28943357,0.022022663,-1.186065,-1.0436517,-1.3110496,0.30844864,-1.0938512,-1.0961125,-1.2493846,0.51569587,1.7310821,1.7326492,0.8173708,1.520973,0.6676832,0.24165641,1.2217562,1.2035816,1.1416719,1.8535821,-1.0952382,-1.0481424,0.0,1.0,1.2246469e-16,-1.0,1.0
2021-06-30 00:00:00,1.0,-1.0256528,-1.384348,-1.0207568,-0.5864944,0.79572594,0.4931206,2.1618598,-0.026997784,-0.8420163,-0.95894307,-1.1607119,0.86205596,0.6422425,0.70239294,0.6628177,1.2911665,0.53571856,-0.30417782,0.7515622,0.40312156,0.3294745,1.0010551,1.5553205,-0.94327164,0.95105654,0.309017,1.2246469e-16,-1.0,1.0
2021-07-02 00:00:00,4.0,-0.6394148,-1.5061314,-0.4304224,-1.5003973,0.31729767,-0.097669795,-0.61690223,0.5973342,-0.8485248,-0.94905794,-1.137797,0.7511674,0.03430923,0.100160524,0.31846148,-0.108486995,0.5747724,-1.2518247,0.80200374,-0.014832594,-0.07755901,0.5102656,0.66656595,-0.8783543,0.58778524,-0.809017,1.2246469e-16,-1.0,1.0
2021-07-05 00:00:00,1.0,-1.8993644,-1.4497842,-1.0385375,-0.8773323,2.7800076,1.1809754,1.3775859,0.061188214,0.537112,-0.17603654,-0.7396848,2.6428983,-1.471444,-1.5361184,-0.54071575,-1.316441,-0.51455915,-1.8521638,-0.2604853,-1.589043,-1.2873836,-0.84678555,2.7925627,-1.2646573,-0.95105654,0.309017,-0.5,-0.8660254,0.0
2021-07-06 00:00:00,4.0,-0.602183,0.3302472,2.1636238,-0.56602263,-0.040869102,-0.55924994,-1.488475,-1.57608,0.1411889,-0.29028055,-0.7577622,1.7643255,-1.8119365,-1.9369322,-1.2132244,-2.3788521,-1.1911515,-1.5258805,-0.14031507,-1.7394279,-1.6019825,-1.2931482,0.31714916,-1.688399,0.0,1.0,-0.5,-0.8660254,0.0
2021-07-07 00:00:00,4.0,-0.21439208,-0.3758476,-0.7625265,1.7771702,-0.4565024,-0.3474136,0.07300639,-0.16417632,-0.40612465,-0.53379476,-0.8451303,0.85399014,-1.8853562,-2.025305,-1.6682556,-2.343231,-0.7689424,-1.5094556,-0.53899,-1.5840112,-1.674872,-1.4756007,-0.4309192,-1.6916119,0.95105654,0.309017,-0.5,-0.8660254,0.0
2021-07-08 00:00:00,4.0,-0.39298493,1.3096538,-0.89719397,-0.184329,-0.21586029,-0.05607342,0.1705858,-2.0686843,-0.23388349,-0.42946634,-0.7835756,1.0054159,-2.0415335,-2.202516,-1.9044144,-1.9315798,-0.6413121,-1.4333732,-0.30637988,-1.5284578,-1.772757,-1.6611925,-0.062218543,-1.7237059,0.58778524,-0.809017,-0.5,-0.8660254,0.0
2021-07-09 00:00:00,4.0,-2.9191031,-1.572764,-0.827272,-1.2505217,2.9762263,1.4842257,1.6004717,-0.58366525,2.5071383,1.2383637,0.040509675,3.0,-3.0,-3.0,-2.3249638,-2.9338608,-2.662135,-2.7015324,-0.9298606,-2.2364056,-2.8284059,-2.87931,2.6940207,0.04931699,-0.58778524,-0.809017,-0.5,-0.8660254,0.0
2021-07-12 00:00:00,4.0,0.7854447,0.69516474,-0.14362586,0.6732975,1.4439684,0.56459963,-0.718767,-0.18176185,2.9007738,1.7457017,0.29842097,3.0,-2.3711324,-2.773023,-2.2638474,-1.6022806,-2.2983751,-2.2244031,-0.7306727,-1.5166583,-2.0604923,-2.1626964,2.394431,0.54551816,-0.95105654,0.309017,-0.5,-0.8660254,0.0
2021-07-13 00:00:00,4.0,0.7281668,-0.81796473,0.033741035,-0.10325991,-0.10631425,-0.2984668,-0.8091845,2.2397168,2.288558,1.6260364,0.29432845,2.480275,-1.7788349,-2.1698709,-2.0292213,-0.96284527,-2.4538705,-1.8376244,-0.9484019,-1.0665649,-1.5827494,-1.7232947,0.6698944,0.61515474,0.0,1.0,-0.5,-0.8660254,0.0
2021-07-14 00:00:00,4.0,1.6799858,1.1353463,-0.040005147,-0.614219,0.50368696,-0.4148699,-0.22816649,1.1601994,2.3382132,1.8154757,0.40509316,2.396656,-0.6110003,-1.0290723,-1.3613827,-0.034827664,-1.6839609,-1.2322918,-0.29283658,-0.39685023,-0.62719345,-0.760631,1.784254,0.24555707,0.95105654,0.309017,-0.5,-0.8660254,0.0
2021-07-15 00:00:00,4.0,-0.5676106,-1.1556637,-1.070144,-0.0045567486,-0.5009528,-0.6008972,-0.3560837,-0.04039598,1.2961807,1.3202871,0.28060225,1.3025762,-0.8987451,-1.3210653,-1.0880635,-0.13731727,-1.4977021,-1.1632704,-0.6679494,-0.5390916,-0.89807093,-1.1086518,-0.18564522,0.19925174,0.58778524,-0.809017,-0.5,-0.8660254,0.0
2021-07-16 00:00:00,4.0,0.8192443,0.8504747,1.123969,-0.8349222,0.5272296,-0.20414117,0.33250555,0.03773776,1.2691718,1.3409338,0.32537958,1.2306527,-0.3816204,-0.80422086,-0.6086503,1.68048,-0.939597,-0.5092505,-0.55485934,-0.21343736,-0.4360714,-0.6632522,1.7779434,-0.14949764,-0.58778524,-0.809017,-0.5,-0.8660254,0.0
2021-07-19 00:00:00,4.0,0.09672636,0.24952804,2.0979652,-0.14534734,-0.08159825,-0.4314818,-0.32277834,-0.22951671,0.8324775,1.0903056,0.2665341,0.7778737,-0.3426471,-0.7577466,-0.24551113,1.3434107,-0.19187395,-0.6736918,-0.56459427,-0.14281084,-0.36194697,-0.63584864,0.9081206,-0.07392802,-0.95105654,0.309017,-0.5,-0.8660254,0.0
2021-07-20 00:00:00,4.0,-1.7973956,-1.2474155,-1.0288544,-0.32435587,0.16405688,-0.6215227,-0.28996706,-1.648489,1.8759153,1.9658772,0.89176553,1.4607817,-1.2610164,-1.6824069,-0.3550065,0.11069452,-0.681325,-1.7824274,-0.5936215,-0.7012474,-1.1257846,-1.4656893,1.5076289,1.9249301,0.0,1.0,-0.5,-0.8660254,0.0
2021-07-21 00:00:00,4.0,-0.7549805,-0.47554442,0.63479507,0.17358099,0.23556633,0.41923362,0.6791844,-0.75364375,1.6712496,1.9437618,1.0533143,1.1635262,-1.5583315,-1.9761324,-0.564218,-1.0750391,-0.89713997,-1.6113812,-1.0065101,-0.8352654,-1.3966559,-1.784974,1.4540393,2.0264897,0.95105654,0.309017,-0.5,-0.8660254,0.0
2021-07-22 00:00:00,4.0,-0.017723614,-0.3696786,-0.63605475,1.6010603,0.11610418,-1.1277387,-1.1083308,0.5031278,1.4198111,1.7977399,1.097709,0.90104896,-1.5465962,-1.9334803,-0.65241724,-0.8046879,-0.762774,-1.3522258,-1.3604103,-0.73408663,-1.3303357,-1.7409539,1.3445108,2.086712,0.58778524,-0.809017,-0.5,-0.8660254,0.0
2021-07-23 00:00:00,4.0,1.862187,1.6069739,-0.42799163,-1.3546771,-0.4475035,-0.7162763,0.19175318,1.6053017,1.647353,1.8789128,1.168493,1.1899245,-0.3050392,-0.78446037,-0.20983046,-0.2795631,1.1146154,-1.3002225,-0.6400303,-0.071546465,-0.2814629,-0.7645015,0.22232914,2.2510319,-0.58778524,-0.809017,-0.5,-0.8660254,0.0
2021-07-26 00:00:00,4.0,-1.3239422,-1.2750071,-0.9903229,-0.5388259,0.8178812,-1.9900264,-1.3942792,0.00873608,1.9169298,2.1524153,1.5558447,1.2996801,-0.9376812,-1.4065694,-0.19740747,-0.9832556,0.27177304,-1.9372857,-1.0609375,-0.4573771,-0.8058977,-1.3447312,1.8358757,1.6638606,-0.95105654,0.309017,-0.5,-0.8660254,0.0
2021-07-27 00:00:00,5.0,-3.0,-1.388753,-0.61739856,-1.3292493,1.6826923,1.321359,3.0,-3.0,3.0,3.0,3.0,3.0,-2.1400335,-2.732889,-0.7935117,-2.0180976,-1.5886085,-3.0,-2.367847,-1.50089,-1.9240679,-2.3692384,1.8686631,1.2987951,0.0,1.0,-0.5,-0.8660254,0.0
2021-07-28 00:00:00,5.0,-3.0,-0.82015306,0.025293695,-0.3709223,3.0,2.8984578,2.0811627,-1.215518,3.0,3.0,3.0,3.0,-2.7215765,-3.0,-1.3897551,-3.0,-3.0,-3.0,-3.0,-1.950899,-2.330995,-2.6728885,1.8447534,1.7446613,0.95105654,0.309017,-0.5,-0.8660254,0.0
2021-07-29 00:00:00,5.0,1.3672681,0.46232444,-0.64131814,2.155121,0.39347342,1.2124157,-0.9884127,1.8059595,3.0,3.0,3.0,3.0,-1.9410052,-2.5494664,-1.5477773,-2.3855524,-2.489213,-3.0,-2.3522387,-1.2457168,-1.6496778,-2.1235495,1.6145483,1.580827,0.58778524,-0.809017,-0.5,-0.8660254,0.0
2021-07-30 00:00:00,5.0,2.5276535,0.47890723,-0.782453,2.0612268,-0.20974623,0.9308425,-0.2717201,3.0,3.0,3.0,3.0,2.6655965,-0.7184524,-1.3013738,-1.0490695,-1.736785,-1.6049312,-2.001359,-1.1200725,-0.4366977,-0.57763755,-1.2045271,1.2502236,1.6847348,-0.58778524,-0.809017,-0.5,-0.8660254,0.0
2021-08-02 00:00:00,5.0,-0.8931379,-0.12853561,0.074728765,1.4286524,-0.098940074,-0.008248249,-0.94808596,-1.5529226,2.9318862,3.0,3.0,2.0362315,-0.98101383,-1.5504029,-0.8521241,-1.631812,-1.9583102,-1.7910941,-1.5906757,-0.62751514,-0.8109845,-1.4407372,1.3120075,1.9216362,-0.95105654,0.309017,-0.5,-0.8660254,0.0
2021-08-03 00:00:00,5.0,0.8797429,0.71416503,-0.38493326,1.074455,-0.0069125197,-0.7648728,-0.9702124,0.41089857,2.2964456,2.7663903,2.9402492,1.3946033,-0.61163694,-1.1595212,-0.5247981,0.40574706,-1.0140833,-1.3059738,-1.162421,-0.30677453,-0.45191073,-1.1750696,1.3173611,1.7954577,0.0,1.0,-0.8660254,-0.5,0.0
2021-08-04 00:00:00,4.0,-0.0057581924,-0.17613982,-0.9926584,2.1738183,-0.1814232,-0.46994627,0.31193987,0.20190823,1.8383614,2.396035,2.659959,0.85358876,-0.63150245,-1.1574172,-0.25759313,1.9232041,-0.778246,-1.2399023,-1.3462199,-0.261361,-0.41502386,-1.1927303,1.1735462,1.72454,0.95105654,0.309017,-0.8660254,-0.5,0.0
2021-08-05 00:00:00,4.0,0.7507487,0.8487412,0.9458756,-0.36751527,0.16670695,-0.7003347,-0.480925,-0.26072064,1.6607401,2.184942,2.4634836,0.6763532,-0.30576614,-0.83486044,0.114084184,1.6139675,-0.45750177,-0.87959063,-1.0705826,0.008464695,-0.0768281,-0.9212687,1.3341259,1.5248965,0.58778524,-0.809017,-0.8660254,-0.5,0.0
2021-08-06 00:00:00,4.0,-0.51574576,-0.61071545,1.2133802,-0.6163578,-0.41262984,-0.698482,-0.25307003,-0.26234543,1.2859397,1.8933982,2.2561264,0.17615181,-0.51411086,-1.0088648,0.28101447,0.11007716,-1.2424046,-0.3232585,-1.2245538,-0.14542599,-0.29559702,-1.1182501,0.64386415,0.9900644,-0.58778524,-0.809017,-0.8660254,-0.5,0.0
2021-08-09 00:00:00,4.0,0.012280909,-0.4274969,-0.7345187,1.3798143,-0.8837528,-0.76430863,-0.3567342,0.2321082,0.73711884,1.46169,1.922697,-0.5075999,-0.54386157,-1.0118994,0.42123422,0.5587945,-0.81746405,-0.5181282,-0.7379284,-0.13705425,-0.32842022,-1.1986146,-0.78991693,0.8284233,-0.95105654,0.309017,-0.8660254,-0.5,0.0
2021-08-10 00:00:00,4.0,0.38893506,1.0276458,1.1584698,-1.0155935,0.15134962,-0.67884356,-0.06054268,-1.2403932,0.8244889,1.4170216,1.850635,-0.33242583,-0.37882993,-0.8525349,0.60185456,0.31047338,0.57241815,-0.56541425,-0.82305306,-0.00019945484,-0.12421927,-1.0025939,1.1736734,0.7484838,0.0,1.0,-0.8660254,-0.5,0.0
2021-08-11 00:00:00,4.0,0.97678274,0.6451744,-0.95311826,1.4772344,-0.29322696,-0.4735284,0.181465,0.8630708,0.6523545,1.2091018,1.6457072,-0.4713571,0.0955227,-0.4333299,0.93022025,0.7911575,2.1372302,-0.6612151,-0.104072705,0.3390018,0.33468,-0.66257846,0.640224,0.9179002,0.95105654,0.309017,-0.8660254,-0.5,0.0
2021-08-12 00:00:00,4.0,0.22015879,0.89679486,1.3644354,-0.9385165,-0.6504175,0.2566297,1.0766686,-0.7260988,0.38874108,0.96921945,1.4466757,-0.77873087,0.1690565,-0.3584723,1.1975076,0.52255255,1.6697391,-0.44170865,-0.3477785,0.43353653,0.46082953,-0.6070777,0.11476551,0.9108596,0.58778524,-0.809017,-0.8660254,-0.5,0.0
2021-08-13 00:00:00,4.0,-0.33141103,-0.4718735,0.46495354,0.34027746,-0.7893995,-0.5862203,-1.0950363,-0.28127366,0.14689173,0.752523,1.2803096,-1.0819781,-0.026964812,-0.497552,1.287039,0.6191014,0.568099,-0.7589391,-0.6539593,0.3426371,0.35276344,-0.75737023,-0.22022392,0.97321486,-0.58778524,-0.809017,-0.8660254,-0.5,0.0
2021-08-16 00:00:00,4.0,-0.2656961,0.6614882,1.1509529,-0.13187079,-0.8355448,-0.86884326,-0.7008243,-1.276197,-0.042911883,0.56001043,1.1249639,-1.2896955,-0.18779409,-0.609887,1.257545,0.48872963,0.8104254,-0.86602014,-1.1191876,0.2786577,0.28389418,-0.88457716,-0.30219972,1.0415463,-0.95105654,0.309017,-0.8660254,-0.5,0.0
2021-08-17 00:00:00,4.0,-0.5105169,-0.6848869,0.09901232,0.03944535,-0.5774141,-0.48497358,0.60547185,-0.19953558,-0.052368872,0.48621082,1.0573183,-1.2418793,-0.45856008,-0.80508715,1.0689104,0.051174436,0.28053308,-0.5785928,-1.1851876,0.06844679,0.05964725,-1.0776854,0.20896077,0.37968737,0.0,1.0,-0.8660254,-0.5,0.0
2021-08-18 00:00:00,4.0,-1.153577,-0.9524966,-0.037294906,-0.5097241,0.20862485,0.2052999,1.0503238,-0.28353843,0.34280294,0.69660497,1.206534,-0.6750679,-0.9631551,-1.1957469,0.61933845,-0.9949154,-0.15102647,-0.7683908,-1.5692645,-0.44746327,-0.44263625,-1.3828769,1.2074398,1.0413296,0.95105654,0.309017,-0.8660254,-0.5,0.0
2021-08-19 00:00:00,4.0,0.47693044,0.520201,1.6024015,-0.09739632,-0.9041407,-0.41529384,-0.8453724,0.27264422,0.06850373,0.47220317,1.0085565,-0.9935233,-0.70678824,-0.98941404,0.47631413,-0.86711556,-0.26211172,-0.60355103,-1.3934835,-0.19833165,-0.18814255,-1.2309823,-0.673879,0.66964364,0.58778524,-0.809017,-0.8660254,-0.5,0.0
2021-08-20 00:00:00,4.0,-1.4702635,-1.1394471,-0.7111471,-0.5093807,0.21205121,0.20225699,0.83758754,-0.48899448,0.5212089,0.74636996,1.211811,-0.39191255,-1.2722379,-1.4459105,0.03947117,-1.4188546,-0.61635095,-1.541605,-2.2021995,-0.9986745,-0.75570107,-1.6002929,1.1823958,0.5189264,-0.58778524,-0.809017,-0.8660254,-0.5,0.0
2021-08-23 00:00:00,4.0,-1.2054752,-0.8607401,-1.0220734,0.41272953,0.21556018,0.7641586,0.5774214,-0.45565578,0.9504318,1.0335189,1.4192842,0.1083625,-1.643949,-1.7654133,-0.43066445,-1.8443185,-1.0897703,-1.5751314,-2.6215255,-1.5430462,-1.1304858,-1.7994963,1.1488788,0.48210067,-0.95105654,0.309017,-0.8660254,-0.5,0.0
2021-08-24 00:00:00,4.0,0.9657832,-0.013884749,2.4599135,-0.6799945,-0.6200495,0.05661788,-0.82757735,1.8311772,0.96777034,1.0331337,1.3679426,0.17447188,-1.10752,-1.3503851,-0.47768575,-1.1368084,-0.87339777,-0.27116746,-2.217244,-0.8584648,-0.6387176,-1.3693969,0.010441508,1.0645626,0.0,1.0,-0.8660254,-0.5,0.0
2021-08-25 00:00:00,4.0,1.9177138,1.6990753,-0.9997425,-0.6192462,-1.0397588,0.049940623,-0.3051011,1.7418973,0.92675126,0.97381216,1.2505112,0.22446272,-0.021211544,-0.50510603,-0.02583504,0.37885565,-0.49235556,1.3565155,-1.6382571,0.11663828,0.24056748,-0.62175477,-0.45936963,0.36881927,0.95105654,0.309017,-0.8660254,-0.5,0.0
2021-08-26 00:00:00,4.0,0.05692033,-0.7664532,-0.39642084,0.13732831,-0.44968414,-0.5166988,-0.62701774,1.0293475,0.67181337,0.8287696,1.1461344,-0.12577496,-0.03256465,-0.51184785,0.31717443,0.17989932,-0.5685507,0.9575755,-1.6167312,0.0568472,0.2012448,-0.6146589,-0.017387139,0.41243488,0.58778524,-0.809017,-0.8660254,-0.5,0.0
2021-08-27 00:00:00,4.0,-0.61492383,-0.79108125,-0.64978683,0.22675282,-0.2824738,-0.1628997,0.08582025,-0.19509466,0.5367963,0.7573963,1.1095766,-0.34018588,-0.35500637,-0.75531536,0.42952925,0.5922317,-0.7152305,-0.06989484,-1.9545091,-0.34446755,-0.1395706,-0.8685775,0.21444139,0.22846813,-0.58778524,-0.809017,-0.8660254,-0.5,0.0
2021-08-30 00:00:00,4.0,0.15096098,0.6252184,2.3816755,-1.0059049,-1.0911775,-0.92395633,-0.6366721,-0.51639295,0.2187653,0.53938854,0.9496907,-0.7446211,-0.33685976,-0.7384321,0.5763508,1.258377,-0.54844517,0.2850341,-1.7648103,-0.23904876,-0.11395088,-0.87677217,-0.78478974,-0.0906642,-0.95105654,0.309017,-0.8660254,-0.5,0.0
2021-08-31 00:00:00,4.0,0.53132397,0.88326585,-0.4264375,0.98003614,-0.7788262,0.4020173,0.8255006,-0.08283829,0.007733525,0.35773402,0.7949935,-0.95489824,-0.026834577,-0.51363343,0.8396093,1.0397961,-0.10241936,0.17098054,-1.3898036,0.1362998,0.204884,-0.6735277,-0.5327372,0.15720065,0.0,1.0,-0.8660254,-0.5,0.0
2021-09-01 00:00:00,4.0,1.0894847,1.0501071,-0.9883962,1.0758147,1.9481514,2.456884,1.2971414,-0.16974609,0.469962,0.57936186,0.8779975,-0.20404406,0.7030288,0.021273565,1.2628984,0.6180791,0.8892041,0.56531835,-1.0682794,0.9011745,0.9506396,-0.035619773,1.2362576,-0.012715632,0.95105654,0.309017,-0.8660254,-0.5,0.0
2021-09-02 00:00:00,4.0,0.5366738,0.8771521,-0.11479734,0.58427435,-0.41279376,0.6285159,-0.8982225,-0.11769688,0.23889431,0.41910288,0.747025,-0.47060338,1.0018657,0.2643034,1.6656855,0.85798204,0.9315341,0.4988295,-0.8398709,1.268032,1.2803252,0.19996639,-0.21973516,0.2074236,0.58778524,-0.809017,-1.0,-1.8369701e-16,0.0
2021-09-03 00:00:00,4.0,0.2901607,-0.36104193,0.93543667,0.0027811562,-0.49674946,0.19091743,-0.36344293,0.8701725,0.042241227,0.27186844,0.62971145,-0.6932804,1.1236087,0.37961435,1.9234993,1.29769,1.6656324,0.7899947,-0.7623347,1.4072486,1.4173126,0.34708673,-0.3982341,0.4018302,-0.58778524,-0.809017,-1.0,-1.8369701e-16,0.0
2021-09-06 00:00:00,4.0,-0.39742702,-0.7367029,-0.3743613,0.29373953,-1.5174123,1.2968419,0.65730053,-0.4467687,-0.27238145,0.05633438,0.48978347,-1.117861,0.7440847,0.1558836,1.9167069,1.0150824,1.9373803,0.6526451,-0.849505,1.0235858,1.07078,0.12437796,-1.9316386,0.4257659,-0.95105654,0.309017,-1.0,-1.8369701e-16,0.0
2021-09-07 00:00:00,4.0,0.8321994,1.8516462,-0.7891511,-1.4598838,-0.68458265,-0.28716817,-0.8982263,-0.47634277,-0.4422115,-0.12128447,0.32501474,-1.2430964,1.2845758,0.5935648,2.0410087,1.1577084,1.8426669,0.83505094,-0.6258389,1.586247,1.6249547,0.59722763,-0.76637334,0.3642303,0.0,1.0,-1.0,-1.8369701e-16,0.0
2021-09-08 00:00:00,4.0,0.6247948,0.9212284,0.7010722,-0.39422712,-0.80619985,-0.47490612,-0.23772672,0.17421176,-0.6193557,-0.30298567,0.1622381,-1.3880934,1.6365664,0.9153514,2.1988378,0.9269143,1.288843,0.7469395,-0.5299839,2.000618,2.0328634,0.9896836,-1.150378,0.17877759,0.95105654,0.309017,-1.0,-1.8369701e-16,0.0
2021-09-09 00:00:00,4.0,0.011800989,-0.2267081,1.1231123,0.4232455,-0.28872833,-0.35362065,-0.08485958,0.17152609,-0.6109541,-0.35749778,0.09567109,-1.2698026,1.5170089,0.8762528,2.1342885,0.66820645,1.2530372,0.68384796,-0.39312014,1.9326315,1.9208491,1.026131,-0.3504602,0.15196986,0.58778524,-0.809017,-1.0,-1.8369701e-16,0.0
2021-09-10 00:00:00,4.0,-1.5157624,-1.1688608,-0.50788206,-0.5866618,0.39352626,0.16714695,0.25022754,-1.3325541,-0.03038317,0.00484798,0.34870368,-0.46393105,0.28457862,0.039533198,1.4319656,-0.23066989,0.8609716,0.19534545,-0.6925422,0.61941004,0.7022853,0.24337961,0.40959767,0.73604465,-0.58778524,-0.809017,-1.0,-1.8369701e-16,0.0
2021-09-13 00:00:00,4.0,1.404176,1.8782164,-1.001503,-1.4374112,-0.7950453,-0.1786654,-0.26460156,0.77626497,-0.06879197,-0.062184732,0.23759612,-0.39757687,1.2215052,0.8389273,1.3830633,0.67324024,1.3751093,0.8838724,-0.38158366,1.7795771,1.613539,1.059523,-1.0522717,0.009943586,-0.95105654,0.309017,-1.0,-1.8369701e-16,0.0
2021-09-14 00:00:00,4.0,-0.9134085,-0.26735204,-0.96178025,2.063387,-0.871491,0.7074902,0.42802405,-1.7076368,0.2520458,0.16905722,0.40278503,-0.026446357,0.5478153,0.33852223,0.98743767,-0.19655415,0.7778412,0.70120627,-0.82730144,0.864023,0.8872985,0.6068309,-1.5152305,-0.061687324,0.0,1.0,-1.0,-1.8369701e-16,0.0
2021-09-15 00:00:00,4.0,-0.70920235,-0.95499843,-0.26100776,-0.32614863,0.6529226,0.9151742,-0.0017816231,0.0132365525,0.2969277,0.23961803,0.46723217,-0.023322841,0.059133608,-0.048678864,0.52996665,-0.85752946,0.04723604,0.84703285,-0.82379645,0.11288957,0.33908266,0.25028914,0.57848024,-0.30169007,0.95105654,0.309017,-1.0,-1.8369701e-16,0.0
2021-09-16 00:00:00,4.0,-1.1256288,-1.0381156,0.24519569,-0.9728461,-0.15277995,0.8629787,-0.09936042,-1.0768554,0.33962935,0.32191518,0.55929005,-0.056608807,-0.58445114,-0.60260355,-0.08041117,-1.4128389,-0.6405146,0.17577764,-1.039777,-0.84160674,-0.42778414,-0.3289136,-0.2987269,-0.6950364,0.58778524,-0.809017,-1.0,-1.8369701e-16,0.0
2021-09-17 00:00:00,4.0,-0.8338705,-1.0675706,-0.94752866,-0.0533902,0.8802293,1.0290037,-0.01214663,0.023949547,0.4291407,0.42522648,0.65547156,-0.009235966,-0.9941082,-0.9919454,-0.6653758,-1.083616,-1.0948039,0.39350268,-1.6686606,-1.3145949,-0.97063065,-0.73874897,0.58016396,-0.55583864,-0.58778524,-0.809017,-1.0,-1.8369701e-16,0.0
2021-09-20 00:00:00,4.0,0.8667612,1.3693875,-0.95291066,0.0944258,0.6251837,2.422784,0.6753057,-0.45520243,0.3177686,0.34355852,0.5681435,-0.087457575,-0.43309593,-0.5210258,-0.79311275,-1.3288404,-0.5775463,1.2444429,-1.4812691,-0.79745096,-0.51158375,-0.26604328,0.17544569,-0.40481257,-0.95105654,0.309017,-1.0,-1.8369701e-16,0.0
2021-09-21 00:00:00,4.0,-2.0206964,-1.0600327,-0.94504386,-0.0898546,2.2687342,1.0897412,-0.6288614,-1.509105,1.4856552,1.2196655,1.2172117,0.9796264,-1.3528694,-1.4555284,-1.1417606,-1.8577541,-1.7415996,-0.044249024,-2.4153924,-1.7844166,-1.4960095,-1.0253484,1.2302754,1.2853171,0.0,1.0,-1.0,-1.8369701e-16,0.0
2021-09-23 00:00:00,4.0,0.5473965,1.4227002,-0.30284792,-0.594888,0.36071196,-0.38462034,-0.87953496,-1.2450391,1.1549755,1.0798453,1.1372846,0.5920475,-1.0780102,-1.2361854,-1.270265,-1.2503086,-1.7246529,-0.60303575,-2.234966,-1.1517892,-1.1894053,-0.7817428,0.1101218,1.0771754,0.95105654,0.309017,-1.0,-1.8369701e-16,0.0
2021-09-24 00:00:00,4.0,0.9709088,-0.19928768,1.1685762,0.32241172,0.33128968,1.0927652,0.9483521,2.1078534,1.0476394,1.0387291,1.0946236,0.48545882,-0.4025307,-0.6387665,-1.0516485,-0.22743523,-1.3153306,-0.17798147,-1.7356963,-0.4968188,-0.5823026,-0.15538009,0.109000064,1.574174,-0.58778524,-0.809017,-1.0,-1.8369701e-16,0.0
2021-09-27 00:00:00,4.0,-0.6703482,-0.84752977,0.437893,-0.6746335,0.47704294,-0.7153935,-1.0155722,-0.1010324,0.9379058,1.0500537,1.1670228,0.2654287,-0.7977637,-1.055838,-1.0140402,-0.16308448,-1.0038505,-0.2328153,-1.8588414,-0.71562284,-0.98401356,-0.56740826,0.424106,1.2919768,-0.95105654,0.309017,-1.0,-1.8369701e-16,1.0
2021-09-28 00:00:00,4.0,0.2190053,0.5110532,2.8483813,-1.5011669,-0.69333607,0.010166698,0.44043866,-0.29282913,0.45901737,0.74353296,0.98482406,-0.21686462,-0.73758835,-0.98589253,-0.93221563,-0.47476447,-1.4440383,-0.19464283,-1.3947507,-0.5196767,-0.92587674,-0.5134342,-1.2106338,1.2585305,0.0,1.0,-1.0,-1.8369701e-16,1.0
2021-09-29 00:00:00,4.0,0.9424206,0.85964084,1.0026625,-0.546578,-0.2056592,0.3218127,0.078743495,0.6190769,0.23672715,0.5419156,0.8196317,-0.36864477,-0.029471103,-0.30574027,-0.6031151,1.00691,-0.7015284,0.023729324,-0.96473104,-0.05724761,-0.36445624,0.13550569,-0.35101894,-0.16459386,0.95105654,0.309017,-1.0,-1.8369701e-16,1.0
2021-09-30 00:00:00,4.0,0.5784796,1.1909443,-0.75996494,0.21606363,1.4832342,-0.5112188,-0.56780607,-1.148254,0.4461595,0.6521841,0.87348354,-0.10998792,0.3411786,0.07236296,-0.20713896,1.02424,-0.19101164,-0.17152974,-0.7288519,0.21488366,0.044229228,0.62485766,0.8420185,-0.15823814,0.58778524,-0.809017,-1.0,-1.8369701e-16,1.0
2021-10-04 00:00:00,4.0,-0.09328931,0.5900573,0.33528242,0.752577,-1.2130818,-1.9435619,-1.0395051,-0.87231976,-0.07760882,0.28683388,0.6603627,-0.6297879,0.17606333,-0.05977364,0.009999881,0.49191582,0.21306075,-0.44746965,-0.69293743,0.16850027,-0.055260807,0.43245125,-2.3273928,-0.3423423,-0.58778524,-0.809017,-1.0,-1.8369701e-16,1.0
2021-10-05 00:00:00,4.0,-1.342715,-1.3538262,-1.0152544,-0.4542486,0.8572754,-1.658154,-0.03694621,-0.49135292,0.39402598,0.6499946,0.9810259,-0.22051221,-0.72677445,-0.9069274,-0.13904816,0.16323169,-0.0023736688,-1.1889615,-0.50064003,-0.4437633,-0.82339233,-0.41303813,0.58492714,0.2573769,0.0,1.0,-0.8660254,0.5,0.0
2021-10-06 00:00:00,4.0,0.32836452,1.3321102,-0.252036,-0.6475742,0.18208542,-1.1685045,0.18737817,-1.3622606,0.2790892,0.54280037,0.89853233,-0.29043305,-0.565882,-0.738655,-0.15861492,0.21954606,-0.21212305,-0.86171436,-0.57615227,-0.24498004,-0.57930434,-0.18164386,-0.07486418,0.5958064,0.95105654,0.309017,-0.8660254,0.5,0.0
2021-10-07 00:00:00,4.0,-0.229248,-1.1155033,-0.98635113,0.15355709,-0.35768083,-0.7422407,0.23933859,0.8853861,0.10809597,0.4132334,0.8341567,-0.45040098,-0.79097545,-0.9285361,-0.22268781,-0.3859432,0.51862335,-1.3035703,-0.8377173,-0.32121277,-0.67655325,-0.42590576,-0.42318133,0.3770021,0.58778524,-0.809017,-0.8660254,0.5,0.0
2021-10-08 00:00:00,4.0,2.1040123,1.6283138,-0.521788,-1.1867741,-0.5652546,-0.99228156,-0.32387942,1.9885595,0.5415381,0.6122571,0.8381707,0.15016322,1.0352107,0.7570661,0.30513647,0.41677144,1.1642858,-0.59111077,-0.46718803,0.81136674,0.8667327,1.1969075,-0.7438268,1.5167718,-0.58778524,-0.809017,-0.8660254,0.5,0.0
2021-10-11 00:00:00,4.0,0.47940254,-0.80889904,-0.9749364,0.9704292,-0.23233679,0.4039584,1.0916154,1.797799,0.26020986,0.40475464,0.6846078,-0.09917449,1.2879766,1.0402435,0.75013876,0.7137656,0.9611352,-0.3740369,-0.14315455,1.1318386,1.2032108,1.4297678,-0.35307539,1.4584817,-0.95105654,0.309017,-0.8660254,0.5,0.0
2021-10-12 00:00:00,4.0,1.355617,1.1658685,1.0380734,-1.4901692,-1.8567841,-0.21331339,-0.4865843,1.5377594,0.25637463,0.33834004,0.5580267,0.0010518655,2.1281025,1.9832236,1.3183525,2.0719817,1.7534387,0.9141949,0.1962465,1.9767472,1.9909753,2.3227394,-2.3700945,0.93249625,0.0,1.0,-0.8660254,0.5,0.0
2021-10-15 00:00:00,4.0,-0.7988883,-0.1056624,1.9916832,-0.064894676,-1.3630663,-0.8675266,-0.5825402,-1.5223078,0.076125756,0.2528945,0.5829551,-0.23392236,1.3835293,1.3550981,1.4130971,1.4799654,1.3208244,-0.07650738,-0.16484246,1.5104662,1.4467694,1.6470349,-1.8754263,1.3926438,0.95105654,0.309017,-0.8660254,0.5,0.0
2021-10-18 00:00:00,4.0,1.024037,0.715355,-0.9777725,1.5027348,-0.70491964,0.36706498,0.8685194,1.0210612,-0.31135383,-0.12747441,0.21119997,-0.51614934,1.9251375,1.9661332,1.6780401,2.045398,1.3440082,0.8069651,0.77859795,2.3349392,2.0428793,2.2298913,-0.9944273,2.033818,-0.95105654,0.309017,-0.8660254,0.5,0.0
2021-10-19 00:00:00,4.0,0.27380523,-0.054284465,-0.94656277,2.7021434,-1.4033077,-1.1717788,-1.1508162,0.39087123,-0.7870084,-0.5802589,-0.20302974,-0.9339683,1.9501075,1.9997461,1.8682767,1.1435953,1.214326,1.2304199,1.1207722,2.3850217,2.141555,2.2565906,-2.046196,1.893698,0.0,1.0,-0.8660254,0.5,0.0
2021-10-20 00:00:00,4.0,0.99341136,1.6452086,-0.64176464,-1.2377715,-0.9073187,-1.009973,-0.062085588,0.23920369,-0.97427404,-0.8867198,-0.6300768,-0.98998994,2.363588,2.4634178,2.106327,1.383404,1.6057243,2.1036785,1.5558617,2.6024208,2.5866048,2.756956,-1.2477505,2.8877788,0.95105654,0.309017,-0.8660254,0.5,0.0
2021-10-21 00:00:00,4.0,0.9202687,0.40870267,0.34541294,0.88969684,-1.1817529,-0.58988076,0.21355298,1.2479781,-1.052575,-1.1044155,-1.0449126,-0.940994,2.6162484,2.7810209,2.3203218,1.1622261,2.3510702,2.680571,1.4480989,2.5041904,2.8239567,3.0,-1.9102588,2.8890839,0.58778524,-0.809017,-0.8660254,0.5,0.0
2021-10-22 00:00:00,1.0,-0.23941983,-0.59289724,0.14506547,0.536626,-0.38150704,0.12781094,0.3769103,-0.021738771,-1.129992,-1.249751,-1.329091,-0.9766992,2.234862,2.4161608,2.2436848,1.410636,2.0695417,2.1523488,1.7180663,1.982658,2.4156106,2.6844447,-0.8554867,2.8079157,-0.58778524,-0.809017,-0.8660254,0.5,0.0
2021-10-25 00:00:00,4.0,0.29017264,0.085895516,0.55377257,1.2823712,-1.7241834,-0.89632833,-0.89655244,0.35989642,-1.5355047,-1.6697849,-1.9076349,-1.4106067,2.250981,2.4136353,2.246492,1.0598229,2.1619267,2.8971732,2.7752714,1.8257941,2.432754,2.7313673,-1.9802983,1.4937934,-0.95105654,0.309017,-0.8660254,0.5,0.0
2021-10-26 00:00:00,1.0,-0.036053486,0.71292955,0.41489863,-0.10364354,-1.0629662,-1.5474124,-0.7100238,-0.5955078,-1.7641246,-1.9006338,-2.153334,-1.655318,2.195409,2.34923,2.1109738,0.95679635,1.4763048,2.7072904,3.0,1.6238742,2.2896218,2.6418138,-1.6797584,1.3717561,0.0,1.0,-0.8660254,0.5,0.0
2021-10-27 00:00:00,4.0,-0.2969163,-1.1766833,-0.9975764,0.29499412,-0.4539118,-1.2052438,0.23717466,0.39830267,-1.8052711,-1.9788314,-2.2180707,-1.6753213,1.918515,2.1092472,1.8188559,0.3456912,1.2396374,2.257638,2.7551599,1.3509102,1.9640068,2.3866835,-1.0504723,1.0251868,0.95105654,0.309017,-0.8660254,0.5,0.0
2021-10-28 00:00:00,1.0,-1.2029879,-1.3168002,-0.991,-0.11818725,-1.2400005,-0.758562,0.24504012,-1.2893122,-1.4200459,-1.6953901,-1.8720901,-1.1580709,1.0579615,1.418241,1.1383394,-0.65201503,0.4218092,2.0874531,1.6331872,0.8126696,1.0677154,1.656874,-1.7534302,1.4082242,0.58778524,-0.809017,-0.8660254,0.5,0.0
2021-10-29 00:00:00,4.0,-0.20398009,-0.66003793,0.6487373,-0.06057778,-0.8665856,0.8308144,1.154736,0.07247788,-1.7245332,-1.945787,-2.0876207,-1.5342284,0.891191,1.2642229,0.6513821,-0.62766457,0.6595186,1.915613,1.7857503,0.6468796,0.8337261,1.5240033,-1.5744036,1.0667944,-0.58778524,-0.809017,-0.8660254,0.5,0.0
2021-11-01 00:00:00,4.0,-0.51025426,-0.80741405,0.19611607,-0.04987962,-1.2663021,1.0851789,-0.030660668,-0.5037002,-1.9610044,-2.1494062,-2.2412965,-1.8607975,0.5395828,0.96912366,0.11234159,-0.98780054,0.1392369,1.4066072,1.3784468,0.3783633,0.43590927,1.2237538,-1.6834637,2.3392985,-0.95105654,0.309017,-0.8660254,0.5,0.0
2021-11-02 00:00:00,4.0,-0.64185643,-0.6837403,-0.9763658,1.4637187,-0.22449715,-0.82533115,-1.2177478,-0.60101974,-1.646711,-1.9650762,-2.073058,-1.3609468,0.13142148,0.6266167,-0.49194613,-1.2566557,-0.15229529,1.0037051,1.1961769,0.07246741,-0.035115633,0.84348655,-1.1794666,2.156403,0.0,1.0,-0.5,0.8660254,0.0
2021-11-03 00:00:00,4.0,-0.104197256,-1.4793025,-0.737258,-1.0134975,2.7100306,0.744055,1.089271,2.3489642,-0.84325033,-1.4260963,-1.6558286,-0.12815294,0.029770805,0.53305596,-0.88100266,-1.1695688,-0.5518726,1.0031503,0.95483005,-0.03523257,-0.16212612,0.77855,1.4478083,2.123078,0.95105654,0.309017,-0.5,0.8660254,0.0
2021-11-04 00:00:00,4.0,-0.17633757,-0.1124179,0.6682808,1.2240034,0.5802829,-0.5189028,-0.79212445,-0.25018004,-0.89215136,-1.4258153,-1.65659,-0.20179705,-0.11372683,0.4079126,-1.1595947,-0.7116481,-0.94903684,1.4074743,1.0423726,-0.23096517,-0.3842266,0.6469562,-0.05678797,0.7703556,0.58778524,-0.809017,-0.5,0.8660254,0.0
2021-11-05 00:00:00,4.0,0.67966276,0.7129778,-0.5701942,1.1746954,-0.8514385,-0.72558385,-0.25111383,0.5636788,-1.3761797,-1.7613815,-1.977042,-0.8624051,0.32216772,0.72995836,-1.1841577,-0.32774252,-0.6596693,1.469627,1.2014798,-0.068552814,-0.15960096,0.9082711,-1.4930165,0.8757656,-0.58778524,-0.809017,-0.5,0.8660254,0.0
2021-11-08 00:00:00,4.0,-1.0381428,-0.39345074,0.5310277,0.61282223,0.21849106,0.9228482,1.0338492,-1.4710624,-0.8721298,-1.3658174,-1.6214159,-0.16428813,-0.33600873,0.1942428,-1.3557673,-0.55940914,-1.064756,1.2311599,0.8299914,-0.83615565,-0.8417959,0.3483087,-0.59840196,0.74903846,-0.95105654,0.309017,-0.5,0.8660254,0.0
2021-11-09 00:00:00,4.0,-0.24562292,0.26315236,0.7969476,1.0896522,-0.99569535,-0.22818187,-0.7286925,-0.68925524,-1.277232,-1.6117146,-1.8028699,-0.7955559,-0.506748,0.040826246,-1.5437299,-0.38764262,-1.1354718,0.42397487,0.5156458,-1.0207522,-1.0722083,0.15814683,-1.4814533,-0.1084467,0.0,1.0,-0.5,0.8660254,0.0
2021-11-10 00:00:00,4.0,0.25215554,-0.8416603,-0.9235491,0.78368276,-0.090460636,-2.3552501,-1.7444718,0.9530388,-1.4626887,-1.7463185,-1.9367044,-1.0531967,-0.373573,0.13104211,-1.5489175,-0.23323523,-0.9705378,0.32885706,0.5246938,-0.8991498,-0.9920182,0.23466216,-1.0414453,-0.036474634,0.95105654,0.309017,-0.5,0.8660254,0.0
2021-11-11 00:00:00,4.0,0.65729946,0.82140183,-0.80354536,1.2254649,2.3536232,-0.1423866,2.1425836,-0.18066813,-0.9228889,-1.3910524,-1.7220352,-0.10431793,0.0767934,0.4570754,-1.2592903,0.13010748,-0.40422004,0.03587847,0.780534,-0.5106382,-0.5552306,0.57031447,1.2843834,0.826022,0.58778524,-0.809017,-0.5,0.8660254,0.0
2021-11-12 00:00:00,4.0,0.8443888,1.5483111,-0.15731464,-1.4493935,1.6625217,1.0832816,0.7748501,-0.78818625,-0.68057483,-1.2102382,-1.6298623,0.35349274,0.63221186,0.8797132,-0.8719177,0.20510912,-0.086139314,0.5777044,1.058469,-0.095429614,-0.119453676,0.9509867,0.86546844,0.19133312,-0.58778524,-0.809017,-0.5,0.8660254,0.0
2021-11-15 00:00:00,1.0,0.29205534,-1.0595723,-0.8611656,0.19790213,0.09176588,-0.353687,-0.99819684,1.3329934,-0.9547802,-1.350398,-1.7309651,-0.068758495,0.78071827,0.98710746,-0.5703642,0.78634405,0.1569754,0.29292235,1.2491927,0.046803735,0.009819828,1.0503758,-0.58450013,-0.2928591,-0.95105654,0.309017,-0.5,0.8660254,0.0
2021-11-16 00:00:00,1.0,0.21626337,-0.28590658,-0.028373243,1.4589988,-0.4613556,-2.0390315,-1.4792789,0.47240582,-1.2999644,-1.560278,-1.8801386,-0.6432214,0.888437,1.0611676,-0.31450957,0.9858906,0.41615197,0.25862044,1.5676854,0.14969389,0.10641125,1.1423138,-1.1166793,-0.3784077,0.0,1.0,-0.5,0.8660254,0.0
2021-11-17 00:00:00,1.0,1.0074548,1.4893547,-0.41018075,-1.1152675,0.3064066,-0.5137254,1.4901677,0.19433472,-1.3128248,-1.5918742,-1.939877,-0.5726537,1.4878458,1.5472519,0.095680855,1.3036398,0.7487029,0.19118038,1.652789,0.72174245,0.69269395,1.6340543,-0.20299144,-0.89250493,0.95105654,0.309017,-0.5,0.8660254,0.0
2021-11-18 00:00:00,1.0,-0.21888448,-0.2002131,-0.90387076,2.4647605,-1.2541186,-1.5076236,-1.1236122,-0.32387382,-1.6620325,-1.8091292,-2.0693755,-1.2529038,1.2789474,1.3889035,0.3152815,0.9388364,0.7365573,-0.22280656,1.9129307,0.651779,0.62598944,1.5465643,-1.4190056,-1.0574703,0.58778524,-0.809017,-0.5,0.8660254,0.0
2021-11-19 00:00:00,1.0,-1.0878094,-0.4751053,0.26146322,0.7300651,-0.73971575,-0.8420025,0.58470273,-1.4646329,-1.2728206,-1.5375888,-1.8289348,-0.5756964,0.4381132,0.79485834,0.12340136,0.11406803,0.21905813,-0.47446337,1.9252028,0.042094413,0.018140053,0.946193,-1.325005,-1.1955925,-0.58778524,-0.809017,-0.5,0.8660254,0.0
2021-11-22 00:00:00,4.0,-0.87381434,0.84389365,-0.34406406,0.37093434,-0.24140571,0.26371408,1.0302129,-1.9291884,-0.8002698,-1.1963379,-1.5484653,0.22496007,-0.17943515,0.31744242,-0.22441603,-0.40771213,0.28277573,-0.85431874,1.4866272,-0.48538813,-0.3919834,0.48614472,-0.888016,-0.75037897,-0.95105654,0.309017,-0.5,0.8660254,0.0
2021-11-23 00:00:00,4.0,-0.29117966,-0.8294852,0.06859598,-0.007979267,-0.40485567,-0.22162978,-0.4663353,0.04850764,-1.1506453,-1.3831581,-1.6544942,-0.44793943,-0.38841704,0.13892742,-0.5122336,-0.62940294,0.27581793,-0.9284726,0.9497213,-0.665524,-0.49269104,0.32332993,-1.0318404,-0.75346446,0.0,1.0,-0.5,0.8660254,0.0
2021-11-24 00:00:00,4.0,-0.9585944,-0.3786647,2.2095275,-0.771012,-0.75891685,-0.3015017,-0.1645992,-1.2939711,-1.0957491,-1.316946,-1.565921,-0.41666338,-0.9603812,-0.35846788,-0.90789104,-1.4772158,-0.07845512,-1.1079341,0.73295045,-1.3626026,-0.9395603,-0.19896284,-1.2188234,-0.7899105,0.95105654,0.309017,-0.5,0.8660254,0.0
2021-11-25 00:00:00,4.0,0.15749522,0.09105321,1.9186676,0.16553931,0.19731568,0.77132064,0.9249716,0.1542159,-1.1849867,-1.3744648,-1.6106822,-0.5713946,-0.8641025,-0.304238,-1.0958321,-1.295957,-0.23812413,-0.67168677,0.9203216,-1.1154906,-0.79477364,-0.13719812,-0.342959,-1.616511,0.58778524,-0.809017,-0.5,0.8660254,0.0
2021-11-26 00:00:00,4.0,0.22466654,0.34151873,-0.44857404,1.6556592,-0.3294685,-1.2426431,-1.7226785,0.11359386,-1.4062707,-1.5228757,-1.7193731,-0.9957512,-0.7069236,-0.20508222,-1.1403642,-0.7376175,-0.439511,-0.5384256,0.9337579,-0.8564449,-0.6357941,-0.026286185,-0.8961552,-1.5372416,-0.58778524,-0.809017,-0.5,0.8660254,0.0
2021-11-29 00:00:00,4.0,-2.120336,-1.7442702,-0.96135956,-1.4205811,1.2685958,1.0357229,2.3541763,-1.1550841,-0.29812825,-0.7657216,-1.1216527,0.9350927,-1.7800891,-1.245403,-1.4294525,-1.2651607,-1.1637367,-1.0233803,0.3374419,-1.9507089,-1.587354,-1.1127076,1.0770073,1.8108556,-0.95105654,0.309017,-0.5,0.8660254,0.0
2021-11-30 00:00:00,4.0,-0.6699712,-0.23826173,2.2495117,-0.6084317,0.6458215,0.8381621,-0.22879855,-0.8155428,-0.34259763,-0.7215085,-1.050854,0.7351764,-1.9737659,-1.5195563,-1.7259032,-1.4063993,-1.4058694,-1.014714,-0.08192562,-1.7777833,-1.8076662,-1.4554911,0.61086994,1.154247,0.0,1.0,-0.5,0.8660254,0.0
2021-12-01 00:00:00,4.0,-1.1558005,-0.72032326,-0.20821084,0.31626382,2.9425435,3.0,3.0,-0.28739506,0.6283346,-0.01768888,-0.51355904,2.0525007,-2.244625,-1.9187955,-1.821754,-1.478406,-1.984263,-1.313844,-0.4736097,-1.7404977,-1.9542173,-1.7325194,2.0332627,1.6273816,0.95105654,0.309017,-0.5,0.8660254,0.0
2021-12-02 00:00:00,4.0,0.7633391,0.4414865,2.1944327,-0.770702,0.24751756,1.0252235,-1.6551129,0.72816014,0.36129117,-0.108602904,-0.5729779,1.5454487,-1.6809647,-1.4742473,-1.7584517,-1.2196041,-1.6710694,-1.0210899,-0.37583232,-1.1835849,-1.5235242,-1.3834035,0.28608507,1.0326418,0.58778524,-0.809017,-2.4492937e-16,1.0,0.0
2021-12-03 00:00:00,4.0,0.5582896,1.720099,-0.64364976,-1.4162313,-0.05582593,1.3209305,0.31995022,-0.62850976,-0.1087478,-0.35737514,-0.7335791,0.78048784,-1.3088232,-1.17536,-1.5755954,-1.0732101,-1.2086408,-1.0519991,-0.1514391,-0.8460188,-1.2371691,-1.1919509,-0.35035503,1.1102986,-0.58778524,-0.809017,-2.4492937e-16,1.0,0.0
2021-12-06 00:00:00,4.0,0.05430952,0.54829895,-0.44821092,1.2618396,0.3623929,1.7632462,0.586108,-0.5077923,-0.27103513,-0.4332023,-0.76570165,0.4864044,-1.2901516,-1.1668879,-1.3456341,-0.1818198,-0.95390964,-0.7163616,-0.34991163,-0.7268934,-1.1683117,-1.2130631,0.5511551,1.278725,-0.95105654,0.309017,-2.4492937e-16,1.0,0.0
2021-12-07 00:00:00,4.0,-1.267715,-0.35599828,2.2463849,-1.0680336,0.04131309,1.0446343,-0.68945986,-1.6630323,-0.046126362,-0.23439932,-0.5626768,0.7024939,-1.7032228,-1.6272317,-1.3087456,-0.43813694,-1.2247798,-1.0077788,-0.78908825,-0.9667972,-1.6055293,-1.7424799,-0.07771087,0.43010798,0.0,1.0,-2.4492937e-16,1.0,0.0
2021-12-08 00:00:00,4.0,2.1928587,1.1542362,-0.86162597,0.22482584,1.1136771,0.57882947,-0.5433782,1.8996296,0.44868836,0.038865514,-0.45519868,1.5755702,-0.31081197,-0.40940386,-0.75874895,1.000369,-0.3250232,-0.41246283,-0.2803924,-0.23479082,-0.4896604,-0.60040784,1.2035084,1.4541817,0.95105654,0.309017,-2.4492937e-16,1.0,0.0
2021-12-09 00:00:00,4.0,0.13507487,-0.8846302,-0.7154023,0.5031641,-0.80162776,0.0045989566,-0.7781254,0.59558976,-0.3087819,-0.38601142,-0.70925736,0.3450393,-0.28096405,-0.38204783,-0.43098664,0.73665965,-0.3292158,-0.56789094,0.13955249,-0.15942813,-0.4487376,-0.6721174,-1.1206831,1.6640373,0.58778524,-0.809017,-2.4492937e-16,1.0,0.0
2021-12-10 00:00:00,4.0,0.96355134,1.0455627,1.0217491,-1.2160829,-0.83938575,-0.033901628,-0.18053557,0.91589767,-0.53433305,-0.5582735,-0.845866,0.044910967,0.21596226,0.08245159,0.034971766,0.9044125,-0.11728633,-0.5380511,-0.010701182,0.17200002,0.028285317,-0.2810619,-1.1471064,1.3432218,-0.58778524,-0.809017,-2.4492937e-16,1.0,0.0
2021-12-13 00:00:00,4.0,-0.7701122,-0.42680347,1.3317333,-0.3863884,0.096151486,-0.54033285,-0.8702201,-0.86153567,-0.5857943,-0.5780803,-0.81595016,-0.106573105,-0.16936733,-0.2707964,0.20976219,0.5618203,0.26395026,-0.84410715,0.056759167,-0.035568517,-0.27521905,-0.69417584,-0.04371542,1.0138077,-0.95105654,0.309017,-2.4492937e-16,1.0,0.0
2021-12-14 00:00:00,4.0,-0.054747682,-1.1854271,0.5315588,-1.3911388,1.1073314,-0.36378974,0.29581532,1.2563899,-0.3459084,-0.43799016,-0.7132448,0.28462562,-0.22938958,-0.3263668,0.31252718,1.0601071,0.43628365,-0.91681063,0.23179345,-0.021152152,-0.20667174,-0.69751835,1.2447609,0.9309562,0.0,1.0,-2.4492937e-16,1.0,0.0
2021-12-15 00:00:00,4.0,-1.0210755,-0.39256936,1.2668917,-0.25076717,-0.23824532,-0.32185292,-0.032701094,-1.2449975,-0.25763327,-0.34710455,-0.6008322,0.322307,-0.6809777,-0.75572014,0.19191475,-0.30314702,0.47761244,-1.4737871,0.30764145,-0.34304026,-0.54078037,-1.162261,-0.41734338,0.96435,0.95105654,0.309017,-2.4492937e-16,1.0,0.0
2021-12-16 00:00:00,4.0,-0.68490183,-1.073006,-0.029573498,-0.55820674,0.85506195,-0.27739093,0.043319445,0.15005992,-0.11742316,-0.23132674,-0.48624158,0.46351093,-0.9596787,-1.0366962,0.0022694198,-0.6476249,0.069665216,-1.567032,0.3845031,-0.5954699,-0.6964011,-1.4511346,1.0520362,0.6460602,0.58778524,-0.809017,-2.4492937e-16,1.0,0.0
2021-12-17 00:00:00,4.0,0.27725026,1.0596211,-0.387006,0.040242124,0.43864134,-0.4523098,-0.31524572,-0.623536,-0.19006701,-0.27376568,-0.5125521,0.34573153,-0.8287396,-0.9250163,-0.05113071,-0.95586723,-0.013383361,-1.1849293,0.21449059,-0.4806178,-0.47617587,-1.3426828,0.833163,0.5438459,-0.58778524,-0.809017,-2.4492937e-16,1.0,0.0
2021-12-20 00:00:00,4.0,-1.0137749,-1.6970778,-1.0392933,-1.0607178,-0.04077325,0.84011275,1.8134091,-0.035929654,-0.32103848,-0.32020712,-0.49709767,0.0591384,-1.1959895,-1.3011358,-0.23955521,-1.0592264,-0.3036151,-1.1899277,0.5971872,-0.87300146,-0.81892085,-1.799756,0.24942832,0.65580666,-0.95105654,0.309017,-2.4492937e-16,1.0,0.0
2021-12-21 00:00:00,4.0,-1.5958438,-1.2788507,-0.3886064,-0.81071204,1.2468967,-0.16246215,-1.0529444,-0.5715857,0.3053484,0.107982524,-0.15147899,0.8589895,-1.650889,-1.8058777,-0.5698271,-1.6960381,-0.37871212,-1.4970907,0.07228661,-1.4027418,-1.2722014,-2.2069695,1.6832889,0.849253,0.0,1.0,-2.4492937e-16,1.0,0.0
2021-12-22 00:00:00,4.0,0.95350736,1.0121962,0.632114,-0.74143815,0.30730203,-0.2201835,-0.14765653,0.32166934,0.16313988,0.01937183,-0.23520903,0.6810302,-1.1180012,-1.3385541,-0.58572567,-0.8536561,-0.8146085,-1.0081741,-0.004935444,-0.8933833,-0.80305845,-1.7895197,0.9365804,1.1865253,0.95105654,0.309017,-2.4492937e-16,1.0,0.0
2021-12-23 00:00:00,4.0,0.56384593,-0.7632389,-0.381367,0.4227464,-0.43039793,-0.9392047,-1.1392425,1.3524127,-0.22337526,-0.21260445,-0.3970625,0.13243376,-0.83555925,-1.0910102,-0.46254745,-0.32764646,-0.7034596,-0.90577084,0.37523732,-0.61528325,-0.5206233,-1.5919237,-0.14270365,1.235637,0.58778524,-0.809017,-2.4492937e-16,1.0,0.0
2021-12-24 00:00:00,4.0,0.40641874,0.5054852,0.48067766,0.59200245,-0.7746102,-0.6603189,0.4651469,0.21986367,-0.7038995,-0.5256777,-0.6108404,-0.54043007,-0.64287883,-0.92378926,-0.26428854,-0.28178903,-0.90448695,-0.859606,0.42303166,-0.4300881,-0.2946763,-1.4926834,-0.545791,1.2322596,-0.58778524,-0.809017,-2.4492937e-16,1.0,0.0
2021-12-28 00:00:00,4.0,0.19301268,-1.396327,-0.8424175,-0.75709474,-0.9595096,-1.6708775,-2.237567,0.9633859,-1.1979035,-0.87987125,-0.8524056,-1.2347499,-0.57182735,-0.8614731,-0.051008295,0.21133582,-0.6096717,-0.26050904,0.13915838,-0.2974669,-0.21252929,-1.4807042,-0.8702158,0.53132594,-0.95105654,0.309017,-2.4492937e-16,1.0,1.0
2021-12-29 00:00:00,4.0,0.30101743,0.118237674,-0.17236218,2.0463758,-0.66684264,-0.27373815,3.0,0.29099587,-1.4848465,-1.1474093,-1.0574626,-1.5579973,-0.43263322,-0.74099034,0.19335312,0.99853075,-0.505384,-0.01481633,0.0070190863,-0.12228271,-0.081582315,-1.3827327,-0.6099106,0.7780185,0.95105654,0.309017,-2.4492937e-16,1.0,1.0
2021-12-30 00:00:00,4.0,-0.6458015,-1.1720318,-1.0156667,-0.17957486,-0.47538647,-1.3008977,-1.485483,-0.17355081,-1.4368783,-1.191723,-1.0898848,-1.4408407,-0.72564334,-0.9980197,0.2377371,0.3380421,-0.37358922,0.13227196,-0.14602913,-0.4618395,-0.43413356,-1.6127993,-0.26037982,0.2494639,0.58778524,-0.809017,-2.4492937e-16,1.0,1.0
2021-12-31 00:00:00,4.0,0.15960978,0.0008578922,1.2880998,0.48374635,-0.27283365,-0.83459634,0.6126808,0.19228452,-1.4959066,-1.3255707,-1.2243532,-1.3997407,-0.6651135,-0.9518196,0.32177842,0.16868716,-0.1153693,-0.03208837,0.43228775,-0.34704462,-0.35843238,-1.4935273,0.011427738,0.66728276,-0.58778524,-0.809017,-2.4492937e-16,1.0,1.0
2022-01-03 00:00:00,4.0,1.1491323,-1.4026858,-0.10001712,-1.5132259,-0.85663116,-1.2465302,-1.153073,2.209975,-0.74593776,-0.9697803,-1.0989543,-0.08337455,0.024946168,-0.37291488,0.5883455,0.46045116,0.12868494,0.096387595,0.6589111,0.25559986,0.25427535,-0.80580086,-0.8322999,0.24467874,-0.95105654,0.309017,-2.4492937e-16,1.0,1.0
2022-01-04 00:00:00,4.0,-0.42987248,-0.9558611,0.10395846,-0.6971708,1.3829887,-1.0595225,0.20207857,0.48434046,-0.34662426,-0.7132177,-0.94808835,0.44892412,-0.21329106,-0.5756659,0.6559232,0.21050309,0.30188876,-0.023298614,0.64999324,0.039331924,0.06349175,-0.855914,1.8042675,0.21124388,0.0,1.0,0.5,0.8660254,0.0
2022-01-05 00:00:00,4.0,0.15719303,-0.5428555,-0.4025626,0.54699796,0.1470773,1.0652304,3.0,0.59040684,-0.5568913,-0.8510801,-1.0672021,0.19348171,-0.16771011,-0.5347994,0.73717463,0.14645839,0.8197048,0.36608756,-0.23283097,0.08065281,0.094306886,-0.7596689,0.51769304,0.90543675,0.95105654,0.309017,0.5,0.8660254,0.0
2022-01-06 00:00:00,4.0,-1.4463233,-1.5406865,-1.0877683,-1.0536541,1.930636,2.598041,1.4505949,0.12986179,0.22192451,-0.29665744,-0.6727164,1.0035967,-0.8097579,-1.0766376,0.4717247,-0.13847144,0.14364366,-0.61559427,-0.92112845,-0.59913063,-0.4646816,-1.1169637,2.0284395,0.40816873,0.58778524,-0.809017,0.5,0.8660254,0.0
2022-01-07 00:00:00,4.0,0.8563218,1.4916687,-0.91659474,-0.02856789,0.82804185,0.8165073,-1.1330767,-0.38804892,0.26084065,-0.2635254,-0.71672374,1.0250655,-0.3604591,-0.6941989,0.46384943,0.11894304,0.20663267,-0.45569226,-1.3012267,-0.16236797,-0.06330081,-0.7663829,1.4938811,0.2883196,-0.58778524,-0.809017,0.5,0.8660254,0.0
2022-01-10 00:00:00,4.0,1.8355497,1.2629242,-0.9701961,0.44506192,0.32273927,1.9128487,1.1360222,1.3317785,0.47850585,-0.1554402,-0.7965923,1.2858015,0.58369815,0.1614463,0.7529357,0.3616708,0.58978206,-0.2969306,-0.35263422,0.9717871,0.75223416,-0.07318558,1.0469897,0.19769195,-0.95105654,0.309017,0.5,0.8660254,0.0
2022-01-11 00:00:00,4.0,1.1448468,1.3398315,-0.44913295,-0.19396473,0.87755126,1.5794225,-0.20682265,0.11421728,0.48568574,-0.12671304,-0.88452977,1.2599205,1.0608981,0.6406213,1.1020055,1.0351315,0.8483749,0.18464269,-0.4886262,1.8059646,1.2130418,0.33995694,1.5710907,0.5361125,0.0,1.0,0.5,0.8660254,0.0
2022-01-12 00:00:00,4.0,0.079560526,0.64664507,1.3925053,-0.19221097,-0.43006307,1.1491508,-0.3886623,-0.4254482,-0.14407797,-0.5173781,-1.1568902,0.5933246,1.0507023,0.6365948,1.3419647,1.0103014,0.78287315,0.21844433,-0.5985722,1.9376937,1.2583296,0.36161745,0.065435,0.48583823,0.95105654,0.309017,0.5,0.8660254,0.0
2022-01-13 00:00:00,4.0,2.6494298,2.159181,-1.0766504,-1.6875409,0.26060262,1.2043148,0.02749978,1.7404493,1.3240267,0.5330385,-0.72038877,2.0418513,2.0600576,1.7651068,1.705117,2.657339,1.730455,1.1417016,-0.1923152,2.9250886,2.162786,1.2916306,0.96032375,0.12131504,0.58778524,-0.809017,0.5,0.8660254,0.0
2022-01-14 00:00:00,4.0,0.21312521,-0.7259491,-1.0443357,0.80104977,-0.40309733,0.72198457,-0.5131431,0.7988454,0.43530822,-0.0061749015,-1.0608141,1.1353158,2.0852451,1.8122855,2.0495422,2.3327992,1.7927196,1.3925897,-0.5765119,2.4136944,2.212494,1.3800403,0.08199401,0.86160403,-0.58778524,-0.809017,0.5,0.8660254,0.0
2022-01-17 00:00:00,4.0,-0.07773082,1.7337935,-1.0155267,-0.7685978,-0.6806871,0.3007806,-0.54325163,-1.3275214,-0.111779444,-0.3790553,-1.2999188,0.5672756,1.9570078,1.7246442,2.1581624,1.5962996,1.4668105,1.3014622,-0.4836306,2.0195436,2.1134608,1.3657207,-0.31903723,0.90791786,-0.95105654,0.309017,0.5,0.8660254,0.0
2022-01-18 00:00:00,4.0,-0.5235502,-0.90129864,-0.6665252,0.08135784,-0.032563955,0.06593468,-0.44809946,0.008506182,-0.44720414,-0.6085406,-1.3888339,0.19055592,1.5816097,1.44283,2.0389862,0.95349914,1.5178792,1.4778216,-0.803075,1.601486,1.8101668,1.1845292,0.4670946,0.52362174,0.0,1.0,0.5,0.8660254,0.0
2022-01-19 00:00:00,4.0,-0.28491428,-0.5969009,0.5403149,-0.32075787,1.0831581,0.055482842,-0.13689962,0.26168555,-0.28159958,-0.46008787,-1.2324489,0.32629052,1.3655483,1.2798132,1.7662665,0.8151336,1.4063077,1.8671814,-0.95025206,1.3577672,1.5384332,1.0817231,1.3536192,0.14429492,0.95105654,0.309017,0.5,0.8660254,0.0
2022-01-20 00:00:00,4.0,0.17907324,-0.36663586,-0.12995625,0.89563596,0.52645355,0.14944087,0.0072064353,0.5850435,-0.4226207,-0.58665204,-1.3029546,0.19866252,1.4134864,1.3318754,1.5473826,-0.19996916,1.9143622,1.6640426,-0.7912279,1.296466,1.5085298,1.1588295,0.86162496,-0.11256916,0.58778524,-0.809017,0.5,0.8660254,0.0
2022-01-21 00:00:00,1.0,3.0,1.955937,-1.0167824,-1.4133536,3.0,1.0377918,1.10275,0.657296,1.8384272,1.141104,-0.32697183,2.4811141,2.4962568,2.5831022,1.6173961,1.0103005,2.5334008,2.2896113,1.0059955,2.1434584,2.4286976,2.1385117,1.980073,-1.4329247,-0.58778524,-0.809017,0.5,0.8660254,0.0
2022-01-24 00:00:00,4.0,0.081108846,0.63406914,-0.65767944,1.5373167,-0.5823084,0.75752556,-0.3234499,-0.35815156,0.6783428,0.37795442,-0.7786973,1.2999079,2.3740897,2.4597201,1.7752886,1.0679309,1.96437,2.1680129,1.1403356,1.8315426,2.2995658,2.1510663,-0.2505997,-1.2641857,-0.95105654,0.309017,0.5,0.8660254,0.0
2022-01-25 00:00:00,4.0,-1.0508833,-0.17562453,1.3610528,0.16784205,-0.8988565,0.08207683,-0.7113309,-1.4574511,0.6470478,0.5141133,-0.47916767,1.1075714,1.6273006,1.8292595,1.5056796,0.8261566,1.2874559,1.8108149,0.9361875,1.3046618,1.6439813,1.7182869,-0.89954776,-1.4888952,0.0,1.0,0.5,0.8660254,0.0
2022-01-26 00:00:00,4.0,-1.4094589,0.08310361,0.6236329,1.4697522,0.22467633,0.4322655,0.2991252,-2.070084,2.0551686,1.8782088,0.83377314,2.1268659,0.84679085,1.1308734,0.9081198,0.32980794,0.8151349,1.3471599,0.6390604,0.74858606,0.8632636,1.1645272,0.92421,-1.039523,0.95105654,0.309017,0.5,0.8660254,0.0
2022-01-27 00:00:00,4.0,0.21253558,-0.17700067,1.0076412,0.49403074,0.20595467,0.06437466,-0.42186257,0.5332152,1.4069109,1.4911218,0.68039995,1.4305384,0.8946319,1.1729362,0.58714294,0.3559376,0.10757596,1.5477884,0.77247673,0.73250055,0.8359368,1.2374823,0.9502483,-0.8029315,0.58778524,-0.809017,0.5,0.8660254,0.0
2022-01-28 00:00:00,4.0,-1.6291071,-0.6052564,-1.0206825,1.2715487,0.36392727,-0.18006583,-0.3030799,-1.728787,2.8585966,2.903026,2.2696366,2.3937776,0.13151251,0.45144293,0.031080011,-1.6804776,-0.48145172,1.0820447,0.15543729,0.08095256,0.10299703,0.7073439,1.2663164,-0.8117234,-0.58778524,-0.809017,0.5,0.8660254,0.0
2022-01-31 00:00:00,4.0,-0.8205201,-1.3458053,-0.5801676,-1.0202959,-0.15402757,-0.4517073,-0.2482286,0.10061316,1.9745599,2.3675485,2.10881,1.4554899,-0.20324275,0.10815418,-0.4530681,-2.013487,-0.7241553,0.58424234,-0.5087332,-0.2621502,-0.26228413,0.46104616,0.71683615,-1.689796,-0.95105654,0.309017,0.5,0.8660254,0.0
2022-02-04 00:00:00,1.0,0.96473825,0.7898722,0.745429,-0.17642027,1.3215137,-1.9763905,-1.303157,0.41176617,1.9454185,2.3102872,2.1185403,1.4413145,0.20402403,0.49735135,-0.60237974,-1.1449138,-0.2634787,0.96009123,0.38454652,0.012117506,0.04224716,0.7611524,1.6965667,-1.118927,0.0,1.0,0.5,0.8660254,0.0
2022-02-07 00:00:00,1.0,2.557325,0.8388506,-0.6025791,0.9093975,0.8482842,-0.3542924,2.0459006,2.9062858,2.8814106,2.9238043,2.554143,2.4165351,1.1755424,1.51345,-0.2486345,0.61505425,0.71259916,1.6248554,1.6248362,0.9594226,0.9031506,1.4860804,1.3649637,-0.76131386,-0.95105654,0.309017,0.8660254,0.5,0.0
2022-02-08 00:00:00,1.0,0.03295863,-0.11897613,-0.85692817,2.2521186,-1.049305,1.0607786,0.8251427,0.13601394,1.4901847,1.9428866,1.8318673,1.0654999,1.1455655,1.467377,-0.06062042,0.5397519,0.67645264,1.916112,1.501759,0.89534414,0.8180925,1.4952958,-0.77452314,-1.2830564,0.0,1.0,0.8660254,0.5,0.0
2022-02-09 00:00:00,1.0,-0.7794947,-0.89818364,-0.99768543,0.46963936,0.33640578,0.48767862,-0.41341475,-0.19371456,1.2972728,1.841436,1.9218311,0.7551148,0.75296223,1.0898386,-0.0880771,0.8782828,-0.55765873,1.4824779,0.8633347,0.41918853,0.39677206,1.2226698,1.1398623,-1.4838759,0.95105654,0.309017,0.8660254,0.5,0.0
2022-02-10 00:00:00,1.0,1.6181818,1.0978389,0.6516437,-0.77563244,-1.3292384,0.953992,0.09269676,1.8310091,1.482306,1.8551489,1.844455,1.0350536,1.2868291,1.6473042,0.15290281,1.9111665,-0.0022485685,1.4912273,1.1925179,1.2083344,0.92607176,1.6539645,-1.1408187,-0.9379099,0.58778524,-0.809017,0.8660254,0.5,0.0
2022-02-11 00:00:00,1.0,0.3182665,-0.46737525,-1.0062069,1.4775498,0.43571964,0.12815882,-0.59267473,0.965488,1.0408965,1.5111077,1.5855486,0.5864526,1.3514146,1.6980731,0.33693078,1.6239723,0.44879636,1.3096005,1.1935681,1.2298539,0.9641213,1.7013862,1.1841079,-0.98573506,-0.58778524,-0.809017,0.8660254,0.5,0.0
2022-02-14 00:00:00,4.0,-0.03050382,0.7125499,0.15755503,0.50927293,-1.1120244,0.97215456,0.34883523,-0.47344413,0.04427652,0.7449389,0.9621305,-0.43849576,1.2974408,1.6252129,0.4383388,0.5152288,0.890583,1.2674997,1.0919498,1.080687,0.8950484,1.6927207,-0.9977187,-0.87235236,-0.95105654,0.309017,0.8660254,0.5,0.0
2022-02-15 00:00:00,4.0,-1.0491079,-1.1352423,-0.83676535,-0.2754185,-0.81819206,-0.15701514,-0.7233965,-0.8943813,0.17775814,0.82642645,1.1575536,-0.36892188,0.76737016,1.1475003,0.2298267,0.040186416,0.4492529,0.40862694,0.2035392,0.4234416,0.40783188,1.3064374,-0.64547306,-1.0703156,0.0,1.0,0.8660254,0.5,0.0
2022-02-16 00:00:00,1.0,-0.57440066,-0.39233848,0.607167,0.19804783,-0.008006755,1.1550074,0.6901466,-0.5047447,-0.057351395,0.62131786,1.0500981,-0.6463123,0.49432006,0.89122474,-0.04898553,0.12598327,0.7839759,0.21176504,0.043239832,0.06913438,0.14139797,1.10013,0.47515532,-1.3160255,0.95105654,0.309017,0.8660254,0.5,0.0
2022-02-17 00:00:00,1.0,1.182762,1.2124945,-0.7297383,0.21125023,-1.4399031,-0.6131107,-0.97555554,1.1774424,-0.27849796,0.29074502,0.63505125,-0.72775686,0.9302463,1.2952887,-0.024275552,-0.06573729,1.4572757,0.538986,1.141132,0.6876988,0.6316086,1.4472549,-1.5144358,-1.2799095,0.58778524,-0.809017,0.8660254,0.5,0.0
2022-02-18 00:00:00,1.0,0.24678303,0.5555536,0.025487375,1.1556159,-0.10752651,-1.1107564,-0.5062874,-0.096015505,-0.5262829,-0.0051931287,0.34277412,-0.91071236,0.9905075,1.3391894,0.01347645,-0.09770248,1.2155306,0.7157798,1.68913,0.74084204,0.69119674,1.4828591,0.33615237,-1.3191612,-0.58778524,-0.809017,0.8660254,0.5,0.0
2022-02-21 00:00:00,1.0,-1.4233143,-1.0624876,0.35945252,-1.19423,1.011517,-0.86968374,0.037311133,-0.8692915,0.14018911,0.50217474,0.90791214,-0.30160993,0.321958,0.73746985,-0.28778765,-0.73543924,-0.16218339,0.4004989,1.0995489,-0.12031766,-0.009914664,0.93280065,1.5232415,-1.3068532,-0.95105654,0.309017,0.8660254,0.5,0.0
2022-02-22 00:00:00,4.0,-0.4768869,0.643814,0.35887676,0.612044,-1.008814,-0.96251833,-0.24378125,-1.1820639,-0.19169198,0.24381468,0.733956,-0.65845436,0.10948232,0.53547424,-0.59715587,-0.48869228,-0.3415063,0.23685454,1.2855884,-0.4305026,-0.2597542,0.7567354,-1.1518418,-1.257135,0.0,1.0,0.8660254,0.5,0.0
2022-02-23 00:00:00,4.0,-1.9746403,-0.53083754,0.35192075,0.1731959,1.3919625,0.021122683,0.5633605,-2.3214314,1.9435056,1.9528079,2.3280094,1.1954786,-0.60142887,-0.17454885,-1.0666618,-1.1743549,-0.792262,-1.0043609,0.20455238,-1.3571554,-0.9459875,0.13154726,1.3628243,-0.43018788,0.95105654,0.309017,0.8660254,0.5,0.0
2022-02-24 00:00:00,4.0,0.49847242,0.4896169,0.8393112,0.6593542,-1.0053538,-1.25378,-0.97760063,0.40867525,0.71365196,1.0955862,1.6010592,0.022350501,-0.40083063,-0.0027722735,-1.3432229,-1.4589897,-1.1588119,-0.8817209,0.36286998,-0.98377526,-0.7326492,0.25364974,-1.0716865,-0.6387844,0.58778524,-0.809017,0.8660254,0.5,0.0
2022-02-25 00:00:00,4.0,-2.330839,-1.0516334,-0.07517476,-0.74236035,2.0445688,1.6866748,2.6326866,-1.9086673,2.7982488,2.823154,3.0,1.7063419,-1.0807095,-0.73876745,-1.6598583,-2.5723438,-2.0674596,-1.2749552,0.14117776,-1.718822,-1.4304739,-0.36171123,1.5612025,-1.4009796,-0.58778524,-0.809017,0.8660254,0.5,0.0
2022-02-28 00:00:00,4.0,-0.3758609,-0.6680815,1.3083459,-0.9591449,-0.28176162,0.75729716,-0.5615905,-0.03486676,1.7999609,2.1937423,2.6717355,0.7138328,-1.1970791,-0.8671226,-2.009625,-2.0757556,-2.1437654,-1.045832,0.26232383,-1.5358286,-1.5832661,-0.50943696,-0.072073504,-1.6547221,-0.95105654,0.309017,0.8660254,0.5,0.0
2022-03-01 00:00:00,4.0,-0.13618809,-0.3400888,-1.0866889,1.8749906,0.518557,1.2583153,0.18177252,0.17574835,1.4593395,1.9411297,2.4483643,0.35477743,-1.2698375,-0.93789166,-2.136526,-1.9080775,-1.8691746,-1.1321683,0.76953983,-1.3542634,-1.5971342,-0.57135606,1.0621295,-1.5809214,0.0,1.0,0.8660254,0.5,0.0
2022-03-02 00:00:00,4.0,0.20775627,0.28053617,1.8580663,0.3521407,-0.095477626,-0.56398964,-1.0939215,0.0639153,0.89588004,1.4933846,2.058405,-0.18470408,-1.1993572,-0.88316053,-2.1182852,-0.9593892,-1.6232328,-0.6899353,0.5159403,-1.151151,-1.5227892,-0.5556095,0.22601274,-1.7468449,0.95105654,0.309017,1.0,6.123234e-17,0.0
2022-03-03 00:00:00,4.0,-1.2872446,-0.8700034,0.89724356,-1.1942831,0.5011562,0.18274671,0.4822946,-1.0193384,1.1050406,1.6672113,2.2469015,-0.086582005,-1.5296516,-1.2612698,-2.1472857,-1.7278392,-2.3986597,-0.84882057,-0.5032661,-1.3341434,-1.9413493,-0.92796516,1.0204686,-1.7997527,0.58778524,-0.809017,1.0,6.123234e-17,0.0
2022-03-04 00:00:00,4.0,0.47370365,0.61166817,1.4857414,-0.055675313,-1.6117731,-0.45846465,-0.46990615,0.3749634,-0.0011372042,0.808801,1.552033,-1.1358829,-1.3066726,-1.0848591,-2.107057,-0.49094296,-2.239646,-0.9455827,-0.26819098,-1.0694402,-1.8035545,-0.8941689,-1.7353475,-2.1408396,-0.58778524,-0.809017,1.0,6.123234e-17,0.0
2022-03-07 00:00:00,5.0,-1.7587323,0.491032,2.476847,-0.63584244,-1.3034691,0.5519064,0.52382255,-2.862567,1.213121,1.6617199,2.23005,-0.015639363,-1.7278991,-1.5701759,-2.03216,-1.101546,-2.310882,-2.0237052,-0.698341,-1.2825136,-2.1822922,-1.3309228,-1.5714651,-2.2893832,-0.95105654,0.309017,1.0,6.123234e-17,0.0
2022-03-08 00:00:00,5.0,-2.6304889,-0.77044445,-0.9438888,0.53212696,1.4026247,1.9736373,0.77275586,-2.7612445,3.0,3.0,3.0,2.270502,-2.099521,-2.0940533,-1.9718244,-2.1595626,-2.8370275,-2.6018693,-3.0,-1.4959153,-2.3716593,-1.6420729,1.4438509,-0.96228707,0.0,1.0,1.0,6.123234e-17,0.0
2022-03-09 00:00:00,5.0,-0.809693,-0.71992195,0.74049836,-0.7791423,2.1821182,1.5108279,-0.24462031,0.14477277,3.0,3.0,3.0,2.1337216,-2.1153107,-2.1621072,-2.011643,-2.4702637,-2.3846414,-2.4945636,-3.0,-1.3401492,-2.2643719,-1.6974914,1.5056025,-0.8688611,0.95105654,0.309017,1.0,6.123234e-17,0.0
2022-03-10 00:00:00,5.0,-0.28076226,-0.19208345,-0.23233548,1.2610668,2.4644783,1.7688284,0.1753527,0.30023137,3.0,3.0,3.0,2.4569037,-2.0567946,-2.1220999,-1.8315815,-2.0111248,-2.4688513,-2.7345247,-3.0,-1.1670318,-1.9279782,-1.5475153,1.5143434,-1.4370304,0.58778524,-0.809017,1.0,6.123234e-17,0.0
2022-03-11 00:00:00,5.0,1.0491524,-0.8094529,-1.0316677,0.41943774,0.0026936224,0.35859093,-0.86774534,2.2679343,2.8658211,3.0,3.0,1.6153421,-1.5936078,-1.7153397,-1.6118227,-1.7270199,-1.5089873,-2.4299269,-2.7177236,-0.8868854,-1.5233121,-1.3431627,0.5976263,-1.1697317,-0.58778524,-0.809017,1.0,6.123234e-17,0.0
2022-03-14 00:00:00,5.0,-0.95243096,0.52404135,0.76484567,0.87486714,1.379266,0.72569036,0.13520178,-1.9483548,3.0,3.0,3.0,1.8577045,-1.6860977,-1.8343103,-1.36983,-1.4201379,-1.6390252,-2.4983006,-2.8994856,-0.9077142,-1.4753722,-1.3914706,1.3530756,-0.8679704,-0.95105654,0.309017,1.0,6.123234e-17,0.0
2022-03-15 00:00:00,5.0,-3.0,-1.4468123,-1.1163111,-1.0961522,1.4982871,1.6731942,0.7269806,-1.5752225,3.0,3.0,3.0,2.580041,-1.9706395,-2.224738,-1.3333853,-1.6688609,-2.3933318,-2.8132741,-3.0,-1.1599048,-1.7681037,-1.6858501,1.358301,-0.6700333,0.0,1.0,1.0,6.123234e-17,0.0
2022-03-16 00:00:00,5.0,-3.0,-0.633945,1.2542044,-1.0391313,2.223358,2.322397,0.9876475,-2.650079,3.0,3.0,3.0,3.0,-2.1378105,-2.4921505,-1.4232434,-2.6574333,-3.0,-3.0,-3.0,-1.3170806,-1.95896,-1.890883,1.3745514,-1.7694796,0.95105654,0.309017,1.0,6.123234e-17,0.0
2022-03-17 00:00:00,5.0,3.0,1.7176007,-0.9723129,-0.5994215,2.305759,1.4910573,-0.4257079,2.5017772,3.0,3.0,3.0,3.0,-0.6526837,-1.0114472,-0.86702454,-0.30014074,-1.344014,-2.1526287,-2.0190604,-0.57515794,-0.6474051,-0.80702853,1.3331045,-0.08774235,0.58778524,-0.809017,1.0,6.123234e-17,0.0
2022-03-18 00:00:00,2.0,3.0,0.4244165,-1.100554,2.4713976,0.17153805,0.89052826,-0.4999472,3.0,3.0,3.0,3.0,3.0,0.17605199,-0.07469097,-0.24048749,1.062512,-0.3205641,-1.33242,-0.28306356,0.041306626,0.16207843,-0.15700296,1.0333248,0.48457673,-0.58778524,-0.809017,1.0,6.123234e-17,0.0
2022-03-21 00:00:00,5.0,-0.1390141,0.70078194,0.78598195,0.22586283,0.1717049,0.62370455,-0.31924528,-0.8861166,2.8688297,3.0,3.0,2.0544715,0.11508331,-0.13519822,0.12465112,1.3172332,0.023341322,-1.1403447,0.04670106,0.03460075,0.16749226,-0.22380948,1.0772303,0.4638033,-0.95105654,0.309017,1.0,6.123234e-17,0.0
2022-03-22 00:00:00,2.0,-0.33935755,-1.4438924,-1.0769418,-0.99486756,0.12056684,-0.8192559,-1.4149231,1.2182462,2.3451576,2.734923,2.8411863,1.3508164,0.008916862,-0.24063492,0.3471763,2.2191727,0.50513417,-1.1467595,-0.3541341,-0.015841149,0.12927727,-0.3305202,1.0514172,0.503631,0.0,1.0,1.0,6.123234e-17,0.0
2022-03-23 00:00:00,2.0,1.3932958,1.9425373,-0.90420145,-1.3734496,-0.13866669,-0.698796,0.08713654,0.25425664,1.7988548,2.261394,2.433875,0.7891969,0.37070134,0.16601212,0.6576187,3.0,1.1963543,-0.45811766,0.19313696,0.37558442,0.50356317,-0.06877444,0.7130232,0.55933154,0.95105654,0.309017,1.0,6.123234e-17,0.0
2022-03-24 00:00:00,5.0,0.55749875,0.4814479,2.3641045,-0.61400163,-0.7084155,-0.61363244,0.057097048,0.5460007,1.314101,1.8680962,2.1267195,0.16989163,0.49510816,0.31081486,0.9355909,2.0621908,1.4407228,-0.3861593,0.3683334,0.58032084,0.68648696,0.019878447,0.27213782,0.60930824,0.58778524,-0.809017,1.0,6.123234e-17,0.0
2022-03-25 00:00:00,5.0,-0.36994258,-0.17191847,2.591707,-1.0812956,-0.9652955,-0.933162,-0.60145897,-0.5015402,0.8160818,1.5000758,1.8784108,-0.6013971,0.3608625,0.1850241,1.0906382,0.5067365,1.0605078,-0.11186108,0.13821594,0.48131955,0.61117136,-0.12849961,-0.8167211,0.8234917,-0.58778524,-0.809017,1.0,6.123234e-17,1.0
2022-03-28 00:00:00,5.0,-1.0170503,-0.8184043,0.6194597,-0.8812335,-0.15972787,-0.95498794,-0.2188238,-0.6696725,0.81936246,1.4685258,1.8857182,-0.6907632,0.052525707,-0.10800165,0.9861974,0.09951095,0.8999162,-0.329183,-0.4420381,0.17885607,0.3216447,-0.41866475,0.6683416,0.9071001,-0.95105654,0.309017,1.0,6.123234e-17,1.0
2022-03-29 00:00:00,5.0,0.6047366,1.0421518,-0.12266149,0.059858195,-0.3789412,-1.0635787,-0.37781093,0.019149354,0.65464675,1.2629215,1.6906494,-0.8717698,0.21081533,0.058067035,0.97626567,0.53210855,1.8076979,-0.14217179,0.017624015,0.39363793,0.51665115,-0.28083977,0.4806882,0.9493408,0.0,1.0,1.0,6.123234e-17,1.0
2022-03-30 00:00:00,5.0,0.51577115,1.5422934,-0.8116893,-0.61669403,-1.352841,-1.0648979,-0.09594732,0.2276272,0.17789252,0.8697244,1.3781238,-1.5713407,0.34369513,0.1976172,1.0725696,0.13527502,2.6416223,-0.033546332,0.23849504,0.5943064,0.7190885,-0.19302319,-1.7443781,1.1471089,0.95105654,0.309017,1.0,6.123234e-17,1.0
2022-03-31 00:00:00,5.0,0.6284987,0.8064047,1.2910349,-0.83095574,-0.9661424,-0.77967453,0.4103451,0.50843954,0.031131754,0.6654419,1.1841207,-1.6565796,0.5152888,0.37662706,1.1674412,0.17224677,1.5491325,0.34475076,0.27964205,0.8039176,0.940187,-0.007096511,-0.6363725,1.2711717,0.58778524,-0.809017,1.0,6.123234e-17,1.0
2022-04-01 00:00:00,5.0,-0.4157085,-1.4430009,-1.0296406,-0.6918296,-1.0291265,-1.2055608,-0.72811264,0.07019098,-0.16383024,0.47701707,1.0516644,-1.891591,0.34823433,0.22840184,1.1538025,0.1483345,0.45430136,0.15467855,0.1741315,0.65066296,0.81100726,-0.18217842,-0.7783987,1.3246094,-0.58778524,-0.809017,1.0,6.123234e-17,1.0
2022-04-04 00:00:00,2.0,0.122596845,1.4454627,-1.0101192,-0.3729927,-0.6922849,-1.3416497,-0.57305664,-0.9221834,-0.18621175,0.37269726,0.94482625,-1.7746663,0.3656814,0.24460624,1.0922607,0.6732591,0.5368873,0.47384387,0.200819,0.65642756,0.8358387,-0.14950725,0.31804058,1.2473935,-0.95105654,0.309017,0.8660254,-0.5,0.0
2022-04-06 00:00:00,5.0,0.90094405,1.346186,-0.7409547,-0.4999384,-0.8782968,-1.2760488,-0.22554252,0.559935,-0.23955202,0.22851613,0.77389747,-1.6490757,0.64220816,0.52272,1.1517621,0.80855113,0.9271211,1.1477548,0.9822363,0.87326574,1.1197386,0.18371217,-0.16610615,0.7057531,0.0,1.0,0.8660254,-0.5,0.0
2022-04-07 00:00:00,4.0,-0.77419156,-1.1436261,-0.46681142,-0.36175278,-1.2201488,-0.59096843,1.4986631,-0.8273252,-0.20854726,0.2106717,0.7678246,-1.5305967,0.3209269,0.24931152,1.0045539,0.211343,0.23967838,1.0600467,0.40185228,0.509359,0.7346822,-0.11228651,-1.6081799,0.782877,0.58778524,-0.809017,0.8660254,-0.5,0.0
2022-04-08 00:00:00,4.0,-0.47559407,-0.36867028,2.5131547,-1.3951888,-0.5349427,-0.9842658,-0.96914977,-0.4879159,-0.2226168,0.15992135,0.72582126,-1.4717822,0.13351025,0.083799616,0.7911775,-0.2979773,-0.08860492,0.96960616,-0.25103924,0.2849597,0.48078144,-0.28941494,0.14526847,1.1117246,-0.58778524,-0.809017,0.8660254,-0.5,0.0
2022-04-11 00:00:00,5.0,0.18217178,1.383742,-1.0226418,-0.11757107,-0.9091134,-1.13487,-0.67298925,-0.39784503,-0.42652017,-0.033953898,0.5582555,-1.6713595,0.18648456,0.1281684,0.67767495,-0.02239998,0.08661086,0.84242684,-0.41331387,0.31187668,0.5186608,-0.22921878,-1.0266057,1.2045445,-0.95105654,0.309017,0.8660254,-0.5,0.0
2022-04-12 00:00:00,5.0,-1.2224314,-1.5632428,-0.9899518,-1.0245122,-0.2133503,-0.8066569,0.6203843,-0.518376,-0.037917614,0.2004946,0.73506653,-1.0347735,-0.2491306,-0.2537528,0.29864597,-0.65069294,0.012750549,0.66682035,-1.045406,-0.16113979,-0.054092705,-0.6553887,0.4801863,1.4198992,0.0,1.0,0.8660254,-0.5,0.0
2022-04-13 00:00:00,4.0,0.31929705,0.28191918,0.85384595,0.93997145,-0.24311389,-0.75553393,-0.20990257,0.27347147,-0.037982263,0.15966155,0.66434443,-0.9332032,-0.13622798,-0.15702671,0.12446605,-0.9277425,-0.07841756,1.279656,-1.4668549,-0.12964214,-0.014171583,-0.50394577,0.4194461,1.0876178,0.95105654,0.309017,0.8660254,-0.5,0.0
2022-04-14 00:00:00,4.0,0.20593718,1.0251068,0.9498055,-1.0722208,-0.5666662,-0.95720905,-0.70517623,-0.33171862,-0.19786786,0.023177678,0.5394682,-1.0906427,-0.065504506,-0.09888588,0.046009313,-0.47510323,-0.17940801,1.8968427,-1.389487,-0.3705962,-0.076656744,-0.43481115,-0.40616646,2.633041,0.58778524,-0.809017,0.8660254,-0.5,0.0
2022-04-19 00:00:00,4.0,0.37529323,0.60834163,0.43381053,0.50199383,-1.3340502,-0.92043924,-0.071327865,0.32742926,-0.51188916,-0.230167,0.32764068,-1.4704093,0.08713536,0.025492765,0.06377577,-0.07357512,-0.2622987,1.0109786,-1.1770252,-0.38613546,-0.006352202,-0.32420608,-1.58485,1.5921746,-0.58778524,-0.809017,0.8660254,-0.5,0.0
2022-04-20 00:00:00,4.0,-0.87858295,-0.43081626,0.3513953,0.43148732,-0.90136474,-0.25887758,0.9181045,-1.1959572,-0.24856485,-0.078461185,0.43462878,-1.0233802,-0.2671765,-0.26326707,-0.10338322,-0.58115965,-0.4180496,0.034194104,-1.458836,-1.2497174,-0.40752554,-0.64669156,-1.1781766,0.26203385,0.95105654,0.309017,0.8660254,-0.5,0.0
2022-04-21 00:00:00,4.0,-0.068418875,-0.077200055,2.4621172,-0.90010977,-0.6542573,-0.9418616,-0.6971914,-0.09752081,-0.42333204,-0.22142164,0.31514087,-1.2173573,-0.3095108,-0.298591,-0.23198703,-0.025392884,-0.48207867,0.051168416,-1.406847,-1.2137339,-0.47639495,-0.6894305,-1.0371336,0.3857387,0.58778524,-0.809017,0.8660254,-0.5,0.0
2022-04-22 00:00:00,4.0,-0.42568767,-0.36761415,0.42573595,0.49208665,0.08222134,-0.025702829,0.5095649,-0.42785755,-0.3801197,-0.21814688,0.30542412,-1.0958917,-0.48075643,-0.4409865,-0.38724935,-0.38187844,-0.92179847,0.024954094,-1.6050705,-1.4201634,-0.6885951,-0.83529437,-0.023937382,0.63453627,-0.58778524,-0.809017,0.8660254,-0.5,0.0
2022-04-25 00:00:00,5.0,0.04536644,1.6136878,-0.4721476,-1.0385371,0.8207019,0.35456163,0.08186604,-1.2130843,-0.2812451,-0.18700375,0.29046595,-0.86837935,-0.4873598,-0.44249642,-0.44913566,-0.45951414,-0.65856844,-0.3194307,-2.1610878,-1.205037,-0.6310172,-0.76244974,0.47365275,-0.15022382,-0.95105654,0.309017,0.8660254,-0.5,0.0
2022-04-26 00:00:00,5.0,-1.4522513,-1.5645254,-1.1140542,-0.89173645,0.5929007,1.7437209,0.70805365,-0.9801509,0.28389153,0.22328396,0.6079292,-0.15297654,-0.9872565,-0.8748023,-0.6784977,-1.3221729,-0.99156934,-0.8489463,-2.6557107,-1.7224603,-1.1090294,-1.1555796,0.29482758,-0.34829596,0.0,1.0,0.8660254,-0.5,0.0
2022-04-27 00:00:00,4.0,0.290254,-0.13659127,2.0440886,-0.7676941,-0.16900915,0.79676646,-0.5626574,0.50417435,0.056595538,0.08040229,0.484461,-0.41640127,-0.87341917,-0.78640074,-0.79698205,-0.7653047,-0.9536138,-0.6805053,-2.2372117,-1.2592553,-0.9698769,-1.0415603,-0.37869936,-0.63799286,0.95105654,0.309017,0.8660254,-0.5,0.0
2022-04-28 00:00:00,4.0,0.1634893,1.2874455,0.18844624,-0.9449222,-0.16726594,0.28590468,-0.40910554,-0.5832839,-0.12266012,-0.046248212,0.37230423,-0.6128177,-0.82879126,-0.74882966,-0.8035401,-0.65403336,-0.48476282,-0.37286517,-1.8498496,-0.9877107,-0.90260935,-0.96795446,-0.58278155,-0.27201942,0.58778524,-0.809017,0.8660254,-0.5,0.0
2022-04-29 00:00:00,5.0,0.8227619,1.0567642,-0.91724586,0.78613305,-0.5599228,0.014650137,-0.28811482,0.6644823,-0.35547298,-0.24847445,0.17009206,-0.8272711,-0.3523356,-0.40977114,-0.6043481,-0.06156751,-0.31320447,-0.31440452,-1.5474905,-0.51173043,-0.5216006,-0.62613153,-1.044772,0.24152926,-0.58778524,-0.809017,0.8660254,-0.5,0.0
2022-05-03 00:00:00,5.0,1.7152628,1.4851902,-0.71994317,-0.6461757,3.0,1.0320543,0.595582,0.07265595,0.37646154,0.166133,0.32732868,0.3728123,0.5715234,0.31514993,0.0156016685,0.74943614,0.21143451,0.02163932,-0.5673634,0.35010216,0.40072846,0.30671543,1.1674289,-1.8756561,-0.95105654,0.309017,0.8660254,-0.5,0.0
2022-05-04 00:00:00,5.0,0.10058996,0.5717329,0.28903982,0.5172981,0.7214977,-1.1543021,-1.384329,-0.40408847,0.38470638,0.21316794,0.35026345,0.36415744,0.57276547,0.32329324,0.34491983,1.4674733,0.12007116,-0.11929027,-0.37101486,0.4087826,0.45508027,0.3849949,0.6702625,-1.7736093,0.95105654,0.309017,0.5,-0.8660254,0.0
2022-05-05 00:00:00,5.0,-0.36928645,-1.0823684,-0.70991343,0.09149722,-0.81218374,-2.0961175,-1.345941,-0.13169195,0.04146742,0.029918436,0.2452841,-0.13937853,0.33982995,0.16012403,0.48324743,1.143989,0.2895529,-0.110430144,-0.6985946,0.210472,0.28893358,0.24156477,-1.2227563,-1.995587,0.58778524,-0.809017,0.5,-0.8660254,0.0
2022-05-06 00:00:00,5.0,-0.03682942,-1.3493373,0.03557741,-1.5102483,0.18447559,-0.7046315,2.0763717,1.0527284,-0.009498468,0.0013070548,0.21791981,-0.19694717,0.28418612,0.12719569,0.5457905,1.0437765,0.30112198,-0.15533055,-1.2320615,0.20290598,0.28873092,0.25842014,0.3433359,-1.8153732,-0.58778524,-0.809017,0.5,-0.8660254,0.0
2022-05-10 00:00:00,5.0,-1.4689075,-1.4837549,-0.65072036,-1.2539005,-0.49786368,-0.15081078,0.4643731,-1.4453117,0.4375113,0.37223107,0.5465707,0.25902304,-0.39554054,-0.4017641,0.28017062,-0.026549397,-0.06374035,-0.8251872,-1.7878656,-0.6380025,-0.2625589,-0.25111595,-0.74593556,-1.9406134,-0.95105654,0.309017,0.5,-0.8660254,0.0
2022-05-11 00:00:00,5.0,-0.6216704,1.1892065,-0.10184299,-0.5404986,0.42725486,1.1681538,1.038756,-2.0312433,0.7501465,0.6484794,0.7778776,0.5442662,-0.6426293,-0.61527324,0.024239153,-1.1215553,-0.29557496,-0.79311293,-1.8347244,-0.9216162,-0.40718505,-0.3921153,0.50533915,-1.9867059,0.95105654,0.309017,0.5,-0.8660254,0.0
2022-05-12 00:00:00,5.0,0.5594023,1.0696967,0.8869204,-1.3194278,0.49121302,-0.43472934,-1.1826587,-0.19514301,0.6236739,0.5860763,0.7165359,0.40785637,-0.36701354,-0.40095207,-0.034197878,-0.91446227,0.39173245,-0.5062194,-1.9118702,-0.54570067,-0.14316352,-0.14732711,0.5885705,-1.9553915,0.58778524,-0.809017,0.5,-0.8660254,0.0
2022-05-13 00:00:00,5.0,-0.766231,-0.7953421,0.9692564,-1.1102213,-0.47507432,0.13887186,0.4564231,-0.63687456,0.45680246,0.5401349,0.74677837,0.10954082,-0.6766683,-0.6718157,-0.19629864,-1.1045783,0.02660523,-0.78652996,-2.1949193,-0.93925565,-0.42030823,-0.47227624,-0.60578996,-1.908804,-0.58778524,-0.809017,0.5,-0.8660254,0.0
2022-05-16 00:00:00,5.0,1.2340766,1.7415085,-0.7578595,-1.4506027,-0.73665136,-0.24025346,-0.42744467,0.97506666,0.2693298,0.3655072,0.55611247,-0.014380563,0.026376357,-0.11244443,-0.06279106,-0.49664465,0.40926963,-0.0691679,-1.7181516,-0.1237358,0.11045119,0.06959145,-1.274687,-1.4020095,-0.95105654,0.309017,0.5,-0.8660254,0.0
2022-05-17 00:00:00,5.0,0.24773374,-0.7889256,-0.6809676,0.86929154,-0.32300106,-0.7566782,-0.6058278,0.91956747,0.0011674938,0.16840546,0.40688226,-0.3205245,0.11341231,-0.032594286,0.0735962,0.31695962,0.21547896,-0.08713686,-1.4164723,0.040995583,0.21218862,0.16600247,-0.40169904,-1.3627388,0.0,1.0,0.5,-0.8660254,0.0
2022-05-18 00:00:00,5.0,1.4087727,1.6765997,-0.8924836,-1.2543052,-0.122942805,0.03120967,0.7287549,0.9272751,0.05594692,0.124136806,0.2797826,-0.10703068,0.8899262,0.6480232,0.43827635,1.2819344,0.12306085,0.28763726,-0.79864454,1.0446931,0.85519385,0.9295983,-0.17424458,-0.8167652,0.95105654,0.309017,0.5,-0.8660254,0.0
2022-05-19 00:00:00,5.0,0.20336667,-0.13732491,-0.5925128,2.5116081,-0.76689154,-0.5433436,-0.5622428,0.39299315,-0.3028937,-0.14501183,0.0720284,-0.53217804,0.95737964,0.72835904,0.7101185,1.1077834,0.16316643,0.24252602,-0.9540442,1.2288734,0.95348066,1.061579,-1.3756342,-0.8195074,0.58778524,-0.809017,0.5,-0.8660254,0.0
2022-05-20 00:00:00,5.0,-0.8927565,-0.094039634,0.60245997,1.3268787,-0.63664234,-0.17713872,0.19650137,-1.2906954,0.020367596,0.09914592,0.30392328,-0.17781906,0.4328844,0.3219123,0.6523,1.0269822,-0.034903854,0.22563848,-1.3350725,0.43011802,0.5076394,0.6356048,-0.901613,-0.55542,-0.58778524,-0.809017,0.5,-0.8660254,0.0
2022-05-23 00:00:00,5.0,1.2684014,1.2034341,-0.20635742,-0.682139,-0.48601878,-0.11055424,-0.043305952,1.2321848,0.053280666,0.055064753,0.17730458,-0.010938303,1.1034381,0.9644582,0.823665,1.0504224,0.45590383,0.65137583,-0.5963924,1.4966216,1.0561458,1.4163972,-0.76168704,-0.44763324,-0.95105654,0.309017,0.5,-0.8660254,0.0
2022-05-24 00:00:00,5.0,-0.36684477,-0.73738635,-0.66084385,0.99966896,-0.67737776,-1.0562605,-0.93326634,-0.15292968,-0.1748197,-0.08789892,0.098427065,-0.31500873,0.8360402,0.75922656,0.84697324,0.7586158,0.8426825,0.6628905,-0.6531445,1.0462124,0.8321892,1.1652057,-1.1128639,-0.64450425,0.0,1.0,0.5,-0.8660254,0.0
2022-05-25 00:00:00,5.0,-0.6003061,-1.0671808,-0.3157685,-0.29223895,0.17331971,-0.7090035,0.17167163,0.00054533157,-0.17175333,-0.073219694,0.14805338,-0.33937448,0.4639189,0.44467056,0.69551235,-0.17938878,0.83722746,0.45770967,-0.4832105,0.41960597,0.5016094,0.73608154,0.27019238,-0.60033804,0.95105654,0.309017,0.5,-0.8660254,0.0
2022-05-26 00:00:00,4.0,0.22361873,0.37497118,1.9028614,-0.66828835,-0.7837206,-0.07591863,0.41999456,0.16571221,-0.53224283,-0.37508178,-0.11937999,-0.72312677,0.5279059,0.51399297,0.6278349,-0.16909145,0.71841735,0.95473546,-0.5057324,0.47953075,0.5243354,0.7823148,-1.5538871,-0.39600456,0.58778524,-0.809017,0.5,-0.8660254,0.0
2022-05-27 00:00:00,5.0,-0.023163605,-0.7378631,-1.094895,1.498302,-0.39170876,-0.55291724,-0.5877165,0.44378793,-0.6645111,-0.52491814,-0.27078882,-0.8396108,0.45149902,0.453063,0.54240716,0.24116486,0.9793941,0.85633194,-0.019840384,0.3299511,0.43366858,0.6831816,-0.7277212,-0.38977078,-0.58778524,-0.809017,0.5,-0.8660254,0.0
2022-05-30 00:00:00,4.0,1.2015294,0.34498963,0.22704476,1.1598217,-0.7934717,1.1447846,1.5574979,1.6960998,-0.4577219,-0.486592,-0.3855513,-0.4163416,1.1149542,1.0594398,0.6851225,0.20814672,0.97694874,1.1704472,0.54199904,1.3404105,0.9591722,1.4541782,-1.5393301,-0.03708201,-0.95105654,0.309017,0.5,-0.8660254,0.0
2022-05-31 00:00:00,4.0,0.85798943,1.2235705,-0.38019648,-0.6265384,-0.7612611,1.1533252,-0.03224758,0.7806224,-0.5724854,-0.6418967,-0.62885743,-0.45004177,1.4925822,1.4354192,0.94296217,0.80316246,1.1962537,1.1832323,0.92881626,1.9034092,1.3108206,1.8864386,-1.4800894,0.0042522866,0.0,1.0,0.5,-0.8660254,0.0
2022-06-01 00:00:00,4.0,0.582464,1.41819,-1.0771753,-0.4602354,-0.19399731,2.619468,2.005009,0.046416853,-0.7719214,-0.8525327,-0.9122885,-0.6199718,1.6867926,1.6413809,1.214986,1.3566566,0.8979286,0.8527152,1.130944,2.167332,1.5636505,2.0877802,-0.5203756,0.93765664,0.95105654,0.309017,0.5,-0.8660254,0.0
2022-06-02 00:00:00,4.0,-0.19197923,-0.8469056,-0.9713852,1.3094026,-1.13376,-0.24027462,-2.0864925,0.067425385,-1.0422544,-1.092792,-1.1728148,-0.95494765,1.4746537,1.4634415,1.3355488,1.1537206,0.7594881,0.7608737,1.3309053,1.8317891,1.4423691,1.8375562,-1.4642403,0.9336625,0.58778524,-0.809017,1.2246469e-16,-1.0,0.0
2022-06-06 00:00:00,1.0,-0.3568497,0.15478812,-0.35664463,2.2144814,-1.3105644,-0.74256694,-0.63376004,-0.568564,-1.0411837,-1.1399252,-1.2767096,-0.9096253,1.1609251,1.2122856,1.2136054,0.98669904,0.9557545,0.7559103,1.0828248,1.4073371,1.1687504,1.5039045,-1.5322266,1.0473019,-0.58778524,-0.809017,1.2246469e-16,-1.0,0.0
2022-06-07 00:00:00,1.0,1.0686777,0.96378577,-0.7395459,0.38685894,1.9272809,-0.0409064,0.8788013,0.6491581,-0.77658415,-1.0392789,-1.3769048,-0.3974638,1.6403087,1.6700411,1.2531099,0.9243846,0.88963187,1.0843916,1.8766212,1.9386741,1.6419306,2.1017332,0.9286624,1.0299722,0.0,1.0,1.2246469e-16,-1.0,0.0
2022-06-08 00:00:00,4.0,-0.24419934,-0.3071666,1.2178026,0.44591552,-0.34641567,-0.18775928,-0.27377465,-0.1748609,-0.91385734,-1.1440883,-1.5033396,-0.5870277,1.4454058,1.5071269,1.2407516,0.41357145,0.9564712,1.428929,2.2673168,1.5471827,1.4441676,1.9005823,-0.7311988,0.83988833,0.95105654,0.309017,1.2246469e-16,-1.0,0.0
2022-06-09 00:00:00,4.0,0.8556391,1.145956,-0.31608105,-0.68250257,-0.40356216,1.1982249,1.4475864,0.7763036,-0.83071315,-1.134392,-1.6140876,-0.3691965,1.8282961,1.8801636,1.335689,0.54897743,1.5098836,1.8335713,2.6010728,1.8246692,1.7987922,2.3813508,-0.9843963,0.587905,0.58778524,-0.809017,1.2246469e-16,-1.0,0.0
2022-06-10 00:00:00,4.0,-0.30691534,-1.2145225,-0.76709837,0.13569328,0.396626,0.48432618,-0.65875995,0.3333812,-0.86990553,-1.1508569,-1.6215687,-0.4402498,1.5999861,1.6973212,1.2794355,0.5044099,1.3335047,1.5911851,2.4230711,1.4397917,1.5129236,2.144593,0.077373914,0.8337531,-0.58778524,-0.809017,1.2246469e-16,-1.0,0.0
2022-06-13 00:00:00,1.0,-0.14526625,1.0207152,0.32560194,-1.0817132,0.75986516,0.6812387,0.11983952,-0.9223834,-0.8461313,-1.1313365,-1.6125354,-0.39894122,1.4722502,1.5893488,1.1006925,0.62029773,1.2881477,1.7597376,2.0886788,1.2447114,1.2683024,1.9945625,0.26253685,0.89535457,-0.95105654,0.309017,1.2246469e-16,-1.0,0.0
2022-06-14 00:00:00,4.0,-1.3912477,-0.6349202,1.2244467,-0.30558318,-0.39123783,0.4999873,-0.23041357,-1.7471043,-0.25791514,-0.62581193,-1.0310383,0.3329385,0.44393033,0.80778176,0.38976443,-0.6272612,0.29215023,1.0200641,1.7655225,0.27940372,0.24543671,1.0406121,-0.94695854,1.300946,0.0,1.0,1.2246469e-16,-1.0,0.0
2022-06-15 00:00:00,4.0,-0.051475335,0.9783673,0.036992904,-0.7266368,0.9024515,-0.6192405,-1.1133579,-0.75999755,-0.34774986,-0.65678734,-1.0529131,0.19609648,0.42038676,0.8111628,-0.05869237,-0.5407104,-0.070974566,0.9750644,2.2715156,0.19087537,0.14573343,1.0483297,0.5200595,1.2598337,0.95105654,0.309017,1.2246469e-16,-1.0,0.0
2022-06-16 00:00:00,2.0,0.38990697,0.9353537,0.75141317,-1.4323536,-0.37764442,0.034341767,0.7065271,0.17681958,-0.5751756,-0.82864904,-1.2512845,-0.079270266,0.7766357,1.1889862,-0.28405574,-0.84024847,-0.188545,0.712122,2.8913856,0.45179585,0.38918602,1.4109704,-1.0428538,1.0372431,0.58778524,-0.809017,1.2246469e-16,-1.0,0.0
2022-06-17 00:00:00,1.0,-1.118447,-1.5727471,-0.90566796,-0.54276145,3.0,0.11435431,0.025147235,0.70925456,0.102046624,-0.30766407,-0.7139687,0.81930953,-0.011214599,0.536209,-0.75124025,-1.1591172,-0.5393045,0.3533701,1.5597368,-0.24290568,-0.2821472,0.78446364,1.8314562,1.5038526,-0.58778524,-0.809017,1.2246469e-16,-1.0,0.0
2022-06-20 00:00:00,1.0,0.6200702,1.2635833,-0.3392089,-1.2244377,0.49479845,1.519719,1.322313,-0.31894135,-0.08917547,-0.43894947,-0.8677271,0.6548618,0.3676404,0.847872,-0.8970982,-0.8328069,-0.14781742,0.8642584,0.89215785,0.019153174,-0.048271496,1.0750353,0.60934556,1.5087265,-0.95105654,0.309017,1.2246469e-16,-1.0,0.0
2022-06-21 00:00:00,1.0,0.24194437,0.95940864,-0.8977985,0.32892764,-0.2783754,-0.45677775,-1.4573555,-0.31427795,-0.4986555,-0.70169127,-1.0999906,0.15847863,0.50409853,0.94746315,-0.9334837,0.016943889,-0.58817905,0.4636756,0.97127396,0.11919077,0.04022324,1.191927,-0.5754075,1.5934789,0.0,1.0,1.2246469e-16,-1.0,0.0
2022-06-22 00:00:00,4.0,0.9964234,1.1377474,-1.0061474,-0.20917782,0.08582009,-0.42851192,0.0008025072,0.59902614,-0.8107834,-0.96832204,-1.394312,-0.058225747,1.1009629,1.4551833,-0.69683844,0.45208195,-0.113744155,0.90749454,1.2466315,0.6518726,0.5203561,1.7022924,0.23875336,1.9273096,0.95105654,0.309017,1.2246469e-16,-1.0,0.0
2022-06-23 00:00:00,4.0,-1.3870674,-1.7676599,-0.61377734,-1.4486871,0.9589044,0.2011098,0.59685045,-0.13752973,-0.45185956,-0.7143264,-1.0957917,0.3309821,0.15218446,0.6541578,-0.8756825,-0.35530394,-1.018134,0.75061053,0.61068827,-0.32334816,-0.3239344,0.9476923,1.3161494,1.6910323,0.58778524,-0.809017,1.2246469e-16,-1.0,0.0
2022-06-24 00:00:00,1.0,0.72778684,0.30716044,0.8379546,0.39137042,0.33504173,-0.7739856,-0.91255707,0.8132665,-0.67091507,-0.91463447,-1.2995396,0.18286934,0.5720727,1.0057964,-0.8137205,0.5958662,-0.6188276,0.87286973,0.6152897,0.06497508,-0.015650982,1.2828449,0.65144217,1.6661961,-0.58778524,-0.809017,1.2246469e-16,-1.0,0.0
2022-06-27 00:00:00,4.0,1.1377312,1.1368532,-0.45885623,-0.8063285,-0.23763585,0.015784075,0.77736664,0.8885041,-0.7282636,-1.055515,-1.4969517,0.27054873,1.1859907,1.5397197,-0.48456082,0.8534231,-0.1374379,1.2017854,0.9358512,0.9678172,0.5099064,1.7922659,-0.228261,1.8368589,-0.95105654,0.309017,1.2246469e-16,-1.0,1.0
2022-06-28 00:00:00,1.0,1.2345474,0.79154664,1.0652927,-1.4142227,0.32017168,1.1918151,0.93320054,1.1465514,-0.16399266,-0.8087383,-1.4632468,1.0886046,1.7353811,2.0416276,0.0068734516,1.3248668,0.9988618,1.0823762,1.4201343,1.8382561,1.0437104,2.1923654,0.8054224,1.5394766,0.0,1.0,1.2246469e-16,-1.0,1.0
2022-06-29 00:00:00,1.0,0.43426248,0.74218875,-0.7679793,0.6567276,0.6757552,0.86325365,-0.30740708,-0.14848289,-0.31106597,-0.91808534,-1.5692768,0.90750533,1.8552364,2.1262383,0.4006763,1.0431647,1.2078196,0.866855,1.3341832,1.7704738,1.190112,2.2500405,1.2838912,1.2780896,0.95105654,0.309017,1.2246469e-16,-1.0,1.0
2022-06-30 00:00:00,1.0,-1.0367836,-0.7139169,0.7630441,0.4138217,0.24237959,1.1244669,-0.1878653,-0.88969576,-0.003602287,-0.571053,-1.2333474,1.0352988,1.100364,1.4991544,0.32658744,1.1912402,0.7188418,0.33962226,0.99514186,0.8648176,0.57708806,1.661893,0.77830106,1.1905035,0.58778524,-0.809017,1.2246469e-16,-1.0,1.0
2022-07-04 00:00:00,1.0,-0.3260817,-0.4465943,1.4020057,0.4766589,-0.22869375,0.9583483,-0.13100666,-0.091838434,-0.43643442,-0.79811054,-1.311594,0.459344,0.8686776,1.2874564,0.17917953,0.6866501,1.1352842,0.3215176,0.773639,0.5603262,0.38816655,1.4837337,0.21735561,1.1740309,-0.58778524,-0.809017,1.2246469e-16,-1.0,1.0
2022-07-05 00:00:00,1.0,-0.06686417,0.36639586,-0.45741415,1.4100107,-0.049855247,-0.8513893,-1.0740312,-0.42175522,-0.67276895,-0.9426002,-1.3724618,0.1637836,0.8061586,1.2139852,0.014523354,0.1114086,0.83874947,0.44307104,0.85863584,0.4510536,0.31556535,1.401096,0.4804714,1.4008818,0.0,1.0,-0.5,-0.8660254,0.0
2022-07-06 00:00:00,4.0,0.06472507,-1.0924981,0.70703626,-0.71645874,-0.20957477,-1.0073673,-0.23766847,1.0332792,-0.95104504,-1.1473004,-1.4868112,-0.1704844,0.82557946,1.2064583,-0.113321595,-0.4472588,0.76265407,0.039326113,0.8368358,0.4748674,0.35718185,1.3815129,0.21907769,1.3782092,0.95105654,0.309017,-0.5,-0.8660254,0.0
2022-07-07 00:00:00,1.0,-0.63886243,-0.7903904,-0.6468342,1.3992845,1.0370271,1.0139459,1.3612458,-0.083021976,-0.5267839,-0.80097157,-1.1924419,0.2752582,0.36129785,0.84850293,-0.41971233,-0.9564351,0.06638974,-0.047857136,0.49650276,-0.0077086273,-0.010647518,1.018792,1.6303542,1.3235137,0.58778524,-0.809017,-0.5,-0.8660254,0.0
2022-07-08 00:00:00,1.0,0.16515858,1.0030135,-1.1541805,0.3350893,0.0002368285,-1.9184332,-1.8054869,-0.70324737,-0.6978206,-0.92276514,-1.2638938,0.07810903,0.4515382,0.8999025,-0.5888067,-0.38120207,0.7332566,-0.3377437,0.7166229,0.1460193,0.11635872,1.0369227,0.6468125,1.4637579,-0.58778524,-0.809017,-0.5,-0.8660254,0.0
2022-07-11 00:00:00,1.0,0.21534343,-1.4019593,-1.1441249,0.19856085,-0.8660417,-1.9431968,-0.54387987,1.3803271,-1.1445198,-1.2571428,-1.474495,-0.486308,0.57918036,0.97620076,-0.6513984,-0.12517925,0.5105536,-0.15664123,0.8679323,0.32197636,0.26546878,1.0818762,-0.6496399,1.4277624,-0.95105654,0.309017,-0.5,-0.8660254,0.0
2022-07-12 00:00:00,1.0,-1.506453,-1.4520729,-1.1441249,-0.101566374,0.25483418,-1.4382722,0.25222224,-0.7870856,-0.030444127,-0.37510353,-0.7742547,0.77805644,-0.45459,0.195751,-1.0775714,-0.80720615,-0.6312218,-0.539132,0.53641254,-0.7504926,-0.5524842,0.35345405,1.0516362,1.4872104,0.0,1.0,-0.5,-0.8660254,0.0
2022-07-13 00:00:00,1.0,-0.727892,-0.5200062,1.9109963,-0.35527697,-1.2446535,-1.1752032,0.036654957,-0.671401,-0.52753836,-0.62803143,-0.8406151,-0.02001431,-0.8565401,-0.14863767,-1.5516776,-1.1715863,-1.4445251,-0.19021846,0.6988868,-1.1916398,-0.9634493,0.013597631,-1.3881415,1.1504426,0.95105654,0.309017,-0.5,-0.8660254,0.0
2022-07-14 00:00:00,1.0,-0.1025732,-0.8558365,1.1535263,-0.60661083,-1.2242543,-0.54624134,0.6786247,0.44082138,-1.1310867,-1.0602249,-1.0968777,-0.8585775,-0.91257054,-0.21142627,-1.8462663,-0.92738885,-1.6333983,-0.20300461,0.6023005,-1.1746731,-1.0487278,-0.08036376,-1.469359,1.129715,0.58778524,-0.809017,-0.5,-0.8660254,0.0
2022-07-15 00:00:00,4.0,-0.098222405,-0.48762426,-0.05591229,1.5872929,-0.8251429,0.08440083,0.54211086,0.2490428,-1.4021266,-1.3030964,-1.2518103,-1.234875,-0.9671765,-0.2736163,-1.9648057,-1.0465084,-1.2284259,-0.39686733,0.53438205,-1.1181158,-1.0967588,-0.15369223,-0.7027506,1.0703912,-0.58778524,-0.809017,-0.5,-0.8660254,0.0
2022-07-18 00:00:00,1.0,-1.1687237,-1.0164566,0.44282416,-0.48740673,0.4474671,0.36815244,0.14917623,-0.71324694,-0.82721955,-0.87489504,-0.8843772,-0.53081447,-1.5376734,-0.8052639,-2.1342375,-1.6563677,-1.5408466,-0.37650442,0.22587511,-1.5961175,-1.6662444,-0.671295,0.76367337,0.2957326,-0.95105654,0.309017,-0.5,-0.8660254,0.0
2022-07-19 00:00:00,1.0,1.4742368,1.0193582,-0.94907326,0.24870998,2.0123982,-0.5406837,-0.94132674,0.89212656,-0.5184815,-0.7909918,-0.98351973,0.19187704,-0.46273997,-0.04394387,-1.7317634,-0.2795654,-0.923879,-0.107043825,0.7162836,-0.7823334,-0.7841418,-0.026977532,1.6536924,-0.039049152,0.0,1.0,-0.5,-0.8660254,0.0
2022-07-20 00:00:00,1.0,-0.47729737,-0.6166061,-0.10706561,1.3003018,-2.284349,-1.8827842,-1.7219814,-0.3451902,-1.069294,-1.121358,-1.1349497,-0.7290282,-0.7270964,-0.2795155,-1.6326985,-0.16877045,-1.1386831,-0.33459067,0.64318824,-0.98514414,-1.0748023,-0.28558034,-1.8640045,-0.27238876,0.95105654,0.309017,-0.5,-0.8660254,0.0
2022-07-21 00:00:00,1.0,0.59704405,-0.73078084,2.244328,-1.29846,-1.7336494,-1.4263161,0.32099578,1.3345739,-1.0460904,-1.1761768,-1.2308534,-0.5626013,-0.32443407,0.018948404,-1.2933472,0.1565883,-0.66169083,-0.46277526,0.8584885,-0.63726395,-0.6865644,-0.048260435,-1.7182314,-0.54698116,0.58778524,-0.809017,-0.5,-0.8660254,0.0
2022-07-22 00:00:00,4.0,-0.8289156,-1.466963,-0.84534174,-0.6094695,-0.88187516,-0.69451755,1.0066203,-0.20859152,-1.1785877,-1.2271262,-1.192076,-0.9096971,-0.8007275,-0.39304587,-1.2565653,-0.18900898,-1.0780002,-0.2903416,0.69694465,-1.0311496,-1.1858087,-0.52302164,-1.2248214,-0.697806,-0.58778524,-0.809017,-0.5,-0.8660254,0.0
2022-07-25 00:00:00,4.0,0.060561966,-0.79400253,0.22840199,0.35278186,-0.99185926,-1.2951416,-1.1273544,0.6544129,-1.6122677,-1.5616012,-1.4312826,-1.589172,-0.77768916,-0.38256276,-1.1892517,0.39809367,-1.170393,-0.51705635,1.0786026,-0.9555061,-1.1830102,-0.583292,-1.3657649,-0.81552446,-0.95105654,0.309017,-0.5,-0.8660254,0.0
2022-07-26 00:00:00,4.0,-0.1567914,0.25082374,-0.4205796,1.9344864,-1.1622808,-1.0435461,0.091454014,-0.29271922,-1.928032,-1.829926,-1.6245663,-2.1058557,-0.8952392,-0.4863547,-1.1404698,-0.3999576,-0.61752564,-0.95785797,0.9898433,-0.9521768,-1.2686355,-0.7864808,-1.439204,-1.5366981,0.0,1.0,-0.5,-0.8660254,0.0
2022-07-27 00:00:00,1.0,0.88856155,1.178454,-0.33970463,-0.73294735,-0.3832872,-0.41726598,0.92562425,0.5308763,-1.7869859,-1.8549839,-1.7551465,-1.6654081,-0.19116163,0.03204559,-0.7577551,0.26966166,0.07741044,-1.0865164,1.1249335,-0.4462388,-0.5437195,-0.31330156,-0.67741716,-1.6617199,0.95105654,0.309017,-0.5,-0.8660254,0.0
2022-07-28 00:00:00,1.0,-0.65980774,-0.21476646,1.2540157,1.0346222,-1.2924136,-0.28385046,-0.024687994,-0.803164,-1.7495463,-1.828919,-1.712812,-1.6643006,-0.65376884,-0.3520346,-0.6619353,-0.35385522,-0.16594477,-1.4375445,0.7983071,-0.7503278,-0.874597,-0.8023262,-1.5642263,-1.524842,0.58778524,-0.809017,-0.5,-0.8660254,0.0
2022-07-29 00:00:00,4.0,-0.11349333,-0.67908514,0.37387523,0.41774914,-0.8522419,0.27767584,0.49873343,0.23273475,-2.0053802,-2.020017,-1.8574085,-2.1341608,-0.72689396,-0.4262678,-0.5947428,0.013203796,-0.1701597,-1.1172717,0.3292988,-0.74586934,-0.8585258,-0.9294993,-1.2893317,-1.5503476,-0.58778524,-0.809017,-0.5,-0.8660254,0.0
2022-08-01 00:00:00,4.0,-1.2870427,-1.4816462,-1.1815861,-0.5356519,2.200591,0.8394456,0.3604295,0.17743094,-1.012238,-1.3340182,-1.3563575,-0.36338222,-1.4713196,-1.0977212,-0.80856836,-0.6425869,-0.19482858,-1.3950313,0.06201802,-1.3792645,-1.4785879,-1.5997235,1.9065382,-1.7148534,-0.95105654,0.309017,-0.5,-0.8660254,0.0
2022-08-02 00:00:00,4.0,0.060428176,0.6311654,0.114272244,0.5118101,0.2735225,0.34825814,-0.5916949,-0.4647235,-1.0593877,-1.3472352,-1.3841038,-0.43100697,-1.4053653,-1.0698317,-0.89654696,-0.54148936,-0.832397,-1.3424853,0.17163508,-1.2261869,-1.2804363,-1.5624542,0.17552008,-1.7024293,0.0,1.0,-0.8660254,-0.5,0.0
2022-08-03 00:00:00,1.0,-1.3240625,-1.1201305,-1.1654596,0.57654095,0.76444286,1.0699245,0.6583939,-0.8244252,-0.057981476,-0.6102025,-0.82933027,1.09992,-1.9929845,-1.6825528,-1.1376286,-1.6346616,-1.1733838,-1.7393546,-0.07327859,-1.7717154,-1.7450944,-2.0526135,0.796671,-1.4305284,0.95105654,0.309017,-0.8660254,-0.5,0.0
2022-08-04 00:00:00,1.0,0.24877252,-0.82612365,0.14988263,0.24857014,-0.75501853,-0.024869287,-1.1410561,0.8555633,-0.7677788,-1.0218993,-1.1097643,-0.10259615,-1.7673028,-1.5455571,-1.2528409,-1.173336,-1.3251107,-1.4880428,0.3781839,-1.4500706,-1.5306084,-1.9968292,-1.2683364,-1.3147016,0.58778524,-0.809017,-0.8660254,-0.5,0.0
2022-08-05 00:00:00,1.0,1.1938565,1.267805,-0.10233982,-1.1255978,-0.76248896,0.37104803,0.28971562,1.16447,-0.69638616,-1.0398306,-1.2270932,0.29693112,-0.8449093,-0.8467023,-0.88544077,-0.57803303,-0.47874868,-1.2156607,0.80134994,-0.73960245,-0.67657405,-1.351447,-1.3423512,-1.4317969,-0.58778524,-0.809017,-0.8660254,-0.5,0.0
2022-08-08 00:00:00,4.0,0.06414179,-0.83337826,-1.1419474,1.3148531,-0.91905594,-0.49970016,-0.83071274,0.49496663,-1.5137255,-1.5398303,-1.5557247,-1.0829732,-0.8024543,-0.83378196,-0.6249833,0.09387038,-0.47778904,-1.2792807,0.68124163,-0.6752397,-0.5450253,-1.4153469,-1.4142318,-1.4280387,-0.95105654,0.309017,-0.8660254,-0.5,0.0
2022-08-09 00:00:00,1.0,-0.5072727,-0.21599795,1.588662,0.5738468,-0.56225556,-1.1367724,-0.84184754,-0.6714591,-1.8690149,-1.7883246,-1.7130107,-1.6629099,-1.1119323,-1.1482446,-0.5096105,-0.19177751,-0.6143105,-0.960392,0.8533881,-0.9619893,-0.80095106,-1.766617,-1.1963153,-1.8301759,0.0,1.0,-0.8660254,-0.5,0.0
2022-08-10 00:00:00,1.0,-0.13710614,-0.19199017,1.7666211,0.3059994,0.90023804,-0.7261908,0.35316402,-0.03892886,-1.5748283,-1.670467,-1.6722566,-1.0132908,-1.1819124,-1.2399099,-0.3910924,0.4590242,-1.0440714,-0.7606984,0.45779127,-0.9526207,-0.78897095,-1.7600368,0.75280267,-1.9575512,0.95105654,0.309017,-0.8660254,-0.5,0.0
2022-08-11 00:00:00,1.0,-1.201758,-1.3265202,-1.1349922,-0.104739144,1.4886975,-0.04438777,0.66680586,-0.21346596,-0.6520138,-1.0701528,-1.245545,0.4058695,-1.7825425,-1.859061,-0.54880744,-0.28463674,-1.2204041,-1.1013857,0.11259748,-1.5571461,-1.3437197,-2.1580658,1.5912493,-2.038203,0.58778524,-0.809017,-0.8660254,-0.5,0.0
2022-08-12 00:00:00,1.0,1.5112704,1.5238695,-1.1249582,-0.7332917,-0.04858126,-0.32292524,-0.44931015,1.1566955,-0.45355698,-1.0139445,-1.3415612,0.9641832,-0.6145572,-0.85942626,-0.22999254,-0.15368359,-0.59418523,-0.6057391,-0.045460235,-0.48001528,-0.3704366,-1.2965666,-0.4968916,-1.9719275,-0.58778524,-0.809017,-0.8660254,-0.5,0.0
2022-08-15 00:00:00,1.0,0.3129581,0.14623559,-0.24360335,2.299343,-0.7134179,-0.35289964,-0.18814126,0.38303047,-1.3563948,-1.5444915,-1.6874092,-0.4888812,-0.3992525,-0.66856277,0.08286889,-0.027883599,0.05527948,-0.10607518,-0.04807987,-0.2526844,-0.19752572,-1.1811998,-1.2925841,-1.7060934,-0.95105654,0.309017,-0.8660254,-0.5,0.0
2022-08-16 00:00:00,4.0,-0.42286447,-0.004046943,2.8958437,-0.5857071,0.014231704,-0.84880877,-0.62281823,-0.70583963,-1.6318246,-1.7283168,-1.7971637,-0.95109874,-0.6458229,-0.90601707,0.2185279,0.027257007,-0.1295643,-0.750286,0.21645758,-0.47220156,-0.394934,-1.38768,-0.5908095,-1.4784458,0.0,1.0,-0.8660254,-0.5,0.0
2022-08-17 00:00:00,4.0,-0.64330107,-0.9927714,-0.43144524,0.105500795,1.8114551,1.0225153,1.826404,0.3565661,-0.7919034,-1.2129842,-1.4617676,0.40582824,-0.9899759,-1.2278292,0.15108284,-0.22696568,0.18878655,-0.76836663,-0.53125805,-0.8178966,-0.670927,-1.5201663,1.5950471,-1.3696376,0.95105654,0.309017,-0.8660254,-0.5,0.0
2022-08-18 00:00:00,1.0,0.3337767,-0.4964806,0.28252319,0.7772069,-0.2216209,-0.94621485,-1.4141167,0.8551719,-1.3104401,-1.5527056,-1.7109884,-0.33613122,-0.7440462,-1.0174145,0.22647476,0.5980822,0.21181649,-0.87372285,-0.29017985,-0.5331356,-0.40940782,-1.3517572,-0.6595114,-1.421728,0.58778524,-0.809017,-0.8660254,-0.5,0.0
2022-08-19 00:00:00,1.0,-0.5106405,-1.323641,-1.0731654,-0.16042078,0.173558,-0.2763967,0.49865693,0.3400356,-1.4039313,-1.6235973,-1.7547982,-0.50481933,-1.0153677,-1.2731118,0.16688056,-0.47341368,-0.45721686,-0.7293873,-0.15815978,-0.7986353,-0.6465916,-1.5174553,-0.08036776,-1.3319067,-0.58778524,-0.809017,-0.8660254,-0.5,0.0
2022-08-22 00:00:00,1.0,0.052660953,0.89725095,1.5496136,-1.626342,-0.44416946,-0.96672595,-0.6388754,-0.57614994,-1.81942,-1.931633,-1.9894671,-1.1681763,-0.9723441,-1.2390077,0.16995762,-0.6161011,-0.46384618,-0.73182267,-0.28422055,-0.6821835,-0.5634925,-1.4716433,-0.7658413,-1.2731184,-0.95105654,0.309017,-0.8660254,-0.5,0.0
2022-08-23 00:00:00,4.0,-0.364704,0.5828779,2.080311,-1.4135727,-0.28262705,-0.298224,0.57853204,-1.0333259,-1.9495676,-2.048412,-2.0847127,-1.4600189,-1.1657647,-1.4167904,0.09830209,-0.5762503,-0.3981079,-0.77988964,-0.4274363,-0.8455521,-0.726735,-1.5984781,-0.58600813,-1.075123,0.0,1.0,-0.8660254,-0.5,0.0
2022-08-24 00:00:00,4.0,-0.46900898,-0.79773414,-0.2264944,0.50543606,0.22948559,0.661199,0.6950724,-0.008358766,-1.7389212,-1.9387467,-2.022447,-1.1249044,-1.3915503,-1.6127175,-0.047319476,-0.47584352,-0.51540285,-1.1968955,-1.379494,-1.1597013,-0.88238895,-1.7265399,0.07720077,-0.8574735,0.95105654,0.309017,-0.8660254,-0.5,0.0
2022-08-25 00:00:00,4.0,-0.73248696,-1.3774799,-1.0764759,-0.38402328,0.3927485,1.1824489,0.31508994,0.30575678,-1.4124973,-1.7096096,-1.8487593,-0.6500442,-1.7048454,-1.8919333,-0.29638177,-1.0028813,-0.30079293,-1.1699599,-2.1634257,-1.5649309,-1.1869764,-1.9201095,0.39946502,-0.7245114,0.58778524,-0.809017,-0.8660254,-0.5,0.0
2022-08-26 00:00:00,4.0,2.4423454,1.7952138,-0.8946368,-1.5478975,1.8741153,0.10897798,-0.836016,0.92929953,0.18721603,-0.77824277,-1.4647671,2.1660645,0.06911716,-0.39953014,0.2507954,0.51554704,0.015980422,-0.44939718,-1.6001813,0.5067138,0.3988829,-0.64434063,1.7070051,-0.25040346,-0.58778524,-0.809017,-0.8660254,-0.5,0.0
2022-08-29 00:00:00,4.0,0.72354746,0.4492941,-0.5410805,1.873721,-1.3815397,1.0194324,0.5077962,0.98879856,-0.7842929,-1.3287753,-1.8169256,0.71405816,0.49223694,-0.00074781885,0.82679474,0.8991668,0.16759786,0.16507274,-1.2035093,1.1914719,0.8456593,-0.38345152,-1.3686043,-0.29944748,-0.95105654,0.309017,-0.8660254,-0.5,0.0
2022-08-30 00:00:00,4.0,-0.42655262,0.6374759,0.2521693,0.5197587,-0.890132,-0.19760887,-0.8735748,-1.1015432,-1.1089611,-1.4603323,-1.8340033,0.07661058,0.20553438,-0.24192795,1.1007632,0.88641864,0.17520185,0.02595404,-1.1480815,0.75224775,0.5875322,-0.56997544,-1.3054485,-0.25828943,0.0,1.0,-0.8660254,-0.5,0.0
2022-08-31 00:00:00,4.0,-0.15981758,-0.46005875,-1.0993663,2.26794,1.0416838,0.26959372,0.15227726,0.28155434,-0.7519045,-1.1959648,-1.6347837,0.619109,0.08117575,-0.34775826,1.1787609,1.0764287,0.3743894,0.41305465,-1.8260174,0.49405152,0.4438335,-0.59512436,0.82630605,-0.3117369,0.95105654,0.309017,-0.8660254,-0.5,0.0
2022-09-01 00:00:00,4.0,0.10477569,1.1075972,0.6866564,-1.276799,2.0670607,3.0,3.0,-1.8632292,0.3203298,-0.4554578,-1.1582766,2.1532948,0.1201336,-0.31505287,1.1702707,1.5156769,0.28707522,0.37153748,-1.6120138,0.5120368,0.46918073,-0.4454623,1.8061782,-0.34426558,0.58778524,-0.809017,-0.8660254,-0.5,0.0
2022-09-02 00:00:00,4.0,-1.1120222,-0.925609,0.1522938,-0.40759408,-0.09356722,1.1100128,-1.469091,-0.9289258,0.43632475,-0.20406274,-0.8776042,1.9254173,-0.6191488,-0.9260483,0.9028486,-0.46990344,0.06524519,-0.33331046,-2.424818,-0.68695253,-0.17189232,-0.8378696,-0.22283646,-0.4332223,-0.58778524,-0.809017,-1.0,-1.8369701e-16,0.0
2022-09-05 00:00:00,4.0,-0.37835148,-0.719026,-0.116329834,0.46725553,-0.25910482,1.2843614,0.1571847,-0.0014216508,-0.12101179,-0.45386568,-0.9592037,0.968266,-0.8840857,-1.14686,0.62303656,-1.0952052,-0.12215134,-0.48508656,-2.3157854,-1.046577,-0.41627502,-1.0031877,-0.42817655,-0.38127354,-0.95105654,0.309017,-1.0,-1.8369701e-16,0.0
2022-09-06 00:00:00,4.0,-0.6601467,-0.5033848,-1.0944548,1.954039,-0.644262,1.3927208,0.12416302,-0.75267893,-0.050017837,-0.32830304,-0.80306154,0.9023859,-1.2896932,-1.4910264,0.20338394,-1.2253582,-0.26651698,-0.5484866,-2.364117,-1.489051,-0.84946865,-1.2064564,-0.83977664,-0.299259,0.0,1.0,-1.0,-1.8369701e-16,0.0
2022-09-07 00:00:00,4.0,0.02509443,-0.36073092,0.82788754,0.39078626,-0.46666163,-0.04127191,-1.1210873,0.30302462,-0.6563329,-0.6978897,-1.0112045,0.021078674,-1.286868,-1.4715877,-0.08896789,-1.1151441,-0.029808814,-0.50238794,-1.5759487,-1.2276033,-0.8458337,-1.1936338,-0.56682646,-0.28306484,0.95105654,0.309017,-1.0,-1.8369701e-16,0.0
2022-09-08 00:00:00,4.0,-0.4733842,1.0408553,-0.5909775,0.41377246,-0.3799457,0.31126213,0.26940477,-1.7468942,-0.43702337,-0.5447304,-0.87718904,0.27366915,-1.5270239,-1.6673781,-0.38805538,-1.4031671,0.10183767,-0.21056396,-1.7091581,-1.3502945,-1.14164,-1.2665286,-0.5461946,-0.026068622,0.58778524,-0.809017,-1.0,-1.8369701e-16,0.0
2022-09-09 00:00:00,4.0,-0.57429826,-1.1793071,-0.47628543,-0.6335114,-0.20500362,-0.08285626,-0.4055359,0.077323504,-0.7816327,-0.73911697,-0.94182086,-0.2977455,-1.7821835,-1.8845962,-0.7530343,-1.0939007,-1.3654844,-0.9732294,-2.2540781,-1.4152924,-1.501786,-1.4623878,-0.33374208,-0.12087691,-0.58778524,-0.809017,-1.0,-1.8369701e-16,0.0
2022-09-13 00:00:00,4.0,1.9699008,1.7253371,-0.5430999,-1.5570365,1.688254,0.70853245,0.72508556,0.3532694,0.16643408,-0.28079674,-0.82034576,1.2896165,-0.1886665,-0.6724062,-0.18610856,0.15070622,-0.81001604,-0.43517616,-1.0800692,-0.073107,0.046538003,-0.5416915,1.6557672,0.19674765,-0.95105654,0.309017,-1.0,-1.8369701e-16,0.0
2022-09-14 00:00:00,4.0,-0.02755247,-0.6407694,1.1348623,-0.78124183,-0.82943404,0.013974283,-0.5813034,0.35175171,-0.82398325,-0.86183435,-1.145512,-0.06812771,-0.2470213,-0.7088986,0.12113694,0.5040397,-0.61219394,-0.29343548,-1.3364536,-0.07483806,0.012674248,-0.58007115,-1.1218622,0.16793106,0.95105654,0.309017,-1.0,-1.8369701e-16,0.0
2022-09-15 00:00:00,4.0,-1.6194925,-0.71413046,0.34776384,-0.256002,-0.75830805,-0.14002952,-0.23828402,-2.3115025,0.39199632,0.0001722211,-0.5029217,1.2230909,-1.118012,-1.4372716,-0.14165474,-0.3964185,-1.2725955,-0.62326777,-1.920479,-1.03007,-1.0082538,-1.041985,-1.0962534,0.07629116,0.58778524,-0.809017,-1.0,-1.8369701e-16,0.0
2022-09-16 00:00:00,4.0,0.4663999,1.1879833,1.1554321,-1.5271935,-0.7779048,0.0007142553,0.120340705,0.03290607,-0.7948947,-0.73967695,-0.95239747,-0.25506985,-0.84437853,-1.2084942,-0.18725522,0.10890169,-1.1026229,-0.60362077,-2.1195354,-0.6434956,-0.75248283,-0.94341856,-1.1657403,0.08269551,-0.58778524,-0.809017,-1.0,-1.8369701e-16,0.0
2022-09-19 00:00:00,4.0,-0.5126479,0.37443286,1.9096653,-0.35331932,-0.348914,2.573815,2.6371167,-1.1064198,-1.1725056,-0.9951542,-1.0676451,-0.78904307,-1.1110302,-1.4200778,-0.34304166,0.14397387,-0.8157998,-0.6025644,-1.6788656,-0.80589694,-1.1214007,-1.1413946,-0.5492799,0.1419993,-0.95105654,0.309017,-1.0,-1.8369701e-16,0.0
2022-09-20 00:00:00,4.0,-0.60003865,-1.095969,-1.081817,0.22928394,-0.5002761,-0.40041405,-1.9020013,-0.27077407,-1.33196,-1.1337835,-1.1158029,-1.0307528,-1.392233,-1.6497031,-0.6029284,-1.2476579,-0.8972908,-0.86402905,-2.0593045,-0.942319,-1.5175768,-1.3589326,-0.7415594,0.117601745,0.0,1.0,-1.0,-1.8369701e-16,0.0
2022-09-21 00:00:00,4.0,1.0353136,1.0689989,1.0388255,-1.1291016,-0.641755,-1.10616,-0.80144715,1.0168197,-1.4078426,-1.3256977,-1.3277749,-0.95773435,-0.68972176,-1.1161013,-0.3565527,-0.705006,-0.15111014,-0.37086156,-2.1204095,-0.35004073,-0.75884986,-0.94481313,-1.0911342,0.050680812,0.95105654,0.309017,-1.0,-1.8369701e-16,0.0
2022-09-22 00:00:00,4.0,-1.1348882,-1.652971,-1.1039879,-1.3338575,-0.3673682,-0.6103906,0.45070308,-0.726198,-1.0071611,-1.051228,-1.0897148,-0.49241906,-1.2794423,-1.6136943,-0.51683116,-0.40120706,-0.66599417,-0.65563935,-2.731413,-0.8033985,-1.5787402,-1.3764833,-0.58224577,0.20819306,0.58778524,-0.809017,-1.0,-1.8369701e-16,0.0
2022-09-23 00:00:00,4.0,-0.96003926,0.7975641,-0.1361676,0.98546153,-0.11852245,-0.2727301,0.24170944,-2.0829694,0.11690231,-0.2824356,-0.57025206,0.81801724,-1.7739291,-2.0416548,-0.8107076,-1.2275636,-0.9226795,-0.77887326,-2.9333386,-1.0935643,-2.1264913,-1.6174943,-0.23334475,0.3102356,-0.58778524,-0.809017,-1.0,-1.8369701e-16,0.0
2022-09-26 00:00:00,4.0,-0.6479843,-0.7775381,1.0756869,-1.3850843,0.0562855,-0.13228345,0.07422927,-0.39705715,-0.45751455,-0.57423973,-0.67793196,0.010273661,-2.056699,-2.2810984,-1.2414596,-1.3426317,-0.9639629,-2.2913542,-2.598261,-1.1485426,-2.5078647,-1.960133,0.0046363547,-0.2177308,-0.95105654,0.309017,-1.0,-1.8369701e-16,0.0
2022-09-27 00:00:00,4.0,-0.07580482,0.62532234,1.8657858,-0.73040503,0.905572,1.8211223,1.9783843,-0.7803512,-0.23920909,-0.43448126,-0.59468627,0.2639366,-2.1103919,-2.306081,-1.377988,-1.0454719,-2.0481257,-2.635586,-2.3934827,-1.0118961,-2.2645748,-1.9458098,1.1540778,0.21621251,0.0,1.0,-1.0,-1.8369701e-16,1.0
2022-09-28 00:00:00,4.0,0.27720326,0.39086568,-0.31208587,2.1340811,0.048587613,0.06356845,-1.2969561,0.09168418,-0.7157984,-0.76201195,-0.803898,-0.2676415,-2.0322995,-2.2157795,-1.3282366,-1.4928097,-1.9233438,-2.3243365,-2.2248504,-0.7535493,-1.9510791,-1.8980646,0.28193155,0.2739459,0.95105654,0.309017,-1.0,-1.8369701e-16,1.0
2022-09-29 00:00:00,4.0,-2.244999,-1.4634984,-1.0817124,-0.8599092,2.0784984,2.2145026,2.3388314,-0.8095972,2.0019913,1.2418158,0.54451776,2.314008,-2.7477446,-2.885044,-1.5533694,-2.1099267,-2.2075443,-3.0,-2.5695477,-1.4649395,-2.67316,-2.3005636,1.770599,-0.33309016,0.58778524,-0.809017,-1.0,-1.8369701e-16,1.0
2022-09-30 00:00:00,4.0,-0.082023576,-1.0956062,-0.6057862,-0.46555382,2.5202627,1.3694717,-0.7301184,2.298783,3.0,2.2530353,1.2304977,3.0,-2.669025,-2.7959473,-1.550704,-1.5896701,-2.3959599,-2.9643188,-2.3054063,-1.2059475,-2.142249,-2.001722,1.9659595,-0.31007817,-0.58778524,-0.809017,-1.0,-1.8369701e-16,1.0
2022-10-03 00:00:00,4.0,0.52082926,0.60146654,0.6246672,0.7559641,0.51734513,0.35221326,-0.8856309,0.16950317,2.1647372,1.8670682,1.0675545,2.052543,-2.3251925,-2.5112238,-1.4255271,-0.92522293,-1.9068347,-2.2040455,-2.161973,-0.7624285,-1.7302722,-1.8631945,1.0499444,-0.28203553,-0.95105654,0.309017,-1.0,-1.8369701e-16,1.0
2022-10-05 00:00:00,5.0,-0.31845328,0.4065497,1.1883547,0.549486,0.6014883,-1.2927911,-1.7103509,-0.9584584,1.7345643,1.7334306,1.1166637,1.478912,-2.3976471,-2.5587316,-1.295754,-1.0573831,-1.777491,-2.1152666,-2.1889782,-0.6893603,-1.7818873,-2.0121636,1.124155,-0.25991845,0.0,1.0,-0.8660254,0.5,0.0
2022-10-06 00:00:00,4.0,3.0,1.3265691,-0.43000978,-0.16755912,1.4421091,0.70151657,2.6727343,3.0,3.0,3.0,2.1706517,3.0,0.7787821,-0.22175062,0.26506513,1.2649479,-0.09863007,-0.2055153,-1.0550425,1.2271099,0.98846924,0.17528223,1.5313356,0.002331739,0.58778524,-0.809017,-0.8660254,0.5,0.0
2022-10-07 00:00:00,4.0,-0.11490751,-0.73108405,-0.04720673,-0.06376298,-0.65704113,-1.7044986,-2.2043993,0.1462601,2.3643906,2.4937253,1.6471148,2.0870013,0.63237387,-0.3107309,0.9959109,2.3631897,0.3874741,-0.26683095,-0.9086128,1.1417704,0.8906205,0.026669333,-0.88198775,0.05475249,-0.58778524,-0.809017,-0.8660254,0.5,0.0
2022-10-10 00:00:00,5.0,-0.8131488,-1.1137176,-0.26661086,-0.81692624,-0.7646319,-1.3934041,0.10174217,-0.7811123,1.5837077,2.0525103,1.5996425,1.1644299,0.14098081,-0.67245805,1.2819545,1.86355,0.39926267,-0.43746427,-1.0391831,0.70592916,0.3893314,-0.3787115,-1.0308161,0.39686418,-0.95105654,0.309017,-0.8660254,0.5,0.0
2022-10-11 00:00:00,5.0,-1.6924105,-1.395044,-1.1363082,-0.7071464,-0.005551606,-0.17623673,2.1389174,-1.4620839,2.3252287,2.7685447,2.4736907,1.6053008,-0.6549021,-1.3111924,0.9544336,0.55948675,-0.2909722,-0.96587956,-1.3396558,-0.1200213,-0.508753,-0.95844513,0.57403255,0.55591613,0.0,1.0,-0.8660254,0.5,0.0
2022-10-12 00:00:00,5.0,-1.2261583,-1.4097376,-0.970479,-0.948639,1.0627483,-0.09888805,-0.039060753,-0.015494638,2.2229538,2.7976282,2.785958,1.3155075,-1.1287587,-1.6884812,0.43009695,-0.02710195,-1.0009595,-2.2071218,-1.3002253,-0.6472898,-1.0689324,-1.4226437,1.3379048,-0.07960032,0.95105654,0.309017,-0.8660254,0.5,0.0
2022-10-13 00:00:00,5.0,-0.26892993,0.08154083,1.1040444,0.6813377,2.022885,0.95063585,1.1959988,-0.30110607,2.745546,3.0,3.0,1.7383127,-1.2415214,-1.7580857,0.06911865,-2.4670014,-1.2826784,-2.2385082,-1.6530943,-0.67812496,-0.92162544,-1.3147026,1.8875644,0.026972026,0.58778524,-0.809017,-0.8660254,0.5,0.0
2022-10-14 00:00:00,5.0,-0.96749234,-1.419291,-0.6343514,-1.4010338,0.29113978,0.5704093,-0.42767993,0.11948282,2.1548777,2.7775688,3.0,1.05437,-1.5312171,-1.9854721,-0.4264869,-2.768888,-0.68772006,-1.9701045,-1.6970012,-0.9077245,-1.3569205,-1.7550132,1.0320431,-0.08601267,-0.58778524,-0.809017,-0.8660254,0.5,0.0
2022-10-17 00:00:00,5.0,1.0241016,-0.048359796,2.2779872,-0.89810807,1.1379529,0.6411946,-0.00566456,1.8030663,2.612585,2.9668248,3.0,1.6039056,-0.94471765,-1.5130895,-0.30900732,-1.721205,-0.04325658,-1.6980908,-1.6192566,-0.3332324,-0.5635762,-1.1211623,1.4395659,-0.30056825,-0.95105654,0.309017,-0.8660254,0.5,0.0
2022-10-18 00:00:00,5.0,0.3288952,0.8132719,0.35524166,0.44416323,0.7101846,0.21558109,-0.576952,-0.5139702,2.2415025,2.6624365,2.8597279,1.2563671,-0.845822,-1.406955,-0.12307002,-0.6106235,-0.120895855,-1.3850855,-1.3717803,-0.12181064,-0.31343114,-0.9678833,1.242101,0.029653238,0.0,1.0,-0.8660254,0.5,0.0
2022-10-19 00:00:00,5.0,1.3567303,0.5164337,-1.1116991,2.53238,0.025045821,-0.015824642,-0.3171586,1.5378697,1.5695622,2.0812495,2.3173902,0.68490314,-0.00023634164,-0.75754374,0.43304658,0.80663717,0.85286283,-0.65360665,-1.1467618,0.57005614,0.4016993,-0.46372032,0.9083155,0.42407373,0.95105654,0.309017,-0.8660254,0.5,0.0
2022-10-20 00:00:00,5.0,-1.2861488,-1.0961951,0.1958363,-1.3275565,0.3519376,-0.607316,-0.65517247,-0.50716996,1.5199767,2.072351,2.4156346,0.47732854,-0.5668325,-1.1802522,0.45471808,0.23682182,-2.1158042,-1.4836117,-1.3622496,-0.14064834,-0.20554075,-1.0155085,0.97630537,0.56371874,0.58778524,-0.809017,-0.8660254,0.5,0.0
2022-10-21 00:00:00,5.0,-0.6301097,0.4927201,0.6801217,0.9415969,0.47086054,0.55618936,1.2229842,-1.4628727,1.7339944,2.1886277,2.5253892,0.6357495,-0.84072065,-1.3888818,0.3243609,0.4168458,-2.3328595,-1.3390262,-1.6729962,-0.44227636,-0.40915006,-1.1960975,1.0919778,0.42787164,-0.58778524,-0.809017,-0.8660254,0.5,0.0
2022-10-24 00:00:00,5.0,-0.012950969,-0.75258213,-0.53299505,0.18749143,-1.2612803,-0.013253966,-0.5489063,0.41952565,0.8831989,1.5854437,2.0653117,-0.33842862,-0.9004604,-1.4150954,0.24919474,-0.14877117,-1.8559896,-1.0295379,-1.5364046,-0.36837128,-0.47268012,-1.4419985,-0.5816628,0.4083703,-0.95105654,0.309017,-0.8660254,0.5,0.0
2022-10-25 00:00:00,5.0,-3.0,-1.193398,-0.5979077,-0.8503415,2.652935,2.37167,2.6635022,-1.65872,3.0,3.0,3.0,2.240762,-1.8869927,-2.270442,-0.59140766,-2.3486607,-2.8306875,-2.1780612,-2.1640346,-1.7073511,-1.6335979,-1.9962525,1.6328347,-0.13717291,0.0,1.0,-0.8660254,0.5,0.0
2022-10-26 00:00:00,5.0,0.21445212,-0.019627161,0.71746254,0.7179744,0.31048575,1.5756501,-0.47935823,0.52258074,2.9401186,3.0,3.0,1.6769792,-1.8113683,-2.1523879,-1.0266583,-2.7414472,-2.0234015,-1.9979864,-1.8230569,-1.1541859,-1.4046432,-1.818042,1.195441,-0.038484268,0.95105654,0.309017,-0.8660254,0.5,0.0
2022-10-27 00:00:00,5.0,0.82918423,1.0699497,1.1303527,-0.87180424,0.53490037,0.64363366,-0.77342933,-0.2785408,2.6043649,2.7716825,2.9379854,1.4346076,-1.3404449,-1.7656211,-0.95500416,-1.6059285,-1.4106653,-1.7120049,-1.645405,-0.58011514,-0.88287306,-1.3728961,1.3534225,-0.13593915,0.58778524,-0.809017,-0.8660254,0.5,0.0
2022-10-28 00:00:00,5.0,0.64442354,-1.0525297,0.06159104,-1.117836,-0.11404418,0.41335073,-0.3890942,2.4163597,2.2958868,2.5192688,2.6953866,1.1673818,-1.0192376,-1.491389,-0.65357006,-0.96044236,-0.5975426,-0.80598617,-1.2554008,-0.18583931,-0.54327387,-1.0552602,0.8493799,0.13885058,-0.58778524,-0.809017,-0.8660254,0.5,0.0
2022-10-31 00:00:00,5.0,-1.8159539,-1.2956948,-1.0397973,-0.64732265,1.2083207,1.0958321,0.6270753,0.080148414,2.6655092,2.8155956,2.9791315,1.4060994,-1.510386,-1.865129,-0.7967702,-1.9010566,-2.0205243,-1.4550368,-1.643637,-0.68620235,-1.1796721,-1.4866226,1.4845756,-0.34139162,-0.95105654,0.309017,-0.8660254,0.5,0.0
2022-11-01 00:00:00,5.0,-0.37554672,-0.20818861,1.3444837,-0.49463153,0.27294117,2.0119,1.2052759,-0.0759933,2.3991451,2.6373885,2.8399553,1.0730752,-1.5895002,-1.9038206,-0.9047142,-0.28771356,-2.270385,-1.7011898,-1.9221687,-0.5733782,-1.2312249,-1.5504655,1.0575602,-0.20774134,0.0,1.0,-0.8660254,0.5,0.0
2022-11-02 00:00:00,5.0,2.9088933,1.7529991,-0.13272986,-1.2568899,1.413238,1.2916602,-0.5236425,1.163476,2.802919,2.717788,2.6905487,1.9581712,0.18894012,-0.57753503,-0.0023892252,1.2467605,-1.2815554,-0.47010306,-1.3468915,0.5797158,0.28519154,-0.08200313,1.4037901,-0.35224128,0.95105654,0.309017,-0.5,0.8660254,0.0
2022-11-03 00:00:00,5.0,1.4285599,1.6326289,-0.8547342,-0.35586146,0.41261628,0.11791159,-1.1500926,-0.2745688,2.3489149,2.3931713,2.3998766,1.552103,0.881386,0.005366097,0.8987898,1.6034783,0.0805377,-1.1222411,-0.9772842,1.1538638,0.9885441,0.47886556,1.1684914,-0.89238745,0.58778524,-0.809017,-0.5,0.8660254,0.0
2022-11-04 00:00:00,5.0,-1.3628476,-0.53109735,0.95029193,-0.6756028,-1.0096383,-0.23428443,-0.45852962,-1.7881573,2.1397998,2.3365505,2.4466329,1.0669985,0.30218926,-0.40946224,1.1147362,0.5013333,-0.39909157,-1.604612,-1.2701755,0.5289145,0.4546298,-0.05167909,-0.060109023,-0.70348006,-0.58778524,-0.809017,-0.5,0.8660254,0.0
2022-11-07 00:00:00,5.0,2.648401,1.4537648,0.3486381,-1.184001,2.2234766,1.2870172,1.8053794,0.70537174,2.7697356,2.592769,2.467485,2.2217972,1.5611743,0.7337013,1.7742963,2.8569863,1.1609226,-0.2454836,-0.426301,1.8984488,1.6917667,1.2489302,1.4040055,-0.33701688,-0.95105654,0.309017,-0.5,0.8660254,0.0
2022-11-08 00:00:00,5.0,1.4165838,1.4692963,0.04232577,-0.8930257,1.028422,0.31336,-0.81888944,-0.54909277,2.5742025,2.4634857,2.3404593,2.0721319,2.0518365,1.273213,2.362376,3.0,3.0,0.8879771,-0.3691063,2.5946083,2.162214,1.7945938,1.2603228,-0.43815053,0.0,1.0,-0.5,0.8660254,0.0
2022-11-09 00:00:00,5.0,0.046069387,-0.29395795,0.04560166,0.8955142,-1.2838732,-1.1646988,-1.4001852,0.38868147,1.6559881,1.9248489,2.0075347,0.771305,1.947169,1.2413573,2.7402701,2.0394232,3.0,1.3037922,-0.425965,2.4372382,2.1113703,1.7189808,-0.3188933,-0.704954,0.95105654,0.309017,-0.5,0.8660254,0.0
2022-11-10 00:00:00,5.0,-0.41434878,-0.4439553,0.4538293,0.13416003,-0.31593516,0.288076,1.7994971,0.11972,1.4178417,1.7761449,1.9399152,0.33996686,1.6409129,1.046741,2.6631832,1.1728944,2.3662438,1.2041215,-0.4649044,2.0483263,1.8337214,1.520365,0.6942868,-0.49414036,0.58778524,-0.809017,-0.5,0.8660254,0.0
2022-11-11 00:00:00,5.0,-0.6470925,-0.30582517,-1.2728543,2.0299048,-1.5275751,-1.0452403,-1.2496685,-1.0056398,1.0909013,1.5701019,1.8373216,-0.23332083,1.2580963,0.77620625,2.394692,1.4539633,1.7773463,1.2224549,-0.5214135,1.5506071,1.4713452,1.210972,-1.1978388,-0.67860204,-0.58778524,-0.809017,-0.5,0.8660254,0.0
2022-11-14 00:00:00,5.0,3.0,0.92638785,-0.8538434,1.2660137,-0.16090438,1.8932836,3.0,3.0,1.8829234,1.8425469,1.8210899,1.3875993,2.5187325,2.1571653,2.4760616,1.8914224,3.0,2.3263416,0.39966974,3.0,2.5979264,2.5446868,0.7995832,-0.1408192,-0.95105654,0.309017,-0.5,0.8660254,0.0
2022-11-15 00:00:00,5.0,0.8000168,-1.1946613,-1.1273663,-0.24833179,-0.3530402,1.7117344,0.056178577,2.5865457,1.6368521,1.6859543,1.6980838,1.0682222,2.576503,2.323683,2.6542215,1.610543,3.0,2.458797,0.76706797,2.8940701,2.6405559,2.6529748,0.48602787,-0.33921596,0.0,1.0,-0.5,0.8660254,0.0
2022-11-16 00:00:00,5.0,1.7249227,1.7354096,-1.1318638,-0.55206585,0.7656623,0.9473452,-0.54896307,0.1892437,1.5075678,1.5420603,1.5292722,1.0647911,2.8381288,2.748041,2.8206043,2.3663485,3.0,2.6559148,1.3421055,2.9650784,2.9412477,2.994113,1.1402726,-0.3157443,0.95105654,0.309017,-0.5,0.8660254,0.0
2022-11-17 00:00:00,5.0,-0.14564529,0.62739223,0.9148177,0.42461637,-0.8840543,0.04553241,-0.778884,-0.6090747,0.9541156,1.230964,1.3559138,0.09215416,2.5388262,2.4929526,2.8489048,2.3528435,2.499702,2.7515998,1.3981203,2.412373,2.6786807,2.7504332,-0.063191935,-0.53055763,0.58778524,-0.809017,-0.5,0.8660254,0.0
2022-11-18 00:00:00,5.0,-0.42874578,0.10882257,0.28337967,1.729957,-0.39684263,-0.8462322,-0.90729684,-0.639001,0.8011927,1.1410985,1.330852,-0.26240858,2.164812,2.1738071,2.5527325,2.3044662,2.580245,2.5827475,1.3583755,1.969307,2.2966805,2.4366722,0.42152902,-0.66101325,-0.58778524,-0.809017,-0.5,0.8660254,0.0
2022-11-21 00:00:00,5.0,-0.075152405,-1.0645543,-0.5751414,-0.42672426,-0.6154451,-0.994959,-0.2922506,0.98964834,0.5430297,0.9600152,1.2200387,-0.72608113,1.9942017,2.0180058,2.2477958,0.83036125,1.7437199,2.4256065,1.4710473,1.7285086,2.1019135,2.2825963,0.16709813,-0.55126566,-0.95105654,0.309017,-0.5,0.8660254,0.0
2022-11-22 00:00:00,5.0,-0.71206546,0.2459601,0.04677211,2.0144355,-0.96913093,-1.3830982,-0.74604046,-1.1732273,0.6112352,0.994142,1.2799599,-0.66876996,1.5920445,1.687112,1.7629701,0.16809464,1.1071228,2.83227,0.7300282,1.4009577,1.6595783,1.9630643,-0.16284138,0.19135962,0.0,1.0,-0.5,0.8660254,0.0
2022-11-23 00:00:00,5.0,-0.45530808,-0.559941,0.1372781,0.07816537,-0.51865864,-0.65229154,0.8841071,-0.060866088,0.43530294,0.8758373,1.226307,-0.99848163,1.3456692,1.4808143,1.3291019,-0.80245966,0.94457835,2.5095391,0.43222323,1.200265,1.3754575,1.7757947,0.1625821,0.07798632,0.95105654,0.309017,-0.5,0.8660254,0.0
2022-11-24 00:00:00,5.0,0.33454683,0.7123755,1.0159864,0.2002663,-1.2977018,-1.1433815,-0.74213916,0.17438418,-0.07465302,0.5084147,0.96297127,-1.7558641,1.4047498,1.5351628,1.0767859,-0.5900393,1.1510364,2.320374,0.6573844,1.1971675,1.3995687,1.8404591,-0.89983886,0.11498309,0.58778524,-0.809017,-0.5,0.8660254,0.0
2022-11-25 00:00:00,5.0,0.414822,0.07134377,0.2869774,1.4671723,-1.2690966,-0.7353249,0.42154133,0.6241732,-0.50458235,0.15660766,0.69640994,-2.2809775,1.4864836,1.6100144,0.9196517,-0.21697077,1.4323404,2.218045,0.8485302,1.2080072,1.4545013,1.9297744,-1.0267774,0.12753463,-0.58778524,-0.809017,-0.5,0.8660254,0.0
2022-11-28 00:00:00,5.0,-0.11988374,-0.44301555,-1.3228642,1.5204841,-1.0633782,-0.48547152,0.13391128,0.05604432,-0.75859153,-0.08695603,0.5205409,-2.4882236,1.3610812,1.5054693,0.7094007,-0.23749565,0.40901884,2.4380972,0.7946439,1.0798305,1.254681,1.8446876,-0.79032075,1.2622834,-0.95105654,0.309017,-0.5,0.8660254,0.0
2022-11-29 00:00:00,5.0,-0.5803343,1.3239478,-0.64601856,0.1298769,0.036833655,-0.7532227,-0.51187813,-2.0308242,-0.14587335,0.21548381,0.71169055,-1.3388141,1.0356805,1.2482618,0.30922577,-0.17939527,-0.007319078,2.2558157,0.8328817,0.78875864,0.79551554,1.5556297,0.76196325,1.4612321,0.0,1.0,-0.5,0.8660254,0.0
2022-11-30 00:00:00,2.0,2.120078,1.987374,-1.2714468,-1.1093812,0.6239034,0.58874756,1.3989046,0.9631815,0.35900164,0.38014174,0.6618601,-0.1962718,1.7035385,1.8670444,0.44558573,0.9912122,0.12997414,2.1331682,1.6885571,1.416715,1.4065796,2.0775354,0.99088967,1.5291216,0.95105654,0.309017,-0.5,0.8660254,0.0
2022-12-01 00:00:00,2.0,0.88443756,1.5562624,-0.8617274,-0.55578876,0.28908533,1.3009382,0.573829,-0.20566666,0.27961254,0.2989838,0.54908794,-0.18932582,1.8598912,2.0215335,0.668305,1.2377819,0.4547016,2.0016456,2.0916562,1.5804882,1.5569433,2.207198,0.8569115,2.299527,0.58778524,-0.809017,-0.5,0.8660254,0.0
2022-12-02 00:00:00,2.0,0.3176238,-0.8628693,0.40077814,-0.7552437,0.08169221,0.3030409,-0.7926824,1.5187273,0.3165962,0.3143007,0.53328395,-0.089761965,1.8494993,2.0024996,0.78804666,1.1902417,0.68469155,2.2360954,2.1404307,1.5942776,1.4577527,2.1458707,0.6728612,1.6704968,-0.58778524,-0.809017,-2.4492937e-16,1.0,0.0
2022-12-05 00:00:00,2.0,-0.11877479,-0.43867612,-0.34478354,0.91093206,-0.96410406,-0.11359458,-0.52478504,0.1321896,-0.144121,0.04641263,0.3661418,-0.8142739,1.7027125,1.8608091,0.82597375,1.1795858,0.6676776,1.6540071,2.1258073,1.3990072,1.3137403,2.0532844,-0.8261804,1.3549511,-0.95105654,0.309017,-2.4492937e-16,1.0,0.0
2022-12-06 00:00:00,2.0,1.7173342,1.2272605,-1.0627826,0.4564599,0.18055277,0.7098511,0.70164806,1.7116774,0.2027818,0.15324584,0.31302464,0.008363043,2.0325458,2.1986227,1.0197418,2.1333113,1.4132718,1.7336134,2.6667151,1.8412358,1.7226717,2.2993543,0.17237285,0.2871364,0.0,1.0,-2.4492937e-16,1.0,0.0
2022-12-07 00:00:00,2.0,-0.16011302,1.3203027,0.53908515,-1.1347237,-0.65973705,-0.4306397,-0.97204876,-0.98272645,-0.17941391,-0.06178334,0.18326283,-0.60618484,1.8611516,2.0322921,1.1163237,1.1418447,1.4708823,1.649488,2.1902428,1.5474066,1.5530963,2.178029,-0.45275602,0.5912442,0.95105654,0.309017,-2.4492937e-16,1.0,0.0
2022-12-08 00:00:00,2.0,-1.2667018,-0.9201494,0.7067654,-1.1504865,2.118425,0.8904894,1.2414355,-0.22116338,0.53989094,0.43289155,0.5684425,0.29877377,1.2214949,1.5280449,0.68863034,0.20936522,0.9696991,1.4205961,1.757834,0.9576923,0.878703,1.6544743,1.1959589,0.29619148,0.58778524,-0.809017,-2.4492937e-16,1.0,0.0
2022-12-09 00:00:00,5.0,1.2741876,1.6916243,-0.6140194,-1.1891611,0.14584202,-1.1279477,-1.488036,0.4208737,0.4733113,0.35590827,0.4394983,0.36233637,1.4860349,1.7630539,0.6470474,0.6346653,1.2357459,1.7641531,2.3382173,1.4319499,1.1608945,1.8402189,0.5100115,2.555441,-0.58778524,-0.809017,-2.4492937e-16,1.0,0.0
2022-12-12 00:00:00,2.0,0.8550464,1.5368013,-0.999276,-0.51803213,-0.05130821,-0.11010983,0.96829504,0.03968454,0.13088869,0.12688275,0.24337754,-0.037178535,1.6117427,1.8712872,0.7486315,1.0536468,1.5100925,1.2938405,2.3967304,1.5576825,1.36202,1.9566752,0.25421458,1.5327777,-0.95105654,0.309017,-2.4492937e-16,1.0,0.0
2022-12-13 00:00:00,5.0,-0.8795357,-0.5133211,0.6509852,0.04348015,-0.91177136,-0.8059331,-0.7974694,-0.9920582,0.040827658,0.12695725,0.30431205,-0.31239834,1.208303,1.5309682,0.54957724,-0.074689664,1.3816587,0.949042,2.1368608,1.0406189,0.96502405,1.6672163,-0.9977372,0.94657403,0.0,1.0,-2.4492937e-16,1.0,0.0
2022-12-14 00:00:00,5.0,0.22711177,0.8614812,0.58013487,-0.14856274,-0.980422,-1.2132566,-0.6554357,-0.08196712,-0.49168214,-0.22486363,0.062407296,-1.0430076,1.2265253,1.526555,0.42985135,0.094233006,0.83733153,0.660049,2.193471,1.0200609,1.0318751,1.7010161,-1.3186923,0.4517902,0.95105654,0.309017,-2.4492937e-16,1.0,0.0
2022-12-15 00:00:00,5.0,0.12208873,-0.41204068,0.11263809,0.7569113,-0.93071693,-0.99624014,0.021134779,0.486252,-0.90048254,-0.5338156,-0.15779942,-1.5584341,1.2215704,1.5011859,0.3106004,0.69845253,0.6175975,0.71090823,2.0084536,0.95548236,1.051324,1.7134898,-1.3125466,0.30597392,0.58778524,-0.809017,-2.4492937e-16,1.0,0.0
2022-12-16 00:00:00,5.0,-0.635367,-0.871357,-0.5397943,0.13582401,-0.2945074,-1.4138296,-0.6985632,-0.2581409,-0.963485,-0.60933805,-0.184839,-1.5999318,0.93375504,1.2687439,-0.002644375,-0.13892698,0.33566523,0.66006535,1.930567,0.6409953,0.74042225,1.5053893,-0.6658328,1.1507196,-0.58778524,-0.809017,-2.4492937e-16,1.0,0.0
2022-12-19 00:00:00,5.0,0.119271204,0.52093273,0.6118409,0.740257,-0.032537058,-0.8192728,0.64037824,-0.16978817,-0.9733425,-0.7010766,-0.28653932,-1.4519994,0.94688904,1.2604023,-0.23495986,-0.4648022,0.40635315,0.69702727,2.014546,0.6198657,0.7257421,1.4789845,-0.3101817,1.224466,-0.95105654,0.309017,-2.4492937e-16,1.0,0.0
2022-12-20 00:00:00,5.0,-0.24542566,-0.28925002,1.9499823,-0.4391796,0.13718744,-1.3908063,-0.7909841,-0.029261708,-0.8954885,-0.70643973,-0.30533776,-1.2441769,0.8314655,1.1596086,-0.49084124,-0.18303047,-0.17562853,0.7808933,1.970617,0.46825305,0.5458548,1.352935,0.18367296,1.2177045,0.0,1.0,-2.4492937e-16,1.0,0.0
2022-12-21 00:00:00,4.0,-0.5639079,-0.1533376,0.46702376,1.1271536,-0.58717287,-1.4953005,-0.516768,-0.7171238,-0.9289267,-0.75391024,-0.32374373,-1.2488451,0.5809575,0.96976244,-0.83238786,-0.536325,-0.30108246,0.7526223,1.8003954,0.187257,0.23481567,1.1692908,-1.0887028,1.6352891,0.95105654,0.309017,-2.4492937e-16,1.0,0.0
2022-12-22 00:00:00,4.0,0.08776391,-0.14955772,0.564758,1.0778121,-1.639851,-1.772235,-1.003651,0.20746587,-1.5651184,-1.2495333,-0.6964982,-1.9724156,0.6019314,0.96943283,-1.0973523,-0.55476546,0.107463896,0.7093048,1.7454412,0.1677507,0.2136054,1.214472,-2.2641518,1.5314533,0.58778524,-0.809017,-2.4492937e-16,1.0,0.0
2022-12-23 00:00:00,4.0,0.95938855,1.0978683,-0.1641487,-0.20429957,-1.2503862,-1.1935825,1.1464503,1.0704556,-1.3284105,-1.2626405,-0.86101615,-1.3774345,0.9107154,1.1774647,-0.95900464,0.15842825,0.010363897,0.8319523,2.1458297,0.580569,0.5751223,1.3856976,-1.917405,0.9503356,-0.58778524,-0.809017,-2.4492937e-16,1.0,0.0
2022-12-28 00:00:00,4.0,-0.25797275,1.3113222,0.35256797,-1.2844148,-0.9964938,-1.4282522,-0.9707828,-1.0162046,-1.5656731,-1.4784808,-1.0553577,-1.6588485,0.79860973,1.0868934,-0.9888215,-0.011826568,-0.33942991,0.8081944,2.03669,0.4232973,0.39000785,1.3166739,-1.5539701,0.8178147,-0.95105654,0.309017,-2.4492937e-16,1.0,0.0
2022-12-29 00:00:00,4.0,0.51081985,0.69605064,2.2352688,-1.2656904,-0.8672075,-0.36424494,2.7241306,0.49982432,-1.4246646,-1.4937469,-1.1939691,-1.2874866,0.9652879,1.1910509,-0.8340195,0.33502263,0.100216486,1.0278919,2.0230818,0.8587204,0.53882366,1.3877877,-1.384136,0.12980683,0.58778524,-0.809017,-2.4492937e-16,1.0,1.0
2022-12-30 00:00:00,4.0,-0.40510803,0.78582937,-0.8069065,0.98986,-1.2041342,-0.28362012,-0.1072086,-0.8674365,-1.533369,-1.6025485,-1.3149219,-1.403098,0.76876605,1.052575,-0.885734,0.41220945,-0.10206115,0.52364457,1.9278854,0.5556651,0.27808702,1.2621291,-1.7710688,-0.39880377,-0.58778524,-0.809017,-2.4492937e-16,1.0,1.0
2023-01-03 00:00:00,4.0,0.022230292,-1.4532769,-0.5570558,-1.2281427,-0.7181819,-1.0524366,-1.2318163,0.85966855,-1.6357591,-1.721662,-1.4922915,-1.5498625,0.7751426,1.0386348,-0.9025665,0.38082963,-0.13528532,0.34915715,1.449348,0.56581974,0.26053277,1.2450546,-1.3204048,-1.8522657,-0.95105654,0.309017,-2.4492937e-16,1.0,1.0
2023-01-04 00:00:00,4.0,0.66371316,1.1757779,-0.955268,0.12338763,2.1741548,-0.58707976,0.68662894,-0.7439202,-0.7527172,-1.1921902,-1.2487358,-0.06995085,0.9958809,1.1734195,-0.6587045,0.23477228,0.277125,0.42021313,1.5533087,1.1561716,0.48699456,1.2013266,1.1496612,-1.7953533,0.95105654,0.309017,0.5,0.8660254,0.0
2023-01-05 00:00:00,5.0,1.1674594,1.4984895,-1.3399518,-0.5175938,0.4539837,0.045346905,0.7002931,0.46789634,-0.6647584,-1.1660694,-1.3801435,0.22287357,1.3133487,1.4020753,-0.21460164,0.8718673,0.6028137,0.6847327,1.8085845,1.864226,0.95443344,1.3799113,0.6054188,-1.0217475,0.58778524,-0.809017,0.5,0.8660254,0.0
2023-01-06 00:00:00,4.0,0.368543,-1.0138988,-0.06372726,-0.28117308,-0.1272073,0.02498473,-0.29589626,1.4038483,-0.6306248,-1.1185658,-1.4063278,0.30743396,1.3857749,1.4502084,0.12559302,0.795109,0.7951821,0.40178046,2.0000603,1.6010714,1.0667477,1.3685031,-0.64144003,0.02200062,-0.58778524,-0.809017,0.5,0.8660254,0.0
2023-01-09 00:00:00,4.0,-0.27017686,-1.0076661,-0.55968595,0.16510239,-0.18868817,-0.059050895,-0.28009674,0.37051272,-0.87239546,-1.2293899,-1.4880955,-0.09222173,1.269247,1.359509,0.24742281,0.85928124,0.89701724,0.3867292,2.0226142,1.1641092,0.94023937,1.2792885,-0.7366604,-0.5147775,-0.95105654,0.309017,0.5,0.8660254,0.0
2023-01-10 00:00:00,4.0,0.6005749,0.62718797,0.48306757,0.19655523,-0.9485653,0.10124308,-0.20321077,0.75790733,-1.0094478,-1.3336908,-1.6334634,-0.21914744,1.4117832,1.4643431,0.44802958,1.1233449,1.0539867,0.7943975,2.0823953,1.2799289,1.184177,1.3819909,-1.789297,-0.79147345,0.0,1.0,0.5,0.8660254,0.0
2023-01-11 00:00:00,4.0,-0.2923078,-0.40080738,-0.7121288,1.8836973,-1.0759367,-0.09270081,-0.30865365,-0.20768465,-1.4882562,-1.6367632,-1.8531414,-1.0230161,1.3008665,1.3789382,0.5127542,0.72373325,0.6590014,0.46186036,2.0724869,0.9460974,1.122475,1.3764362,-1.8696015,-1.5939151,0.95105654,0.309017,0.5,0.8660254,0.0
2023-01-12 00:00:00,4.0,0.025606174,-0.19997102,2.2801232,0.086010695,-0.13129917,0.7400594,0.3279625,0.24946944,-1.5788215,-1.7219845,-1.9406353,-1.1633132,1.3123739,1.3751307,0.48049623,0.2015208,0.7507485,0.2798413,1.9299277,0.8218334,1.1690418,1.3672774,-0.76100856,-1.248579,0.58778524,-0.809017,0.5,0.8660254,0.0
2023-01-13 00:00:00,4.0,-0.027967546,-0.37630963,-0.1800812,1.4629431,0.5277915,0.5388774,-0.28588402,0.3261493,-1.450552,-1.6548188,-1.9073476,-0.9178836,1.3120563,1.3622168,0.3607923,0.017732395,0.5783525,0.48503435,1.8525873,0.6938355,1.097319,1.2838464,-0.06215668,-0.40161222,-0.58778524,-0.809017,0.5,0.8660254,0.0
2023-01-16 00:00:00,4.0,0.25775144,0.7838463,-0.81543624,0.7632206,-0.5218174,-0.105334654,-0.5228362,0.12119473,-1.6442344,-1.8078697,-2.05632,-1.2294524,1.3772006,1.4031671,0.36465007,0.26204056,0.7868045,0.4936961,1.7277408,0.68665105,1.2757351,1.3729169,-1.2244264,-0.3705272,-0.95105654,0.309017,0.5,0.8660254,0.0
2023-01-17 00:00:00,4.0,-0.17745262,-0.42682612,0.62175983,0.84729517,-0.054594453,0.07138911,-0.048127566,0.0755612,-1.6274358,-1.8054308,-2.054434,-1.1979833,1.3390684,1.362128,0.23374997,-0.09853967,0.7392731,0.43558368,1.7899085,0.5208695,1.1555963,1.2997057,-0.58059984,-0.4368813,0.0,1.0,0.5,0.8660254,0.0
2023-01-18 00:00:00,4.0,-0.52725136,-0.5488633,0.45361638,0.6502985,0.004370676,-0.37214145,-0.4201358,-0.38202086,-1.5724044,-1.7590159,-1.9944401,-1.1350398,1.0284189,1.186299,-0.09162581,-0.2035704,0.37699655,0.48319554,1.7514697,0.25357255,0.79883546,1.114108,-0.503671,-2.3582237,0.95105654,0.309017,0.5,0.8660254,0.0
2023-01-19 00:00:00,4.0,-0.008574559,1.0393379,-1.1406616,0.2715722,-0.60648674,-0.016289338,0.0736341,-0.35917094,-1.7090185,-1.8581617,-2.0759323,-1.3939778,1.065608,1.1982274,-0.3240895,-0.22070727,-0.010410703,0.4617097,1.7292501,0.2109541,0.8310337,1.1573045,-1.3447654,-2.1438825,0.58778524,-0.809017,0.5,0.8660254,0.0
2023-01-20 00:00:00,4.0,-0.32840917,0.8801856,0.22071637,-0.49775323,0.11079916,-1.381236,-1.0705625,-0.86505085,-1.621949,-1.7970018,-2.0126684,-1.2482202,1.003141,1.1547503,-0.6228973,-0.3611784,-0.24188313,0.47323248,2.0066054,0.057149723,0.6283302,1.0677719,-0.5275367,-2.2343876,-0.58778524,-0.809017,0.5,0.8660254,0.0
2023-01-26 00:00:00,4.0,0.53934157,1.2979659,-1.2804528,-0.43602997,-0.33338585,-0.83441406,0.40406466,0.30262008,-1.5417753,-1.7614299,-2.0105982,-1.0277585,1.2680877,1.3237761,-0.6165506,-0.26542482,0.020585306,0.77571857,2.0210168,0.3059533,0.99336386,1.2433174,-1.0667487,-1.5832462,-0.95105654,0.309017,0.5,0.8660254,0.0
2023-01-27 00:00:00,4.0,0.7719543,1.2337694,-1.3817865,-0.22598742,-0.73414665,-0.0072332057,0.6189458,0.8047076,-1.3351041,-1.6398051,-1.9495395,-0.49343142,1.555247,1.5342654,-0.3209205,0.19967455,0.057527628,0.974365,2.004343,0.6922754,1.4530811,1.4177763,-1.5272825,-0.93599916,-0.58778524,-0.809017,0.5,0.8660254,0.0
2023-01-30 00:00:00,4.0,-0.046965484,0.43496045,-1.017065,1.50131,-0.8286143,-0.904911,-0.6561643,-0.042391825,-1.5422839,-1.7476547,-2.0062127,-1.013396,1.6088707,1.5667534,-0.10042207,0.4710459,0.15408498,0.7139262,1.9093269,0.60906184,1.5645465,1.531032,-1.521808,-0.038201608,-0.95105654,0.309017,0.5,0.8660254,0.0
2023-01-31 00:00:00,4.0,-1.5810974,-1.7324011,-0.9383872,-0.84734654,1.7150694,2.3195221,2.3398318,-0.4984655,-0.9987099,-1.3517076,-1.6522855,0.081680536,0.41691658,0.95196486,-0.680387,-0.33948034,-0.42004514,0.41878977,1.8870367,-0.29210702,0.055142473,0.79328114,1.2523533,1.5726914,0.0,1.0,0.5,0.8660254,0.0
2023-02-01 00:00:00,4.0,-0.7840908,-1.1961346,-0.4610448,0.11851169,1.6026617,1.313601,-0.4981547,0.17572117,-0.6607071,-1.0846602,-1.4237475,0.677669,-0.038751286,0.7275384,-1.2733833,-0.59369963,-0.74846375,0.054505654,1.835731,-0.8300617,-0.7231532,0.4423014,1.2475975,1.4234068,0.95105654,0.309017,0.5,0.8660254,0.0
2023-02-02 00:00:00,4.0,0.21714835,0.58748543,-1.3184146,1.37564,-0.054606695,-0.035523757,-0.76380205,0.06063263,-0.84080225,-1.1607724,-1.4700682,0.31555453,0.17923681,0.85715187,-1.517221,-0.7735817,-0.82582265,0.2683018,1.5709659,-0.5966206,-0.55615944,0.57935476,-0.19870278,1.9825274,0.58778524,-0.809017,0.8660254,0.5,0.0
2023-02-03 00:00:00,4.0,-0.5116493,-1.6944728,-0.745441,-1.134574,0.009589803,-0.39650726,-0.2963217,0.42289132,-0.9168017,-1.1664598,-1.4399406,0.08519913,-0.105118856,0.7094656,-1.7655154,-1.4402134,-0.9725749,0.1216297,1.374321,-0.96155965,-1.0774722,0.43394288,0.05694474,1.5178033,-0.58778524,-0.809017,0.8660254,0.5,0.0
2023-02-06 00:00:00,4.0,-0.9532413,-0.9176488,-1.1232512,1.1714855,0.0035969005,-0.37700993,-0.12169104,-0.6726791,-0.77523285,-1.038085,-1.308994,0.28158775,-0.837973,0.33378285,-2.0802453,-1.8502288,-1.1509267,-0.5103209,1.4299587,-2.0459435,-2.038397,0.04623651,-0.29138288,2.2176929,-0.95105654,0.309017,0.8660254,0.5,0.0
2023-02-07 00:00:00,4.0,-1.2680002,-1.0053482,-1.245594,0.95675915,-0.7347992,-0.4939041,-0.2306784,-1.1579475,-0.51914907,-0.8295123,-1.1118935,0.7034824,-1.7306985,-0.22654243,-2.424408,-1.6129282,-1.6414756,-1.6486992,1.0047848,-3.0,-2.8871145,-0.499926,-1.0862105,2.340603,0.0,1.0,0.8660254,0.5,0.0
2023-02-08 00:00:00,4.0,-0.028633988,-0.006820865,3.0,-1.0237064,-0.7143864,-1.396912,-0.773629,0.008265578,-0.83369225,-0.98994964,-1.2041806,0.08259678,-1.5846165,-0.19423997,-2.576631,-1.2596419,-1.4834869,-1.9163882,0.8509775,-2.9113843,-2.6176248,-0.4886924,-1.2321512,2.7119277,0.95105654,0.309017,0.8660254,0.5,0.0
2023-02-09 00:00:00,4.0,-0.25140935,-0.09609337,2.0473728,0.35928854,-0.5347051,-1.0330867,0.05940985,-0.2460707,-1.097166,-1.1346437,-1.2821923,-0.5165624,-1.6109146,-0.25566566,-2.6105418,-1.4783021,-1.7709231,-1.9275819,0.83288914,-2.8241963,-2.5597723,-0.5758649,-0.90912277,2.776903,0.58778524,-0.809017,0.8660254,0.5,0.0
2023-02-10 00:00:00,4.0,0.5785559,1.6694654,-0.9740499,-1.5076631,1.4631039,-0.8338359,-0.04452198,-0.6018022,-0.95655686,-1.0867944,-1.2776005,-0.08959752,-1.0114607,0.04354153,-2.2321672,-0.93708795,-1.8274118,-2.0557492,0.96348435,-1.7619184,-1.8052459,-0.3778042,0.8481351,2.3290677,-0.58778524,-0.809017,0.8660254,0.5,0.0
2023-02-13 00:00:00,4.0,-1.2763281,-1.706831,-0.86850005,-1.1325338,0.74594176,-0.99843717,-0.35265177,-0.41004178,-0.78249055,-0.9494363,-1.1413691,0.13675971,-1.9354141,-0.6493231,-2.1826906,-1.0622272,-2.1822984,-2.4782312,0.9196769,-2.8079388,-2.5221145,-1.0609622,0.46141443,2.096501,-0.95105654,0.309017,0.8660254,0.5,0.0
2023-02-14 00:00:00,4.0,-0.26536825,0.95468974,-0.32409763,-0.23323299,0.77194226,-0.89752734,-0.08114965,-1.2042336,-0.76574075,-0.9286308,-1.1146544,0.2059985,-1.9104515,-0.7179953,-2.0938334,-0.5749577,-1.6546012,-2.4911585,0.44748974,-2.5811992,-2.3764794,-1.2158074,0.5409886,1.890018,0.0,1.0,0.8660254,0.5,0.0
2023-02-15 00:00:00,4.0,-0.3161139,-1.4820102,-1.0703712,-0.32522386,-1.5682269,-1.3919066,-0.7504475,0.19676052,-1.2657195,-1.2023135,-1.2638669,-0.8795355,-1.9226881,-0.81557596,-2.129166,-0.6954329,-1.4934887,-2.4719367,0.307574,-2.4213939,-2.362966,-1.3323094,-1.6197098,1.7974675,0.95105654,0.309017,0.8660254,0.5,0.0
2023-02-16 00:00:00,4.0,-0.9965284,-1.4845506,-1.1212658,-0.43245685,0.5171323,0.105036065,1.6719462,-0.08264886,-1.1679871,-1.1428121,-1.1920439,-0.6504946,-2.3224208,-1.2565539,-2.1489546,-1.0055707,-1.921526,-2.7430942,-0.047944494,-2.643464,-2.6421957,-1.7723749,0.4883154,1.6354499,0.58778524,-0.809017,0.8660254,0.5,0.0
2023-02-17 00:00:00,4.0,0.36711812,0.1097342,2.714459,-0.7945144,0.7348153,0.23210232,-0.032953735,0.4513844,-0.9068932,-1.0308574,-1.1431352,0.04232207,-1.8585496,-1.0178533,-1.9198642,-1.1767595,-1.6186539,-2.415149,0.011650957,-2.0423584,-2.1044638,-1.5928894,0.54699725,1.2083509,-0.58778524,-0.809017,0.8660254,0.5,0.0
2023-02-20 00:00:00,4.0,-0.91459835,-1.2586428,0.29556048,-1.2411903,0.12721747,-0.78089434,-0.9418462,-0.25618836,-0.94635534,-1.0299525,-1.1087579,-0.12909374,-2.1753414,-1.4002323,-1.9154688,-0.9748164,-1.5827575,-2.3437593,-0.019051302,-2.2091782,-2.352897,-1.9364007,-0.12291764,1.1849025,-0.95105654,0.309017,0.8660254,0.5,0.0
2023-02-21 00:00:00,4.0,0.33498317,0.925761,0.079504944,-0.4453544,0.20292611,-0.1650047,0.48184878,-0.2759562,-0.9980142,-1.0806334,-1.1539978,-0.17429388,-1.7630159,-1.1726645,-1.7218268,-0.69729793,-0.9851856,-2.1534948,0.02845426,-1.738966,-1.9234334,-1.7459149,0.20143424,1.3343526,0.0,1.0,0.8660254,0.5,0.0
2023-02-22 00:00:00,4.0,-1.1963751,-1.3961133,-0.16433708,-1.1526228,0.81808007,-0.043395482,0.038956754,-0.2612687,-0.78183645,-0.93671054,-1.0337058,0.15919814,-2.1794395,-1.6756756,-1.681773,-1.0808688,-1.3530174,-2.2724686,0.009593066,-1.9988226,-2.2452688,-2.1607995,0.9424423,1.6066992,0.95105654,0.309017,0.8660254,0.5,0.0
2023-02-23 00:00:00,4.0,-0.4750759,-0.6349884,0.8552645,0.03238044,-0.6887411,-0.49505842,-0.4988581,-0.21777672,-1.0318726,-1.0721359,-1.0988638,-0.39966723,-2.2075672,-1.8147717,-1.7004181,-0.861648,-1.388785,-2.4587383,0.030347701,-1.8780811,-2.20888,-2.265915,-0.66826725,1.152147,0.58778524,-0.809017,0.8660254,0.5,0.0
2023-02-24 00:00:00,4.0,-0.36777154,0.019485543,3.0,-1.1328312,-0.7183781,-0.49416617,-0.17480543,-0.5138091,-1.2005892,-1.1811494,-1.1591238,-0.7931301,-2.1857555,-1.8930757,-1.6654428,-1.2051301,-1.6911958,-2.6444988,-0.06853664,-1.7856939,-2.0838442,-2.325036,-0.6653163,0.72538686,-0.58778524,-0.809017,0.8660254,0.5,0.0
2023-02-27 00:00:00,4.0,-1.142843,-1.6685988,-0.8284981,-1.3169193,-1.2221993,0.16405149,0.556683,-0.6865207,-1.1073254,-1.1135342,-1.0904013,-0.7334596,-2.4212093,-2.2721643,-1.7162875,-1.3031356,-1.5667123,-2.72247,-0.28485146,-2.0198529,-2.2676945,-2.6141026,-1.2713732,0.8129103,-0.95105654,0.309017,0.8660254,0.5,0.0
2023-02-28 00:00:00,4.0,-0.32744005,0.69815063,1.2515161,-1.0589296,-0.62716043,-0.08242917,-0.3666084,-0.9560182,-1.2207015,-1.1869457,-1.1354673,-1.0511048,-2.343046,-2.2781515,-1.7100459,-1.5855323,-1.5507449,-2.2598367,-0.31681594,-1.8335896,-2.1325269,-2.5701058,-0.6454352,0.38848367,0.0,1.0,0.8660254,0.5,0.0
2023-03-01 00:00:00,4.0,-0.616603,-1.0334201,0.7842405,-1.2879299,1.0062761,2.6129346,1.3983828,0.22400062,-0.9773825,-1.052343,-1.0555652,-0.52986026,-2.3600135,-2.3979015,-1.6091121,-1.3123374,-1.6107635,-2.1117086,-0.30271545,-1.7536709,-2.071733,-2.5912228,0.7404849,0.64113295,0.95105654,0.309017,0.8660254,0.5,0.0
2023-03-02 00:00:00,4.0,2.4428658,1.599529,-0.7908719,-1.3178359,3.0,2.5912313,0.07400661,0.18581198,0.22410744,-0.42213875,-0.806336,2.2642846,-1.0105647,-1.264346,-0.7530695,-0.039640356,-0.5941294,-1.6557789,-0.42086995,-0.71191525,-0.73200446,-1.5963757,1.9774415,-0.1494476,0.58778524,-0.809017,1.0,6.123234e-17,0.0
2023-03-03 00:00:00,4.0,-0.6810547,0.30042863,1.257783,0.25884292,-0.85587984,0.2015156,-1.13523,-1.2475532,-0.16490698,-0.5550198,-0.84039307,1.2657638,-1.1841239,-1.4568506,-0.46940404,-0.17270006,-0.896437,-1.6398438,-0.70969117,-0.8705626,-0.85461783,-1.7292768,-1.1680037,-0.18389423,-0.58778524,-0.809017,1.0,6.123234e-17,0.0
2023-03-06 00:00:00,4.0,0.32579422,-1.0468748,-0.6213566,0.24415903,-0.7530284,0.9368341,0.32006362,1.2820342,-0.52810633,-0.7453133,-0.9557074,0.55569977,-0.9727768,-1.256157,-0.14449354,0.5032785,-0.52712613,-1.3506122,-0.7484317,-0.6025335,-0.60919225,-1.5759487,-1.0717483,-0.03241481,-0.95105654,0.309017,1.0,6.123234e-17,0.0
2023-03-07 00:00:00,4.0,0.0059444127,0.9581262,0.4275379,-0.8255394,-0.30802053,1.6048208,0.30449894,-0.75123006,-0.7988756,-0.8955224,-1.0400717,0.0001663216,-0.898386,-1.184716,0.14017141,0.66802806,-0.62410176,-1.0401058,-0.73791045,-0.48940843,-0.51260316,-1.5191119,-0.30733383,-0.17791054,0.0,1.0,1.0,6.123234e-17,0.0
2023-03-08 00:00:00,1.0,-0.28113076,-0.20887662,1.60749,0.12122622,1.922646,3.0,1.4763037,-0.03139487,-0.011646049,-0.42535213,-0.7642001,1.425279,-0.9534336,-1.230245,0.33443913,0.91592306,-0.34872624,-1.0911297,-1.16704,-0.5203478,-0.5133818,-1.5137573,1.9169991,-0.27885917,0.95105654,0.309017,1.0,6.123234e-17,0.0
2023-03-09 00:00:00,4.0,-1.5988295,-1.1801068,-0.9126708,0.10348535,-0.3855022,1.1011469,-1.0406685,-1.5855764,0.48968378,-0.017857522,-0.45345116,1.8707141,-1.4463863,-1.7302954,0.21209536,-1.0796313,-0.6653021,-1.3351645,-1.3566341,-1.157411,-0.9586391,-1.8210286,-0.12512963,-0.3834331,0.58778524,-0.809017,1.0,6.123234e-17,0.0
2023-03-10 00:00:00,1.0,-0.4953105,-1.0783004,0.22678702,-0.98434174,-0.62765807,0.2693411,-0.6641604,0.11153269,-0.0924716,-0.2866746,-0.5700285,0.7725196,-1.5114672,-1.7932122,0.069356784,-0.9581402,-0.6907946,-1.5515102,-1.1537124,-1.2680417,-1.0168238,-1.8918192,-0.91034013,-0.06357468,-0.58778524,-0.809017,1.0,6.123234e-17,0.0
2023-03-13 00:00:00,1.0,-2.1140745,-1.2277291,-0.3947485,-0.8185246,0.15458746,2.2457817,2.056626,-1.9260883,0.9580722,0.42555305,-0.08070058,1.8530495,-1.9144286,-2.2515023,-0.2743028,-2.030408,-0.92414564,-1.634016,-1.7197621,-1.8597007,-1.484901,-2.1570039,0.46076697,0.5663722,-0.95105654,0.309017,1.0,6.123234e-17,0.0
2023-03-14 00:00:00,1.0,1.34491,1.3422095,-0.06152078,-1.0926117,0.48821515,1.3479646,-0.54384524,0.5021618,0.91710234,0.41412422,-0.13542049,1.7325512,-1.3430407,-1.7274842,-0.22441937,-1.4546397,-0.4672836,-1.3320675,-1.7201765,-1.1512799,-0.94631505,-1.7878939,1.1806667,0.55950356,0.0,1.0,1.0,6.123234e-17,0.0
2023-03-15 00:00:00,1.0,-1.5758982,-0.868406,-0.12288323,-0.061676033,1.1679983,1.0643269,-0.23363303,-1.0098287,1.6075644,0.9839467,0.2646588,2.0234828,-1.6065559,-2.0083647,-0.35248277,-1.9624802,-0.7436757,-1.5257095,-1.7015557,-1.5431638,-1.2528678,-1.9481902,1.811836,-0.08866247,0.95105654,0.309017,1.0,6.123234e-17,0.0
2023-03-16 00:00:00,1.0,1.0350099,0.18808493,1.7391151,0.2147195,-0.2766846,0.40675262,-0.57357496,1.5107766,1.514415,1.0141928,0.26144657,1.8258209,-1.206758,-1.6262398,-0.20464143,-0.7809069,-1.2407486,-1.1277174,-1.6011869,-0.98739237,-0.84262806,-1.6684749,0.15248145,-0.115364544,0.58778524,-0.809017,1.0,6.123234e-17,0.0
2023-03-17 00:00:00,1.0,-1.1486344,0.12327372,1.6963006,0.35846034,-0.47841522,0.92676896,0.4279761,-1.8872721,1.3647987,1.1222712,0.4418183,1.397275,-1.3930215,-1.8080152,-0.24178456,-1.0747775,-1.3566848,-1.387089,-1.7505698,-1.2563099,-1.0743243,-1.8004308,-0.3569982,-0.30351016,-0.58778524,-0.809017,1.0,6.123234e-17,0.0
2023-03-20 00:00:00,2.0,1.0921005,0.5432383,0.01417305,1.1375353,-0.3451233,2.1666574,1.3073462,1.2612652,0.8701985,0.8359832,0.27045798,0.9336306,-1.0041392,-1.4420948,-0.01918339,0.32567403,-1.12417,-1.0063804,-1.458146,-0.7307841,-0.6695375,-1.547603,-0.09645692,-0.5322206,-0.95105654,0.309017,1.0,6.123234e-17,0.0
2023-03-21 00:00:00,1.0,-1.7480986,-1.0494998,-0.8685163,0.3102801,1.3636863,0.23316701,-1.3048449,-0.91777194,2.020587,1.7774282,0.971902,1.7599344,-1.3103105,-1.7471417,-0.05815218,-1.0400407,-1.6322917,-1.3694901,-1.6818683,-1.2312783,-1.0238141,-1.6973627,1.8088202,-0.7829737,0.0,1.0,1.0,6.123234e-17,0.0
2023-03-22 00:00:00,1.0,0.8897769,0.9574529,-0.5106629,0.58424586,-0.4411075,-0.93097746,-1.2079945,0.6166251,0.9893865,1.1600454,0.645119,0.75621295,-1.0057261,-1.4526861,0.06650954,0.0402002,-1.261986,-0.9757479,-1.494225,-0.77702487,-0.716064,-1.5163598,-0.40180612,-0.80482167,0.95105654,0.309017,1.0,6.123234e-17,0.0
2023-03-23 00:00:00,4.0,1.0907617,0.87229353,1.1719074,-1.3554689,0.0025984782,-0.44794744,0.6362314,0.85807914,1.1029739,1.2148905,0.65954334,0.92896223,-0.66457516,-1.1299375,0.42271236,0.08807042,-0.45703027,-0.6903029,-1.2271363,-0.2890667,-0.30950585,-1.2454777,0.40335405,-1.0887561,0.58778524,-0.809017,1.0,6.123234e-17,0.0
2023-03-24 00:00:00,1.0,1.4351075,1.4267428,-1.0400515,-0.33215353,1.1006774,-0.32024598,0.08816656,0.09041716,1.1086764,1.163156,0.58801126,1.0668225,-0.26092696,-0.74165833,0.922228,1.249868,0.12316401,-0.3588472,-1.057672,0.34134877,0.1765654,-0.92706406,1.7099184,-0.92069787,-0.58778524,-0.809017,1.0,6.123234e-17,0.0
2023-03-27 00:00:00,1.0,-0.4531697,0.00820391,1.8127551,0.24172203,-0.6000648,-0.688938,-0.4386985,-0.72133017,0.33363912,0.6946573,0.40647203,0.163631,-0.3569268,-0.8204661,1.1816447,0.56813127,0.58973724,-0.2184604,-1.2982873,0.1764,0.058814537,-0.98227316,-0.35029697,-1.1315441,-0.95105654,0.309017,1.0,6.123234e-17,1.0
2023-03-28 00:00:00,1.0,-1.1436058,-1.0866584,-0.21837105,-0.6163206,0.3435009,-0.48201695,0.15087351,-0.39569655,0.4216511,0.8168559,0.6445008,0.118773244,-0.6126021,-1.0458621,1.1211383,0.82629275,-0.13543278,-0.36701527,-1.3663853,-0.25542662,-0.28573084,-1.1335788,1.2320071,-1.1056042,0.0,1.0,1.0,6.123234e-17,1.0
2023-03-29 00:00:00,1.0,0.7255668,0.6086216,0.15361002,0.89034253,-0.43451616,-1.2379133,-0.9954707,0.658015,-0.14163695,0.3232559,0.2870492,-0.40741852,-0.39899614,-0.84401774,1.2212212,0.75461906,0.5287858,-0.11322136,-1.360305,0.055299457,-0.04043383,-0.97262466,0.099873126,-1.1192964,0.95105654,0.309017,1.0,6.123234e-17,1.0
2023-03-30 00:00:00,1.0,1.2902315,-0.7309878,0.072224416,0.049930863,-0.24707404,-0.21962108,1.2496436,2.9021666,0.70949,0.7898813,0.50672823,0.6959469,-0.048030946,-0.5137658,1.4212468,0.8535168,0.6231081,-0.3507609,-1.1095482,0.67360175,0.41736355,-0.6571637,0.07808035,-0.6319577,0.58778524,-0.809017,1.0,6.123234e-17,1.0
2023-03-31 00:00:00,1.0,0.34284186,0.60907245,-0.8986171,2.2492924,-0.5623776,0.27710855,0.45582354,0.049540736,0.004594398,0.27051863,0.15154417,-0.07425517,0.053141836,-0.41299403,1.6286808,0.35418934,1.0473454,-0.15167925,-1.0650009,0.8608396,0.57003707,-0.5597883,-0.12531269,-0.5563818,-0.58778524,-0.809017,1.0,6.123234e-17,1.0
2023-04-03 00:00:00,1.0,0.27723113,-0.80166954,0.515032,-0.77681684,0.023048839,0.30405277,-0.039150495,1.325748,-0.05114858,0.1806428,0.076745436,-0.10029616,0.13927369,-0.32918456,1.7245797,0.6845694,0.8171518,-0.16402502,-1.146956,1.0450678,0.6845595,-0.47017473,0.4872381,-0.62713844,-0.95105654,0.309017,1.0,6.123234e-17,1.0
2023-04-04 00:00:00,4.0,0.05101434,0.34416652,0.026478285,1.9022893,-1.1591555,-0.33330327,-0.6296661,-0.21514732,-0.7407763,-0.36104506,-0.3261792,-0.86961186,0.16667442,-0.30264178,1.7921076,1.2442355,1.3403053,-0.15799104,-1.3418407,1.1605581,0.75925857,-0.43329224,-1.1831095,-0.6316812,0.0,1.0,0.8660254,-0.5,0.0
2023-04-06 00:00:00,4.0,-0.4066142,-0.5746136,-1.0753946,1.8525138,-1.2400022,-0.6270846,-0.45970166,-0.31250316,-1.0866218,-0.6748511,-0.5477899,-1.2369633,0.0403442,-0.39620417,1.702723,0.7456876,0.9770871,-0.18206386,-1.4303162,1.0483866,0.65826535,-0.48923874,-1.2115624,-0.6512585,0.95105654,0.309017,0.8660254,-0.5,0.0
2023-04-11 00:00:00,4.0,0.22541757,1.4547738,-0.84778804,-0.40758088,-1.0602062,-0.99241734,-0.5513628,-0.7571203,-1.5354558,-1.1528072,-1.0098435,-1.6433072,0.11989941,-0.32724676,1.6458703,0.24206692,0.73392045,0.17135215,-1.338719,1.1198143,0.7624295,-0.41019848,-1.0535718,-0.6690799,-0.58778524,-0.809017,0.8660254,-0.5,0.0
2023-04-12 00:00:00,4.0,0.5679919,-0.22819677,0.6094817,0.781193,1.3401347,0.43816796,1.6125536,1.300922,-0.98405594,-0.91972774,-0.9677536,-0.837063,0.30716023,-0.1721796,1.5722071,0.35395813,0.47090536,0.37869784,-1.368266,1.304828,0.9254973,-0.24004082,1.5957645,-0.94350725,0.95105654,0.309017,0.8660254,-0.5,0.0
2023-04-13 00:00:00,4.0,-0.533316,-1.0928996,-0.8447031,0.10509773,-0.96874976,-0.651786,-1.0308565,-0.052071918,-1.3322769,-1.2172987,-1.2058603,-1.2601969,0.10380814,-0.31503692,1.4401519,-0.049240828,0.4635182,0.68653184,-1.3598286,0.96421134,0.68229395,-0.31388268,-0.92067164,-1.852618,0.58778524,-0.809017,0.8660254,-0.5,0.0
2023-04-14 00:00:00,4.0,0.17664538,1.4965738,-1.0267305,-0.33138132,1.2832797,-0.60301703,-0.12961872,-1.8200303,-0.7906753,-0.90428424,-1.0271995,-0.5410533,0.17451534,-0.2583851,1.2699964,0.013725827,0.9191709,0.46627647,-1.3328837,0.9747264,0.6934922,-0.2318799,1.5420717,-1.705069,-0.58778524,-0.809017,0.8660254,-0.5,0.0
2023-04-17 00:00:00,4.0,0.37591982,0.22756939,-0.036693208,2.236051,-1.5694549,-0.90637964,-0.5051057,0.45195493,-1.5314974,-1.5214154,-1.6377103,-1.3831396,0.32633814,-0.14188562,1.2530854,0.41655126,0.8132477,0.85234624,-1.2793167,1.0673949,0.81871957,-0.10615565,-1.5061184,-1.3029922,-0.95105654,0.309017,0.8660254,-0.5,0.0
2023-04-18 00:00:00,4.0,1.1865895,1.3319328,-0.42170736,-0.6765412,2.1579163,1.2087146,2.2936542,-0.32202914,-0.6105581,-0.9727155,-1.3558139,-0.05040414,0.7782387,0.21660449,1.2985897,0.91987157,0.7858164,0.8936904,-1.1930301,1.4876183,1.1902463,0.21741809,1.7749847,-1.0877149,0.0,1.0,0.8660254,-0.5,0.0
2023-04-19 00:00:00,4.0,-0.37460366,0.12673102,1.0532818,1.0976505,-1.3620394,-0.4415756,-1.2809927,-0.70042133,-1.2085657,-1.3766265,-1.655818,-0.83941436,0.601055,0.100408785,1.2853827,0.433192,0.5579745,1.0578234,-1.1983223,1.1989725,0.98428357,0.18170102,-1.4669733,-0.5461282,0.95105654,0.309017,0.8660254,-0.5,0.0
2023-04-20 00:00:00,4.0,-0.8684145,-1.46956,-1.0054951,-0.80323154,-0.33263296,-0.7397752,-0.3770505,-0.047663543,-1.2285583,-1.3706456,-1.578781,-0.9243779,0.17293172,-0.19257513,1.0282079,0.25446355,0.14414692,0.671598,-1.1986748,0.672847,0.51986784,-0.016192477,-0.03191439,-0.08380939,0.58778524,-0.809017,0.8660254,-0.5,0.0
2023-04-21 00:00:00,4.0,0.16594987,0.5335004,0.8671492,0.17255294,-1.3775526,-0.92778033,-0.33736792,-0.027967762,-1.8914803,-1.9035732,-2.0555525,-1.7912154,0.25457048,-0.13047019,0.8709141,0.25050458,0.18926284,1.0890002,-1.1812408,0.6888924,0.5113927,0.069701105,-1.4457871,0.4202167,-0.58778524,-0.809017,0.8660254,-0.5,0.0
2023-04-24 00:00:00,4.0,-0.98239255,-0.97674525,-0.5223433,-0.016603969,0.772163,-0.0033574759,0.69415224,-0.3423091,-1.274611,-1.4719032,-1.6383736,-0.95519537,-0.23670553,-0.48191097,0.4896521,-0.46633792,-0.031214787,0.7047261,-1.2482252,-0.14180592,-0.08737368,-0.20307279,1.0141786,0.13673142,-0.95105654,0.309017,0.8660254,-0.5,0.0
2023-04-25 00:00:00,4.0,-0.28142133,-0.23545577,-0.068724595,1.5425084,0.7823795,-0.5807497,-0.4970298,-0.10020452,-0.89067554,-1.2055976,-1.4222187,-0.4106138,-0.38803908,-0.5954958,0.18481933,-1.2236586,-0.22705513,0.4211539,-1.3820313,-0.54844725,-0.27677888,-0.25695348,0.98134494,1.2857722,0.0,1.0,0.8660254,-0.5,0.0
2023-04-26 00:00:00,4.0,-1.036078,-1.1380161,-0.9707887,-0.120359845,0.6051401,-0.6419196,-0.19158164,-0.24846785,-0.43444613,-0.8166361,-1.0301443,0.09868185,-0.9014572,-1.0021808,-0.18821566,-1.5555278,-0.85085166,-0.14884527,-1.6358533,-1.2844452,-0.78584224,-0.5415474,0.66278857,1.873886,0.95105654,0.309017,0.8660254,-0.5,0.0
2023-04-27 00:00:00,4.0,0.6496333,1.2843832,0.52508867,-1.346019,0.53511345,-1.1398094,-0.55498576,-0.48328096,-0.43854138,-0.8317393,-1.1208078,0.17364718,-0.5862736,-0.80313784,-0.30018276,-0.79609925,-0.40569666,0.118096635,-1.592505,-0.8239077,-0.49691808,-0.32188684,0.6370526,1.7242215,0.58778524,-0.809017,0.8660254,-0.5,0.0
2023-04-28 00:00:00,4.0,0.42380318,1.0028058,-0.31336898,0.47184917,-0.9466969,-0.59966385,0.39624128,-0.033583935,-1.0852083,-1.2882693,-1.5255467,-0.65704525,-0.3526518,-0.65123487,-0.32557085,-0.67074895,-0.315549,0.5399081,-1.3402773,-0.69415385,-0.38269627,-0.17279926,-1.3591657,1.7174181,-0.58778524,-0.809017,0.8660254,-0.5,0.0
2023-05-02 00:00:00,4.0,0.30535707,-0.11679776,2.146907,-1.0439633,-0.20110495,0.3429785,0.75312454,0.66262954,-1.0863543,-1.3156013,-1.5889896,-0.5994004,-0.17962863,-0.53401065,-0.24895619,0.020642765,-0.35033983,0.43279624,-1.2311504,-0.5555037,-0.26708788,-0.028932124,-0.25072828,1.8241327,-0.95105654,0.309017,0.8660254,-0.5,0.0
2023-05-03 00:00:00,4.0,0.262688,-0.4840908,0.14870778,0.47445634,1.8427153,-1.8635119,-1.8770516,1.4111483,-0.2835981,-0.76686627,-1.1948355,0.5613065,-0.030349713,-0.4369001,-0.10076359,0.30703548,-0.73636,0.1414221,-1.2846911,-0.354593,-0.09491736,0.120411634,1.6456971,1.233629,0.95105654,0.309017,0.5,-0.8660254,0.0
2023-05-04 00:00:00,4.0,-0.7154836,0.26909766,-0.6144585,2.8454869,-1.1147892,-1.5534173,-0.07172096,-1.3223273,-0.1416972,-0.57485354,-0.9719638,0.6242477,-0.5861892,-0.85792845,-0.14599378,0.48850638,-0.8613552,-0.16143557,-1.321625,-0.8331963,-0.4654037,-0.13593537,-1.4190997,1.2844449,0.58778524,-0.809017,0.5,-0.8660254,0.0
2023-05-05 00:00:00,4.0,0.9933911,1.6908445,-0.68508106,-1.2833774,-0.2102792,1.667835,3.0,0.08510433,-0.61784667,-0.91131526,-1.3030165,0.066480845,0.22074032,-0.2887085,-0.014221282,0.66515833,-0.11236775,0.035780337,-1.0882676,-0.06758899,0.062494796,0.31910652,-0.18067458,0.77300936,-0.58778524,-0.809017,0.5,-0.8660254,0.0
2023-05-08 00:00:00,4.0,0.43147832,-0.0027087,1.3357766,0.4959789,-0.5857774,1.6065698,-0.011849358,0.73358536,-1.0202966,-1.1994996,-1.5514858,-0.4561431,0.52247494,-0.03574258,0.14968441,0.6706446,-0.013408611,0.14589314,-0.8362301,0.2461189,0.286148,0.5565476,-0.9465777,0.8907817,-0.95105654,0.309017,0.5,-0.8660254,0.0
2023-05-09 00:00:00,4.0,0.93814737,1.3102436,-0.72918266,-0.2693307,-0.5942401,2.249014,0.8589003,0.5311205,-1.2937083,-1.4474274,-1.8069178,-0.74979883,1.1970986,0.55772406,0.43277767,0.99599975,0.7597354,0.548468,-0.73171204,0.90996796,0.7944738,1.0716075,-0.95248544,0.7831783,0.0,1.0,0.5,-0.8660254,0.0
2023-05-10 00:00:00,4.0,-1.4256012,-1.3118992,-0.73519635,-0.7221359,1.289783,1.5662766,-0.3675374,-0.192399,-0.51933706,-0.86093664,-1.2525418,0.25737083,0.030973174,-0.3846609,0.32087654,0.103897884,0.31060562,0.051920768,-0.91145986,-0.21774465,-0.0566664,0.33756912,1.4157374,0.87919295,0.95105654,0.309017,0.5,-0.8660254,0.0
2023-05-11 00:00:00,4.0,-0.27213666,-0.8232529,-0.69589543,0.604165,-1.0144742,0.18726571,-1.2254006,0.015711576,-1.1781845,-1.2770048,-1.5300251,-0.75453156,-0.19973688,-0.59964645,0.1726478,0.33859098,0.6228219,-0.20539434,-1.1166482,-0.39949626,-0.23731555,0.18333705,-1.2832009,0.87503237,0.58778524,-0.809017,0.5,-0.8660254,0.0
2023-05-12 00:00:00,4.0,0.017848836,-0.50762165,-0.9815012,1.8878278,-0.16052832,-0.44755596,-0.8377998,0.5279567,-1.246953,-1.3518751,-1.5926846,-0.8325505,-0.23437928,-0.61890405,0.06887567,-0.17989361,0.37377048,-0.034366187,-0.9066213,-0.3647223,-0.23264162,0.18208973,-0.11417971,0.8323544,-0.58778524,-0.809017,0.5,-0.8660254,0.0
2023-05-15 00:00:00,4.0,-0.337393,-1.4072559,-1.0929253,-0.69092655,-0.32476795,-0.3787079,-0.02440715,0.6600397,-1.374402,-1.4514179,-1.6491601,-1.0423585,-0.51891017,-0.8855206,-0.07968965,-0.5812847,0.070966244,-0.18895538,-0.93825406,-0.56297857,-0.43965635,-0.0580623,-0.5594149,0.82641494,-0.95105654,0.309017,0.5,-0.8660254,0.0
2023-05-16 00:00:00,4.0,1.3041533,1.5264378,-0.450687,-1.0402071,1.9365804,-0.09687068,0.29666644,-0.60141516,-0.40658534,-0.87703633,-1.3299543,0.6343633,0.569041,0.14027742,0.12593456,-0.3838997,0.47316855,0.08475847,-0.685692,0.39538202,0.39673066,0.801035,1.6989152,0.90807766,0.0,1.0,0.5,-0.8660254,0.0
2023-05-17 00:00:00,4.0,0.07457508,-1.1471605,-1.1553327,0.24438456,-0.12436216,-0.9797426,-1.2786797,1.2626365,-0.6829204,-1.016692,-1.4145081,0.19506839,0.57396954,0.18125097,0.24362233,0.41949812,0.40322796,-0.2653459,-0.4842203,0.5077906,0.47317863,0.85818195,-0.025051983,0.81595916,0.95105654,0.309017,0.5,-0.8660254,0.0
2023-05-18 00:00:00,4.0,-1.4139614,-1.4110312,-0.8286037,-1.0210283,1.1241945,-0.34994036,0.9673716,-0.11347741,-0.14849995,-0.565766,-0.9790499,0.7949573,-0.5244977,-0.9337559,0.021681478,-0.19172418,0.11529689,-0.572631,-0.81771237,-0.89380515,-0.2843821,0.0060867686,1.2209159,0.20187895,0.58778524,-0.809017,0.5,-0.8660254,0.0
2023-05-19 00:00:00,4.0,0.660637,0.28403977,1.6260836,0.107925735,-0.47050625,-0.5412079,-0.3873551,0.8617655,-0.34491086,-0.6779406,-1.0856217,0.5386332,-0.011147506,-0.39647317,0.005460922,0.15351528,-0.021608949,-0.101021096,-0.5269839,-0.20048994,0.10422572,0.42473778,-0.5438869,0.3948898,-0.58778524,-0.809017,0.5,-0.8660254,0.0
2023-05-22 00:00:00,4.0,-0.91514516,-0.44524604,0.12660488,0.64030313,-0.573867,-0.69922006,-0.3687883,-1.1222439,-0.21514443,-0.514097,-0.8881292,0.5817353,-0.6585687,-1.1043013,-0.19843046,-0.16257848,-0.5798518,-0.42864674,-0.78635323,-1.2836145,-0.38232914,-0.12228134,-0.53127056,0.4962478,-0.95105654,0.309017,0.5,-0.8660254,0.0
2023-05-23 00:00:00,4.0,0.87688977,1.0145564,0.25625813,-0.43326607,0.6736955,-0.9246785,-0.59406686,0.18276179,-0.15631072,-0.48183605,-0.9082794,0.72552943,0.020674376,-0.3737477,-0.13369341,-0.39242557,-0.60299695,0.14591719,-0.37875172,-0.18488042,0.119587936,0.44659677,0.89008623,0.5080577,0.0,1.0,0.5,-0.8660254,0.0
2023-05-24 00:00:00,4.0,-0.8340228,-1.1237543,-0.5401398,-0.45885077,0.7367765,-0.66555125,0.31820524,0.21607077,0.042225372,-0.26960883,-0.6789859,0.85242695,-0.56541044,-1.0042796,-0.26871654,-0.8820163,-0.35548007,-0.018006878,-0.4552383,-1.098628,-0.35950604,-0.06042711,1.0265479,0.7368908,0.95105654,0.309017,0.5,-0.8660254,0.0
2023-05-25 00:00:00,4.0,-1.0724275,-0.9871006,-0.7067661,0.0516689,-0.5444308,-0.044627257,0.9454261,-0.8974779,0.14228952,-0.10648947,-0.46438044,0.80560255,-1.2105322,-1.7159172,-0.58818626,-0.70756805,-0.70851415,-0.026520347,-0.6182872,-1.7968304,-0.9877013,-0.69956565,-0.61498785,0.50234926,0.58778524,-0.809017,0.5,-0.8660254,0.0
2023-05-29 00:00:00,4.0,-1.2839969,-0.9340856,-1.150256,0.7540031,-0.06314582,0.2518791,0.30759245,-1.1052353,0.7165135,0.38585538,0.00053830666,1.3305297,-1.8422811,-2.394291,-1.0230079,-1.7459319,-1.2770605,-0.66747606,-0.63466364,-1.9991403,-1.6094698,-1.3542305,0.26845062,0.26624313,-0.58778524,-0.809017,0.5,-0.8660254,0.0
2023-05-30 00:00:00,4.0,-0.6461284,-1.1996146,-0.45558873,-0.92416036,0.33725247,-0.41498497,-0.87146187,0.49228266,0.558732,0.3826441,0.08238842,0.96149504,-2.1130378,-2.5996673,-1.4519545,-1.6061577,-1.4207478,-1.0384438,-0.7285994,-1.7341372,-1.9175777,-1.6968688,0.53501934,-0.09974041,0.0,1.0,0.5,-0.8660254,0.0
2023-05-31 00:00:00,4.0,0.239425,0.2765844,0.0059958342,2.133402,-0.25581884,-0.3154232,-0.028562794,0.14366843,0.09937895,0.103771664,-0.102092095,0.3355029,-1.965714,-2.3391848,-1.6621413,-1.9051973,-1.8616147,-1.0776658,-0.53735495,-1.2738578,-1.7861654,-1.6367425,0.08346893,-0.19806731,0.95105654,0.309017,0.5,-0.8660254,0.0
2023-06-01 00:00:00,4.0,-1.307696,-0.7061963,-1.1163934,1.1800411,0.6782704,1.789046,2.9477332,-1.1026223,1.007564,0.7816885,0.4876721,1.3192549,-2.3411853,-2.7503266,-1.7792563,-2.0470572,-2.3102772,-1.5676572,-1.6076044,-1.4016359,-2.1052413,-2.027462,0.74821407,0.20715088,0.58778524,-0.809017,0.5,-0.8660254,0.0
2023-06-02 00:00:00,4.0,0.07142375,0.37427658,2.9232004,-1.4392267,-0.512631,-0.11281771,-1.4397271,-0.2767246,0.39693132,0.4337409,0.27745235,0.4731223,-2.2242057,-2.571018,-1.8474808,-1.4394982,-1.6693699,-1.3041126,-1.4378113,-1.0956218,-1.9936377,-2.0352585,-0.56236565,0.124671,-0.58778524,-0.809017,1.2246469e-16,-1.0,0.0
2023-06-05 00:00:00,4.0,2.8346403,1.6096451,-0.3838154,-1.2023935,1.6644602,1.029961,1.1989827,2.2013412,1.8421453,1.2742714,0.6914319,2.4814632,-0.19041696,-0.7612686,-0.94679105,0.6516893,-0.77817297,-0.6716463,-0.80073255,-0.050459642,-0.30958202,-0.38027027,1.3502904,1.2476122,-0.95105654,0.309017,1.2246469e-16,-1.0,0.0
2023-06-06 00:00:00,4.0,0.66359925,0.90540946,-0.7606547,1.201599,-1.1306666,-0.62133676,-1.50146,0.37196034,0.6989343,0.6054187,0.2386232,1.0267206,0.16595893,-0.394492,-0.3765041,1.3259833,-0.1472068,-0.5849768,-0.6543674,0.2186686,0.02422374,-0.185812,-1.2865152,1.0642761,0.0,1.0,1.2246469e-16,-1.0,0.0
2023-06-07 00:00:00,4.0,0.050182037,0.059480462,2.2348278,-0.46045983,0.14844686,-0.33852327,0.14913572,0.027915351,0.3830487,0.426337,0.14874141,0.57293946,0.14964376,-0.3922637,0.07521682,1.2403522,-0.47209024,-0.8703035,-0.56838274,0.27075174,0.11238481,-0.21423906,0.43898553,1.1011007,0.95105654,0.309017,1.2246469e-16,-1.0,0.0
2023-06-08 00:00:00,4.0,0.609338,-0.49950194,0.6138822,-0.10590087,-1.2352002,-0.38435304,-0.27110463,1.3112696,-0.018612059,0.13101958,-0.07762201,0.09405044,0.48727608,-0.04654355,0.52430856,2.1074505,0.0998689,-0.19683763,0.16953199,0.5268218,0.44465053,0.039496474,-1.3170413,0.76288104,0.58778524,-0.809017,1.2246469e-16,-1.0,0.0
2023-06-09 00:00:00,1.0,0.21032183,0.64101905,-0.36429468,1.329623,-0.8591825,-0.25485417,-0.045492962,-0.21355394,-0.536678,-0.24974331,-0.34737986,-0.57915354,0.5756434,0.05549665,0.877037,2.1006844,0.61024404,-0.03774979,0.4239796,0.61642617,0.56945974,0.0990816,-0.8531896,0.7947036,-0.58778524,-0.809017,1.2246469e-16,-1.0,0.0
2023-06-12 00:00:00,1.0,0.34029782,0.5431985,0.30036655,0.7246247,-1.01919,-0.5228616,-0.40793216,0.10501492,-0.99784595,-0.63406837,-0.6469297,-1.149227,0.76930887,0.24191938,1.1865633,0.9126327,1.2407913,0.068706974,1.2686595,0.76750386,0.78544915,0.23646724,-1.1151538,0.7799142,-0.95105654,0.309017,1.2246469e-16,-1.0,0.0
2023-06-13 00:00:00,1.0,0.073939435,-0.25722373,-1.0484797,2.3828146,-1.4274256,-0.90504575,-0.6143745,0.21302158,-1.4935621,-1.0611352,-0.9730398,-1.7922771,0.7789003,0.2633199,1.4019583,0.6261821,1.4952722,0.20992003,0.8283971,0.7877964,0.8449684,0.20435566,-1.3012024,0.73188263,0.0,1.0,1.2246469e-16,-1.0,0.0
2023-06-14 00:00:00,1.0,0.44271362,1.133659,-0.31072214,-0.1614596,0.03015762,0.30219442,1.3924627,-0.42442164,-1.436167,-1.1556661,-1.1059508,-1.5453748,1.0533864,0.5206723,1.5496166,0.83189344,1.5299041,-0.103610724,1.495267,1.0188822,1.1450021,0.45599055,0.34727004,0.78623813,0.95105654,0.309017,1.2246469e-16,-1.0,0.0
2023-06-15 00:00:00,4.0,-0.44006944,-0.8068226,0.38248292,-0.5421792,-0.11617334,0.2763391,-0.10271357,0.073008195,-1.3785322,-1.1886426,-1.134585,-1.3958795,0.6857439,0.24053048,1.4733927,0.31587407,1.8152903,-0.27844268,1.004795,0.8774099,0.92278373,0.18586627,0.10918706,0.86307037,0.58778524,-0.809017,1.2246469e-16,-1.0,0.0
2023-06-16 00:00:00,4.0,1.6041529,1.2484498,-0.97671396,0.25719455,0.45596528,0.5332389,0.111699566,1.2918601,-0.9024695,-1.0218233,-1.1645519,-0.44575852,1.6677542,1.1975255,1.6450502,0.97403574,2.2711236,0.79501796,1.8504812,1.5413591,1.7614303,1.2197627,0.56322247,1.6154025,-0.58778524,-0.809017,1.2246469e-16,-1.0,0.0
2023-06-19 00:00:00,4.0,0.78612745,0.9013639,0.82831734,-0.78149176,-0.22162819,1.8402827,1.0328046,0.42740792,-0.91308963,-1.0882419,-1.2835819,-0.3457125,1.9952356,1.5926864,1.8645922,1.1641129,1.48262,0.82242316,1.6946055,1.7343657,2.0909624,1.6958433,-0.20449847,1.3222263,-0.95105654,0.309017,1.2246469e-16,-1.0,0.0
2023-06-20 00:00:00,1.0,-0.5748023,-0.40408802,-0.76057345,1.784122,-0.18228035,-0.6981283,-1.6382015,-0.53547984,-0.88184345,-1.0750948,-1.2716197,-0.27797887,1.5428683,1.2398838,1.7756077,0.8766438,1.0859438,1.0068903,2.061665,1.3763635,1.6964023,1.3907473,-0.11953328,1.2728906,0.0,1.0,1.2246469e-16,-1.0,0.0
2023-06-21 00:00:00,1.0,-1.2598265,-1.2281811,-1.0113301,-0.102747574,1.1000686,-0.43119147,0.24035741,-0.46678004,-0.36815658,-0.6951852,-0.95050406,0.3089738,0.6495087,0.49395403,1.3107126,0.08903827,0.67215234,0.23958887,1.401461,0.87011266,0.9722168,0.63226986,0.8189739,1.4097749,0.95105654,0.309017,1.2246469e-16,-1.0,0.0
2023-06-23 00:00:00,4.0,-1.564621,-0.6681607,0.5965226,-0.44532278,-1.3020012,-0.6370199,-0.31510723,-2.0697718,0.23963633,-0.1890863,-0.49766052,0.86245465,-0.27450922,-0.3559021,0.6370984,-0.4222187,-0.07640446,0.019186264,0.61884254,0.25706458,0.15608124,-0.28664467,-1.1853013,1.3990828,0.58778524,-0.809017,1.2246469e-16,-1.0,0.0
2023-06-26 00:00:00,4.0,-1.3101126,-1.190268,-0.9670056,-0.2242819,0.881168,-0.9936241,-0.61247045,-0.62854964,0.6933879,0.25273144,-0.08297942,1.1469389,-0.8975779,-0.9823496,-0.049654692,-1.7637254,-0.5839113,-0.0067467736,-0.24776688,-0.23796193,-0.4682671,-0.97285795,0.7988512,1.3660668,-0.95105654,0.309017,1.2246469e-16,-1.0,0.0
2023-06-27 00:00:00,1.0,-0.3326682,-0.23160134,2.003138,-0.9194291,-0.7641627,-0.37002507,0.61303484,-0.38211828,-0.029444767,-0.1492285,-0.3180147,0.23345597,-1.0425354,-1.1309185,-0.54865265,-2.1941803,-0.81475365,0.3935658,-0.18674564,-0.38528213,-0.68470913,-1.2147098,-0.8766445,1.7551512,0.0,1.0,1.2246469e-16,-1.0,1.0
2023-06-28 00:00:00,4.0,1.5285197,1.5793711,-0.08987759,-1.3285966,1.5838013,-0.36532432,-0.12806462,0.3024296,0.34353825,0.03793315,-0.33093297,0.780454,-0.13816437,-0.2885751,-0.5399138,-1.276703,-0.3383811,1.1733012,0.67714745,0.12688552,-0.006303527,-0.2470157,1.2773126,2.0648217,0.95105654,0.309017,1.2246469e-16,-1.0,1.0
2023-06-29 00:00:00,4.0,0.143457,0.80410564,0.10949046,0.41162977,-1.1165322,-0.88164526,-0.73636943,-0.4060347,-0.5482012,-0.5768738,-0.78321904,-0.23535441,-0.078181,-0.22838846,-0.5099669,-0.67163676,-0.44549352,1.1158185,0.4598502,0.11542807,-0.021940382,-0.19880213,-1.1416863,1.9848063,0.58778524,-0.809017,1.2246469e-16,-1.0,1.0
2023-06-30 00:00:00,4.0,-0.9393037,-1.1830753,-0.98483175,-0.11599496,0.9934098,-0.8724828,-0.072292835,0.046739418,-0.32584012,-0.39017624,-0.58430797,-0.055825178,-0.5565562,-0.685513,-0.64500797,-0.38636714,-0.5989655,1.2682736,-0.2960604,-0.41534153,-0.5872243,-0.7185437,0.794304,1.6670134,-0.58778524,-0.809017,1.2246469e-16,-1.0,1.0
2023-07-03 00:00:00,4.0,0.019543322,0.42878866,1.9114879,-0.5504636,-0.6454553,-0.45026958,0.253293,-0.41915163,-0.865242,-0.8311719,-0.9382417,-0.6364513,-0.57113826,-0.6962161,-0.7257433,0.19448148,-1.158664,1.2323856,-0.43376788,-0.64128435,-0.71109205,-0.72158474,-0.83537966,1.5340495,-0.95105654,0.309017,1.2246469e-16,-1.0,1.0
2023-07-04 00:00:00,4.0,1.7198613,1.6066736,-0.21586421,-1.4122483,1.6681262,0.38188127,0.5046346,0.7084591,-0.11623655,-0.433651,-0.8713749,0.39825752,0.4468076,0.25490522,-0.36200455,1.0913992,-0.8661598,0.70907634,-0.0032984205,0.26998663,0.14919546,0.43493554,1.0189985,0.9491042,0.0,1.0,-0.5,-0.8660254,0.0
2023-07-05 00:00:00,4.0,0.5201212,1.2515495,-0.23410109,-0.51954424,-1.2475774,-0.15242274,-0.45208123,-0.12265122,-0.99043673,-1.1370926,-1.4794539,-0.53754723,0.7115401,0.52132344,-0.019587684,0.66164184,-0.5161291,0.62398875,0.14541437,0.530267,0.3844642,0.7600329,-1.1271305,1.0153016,0.95105654,0.309017,-0.5,-0.8660254,0.0
2023-07-06 00:00:00,4.0,-1.1832792,-1.4298841,-0.62467426,-1.1177548,0.24733295,0.8707514,0.6168428,-0.45678955,-0.7791251,-0.9333461,-1.2226597,-0.39341754,-0.0015731894,-0.12981509,-0.059196204,0.06422242,-0.5011727,0.21087906,-0.085865065,-0.22906908,-0.30638826,-0.028104847,0.0713489,1.0260886,0.58778524,-0.809017,-0.5,-0.8660254,0.0
2023-07-07 00:00:00,4.0,-2.220231,-0.9796879,0.18614236,-0.86311734,2.7057595,2.2638617,0.99433714,-2.0480433,1.3228804,0.8917017,0.4961456,1.6159799,-1.0653126,-1.222494,-0.5484879,-0.5783725,-0.77843016,-0.78776604,-0.92875654,-1.3622808,-1.3343294,-1.2370574,1.6976728,1.3963186,-0.58778524,-0.809017,-0.5,-0.8660254,0.0
2023-07-10 00:00:00,4.0,-0.55340844,-0.33744976,0.74671817,0.2680356,-0.3564407,0.6213846,-0.941148,-0.7150179,0.60073864,0.5006343,0.31585777,0.7115136,-1.2894552,-1.4710164,-0.9879746,-0.8463499,-0.5209209,-1.0561,-1.3134376,-1.3542984,-1.6049062,-1.6098882,-0.24128686,1.3760762,-0.95105654,0.309017,-0.5,-0.8660254,0.0
2023-07-11 00:00:00,4.0,0.5920992,-1.1666576,-0.60992306,-0.51345724,0.9358287,-0.38149717,-0.8060263,2.9222627,0.874856,0.7308668,0.4680793,1.0261142,-0.9469056,-1.1455977,-1.0473814,-1.3161504,-0.17694964,-0.9864873,-0.9090532,-0.90186,-1.1797725,-1.16969,0.90047085,1.3936383,0.0,1.0,-0.5,-0.8660254,0.0
2023-07-12 00:00:00,4.0,0.8448542,0.086371355,1.5059413,0.44154388,-0.84322107,-0.11853141,0.15258391,1.4476838,0.51648295,0.4575629,0.18428595,0.68490225,-0.44682658,-0.6741807,-0.87228984,-1.1372532,-0.4142632,-0.72048104,-0.6883927,-0.43619755,-0.70483583,-0.6760275,-0.7136652,1.5301632,0.95105654,0.309017,-0.5,-0.8660254,0.0
2023-07-13 00:00:00,4.0,0.9097277,0.7721882,0.5659319,0.12701055,-1.2752323,-0.65232724,-0.5864901,1.000014,-0.10424169,-0.068353906,-0.33563042,0.079796426,0.08371574,-0.16260982,-0.52019113,-0.19102938,-0.110172264,-0.5688808,-0.5205666,0.02825799,-0.19200319,-0.15206794,-1.2583258,1.5701442,0.58778524,-0.809017,-0.5,-0.8660254,0.0
2023-07-14 00:00:00,4.0,1.9851614,1.6530802,-0.6649039,-0.9222253,-0.98961467,1.1551615,1.5748308,2.2265806,0.65998685,0.38281247,-0.19962548,1.1522205,1.2031572,1.0046418,0.23396945,1.7496786,1.0476047,0.34707728,-0.2829401,1.0289224,0.94141036,1.1423419,-0.99148715,1.6826445,-0.58778524,-0.809017,-0.5,-0.8660254,0.0
2023-07-18 00:00:00,4.0,0.31750548,-1.0871336,-1.0213407,0.099379465,-1.2981504,0.6267008,-0.4638292,1.1676918,-0.49601418,-0.487534,-0.9079572,-0.17214736,1.3484052,1.1812323,0.8099894,2.073146,1.16465,-0.14025931,-0.035003398,1.2522336,1.1984131,1.3556737,-1.4771135,1.4469805,-0.95105654,0.309017,-0.5,-0.8660254,0.0
2023-07-19 00:00:00,4.0,-1.4343902,-1.4181983,-1.0213407,-0.83420014,0.84644276,1.1760899,0.046811696,-0.74128324,0.24621078,0.18442103,-0.15485442,0.5075559,0.4288532,0.3049747,0.7427666,1.1478847,-0.06887652,-1.0701579,-0.20580634,0.514883,0.38899878,0.39894894,0.9278718,1.1250006,0.95105654,0.309017,-0.5,-0.8660254,0.0
2023-07-20 00:00:00,4.0,-0.15507948,0.94394577,-0.22058125,0.6179171,0.1771086,-0.3786325,-0.91894215,-1.418373,-0.06470035,-0.025849795,-0.27877158,0.11509969,0.3047132,0.18933678,0.64946157,0.7072746,-0.32798052,-0.9722515,-0.32106876,0.46975663,0.36425343,0.30112347,0.421144,1.0899609,0.58778524,-0.809017,-0.5,-0.8660254,0.0
2023-07-21 00:00:00,4.0,-0.0223118,-0.24394703,1.7883149,-0.7452742,0.63609785,-0.7507581,-0.40662724,0.25021467,-0.17192909,-0.117481306,-0.3334315,-0.015530769,0.24785027,0.14390875,0.5442291,0.30043456,0.11164229,-0.47502428,0.04104392,0.47793534,0.3814294,0.3085456,0.7363029,0.80495465,-0.58778524,-0.809017,-0.5,-0.8660254,0.0
2023-07-24 00:00:00,4.0,0.62815213,1.1265092,0.41329396,-0.74906355,0.032499697,-1.0722663,-0.42804098,-0.17581008,-0.5753481,-0.50536716,-0.7166204,-0.4087048,0.61857283,0.52773285,0.61194706,-0.30625322,1.2316935,0.502926,0.36359808,0.94727767,0.738037,0.72763824,0.13682407,0.5542625,-0.95105654,0.309017,-0.5,-0.8660254,0.0
2023-07-25 00:00:00,1.0,-1.5211551,-0.78913474,-0.15457924,0.06823255,1.2922286,0.22904557,1.0550189,-1.5163041,0.7455011,0.6189174,0.39024225,0.92835397,-0.3272221,-0.40562138,0.22109261,-1.1504612,0.830644,0.34529024,0.2239787,-0.32564563,-0.19567274,-0.23540428,1.5297331,0.01081033,0.0,1.0,-0.5,-0.8660254,0.0
2023-07-26 00:00:00,1.0,2.7737193,1.4544005,-0.64638835,-0.48369765,0.8107262,2.612494,1.9780551,3.0,2.672958,2.044905,1.2545507,3.0,1.3332407,1.3890567,0.61400235,0.8683404,1.7619016,1.8483733,1.0800978,1.8518991,1.2984792,1.5773714,1.0888172,-0.28915146,0.95105654,0.309017,-0.5,-0.8660254,0.0
2023-07-27 00:00:00,1.0,-0.2169241,0.42010447,0.046753593,1.6533439,-1.4645486,-0.17697102,-1.4688573,-0.7159963,1.060948,1.0198202,0.5720648,1.2650222,1.1409123,1.2012823,0.84050035,0.8325844,1.327364,1.0980037,0.8395758,1.5218852,1.1591529,1.4284618,-1.5765272,-0.55622435,0.58778524,-0.809017,-0.5,-0.8660254,0.0
2023-07-28 00:00:00,1.0,0.9696978,1.3088019,0.009639559,-0.87562895,-0.9008847,1.2612835,1.1758281,0.7015157,0.44922394,0.51861125,0.09167411,0.6596612,1.5816411,1.7171208,1.1663481,1.3026958,1.3709757,1.5028768,1.1137037,1.9844164,1.6397079,1.9953258,-1.0681499,-0.9757563,-0.58778524,-0.809017,-0.5,-0.8660254,0.0
2023-07-31 00:00:00,1.0,0.94745755,1.621915,-0.8237244,-1.0018244,2.629045,1.2108523,-0.10151244,-1.4328107,1.2377399,1.1060358,0.5127564,1.5550573,1.938447,2.1469793,1.4268116,1.4585438,1.008614,2.2520568,1.397564,2.1612077,1.9108689,2.3691773,1.9114754,-0.6241962,-0.95105654,0.309017,-0.5,-0.8660254,0.0
2023-08-01 00:00:00,1.0,0.5280012,-0.70492285,0.616528,-0.43753827,0.44587335,2.398278,1.0809641,1.7521306,1.2206624,1.1523201,0.57945013,1.4793652,2.0624473,2.2914202,1.6306953,2.2775586,1.108547,2.372825,1.8704381,2.0307622,1.9766628,2.466068,0.81217545,-0.33429676,0.0,1.0,-0.5,-0.8660254,0.0
2023-08-02 00:00:00,1.0,-0.2337889,-0.6628612,0.1993109,0.063035205,1.2907403,0.5438421,-1.2139115,0.6104373,1.246648,1.286578,0.82707095,1.3569326,1.8114176,2.037229,1.5832422,0.9092939,1.5351082,1.5826442,1.3826077,1.6515108,1.6971939,2.1904442,1.5336579,-0.23895653,0.95105654,0.309017,-0.8660254,-0.5,0.0
2023-08-03 00:00:00,4.0,-1.6324427,-1.1665683,-0.3169123,-0.9281005,1.6112579,0.43229097,-0.18786745,-0.78013474,1.915813,2.0417264,1.8068379,1.690648,0.72659194,1.0151674,1.0502684,0.25089985,0.9078033,0.65563804,0.55785215,0.81196487,0.77972776,1.259983,1.6951009,0.3135635,0.58778524,-0.809017,-0.8660254,-0.5,0.0
2023-08-04 00:00:00,1.0,-0.28245804,0.28218243,2.5809805,-0.696943,-0.36207965,-0.21560751,-0.6669596,-0.80281687,1.0025196,1.4326613,1.4275068,0.64266926,0.5474274,0.8378083,0.6619872,-0.31978926,0.79644233,0.9663635,0.09181869,0.6277164,0.60792637,1.1298658,-0.23621175,0.28580213,-0.58778524,-0.809017,-0.8660254,-0.5,0.0
2023-08-07 00:00:00,1.0,0.432366,-0.42824572,1.0164825,-0.32040444,0.73542786,0.30325034,0.30387443,1.3342394,1.0300491,1.4145458,1.413306,0.6841234,0.7505432,1.0389085,0.41800484,-0.5556225,0.7342878,1.9487264,0.80597836,0.73382294,0.70307606,1.2980818,1.289137,-0.26427764,-0.95105654,0.309017,-0.8660254,-0.5,0.0
2023-08-08 00:00:00,1.0,0.007571714,0.6344075,-0.22237079,1.4561749,-0.7995892,-0.46898645,-0.76159155,-0.5270537,0.027605709,0.6332102,0.80200696,-0.39749962,0.7266357,1.0094199,0.24859367,-0.7885402,1.2863879,2.0829973,0.9156485,0.648744,0.60532665,1.2817584,-1.0132674,-0.5042243,0.0,1.0,-0.8660254,-0.5,0.0
2023-08-09 00:00:00,1.0,-1.1948181,-0.7139469,-0.017108979,0.13057017,-0.48082927,1.2894529,1.7380127,-1.4406967,0.42648557,0.9827673,1.2768384,-0.112579085,-0.015735323,0.30997145,-0.19850552,-1.2138402,-0.2845629,1.3583552,0.43006217,-0.091577075,-0.11732032,0.606109,-0.418492,-0.33022645,0.95105654,0.309017,-0.8660254,-0.5,0.0
2023-08-10 00:00:00,4.0,0.23829582,1.6344485,-0.5944317,-1.2784617,-0.86071754,-0.63382304,-1.3594989,-0.8220487,-0.55255955,0.15104504,0.56838685,-1.1158738,0.10694284,0.42205518,-0.45529285,-0.3638752,-0.10380759,1.1430123,0.65358996,-0.057006557,-0.083245516,0.6802462,-1.1134379,-0.5084888,0.58778524,-0.809017,-0.8660254,-0.5,0.0
2023-08-11 00:00:00,4.0,0.04968496,0.8818312,-0.057984434,0.4157771,-0.23814577,-0.17388035,0.38343236,-0.7956104,-0.8607987,-0.23349056,0.22063343,-1.3584551,0.1147382,0.42716247,-0.61551577,-0.21386175,-0.46767354,0.8334124,0.17755654,-0.10425883,-0.12176333,0.6585469,0.08917949,-0.62733495,-0.58778524,-0.809017,-0.8660254,-0.5,0.0
2023-08-14 00:00:00,4.0,-0.56050897,-1.3674982,-0.72406554,-0.912281,-0.17483445,0.96364075,0.8677616,0.3468097,-0.96614546,-0.4176008,0.11136316,-1.4323151,-0.25271317,0.08796231,-0.85313904,-0.65608317,-1.0574602,-0.10757353,-0.07466077,-0.4438744,-0.44596523,0.28247616,0.26339167,-1.1181918,-0.95105654,0.309017,-0.8660254,-0.5,0.0
2023-08-15 00:00:00,4.0,-1.0425715,0.65377915,-0.7637787,1.8045185,-0.79156685,1.5130996,0.39304784,-2.1941853,0.26063314,0.53422034,1.0055127,-0.17404728,-0.8393243,-0.48617595,-1.1562185,-1.1099808,-1.6330079,-0.6396215,0.053047743,-0.9770065,-0.921375,-0.29087937,-0.6129106,-1.4425826,0.0,1.0,-0.8660254,-0.5,0.0
2023-08-16 00:00:00,4.0,-0.6359308,-0.062943965,1.7280928,0.14906608,-0.7761931,-0.2876214,-1.2459326,-1.0152007,-0.2789636,0.13236639,0.75401187,-0.78355694,-1.1482261,-0.8173171,-1.5094361,-0.85029024,-1.7390748,-0.36132288,-0.45330313,-1.2026998,-1.2725205,-0.67762667,-0.7902182,-0.7116306,0.95105654,0.309017,-0.8660254,-0.5,0.0
2023-08-17 00:00:00,4.0,-0.86520827,-0.20432541,0.9784223,0.61129147,-1.1839749,-0.1342525,0.050356526,-1.3068739,-0.30440724,0.11352987,0.8272137,-0.85247403,-1.5119522,-1.2286786,-1.828198,-1.3132339,-1.4176986,-0.65185475,-0.44710988,-1.4385829,-1.6806391,-1.1427145,-1.4779027,-0.5333477,0.58778524,-0.809017,-0.8660254,-0.5,0.0
2023-08-18 00:00:00,4.0,0.071577966,1.17332,-0.46540594,-0.09625573,1.6551915,0.28247854,0.25097805,-1.7270305,0.6068729,0.77820975,1.3124291,0.12384669,-1.4654368,-1.1973896,-1.7935332,-1.2865005,-1.272397,-0.6135515,-0.75184083,-1.23239,-1.4792277,-0.9986672,1.7495029,-0.5802263,-0.58778524,-0.809017,-0.8660254,-0.5,0.0
2023-08-21 00:00:00,4.0,-1.3215333,-1.1030241,0.29628888,-1.1938317,0.7275224,-0.014241691,-0.28378695,-0.6305338,0.9009163,1.1511075,1.7745488,0.24189332,-1.9145812,-1.7438157,-1.9593323,-1.5800188,-1.8541714,-1.3560692,-0.95102274,-1.4664012,-1.9506613,-1.5697384,1.4930171,-0.77989095,-0.95105654,0.309017,-0.8660254,-0.5,0.0
2023-08-22 00:00:00,4.0,-1.1593829,-1.0667709,-0.03683933,-0.6905018,-0.28040552,0.079875596,-0.03684913,-0.8451768,0.9343281,1.3008797,2.012465,0.12113541,-2.1928017,-2.1294687,-2.1607099,-1.598575,-2.1788566,-1.2419094,-0.9917135,-1.5843128,-2.321771,-2.024433,-0.1354079,-0.8817867,0.0,1.0,-0.8660254,-0.5,0.0
2023-08-23 00:00:00,4.0,0.70923215,0.7334669,0.8268796,-0.4289238,0.66319,-0.31886232,-0.40961063,0.13530578,0.9349477,1.244393,1.8286823,0.20143479,-1.7154013,-1.7245535,-2.0094287,-1.0554535,-1.5120058,-1.9939979,-0.22212633,-1.2083083,-1.850319,-1.638033,1.3349175,-1.2768211,0.95105654,0.309017,-0.8660254,-0.5,0.0
2023-08-24 00:00:00,1.0,0.2563918,0.5760175,1.3563783,-0.72702014,-0.45515102,-1.1808639,-0.6230975,-0.13318971,0.27358994,0.71298915,1.3687842,-0.42887607,-1.5739737,-1.6051308,-1.840179,-0.6023656,-1.49364,-1.7965076,0.12807879,-1.028301,-1.6972358,-1.5727516,-0.25298488,-1.1009525,0.58778524,-0.809017,-0.8660254,-0.5,0.0
2023-08-25 00:00:00,1.0,1.3976278,1.2090627,-0.37214893,-0.56033033,0.014265629,-0.6026755,0.2264704,0.8854901,0.5246373,0.74896103,1.1749089,0.023661805,-0.6762824,-0.827167,-1.302003,-0.049543094,-1.0510981,-1.6236048,0.5922218,-0.5777519,-0.9377719,-0.8576156,0.5958281,-1.8834543,-0.58778524,-0.809017,-0.8660254,-0.5,0.0
2023-08-28 00:00:00,1.0,-0.34306604,0.84628546,-0.7288054,0.90316576,-1.3745607,-1.0996847,-0.5005623,-0.98433864,-0.14750405,0.25405237,0.8467349,-0.70036244,-0.8725772,-1.0295067,-1.0258456,0.3731076,-0.99905825,-2.1000972,0.9633951,-0.63362503,-1.0312854,-1.0973724,-1.4589995,-2.5026464,-0.95105654,0.309017,-0.8660254,-0.5,0.0
2023-08-29 00:00:00,1.0,0.04836719,-1.5511214,-0.75602263,-1.1660464,1.3238304,0.18387483,0.707992,2.198062,0.5076069,0.7138064,1.1600796,0.007533289,-0.8954882,-1.062095,-0.7104644,0.90359944,-0.6369891,-2.2354662,0.9848952,-0.57810974,-0.8329902,-1.0059631,1.4662052,-2.414356,0.0,1.0,-0.8660254,-0.5,0.0
2023-08-30 00:00:00,4.0,1.4213791,1.1558435,0.148818,-1.0326546,0.3828804,0.4229031,0.010673391,0.7466879,0.93032336,0.93881273,1.1377823,0.55720055,0.0091426205,-0.24598971,-0.20091636,1.1691885,0.04937317,-1.6332655,0.38349804,-0.06786254,-0.06646844,-0.254189,0.87170213,-1.3411312,0.95105654,0.309017,-0.8660254,-0.5,0.0
2023-08-31 00:00:00,4.0,0.03556256,-0.98632264,-0.007951967,-0.36554042,0.18444148,0.9103709,0.15297382,0.96668696,0.49834728,0.6588784,0.9385608,0.10001714,0.0050063957,-0.25020924,0.14711392,1.0712435,0.36155358,-1.0164397,0.120361544,-0.008976443,0.0137649365,-0.22795449,0.4025906,-1.9587982,0.58778524,-0.809017,-0.8660254,-0.5,0.0
2023-09-04 00:00:00,1.0,-0.34913388,-0.9589247,-0.048207875,-0.25709227,0.57999575,2.2452416,0.8448119,0.5222656,0.46075645,0.6757352,0.99608785,0.011717508,-0.21867979,-0.44815895,0.31702548,0.32610822,0.22260566,-1.0341184,-0.04311412,-0.092490986,-0.073995985,-0.38230518,0.9513944,-1.875676,-0.58778524,-0.809017,-0.8660254,-0.5,0.0
2023-09-05 00:00:00,4.0,1.7759775,1.3655803,-0.41020352,-1.0524349,0.26313457,1.7370986,-0.19369139,1.1559645,1.142704,1.060829,1.0371655,0.9010137,0.8480858,0.57881624,0.72206914,1.2281234,1.2658365,-0.57152075,0.44625086,0.69609064,0.76497525,0.5072721,0.42323744,-1.8189996,0.0,1.0,-1.0,-1.8369701e-16,0.0
2023-09-06 00:00:00,4.0,-1.3886156,-1.4923677,-1.1259862,-0.837998,-0.14471276,-1.5576535,-1.855989,-0.69514716,1.3521677,1.4334435,1.5210927,0.86073816,0.016234629,-0.17821167,0.7038902,0.62651837,1.1831108,-1.0556127,-0.23399381,0.1513184,0.20879029,-0.17394856,0.122956194,-1.6290073,0.95105654,0.309017,-1.0,-1.8369701e-16,0.0
2023-09-07 00:00:00,4.0,0.031435296,0.36571154,-0.33539212,2.258677,-0.8189723,-1.3319659,-0.06512946,-0.28716195,0.28728402,0.65897304,0.9770064,-0.22529382,0.010782958,-0.18426347,0.72268385,0.039185304,0.9526194,-0.6102963,-0.3616267,0.2147873,0.26680315,-0.21576734,-0.6919608,-1.7366787,0.58778524,-0.809017,-1.0,-1.8369701e-16,0.0
2023-09-11 00:00:00,4.0,-0.85996675,-1.4540797,-1.2548138,-0.6981723,-0.5551719,-1.682161,-0.5330736,-0.064169675,-0.17830607,0.35373464,0.8651406,-0.8188195,-0.46496373,-0.63455874,0.54460406,-0.35865697,0.58224034,-0.98970246,-0.763058,-0.19048539,-0.07581551,-0.68213654,-0.5427992,-1.5266366,-0.58778524,-0.809017,-1.0,-1.8369701e-16,0.0
2023-09-12 00:00:00,4.0,-0.31479952,0.87520355,-0.17909732,0.5434742,0.14092143,-0.9326248,0.66584593,-1.4118185,-0.045341488,0.41630644,0.92627,-0.6996188,-0.63998497,-0.8027197,0.34138355,-0.35172084,-0.007688732,-1.1052542,-1.0842263,-0.34305444,-0.14606357,-0.8244287,0.33265966,-1.5295681,0.0,1.0,-1.0,-1.8369701e-16,0.0
2023-09-13 00:00:00,4.0,-0.18492152,0.114285074,1.1279037,1.5935444,-0.6716362,-1.7238611,-1.1399342,-0.4138705,-0.6976428,-0.10959758,0.56761295,-1.3642548,-0.7499471,-0.9055789,0.17780001,-1.1975968,0.048607416,-0.96547544,-0.99319386,-0.44821215,-0.18079354,-0.9659875,-0.65028775,-1.4816047,0.95105654,0.309017,-1.0,-1.8369701e-16,0.0
2023-09-14 00:00:00,4.0,0.047969777,-0.7747483,0.14918281,-0.015234788,-0.75667536,-1.5448594,-0.14051777,0.63393,-1.2584618,-0.66338897,0.14242916,-1.820389,-0.7559244,-0.90605325,0.08078214,-0.56936294,0.050175164,-0.58999515,-1.6371114,-0.40227968,-0.12876318,-0.9931884,-0.631482,-1.2364615,0.58778524,-0.809017,-1.0,-1.8369701e-16,0.0
2023-09-15 00:00:00,4.0,0.27651232,-0.28399664,0.2095904,1.5511421,-0.7668582,-1.1738178,0.2551231,0.5627468,-1.6956372,-1.2075334,-0.33419782,-2.0787547,-0.6087823,-0.78045857,0.08796335,-0.46880326,-0.3594791,-0.27931166,-1.8506843,-0.18709908,0.030316414,-0.88564736,-0.6251427,-1.3316462,-0.58778524,-0.809017,-1.0,-1.8369701e-16,0.0
2023-09-18 00:00:00,4.0,0.6353576,0.23312032,1.50344,0.87712926,0.33703658,-0.011212386,1.4881005,0.6199416,-1.3917805,-1.2241244,-0.52118784,-1.5269079,-0.14210671,-0.4004712,0.25926673,0.19715673,-0.14160751,0.23569855,-1.4297335,0.31306043,0.3807857,-0.5031761,0.6349582,-1.7262357,-0.95105654,0.309017,-1.0,-1.8369701e-16,0.0
2023-09-19 00:00:00,4.0,-0.88630515,-1.004822,-0.28526267,-0.37996244,-1.1999524,-1.4492631,-1.7306684,-0.59529936,-1.3527801,-1.2392889,-0.48745185,-1.4859755,-0.7257422,-0.8954982,0.15534252,-0.050839942,-0.34596622,-0.08791939,-1.3559552,-0.44803753,-0.12803924,-0.9941952,-1.0106593,-1.6496097,0.0,1.0,-1.0,-1.8369701e-16,0.0
2023-09-20 00:00:00,4.0,0.3457795,0.6169572,-1.0973705,2.4750926,-1.6718318,-1.1743902,0.105416134,0.07309654,-2.1603916,-2.0439048,-1.2360917,-2.1995835,-0.4868438,-0.69679534,0.1791762,0.18320869,-0.88190895,0.49059194,-0.52754647,-0.22192822,0.003896046,-0.90800273,-1.462566,-1.65762,0.95105654,0.309017,-1.0,-1.8369701e-16,0.0
2023-09-21 00:00:00,4.0,-0.38619152,-0.5260905,0.42750323,0.5658239,-1.5369062,-1.1948372,-0.39898035,-0.3249059,-2.6097777,-2.5303907,-1.7195859,-2.6356542,-0.7513288,-0.9177039,0.09315932,-0.004235834,-0.49271876,0.767691,-0.15398331,-0.7149817,-0.3466283,-1.2450738,-1.5149095,-1.1834053,0.58778524,-0.809017,-1.0,-1.8369701e-16,0.0
2023-09-22 00:00:00,4.0,-0.86178577,-1.1494805,-0.61716646,-0.44055325,-0.9366949,-0.61824363,0.86598176,-0.50438637,-2.25723,-2.3426683,-1.6468189,-2.2020996,-1.2412819,-1.3516897,-0.19330168,-0.52000666,-0.81555647,0.23875156,-0.42007202,-1.4130837,-0.9301597,-1.738124,-1.114088,-0.6900081,-0.58778524,-0.809017,-1.0,-1.8369701e-16,0.0
2023-09-25 00:00:00,4.0,1.6872516,1.6903578,-1.118228,-1.340094,2.3825333,-0.7227988,-0.3604091,-0.4247446,-0.7853411,-1.3970221,-1.2703661,-0.31722862,0.06985778,-0.2688162,0.13919896,-0.04644584,0.12853755,0.71493894,-0.26932397,-0.067170165,0.13649961,-0.5763341,1.6106482,-0.80100405,-0.95105654,0.309017,-1.0,-1.8369701e-16,0.0
2023-09-26 00:00:00,4.0,-1.2082877,-1.5554513,-1.300764,-1.2233901,0.43687072,-1.0792711,-0.91619533,-0.040651057,-0.5044652,-1.0504507,-0.90410715,-0.13961868,-0.6286175,-0.8894741,0.0186466,-0.19691604,-0.1990783,-0.19198889,-0.91382354,-1.0272001,-0.5586239,-1.182236,0.4770506,-0.37607607,0.0,1.0,-1.0,-1.8369701e-16,1.0
2023-09-27 00:00:00,4.0,-0.9596828,-0.8819187,-0.44945374,0.20972382,0.5261543,-0.603783,0.82821256,-0.36270776,-0.18587826,-0.68308014,-0.5372551,0.08024101,-1.090331,-1.3263954,-0.28029254,-0.80003303,-0.4843749,-0.40599063,-0.98141116,-1.4815274,-1.049782,-1.5661069,0.6441082,0.024415733,0.95105654,0.309017,-1.0,-1.8369701e-16,1.0
2023-09-28 00:00:00,4.0,0.66640574,1.3486924,-0.037093274,-1.3104259,-1.1275507,-0.91326165,-0.834736,0.051690914,-1.1292762,-1.4384304,-1.2634083,-0.80164874,-0.65044767,-0.93782425,-0.29623392,-0.31439045,-0.25587705,-0.19366673,-0.66705847,-0.9020047,-0.7148844,-1.276455,-1.2516528,0.07176586,0.58778524,-0.809017,-1.0,-1.8369701e-16,1.0
2023-09-29 00:00:00,4.0,-0.8502069,-1.187778,-0.5287475,-0.88797784,0.02476755,-0.33192882,1.0006145,-0.11295605,-1.113595,-1.3915302,-1.1922047,-0.8292038,-1.0489323,-1.3094251,-0.48540264,-0.31675404,-0.6722659,-0.9867694,-1.7514285,-1.2385865,-1.1369262,-1.6693602,-0.12063145,-0.8539127,-0.58778524,-0.809017,-1.0,-1.8369701e-16,1.0
2023-10-03 00:00:00,4.0,1.8266164,1.3197664,0.17774045,-1.2599239,1.8356639,-0.4559893,-0.4354689,0.67685187,0.3999456,-0.3735183,-0.70807153,0.9458647,0.13108204,-0.24803355,-0.035826515,-0.2257356,-0.2161442,-0.34265384,-1.0837963,-0.06770909,0.061186243,-0.5148501,1.4003061,-0.89330965,-0.95105654,0.309017,-1.0,-1.8369701e-16,1.0
2023-10-04 00:00:00,4.0,-1.7484789,-0.97612303,-1.3395225,0.77853614,0.54795015,0.025541052,0.4822023,-1.4458455,2.1110704,1.3374747,0.9447254,2.1249683,-0.6938965,-1.031983,-0.174574,-0.5098698,-0.5614133,-0.86472225,-1.4119505,-1.0615021,-0.71502334,-1.1118562,0.5492422,-0.34160724,0.95105654,0.309017,-0.8660254,0.5,0.0
2023-10-05 00:00:00,4.0,-0.46553907,-0.5893695,-1.295809,2.0523622,-1.0795017,-1.6975467,-1.6278709,-0.3579945,1.0379229,0.7434688,0.60620284,1.0065928,-0.8977739,-1.2247914,-0.3729539,-0.27857462,-0.8590793,-1.6282688,-0.69100803,-1.3080295,-0.8872587,-1.3532991,-1.3054655,-0.48067942,0.58778524,-0.809017,-0.8660254,0.5,0.0
2023-10-06 00:00:00,4.0,0.15056473,-0.33420572,1.9981648,-0.6372403,-1.2626036,-1.7762377,-0.7182207,0.32792914,-0.43616715,-0.38344744,-0.30370045,-0.3900717,-0.8531592,-1.1726003,-0.46778765,-0.5236145,-0.66216815,-1.0752201,-0.3962851,-1.1038109,-0.84476656,-1.431085,-1.534619,-0.4629167,-0.58778524,-0.809017,-0.8660254,0.5,0.0
2023-10-09 00:00:00,4.0,1.164071,0.91695476,1.3238735,-1.2758794,-0.25637484,-1.3927364,0.12048817,0.98387164,-0.07425272,-0.22265378,-0.3627114,0.11059741,-0.15495802,-0.5453352,-0.15626602,0.43159726,0.085155584,-0.67920446,-0.10180544,-0.34008873,-0.12333566,-0.7921643,-0.52521193,0.07973458,-0.95105654,0.309017,-0.8660254,0.5,0.0
2023-10-10 00:00:00,4.0,0.20055868,0.2245988,1.9335717,0.3402702,-0.70653564,-1.0441732,0.21076228,0.13232727,-0.9871495,-0.9866794,-1.0213192,-0.7680996,-0.07829404,-0.46999314,0.10531669,-0.36160147,-0.45552325,-0.3053164,-0.3883132,-0.18381377,-0.017144175,-0.751375,-1.012295,0.14190549,0.0,1.0,-0.8660254,0.5,0.0
2023-10-11 00:00:00,4.0,0.6680491,-0.29500258,2.1235402,-0.7070695,0.25278243,-0.19963421,1.1535789,1.2980514,-0.41378486,-0.6395175,-0.8712957,-0.07321027,0.2962804,-0.12869604,0.45891455,0.8284695,0.23839535,0.037231535,-0.4805836,0.304436,0.3743981,-0.3361437,-0.045404844,0.41471708,0.95105654,0.309017,-0.8660254,0.5,0.0
2023-10-12 00:00:00,4.0,1.0212626,-0.70883995,1.1488628,-1.0943772,-1.148984,0.767194,1.0436001,1.7865499,-0.2871254,-0.6164814,-1.0045342,0.16936377,0.85368484,0.39234602,0.9102971,1.5360445,0.9629138,0.4487574,-0.91654456,1.0331451,0.8996344,0.19013087,-1.5216198,0.5762835,0.58778524,-0.809017,-0.8660254,0.5,0.0
2023-10-13 00:00:00,4.0,1.4294113,-0.1950441,0.07699779,1.7601507,-1.1954296,2.8115137,3.0,2.1116393,-0.053371318,-0.52018094,-1.1334096,0.5489421,1.5656935,1.1179599,1.4665701,2.1423614,1.2368654,0.9181812,-0.3689335,1.9305661,1.5850394,0.90606683,-1.5185902,0.32018012,-0.58778524,-0.809017,-0.8660254,0.5,0.0
2023-10-16 00:00:00,4.0,-1.5867598,-0.8975679,0.054534804,-0.38787973,-0.021417703,0.48731792,-1.7674152,-1.571547,0.82570934,0.40602747,-0.12104561,1.138529,0.6005185,0.30718663,1.3153292,0.8225794,0.9538774,0.27879965,-0.46969807,0.73398834,0.6823757,0.25423786,-0.45623818,0.46487144,-0.95105654,0.309017,-0.8660254,0.5,0.0
2023-10-17 00:00:00,4.0,-0.60314924,-0.99098337,-0.30067977,-0.38342962,0.21303146,0.22792327,-0.53376454,-0.037294872,0.16757034,0.023772098,-0.30620915,0.38673407,0.25778574,0.0029710666,1.1042465,0.43468928,0.05432114,-0.14872687,-0.6932281,0.29205114,0.38174146,-0.0069497973,-0.1726843,0.47685686,0.0,1.0,-0.8660254,0.5,0.0
2023-10-18 00:00:00,4.0,0.6006046,-0.2733084,-1.031366,2.494667,-0.8082161,-0.03548496,-0.4637735,0.95576066,-0.93646866,-0.92786664,-1.1808496,-0.6343291,0.5500923,0.28796026,1.0941072,0.40342948,0.93041885,0.3652048,-0.3864715,0.7374169,0.68714005,0.25001207,-1.283307,0.62761724,0.95105654,0.309017,-0.8660254,0.5,0.0
2023-10-19 00:00:00,4.0,-0.07622937,0.18561734,1.1173099,1.3581586,-0.23324232,0.23510464,0.3073188,-0.24287131,-1.4939334,-1.4705157,-1.6644725,-1.175624,0.46649334,0.2198039,1.0167766,-0.11705218,1.0708935,0.22170404,-0.71495247,0.6593985,0.6349246,0.2158346,-0.6686156,0.64364797,0.58778524,-0.809017,-0.8660254,0.5,0.0
2023-10-20 00:00:00,4.0,-1.6553022,-1.5723212,-1.3386275,-1.1191909,0.15897216,0.6617937,0.52342343,-1.0777465,-0.30979943,-0.4474223,-0.59903735,-0.09007542,-0.38968936,-0.55292225,0.44706917,-1.5968177,0.41101247,-0.2268661,-0.8106362,-0.68455935,-0.28136417,-0.48110428,-0.04871081,0.89669186,-0.58778524,-0.809017,-0.8660254,0.5,0.0
2023-10-24 00:00:00,4.0,-0.38687018,0.59518796,2.1964161,-0.929483,-0.37735158,0.30949304,-0.5734207,-0.96404994,-1.035806,-1.0142888,-1.0238885,-0.8502827,-0.5804168,-0.73401296,0.015254794,-1.008629,-0.1507095,-0.061851576,-2.2926874,-0.897851,-0.5339805,-0.704773,-0.73908746,0.7198371,-0.95105654,0.309017,-0.8660254,0.5,0.0
2023-10-25 00:00:00,4.0,-0.6322786,-0.23458545,0.28883806,1.0573324,0.45671856,0.47408295,0.14020061,-0.657215,-0.8920765,-0.9198554,-0.8986389,-0.7216392,-0.86029834,-1.003475,-0.418333,-1.0019416,-0.45194697,-0.8558447,-2.3642862,-1.2056111,-0.81576955,-0.9600704,0.17831914,0.6898474,0.95105654,0.309017,-0.8660254,0.5,0.0
2023-10-26 00:00:00,4.0,0.595517,-1.2337338,-1.3065633,-0.25206706,2.3821054,0.9730782,0.6456337,2.8234985,0.28256083,-0.065721236,-0.30569184,0.5658495,-0.5675956,-0.75047964,-0.48966384,-1.0375862,-0.5035578,-0.23996162,-2.4701777,-0.7395501,-0.4134337,-0.53055257,1.577422,0.5655218,0.58778524,-0.809017,-0.8660254,0.5,0.0
2023-10-27 00:00:00,4.0,0.016124062,-0.017535973,0.3496664,1.3454874,0.34733963,0.2006267,-0.95900893,0.022572685,-0.18953787,-0.38706905,-0.56310326,0.07085806,-0.6246582,-0.8073129,-0.55090725,-1.0127679,-0.8853152,0.11139843,-2.7687514,-0.7116474,-0.46243903,-0.5553544,0.05138217,0.17525272,-0.58778524,-0.809017,-0.8660254,0.5,0.0
2023-10-30 00:00:00,4.0,1.7337763,1.2783778,-0.18121064,-0.21227497,1.8346661,0.92882586,0.9463353,0.7368622,0.5508989,0.08661955,-0.40576106,1.0136204,0.50237226,0.1690572,-0.13080864,0.6543232,-0.8173091,0.48576677,-2.3272824,0.46304867,0.50542116,0.37465233,1.4483583,-0.11133627,-0.95105654,0.309017,-0.8660254,0.5,0.0
2023-10-31 00:00:00,4.0,0.20862317,1.9602815,-1.2977844,-1.1869718,-0.5141484,1.1624103,0.2608008,-0.9497966,-0.5390619,-0.71115726,-1.0479327,-0.13722037,0.60152394,0.2573642,0.17844951,0.9613495,-0.12791769,0.90602994,-2.1314914,0.54626936,0.56630766,0.45458212,-0.9450471,0.1864801,0.0,1.0,-0.8660254,0.5,0.0
2023-11-01 00:00:00,4.0,-1.1368798,-1.160418,-1.2706243,0.01855453,0.8520579,0.31805664,-0.9581159,-0.33824843,0.021357413,-0.19313921,-0.4798059,0.33935845,-0.15615657,-0.4139259,0.11279084,0.71734136,-0.31027567,-0.24455675,-1.816927,-0.31660375,-0.100280784,-0.14225973,0.80159765,0.024411278,0.95105654,0.309017,-0.8660254,0.5,0.0
2023-11-02 00:00:00,4.0,0.114508264,-0.12187625,-0.102774,1.7205447,-0.097109005,-0.5005111,-1.2279608,0.21489154,-0.73702383,-0.7838247,-0.9464913,-0.46527922,-0.15989575,-0.41309625,0.088093415,0.4762168,-0.5201013,0.52585244,-1.622424,-0.2614309,-0.12017686,-0.15811685,-0.58875835,-0.92661905,0.58778524,-0.809017,-0.5,0.8660254,0.0
2023-11-03 00:00:00,4.0,0.7348979,-0.13225962,1.8284746,-0.24872954,0.74066836,-0.13133326,0.6528233,1.1474191,-0.32427764,-0.5640393,-0.881837,0.10028336,0.3692554,0.06851628,0.26432347,0.8273282,-0.21181515,1.0324087,-1.529442,0.20735271,0.29056513,0.32009926,0.7141055,-0.2937931,-0.58778524,-0.809017,-0.5,0.8660254,0.0
2023-11-06 00:00:00,4.0,1.9627799,1.3782666,-0.42474213,-0.48070428,1.629269,0.089337274,0.3448732,1.0742948,0.7683312,0.16057418,-0.5842322,1.4570342,1.8443708,1.5947977,0.83417976,0.9575122,1.2983742,1.8386832,-0.8071429,1.6746554,1.4450737,1.6501818,1.4809674,0.22269869,-0.95105654,0.309017,-0.5,0.8660254,0.0
2023-11-07 00:00:00,4.0,1.3337822,0.821482,1.2410077,-0.6632539,-1.041094,1.2537827,1.524798,1.4250222,0.7162379,0.13974,-0.7257605,1.4537605,2.5160153,2.4547439,1.4384439,1.5191674,1.9339335,1.9056419,0.2154617,2.422023,2.0756326,2.403271,-1.33373,-0.14910886,0.0,1.0,-0.5,0.8660254,0.0
2023-11-08 00:00:00,4.0,-1.1117469,-1.176189,-0.45024925,-0.9428004,-0.03718028,-0.18997101,-1.3283153,-0.66604424,0.49393034,0.18378972,-0.4784819,0.9815681,1.5522734,1.5872655,1.4706975,1.4769963,1.6940507,1.3640841,-0.33151388,1.4017903,1.2749174,1.6510462,-0.4270414,-0.2947046,0.95105654,0.309017,-0.5,0.8660254,0.0
2023-11-09 00:00:00,4.0,-0.31037432,-0.44765586,1.020733,-0.43726775,-0.17577009,0.06832093,0.2681532,-0.13215946,-0.3786601,-0.4275915,-0.84638774,0.0033896856,1.244586,1.319376,1.3747383,1.2502359,1.3288943,0.9407221,-0.48193902,1.0771726,1.0201428,1.420959,-0.47247255,-0.39316592,0.58778524,-0.809017,-0.5,0.8660254,0.0
2023-11-10 00:00:00,4.0,-0.13424678,-0.25867352,0.6204866,0.5349124,-0.82881683,-0.7863026,-1.0569777,-0.0992953,-1.41804,-1.2818063,-1.4476647,-1.1322029,1.0579879,1.1579981,1.2338063,0.8361309,1.2588626,0.41770643,-0.29307204,0.9381053,0.9055352,1.2569362,-1.1269354,-0.4843226,-0.58778524,-0.809017,-0.5,0.8660254,0.0
2023-11-13 00:00:00,4.0,-1.1895941,-1.2767956,-1.3253704,-0.41311994,-0.7443706,-0.8839159,0.027632559,-0.9920597,-0.8449838,-0.82975614,-0.9743528,-0.5825919,0.20867054,0.2800241,0.71150154,-0.70567405,0.17045312,-0.77508205,-0.32666567,-0.015675599,0.17172058,0.38410577,-0.83139175,-0.80005014,-0.95105654,0.309017,-0.5,0.8660254,0.0
2023-11-14 00:00:00,4.0,1.0129654,1.1049585,-0.85702664,0.9696017,1.0145617,-1.2893435,-0.67520046,0.31494778,-0.6666415,-0.83321065,-1.1243571,-0.23207326,0.8670636,1.0043746,0.6039635,-0.8554831,0.49652824,0.41500515,0.37251008,0.87349224,0.8255144,1.1223841,1.1190637,-1.232484,0.0,1.0,-0.5,0.8660254,0.0
2023-11-15 00:00:00,1.0,-0.059667066,-0.60404193,0.3979434,-0.21886477,-0.40512553,-1.0867795,-0.035020377,0.34246358,-1.2704625,-1.3413684,-1.4960533,-0.9021013,0.7568574,0.8902979,0.5047926,-0.34100628,0.9087768,0.6657449,0.7270209,0.7785603,0.7520683,1.0275418,-0.4797127,-0.9918741,0.95105654,0.309017,-0.5,0.8660254,0.0
2023-11-16 00:00:00,1.0,2.653223,1.4992188,-0.949192,-0.0812449,1.0481671,2.0598726,3.0,2.4938598,1.2657427,0.42707956,-0.5691252,2.1246061,2.3805497,2.7233527,1.0218099,1.2530555,1.9512237,1.6091772,1.8045337,2.9790754,2.2876449,2.7419004,1.2618161,-0.95776755,0.58778524,-0.809017,-0.5,0.8660254,0.0
2023-11-17 00:00:00,1.0,-0.94173,-1.0904903,-1.2523594,0.07906696,2.0199637,-0.12676352,-1.4127306,0.38222033,1.822089,1.2111591,0.22567375,2.2718065,1.6460918,1.9526428,1.0680922,0.84220433,1.318945,1.2035654,1.9106939,1.9868735,1.604635,2.0543218,1.7718174,-1.006923,-0.58778524,-0.809017,-0.5,0.8660254,0.0
2023-11-20 00:00:00,1.0,-1.4677014,-0.81416553,-0.19092885,-0.22476444,-0.46145415,0.05308143,0.03976703,-1.6101158,2.1089091,1.8633541,1.0872574,2.1085093,0.6767353,0.96293694,0.6734317,0.67847717,-0.08098898,1.2672567,1.7440109,0.6570386,0.6679286,1.2002019,-0.29971796,-1.6489104,-0.95105654,0.309017,-0.5,0.8660254,0.0
2023-11-21 00:00:00,1.0,1.2551751,1.2604969,-1.0067834,0.6935252,-0.07579758,0.09885438,-0.057118088,0.83808076,1.4504856,1.3984768,0.66464776,1.5209264,1.4517298,1.7902795,0.7504865,0.8719636,-0.07353693,1.9904069,1.9081393,1.5994422,1.4136262,1.8971314,0.3024215,-1.7693421,0.0,1.0,-0.5,0.8660254,0.0
2023-11-22 00:00:00,1.0,-0.16261472,-0.68788964,0.4850388,-0.5879051,1.0300949,0.35686672,0.13298316,0.69987726,1.3210392,1.4411817,0.8629009,1.2733148,1.3030167,1.6193395,0.69895136,0.81091654,0.356241,2.1395252,1.7121677,1.3123294,1.1874454,1.7442598,1.5340065,-1.5091637,0.95105654,0.309017,-0.5,0.8660254,0.0
2023-11-23 00:00:00,1.0,0.03351205,0.25363153,0.8321964,1.731551,-1.1852995,-1.2356501,-1.578732,-0.16625568,-0.16577868,0.21891336,-0.08585581,-0.15392011,1.2593364,1.555801,0.679958,-0.75029296,0.52694553,1.8907825,1.1874295,1.1864611,1.1168619,1.7094371,-1.130619,-1.3331729,0.58778524,-0.809017,-0.5,0.8660254,0.0
2023-11-24 00:00:00,4.0,0.6973915,1.4291568,-0.98795575,0.28889683,0.9682454,-0.32036224,1.1845585,-0.5145831,-0.07950867,0.1603629,-0.22564112,0.01832584,1.6689371,1.9402852,0.8115522,0.2154643,0.9506237,2.1811078,1.589923,1.6374928,1.4713824,2.0219462,1.3932971,-1.6397746,-0.58778524,-0.809017,-0.5,0.8660254,0.0
2023-11-27 00:00:00,4.0,-1.3138714,-1.3778299,-1.2047253,-0.9236365,-0.2835599,-0.90308404,-0.8864618,-0.9819955,0.32030073,0.61900944,0.44324365,0.235535,0.5944201,0.96990323,0.2488004,0.30134407,0.84902924,0.9507987,1.0815485,0.30752817,0.3501468,1.1871015,-0.17917351,-0.63995093,-0.95105654,0.309017,-0.5,0.8660254,0.0
2023-11-28 00:00:00,4.0,-0.07413331,-0.5431106,-1.1674163,1.4256426,0.74779993,-0.41494673,0.48867023,0.5780467,0.22617352,0.53655225,0.4296198,0.12503555,0.4925399,0.86632943,-0.19704497,-0.51338553,0.3222331,0.85011107,0.5297689,0.15556584,0.2202136,1.1062466,0.991324,-0.5656943,0.0,1.0,-0.5,0.8660254,0.0
2023-11-29 00:00:00,4.0,-0.6039552,-1.083322,-1.1335297,-0.17972462,-0.19506504,0.22799154,0.59179926,-0.029796831,-0.30989024,0.09388151,0.17764066,-0.44227418,0.012533698,0.4245131,-0.774238,-0.7947629,0.044326834,1.0474315,0.2813419,-0.5673509,-0.36755896,0.7257171,0.122185595,-0.30703464,0.95105654,0.309017,-0.5,0.8660254,0.0
2023-11-30 00:00:00,4.0,-1.3392061,-1.0329986,-1.102141,-0.07010799,2.142286,2.122555,1.9108534,-0.09159953,0.98530704,1.3345108,1.577978,0.5906644,-0.8794119,-0.4416147,-1.6156435,-1.6254995,-1.9388447,0.36855868,-0.1271871,-1.7910485,-1.3559498,-0.001974174,1.8900481,0.054463733,0.58778524,-0.809017,-0.5,0.8660254,0.0
2023-12-01 00:00:00,4.0,0.31997177,0.8420808,-0.50674415,1.71958,-0.58649385,2.1598737,0.1441419,-0.15530568,-0.0047222436,0.45188054,0.76837057,-0.28690597,-0.6805023,-0.26893577,-2.028853,-1.8539734,-1.3395767,0.20557989,-0.7065288,-1.4165496,-1.2296108,0.106731676,-0.5066448,-0.29455355,-0.58778524,-0.809017,-0.5,0.8660254,0.0
2023-12-04 00:00:00,4.0,-0.77751255,-1.2853345,-0.6520907,-1.2827097,-0.4715463,1.0699439,-0.8149017,-0.2658134,-0.5793733,-0.045128208,0.49115765,-0.8691082,-1.1590384,-0.7562414,-2.4890018,-1.490474,-1.0058635,-1.026718,-0.45618603,-1.6238602,-1.7893007,-0.4120549,-0.32247552,-1.1374117,-0.95105654,0.309017,-2.4492937e-16,1.0,0.0
2023-12-05 00:00:00,4.0,-0.65363926,-1.1304481,-0.7580869,-0.8084608,0.6344727,1.1542592,-0.06571558,0.45450515,-0.22312535,0.23250324,0.870182,-0.5595257,-1.5111396,-1.1439532,-2.7514918,-1.7811513,-1.9526536,-1.8748813,-0.73071176,-1.6529169,-2.0386395,-0.7856912,1.1368794,-0.77091944,0.0,1.0,-2.4492937e-16,1.0,0.0
2023-12-06 00:00:00,4.0,-1.2214881,-0.9561417,-1.0933086,0.07484455,1.0670704,1.3511273,0.16056383,-0.38545817,0.79765224,1.2423624,2.0683947,0.22498462,-2.0347323,-1.7589558,-2.9566329,-2.0561595,-2.3738885,-1.9099945,-0.8676076,-1.7559323,-2.4861913,-1.3263931,1.5310107,-0.5476758,0.95105654,0.309017,-2.4492937e-16,1.0,0.0
2023-12-07 00:00:00,4.0,0.6845703,1.1085764,0.68026394,-0.18568675,0.83784914,0.20192362,-1.0335804,-0.26218456,0.97052217,1.3479927,2.0468583,0.4401623,-1.4854076,-1.2956278,-2.6862798,-0.90290296,-1.9918175,-1.4645916,-0.4636509,-1.1595525,-1.8282857,-0.9030505,1.3316828,-0.8788042,0.58778524,-0.809017,-2.4492937e-16,1.0,0.0
2023-12-08 00:00:00,4.0,-0.38412267,0.12076134,-1.0661258,2.9469032,-0.72766805,0.08740911,-0.19674052,-0.7455426,0.7867527,1.2548878,2.0517771,0.2171758,-1.6626601,-1.4995098,-2.5117111,-1.2960832,-2.3697476,-1.5659298,-0.54199725,-1.0921578,-1.918028,-1.1239674,-0.16300932,-0.9561284,-0.58778524,-0.809017,-2.4492937e-16,1.0,0.0
2023-12-11 00:00:00,4.0,0.064102136,0.036173515,0.9240902,0.6793127,-0.8045937,-0.072582744,-0.25303295,0.047580678,-0.03876899,0.49236163,1.3145256,-0.5123755,-1.6363505,-1.4823565,-2.3198745,-0.8319576,-1.7095225,-1.0273165,-0.53504807,-0.9095019,-1.8587067,-1.1839356,-0.27656513,0.0546516,-0.95105654,0.309017,-2.4492937e-16,1.0,0.0
2023-12-12 00:00:00,4.0,-0.442406,0.65917087,0.10361509,1.5454015,0.17071044,0.9515318,1.100925,-1.3742429,0.45389047,0.9169214,1.7415811,-0.09933862,-1.8227619,-1.6949468,-2.069191,-0.71761554,-1.8144448,-1.6180719,-0.8201951,-0.893525,-1.8994623,-1.3520585,0.7516894,0.318713,0.0,1.0,-2.4492937e-16,1.0,0.0
2023-12-13 00:00:00,4.0,0.85664636,1.2654215,-0.20680557,0.19799235,-0.31002867,-0.07277104,-0.88200533,0.1347215,-0.042584345,0.35172525,1.0214578,-0.43895102,-1.1141667,-1.1125803,-1.6475531,0.43230247,-1.1894953,-1.2059026,-0.7229047,-0.5120672,-1.3295027,-0.9220138,0.5361112,0.88270086,0.95105654,0.309017,-2.4492937e-16,1.0,0.0
2023-12-14 00:00:00,4.0,-0.5061837,-0.4830284,-0.6419431,0.9446193,-1.1054548,-0.23805137,-0.34190756,-0.5380071,-0.51585156,-0.08031178,0.69746625,-0.9051107,-1.3859568,-1.3820391,-1.4392911,-0.22633974,-0.8306011,-2.4414682,-0.57718486,-0.598186,-1.4864706,-1.2738031,-0.791878,0.71061146,0.58778524,-0.809017,-2.4492937e-16,1.0,0.0
2023-12-15 00:00:00,4.0,0.8426332,0.2213216,1.8086383,0.31763247,-0.21330816,0.6421195,0.79235077,1.1749812,-0.16472776,0.047742903,0.5885516,-0.43342346,-0.7287384,-0.83153915,-0.93564904,0.45419273,-0.6166117,-1.6776052,-0.3729424,-0.2640437,-0.79894775,-0.77218485,0.40164772,0.5644793,-0.58778524,-0.809017,-2.4492937e-16,1.0,0.0
2023-12-18 00:00:00,4.0,1.6595229,1.2212948,1.2005234,-1.213603,0.8428611,2.5501428,2.1416943,1.235975,1.5425853,1.3784031,1.3698853,1.3313115,0.49916002,0.2759833,-0.09950459,1.341001,0.39557278,-0.4117424,0.45494688,0.33465135,0.29856676,0.24854323,1.2043636,-0.27282548,-0.95105654,0.309017,-2.4492937e-16,1.0,0.0
2023-12-19 00:00:00,4.0,-0.59325093,-0.21068265,0.36486995,0.70601124,-1.6025512,-0.78603816,-2.1284842,-0.9453889,0.49324724,0.6731899,0.9313934,0.21658699,0.06861571,-0.107313775,0.24471863,1.2372597,0.41255865,-1.1578695,0.542262,0.13924417,0.015874265,-0.14921209,-1.3222321,-1.2027787,0.0,1.0,-2.4492937e-16,1.0,0.0
2023-12-20 00:00:00,4.0,-0.41523394,-0.14735085,-0.328178,1.4462183,-1.1169565,-0.78673875,-0.2202311,-0.6600095,-0.3279073,-0.006497614,0.46866462,-0.6062265,-0.22857435,-0.37532297,0.38354343,0.54846054,0.73767936,-1.2518362,-0.276453,0.012898032,-0.16075526,-0.45228997,-1.0669941,-1.2500798,0.95105654,0.309017,-2.4492937e-16,1.0,0.0
2023-12-21 00:00:00,4.0,0.53465444,-0.001303606,1.1425877,0.3226091,-0.90512294,-0.67542154,0.13904847,0.7737223,-0.92823946,-0.7227753,-0.26613048,-1.0581586,0.11391,-0.06697674,0.6216042,1.0946121,0.67312014,-1.0446794,0.40934318,0.2503269,0.23097704,-0.20871319,-0.6473412,-2.1893091,0.58778524,-0.809017,-2.4492937e-16,1.0,0.0
2023-12-22 00:00:00,4.0,0.08926939,1.7720898,-0.4805124,-1.033611,-0.63980246,-0.9724495,-0.61590624,-1.1808608,-1.5387622,-1.4492507,-0.9572287,-1.5754752,0.11836512,-0.064845696,0.8046013,0.69328994,0.8618,-1.2676057,0.8163961,0.33397287,0.38913295,-0.21545763,-0.51330304,-2.0430267,-0.58778524,-0.809017,-2.4492937e-16,1.0,0.0
2023-12-27 00:00:00,4.0,-1.1036848,-0.94959337,-0.21092767,-0.7293705,2.757857,0.06496141,1.7078073,0.61983454,1.1857247,1.1309568,1.3128226,0.90872175,-0.62931865,-0.72485495,0.51387244,-0.7972187,0.389986,-1.159948,0.11977002,-0.24934708,-0.12871593,-0.6038331,1.8001411,-2.068382,-0.95105654,0.309017,-2.4492937e-16,1.0,0.0
2023-12-28 00:00:00,4.0,1.249005,0.8083121,-0.15869756,1.1962559,-0.3647381,0.05131488,-0.09737515,1.2429434,0.8621656,0.8094999,0.81325424,0.7329854,0.31119126,0.112574644,0.6801762,0.18926258,1.0706824,-0.6557714,0.9418688,0.5820255,0.64363426,0.078649394,0.11582585,-1.9538136,0.58778524,-0.809017,-2.4492937e-16,1.0,1.0
2023-12-29 00:00:00,1.0,1.7775002,1.8418399,-0.6647837,-0.97227526,1.3705543,0.11627942,-0.040665057,0.15526342,1.4846405,1.309965,0.89259535,1.475569,1.4323878,1.2397168,1.1349359,1.3360796,1.417297,0.25971675,0.9174936,2.029532,1.5827389,1.0690032,1.5697542,-2.0265532,-0.58778524,-0.809017,-2.4492937e-16,1.0,1.0
2024-01-02 00:00:00,1.0,0.035891984,0.034054056,-0.20675054,1.8308654,-1.0827549,-0.9019771,-1.1667616,-0.07263935,-0.25485498,-0.217485,-0.28634822,-0.18221639,1.3890029,1.2076783,1.4954478,1.0692708,1.6006548,0.7981893,1.5988438,1.9098948,1.6075734,1.0632831,-1.1333808,-2.271803,-0.95105654,0.309017,-2.4492937e-16,1.0,1.0
2024-01-03 00:00:00,4.0,-1.0582497,-1.2775011,-1.1418475,-0.57645094,1.1489114,-0.63056755,0.16866209,0.3256992,0.7238853,0.8316085,0.77934134,0.565898,0.6112568,0.53412974,1.2813306,0.48460868,0.86989576,0.28616512,1.3543649,1.1195043,0.96000654,0.48506692,1.4255394,-1.6272683,0.95105654,0.309017,0.5,0.8660254,0.0
2024-01-04 00:00:00,4.0,-0.5626934,0.7061188,-0.5518873,1.7166193,-1.487616,-0.8285525,-0.4349859,-1.2596093,-0.17105062,0.10576498,0.34739527,-0.3504934,0.2074463,0.1640645,1.0414184,0.7672829,-0.009908442,0.37443587,1.0785682,0.6330383,0.6357451,0.10317443,-1.5028943,-1.0425918,0.58778524,-0.809017,0.5,0.8660254,0.0
2024-01-05 00:00:00,4.0,0.05694306,-0.025478216,-1.0955503,2.3947372,-0.85792106,-0.4492521,0.28822267,-0.021975514,-1.4355206,-1.1877861,-0.7314083,-1.5053258,0.197822,0.15114546,0.879992,0.1465971,0.24990281,0.65479696,0.6645744,0.61208266,0.6348464,0.03406044,-1.0440588,-1.3048426,-0.58778524,-0.809017,0.5,0.8660254,0.0
2024-01-08 00:00:00,4.0,-0.40852535,0.064647585,1.8069066,-0.099833846,0.2424622,-0.15590721,0.11375365,-0.65953434,-1.2142789,-1.1155154,-0.66758686,-1.2447004,-0.11984253,-0.13713865,0.5835199,-0.97865903,0.25852683,0.9747104,0.44105586,0.15580626,0.30944878,-0.26519236,0.6859694,-1.4641429,-0.95105654,0.309017,0.5,0.8660254,0.0
2024-01-09 00:00:00,4.0,-1.2448803,-1.1585788,-0.9681248,-0.5452847,1.4090629,0.33868748,0.351055,0.13387638,0.43193913,0.49878857,0.8414668,0.1869479,-0.89481103,-0.87551844,0.04343279,-1.5996723,-0.42871797,0.22031389,-0.2631522,-0.89529926,-0.4092602,-0.9264228,1.4592006,-1.9970965,0.0,1.0,0.5,0.8660254,0.0
2024-01-10 00:00:00,4.0,-0.032711003,-0.22840928,2.392063,-1.3527379,-0.35897845,-0.17512064,-0.5701928,0.067859754,-0.3606345,-0.23248388,0.2513786,-0.53824055,-0.9448459,-0.9264898,-0.28425437,-1.1014541,-0.47792688,0.35990104,-0.641455,-0.91613567,-0.48841423,-1.0272413,-0.18939446,-1.7889847,0.95105654,0.309017,0.5,0.8660254,0.0
2024-01-11 00:00:00,4.0,-0.266961,-0.09191562,1.2993885,-0.022972714,-0.48762175,-0.41597402,-0.36350745,-0.44068116,-1.0118382,-0.89801615,-0.28575817,-1.1395633,-1.1379138,-1.1116135,-0.56734735,-0.9849722,-0.14803344,0.2354676,-1.2438136,-1.0839485,-0.7163222,-1.2641613,-0.49315384,-1.7787361,0.58778524,-0.809017,0.5,0.8660254,0.0
2024-01-12 00:00:00,4.0,1.0413334,1.0626372,1.0693532,-0.7301193,0.61418605,0.015076509,0.263164,0.2704215,-0.35596263,-0.50904965,-0.2596069,-0.32455376,-0.31334507,-0.40821812,-0.44383386,-0.49434975,-0.257239,0.79998165,-0.3056308,-0.419266,-0.1391068,-0.5559946,0.93935734,-1.7279847,-0.58778524,-0.809017,0.5,0.8660254,0.0
2024-01-15 00:00:00,4.0,-0.15958992,0.5123106,2.222517,-0.65939677,-0.5037822,-0.8040712,-0.93448067,-0.7667862,-1.0536588,-1.1853255,-0.83083415,-0.98491806,-0.4611979,-0.5403208,-0.40323883,-0.362622,-1.0228131,0.3985386,-0.14127426,-0.55770355,-0.294501,-0.73027223,-0.62058353,-1.8095217,-0.95105654,0.309017,0.5,0.8660254,0.0
2024-01-16 00:00:00,4.0,-0.01578344,-0.074695125,0.43870014,0.9218922,-0.36270544,-1.033782,-0.5127438,-0.026087074,-1.3961715,-1.6054846,-1.2677258,-1.2597811,-0.523917,-0.59349686,-0.3557164,0.28494707,-1.0418236,0.59237045,-0.36610037,-0.6245768,-0.37665838,-0.79241174,-0.14311329,-1.4839435,0.0,1.0,0.5,0.8660254,0.0
2024-01-17 00:00:00,4.0,-1.4572011,-0.5625212,1.0295017,-0.9211079,0.6273222,0.48605067,1.8957896,-1.4659506,-0.19321217,-0.4003478,-0.032978088,-0.21315077,-1.3863695,-1.4025571,-0.64690375,-0.44409302,-1.1826968,-0.2932139,-0.8455938,-1.3939667,-1.1740383,-1.5183114,0.9617031,-1.1228777,0.95105654,0.309017,0.5,0.8660254,0.0
2024-01-18 00:00:00,4.0,-2.5220015,-1.3217247,-1.0859225,-0.6696852,1.8427223,3.0,2.698281,-0.8829643,3.0,3.0,3.0,2.4728913,-2.325369,-2.4583707,-1.2068362,-1.6425587,-1.8946353,-1.8933526,-1.1409503,-2.00437,-2.0042186,-2.2230957,1.5248027,-0.23677504,0.58778524,-0.809017,0.5,0.8660254,0.0
2024-01-19 00:00:00,4.0,0.65530676,0.87538666,0.13751334,0.6129986,-0.19559821,1.3281885,-1.1157098,0.05047098,2.1763396,2.4545982,2.7052996,1.5089648,-1.817423,-1.9942175,-1.4256878,-1.7882032,-1.627556,-1.3877696,-0.7819177,-1.3481387,-1.6142837,-1.871248,0.16951455,0.26266357,-0.58778524,-0.809017,0.5,0.8660254,0.0
2024-01-22 00:00:00,4.0,-0.25921324,-0.2631001,0.85761046,0.06578443,0.12686102,0.34671986,-0.81550425,-0.05690212,1.9179819,2.3778658,2.6895607,1.1738343,-1.8861424,-2.0636075,-1.4998313,-1.8085676,-1.5434612,-1.3171818,-0.6699712,-1.1945138,-1.6262091,-1.8990335,0.55024236,0.28470606,-0.95105654,0.309017,0.5,0.8660254,0.0
2024-01-23 00:00:00,5.0,-1.4402322,-1.0045542,-0.9865913,0.013693189,1.6025932,1.1394264,0.7039535,0.23713009,3.0,3.0,3.0,2.3304803,-2.2527862,-2.486038,-1.5784012,-2.4379482,-1.5918937,-1.9874791,-1.4082601,-1.344709,-1.8894776,-2.1089783,1.4414015,0.99379194,0.0,1.0,0.5,0.8660254,0.0
2024-01-24 00:00:00,5.0,1.8615011,1.3552513,0.3944743,-0.963095,1.1123128,0.9923236,-0.16326992,0.5647424,3.0,3.0,3.0,2.7372713,-0.97207135,-1.3384463,-1.1701812,-0.8015401,-0.8827529,-1.3038458,-0.7240572,-0.65338415,-0.8871114,-1.1050216,1.337994,0.9991771,0.95105654,0.309017,0.5,0.8660254,0.0
2024-01-25 00:00:00,5.0,2.3766758,1.2186614,-0.4514258,0.2497511,1.4123577,1.803047,0.78956634,1.9716848,3.0,3.0,3.0,3.0,0.3874112,0.010479971,-0.41362953,1.6551259,0.12574825,-0.009007191,-0.3756419,0.13056195,0.1784349,0.0020238622,1.3282579,0.91155505,0.58778524,-0.809017,0.5,0.8660254,0.0
2024-01-26 00:00:00,5.0,1.3248366,1.2516649,-0.6209463,0.4180221,0.41889337,1.9232128,0.30444282,0.5692001,2.8941224,3.0,3.0,2.3458157,1.0005766,0.68677014,0.28616905,1.9772388,0.28984714,0.056591377,0.114011735,0.5833211,0.7309625,0.54737353,0.9672178,1.1998928,-0.58778524,-0.809017,0.5,0.8660254,0.0
2024-01-29 00:00:00,4.0,-0.963261,-0.8504671,-0.0016816043,-0.5369595,-0.031377893,0.93077797,-0.7963759,-0.6231664,2.302642,2.861647,2.9627662,1.5592992,0.48986843,0.20261256,0.5575369,1.5752693,-0.03378692,-0.94868326,0.11239003,0.27489135,0.37289363,0.14075771,0.46900797,1.4294798,-0.95105654,0.309017,0.5,0.8660254,0.0
2024-01-30 00:00:00,5.0,0.56657237,0.49120364,2.303771,-0.7301069,-0.80837,0.43092015,-0.56545585,0.58744526,1.548232,2.2195287,2.429957,0.79776245,0.7227686,0.46020475,0.8398621,2.3995926,0.1952096,-0.7396593,0.32853657,0.52837104,0.65734637,0.3757972,-0.3152383,1.6394473,0.0,1.0,0.5,0.8660254,0.0
2024-01-31 00:00:00,5.0,-1.3892279,-1.2294117,-1.095038,-0.41530314,-0.7528504,-0.008694751,-0.56288147,-1.6206982,1.7073398,2.3968217,2.73084,0.7633142,0.04425173,-0.20074049,0.7033155,0.88001853,0.1450306,-0.91216594,-0.6022294,-0.023971776,0.094662,-0.18203111,-0.3058981,1.4851341,0.95105654,0.309017,0.5,0.8660254,0.0
2024-02-01 00:00:00,5.0,-0.7612667,-0.6472328,0.20705026,-0.32247478,-0.19052052,-0.032337215,-0.1079875,-0.55108845,1.3986251,2.1610644,2.61113,0.33951136,-0.28960782,-0.5420334,0.471286,-0.5876183,0.753921,-1.0148401,-1.7056414,-0.31309903,-0.18611759,-0.5064171,0.31868526,1.6716884,0.58778524,-0.809017,0.5,0.8660254,0.0
2024-02-02 00:00:00,5.0,0.49649215,0.5457882,1.9086579,-0.2511563,0.0049431594,-0.21771383,-0.30687863,0.2389949,1.225282,1.9262471,2.3630602,0.20949657,-0.07225901,-0.32916862,0.40703037,-0.98708606,0.72282493,-0.85599434,-1.9439571,-0.07475032,0.08156776,-0.27093613,0.795601,1.8523983,-0.58778524,-0.809017,0.8660254,0.5,0.0
2024-02-05 00:00:00,5.0,0.0031649303,-0.59018975,0.42075816,-0.43339896,0.7770731,-0.23051545,-0.11158523,1.508619,1.5738333,2.1126983,2.4801207,0.5831853,-0.11188907,-0.36589098,0.3538867,-0.53378886,0.82918483,-0.7151407,-1.4867357,-0.05861679,0.1433424,-0.18617366,1.0999547,1.7548536,-0.95105654,0.309017,0.8660254,0.5,0.0
2024-02-06 00:00:00,5.0,0.036782786,1.275856,1.1257068,-1.4392792,-0.35138273,-0.42948225,-0.35792404,-1.765473,1.2102954,1.8155853,2.242203,0.17511891,-0.1406075,-0.38949585,0.33452216,-0.7936402,1.3801793,-0.2589804,-1.335269,-0.031868022,0.16660145,-0.16599642,0.17357759,2.310566,0.0,1.0,0.8660254,0.5,0.0
2024-02-07 00:00:00,5.0,2.5390759,2.025782,-0.944423,-1.3882102,1.6121212,0.6764122,1.3026973,0.15210578,1.9105887,2.1051064,2.2216692,1.2120605,1.3226335,1.0775642,0.79086727,1.1544313,1.7028041,0.7871519,-0.16919343,1.3293234,1.2710186,1.0661473,1.3911031,1.984456,0.95105654,0.309017,0.8660254,0.5,0.0
2024-02-08 00:00:00,5.0,-0.1430964,-0.77639407,0.46813905,-0.77263105,-0.30496117,-0.016500115,-0.6751586,1.0367656,1.5437108,1.8860565,2.0978115,0.7338624,1.1664337,0.94719696,1.0349894,1.4258096,0.7057727,0.8196003,0.21239665,1.1754637,1.1560166,0.99441594,0.5589875,1.8715158,0.58778524,-0.809017,0.8660254,0.5,0.0
2024-02-09 00:00:00,4.0,-0.7019347,-0.50896555,0.6730661,-0.35292813,-1.0363909,-1.1507623,-1.1873243,-0.8914026,0.94114333,1.5102986,1.8971099,-0.05925235,0.7151894,0.54853433,1.0373318,0.8516327,-0.10799688,0.18285814,-0.47264692,0.7905025,0.8481581,0.6739623,-0.4773911,1.9197555,-0.58778524,-0.809017,0.8660254,0.5,0.0
2024-02-14 00:00:00,5.0,-0.41628286,0.55122393,-0.9473203,2.389485,-1.4039901,-2.305806,-2.0981946,-1.466517,0.77797145,1.3823631,1.8359599,-0.30257335,0.4399119,0.3009582,0.89333516,0.64640754,0.105821274,0.069844976,-0.63168496,0.5515347,0.6560612,0.48540118,-1.1195334,1.7649335,-0.95105654,0.309017,0.8660254,0.5,0.0
2024-02-15 00:00:00,4.0,0.69675237,1.4847453,-0.7785064,-0.090150885,0.3498375,-1.5231386,2.8035135,-1.4953837,1.0013036,1.4356989,1.8059472,0.053723298,0.80576116,0.66261476,0.87600714,0.95111066,0.15497321,0.34606504,-1.4095354,0.99845105,0.96645844,0.8305899,0.9215385,1.765943,0.58778524,-0.809017,0.8660254,0.5,0.0
2024-02-16 00:00:00,4.0,0.39507645,1.0238985,0.2899052,-0.1306381,-1.0118065,-1.6521459,-0.92977047,-0.48518643,0.47318828,1.0192968,1.4703838,-0.5155998,0.9896131,0.85309154,0.9411575,-0.11031025,0.9064324,1.0096617,-0.89669585,1.1803352,1.1150858,1.0059679,-0.39725986,1.5152829,-0.58778524,-0.809017,0.8660254,0.5,0.0
2024-02-19 00:00:00,4.0,1.6775823,1.519241,-0.57097983,-0.6359799,0.5009439,-0.8627011,1.9430302,0.52143437,0.6715585,0.9978725,1.3051227,-0.054534856,1.8285102,1.7447186,1.2152754,0.7384077,1.8532385,2.4657023,0.44189444,1.942098,1.6969918,1.7483029,0.92837137,0.38859248,-0.95105654,0.309017,0.8660254,0.5,0.0
2024-02-20 00:00:00,4.0,-0.6460783,-1.4891189,-1.1192845,-0.90878826,-1.5674092,-0.35666245,0.6595657,-0.06977735,-0.014209565,0.54482603,1.0311931,-0.97008014,1.354213,1.34855,1.2760016,0.7835195,1.3782884,1.9789467,-0.39902315,1.3911947,1.329081,1.4383864,-1.5526283,0.5440205,0.0,1.0,0.8660254,0.5,0.0
2024-02-21 00:00:00,4.0,0.47159278,0.4010315,-0.5271174,2.0907037,-1.2456498,-0.3266937,-0.12038578,0.5967966,-0.5301997,0.0881036,0.6476384,-1.5131322,1.5398028,1.559908,1.3508077,1.195992,1.5314196,2.2096493,-0.112822436,1.4991553,1.4470915,1.6414988,-1.0546899,0.6658583,0.95105654,0.309017,0.8660254,0.5,0.0
2024-02-22 00:00:00,4.0,1.099968,1.1249324,0.8095469,-0.97574157,1.6573893,1.233571,2.1172762,-0.58380073,0.564032,0.68079555,0.95150775,0.09719633,2.008567,2.0874093,1.3806036,1.3640976,1.8862575,2.9378805,0.42510742,2.0303898,1.6670756,2.080224,1.385467,0.69598347,0.58778524,-0.809017,0.8660254,0.5,0.0
2024-02-23 00:00:00,4.0,1.0133828,1.6218185,-1.0941594,-0.367667,-0.45583278,0.115688585,-1.0691155,-0.12349048,0.18748689,0.37430233,0.65635633,-0.26390764,2.3600712,2.5128148,1.611237,1.6141584,1.2563084,2.5834446,0.6376131,2.2711573,1.9656413,2.495798,-0.22628656,0.89574754,-0.58778524,-0.809017,0.8660254,0.5,0.0
2024-02-26 00:00:00,4.0,-0.013905221,0.67710537,2.0684006,-1.2791374,-0.94204676,0.3086746,-0.0014125395,-0.79219943,-0.3177255,0.010915442,0.39012665,-0.8909729,2.1971972,2.3535244,1.6885082,0.85697484,1.2960154,1.745909,1.3231007,1.874351,1.847263,2.3911211,-0.80990726,1.1512238,-0.95105654,0.309017,0.8660254,0.5,0.0
2024-02-27 00:00:00,4.0,-0.30299073,-0.38506517,1.0842667,-0.2007427,-1.1975044,-0.31063536,-0.86643785,-0.3534934,-0.87774694,-0.4175082,0.082176566,-1.5871353,1.8633307,2.059375,1.6073177,0.99844414,1.4322554,1.1967745,1.1973894,1.5138941,1.6512183,2.1734056,-1.6167706,1.136946,0.0,1.0,0.8660254,0.5,0.0
2024-02-28 00:00:00,1.0,0.651741,0.81700736,-0.7114581,1.0205436,0.21067867,-0.05371711,0.074292295,0.10970769,-0.6405087,-0.38277146,0.014109739,-1.0932788,2.0388887,2.242487,1.4911513,1.069122,1.775391,1.6963241,1.8137869,1.5671399,1.7743791,2.321097,0.4852424,1.0283153,0.95105654,0.309017,0.8660254,0.5,0.0
2024-02-29 00:00:00,4.0,-0.98196536,-1.623492,-1.0270543,-0.9987226,-0.15937041,0.20356867,0.07731694,0.3863121,-0.529182,-0.31508705,0.10166246,-0.9667318,1.3217119,1.6234156,1.1418698,0.1687311,1.1892134,1.1896595,1.9203153,1.02236,1.210163,1.753585,-0.063919,1.0476792,0.58778524,-0.809017,0.8660254,0.5,0.0
2024-03-01 00:00:00,1.0,-0.067087,0.6661461,1.8864231,-1.2191046,-0.6556504,1.1366067,0.8247923,-0.9382821,-0.7405003,-0.5092656,-0.06994624,-1.1780251,1.2169086,1.5132989,0.8485355,-0.31346124,1.0246108,1.5902005,1.6939833,0.88049465,1.0699635,1.6542027,-0.54132706,0.9513145,-0.58778524,-0.809017,0.8660254,0.5,0.0
2024-03-04 00:00:00,1.0,0.3305864,1.1822482,-0.35852522,-0.2933566,-0.14490706,0.4937704,-0.62475914,-1.0346719,-0.6836484,-0.54661405,-0.16510825,-0.9909455,1.326244,1.5975384,0.6408416,-0.16419451,0.55104387,1.8736122,2.129309,0.91997445,1.0768963,1.7271045,-0.08740373,0.29462785,-0.95105654,0.309017,1.0,6.123234e-17,0.0
2024-03-05 00:00:00,1.0,0.029755738,-0.35845336,-0.7763009,1.8732084,-1.2323282,0.055531356,-0.54453605,0.39842987,-1.2301457,-0.978354,-0.5263596,-1.6473838,1.2931103,1.545586,0.49224284,-0.015400496,0.7928329,1.7028656,2.3273008,0.83916175,1.0020806,1.7126062,-1.6625581,0.29660904,0.0,1.0,1.0,6.123234e-17,0.0
2024-03-06 00:00:00,1.0,-1.7409139,-0.9884824,0.11722241,-0.4242935,0.21829645,0.27810267,0.08122391,-2.0807486,-0.21758448,-0.26760554,0.071234465,-0.38283822,0.20263329,0.6522237,-0.11223411,-1.1248262,0.018053351,1.1902133,2.0028505,-0.12934135,0.026065636,0.87315047,0.37275735,1.2189002,0.95105654,0.309017,1.0,6.123234e-17,0.0
2024-03-07 00:00:00,1.0,1.1117896,1.3172547,-0.021727072,-0.9931303,0.551394,0.004207316,-0.4035711,0.11037563,-0.04788517,-0.20603275,-0.0008270982,-0.03039395,0.7872702,1.1554673,-0.2624295,-0.15369485,0.021317884,1.4860674,2.1255891,0.39014253,0.4479591,1.3040414,0.6715245,1.22151,0.58778524,-0.809017,1.0,6.123234e-17,0.0
2024-03-08 00:00:00,1.0,-0.8266482,-0.9468839,-0.114703044,-0.107853495,0.50758535,0.114049055,-0.09732407,-0.11695235,0.12123926,-0.02594148,0.17716533,0.092548475,0.3016758,0.73117566,-0.57930565,-0.51864773,-0.69078547,0.46735737,1.872424,-0.18445164,0.005976794,0.93001026,0.5927173,1.0978029,-0.58778524,-0.809017,1.0,6.123234e-17,0.0
2024-03-11 00:00:00,1.0,0.4941168,0.6967153,1.6033628,-1.2206519,-0.8843369,0.19990559,-0.08374589,0.45551658,-0.3186703,-0.334899,-0.10238143,-0.4000244,0.5540256,0.94256574,-0.7070056,-0.4394147,-0.50623435,0.65604615,1.988454,0.08540383,0.19603789,1.1111264,-1.2033882,0.9333354,-0.95105654,0.309017,1.0,6.123234e-17,0.0
2024-03-12 00:00:00,4.0,0.89861625,1.5187578,-0.43725613,-1.1834615,-0.8606597,0.042489942,-0.26820734,0.5762762,-0.630341,-0.6101719,-0.40120158,-0.6765806,1.0210649,1.3456511,-0.5661952,-0.019104287,-0.029908042,1.1338276,2.4086874,0.63264936,0.60018796,1.4854476,-1.219804,0.77792215,0.0,1.0,1.0,6.123234e-17,0.0
2024-03-13 00:00:00,4.0,1.8558371,1.3239658,-0.737973,-0.4165258,1.6954149,1.7984607,1.7308785,0.9994415,0.16514075,-0.17576993,-0.2590881,0.5723738,1.8207499,2.101603,0.030223861,1.6953993,0.5002787,1.7828205,2.6718931,1.8211477,1.4055794,2.1144125,1.1040566,1.3375806,0.95105654,0.309017,1.0,6.123234e-17,0.0
2024-03-14 00:00:00,4.0,-0.096530944,0.21705633,2.2400966,-0.90843415,-1.169335,0.11826006,-1.107433,-0.28483674,-0.67657197,-0.70938927,-0.64391255,-0.5372723,1.7234106,1.9808773,0.40816393,1.116917,0.86846817,1.5665175,2.6455727,1.5578258,1.3170556,2.0997527,-1.6515167,1.3034636,0.58778524,-0.809017,1.0,6.123234e-17,0.0
2024-03-15 00:00:00,1.0,-0.4852893,-0.92880476,-0.066513784,0.028865881,0.12051595,-0.13814554,-0.26668957,0.3598918,-0.6240326,-0.67232156,-0.60468256,-0.47927868,1.353331,1.663906,0.42564386,1.2523652,0.6904347,1.3126062,2.1212683,1.100775,0.9050739,1.8101245,-0.13285092,1.3428091,-0.58778524,-0.809017,1.0,6.123234e-17,0.0
2024-03-18 00:00:00,1.0,-0.9145532,-0.2741526,-0.21278144,1.704205,-0.27826357,1.6259474,1.1411719,-1.6901487,-0.21134247,-0.35502782,-0.32398608,-0.0163129,0.7423012,1.1628898,0.076151006,0.59685546,0.16000809,0.56164527,1.2677025,0.32421157,0.3012715,1.3417841,-0.5046577,1.9045792,-0.95105654,0.309017,1.0,6.123234e-17,0.0
2024-03-19 00:00:00,1.0,0.055620678,0.51876515,0.53519094,0.22707146,-1.1642675,-1.1377442,-1.4851067,-0.1976197,-0.951997,-0.86915314,-0.7240783,-0.96883154,0.7525304,1.1518397,-0.13183093,0.20636772,0.1715473,0.7665655,1.4453934,0.29850495,0.28050134,1.379254,-1.6851594,1.701557,0.0,1.0,1.0,6.123234e-17,0.0
2024-03-20 00:00:00,1.0,-0.8039735,-0.9923351,0.010378679,-0.24234858,-0.90220934,-0.8322752,0.119217165,-0.89102834,-1.1084657,-0.9917946,-0.79125684,-1.1927319,0.24605097,0.74022496,-0.57648695,-1.0517093,0.55134606,0.39877275,1.2941327,-0.4320704,-0.25774702,1.022506,-1.4570442,1.5778141,0.95105654,0.309017,1.0,6.123234e-17,0.0
2024-03-21 00:00:00,1.0,0.057480406,-0.16076246,0.6286181,1.1666209,-0.59589374,-1.0289524,-0.3439229,0.3701455,-1.3546549,-1.2347045,-1.0272403,-1.4446348,0.26657158,0.74214256,-0.8647632,-0.97485,0.10908394,0.09394045,1.1417369,-0.39283705,-0.23982315,1.0244994,-0.95288795,1.5814055,0.58778524,-0.809017,1.0,6.123234e-17,0.0
2024-03-22 00:00:00,1.0,1.2026325,0.8848976,1.0354232,-1.1489004,-0.6694329,0.75617725,1.1347033,2.0128927,-0.8388356,-1.0048254,-1.0056856,-0.5208195,0.92422575,1.2562908,-0.6244254,-0.18128397,0.9730561,0.16222109,1.4738265,0.6432116,0.5097475,1.4365335,-1.2212213,1.2956203,-0.58778524,-0.809017,1.0,6.123234e-17,0.0
2024-03-25 00:00:00,1.0,-1.3871031,-1.1725618,-1.2240324,0.6165536,1.2393783,0.4963325,-0.2671444,-0.96367145,0.11280067,-0.2761872,-0.37767333,0.5747497,0.07008881,0.57032704,-0.888846,-0.41453186,0.16380422,-0.27289814,1.3306158,-0.53303564,-0.3145743,0.76643485,0.70372653,1.2843583,-0.95105654,0.309017,1.0,6.123234e-17,0.0
2024-03-26 00:00:00,1.0,-0.09024589,-0.64687407,0.78342605,-0.28135675,-1.0984766,-0.49807522,-0.66040677,0.4138816,-0.64603096,-0.7520429,-0.73408663,-0.42295265,0.010593302,0.5091537,-1.1154293,-0.481985,-0.25448987,-0.21087095,0.9413002,-0.57671297,-0.36839065,0.7296687,-1.5134246,1.2055935,0.0,1.0,1.0,6.123234e-17,1.0
2024-03-27 00:00:00,4.0,0.5962144,0.50713843,0.45649797,0.4357376,0.021640547,-0.28355914,0.009260742,0.80673945,-0.82685405,-0.9215293,-0.9379381,-0.5809101,0.34193712,0.7559928,-1.0495106,0.16932006,-0.8114411,-0.22573736,0.6177111,-0.048804425,0.010197158,0.94128776,-0.32229558,1.0409224,0.95105654,0.309017,1.0,6.123234e-17,1.0
2024-03-28 00:00:00,1.0,-0.8410656,-0.9969393,0.08648495,-0.4682449,-0.16029505,-0.27113923,-0.13440272,-0.6905607,-0.9263331,-0.9749267,-0.947595,-0.75942576,-0.15176919,0.35103154,-1.2521226,-0.2520307,-1.1329088,-0.18953393,0.35541803,-0.74978524,-0.50611603,0.5692716,-0.5717078,0.6031643,0.58778524,-0.809017,1.0,6.123234e-17,1.0
2024-04-02 00:00:00,1.0,0.60215074,0.82792264,0.7909688,-0.76002353,1.0530652,0.64519125,0.35719267,0.0025039231,-0.6269417,-0.82405204,-0.9156286,-0.24725597,0.19162641,0.6043507,-1.1217222,-0.5441886,-0.6646965,0.019481534,0.8275726,-0.23837045,-0.12361687,0.7563394,0.75883734,0.57500976,-0.58778524,-0.809017,1.0,6.123234e-17,1.0
2024-04-03 00:00:00,1.0,1.4711995,1.1611776,0.3440305,-1.1439736,-0.7947601,1.790229,0.6289631,2.499064,-0.17371045,-0.5752716,-0.86270076,0.52177685,0.95196426,1.2158905,-0.55245024,0.8176143,0.36641145,0.38694,1.4113492,0.9665209,0.72530353,1.2189413,-1.4571809,-0.123224,0.95105654,0.309017,0.8660254,-0.5,0.0
2024-04-05 00:00:00,1.0,-0.7845794,-1.6065121,-1.3702497,-0.375468,-0.41314766,-0.6158508,-1.2474123,0.032447547,-0.5665158,-0.7710504,-0.95632637,-0.09802813,0.46247333,0.8197288,-0.45613685,0.4861067,0.0010146223,0.12688619,1.1452347,0.27706912,0.25050813,0.87220144,-0.8341182,-0.17413889,0.58778524,-0.809017,0.8660254,-0.5,0.0
2024-04-08 00:00:00,4.0,-0.016521068,-0.33618027,-0.70814973,2.2753503,0.8664922,-1.8650229,-1.1881016,0.6122366,-0.4535488,-0.69021344,-0.91093075,0.06369179,0.44418824,0.79284614,-0.3871446,0.2029827,0.3395618,0.6539058,1.2325729,0.19907519,0.17518924,0.7919625,0.40641615,-1.0717729,-0.95105654,0.309017,0.8660254,-0.5,0.0
2024-04-09 00:00:00,4.0,0.001261579,0.4688335,0.92186546,-0.02980701,0.48214528,-0.518619,1.3348237,-0.5785696,-0.5361525,-0.73613995,-0.9553394,-0.04479729,0.44141868,0.7805305,-0.34587175,0.6085682,0.3162654,0.31139302,1.5354253,0.16280286,0.14767748,0.7287977,-0.16095044,-1.2853402,0.0,1.0,0.8660254,-0.5,0.0
2024-04-10 00:00:00,4.0,0.3241699,0.04126725,2.5141547,-0.8396449,-0.6983335,-1.2570184,-0.772255,0.82602257,-0.7926034,-0.9298222,-1.1417742,-0.34073135,0.63108623,0.9145801,-0.22379375,0.4821993,-0.06897002,0.6671588,1.61056,0.42505193,0.28994715,0.8158604,-1.382181,-0.9233573,0.95105654,0.309017,0.8660254,-0.5,0.0
2024-04-11 00:00:00,4.0,1.1030048,1.413847,-0.5246355,-1.0006664,0.071255185,-0.58479524,0.48952538,0.8971899,-0.7149254,-0.94647956,-1.2586523,-0.08547332,1.2301751,1.3830153,0.18795815,0.30583206,1.0157651,0.8586384,1.9556663,1.4370203,0.90025944,1.2074593,-0.3839712,-1.4473102,0.58778524,-0.809017,0.8660254,-0.5,0.0
2024-04-12 00:00:00,1.0,-0.21616094,1.4817412,-0.618173,-1.121392,0.18974012,-0.67892885,-0.23804148,-2.2404685,-0.8726802,-1.0467186,-1.3297116,-0.31085736,1.0630838,1.248536,0.36177173,0.5892755,0.9568471,0.51197314,1.6139922,1.0634695,0.7235257,1.092102,-0.13111216,-1.5127859,-0.58778524,-0.809017,0.8660254,-0.5,0.0
2024-04-15 00:00:00,1.0,-1.4226062,-1.5777621,-0.5602088,-1.0986396,0.76571035,-0.02918259,0.2948798,-0.8663086,-0.54703826,-0.7619603,-1.0157659,-0.0049794437,0.053361095,0.50834364,-0.03266815,-0.11425632,0.08587643,-0.5273282,1.2441944,-0.29051468,-0.14956826,0.4455887,-0.14277674,-1.467691,-0.95105654,0.309017,0.8660254,-0.5,0.0
2024-04-16 00:00:00,1.0,-0.48246762,1.0517751,-0.1652504,-0.47496995,-1.1928679,-0.51331395,-0.48892906,-1.7934021,-0.843032,-0.94399744,-1.1323594,-0.43036732,-0.24699993,0.2676571,-0.44641265,-0.3570915,0.23970857,-0.6480034,1.1098466,-0.7268056,-0.40238175,0.22441176,-1.5830908,-1.3018372,0.0,1.0,0.8660254,-0.5,0.0
2024-04-17 00:00:00,4.0,-1.3727489,-0.9746936,0.21424627,-0.24741073,-0.2095424,0.3840129,0.52528656,-1.7719203,-0.39478004,-0.5790417,-0.75483084,0.022421764,-1.0189294,-0.37252858,-1.1107686,-1.1959157,-0.6602342,-0.9278754,1.0815794,-1.9554754,-1.1830192,-0.39394706,-0.79328066,-1.3153305,0.95105654,0.309017,0.8660254,-0.5,0.0
2024-04-18 00:00:00,4.0,-0.056714408,0.19179076,0.4797347,1.0591307,-1.3031206,-0.6684345,-0.8295213,-0.080757655,-1.1054288,-1.0618631,-1.128091,-0.915928,-1.1035153,-0.42679802,-1.5968786,-1.7631259,-1.42063,-0.6821788,1.6771073,-1.8028992,-1.2897954,-0.5021256,-1.6747112,-1.6403495,0.58778524,-0.809017,0.8660254,-0.5,0.0
2024-04-19 00:00:00,4.0,0.47574332,0.70158035,0.47324967,-0.31243473,0.78389466,0.89759177,0.96860194,0.13055632,-1.0612738,-1.1009585,-1.2223749,-0.7638825,-0.77698964,-0.19655755,-1.663909,-1.4522741,-0.87013197,-0.56538403,1.625276,-1.248311,-0.9495173,-0.33990002,0.030324666,-1.7291801,-0.58778524,-0.809017,0.8660254,-0.5,0.0
2024-04-22 00:00:00,4.0,-0.72027034,-0.31761292,-1.1469148,2.923898,-0.68119603,1.0840795,0.024063136,-1.0103188,-0.7752283,-0.89839864,-1.0314705,-0.40651038,-1.280528,-0.5960711,-1.8396112,-1.1083605,-1.2776802,-0.5437369,1.4924208,-1.7419695,-1.4662461,-0.756895,-0.9931793,-1.2027981,-0.95105654,0.309017,0.8660254,-0.5,0.0
2024-04-23 00:00:00,4.0,1.0664728,0.6787125,1.142223,-1.0231055,-0.38801503,0.058878276,-0.6303499,1.6362885,-0.37871477,-0.6871416,-0.96602726,0.28426298,-0.4714991,0.010636547,-1.5153983,-0.36428115,-0.7983082,-0.23314373,2.08906,-0.74830085,-0.68955976,-0.28297627,-0.61708224,-0.63322854,0.0,1.0,0.8660254,-0.5,0.0
2024-04-24 00:00:00,4.0,1.1851257,0.982472,-1.0298817,0.4596628,-0.057975113,0.27145252,-0.040311787,1.4290689,-0.4496794,-0.76450586,-1.1071188,0.341419,0.46776956,0.7607461,-0.88909775,1.0127722,-0.35599136,-0.2743964,1.8873383,0.44046435,0.32342297,0.34432825,-0.23297077,-0.17413908,0.95105654,0.309017,0.8660254,-0.5,0.0
2024-04-25 00:00:00,4.0,1.432818,1.2111487,-1.0684621,-0.07696916,0.8010167,0.9728836,0.2544226,1.4282898,-0.30144203,-0.71155554,-1.1561687,0.7949482,1.401844,1.5738823,0.020368237,1.7393569,-0.2305545,0.72050697,1.6063842,1.4920714,1.3873945,1.0810868,0.28698528,-0.13207301,0.58778524,-0.809017,0.8660254,-0.5,0.0
2024-04-26 00:00:00,4.0,0.26549,0.6385631,0.73516816,-0.5287652,1.5847439,0.59487605,-0.2937704,-0.30552784,-0.38515225,-0.7355113,-1.1667695,0.74318755,1.5389984,1.6827273,0.6670875,1.6192086,0.044966515,0.8416611,1.3195269,1.4097747,1.4768084,1.1692916,0.7461971,-0.20128876,-0.58778524,-0.809017,0.8660254,-0.5,0.0
2024-04-29 00:00:00,4.0,1.3579141,1.198209,-0.22709963,-0.9941445,2.686868,1.8306463,0.6548034,0.52980536,0.15176937,-0.4476649,-1.0411098,1.7275203,2.1842642,2.3048859,1.346446,2.5411265,1.6438069,1.0998703,1.8293145,1.8335984,2.211657,1.728883,1.5958717,0.30488434,-0.95105654,0.309017,0.8660254,-0.5,0.0
2024-04-30 00:00:00,4.0,0.2650443,-0.15198463,2.2203007,-0.22720629,1.3469075,2.6097052,0.7587823,0.7927736,0.16434625,-0.3799623,-0.97818464,1.6490679,2.2192812,2.335797,1.7518872,2.139612,2.0161302,1.5100452,1.7126654,1.5682783,2.1357381,1.757053,0.9476125,0.9370431,0.0,1.0,0.8660254,-0.5,0.0
2024-05-02 00:00:00,4.0,-0.082984656,-0.9317337,-0.1701715,0.6211455,-0.7432392,0.7949297,-1.0039192,0.8347008,-0.6474422,-0.8009899,-1.2217036,0.37466922,2.1357327,2.2585392,1.9768329,1.4983181,2.6261513,1.2869577,1.990226,1.250212,2.0389836,1.7892454,-0.7702372,0.80180645,0.95105654,0.309017,0.8660254,-0.5,0.0
2024-05-03 00:00:00,4.0,1.5765475,1.5132569,-1.2572303,-0.7942417,2.6634302,-0.913908,-1.3144801,0.06871634,-0.061036248,-0.5342353,-1.141562,1.4228683,2.6798642,2.855726,2.1864502,1.5292156,3.0,1.3004009,2.4424424,1.5644712,2.7440426,2.4457514,1.6999688,1.6212542,-0.58778524,-0.809017,0.5,-0.8660254,0.0
2024-05-06 00:00:00,4.0,0.8407784,-0.7723772,-0.21631727,1.1322774,-0.43765235,-0.8046435,-0.06199626,2.4367108,-0.013034196,-0.5017159,-1.150702,1.4903172,2.806708,3.0,2.377225,1.7772113,3.0,1.9332904,2.4615633,1.4679455,2.896532,2.7238152,-0.26819333,1.8565754,-0.95105654,0.309017,0.5,-0.8660254,0.0
2024-05-07 00:00:00,4.0,0.18134391,0.572851,-1.055724,1.2019325,-0.8525323,0.52124065,1.1789191,0.16481689,-0.9886609,-1.0575156,-1.4866245,0.11327579,2.7265656,2.9605355,2.5283978,1.2414333,3.0,2.0202937,2.4423194,1.2129595,2.8779104,2.8888643,-1.0294026,1.9504902,0.0,1.0,0.5,-0.8660254,0.0
2024-05-08 00:00:00,4.0,-0.5877522,-1.0619289,-0.10133995,0.3180939,-0.42778122,-0.936434,-1.0763295,0.042035718,-1.5048937,-1.3713508,-1.6280391,-0.6914471,2.2557158,2.5700004,2.3099763,0.8705187,2.3424575,1.8094263,2.2801871,0.84025925,2.4056675,2.6299903,-0.33507025,1.7979974,0.95105654,0.309017,0.5,-0.8660254,0.0
2024-05-09 00:00:00,4.0,-0.83630407,-1.4099251,0.07020297,-0.812868,0.6188812,-0.34467804,0.4482328,0.27675116,-1.4784931,-1.3648528,-1.5549302,-0.5978133,1.6149565,2.035887,1.7758923,0.54809135,1.5849136,1.3782462,1.5441252,0.50324106,1.760422,2.1053202,0.6994283,1.6525102,0.58778524,-0.809017,0.5,-0.8660254,0.0
2024-05-10 00:00:00,4.0,0.73454356,1.3149093,-0.9533227,-0.58780843,0.25160116,-0.38239095,-0.14589274,0.013450333,-1.7586989,-1.6430565,-1.7601725,-0.7250492,1.8354431,2.2169225,1.5227238,0.15458879,1.296038,1.179323,1.6881399,0.59794194,2.0575793,2.4042854,0.52495,2.1135232,-0.58778524,-0.809017,0.5,-0.8660254,0.0
2024-05-13 00:00:00,4.0,1.4712514,1.3721762,-0.8945315,-0.85858244,0.9134042,2.978768,3.0,1.0120801,-0.9245335,-1.3233074,-1.6857612,0.6876527,2.1902304,2.5672042,1.4654638,0.4123442,1.6667502,1.7522306,2.073809,0.8126934,2.4537544,2.754883,1.2004249,2.0858684,-0.95105654,0.309017,0.5,-0.8660254,0.0
2024-05-14 00:00:00,4.0,0.35333398,1.0348363,-1.1623352,0.20098552,0.35432246,0.23236361,-1.5427477,-0.4091521,-1.2750388,-1.576284,-1.841115,0.29802606,2.2071543,2.5651343,1.4890115,0.48197374,1.3015641,2.373665,2.1848695,0.7366977,2.3987737,2.8018413,0.5434339,1.643351,0.0,1.0,0.5,-0.8660254,0.0
2024-05-16 00:00:00,4.0,-0.3907728,-1.3063768,0.6018945,-0.9866223,-0.61624134,-0.15574926,-0.4463781,0.6437495,-1.9638604,-2.0350003,-2.0470679,-0.54859626,1.9720306,2.3293252,1.3529131,0.5791353,1.0814065,2.3555126,1.9840312,0.5341418,2.0643744,2.6035955,-0.3246091,1.2812651,0.95105654,0.309017,0.5,-0.8660254,0.0
2024-05-17 00:00:00,4.0,0.9289432,0.39232847,-0.40209946,1.0993356,0.72730637,1.840391,1.9912347,1.3376462,-1.5950359,-1.970271,-2.0842395,0.09492424,2.1262069,2.4736123,1.2801117,1.3289102,1.3877826,2.9404626,2.0598814,0.6440565,2.1609006,2.7402813,1.0190191,1.2052195,-0.58778524,-0.809017,0.5,-0.8660254,0.0
2024-05-20 00:00:00,4.0,0.46280852,-0.027058063,-0.47419226,2.141229,-0.34933972,0.3929409,-0.9972356,1.0098178,-2.0897727,-2.3766992,-2.2988522,-0.4038709,2.1394212,2.4570847,1.2982566,1.1961467,1.0051935,2.872591,1.7826009,0.66507983,2.1399248,2.7910428,0.14305389,1.0584176,-0.95105654,0.309017,0.5,-0.8660254,0.0
2024-05-21 00:00:00,4.0,0.0738438,-0.056068372,1.0491003,0.56612813,-1.9319445,-0.4632198,-0.8136081,0.41961572,-2.9658194,-3.0,-2.6362178,-1.7163827,2.0795524,2.3683658,1.3057101,0.60067177,0.74632293,2.583205,1.9143314,0.6034136,2.072579,2.8477128,-1.6754202,1.0444897,0.0,1.0,0.5,-0.8660254,0.0
2024-05-22 00:00:00,4.0,-1.8009144,-1.7679346,-1.158727,-0.35985112,0.4548087,-0.45869127,-0.13631962,-1.16278,-1.3939704,-1.9109745,-1.9567841,0.15305418,0.93426704,1.5032368,0.58192444,-0.31035945,0.11874977,2.2269106,1.5187473,0.16622247,0.8285162,1.7689229,0.83982134,0.23099497,0.95105654,0.309017,0.5,-0.8660254,0.0
2024-05-23 00:00:00,4.0,-0.28651777,-0.4836956,1.4941463,-0.013259101,-0.9351039,-1.0733064,-0.77195174,-0.0071324087,-2.0651007,-2.3562038,-2.1550121,-0.76171684,0.8525025,1.403492,0.09274767,-0.26731363,0.22411928,1.8227184,1.260997,0.100434765,0.5935365,1.6981504,-0.82946396,0.20467907,0.58778524,-0.809017,0.5,-0.8660254,0.0
2024-05-24 00:00:00,4.0,-1.4217095,-1.3555614,-1.3512487,0.6968202,-0.38608652,-0.7511638,0.27525094,-1.2289084,-0.96355605,-1.5650277,-1.6522418,0.5059393,0.105297685,0.8104256,-0.6452879,-1.2651502,0.033730447,1.1541151,0.8180225,-0.31441814,-0.23008053,0.9832485,0.117988385,0.39641908,-0.58778524,-0.809017,0.5,-0.8660254,0.0
2024-05-27 00:00:00,4.0,-1.1473608,-0.8949915,0.34934533,-0.004590582,0.80393505,-0.38296306,0.28978163,-0.92292506,-0.6988628,-1.2649543,-1.4068613,0.61192465,-0.40176386,0.3787066,-1.3489709,-1.891447,-0.5657096,0.5065477,0.62048745,-0.7141376,-0.7963472,0.5180196,1.4132558,0.11264849,-0.95105654,0.309017,0.5,-0.8660254,0.0
2024-05-28 00:00:00,4.0,0.70327455,0.9519061,-0.7897838,0.22469747,1.1645628,-0.9731796,-0.76804894,-0.04452889,-0.50490606,-1.130966,-1.3857023,0.93721956,-0.07826717,0.5987955,-1.5699733,-1.5948415,-0.8018064,0.6096665,0.82560027,-0.47004607,-0.5368716,0.70726573,1.6155542,0.24153417,0.0,1.0,0.5,-0.8660254,0.0
2024-05-29 00:00:00,4.0,-0.163741,-0.10565011,2.1898303,-0.26699108,-0.733119,-1.2897007,-0.6876454,-0.11601114,-1.2734244,-1.5787866,-1.5818691,-0.13149735,-0.08498575,0.57332206,-1.7491479,-0.93306583,-0.9636594,0.22663376,0.6662912,-0.54442537,-0.62555987,0.7078034,-0.53137153,-0.038549993,0.95105654,0.309017,0.5,-0.8660254,0.0
2024-05-30 00:00:00,4.0,-1.4818171,-1.4581587,-0.77714044,-0.16362545,0.0014402646,-0.49757957,0.9770764,-1.1446028,-0.4441046,-0.9021801,-1.123271,0.6958307,-0.74585384,0.016946286,-2.0021036,-1.4014724,-1.2993883,-0.20139833,0.5963305,-1.2561424,-1.2511326,0.1131626,0.26767242,0.33335224,0.58778524,-0.809017,0.5,-0.8660254,0.0
2024-05-31 00:00:00,4.0,-1.0911632,-1.1176258,0.027345257,-0.24848951,1.4119264,-0.20601559,0.17742316,-0.39054206,0.020583758,-0.44859964,-0.7903845,1.0466475,-1.136691,-0.35509983,-2.235145,-1.2693008,-1.8788395,-0.44891223,0.40388033,-1.8262552,-1.6274463,-0.29365614,1.657225,0.9575258,-0.58778524,-0.809017,0.5,-0.8660254,0.0
2024-06-03 00:00:00,4.0,-0.7003387,-1.4023905,-0.0077008046,-1.0771638,2.6710172,1.3146092,1.641209,1.274134,1.0753213,0.4211885,-0.26006654,2.0564294,-1.3312331,-0.57121956,-2.2707283,-1.0885743,-2.1441028,-1.0044699,0.19566369,-1.98585,-1.7217828,-0.57239985,1.8965948,0.32124528,-0.95105654,0.309017,0.5,-0.8660254,0.0
2024-06-04 00:00:00,4.0,1.1395811,0.6407458,1.2719127,-1.0850157,0.048906084,-0.6966027,-1.5179785,1.4221668,1.6834302,0.90440613,-0.056068745,2.7633834,-0.75510985,-0.17775823,-1.9514672,-0.89845115,-1.7706522,-0.9238999,0.4257001,-1.2797737,-1.1620632,-0.25089255,0.48978737,-0.19577461,0.0,1.0,1.2246469e-16,-1.0,0.0
2024-06-05 00:00:00,4.0,0.0021042342,0.82921225,0.7239339,-1.0588305,-1.1358944,-0.8052676,-0.31307906,-0.58807194,0.24501789,0.054976497,-0.44926143,0.9238474,-0.69811296,-0.14855547,-1.8195618,-0.8416727,-1.2493618,-0.9603961,0.81787765,-1.1632133,-1.1147056,-0.20869751,-1.0674589,-0.26726794,0.95105654,0.309017,1.2246469e-16,-1.0,0.0
2024-06-06 00:00:00,4.0,-0.21912476,-0.4807291,1.5685536,-0.35321236,0.8138957,-0.5859163,0.1726501,0.24346498,0.24041629,0.106800504,-0.37727028,0.8092592,-0.7286241,-0.19099294,-1.6147494,-0.3395578,-1.217684,-0.8626702,0.52916795,-1.160689,-1.1159631,-0.29551396,1.3360943,-0.46032014,0.58778524,-0.809017,1.2246469e-16,-1.0,0.0
2024-06-07 00:00:00,4.0,0.04882834,-0.73972046,0.30093455,0.40535903,0.35048768,-0.97359604,-0.59863776,1.0033791,-0.026269374,-0.062385246,-0.45362404,0.45524237,-0.6410962,-0.14284252,-1.4168774,0.11684941,-0.81454515,-0.6601943,0.7343349,-1.0772785,-1.0460503,-0.27534625,1.0221905,-0.5053218,-0.58778524,-0.809017,1.2246469e-16,-1.0,0.0
2024-06-11 00:00:00,4.0,-0.5937685,-1.4350737,-1.1691878,0.0988531,-0.2723552,-0.51318854,0.46901393,0.50664943,-0.48030704,-0.34129417,-0.53259856,-0.17644496,-0.8576419,-0.3398313,-1.3328784,0.17072542,-0.6571171,-0.9601952,0.5066359,-1.2296551,-1.1919379,-0.46615097,0.24518298,-0.60625046,-0.95105654,0.309017,1.2246469e-16,-1.0,0.0
2024-06-12 00:00:00,4.0,-0.89918613,0.011901999,0.09195094,1.941804,-0.2407808,-0.16800466,0.07253539,-1.5479672,-0.013303948,0.04160724,-0.22933601,0.22550109,-1.1905514,-0.6532637,-1.301467,-0.64408034,-1.0916349,-1.476287,0.115097694,-1.4137802,-1.3654212,-0.78612524,0.22674306,-0.6395804,0.95105654,0.309017,1.2246469e-16,-1.0,0.0
2024-06-13 00:00:00,4.0,-1.0869576,-0.8842091,-0.7526715,0.90408945,-0.981974,-0.5697266,-0.48962417,-1.0908362,0.07920774,0.2024609,-0.022171898,0.14740163,-1.5297328,-1.0005867,-1.3753823,-1.0594054,-1.3122221,-1.7498039,-0.54945487,-1.5960048,-1.5683036,-1.1216841,-0.83709466,-0.92210793,0.58778524,-0.809017,1.2246469e-16,-1.0,0.0
2024-06-14 00:00:00,4.0,0.67392987,0.04028099,-0.01800259,1.9922948,-1.1387115,-1.3799883,-1.0001969,1.132351,-0.8039345,-0.52770734,-0.47655478,-0.7390639,-1.1210008,-0.7275684,-1.2902064,-0.71937656,-0.7258148,-1.4940782,-0.3927313,-1.1717466,-1.2368723,-0.8935724,-1.1778027,-0.8738015,-0.58778524,-0.809017,1.2246469e-16,-1.0,0.0
2024-06-17 00:00:00,4.0,-0.80296075,-0.9436954,0.6500425,-0.75827044,-1.2306428,-1.0500373,0.30526912,-0.6639318,-1.6449605,-1.1798081,-0.7731764,-1.7822208,-1.3528261,-0.96834105,-1.3135855,-1.0448666,-0.63003224,-1.8128326,-0.4369414,-1.2960143,-1.3923947,-1.1447251,-1.389651,-0.44795308,-0.95105654,0.309017,1.2246469e-16,-1.0,0.0
2024-06-18 00:00:00,4.0,-0.11586031,0.3986564,0.88947725,0.13219859,1.1785744,-1.5836701,-0.75602496,-0.75824136,-0.89731485,-0.76563346,-0.57110095,-0.80638283,-1.3238267,-0.9653409,-1.1785644,-0.85266584,-0.46461394,-1.8737062,-0.24453567,-1.2036436,-1.2184185,-1.1581085,1.6468295,-0.29360914,0.0,1.0,1.2246469e-16,-1.0,0.0
2024-06-19 00:00:00,4.0,-0.17797075,-0.5046717,0.55109537,0.43946913,-1.3052537,-0.87051284,0.5922237,0.107952386,-1.7177737,-1.4546642,-0.97768754,-1.762254,-1.3196943,-0.9842023,-1.1258802,-0.56808937,-0.8245886,-1.8646675,-0.29748818,-1.1933081,-1.1345826,-1.1977751,-1.3940872,-0.2075522,0.95105654,0.309017,1.2246469e-16,-1.0,0.0
2024-06-20 00:00:00,4.0,2.0146284,1.6411716,-1.2107886,-0.92058116,1.5325375,0.52379686,1.17562,0.92410636,-0.005108318,-0.44470167,-0.6507229,0.643373,-0.31063825,-0.24721025,-0.58590484,0.6191631,-0.2992224,-1.1040051,0.32595974,-0.0901194,-0.2825982,-0.5372956,1.7642764,-0.23578079,0.58778524,-0.809017,1.2246469e-16,-1.0,0.0
2024-06-21 00:00:00,4.0,-0.52195203,-0.96473324,-0.16366316,0.11092746,-0.61146617,-0.6920867,-0.95075506,0.054260813,-0.6661187,-0.83987653,-0.81769484,-0.24872775,-0.49109855,-0.41084698,-0.36246398,0.16201228,-0.377025,-1.1379791,0.20469114,-0.21392342,-0.3586457,-0.69278127,-0.30880234,-0.1457541,-0.58778524,-0.809017,1.2246469e-16,-1.0,0.0
2024-06-24 00:00:00,4.0,-1.3621761,-1.1976112,-0.68944263,-0.041763492,-0.30089447,0.3889424,0.8429853,-1.0631857,-0.097790204,-0.30449605,-0.37504706,0.23836422,-0.9934092,-0.87725484,-0.36301702,-0.063161284,-0.74384254,-1.1102148,-0.4056442,-0.9398189,-0.72191906,-1.1271738,-0.012685456,-0.41355905,-0.95105654,0.309017,1.2246469e-16,-1.0,0.0
2024-06-25 00:00:00,4.0,-0.11829237,0.8656803,-1.2931755,1.242094,-0.5949878,-0.5748805,-0.8343592,-0.97683734,-0.7380097,-0.7596115,-0.6355756,-0.5473506,-0.9843893,-0.88024795,-0.36087862,-0.0644444,-0.6159716,-0.90441066,-0.06732351,-0.8608186,-0.68910706,-1.1389108,-0.37215447,-0.13198335,0.0,1.0,1.2246469e-16,-1.0,1.0
2024-06-26 00:00:00,4.0,0.074631594,-0.17937538,1.0325198,0.905369,-0.16249385,-1.0480366,-0.6050552,0.3769517,-1.0082053,-1.0102594,-0.8184198,-0.83314705,-0.88636476,-0.81616753,-0.30499706,0.032412674,-0.36189002,-1.0218735,-0.027990619,-0.67767596,-0.57060844,-1.0899334,0.11515441,-0.3416303,0.95105654,0.309017,1.2246469e-16,-1.0,1.0
2024-06-27 00:00:00,4.0,-0.03684603,1.2095615,-0.0024945817,-1.1250926,-0.8463665,-1.0410709,-0.14953792,-1.0612166,-1.5653422,-1.4850584,-1.1385319,-1.5050268,-0.8393658,-0.7890128,-0.24406947,-0.77248347,-0.09597339,-0.9913314,-0.20244412,-0.5646196,-0.49292392,-1.0870935,-0.9083552,-0.3137595,0.58778524,-0.809017,1.2246469e-16,-1.0,1.0
2024-06-28 00:00:00,4.0,-1.7048038,-1.556889,-1.0920246,-0.4489677,0.008398993,-0.31353444,0.6232752,-1.0899343,-0.31519553,-0.4871309,-0.39318767,-0.11894541,-1.4396714,-1.3622702,-0.39755955,-1.2145283,-0.7110173,-1.0111902,-0.38676542,-1.6908927,-0.96942073,-1.5902884,0.43677223,-0.9131114,-0.58778524,-0.809017,1.2246469e-16,-1.0,1.0
2024-07-02 00:00:00,4.0,-0.079117455,0.7975184,1.0170475,-1.1096694,0.059065305,-0.2243614,-0.0897728,-1.0092076,-0.53914154,-0.64605546,-0.500886,-0.3949792,-1.3989209,-1.3384905,-0.47775614,-0.7147099,-0.52560675,-0.8098864,-0.6044642,-1.4292735,-0.9222114,-1.5866911,0.32330078,-1.4348886,-0.95105654,0.309017,1.2246469e-16,-1.0,1.0
2024-07-03 00:00:00,4.0,0.16178127,0.5084683,1.7018561,-1.1096694,0.8052162,1.1522098,0.5611413,-0.3587705,-0.44848952,-0.60802734,-0.5170419,-0.22689031,-1.2390301,-1.2227973,-0.44809416,-0.6092028,-0.45439318,-0.642966,-1.0320176,-1.1235566,-0.8026416,-1.5033526,1.0092173,-1.0688418,0.95105654,0.309017,-0.5,-0.8660254,0.0
2024-07-04 00:00:00,4.0,0.83519316,1.1000085,-0.5272208,-0.3308266,-1.0134603,0.48195463,-0.42513442,0.56574374,-1.0046057,-1.1033232,-0.9421251,-0.7738334,-0.75923324,-0.872953,-0.27185497,-0.32725734,-0.19958237,-0.71693873,-0.5925619,-0.433657,-0.46331632,-1.2473155,-1.2719357,-0.71377766,0.58778524,-0.809017,-0.5,-0.8660254,0.0
2024-07-05 00:00:00,4.0,0.11991086,-0.61829215,-0.119558305,1.1421416,-1.2580366,0.22922128,-0.2572279,0.7686421,-1.7607262,-1.7317795,-1.4014239,-1.6833673,-0.64570993,-0.78871155,-0.103210196,-0.26864502,-0.6950529,-0.69351226,-0.5716524,-0.21887203,-0.3578457,-1.2176352,-1.4733818,-0.6616794,-0.58778524,-0.809017,-0.5,-0.8660254,0.0
2024-07-08 00:00:00,4.0,-1.0847863,-1.4984541,-0.34144112,-1.097411,0.75588256,0.007969219,-0.25128496,0.051303282,-1.3067107,-1.4022579,-1.1379377,-1.1469024,-1.0393851,-1.1367339,-0.118905775,-0.022290751,-0.8272512,-0.8386937,-0.8751574,-0.8673362,-0.65575254,-1.5170748,0.8202006,-0.86784005,-0.95105654,0.309017,-0.5,-0.8660254,0.0
2024-07-09 00:00:00,1.0,-1.2636749,-0.991599,-0.24876772,0.1335775,0.36187157,-1.2141585,-0.79834276,-0.97866124,-0.6002307,-0.82095635,-0.66560733,-0.37686697,-1.4107751,-1.4983599,-0.28049716,-0.47214478,-0.7897654,-1.0612025,-1.3326843,-1.5390121,-0.9691668,-1.803021,0.22332157,-0.72020483,0.0,1.0,-0.5,-0.8660254,0.0
2024-07-10 00:00:00,1.0,-0.032887753,0.2749855,0.47072566,1.0175644,-0.34196472,-0.50521284,0.30327654,-0.2924641,-0.99065405,-1.1202829,-0.89325285,-0.84139293,-1.3612981,-1.4477824,-0.35990962,-0.543522,-0.76593345,-0.9524926,-1.680353,-1.3273176,-0.8975308,-1.7579746,-0.5468893,-0.83729,0.95105654,0.309017,-0.5,-0.8660254,0.0
2024-07-11 00:00:00,4.0,-0.26119322,-0.86049855,0.9198806,-0.8927606,0.85126644,-0.37194243,-0.08580615,0.72200984,-0.7064831,-0.9195895,-0.7730426,-0.47280702,-1.3848273,-1.468805,-0.38933697,-0.94513655,-0.8462054,-0.83062035,-1.6577449,-1.2397646,-0.8910632,-1.7395831,0.91697454,-0.9528952,0.58778524,-0.809017,-0.5,-0.8660254,0.0
2024-07-12 00:00:00,4.0,1.5384501,1.5038745,-0.81244653,-0.99981976,-0.35865045,-1.2718718,-0.6648633,1.2253118,-0.06411927,-0.5665573,-0.74463046,0.5668772,-0.59184104,-0.8758186,-0.11743817,-0.42201552,-0.45856485,-0.38258716,-0.79834634,-0.16495763,-0.33162677,-1.2417028,-0.42150477,-1.8891561,-0.58778524,-0.809017,-0.5,-0.8660254,0.0
2024-07-15 00:00:00,4.0,1.8499207,1.6296076,-1.0308086,-1.1472003,0.51669663,0.74018687,1.2082502,1.4085592,0.9813811,0.15761514,-0.47282442,1.9716321,0.13552864,-0.23886906,0.33816242,0.6779516,0.43753925,-0.17870313,-0.13612998,1.0766885,0.2708642,-0.7076549,0.6411939,-1.4237045,-0.95105654,0.309017,-0.5,-0.8660254,0.0
2024-07-16 00:00:00,4.0,-1.3322983,-1.2130861,-0.722407,0.016595066,0.4195036,-1.0480913,-0.9575638,-0.8759535,1.0872729,0.5285503,-0.029910622,1.6844736,-0.3360499,-0.66090864,0.4349895,0.66177225,0.12725638,-0.26949015,-0.03344137,0.27163726,-0.11889691,-1.005212,0.55471385,-1.579347,0.0,1.0,-0.5,-0.8660254,0.0
2024-07-17 00:00:00,4.0,-1.3543274,-1.2752045,0.124093354,-1.1154258,-1.8301411,-1.0749601,-0.09908716,-1.490703,0.72360504,0.5110465,0.18433481,0.9840554,-0.7548972,-1.0616747,0.31785986,0.16249269,-0.25675598,-0.48938617,-0.4063223,-0.5198431,-0.5020613,-1.2973332,-1.8646667,-1.865089,0.95105654,0.309017,-0.5,-0.8660254,0.0
2024-07-18 00:00:00,4.0,-0.052431718,-0.052888744,0.7145668,1.5278238,-1.9901179,0.00022654828,0.5508479,0.0037175543,-0.75770104,-0.5985679,-0.5836642,-0.74357,-0.7365048,-1.044955,0.25334105,0.24623649,-0.47716504,-0.46818864,-0.5842315,-0.46479344,-0.4949399,-1.2961961,-1.7821944,-1.8241059,0.58778524,-0.809017,-0.5,-0.8660254,0.0
2024-07-19 00:00:00,4.0,0.052233037,0.9000615,0.28454775,-0.506491,-0.27986065,-1.7010165,-1.0481477,-0.835098,-1.1334753,-0.98886913,-0.9217084,-1.1354066,-0.6767156,-0.9966978,0.22942007,-0.3306456,-0.495413,-0.81888497,-0.32805058,-0.314672,-0.4023818,-1.2374779,-0.7119248,-2.069145,-0.58778524,-0.809017,-0.5,-0.8660254,0.0
2024-07-22 00:00:00,4.0,-1.6470758,-1.3216096,-0.90530795,-0.30741218,-0.00041675466,0.37153026,1.281464,-1.5160626,0.052908298,0.028743379,0.04272787,0.08078836,-1.1556579,-1.4554855,-0.021018017,-1.6940593,-0.6442733,-1.008556,-1.1585423,-1.3010612,-0.8415114,-1.5455652,-0.2727875,-1.5318593,-0.95105654,0.309017,-0.5,-0.8660254,0.0
2024-07-23 00:00:00,1.0,0.90756905,0.807448,-0.6817898,0.94966006,2.1649933,-1.2722654,-0.9494071,0.35854223,0.50615746,0.32767752,0.14673375,0.69286424,-0.7558551,-1.1076242,-0.01286865,-0.8264096,-0.09362851,-0.60643977,-1.2718534,-0.52966154,-0.4807278,-1.2368457,1.5856768,-1.158058,0.0,1.0,-0.5,-0.8660254,0.0
2024-07-24 00:00:00,1.0,-0.77213883,-1.4309056,-0.89207625,-0.80502945,-0.10263595,-0.91353226,0.04211886,0.34518325,0.05520997,0.08788405,0.09611277,0.049822476,-0.9459962,-1.280448,-0.095507,-0.60022706,-0.27736467,-0.71456367,-1.8855438,-0.9192449,-0.6656062,-1.3649008,-0.29204333,-1.0535159,0.95105654,0.309017,-0.5,-0.8660254,0.0
2024-07-25 00:00:00,4.0,-0.72090715,-0.8946555,-0.26078886,0.020100696,0.10311896,-0.87376386,-0.11102711,-0.16938472,-0.19023027,-0.045862548,0.106028445,-0.31722075,-1.1050262,-1.4229351,-0.22341648,-0.8721053,-0.39149085,-0.8457337,-2.0916066,-1.199449,-0.82382154,-1.4618366,-0.15429996,-0.7377507,0.58778524,-0.809017,-0.5,-0.8660254,0.0
2024-07-26 00:00:00,4.0,-1.2946523,-1.2107433,-0.9779083,-0.25494653,1.1282362,-0.35422224,0.21995126,-0.46697584,0.4441577,0.5818218,0.81923926,0.18275583,-1.373714,-1.6785634,-0.4387575,-1.4567344,-1.0876147,-1.048971,-2.6516972,-1.6303884,-1.1111962,-1.6313314,1.1209427,-0.60864925,-0.58778524,-0.809017,-0.5,-0.8660254,0.0
2024-07-29 00:00:00,4.0,0.052764878,-0.22078189,1.0813661,0.4911685,0.74884075,-0.3402979,-0.11493955,0.49974334,0.4444201,0.6034132,0.8501832,0.16239432,-1.3263131,-1.6093397,-0.5266503,-0.7725278,-1.5288054,-0.74687314,-2.5549178,-1.3100783,-1.029433,-1.5289316,0.74329114,-0.47109133,-0.95105654,0.309017,-0.5,-0.8660254,0.0
2024-07-30 00:00:00,4.0,1.0422733,0.47602436,1.5228493,-0.094228715,-1.0259287,-0.5709122,-0.26170793,1.5210899,0.5713105,0.6179712,0.69721586,0.43228218,-0.8837387,-1.2444,-0.37307462,-0.7401506,-0.9568916,-0.5594219,-2.1992218,-0.6644295,-0.6535651,-1.2135817,-1.3373828,-0.4345995,0.0,1.0,-0.5,-0.8660254,0.0
2024-07-31 00:00:00,4.0,-1.024724,-1.4036045,-1.4298617,-0.46683237,-0.5971824,0.43776077,0.35796556,-0.4101414,0.3067256,0.55164444,0.8459108,-0.021200467,-1.1257887,-1.4518188,-0.39118633,-0.86567175,-0.8896715,-0.75460654,-2.66187,-1.0093483,-0.9202014,-1.3647609,-0.93108505,-0.3604073,0.95105654,0.309017,-0.5,-0.8660254,0.0
2024-08-01 00:00:00,4.0,1.6842538,1.4071752,-0.6922046,-0.42879277,2.0835416,0.97631514,0.061968084,0.6550515,1.0110668,0.9616133,0.87592405,0.9211054,-0.5112107,-0.94907796,-0.082740545,0.22488846,-0.47194618,-0.62084484,-2.4170184,-0.13894181,-0.33512732,-0.9222432,1.7477012,0.111329004,0.58778524,-0.809017,-0.5,-0.8660254,0.0
2024-08-02 00:00:00,4.0,-0.08901491,-0.107894875,1.0680609,0.7613087,-1.6542822,-1.5676305,-1.0948064,-0.13976565,-0.57317483,-0.288451,-0.06754699,-0.7474437,-0.53888994,-0.96503806,0.11969066,0.8258911,-0.55076176,-0.662754,-2.3949265,-0.13675737,-0.33480936,-0.93680936,-1.6649309,0.04964812,-0.58778524,-0.809017,-0.8660254,-0.5,0.0
2024-08-05 00:00:00,4.0,-1.5438983,-0.54014647,-0.2520379,0.89704424,-0.76365703,0.36481068,0.83794755,-2.4131966,1.1602278,1.2789314,1.4428073,0.8065137,-0.9685139,-1.325553,0.061030034,0.034566883,-0.54148513,-0.7471239,-2.4744837,-0.8745314,-0.7655749,-1.1647599,-1.0892494,0.67288935,-0.95105654,0.309017,-0.8660254,-0.5,0.0
2024-08-06 00:00:00,4.0,-1.0325259,0.20639287,0.972876,1.3408066,2.7220638,3.0,1.6896646,-2.2224903,2.8765042,2.8949084,2.9199805,2.269825,-1.2049978,-1.5244349,-0.08579445,-1.0356516,-1.1923255,-0.708537,-2.3891134,-1.1728526,-0.97021407,-1.2372648,1.7840686,1.0504029,0.0,1.0,-0.8660254,-0.5,0.0
2024-08-07 00:00:00,4.0,-0.10048238,-1.1481218,-0.67045987,-0.585585,0.29089135,0.09110689,-1.3036551,1.4704602,2.1265597,2.430057,2.6110723,1.445296,-1.2271345,-1.5236408,-0.18600789,-0.5775671,-1.0069219,-0.72369206,-2.4324021,-1.0133528,-0.97512746,-1.2267935,0.6413243,1.0194412,0.95105654,0.309017,-0.8660254,-0.5,0.0
2024-08-08 00:00:00,4.0,1.2689286,1.3745261,0.325317,-1.2535201,0.36912903,-0.22981462,-0.31539726,0.40817317,1.7844778,2.091871,2.1865962,1.2326078,-0.742884,-1.158482,0.00917252,-0.8008502,-0.37791562,-0.46829638,-2.4043968,-0.38806435,-0.55695987,-0.94809425,0.7072126,0.99656516,0.58778524,-0.809017,-0.8660254,-0.5,0.0
2024-08-09 00:00:00,4.0,0.2347051,0.82967484,0.3161435,0.41325822,0.90608454,-0.6248787,-0.35983294,-0.805507,1.7721461,2.1059003,2.2055843,1.1961843,-0.69554335,-1.1155995,0.22963326,-0.6462548,0.1695648,-0.7191541,-2.3665502,-0.22838996,-0.42875087,-0.8673342,1.2721488,1.3039212,-0.58778524,-0.809017,-0.8660254,-0.5,0.0
2024-08-12 00:00:00,4.0,1.0864072,0.10732961,2.7818875,-0.9182846,-1.0839579,-0.431418,-0.00604055,1.7834322,1.6430094,1.9451563,1.976654,1.1542876,-0.2420231,-0.79498655,0.6179911,0.7576191,0.58523047,-0.8969406,-2.0896535,0.34424597,0.061074425,-0.62213045,-1.4591575,1.3646533,-0.95105654,0.309017,-0.8660254,-0.5,0.0
2024-08-13 00:00:00,4.0,0.27193898,0.300236,0.02511674,2.1403408,-1.0746875,-1.3276607,-0.7876898,0.20017806,0.033359803,0.6960346,1.0246396,-0.5751625,-0.15438761,-0.7458885,0.9773989,1.5427574,0.3020344,-0.63452744,-2.171863,0.55061245,0.24215262,-0.6011956,-1.513156,1.6055766,0.0,1.0,-0.8660254,-0.5,0.0
2024-08-14 00:00:00,4.0,0.47724313,0.34639698,0.5908791,1.4279443,-0.87518054,-0.7692076,0.3441237,0.5170284,-1.0471892,-0.30464685,0.18043454,-1.6472826,0.06378531,-0.6275864,1.3826153,1.9415675,1.0189577,-0.2880647,-2.135892,0.9183565,0.56338984,-0.52608746,-1.2466301,2.0033445,0.95105654,0.309017,-0.8660254,-0.5,0.0
2024-08-15 00:00:00,4.0,-0.10293173,-0.9358783,-0.9955558,0.3652259,-0.74373215,-1.494451,-0.9306108,0.6088397,-1.6855476,-0.9972822,-0.38862818,-2.2279594,-0.024859874,-0.7220119,1.6741699,1.1760217,0.19946659,-0.33319294,-2.1379604,0.8769125,0.6764201,-0.589933,-1.098675,2.0740485,0.58778524,-0.809017,-0.8660254,-0.5,0.0
2024-08-16 00:00:00,4.0,0.14259784,0.73055285,0.81790453,0.00823409,0.90883267,0.7590543,2.3404086,-0.7937437,-0.8154701,-0.50900763,-0.09129053,-1.0992047,0.01613608,-0.7160541,1.7827111,1.1118572,0.32615754,-0.35713378,-1.8113345,1.0532194,0.924175,-0.5115551,1.217029,2.0046911,-0.58778524,-0.809017,-0.8660254,-0.5,0.0
2024-08-19 00:00:00,4.0,1.6603336,1.4091293,-0.54629433,-0.4964245,-0.56991976,1.180407,0.18212028,1.5495812,-0.31675094,-0.35153753,-0.27121258,-0.28102657,1.3468996,0.025876055,2.1460252,1.4170276,2.04305,0.65403295,-1.519105,2.6429205,2.2717183,0.04956113,-0.7075386,1.7677603,-0.95105654,0.309017,-0.8660254,-0.5,0.0
2024-08-20 00:00:00,4.0,0.75967354,0.13795729,2.4467263,-0.36363706,-1.2499162,0.59498906,-0.4229154,1.1766973,-0.7738909,-0.8354103,-0.8228632,-0.6492612,1.8846217,0.38414752,2.4259365,1.6625755,2.892463,0.66481704,-1.1790403,3.0,2.775569,0.34586746,-1.5544007,1.6877272,0.0,1.0,-0.8660254,-0.5,0.0
2024-08-21 00:00:00,4.0,-0.19439855,-1.1988289,-1.4893306,0.37008083,-0.43879318,-0.47717124,-0.8335953,0.7562915,-1.3577822,-1.3714437,-1.2872169,-1.2759726,1.6229392,0.28426737,2.4334714,1.3046992,2.6863365,0.95203453,-1.019416,2.6562285,2.45704,0.3166637,-0.64298254,1.6599587,0.95105654,0.309017,-0.8660254,-0.5,0.0
2024-08-22 00:00:00,4.0,-0.46917292,0.9564036,-0.86916447,1.2323744,-0.65449965,-0.17881721,0.15581916,-1.545123,-1.1889999,-1.2897764,-1.2198995,-1.0719929,1.144409,0.033753056,2.1779025,1.1136005,1.8052067,1.1879258,-1.1984466,2.0129871,1.9422115,0.1773721,-1.0545967,1.4246862,0.58778524,-0.809017,-0.8660254,-0.5,0.0
2024-08-23 00:00:00,4.0,1.2776496,1.1642085,-1.2625374,0.99950516,0.18249014,2.0067265,1.8191903,0.86916935,-1.3696094,-1.6315157,-1.7789474,-1.0604297,2.1223617,0.74865687,2.1955733,1.730569,2.183873,2.4074852,-0.9919789,2.60414,2.6194096,0.74928194,0.11231618,0.9429948,-0.58778524,-0.809017,-0.8660254,-0.5,0.0
2024-08-26 00:00:00,4.0,-0.07125038,1.2921337,-0.6864155,-0.18589477,-0.94341946,-0.21907508,-1.4324777,-0.93732506,-2.1999335,-2.372895,-2.4470267,-2.0267851,1.9228476,0.7057726,2.166935,0.7530501,1.6268443,2.3750513,-0.7650245,2.167357,2.348457,0.7731162,-1.4085953,0.90166414,-0.95105654,0.309017,-0.8660254,-0.5,0.0
2024-08-27 00:00:00,1.0,0.92965466,1.4748663,-0.3500302,-1.2509141,-1.0781971,-0.37081575,-0.24579751,0.76075906,-2.3137345,-2.6167657,-2.8182752,-2.0277793,2.417307,1.2186513,2.22447,0.8470951,1.8832214,2.273701,-0.45732754,2.351027,2.7472324,1.2483175,-1.4156389,0.87093514,0.0,1.0,-0.8660254,-0.5,0.0
2024-08-28 00:00:00,4.0,0.37893537,1.530456,-1.3464266,-0.41946664,0.31542635,1.4825921,1.662104,-1.0299835,-2.0886083,-2.5098398,-2.789765,-1.6404762,2.4708695,1.4008043,2.210005,1.1732757,1.8653823,2.7253232,-0.28867906,2.1713848,2.6576612,1.4329731,0.27185285,0.7936632,0.95105654,0.309017,-0.8660254,-0.5,0.0
2024-08-29 00:00:00,4.0,-0.8290941,-1.2508938,-0.73541486,-0.45923254,0.030936,0.2217101,-0.97612256,-0.14970031,-2.0981755,-2.479301,-2.670528,-1.6863642,1.5890365,0.87214774,1.9250685,0.97789603,1.5814556,1.6418537,-0.6024208,1.5495814,1.9116218,1.0534234,-0.16937259,0.5406977,0.58778524,-0.809017,-0.8660254,-0.5,0.0
2024-08-30 00:00:00,4.0,0.5089286,1.1024668,-1.1939719,0.8018901,0.7625942,1.7305361,1.3390201,-0.5661065,-1.6256206,-2.166616,-2.4853027,-0.93937194,1.8338313,1.1623038,1.7025129,0.5244686,1.709044,1.8325443,-0.54000115,1.5983592,1.9975578,1.3430082,0.87959576,0.4716714,-0.58778524,-0.809017,-0.8660254,-0.5,0.0
2024-09-02 00:00:00,4.0,1.0038466,0.85066116,1.0637547,-1.1202787,1.8697852,3.0,2.7513957,0.13636352,-0.44822347,-1.3314852,-1.9355525,0.7759319,2.3023283,1.7201977,1.589294,1.1197827,1.3978537,2.6977813,-0.36345124,1.7844654,2.1760063,1.7837579,1.8079991,-0.28630954,-0.95105654,0.309017,-0.8660254,-0.5,0.0
2024-09-03 00:00:00,4.0,-1.3423873,-1.3737193,-1.3341793,-0.1305643,-0.099410705,1.2631617,-1.619652,-0.9075749,0.06557958,-0.7675896,-1.3459468,1.1758516,1.1138412,0.8300266,1.181466,-0.16529104,0.50355214,2.4941368,-0.5823664,1.0582927,1.1483043,1.1488664,-0.2976246,-2.5168993,0.0,1.0,-1.0,-1.8369701e-16,0.0
2024-09-04 00:00:00,4.0,-0.13743706,-0.16897944,0.6575762,1.3249824,-0.8931227,0.34978476,-0.92488533,-0.0900113,-1.0695662,-1.4904231,-1.8417084,-0.33222568,0.9543363,0.7336593,0.8947657,-0.45930067,0.52717096,2.3656862,-0.5104741,0.88384724,0.91475576,1.131728,-1.2676086,-1.7202365,0.95105654,0.309017,-1.0,-1.8369701e-16,0.0
2024-09-05 00:00:00,4.0,-0.8759804,-0.139809,0.0071266205,2.149518,-0.15729792,0.5137072,0.13848108,-1.338382,-0.5730617,-1.0622406,-1.4387922,0.21620145,0.2810816,0.15405591,0.394355,-0.4975693,0.35816744,1.5942178,-0.49517065,0.30702353,0.25839695,0.70119566,-0.58357304,-1.1283813,0.58778524,-0.809017,-1.0,-1.8369701e-16,0.0
2024-09-09 00:00:00,4.0,-0.02403064,-0.19950414,0.46816486,1.4277074,0.23104002,0.4080916,-0.16271274,0.2078838,-0.9359364,-1.2957982,-1.6067967,-0.26242068,0.22326064,0.120350055,0.031048244,-0.80113524,-0.20613666,1.4928588,-0.31571954,0.15839121,0.114783235,0.7046883,0.07141935,-1.014824,-0.58778524,-0.809017,-1.0,-1.8369701e-16,0.0
2024-09-10 00:00:00,4.0,-1.136978,-0.47526625,-0.48699558,1.7046963,0.3755239,1.9276037,1.949396,-1.3910438,0.008780317,-0.5197248,-0.92956895,0.78855467,-0.54987335,-0.5999762,-0.48403245,-1.962404,-0.66472936,0.7528155,-0.6090848,-0.64449066,-0.5932334,0.15711819,0.056020513,-1.4682033,0.0,1.0,-1.0,-1.8369701e-16,0.0
2024-09-11 00:00:00,4.0,0.24061133,0.3179865,0.50456846,1.074209,-0.6508428,0.44743893,-1.2466149,0.21044756,-0.9472118,-1.1690385,-1.4115038,-0.42168006,-0.40339592,-0.45590082,-0.82570803,-1.0816361,-0.9543732,0.7509793,-0.43592575,-0.5794768,-0.5754977,0.25080496,-1.0122865,-1.4020333,0.95105654,0.309017,-1.0,-1.8369701e-16,0.0
2024-09-12 00:00:00,4.0,-0.5529203,0.6410364,-0.85904795,1.6123322,-0.65863866,0.7396098,0.28779015,-1.391848,-0.80451006,-1.0430014,-1.2748166,-0.2809447,-0.7789163,-0.804727,-1.1485431,-1.3036743,-1.3309965,0.41848862,-0.50619686,-0.94586,-0.9511677,-0.026507981,-1.0371755,-1.6700119,0.58778524,-0.809017,-1.0,-1.8369701e-16,0.0
2024-09-13 00:00:00,4.0,0.7020984,0.53453493,0.8524189,-0.03794164,-0.04625876,-0.3286385,-1.0418364,0.724465,-1.1260911,-1.3195298,-1.5422814,-0.6144964,-0.23522499,-0.32643586,-1.1812906,-0.4264253,-0.6924639,0.7189407,-0.36768055,-0.57944286,-0.60264784,0.35346374,-0.4271576,-1.4771795,-0.58778524,-0.809017,-1.0,-1.8369701e-16,0.0
2024-09-16 00:00:00,4.0,0.74837613,0.5409155,1.9896685,-1.3520805,0.6025681,-0.6271172,-0.48760384,0.64827245,-0.8144181,-1.1540761,-1.4900048,-0.074933045,0.28571564,0.15016755,-0.93026936,-0.01767929,-0.60051095,0.9177586,-0.62356085,-0.22177647,-0.22172889,0.77062523,0.35278955,-1.3628942,-0.95105654,0.309017,-1.0,-1.8369701e-16,0.0
2024-09-17 00:00:00,1.0,0.34644502,1.2393782,-1.3294268,0.32554084,0.6006016,-1.7186702,-1.9902548,-0.80496013,-0.9562253,-1.2595356,-1.5838029,-0.23209016,0.49683878,0.36715966,-0.67953163,0.8101228,-0.87370086,0.43469778,-0.48529106,-0.02605987,-0.056449078,0.9574306,0.5186581,-1.3645931,0.0,1.0,-1.0,-1.8369701e-16,0.0
2024-09-19 00:00:00,1.0,1.2407608,1.3661317,-0.58097374,-1.0400085,1.8506904,-0.9130734,1.843652,-0.13722466,-0.42284074,-0.94106716,-1.4490145,0.65102434,1.3031449,1.1810237,-0.18451768,1.3214709,0.18233317,0.57949966,-0.038372178,0.7738255,0.63250494,1.5428824,1.6325697,-1.5529884,0.95105654,0.309017,-1.0,-1.8369701e-16,0.0
2024-09-20 00:00:00,1.0,1.7219275,1.3842518,-0.7670887,-0.93517715,2.538478,1.1386883,3.0,-0.06929774,0.6992917,-0.1766502,-1.0242403,2.1760514,2.156827,2.17351,0.48528942,2.4322276,0.93728006,1.2317415,0.26965007,1.7116117,1.4358498,2.194803,1.8305918,-0.7295723,-0.58778524,-0.809017,-1.0,-1.8369701e-16,0.0
2024-09-23 00:00:00,1.0,1.1484557,1.0006368,0.1465486,-0.8785727,0.7057048,1.5628268,0.43438113,0.61174464,0.6519153,-0.123792835,-1.016869,2.0298839,2.4948118,2.6468909,1.0968721,2.5151172,1.7284282,1.7565782,0.45886776,1.9744754,1.8515011,2.519701,1.2397628,-0.79502696,-0.95105654,0.309017,-1.0,-1.8369701e-16,0.0
2024-09-24 00:00:00,4.0,-0.066362284,-0.0076830727,2.467166,-0.6578412,-0.2864306,0.114008084,-1.2548609,-0.03794903,-0.15010951,-0.56580275,-1.247974,0.9216163,2.296666,2.4543827,1.4358736,2.0556211,1.6730905,1.2761908,0.463448,1.6387396,1.732074,2.3991804,-0.25512257,-0.40713173,0.0,1.0,-1.0,-1.8369701e-16,0.0
2024-09-25 00:00:00,4.0,3.0,1.5188998,-1.291418,-0.8003835,1.9645699,2.5802314,3.0,2.6046789,2.3305538,1.1518867,-0.2743189,3.0,3.0,3.0,1.8759953,3.0,3.0,2.3346922,1.3940668,2.304613,2.6907158,3.0,1.7263454,-0.3983569,0.95105654,0.309017,-1.0,-1.8369701e-16,1.0
2024-09-26 00:00:00,4.0,0.43920046,-1.6965427,-1.2608299,-0.7087379,1.9388214,2.1794326,0.08460501,3.0,3.0,2.0536232,0.5058548,3.0,2.909265,3.0,2.0496747,2.7274866,2.9721043,2.1037848,1.4879392,1.9035082,2.4203389,2.7628381,1.7139653,-0.3488267,0.58778524,-0.809017,-1.0,-1.8369701e-16,1.0
2024-09-27 00:00:00,4.0,2.8880417,1.3032933,-1.0631503,-0.43304592,2.5272198,2.0586495,0.2691238,1.0656258,3.0,3.0,1.3489286,3.0,3.0,3.0,2.2907648,3.0,3.0,2.8099725,1.9911236,2.041406,2.885412,3.0,1.6716998,-0.3102329,-0.58778524,-0.809017,-1.0,-1.8369701e-16,1.0
2024-09-30 00:00:00,5.0,2.3204195,0.59128,-0.17566803,0.7404006,0.74072874,2.1845531,0.7395686,2.8913288,3.0,3.0,1.9966892,3.0,3.0,3.0,2.5094543,3.0,3.0,3.0,2.2493296,1.8976465,2.9914877,3.0,1.4592148,-0.7646555,-0.95105654,0.309017,-1.0,-1.8369701e-16,1.0
2024-10-02 00:00:00,5.0,1.4906658,-0.21794316,0.7857399,1.3815202,1.5580128,-0.96203685,-2.7229989,2.6881537,3.0,3.0,2.6424153,3.0,2.9352329,3.0,2.5323212,3.0,3.0,3.0,2.438394,1.6634774,2.810823,2.8938315,1.5036865,-0.7279104,0.0,1.0,-1.0,-1.8369701e-16,1.0
2024-10-03 00:00:00,5.0,3.0,1.3406081,-0.50413823,-1.3548392,2.549204,1.2458467,3.0,0.6557269,3.0,3.0,3.0,3.0,2.900077,3.0,2.4064772,3.0,3.0,3.0,3.0,1.6994722,2.8370142,2.8415828,1.5138593,-0.9124323,0.58778524,-0.809017,-0.8660254,0.5,0.0
2024-10-04 00:00:00,5.0,-1.1702136,-0.80531144,-1.206349,2.1073427,1.3059641,0.2867321,-0.5697982,0.047542788,3.0,3.0,3.0,3.0,2.307313,2.8490605,2.151994,2.7783377,3.0,3.0,2.8842866,1.2416059,2.1260316,2.2876754,1.4175084,-0.44254056,-0.58778524,-0.809017,-0.8660254,0.5,0.0
2024-10-07 00:00:00,5.0,1.4422009,1.2163647,-1.1408256,-0.20949902,0.8459577,0.13695684,-0.23921768,-0.61541957,3.0,3.0,3.0,2.6759083,2.287296,2.7947292,2.0390313,2.3396573,2.9346995,3.0,2.926512,1.1822442,2.1574266,2.3145444,1.3202595,-0.833148,-0.95105654,0.309017,-0.8660254,0.5,0.0
2024-10-08 00:00:00,5.0,0.6858166,0.31470135,0.05422951,0.9976258,-0.11937358,0.24748737,-0.052470207,0.84031385,2.497165,3.0,3.0,1.7879821,2.2165632,2.6682105,2.0418804,1.8599722,2.7260404,3.0,2.8610342,1.0569477,2.1818821,2.3709443,1.1569102,-1.0816315,0.0,1.0,-0.8660254,0.5,0.0
2024-10-09 00:00:00,5.0,-3.0,-1.7407199,-1.035784,-0.9577507,2.185819,1.7314638,1.144431,-1.2536551,3.0,3.0,3.0,2.862784,0.42684916,0.924801,0.75077593,-0.58130264,1.39238,1.965959,1.6109641,0.2993814,0.44591463,0.9715268,1.3472887,-1.7523658,0.95105654,0.309017,-0.8660254,0.5,0.0
2024-10-10 00:00:00,5.0,-0.7649664,-1.0593089,-0.6866671,0.5734221,0.6473736,0.72422767,-0.5030061,1.6776687,3.0,3.0,3.0,2.3571763,0.25698364,0.7337817,0.116886325,-1.9502472,0.67966574,1.8754786,1.2109377,0.17022103,0.19851816,0.7864834,1.224164,-1.6212103,0.58778524,-0.809017,-0.8660254,0.5,0.0
2024-10-14 00:00:00,5.0,1.2661289,0.44312692,1.3781432,-0.87337756,-0.27405304,0.15448363,-0.44458503,1.8392154,3.0,3.0,3.0,1.8042395,0.48815063,0.9447676,-0.16279621,-1.0691954,0.943143,2.0810156,1.6187096,0.31071395,0.38117144,0.9409225,0.972573,-1.6473275,-0.58778524,-0.809017,-0.8660254,0.5,0.0
2024-10-15 00:00:00,5.0,-0.49799812,-0.53538036,-0.35091192,1.8407607,-0.31508365,0.02272292,-0.23217268,-0.28764662,2.4347718,2.9923084,3.0,1.1498271,0.37544551,0.82310283,-0.42242008,-1.6722841,0.31758037,1.9705076,1.6583177,0.19240162,0.22546834,0.8722885,0.941871,-1.5818161,0.0,1.0,-0.8660254,0.5,0.0
2024-10-16 00:00:00,5.0,-1.8405638,-1.5187966,-0.89713997,-0.47563908,0.06693251,-0.24501425,-0.3324769,-0.395771,2.3402498,2.9130454,3.0,0.90434027,-0.07512952,0.36711687,-0.82311714,-2.4745367,-0.6011114,1.4102404,1.2740172,-0.13491137,-0.23654848,0.55266917,1.0493573,-0.9800075,0.95105654,0.309017,-0.8660254,0.5,0.0
2024-10-17 00:00:00,5.0,-0.17508817,0.4890926,1.5656539,-1.2367722,-0.84220564,-0.52285147,-0.34225944,-1.0307324,1.6500616,2.3615034,2.8749008,0.2623048,-0.10012467,0.33718678,-1.1298754,-0.75525683,-0.9166376,1.2647399,1.2236613,-0.20416757,-0.3246507,0.5505225,0.41756868,-1.0028638,0.58778524,-0.809017,-0.8660254,0.5,0.0
2024-10-18 00:00:00,5.0,-0.59156436,-1.0201488,0.51501256,-0.72077084,-0.21671925,-0.72787076,-0.30034477,0.7341922,1.565408,2.2228708,2.7370923,0.14836067,-0.23192237,0.20695856,-1.3576089,-0.7018958,-1.7483467,1.0815436,1.2895008,-0.37095127,-0.5176237,0.42925712,0.9110421,-0.95234025,-0.58778524,-0.809017,-0.8660254,0.5,0.0
2024-10-21 00:00:00,5.0,1.5012815,1.2619895,-0.43002272,-1.0775926,-0.07944691,-0.51634717,0.11061722,-0.054359745,1.4368852,1.9819831,2.4331827,0.13863498,0.11651612,0.494955,-1.2756464,-0.5942762,-1.101548,1.2749143,1.4595475,-0.12492722,-0.21996123,0.6540778,0.9140114,-0.8745315,-0.95105654,0.309017,-0.8660254,0.5,0.0
2024-10-22 00:00:00,5.0,-0.8425875,-1.2372481,0.008738688,-0.66887385,-0.9307962,-0.80647546,-0.3651011,-0.5414425,1.0268384,1.6814333,2.210394,-0.31841868,-0.09165339,0.2978344,-1.3534671,-0.73328656,-1.5814056,0.86015457,1.3582723,-0.36175504,-0.47548926,0.5236591,0.28941748,-1.0359612,0.0,1.0,-0.8660254,0.5,0.0
2024-10-23 00:00:00,5.0,-0.08329982,0.3055474,1.0643015,-0.21682414,-1.2031372,-1.162145,-0.5191899,-0.40449196,0.5168082,1.2735761,1.8718637,-0.83247685,-0.09819378,0.28861588,-1.4251813,-0.069749944,-1.6964899,0.69872487,1.3997464,-0.44767627,-0.5549756,0.55085593,-0.3703201,-0.97744286,0.95105654,0.309017,-0.8660254,0.5,0.0
2024-10-24 00:00:00,5.0,0.4310779,0.6713779,0.3871747,-0.53425974,-0.7821375,-0.8554395,0.25535884,-0.057086445,0.3460848,1.0469747,1.6434281,-0.9370795,0.019793715,0.37957823,-1.3568556,0.1626952,-0.40034604,0.8148832,1.5921792,-0.41768953,-0.49415395,0.6524018,0.48181722,-0.9634474,0.58778524,-0.809017,-0.8660254,0.5,0.0
2024-10-25 00:00:00,5.0,-0.7436158,-0.8897987,0.78773284,-0.42133963,-1.1702555,-1.0326016,-0.41826466,-1.0609446,0.09225136,0.820091,1.4721491,-1.199133,-0.19094193,0.19893925,-1.4248198,0.10013121,-0.40760377,0.20811543,1.4237009,-0.7190177,-0.7736632,0.51925594,-0.49543214,-1.0298018,-0.58778524,-0.809017,-0.8660254,0.5,0.0
2024-10-28 00:00:00,5.0,0.08883602,0.27050063,1.9386611,-1.322601,-1.0771046,-0.8779596,-0.0629566,0.0075852117,-0.1454403,0.5658033,1.2412955,-1.3878424,-0.14645635,0.22686444,-1.4276099,-0.4493273,-0.70226604,0.17026217,1.3101486,-0.7469505,-0.7854887,0.58017236,-0.27855325,-0.99721843,-0.95105654,0.309017,-0.8660254,0.5,0.0
2024-10-29 00:00:00,5.0,-0.12703763,-0.19458333,0.023917256,2.1730392,-1.0312554,-0.7950229,-0.16724005,-0.14459479,-0.3691452,0.3252581,1.0290546,-1.5678211,-0.1635358,0.20994213,-1.4311535,-0.17022529,-0.61260426,-0.2963735,1.3768321,-0.8103463,-0.85424197,0.59899634,-0.5273097,-1.117353,0.0,1.0,-0.8660254,0.5,0.0
2024-10-30 00:00:00,5.0,0.09192395,-0.39466822,0.8480881,0.8140504,-0.8386693,-0.6698715,-0.10635444,0.48270422,-0.45728636,0.16064543,0.85875857,-1.5610545,-0.10557151,0.24297205,-1.3542768,-0.10214826,-0.115658656,-0.64555883,1.2096115,-0.726399,-0.78514636,0.6537814,0.019409277,-1.0246068,0.95105654,0.309017,-0.8660254,0.5,0.0
2024-10-31 00:00:00,4.0,-0.8459972,-1.1681552,-0.24053316,0.043101482,-0.690202,-0.5980872,-0.0017210854,-0.7126911,-0.39594227,0.12923224,0.8232341,-1.4120102,-0.39169824,0.015693882,-1.3862698,-0.59707516,-0.29094973,-1.0966712,1.0636579,-0.9723683,-1.055674,0.37480482,0.1395067,-1.0216767,0.58778524,-0.809017,-0.8660254,0.5,0.0
2024-11-01 00:00:00,4.0,-0.28595874,-0.9941166,1.255341,-1.2857744,-0.9091539,-0.669576,-0.28449664,-0.016746676,-0.550761,-0.04610295,0.6609905,-1.5202252,-0.46727246,-0.047336303,-1.4576694,-0.41669503,-0.2132656,-1.7789577,1.1696596,-0.9933094,-1.0662724,0.31924635,-0.7635239,-0.91500384,-0.58778524,-0.809017,-0.8660254,0.5,0.0
2024-11-04 00:00:00,4.0,0.27363288,0.26270652,0.9257249,-0.064773954,-0.6920091,-0.5941587,-0.14385824,0.3511717,-0.564309,-0.14859793,0.52222055,-1.4221859,-0.33655086,0.03193039,-1.3718021,-0.34856245,-0.54087245,-1.4940754,1.3180052,-0.7921878,-0.8236886,0.43427667,-0.04461875,-0.8388393,-0.95105654,0.309017,-0.5,0.8660254,0.0
2024-11-05 00:00:00,4.0,-0.02577677,-0.41693354,-0.13783954,1.9289112,-0.8273869,-0.84631485,-0.4338161,0.18752794,-0.72330713,-0.32658756,0.34328884,-1.5411999,-0.31531253,0.039655782,-1.3127743,-0.3099,-0.32614967,-1.7369896,1.3210456,-0.6885548,-0.6813469,0.4965408,-1.1681231,-1.1718087,0.0,1.0,-0.5,0.8660254,0.0
2024-11-06 00:00:00,4.0,0.81713647,1.6721091,-1.2083722,-1.285736,-0.103751265,-0.5363699,0.14050737,-1.0202107,-0.47443786,-0.26113683,0.29972517,-1.0693592,0.037661456,0.26520374,-0.9501906,-0.030458605,-0.09048727,-1.6432581,1.3358072,0.59897363,-0.074406,0.7501655,0.6734267,-0.5974739,0.95105654,0.309017,-0.5,0.8660254,0.0
2024-11-07 00:00:00,4.0,-1.1912466,-1.1861981,-0.6203048,0.46971443,-0.12739316,-0.11286785,0.09390578,-1.2785002,-0.18805555,-0.09092521,0.41914147,-0.6790357,-0.48222956,-0.11253441,-0.9172409,-0.16683146,-0.52191746,-0.83206,1.1111759,-0.71508366,-0.6025692,0.16734968,0.5319831,-0.21934043,0.58778524,-0.809017,-0.5,0.8660254,0.0
2024-11-08 00:00:00,4.0,0.76338494,1.4720966,-0.955323,-1.1530963,0.3816205,0.37334004,-0.05625323,-0.94564724,-0.067500114,-0.0506983,0.37740564,-0.44135478,-0.14409938,0.1067689,-0.7091992,0.24692313,-0.1194605,-0.4852273,1.1427186,0.42266646,-0.19147982,0.41271082,0.6561374,0.06928557,-0.58778524,-0.809017,-0.5,0.8660254,0.0
2024-11-11 00:00:00,5.0,-0.64130485,-1.5415313,-0.1339325,-1.0772161,0.48023325,0.37117335,-0.21768889,1.060043,0.09685705,0.065443374,0.45107245,-0.24276455,-0.39493033,-0.08521688,-0.6609758,-0.11398322,-0.31545803,-0.9378743,1.0127245,-0.10416687,-0.41460106,0.088662855,0.6810878,0.22271676,-0.95105654,0.309017,-0.5,0.8660254,0.0
2024-11-12 00:00:00,5.0,-0.79869765,0.64133316,-0.19900317,0.2828329,-0.5591805,-0.027838266,-0.30584562,-2.3903522,0.158705,0.13035245,0.500864,-0.19430606,-0.7048012,-0.32992217,-0.7383069,-0.4224979,-0.4964238,-1.0167316,0.8336754,-1.0427835,-0.6823347,-0.26367316,-0.17338112,0.3265163,0.0,1.0,-0.5,0.8660254,0.0
2024-11-13 00:00:00,5.0,-1.40163,-1.3974954,-0.11480549,-0.66098225,1.024976,0.93414015,0.024013046,-0.56526846,0.420015,0.34318715,0.68200636,0.026633102,-1.212196,-0.7581719,-0.9458724,-1.2899774,-0.90073115,-0.92605275,0.5941681,-2.5328672,-1.1794132,-0.8599285,0.7500055,0.06676072,0.95105654,0.309017,-0.5,0.8660254,0.0
2024-11-14 00:00:00,5.0,-0.1629039,0.9433925,-0.83881557,0.1523485,-0.9811174,-1.0226613,-0.5354144,-0.9824584,0.04497965,0.12408851,0.51737046,-0.39070204,-1.2249072,-0.79097337,-1.1254374,-0.8866173,-0.7196253,-0.9272161,0.5605907,-2.1688502,-1.2084897,-0.9459862,-1.0322753,0.11319215,0.58778524,-0.809017,-0.5,0.8660254,0.0
2024-11-15 00:00:00,4.0,-0.9628332,-0.9404322,1.0269603,-0.76326776,-0.0018347336,-0.3536803,0.008215781,-1.0586346,0.03353246,0.1319816,0.5367894,-0.4232118,-1.4910344,-1.0531734,-1.301983,-1.5337198,-0.9014143,-1.0209833,0.19303167,-2.4015732,-1.5185782,-1.3424428,0.014321458,0.36290097,-0.58778524,-0.809017,-0.5,0.8660254,0.0
2024-11-18 00:00:00,4.0,-0.09657968,-0.69434446,0.5722638,0.47702092,-0.7899949,-0.7937108,-0.28495044,0.27696553,-0.20691119,-0.03596081,0.3975329,-0.6714667,-1.449232,-1.0483361,-1.4098029,-1.3083303,-0.9903905,-1.3898551,0.09162872,-1.9420556,-1.4651784,-1.3929739,-0.6167459,0.13151146,-0.95105654,0.309017,-0.5,0.8660254,0.0
2024-11-19 00:00:00,4.0,0.2611925,-0.3292274,1.521108,0.47732186,-0.5830906,-0.40376744,-0.082629986,0.7899694,-0.32177755,-0.14888458,0.27638063,-0.7481043,-1.2363987,-0.9310755,-1.3373765,-0.9005562,-0.907587,-1.1157122,0.17027557,-1.4639776,-1.2492117,-1.2816993,-0.52065647,0.2162953,0.0,1.0,-0.5,0.8660254,0.0
2024-11-20 00:00:00,4.0,0.106904455,-0.4811315,-0.099446796,1.7274293,-0.95293033,-1.3918594,-0.38849247,0.5271362,-0.5285042,-0.32222784,0.11694243,-0.9471785,-1.1115794,-0.86752945,-1.2304771,-0.32595292,-1.0769461,-1.0625972,0.25095403,-1.1852895,-1.1283143,-1.2554142,-1.2616105,0.33803707,0.95105654,0.309017,-0.5,0.8660254,0.0
2024-11-21 00:00:00,4.0,0.011479803,0.64829284,-0.016364494,0.103398494,-1.1180681,-1.7393928,-0.35848907,-0.29379123,-0.74089277,-0.5089827,-0.05385798,-1.1611395,-1.0338807,-0.82963514,-1.1065671,-0.25975165,-0.76528394,-1.1479747,0.107487544,-1.0080562,-1.042886,-1.266518,-1.7036133,0.793969,0.58778524,-0.809017,-0.5,0.8660254,0.0
2024-11-22 00:00:00,4.0,-0.31681076,-0.5642562,1.2877297,-0.09426349,-0.93967193,-1.5179598,-0.14674298,-0.396185,-0.85628194,-0.6351853,-0.17569901,-1.2582967,-1.1070361,-0.9020192,-1.0117881,-0.012589889,-1.0341314,-1.041101,0.046916094,-1.026905,-1.126415,-1.4525089,-1.5630857,0.87738484,-0.58778524,-0.809017,-0.5,0.8660254,0.0
2024-11-25 00:00:00,4.0,-0.9090304,-1.3533589,-0.50832206,-0.4316534,0.7086184,-0.08887565,0.44616085,-0.023411782,-0.54135215,-0.46534464,-0.06740185,-0.7939704,-1.3941966,-1.1544304,-0.9573861,-0.32342124,-1.0975949,-1.2602614,-0.27164805,-1.3069706,-1.3777682,-1.8244654,0.35266724,0.8811444,-0.95105654,0.309017,-0.5,0.8660254,0.0
2024-11-26 00:00:00,4.0,-0.23447955,-1.2447672,-0.49824005,-0.2782119,-0.84619105,1.1622037,0.22277361,0.30001014,-0.672367,-0.57773757,-0.17816374,-0.91901684,-1.4073361,-1.182407,-0.98616683,-0.5117772,-0.94907796,-1.2685305,-0.37459236,-1.2108524,-1.3891809,-1.9262569,-0.95397294,0.9635449,0.0,1.0,-0.5,0.8660254,0.0
2024-11-27 00:00:00,4.0,-0.040119134,0.6915394,1.2768497,-1.2454904,-0.8398534,-1.0722872,-0.6662593,-0.61050564,-0.78557986,-0.6909256,-0.3023712,-1.0100275,-1.3504523,-1.153821,-0.9431536,-0.56625813,-0.599515,-1.2807543,-0.2905248,-1.0502989,-1.2906626,-1.93431,-1.1153054,1.1159722,0.95105654,0.309017,-0.5,0.8660254,0.0
2024-11-28 00:00:00,4.0,0.94297737,1.1702507,-0.89988446,-0.18492338,0.74539375,-0.95729667,-0.1624436,0.035896245,-0.5200975,-0.5788052,-0.308051,-0.54359245,-0.73413926,-0.7788913,-0.5231581,-0.20947254,-0.31486607,-0.8732926,-0.1316935,-0.47798342,-0.62333006,-1.3655919,0.4165357,0.51028544,0.58778524,-0.809017,-0.5,0.8660254,0.0
2024-11-29 00:00:00,4.0,-0.59062624,-1.5121516,-1.3008099,-0.1356321,-0.81786835,-1.0747046,-0.24388647,-0.33851418,-0.607426,-0.63747907,-0.36519825,-0.64165366,-0.935977,-0.9369761,-0.39227214,-0.31585005,-0.22108862,-0.9389624,-0.40672654,-0.66166437,-0.83625406,-1.6275262,-0.91575515,0.7071514,-0.58778524,-0.809017,-0.5,0.8660254,0.0
2024-12-02 00:00:00,4.0,0.06068732,0.29930875,1.7544656,-0.7483406,-0.3723552,-0.64304554,0.013406716,-0.22408594,-0.63132435,-0.67562103,-0.43682277,-0.62132734,-0.8449067,-0.88096136,-0.22511491,0.053156544,-0.18081188,-0.97577935,-0.22404782,-0.5234372,-0.6905243,-1.5639174,-0.46896166,0.6719563,-0.95105654,0.309017,-0.5,0.8660254,0.0
2024-12-03 00:00:00,4.0,0.21337378,0.5345072,0.76274973,-0.30851158,-0.6157949,-0.7214265,-0.19953543,-0.023489136,-0.7065335,-0.751279,-0.54219204,-0.6645545,-0.6687017,-0.77195954,-0.01819011,0.22389804,-0.1927355,-0.9161513,-0.1563592,-0.31654412,-0.47213596,-1.4399173,-0.79885536,0.7726654,0.0,1.0,-2.4492937e-16,1.0,0.0
2024-12-04 00:00:00,4.0,0.35298276,0.63949776,-1.047121,1.4495554,-0.20082314,-0.43022996,-0.049999963,0.04147174,-0.684991,-0.76747763,-0.61102444,-0.56826025,-0.42423853,-0.6182486,0.24412481,0.3735196,-0.12961727,-1.0017759,0.054570284,-0.008039176,-0.1517254,-1.2344327,-0.4065872,-0.39728555,0.95105654,0.309017,-2.4492937e-16,1.0,0.0
2024-12-05 00:00:00,4.0,-0.10059924,0.028691383,0.44262823,1.4106638,-0.9468888,-0.3991532,-0.17324996,-0.26559025,-0.84490633,-0.89086545,-0.74047184,-0.7527357,-0.43094572,-0.62668777,0.42598233,-0.025880646,-0.1583898,-0.7676533,0.032158904,0.040756915,-0.10741871,-1.2860274,-1.8352017,2.396528,0.58778524,-0.809017,-2.4492937e-16,1.0,0.0
2024-12-06 00:00:00,4.0,-0.5094601,-0.35345843,0.31849864,1.5122623,-0.9887294,-0.915383,-0.39348385,-1.0010067,-0.87375414,-0.9274144,-0.7946432,-0.76520586,-0.66326964,-0.7916999,0.43763396,0.0071731,-0.20820218,-1.031414,0.058642752,-0.1651807,-0.26467794,-1.5016859,-1.9284384,1.576981,-0.58778524,-0.809017,-2.4492937e-16,1.0,0.0
2024-12-09 00:00:00,4.0,0.5843447,1.1042463,-0.46407402,-0.5855687,0.019552642,0.851963,0.65554017,0.122616485,-0.8243334,-0.93439996,-0.8698786,-0.6128347,-0.27449375,-0.54724324,0.6013732,0.20907076,0.17545506,-0.7665466,0.19519606,0.6149398,0.18636605,-1.1518462,-0.42876318,1.8637191,-0.95105654,0.309017,-2.4492937e-16,1.0,0.0
2024-12-10 00:00:00,4.0,1.0719457,1.4928213,-1.1740923,-0.9384629,1.5592995,1.3295815,-0.015627297,-0.85477936,-0.4369649,-0.7127874,-0.78536373,0.023899896,0.28376043,-0.14170481,0.8755548,0.54449725,0.51494485,-0.3651776,0.62323403,1.8773652,0.74517035,-0.56593376,0.7046798,0.5583312,0.0,1.0,-2.4492937e-16,1.0,0.0
2024-12-11 00:00:00,4.0,-0.34331658,-1.903069,-1.248273,-1.1508789,1.589433,1.7860186,-0.027261458,2.9032333,-0.08939982,-0.45403454,-0.6025871,0.43587884,0.12694094,-0.2537428,0.8954034,0.27463573,0.43622664,-0.13961433,0.4233553,1.3319176,0.49203104,-0.65911704,0.7370279,0.06162537,0.95105654,0.309017,-2.4492937e-16,1.0,0.0
2024-12-12 00:00:00,4.0,-0.44946763,-1.2548449,-0.32560977,-0.43010247,-0.13305947,-0.56849515,-0.6987217,0.250755,-0.22574212,-0.49700788,-0.63269496,0.22474715,-0.09514841,-0.41085365,0.863941,0.13799728,0.07471328,-0.2027079,0.16905954,0.87883437,0.31079432,-0.7787555,-0.633391,-0.36407903,0.58778524,-0.809017,-2.4492937e-16,1.0,0.0
2024-12-13 00:00:00,4.0,0.40953308,0.65054667,0.33854553,-0.04271288,0.07649819,-0.04866399,0.053918928,0.07205552,-0.3215342,-0.55002326,-0.708142,0.12516809,0.15059681,-0.22955808,0.8992771,0.49373224,0.33632174,0.094039604,0.27200958,1.094068,0.50086963,-0.5286173,-0.392497,-1.7976199,-0.58778524,-0.809017,-2.4492937e-16,1.0,0.0
2024-12-16 00:00:00,4.0,-1.0114276,-1.5549133,-1.2651763,-0.44747898,-0.42828897,0.29208297,-0.037754357,-0.94558936,-0.28613472,-0.48837417,-0.6390099,0.11064119,-0.3924481,-0.621679,0.6871036,-0.1296283,0.05354348,-0.1079116,-0.3633327,0.28318188,0.019258829,-0.8517115,-1.0138958,-2.1249924,-0.95105654,0.309017,-2.4492937e-16,1.0,0.0
2024-12-17 00:00:00,4.0,-0.45650175,-0.8487093,0.16850653,-0.07122776,-0.34827936,-0.124638066,-0.2951477,-0.31287238,-0.4346886,-0.5681173,-0.70189106,-0.08680846,-0.5747255,-0.76104444,0.47541806,-0.7253796,-0.122047715,-0.26430115,-0.94382083,-0.032444224,-0.16266817,-0.94144076,-0.86526525,-2.2715197,0.0,1.0,-2.4492937e-16,1.0,0.0
2024-12-18 00:00:00,4.0,-0.26695865,0.12159381,2.0260034,-0.24115533,-0.41594192,-0.017983602,-0.10983385,-0.7498011,-0.5655403,-0.6562291,-0.78611594,-0.2434249,-0.6582648,-0.8220757,0.28301403,-0.6969538,-0.2836456,-0.34545603,-1.35956,-0.18433273,-0.25269324,-0.95079553,-1.0688871,-1.9934611,0.95105654,0.309017,-2.4492937e-16,1.0,0.0
2024-12-19 00:00:00,4.0,0.30189148,-0.23611146,0.8210713,0.94988,-1.1410418,-0.6064424,-0.34930462,0.69321656,-0.75008357,-0.80868614,-0.9547256,-0.4356433,-0.43048102,-0.66171193,0.2346513,-0.40428507,-0.17824458,-0.28160745,-1.2748883,0.11880733,-0.055928122,-0.76775795,-2.0562303,-1.6416708,0.58778524,-0.809017,-2.4492937e-16,1.0,0.0
2024-12-20 00:00:00,4.0,-0.28373,1.004266,0.41915086,-0.8685665,-0.62979895,-0.49671054,-0.08076586,-1.3757008,-0.8326176,-0.88631403,-1.0440779,-0.52828074,-0.5429843,-0.7361103,0.14793098,-0.6813662,-0.120122306,-0.27438504,-2.1598346,-0.07069347,-0.17322516,-0.84457386,-1.1516007,-1.4868604,-0.58778524,-0.809017,-2.4492937e-16,1.0,0.0
2024-12-23 00:00:00,1.0,-0.09545764,0.2152695,2.4816363,-1.1122549,-0.88157314,0.94469625,0.39396635,-0.39175987,-0.9871763,-1.0221704,-1.1922723,-0.7230935,-0.5582316,-0.73843366,0.07909168,-0.31877768,-0.29961553,-0.09872084,-2.2469676,-0.15521312,-0.2238955,-0.8427306,-1.7739637,-1.2860398,-0.95105654,0.309017,-2.4492937e-16,1.0,0.0
2024-12-24 00:00:00,4.0,0.38151175,0.38307765,-0.092189506,1.4135377,-0.8038477,1.0466447,-0.16419113,0.5460193,-1.0620292,-1.119114,-1.3307825,-0.7997291,-0.29044425,-0.56131536,0.1431343,0.011155796,-0.49719763,0.0313181,-2.6692991,0.15633932,-0.009878194,-0.6215804,-1.6005243,-0.97195333,0.0,1.0,-2.4492937e-16,1.0,0.0
2024-12-27 00:00:00,4.0,0.52954733,1.331974,-0.19873428,-1.1500181,-0.44246688,-0.7421763,-0.51742744,0.09784151,-1.0408146,-1.147895,-1.4139972,-0.7282845,0.060813054,-0.3322517,0.34617254,0.3377229,-0.27970058,0.14991891,-2.839469,0.6527717,0.30460763,-0.33353007,-0.8855548,-0.5308515,0.95105654,0.309017,-2.4492937e-16,1.0,1.0
2024-12-30 00:00:00,4.0,0.021723865,0.056913007,1.0666863,0.98657453,-0.7717737,0.32809433,0.2178455,-0.09773472,-1.1170437,-1.2232174,-1.5077603,-0.85670173,0.10084268,-0.31015936,0.5117049,0.23180011,-0.15508871,-0.054546174,-2.9467824,0.6119425,0.33900732,-0.30501947,-1.7385674,-0.2217882,-0.95105654,0.309017,-2.4492937e-16,1.0,1.0
2024-12-31 00:00:00,4.0,-0.028851187,-0.6771181,-0.022416832,0.47059345,-0.4617355,0.008610825,-0.28196937,0.20446104,-1.1088527,-1.2345601,-1.5355452,-0.8551042,0.06643689,-0.34005976,0.60517097,0.38744083,-0.31063884,0.07490897,-3.0,0.4642667,0.2728347,-0.3424186,-1.2442539,-0.23514973,0.0,1.0,-2.4492937e-16,1.0,1.0
2025-01-02 00:00:00,4.0,0.13246246,0.60120046,1.6422828,-1.2317752,-0.66856635,-1.4963202,-1.3466301,-0.21803144,-1.1489964,-1.275357,-1.5827355,-0.9467299,0.17425293,-0.28489578,0.70774466,0.5459391,0.06006563,0.090254456,-2.975438,0.49165225,0.3303792,-0.2577486,-1.4842683,-0.24604063,0.95105654,0.309017,-2.4492937e-16,1.0,1.0
2025-01-03 00:00:00,4.0,-1.0278822,-1.448303,-1.4563711,-0.10977491,0.6758451,1.9095695,3.0,-0.7416827,-0.78157145,-1.0271363,-1.3575015,-0.21942173,-0.8766818,-0.95759195,0.36914128,-0.16480705,-0.09386722,-0.17803225,-3.0,-1.0241123,-0.664288,-0.8850204,0.39204368,-0.1643727,-0.58778524,-0.809017,0.5,0.8660254,0.0
2025-01-06 00:00:00,4.0,0.5053694,0.4290488,0.8449977,0.36227357,-0.12344104,0.90044403,-0.5853679,0.5440409,-0.7994317,-1.0349216,-1.3806726,-0.23157898,-0.50450027,-0.82411784,0.31918046,-0.23451127,0.22065258,-0.17289853,-3.0,-0.5096612,-0.3157123,-0.6427691,-0.40879932,0.11165182,-0.95105654,0.309017,0.5,0.8660254,0.0
2025-01-07 00:00:00,4.0,-0.18696003,-1.3196342,-1.4057693,0.23881339,-0.3221783,-0.41327754,-0.95523536,0.5344182,-0.8715711,-1.0679876,-1.3916962,-0.33601075,-0.7070012,-0.9540935,0.19204332,-0.3300853,0.0194309,-0.18405455,-1.9166843,-0.73119885,-0.5251527,-0.7242962,-1.0996641,0.020039959,0.0,1.0,0.5,0.8660254,0.0
2025-01-08 00:00:00,4.0,-0.80470145,-0.21478935,0.3340255,1.3129139,1.0489771,1.2363938,1.4156218,-1.1374485,-0.658307,-0.9265849,-1.2590983,0.21595262,-1.3917978,-1.4267659,-0.08535427,-0.6936637,-0.101516746,-0.19051313,-1.8112863,-1.4677004,-1.1433755,-1.0424663,0.76765287,0.373452,0.95105654,0.309017,0.5,0.8660254,0.0
2025-01-09 00:00:00,4.0,-0.52096194,-0.51937145,-0.3386055,1.1822968,0.7044002,0.70149374,-0.41505778,-0.28635213,-0.55660486,-0.8497905,-1.181689,0.5068991,-1.7985183,-1.7537076,-0.38040075,-1.0046262,-0.23814225,-0.48436013,-2.1024199,-1.607577,-1.4716634,-1.2250612,0.543877,0.059701245,0.58778524,-0.809017,0.5,0.8660254,0.0
2025-01-10 00:00:00,4.0,-0.036368314,-0.09628824,2.2757516,-0.850398,-0.71520704,-0.45355898,-0.87423056,-0.07425508,-0.784293,-0.9619952,-1.2486966,0.076406464,-1.8389995,-1.8058089,-0.62748057,-0.4023278,-0.48004332,-0.88974947,-1.9414002,-1.437716,-1.4777408,-1.2767534,-1.3846956,0.5127924,-0.58778524,-0.809017,0.5,0.8660254,0.0
2025-01-13 00:00:00,4.0,-0.64303637,-1.4689701,-0.92436117,-0.7883671,1.1775286,-0.10480851,0.11137165,0.68162245,-0.7058361,-0.9180193,-1.2021008,0.3501338,-2.1740859,-2.0797405,-0.829042,-1.169345,-0.992882,-0.93868935,-1.5849462,-1.5443455,-1.7254323,-1.464546,0.5044174,0.82051784,-0.95105654,0.309017,0.5,0.8660254,0.0
2025-01-14 00:00:00,4.0,-0.69238,-0.26297665,-1.2570025,2.867907,0.16531566,0.13827148,0.08569754,-0.9279813,-0.49127012,-0.8008422,-1.1097814,0.79460984,-2.439328,-2.3246112,-1.0057894,-1.4010748,-1.229129,-0.96267706,-1.6011497,-1.55085,-1.9137506,-1.622354,-0.1336018,0.88395077,0.0,1.0,0.5,0.8660254,0.0
2025-01-15 00:00:00,4.0,1.4605374,1.4808127,-0.38456148,-1.2121687,2.3896391,0.29234067,-0.01068681,0.29582486,-0.26056382,-0.70922905,-1.0870947,1.3181529,-1.0154502,-1.393342,-0.6406167,-0.22155093,-0.7540159,-0.84527624,-1.275473,-0.6798275,-0.68378824,-0.9101371,1.2841947,1.2524966,0.95105654,0.309017,0.5,0.8660254,0.0
2025-01-16 00:00:00,4.0,0.39104208,1.555693,-0.5680584,-1.2015204,-0.9577191,-0.42868307,-0.54590786,-0.37312686,-0.7152689,-0.93632036,-1.2204233,0.59872776,-0.74870914,-1.2007535,-0.39014706,0.24096167,-0.70098805,-0.39537326,-1.5239909,-0.4233277,-0.4580038,-0.7924112,-1.6233996,1.6719155,0.58778524,-0.809017,0.5,0.8660254,0.0
2025-01-17 00:00:00,4.0,1.0830053,0.40861657,0.5178123,0.5467487,1.0731755,0.0901814,0.2475354,1.2402452,-0.56607157,-0.9084766,-1.2271084,0.948893,0.08370654,-0.60376936,0.14599027,0.7747688,0.22972405,0.04811328,-1.2130474,0.1683557,0.2735514,-0.3027783,0.6174473,1.6280636,-0.58778524,-0.809017,0.5,0.8660254,0.0
2025-01-20 00:00:00,4.0,0.32375526,0.7466877,-0.27781895,0.55561906,-0.28389153,-0.4439828,-0.4640215,-0.07884233,-0.8841383,-1.0877403,-1.3241018,0.47931936,0.29836485,-0.4323022,0.5558168,1.237527,0.06641011,0.26477033,-1.1526493,0.3249141,0.4544777,-0.13484508,-0.8567293,1.6152543,-0.95105654,0.309017,0.5,0.8660254,0.0
2025-01-21 00:00:00,1.0,1.484353,0.7560406,0.98141986,-0.91531,0.8528632,0.16371924,0.35526368,1.5176221,-0.27976003,-0.8376331,-1.2297562,1.3848932,1.3259789,0.40620652,1.138659,2.2098906,0.741345,0.5507859,-1.072845,1.0985165,1.3364705,0.5232562,0.38004014,3.0,0.0,1.0,0.5,0.8660254,0.0
2025-01-22 00:00:00,4.0,0.77433866,-0.15867881,-0.23078178,2.005904,0.49495527,-0.5909869,-0.55245477,1.3274394,-0.5023173,-0.95712745,-1.2997351,1.0567087,1.7447188,0.83841735,1.6349833,1.8099687,1.3941014,0.95333236,-0.8344779,1.3840302,1.7179803,0.90650684,0.23728737,2.8705757,0.95105654,0.309017,0.5,0.8660254,0.0
2025-01-23 00:00:00,4.0,-1.2897345,-1.4124124,-1.0145534,-0.45284557,0.4633393,-0.7574628,-0.29056227,-0.66626465,-0.28545657,-0.7859367,-1.1758698,1.1734158,0.6662994,0.02777157,1.5402635,1.0431863,1.1059179,0.64914525,-1.003005,0.6420523,0.8162392,0.3798198,0.23728737,2.4180024,0.58778524,-0.809017,0.5,0.8660254,0.0
2025-01-24 00:00:00,4.0,-0.26314056,-0.818565,0.428644,-0.51730895,1.8238837,0.9490123,1.0385123,0.684964,-0.07924475,-0.61712915,-1.0768572,1.3372313,0.43984082,-0.14197843,1.3458524,0.4481505,1.011533,0.36313093,-1.0111833,0.4821292,0.6161188,0.2995048,1.354026,2.1601186,-0.58778524,-0.809017,0.5,0.8660254,0.0
2025-01-27 00:00:00,1.0,1.5177517,1.1237851,-0.46016127,-0.19324873,1.3237635,1.1441959,0.043997865,0.9420868,0.110714465,-0.48782042,-1.0405958,1.5878242,1.4111071,0.79602295,1.4654264,0.99184066,1.8283575,0.5636669,-0.8534149,1.2579378,1.4400283,0.9841088,1.0695113,1.5329026,-0.95105654,0.309017,0.5,0.8660254,0.0
2025-01-28 00:00:00,1.0,0.54221845,0.8184086,1.0837994,-1.1915733,-1.3691412,0.13137147,-0.59265816,0.3334968,-0.38900092,-0.74369764,-1.1566141,0.9242336,1.6675335,1.1207176,1.6517345,0.58056724,2.2128665,0.72282773,-0.61737126,1.451676,1.7253306,1.2806903,-1.164799,1.1510283,0.0,1.0,0.5,0.8660254,0.0
2025-02-03 00:00:00,1.0,0.115891196,-1.221401,-1.3645352,0.5647927,-1.3597894,-2.6286125,-2.2146194,0.87179106,-0.92484444,-1.0530802,-1.2907777,0.1730495,1.6708924,1.1895341,1.7605892,0.29241464,1.657684,0.79759187,-0.5501892,1.3970312,1.7846618,1.3942952,-1.452979,1.0786488,0.95105654,0.309017,0.5,0.8660254,0.0
2025-02-04 00:00:00,1.0,-0.0123512605,0.6707478,-1.2720758,1.9025806,1.9999325,-0.61230946,3.0,-1.080947,-0.40671772,-0.7345282,-1.1257479,0.89305526,1.5970913,1.1826632,1.5926782,0.8550656,1.4878864,0.73582625,-0.6184456,1.2923492,1.5939473,1.3255733,1.5711279,1.0517255,0.0,1.0,0.8660254,0.5,0.0
2025-02-05 00:00:00,1.0,2.1703234,0.9141671,-0.5841747,0.4493103,2.6711688,0.589066,0.65575576,1.6598668,0.4735424,-0.20884089,-0.9104595,2.1519246,2.591255,2.4439156,1.7282964,1.9115425,1.8529463,2.0263343,-0.3461246,1.8608277,2.339934,2.1876643,1.6884912,1.0816929,0.95105654,0.309017,0.8660254,0.5,0.0
2025-02-06 00:00:00,1.0,-0.7168317,-1.0354362,-1.3072907,1.0082139,0.87853813,0.85390633,-0.02680788,0.208133,0.47674412,-0.08356681,-0.7864064,1.9092166,1.9150993,1.9014295,1.6356161,0.93055904,1.4755377,1.5518054,-0.62861276,1.3752309,1.8021941,1.8753523,1.2530823,0.88679665,0.58778524,-0.809017,0.8660254,0.5,0.0
2025-02-07 00:00:00,1.0,1.1279364,1.4861546,-1.2840581,-0.29683068,0.34013662,0.76692194,-0.1399162,-0.029012643,0.23085754,-0.19209002,-0.83635044,1.5285206,2.2745132,2.4256139,1.7002735,1.1690694,1.3433543,1.9440172,-0.2222771,1.4940177,2.1406422,2.3356247,0.82245624,0.96171325,-0.58778524,-0.809017,0.8660254,0.5,0.0
2025-02-10 00:00:00,4.0,0.93559784,1.2500151,-0.43172756,-0.61268,0.798995,2.589945,0.982269,-0.25526696,0.20527302,-0.1808972,-0.82553685,1.4260099,2.472074,2.7728398,1.7613255,1.4966929,1.3801317,2.4306335,-0.28513777,1.5058895,2.2788475,2.6408398,1.3342142,0.22455914,-0.95105654,0.309017,0.8660254,0.5,0.0
2025-02-11 00:00:00,4.0,1.4313788,1.6882985,-1.0342294,-1.2853371,-0.030790793,1.7350405,-0.40819672,0.5141654,0.15188807,-0.21417262,-0.85670674,1.3365756,2.7062247,3.0,1.9130421,2.0280008,2.1733103,2.8411012,0.05955609,1.5777986,2.5477738,3.0,0.53081685,0.37736666,0.0,1.0,0.8660254,0.5,0.0
2025-02-12 00:00:00,4.0,-0.9254756,-1.6619163,-0.98162323,-1.0502683,0.7016532,1.3196244,-0.26008204,0.7686407,0.2446627,-0.08306671,-0.7433161,1.2489638,1.9942564,2.416986,1.7149885,0.73977983,1.9053745,2.4529777,0.13181858,1.1661886,1.900204,2.4343479,1.3386348,0.41475388,0.95105654,0.309017,0.8660254,0.5,0.0
2025-02-13 00:00:00,4.0,2.0373096,1.2829067,-1.2171657,0.08273616,1.0790646,2.426287,0.8686033,1.3621935,0.7454816,0.189851,-0.6773876,1.7061061,2.3865273,2.9340522,1.7202632,1.8410726,1.9912549,2.9431205,0.77531314,1.4159498,2.2742429,2.811661,1.7134488,-0.56118965,0.58778524,-0.809017,0.8660254,0.5,0.0
2025-02-14 00:00:00,4.0,-0.29852903,-0.37724316,1.7820593,-0.72540396,2.8290837,2.6970236,0.7602011,0.4709831,2.0436554,1.1706289,-0.19598293,2.4829683,2.1526597,2.6151981,1.4470507,1.2664269,1.7076137,2.8358717,0.7843129,1.2040339,1.7042457,2.2763836,2.0417125,-0.801293,-0.58778524,-0.809017,0.8660254,0.5,0.0
2025-02-17 00:00:00,4.0,2.699173,1.7193756,-1.2033173,-1.2296654,1.3213587,1.8436478,-0.36204925,1.1583172,2.7042115,1.8091718,0.043935884,2.7699633,2.5399828,3.0,1.5382401,2.0530574,2.373171,2.8969283,1.414091,1.5365735,2.147868,2.650258,1.7355621,-0.8818214,-0.95105654,0.309017,0.8660254,0.5,0.0
2025-02-18 00:00:00,4.0,-0.21716309,-0.46447903,0.21765177,1.0902376,1.4715149,1.7790248,0.13596578,0.6125916,2.7479298,2.2349515,0.36948568,2.4938622,2.3727562,2.8534327,1.4900392,1.4187677,2.249402,2.6295817,1.3921542,1.2747263,1.8017914,2.3266714,1.7191212,-0.6906148,0.0,1.0,0.8660254,0.5,0.0
2025-02-19 00:00:00,4.0,1.0432451,0.9448908,0.117638275,-0.66321874,0.62018317,0.82278603,-0.8063143,0.08959675,2.2479658,2.1021886,0.3997821,2.0138438,2.3992233,2.8722138,1.5338622,2.2355704,1.8954308,2.5017312,1.4589719,1.2557526,1.9035298,2.4149044,1.3799702,-0.62604773,0.95105654,0.309017,0.8660254,0.5,0.0
2025-02-20 00:00:00,4.0,-0.31636864,0.79030275,-0.77696675,0.84642464,-0.6868003,0.14415865,-0.78814906,-1.4003412,1.3711916,1.6002163,0.28590912,1.2465453,2.1960664,2.5991113,1.4961177,1.2456002,1.9842161,2.2783542,1.3770547,1.0245179,1.7246575,2.2993627,0.2706143,-0.5264872,0.58778524,-0.809017,0.8660254,0.5,0.0
2025-02-21 00:00:00,4.0,-1.4331564,-0.70047885,0.17864361,0.564476,-0.19297902,0.14484286,-0.095085554,-1.5278149,1.3664166,1.718874,0.56324047,1.0913769,1.4506888,1.9016714,1.0848937,0.74035627,1.2900007,1.6849267,1.1625117,0.65128404,1.1513664,1.8331076,0.98921573,-0.35888955,-0.58778524,-0.809017,0.8660254,0.5,0.0
2025-02-24 00:00:00,4.0,2.6456716,1.0667608,-1.1466506,0.482771,0.72837025,1.0838109,1.1208637,2.7372448,2.129741,2.1913927,0.8594444,1.765456,1.8648102,2.366696,1.0114129,0.8163,1.8177184,2.032505,1.6158576,1.0112433,1.6460025,2.1505864,1.2926648,-1.5006714,-0.95105654,0.309017,0.8660254,0.5,0.0
2025-02-25 00:00:00,4.0,-0.67587596,-0.6363854,0.7965136,0.10962033,-0.012553656,0.49462172,-0.58561766,-0.23226297,1.6647819,1.968321,0.953519,1.2752979,1.5927615,2.0610635,0.889669,0.6035113,1.2772907,2.0806184,1.6997398,0.7728263,1.3441633,1.9443628,1.2193409,-1.0512961,0.0,1.0,0.8660254,0.5,0.0
2025-02-26 00:00:00,5.0,-1.2078707,0.9004991,0.52567416,-1.2062504,0.3531846,0.016729966,-0.5872474,-3.0,1.7984259,2.1639261,1.360082,1.2319758,1.1045121,1.5895483,0.48964688,-0.39955702,1.1906822,1.8636754,1.549982,0.47915107,0.8309145,1.5801066,1.1788348,-0.6786183,0.95105654,0.309017,0.8660254,0.5,0.0
2025-02-27 00:00:00,5.0,2.0374517,1.153371,-0.091778174,-1.2062504,1.4008148,0.3374034,0.2749809,0.88737154,2.3691516,2.5075197,1.690357,1.739451,1.466985,1.9478091,0.42054072,0.7252089,1.2841376,1.9708797,1.8091308,0.80241984,1.1953229,1.7985252,1.4623758,-0.53796285,0.58778524,-0.809017,0.8660254,0.5,0.0
2025-02-28 00:00:00,5.0,-0.4416485,-0.34536532,0.77705663,1.0211589,0.7197825,0.8467072,0.44753644,-0.16536152,2.151447,2.4301808,1.8912804,1.45211,1.3206447,1.7766058,0.2798197,1.1432794,1.2197695,1.7570322,1.5041854,0.6221953,0.9323151,1.6247444,1.3272829,-0.23347716,-0.58778524,-0.809017,0.8660254,0.5,0.0
2025-03-03 00:00:00,5.0,-2.494825,-1.6405609,-1.1963384,-0.3132398,1.6743637,0.9639171,-0.04405022,-0.6420086,2.7749488,3.0,2.7669384,1.6887015,0.34713054,0.88145727,-0.31834465,-1.3334291,-0.33090383,1.2364529,1.2593762,0.03206957,0.046587877,0.9799247,1.5409715,-1.1564953,-0.95105654,0.309017,0.8660254,0.5,0.0
2025-03-04 00:00:00,5.0,0.0004012597,-0.5682007,0.96288157,0.13834901,-0.1634793,-0.607704,-1.1506226,0.8203957,2.17266,2.5987518,2.575774,1.1812193,0.37147093,0.8926827,-0.7053598,-1.0152051,-0.27116874,1.2386835,1.2322451,0.003277785,-0.025357947,0.97939247,0.9680171,-1.0130651,0.0,1.0,1.0,6.123234e-17,0.0
2025-03-05 00:00:00,5.0,-0.37771377,0.78701365,-0.24314664,0.10128464,-0.41455978,-0.93636614,-0.3942486,-1.7339061,1.696193,2.2452743,2.4014122,0.7358883,0.27684572,0.79685074,-1.0376658,-0.6449394,-0.6867393,0.7881828,1.1225126,-0.11979146,-0.18122928,0.9077834,0.7818723,-1.1584103,0.95105654,0.309017,1.0,6.123234e-17,0.0
2025-03-06 00:00:00,5.0,1.6908476,1.122766,-0.8552788,-0.17621332,-0.1758636,-0.948696,-0.102489516,1.1164032,1.5921196,2.0393202,2.1773202,0.7389195,0.71045583,1.1657416,-0.9483244,-0.76179105,-0.038210053,1.2652855,1.2773118,0.35314035,0.25238976,1.200667,0.91999847,-0.55519795,0.58778524,-0.809017,1.0,6.123234e-17,0.0
2025-03-07 00:00:00,5.0,1.8843769,1.3967786,-0.7464644,-1.193866,-1.052728,-0.39111108,0.39885873,1.644638,1.6788701,1.9786346,2.0542083,0.9158138,1.096408,1.5198163,-0.5679807,0.41390765,1.0130469,1.462858,1.55111,0.88981795,0.72019744,1.4876083,0.41324034,-1.008494,-0.58778524,-0.809017,1.0,6.123234e-17,0.0
2025-03-10 00:00:00,5.0,-0.6072855,-0.04003965,1.9112997,-0.1454303,0.12661901,-0.4968333,-0.21646973,-1.0130347,1.4700751,1.8528457,2.0369914,0.6478124,0.89890134,1.3264297,-0.45501462,1.2984011,0.0031275055,1.190342,1.5467329,0.64618284,0.45644867,1.3283962,1.0370857,-1.0504701,-0.95105654,0.309017,1.0,6.123234e-17,0.0
2025-03-11 00:00:00,5.0,-1.4024758,-1.0259868,-0.032265052,0.03548529,0.4418775,-1.4809933,-0.84721965,-0.67578304,1.4893662,1.9016453,2.1885002,0.5339484,0.37055835,0.8529439,-0.6459692,0.57907724,-0.2783955,0.6497301,1.2149901,0.15748614,-0.04451962,0.9760061,1.1131178,-0.3614634,0.0,1.0,1.0,6.123234e-17,0.0
2025-03-12 00:00:00,5.0,-0.1721728,1.2880332,-0.6560357,-0.8861828,0.09708564,-1.5332727,-0.23707603,-2.3531651,1.3481281,1.7780514,2.111605,0.37772945,0.3643546,0.8301696,-0.8030203,0.6762151,0.02871015,0.7726132,0.9699324,0.15033408,-0.1416729,0.90887994,0.9983399,-0.26314312,0.95105654,0.309017,1.0,6.123234e-17,0.0
2025-03-13 00:00:00,5.0,-0.6722292,-0.94265586,-0.4655705,0.9058374,-0.110247806,-1.3188403,-0.060725182,0.28846458,1.255148,1.7016686,2.0991948,0.23312251,0.15035538,0.6345053,-1.0147988,-0.49285913,-0.83925414,0.28327203,0.9497516,-0.10366246,-0.36773956,0.74735796,0.94202775,-0.41012353,0.58778524,-0.809017,1.0,6.123234e-17,0.0
2025-03-14 00:00:00,5.0,-0.5544506,-0.7209955,-0.3976822,1.4907951,-0.75084424,-1.4836686,-0.4840785,0.00167847,1.0143127,1.5211614,1.9867167,-0.029542621,-0.013606384,0.48451737,-1.233942,-1.6843158,-0.8841645,0.21600124,0.96623427,-0.34834024,-0.5513031,0.63434035,0.49056974,-0.22651318,-0.58778524,-0.809017,1.0,6.123234e-17,0.0
2025-03-17 00:00:00,4.0,1.1988001,0.6651221,-0.19252889,0.34880665,0.5663507,-0.5487848,0.81106246,0.8436043,0.99220765,1.3978078,1.8074412,0.04418409,0.35662964,0.76278466,-1.1268275,-0.7942955,0.32611483,-0.0031397745,1.0493566,0.368121,-0.15242833,0.8546812,1.1111046,0.09857165,-0.95105654,0.309017,1.0,6.123234e-17,0.0
2025-03-18 00:00:00,4.0,0.30456436,-0.74217683,0.7566097,0.054905783,-2.3673549,-1.2767432,-0.8249175,1.1443739,0.5110013,1.0351222,1.5059279,-0.39443594,0.4671871,0.84076023,-1.0116194,0.05455775,0.42665735,0.10004599,1.2936769,0.55844,-0.026054315,0.9689512,-0.9856705,0.13801861,0.0,1.0,1.0,6.123234e-17,0.0
2025-03-19 00:00:00,4.0,1.365209,0.20059168,-1.1322693,2.56814,-2.0041802,-0.6214178,0.44185105,2.2509243,0.46644086,0.8882273,1.3031509,-0.31800717,0.8092153,1.1193875,-0.65667146,0.8172865,0.99924135,0.20695746,1.5489557,1.16177,0.44366685,1.2413262,-0.9759195,-0.118837096,0.95105654,0.309017,1.0,6.123234e-17,0.0
2025-03-20 00:00:00,4.0,-0.17134546,0.27432,0.46421063,0.51219684,-1.8384038,-0.87592006,-0.40396333,-0.35697302,-0.10377809,0.47953317,0.9872379,-0.89260936,0.79891086,1.0973334,-0.46292424,1.076249,0.39035532,0.2282405,1.5481958,0.9329082,0.4498759,1.3017993,-0.92075604,-0.14523873,0.58778524,-0.809017,1.0,6.123234e-17,0.0
2025-03-21 00:00:00,4.0,-1.6718208,-1.9073855,-1.1774795,-0.93285245,-0.02542832,-0.42362973,0.26604924,-0.2294397,0.13758066,0.6180824,1.1612304,-0.68578,0.09594254,0.5333204,-0.66756195,0.5026883,-0.8161187,0.122776955,1.2428546,0.11118164,-0.21720277,0.8184862,0.60503554,-0.22199985,-0.58778524,-0.809017,1.0,6.123234e-17,0.0
2025-03-24 00:00:00,4.0,-1.5985786,-1.3158175,-0.3411698,-0.37615693,0.49184284,0.39487,0.43946794,-0.68051785,0.47115165,0.83146685,1.3842844,-0.4126019,-0.4752958,0.040620938,-1.0806476,-0.9603015,-1.1555071,-0.75958115,1.0676222,-0.69049305,-0.7721655,0.34710255,0.95711315,0.20239477,-0.95105654,0.309017,1.0,6.123234e-17,0.0
2025-03-25 00:00:00,4.0,0.37224573,0.4739289,-0.51446027,1.2443936,-0.9210159,-0.9784179,-1.078831,0.105967306,0.18454154,0.59477955,1.1532195,-0.66242176,-0.3148928,0.15327685,-1.2593554,-0.9172983,-0.5562021,-0.5447474,1.1247897,-0.41320008,-0.5834324,0.448818,-0.06515258,0.32932517,0.0,1.0,1.0,6.123234e-17,1.0
2025-03-26 00:00:00,4.0,-1.6405511,-1.3786476,-0.0316225,-0.9800354,-0.94942683,-0.13713405,0.6112552,-1.3584331,0.3818431,0.7340762,1.3164681,-0.5524142,-0.8563121,-0.3382518,-1.6025751,-2.3893611,-1.0821218,-0.6879347,0.8251317,-1.28219,-1.1612637,-0.032245755,-0.1533321,0.16477405,0.95105654,0.309017,1.0,6.123234e-17,1.0
2025-03-27 00:00:00,4.0,0.2079913,0.046079505,0.9620932,0.97737604,-1.8203816,-1.0979702,-0.94998217,0.39993742,-0.24945314,0.29471222,0.9481635,-1.1854103,-0.72600394,-0.2562159,-1.7898722,-2.1123562,-0.786183,-1.0408487,0.7582058,-1.0103005,-1.0057681,0.06080061,-1.5841819,0.023576917,0.58778524,-0.809017,1.0,6.123234e-17,1.0
2025-03-28 00:00:00,4.0,0.086392716,0.0047124936,1.5108101,0.4885585,-0.29716235,-0.37843668,0.51231277,0.12913278,-0.24142015,0.22324179,0.8478313,-1.1262165,-0.6357498,-0.20300561,-1.7441097,-1.25283,-0.57208794,-0.92932224,0.7689576,-0.8330308,-0.87863827,0.05248194,0.052824154,-0.0364604,-0.58778524,-0.809017,1.0,6.123234e-17,1.0
2025-03-31 00:00:00,4.0,-0.56341517,-0.9601387,-0.2620561,0.4012145,-0.021008119,-0.6738015,-0.34499684,0.28067088,-0.14729396,0.24224871,0.85319406,-1.0267589,-0.7862426,-0.34662178,-1.7210158,-0.7575005,-1.1737266,-0.5458285,0.7082153,-1.1056134,-1.0516021,-0.1487164,0.14508222,0.9154303,-0.95105654,0.309017,1.0,6.123234e-17,1.0
2025-04-01 00:00:00,4.0,-0.9581115,-0.49480376,1.1156098,0.19202371,-0.84909153,1.166314,0.8667468,-1.1697525,-0.26764053,0.16183451,0.81643623,-1.2162558,-1.0711136,-0.6174903,-1.8172407,-1.3853842,-1.5858552,-0.7628203,0.5599011,-1.5626348,-1.3715538,-0.4482852,-0.9446616,0.78756905,0.0,1.0,1.0,6.123234e-17,1.0
2025-04-02 00:00:00,4.0,0.061034773,-0.18349181,2.1059005,-0.0383077,-1.173307,-0.020126378,-0.7020677,0.29889777,-0.607644,-0.10563129,0.5836242,-1.5112915,-0.98843575,-0.57196903,-1.8063394,-0.56735575,-1.9549922,-0.6730171,0.76508003,-1.4883478,-1.3149921,-0.43780753,-1.2256262,0.7524658,0.95105654,0.309017,0.8660254,-0.5,0.0
2025-04-03 00:00:00,4.0,-0.17983861,0.031187756,0.930971,0.986668,-0.5927677,-0.6015082,-0.49052846,-0.34108937,-0.687623,-0.22295885,0.46531093,-1.5104709,-0.9952176,-0.5908553,-1.7127645,-0.7549827,-1.9035605,-1.0625352,0.6777249,-1.4089699,-1.2953552,-0.51493204,-0.6723992,0.2992194,0.58778524,-0.809017,0.8660254,-0.5,0.0
2025-04-07 00:00:00,2.0,-1.1080443,0.9137916,0.6740378,-1.2997037,-0.9091645,0.53733546,0.52632815,-2.6095643,-0.33750024,-0.03782032,0.60879666,-1.1137633,-1.3513247,-0.9228276,-1.6938413,-1.3225986,-1.7044517,-1.6854577,0.5417406,-1.7456676,-1.5624657,-0.9056337,-1.1998236,1.7097598,-0.58778524,-0.809017,0.8660254,-0.5,0.0
2025-04-08 00:00:00,2.0,-3.0,-1.3625602,-0.13258094,-0.8089691,2.8452487,3.0,3.0,-3.0,3.0,3.0,3.0,3.0,-2.8178291,-2.7167802,-1.8003098,-3.0,-3.0,-3.0,-0.73248816,-3.0,-2.7725654,-2.428671,1.3023474,0.49347436,0.0,1.0,0.8660254,-0.5,0.0
2025-04-09 00:00:00,2.0,0.5802176,-0.23126748,0.70147294,1.4551458,0.50159895,1.2707428,-1.071695,1.0737317,3.0,3.0,3.0,2.4419787,-2.4493997,-2.405146,-2.0907753,-3.0,-3.0,-2.6162872,-0.5390102,-2.2036943,-2.4221811,-2.2682965,1.0228871,0.21545206,0.95105654,0.309017,0.8660254,-0.5,0.0
2025-04-10 00:00:00,5.0,0.24024336,0.998558,-0.53102714,-0.27757013,1.6881819,1.1298531,-0.10545866,-1.9111844,3.0,3.0,3.0,2.21458,-2.2629445,-2.2424798,-1.97941,-2.9728732,-2.4963877,-2.421538,-0.48893285,-1.8277869,-2.086195,-2.1192226,1.1852232,0.480032,0.58778524,-0.809017,0.8660254,-0.5,0.0
2025-04-11 00:00:00,5.0,0.7705159,-0.5447872,1.5859998,-0.17055537,0.15543382,0.37599128,-0.80670667,1.6503569,2.9430559,3.0,3.0,1.7219318,-1.8938116,-1.9336388,-1.756453,-2.4046245,-2.1835172,-2.040253,-0.21161878,-1.4980204,-1.747537,-1.9317347,0.8421071,0.13253511,-0.58778524,-0.809017,0.8660254,-0.5,0.0
2025-04-14 00:00:00,5.0,0.38445354,0.740231,0.21101895,-0.43345323,0.12629475,-0.14493382,-0.75079364,-0.34989294,2.2532237,2.593859,2.680656,1.0345256,-1.721768,-1.7847186,-1.5343008,-1.8215909,-2.0147321,-1.8129808,-0.01707043,-1.3278587,-1.5935477,-1.8877449,0.8138137,0.2159825,-0.95105654,0.309017,0.8660254,-0.5,0.0
2025-04-15 00:00:00,5.0,0.88669264,0.13639158,0.35035545,1.219744,-0.9520752,-0.34878418,-0.4619552,1.2796547,1.6245117,2.096725,2.2771454,0.42790633,-1.3223423,-1.4579916,-1.2032537,1.35601,-1.5390556,-1.7469991,0.01705196,-1.0432907,-1.2599739,-1.6876439,-1.829358,0.12490591,0.0,1.0,0.8660254,-0.5,0.0
2025-04-16 00:00:00,5.0,0.019964788,-1.0023142,-1.2979918,1.5750217,-0.929557,-0.8699699,-1.0673771,0.50141567,0.8896298,1.5597544,1.9040034,-0.45170859,-1.2816137,-1.4258199,-0.95077944,1.0806826,-1.2960029,-1.7554691,-0.03145374,-0.96790814,-1.2053928,-1.731691,-1.8763399,0.1083908,0.95105654,0.309017,0.8660254,-0.5,0.0
2025-04-17 00:00:00,5.0,-0.82508767,-1.1086392,-0.80789435,0.64102435,-0.38467205,-0.68477935,0.30307338,-0.41903874,0.77361965,1.4623612,1.8696263,-0.65724605,-1.4797336,-1.62229,-0.79110193,0.5769842,-1.5698123,-2.1166584,-0.43478638,-1.0773333,-1.3443089,-1.9397053,-0.48702756,0.30812848,0.58778524,-0.809017,0.8660254,-0.5,0.0
2025-04-22 00:00:00,5.0,0.5799059,1.4258611,-0.95751035,-1.0022877,-0.7651008,-0.84295523,-0.5604143,0.02426731,0.30252177,1.0383725,1.5270387,-1.1509035,-1.1881003,-1.3864648,-0.55618227,0.48993754,-1.3089952,-1.8848836,-0.31755865,-0.8500995,-1.0359236,-1.7760903,-1.4493064,0.29703313,-0.58778524,-0.809017,0.8660254,-0.5,0.0
2025-04-23 00:00:00,5.0,0.26019147,1.0061041,-0.850936,0.09751814,-0.6482231,-0.5109348,0.7477316,-0.24495639,-0.0039271135,0.7276475,1.279774,-1.4320848,-1.0330372,-1.2577056,-0.29164347,0.434932,-0.9663004,-1.5317346,-0.47463793,-0.6947395,-0.83204985,-1.6772327,-1.2958646,0.43264937,0.95105654,0.309017,0.8660254,-0.5,0.0
2025-04-24 00:00:00,5.0,0.87332416,-0.21078265,-0.17831065,2.6461678,-0.9440701,-0.58720976,-0.35295042,1.4179927,-0.06666402,0.5435832,1.0733693,-1.3278196,-0.6436795,-0.93408823,0.09257925,0.43400514,1.2612299,-1.0600694,-0.3231685,-0.36709255,-0.39098707,-1.3521261,-2.0235457,0.61614853,0.58778524,-0.809017,0.8660254,-0.5,0.0
2025-04-25 00:00:00,5.0,-0.36561587,-0.75707,-0.41053748,1.3068006,-0.6040327,-0.77418274,-0.58368236,-0.11924056,-0.29009467,0.32734406,0.92907673,-1.5483782,-0.7485462,-1.0227742,0.31847948,0.25083026,0.9384664,-1.1921313,-0.24508469,-0.39723146,-0.43438,-1.4557302,-1.3853173,0.5887702,-0.58778524,-0.809017,0.8660254,-0.5,0.0
2025-04-28 00:00:00,4.0,0.056569465,-0.71791214,1.4146267,-0.5551642,-0.6757965,-0.71521294,-0.09756626,0.45250225,-0.5111849,0.07650376,0.7294471,-1.7068722,-0.69189674,-0.97698826,0.51015276,0.6667522,0.87244916,-0.9190409,-0.19050851,-0.31243575,-0.32119176,-1.4238904,-1.5604454,0.6656541,-0.95105654,0.309017,0.8660254,-0.5,0.0
2025-04-29 00:00:00,4.0,-0.07703509,-0.8812134,-1.1909409,1.691379,-0.9157337,-0.8482486,-0.6066256,0.24164003,-0.7967249,-0.22441933,0.5015673,-1.9484446,-0.6858991,-0.9695524,0.6593289,0.35535693,0.5929167,-0.96262944,-0.5073562,-0.2544302,-0.24782059,-1.4353896,-1.9824228,0.75208485,0.0,1.0,0.8660254,-0.5,0.0
2025-04-30 00:00:00,4.0,0.008594769,-0.5408028,1.0922201,0.11755959,-0.7708387,-0.64224786,0.47682035,0.26598367,-0.9650963,-0.46251303,0.3003485,-2.011915,-0.640914,-0.9315641,0.7754308,0.23634277,0.470561,-0.96658325,-0.62293,-0.1541135,-0.12178631,-1.4054911,-1.7020535,0.7978077,0.95105654,0.309017,0.8660254,-0.5,0.0
2025-05-02 00:00:00,4.0,0.14317489,0.3752846,-1.030744,1.9759495,-0.78551686,-0.19832508,1.2390606,0.08088574,-1.1215321,-0.7029659,0.082569115,-2.0558662,-0.5307728,-0.8464101,0.9019896,-0.1111381,0.2256172,-0.8426686,-0.61007094,0.0024188962,0.07866215,-1.3096979,-1.8334175,0.7979709,0.58778524,-0.809017,0.8660254,-0.5,0.0
2025-05-06 00:00:00,4.0,0.62191254,1.0550328,-0.924769,0.004337882,-0.2025897,-1.0389391,-1.8757774,0.18271054,-1.0166328,-0.77375126,-0.06639085,-1.7076169,-0.20339382,-0.596201,1.0818576,0.35604665,0.42574352,-0.55043507,-0.37916794,0.34288988,0.4929766,-0.99197525,-0.4395468,0.8923797,-0.95105654,0.309017,0.5,-0.8660254,0.0
2025-05-07 00:00:00,4.0,0.22541499,0.37486988,0.16175866,0.74003285,-0.7015763,-0.5492911,2.1262805,0.18717255,-1.1298512,-0.96094674,-0.26806092,-1.7282435,-0.066604994,-0.4868715,1.2820443,0.43703485,0.77258015,-0.5066364,-0.7688574,0.54269874,0.73883396,-0.8497068,-1.5793672,0.8754515,0.95105654,0.309017,0.5,-0.8660254,0.0
2025-05-08 00:00:00,4.0,-0.013318833,-1.8858922,-0.9639778,-1.4144561,-0.060377073,-0.42136917,0.17674594,1.2919338,-0.9187697,-0.89091325,-0.29017636,-1.3126019,-0.03604382,-0.46111447,1.2925215,0.46688583,0.57490885,-0.48204094,-0.6575785,0.6368353,0.7636045,-0.8017951,-0.15573357,0.89307004,0.58778524,-0.809017,0.5,-0.8660254,0.0
2025-05-09 00:00:00,4.0,0.09186834,0.74715847,1.2711636,-1.3780562,-0.41579702,-0.6596747,-0.81787896,-0.28485608,-0.94472295,-0.97347945,-0.41525954,-1.2494506,0.045530237,-0.39716965,1.3254046,0.50583184,0.51842487,-0.2950275,-0.8965183,0.7289672,0.88124084,-0.720747,-1.0333453,0.6799481,-0.58778524,-0.809017,0.5,-0.8660254,0.0
2025-05-12 00:00:00,4.0,0.11039329,-0.023349559,-0.36233583,2.2977571,-0.97103995,-0.702035,-0.24651438,0.18316612,-1.1688215,-1.2022218,-0.64661777,-1.478924,0.13850549,-0.32587287,1.4060175,0.49074557,0.2642109,1.0476849,-1.1003588,0.7578965,0.9154597,-0.61552703,-1.9392186,0.32767177,-0.95105654,0.309017,0.5,-0.8660254,0.0
2025-05-13 00:00:00,4.0,1.1280562,0.88140786,-0.3419192,-0.013525858,0.98451084,0.6154611,2.393482,0.7748223,-0.6821168,-0.93842787,-0.60788983,-0.60614425,0.666542,0.09952876,1.4611642,0.7312176,0.75873464,1.1653861,-0.9234957,1.2245468,1.290868,-0.1047618,0.9190411,1.2628733,0.0,1.0,0.5,-0.8660254,0.0
2025-05-14 00:00:00,4.0,-0.8174223,-1.8496548,-1.2803493,-0.9882833,0.065652564,-0.15088205,-0.9949325,-0.16137803,-0.6359831,-0.8814679,-0.5703403,-0.55735624,0.1487504,-0.22989622,1.333625,0.2351526,0.4711124,0.9213894,-1.1246954,0.7559369,0.7104971,-0.41939685,-0.62685114,1.8177319,0.95105654,0.309017,0.5,-0.8660254,0.0
2025-05-15 00:00:00,4.0,0.8674759,1.5783641,-1.2799087,-0.8892829,-0.22270127,0.25937688,0.07978298,0.50459456,-0.61973184,-0.9083064,-0.6961915,-0.42607573,0.5340671,0.08992634,1.3841128,0.65724903,0.7865498,0.9441974,-1.1785687,1.1217628,1.0922642,-0.014000623,-1.0237731,3.0,0.58778524,-0.809017,0.5,-0.8660254,0.0
2025-05-16 00:00:00,4.0,-0.37010646,-1.1607152,-0.2926754,-0.24290924,-0.27318752,-0.51644194,-0.7042679,-0.009289024,-0.7654686,-1.0034869,-0.7904758,-0.63029563,0.33702776,-0.03933501,1.3226895,0.4377324,0.6619446,0.7766226,-1.280306,0.83531874,0.8321438,-0.114608146,-1.0955774,2.7935677,-0.58778524,-0.809017,0.5,-0.8660254,0.0
2025-05-19 00:00:00,4.0,-0.21129659,0.90596676,-0.49162948,0.12260781,-1.4547752,-0.57128173,-0.21747367,-0.5103535,-0.95417196,-1.150196,-0.93872255,-0.8980604,0.2404774,-0.10030899,1.2029576,0.28898904,0.5515872,0.53299534,-1.9881142,0.65024346,0.70538235,-0.15810338,-1.7726322,2.6141524,-0.95105654,0.309017,0.5,-0.8660254,0.0
2025-05-20 00:00:00,4.0,-0.04303716,0.87013674,-0.26218325,-0.05219545,-0.12611146,-0.463789,-0.04353323,-0.46042994,-0.99813884,-1.2051538,-1.035493,-0.9363843,0.2546505,-0.08762542,1.0329764,-0.2790551,0.33100328,0.5241124,-1.8962189,0.56834793,0.6351218,-0.1415802,-0.89187,2.462264,0.0,1.0,0.5,-0.8660254,0.0
2025-05-21 00:00:00,4.0,0.58878237,1.4017403,-0.88228387,-0.8818657,0.031118779,0.20730944,0.33668154,0.17718792,-1.0126412,-1.2583044,-1.1683234,-0.8813924,0.5823302,0.15973203,1.02217,0.4089856,0.45752198,0.85807645,-1.8237538,0.86019164,0.93747264,0.17959242,-0.75808907,1.160836,0.95105654,0.309017,0.5,-0.8660254,0.0
2025-05-22 00:00:00,4.0,0.22703399,0.67368895,0.78193855,-0.56579876,-1.0277605,0.406121,0.014258831,0.13789284,-1.1650716,-1.3982911,-1.3430185,-1.0912127,0.73873734,0.27964175,1.0735284,0.090624414,0.546824,0.7799719,-1.6154298,0.9161198,1.0689821,0.3834605,-1.5559667,1.0843544,0.58778524,-0.809017,0.5,-0.8660254,0.0
2025-05-23 00:00:00,1.0,-0.5210549,-1.3492948,-0.7927065,-0.24084099,-0.22650985,0.3545746,-0.17487329,-0.20021452,-1.1102543,-1.364414,-1.343648,-0.98319846,0.34900984,0.046581075,0.85282534,0.020235633,0.33737743,0.6000783,-1.4843458,0.53697973,0.59074116,0.1539755,-0.896319,1.1866863,-0.58778524,-0.809017,0.5,-0.8660254,0.0
2025-05-26 00:00:00,1.0,0.09790798,0.2279454,1.5506016,-0.094298445,-0.584034,0.33264917,-0.14257263,0.050461527,-1.1767726,-1.432393,-1.4514923,-1.0748708,0.4394285,0.115988865,0.7051754,0.17199047,0.33708578,0.41797942,-2.0169086,0.5365053,0.6350694,0.2847924,-1.3197699,0.7416331,-0.95105654,0.309017,0.5,-0.8660254,0.0
2025-05-27 00:00:00,1.0,-0.568987,-1.3195772,-0.32211727,-0.7098034,0.08253483,0.36535764,-0.084184885,-0.22021121,-1.0844661,-1.3641369,-1.416959,-0.90307885,0.002304993,-0.1504408,0.35778123,-0.082212865,-0.26660252,0.38055798,-2.0419683,0.10849076,0.10754051,-0.012163814,-0.66988,1.5953382,0.0,1.0,0.5,-0.8660254,0.0
2025-05-28 00:00:00,4.0,0.16911396,1.1464711,-0.52911776,-0.46734598,-0.57717395,-0.06632204,-0.35456845,-0.17442843,-1.15145,-1.4255735,-1.5131499,-0.99950975,0.13871247,-0.051346928,0.15807927,-0.29187113,0.09001035,0.41196802,-1.6787643,0.18510962,0.18578394,0.15207225,-1.3033948,1.4458313,0.95105654,0.309017,0.5,-0.8660254,0.0
2025-05-29 00:00:00,1.0,-0.21047115,-0.84983504,0.28105494,-0.14371468,-0.19499838,-0.3923369,-0.28569743,0.014391819,-1.1295228,-1.4119778,-1.5275873,-0.9548761,-0.021308081,-0.1420214,-0.07976739,-0.5055869,-0.30358317,0.38888422,-2.1824286,-0.03803311,-0.07372116,0.059612762,-0.7555516,1.4835039,0.58778524,-0.809017,0.5,-0.8660254,0.0
2025-05-30 00:00:00,1.0,0.57739985,1.482649,-0.8750182,-1.0445511,0.66500485,0.8279774,0.6794281,-0.039653253,-1.024596,-1.3534918,-1.5382283,-0.67919457,0.40282246,0.14875172,-0.058183752,0.029115831,0.03658676,0.5331083,-1.8365278,0.42073122,0.3112225,0.43797207,0.05802674,1.4317952,-0.58778524,-0.809017,0.5,-0.8660254,0.0
2025-06-02 00:00:00,1.0,-0.53417575,-0.5338924,-0.42275304,1.5461401,-0.90544796,2.7563777,1.0189829,-0.59276676,-0.89423925,-1.2392682,-1.4426981,-0.4320649,-0.04231391,-0.12663625,-0.22815041,-0.27305344,-0.072531305,0.37225065,-1.4463344,-0.17471649,-0.22019614,0.12020358,-1.4001361,1.4131604,-0.95105654,0.309017,0.5,-0.8660254,0.0
2025-06-03 00:00:00,1.0,-0.24999279,0.33380303,-1.2050949,2.2205367,1.5878184,-1.2338439,-1.6015229,-0.6141256,-0.5754639,-0.9902514,-1.25444,0.2100696,-0.2290532,-0.24169058,-0.37954733,-0.11304195,-0.14426291,0.1519708,-1.5176929,-0.5536967,-0.44193086,-0.03643814,0.7178486,1.0593092,0.0,1.0,1.2246469e-16,-1.0,0.0
2025-06-04 00:00:00,1.0,0.63672554,1.5792851,-0.7760207,-1.4189793,-0.4939079,0.59109193,1.4005642,0.33768317,-0.6286483,-1.0083554,-1.2967943,0.14029549,0.25361365,0.08729698,-0.30584836,0.10858576,-0.1374301,0.2510448,-1.1983918,0.24830475,0.0031020914,0.38680813,-1.0938773,1.2661488,0.95105654,0.309017,1.2246469e-16,-1.0,0.0
2025-06-05 00:00:00,1.0,0.2597213,1.1092786,0.13075759,-1.0292906,-0.5509236,0.34845388,-0.26123285,-0.0092685055,-0.7982148,-1.1067399,-1.3798794,-0.21380922,0.44653073,0.23414223,-0.19869259,0.33257493,-0.13106939,0.3224047,-1.4790921,0.5925751,0.16545235,0.64305913,-1.1637367,1.1989646,0.58778524,-0.809017,1.2246469e-16,-1.0,0.0
2025-06-06 00:00:00,1.0,0.48486236,0.73043823,-1.1328983,1.1249219,-0.91762763,0.002461232,-0.29239374,0.49164355,-0.8989641,-1.1756388,-1.4497612,-0.4131023,0.78042156,0.49304965,0.014186817,0.2795577,0.22944503,0.42430398,-1.7464037,1.2889999,0.50600517,1.0348985,-1.331709,0.9695901,-0.58778524,-0.809017,1.2246469e-16,-1.0,0.0
2025-06-09 00:00:00,1.0,-0.1988878,-1.6253922,-0.962673,-0.9233028,-0.86298585,1.361521,0.7345375,0.114233516,-1.0263832,-1.2552319,-1.5008297,-0.74461234,0.59303266,0.3934481,0.06904131,0.4457191,0.12515262,0.3506753,-1.6797338,0.8974174,0.29766834,1.0156692,-1.2906953,0.79360044,-0.95105654,0.309017,1.2246469e-16,-1.0,0.0
2025-06-10 00:00:00,1.0,0.7063538,1.5591068,-1.2174423,-1.00081,-0.49779987,0.9963533,-0.377013,0.49357483,-0.92507625,-1.2027079,-1.4885546,-0.4291425,1.056277,0.7670048,0.31288052,0.8951771,0.57671773,0.21917617,-1.1141399,1.7269621,0.87189347,1.4769778,-0.9374444,-1.5379369,0.0,1.0,1.2246469e-16,-1.0,0.0
2025-06-11 00:00:00,4.0,-0.045765463,-0.51559234,-0.025006661,1.1155208,0.4523054,0.47862843,-0.34065518,0.11678513,-0.9233523,-1.1939534,-1.4766655,-0.43265483,1.0168127,0.7645584,0.4175225,0.5681446,0.4992498,0.4405167,-1.0877429,1.3802171,0.76096225,1.4574283,-0.19671637,-1.1210067,0.95105654,0.309017,1.2246469e-16,-1.0,0.0
2025-06-12 00:00:00,4.0,0.3491515,1.1347338,0.26979128,-1.194938,0.08475136,0.4877646,-0.13044462,0.06323394,-0.9418762,-1.2072153,-1.4928257,-0.46282083,1.231579,0.96278006,0.5651632,0.60609204,0.6925816,0.2871468,-0.81469136,1.4856888,1.0473378,1.7176995,-0.5647214,-1.2831643,0.58778524,-0.809017,1.2246469e-16,-1.0,0.0
2025-06-13 00:00:00,1.0,-0.6233942,-1.3033569,-0.0009291215,-0.84343404,0.4674509,1.3059305,0.28349626,-0.3752403,-0.8404362,-1.1198242,-1.4056879,-0.23614353,0.56448144,0.53313464,0.37567997,0.08721608,0.27057284,0.23179975,-0.9036473,0.6143222,0.41029736,1.2264035,-0.14225335,-1.3543842,-0.58778524,-0.809017,1.2246469e-16,-1.0,0.0
2025-06-16 00:00:00,1.0,-0.26310483,-0.462394,1.0685965,0.30468342,0.9342382,1.8486599,0.21176808,-0.19030821,-0.80337286,-1.0787189,-1.3625944,-0.16461863,0.313243,0.37253883,0.12594552,0.057670884,0.36966914,0.22360691,-1.271298,0.24580677,0.12687328,1.039134,0.3609549,-0.81919193,-0.95105654,0.309017,1.2246469e-16,-1.0,0.0
2025-06-17 00:00:00,4.0,0.31523713,1.0963473,-0.3803669,-0.53838754,1.899708,0.18535295,-0.7310154,-0.24279746,-0.71006113,-1.0084217,-1.3164886,0.10491908,0.56142795,0.577621,0.038429525,-0.12698463,0.56729424,0.3184661,-1.2463074,0.5471594,0.33280474,1.1955837,1.1629628,-0.61264986,0.0,1.0,1.2246469e-16,-1.0,0.0
2025-06-18 00:00:00,4.0,-0.12763445,-1.0045092,-0.7267761,0.5243745,-0.18159878,-0.50686824,-0.44248247,0.17009468,-0.7768274,-1.0337465,-1.321358,-0.106755,0.42951432,0.5123544,-0.09246434,-0.16554892,0.3006426,0.12047515,-1.643559,0.34559554,0.20369278,1.1588053,-0.72615266,-0.22133043,0.95105654,0.309017,1.2246469e-16,-1.0,0.0
2025-06-19 00:00:00,4.0,-0.47464287,-1.1332114,-0.7710637,0.14438596,-0.2679014,-0.6618647,-0.22204237,-0.27436265,-0.7200268,-0.9756885,-1.2604556,0.0082192365,-0.06544849,0.16842544,-0.3595738,-0.55602366,0.045013215,-0.06736576,-1.8157868,-0.22835039,-0.22916678,0.8128163,-0.7154899,0.36059025,0.58778524,-0.809017,1.2246469e-16,-1.0,0.0
2025-06-20 00:00:00,1.0,-0.87460077,-1.5376922,-0.8464518,-0.8684422,2.3803961,0.21067818,0.3464613,-0.19304375,-0.48309276,-0.7865549,-1.097438,0.54799503,-0.8251155,-0.468904,-0.7612331,-0.66921866,-0.4271723,-0.14771311,-1.7352083,-1.1942253,-0.92550737,0.13063537,1.4633683,0.27591646,-0.58778524,-0.809017,1.2246469e-16,-1.0,0.0
2025-06-23 00:00:00,1.0,0.57073885,1.6124796,-1.0362035,-1.3788671,-0.31750938,1.3911839,0.4851446,0.19406858,-0.56338537,-0.82534766,-1.1286179,0.3508275,-0.30826983,-0.07135042,-0.85697603,-0.2776943,-0.16146897,-0.026390184,-1.1402496,-0.5418309,-0.46180278,0.44710687,-0.6908055,0.15313794,-0.95105654,0.309017,1.2246469e-16,-1.0,0.0
2025-06-24 00:00:00,4.0,0.31067744,1.3684182,-1.1905043,-0.629537,1.6022788,-0.8305905,-0.9942498,-0.47513926,-0.5038044,-0.7724607,-1.0900173,0.50307274,-0.0434487,0.15054365,-0.76956856,-0.2820399,-0.30207446,0.21433969,-1.1594203,-0.2404363,-0.23604794,0.5550262,1.4030988,-0.11209695,0.0,1.0,1.2246469e-16,-1.0,0.0
2025-06-25 00:00:00,4.0,0.89803773,1.3563448,-0.469053,-1.3471922,1.2197275,0.19182658,0.48232475,0.42899662,-0.36129326,-0.6711605,-1.0319015,0.8952857,0.63758224,0.73916346,-0.40966362,0.19785689,0.021395734,0.399822,-0.37023196,0.728519,0.40582794,0.9884557,1.1507531,0.6004657,0.95105654,0.309017,1.2246469e-16,-1.0,1.0
2025-06-26 00:00:00,4.0,0.5225469,0.860202,0.13342637,-0.54301685,-0.48365417,-0.2904153,-0.32631457,0.43856052,-0.4299178,-0.69556856,-1.044184,0.7066652,0.9715173,1.0608604,-0.06042997,0.6746309,0.078362964,0.591986,-0.2309645,1.1604093,0.7387812,1.2570857,-0.7524006,0.25625148,0.58778524,-0.809017,1.2246469e-16,-1.0,1.0
2025-06-27 00:00:00,4.0,-0.30023932,-0.37730733,0.92842644,1.1123339,-1.1076669,-0.94253457,-0.4608787,-0.29397863,-0.5650213,-0.75800806,-1.0618856,0.28536087,0.6789519,0.82814604,0.06280131,0.94558007,0.1942677,0.35464558,-0.3895968,0.71099705,0.48273265,1.0525616,-1.1869569,-0.19388776,-0.58778524,-0.809017,1.2246469e-16,-1.0,1.0
2025-06-30 00:00:00,4.0,-0.10395995,-1.2250619,-0.76098865,0.21459533,-0.011522654,0.8377056,0.7163092,0.3769629,-0.62954897,-0.7903553,-1.0683198,0.080078825,0.58578503,0.75838536,0.09175911,0.6246199,0.2505439,0.47186714,-0.27090934,0.530851,0.34424093,0.9561874,-0.040018998,-0.37552443,-0.95105654,0.309017,1.2246469e-16,-1.0,1.0
2025-07-02 00:00:00,4.0,-0.42794052,-1.780588,-1.1386936,-1.1137121,-0.70319027,-0.2488122,-0.4709436,0.01056894,-0.71811,-0.8391698,-1.0798703,-0.21453816,0.17702606,0.42467356,-0.05794407,0.27802885,-0.0061248178,0.4284554,-0.15605032,-0.007884818,-0.0766357,0.6513602,-0.91507936,-0.48231,0.0,1.0,1.2246469e-16,-1.0,1.0
2025-07-03 00:00:00,4.0,0.24766265,-0.7005767,0.48705444,0.5619515,-0.20327893,0.30203858,0.05718935,0.64857674,-0.7211496,-0.8502421,-1.0861402,-0.20164303,0.38276958,0.6003512,-0.09187826,-0.029179402,0.12445169,0.31928417,-0.06961429,0.27088225,0.10459367,0.7727806,-0.37315515,-0.6509834,0.58778524,-0.809017,-0.5,-0.8660254,0.0
2025-07-04 00:00:00,4.0,-0.31187636,-0.91344476,-0.54929906,0.7265272,0.9740915,-0.6874387,-0.44140726,0.060934775,-0.66284883,-0.8094455,-1.044573,-0.05150811,0.0827866,0.36061072,-0.24689646,-0.42381272,0.18430252,0.1693229,-0.162871,-0.19355541,-0.21241577,0.47131968,0.9810413,-0.8556173,-0.58778524,-0.809017,-0.5,-0.8660254,0.0
2025-07-07 00:00:00,4.0,-0.32612318,-0.041119985,1.3523403,1.2789047,1.186836,0.14907835,0.17367807,-0.45208877,-0.584543,-0.75095624,-0.9907819,0.14264895,-0.21892835,0.11631147,-0.47226205,-0.43664607,0.38215044,-0.042655047,0.07722609,-0.6482751,-0.50024176,0.17288226,1.1262841,-0.5408288,-0.95105654,0.309017,-0.5,-0.8660254,0.0
2025-07-08 00:00:00,4.0,-0.3706055,0.37212604,-0.42739955,1.3606132,-1.2425176,-2.7308912,-1.3401196,-0.54064167,-0.7108447,-0.8205268,-1.0282173,-0.15464294,-0.3501004,0.022530703,-0.68723255,-0.5449476,0.120748,-0.042373072,3.0,-0.88295865,-0.65606683,0.084382646,-0.9037971,-0.2837764,0.0,1.0,-0.5,-0.8660254,0.0
2025-07-09 00:00:00,4.0,0.67808735,1.2703578,-0.86801034,-0.83931607,-0.32514384,-1.4294953,0.649067,0.0613497,-0.75582016,-0.8558589,-1.0587649,-0.16375583,0.11241749,0.37752867,-0.65575635,-0.13995714,0.14997892,-0.14912143,2.705711,-0.113289095,-0.19274187,0.39718723,0.048799023,-0.3196421,0.95105654,0.309017,-0.5,-0.8660254,0.0
2025-07-10 00:00:00,4.0,-1.1518686,-1.3283834,-1.1075194,-0.040734563,-0.6480043,-1.0036999,0.10259783,-0.64753354,-0.72579104,-0.8294668,-1.0275954,0.060951296,-0.5856728,-0.16967638,-0.85590535,-0.7679896,-0.5183029,-0.32194275,2.2177267,-1.0257826,-0.8020006,-0.101256736,-0.50056297,-0.56116956,0.58778524,-0.809017,-0.5,-0.8660254,0.0
2025-07-11 00:00:00,4.0,0.27877805,0.86978954,0.33942667,-0.5534514,-0.09147179,-0.33101353,0.23510008,-0.30549476,-0.82020026,-0.88335407,-1.0629766,0.04017801,-0.33127764,0.024472456,-0.89534885,-0.5227545,-0.7414164,-0.3978793,1.8613207,-0.51747996,-0.5064312,0.0365748,0.42967537,-0.2642197,-0.58778524,-0.809017,-0.5,-0.8660254,0.0
2025-07-14 00:00:00,4.0,0.19627284,0.2394568,3.0,-1.3183377,2.7051685,1.0134591,0.5234642,-0.14004166,-0.5489304,-0.755244,-0.99407345,1.1590691,-0.1038619,0.2000692,-0.7829681,-0.19423616,-0.59158397,-0.17580119,1.6962457,-0.14084966,-0.3199152,0.0652569,2.6159704,-0.29999867,-0.95105654,0.309017,-0.5,-0.8660254,0.0
2025-07-15 00:00:00,4.0,0.05450321,0.8532545,1.177491,-1.1879287,-1.3447788,-1.7458982,-1.2971218,-0.3634458,-0.9226667,-0.92224616,-1.0814329,0.34311348,0.033801638,0.30198222,-0.704491,0.019235099,-0.55297863,-0.0851709,1.2972511,0.018381244,-0.2064039,0.13341336,-1.1733061,-0.7698087,0.0,1.0,-0.5,-0.8660254,0.0
2025-07-16 00:00:00,4.0,1.2200153,0.961779,-1.0581781,0.18987538,2.1269338,0.49402305,1.1873033,0.37919998,-0.6411751,-0.82375354,-1.0487589,1.3198149,1.010789,1.094315,-0.27897978,0.3043046,0.029776255,0.011151588,1.5194962,1.2736446,0.655205,0.63508534,2.304413,-1.6904365,0.95105654,0.309017,-0.5,-0.8660254,0.0
2025-07-17 00:00:00,4.0,-0.5077103,-1.0602888,1.633841,-1.2317013,0.8290417,-0.3662112,-0.49984,0.5637927,-0.6031018,-0.80332303,-1.0320596,1.4164068,0.71743613,0.8889853,-0.11907461,0.6995703,-0.28537956,-0.03143421,1.746288,0.7759543,0.3548094,0.40807432,1.4779742,-2.0137732,0.58778524,-0.809017,-0.5,-0.8660254,0.0
2025-07-18 00:00:00,4.0,-0.2837235,-0.5093432,2.0423808,-0.1914586,-0.6908821,-0.7385378,-0.32222068,0.039298054,-0.94796586,-0.9446658,-1.0945401,0.7480719,0.6146315,0.82136256,-0.05756933,0.39566067,-0.18837075,0.09953966,1.4177523,0.51694524,0.21401645,0.33789098,-0.4296174,-2.2599132,-0.58778524,-0.809017,-0.5,-0.8660254,0.0
2025-07-21 00:00:00,4.0,1.0153565,0.44477928,-1.0700374,1.7171158,-0.9362277,-1.2217048,-0.45293593,1.4096185,-0.9589016,-0.9874611,-1.1331764,0.86980915,1.5440639,1.6448066,0.2406598,0.8310345,0.40585947,0.67114913,1.469079,1.6039124,0.9156112,0.85928696,-0.8053179,-2.9722435,-0.95105654,0.309017,-0.5,-0.8660254,0.0
2025-07-22 00:00:00,4.0,0.45155194,-0.113262646,-0.4973969,2.6885712,-1.1816243,0.39203346,0.719682,0.9631687,-1.4740322,-1.2303944,-1.2466732,0.121281475,1.905497,1.9982728,0.58521193,1.034416,0.75411415,0.5384567,1.1667426,1.7954627,1.2908874,1.2088495,-1.1196264,-2.5399828,0.0,1.0,-0.5,-0.8660254,0.0
2025-07-23 00:00:00,4.0,0.30381238,0.6078932,-1.0326796,1.1765296,-0.31642595,0.8081582,0.059416376,0.047416598,-1.7203397,-1.3970528,-1.3267369,-0.13918847,2.1472242,2.2633038,0.86427087,0.51106256,0.61071944,0.48847502,1.359557,1.719509,1.5193537,1.4867654,-0.20518278,-2.6321213,0.95105654,0.309017,-0.5,-0.8660254,0.0
2025-07-24 00:00:00,4.0,1.2987576,0.8404773,-1.0082086,0.47687432,0.77614963,1.4745739,0.13997367,1.2875571,-1.2450948,-1.2872401,-1.3114265,0.7980663,2.8048415,3.0,1.2319869,1.4698714,1.6436793,0.37550908,1.5423044,1.9872667,2.2886865,2.0570693,1.2498903,-3.0,0.58778524,-0.809017,-0.5,-0.8660254,0.0
2025-07-25 00:00:00,4.0,0.23409276,0.7853827,0.6289716,-0.72897345,-0.25247243,0.19709533,-0.6242427,-0.21269697,-1.5137569,-1.4487723,-1.3878236,0.37410086,2.816285,3.0,1.5435259,1.7086192,1.6076713,0.19487844,1.5834774,1.581743,2.437474,2.296825,-0.17925511,-2.7891028,-0.58778524,-0.809017,-0.5,-0.8660254,0.0
2025-07-28 00:00:00,4.0,-1.2528952,-1.242459,0.32177645,-0.56628084,-0.34870228,-0.28012705,-0.32862943,-0.99798936,-1.3098308,-1.3670561,-1.3410622,0.5769876,1.4827228,1.98531,1.2698135,0.5194274,1.0231915,0.05354802,1.3453194,0.6708644,1.3930935,1.5539987,-0.18740535,-2.4188256,-0.95105654,0.309017,-0.5,-0.8660254,0.0
2025-07-29 00:00:00,4.0,0.4149774,0.43457103,1.1957484,-0.18469329,0.16423415,-0.13547008,-0.09205256,0.3374266,-1.3475618,-1.4137686,-1.3787853,0.5137486,1.7679634,2.2747312,1.1611084,0.5055003,1.1544173,0.21470793,1.3406289,0.7256256,1.6604059,1.862223,0.76164645,-2.2650986,0.0,1.0,-0.5,-0.8660254,0.0
2025-07-30 00:00:00,4.0,-0.34170276,0.22243717,-0.94015324,2.042999,0.25530866,0.6708341,0.19557497,-0.7968847,-1.2146112,-1.3569064,-1.3566145,0.68836445,1.5325874,2.0345309,0.9181005,0.17697422,0.5169807,0.3615241,1.035559,0.4346031,1.2998512,1.6123375,0.8878766,-1.8418323,0.95105654,0.309017,-0.5,-0.8660254,0.0
2025-07-31 00:00:00,4.0,-1.4539683,-0.8111331,1.1802666,-0.17479172,1.8844926,2.4877489,0.8844181,-1.2830408,-0.5156222,-0.95710224,-1.1658082,1.7228255,0.07857688,0.775346,0.2788886,-1.2474581,0.14793375,-0.14848751,0.703594,-0.30254546,0.13206784,0.52331734,2.0654871,-1.4638983,0.58778524,-0.809017,-0.5,-0.8660254,0.0
2025-08-01 00:00:00,4.0,-1.6193141,-1.5616199,-0.6819323,-0.7056411,-0.13485712,1.2593828,-0.5484869,-1.3915428,0.02490895,-0.5924765,-0.9765248,2.2396,-1.2612805,-0.5523961,-0.5275136,-2.1587274,-0.42221174,-0.42411682,0.4334041,-1.0838803,-0.9909224,-0.5796925,0.44747773,-0.6175612,-0.58778524,-0.809017,-0.5,-0.8660254,0.0
2025-08-04 00:00:00,4.0,-1.0914022,-1.274601,0.80838704,-1.2052583,1.0840162,0.39205894,-0.5532906,-0.21367545,0.08358686,-0.46520486,-0.8884658,2.016312,-1.9240507,-1.343932,-1.2762455,-2.0432162,-1.3191513,-0.55228347,0.21023478,-1.5952175,-1.6537414,-1.2860193,1.4648212,0.5094557,-0.95105654,0.309017,-0.8660254,-0.5,0.0
2025-08-05 00:00:00,4.0,0.71207404,1.1488739,-0.81826043,-0.4706741,1.2726297,-1.6516863,-1.1222861,-0.5466127,0.12961721,-0.39510065,-0.86366117,2.021983,-1.2481709,-0.7624334,-1.5065607,-1.8479593,-1.1839234,-0.25484428,0.29101968,-1.2048092,-1.1636356,-0.8659549,1.6448755,0.70072985,0.0,1.0,-0.8660254,-0.5,0.0
2025-08-06 00:00:00,4.0,0.5639327,0.89621395,-0.4756096,-0.030460455,-0.46159413,-1.1540655,0.2803343,0.16970153,-0.41648346,-0.66676795,-0.9767593,1.1566919,-0.7778237,-0.32505754,-1.527451,-1.430508,-1.105728,-0.33458626,-0.054146025,-0.9005849,-0.8153104,-0.48411536,-0.09614763,0.62932724,0.95105654,0.309017,-0.8660254,-0.5,0.0
2025-08-07 00:00:00,4.0,-0.09172886,0.19010593,1.6201018,0.15533085,-0.9464045,-2.077541,-1.0431062,-0.2373247,-1.0412941,-1.0057555,-1.1089922,0.27026182,-0.73817754,-0.30864468,-1.530061,-0.76546735,-1.6665474,0.035762176,0.25012228,-0.9550261,-0.8907442,-0.48012608,-0.77206385,0.8763056,0.58778524,-0.809017,-0.8660254,-0.5,0.0
2025-08-08 00:00:00,4.0,0.6019309,0.37848678,-0.4364897,1.3169556,0.28242907,-1.0203477,0.87382644,0.65946007,-1.1173772,-1.1032462,-1.1624478,0.30957648,-0.26063284,0.1316852,-1.294244,0.31032777,-1.5663676,0.12999894,0.0045325193,-0.62386316,-0.54169905,-0.117582045,1.0883045,0.8451501,-0.58778524,-0.809017,-0.8660254,-0.5,0.0
2025-08-11 00:00:00,4.0,-1.01545,-1.1875111,-0.1392043,-0.08666502,-1.0055364,-1.5982941,-0.8382224,-0.7967981,-1.2149462,-1.169206,-1.1637033,0.17023562,-0.96629006,-0.591106,-1.3619204,0.41191944,-1.4499128,-0.3007155,-0.0068580396,-1.2660501,-1.2252197,-0.77225643,-0.8362391,0.57271576,-0.95105654,0.309017,-0.8660254,-0.5,0.0
2025-08-12 00:00:00,4.0,0.08742369,-0.5219888,-0.4073608,1.8307096,-0.9716908,-1.442696,-0.024950802,0.77258235,-1.7445248,-1.5328028,-1.3140044,-0.46154872,-0.8040862,-0.45939904,-1.3627108,0.083283834,-1.5963933,-0.2995065,0.08767537,-1.2180899,-1.1623694,-0.66842496,-0.8479747,0.584832,0.0,1.0,-0.8660254,-0.5,0.0
2025-08-13 00:00:00,4.0,0.14316924,0.9706608,0.16365291,-0.744788,-0.5807139,-1.4607644,-0.39297527,-0.63859624,-1.9800565,-1.7809222,-1.433947,-0.75291556,-0.59995914,-0.28937924,-1.2498896,-0.12895733,-1.380891,-0.7693354,0.12633361,-1.0575001,-1.0042421,-0.54956377,-0.4676312,0.9722416,0.95105654,0.309017,-0.8660254,-0.5,0.0
2025-08-14 00:00:00,4.0,2.4012702,1.5017083,-1.0727241,-1.2076762,2.5525408,-0.021641972,1.7046674,1.6920654,0.1357688,-0.7047658,-1.114288,1.9663944,0.9798385,1.2732202,-0.29112464,1.0555482,0.22821474,0.38983822,0.2818276,0.77104646,0.5684184,0.73498577,2.0967839,0.91542315,0.58778524,-0.809017,-0.8660254,-0.5,0.0
2025-08-15 00:00:00,4.0,-0.48046878,-1.4374394,-1.0385113,-0.22735226,0.7628868,0.065110385,-0.019490642,1.2018749,-0.020605275,-0.68356884,-1.0776772,1.6279695,0.65273875,0.9400715,0.108118534,0.54957813,0.76578844,0.34304205,0.118082106,0.37910295,0.21717745,0.39666748,1.2708308,0.9677669,-0.58778524,-0.809017,-0.8660254,-0.5,0.0
2025-08-18 00:00:00,4.0,-1.0976493,-0.6183645,0.0048924233,1.1826581,-1.016833,1.2130302,1.0464224,-1.4874742,0.1278873,-0.47349486,-0.9521156,1.579941,-0.19674313,0.105464034,0.060619976,0.49670747,0.8089332,-0.68301094,0.14465393,-0.48109272,-0.4967797,-0.34713134,-0.8712993,1.148644,-0.95105654,0.309017,-0.8660254,-0.5,0.0
2025-08-19 00:00:00,4.0,-0.47565755,-0.81050295,2.3800142,-1.1856841,0.2943957,0.52987325,-0.6106543,0.20636366,-0.16627677,-0.5656659,-0.9561155,1.1515467,-0.48674104,-0.19513619,-0.10451749,0.23249826,0.28231505,-1.1492947,0.032398246,-0.7965978,-0.7437052,-0.6272539,0.9425686,1.1436627,0.0,1.0,-0.8660254,-0.5,0.0
2025-08-20 00:00:00,4.0,-0.34625104,-1.2506433,-0.41222823,-0.2116879,-1.2289399,-0.21284822,-0.7636133,0.5073348,-1.0391716,-1.08514,-1.1439022,0.066909306,-0.66207445,-0.3810887,-0.31977078,0.0067350036,-0.10938087,-1.4646773,0.19604135,-0.9563849,-0.8767708,-0.7354661,-1.057799,1.1614285,0.95105654,0.309017,-0.8660254,-0.5,0.0
2025-08-21 00:00:00,4.0,0.04936621,0.8785117,-0.23687106,-0.10216638,0.776527,-0.4594931,-0.41543508,-1.180469,-0.84651285,-0.99330634,-1.1136796,0.3037344,-0.5280755,-0.27145123,-0.40316513,-1.1027495,-0.0495178,-2.0620687,0.13987185,-0.7395361,-0.6859906,-0.68836725,1.2568008,0.894463,0.58778524,-0.809017,-0.8660254,-0.5,0.0
2025-08-22 00:00:00,4.0,-0.37794334,-0.9982458,-1.0002666,0.89365137,-0.69513065,-0.59059894,-0.30152968,0.3989651,-1.2912421,-1.287172,-1.2262353,-0.34232932,-0.7488657,-0.49455154,-0.5653622,-1.0583445,-0.45959792,-2.2817903,0.16231473,-0.8462964,-0.7726551,-0.84975594,-0.38747025,0.91039646,-0.58778524,-0.809017,-0.8660254,-0.5,0.0
2025-08-25 00:00:00,4.0,0.8301084,0.940893,-0.7250657,0.13378873,-0.7394741,0.20237862,0.7224422,0.7674315,-1.4922353,-1.5061457,-1.3626615,-0.5770764,-0.026786624,0.14811277,-0.3693387,-0.15675634,0.3103585,-1.3196802,0.073301904,0.023666218,-0.057025414,-0.19907442,-0.54643947,1.3352171,-0.95105654,0.309017,-0.8660254,-0.5,0.0
2025-08-26 00:00:00,4.0,1.7698556,0.9729579,0.5352626,-0.9815403,0.80825806,1.3959914,1.040718,1.9681889,0.14519979,-0.5282683,-1.0219738,1.8284835,1.1402398,1.333162,0.33848104,0.89376444,1.0153311,-0.71507937,0.57237464,1.5074133,1.089318,0.70718145,1.3415354,0.93256676,0.0,1.0,-0.8660254,-0.5,0.0
2025-08-27 00:00:00,4.0,-1.3534232,-1.1890604,0.9816111,-1.1792407,0.3676187,0.58667946,-0.7653515,-0.9824821,0.04585987,-0.47786707,-0.9484618,1.4079732,0.02198808,0.24167311,0.35114488,0.4176298,0.38359475,-1.1690745,0.4467941,0.468818,0.27511072,-0.17881396,1.1055622,0.754737,0.95105654,0.309017,-0.8660254,-0.5,0.0
2025-08-28 00:00:00,4.0,-1.3922352,-1.4371488,-0.7234891,-0.6471554,2.6794572,1.1161375,0.27054742,0.7029835,1.3534063,0.53905106,-0.45565376,2.404133,-0.9688265,-0.82135284,-0.045883242,-0.26286998,-1.2354666,-1.0877564,-0.03704049,-0.61684275,-0.6059725,-1.1945542,2.043437,0.6398675,0.58778524,-0.809017,-0.8660254,-0.5,0.0
2025-08-29 00:00:00,4.0,-0.89780545,-0.24639288,0.22941953,1.7845458,0.061216697,1.6001363,0.34043214,-1.4054294,1.5169803,0.8912901,-0.2256906,2.1997755,-1.4774531,-1.412951,-0.5039341,-0.513026,-1.3976398,-0.69036055,-0.2940175,-1.304461,-1.1052113,-1.7031456,0.6578802,0.43546042,-0.58778524,-0.809017,-0.8660254,-0.5,0.0
2025-09-01 00:00:00,4.0,0.23609218,-0.18852553,3.0,-0.9545334,-0.71860176,0.943335,-0.5856769,0.71201986,0.7820054,0.5145974,-0.3519813,1.383952,-1.2113429,-1.1621138,-0.71580124,-0.78129137,-0.8319474,-0.026697505,-0.45044863,-1.1329288,-0.96096677,-1.5193264,-0.61699456,-0.16631395,-0.95105654,0.309017,-0.8660254,-0.5,0.0
2025-09-02 00:00:00,4.0,1.953425,1.0045075,-0.36354086,-0.19708152,-1.104701,1.5514029,0.66369885,3.0,1.8118614,1.2553021,-0.057789408,2.4023533,0.10944129,0.1865036,-0.21898356,-0.6589581,0.20566395,0.54585576,-0.021441128,0.7764866,0.1837624,-0.44798967,-1.3127154,-1.0246284,0.0,1.0,-1.0,-1.8369701e-16,0.0
2025-09-03 00:00:00,4.0,-0.5551757,-0.56177473,1.2243882,-0.034614757,0.46109638,0.6851911,-0.7531411,-0.28812122,1.1894572,1.0011505,-0.06614984,1.6181387,-0.22682619,-0.17966363,-0.07049699,-0.2952376,0.11492744,0.0067248233,-0.41025445,0.23917945,-0.12921034,-0.73731273,0.91157,-0.7497611,0.95105654,0.309017,-1.0,-1.8369701e-16,0.0
2025-09-04 00:00:00,4.0,-0.6720694,-1.088121,0.24403943,-0.6015661,2.167193,-0.37048718,-1.0061886,1.094454,1.9616418,1.721158,0.41293806,2.1370206,-0.6478539,-0.6365714,-0.12030594,0.04780704,-0.19443163,-0.27186197,-0.51864684,-0.4243659,-0.529621,-1.1642026,1.8602557,-0.8356033,0.58778524,-0.809017,-1.0,-1.8369701e-16,0.0
2025-09-05 00:00:00,4.0,-1.1525732,-1.4964112,-0.9549772,-0.7723923,1.5612861,0.32291216,0.7033279,0.9470013,2.319864,2.19285,0.8569223,2.220224,-1.3736119,-1.4394917,-0.411077,-0.08853568,-0.54562205,-1.095087,-0.8749219,-1.5763726,-1.1130682,-1.785828,1.7239875,-1.0485318,-0.58778524,-0.809017,-1.0,-1.8369701e-16,0.0
2025-09-08 00:00:00,4.0,1.3057569,1.1913285,-0.28859475,-0.65453446,0.6056962,0.45167366,0.097911,0.4417467,1.9631027,1.9792391,0.8123326,1.8783981,-0.4529771,-0.51681596,-0.24561453,0.45350206,-0.32054672,-0.008054664,-0.37960383,-0.12354075,-0.38234836,-1.0272326,1.1888515,-0.9909181,-0.95105654,0.309017,-1.0,-1.8369701e-16,0.0
2025-09-09 00:00:00,4.0,0.71446496,1.0941097,-0.42893398,-0.32035828,-0.3409457,0.24351078,-0.18755695,0.017850848,1.015498,1.3143392,0.5115863,0.9471014,0.031128064,-0.005773437,0.053793397,-0.17818917,-0.7587064,0.29332203,-0.1409185,0.70395595,0.032129575,-0.5332284,0.26011264,-0.9255213,0.0,1.0,-1.0,-1.8369701e-16,0.0
2025-09-10 00:00:00,4.0,1.0274956,0.9990636,0.30750886,-0.7173957,0.31101277,0.0700942,-0.11580084,0.3944068,0.9256397,1.1988957,0.4649264,0.8828172,0.64707357,0.67314273,0.52959645,0.61947864,0.28165704,0.71961355,-0.07801209,1.6207423,0.5956419,0.082766496,1.0666664,-0.8979409,0.95105654,0.309017,-1.0,-1.8369701e-16,0.0
2025-09-11 00:00:00,4.0,0.83235276,0.8409556,0.7468967,-0.74928397,-0.30812064,0.40791982,0.16156036,0.574449,0.6535297,0.95618373,0.343301,0.6345606,1.0994768,1.1967459,1.0298496,1.3614323,1.2479576,-0.00731844,0.1444444,1.9292289,1.1024173,0.62831974,0.34337634,-1.1106871,0.58778524,-0.809017,-1.0,-1.8369701e-16,0.0
2025-09-12 00:00:00,4.0,-0.58329916,0.33554026,1.1303998,0.22152126,0.45049855,0.8173814,0.20217632,-1.6475925,0.573063,0.91918737,0.42041093,0.46860632,0.71944046,0.81000334,1.143346,1.6424319,1.3589351,-0.060388785,0.24919838,1.2029712,0.7685153,0.28707948,1.0173883,-1.1832129,-0.58778524,-0.809017,-1.0,-1.8369701e-16,0.0
2025-09-15 00:00:00,4.0,0.9509199,-1.1206622,-0.12554355,-0.11603526,-0.5847524,-0.79418814,-1.0356259,2.7718234,1.1434164,1.286064,0.65895844,1.0508513,1.2373768,1.4109926,1.3506603,1.4733939,1.657754,0.923842,0.89963716,1.5358955,1.2071805,0.7285343,-0.054029547,-1.3315828,-0.95105654,0.309017,-1.0,-1.8369701e-16,0.0
2025-09-16 00:00:00,4.0,0.026959104,0.8138953,0.66142887,-0.661291,-0.5989697,-1.7073574,-0.87282884,-0.7083512,0.3090505,0.70416296,0.35928825,0.16709314,1.2966552,1.4821248,1.516863,1.1267648,0.81854486,1.1710593,0.648557,1.2487789,1.2520773,0.8642478,-0.17912093,-1.3025279,0.0,1.0,-1.0,-1.8369701e-16,0.0
2025-09-17 00:00:00,4.0,-0.21872847,-0.71202314,0.1324647,0.6310015,-0.47159106,-1.492892,-0.016122581,0.36215714,-0.20220712,0.30205896,0.14955498,-0.37260556,1.2239442,1.4029928,1.500759,0.5058112,0.975646,1.2186744,0.46236613,0.9251198,1.118009,0.82756835,0.1674039,-1.3825257,0.95105654,0.309017,-1.0,-1.8369701e-16,0.0
2025-09-18 00:00:00,4.0,1.6363144,1.4589995,-0.73465896,-1.0544045,0.8236486,0.2929236,1.6455014,0.5383849,0.5387145,0.7053892,0.33187702,0.4923435,1.9293264,2.2201896,1.6857269,0.8618988,1.893246,1.8951865,0.37294585,1.4149387,1.808244,1.5823148,1.3675995,-1.400262,0.58778524,-0.809017,-1.0,-1.8369701e-16,0.0
2025-09-19 00:00:00,4.0,-1.5296502,-0.80309516,0.25246182,0.18978041,2.7991164,1.163147,0.5844751,-0.49938464,2.556057,2.3281813,1.6719793,2.0946264,0.72800237,1.0337765,1.2133086,0.4195851,1.7176698,1.3660355,-0.27053723,0.5514065,0.66009796,0.34563506,1.6809796,-1.5618804,-0.58778524,-0.809017,-1.0,-1.8369701e-16,0.0
2025-09-22 00:00:00,4.0,-0.1486149,-0.34577128,0.16346158,1.4989307,-0.94473267,1.1350981,-0.029203845,0.027126962,1.1873808,1.4689507,1.210081,0.76566833,0.71612626,1.0075313,1.0070994,-0.12569857,1.1048923,0.91831774,-0.14640357,0.401475,0.62852573,0.41608223,-0.7338276,-2.108346,-0.95105654,0.309017,-1.0,-1.8369701e-16,0.0
2025-09-23 00:00:00,4.0,-0.91467595,-0.78640103,-0.72743124,1.1167061,-0.5367184,-0.8702842,-1.3407793,-0.7776149,0.8684506,1.3003488,1.2477895,0.36518064,0.08193693,0.37690616,0.568346,-0.6062228,0.4493049,-0.29647177,-0.31782535,-0.03245295,0.17485738,-0.06444863,0.08386755,-1.8917203,0.0,1.0,-1.0,-1.8369701e-16,0.0
2025-09-24 00:00:00,4.0,-0.86373067,-1.1510738,-0.88978773,0.3408135,0.6504555,-1.1476908,-0.38805905,0.40196034,1.2085848,1.5763997,1.598436,0.5978043,-0.4697802,-0.18799289,0.036723778,-0.9282439,-0.31530142,-0.06303432,-0.29694447,-0.42766052,-0.30088237,-0.5667856,1.3645678,-1.4477458,0.95105654,0.309017,-1.0,-1.8369701e-16,0.0
2025-09-25 00:00:00,4.0,1.2295862,1.4257361,-0.63234735,-1.0737797,1.0234501,-1.184655,-0.25077388,-0.76879185,1.5534295,1.7598438,1.7143048,0.9917564,0.29522517,0.56862825,-0.023720622,-1.1079613,-0.17169201,1.1288168,-0.12691113,0.11940709,0.26277843,0.054571785,1.4203308,-1.4858062,0.58778524,-0.809017,-1.0,-1.8369701e-16,1.0
2025-09-26 00:00:00,4.0,-0.29256323,-0.49060342,1.1482964,0.36188728,-0.85211444,0.33826244,1.2721884,-0.061017364,0.53055537,1.056874,1.2600377,-0.050653532,0.17664476,0.44480586,-0.13652404,-0.49506968,-0.047608428,1.3876863,-0.02248653,-0.03884323,0.08665827,0.016329516,-0.53339773,-1.2596232,-0.58778524,-0.809017,-1.0,-1.8369701e-16,1.0
2025-09-29 00:00:00,4.0,-1.5073303,-0.84797525,0.9494626,-0.43035993,-0.2016405,-0.18289974,-0.47697046,-1.616365,0.78069,1.2696539,1.5928869,0.081142604,-0.8733099,-0.63844365,-0.57055765,-1.198972,-1.0256501,0.6106049,-0.23586197,-0.85470045,-0.8009536,-0.8487683,0.66430384,-1.422614,-0.95105654,0.309017,-1.0,-1.8369701e-16,1.0
2025-09-30 00:00:00,4.0,1.6604122,1.2991674,-0.20321974,-1.1729056,-0.051747084,0.014952886,0.00787371,1.1145527,1.4496521,1.6255531,1.7704802,0.8694073,0.1599614,0.4085754,-0.40978292,0.14454935,-0.35651723,0.4727549,0.3583637,0.0924515,0.073709354,0.03542041,0.85362417,-0.90631473,0.0,1.0,-1.0,-1.8369701e-16,1.0
2025-10-02 00:00:00,4.0,0.6808513,0.84744525,-0.60783017,0.46933192,-0.34830564,0.033115387,-0.09004414,0.13523762,0.82725346,1.1689625,1.3885174,0.27072942,0.570181,0.85124743,-0.15437874,0.9438829,0.006414797,1.0543736,0.35210297,0.4403233,0.43335888,0.51346827,0.5041876,-1.1681508,0.95105654,0.309017,-1.0,-1.8369701e-16,1.0
2025-10-03 00:00:00,4.0,1.3447281,1.2328564,-0.087224856,-1.1588724,0.71767145,-2.4014165,-2.1701374,0.19198264,1.2472472,1.38378,1.483851,0.80242646,1.2296637,1.6099932,0.32210267,1.0287023,-0.07868927,1.9927689,1.2028689,1.0932372,1.0252429,1.1982512,1.1815434,-1.0787977,-0.58778524,-0.809017,-0.8660254,0.5,0.0
2025-10-06 00:00:00,4.0,-0.7225668,-0.6068813,-0.4132088,1.5045846,-0.61882544,-2.687608,-2.4058988,-0.6553994,0.6638292,1.0318961,1.2912687,0.09163067,0.7636281,1.1242636,0.4440817,0.7901895,0.23068641,2.1814175,0.8921714,0.72305703,0.5451799,0.9060659,-0.03961412,-0.6875693,-0.95105654,0.309017,-0.8660254,0.5,0.0
2025-10-08 00:00:00,4.0,-0.83596104,-0.4059199,1.6635412,0.23805723,-0.686611,-2.146127,-1.0810194,-1.1022433,0.049003884,0.6144502,1.0392555,-0.63903046,0.21070246,0.54620135,0.28915057,1.1120551,-0.06458866,1.182545,0.5600095,0.20924447,0.029653886,0.54318774,-0.34877983,-0.5609237,0.0,1.0,-0.8660254,0.5,0.0
2025-10-09 00:00:00,4.0,-0.62770855,-0.40884265,-1.0642831,2.3689704,0.22020511,-0.9543047,3.0,-0.5802488,0.40631452,0.8239355,1.2400429,-0.27098635,-0.16675913,0.1427266,-0.022454254,-0.09494004,0.038056396,0.55500084,0.33378765,-0.21033983,-0.40125775,0.13326448,0.9112926,-0.647557,0.58778524,-0.809017,-0.8660254,0.5,0.0
2025-10-10 00:00:00,4.0,-0.41971868,-0.45075956,0.11272856,1.1920865,1.0654519,1.0321877,3.0,0.017181102,0.95168906,1.1835772,1.5445764,0.29249442,-0.37844992,-0.09075864,-0.32534012,-0.6706026,0.2116598,-0.12638234,-0.2501474,-0.51166266,-0.6509019,-0.167279,1.3033412,-0.55884296,-0.58778524,-0.809017,-0.8660254,0.5,0.0
2025-10-13 00:00:00,4.0,-1.7782813,-1.3688574,-0.533146,-0.6235439,-0.48308584,0.43633947,-0.7446514,-1.6440184,1.4975063,1.6513886,2.037073,0.687895,-1.539875,-1.3874799,-0.91672397,-2.242583,-1.0610815,-1.3593321,-0.70434296,-1.9829535,-1.5532708,-1.2258735,0.22684056,0.90952796,-0.95105654,0.309017,-0.8660254,0.5,0.0
2025-10-14 00:00:00,1.0,-1.5262539,0.72333866,-1.0744795,1.0973421,1.3642393,1.8956493,2.0684729,-3.0,3.0,3.0,3.0,2.7457514,-2.2479403,-2.2782671,-1.3875965,-2.535436,-1.5803583,-1.7783667,-1.1658645,-2.8702204,-2.0250444,-2.030804,1.4273826,0.4598765,0.0,1.0,-0.8660254,0.5,0.0
2025-10-15 00:00:00,4.0,-1.6539894,-1.228459,-0.16279343,-0.59885174,2.2213695,1.3150301,-0.4821866,0.4206274,3.0,3.0,3.0,2.9570186,-2.764867,-2.9706488,-1.8396144,-2.7856631,-1.6647531,-2.823589,-2.1268651,-3.0,-2.391595,-2.5784338,1.438336,0.51956004,0.95105654,0.309017,-0.8660254,0.5,0.0
2025-10-16 00:00:00,1.0,1.6042112,0.80780107,-0.106760524,0.2245565,-0.27982515,0.22158034,-1.2264016,1.565583,3.0,3.0,3.0,2.2691026,-1.6825346,-1.8972503,-1.7666488,-1.7021242,-1.6184434,-2.0451183,-1.6684889,-1.8839551,-1.5970049,-1.8184749,0.6748015,0.5745696,0.58778524,-0.809017,-0.8660254,0.5,0.0
2025-10-17 00:00:00,1.0,-0.1225705,-0.051870547,1.4448391,1.3030518,-0.41296983,0.10305062,-0.23792614,-0.17635112,2.2637162,2.6294732,2.854199,1.2272307,-1.6565793,-1.8528372,-1.719058,-1.5500251,-1.8992527,-1.9692379,-1.8137035,-1.7512056,-1.5663929,-1.8021364,0.4180375,0.54745126,-0.58778524,-0.809017,-0.8660254,0.5,0.0
2025-10-20 00:00:00,1.0,-2.2047074,-1.4516258,-1.1539729,-0.5750046,1.5440476,0.639705,0.7032509,-0.24764927,2.8762128,3.0,3.0,1.7206976,-2.4973977,-2.832339,-1.8632365,-1.805855,-3.0,-3.0,-2.9823058,-2.436749,-2.2262666,-2.5960681,1.267889,0.37099788,-0.95105654,0.309017,-0.8660254,0.5,0.0
2025-10-21 00:00:00,1.0,2.0360847,-0.20103432,-0.39274076,2.1449542,-1.4312836,-0.25963998,-1.2562271,3.0,2.7027612,2.8980317,3.0,1.7068752,-1.337225,-1.6842762,-1.5150542,-0.1143197,-2.0566404,-1.821498,-2.303592,-1.3029927,-1.285823,-1.7431461,-1.6772567,0.7763832,0.0,1.0,-0.8660254,0.5,0.0
2025-10-22 00:00:00,1.0,0.5233576,-0.6481563,2.107483,-1.1165642,-0.54980195,-0.07338779,0.1492643,1.45707,2.213559,2.5464187,2.7151232,1.1416728,-1.016343,-1.3515216,-1.1518043,0.9301663,-1.5247308,-1.5274144,-1.699134,-0.94930935,-0.98566353,-1.496168,0.088390164,0.7338396,0.95105654,0.309017,-0.8660254,0.5,0.0
2025-10-23 00:00:00,1.0,-0.8250407,-0.6507558,-0.22011593,0.7426442,-0.9070354,-0.25665373,-0.4095655,-0.77949405,1.5953122,2.1464107,2.4590912,0.25590014,-1.3737357,-1.7228594,-1.0478994,-0.26201612,-1.6422272,-1.531301,-2.1631188,-1.2395282,-1.3198467,-1.8448889,-0.54785705,0.81089675,0.58778524,-0.809017,-0.8660254,0.5,0.0
2025-10-24 00:00:00,4.0,0.5902465,0.9070444,0.097054616,-0.030842395,0.34779668,-0.0032025806,0.32615975,-0.4416576,1.3762286,1.9222736,2.2496834,0.01245832,-1.0019178,-1.35866,-0.7432981,0.10075854,-1.2347964,-1.0066618,-1.8121043,-0.8957544,-0.99050266,-1.55984,0.8825257,0.7912354,-0.58778524,-0.809017,-0.8660254,0.5,0.0
2025-10-27 00:00:00,4.0,0.5808247,-0.14935166,0.81985945,1.2966617,-1.4717691,-0.40772367,-0.7581768,0.9476125,0.6038221,1.3433927,1.8044308,-0.96064544,-0.62969244,-0.9977985,-0.37820178,1.4712361,-0.3199793,-1.1829556,-1.0870929,-0.5511768,-0.6336812,-1.2111712,-1.9106944,0.9292459,-0.95105654,0.309017,-0.8660254,0.5,0.0
2025-10-28 00:00:00,4.0,0.8141733,-0.61521673,-1.1966783,1.6961421,-1.3798394,0.15869197,0.85861355,1.537257,0.19460419,0.9568103,1.4754087,-1.3785807,-0.1597115,-0.5414137,0.13560997,0.85643226,0.609125,-0.76101136,-0.20858234,-0.11994296,-0.13624969,-0.7361507,-1.784624,1.0222998,0.0,1.0,-0.8660254,0.5,0.0
2025-10-30 00:00:00,4.0,-0.3982591,-1.0449617,-0.949389,0.38268417,-0.7510323,-0.08965004,-0.49050024,0.1831797,-0.22635728,0.5981303,1.2194325,-1.8653415,-0.35669664,-0.71509826,0.40104732,0.397646,1.0853118,-0.40163058,0.035710998,-0.2835893,-0.3264969,-0.88679326,-0.7721174,1.1194901,0.95105654,0.309017,-0.8660254,0.5,0.0
2025-10-31 00:00:00,4.0,-0.30249536,-0.9974933,-0.63564694,0.14449188,0.2741242,1.1625906,1.9886254,0.79619193,-0.04975308,0.60688776,1.1967742,-1.4874104,-0.49567848,-0.8299392,0.50451165,0.69113934,0.32627395,-1.088091,-0.33288303,-0.35913694,-0.42172647,-1.0238998,0.7064053,1.1319615,-0.58778524,-0.809017,-0.8660254,0.5,0.0
2025-11-03 00:00:00,4.0,-1.3144057,-1.5753342,-0.8546437,-1.3154167,-0.1780154,0.30249193,-1.0016398,-0.3200974,-0.07319607,0.55051297,1.1807035,-1.4915566,-1.2269958,-1.4921031,0.21490447,-0.3250557,-0.16886717,-1.7842271,-1.0105139,-0.8806119,-1.0578499,-1.6684892,0.3588691,1.0443784,-0.95105654,0.309017,-0.8660254,0.5,0.0
2025-11-04 00:00:00,4.0,0.76837593,1.0188245,-0.027909564,-0.085273206,-0.61641407,-1.1048769,-1.9653136,0.24873802,-0.3827756,0.23955464,0.9035359,-1.7386464,-0.7014579,-1.027677,0.2561975,-0.22695166,1.0515594,-1.8936315,-0.6903867,-0.37904796,-0.44291648,-1.2030766,-0.38347715,1.100038,0.0,1.0,-0.5,0.8660254,0.0
2025-11-05 00:00:00,4.0,-0.7336242,-0.79559916,0.97412896,-0.79127455,-0.14579976,0.26015034,3.0,-0.2766427,-0.35498583,0.19298765,0.86541194,-1.6172879,-1.0746806,-1.3546677,0.07697702,-1.052142,-0.11729963,-1.8797925,-1.1417468,-0.6717846,-0.734231,-1.5546803,0.3420218,1.1397173,0.95105654,0.309017,-0.5,0.8660254,0.0
2025-11-06 00:00:00,4.0,-0.118553884,0.9165135,-0.6380471,0.6685591,0.4038312,-0.56432974,-0.8118943,-1.4900833,-0.056753058,0.31226334,0.9055571,-1.1301589,-1.0873353,-1.3460419,-0.047059763,-0.90049064,-0.3923867,-1.6179532,-0.86421096,-0.6319548,-0.6593896,-1.543004,0.8196112,1.156331,0.58778524,-0.809017,-0.5,0.8660254,0.0
2025-11-07 00:00:00,4.0,1.696163,1.7225239,-1.088996,-1.2656351,0.032386713,-0.72519326,-0.20253827,0.43193072,0.2584149,0.41175953,0.8576605,-0.551698,-0.006365658,-0.42354405,0.41492113,0.18164723,0.70330244,-0.8043254,-0.25534466,0.76182944,0.4430109,-0.6068956,0.45167208,0.73891956,-0.58778524,-0.809017,-0.5,0.8660254,0.0
2025-11-10 00:00:00,4.0,-0.8510427,-0.8416009,-0.5675167,0.43739194,-1.2215488,-0.67937183,-0.1336744,-0.88117516,-0.09408561,0.20616889,0.74735475,-1.0539361,-0.5079415,-0.8493394,0.45758837,0.41147947,0.07320848,-0.9735833,-0.6184215,0.26873502,0.020916898,-1.0060195,-1.7455071,0.719555,-0.95105654,0.309017,-0.5,0.8660254,0.0
2025-11-11 00:00:00,4.0,1.2744769,1.6278743,-0.84284264,-1.0856484,-0.24186704,-0.13012668,0.47631237,0.19556211,-0.13371341,0.0946059,0.5888773,-0.9288273,0.22534561,-0.19558775,0.8706242,0.6876101,0.3734233,0.0351158,-0.9111379,1.2292722,0.820016,-0.3243169,0.008769526,0.4753421,0.0,1.0,-0.5,0.8660254,0.0
2025-11-12 00:00:00,4.0,0.08861868,-0.26598853,-0.34359673,1.7879759,-0.69833696,-0.9622544,-0.9201884,0.3022231,-0.56975085,-0.2290214,0.35242957,-1.4049053,0.31826437,-0.106994286,1.1711591,1.1204859,0.06251998,0.5648188,-0.72333336,1.0969982,0.8882125,-0.23512189,-0.95614976,0.9507499,0.95105654,0.309017,-0.5,0.8660254,0.0
2025-11-13 00:00:00,4.0,0.6417843,1.081247,0.7367784,-1.0011259,-0.65730745,0.717042,1.4205424,0.07828443,-0.7922553,-0.4649689,0.13339566,-1.5345801,0.68975323,0.24163617,1.51879,1.4984181,0.51365954,1.317712,-0.1468885,1.336762,1.2225137,0.16455363,-0.98577666,0.89754254,0.58778524,-0.809017,-0.5,0.8660254,0.0
2025-11-14 00:00:00,4.0,0.37866527,1.1111759,0.3064596,-0.8095641,0.6925804,0.4788238,-0.26597354,-0.91453433,-0.55402315,-0.39138412,0.118326396,-1.0786101,0.9105556,0.46118125,1.7138221,0.78632367,0.8046512,0.90988773,0.1393869,1.2779129,1.334688,0.3639093,0.656409,0.6610059,-0.58778524,-0.809017,-0.5,0.8660254,0.0
2025-11-17 00:00:00,4.0,-1.6633809,-0.44867864,2.418046,-0.7717881,-0.16061583,-0.30904108,-0.6298495,-2.1173892,-0.027462142,-0.021755487,0.39786786,-0.4722452,-0.2497225,-0.50067556,1.2027206,0.35658687,0.6318015,0.36372635,-0.36784396,0.20920636,0.17004633,-0.63287354,-0.32330862,0.6538647,-0.95105654,0.309017,-0.5,0.8660254,0.0
2025-11-18 00:00:00,4.0,-0.6675479,-0.34453908,0.60887116,0.9046679,-0.6174979,-0.7415582,-0.4752277,-0.79346895,-0.34621328,-0.2132372,0.28683612,-0.869877,-0.62401074,-0.82289577,0.70231646,-0.6673127,0.002646444,0.87263125,-0.62849474,-0.24277839,-0.31939942,-0.9756138,-0.96251625,1.1176132,0.0,1.0,-0.5,0.8660254,0.0
2025-11-19 00:00:00,1.0,-1.4858658,-1.1316137,-0.9634248,0.10026145,0.19483458,1.0286111,1.2752185,-1.15998,0.25221992,0.21798149,0.6077697,-0.23800856,-1.4142432,-1.5421648,-0.12084622,-1.5069079,-0.35153946,-0.380016,-1.0620823,-1.2941895,-1.2106655,-1.7353214,-0.017356703,0.98103774,0.95105654,0.309017,-0.5,0.8660254,0.0
2025-11-20 00:00:00,1.0,-0.34644192,-0.6655817,0.46206537,0.08890276,-0.47835433,-0.10261313,-0.7416587,-0.01014792,-0.22235839,-0.07253115,0.4332564,-0.79406816,-1.5181818,-1.6304547,-0.7348157,-1.9561106,-0.4564368,-0.68856525,-1.416626,-1.421112,-1.37292,-1.8587667,-0.775677,0.955465,0.58778524,-0.809017,-0.5,0.8660254,0.0
2025-11-21 00:00:00,1.0,0.015897647,-0.7362491,-0.48156583,0.58897054,0.055181634,0.07538573,0.018761246,0.7210545,-0.41540775,-0.23415466,0.3057315,-0.94796205,-1.4562618,-1.5619483,-1.0739217,-2.0719783,-1.1961093,-0.39193037,-1.9022106,-1.3795446,-1.3395761,-1.8006682,-0.2655985,0.83278567,-0.58778524,-0.809017,-0.5,0.8660254,0.0
2025-11-24 00:00:00,1.0,-1.9826044,-1.3014355,-0.7753786,-0.689668,-0.3962785,1.639381,1.0430038,-1.9140385,0.64428025,0.54487264,0.87880594,0.10012465,-2.2548897,-2.331905,-1.6355095,-2.165921,-1.6762277,-1.3036256,-2.141477,-2.18734,-2.214835,-2.515895,-0.7429573,0.22618553,-0.95105654,0.309017,-0.5,0.8660254,0.0
2025-11-25 00:00:00,4.0,1.5689194,1.2077056,-0.45376265,-0.35357353,0.72585267,1.9650046,0.29141715,1.0384429,0.81598854,0.640226,0.8400341,0.4027968,-1.2149539,-1.4792553,-1.4458387,-1.0640045,-1.493614,-0.9284659,-1.1743661,-1.170226,-1.2132808,-1.6400307,0.5205457,0.61110187,0.0,1.0,-0.5,0.8660254,0.0
2025-11-26 00:00:00,4.0,0.51793456,-0.24624275,0.8522718,0.9212061,-0.37188196,-0.13998263,-1.2534573,0.9809032,0.30266684,0.31639338,0.6058635,-0.1150449,-0.88788325,-1.1881182,-1.1803701,-0.09655898,-1.2938117,-1.0086471,-0.73441607,-0.80295897,-0.86886966,-1.3552626,-0.60158116,0.5235054,0.95105654,0.309017,-0.5,0.8660254,0.0
2025-11-27 00:00:00,1.0,0.060581222,-0.85151005,1.1704413,-0.91963696,-1.719053,-0.6758549,-0.56449366,0.58363974,-0.44496804,-0.20512417,0.2607027,-0.9141407,-0.818341,-1.1131351,-0.9599044,0.09934193,-1.5049654,-0.8496337,-0.7770528,-0.7015893,-0.7938555,-1.2884499,-1.8276278,0.5483739,0.58778524,-0.809017,-0.5,0.8660254,0.0
2025-11-28 00:00:00,1.0,0.040063914,0.08112724,2.2977355,0.6093716,-0.63560176,-0.40762272,0.06940613,-0.027553424,-0.77648944,-0.49993378,0.03525747,-1.2286083,-0.7596169,-1.0512975,-0.7176763,0.11103876,-1.6073129,-0.7351442,-1.3124257,-0.61698735,-0.7213003,-1.2207414,-0.9489374,0.52733725,-0.58778524,-0.809017,-0.5,0.8660254,0.0
2025-12-01 00:00:00,4.0,-0.3029486,-1.2252376,-1.2838169,-0.14969406,-1.7582526,-1.3438098,-1.0148867,0.20020618,-1.3270599,-0.9687295,-0.30247164,-1.8064824,-0.8935377,-1.1456136,-0.6174425,0.91860443,-1.0465986,-0.40092868,-1.2398462,-0.737703,-0.9015175,-1.3353064,-1.992876,0.5537448,-0.95105654,0.309017,-0.5,0.8660254,0.0
2025-12-02 00:00:00,4.0,0.5285386,0.6455799,2.0046608,-0.7927973,-0.85830796,-0.885674,0.53031474,0.31729987,-1.3485686,-1.1262562,-0.51329386,-1.6908156,-0.5197029,-0.85272485,-0.3077286,0.4054809,-0.5605524,-0.47521836,-0.8745772,-0.42124945,-0.52457494,-0.9941526,-1.5062035,0.45366377,0.0,1.0,-2.4492937e-16,1.0,0.0
2025-12-03 00:00:00,1.0,0.14403012,-0.5647931,0.34321514,0.47369772,-0.63504654,-0.56299144,0.10415418,0.65143925,-1.483185,-1.3289967,-0.7385741,-1.7650135,-0.39631146,-0.7491982,-0.023104249,0.22189406,0.10816683,-0.18000337,-0.5081607,-0.3383465,-0.4195233,-0.86963964,-1.2198604,0.30652115,0.95105654,0.309017,-2.4492937e-16,1.0,0.0
2025-12-04 00:00:00,1.0,-1.1153607,-1.3631257,-0.9432035,-0.7637039,-0.57465124,-0.896569,-0.48029277,-0.66076267,-1.2037951,-1.172845,-0.64904445,-1.3867086,-1.0332285,-1.22877,-0.1667722,-0.32871646,-0.19740233,-0.5209778,-1.2181836,-0.864445,-1.0932701,-1.3697376,-1.2376107,0.23947549,0.58778524,-0.809017,-2.4492937e-16,1.0,0.0
2025-12-05 00:00:00,1.0,0.56047904,0.80851704,-0.34099784,0.78531075,0.6669646,-0.80534923,-0.10198833,0.11406924,-1.1653479,-1.2285786,-0.79683024,-1.2167096,-0.62990445,-0.9234252,-0.045893006,-0.08599421,0.02074452,-0.9054441,-1.2223833,-0.50662875,-0.6427798,-1.0276808,-0.12838285,0.7609142,-0.58778524,-0.809017,-2.4492937e-16,1.0,0.0
2025-12-08 00:00:00,1.0,0.48350987,1.3310392,-0.5424353,-0.4580083,1.1193935,0.39865112,1.1613598,-0.59335625,-1.0358487,-1.197528,-0.87541187,-0.94603956,-0.29557127,-0.6679494,0.2123546,0.2818824,1.0223573,-0.452846,-1.3353997,-0.21486266,-0.28702298,-0.74457276,0.37339416,0.7479464,-0.95105654,0.309017,-2.4492937e-16,1.0,0.0
2025-12-09 00:00:00,4.0,-1.0301152,-1.2401104,-0.013482699,-1.3022034,1.4250038,0.34296173,-0.16488567,-0.16098312,-0.79706347,-1.0132655,-0.749217,-0.6510464,-0.907115,-1.1240553,0.058989644,-0.45391187,-0.035994127,-1.2154431,-1.8366705,-0.6822487,-0.8393552,-1.2078985,0.7289859,0.4237115,0.0,1.0,-2.4492937e-16,1.0,0.0
2025-12-10 00:00:00,4.0,-1.0600867,-1.2606364,-0.7088963,-0.8721921,1.7587932,0.22422785,-0.17847225,-0.017600449,-0.4813787,-0.75307715,-0.551576,-0.29110113,-1.435583,-1.5432311,-0.3422718,-1.0401629,-0.69040567,-1.5708914,-1.9576721,-1.1434577,-1.3321888,-1.6256466,0.8504394,0.40710697,0.95105654,0.309017,-2.4492937e-16,1.0,0.0
2025-12-11 00:00:00,4.0,0.4032471,0.81439674,-1.2251533,1.5752698,-0.68204856,0.06373605,-0.2652092,-0.054494426,-0.7922083,-0.9829092,-0.7889329,-0.62708265,-1.1502005,-1.3266116,-0.45883942,-0.31754002,-0.5646948,-1.6220483,-2.0614898,-0.8738589,-0.9662716,-1.4211423,-0.86172163,0.46883234,0.58778524,-0.809017,-2.4492937e-16,1.0,0.0
2025-12-12 00:00:00,1.0,0.015829299,-0.8069608,0.43145853,-0.5651289,0.18516852,-0.49011895,-0.5861928,0.8118013,-0.8603048,-1.0472583,-0.8925657,-0.66805595,-1.1388196,-1.3038129,-0.48226076,-0.5915772,-0.5794515,-1.7142597,-2.0382655,-0.915207,-0.80341464,-1.371921,-0.37524995,0.9050483,-0.58778524,-0.809017,-2.4492937e-16,1.0,0.0
2025-12-15 00:00:00,4.0,1.4763575,1.3864329,-0.6293541,-0.41633824,-0.16798104,0.85435283,1.1251262,1.1106361,-0.535019,-0.88128144,-0.91033334,-0.10625342,-0.0674959,-0.5456783,0.088151015,-0.08642673,0.18310653,-0.70497453,-1.5498577,0.49723798,0.28417373,-0.55374354,-0.5518814,0.2032305,-0.95105654,0.309017,-2.4492937e-16,1.0,0.0
2025-12-16 00:00:00,4.0,-1.0720012,-0.56758654,1.6824822,-0.9785034,-1.6539712,0.15871862,-0.5483482,-1.3692654,-0.5093961,-0.8056922,-0.827875,-0.1402048,-0.76640874,-1.0733756,0.09863316,-0.11415359,-0.5263818,-0.85475093,-2.202809,-0.5841147,-0.37246555,-1.0584902,-1.6467171,0.127102,0.0,1.0,-2.4492937e-16,1.0,0.0
2025-12-17 00:00:00,4.0,-1.2337328,-1.0324645,-1.1841092,0.12950592,2.3137424,0.42151007,0.037109982,-0.47260988,0.12963162,-0.27531493,-0.36993322,0.54171044,-1.4494482,-1.614469,-0.27923262,-0.20647164,-1.1831092,-0.7743596,-2.1238918,-1.6746197,-1.1090692,-1.5371776,1.1559863,-0.13667004,0.95105654,0.309017,-2.4492937e-16,1.0,0.0
2025-12-18 00:00:00,4.0,0.8295932,1.3944769,-0.6999273,-0.28709823,0.13574962,-0.2817227,-0.61355835,-0.013306493,-0.2236165,-0.50559354,-0.6087009,0.15464708,-0.8502994,-1.1765615,-0.21980982,0.017481638,-0.2907035,-0.37750435,-1.8238878,-0.7646331,-0.5361492,-1.0997796,-0.3874821,-0.5011942,0.58778524,-0.809017,-2.4492937e-16,1.0,0.0
2025-12-19 00:00:00,1.0,0.14256261,1.3085216,-0.84397185,-0.04209554,-0.9746115,-0.016428474,0.087805614,-0.75930053,-0.70176363,-0.8345085,-0.8932264,-0.43256617,-0.7499032,-1.0904719,-0.10209308,0.08297725,-0.4934051,-0.33442947,-1.5594907,-0.57528716,-0.4314198,-1.0131718,-1.4482408,-0.5115033,-0.58778524,-0.809017,-2.4492937e-16,1.0,0.0
2025-12-22 00:00:00,4.0,0.65653497,0.6020526,0.4439692,0.7430999,-1.5060366,1.3799253,0.84383076,0.6417293,-1.072454,-1.1448911,-1.2100095,-0.84703946,-0.2491156,-0.72003204,0.2751091,-0.3421269,-0.40510777,0.5899972,-1.1886449,-0.032469325,-0.0072566713,-0.6312814,-1.7396088,0.225919,-0.95105654,0.309017,-2.4492937e-16,1.0,0.0
2025-12-23 00:00:00,4.0,0.40542358,0.19109692,0.5765501,1.7583684,-1.4555736,-0.5659729,-1.1114362,0.46469203,-1.4970139,-1.5073816,-1.5620029,-1.3814853,0.0512524,-0.4965612,0.71957934,0.41468328,0.28293246,0.17429987,-1.3521243,0.37453863,0.30209136,-0.3995709,-1.6769305,-0.7083678,0.0,1.0,-2.4492937e-16,1.0,0.0
2025-12-24 00:00:00,1.0,-0.052458093,-0.76876587,0.3093733,-0.28557312,-1.1230814,-0.7724473,-0.26955983,0.29884788,-1.7289135,-1.7391933,-1.7994258,-1.6681056,0.0047430107,-0.52112454,0.99489963,1.0134401,0.7710568,-0.032875102,-1.3048866,0.30841932,0.2651548,-0.44580728,-1.5158437,-1.0452334,0.95105654,0.309017,-2.4492937e-16,1.0,0.0
2025-12-29 00:00:00,4.0,0.16592373,0.7132433,2.2891748,-1.1180413,-1.8781235,-2.3590503,-1.558781,-0.06414755,-2.0973337,-2.082439,-2.1384315,-2.1826587,0.13741018,-0.4128436,1.2620695,0.6704605,0.6544005,0.0038226456,-0.92863184,0.496683,0.43400893,-0.37286392,-1.6745735,-1.1776351,0.58778524,-0.809017,-2.4492937e-16,1.0,1.0
2025-12-30 00:00:00,4.0,-0.5698999,-1.0199236,0.73480827,-1.3662262,1.8217508,0.99160916,3.0,0.4761704,-1.3736222,-1.620504,-1.7991832,-1.0125369,-0.35780546,-0.7437028,1.0390805,0.31847662,0.38103476,-0.21686672,-1.4771565,-0.12870765,-0.07340574,-0.71883315,1.1856979,-1.1097064,0.0,1.0,-2.4492937e-16,1.0,1.0
2025-12-31 00:00:00,4.0,0.8015011,1.404552,0.13333209,-1.0050809,0.32151106,1.256147,0.07088965,-0.07791438,-1.2757996,-1.5858533,-1.8466038,-0.7816084,0.343821,-0.2582783,1.2318392,0.38036218,0.034860227,0.19138303,-1.442717,0.74942213,0.63707083,-0.18585323,-0.0038219197,-1.2208381,0.95105654,0.309017,-2.4492937e-16,1.0,1.0
2026-01-02 00:00:00,4.0,-0.680484,-1.0298667,-1.0344603,0.023420587,-0.3657639,-1.4838306,-1.4724157,-0.34626746,-1.1962172,-1.5108906,-1.7803017,-0.67849714,-0.292598,-0.7204519,1.0276389,-0.16359887,0.24236971,-0.27815816,-1.985835,-0.037829395,0.03850325,-0.7267324,-0.94744086,-0.7081109,0.58778524,-0.809017,-2.4492937e-16,1.0,1.0
2026-01-05 00:00:00,4.0,2.347811,1.9276284,-1.1039251,-1.3814248,2.6294005,-1.6039535,-0.42134473,0.3619853,-0.12074086,-0.809419,-1.35989,1.0733676,1.7729808,0.9209874,1.6489031,1.0932764,1.9515709,0.67526674,-1.1960379,2.569813,2.0712178,1.0205564,1.594053,-0.59004277,-0.95105654,0.309017,0.5,0.8660254,0.0
2026-01-06 00:00:00,1.0,0.06062128,0.02808106,1.3375051,0.9289473,-0.8978833,1.9199536,3.0,0.015491407,-0.71046907,-1.1388849,-1.6036481,0.17842114,1.8236119,1.0310344,2.0969696,1.0503607,1.5563853,1.2489812,-1.0026871,2.1413705,2.0837617,1.1899911,-1.362079,-0.4598642,0.0,1.0,0.5,0.8660254,0.0
2026-01-07 00:00:00,1.0,1.1554583,1.1572651,1.1122996,-1.3198903,0.44714272,1.7643378,-0.08726397,0.6638913,-0.316809,-0.8604638,-1.4326507,0.80188084,2.5771897,1.9128935,2.430677,1.9007076,1.9821141,1.5620394,-0.5024135,2.4509294,2.6941123,2.0607953,0.48927364,-0.17625806,0.95105654,0.309017,0.5,0.8660254,0.0
2026-01-08 00:00:00,1.0,-0.7749856,-0.6830785,-0.90510374,1.0350946,0.04703851,1.4025724,-0.24228624,-0.64403415,-0.2503095,-0.7300454,-1.274065,0.7797697,1.6881576,1.2736064,2.2369757,1.088204,1.3121367,0.97930944,-0.6548159,1.6410139,1.8791984,1.4483213,-0.10304308,-0.0536982,0.58778524,-0.809017,0.5,0.8660254,0.0
2026-01-09 00:00:00,1.0,-0.98554134,-0.65082234,-1.1185945,1.327507,0.39796764,0.78735757,-0.43609607,-0.8984573,0.10679499,-0.3961999,-0.9488093,1.1186943,0.71450466,0.42783684,1.6459415,0.9266735,0.6749245,0.9884911,-0.47319588,0.869969,0.97137976,0.63841504,0.35712078,-0.32534197,-0.58778524,-0.809017,0.5,0.8660254,0.0
2026-01-12 00:00:00,4.0,0.25068802,-0.23561272,-0.37430286,1.7329838,-0.78895456,0.8020763,-0.11018847,0.50210553,-0.53563076,-0.7809313,-1.22011,0.22765295,0.89892083,0.62789077,1.4209896,-0.16020048,0.8101937,1.5773798,0.06944584,0.9354394,1.1030732,0.8903876,-1.3799598,-0.38795313,-0.95105654,0.309017,0.5,0.8660254,0.0
2026-01-13 00:00:00,4.0,1.165438,1.1029023,-1.159694,0.79513454,1.1696914,1.2366478,0.1924248,0.6160045,-0.39389837,-0.71021384,-1.2025077,0.5530124,1.755475,1.4975942,1.492928,0.4432694,1.2459148,1.884032,0.95956653,1.5194561,1.8377787,1.7804112,1.3116692,-0.42621157,0.0,1.0,0.5,0.8660254,0.0
2026-01-14 00:00:00,4.0,0.734667,-0.3328769,1.2843561,0.0005005505,1.0339807,1.2148656,-0.059827268,1.7259877,0.093058884,-0.3934069,-0.9848277,1.2881606,2.140175,1.9490601,1.6063529,0.19016922,1.7770363,2.1188183,0.6960179,1.6619176,2.0400455,2.1314812,1.2479715,-0.5149323,0.95105654,0.309017,0.5,0.8660254,0.0
2026-01-15 00:00:00,4.0,0.4304219,0.29968348,0.54526615,1.5383189,0.22715354,2.197616,0.7353077,0.45399427,-0.21540247,-0.5501277,-1.083369,0.8340586,2.2854016,2.148025,1.799567,0.90397847,1.6067979,1.6125723,0.8703556,1.5921723,2.1956596,2.337251,0.20560263,0.66514355,0.58778524,-0.809017,0.5,0.8660254,0.0
2026-01-16 00:00:00,4.0,-0.35655525,-0.10104042,1.9977039,-0.0068751182,0.8649222,0.7086862,-0.8633261,-0.37254363,-0.13308421,-0.46819478,-0.99774134,0.9052821,1.9582298,1.852177,1.6956017,1.3269049,1.8308989,1.9455429,1.4426019,1.2539053,1.8008459,2.0045655,1.2376881,0.3970918,-0.58778524,-0.809017,0.5,0.8660254,0.0
2026-01-19 00:00:00,1.0,-0.33738786,-0.9075841,-0.18121052,-0.22729428,1.1583505,0.4371453,-0.3012256,0.8476399,0.09964546,-0.29719263,-0.85717326,1.1540176,1.6170242,1.5656605,1.4026107,0.9863733,0.6340732,2.2598257,0.67771643,0.9971731,1.3583593,1.6884968,1.48204,0.119417064,-0.95105654,0.309017,0.5,0.8660254,0.0
2026-01-20 00:00:00,4.0,-1.026066,-0.63776964,1.0540445,-0.61189985,-0.9105029,-0.26891083,-0.6458235,-1.4024007,-0.15943581,-0.38870907,-0.85454845,0.70552945,0.69924754,0.78814906,0.8678389,-0.25682217,0.17354001,1.5023454,0.2073652,0.4464389,0.61107546,1.069325,-1.3834354,1.356629,0.0,1.0,0.5,0.8660254,0.0
2026-01-21 00:00:00,4.0,-0.31656414,-0.24843727,0.66938317,0.8517944,-0.15847665,-0.24878496,-0.100578725,-0.2787782,-0.59618175,-0.63685125,-0.98334706,0.15053384,0.44954327,0.56987286,0.34859592,-0.8539252,-0.539566,1.3137264,0.3818717,0.23175529,0.3213578,0.9122215,-0.4359563,1.2596586,0.95105654,0.309017,0.5,0.8660254,0.0
2026-01-22 00:00:00,1.0,0.31310996,1.2766316,0.7823944,-1.4219885,-0.012716728,0.02511773,0.1022354,-0.7259893,-0.8962362,-0.87169856,-1.1346855,-0.12998644,0.6881394,0.78141534,0.039374474,-0.93043953,-0.012473197,1.1455091,0.28117993,0.33292404,0.44496882,1.111887,-0.11844447,1.0055473,0.58778524,-0.809017,0.5,0.8660254,0.0
2026-01-23 00:00:00,1.0,0.13306898,-0.63936865,-0.64181244,0.9589185,-0.21751371,-0.029074933,-0.14435917,0.8915377,-1.1791092,-1.1157497,-1.2805144,-0.42157584,0.79171795,0.8742083,-0.16149206,-0.67593247,0.5458202,1.0232004,0.13359599,0.3435314,0.45744705,1.219289,-0.26374033,0.9183468,-0.58778524,-0.809017,0.5,0.8660254,0.0
2026-01-26 00:00:00,1.0,0.41234455,-0.83229816,-0.30005816,0.087170005,-0.89701885,-0.27729464,-0.30075353,1.3431731,-1.4561656,-1.3880843,-1.4587578,-0.7020835,1.0963635,1.147289,-0.18194655,-0.27324393,0.60386276,1.1742887,-0.0067823525,0.502005,0.65098035,1.5032258,-1.0719501,1.0306304,-0.95105654,0.309017,0.5,0.8660254,0.0
2026-01-27 00:00:00,4.0,0.03230792,-0.35384783,0.037646882,1.169295,-0.2383987,-0.27472493,-0.0066312063,0.45888808,-1.4941384,-1.4895799,-1.5272893,-0.7410934,1.1154318,1.1679509,-0.21298581,0.31155235,0.041455325,1.1094798,0.13431402,0.45581427,0.5705021,1.5317825,-0.21520986,0.9887996,0.0,1.0,0.5,0.8660254,0.0
2026-01-28 00:00:00,4.0,1.2268196,1.4058442,-0.30235872,-0.9259684,0.48626366,-0.078558736,0.023645805,0.4941876,-0.95833516,-1.249803,-1.4635013,0.044962384,1.9189386,1.9127496,0.16668165,1.1540608,0.23665029,1.7081856,0.61772895,1.1269125,1.2298244,2.1626863,0.84375006,1.0232074,0.95105654,0.309017,0.5,0.8660254,0.0
2026-01-29 00:00:00,4.0,2.248455,1.6126058,-1.2682874,-0.8105163,2.1070893,2.0787501,1.6758931,1.0961119,0.6351614,-0.2646625,-1.0249887,1.9951833,2.8467605,2.946294,0.99616516,2.155742,1.066124,2.1372097,1.7429684,1.9965984,2.2312224,2.8798954,1.8940097,0.77082485,0.58778524,-0.809017,0.5,0.8660254,0.0
2026-01-30 00:00:00,4.0,0.36686334,1.3916488,-0.15063263,-1.2197351,0.90684,1.2097284,-0.5378187,-1.334485,0.6688733,-0.11140344,-0.9157112,1.8769497,2.76955,2.8869991,1.5169921,2.187424,1.3994468,2.4184523,1.5823572,1.8198112,2.1092231,2.762181,1.5345511,0.2936236,-0.58778524,-0.809017,0.5,0.8660254,0.0
2026-02-02 00:00:00,4.0,-1.9773797,-1.3543135,-0.11731481,-1.3434759,1.5768187,1.2057859,-0.11001053,-1.1901786,1.5372372,0.7588053,-0.26136494,2.329889,1.0977098,1.448406,1.0357074,0.9373061,0.61177486,0.9273429,1.1886067,0.6822718,0.7516803,1.6008531,1.7203374,0.8802181,-0.95105654,0.309017,0.5,0.8660254,0.0
2026-02-03 00:00:00,1.0,-2.0140898,-0.88587373,-1.2147478,0.9390049,1.9847673,1.4987336,0.13281147,-1.8565392,3.0,2.5107675,1.0291661,3.0,-0.18269746,0.2102421,0.055259068,-0.18759537,0.08876002,0.19797114,0.5745018,-0.3960647,-0.4246765,0.54578215,1.7495203,0.04201029,0.0,1.0,0.8660254,0.5,0.0
2026-02-04 00:00:00,1.0,0.1783519,-0.31176147,-0.20039022,1.536859,2.1465557,-0.27892232,-1.0079521,1.239162,3.0,2.9853137,1.5667484,3.0,-0.07037705,0.31417942,-0.44004294,-0.7106027,0.3182317,-0.17169353,0.064189665,-0.28743878,-0.32421717,0.54817426,1.757769,-0.4835529,0.95105654,0.309017,0.8660254,0.5,0.0
2026-02-05 00:00:00,1.0,0.007881407,0.3099314,0.873397,1.0880133,0.15442863,-0.78848493,-0.51065856,-0.35464448,2.5009186,2.5148678,1.4915496,2.1658115,-0.047770564,0.3317786,-0.7528408,-1.8222452,0.18067755,0.12382506,0.36210516,-0.28948098,-0.32754982,0.53273416,0.9938587,-0.6414732,0.58778524,-0.809017,0.8660254,0.5,0.0
2026-02-06 00:00:00,1.0,0.11583821,1.0362289,-0.9165491,0.71310395,0.74062127,-0.52114415,0.08562651,-1.418925,2.192568,2.3953557,1.5939109,1.7738495,0.036518008,0.4060542,-0.9070002,-1.8948991,0.17565556,0.532871,-0.031830635,-0.26680577,-0.30783108,0.54823196,1.4590337,-0.62592924,-0.58778524,-0.809017,0.8660254,0.5,0.0
2026-02-09 00:00:00,1.0,-1.0961164,0.9874097,0.73907816,-0.70931965,0.024846328,-0.84440774,-0.38949442,-2.9855802,2.3045,2.5958905,1.9866706,1.6944658,-0.6288367,-0.23221377,-1.2158662,-1.4405473,-0.52929527,0.058228236,-0.42064372,-0.9372148,-0.8116005,0.12828903,0.9297937,-1.9844862,-0.95105654,0.309017,0.8660254,0.5,0.0
2026-02-10 00:00:00,1.0,1.5504577,0.44944736,0.740584,0.8442176,-1.1690441,-0.9580118,-0.29199722,2.227006,2.042561,2.3585088,1.865953,1.4913919,0.30625156,0.61746705,-1.0153024,0.39888743,0.20491214,0.18413632,-0.12751803,0.009984746,-0.094195835,0.66660905,-0.99031633,-1.6326468,0.0,1.0,0.8660254,0.5,0.0
2026-02-11 00:00:00,4.0,0.50748765,-0.010148538,2.2993176,-0.105635665,-0.67912495,-1.0412565,-0.30458754,0.8486805,1.3516586,1.8379649,1.561317,0.8328633,0.59884614,0.90074795,-0.7752572,0.5729553,-0.107235774,0.097938836,-0.09020316,0.32871807,0.16474481,0.87207204,-0.3660241,-1.573957,0.95105654,0.309017,0.8660254,0.5,0.0
2026-02-12 00:00:00,1.0,0.24019168,0.30346978,0.429927,1.5189974,-1.2344536,-1.1092252,-0.2883376,0.2159336,0.31726408,1.0338778,1.0157751,-0.17331642,0.73462516,1.0262377,-0.5572925,0.690034,-1.0498068,0.023128008,0.6176932,0.46954158,0.32812944,1.0210247,-1.2648507,-1.4058403,0.58778524,-0.809017,0.8660254,0.5,0.0
2026-02-13 00:00:00,1.0,-0.82289654,-1.0540372,-1.1729114,0.3160301,-0.60160846,-0.72730035,0.21767282,-0.44934493,0.05633837,0.7897833,0.91658264,-0.4639126,0.17912966,0.5189665,-0.6142717,0.21310028,-1.5796834,-0.1461181,0.58880234,-0.0364797,-0.09986385,0.69339824,-0.4464714,-0.75006,-0.58778524,-0.809017,0.8660254,0.5,0.0
2026-02-16 00:00:00,4.0,-1.6217048,-0.31120393,0.96076673,0.4065166,-0.260378,-0.84070045,-0.3045886,-2.2478895,0.75205773,1.2915639,1.4295139,0.14333631,-0.7700266,-0.40717438,-1.0250007,-0.052076012,-1.3813221,-0.61511004,0.59504217,-0.9774287,-0.9174085,0.00362203,0.3729551,-0.822221,-0.95105654,0.309017,0.8660254,0.5,0.0
2026-02-20 00:00:00,1.0,0.4247864,1.1600082,-0.8323047,0.22179496,-0.18385041,-2.1119406,-2.079666,-0.47479683,0.39406183,0.9653132,1.1867241,-0.1760531,-0.49239883,-0.16191834,-1.1837076,-0.6752662,-0.21756873,-0.103034295,0.8763229,-0.72673625,-0.7075917,0.16066943,0.469602,-0.76084894,0.0,1.0,0.8660254,0.5,0.0
2026-02-23 00:00:00,4.0,-1.0291349,-1.2605803,-0.67764384,-0.65483034,-0.29919517,-1.1396015,2.9056602,-0.3567578,0.19829647,0.80502105,1.1460847,-0.41177523,-1.048367,-0.7225627,-1.5277311,-1.5554566,-0.7831199,-0.36921924,0.50225294,-1.3230973,-1.2730912,-0.27826732,0.35760364,-1.313658,-0.95105654,0.309017,0.8660254,0.5,0.0
2026-02-24 00:00:00,4.0,2.15715,1.4943241,-0.13697708,-1.5021892,-0.18754649,-0.9137871,0.09743284,2.0011446,1.153714,1.3586994,1.4619396,0.6466747,0.2121208,0.4429263,-1.0224026,-0.5226903,0.22367162,0.3131693,1.9745946,-0.008486539,-0.09299178,0.5601275,0.5073951,-2.3574536,0.0,1.0,0.8660254,0.5,0.0
2026-02-25 00:00:00,4.0,-1.7076048,-1.3019676,-1.2699381,-0.19256032,0.29027116,-0.12788068,1.1897463,-1.051342,1.6191816,1.8060884,1.9750605,0.9071176,-0.70461935,-0.48915634,-1.1409975,-1.0649819,-0.66423523,-0.36730686,0.78550017,-1.1068441,-0.974762,-0.15879072,1.0437965,-2.6295848,0.95105654,0.309017,0.8660254,0.5,0.0
2026-02-26 00:00:00,1.0,0.5450515,0.22711834,1.136087,0.9584443,-1.0782214,-0.27148557,-0.31882024,0.7537932,0.79951364,1.224957,1.5346578,0.14743647,-0.38793337,-0.18975292,-1.1038946,0.23014015,0.14147434,-0.31116256,0.77720195,-0.7206287,-0.69311327,0.046532497,-0.8357181,-2.2491894,0.58778524,-0.809017,0.8660254,0.5,0.0
2026-02-27 00:00:00,1.0,-1.3161322,-1.6950582,-1.1901296,-1.4245565,1.530522,0.070506014,0.3008044,1.2826071,1.4720677,1.7483455,2.0454657,0.67680144,-1.0383751,-0.8745537,-1.2863739,-0.8221979,-1.3349174,-0.82421833,0.2966719,-1.4480829,-1.3071592,-0.5262185,1.5293962,-1.8962959,-0.58778524,-0.809017,0.8660254,0.5,0.0
2026-03-02 00:00:00,1.0,0.7960263,1.0721778,-0.007179409,-0.34374136,-0.5751742,0.39227644,0.22691998,0.23954147,0.8072901,1.2456421,1.6209648,0.08717687,-0.5659686,-0.43235272,-1.2072041,0.27963623,-1.2190769,-0.9542399,0.56079066,-0.8568343,-0.8423002,-0.22319025,-0.027660575,-2.1154888,-0.95105654,0.309017,0.8660254,0.5,0.0
2026-03-03 00:00:00,1.0,-1.8742075,-0.79758394,-0.1917675,0.2716236,0.6915855,1.5553231,0.91044205,-1.8520141,1.7850884,1.9928116,2.3083782,0.86693615,-1.4346215,-1.3723481,-1.4665096,-2.1256595,-2.3118906,-2.3907278,-0.0059547084,-1.842112,-1.5953938,-0.99611354,1.2697917,-2.2014902,0.0,1.0,1.0,6.123234e-17,0.0
2026-03-04 00:00:00,4.0,-0.94888026,-1.4393092,-0.911166,-1.0444643,0.45714924,1.5422873,-0.10334265,0.6230662,1.6561108,1.9579505,2.3282223,0.6548615,-1.7588812,-1.7543384,-1.8038263,-1.678303,-2.3083346,-2.6934075,-0.5470905,-2.2046914,-1.8349952,-1.3638954,1.0723387,-1.8711543,0.95105654,0.309017,1.0,6.123234e-17,0.0
2026-03-05 00:00:00,1.0,-1.6531107,-0.67225254,-1.2036785,1.4164412,0.5640042,1.440977,-0.16864918,-1.6880877,2.5297353,2.6274338,2.8886783,1.3288473,-2.2275784,-2.3291123,-2.09615,-2.7976694,-2.2867916,-2.485922,-1.2122471,-2.35829,-2.2140157,-1.8474443,1.1402847,-2.2478602,0.58778524,-0.809017,1.0,6.123234e-17,0.0
2026-03-06 00:00:00,1.0,0.2637253,-0.85774714,0.5366618,-0.6134833,0.52077925,0.48365542,-0.8727434,1.731376,2.0964236,2.3438962,2.635067,0.9296084,-2.0073814,-2.1074278,-2.159497,-1.8825414,-2.2477744,-1.6959181,-0.7049198,-1.7842084,-1.9578315,-1.7373158,0.9475344,-1.9889854,-0.58778524,-0.809017,1.0,6.123234e-17,0.0
2026-03-09 00:00:00,1.0,1.4273146,1.3859996,-0.6989056,-0.594542,0.94166464,0.61454606,-0.016495876,0.11029254,1.8020742,2.083202,2.342948,0.7300421,-1.186804,-1.3478581,-1.7612246,-1.4732778,-1.0846691,-1.2612076,-0.37649918,-1.0558567,-1.2259293,-1.2131035,1.1287742,-2.218109,-0.95105654,0.309017,1.0,6.123234e-17,0.0
2026-03-10 00:00:00,1.0,-1.0870949,1.177687,-0.85189337,0.14817047,0.8390471,1.69669,1.0518748,-3.0,2.5277126,2.6054351,2.7511668,1.352246,-1.5398769,-1.7264831,-1.5208948,-1.072873,-2.4586523,-1.5927181,-0.95132744,-1.2888252,-1.4674051,-1.4785581,1.0541937,-2.22244,0.0,1.0,1.0,6.123234e-17,0.0
2026-03-11 00:00:00,1.0,1.726829,1.158724,-1.184082,0.39409074,-0.48111907,0.26172265,-1.0622287,1.5282103,2.038872,2.2339177,2.390807,0.97883946,-0.6676987,-0.8930962,-1.0338546,0.39205745,-0.91136914,-1.0502366,0.07328405,-0.57435656,-0.6945743,-0.9009017,-0.08961348,-2.0450225,0.95105654,0.309017,1.0,6.123234e-17,0.0
2026-03-12 00:00:00,1.0,-0.21717346,-1.1285523,-0.53974575,-0.28243387,-0.554678,-0.044612218,-0.43372336,0.6378663,1.2721416,1.735444,2.0462773,0.13513328,-0.7618804,-0.9816201,-0.7431323,1.1639745,-1.2302215,-0.80549735,0.37902507,-0.61283994,-0.78393173,-1.0298257,-0.18006082,-1.7944173,0.58778524,-0.809017,1.0,6.123234e-17,0.0
2026-03-13 00:00:00,1.0,-0.5839772,0.028826458,1.6948252,0.9706941,-0.011891686,-0.13737509,-0.23114896,-0.8948501,0.9403145,1.495112,1.8869696,-0.26784378,-1.001331,-1.2134753,-0.60560715,0.69742024,-0.93916404,-1.4782364,0.010760596,-0.75988877,-0.9751311,-1.2733634,0.28083166,-1.8040996,-0.58778524,-0.809017,1.0,6.123234e-17,0.0
2026-03-16 00:00:00,1.0,-0.79197323,-0.731456,1.0633491,-0.6764222,-1.0494584,-0.36284322,-0.38093266,-0.66146517,0.4195897,1.127361,1.646321,-0.88558906,-1.3087367,-1.5116714,-0.6561659,-0.5160125,-1.6099858,-1.8905118,-0.30590042,-0.9729422,-1.2645825,-1.6311228,-0.92493147,-1.6575454,-0.95105654,0.309017,1.0,6.123234e-17,0.0
2026-03-17 00:00:00,1.0,1.1777598,1.367362,-0.97840405,-0.38647774,0.91484714,-0.19195667,0.09050464,-0.15599346,0.54472756,1.0749983,1.518089,-0.60383135,-0.6770505,-0.9363588,-0.33728996,0.7270869,-0.27748626,-1.5434535,-0.4082669,-0.45071954,-0.5720434,-1.1359655,1.0478458,-1.0491502,0.0,1.0,1.0,6.123234e-17,0.0
2026-03-18 00:00:00,4.0,0.09714908,-0.28362057,2.8707888,-1.2371128,-0.2820191,-0.2941886,-0.24700247,0.4538394,0.36716,0.89600635,1.3655285,-0.7559207,-0.62369585,-0.88314974,-0.08092072,-0.17786509,0.17374034,-1.2614583,0.03516537,-0.35246205,-0.43983814,-1.1151849,0.080083415,-1.2624296,0.95105654,0.309017,1.0,6.123234e-17,0.0
2026-03-19 00:00:00,1.0,0.46120417,0.57280445,0.29833195,0.57474816,-0.95140827,-0.58114123,-0.47716644,0.20465207,-0.0077489433,0.57323176,1.1010374,-1.1022667,-0.38384145,-0.6702631,0.22703007,0.19002411,1.1081638,-0.64385873,0.71805805,-0.119058445,-0.17551441,-0.96146923,-0.48585495,-1.3097527,0.58778524,-0.809017,1.0,6.123234e-17,0.0
2026-03-20 00:00:00,1.0,-1.6664255,-0.29523742,2.111487,-0.60078084,-1.1930767,0.15349233,0.9308204,-2.1754382,0.455353,0.85158676,1.324243,-0.5994449,-1.1369205,-1.3602484,0.03785642,-0.40372974,0.24047825,-1.2940657,-0.3142201,-0.8310217,-0.9042933,-1.577844,-0.84932745,-1.221454,-0.58778524,-0.809017,1.0,6.123234e-17,0.0
2026-03-23 00:00:00,4.0,-0.70374835,-0.20360564,1.3610286,0.30785096,0.07852868,1.0163239,0.6323155,-0.7711811,0.42116195,0.81163466,1.2985457,-0.6454365,-1.3981975,-1.604805,-0.2178749,-0.3529645,-0.71327895,-1.2085557,-0.6835887,-1.0511063,-1.1594902,-1.8001852,0.51510066,-0.8387276,-0.95105654,0.309017,1.0,6.123234e-17,0.0
2026-03-24 00:00:00,1.0,-2.687,-1.2105733,-1.2058564,0.07405714,1.1581568,1.3351247,0.1297435,-2.1625307,2.1460087,1.9753608,2.136909,1.0076838,-2.2033849,-2.4378135,-0.84759027,-2.4466956,-1.4989661,-2.5828557,-2.1295865,-1.9564,-1.9480063,-2.3726985,1.1330975,-1.1367723,0.0,1.0,1.0,6.123234e-17,0.0
2026-03-25 00:00:00,1.0,2.0647497,1.1341214,-1.0444669,0.5711228,0.5356991,0.09483996,-0.80670166,1.7278904,2.0741243,1.917481,1.9857849,1.070796,-1.1074654,-1.4406667,-0.72638077,-1.2860746,-1.2392633,-1.4093689,-1.3339431,-0.92732805,-0.9038368,-1.54634,0.83269274,-0.892757,0.95105654,0.309017,1.0,6.123234e-17,1.0
