date,regime,log_return,body_ratio,upper_wick_ratio,lower_wick_ratio,range_zscore,volume_zscore,volume_delta,gap,atr7_norm,atr14_norm,atr28_norm,atr_ratio,rsi14,rsi28,macd_hist,roc_5,roc_10,roc_20,roc_60,bb_position,dist_sma20,dist_sma50,range_percentile,williams_r_14,stoch_k_14,realized_vol_ratio,obv_zscore,dist_52w_high,dist_52w_low,atr_momentum,cci_20,ichimoku_distance,vwap_distance,consec_bars,rsi_momentum,donchian_position,corr_index,dow_sin,dow_cos,month_sin,month_cos,quarter_end_flag
2018-06-07 00:00:00,5.0,-1.0230763,-1.0250088,0.12843709,0.2373852,0.9141264,0.057283625,1.2026427,0.21624911,0.38342124,-0.03197221,-0.5292709,1.8850547,0.29492918,0.7996752,0.17937963,-0.07513209,0.268789,-0.043956876,0.70821047,0.15669805,0.0997262,0.5758045,1.4873788,-0.07212659,0.07212659,0.6903361,0.3499949,0.8199975,0.5657819,1.3301833,0.27969238,-0.053420506,0.06250601,-1.1892096,-1.8540744,0.11071556,0.4939346,-0.58778524,-0.809017,0.5,-0.8660254,0.0
2018-06-14 00:00:00,5.0,0.3813926,0.37476254,0.72054744,0.13967307,-1.090578,-0.30129054,-0.36065537,2.0196145,-0.41591012,-0.46925166,-0.7342194,0.67291504,0.48742896,0.93862265,-0.026624301,-0.5507084,0.6588435,-0.03622137,1.3041869,0.2704889,0.31981048,0.74417603,-0.7736146,-0.3236363,0.3236363,-0.3628452,0.46541262,0.9104349,0.9077923,-0.1926318,0.24219915,0.46109423,0.287134,0.063652016,-1.5707589,0.3517312,0.46283284,-0.58778524,-0.809017,1.2246469e-16,-1.0,0.0
2018-06-21 00:00:00,5.0,-1.0343692,-1.020068,-0.7557872,1.2115173,0.5019171,0.45784456,0.37297592,-0.63670164,0.098249406,-0.0723747,-0.44070348,1.0888023,-0.05245767,0.5063648,-0.41187117,-1.2850033,-0.23775555,-0.085658476,1.2531803,-0.0965283,-0.14978734,0.33065945,1.1721182,0.20484333,-0.20484333,-0.8587082,0.08792771,0.68910193,0.5404678,0.53159326,-0.090509735,0.62207776,-0.17537966,-0.7978777,-1.2899355,-0.060686227,0.4312395,-0.58778524,-0.809017,1.2246469e-16,-1.0,0.0
2018-06-28 00:00:00,5.0,0.97582835,0.85037255,-0.60067517,-0.018415114,1.0393903,1.740736,0.5877322,-1.3766237,0.4107453,0.04028647,-0.44382763,1.7501134,0.3829484,0.8374267,-0.44945216,-0.8359729,-0.072643675,0.5369485,1.6485083,0.21911304,0.19212042,0.52360034,1.4618378,-0.32176006,0.32176006,0.5559969,0.33449897,0.97475755,0.54419357,1.8348669,0.032212906,0.53560823,0.13609557,0.0291909,0.10837245,0.48027417,-1.195426,-0.58778524,-0.809017,1.2246469e-16,-1.0,0.0
2018-07-05 00:00:00,5.0,-0.17457499,-0.15489163,2.1973398,0.053999715,-0.6442533,-1.2388965,-1.4534856,-0.3695308,-0.061425317,-0.16372341,-0.49769008,0.87751436,0.37916207,0.826166,-0.51958704,-0.4164727,-0.16093622,0.65165573,1.680059,0.1327552,0.09746565,0.49623927,0.17115103,-0.33571807,0.33571807,0.1991869,0.3980081,0.94891095,0.67717654,0.31820688,0.20222287,0.5687524,0.03869073,0.4406508,-0.17866322,0.43974993,-1.1097493,-0.58778524,-0.809017,1.2246469e-16,-1.0,1.0
2018-07-12 00:00:00,5.0,-1.9661331,-1.595137,-0.058711015,-1.1700785,1.677534,-0.370266,0.60099345,1.2518855,1.3936514,0.9056924,0.22269301,2.1190531,-0.7123748,-0.058742452,-0.9254289,-0.87433183,-0.7102514,0.09172888,0.92642295,-0.6880594,-0.8185931,-0.248155,1.5844005,0.88033503,-0.88033503,0.8302684,0.025249986,0.5343524,-0.13309306,0.8786267,-0.3228439,0.42454088,-0.856927,-0.9052317,-0.8809308,-0.56013167,-1.6083908,-0.58778524,-0.809017,-0.5,-0.8660254,0.0
2018-07-19 00:00:00,5.0,-0.36943635,-0.57896894,1.1613305,0.51764977,0.3998052,0.06570363,0.18410243,1.3852987,1.4842772,1.0881838,0.39562973,1.9133892,-0.81670296,-0.1639574,-1.2094333,-1.2137134,-1.318104,-0.017480409,0.62801975,-0.8449442,-0.95947134,-0.38138777,1.0535123,1.8021994,-1.8021994,0.5209626,-0.381273,0.47843894,-0.26145098,1.7806803,-0.75606453,0.22992197,-0.96544665,-1.310199,-1.6036234,-0.6640615,-1.597204,-0.58778524,-0.809017,-0.5,-0.8660254,0.0
2018-07-26 00:00:00,5.0,0.24934217,0.39396214,-0.11027271,0.88855165,-1.0151985,-0.59646523,-0.5341727,0.26677984,0.62168324,0.62528837,0.18581693,0.74261546,-0.6345444,-0.040765364,-1.3497255,-0.6254966,-1.4244914,0.22745983,1.2304496,-0.7873684,-0.8900412,-0.28305715,-0.53344387,1.500659,-1.500659,0.60132015,-0.1644973,0.519863,0.013452436,0.6469428,-0.8688178,0.18356782,-0.9073612,0.014985212,-1.3122721,-0.47741386,-1.4946417,-0.58778524,-0.809017,-0.5,-0.8660254,0.0
2018-08-02 00:00:00,5.0,-0.09846488,-0.43765143,1.9136271,0.21533237,-1.6793786,-1.9890467,-1.2699157,1.4616654,-0.5187851,-0.013772786,-0.09393201,-0.7720883,-0.61235404,-0.026019394,-1.4672365,-1.1263952,-1.457231,0.16827388,1.5431762,-0.91762024,-0.967732,-0.24941534,-1.6620243,1.4146461,-1.4146461,-0.27841985,-0.06144979,0.46908128,0.42101428,-1.0772359,-0.7942638,0.24666335,-0.9890159,0.4406508,0.17021091,-0.5707424,-1.4308479,-0.58778524,-0.809017,-0.5,-0.8660254,0.0
2018-08-09 00:00:00,5.0,-1.1412729,-0.51899827,2.257611,-0.49762905,-0.44976115,-1.1175653,0.69587666,-3.0,-0.41993967,0.105400905,0.08460067,-0.85229754,-1.178595,-0.48302916,-1.6660153,-1.5458263,-1.4842024,-0.61959064,1.4602602,-1.6839026,-1.4656131,-0.6235233,0.41181538,2.2381709,-2.2381709,0.030663308,-0.50766593,0.20321417,0.26187533,-0.87866795,-1.4783455,0.24310732,-1.4907328,-0.9629971,-0.36141807,-1.5402229,-1.2390383,-0.58778524,-0.809017,-0.8660254,-0.5,0.0
2018-08-16 00:00:00,5.0,-0.98788714,-1.0845997,1.1818498,-0.86369073,-0.21331955,-1.0638953,-0.24243712,-0.38574678,-0.12520024,0.34551492,0.3194233,-0.6688193,-1.6534225,-0.8780447,-1.8940161,-1.0973881,-1.5480196,-0.88068706,1.6186393,-2.3801546,-1.895749,-0.9845645,0.67661476,2.510323,-2.510323,-1.637647,-1.0806991,-0.014704463,0.053003643,-1.7998153,-2.1635869,-0.12555076,-1.9264511,-1.489969,-1.1300266,-2.1667957,-1.1398636,-0.58778524,-0.809017,-0.8660254,-0.5,0.0
2018-08-23 00:00:00,5.0,1.6282108,1.3859689,-0.9765607,-1.1217784,0.4204479,-1.1528934,-0.3844087,0.085301444,0.09055881,0.22722413,0.0827711,-0.004433286,-0.7199987,-0.22440164,-1.592663,-0.17665556,-1.1527679,-0.26722947,1.5695581,-1.1602061,-1.126581,-0.49275342,0.92420214,1.0497144,-1.0497144,0.23491232,-0.87029284,0.48063803,0.3013881,-1.5568879,-1.7521195,-0.20345373,-1.1577052,-0.048063517,-0.02699608,-0.88447344,-0.68229735,-0.58778524,-0.809017,-0.8660254,-0.5,0.0
2018-08-30 00:00:00,5.0,0.7852759,1.0170463,-0.76227474,-0.3920643,-0.46804816,-1.3684503,-0.68026763,0.3726535,-0.3908502,-0.17666923,-0.20302865,-0.32569188,-0.26764327,0.12878007,-1.2169532,0.08235365,-0.47746053,-0.5703685,1.6756597,-0.2622479,-0.69677883,-0.20091128,0.19507083,0.0070978464,-0.0070978464,0.739517,-0.54161435,0.74315095,0.67435277,-1.2112341,-0.54025835,-0.21508878,-0.73653144,0.43257168,1.1887269,-0.49733734,-0.37352207,-0.58778524,-0.809017,-0.8660254,-0.5,0.0
2018-09-06 00:00:00,5.0,-0.21575645,-0.38937417,2.8723261,-0.8573915,-0.75400317,-0.77663887,0.6427378,0.58473563,-0.813125,-0.45679787,-0.32192498,-0.78684974,-0.28869605,0.113051906,-0.95952654,0.024658976,-0.9653907,-0.82169896,1.6587025,-0.33921787,-0.7429631,-0.2503064,-0.41011164,-0.05752292,0.05752292,0.7715721,0.13697569,0.72622216,0.885842,-0.6048693,0.19496466,-0.25015834,-0.7852866,0.8830104,1.648779,-0.49749616,-0.53406066,-0.58778524,-0.809017,-0.8660254,-0.5,0.0
2018-09-13 00:00:00,5.0,0.80631,0.7923069,-0.77805233,0.34383067,0.42471328,0.27273542,1.0571549,-0.2810214,-0.45315164,-0.41130906,-0.4224571,-0.15274723,0.21778862,0.5240551,-0.53595585,0.99862283,-0.5928832,-0.6386444,1.5552719,0.6042912,-0.25492907,0.027152069,0.8043663,-0.9256454,0.9256454,-0.024945125,1.1185815,1.0598749,0.9678294,-0.033309005,0.28432003,-0.44802245,-0.31904832,1.3203489,1.0283319,0.8255515,-0.5271966,-0.58778524,-0.809017,-1.0,-1.8369701e-16,0.0
2018-09-20 00:00:00,5.0,-0.39929163,-0.64316523,-1.1640245,3.0,-1.0765328,-0.14283359,-0.48385775,0.16854462,-1.0860202,-0.8079902,-0.5861774,-0.88907117,0.06649797,0.39822412,-0.32617518,1.2963016,0.08194852,-0.63022023,1.2953525,0.24664763,-0.3886662,-0.071019195,-0.9884462,-0.7622228,0.7622228,-0.72691983,-0.16855091,0.98154575,1.2521924,-0.59569764,0.28416997,-0.8137304,-0.44684005,-1.0197773,0.35674453,0.6098042,-0.579524,-0.58778524,-0.809017,-1.0,-1.8369701e-16,0.0
2018-09-27 00:00:00,5.0,0.5757811,0.59222484,0.1407508,-0.15815993,0.34340358,0.22081463,0.11523101,-0.115830496,-0.72298425,-0.7296827,-0.65711355,-0.3098902,0.47051203,0.73486006,-0.041491766,0.77611494,0.46665782,-0.94176203,1.2535692,0.83669746,0.013210094,0.12856826,0.7071123,-0.6474179,0.6474179,-1.5403594,1.1194876,0.9484294,1.2774084,-0.6592156,0.9095117,-0.82637906,-0.048133783,-0.06315997,0.7711733,0.6435166,-1.2039809,-0.58778524,-0.809017,-1.0,-1.8369701e-16,0.0
2018-10-04 00:00:00,5.0,1.6993204,1.2793428,-0.7902068,-1.0382605,1.0079972,0.65340245,0.15800664,1.3231332,-0.24933228,-0.66533816,-0.88717043,0.6577418,1.3073303,1.5353122,0.5006326,1.2442167,1.0371546,-0.5940657,1.6313622,1.8870025,0.9999444,0.7905228,1.3313379,-0.9206393,0.9206393,-0.40528962,1.8152552,1.0528233,1.4312927,0.2963516,2.0961783,-0.9728331,0.9171955,0.43257168,1.0826064,1.0259213,-1.1143014,-0.58778524,-0.809017,-1.0,-1.8369701e-16,1.0
2018-10-11 00:00:00,5.0,-1.5566708,-1.7766557,-0.8187772,-0.45116502,0.02998694,1.1972005,0.25440705,-0.34163085,0.14562003,-0.14101948,-0.38380527,0.61607337,0.13445978,0.54835606,0.4761888,0.56634855,0.46284544,-1.1296699,1.6820204,0.618271,0.16334175,0.024404911,0.49462354,-0.124809384,0.124809384,1.106447,-0.18145636,0.5629772,0.8956514,0.81562936,1.2927742,-1.6706192,0.07690292,-1.0093338,0.06346807,-0.12986493,-0.09194555,-0.58778524,-0.809017,-0.8660254,0.5,0.0
2018-10-18 00:00:00,5.0,-1.4839045,-1.7100567,-1.0997787,-0.12489104,-0.44549862,1.5863105,0.22082321,-1.214053,0.41256762,0.31755432,0.13576877,0.44497293,-0.83786535,-0.37993634,0.12538677,-0.5825902,0.3274853,-1.2596003,0.97454286,-0.41029838,-0.59536207,-0.7005643,0.20621954,0.60619646,-0.60619646,1.6074449,-2.1810055,0.043386664,0.42310846,0.38087973,-0.1265591,-1.7247001,-0.6862553,-1.4395471,-1.25426,-1.2119558,-0.2774818,-0.58778524,-0.809017,-0.8660254,0.5,0.0
2018-10-25 00:00:00,5.0,-1.8623269,-1.6725353,-0.6636225,-0.56320465,1.2754757,2.063566,0.40601024,0.83672035,1.8522904,1.713011,1.376942,1.261678,-1.878825,-1.530783,-0.48376536,-1.3243812,-0.03873578,-1.604144,0.81168044,-1.6106892,-1.5000082,-1.6734889,1.2745903,1.509989,-1.509989,1.9788545,-3.0,-0.5953454,-0.67185014,1.7775433,-1.259273,-1.0821968,-1.5624546,-1.853809,-2.8596406,-2.487291,0.68426836,-0.58778524,-0.809017,-0.8660254,0.5,0.0
2018-11-01 00:00:00,5.0,-0.5013234,-0.4177796,2.3919373,-0.89066523,-0.91007733,-0.50382614,-1.6179194,-1.2606802,1.0584853,1.339203,1.336441,0.3028388,-1.9744632,-1.7293612,-0.9299213,-1.7995044,-0.8695948,-1.9028786,0.12586756,-1.7260749,-1.5935063,-1.8391346,-0.5828838,1.6104815,-1.6104815,1.5588388,-3.0,-0.8639301,-0.5340984,0.81054294,-1.6078038,-0.9191843,-1.6557323,-2.181498,-1.8709135,-2.5342436,0.55657583,-0.58778524,-0.809017,-0.8660254,0.5,0.0
2018-11-08 00:00:00,5.0,-1.6784222,-1.7269715,-1.1181011,-0.40035817,0.1911856,0.7677614,1.3844937,0.1551246,1.624288,2.0444455,2.1908934,0.36519396,-2.5514126,-2.5134482,-1.4487267,-3.0,-1.8107747,-2.0570152,-0.48829836,-2.4823475,-2.1845114,-2.4748957,0.5024473,2.2724416,-2.2724416,-2.1467884,-3.0,-1.5422155,-1.2232497,0.16280606,-2.4687502,-1.6932926,-2.2190251,-2.4411168,-1.6412816,-3.0,-0.039172042,-0.58778524,-0.809017,-0.5,0.8660254,0.0
2018-11-15 00:00:00,2.0,-2.756466,-1.5183594,-0.63639534,-0.5783982,2.4435368,1.6912405,0.5688602,0.270364,3.0,3.0,3.0,2.3091428,-3.0,-3.0,-1.9359565,-3.0,-2.7298517,-3.0,-1.451722,-3.0,-2.8002365,-3.0,1.3709813,2.2796829,-2.2796829,-1.3379997,-3.0,-2.2170844,-2.852109,1.7340038,-3.0,-1.8117383,-2.7536087,-2.2913203,-1.6204766,-3.0,0.9142014,-0.58778524,-0.809017,-0.5,0.8660254,0.0
2018-11-22 00:00:00,2.0,-1.2995034,-0.8371966,0.52421975,-0.10771751,1.1577828,0.9544155,-0.5569639,-0.59279275,3.0,3.0,3.0,2.4980674,-3.0,-3.0,-2.250955,-3.0,-3.0,-3.0,-1.9883926,-2.9589882,-2.77216,-3.0,1.2846076,2.142665,-2.142665,-1.2916583,-3.0,-2.3942096,-3.0,2.3482516,-3.0,-1.740315,-2.7035897,-2.1719573,-1.7306532,-2.839017,0.9606655,-0.58778524,-0.809017,-0.5,0.8660254,0.0
2018-11-29 00:00:00,2.0,-2.3156538,-1.767652,-0.90028006,-1.1724273,-0.06098588,0.3311459,-0.6095505,-2.6738963,3.0,3.0,3.0,1.9260939,-3.0,-3.0,-2.5869617,-3.0,-3.0,-3.0,-2.229219,-2.8779197,-3.0,-3.0,0.31663448,2.202554,-2.202554,-1.1514474,-2.7475376,-3.0,-3.0,1.5235517,-3.0,-1.6751105,-2.970384,-2.071395,-1.5336953,-2.8140616,0.55779874,-0.58778524,-0.809017,-0.5,0.8660254,0.0
2018-12-06 00:00:00,2.0,1.3245782,0.72917825,0.34844786,-0.39749655,0.83962375,0.26082432,-0.23236144,0.12433424,3.0,3.0,3.0,1.8629994,-2.5012107,-2.877738,-2.381472,-2.317755,-2.9922874,-2.443459,-1.9676348,-2.150752,-2.3484774,-2.7709732,1.0738636,1.7023329,-1.7023329,0.46117324,-2.080835,-2.4251115,-2.987558,2.3165965,-2.4279265,-1.6537148,-2.2848756,0.20208731,-0.024530128,-2.1799548,0.30125535,-0.58778524,-0.809017,-0.5,0.8660254,0.0
2018-12-13 00:00:00,2.0,-0.693862,-0.6474833,0.53607213,0.31671277,0.33431187,1.2895108,0.90008783,0.5319152,3.0,3.0,3.0,1.4981737,-2.4465044,-2.7978768,-2.2138424,-1.9630073,-3.0,-2.5516179,-2.2468817,-1.9947263,-2.28032,-2.6832924,0.8185158,1.7744898,-1.7744898,0.50406295,-2.1005669,-2.5136898,-2.8955944,2.131792,-2.0447013,-2.0762029,-2.1849635,-0.5370232,0.13571447,-2.220012,0.26068893,-0.58778524,-0.809017,-2.4492937e-16,1.0,0.0
2018-12-20 00:00:00,2.0,-1.4147328,-0.97936076,0.0505752,-0.12737057,0.83692414,0.45390996,-0.6901944,0.60330397,3.0,3.0,3.0,1.5717789,-2.491988,-2.845544,-2.0646238,-1.5190972,-3.0,-2.733845,-2.5233543,-1.9559757,-2.3190339,-2.6877496,1.0717871,1.8121029,-1.8121029,-0.26627883,-2.0086856,-2.6661823,-2.9598303,0.8589943,-1.9313314,-2.1553311,-2.2278223,-0.88585824,0.33105037,-2.222213,0.5237246,-0.58778524,-0.809017,-2.4492937e-16,1.0,0.0
2018-12-27 00:00:00,5.0,-1.3688974,-0.6266589,-1.010004,2.3135536,0.94980323,-0.6941534,-1.0578021,-2.258068,3.0,3.0,3.0,1.8398843,-2.4962807,-2.8343313,-1.9191664,-1.5452383,-2.8951266,-2.6846023,-2.9795904,-1.8836176,-2.29777,-2.6207538,1.1554291,1.5281466,-1.5281466,-0.2670282,-1.849882,-2.6342986,-2.9845612,0.75956845,-1.9194353,-2.3104491,-2.2420216,-1.2259451,-0.5485684,-1.8797244,0.618138,-0.58778524,-0.809017,-2.4492937e-16,1.0,0.0
2019-01-03 00:00:00,2.0,0.30349827,-0.033257935,0.3226905,2.1861026,-0.19871536,-0.8928223,-0.39871958,1.7023444,2.9686873,3.0,3.0,1.1874198,-2.2752495,-2.5647743,-1.7663778,-0.66052365,-2.3429093,-2.353435,-2.8867142,-1.6264591,-2.0852292,-2.40417,0.45623624,1.4357071,-1.4357071,-0.8237923,-1.5150476,-2.457543,-2.6934505,0.53190184,-1.5817885,-2.4348333,-2.0550928,0.33333224,-0.25705984,-1.7573906,0.6461411,-0.58778524,-0.809017,-2.4492937e-16,1.0,1.0
2019-01-10 00:00:00,2.0,3.0,1.5468075,-0.9779254,-1.0082141,1.3267945,0.74078614,1.9730082,-0.48012316,2.5654411,2.6328824,2.6066356,1.6005899,-1.2920197,-1.6905513,-1.1384699,0.023903552,-1.4467008,-1.8737506,-1.8788832,-1.0454111,-1.2325321,-1.7353783,1.1375561,0.8596704,-0.8596704,0.69585115,-1.1661946,-1.5225968,-2.2392566,0.79025155,-1.1295307,-2.4452193,-1.2002382,0.704093,1.474295,-1.1261976,0.8790098,-0.58778524,-0.809017,0.5,0.8660254,0.0
2019-01-17 00:00:00,2.0,-0.038113307,-0.058975052,0.26333326,2.1278455,-1.126337,-0.105150536,-0.68494296,-0.32011253,1.8741527,2.1954033,2.3212104,0.50034416,-1.2570795,-1.6300576,-0.76818424,0.2542331,-1.1076316,-1.9995302,-1.9426636,-0.96104056,-1.1698251,-1.6954101,-0.53445846,0.73324347,-0.73324347,0.70322984,-1.2134218,-1.6150457,-2.0228086,0.13810049,-0.9190042,-2.7643223,-1.1568787,-0.4559232,1.6656545,-1.0992217,0.7696324,-0.58778524,-0.809017,0.5,0.8660254,0.0
2019-01-24 00:00:00,2.0,-0.06471362,-0.0804974,1.6007029,0.37040305,-1.4473735,-0.15825297,-0.15489134,-0.4164585,1.2950214,1.800319,2.055555,-0.5020217,-1.2298136,-1.5795873,-0.45272827,0.7384135,-0.5220095,-1.9399637,-1.8628575,-0.88655967,-1.1153362,-1.6748089,-0.93632704,0.667486,-0.667486,0.25391713,-1.2470496,-1.7333599,-1.8136885,-0.7915059,-0.8110972,-3.0,-1.1203024,-0.8366178,1.4763469,-1.0784469,0.76748896,-0.58778524,-0.809017,0.5,0.8660254,0.0
2019-01-31 00:00:00,2.0,0.22095318,0.29988804,0.22214596,1.0541435,-1.2881185,-0.8505598,-0.63982046,-0.334286,0.84717906,1.4408165,1.780476,-1.2084895,-1.1216382,-1.4670188,-0.13352881,1.2959824,-0.17848936,-1.9848647,-1.5836886,-0.77114487,-0.96376705,-1.6037594,-0.8621207,0.48131043,-0.48131043,-0.34934387,-1.0060544,-1.7640482,-1.5953261,-1.6788956,-0.7566909,-2.8950632,-0.9850461,0.3129302,0.20626956,-1.0003392,0.7864741,-0.58778524,-0.809017,0.5,0.8660254,0.0
2019-02-07 00:00:00,2.0,0.4498025,0.6579731,0.48645094,-0.30238125,-1.5836878,-1.082286,-0.35168457,0.19448866,0.36870494,1.0374115,1.4595244,-1.8643698,-0.9426933,-1.3044097,0.20432515,1.3381381,0.4693196,-1.7693655,-1.5567181,-0.62296945,-0.75352764,-1.500547,-1.627463,0.2200176,-0.2200176,-0.42591965,-0.79151934,-1.7546761,-1.3262882,-2.0035317,-0.61967576,-2.793954,-0.80020773,0.69524854,0.43527037,-0.8800742,0.8159851,-0.58778524,-0.809017,0.5,0.8660254,0.0
2019-02-14 00:00:00,2.0,0.40221944,0.47469777,-0.6928002,1.6897912,-1.0757397,0.25346726,1.0748372,-0.011114013,0.16791923,0.7976896,1.2451813,-1.9794192,-0.78400254,-1.1624273,0.5457998,0.35939458,0.26274392,-1.7490841,-1.6034124,-0.47755817,-0.5178392,-1.3879782,-0.58181643,-0.0786946,0.0786946,-2.8740337,-0.51654255,-1.6732618,-1.1324612,-2.5144634,-0.5422398,-2.6422937,-0.5808342,1.0723436,0.6508416,-0.77137834,0.82948655,-0.58778524,-0.809017,0.8660254,0.5,0.0
2019-02-21 00:00:00,2.0,1.4200075,1.5486416,-0.82856035,-1.2169559,-0.6143894,-0.4507995,-0.6018279,0.1470627,0.035968825,0.5286847,0.92787504,-1.7490406,-0.3038228,-0.7695426,1.0258135,0.9002576,0.79259837,-1.7118496,-1.4100949,-0.07794246,0.081191875,-1.0539888,-0.2929627,-1.1252716,1.1252716,-1.8029306,-0.2321148,-1.2344034,-0.8305013,-2.1065824,-0.21012917,-2.2087493,0.007096105,1.441567,1.237458,-0.42799094,0.8536909,-0.58778524,-0.809017,0.8660254,0.5,0.0
2019-02-28 00:00:00,2.0,-0.2681464,-0.49137148,-0.38484225,1.5842907,-0.9859688,-1.39193,-0.9079689,0.29257688,-0.052633617,0.4326161,0.8691885,-1.844651,-0.37342662,-0.811994,1.3057717,0.82364106,1.0636508,-1.4987849,-1.5220934,-0.012374938,0.13540246,-1.0939269,-0.69073266,-1.1179622,1.1179622,-1.5577894,-0.29841003,-1.3423975,-0.76666546,-1.8202492,-0.06227913,-1.9833161,0.06661005,-0.4559232,0.878664,-0.29415402,0.76652205,-0.58778524,-0.809017,0.8660254,0.5,0.0
2019-03-07 00:00:00,2.0,-0.14144608,-0.28462094,0.27707812,1.2456183,-1.3747054,0.035535764,1.1982625,-0.12833166,-0.29880828,0.23346715,0.73621744,-2.195402,-0.40532282,-0.8248154,1.4846263,0.69583297,1.3438462,-1.2711594,-1.5964353,0.08790664,0.22873278,-1.1144495,-1.9030545,-1.0583729,1.0583729,-1.4503253,-0.50587755,-1.4773196,-0.609368,-1.767324,0.05131801,-1.7820461,0.1795623,-0.8221207,0.599964,-0.220748,0.79522216,-0.58778524,-0.809017,0.8660254,0.5,0.0
2019-03-14 00:00:00,2.0,0.63908964,0.8190047,-0.9081523,1.0248008,-0.69721234,0.9734718,0.36808774,-0.10123208,-0.33312714,0.096646346,0.5701824,-1.9856124,-0.15757813,-0.6312243,1.6582072,0.771434,1.4151059,-0.8030064,-1.4279763,0.4445423,0.57068825,-0.9321841,-0.48343256,-1.3207313,1.3207313,-1.3866285,0.024466995,-1.2544982,-0.4316129,-1.3929096,0.2725501,-1.2638407,0.5653077,0.42166552,0.23258951,0.16959219,0.63243455,-0.58778524,-0.809017,1.0,6.123234e-17,0.0
2019-03-21 00:00:00,2.0,0.38809615,0.7052664,-1.0053135,1.4343834,-1.3345344,-0.032604493,-0.6388957,0.20955357,-0.6106977,-0.15612543,0.35884643,-2.2798223,0.0051940503,-0.50492364,1.8545512,0.76935315,0.7556548,-0.6335704,-1.3882225,0.78180426,0.8623498,-0.8259622,-2.0308793,-1.340686,1.340686,-1.4200469,0.6119593,-1.2184813,-0.14244384,-1.5029696,0.64546525,-1.1359799,0.830004,0.8850105,0.56810504,0.53191304,0.6547385,-0.58778524,-0.809017,1.0,6.123234e-17,0.0
2019-03-28 00:00:00,2.0,-0.25650826,-0.4404287,-0.4407883,1.6452223,-1.1833161,0.44906035,0.115625635,-0.4389312,-0.75396186,-0.2959408,0.26368496,-2.381672,-0.09111015,-0.55944794,1.8680109,0.1368574,0.70009094,-0.3806753,-1.2851907,0.784882,0.8451962,-0.8752035,-1.8270805,-1.1944331,1.1944331,-2.0662525,0.22881083,-1.3787395,-0.0064978297,-1.7178208,0.7459146,-1.1303316,0.81264734,-0.39968216,0.4713417,0.7071014,1.0956533,-0.58778524,-0.809017,1.0,6.123234e-17,0.0
2019-04-04 00:00:00,5.0,0.56374866,0.7684682,-0.26844802,0.26758713,-0.63382274,1.0012133,0.101279385,0.22672123,-0.7368819,-0.3976964,0.1162806,-2.0324326,0.14353184,-0.37916684,1.8563932,0.44696906,0.8509083,0.32369766,-0.8825717,0.9591045,1.0695717,-0.67625135,-0.61866844,-1.1895479,1.1895479,-1.7929683,0.9049588,-1.1504393,0.16813955,-1.5061797,0.90620977,-0.80283505,1.0431447,0.43724072,0.43848738,1.3478653,0.7151555,-0.58778524,-0.809017,1.0,6.123234e-17,1.0
2019-04-11 00:00:00,5.0,0.88381577,1.4174117,-1.0359966,-0.63316,-0.819201,1.0139421,-0.132762,0.6275947,-0.85659623,-0.58509,-0.10656024,-1.937332,0.48166907,-0.110650614,1.9594388,0.82834524,1.0063115,0.8056926,-0.60799617,1.1456594,1.4194657,-0.37763888,-1.2889158,-1.2425994,1.2425994,-1.5742413,1.269353,-0.8421991,0.50126183,-1.2636454,1.0822284,-0.12972298,1.3880062,0.8384022,0.7089754,1.4019412,0.5627938,-0.58778524,-0.809017,0.8660254,-0.5,0.0
2019-04-18 00:00:00,5.0,-0.0828481,-0.15514167,0.47131354,1.5153217,-1.3671267,0.5480758,-0.36184615,-0.10847635,-1.1049697,-0.78941905,-0.26488122,-2.2589881,0.45580292,-0.11638468,1.9941201,0.5569982,0.8700493,1.2836382,-0.6926501,0.94110405,1.3460711,-0.3624986,-2.0221062,-1.0728412,1.0728412,-1.1681844,0.6229471,-0.9881223,0.80300397,-1.6030239,0.9575743,0.5223286,1.3033085,-0.44796875,0.82398635,1.2770604,1.7586747,-0.58778524,-0.809017,0.8660254,-0.5,0.0
2019-04-25 00:00:00,5.0,1.0322393,1.5614902,-0.9126586,-1.2287617,-0.2569282,0.39527214,-0.22861618,-0.12856528,-1.0305448,-0.8665894,-0.43721592,-1.7779182,0.8315981,0.19833171,2.0278537,0.7974843,1.0163302,1.2319531,-0.5109969,1.1203723,1.6927018,0.02251869,-0.40479666,-1.1469352,1.1469352,-0.64030266,0.9611046,-0.5015691,1.036895,-1.1497563,1.0157897,1.3166434,1.6585869,0.42831,1.0340723,1.3124675,2.1247268,-0.58778524,-0.809017,0.8660254,-0.5,0.0
2019-05-02 00:00:00,5.0,-0.9267465,-1.1525549,-0.035851125,-0.46851555,0.33429596,0.64965457,-0.05071982,-0.038284812,-0.66916186,-0.63824445,-0.2700959,-1.1072145,0.33676735,-0.10519477,1.6968007,0.5464982,0.44183025,1.1541215,-0.5601484,0.6604294,1.0488462,-0.25527027,0.21814004,-0.52895737,0.52895737,0.187599,0.4037336,-0.7406388,0.57323486,-0.47656417,0.7824507,1.6314647,0.9793935,-0.44282898,-0.21264069,0.8706544,2.0033402,-0.58778524,-0.809017,0.8660254,-0.5,0.0
2019-05-09 00:00:00,2.0,-0.71567655,-1.0998561,-1.0042299,0.7192898,-0.20918429,1.4945849,0.46343973,-0.0002270947,-0.5820063,-0.5644821,-0.20395325,-0.98868585,0.0035442675,-0.31867397,1.3321656,0.06596487,0.33190125,1.2829123,-0.7216252,0.3401628,0.6028382,-0.4322747,-0.53584427,-0.10814037,0.10814037,0.6791471,-0.18096697,-0.9693065,0.39588338,-0.41406694,0.39153337,1.5933405,0.5042872,-0.85258573,-0.6729755,0.6221087,2.109609,-0.58778524,-0.809017,0.5,-0.8660254,0.0
2019-05-16 00:00:00,2.0,0.5260622,0.86945313,0.05191704,-0.37343234,-0.2855258,2.1620057,0.55634016,-0.32562956,-0.66150963,-0.65698755,-0.3327621,-0.97698253,0.22137049,-0.14964545,1.146181,-0.06978219,0.4908941,1.6687227,-0.94431,0.49615562,0.7004926,-0.22950467,-0.8521036,-0.39157847,0.39157847,0.64575154,0.44474554,-0.7660434,0.577711,-0.29621327,0.46433315,1.8093925,0.6170416,0.45744604,-0.9116701,0.76681125,1.5946817,-0.58778524,-0.809017,0.5,-0.8660254,0.0
2019-05-23 00:00:00,2.0,-0.30933842,-0.7173503,1.1347765,-0.7267728,-0.3789499,1.7129681,-0.22346744,0.6275796,-0.6967251,-0.67867947,-0.35545638,-1.021115,0.08555181,-0.23157424,0.9190118,-0.15395552,0.26121938,1.5084128,-0.9787149,0.35565084,0.4351647,-0.29157108,-1.1895076,-0.04582467,0.04582467,0.64441925,-0.29235953,-0.8875776,0.578904,0.12260845,0.4613398,1.7902236,0.37449628,-0.39031512,-0.38137946,0.59685415,1.6454517,-0.58778524,-0.809017,0.5,-0.8660254,0.0
2019-05-30 00:00:00,5.0,-0.61129975,-0.748679,-1.0589236,1.6773987,0.7774896,1.1190821,-0.41104448,-0.7367326,-0.49436316,-0.538684,-0.25516582,-0.6862934,-0.1925615,-0.409363,0.588441,-0.76861435,0.021074088,0.6934751,-0.95517576,0.023583455,0.08295938,-0.4443125,-0.1904307,0.41456375,-0.41456375,0.0917275,-0.93823314,-1.0165046,0.32162964,0.2352227,-0.0016457932,1.7236291,0.006306792,-0.82108915,-0.29306567,0.089339174,1.2731001,-0.58778524,-0.809017,0.5,-0.8660254,0.0
2019-06-06 00:00:00,5.0,-3.0,-1.7226974,-0.9812439,-1.1268055,3.0,1.4324591,0.25646338,0.98650193,1.4067011,0.86189836,0.88426024,1.4804105,-1.3390938,-1.311584,-0.19232357,-1.7406778,-0.78256637,-0.099757925,-1.8273174,-1.5719318,-1.1372436,-1.2098708,1.3795323,1.5416975,-1.5416975,1.9173435,-1.5135788,-1.4255389,-1.2030787,1.9168943,-1.0440952,0.6834958,-1.2012613,-1.2183871,-2.2435865,-1.6700519,-0.34693253,-0.58778524,-0.809017,0.5,-0.8660254,0.0
2019-06-13 00:00:00,5.0,-0.19086961,-0.27945003,2.3215356,-1.2150489,0.4111779,0.3060408,-0.850446,-0.047678545,1.2738262,0.90759814,0.94499,1.1602484,-1.358579,-1.3266755,-0.6168002,-1.53764,-0.96248865,-0.1318155,-1.8779474,-1.5854989,-1.1717519,-1.195762,0.32974496,1.5974065,-1.5974065,1.9542216,-1.7757257,-1.4344234,-1.2235984,1.924479,-1.3818684,0.67585164,-1.219466,-1.5872524,-2.0111957,-1.7280794,-0.41579947,-0.58778524,-0.809017,1.2246469e-16,-1.0,0.0
2019-06-20 00:00:00,5.0,0.83821774,1.2234435,0.3831372,-1.503046,-0.3491658,0.9137972,0.42993256,-0.38378808,0.70740324,0.5706551,0.6697402,0.50619984,-0.9972488,-1.0652335,-0.7698079,-1.378832,-0.9557283,0.021998262,-1.6915611,-1.2165197,-0.9269623,-0.9856094,-1.0551747,1.2189598,-1.2189598,1.9366955,-1.1096814,-1.3011816,-0.9452767,1.5826194,-1.2987767,0.70422345,-0.94003654,0.5804328,-1.11457,-1.3154881,-0.31144765,-0.58778524,-0.809017,1.2246469e-16,-1.0,0.0
2019-06-27 00:00:00,5.0,1.816271,1.6541064,-0.6989282,-1.5011227,0.4123637,0.09641569,-0.6840543,1.4541018,0.5172575,0.35507557,0.37004846,0.5824593,-0.25518432,-0.50960004,-0.52037406,-0.53882855,-0.45499736,0.38122183,-1.2726922,-0.39617804,-0.28083315,-0.4668383,0.38275075,0.3592961,-0.3592961,2.571892,-0.5888387,-0.6723275,-0.6366083,1.8892922,-0.63463396,0.5267541,-0.2566659,0.98633814,1.488379,-0.3803997,-0.6369021,-0.58778524,-0.809017,1.2246469e-16,-1.0,0.0
2019-07-04 00:00:00,5.0,-0.9287392,-0.9498152,-0.4012034,0.24928252,0.40666002,-0.850364,-0.87120193,-1.1137309,0.6597136,0.5553082,0.59193844,0.5384675,-0.5647962,-0.7543,-0.479605,-0.6992713,-0.95141053,0.054911714,-1.6206807,-0.8774722,-0.6150529,-0.6860061,0.48802894,0.81415755,-0.81415755,2.3556328,-0.8683641,-0.91924477,-0.84269524,1.7095593,-0.8226021,0.12200515,-0.60382813,-0.29574323,1.112542,-0.8775147,-1.0043968,-0.58778524,-0.809017,1.2246469e-16,-1.0,1.0
2019-07-11 00:00:00,5.0,1.2553211,1.3822609,-0.9314533,-0.4392645,0.13958925,-1.6418052,-0.9969362,0.33479863,0.37059993,0.30935568,0.32941222,0.35267153,-0.0812521,-0.376881,-0.24586345,1.130837,-0.39737806,0.046787575,-1.4669386,-0.23540744,-0.1539213,-0.31889337,-0.12866463,0.20950708,-0.20950708,0.20650548,-0.5053209,-0.53780144,-0.5635767,-0.21889412,-0.4988686,-0.30774635,-0.12676367,0.5804328,1.2325895,-0.21807905,-1.1839747,-0.58778524,-0.809017,-0.5,-0.8660254,0.0
2019-07-18 00:00:00,5.0,-1.1439397,-1.3080444,-0.12381568,-1.0529846,0.19434726,-0.7843374,1.1322012,-0.7451705,0.5038554,0.5095604,0.57912695,0.25966,-0.48828438,-0.7030665,-0.25277337,0.7370172,-0.5436495,-0.19361205,-1.6540449,-0.82245517,-0.5780121,-0.6315232,0.02663998,0.8014915,-0.8014915,0.699301,-0.7838889,-0.90304977,-0.79665524,-0.2535314,-0.62057287,-0.34161195,-0.56679523,-0.26590547,-0.24832156,-0.868035,-1.0364234,-0.58778524,-0.809017,-0.5,-0.8660254,0.0
2019-07-25 00:00:00,5.0,-0.10055314,-0.2638662,0.28906187,1.2096897,-0.34074384,-0.5578519,0.07849849,0.05167458,0.27639526,0.38846385,0.5219944,-0.09323336,-0.5245818,-0.7278994,-0.2684806,0.3642802,-0.7021264,-0.1876201,-1.4989561,-0.83703685,-0.6215821,-0.65832907,-0.83268267,0.8617383,-0.8617383,0.6654965,-1.0214796,-1.0177116,-0.7195074,-0.17745341,-0.8886196,-0.5721424,-0.6123286,-0.69915885,0.115683205,-0.9346373,-1.0347888,-0.58778524,-0.809017,-0.5,-0.8660254,0.0
2019-08-01 00:00:00,5.0,0.80530906,1.4873875,-0.71758795,-1.0237882,-0.7537375,-2.017101,-1.6389068,0.05438453,-0.19785343,0.009601701,0.19798021,-0.61178106,-0.18041644,-0.46044812,-0.14505857,-0.044752423,-0.40180498,-0.12596364,-1.2017189,-0.41255748,-0.31083372,-0.40488058,-1.7157743,0.47289443,-0.47289443,-0.012799218,-0.6849126,-0.89867824,-0.35963413,-0.7073354,-0.5465413,-0.6536796,-0.29685253,0.6041337,-0.11027247,-0.50670487,-1.2443006,-0.58778524,-0.809017,-0.5,-0.8660254,0.0
2019-08-08 00:00:00,5.0,-3.0,-1.7118056,-0.91591924,-1.2633033,1.9049959,0.6041041,3.0,-2.4934094,1.5221198,1.3982353,1.4571309,0.95036095,-1.1925192,-1.3246728,-0.46161136,-1.0775633,-1.2088114,-1.1322618,-1.8241996,-1.6437976,-1.3296193,-1.2506715,1.3599033,1.4262023,-1.4262023,1.1301409,-0.96739346,-1.4328371,-1.4445235,0.32006726,-1.3139077,-0.735441,-1.3474762,-0.26590547,-0.8144212,-1.5602516,-0.026047187,-0.58778524,-0.809017,-0.8660254,-0.5,0.0
2019-08-15 00:00:00,5.0,1.3030716,0.7766312,0.8341425,-0.8227255,0.13602059,-0.4767088,-0.8406312,3.0,1.239503,1.147088,1.1551942,0.8738816,-0.6694431,-0.90236497,-0.4662351,-0.98740494,0.09060275,-0.68535954,-1.423714,-0.96522933,-0.7973761,-0.80940527,0.60447603,0.84748,-0.84748,0.99905854,-0.5216843,-0.9822976,-1.2041268,0.47213107,-1.050718,-0.6994228,-0.7982719,0.6041337,-0.16111358,-0.98743254,-0.27350053,-0.58778524,-0.809017,-0.8660254,-0.5,0.0
2019-08-22 00:00:00,5.0,0.39103046,0.589142,0.2505393,0.31211716,-0.30621883,-0.9523627,-0.5762571,-1.1337706,0.8381343,0.89870673,0.9728347,0.41929162,-0.522934,-0.77898103,-0.4062092,-0.34510097,0.2629836,-0.7094952,-1.4704757,-0.7250089,-0.62881637,-0.6788294,-0.31509,0.6838434,-0.6838434,0.9707702,-0.15338235,-0.95226634,-1.03961,0.2530113,-0.83596236,-0.6935412,-0.63199013,1.03248,-0.39718089,-0.8230707,-0.31723213,-0.58778524,-0.809017,-0.8660254,-0.5,0.0
2019-08-29 00:00:00,5.0,0.16015221,0.02000216,-0.15148592,2.133882,-0.72552013,-1.2088611,-0.49019703,0.46633026,0.37475353,0.60046154,0.7774818,-0.17324412,-0.46821547,-0.7301797,-0.33215478,-0.23238894,0.08707223,-0.8822103,-1.4162761,-0.59599674,-0.5419492,-0.6279099,-1.4566866,0.48973188,-0.48973188,1.0217797,0.20815445,-1.0746707,-0.85971636,0.08049715,-0.72481495,-0.70512563,-0.5535937,1.451082,0.8780929,-0.7639685,-0.40287197,-0.58778524,-0.809017,-0.8660254,-0.5,0.0
2019-09-05 00:00:00,5.0,0.14657462,0.04798934,-0.5095203,2.2392983,-0.22324671,-1.2688096,-0.3427561,0.13324067,0.28050944,0.5081946,0.7018461,-0.25315228,-0.41748753,-0.6775541,-0.22304948,-0.49409854,-0.37257445,-0.82099736,-1.1248195,-0.4832111,-0.42920008,-0.53900445,-0.08551134,0.3862556,-0.3862556,0.8795779,0.5606522,-1.0570306,-0.7868948,0.4111636,-0.6822856,-0.68902886,-0.45058692,1.7990865,0.3138146,-0.70770174,-0.40616727,-0.58778524,-0.809017,-0.8660254,-0.5,0.0
2019-09-12 00:00:00,5.0,0.106806524,0.0695982,1.9631698,-0.2990491,-0.039638598,-0.565977,0.74651396,-0.39539784,0.29639193,0.48916444,0.6758114,-0.18819885,-0.38449436,-0.6384868,-0.114446506,0.9394539,-0.08365878,-1.038851,-1.0532224,-0.4034211,-0.30490497,-0.4482569,0.28659654,0.1682586,-0.1682586,-1.615066,1.0549098,-1.0069743,-0.7600432,-0.687258,-0.3697455,-0.6640184,-0.3303389,2.098839,0.17136534,-0.6702815,-0.4796231,-0.58778524,-0.809017,-1.0,-1.8369701e-16,0.0
2019-09-19 00:00:00,5.0,1.038339,0.34363368,1.6003677,-0.62079686,2.4704916,0.94236803,1.5039101,0.78856736,1.6480527,1.27793,1.0744501,1.7610545,0.11948507,-0.24422196,0.14496817,0.8121395,-0.11222605,-0.5074644,-0.8961167,0.13435431,0.17189689,0.047326684,1.4889503,-0.095478386,0.095478386,-1.7070624,1.6133513,-0.046733778,-1.05192,0.714658,0.26418814,-0.25994036,0.1711658,2.0024223,0.68620396,-0.033837814,-0.5247996,-0.58778524,-0.809017,-1.0,-1.8369701e-16,0.0
2019-09-26 00:00:00,5.0,-0.3571592,-0.58883095,0.8863839,-0.20229934,-0.2691602,-1.1935347,-1.7051294,0.30702996,1.3188323,1.2014135,1.1134824,1.1321969,-0.06537735,-0.37025768,0.2211495,0.48098472,0.09938632,-0.44331104,-0.96361,-0.02450833,0.07421442,-0.022380792,0.09415599,0.15082341,-0.15082341,-1.4167178,1.2244478,-0.21828991,-1.0348451,0.7254234,0.042884048,-0.24950205,0.06993306,-0.35075867,0.4113293,-0.24904066,-0.59583694,-0.58778524,-0.809017,-1.0,-1.8369701e-16,0.0
2019-10-03 00:00:00,5.0,-1.6003727,-1.5944065,-0.77562124,-1.0211432,0.15781221,-1.1968143,-0.28427258,0.72843516,1.6120723,1.6252178,1.6369148,0.9787952,-0.72447616,-0.8884292,0.051204737,-0.3096548,-0.3777494,-1.0645299,-1.1454825,-0.87808615,-0.40004247,-0.46901053,0.8756898,1.0884928,-1.0884928,-0.5172809,0.98638815,-0.67711544,-1.3065436,1.2215611,-0.72077984,-0.22585991,-0.4168015,-0.738517,-0.39408717,-1.1066786,-0.13525693,-0.58778524,-0.809017,-1.0,-1.8369701e-16,1.0
2019-10-10 00:00:00,5.0,0.30241197,0.38508508,0.71631515,0.29413578,-0.6325927,-0.11644498,1.2339519,-0.5630549,1.0567256,1.2683892,1.387425,0.35153288,-0.59400785,-0.77381414,-0.02428376,-0.23760478,-0.5078903,-0.8914946,-0.9814542,-0.7188733,-0.27380732,-0.37153918,-0.6892952,0.9753151,-0.9753151,-0.50957054,1.3300201,-0.7282857,-1.1374166,0.9243507,-0.9240751,-0.2042329,-0.2660286,0.42994598,-0.83115244,-0.9053813,-0.13106613,-0.58778524,-0.809017,-0.8660254,0.5,0.0
2019-10-17 00:00:00,5.0,0.48920587,0.5044548,0.61008674,0.134348,-0.56991965,0.39159718,0.25534928,0.35056448,0.63519514,0.94376266,1.1276308,-0.07105085,-0.36406505,-0.5919156,-0.00055099296,-0.06678908,0.60539764,-0.59835637,-1.1109796,-0.40742522,-0.07929822,-0.20161471,-0.4861642,0.74061275,-0.74061275,-0.4433062,1.521591,-0.6978906,-0.9531048,0.59337646,-0.5942627,-0.2014461,-0.04603563,0.8167775,-0.3468022,-0.6490311,-0.08782942,-0.58778524,-0.809017,-0.8660254,0.5,0.0
2019-10-24 00:00:00,5.0,0.71498865,1.2500069,-0.87302023,-0.20730224,-0.7304218,-0.17458984,-0.6591596,-0.9631809,0.15063514,0.53305674,0.77506673,-0.52963895,-0.013511354,-0.31694663,0.12776168,-0.20736109,0.4227296,0.51007843,-1.0955875,0.08164931,0.14913653,0.056489155,-1.2995688,0.3735056,-0.3735056,-0.28925654,1.5456564,-0.624779,-0.68888575,-1.2056608,-0.21908948,-0.20377402,0.19018124,1.1973236,0.8294062,-0.2574734,0.459684,-0.58778524,-0.809017,-0.8660254,0.5,0.0
2019-10-31 00:00:00,5.0,-0.111938864,-0.4955373,2.1000476,-1.1007204,-1.1081387,-1.5064611,-1.3086058,-0.12533766,-0.34363675,0.17991859,0.5590032,-1.1714854,-0.087404855,-0.3630786,0.2003278,-0.09938422,0.2672237,0.52779144,-1.1230718,-0.071141586,0.06361323,-0.007893059,-1.8844274,0.46597707,-0.46597707,-0.2987886,1.198747,-0.9848583,-0.49731162,-1.4907614,0.056983996,-0.009465566,0.09709652,-0.35075867,0.6057598,-0.35975817,0.4719645,-0.58778524,-0.809017,-0.8660254,0.5,0.0
2019-11-07 00:00:00,5.0,0.4957378,0.497398,0.80446255,0.032925185,-0.2989938,-0.6972142,0.77150434,0.39803892,-0.37908205,0.031273667,0.38340122,-1.0369265,0.17008871,-0.15882389,0.32522166,0.8511,0.37115324,0.45907423,-1.1638247,0.27308676,0.24642068,0.20759869,-0.17114748,0.21347645,-0.21347645,-1.6628039,1.285592,-0.8487424,-0.35282856,-1.5534477,0.17617616,0.0017385378,0.28877854,0.473401,0.6274527,-0.08780747,0.40595093,-0.58778524,-0.809017,-0.8660254,0.5,0.0
2019-11-14 00:00:00,5.0,0.30883655,0.47531724,-0.0092827445,0.8564344,-0.9080516,-0.64831686,-0.16494901,0.26064003,-0.7417342,-0.3065179,0.10048129,-1.3974532,0.33078015,-0.022645835,0.4638903,0.85944396,0.42350116,0.051818326,-1.0749055,0.5559283,0.39293018,0.3312811,-1.7777677,0.091712624,-0.091712624,-1.5609304,1.3109348,-1.0200894,-0.077574044,-1.5966635,0.39871264,-0.002148416,0.45424166,0.85430753,0.383435,0.079539284,0.63783205,-0.58778524,-0.809017,-0.5,0.8660254,0.0
2019-11-21 00:00:00,5.0,0.10706287,-0.088611454,0.41962984,1.403004,-0.43350455,-0.4769534,-0.013182543,0.69918656,-0.77007276,-0.41972125,-0.016579092,-1.3066491,0.3785779,0.026950432,0.5483374,0.6892113,0.42683756,0.34494892,-1.1761287,0.62629396,0.4292336,0.39216772,-0.88054,0.061051574,-0.061051574,-1.4749614,1.3408878,-1.1406928,0.028019592,-1.4643357,0.52341914,-0.3194694,0.49349278,1.2302788,0.5095263,0.11617141,1.0514597,-0.58778524,-0.809017,-0.5,0.8660254,0.0
2019-11-28 00:00:00,5.0,0.69105446,1.1625088,-0.18948762,-0.61247164,-0.63328224,-1.0816183,-0.6793095,0.26642388,-0.991996,-0.7171897,-0.35223708,-1.4003448,0.85143733,0.42502746,0.7243812,0.680166,0.3212862,0.20737168,-1.3469675,1.4132442,0.79358715,0.84431523,-1.3555216,-0.33093095,0.33093095,-1.4297326,1.3428732,-1.0563406,0.3913378,-1.3691074,1.1929802,-0.435907,0.8703971,1.5898886,0.66737336,0.5460691,1.2046595,-0.58778524,-0.809017,-0.5,0.8660254,0.0
2019-12-05 00:00:00,5.0,-0.26827863,-0.5501782,-1.1571038,1.7508566,-0.1991136,-0.40515524,0.53099954,0.0658864,-0.8405966,-0.6679823,-0.32311034,-1.1273087,0.611766,0.2852851,0.7296417,0.61355865,0.3535389,0.45452797,-1.2470803,1.0582515,0.62818336,0.68691504,0.04255689,-0.11391041,0.11391041,-1.203013,1.0430511,-1.4037138,0.31609952,-0.89743894,0.9049458,-0.42269418,0.69908434,-0.37293684,0.22704403,0.31477165,1.1839112,-0.58778524,-0.809017,-0.5,0.8660254,0.0
2019-12-12 00:00:00,5.0,0.338245,0.5789742,1.3944702,-0.84410846,-0.78239155,0.024439968,0.20695211,0.27200568,-1.118237,-0.9576787,-0.6302006,-1.386226,0.82339275,0.5124982,0.79326475,0.53635365,0.9790656,0.5899963,-0.9613451,1.3087893,0.7841091,0.9096296,-1.6276591,-0.28112942,0.28112942,-1.2067072,1.1111091,-1.6864128,0.67828333,-1.1210551,1.439597,-0.309022,0.86305225,0.39403448,0.38868046,0.4971361,1.1999624,-0.58778524,-0.809017,-2.4492937e-16,1.0,0.0
2019-12-19 00:00:00,5.0,0.8956709,1.652215,-0.7235105,-1.4130545,-0.59302646,-0.29694328,-0.32739332,0.66439843,-1.249417,-1.2002759,-0.9985365,-1.3653107,1.4057271,1.1148044,0.967869,0.7924804,1.1532177,0.63603526,-0.39038417,2.050734,1.243357,1.5855339,-1.3028189,-0.8114343,0.8114343,-0.8552158,1.1361581,-1.0824528,1.121039,-0.915168,1.9998049,0.01790264,1.3266852,0.76067364,0.55083686,1.0680696,1.4571277,-0.58778524,-0.809017,-2.4492937e-16,1.0,0.0
2019-12-26 00:00:00,5.0,0.38803113,1.2504563,-1.0284548,-0.3266911,-0.9181311,-1.7528551,-1.3872265,-0.06550779,-1.5211952,-1.4888254,-1.3387275,-1.6725792,1.5859234,1.3648108,1.1598802,0.91298234,1.1068789,1.7061915,-0.18598938,2.0660186,1.3767177,1.913502,-1.6426997,-1.7923352,1.7923352,-0.18228608,1.1266772,-1.3095675,1.6250404,-1.1631284,2.05065,0.26986054,1.461401,1.1248146,1.0781983,1.2586635,0.6294007,-0.58778524,-0.809017,-2.4492937e-16,1.0,0.0
2020-01-02 00:00:00,2.0,-0.37222815,-0.95989424,1.1469804,-0.96496105,-0.15370777,-1.847044,-0.7307077,0.61509573,-1.3264365,-1.3905777,-1.2858611,-1.3242848,1.1647605,1.0458289,1.0712758,0.447135,0.7640295,1.172567,0.06524852,1.4343083,1.020135,1.4696014,-0.50774574,-1.0330006,1.0330006,0.24219593,0.9314699,-1.7710401,1.418503,-0.89532214,1.7544934,0.48979944,1.1049109,-0.52786064,0.4292434,0.93382394,1.5604292,-0.58778524,-0.809017,-2.4492937e-16,1.0,1.0
2020-01-09 00:00:00,2.0,-0.19384679,-0.4511155,2.5277183,-1.1223507,1.3633405,2.1651993,3.0,1.5245403,-0.47469208,-0.8111556,-0.8637554,0.019052222,0.9574315,0.87450254,0.7903112,0.50499123,0.74295187,0.9908964,0.7099621,1.1141055,0.73483765,1.1880217,1.4611093,-0.40834385,0.40834385,0.059294034,0.5095363,-0.62604177,0.62861985,-0.035192505,1.6277177,0.7936554,0.7803675,-0.99947363,-0.4768841,0.62934196,1.571259,-0.58778524,-0.809017,0.5,0.8660254,0.0
2020-01-16 00:00:00,2.0,-0.52257687,-1.5369985,-0.63738066,-0.64838487,-0.46702296,0.56571203,-0.8199267,1.1226283,-0.63702655,-0.8579759,-0.8521857,-0.31421328,0.4903985,0.4852037,0.58669055,0.11310686,0.44062895,0.7937338,0.88082886,0.5822392,0.43243697,0.757999,-1.1485841,0.018899746,-0.018899746,0.32197395,0.1506399,-1.5276854,0.6244819,0.09774085,0.68734026,0.802707,0.46623206,-1.4864957,-1.3109637,0.27317736,1.4989774,-0.58778524,-0.809017,0.5,0.8660254,0.0
2020-01-23 00:00:00,2.0,-0.32738805,-0.81067115,1.0915893,-0.579289,-0.062697254,-0.23769142,-0.62568337,1.0161403,-0.5859559,-0.7924231,-0.7852141,-0.2749176,0.22122297,0.25661075,0.33439323,-0.52032226,0.25570828,0.66218543,1.3974192,0.2595995,0.22890258,0.50847566,0.0019056753,0.38718176,-0.38718176,-0.70930463,-0.19641736,-1.8002399,0.5195152,0.30206236,0.42168188,0.7913345,0.25996414,-1.9698219,-1.1857704,0.061956577,1.430115,-0.58778524,-0.809017,0.5,0.8660254,0.0
2020-01-30 00:00:00,2.0,-1.3096336,-1.44636,-1.036342,-0.10156494,0.2963094,0.31076968,0.29742318,-1.9155369,-0.14912234,-0.38353857,-0.3240809,0.13543369,-0.74181366,-0.604929,-0.12764813,-1.4316993,-0.17659527,0.26164544,0.59958386,-0.87712514,-0.43753767,-0.40822726,0.7705969,1.2758337,-1.2758337,-0.61162674,-0.612755,-2.5022242,-0.058053534,1.1786156,-0.71693957,0.5586603,-0.42914385,-2.2695014,-1.9605706,-0.76331675,1.6604531,-0.58778524,-0.809017,0.5,0.8660254,0.0
2020-02-06 00:00:00,2.0,-1.8005329,-1.5505271,-1.162344,-0.26244748,1.7251887,1.6826234,0.7653797,-0.6751479,0.6738837,0.36903846,0.49366564,0.81436074,-1.6981287,-1.601306,-0.734854,-2.1874619,-1.0256915,-0.58545345,0.16240014,-1.8751302,-1.1512187,-1.4085292,1.4066561,1.309966,-1.309966,0.07439611,-1.0987743,-2.9203262,-0.8338378,1.8046815,-1.729865,0.2572685,-1.1264409,-2.1547792,-2.3245142,-1.3133566,0.83077085,-0.58778524,-0.809017,0.5,0.8660254,0.0
2020-02-13 00:00:00,2.0,0.22607778,-0.0046719974,-0.11013747,1.6286829,0.08394264,0.6393333,-0.6024006,1.1001188,0.4531355,0.26460034,0.38851976,0.533744,-1.5609471,-1.485048,-1.1062328,-1.953194,-0.91423595,-0.41557118,0.6495373,-1.4755751,-1.0651889,-1.3038791,-0.01583925,1.1363453,-1.1363453,0.4312234,-0.78490907,-2.707367,-0.7443242,0.5299428,-1.6809976,0.24955235,-1.019439,0.31277162,-1.7868978,-1.1174365,0.81798345,-0.58778524,-0.809017,0.8660254,0.5,0.0
2020-02-20 00:00:00,2.0,1.3266249,1.0755844,-0.8571723,-0.09355933,0.8801324,-0.082888946,-0.5524582,2.019196,0.350472,0.11335958,0.083614856,0.6295738,-0.5271792,-0.59844685,-1.0501715,-1.0024703,-0.62408143,0.5012812,1.4834652,-0.6862106,-0.49310791,-0.40860558,1.1451784,0.55170625,-0.55170625,1.9927984,-0.56359035,-1.5419587,-0.4787786,0.9551319,-0.96814764,0.23887338,-0.41546243,0.70330256,0.26202503,-0.4562386,-0.6175203,-0.58778524,-0.809017,0.8660254,0.5,0.0
2020-02-27 00:00:00,5.0,-2.2554514,-1.7578644,-0.6856059,-1.1676453,2.1625988,-0.4190155,-0.40312463,0.7537789,1.5560132,1.2594327,1.331788,1.375088,-1.7660404,-1.9185452,-1.332609,-2.0362277,-1.9734622,-0.31435412,0.5796283,-1.8354126,-1.4524086,-1.7127746,1.6015133,1.5560906,-1.5560906,1.8625818,-0.98227066,-2.1744468,-1.3703624,1.6609265,-1.4399396,0.22525732,-1.4234912,-0.5475304,0.11700397,-1.5900038,0.99740565,-0.58778524,-0.809017,0.8660254,0.5,0.0
2020-03-05 00:00:00,5.0,-0.9637419,-0.9098602,-0.7816709,0.774958,1.1721038,0.35198617,0.4650357,-0.017777747,1.9758371,1.7887256,1.9098387,1.457258,-2.0720513,-2.269914,-1.5944643,-1.8131367,-2.4630644,-0.77418274,-0.6643142,-1.844141,-1.7017132,-2.0420232,1.5032239,1.2054535,-1.2054535,1.6951973,-1.351178,-2.3165188,-1.6575559,1.5399514,-1.9814723,0.2097566,-1.6771388,-0.93762696,-0.40299162,-1.1956954,0.8528588,-0.58778524,-0.809017,0.8660254,0.5,0.0
2020-03-12 00:00:00,5.0,-3.0,-1.522573,-1.0368063,-0.45199192,3.0,2.0481715,1.3557515,2.025271,3.0,3.0,3.0,3.0,-3.0,-3.0,-1.9239622,-3.0,-3.0,-3.0,-3.0,-2.5432494,-2.6142128,-3.0,1.8398346,1.1960081,-1.1960081,2.0403233,-1.7237644,-1.96388,-3.0,3.0,-2.691025,-0.17786737,-2.544632,-1.326018,-2.8442323,-1.1897744,1.9809034,-0.58778524,-0.809017,1.0,6.123234e-17,0.0
2020-03-19 00:00:00,5.0,-3.0,-1.7716831,-0.93619,-1.2602271,1.3279362,0.8001448,-0.6940021,1.797377,3.0,3.0,3.0,3.0,-3.0,-3.0,-2.4485257,-3.0,-3.0,-3.0,-3.0,-2.2288527,-3.0,-3.0,1.6503124,1.4946682,-1.4946682,1.5401444,-1.8065262,-2.527765,-3.0,3.0,-2.5394983,-0.17767927,-2.9359236,-1.695456,-2.2217906,-1.5325881,2.0557368,-0.58778524,-0.809017,1.0,6.123234e-17,0.0
2020-03-26 00:00:00,5.0,1.3945432,0.25009167,1.5604262,-0.12617695,0.16242574,-0.16032217,-0.7270786,3.0,3.0,3.0,3.0,2.4840212,-2.7256186,-3.0,-2.575838,-3.0,-3.0,-3.0,-3.0,-1.5490208,-2.500296,-3.0,1.317812,1.2834686,-1.2834686,1.3272061,-1.324551,-2.2221253,-2.862193,3.0,-1.8313468,-0.41500214,-2.4373348,0.3390912,-1.3168713,-1.3034365,1.9584858,-0.58778524,-0.809017,1.0,6.123234e-17,0.0
2020-04-02 00:00:00,5.0,-1.0873666,-0.8884382,-0.9978076,0.8737091,0.052246187,-0.7942129,-0.6597016,0.57887626,3.0,3.0,3.0,1.7939727,-2.6311157,-3.0,-2.5555017,-3.0,-3.0,-3.0,-3.0,-1.3383033,-2.46394,-3.0,1.2187613,1.2432333,-1.2432333,1.3941407,-1.3325647,-2.5474699,-2.638078,2.299066,-1.4807975,-0.6507369,-2.4463456,-0.45575926,-0.028425714,-1.2689205,1.8264639,-0.58778524,-0.809017,1.0,6.123234e-17,1.0
2020-04-09 00:00:00,5.0,3.0,1.3568875,-0.01782479,-1.2652916,0.67750794,0.56113,1.3429155,3.0,2.4725459,2.6894374,2.7130365,1.7927897,-1.3775387,-1.8466097,-1.9475011,-1.8946781,-2.1351712,-2.2766669,-2.2212546,-0.78923523,-1.4747947,-1.8269625,1.3944683,0.7079614,-0.7079614,1.9576079,-0.9061337,-1.1321863,-2.1715994,2.3178034,-0.8729825,-0.6616323,-1.4124937,0.3782105,1.9265141,-0.67783076,1.8136952,-0.58778524,-0.809017,0.8660254,-0.5,0.0
2020-04-16 00:00:00,5.0,-1.7295588,-1.1623793,0.30877253,-1.1031059,0.5315324,-0.893056,-1.071051,2.0500693,2.9235044,3.0,3.0,1.6147343,-1.599084,-2.0593529,-1.6532373,-0.93239254,-2.341926,-2.8357425,-2.9282732,-0.8676104,-1.6168308,-2.0441208,1.3008056,0.9536147,-0.9536147,0.9699242,-0.97274244,-1.4674492,-2.2427156,0.35418415,-0.7148908,-0.68384206,-1.6094155,-0.42155764,1.0821488,-1.0152396,1.6021652,-0.58778524,-0.809017,0.8660254,-0.5,0.0
2020-04-23 00:00:00,5.0,-2.9416027,-1.0437058,-0.7414303,0.16571036,1.0842935,0.7941728,1.7280364,0.946989,3.0,3.0,3.0,1.8039118,-1.8505679,-2.3089404,-1.4837267,-0.6274504,-3.0,-3.0,-3.0,-0.983029,-1.7488174,-2.2086964,1.4631956,1.0756378,-1.0756378,0.44701037,-1.1384401,-1.6013033,-2.1811726,0.27372757,-0.8488807,-0.66158086,-1.7326462,-0.83235794,0.7894089,-1.1253394,1.267225,-0.58778524,-0.809017,0.8660254,-0.5,0.0
2020-04-30 00:00:00,5.0,1.2045485,0.46913347,0.10480185,0.9327297,-0.4580515,-0.8868353,-1.1478668,3.0,2.818847,3.0,3.0,1.0999477,-1.5202775,-1.9539107,-1.3511243,-0.58083826,-2.784984,-2.8837597,-2.9177172,-0.744161,-1.4914939,-1.9984767,0.68821925,0.87654215,-0.87654215,0.38483962,-0.8618275,-1.6682163,-1.9869683,0.10928529,-0.6768145,-1.1332526,-1.4891137,0.40754664,-0.30455637,-0.9591915,1.2578961,-0.58778524,-0.809017,0.8660254,-0.5,0.0
2020-05-07 00:00:00,5.0,2.741777,1.2918139,0.2857,-1.3079598,0.30109668,-0.35763076,0.41631302,1.686547,1.9005216,2.116937,2.187155,1.0841354,-0.7045224,-1.1685897,-0.8583132,1.2914809,-1.4819348,-2.0194588,-1.9517995,-0.36669663,-0.78539044,-1.2250593,1.1414971,0.27840108,-0.27840108,0.5433362,-0.56976074,-0.7072454,-1.6817206,0.34330443,-0.3426461,-1.2163923,-0.76835424,0.81853163,1.0662147,-0.49037766,0.7952814,-0.58778524,-0.809017,0.8660254,-0.5,0.0
2020-05-14 00:00:00,5.0,-0.035705615,-0.5297046,1.5569713,-0.7941272,-1.0081904,-0.9534054,-0.6059095,0.71645004,1.4012386,1.8031276,1.9966395,0.30887657,-0.71100795,-1.1586906,-0.5575724,-0.18719426,-1.3463352,-2.0102093,-1.9520652,-0.3038021,-0.75520307,-1.3429611,-1.0626404,0.29056647,-0.29056647,0.069618024,-0.68953437,-1.2605677,-1.5912504,-0.30820566,-0.21208468,-2.3064723,-0.79011154,-0.42155764,1.417249,-0.5000705,0.7673279,-0.58778524,-0.809017,0.5,-0.8660254,0.0
2020-05-21 00:00:00,5.0,1.9500384,1.5135567,-0.72199214,-0.95929164,-0.1498436,-1.1410903,-0.23877856,0.17544597,0.92399937,1.2134253,1.3483685,0.24763449,-0.043948907,-0.52131283,-0.007444252,1.6173075,0.47000897,-1.3159364,-1.2279972,0.049501866,-0.118693605,-0.7201129,0.95148116,-0.27926016,0.27926016,-0.025699224,-0.43308935,-0.52256924,-1.3157629,-0.44775227,-0.014605513,-2.2202127,-0.18572277,0.40754664,1.8382303,-0.060685918,0.81850505,-0.58778524,-0.809017,0.5,-0.8660254,0.0
2020-05-28 00:00:00,5.0,-0.15677243,-0.52296233,0.45680377,0.35105658,-0.94237465,-1.4133868,-0.5830675,-0.26325879,0.68207246,1.0679988,1.2856517,-0.29430348,-0.09838985,-0.5623902,0.38647398,2.7455301,1.5247288,-1.324971,-1.3381037,0.08255768,-0.08812473,-0.8625062,-0.72007126,-0.23761088,0.23761088,-0.8114562,-0.55132353,-1.0498087,-1.2556459,-1.039182,0.10548838,-2.2416103,-0.122907795,-0.42155764,0.75412804,0.05440713,0.78665817,-0.58778524,-0.809017,0.5,-0.8660254,0.0
2020-06-04 00:00:00,5.0,1.3127867,1.3888366,-0.66448414,-0.6351423,-0.24309936,-0.91966385,0.35016054,-1.2633646,0.47887552,0.76003605,0.92813665,-0.22799273,0.40337104,-0.08888264,0.88351953,2.692135,1.614781,-0.844986,-0.9857417,0.42389083,0.48033,-0.3347754,0.87137264,-1.0865446,1.0865446,-0.837837,-0.21469426,-0.40708923,-1.0385853,-0.84296244,0.30257958,-1.9002935,0.47938797,0.4305441,1.3469342,0.493849,0.7841524,-0.58778524,-0.809017,0.5,-0.8660254,0.0
2020-06-11 00:00:00,5.0,0.5094654,0.9622775,0.6586244,-0.8844941,-0.8676574,-0.84505904,-0.12213756,-1.1439675,0.2601506,0.5519541,0.7415757,-0.55079436,0.60502917,0.10248369,1.3557563,1.6543808,2.0050888,-0.6484961,-0.80216634,0.63162726,0.79966027,-0.14454739,-0.023603449,-1.4965283,1.4965283,-1.0600871,0.17218119,-0.4370287,-0.888805,-1.1273009,0.5725994,-1.7300425,0.79962885,0.8291466,0.75785965,0.8557548,0.78758276,-0.58778524,-0.809017,1.2246469e-16,-1.0,0.0
2020-06-18 00:00:00,5.0,-0.13213448,-0.19119637,-0.80233806,2.3567011,-0.8007858,-0.305778,0.41458532,-1.1032046,0.20102118,0.5056719,0.7310887,-0.7351691,0.55347425,0.05792648,1.647422,1.5785375,1.0565912,-0.5373175,-0.9771719,0.6831666,0.87211365,-0.21794161,0.19118097,-2.3114161,2.3114161,-1.00313,-0.15333472,-0.78853166,-0.8652953,-0.9572245,0.5886525,-1.7444161,0.87739176,-0.42155764,0.7451185,0.98885673,0.7816176,-0.58778524,-0.809017,1.2246469e-16,-1.0,0.0
2020-06-25 00:00:00,5.0,-0.0014854836,-0.08638961,2.3077323,-0.49998644,-0.83043385,-0.48022664,-0.36280912,-0.56504446,0.11614928,0.42654285,0.68090105,-0.91186345,0.5390811,0.05181836,1.8106303,0.6984038,1.5065321,-0.3166677,-0.87493086,0.7455362,0.963602,-0.23579444,-0.18855397,-2.152159,2.152159,-1.2635629,-0.47011715,-1.1130373,-0.80853325,-1.0856384,0.7836155,-1.5646635,1.0188249,-0.83235794,0.11921194,1.0120301,0.81143105,-0.58778524,-0.809017,1.2246469e-16,-1.0,0.0
2020-07-02 00:00:00,5.0,0.45350224,0.9194545,-0.32239994,0.16311893,-1.049984,-0.9068595,-0.6389177,-0.0909699,-0.07503529,0.23324929,0.5006921,-1.1951047,0.74377155,0.24115102,1.9885131,0.96818554,2.3984447,-0.19983272,-0.6324494,0.9617091,1.2835537,-0.050289005,-1.109915,-2.3077307,2.3077307,-1.3030654,-0.09098859,-1.2781144,-0.6244378,-1.0401306,0.8836589,-1.3242912,1.3846996,0.40754664,0.11395246,1.2402586,0.8201942,-0.58778524,-0.809017,1.2246469e-16,-1.0,1.0
2020-07-09 00:00:00,5.0,0.34162584,1.1630435,-0.19885296,-0.58104384,-1.2161347,-1.1328441,-0.5712707,-0.3431406,-0.27592298,0.041973054,0.33247027,-1.5632212,0.9051573,0.39175805,2.169244,0.5288891,2.089293,-0.25974247,-0.5760852,1.2213666,1.6167603,0.08368607,-1.6635785,-2.398388,2.398388,-1.6076015,0.33727735,-1.6950502,-0.40809682,-1.301829,1.1330254,-0.42485854,1.7543434,0.81853163,0.36599764,1.4416354,0.8201167,-0.58778524,-0.809017,-0.5,-0.8660254,0.0
2020-07-16 00:00:00,5.0,0.17575343,0.27177182,-1.0328792,2.322861,-1.0166639,-0.62211186,0.57200396,-0.16252957,-0.38205174,-0.08093345,0.22266306,-1.7150627,0.9742101,0.46540624,2.230385,0.3778181,1.3251731,0.10516183,-0.47922045,1.3794838,1.7966892,0.16224465,-1.42571,-2.346895,2.346895,-1.6006784,1.0647217,-2.0754642,-0.23856352,-1.3200078,1.2617731,-0.45449653,1.9421979,1.1972681,0.46316946,2.0207744,0.83867025,-0.58778524,-0.809017,-0.5,-0.8660254,0.0
2020-07-23 00:00:00,5.0,0.16957043,0.4290738,-0.08913835,1.0094925,-0.9409646,-0.69446266,-0.336147,-0.59140974,-0.46308428,-0.18831751,0.12036993,-1.7873803,1.031851,0.5343307,2.2157898,0.51276463,1.3653286,0.2917804,-0.3463621,1.5044813,1.9348193,0.22518925,-1.3793892,-2.1667552,2.1667552,-1.6454887,1.676101,-2.3808017,-0.060202196,-1.3527459,1.4016527,0.5791116,2.120176,1.5485178,0.30545172,2.2102215,0.83055246,-0.58778524,-0.809017,-0.5,-0.8660254,0.0
2020-07-30 00:00:00,5.0,-0.062145106,-0.5262288,-0.37170225,1.2573187,-1.0712636,-0.77210164,-0.21836191,-0.21622945,-0.5080239,-0.2553186,0.06455112,-1.8104026,0.92211664,0.47089338,2.0931141,0.48597533,0.77212614,1.3347688,0.07817798,1.3241585,1.8021929,0.1172091,-1.3853132,-1.9823581,1.9823581,-1.4950973,1.0331376,-2.787223,0.03518973,-1.3573521,1.288325,0.98909354,2.0273619,-0.5182398,0.020911139,2.8080099,0.53298074,-0.58778524,-0.809017,-0.5,-0.8660254,0.0
2020-08-06 00:00:00,5.0,0.3333446,0.4482314,-0.13371278,0.9016864,-0.2568064,-0.33630466,0.26289472,-0.23542772,-0.43726927,-0.27535307,-0.003329801,-1.386377,1.0804318,0.616427,1.8796886,0.4306283,0.9089982,2.39823,0.22778808,1.3162867,1.7527884,0.40531546,0.5067364,-1.8841811,1.8841811,-1.4062716,1.3888625,-2.2232604,0.102540284,-1.0855997,1.2136072,1.6829562,1.9320401,0.28390333,0.14297128,2.6298592,-0.16943173,-0.58778524,-0.809017,-0.5,-0.8660254,0.0
2020-08-13 00:00:00,5.0,0.09893921,0.17587689,-0.07756859,1.47934,-1.1847637,-0.70680124,-0.5298301,-0.20943664,-0.5509952,-0.3824584,-0.10136266,-1.6199892,1.0824834,0.6353272,1.8446422,0.3210863,0.55172074,2.040108,0.15212485,1.204334,1.704704,0.4276633,-1.5558357,-1.7972137,1.7972137,-1.3952862,1.4889883,-2.6593335,0.32195255,-1.0469481,1.1701448,1.7966679,1.8960108,0.7001722,0.08690957,2.4827142,-0.21162333,-0.58778524,-0.809017,-0.8660254,-0.5,0.0
2020-08-20 00:00:00,5.0,0.0461342,-0.13319403,-0.53412133,2.0739694,-1.1510834,-0.75776976,-0.29704422,-0.3217969,-0.65262043,-0.48266324,-0.1923664,-1.8291633,1.054874,0.633134,1.7872832,0.26216424,0.41513914,2.2108655,-0.08366653,1.0936908,1.6056795,0.40905082,-1.5430027,-1.7115276,1.7115276,-1.3348342,0.95681506,-3.0,0.56540126,-1.0928143,1.0804625,2.2785907,1.8271811,-0.5525369,0.19564831,2.323152,-0.2772319,-0.58778524,-0.809017,-0.8660254,-0.5,0.0
2020-08-27 00:00:00,5.0,0.10536865,0.23789653,-0.32367307,1.4484942,-0.64947635,-0.1163885,0.5307557,-0.5000086,-0.6564988,-0.52709913,-0.25566366,-1.6974403,1.0700926,0.66136104,1.6234943,0.23241656,0.48329267,1.4204665,0.08483315,1.0125546,1.5356679,0.49392587,-1.0507877,-1.6494341,1.6494341,-1.26019,1.1910785,-3.0,0.6944636,-0.9891663,0.9924033,3.0,1.7429161,0.28390333,0.02322429,2.2153106,-1.1962334,-0.58778524,-0.809017,-0.8660254,-0.5,0.0
2020-09-03 00:00:00,5.0,-0.18343659,-1.0115169,0.6367211,-0.88198215,-0.6143208,-0.3155892,-0.315988,-0.3600496,-0.65229315,-0.5449912,-0.2742903,-1.6076438,0.8312888,0.53120553,1.381536,0.17925306,0.43040517,1.7414889,-0.16061684,0.8161737,1.2024088,0.29685965,-1.1178842,-1.252574,1.252574,-1.048787,0.68596214,-3.0,0.70659703,-0.90978444,0.9165646,3.0,1.4188704,-0.5525369,-0.30479023,1.9398746,-1.2667174,-0.58778524,-0.809017,-0.8660254,-0.5,0.0
2020-09-10 00:00:00,5.0,-0.7130809,-1.318214,-0.9907624,-0.14561205,0.62995666,1.2817719,0.826263,-0.43610173,-0.43648905,-0.39419788,-0.12989013,-0.9858555,0.19806811,0.13311177,0.8081581,-0.2873098,0.093307786,2.194699,-0.26579323,0.35516962,0.374108,-0.27434465,0.6236047,0.1602454,-0.1602454,-0.38602373,0.0602591,-3.0,0.19678319,-0.7160879,0.5064608,3.0,0.43384188,-0.96520096,-1.109572,1.3859583,-0.82558703,-0.58778524,-0.809017,-1.0,-1.8369701e-16,0.0
2020-09-17 00:00:00,5.0,0.37568367,0.9466524,-0.8457442,0.44871292,-0.2880562,0.5022375,-0.43616122,-0.6127354,-0.46810704,-0.44859543,-0.22299634,-0.92295134,0.45239684,0.32353795,0.5756484,-0.164088,0.101751074,1.9355347,-0.11025691,0.440094,0.43498206,0.062410265,-0.5202251,-0.30225247,0.30225247,-0.16590707,0.5023963,-2.6977615,0.36417106,-0.47428945,0.37760228,2.9964428,0.46909648,0.28390333,-0.8030097,1.4119513,-1.0419418,-0.58778524,-0.809017,-1.0,-1.8369701e-16,0.0
2020-09-24 00:00:00,5.0,-0.030158043,-0.3396717,1.3832928,-0.16805735,-0.3592661,0.43891728,-0.2206204,-0.2535802,-0.4840855,-0.46840057,-0.2526294,-0.91826326,0.37410748,0.2810753,0.37409773,-0.19799632,0.041801043,1.2084392,-0.23797101,0.27413422,0.25917152,0.018837,-0.68475014,0.34986588,-0.34986588,0.10349475,-0.09294558,-2.707729,0.39727747,-0.22175819,0.43880332,2.8023732,0.25526717,-0.5525369,-0.5957383,1.0774258,0.55018574,-0.58778524,-0.809017,-1.0,-1.8369701e-16,0.0
2020-10-01 00:00:00,5.0,-0.13470668,-0.5283383,1.160896,-0.34497884,-0.6527964,-0.7695276,-0.6229875,-0.8507101,-0.5185321,-0.4945763,-0.27785215,-1.0008578,0.21239844,0.17832497,0.17272873,-0.30412093,-0.045915354,1.1686735,0.20461698,-0.0961926,-0.002485308,-0.14641401,-1.1506684,0.7318815,-0.7318815,0.04118347,-0.62188,-2.8647435,0.42736495,-0.23835178,0.105259955,2.6933336,-0.021312991,-0.96520096,0.018237846,0.88349766,0.25481835,-0.58778524,-0.809017,-1.0,-1.8369701e-16,1.0
2020-10-08 00:00:00,5.0,0.28668755,-0.020609956,-0.2697588,1.8732691,0.55781496,2.5410178,1.7845407,1.695491,-0.46496588,-0.48780328,-0.31993642,-0.70364636,0.41781998,0.32201913,0.072388396,-0.097106606,0.053213112,0.7324797,0.10403614,0.063616745,0.115776226,0.19740248,0.2252814,0.15111956,-0.15111956,0.75563985,0.16361319,-2.3632956,0.4423547,0.044820573,-0.089750074,2.38841,0.085255556,0.3029463,-0.04737895,0.7551984,-0.12639244,-0.58778524,-0.809017,-0.8660254,0.5,0.0
2020-10-15 00:00:00,5.0,0.34039277,1.1434851,-0.697079,-0.048784066,-0.6081893,0.9138847,-0.6291975,-0.22700614,-0.5384482,-0.55741775,-0.41369832,-0.81459695,0.6727545,0.5042257,0.10228403,0.36981958,0.053304363,0.85414964,0.16949232,0.38118434,0.26119646,0.52070796,-1.066674,-0.3914259,0.3914259,-0.34002322,0.74278075,-2.3058083,0.6766495,-0.39108577,0.27972084,2.3348825,0.2341694,0.72566205,0.39660755,1.0779506,0.04206787,-0.58778524,-0.809017,-0.8660254,0.5,0.0
2020-10-22 00:00:00,5.0,-0.28928843,-1.5460014,-0.7781406,-0.8244739,-0.63151705,1.5066429,0.18033268,-0.1948671,-0.5579743,-0.56448877,-0.41173327,-0.89588535,0.34161636,0.30582199,-7.1649476e-05,0.07536944,-0.05734061,0.4388603,0.035633262,-0.38123554,-0.059266385,0.21011919,-1.1115189,0.28361687,-0.28361687,0.27668154,-0.118816316,-2.5731122,0.6328276,-0.47519815,-0.030928338,2.03755,-0.07893902,-0.5190417,0.17426614,0.1473138,0.22632512,-0.58778524,-0.809017,-0.8660254,0.5,0.0
2020-10-29 00:00:00,5.0,-0.5296026,-1.2198393,0.043717902,-0.9401047,0.94026846,0.6604792,-0.45375168,-0.37659782,-0.43503508,-0.46957582,-0.31959927,-0.5719199,-0.13748382,-0.0025240884,-0.264774,-0.14415261,-0.22110748,0.17216799,-0.1874479,-1.3242536,-0.49547517,-0.22688828,0.24249868,1.3314805,-1.3314805,0.8682357,-0.798439,-2.4694085,0.2756282,-0.23861496,-0.8752562,1.4637084,-0.5072335,-0.91724825,-0.7358985,-0.824003,0.4692713,-0.58778524,-0.809017,-0.8660254,0.5,0.0
2020-11-05 00:00:00,5.0,0.54437107,0.6924664,-1.0935625,1.3809872,1.9327177,2.1070678,0.6363047,0.03324426,-0.3277495,-0.430294,-0.35665178,-0.062936544,0.31204346,0.30703115,-0.27077213,0.15528747,-0.09628191,0.3443548,0.0018110274,-0.47843498,-0.096234836,0.4163959,0.7868045,-0.14732155,0.14732155,1.2001221,0.09948259,-1.6674166,0.25979382,0.28671896,-1.1632501,0.38353097,-0.120064065,0.4278732,-0.47756168,0.17932253,0.59260297,-0.58778524,-0.809017,-0.8660254,0.5,0.0
2020-11-12 00:00:00,5.0,0.61436105,0.8748111,0.06338856,-0.047701497,2.0075505,2.3729024,0.23523113,-0.47686023,-0.25244138,-0.4017572,-0.3978117,0.35317135,0.79897696,0.6695481,-0.120594,0.30132478,0.13158649,0.49965432,0.07000768,0.52341926,0.2831186,1.0317897,0.9835181,-0.8952562,0.8952562,1.3381007,1.2085059,-0.99099445,0.2747606,0.5183587,0.23426007,0.38800666,0.24015659,0.9349193,0.61280805,1.0007373,0.66559494,-0.58778524,-0.809017,-0.5,0.8660254,0.0
2020-11-19 00:00:00,5.0,0.16531256,0.48644754,0.018042998,0.80243766,-0.51925606,1.1198146,-0.5920155,-0.39643675,-0.37321648,-0.47042355,-0.46263263,0.012957654,0.88174665,0.7394734,0.011626922,0.22493286,0.3834388,0.42330617,0.19184773,0.69022894,0.35204068,1.1899493,-0.8883627,-1.026364,1.026364,1.2919945,1.759992,-1.1405734,0.44552532,0.4750046,0.6742727,0.029834956,0.30588907,1.3519899,1.3478068,1.1404283,0.6059084,-0.58778524,-0.809017,-0.5,0.8660254,0.0
2020-11-26 00:00:00,5.0,0.870902,1.5960895,-0.7694173,-1.0747843,1.3300803,0.39699894,-0.47179374,-0.6679092,-0.36840078,-0.49964055,-0.55376583,0.2926736,1.5124683,1.2644621,0.29766428,0.7352608,0.52297705,0.5544988,0.79078645,1.9250597,0.9127896,1.9380598,0.73286325,-1.5010736,1.5010736,1.2228532,1.7991842,-0.46400777,0.6364044,0.9225919,1.6779414,0.11249626,0.85171705,1.7340243,1.5987276,1.6611576,0.32128465,-0.58778524,-0.809017,-0.5,0.8660254,0.0
2020-12-03 00:00:00,5.0,-0.039273232,-0.5863095,-0.7918373,1.3279982,-0.5716926,-0.30619234,-0.5283444,0.10564535,-0.4522339,-0.5403104,-0.5821764,-0.025493372,1.3809627,1.1812277,0.46915826,0.9430231,0.5193037,0.49819022,0.72569734,1.4944173,0.84142584,1.8976123,-0.8220719,-1.3615392,1.3615392,0.31782398,1.0616995,-0.68491894,0.73670334,0.4962535,1.6072478,-0.078354776,0.786486,-0.51213545,0.8271301,1.5046282,0.2711285,-0.58778524,-0.809017,-0.5,0.8660254,0.0
2020-12-10 00:00:00,5.0,0.14542252,0.65672046,1.1241391,-0.5888402,-0.63009006,0.71292984,0.6574932,-0.63199276,-0.53313357,-0.59538376,-0.6350843,-0.27940363,1.4209931,1.2253431,0.59416604,0.7652177,0.59723526,0.49018124,0.7010888,1.4063466,0.92084247,2.0342562,-0.9988889,-1.2855738,1.2855738,0.37994653,1.3282325,-0.8147135,0.9227819,-0.081059314,1.5109967,-0.082977526,0.8582003,0.40107766,0.7983642,1.4181367,0.22525556,-0.58778524,-0.809017,-2.4492937e-16,1.0,0.0
2020-12-17 00:00:00,5.0,0.4355636,1.6806911,-0.9081016,-1.1145871,-0.52853966,0.066809036,-0.4379283,-0.17460467,-0.60484314,-0.6623293,-0.7164821,-0.42959994,1.6689498,1.4582236,0.7756365,0.6853418,0.6383834,0.61429936,0.75095326,1.5822493,1.238169,2.417954,-0.6518604,-1.4247819,1.4247819,0.27780882,1.4005506,-0.71942466,1.2251741,-0.5292219,1.5399071,-0.08785923,1.1737214,0.8699966,0.33943626,1.5654694,0.12489098,-0.58778524,-0.809017,-2.4492937e-16,1.0,0.0
2020-12-24 00:00:00,5.0,0.04736392,0.01560511,0.81430477,1.0294034,0.11236748,-0.2793727,-0.31927368,-0.36998746,-0.59533805,-0.66280913,-0.7270866,-0.34708256,1.6196693,1.4289232,0.8038963,0.632134,0.5550449,0.5405109,0.7850173,1.3355541,1.1727715,2.343994,-0.07397647,-1.1765481,1.1765481,0.3560058,1.3621385,-0.6817189,1.209547,-0.35293862,1.3425502,-0.090451166,1.1142794,1.2816701,0.46884164,1.2914715,0.06985907,-0.58778524,-0.809017,-2.4492937e-16,1.0,0.0
2020-12-31 00:00:00,5.0,0.053316254,0.2575503,1.1530266,0.2352865,-1.056226,-2.0323305,-1.4925965,-0.5187134,-0.6712989,-0.7170936,-0.7741233,-0.63967264,1.5807619,1.4073917,0.8422322,0.2782817,0.64879596,0.52783155,0.72363067,1.1624835,1.1980524,2.3870497,-1.2985241,-1.162577,1.162577,-0.64488643,1.1923816,-0.95666295,1.4320263,-0.77076536,1.1683581,-0.09307393,1.1758962,1.6717271,0.3751226,1.2734405,0.049022764,-0.58778524,-0.809017,-2.4492937e-16,1.0,1.0
2021-01-07 00:00:00,5.0,0.5347863,1.2225648,-0.6454469,-0.41731605,0.5917899,1.1377825,3.0,-0.10814988,-0.6362356,-0.7227714,-0.81858045,-0.29988414,1.8766884,1.6994922,0.88326395,0.5266917,0.94055253,0.6482453,0.8748692,1.3725845,1.5188029,2.6496634,0.32867014,-1.2544186,1.2544186,-0.3914876,1.2570196,-0.37712857,1.510723,-0.46695068,1.2166102,0.24446477,1.464909,2.0269594,0.4985522,1.3701792,-0.10342975,-0.58778524,-0.809017,-2.4492937e-16,1.0,1.0
2021-01-14 00:00:00,5.0,0.30839732,0.9627536,0.83090943,-1.0754963,0.091408715,0.5962605,-0.33947706,-0.59146416,-0.636327,-0.73548317,-0.8503899,-0.19116803,1.9700487,1.8203518,0.9576111,0.59612894,0.87008053,0.6963546,0.96904093,1.3272634,1.640832,2.7002854,0.11545097,-1.0991869,1.0991869,-0.45616052,1.2404135,-0.10077695,1.583637,-0.25356007,1.2579352,0.5362506,1.5747472,1.9677359,0.7565156,1.1995305,0.005923275,-0.58778524,-0.809017,0.5,0.8660254,0.0
2021-01-21 00:00:00,5.0,0.023580236,0.05943789,0.16564247,1.4317344,-0.83389986,-0.1722213,-0.47132,-0.52374554,-0.6815245,-0.76545423,-0.87679726,-0.38360804,1.8905972,1.7613128,0.9838843,0.41792956,0.70374864,0.74449337,0.86473143,1.1214905,1.5714918,2.6068447,-1.0499737,-1.0714372,1.0714372,-0.39904535,1.1733686,-0.25334677,1.7049917,-0.2719765,1.0260559,0.6606934,1.5164053,1.9367877,0.72567636,1.1675525,0.35148945,-0.58778524,-0.809017,0.5,0.8660254,0.0
2021-01-28 00:00:00,5.0,-0.025713304,-0.046342332,0.5254168,1.3459396,-0.8408093,-0.5313755,-0.35329115,-0.76574785,-0.71795136,-0.79120046,-0.89833385,-0.5469603,1.7444657,1.6626079,0.90956557,0.3860407,0.6487774,0.9093595,0.8915799,0.941258,1.4285628,2.4904103,-1.1168218,-1.0050015,1.0050015,-0.086696155,0.83389246,-0.46455523,1.798817,-0.4384691,0.8666637,0.9797082,1.3873916,-0.54450613,0.048536617,1.0942276,-0.19147375,-0.58778524,-0.809017,0.5,0.8660254,0.0
2021-02-04 00:00:00,2.0,0.43751505,1.143039,-0.61333483,-0.33646467,0.7576867,0.15925376,0.28520808,-0.5386501,-0.6726524,-0.78212154,-0.92146856,-0.16004585,1.9269849,1.8663611,0.8400034,0.550903,0.5291834,0.9180254,0.9973402,1.0617019,1.5805768,2.5504541,0.41536388,-1.1241114,1.1241114,-0.03507632,0.87618166,0.14232305,1.7653502,0.03478827,0.9175307,0.9700084,1.5400277,0.2825918,0.20902355,1.2207099,-0.050737653,-0.58778524,-0.809017,0.5,0.8660254,0.0
2021-02-11 00:00:00,2.0,0.47015303,1.3977714,-0.88659143,-0.66420215,0.2195165,-0.32200962,-0.37138525,-0.06435782,-0.6788638,-0.80051386,-0.9612471,-0.038212113,2.0765443,2.0645583,0.9225962,0.5226665,0.66809773,1.031646,1.0323776,1.180596,1.7925441,2.6651177,0.09191744,-1.129248,1.129248,-0.076827526,0.8901678,0.621916,1.8935736,-0.070008166,1.0689003,1.0264993,1.7673221,0.69614077,0.62120384,1.2280797,-0.0030512484,-0.58778524,-0.809017,0.8660254,0.5,0.0
2021-02-18 00:00:00,2.0,0.42317143,1.2195425,-0.5090231,-0.5734722,0.8041068,0.81896806,0.5224035,-0.66792715,-0.6534687,-0.7952303,-0.98031044,0.23800556,2.1597002,2.2052512,0.99382704,0.5714873,0.7423081,1.1567333,1.1260645,1.2480242,1.8592416,2.633939,0.47762296,-1.0812402,1.0812402,0.09389805,0.9551551,1.1606948,1.8794954,0.09217511,1.1628313,0.9582021,1.8289523,1.1096897,1.0660992,1.166028,0.6587249,-0.58778524,-0.809017,0.8660254,0.5,0.0
2021-02-25 00:00:00,2.0,0.37251046,0.69657266,-0.9220013,0.83820486,1.0873997,1.1497452,-0.00918844,0.29396233,-0.62101907,-0.78020716,-0.98738045,0.52100855,2.1841486,2.2853265,1.0364112,0.7188468,0.72286046,1.1663225,1.3113083,1.2466918,1.8389013,2.505593,0.61494267,-1.1086448,1.1086448,-0.24656783,0.9953797,1.6246411,1.7982584,0.5521773,1.1938214,0.9644356,1.7705485,1.464737,0.8684032,1.1746765,0.5563503,-0.58778524,-0.809017,0.8660254,0.5,0.0
2021-03-04 00:00:00,2.0,-0.4094507,-1.2488215,-0.8191705,-0.060139056,1.0794231,0.33823505,-0.47461125,0.0049714963,-0.54362845,-0.7098198,-0.91982394,0.7300058,1.5243255,1.8160902,0.77068704,0.55253017,0.5960566,0.98093444,1.1891875,0.87056893,1.2167495,1.9380722,0.7889009,-0.6411159,0.6411159,0.8318721,0.6752541,1.4447176,1.364467,1.0408086,0.9826075,0.87710935,1.1502283,-0.5795125,-0.6920938,0.84222406,0.7360667,-0.58778524,-0.809017,0.8660254,0.5,0.0
2021-03-11 00:00:00,2.0,0.51873636,0.8189147,1.2359455,-1.1049559,2.0828853,1.5534056,0.610439,-0.49011463,-0.45338306,-0.65710706,-0.90443075,1.2436152,1.6883534,1.9936718,0.61754704,0.58689696,0.7207053,1.159007,1.4505771,1.0151955,1.2636737,1.8583333,1.2201632,-0.6968327,0.6968327,0.9952619,0.78273606,2.038133,1.1770262,1.3680683,1.038144,0.93840504,1.1697634,0.21491656,-0.58565485,0.8656494,0.70479655,-0.58778524,-0.809017,1.0,6.123234e-17,0.0
2021-03-18 00:00:00,2.0,0.0023109359,-0.3030113,2.0079453,0.009493958,-0.5427439,-0.03289638,-0.7889288,0.07807384,-0.53554666,-0.6910928,-0.9206813,0.7872836,1.6262279,1.9091176,0.5708872,0.3872458,0.574862,1.2647688,1.4970922,0.9067915,1.149233,1.7899634,-0.5042311,-0.66531605,0.66531605,1.2900683,0.82751924,1.9161052,1.2881631,1.0275108,0.9534808,1.0038141,1.0660846,0.6058606,-0.84573853,0.84777284,-0.12773795,-0.58778524,-0.809017,1.0,6.123234e-17,0.0
2021-03-25 00:00:00,5.0,-0.5042979,-1.0144291,-1.0542351,0.7751862,1.6926942,1.5575876,0.92504936,-0.42704016,-0.381154,-0.5646719,-0.8069048,1.180753,0.98985654,1.4335151,0.18470904,-0.00880026,0.3538526,1.0139847,1.4834231,0.544094,0.55270916,1.2887775,1.1527121,-0.18681926,0.18681926,1.2966896,0.47634283,1.7428939,0.7743367,1.2563931,0.57084674,0.84899175,0.44474614,-0.73959666,-0.9513766,0.4680463,0.32142922,-0.58778524,-0.809017,1.0,6.123234e-17,0.0
2021-04-01 00:00:00,5.0,-0.14536522,-0.42920423,0.56222826,0.84423846,0.24784473,-0.9317654,-1.2393848,-0.6609242,-0.40217558,-0.5544688,-0.7839838,0.9537008,0.82862973,1.2901125,-0.099299654,-0.23085798,0.30820918,0.8363656,1.660155,0.39231324,0.36154094,1.1461565,0.39053565,0.013262322,-0.013262322,0.8909763,0.25491175,1.6176441,0.7161291,0.91416144,0.40776253,0.8347416,0.23934536,-1.265426,-1.7466373,0.28040978,-0.28402528,-0.58778524,-0.809017,1.0,6.123234e-17,1.0
2021-04-08 00:00:00,5.0,-0.07365185,-0.08350728,1.5687945,0.44639868,-0.16045158,1.9759122,2.574887,-0.9952679,-0.4510037,-0.56946087,-0.78232604,0.67266923,0.74246633,1.2057973,-0.3495746,-0.08686766,0.29521075,0.77834064,1.5845616,0.28465763,0.23101814,1.0533979,-0.1342603,0.09278159,-0.09278159,0.57956433,-0.15995264,1.5007118,0.7371189,0.5255619,0.30705905,1.0438057,0.08683734,-1.6621034,-1.8929255,0.18003577,-0.71663064,-0.58778524,-0.809017,0.8660254,-0.5,0.0
2021-04-15 00:00:00,5.0,0.4635888,1.3943392,-0.86172074,-0.8700772,0.16849843,0.04390565,-0.94466543,-0.5285594,-0.5062557,-0.6158224,-0.8297963,0.55621034,0.99240476,1.4005383,-0.4023166,-0.11177974,0.30231094,0.684427,1.5608765,0.5315826,0.45852202,1.1856723,0.24504407,-0.2408424,0.2408424,0.5300203,0.0017969059,1.7202413,0.9073887,-0.01658026,0.40743434,1.1463771,0.32117698,0.17590632,0.0035770666,0.47337344,-0.82512254,-0.58778524,-0.809017,0.8660254,-0.5,0.0
2021-04-22 00:00:00,5.0,-0.20662095,-0.8610196,1.7329913,-0.9520059,-0.5444221,-0.3900354,-0.41907918,-0.5645606,-0.5519656,-0.631568,-0.8236237,0.26529384,0.7643563,1.2182558,-0.5391157,-0.20176278,0.11995937,0.6447301,1.7812493,0.32129788,0.2572977,1.0668179,-0.4177368,0.037263848,-0.037263848,0.53390884,-0.2985222,1.5037396,0.9299917,-0.011952628,0.40314722,1.1745958,0.13275869,-0.74186575,-0.1408517,0.25784016,-0.90533215,-0.58778524,-0.809017,0.8660254,-0.5,0.0
2021-04-29 00:00:00,5.0,0.22887444,1.0910908,-0.30756125,-0.7208341,-0.47215587,-0.47373033,-0.23115009,-0.5406876,-0.60401297,-0.673375,-0.8571365,0.084474355,0.8923669,1.3053371,-0.5806842,0.11539616,0.0669359,0.66123044,1.929904,0.45352775,0.36167747,1.1492709,-0.20868039,-0.28779793,0.28779793,0.03243093,-0.14932653,1.5566005,1.0988013,-0.4950437,0.37352467,1.1886146,0.24016124,0.15486684,0.31145456,0.46526444,-0.9401171,-0.58778524,-0.809017,0.8660254,-0.5,0.0
2021-05-06 00:00:00,5.0,0.14214942,0.7399702,0.09830398,-0.3696505,-0.14947338,-0.72773784,-0.35436293,-0.53873026,-0.6025183,-0.67607415,-0.8570447,0.09013493,0.9980662,1.3792558,-0.5717886,0.23985812,-0.00017822743,0.5968211,2.830628,0.56329507,0.429229,1.196857,0.0638686,-0.5701723,0.5701723,-0.06341017,0.004055406,1.623934,1.1923653,-0.5039899,0.48731706,0.93983006,0.3227313,0.5940293,-0.07811481,0.6803178,-0.9656556,-0.58778524,-0.809017,0.8660254,-0.5,0.0
2021-05-13 00:00:00,5.0,-0.14067782,0.1812205,0.31154644,0.50961095,-0.59481573,0.059053525,0.5724396,-0.68997157,-0.6211264,-0.68093467,-0.85106134,-0.028295236,1.0126756,1.3813099,-0.61388284,0.25021997,0.08902583,0.57754755,3.0,0.5249084,0.36600882,1.1835569,-0.24332567,-0.513203,0.513203,-0.15972571,0.29209018,1.548113,1.2882293,-0.53069824,0.5015092,0.6672815,0.266179,1.0513351,0.44175044,0.6939889,-1.0489731,-0.58778524,-0.809017,0.5,-0.8660254,0.0
2021-05-20 00:00:00,5.0,-0.6419606,-1.3185833,0.042745758,-0.27840787,0.5002156,0.48673803,0.17402291,-0.62499857,-0.52953625,-0.60574794,-0.7735112,0.24521874,0.5005402,1.0468099,-0.8606658,-0.25626376,-0.22162992,0.46286443,2.854794,0.022195844,-0.108749054,0.8847463,0.9104871,0.42314568,-0.42314568,-0.05441162,-0.29493138,1.337066,1.0131527,-0.39001042,0.22843018,0.5379472,-0.1631428,-0.89723426,-1.1888914,0.21362644,-1.3555127,-0.58778524,-0.809017,0.5,-0.8660254,0.0
2021-05-27 00:00:00,5.0,0.18814164,0.65334743,-1.0177585,0.56388366,0.24049005,-0.50920695,-0.6440565,-0.1006236,-0.50768167,-0.59715396,-0.77384615,0.37762812,0.70380497,1.1980286,-0.9715565,-0.07190457,-0.1918898,0.38429922,2.9317582,0.33800423,0.023999857,0.9637172,0.70091474,-0.22857538,0.22857538,0.053896856,0.07533626,1.476571,1.0772872,-0.097426504,0.17862159,0.3574882,-0.034330852,0.06570844,-1.0006695,0.4933664,-1.1185246,-0.58778524,-0.809017,0.5,-0.8660254,0.0
2021-06-03 00:00:00,5.0,0.2993693,1.225117,-1.1125678,-0.5092454,-0.57560664,-1.296998,-0.7377843,-0.1438459,-0.54105407,-0.61990964,-0.7920044,0.2391914,0.9113935,1.3450727,-0.9464736,-0.09543447,0.048351504,0.36668667,2.2200637,0.723412,0.2439071,1.1038067,0.03171436,-0.9597844,0.9597844,0.17701782,0.34482938,1.5832597,1.2850581,-0.007042369,0.7032883,0.3914639,0.20028548,0.54889786,-0.5301903,0.9862991,-1.2227678,-0.58778524,-0.809017,0.5,-0.8660254,0.0
2021-06-10 00:00:00,5.0,-0.054336675,0.54930353,0.34502128,-0.32406598,-1.3386835,-0.5777277,0.53255373,-0.24529183,-0.60250896,-0.6541994,-0.8105909,-0.117110536,0.9701019,1.3792664,-0.9325032,-0.22690043,0.09166626,0.36604893,2.46939,0.8032109,0.28159216,1.178725,-0.95047855,-0.79309815,0.79309815,0.14797951,0.68314046,1.5267438,1.5355235,-0.2625948,1.0036097,0.42808637,0.25541294,1.0063055,0.8961511,0.86245763,-1.1366218,-0.58778524,-0.809017,1.2246469e-16,-1.0,0.0
2021-06-17 00:00:00,5.0,0.14076512,0.8428929,-0.54800195,-0.2779386,-0.16402301,0.37304083,0.6015172,-0.29773587,-0.65806186,-0.7128944,-0.88279045,0.061864097,1.1574446,1.5223119,-0.8329674,-0.08751236,0.16702992,0.4250256,2.979434,1.2376409,0.4491431,1.2612282,0.5402408,-0.8290006,0.8290006,0.26042858,1.1753948,1.642954,1.6300665,-0.03511961,1.277928,0.5355746,0.4342247,1.4480981,0.7785398,0.89007056,-1.2296866,-0.58778524,-0.809017,1.2246469e-16,-1.0,0.0
2021-06-24 00:00:00,5.0,-0.16754363,0.23289695,-0.19764353,0.6554708,-0.1606872,0.44754526,-0.07475664,-0.8346932,-0.7099397,-0.76884925,-0.94715023,0.20075335,1.2209107,1.5621816,-0.7946234,0.2523705,-0.07731221,0.30034688,2.6316311,1.2465837,0.41267294,1.2348732,0.55568516,-0.7613589,0.7613589,-1.2164494,1.4209801,1.6440635,1.6364814,-0.15506127,1.3457011,0.4111406,0.394852,1.84923,0.3693366,0.8088312,-1.3824124,-0.58778524,-0.809017,1.2246469e-16,-1.0,0.0
2021-07-01 00:00:00,5.0,-0.36286706,-0.6209035,1.2186642,0.4543129,-1.0472071,-0.85794014,-0.8237156,0.49670044,-0.84843045,-0.8437815,-0.9910444,-0.025723085,1.1775905,1.5134653,-0.8373985,0.007475234,-0.05423879,0.115106866,1.9827011,0.9597756,0.30189577,1.2107311,-0.3615691,-0.56051975,0.56051975,-0.8712137,0.6701137,1.5522574,1.7668636,-0.42530385,1.26584,0.42772964,0.31566435,-0.9774936,0.17237952,0.57820004,-1.6659999,-0.58778524,-0.809017,1.2246469e-16,-1.0,1.0
2021-07-08 00:00:00,5.0,-0.8528837,-0.97148556,2.0135748,-0.8838769,0.75694865,0.72761303,1.1007067,-0.9225246,-0.71645355,-0.78936005,-0.9559289,0.49345016,0.6809317,1.2230731,-1.1031634,-0.4715311,-0.42955282,-0.15517001,1.8931088,0.28239238,-0.23014776,0.90472037,1.5735867,0.21675402,-0.21675402,-0.40943092,-0.22040838,1.4271284,1.3979541,0.0039762356,0.76995116,0.09274386,-0.22167762,-1.428798,-1.1567378,-0.2945692,-1.782136,-0.58778524,-0.809017,-0.5,-0.8660254,0.0
2021-07-15 00:00:00,5.0,0.15069278,0.23733728,0.9974113,-0.28538522,0.3220416,0.60013443,-0.20738657,0.2614234,-0.69911015,-0.7967749,-0.9670785,0.6879932,0.8223563,1.2997651,-1.1947669,-0.4019605,-0.4802841,-0.2894384,1.4768846,0.44828284,-0.098269984,0.9011302,1.270936,-0.054887287,0.054887287,-0.29114872,0.32466677,1.4978298,1.3688744,0.495638,0.4486465,-0.002604737,-0.10795586,-0.023422917,-0.9705304,0.0758741,-1.511705,-0.58778524,-0.809017,-0.5,-0.8660254,0.0
2021-07-22 00:00:00,5.0,-1.2387629,-1.1497389,-1.2654407,1.3638366,1.901015,1.1784723,0.20687118,-0.35673234,-0.19694622,-0.54961514,-0.81427956,1.4313151,0.1052718,0.8773435,-1.4507517,-0.9445052,-0.6872732,-0.31927946,1.4154658,-0.40053838,-0.79106224,0.49610093,1.93568,0.9881305,-0.9881305,-0.062208813,-0.6581657,1.3793517,0.7664718,1.0885977,-0.5412007,-0.12392721,-0.8030965,-0.9603396,-2.1661608,-0.81514347,-2.0982199,-0.58778524,-0.809017,-0.5,-0.8660254,0.0
2021-07-29 00:00:00,5.0,0.693465,1.305666,-0.45128423,-1.1978893,-0.40960208,-0.64497346,-0.9844116,-0.20427947,-0.46568942,-0.6813759,-0.89400154,1.0361153,0.4449148,1.0754029,-1.4430735,-0.79187953,-0.2332718,-0.47425655,1.1792212,0.17669433,-0.37707242,0.6539663,0.28606004,0.12513754,-0.12513754,0.59470516,-0.23043038,1.4698398,1.0192577,0.85648,-0.005611468,0.06595995,-0.39320028,-0.023422917,-0.5155459,0.0077318912,-2.3701591,-0.58778524,-0.809017,-0.5,-0.8660254,0.0
2021-08-05 00:00:00,5.0,-1.9691874,-1.9384055,0.07435102,-1.4469519,1.4262766,-0.097764716,0.24556199,0.30182806,0.064907804,-0.37349954,-0.68132025,1.3450165,-0.59302026,0.4088086,-1.7005925,-1.4654255,-0.7661898,-0.7956857,0.93976647,-1.1327902,-1.2432189,0.19117215,1.8491955,1.5955333,-1.5955333,1.0865276,-0.90004194,1.2255536,0.47277787,1.4715692,-0.5415687,-0.30135292,-1.2480874,-0.93147576,-2.5778046,-1.5482435,-2.061152,-0.58778524,-0.809017,-0.5,-0.8660254,0.0
2021-08-12 00:00:00,5.0,0.16078864,0.19144014,-0.20066197,0.8696819,0.56119764,0.31334195,0.051414978,-0.29436597,0.045595348,-0.3755094,-0.6853749,1.2049717,-0.43940035,0.48974204,-1.7657937,-1.037601,-0.8666411,-0.56694525,0.98377115,-0.90649,-1.1057442,0.20363554,1.2158453,1.1911774,-1.1911774,1.4065157,-0.3226148,1.2585852,0.49636194,1.1185815,-1.101444,-0.5493047,-1.1348977,-0.015641967,-0.9590058,-1.2859498,-2.9244878,-0.58778524,-0.809017,-0.8660254,-0.5,0.0
2021-08-19 00:00:00,5.0,-1.5497696,-1.9007851,-0.9931976,-0.6671984,0.41092744,-0.47439313,-0.50721365,0.47798872,0.28888965,-0.17942086,-0.540618,1.0565298,-1.1048629,0.014963567,-1.9668014,-1.776871,-1.188099,-0.7811236,0.88364327,-1.9567108,-1.6811609,-0.10551064,1.0699129,2.1475675,-2.1475675,1.1851037,-1.0667969,1.0506521,0.23489553,0.9456892,-1.5819957,-0.6447603,-1.6845056,-0.9712385,-2.5596223,-2.4599178,-1.988056,-0.58778524,-0.809017,-0.8660254,-0.5,0.0
2021-08-26 00:00:00,5.0,1.3535218,1.049339,-1.2372265,-0.07722216,2.261884,0.115069814,0.09575417,-2.2475193,0.810084,-0.022417031,-0.54387826,1.5067728,-0.46383256,0.40396717,-1.7237763,-0.59595287,-1.0600104,-0.54083765,0.883665,-0.7302687,-1.0454987,0.061691444,1.768876,0.81091905,-0.81091905,1.643961,-0.48717737,1.3011857,0.17365576,0.7767034,-1.4552339,-0.9857063,-1.0944259,-0.023688743,0.23599471,-1.1370476,-1.1470106,-0.58778524,-0.809017,-0.8660254,-0.5,0.0
2021-09-02 00:00:00,5.0,-0.49331734,-0.4770705,1.9420688,-0.02789896,-0.8062772,-1.6946479,-0.97672266,-0.9866161,0.27528974,-0.1482972,-0.5550465,0.93479943,-0.608911,0.28750515,-1.6735787,-1.1186501,-1.2635157,-0.9424476,0.7798503,-1.0336728,-1.1559407,-0.014220199,-0.20001864,1.0280817,-1.0280817,1.4548103,-1.0888642,1.1927835,0.2882967,0.6261828,-0.7978094,-1.0199074,-1.2001041,-0.94192255,-0.25866428,-1.7760078,-1.2638116,-0.58778524,-0.809017,-0.8660254,-0.5,0.0
2021-09-09 00:00:00,5.0,0.15682958,0.7491952,0.9221703,-1.1452079,-1.1429156,-0.9778287,0.32794327,-0.8059603,-0.42170104,-0.46213475,-0.6621153,0.40012294,-0.45785645,0.3696542,-1.5747418,-0.16556318,-1.1262952,-0.8296948,0.7575242,-0.7166262,-1.0059924,0.04586349,-0.5786306,0.6690597,-0.6690597,0.676509,-0.50223684,1.1643734,0.59648,-0.08797936,-0.6724911,-1.1693642,-1.0442193,0.015820105,1.0706482,-1.2840993,-1.1172588,-0.58778524,-0.809017,-1.0,-1.8369701e-16,0.0
2021-09-16 00:00:00,5.0,0.8308694,0.8493931,-0.6354844,-0.09595755,0.50452435,-0.20721792,0.3197642,0.1993782,-0.37397936,-0.52863395,-0.72333086,0.546645,-0.039939314,0.63530034,-1.269961,0.14442872,-0.6020741,-0.83378124,0.78400636,0.38042158,-0.56551975,0.18182626,1.2025371,-0.29522687,0.29522687,0.8407958,0.30221632,1.2902057,0.70769507,-0.033455882,-0.03371933,-1.2265351,-0.6027281,0.5143586,0.68314713,0.00912579,-1.3748846,-0.58778524,-0.809017,-1.0,-1.8369701e-16,0.0
2021-09-23 00:00:00,5.0,0.010695663,0.18160792,-1.2173481,1.8112608,-1.0411114,-0.78036064,-0.40506777,0.14965166,-0.8585729,-0.7994264,-0.8089322,0.13380492,0.04692638,0.6819653,-1.0541133,0.8484063,-0.6502275,-0.90687025,0.8001129,0.49630025,-0.45200098,0.21631105,-0.6446582,-0.54810095,0.54810095,-0.36223337,0.8656773,1.2565615,0.98487926,-0.35442075,0.3118885,-1.2892885,-0.47660255,0.9639159,1.0369157,0.3505341,-1.3746383,-0.58778524,-0.809017,-1.0,-1.8369701e-16,0.0
2021-09-30 00:00:00,5.0,0.62765324,0.8164855,0.9811631,-1.3724649,0.37624314,-1.6600459,-0.7314936,-0.6609034,-0.7329423,-0.8367803,-0.8540804,0.33460826,0.36720297,0.8937859,-0.7322649,0.5179131,-0.049263895,-0.7298232,0.77271837,1.1077331,-0.10173695,0.31947985,1.0723369,-0.53098184,0.53098184,-0.9682659,1.0165688,1.3524,1.0532078,-0.7237087,1.2841778,-1.1547111,-0.10833716,1.3976358,1.2673793,0.32442498,-1.4395156,-0.58778524,-0.809017,-1.0,-1.8369701e-16,0.0
2021-10-07 00:00:00,5.0,0.5837447,0.64840597,0.9206681,-0.9801644,0.81404686,1.4314239,2.2636294,-0.5913628,-0.49210274,-0.76505256,-0.8595185,0.6296327,0.64753646,1.088051,-0.390178,1.0001941,-0.07380146,-0.2885588,0.794909,1.546193,0.16259624,0.3842608,1.4584422,-0.561916,0.561916,-1.5246872,1.650354,1.4388901,1.0149285,-0.24164051,1.7008241,-1.2617762,0.12128411,1.7986115,1.0312772,0.3659841,-1.0278884,-0.58778524,-0.809017,-1.0,-1.8369701e-16,1.0
2021-10-14 00:00:00,5.0,0.43165165,0.54958117,0.08636238,-0.0830012,0.5032711,1.474493,-0.048906863,-0.4830113,-0.4437969,-0.7502156,-0.8701965,0.7428275,0.85692596,1.2368498,-0.07065878,1.1133525,0.67341304,-0.30186996,0.8204589,1.5447594,0.3713705,0.42930648,1.301027,-0.80733716,0.80733716,-1.739565,1.7948892,1.491926,1.0284505,0.26058868,1.7544719,-1.4349661,0.3076508,1.7211359,1.1976392,0.6994183,-1.2654969,-0.58778524,-0.809017,-0.8660254,0.5,0.0
2021-10-21 00:00:00,5.0,0.5766415,1.4473796,-0.9422565,-1.308944,-1.3291479,0.7018309,-0.4234351,0.58194876,-1.130359,-1.1737617,-1.0375643,0.14804384,1.0909686,1.4148809,0.32261017,0.99207836,0.8034121,-0.31351644,0.84259367,1.4858598,0.7961027,0.6547324,-0.96956617,-1.0754149,1.0754149,-1.8330517,1.6369243,1.5584735,1.5290558,-0.2851108,1.8221633,-1.3807596,0.73046905,1.6508634,1.0636253,1.0774384,-0.9904184,-0.58778524,-0.809017,-0.8660254,0.5,0.0
2021-10-28 00:00:00,5.0,-0.70722574,-1.2394512,0.06799924,0.2049155,-1.0467403,0.40969074,-0.25704446,0.31438574,-1.3202125,-1.2340584,-1.018791,-0.19544636,0.72208077,1.1621712,0.4235675,0.6716948,1.0529405,-0.4586035,0.8387337,0.79849505,0.51662004,0.4968989,-0.48936632,-0.6818047,0.6818047,-0.76190716,0.58791476,1.4409877,1.5747191,-0.2329259,1.1171732,-0.76758945,0.44921085,-1.0023099,0.10432391,0.5425351,-1.0218436,-0.58778524,-0.809017,-0.8660254,0.5,0.0
2021-11-04 00:00:00,5.0,-1.2601968,-1.5626774,0.05588317,-0.5124161,-0.474562,-0.059286933,-0.36384463,-0.7345566,-1.1585552,-1.0945861,-0.9133605,-0.21565312,0.016974239,0.69515926,0.16779219,-0.13975008,0.2613049,-0.8536147,0.92013395,0.06741052,-0.038079984,0.14315858,0.25857937,-0.13582538,0.13582538,0.15030797,-0.16460688,1.260644,1.3506383,-0.4559635,0.2901225,-0.6861819,-0.1114987,-1.4445055,-1.2381599,-0.1836766,-1.4836972,-0.58778524,-0.809017,-0.8660254,0.5,0.0
2021-11-11 00:00:00,5.0,-0.09758736,0.12732004,1.6401011,-0.5298416,0.3075826,0.921167,0.3534513,-1.3717619,-0.8694624,-0.95717376,-0.8716111,0.11184926,0.08087082,0.7355123,-0.042110488,-0.45868525,0.39044705,-0.8699458,0.8364484,0.05468443,-0.034231383,0.0633516,1.1537976,-0.2510157,0.2510157,-0.12767412,0.26417533,1.2625566,1.2019403,-0.53933126,0.055518422,-0.68041074,-0.119029656,-0.11791881,-1.4864153,-0.0009027682,-1.4838988,-0.58778524,-0.809017,-0.5,0.8660254,0.0
2021-11-18 00:00:00,5.0,-1.1702007,-1.7546421,-0.16234528,-0.88266414,-0.9363976,-0.5899223,-0.7464361,0.20260236,-0.91467994,-0.90766877,-0.7890054,-0.15898119,-0.57521385,0.28950283,-0.4077692,-1.1998925,-0.013910975,-1.046984,0.77112174,-0.51586705,-0.51114535,-0.26611108,-0.33283684,0.27191463,-0.27191463,-0.2274968,-0.36737356,1.0973883,1.1038902,-0.8495756,-0.37451497,-0.37591442,-0.5907569,-1.0023099,-1.7785233,-0.6598878,-1.5003836,-0.58778524,-0.809017,-0.5,0.8660254,0.0
2021-11-25 00:00:00,5.0,0.37263095,0.3599999,-0.593083,0.9055024,0.37588224,0.19591731,0.25301093,0.18354073,-0.6893801,-0.8329525,-0.8053235,0.19114415,-0.28959385,0.48513982,-0.5367897,-1.3423874,-0.17255916,-0.66665214,0.83589935,-0.24806374,-0.27995846,-0.21541199,1.1814259,-0.10966411,0.10966411,-0.5118096,-0.04783425,1.1859487,1.0605711,-0.25966537,-0.522802,-0.14161804,-0.36421388,-0.14259171,-0.38723925,-0.11974562,-1.2934374,-0.58778524,-0.809017,-0.5,0.8660254,0.0
2021-12-02 00:00:00,5.0,-3.0,-2.260286,-1.2521158,-1.3272722,3.0,0.7286188,0.08587496,0.4340459,2.9953797,2.2546515,0.9149403,2.6471424,-2.7160723,-1.6354003,-1.3835788,-3.0,-1.8643103,-2.041391,0.3776948,-2.741591,-2.2996926,-1.8178561,1.6966835,3.0,-3.0,1.6752428,-0.80400455,0.65277827,-1.3568823,2.0205429,-1.8633512,-1.0656146,-2.34193,-1.0190958,-3.0,-3.0,0.52565765,-0.58778524,-0.809017,-0.5,0.8660254,0.0
2021-12-09 00:00:00,5.0,2.0131562,0.98358214,-1.0558058,-0.104279175,1.4937707,1.102936,-0.0020586678,0.14755537,2.9053938,2.223895,0.81001973,2.9295926,-1.6292235,-0.85578,-1.3674116,-1.5921205,-1.2795516,-1.0564997,0.49444702,-1.4421564,-1.3261199,-1.3321275,1.5803952,1.2955409,-1.2955409,2.3169403,-0.27601132,0.9756788,-1.2923573,2.8271668,-1.920262,-1.2809314,-1.365195,-0.119109005,-1.2238058,-1.6318922,0.86595035,-0.58778524,-0.809017,-2.4492937e-16,1.0,0.0
2021-12-16 00:00:00,5.0,-0.8254074,-1.4286753,-0.429965,0.11049199,-0.654814,-0.9831771,-0.9378807,1.0878705,2.0759554,1.9741395,0.9352632,1.8457334,-1.8970807,-1.1863645,-1.5165255,-1.9322472,-1.7889589,-1.4706124,0.4946043,-1.8140305,-1.5782126,-1.591949,-0.16937505,1.716755,-1.716755,2.1492386,-0.8498387,0.8567514,-1.2539005,2.0190716,-1.6247109,-1.2589396,-1.6127298,-1.0124265,-1.8244394,-2.075076,0.84343237,-0.58778524,-0.809017,-2.4492937e-16,1.0,0.0
2021-12-23 00:00:00,5.0,0.19107646,-0.17742349,-0.97965753,2.4945817,0.09593498,-0.7988083,-0.07015302,2.6682389,1.7695776,1.8614953,1.0078157,1.500061,-1.7543975,-1.1158512,-1.4591326,-1.3607688,-1.8864111,-0.94097215,0.65763867,-1.7610714,-1.4666935,-1.6202718,1.2302693,1.5609342,-1.5609342,2.2399342,-0.58401656,0.91188824,-1.2307231,2.1522741,-1.8792262,-1.221256,-1.4938947,-0.14408495,1.1288182,-1.8614988,0.8621831,-0.58778524,-0.809017,-2.4492937e-16,1.0,0.0
2021-12-30 00:00:00,5.0,0.9596575,0.97391564,-0.35618,-0.76060313,-0.24465755,-2.3404653,-1.3812064,1.5876495,1.1611714,1.3736961,0.74365896,1.0004555,-1.2406535,-0.7000906,-1.2025672,-1.0248609,-1.7178233,-0.6955756,0.6287808,-1.0572642,-1.0125345,-1.3569053,0.83802116,0.65642285,-0.65642285,2.191089,-0.54713756,1.069977,-0.9194675,1.6611468,-1.2350907,-1.305013,-1.0378556,0.30315065,0.50691533,-0.87039965,0.9311562,-0.58778524,-0.809017,-2.4492937e-16,1.0,0.0
2022-01-06 00:00:00,5.0,0.22790465,0.31436333,-0.45215,0.89498734,-0.5337811,-0.5951811,2.5932295,0.37135503,0.66715807,1.0256318,0.6045771,0.43989033,-1.0461462,-0.56085527,-0.9435687,1.2750611,-1.3868058,-0.22069922,0.5065168,-0.7907012,-0.87556875,-1.2689652,-0.11116545,0.28218114,-0.28218114,-0.58350396,-0.1510089,1.1083348,-0.6722047,-0.33879736,-0.97109133,-1.2754152,-0.89304966,0.74727035,1.0164891,-0.45385665,0.7114113,-0.58778524,-0.809017,-2.4492937e-16,1.0,1.0
2022-01-13 00:00:00,5.0,0.86576796,1.2549127,-0.78430766,-1.0869673,-0.11018207,0.10388787,0.28385028,-1.646578,0.36016047,0.6723477,0.330448,0.2792474,-0.57280755,-0.10724398,-0.5456402,0.67808306,-0.65736926,-0.3148176,0.5650831,0.008071969,-0.4160512,-0.95044285,1.0231309,-0.6225355,0.6225355,-1.1194878,0.32400724,1.2835239,-0.35367152,-0.9286102,-0.30583948,-1.2948419,-0.44187313,1.1838318,1.3060218,0.53061455,0.6242527,-0.58778524,-0.809017,0.5,0.8660254,0.0
2022-01-20 00:00:00,5.0,0.83060825,0.9942708,-0.55547076,-0.6492898,-0.19632238,0.10431374,-0.13453673,0.6295117,0.064530306,0.31588474,0.010913269,0.11915933,-0.14583738,0.34672472,-0.09358139,1.4732885,-0.3179322,0.07081921,0.4197198,0.692466,0.020610437,-0.5926299,0.81813246,-0.9514459,0.9514459,-1.7557969,0.86464393,1.3161422,0.014724476,-0.7034897,0.45171958,-1.138027,0.0054588336,1.6087657,1.1738998,0.9147418,0.019904336,-0.58778524,-0.809017,0.5,0.8660254,0.0
2022-01-27 00:00:00,5.0,0.16486989,0.40331045,-0.79522413,0.9532779,-0.2287071,-0.42320406,-0.41073766,-1.6158142,-0.063059986,0.16723406,-0.09062019,0.008950252,0.0083850315,0.5142519,0.2494924,1.4729403,0.11042708,0.07937028,0.4566168,0.7520929,0.121174596,-0.49164304,0.8552973,-0.99522465,0.99522465,-1.7020949,1.1634744,1.2979188,0.17670295,-0.7506238,0.60013384,-1.1411029,0.1247261,1.5467466,1.1115612,0.9661441,-0.18501997,-0.58778524,-0.809017,0.5,0.8660254,0.0
2022-02-03 00:00:00,5.0,-0.3844385,-0.6076114,1.4558657,0.64667904,-0.7762439,-0.83306324,-0.41211733,-0.13215525,-0.38804504,-0.07268471,-0.17665854,-0.4400232,-0.103668794,0.37657994,0.42087847,0.8298864,-0.14971387,-0.26632747,0.38415202,0.396457,-0.00328019,-0.55212456,-0.83817136,-0.678995,0.678995,-1.3191943,0.40054873,1.1771547,0.4090188,-0.8658668,0.67425054,-1.1409718,0.018721916,-1.0673741,0.49102846,0.59681565,-0.47983378,-0.58778524,-0.809017,0.5,0.8660254,0.0
2022-02-10 00:00:00,5.0,0.32962382,0.45887145,0.99587744,-0.7316982,-0.073707394,0.13716082,0.47571343,-0.74523497,-0.3370169,-0.14397933,-0.289211,-0.28215316,0.13459894,0.6428407,0.5707158,0.8806758,1.662369,-0.16813608,0.3008585,0.5805353,0.18732458,-0.3807026,1.0297216,-0.6853826,0.6853826,-1.2923591,0.87051624,1.1477398,0.51100254,-0.6186198,0.76801735,-0.8024001,0.21048404,-0.18882269,0.2916489,0.60349303,-0.4375318,-0.58778524,-0.809017,0.8660254,0.5,0.0
2022-02-17 00:00:00,5.0,0.6128401,0.6067285,0.46003258,-0.6226752,0.012853669,1.3350989,0.4639136,0.8437944,-0.32428357,-0.2605405,-0.4944351,-0.110557534,0.47744474,1.0633628,0.7765916,0.7506602,1.0899316,-0.15092279,0.36326915,0.8550637,0.5296753,-0.09587477,0.9965859,-0.7973965,0.7973965,-1.3283999,1.3377534,1.1651226,0.68869656,-0.49389443,1.0118124,-0.82388556,0.5269381,0.25506833,0.48746017,0.7344624,-0.53602874,-0.58778524,-0.809017,0.8660254,0.5,0.0
2022-02-24 00:00:00,5.0,0.26291955,0.64268416,0.29598477,-0.56533116,1.0110399,0.859127,-0.3670409,-3.0,0.25839955,0.14227086,-0.21620744,0.6795164,0.66661507,1.3039725,0.86082804,0.47454214,1.4879528,-0.23060934,0.38804647,0.827721,0.56192607,-0.1185412,1.3910862,-0.7308431,0.7308431,-1.4760219,1.424241,1.1419177,0.24349776,0.02151674,0.8778079,-0.45206556,0.5392847,0.704407,0.79998493,0.65662396,-0.7766427,-0.58778524,-0.809017,0.8660254,0.5,0.0
2022-03-03 00:00:00,5.0,3.0,1.2479206,-0.7278219,-1.1570059,2.7421777,0.08124781,-0.5706926,1.7202846,1.5758293,0.8289969,-0.23584674,2.8739815,1.7245806,2.8398182,1.2995292,2.022709,2.608243,0.73613656,0.6435973,1.9997618,1.7006156,0.71076715,1.4752253,-0.9035499,0.9035499,0.6072356,1.2919333,1.1929057,-0.25680262,1.7987008,1.987395,-0.47719923,1.6672031,1.1639457,1.6621894,0.8582171,-0.26237443,-0.58778524,-0.809017,0.8660254,0.5,0.0
2022-03-10 00:00:00,5.0,-0.6211017,-0.6664006,2.999694,-1.0297637,2.7117202,0.13205649,-0.14398834,2.338817,3.0,3.0,2.2699313,3.0,1.3439968,2.2818565,1.0823262,1.8447217,2.0046928,0.36711058,0.4765601,1.1682099,0.69432753,-0.30655086,1.4199502,0.6612604,-0.6612604,0.68001115,0.35813755,0.3031025,-2.144005,3.0,2.105274,-0.5472294,0.6828309,-1.0295776,0.9327498,-0.96546566,-0.19324495,-0.58778524,-0.809017,1.0,6.123234e-17,0.0
2022-03-17 00:00:00,5.0,-2.841009,-1.8194788,0.1173542,-1.3024691,1.2999088,-1.5170845,-1.1536338,2.5984032,3.0,3.0,3.0,3.0,-0.690299,-0.24309246,0.6041742,0.16491178,0.7678925,-0.4712698,0.06171712,-0.30446064,-0.48041487,-1.3207444,1.326854,1.6452209,-1.6452209,1.5682104,-0.19111481,-0.086594105,-3.0,3.0,0.2784858,-0.42565697,-0.4597127,-1.4374489,-1.3885534,-1.9287313,-0.70523036,-0.58778524,-0.809017,1.0,6.123234e-17,0.0
2022-03-24 00:00:00,5.0,3.0,1.5211124,-1.1295922,-1.4814689,1.3315736,-2.1587338,-1.2261847,0.35013393,3.0,3.0,2.865836,3.0,0.7386706,1.7154527,0.8725103,2.102088,2.145857,1.3873806,0.7317122,1.3391355,0.7924931,-0.30001676,1.3121591,-0.06798455,0.06798455,1.8031983,-0.19734356,0.8843676,-2.3801296,3.0,0.73927516,-0.45646825,0.86502993,-0.091546066,-0.995486,-0.054936577,-0.2472308,-0.58778524,-0.809017,1.0,6.123234e-17,0.0
2022-03-31 00:00:00,5.0,-1.4558605,-1.2258172,-0.5771675,0.87806094,0.5622941,-1.9581171,-0.5910832,-0.23102443,3.0,3.0,3.0,2.7507672,-0.10748928,0.51110053,0.7801885,1.1019067,1.1767632,0.8054427,0.32682535,0.39224488,0.14276065,-0.81202286,1.0613569,0.6497348,-0.6497348,1.8869969,-0.51483834,0.6145414,-2.6137488,3.0,0.41230884,-0.3652779,0.2661665,-0.98351765,-1.4715827,-0.6756495,-0.61800003,-0.58778524,-0.809017,1.0,6.123234e-17,1.0
2022-04-07 00:00:00,5.0,-2.1591182,-1.9392947,-0.626276,-1.2135941,-0.53893507,-1.0843861,1.7788465,-3.0,3.0,3.0,3.0,1.9455329,-1.1690975,-1.0281713,0.38720337,-1.7434794,0.089066684,0.17308079,-0.27626643,-0.65554494,-0.65452343,-1.404591,0.81795955,1.6710097,-1.6710097,1.4288405,-0.89751977,0.07895613,-2.7323601,1.8617681,-0.4632908,-0.31940442,-0.50563073,-1.3854232,-0.47299206,-1.5981807,-0.3293903,-0.58778524,-0.809017,1.0,6.123234e-17,1.0
2022-04-14 00:00:00,5.0,1.1209434,0.82453835,-1.1718369,0.573115,-0.31955,-0.7834516,0.15978843,1.5368068,2.3211157,2.9170508,3.0,1.284791,-0.6806836,-0.3994037,0.3012537,-0.76530284,0.7761044,0.5898275,-0.22062653,-0.15316755,-0.17374568,-1.0032891,0.8665378,1.1094049,-1.1094049,1.4807856,-0.7016303,0.3394658,-2.271847,0.36853543,-0.45944974,-0.17810078,-0.0027648653,-0.029980697,-1.4146017,-0.9578199,-0.35655454,-0.58778524,-0.809017,0.8660254,-0.5,0.0
2022-04-21 00:00:00,5.0,-0.45271468,-0.60949665,2.0683992,-0.3991911,-0.4213018,-1.2889754,-1.0676008,-0.21779989,1.8833162,2.5942037,2.9816384,0.7281064,-0.8310049,-0.60823816,0.14693442,0.39960524,0.44686964,1.8650615,-0.48420733,-0.3854718,-0.3924533,-1.0931274,0.7085014,1.4272677,-1.4272677,1.3362063,-0.98972785,0.17229818,-2.1070135,-0.18604626,-0.29744512,-0.118310414,-0.21232675,-0.8992768,-0.6801392,-1.0786635,-0.93110234,-0.58778524,-0.809017,0.8660254,-0.5,0.0
2022-04-28 00:00:00,5.0,-0.38761678,-0.6525568,0.11559024,1.4649991,-0.38142562,-1.2008327,-0.29330772,0.50316465,1.5746849,2.3338084,2.8022346,0.3341072,-0.9363879,-0.7653305,-0.062956214,-1.9777225,0.03961905,1.0078166,-0.4171878,-0.58702695,-0.58135283,-1.1488777,0.69751716,1.5648516,-1.5648516,-0.31146398,-1.2694529,0.018351948,-1.9623743,-0.6312022,-0.6540166,0.20202507,-0.41586304,-1.333684,0.29048264,-1.2789103,-1.1024086,-0.58778524,-0.809017,0.8660254,-0.5,0.0
2022-05-05 00:00:00,5.0,0.64136004,1.0317235,-0.7115786,-0.44370204,-0.6770392,-0.30357248,1.8198259,-0.39933604,0.98176265,1.7340084,2.1950324,-0.119178295,-0.57578564,-0.35665086,-0.07330143,-0.7492716,0.27389553,1.6259434,-0.51900256,-0.251152,-0.2379301,-0.7964531,0.35289538,1.2146759,-1.2146759,-0.26347944,-0.9645,0.16934381,-1.5980245,-0.862411,-0.48571002,0.3489899,-0.054491844,0.014985212,0.13419423,-0.85232687,-0.96601963,-0.58778524,-0.809017,0.8660254,-0.5,0.0
2022-05-12 00:00:00,5.0,-0.55456585,-0.72457725,0.314266,1.1066091,-0.08042508,0.1787307,0.447526,0.2768978,1.1155026,1.8084065,2.3135962,-0.07452724,-0.8177917,-0.65343624,-0.21787722,0.22598977,-1.2736844,1.3799381,-0.67950135,-0.5637043,-0.617723,-1.0049074,0.82411116,1.4275101,-1.4275101,-1.009942,-1.5634567,0.015994122,-1.6345977,-0.782451,-0.59660274,-0.30604708,-0.4461115,-0.8577654,0.043230455,-1.2409726,-0.7174773,-0.58778524,-0.809017,0.5,-0.8660254,0.0
2022-05-19 00:00:00,5.0,0.10546718,-0.064250365,1.8856844,-0.14570463,-0.35559997,-0.18970315,-0.47386706,0.33192575,0.9551194,1.599372,2.100412,-0.19545166,-0.6726208,-0.51268697,-0.286749,-0.3983331,-0.9692757,1.1155412,-0.4334983,-0.4854235,-0.57516485,-0.8959684,0.68133336,1.3589652,-1.3589652,-1.3492423,-1.1328983,0.05434052,-1.5015646,-0.7285655,-0.4576201,-0.2347792,-0.34842357,0.022519642,0.27369297,-1.155498,-0.7819833,-0.58778524,-0.809017,0.5,-0.8660254,0.0
2022-05-26 00:00:00,5.0,0.60407525,0.619677,-0.59115994,0.47647578,-0.56150395,-0.53184694,-0.57889974,0.47930515,0.642515,1.2353572,1.7041043,-0.38452053,-0.28911653,-0.11316262,-0.1683466,0.24624808,0.53055614,1.349208,-0.21387073,-0.05497408,-0.21682611,-0.5515847,0.3797461,0.86296064,-0.86296064,-1.2166221,-0.6973691,0.27178785,-1.2448037,-0.6879883,-0.3352743,-0.18343149,0.023701493,0.449,0.2765268,-0.78447884,-0.69523007,-0.58778524,-0.809017,0.5,-0.8660254,0.0
2022-06-02 00:00:00,5.0,0.16624965,-0.014187999,2.6392715,-1.1843138,-0.50368714,-0.78100365,-0.6333583,0.69804174,0.5035777,1.0499896,1.5158249,-0.47056082,-0.11891078,0.058572873,-0.040544957,0.58579516,-1.165697,1.1158601,-0.13770373,0.08364071,-0.12606604,-0.40579036,0.43032306,0.91172534,-0.91172534,-1.2700577,-0.2907273,0.35926217,-1.1024437,-0.6386633,0.29073974,-0.110002674,0.11321866,0.88008356,0.6622083,-0.7123574,-0.7270191,-0.58778524,-0.809017,0.5,-0.8660254,0.0
2022-06-09 00:00:00,5.0,0.8863876,0.9451645,-0.9174564,-0.011414772,-0.3187406,-0.4269228,0.3558957,-0.26900864,0.3737571,0.8003784,1.1849562,-0.40995494,0.3911007,0.6082527,0.29457355,0.7332728,-0.019873617,1.2660059,-0.14782609,0.70880103,0.43822113,0.04306611,0.69933593,0.13645893,-0.13645893,-1.0844687,0.23395851,0.80249953,-0.8725386,-0.48351353,0.41814765,-0.2675438,0.666865,1.3044909,1.0015926,0.0054933326,-0.51794094,-0.58778524,-0.809017,1.2246469e-16,-1.0,0.0
2022-06-16 00:00:00,5.0,-0.9053012,-1.7890532,-0.35767254,-0.96930903,-0.96850795,0.13191563,0.6587254,0.5391513,0.2330276,0.74964714,1.2522057,-0.7117026,-0.22656463,-0.05341651,0.2360085,0.5216488,0.60949516,0.7352334,-0.31960896,-0.016637955,-0.16463731,-0.2575787,-0.20211112,-0.30208322,0.30208322,-0.8573604,-0.81335205,0.38477975,-0.8509438,-0.62819463,0.35392034,-0.005545798,0.051282555,-0.9975519,0.05945587,-0.6181676,-0.16015069,-0.58778524,-0.809017,1.2246469e-16,-1.0,0.0
2022-06-23 00:00:00,5.0,-1.1627867,-1.3326173,-0.4795691,0.252167,-0.07666288,0.43293864,0.21641882,0.8469997,0.6462782,1.0940764,1.6425886,-0.41232243,-0.9535947,-0.85773176,-0.16816655,-0.26669484,-0.5436784,0.26440677,-0.8633825,-0.930812,-0.9925445,-0.8445117,0.73805106,0.8142837,-0.8142837,-0.5216135,-2.1360865,-0.06269867,-1.1424718,-0.49551535,-0.6430388,-0.39017722,-0.8046628,-1.4102039,-0.7866993,-1.3306713,0.0705536,-0.58778524,-0.809017,1.2246469e-16,-1.0,0.0
2022-06-30 00:00:00,5.0,0.53394026,0.6602352,0.48704943,-0.60154945,-0.42093617,-0.9764414,-1.6782784,-1.4395033,0.56928635,0.93712956,1.4172282,-0.36153322,-0.56889707,-0.47460723,-0.26006392,-0.30345592,-0.045610055,0.4310553,-0.7608428,-0.38035366,-0.6377503,-0.5712225,0.563999,0.06169502,-0.06169502,-0.53452426,-1.6430213,0.24098855,-1.0001609,-0.39944068,-0.5048833,-0.43003032,-0.4739568,-0.045308806,-0.89468867,-0.91545045,0.12999958,-0.58778524,-0.809017,1.2246469e-16,-1.0,0.0
2022-07-07 00:00:00,5.0,-2.4503932,-1.9087518,-1.146465,-0.8405926,0.34935948,0.29723904,2.4090054,-0.015498085,1.4703286,1.7964486,2.369407,0.04726916,-1.9317431,-2.0319488,-0.9277135,-1.955401,-1.1501795,-1.1929829,-1.5849518,-2.6469207,-2.0727594,-1.7017014,0.76457757,2.4403174,-2.4403174,0.0005897532,-2.9149144,-0.73840755,-1.5687449,-0.1575674,-2.0868402,-0.83262694,-2.0010114,-0.9204254,-1.6059766,-2.506452,-0.21690932,-0.58778524,-0.809017,1.2246469e-16,-1.0,1.0
2022-07-14 00:00:00,5.0,-0.2931406,-0.35467806,2.4363558,-0.3117264,-0.8375406,0.26530018,-0.31204912,-0.6638122,1.2585783,1.6664784,2.25224,-0.20528607,-1.9215106,-2.0321128,-1.396815,-2.52159,-1.5977173,-1.4369454,-1.3756839,-2.6741781,-2.0970504,-1.7179193,0.068691276,2.4079092,-2.4079092,-0.36859947,-3.0,-0.937223,-1.488588,-0.2430062,-2.6181555,-1.2068816,-2.0882576,-1.3537295,-0.98149633,-2.9046993,0.0019059215,-0.58778524,-0.809017,-0.5,-0.8660254,0.0
2022-07-21 00:00:00,5.0,1.0396653,0.75549847,-0.95045227,0.72055763,-0.34718618,0.5892139,0.008087202,0.56050384,1.0132607,1.3395339,1.8097354,-0.19833457,-1.2666028,-1.3944281,-1.3282936,-1.3599735,-0.7810332,-2.0708869,-1.1316098,-1.4966582,-1.3539294,-1.244187,0.51501364,1.0499305,-1.0499305,0.12194128,-2.105033,-0.41705057,-1.2666875,-0.06616403,-2.1538107,-1.4749233,-1.3341372,-0.007479168,-0.71588415,-1.847423,-0.23904845,-0.58778524,-0.809017,-0.5,-0.8660254,0.0
2022-07-28 00:00:00,5.0,-0.15490986,-0.31496134,-0.42984593,2.6792705,-1.4718657,-0.07400454,-0.67334515,0.07220648,0.5557661,1.032783,1.5852455,-0.6906077,-1.2475917,-1.3709301,-1.3423128,-0.795928,-0.9064303,-1.8598287,-1.3156291,-1.4480119,-1.3304529,-1.212179,-0.960895,1.0553164,-1.0553164,0.04715024,-2.7293756,-0.6265483,-1.0681536,-0.381483,-1.6676605,-1.6640718,-1.3036765,-0.87813205,0.5724749,-1.3316638,-0.25541243,-0.58778524,-0.809017,-0.5,-0.8660254,0.0
2022-08-04 00:00:00,5.0,-1.6199391,-1.6797295,-0.17653136,-1.3021176,0.12692465,0.21335053,0.034240223,1.182492,1.0664144,1.5124047,2.1053107,-0.48721793,-1.9382755,-2.1210835,-1.5724307,-2.0022888,-1.9866533,-1.5478212,-1.9157277,-2.5829773,-2.0876038,-1.8764858,0.489479,2.2326474,-2.2326474,0.11241677,-3.0,-1.3548038,-1.3649099,-0.3305087,-2.1174386,-1.6404217,-2.074961,-1.2782847,-0.09882292,-2.6058848,-0.30296513,-0.58778524,-0.809017,-0.5,-0.8660254,0.0
2022-08-11 00:00:00,5.0,0.03020823,-0.07150086,-0.35346892,2.2342594,-1.7678684,0.50482017,0.09386176,0.4762717,0.54560655,1.1302088,1.7890058,-0.96564704,-1.8060261,-1.968724,-1.7424396,-0.5878956,-1.9856244,-3.0,-2.2307255,-2.2217538,-1.9067179,-1.8078593,-1.5435275,1.8734671,-1.8734671,-0.10923291,-1.9365265,-1.5218732,-1.1413959,-0.7097024,-2.4541664,-2.0124545,-1.9060476,0.075132236,-0.6088923,-2.1825054,-0.6098729,-0.58778524,-0.809017,-0.8660254,-0.5,0.0
2022-08-18 00:00:00,5.0,-0.6818255,-0.9600281,0.4895848,-0.21091464,-0.83547366,0.43571925,-0.123766,0.021587966,0.5369818,1.1447914,1.8443043,-1.0534964,-1.9939275,-2.1490414,-1.8621356,-0.8207259,-2.5683286,-2.563095,-2.7659268,-2.2889483,-2.0817058,-2.0588517,-0.733004,2.0755239,-2.0755239,-0.03359403,-2.4455428,-1.8780639,-1.1543576,-0.7160067,-2.248214,-2.4451897,-2.0887296,-0.8017952,-0.84248424,-2.3706357,-0.28298563,-0.58778524,-0.809017,-0.8660254,-0.5,0.0
2022-08-25 00:00:00,5.0,1.142866,1.3570057,-0.80343074,-0.9339726,-0.6033569,0.9492703,0.157564,-0.4076358,0.25449875,0.7475555,1.353832,-1.0517775,-1.2869842,-1.5180038,-1.5356821,-0.7367923,-1.6064267,-1.0989223,-2.1332898,-1.3828914,-1.343598,-1.4996927,-0.5351133,1.1819562,-1.1819562,0.071175545,-1.477365,-1.26207,-0.8579261,-0.7727677,-1.6881768,-2.5954964,-1.3417493,0.10852597,0.62692696,-1.397712,-1.0248231,-0.58778524,-0.809017,-0.8660254,-0.5,0.0
2022-09-01 00:00:00,2.0,-0.8197302,-1.1729316,0.8048067,-0.969951,-0.5358175,-1.0955396,-1.1319726,0.63011473,0.37353212,0.8659227,1.5063595,-1.0262098,-1.5860882,-1.8000681,-1.4397169,-1.1221743,-1.4700183,-1.8958007,-2.3107176,-1.7118043,-1.6613783,-1.8409201,-0.519063,1.6415335,-1.6415335,0.17743862,-1.8214394,-1.6802974,-0.9499741,-0.62628096,-1.46901,-2.8000972,-1.6732136,-0.8364551,0.18423869,-1.873192,-0.6614444,-0.58778524,-0.809017,-0.8660254,-0.5,0.0
2022-09-08 00:00:00,5.0,-1.4562811,-1.453448,-0.032249924,-1.0026165,-0.557371,0.5675432,1.1981645,-1.8616482,0.6386132,1.171069,1.8740697,-1.0066993,-2.0569441,-2.2623038,-1.6218082,-1.04902,-2.265383,-2.2757232,-2.952159,-2.1575303,-2.2279727,-2.4173467,-0.75682306,2.0178766,-2.0178766,-0.04471827,-2.2181702,-2.329823,-1.1627958,-0.7153578,-2.0123181,-2.1550717,-2.2355797,-1.2643694,-0.14122038,-2.248892,-0.85631484,-0.58778524,-0.809017,-1.0,-1.8369701e-16,0.0
2022-09-15 00:00:00,5.0,0.95670205,1.1718132,-0.20904377,-1.0461425,-0.8134621,1.3111142,0.2523051,-0.26684004,0.29760164,0.76327944,1.4005618,-1.050682,-1.4790738,-1.7492718,-1.4302162,-0.4973252,-0.804389,-1.6602991,-2.064932,-1.4697602,-1.595908,-1.8724381,-1.0581403,1.3774093,-1.3774093,0.18575361,-1.3709519,-1.8503691,-0.87231344,-0.5768797,-1.6415538,-2.0803874,-1.5891724,0.10852597,-0.29389226,-1.5575827,-0.9266555,-0.58778524,-0.809017,-1.0,-1.8369701e-16,0.0
2022-09-22 00:00:00,5.0,-0.7540333,-1.4887427,-1.032967,-0.22604404,-1.4634928,0.94624275,-0.26305276,0.6079188,0.14170896,0.7093293,1.4368548,-1.2648326,-1.6828384,-1.9276855,-1.444087,-0.5558868,-1.0124825,-2.1417704,-2.488053,-1.6091739,-1.8616266,-2.1421452,-1.7023937,1.6718442,-1.6718442,0.23076582,-1.8422022,-2.2886844,-0.8506351,-0.6329362,-1.5446154,-2.081964,-1.8459542,-0.8017952,-0.21886155,-1.8808109,-0.9766868,-0.58778524,-0.809017,-1.0,-1.8369701e-16,0.0
2022-09-29 00:00:00,5.0,-0.14838368,-0.28921846,0.38383815,1.6651592,-0.48750776,-1.287867,-1.1099672,0.31625077,0.19384,0.68477184,1.3807359,-1.1462876,-1.65337,-1.8713101,-1.341382,-1.2904817,-1.4814678,-1.9416939,-1.9898047,-1.4790552,-1.7631891,-2.0752888,-0.92216194,1.3636172,-1.3636172,-0.2745297,-1.9722557,-2.257297,-0.82768923,-0.59657425,-1.5195367,-1.9909531,-1.75961,-1.2466404,0.3340341,-1.5716025,-1.0438945,-0.58778524,-0.809017,-1.0,-1.8369701e-16,0.0
2022-10-06 00:00:00,5.0,0.6104547,0.8984414,-0.79372156,0.27372742,-0.91656077,2.4562898,2.5554347,-0.277757,-0.066942796,0.37661818,1.0439504,-1.1878449,-1.2679822,-1.5411347,-1.0693306,-0.4619947,-1.1414968,-1.6900209,-1.7074071,-1.0907718,-1.3185498,-1.6987034,-1.2946812,0.85760415,-0.85760415,-0.13743928,-1.1127043,-1.9599712,-0.57983965,-0.6277782,-1.2171466,-2.3594723,-1.2873563,0.13001771,0.15584978,-1.1884006,-0.92494625,-0.58778524,-0.809017,-1.0,-1.8369701e-16,1.0
2022-10-13 00:00:00,5.0,-0.23014174,-0.55345,2.1541963,-0.7217831,-0.919625,1.751655,-0.29377946,0.76846606,-0.15722083,0.28285468,0.9693565,-1.2226865,-1.3114212,-1.5530775,-0.88376087,0.25646627,-0.57244575,-1.9237995,-1.4123971,-1.0801101,-1.3112192,-1.7206877,-1.4094394,0.75654083,-0.75654083,-0.66387445,-1.6346663,-2.0895913,-0.5110137,-0.6594709,-0.95335567,-2.2686853,-1.2677306,-0.7877544,0.36668465,-1.2401133,-1.1440978,-0.58778524,-0.809017,-0.8660254,0.5,0.0
2022-10-20 00:00:00,5.0,-0.07011919,-0.197295,0.8015547,1.4394292,-1.0503764,2.0656257,0.19193079,0.20162207,-0.31618005,0.12351089,0.8330832,-1.2922871,-1.275293,-1.4996972,-0.7149483,-0.35047933,-0.61381924,-1.9392322,-1.7193155,-0.99557304,-1.2033589,-1.681216,-1.4359335,0.74382657,-0.74382657,-1.012255,-2.0502653,-2.1316385,-0.38110548,-0.6849311,-1.0432154,-2.202994,-1.1599487,-1.208375,0.40016258,-1.2040159,-1.2364062,-0.58778524,-0.809017,-0.8660254,0.5,0.0
2022-10-27 00:00:00,5.0,0.46387982,0.9387941,-0.7466951,0.07702724,-1.229343,0.72626644,-0.7087777,0.29031974,-0.624377,-0.19974272,0.52054024,-1.4231724,-0.9539238,-1.2455232,-0.41527584,0.36893842,-0.13551109,-1.9843653,-1.3862762,-0.6841681,-0.7661573,-1.3942529,-2.5206883,0.32538956,-0.32538956,-1.1599618,-1.410913,-1.9689697,-0.063243926,-0.6742539,-0.8162454,-2.1707792,-0.736235,0.13659343,0.34956798,-0.9134273,-0.98495644,-0.58778524,-0.809017,-0.8660254,0.5,0.0
2022-11-03 00:00:00,5.0,0.0033286712,-0.18541865,-0.07768755,2.2506819,-1.2125593,-0.42074206,-0.7855796,0.7186202,-0.82256055,-0.40653536,0.34461418,-1.52061,-0.8893428,-1.1790192,-0.15015309,0.45757237,-0.612197,-1.6605315,-1.3965172,-0.5635263,-0.6089675,-1.3410217,-2.5859747,0.2586288,-0.2586288,-1.1622658,-0.8726565,-2.029009,0.15743609,-0.77546424,-0.66162074,-2.7059288,-0.57230526,0.5826977,0.49680373,-0.7488831,-1.3512459,-0.58778524,-0.809017,-0.8660254,0.5,0.0
2022-11-10 00:00:00,5.0,-0.6264406,-0.92487335,1.423576,-1.0491235,-0.50441813,0.63619727,0.6145125,-0.45365912,-0.6829234,-0.33089757,0.42525682,-1.3557572,-1.1548132,-1.364645,-0.10838565,-0.26969993,-0.53334564,-1.4896951,-1.7879188,-0.83680224,-0.85935026,-1.6026517,-1.126446,0.42325303,-0.42325303,-1.0157099,-1.3889724,-2.2263584,0.04573598,-0.71674293,-0.63113904,-2.4637914,-0.80842245,-0.75523436,0.117387496,-1.0111834,-1.3746394,-0.58778524,-0.809017,-0.5,0.8660254,0.0
2022-11-17 00:00:00,2.0,-0.0159487,-0.039743647,2.3416495,-0.38743073,-0.93066466,0.5713667,-0.14847559,0.017643562,-0.81751305,-0.48891255,0.28053144,-1.3919296,-1.0963793,-1.3027452,-0.048172615,-0.14457946,0.08161672,-1.6183197,-1.750321,-0.76451397,-0.7064455,-1.5816842,-2.1320405,0.3687422,-0.3687422,-0.987453,-0.63294005,-2.2216067,0.22061202,-0.7312933,-0.68013084,-2.3864713,-0.70490533,0.1677352,-0.21971871,-0.8572195,-1.3803966,-0.58778524,-0.809017,-0.5,0.8660254,0.0
2022-11-24 00:00:00,2.0,-1.294602,-1.395999,-1.1723285,0.092368186,0.7975149,1.2671449,0.26001033,0.07405309,-0.23456216,-0.03244046,0.6959323,-0.94299746,-1.6256061,-1.7023206,-0.33272958,-0.87244195,-0.8811015,-1.2700703,-2.2827694,-1.5882721,-1.3328065,-2.0845675,0.06901791,1.3150376,-1.3150376,-0.12959604,-1.3734666,-2.4273565,-0.29368883,-0.5040725,-1.555617,-2.132614,-1.325232,-0.7207684,-1.0368499,-1.3912818,-1.4076681,-0.58778524,-0.809017,-0.5,0.8660254,0.0
2022-12-01 00:00:00,2.0,-0.009716502,0.04550496,-0.084463395,1.8786026,-0.6603028,-1.8259392,-1.7072886,-0.4906107,-0.36618003,-0.15483104,0.57988214,-0.9889259,-1.5628943,-1.632384,-0.48062524,-1.1463188,-0.5614222,-1.1724447,-2.2989216,-1.3861148,-1.238658,-2.0314872,-1.5179213,1.0758876,-1.0758876,-0.44288397,-0.9235885,-2.363914,-0.18202214,-0.4302014,-1.7108711,-2.0677357,-1.2540956,0.24951145,-0.61077034,-1.179698,-1.3560175,-0.58778524,-0.809017,-0.5,0.8660254,0.0
2022-12-08 00:00:00,2.0,-1.503889,-1.438177,-0.12696613,-1.1897999,1.6001304,0.31399527,2.5121527,1.6783392,0.49706376,0.56753194,1.209955,-0.48599282,-2.0248973,-2.010489,-0.8288572,-2.0031867,-1.1459748,-1.9285688,-2.744266,-2.039708,-1.7423066,-2.4213479,0.4728732,1.6417371,-1.6417371,-0.18513326,-1.5011473,-2.447939,-0.7864657,-0.056350023,-1.8376684,-1.8210502,-1.7581862,-0.6943443,-1.3584448,-1.6373436,-1.2944701,-0.58778524,-0.809017,-2.4492937e-16,1.0,0.0
2022-12-15 00:00:00,2.0,1.0379081,1.1364989,-0.9341651,0.068140596,-0.07197139,0.6752203,0.09659919,0.58410865,0.17715098,0.22429924,0.7949437,-0.50973415,-1.3938752,-1.5751343,-0.73548096,-1.0323485,-0.9527504,-1.5190496,-2.38389,-1.2957886,-1.0744617,-1.9529467,-1.0141588,0.5908406,-0.5908406,0.44623762,-0.58548903,-2.0036535,-0.5014725,-0.046458438,-1.7002786,-1.4918786,-1.0918968,0.35965475,0.29185924,-0.91154504,-1.0657678,-0.58778524,-0.809017,-2.4492937e-16,1.0,0.0
2022-12-22 00:00:00,2.0,-0.08309574,-0.30399257,-0.8367354,2.2560964,-1.2112848,-0.3724145,-0.69469875,0.30272695,-0.19456755,-0.013087305,0.64640784,-0.78517723,-1.3850943,-1.5471143,-0.66657656,-1.0690998,-0.8974834,-1.0556146,-2.206432,-1.1808537,-1.0663694,-1.9834623,-2.58017,0.63651925,-0.63651925,0.62264884,-1.1275,-2.115411,-0.31841886,-0.09218878,-1.3370306,-1.4556803,-1.0915929,-0.6929933,0.24305466,-0.8201121,-0.4160899,-0.58778524,-0.809017,-2.4492937e-16,1.0,0.0
2022-12-29 00:00:00,2.0,0.18698323,0.24596038,1.0749408,0.211634,-1.1183938,-2.114705,-1.680285,0.33275366,-0.533241,-0.3016634,0.41318426,-0.96850586,-1.2236576,-1.419236,-0.48692206,-0.21320176,-0.78519386,-0.9971513,-1.9087806,-0.92210776,-0.8900959,-1.8773665,-2.3587272,0.460145,-0.460145,0.27421564,-0.7980802,-2.100402,-0.04707478,-0.38098028,-0.90700954,-1.1806964,-0.9443472,0.3373621,1.1437234,-0.67402285,-0.5676685,-0.58778524,-0.809017,-2.4492937e-16,1.0,0.0
2023-01-05 00:00:00,2.0,-0.97941476,-1.0572761,0.9231767,-1.2029039,0.6548311,-0.5409039,3.0,-0.4580634,-0.06791951,0.10308524,0.78726053,-0.70462286,-1.5591031,-1.6602407,-0.52929705,-0.7859381,-1.3965355,-1.0948421,-2.1336303,-1.3321859,-1.3020554,-2.1226575,-0.5825798,1.2133173,-1.2133173,0.43200865,-1.2180501,-2.1968338,-0.45511538,-0.22153991,-0.99052477,-0.68047667,-1.3662221,-0.707857,-0.25869972,-1.2518125,-0.75112826,-0.58778524,-0.809017,-2.4492937e-16,1.0,1.0
2023-01-12 00:00:00,2.0,0.8773153,1.4623775,-0.89958483,-0.86119264,-0.8737936,0.57564026,0.80709934,0.4516065,-0.54486114,-0.38651934,0.30645528,-0.8589284,-0.99884707,-1.2816429,-0.2642911,0.6116825,-1.0076835,-1.1419618,-1.6640621,-0.70467556,-0.7061883,-1.7225972,-2.1745577,0.48400715,-0.48400715,0.08374541,-0.29226053,-1.9355294,0.03929072,-0.54198325,-0.8280331,-0.88626003,-0.7664872,0.3373621,0.5153827,-0.6746649,0.24159251,-0.58778524,-0.809017,0.5,0.8660254,0.0
2023-01-19 00:00:00,5.0,0.39679146,0.6051993,1.2428471,-0.8395226,-0.73212653,0.37003097,-0.25892934,0.34264612,-0.8258587,-0.6978741,0.013404913,-0.94485575,-0.7375067,-1.0914184,0.10895303,0.23875208,-0.57477844,-0.7766625,-1.587972,-0.35023785,-0.3866538,-1.5172043,-1.8229079,0.12165172,-0.12165172,-0.18740413,0.7078881,-1.8200489,0.41674444,-0.61043435,-0.31705356,-1.2092811,-0.46452358,0.8565394,0.6730043,-0.11404059,-0.11607622,-0.58778524,-0.809017,0.5,0.8660254,0.0
2023-01-26 00:00:00,2.0,0.1501101,0.3900256,1.3427582,-0.54171526,-0.69381994,0.15856926,-0.29227164,-0.43298492,-0.9749887,-0.88382715,-0.18556093,-0.9893482,-0.6331555,-1.0072773,0.45519868,0.3814165,-0.50762445,-0.30370164,-0.73281395,-0.2065515,-0.27177563,-1.4148474,-1.9501845,-0.024119435,0.024119435,-0.006098782,1.3948104,-1.7738951,0.65795714,-0.53816766,-0.14992219,-1.4859123,-0.3532463,1.3362832,1.4328268,0.0352679,0.24676551,-0.58778524,-0.809017,0.5,0.8660254,0.0
2023-02-02 00:00:00,5.0,-0.6396162,-1.0621657,0.71528894,-0.90125406,-0.074001946,-0.6990689,-0.7441346,0.100927025,-0.8114689,-0.74624914,-0.05980417,-0.892895,-0.9036783,-1.1721838,0.5065263,-0.09266412,-0.22142577,-0.76750153,-1.2737775,-0.5583732,-0.5862498,-1.6015451,-0.9524716,0.464389,-0.464389,0.3620205,0.85816014,-1.9063168,0.4396772,-0.41066134,-0.30457088,-1.0560501,-0.6715614,-0.73940295,0.15359597,-0.43010542,0.32660678,-0.58778524,-0.809017,0.5,0.8660254,0.0
2023-02-09 00:00:00,5.0,0.38802627,0.48763052,-1.169744,1.6048136,-0.29864913,0.61928326,0.9704645,0.43046784,-0.89914966,-0.90953934,-0.289966,-0.85210484,-0.6517377,-0.9987388,0.69505364,0.7280213,-0.06099675,-0.43267062,-1.0123334,-0.23577182,-0.29930177,-1.3755481,-1.3554213,0.12369468,-0.12369468,-0.27666092,1.5067482,-1.7325561,0.6752062,-0.51058304,-0.44834793,-1.0676606,-0.3850902,0.28821793,0.13851687,-0.10296299,-0.03634109,-0.58778524,-0.809017,0.8660254,0.5,0.0
2023-02-16 00:00:00,2.0,0.020748524,0.013159486,0.5983231,1.0590587,-1.1633593,0.15036108,-0.4007374,0.079285145,-1.144512,-1.1322259,-0.49458137,-1.0222462,-0.61175454,-0.95695186,0.8651038,0.200264,0.59330994,-0.3826779,-1.0441357,-0.17333595,-0.2522347,-1.3239253,-2.2064853,-0.10838073,0.10838073,-0.65636194,1.6967056,-1.8157651,0.9904292,-0.52934283,-0.18740244,-0.9031486,-0.34601122,0.79964906,0.023796922,-0.05739177,0.027668428,-0.58778524,-0.809017,0.8660254,0.5,0.0
2023-02-23 00:00:00,2.0,-0.9177224,-1.5660534,-0.41616675,-1.0660225,-0.2202253,0.33479896,-0.113121584,-0.20297584,-0.9704768,-0.9576257,-0.29785863,-0.9332654,-1.0225773,-1.207673,0.6519276,-0.56994456,-0.22869635,-0.81960166,-1.4584711,-0.70729095,-0.7666482,-1.613366,-1.2681547,0.47426957,-0.47426957,-0.17671469,0.9817482,-2.0508509,0.67013335,-0.45235243,-0.46898758,-0.89156055,-0.84222674,-0.73940295,-0.22097261,-0.72662586,0.52268136,-0.58778524,-0.809017,0.8660254,0.5,0.0
2023-03-02 00:00:00,2.0,0.69966257,1.6009502,-1.0404142,-1.0444014,-0.87847924,-0.918495,-0.94806194,-0.06093577,-1.2427382,-1.2943566,-0.70674706,-1.0250069,-0.5801477,-0.9251096,0.79170907,-0.25937402,0.09297407,-0.5538846,-1.3031752,-0.15793218,-0.24015853,-1.2906002,-1.9389335,-0.78031516,0.78031516,0.1313573,1.1756173,-1.8827984,1.2214268,-0.47724608,-0.34148154,-0.39730614,-0.31474528,0.32672122,0.10831784,-0.16796626,0.48493603,-0.58778524,-0.809017,0.8660254,0.5,0.0
2023-03-09 00:00:00,5.0,-0.30703664,-0.72771716,1.0961041,-0.6157873,-0.5611287,0.32479438,0.82175124,0.1105991,-1.2538257,-1.3301578,-0.75838214,-1.0139632,-0.71022904,-0.9919468,0.7755005,-0.0670179,-0.11303031,-0.6201682,-1.5296187,-0.3114068,-0.38799596,-1.346709,-1.7954015,-0.38140064,0.38140064,-0.05260133,0.5945886,-1.9963931,1.2539381,-0.5290424,-0.18586026,-0.40664345,-0.44027606,-0.70856506,-0.18412249,-0.3841179,0.57344896,-0.58778524,-0.809017,1.0,6.123234e-17,0.0
2023-03-16 00:00:00,5.0,-1.7338569,-1.3722186,-0.75212395,-0.451491,2.2113507,1.819177,0.8174723,0.057842337,-0.09282112,-0.33174795,0.15526587,-0.21821739,-1.3799577,-1.4426786,0.15860558,-1.3419621,-0.4066569,-1.2473396,-2.0862517,-1.3892591,-1.244016,-1.7295159,0.707135,1.170246,-1.170246,0.64180803,-0.16014542,-1.9545046,-0.15147124,-0.13111474,-1.242135,-0.49670425,-1.2411431,-1.246599,-0.6590895,-1.2234344,1.0272027,-0.58778524,-0.809017,1.0,6.123234e-17,0.0
2023-03-23 00:00:00,5.0,0.6580269,0.6002173,-0.99503046,1.4655945,0.18090844,0.3441188,-0.7917141,1.1170727,-0.25223973,-0.5230646,-0.14763053,-0.20609257,-1.0013267,-1.1946988,0.05042431,-0.97188944,-0.51818025,-1.0554328,-1.9019634,-0.9024125,-0.7354537,-1.4152325,-0.71448433,0.23981883,-0.23981883,0.8383482,0.41311866,-1.705783,0.09383538,0.044592626,-1.4343376,-0.47643617,-0.7445672,0.5394737,-0.7715949,-0.6384199,1.4157519,-0.58778524,-0.809017,1.0,6.123234e-17,0.0
2023-03-30 00:00:00,2.0,0.35130215,0.6332272,-0.32024843,0.71870655,0.19397056,-0.99708945,-1.0124553,-1.3127831,-0.34187543,-0.6313295,-0.34037435,-0.19344163,-0.79275787,-1.0505179,0.13525786,-0.20775461,-0.5455879,-0.7734586,-1.7229782,-0.57367265,-0.4300666,-1.2081143,-0.7130966,-0.1447465,0.1447465,0.7286752,0.7175814,-1.5456785,0.24401899,0.087670356,-0.9435939,-0.4711207,-0.44329584,1.1121299,-0.14062227,-0.29035467,1.5319172,-0.58778524,-0.809017,1.0,6.123234e-17,0.0
2023-04-06 00:00:00,2.0,1.2727674,1.4285444,-0.5447513,-0.97260416,0.6432468,0.9524853,1.6694527,0.0047163586,-0.4780994,-0.9081365,-0.8671845,-0.052788258,-0.07137333,-0.5849444,0.6492409,0.17176926,-0.07028226,-0.40013278,-1.433206,0.83634704,0.4503388,-0.6447162,-0.36051488,-1.7031951,1.7031951,0.8951829,1.2141657,-1.0558403,0.70910037,0.32237786,0.42797816,-0.5754028,0.4284458,1.661296,2.3248763,1.1848874,2.0162113,-0.58778524,-0.809017,1.0,6.123234e-17,1.0
2023-04-13 00:00:00,5.0,0.43541342,1.1628052,-0.99931043,0.081747875,-0.95363665,-0.92095965,-1.185204,-0.115670316,-0.99107915,-1.355411,-1.3679479,-0.39426625,0.1826772,-0.41176915,1.1963843,0.64490974,0.39505848,0.10618658,-1.4142685,1.3128427,0.80047005,-0.4557025,-1.8362334,-2.2561042,2.2561042,1.0524062,1.353513,-1.0747843,1.4625682,0.20211339,1.2244413,-0.57341033,0.7895595,2.1641154,2.009107,2.207801,2.740248,-0.58778524,-0.809017,0.8660254,-0.5,0.0
2023-04-20 00:00:00,5.0,-0.71278137,-1.4528954,-0.8844082,-0.5574574,-0.4048332,1.0142298,1.6543353,-0.2054534,-1.0152568,-1.3155618,-1.2981575,-0.49757105,-0.20787594,-0.6490057,1.2786893,1.2774065,-0.0911305,-0.101466835,-1.6316937,0.47053915,0.3055069,-0.7389759,-1.4039446,-1.3422637,1.3422637,-0.18766282,0.7319527,-1.3765438,1.3679197,-0.28997645,0.80216235,-0.5802947,0.28870684,-0.68263435,1.0244182,1.3457346,2.1690226,-0.58778524,-0.809017,0.8660254,-0.5,0.0
2023-04-27 00:00:00,5.0,-0.9737148,-1.6719303,-1.1124088,-0.9960157,-0.08161068,-0.5591912,-0.94247013,-0.11018498,-0.8602305,-1.1027135,-1.032285,-0.49237877,-0.7019596,-0.97400147,0.9770642,0.27303657,-0.5708695,0.07601567,-2.3776467,-0.7466661,-0.45189965,-1.1412203,-1.0440271,-0.08967889,0.08967889,0.6137495,0.3223251,-1.7036779,0.95091504,-0.32509315,-0.3439508,-0.57155925,-0.45872986,-1.248236,-0.925961,0.19330822,1.5891212,-0.58778524,-0.809017,0.8660254,-0.5,0.0
2023-05-04 00:00:00,5.0,-1.0125498,-1.1025617,0.104888685,-0.82513523,1.5642027,0.31678098,0.43836024,0.39395344,-0.26608348,-0.49605218,-0.29841742,-0.15865055,-1.1891015,-1.3011525,0.3773783,-0.65175855,-0.6597181,-0.5445304,-2.4472866,-1.552624,-1.1436222,-1.4276803,-0.029878058,1.2270415,-1.2270415,0.9379762,-0.2235935,-1.7695228,0.0126329195,-0.1784438,-1.2498949,-0.49831992,-1.1173743,-1.7873387,-1.92794,-1.0854976,0.93037623,-0.58778524,-0.809017,0.8660254,-0.5,0.0
2023-05-11 00:00:00,5.0,0.95074326,0.87434304,-0.5664426,0.5166848,1.9105694,0.4005613,-0.11706222,-0.66775614,-0.05265525,-0.46427646,-0.58977413,0.22954233,-0.6152192,-0.94567263,0.345732,-0.91548383,-0.55495197,-0.24635643,-1.7021338,-0.57854855,-0.38489172,-0.9252333,0.331897,-0.2622203,0.2622203,0.32056823,0.30009034,-1.2965642,0.07814065,-0.052406278,-1.067564,-0.20232576,-0.38750666,0.54553384,-0.5037258,0.21315096,1.2475212,-0.58778524,-0.809017,0.5,-0.8660254,0.0
2023-05-18 00:00:00,5.0,0.2689777,0.19432522,-0.6422028,2.1809208,-0.9819157,0.8405771,0.053766567,0.5379568,-0.53107876,-0.7916577,-0.9692696,-0.1419715,-0.5220416,-0.89639235,0.41963157,-1.13804,-0.30193743,-0.24374716,-2.3673365,-0.35905504,-0.2575494,-0.85867614,-1.6083771,-0.43925965,0.43925965,0.15413341,0.93016297,-1.4211498,0.52771986,0.052724883,-0.5064064,0.12876585,-0.2693966,1.1213028,0.39553565,0.3781744,1.6982198,-0.58778524,-0.809017,0.5,-0.8660254,0.0
2023-05-25 00:00:00,5.0,0.44393733,0.71919084,-0.8207651,1.0729282,-0.7295242,0.4295028,-0.34470904,-0.15723729,-0.93666774,-1.1014265,-1.3481563,-0.46008012,-0.28222197,-0.7541485,0.6431971,-0.33179626,0.987178,0.19591725,-1.9690799,-0.03835687,-0.0044362936,-0.6818103,-1.4986085,-0.8156879,0.8156879,0.35339275,1.5607715,-1.4649879,1.0321128,0.105131514,-0.14189132,0.45674238,-0.018927671,1.6389152,1.3431226,0.7308822,2.0793169,-0.58778524,-0.809017,0.5,-0.8660254,0.0
2023-06-01 00:00:00,5.0,-1.3119316,-1.4557263,-0.98841935,-0.5470892,0.8610451,-0.832586,-0.71373916,-0.17498527,-0.45880935,-0.6193771,-0.61904585,-0.18203306,-0.9426353,-1.1468365,0.3348634,-0.43896225,-0.09562609,-0.44851905,-1.747769,-1.0169159,-0.94612974,-1.0662186,-0.2831363,0.6530764,-0.6530764,0.4432796,0.9173688,-1.6765729,0.19297764,0.614866,-0.5274297,0.4877472,-0.92169696,-0.6910842,-0.30969536,-0.5942564,0.82700145,-0.58778524,-0.809017,0.5,-0.8660254,0.0
2023-06-08 00:00:00,5.0,1.1910424,1.3345915,0.05994826,-1.1303465,0.68181175,1.4468026,1.0628237,-1.3904222,-0.5978361,-0.8661671,-1.107763,0.031974986,-0.24050243,-0.7292926,0.5646052,1.0897702,0.31506732,-0.27425292,-1.7329433,-0.04153779,-0.017059447,-0.57789004,-0.2594922,-0.46677753,0.46677753,0.2097593,1.6157103,-1.3500067,0.64090717,0.31453237,-0.1139935,0.5527797,-0.02578446,0.47694543,0.403219,0.44323957,1.4813143,-0.58778524,-0.809017,1.2246469e-16,-1.0,0.0
2023-06-15 00:00:00,5.0,-0.81935805,-1.0389825,-0.4902565,-0.07000777,0.30154607,1.3643571,-0.17454675,-0.2559292,-0.36360058,-0.59053147,-0.69511014,0.07798908,-0.6748795,-0.9880298,0.42645305,-0.14053394,-1.0227548,-0.57514477,-1.7651657,-0.6650157,-0.60330856,-0.82238954,-0.5276787,0.4947252,-0.4947252,0.22530535,0.61193204,-1.53147,0.18107183,-0.34110826,-0.32041427,0.5876161,-0.5627957,-0.6910842,-0.47486237,-0.4233664,0.7734821,-0.58778524,-0.809017,1.2246469e-16,-1.0,0.0
2023-06-22 00:00:00,5.0,1.065976,1.4915122,-1.0097952,-0.62120014,-0.618757,-1.0704901,-1.0651712,0.8292953,-0.9893922,-1.1069585,-1.3209858,-0.33557895,-0.027952446,-0.59476584,0.72939676,0.3826241,-0.7318194,-0.052526694,-1.4816427,0.25084552,0.24893631,-0.4243623,-1.3140215,-0.5179359,0.5179359,0.5896533,1.0643992,-1.4066076,1.0112127,-0.14991465,0.081296414,0.15587054,0.23795511,0.45334846,1.1802396,0.7087105,1.0072129,-0.58778524,-0.809017,1.2246469e-16,-1.0,0.0
2023-06-29 00:00:00,5.0,-0.6393914,-0.8968037,-0.9367427,0.65243876,0.119258985,-1.0984693,-0.26047787,-0.29713076,-0.79504704,-0.9015464,-1.0285057,-0.28299916,-0.40713173,-0.82047564,0.67820483,-0.33857214,-0.6154154,-0.40333328,-1.7055938,-0.29522002,-0.2741987,-0.6665766,-0.5775348,0.27184877,-0.27184877,0.66893893,0.4590757,-1.573271,0.64071137,0.29576838,-0.11960074,-0.13271572,-0.26032776,-0.70777357,-0.17680487,-0.085091546,1.0308138,-0.58778524,-0.809017,1.2246469e-16,-1.0,0.0
2023-07-06 00:00:00,5.0,0.7510985,1.4421847,-0.72100586,-0.7473109,-1.0041438,-1.0143431,-0.1770224,-0.61511266,-1.3772643,-1.3614058,-1.5170825,-0.8353934,0.06101542,-0.53567183,0.9312295,1.024937,0.51986206,-0.18207426,-1.4513535,0.40337956,0.41720986,-0.3602841,-1.543537,-0.40545797,0.40545797,-0.019228036,0.9242611,-1.5689222,1.4477727,-0.532606,0.25193194,-0.35059407,0.40026996,0.45334846,0.89794594,0.63273597,1.1435698,-0.58778524,-0.809017,1.2246469e-16,-1.0,1.0
2023-07-13 00:00:00,5.0,0.9107161,1.1021868,-0.6927105,0.0031632711,0.14392324,0.16712588,0.5682389,-0.15379918,-1.435592,-1.5454774,-1.823131,-0.5919418,0.6658888,-0.16045466,1.4183831,0.8499135,1.7421534,0.5181985,-1.3102196,1.2747668,1.2802912,0.11239557,-0.50010306,-1.2686954,1.2686954,-0.17077318,1.3608432,-1.315106,1.8905146,-0.6559421,1.008388,0.36431724,1.2308474,1.0271852,0.7688157,1.5488744,0.5293947,-0.58778524,-0.809017,-0.5,-0.8660254,0.0
2023-07-20 00:00:00,5.0,-0.039571326,-0.32995448,1.0584468,0.3397374,-0.92153126,0.8010358,0.1649595,0.22575669,-1.6720662,-1.6802237,-1.8898022,-1.0317264,0.6178343,-0.18804955,1.6755286,1.3546112,1.1168234,0.2268067,-1.445728,1.2329639,1.248451,0.086848736,-1.4257836,-1.0926116,1.0926116,-0.79846466,0.576319,-1.5024652,2.1447527,-1.1216259,1.4192743,0.54796326,1.185792,-0.70777357,1.1125196,1.3783684,0.983434,-0.58778524,-0.809017,-0.5,-0.8660254,0.0
2023-07-27 00:00:00,5.0,0.89346,1.1274372,-0.18845205,-0.49198705,-0.025109496,-0.29226294,-0.6375996,0.23819616,-1.6847892,-1.806629,-2.1216958,-0.76542383,1.3284426,0.25209904,2.0695317,1.2529418,1.4662945,0.76433486,-1.3338861,2.149863,2.1786563,0.61277914,-0.6093,-2.6347015,2.6347015,-0.98023933,1.0306153,-1.2490087,2.4980147,-0.7071692,2.0796633,0.9599764,2.1037016,0.5023899,1.2315937,2.2399156,0.7625071,-0.58778524,-0.809017,-0.5,-0.8660254,0.0
2023-08-03 00:00:00,5.0,0.18688777,0.10407951,2.962565,-0.78102946,-1.1607652,-0.4287409,-0.29762855,0.38244048,-1.9105705,-1.9484221,-2.224481,-1.2213246,1.5803934,0.38602594,2.3221567,1.7974693,1.3181067,1.8335226,-1.4984204,2.1551402,2.29214,0.7611445,-1.4327413,-2.1284745,2.1284745,-1.7003063,1.4355918,-1.407551,2.7986612,-1.1384078,2.431746,1.5851461,2.222949,1.1670789,0.6727798,2.2948008,-1.2568389,-0.58778524,-0.809017,-0.5,-0.8660254,0.0
2023-08-10 00:00:00,5.0,1.0444431,1.3214146,-0.9902606,-0.30344254,0.2850849,0.233681,0.13268818,0.6857623,-1.8477523,-2.0130467,-2.3916943,-0.7850569,2.5540252,1.1107987,2.6417634,1.9639498,2.6864166,2.052183,-1.1449513,2.847497,3.0,1.5471001,-0.4145512,-2.685699,2.685699,-1.4033045,1.6681801,-1.0378745,3.0,-0.4873276,2.6080449,1.9156202,3.0,1.7131916,1.5150467,3.0,-1.8493505,-0.58778524,-0.809017,-0.8660254,-0.5,0.0
2023-08-17 00:00:00,5.0,-0.8061635,-1.381302,-0.39961073,-0.85343134,0.14592181,1.0387268,0.20181961,-0.260163,-1.5815084,-1.7608896,-2.065643,-0.5508259,1.552915,0.5721258,2.339703,0.8375216,1.5001986,1.5571995,-1.0768934,1.7569561,1.9569657,1.0140835,-0.64113575,-1.4519798,1.4519798,-0.25594094,0.8854567,-1.3284093,2.361722,-0.4826032,2.1255739,1.9542435,1.9184602,-0.75262547,-0.01107541,1.9726284,-1.309333,-0.58778524,-0.809017,-0.8660254,-0.5,0.0
2023-08-24 00:00:00,5.0,0.050701205,-0.07044079,1.8657665,0.19189417,-0.50527716,1.0482254,-0.18625401,-0.13943757,-1.6480047,-1.781593,-2.050912,-0.74975145,1.5891614,0.6639768,2.0813231,0.8924232,1.9758855,0.88686574,-1.2055142,1.736935,1.9229733,1.0837414,-1.0668608,-1.384183,1.384183,-0.018402657,0.20036373,-1.4511638,2.412957,-0.25914258,1.8279153,2.001837,1.9013349,-1.3226104,-0.13405041,1.8618127,-1.7997116,-0.58778524,-0.809017,-0.8660254,-0.5,0.0
2023-08-31 00:00:00,5.0,0.67814827,1.1318269,-0.71194667,-0.14167091,-0.25592583,-1.7102888,-1.1517452,-0.43958056,-1.7755846,-1.904075,-2.1651921,-0.7514228,2.118092,1.1840255,2.024342,0.7293628,1.6833254,0.958942,-0.52096117,2.265326,2.5165124,1.6030595,-0.78149146,-1.9677765,1.9677765,-0.19253431,0.52454656,-1.2794617,2.680093,-0.3936523,1.9797666,2.3124573,2.4886754,0.4894833,-0.45485654,2.2976184,-1.3907427,-0.58778524,-0.809017,-0.8660254,-0.5,0.0
2023-09-07 00:00:00,5.0,1.0918648,1.4528661,-0.5685698,-1.1273874,0.5590587,0.5620761,1.1437929,0.0662164,-1.7694149,-1.9805661,-2.282475,-0.23217826,2.8460383,2.0087657,2.193961,1.3291538,2.4813242,1.9731716,-0.24633896,2.7139616,3.0,2.3654706,0.0011716071,-2.2732077,2.2732077,0.32411882,0.9506702,-0.8020809,2.8631084,0.4053075,2.5455444,2.479862,3.0,1.0668843,1.3280762,2.4889193,-1.4911054,-0.58778524,-0.809017,-0.8660254,-0.5,0.0
2023-09-14 00:00:00,5.0,0.3324864,0.54673165,0.18347646,0.4221375,-0.6919269,0.6142503,-0.12809503,0.12468101,-1.9414452,-2.0615962,-2.2945411,-0.6380762,2.861237,2.2630265,2.324908,0.8323975,2.1567066,2.5998313,-0.44423127,2.3921466,3.0,2.56595,-1.3117087,-2.091546,2.091546,0.20270237,1.2786331,-0.82020766,3.0,-0.07448521,2.363224,2.87976,3.0,1.626408,1.5473446,2.2814074,-2.7913997,-0.58778524,-0.809017,-1.0,-1.8369701e-16,0.0
2023-09-21 00:00:00,2.0,0.40073943,0.49984515,1.7769717,-0.92707086,-0.3353067,2.19542,0.66713166,0.82502097,-1.9513267,-2.0678198,-2.276555,-0.64106,2.9034104,2.5494878,2.3520188,1.5999191,1.8240794,3.0,-0.3344042,2.2164364,3.0,2.770116,-0.77864635,-1.794869,1.794869,-1.3540946,1.6546714,-0.7216646,3.0,-0.23980612,2.2472315,2.7705717,2.9286876,2.1048987,1.2658321,1.988274,-2.4880745,-0.58778524,-0.809017,-1.0,-1.8369701e-16,0.0
2023-09-28 00:00:00,5.0,0.65645546,0.9782668,-0.6695263,0.04251728,1.099255,-0.17407033,-0.96874875,-0.5963587,-1.8656679,-2.0531723,-2.2707288,0.014817686,3.0,2.8484962,2.3556833,1.9720579,2.0789564,2.7036011,0.22241355,2.1522326,3.0,2.981354,0.20919394,-1.9988664,1.9988664,-1.8771117,1.6257532,-0.33509958,2.913616,0.3720642,2.0421712,2.9839745,2.9950364,2.514245,0.8673431,2.1236053,-2.7644253,-0.58778524,-0.809017,-1.0,-1.8369701e-16,0.0
2023-10-05 00:00:00,2.0,-2.2801611,-1.6361009,-0.7003609,-1.0934969,3.0,1.7577773,0.96122676,0.2931052,-0.21559243,-0.99131685,-1.4500244,3.0,0.7651711,0.8191676,1.2411362,0.09827544,0.6120393,1.6131121,-0.27790722,0.77101624,0.77324754,1.2070838,2.7242193,-0.24526158,0.24526158,2.3347182,0.8364819,-0.5145033,0.86450696,2.9234226,1.2616235,2.4629924,0.6915469,-0.8152983,-1.9218702,0.524922,-2.1196222,-0.58778524,-0.809017,-1.0,-1.8369701e-16,1.0
2023-10-12 00:00:00,5.0,0.031088438,-0.17061618,1.3637328,0.7868563,0.5372543,1.3529813,-0.24506961,0.67923224,-0.33805627,-0.97880805,-1.4142458,2.6723897,0.74395114,0.8140668,0.71263844,-0.5748545,0.55857754,1.4138402,-0.088565364,0.7024099,0.6918689,1.216567,0.67359376,-0.09385228,0.09385228,1.7207569,1.1189584,-0.5002531,0.85096014,2.4981227,0.77027863,2.3113725,0.603763,0.27936056,-2.1460361,0.5025019,-1.9539323,-0.58778524,-0.809017,-0.8660254,0.5,0.0
2023-10-19 00:00:00,2.0,1.3094953,1.1909144,-0.2371476,-0.88548446,1.6767263,0.8022088,-0.37846616,-0.45194533,-0.31967157,-1.0081059,-1.5154041,2.9241123,1.5845429,1.7542329,0.6301756,0.0418116,0.6570791,2.3811274,-0.12151901,1.277098,1.343157,1.8700942,1.9316396,-0.8517995,0.8517995,2.3953555,1.2349446,0.22795515,0.97394896,3.0,1.123183,2.1114614,1.2845484,0.82445514,-1.5455837,1.2613522,-1.8275445,-0.58778524,-0.809017,-0.8660254,0.5,0.0
2023-10-26 00:00:00,2.0,-0.27959642,-0.40791956,0.48522493,1.0175438,1.2555976,1.0695409,-0.011017305,-0.25453666,-0.13096936,-0.8092437,-1.3473034,2.7580998,1.2831472,1.4733093,0.43890908,-0.38855463,0.93939734,1.7483401,0.049909182,0.99509573,0.98499334,1.639934,1.7014275,-0.52450264,0.52450264,2.2772956,0.61034954,0.25738522,0.7107877,3.0,1.0613672,1.9674714,0.9044294,-0.84298223,0.62592745,1.0344208,-1.8114494,-0.58778524,-0.809017,-0.8660254,0.5,0.0
2023-11-02 00:00:00,5.0,-1.2684152,-1.6066595,-0.5717895,-1.0952003,0.7394075,-0.54242927,-0.9456029,-0.17311934,0.11896236,-0.4924275,-1.0419608,2.3306777,0.3160821,0.49577564,-0.06978846,-1.5670192,0.33362606,1.585036,0.19895875,0.18929276,0.07920655,0.9920927,1.2089399,1.1659349,-1.1659349,1.9298886,0.20062461,-0.1896316,0.28774866,2.9376154,0.52990234,1.9973308,-0.032632004,-1.3987947,-0.46304372,0.2395032,-1.5599104,-0.58778524,-0.809017,-0.8660254,0.5,0.0
2023-11-09 00:00:00,2.0,-1.2102312,-1.1424191,0.41485485,-0.9488705,1.732861,0.41712594,0.50040835,0.9823901,0.9105996,0.14158279,-0.5744588,2.631959,-0.43610057,-0.31822047,-0.72681874,-0.85163766,-0.610255,0.7323352,-0.36539727,-0.5765804,-0.65012497,0.43446937,2.226775,1.7098532,-1.7098532,0.5051949,-0.28782654,-0.35157925,-0.3368758,1.4872632,-0.1900794,1.2108709,-0.741591,-1.8606197,-2.198579,-0.4972478,-2.1451955,-0.58778524,-0.809017,-0.5,0.8660254,0.0
2023-11-16 00:00:00,2.0,0.45382974,0.43469235,1.6617315,-0.7962028,-0.23073931,-0.6303456,-0.6803474,0.8213816,0.27278554,-0.16327251,-0.7412921,1.7225547,-0.15528984,-0.02582927,-1.0807798,-0.5942538,-0.94538826,1.1380993,-0.03171398,-0.46644485,-0.5137214,0.61102766,-0.40426403,1.376339,-1.376339,0.69158983,-0.022293426,-0.3837067,-0.059424344,1.0931113,-0.40768677,1.1982111,-0.57655805,0.2799345,-1.5535742,-0.46284345,-1.846089,-0.58778524,-0.809017,-0.5,0.8660254,0.0
2023-11-23 00:00:00,5.0,0.22574951,0.1713871,-0.421704,1.8857077,0.5687874,0.072439075,0.28104064,-0.6852782,0.22234954,-0.16785148,-0.7461058,1.5738053,-0.025244825,0.112346776,-1.2205282,-1.2832956,-1.0168939,0.9243498,0.067546315,-0.43911228,-0.45387933,0.6778496,1.2757745,0.8296071,-0.8296071,-0.44054657,0.32174978,-0.26317155,-0.039840594,0.6546386,-0.68035007,0.9395304,-0.48647365,0.7938278,-0.3663809,-0.5299712,-1.8986611,-0.58778524,-0.809017,-0.5,0.8660254,0.0
2023-11-30 00:00:00,5.0,0.3256657,0.52200216,-0.95476943,1.49712,-0.4876569,-1.7905165,-1.139742,-0.95864177,-0.3254177,-0.47381082,-0.8978457,0.8622832,0.18163894,0.32411313,-1.240488,-0.90533847,-1.0633134,0.68177825,-0.050581172,-0.28583133,-0.33687505,0.8008009,-0.6220496,0.621125,-0.621125,-0.16131622,0.4727448,-0.3747262,0.25867853,0.02599285,-0.50687844,0.9282414,-0.36798522,1.3041902,0.6604119,-0.52943814,-1.897582,-0.58778524,-0.809017,-0.5,0.8660254,0.0
2023-12-07 00:00:00,5.0,-2.148028,-1.4692814,-0.29661965,-1.0318563,2.1506255,0.89094234,2.0248165,-0.61272067,1.3927491,0.8412099,0.024282562,2.033679,-1.1115978,-1.0819379,-1.6268628,-1.4571897,-2.3819685,-0.087005235,-0.5331561,-1.5787873,-1.4704474,-0.12594578,2.3575346,1.7229415,-1.7229415,0.31038693,-0.17298521,-0.6631288,-0.86950547,0.84913313,-1.1792015,0.33700222,-1.4919312,-0.85446936,-1.0209337,-1.6449229,-1.6599835,-0.58778524,-0.809017,-0.5,0.8660254,0.0
2023-12-14 00:00:00,5.0,0.061607085,-0.09854343,1.3867439,0.841637,-0.48820007,-0.95876735,-0.96074736,0.10170762,0.7500604,0.55377907,-0.07502074,1.2205884,-1.0917355,-1.0541168,-1.8996077,-0.68898964,-1.2040571,-0.42236874,-0.5080883,-1.3080845,-1.4551113,-0.14263564,-0.3245087,1.4233333,-1.4233333,0.13827462,-0.71467745,-0.95543635,-0.6828151,-0.030533545,-1.4836874,0.15615922,-1.4817164,-1.3941343,-1.1379386,-1.3615925,-1.5122852,-0.58778524,-0.809017,-2.4492937e-16,1.0,0.0
2023-12-21 00:00:00,5.0,1.443548,1.2947856,-0.4261686,-0.91067386,0.1966,-0.82257247,-0.079331785,1.6076581,0.3275566,0.12301901,-0.4459919,1.152072,-0.06072228,-0.034888968,-1.5847657,-0.057777517,-0.50557995,0.050753925,-0.28840315,-0.4847322,-0.6347939,0.46613926,1.1133407,0.6130722,-0.6130722,0.5941106,-0.33258882,-0.29933333,-0.29010186,0.30985448,-0.738079,0.14000367,-0.6489605,0.22486037,-0.25481874,-0.5581,-1.4680192,-0.58778524,-0.809017,-2.4492937e-16,1.0,0.0
2023-12-28 00:00:00,5.0,0.049182262,0.13359265,1.3166634,0.39767575,-0.77713454,-2.5139225,-1.5943334,-1.6306111,-0.2276027,-0.18381491,-0.56473905,0.4393833,-0.06294574,-0.02618282,-1.3750567,-0.16390976,-1.1058699,-0.35724723,-0.2887077,-0.41591176,-0.61382896,0.45513466,-0.9178183,0.60749733,-0.60749733,0.66116345,-0.60353404,-0.6561573,-0.040343057,-0.18895656,-0.42691043,-0.2540616,-0.65642905,-0.8267723,1.0991583,-0.5620712,-1.2764263,-0.58778524,-0.809017,-2.4492937e-16,1.0,0.0
2024-01-04 00:00:00,5.0,-0.29298037,-0.61991906,-0.98015106,1.8124183,-0.21411145,-1.0753096,2.1049092,0.69848454,-0.26255414,-0.17251942,-0.49665308,0.2811441,-0.28848138,-0.25296682,-1.2406015,-0.5442154,-1.1036348,-0.1434126,-0.14496262,-0.541856,-0.79130983,0.2962393,0.16692562,0.796497,-0.796497,0.6536518,-1.1488978,-0.9657761,-0.068803854,0.0325697,-0.5904508,-0.57873213,-0.84836245,-1.3436434,0.84562665,-0.7675946,-1.3662179,-0.58778524,-0.809017,-2.4492937e-16,1.0,1.0
2024-01-11 00:00:00,2.0,-0.30496687,-0.7784684,-0.049271986,0.4950051,-0.6782644,0.23126933,0.98443794,0.87864095,-0.50056386,-0.2866512,-0.48928753,-0.13814528,-0.51764965,-0.48511103,-1.2105527,0.6054255,-0.6613495,-0.2886074,-0.24079145,-0.6461105,-0.987929,0.12116491,-0.4677016,0.8714798,-0.8714798,-1.361821,-1.9989973,-1.4966172,0.008930471,-1.1297787,-0.5472185,-0.95946056,-1.0411887,-1.7913145,-0.4814677,-0.96989995,-1.3634993,-0.58778524,-0.809017,0.5,0.8660254,0.0
2024-01-18 00:00:00,2.0,0.31074622,0.35287362,2.0500467,-0.8631606,-0.61022496,0.7201281,0.13555588,-0.1172871,-0.76542485,-0.52953696,-0.6410941,-0.39096245,-0.30020234,-0.2706555,-1.0647255,0.7590999,0.047235325,-0.4363016,0.39174387,-0.4574687,-0.79004616,0.24109267,-0.28399602,0.70074785,-0.70074785,-1.3170617,-1.3171728,-1.595988,0.2552898,-1.0201924,-0.34271586,-1.0258443,-0.83223456,0.26941592,-0.25140035,-0.8241509,-1.499095,-0.58778524,-0.809017,0.5,0.8660254,0.0
2024-01-25 00:00:00,2.0,0.5685568,0.8769919,-0.15205285,-0.17144386,-0.89977664,-0.62806594,-0.88156974,0.6004233,-1.1952543,-0.9185336,-0.9046611,-0.82619685,0.14464964,0.15511365,-0.78483343,0.20072645,0.10766814,-0.6500787,0.5829351,-0.14352007,-0.3894019,0.50673825,-1.1252284,0.3436848,-0.3436848,-2.2948444,-0.66789806,-1.6808718,0.7091959,-1.3868824,-0.20039271,-1.1221018,-0.43726668,0.7785656,0.46287864,-0.51773477,-1.1059437,-0.58778524,-0.809017,0.5,0.8660254,0.0
2024-02-01 00:00:00,2.0,0.4076221,0.35938495,1.8572862,-0.8850506,-0.34220535,-1.3860635,-0.8422644,1.0562161,-1.2317523,-1.0653964,-1.0480212,-0.6606832,0.47027063,0.46468195,-0.43312547,0.44244206,0.19263871,-0.6520031,1.335352,0.10235949,-0.04121973,0.7186743,0.1912138,-0.18562539,0.18562539,-2.066997,-0.16404998,-1.4536688,0.8983275,-1.0405062,0.1646635,-1.1439534,-0.09443878,1.2523768,1.0629677,-0.2989102,-1.1122527,-0.58778524,-0.809017,0.5,0.8660254,0.0
2024-02-08 00:00:00,2.0,-0.6370359,-0.6463157,-0.31602624,1.2173316,-0.2698719,0.22237991,1.4315512,-3.0,-0.9708971,-0.8798589,-0.88379925,-0.41081366,-0.07567662,-0.035855565,-0.3753448,0.24068677,-0.25303125,-1.0863074,0.7018209,-0.20196426,-0.36888927,0.35690314,0.32988584,0.06542106,-0.06542106,-1.7051706,-1.3100466,-1.8440858,0.6405676,-0.88036317,-0.24844484,-1.1476707,-0.39005166,-0.78530014,0.24939494,-0.6854698,-1.0988643,-0.58778524,-0.809017,0.8660254,0.5,0.0
2024-02-15 00:00:00,2.0,0.6243677,0.69507706,0.8454052,-0.75088394,-0.42374715,-0.24924853,-0.46597177,0.72472924,-1.1029482,-1.0841634,-1.0788492,-0.38631696,0.44375065,0.44639105,-0.14182907,0.8694564,1.083323,-1.102004,0.92433584,0.27311763,0.17670195,0.67437804,0.11511186,-1.0335073,1.0335073,-1.6633037,-0.31203628,-1.5215664,0.92193055,-0.6545725,0.19596706,-0.9198069,0.14680754,0.22302599,0.2982537,-0.3306701,-0.84112865,-0.58778524,-0.809017,0.8660254,0.5,0.0
2024-02-22 00:00:00,2.0,0.3641748,0.73420703,-0.16077569,0.15812884,-1.211735,0.23022489,0.08418977,-0.07827748,-1.5182862,-1.4204347,-1.3033631,-0.90756935,0.73429334,0.720882,0.14248364,0.8904695,1.2133553,0.015813539,0.9569344,0.56562537,0.46377182,0.8616613,-1.2045685,-1.4116288,1.4116288,-1.271927,0.6468449,-1.7748497,1.390399,-0.82504034,0.4918522,-0.95529497,0.4459379,0.72611415,0.25939977,0.16906674,-1.25042,-0.58778524,-0.809017,0.8660254,0.5,0.0
2024-02-29 00:00:00,2.0,0.14021194,0.09981345,-0.25950536,1.8470955,-0.89400613,-1.6914555,-1.4853677,0.5653582,-1.7132355,-1.6296817,-1.4593331,-1.128722,0.8545847,0.8295626,0.3827811,0.59776825,0.5841584,0.059129313,1.3986216,0.70151067,0.6069405,0.91366094,-1.0367385,-1.5485817,1.5485817,-1.3241291,0.9700225,-1.9955314,1.6912923,-0.73555654,0.6455355,-0.99746925,0.61465275,1.1963549,0.9374074,0.2631103,-1.2098441,-0.58778524,-0.809017,0.8660254,0.5,0.0
2024-03-07 00:00:00,2.0,-0.18754336,-0.6134498,0.088793546,0.97692776,-1.0970874,0.42053866,2.325488,0.07365618,-1.9018825,-1.7900395,-1.544427,-1.4892111,0.6358104,0.64760023,0.475113,0.20633537,0.4806359,-0.58926105,0.9744162,0.7095481,0.55507404,0.7649789,-1.1528854,-1.2877738,1.2877738,-1.125099,-0.0904485,-2.603577,1.9428793,-1.0798725,0.7743764,-1.0052208,0.5894701,-0.8184828,0.17980765,0.114294596,-0.8216347,-0.58778524,-0.809017,0.8660254,0.5,0.0
2024-03-14 00:00:00,2.0,0.2809625,0.5249383,-0.8513406,1.3417696,-0.7183037,0.3455918,-0.2702726,-0.20046622,-1.9522069,-1.9128692,-1.6716216,-1.5277785,0.88053983,0.86290616,0.6051345,0.807023,0.7605929,-0.35605118,0.8909531,1.2009239,0.8583464,0.91007656,-1.0044862,-1.5386035,1.5386035,-1.8477377,0.8183272,-2.6227016,2.200716,-1.3205225,0.9816151,-0.88380516,0.9322468,0.20330027,0.1332891,0.6568494,-1.0010848,-0.58778524,-0.809017,1.0,6.123234e-17,0.0
2024-03-21 00:00:00,2.0,0.48823053,0.7692322,1.087418,-1.1182144,-0.32301098,0.4450426,-0.09331345,0.009709515,-1.875307,-1.9522247,-1.7731104,-1.301654,1.3080422,1.2490633,0.81984055,0.70619243,1.1351331,0.38783112,1.0144556,1.6234847,1.2473919,1.2093637,-0.48643458,-1.2386061,1.2386061,-1.8260082,1.3295511,-2.256654,2.3412504,-1.2878749,1.8018819,-0.4743674,1.3088756,0.72611415,0.48493767,1.5729073,-0.9606507,-0.58778524,-0.809017,1.0,6.123234e-17,0.0
2024-03-28 00:00:00,2.0,0.021410277,-0.22685453,1.1355498,0.9844933,-1.1011047,-1.5325695,-1.4116455,0.8156729,-2.053215,-2.0919132,-1.8746995,-1.6962658,1.2947998,1.235869,0.9786403,0.47746512,0.9831044,0.91413265,1.2957503,1.4115653,1.2425153,1.2481008,-1.1038244,-1.2214698,1.2214698,-1.6683607,1.2757825,-2.7128851,2.6423156,-1.3151926,1.6111903,-0.54543,1.3257183,1.1963549,0.7060142,1.5581926,-0.38039812,-0.58778524,-0.809017,1.0,6.123234e-17,0.0
2024-04-04 00:00:00,2.0,0.78723973,1.1781163,-0.33805898,-0.9111289,-0.19116223,-0.014932585,1.5560852,1.5053339,-1.9197688,-2.0926526,-1.9770867,-1.2914674,1.9443841,1.8495156,1.2738616,0.8944647,1.0510814,1.0298493,1.3989798,1.7786775,1.8233433,1.7549784,-0.4498166,-1.459206,1.459206,-1.0642291,1.3713888,-1.9500492,2.729906,-1.0005027,1.8352311,0.42299542,1.897556,1.6409855,1.1830772,1.742876,-0.7054882,-0.58778524,-0.809017,1.0,6.123234e-17,1.0
2024-04-11 00:00:00,5.0,0.25108266,0.35641557,0.98635393,-0.050070025,-0.4060037,1.5070502,0.98775226,0.58368325,-1.8951353,-2.086763,-2.001861,-1.2551233,2.0581772,1.9737705,1.5031633,1.1650201,0.9717635,1.0259902,1.487846,1.6311983,1.9304931,1.8617243,-0.84511346,-1.2628775,1.2628775,-1.4507836,1.5366786,-1.8596177,2.7620444,-0.7509838,1.7961489,1.1115713,1.9504164,2.0432997,0.92871195,1.5407557,-0.72984654,-0.58778524,-0.809017,0.8660254,-0.5,0.0
2024-04-18 00:00:00,2.0,-0.8123607,-1.3329926,0.38056597,-1.0276054,0.65077126,1.3896513,-0.12059105,0.30009666,-1.4531997,-1.7439253,-1.7451433,-0.5145687,1.021444,1.1791128,1.1210536,0.47456524,0.8988867,0.574974,1.6123849,0.93063825,1.0672454,1.1436013,0.94489074,-0.4718267,0.4718267,-0.19525623,0.5103043,-1.9593909,2.0451949,-0.14255029,1.237153,1.3423308,1.0515141,-0.84135866,-0.20905472,0.87763506,-0.15185057,-0.58778524,-0.809017,0.8660254,-0.5,0.0
2024-04-25 00:00:00,2.0,0.16737051,0.039201234,1.4146765,0.33767888,1.1890168,0.7216657,-0.5569822,0.56438476,-1.2297368,-1.5877345,-1.670038,-0.010666281,1.1495359,1.2855319,0.87293166,0.26720324,0.68030405,1.5510316,1.36464,0.9469611,1.004403,1.15977,0.85127217,-0.6176881,0.6176881,0.7950985,0.8088961,-1.4453449,1.8007821,0.2294561,0.96992713,1.5336789,0.9466001,0.1201941,-0.7836446,0.9809323,-0.43180975,-0.58778524,-0.809017,0.8660254,-0.5,0.0
2024-05-02 00:00:00,5.0,-1.1667646,-1.4295343,0.062551625,-1.0749942,2.217551,-0.12865561,-0.6840856,0.37509364,-0.62255985,-1.0916599,-1.2777159,0.87720704,-0.11714572,0.24658929,0.2085277,-0.48632866,-0.007200826,1.0646502,1.1291903,0.024078872,-0.055632036,0.3176004,1.7392907,0.38251293,-0.38251293,1.4369937,0.16460575,-1.4859805,0.9765894,1.4676489,0.42770004,1.3900666,-0.10325321,-0.84135866,-2.2710452,-0.066513486,0.17210877,-0.58778524,-0.809017,0.8660254,-0.5,0.0
2024-05-09 00:00:00,2.0,-0.009739962,-0.16898407,0.27842778,1.8653514,-1.010215,0.3394717,0.19193038,0.4756593,-0.95764035,-1.2524251,-1.3734779,0.17560342,-0.11545228,0.24897875,-0.17000388,-1.0220529,-0.07534316,0.4534784,1.8240108,-0.014051957,-0.086748205,0.30049026,-1.0188279,0.37723708,-0.37723708,1.0804287,0.4400856,-1.8416661,1.2237197,0.93937844,-0.071102984,1.40139,-0.13497455,0.09762941,-1.1733427,-0.10004852,0.40171584,-0.58778524,-0.809017,0.5,-0.8660254,0.0
2024-05-16 00:00:00,2.0,-0.26085037,-0.7013042,-0.20375879,1.0217828,-0.25423864,0.030388193,-0.32531995,0.7952558,-1.030504,-1.2583941,-1.3600407,-0.046252575,-0.36759138,0.032754757,-0.529703,-1.3549541,-0.1006249,0.34341106,1.4458848,-0.24800953,-0.3072898,0.08671511,-0.55091316,0.94009906,-0.94009906,0.62228346,-0.1783257,-2.0714707,1.2386876,0.9354059,-0.23520419,1.3752569,-0.33060545,-0.8569877,-1.5436207,-0.29711002,0.3074875,-0.58778524,-0.809017,0.5,-0.8660254,0.0
2024-05-23 00:00:00,2.0,-0.25721857,-0.7768904,1.3200617,-0.66986936,-0.6573156,-0.5803055,-0.5175283,0.7374875,-1.168884,-1.3136101,-1.3743737,-0.3939939,-0.62267447,-0.18985367,-0.8512704,-0.9755771,-0.3376548,0.3858864,1.213439,-0.50449497,-0.544841,-0.12849279,-0.91188246,1.5178145,-1.5178145,0.38157845,-0.6824573,-2.403519,1.3331244,0.23294963,-0.35108304,1.3729573,-0.55415404,-1.294677,-0.48044893,-0.55271274,0.14476162,-0.58778524,-0.809017,0.5,-0.8660254,0.0
2024-05-30 00:00:00,5.0,0.4979536,0.6694681,0.2860774,-0.108619526,0.71154773,-1.7415613,-1.1380002,-0.70391726,-1.0777118,-1.289204,-1.4059081,-0.06944194,-0.07457458,0.23572364,-0.8550514,-0.7839155,-0.35513788,0.725129,0.8136051,-0.18061033,-0.23553464,0.15094605,0.6916623,0.9677032,-0.9677032,0.7701868,-0.46930635,-1.9287521,1.344957,0.08798914,-0.32678968,1.250927,-0.25047117,0.16150267,0.043967746,-0.31023955,0.18549511,-0.58778524,-0.809017,0.5,-0.8660254,0.0
2024-06-06 00:00:00,2.0,-1.4675324,-1.4031676,-1.0872916,-0.104558386,2.4720612,0.36768317,2.2075214,-0.28999546,-0.24645583,-0.67112637,-0.9209092,1.1075023,-1.3959637,-0.96569717,-1.2184334,-0.9044291,-0.9697243,0.0007792162,0.2411753,-1.5012766,-1.2233076,-0.78105164,2.1124558,1.4172289,-1.4172289,0.5902198,-1.1234981,-1.8318963,0.42291716,0.2676963,-1.1928576,0.59601146,-1.2443026,-0.78085047,-1.0660112,-1.541724,-0.12141722,-0.58778524,-0.809017,0.5,-0.8660254,0.0
2024-06-13 00:00:00,5.0,1.2261544,1.334777,-0.5620644,-0.98062164,0.8196963,0.6065183,0.007824504,0.71616703,-0.36354986,-0.7798878,-1.0822883,1.1521358,-0.1876114,0.06270989,-1.0571587,-0.16795273,-0.81154716,0.22175492,0.86052316,-0.44076288,-0.4138472,-0.07908353,0.83916503,0.48324525,-0.48324525,1.4759635,-0.52106595,-1.0434679,0.6273845,0.87236804,-0.7543527,0.2817242,-0.42418563,0.18999018,0.44202405,-0.50166863,-0.20780887,-0.58778524,-0.809017,1.2246469e-16,-1.0,0.0
2024-06-20 00:00:00,5.0,0.7403684,1.2126099,-1.088114,-0.2734155,-0.117902026,0.04160638,-0.4596498,-0.17139108,-0.6522349,-0.95893806,-1.2354879,0.7360421,0.4655466,0.67162305,-0.72200954,0.4403353,-0.626769,0.32631993,1.43933,0.23239106,0.068715855,0.35389787,-0.21976335,-0.10575536,0.10575536,1.588748,-0.0055584526,-0.80036205,0.9208257,0.84213984,-0.06491251,0.034569543,0.06761793,0.65975595,0.56008375,0.1547988,0.035984147,-0.58778524,-0.809017,1.2246469e-16,-1.0,0.0
2024-06-27 00:00:00,5.0,-0.09035724,-0.34724292,1.1480116,0.6977281,-1.2812957,-0.14278339,-0.2912743,0.23957898,-1.1092836,-1.2091944,-1.3748246,-0.21499546,0.41711533,0.62765867,-0.515194,0.551768,-0.30286086,0.58181465,1.8209904,0.11268267,-0.01746443,0.3116573,-1.1143181,-0.06482806,0.06482806,1.6319733,-0.76494104,-1.3984052,1.3123541,0.46221974,0.14809218,-0.11891614,-0.023375772,-0.88066417,1.9045856,0.095334955,0.61626124,-0.58778524,-0.809017,1.2246469e-16,-1.0,0.0
2024-07-04 00:00:00,5.0,0.54680014,1.2937762,-1.0718553,-0.5434685,-0.64535385,1.0332974,0.64295405,0.029410703,-1.3835158,-1.4216307,-1.5470172,-0.6180155,0.91562337,1.1002316,-0.16824895,0.5797378,-0.16278532,0.5094469,1.5628629,0.6485831,0.38612172,0.7304987,-0.9584091,-0.5152202,0.5152202,1.6338696,0.12826595,-1.4138548,1.7182786,-0.07196919,0.40662158,-0.5793135,0.3730504,0.14535233,1.1239777,0.60186774,0.79069465,-0.58778524,-0.809017,1.2246469e-16,-1.0,1.0
2024-07-11 00:00:00,5.0,-0.69063175,-1.1126354,-0.18063566,0.09699341,0.30110574,0.62456834,-0.35336387,-1.0563474,-1.1905248,-1.2831205,-1.4206744,-0.34834287,0.21025464,0.47753346,-0.1752987,1.114533,0.09305067,0.08159936,1.3302622,-0.10494154,-0.16900265,0.17785579,0.26483566,-0.007064786,0.007064786,0.2704443,-0.9621352,-1.6777713,1.4470073,-0.7740257,0.07781535,-0.69087803,-0.18196586,-0.85282916,-0.2752589,0.02576007,0.6917375,-0.58778524,-0.809017,-0.5,-0.8660254,0.0
2024-07-18 00:00:00,5.0,-0.034007154,-0.39359003,0.13425727,1.60229,-0.3651552,1.46651,0.3713972,1.2785848,-1.2583917,-1.3321086,-1.4505554,-0.5073885,0.19359569,0.45494622,-0.18769099,0.30571812,0.083759405,0.005802599,1.1823205,-0.13735889,-0.19159783,0.1492106,-0.6800426,-0.006310756,0.006310756,-0.33619475,-1.0227902,-1.8295405,1.5559378,-1.0770377,-0.20850626,-0.71756554,-0.1968251,-0.31921571,-0.23287657,0.022285726,0.7038015,-0.58778524,-0.809017,-0.5,-0.8660254,0.0
2024-07-25 00:00:00,2.0,-1.0744976,-1.417236,-0.76834303,-0.14860198,1.1675229,1.1863236,-0.22244678,0.45697385,-0.7509297,-0.9785893,-1.180471,0.29128313,-0.8243116,-0.49057323,-0.5292052,-0.8196254,-0.22846732,-0.3197282,1.3622813,-1.2010388,-0.95220935,-0.6771837,1.5300922,0.64527327,-0.64527327,-0.26036623,-2.5984755,-1.8131561,0.9285663,-0.49368656,-0.94650465,-0.67288285,-0.9391874,-0.8368628,-1.7046136,-0.84007025,1.3984714,-0.58778524,-0.809017,-0.5,-0.8660254,0.0
2024-08-01 00:00:00,2.0,-0.3347638,-0.52219814,-0.0217455,1.3257248,0.38408273,-0.049920306,-0.767677,-0.7349527,-0.61456347,-0.8645517,-1.0927187,0.45036003,-1.0905843,-0.7740285,-0.8085183,-0.9603566,-0.24765924,-0.57582945,0.88845485,-1.377061,-1.1144724,-0.9267236,0.6011838,0.80570334,-0.80570334,-0.28076413,-3.0,-1.7854735,0.7592689,0.22573674,-1.4831301,-0.6561097,-1.0970001,-1.3092959,-1.2418747,-1.0720371,1.2781682,-0.58778524,-0.809017,-0.5,-0.8660254,0.0
2024-08-08 00:00:00,2.0,-0.81131613,-1.0587004,-1.1107793,1.043768,1.8251593,1.6868612,1.1475384,2.90422,0.12000653,-0.34997067,-0.7344489,1.425905,-1.6994219,-1.4436942,-1.0942854,-1.7381153,-0.7832555,-1.1191888,0.9922791,-1.784757,-1.4333813,-1.4254427,2.0268395,0.9747055,-0.9747055,-1.1034033,-3.0,-1.3612207,0.08798045,1.3966311,-1.8106953,-0.6129999,-1.3806007,-1.7631836,-1.7689713,-1.3191657,1.6111743,-0.58778524,-0.809017,-0.8660254,-0.5,0.0
2024-08-15 00:00:00,2.0,0.46232063,0.3589064,1.2928694,-0.43244675,0.46316418,0.75639445,-0.6034905,0.5234389,0.07907695,-0.35001162,-0.76893044,1.352109,-1.1781768,-1.0050638,-1.115006,-1.0464474,0.032810822,-0.9544075,0.7385865,-1.2487885,-1.0520012,-1.0823761,0.8720215,0.5862086,-0.5862086,-0.48411465,-2.212795,-1.0448514,0.11480298,1.420798,-1.241076,-0.6062987,-1.0001495,0.2328733,-0.3473502,-0.9765621,1.8461546,-0.58778524,-0.809017,-0.8660254,-0.5,0.0
2024-08-22 00:00:00,2.0,-1.2634941,-1.450861,-0.1945125,-0.9226221,1.0132126,0.14287798,-0.46334404,0.79379505,0.5516177,0.100686386,-0.36759603,1.5832591,-2.0191743,-1.976875,-1.3256122,-1.7093174,-1.0157317,-1.7800488,0.6706148,-1.8724658,-1.5648731,-1.8307836,1.6315491,1.5372064,-1.5372064,-0.23296921,-2.425926,-1.1761466,-0.39239222,1.9721926,-1.6110954,-0.59203756,-1.5186431,-0.76515514,-0.93235904,-1.7558464,1.5674151,-0.58778524,-0.809017,-0.8660254,-0.5,0.0
2024-08-29 00:00:00,2.0,0.87253374,0.6895696,1.0226758,-0.93692446,0.91837496,-1.6689811,-1.2585288,0.3316797,0.58694744,0.126122,-0.4193439,1.6932449,-1.1432539,-1.1687101,-1.1756548,-0.6070143,-0.98475426,-1.5556855,0.6377096,-1.1709803,-0.92476135,-1.1802067,1.5690856,0.8422429,-0.8422429,0.24503706,-1.8044006,-0.5990657,-0.37476406,1.7051637,-1.2749708,-0.587558,-0.8843588,0.2328733,0.4779414,-1.1581539,1.5346874,-0.58778524,-0.809017,-0.8660254,-0.5,0.0
2024-09-05 00:00:00,5.0,-1.9788115,-1.3812388,-0.045253027,-1.0237823,2.0638745,0.029406385,1.4067023,-1.2337924,1.7283347,1.1325557,0.46985838,2.3735754,-2.2282853,-2.476748,-1.3413774,-1.5161866,-1.7143128,-1.8854095,-0.28539604,-2.0628939,-1.6404055,-2.1026359,1.9257863,1.6344146,-1.6344146,0.938478,-2.0092356,-0.56976604,-1.2218136,2.3794181,-1.8076067,-0.53848726,-1.5900481,-0.7401263,-1.1459578,-1.7833781,1.5879221,-0.58778524,-0.809017,-0.8660254,-0.5,0.0
2024-09-12 00:00:00,5.0,-0.6958537,-0.789279,-0.050309736,0.43475592,0.43168226,0.5301674,0.14226688,-0.4320373,1.7041066,1.3319765,0.7624644,1.9815509,-2.401892,-2.710196,-1.5263764,-1.4493792,-2.1290548,-2.135778,-0.49320504,-1.9555993,-1.7454458,-2.28283,1.2189145,1.3334758,-1.3334758,0.9036168,-2.111254,-0.7290092,-1.3659261,1.5596753,-2.175821,-0.7150273,-1.6821806,-1.2206413,-0.62208927,-1.4664199,1.5895317,-0.58778524,-0.809017,-1.0,-1.8369701e-16,0.0
2024-09-19 00:00:00,5.0,1.1291246,1.4182862,-0.6159561,-1.0351074,-0.48212126,-0.06994445,-0.4774236,0.37559158,0.9322749,0.8133328,0.3571649,1.2411677,-1.4863557,-1.7852992,-1.4068208,-1.0698935,-1.4050648,-1.2269617,-0.5474418,-1.1992568,-1.2027584,-1.6769974,-0.3038415,0.7945041,-0.7945041,1.2497994,-1.4833468,-0.6666625,-0.9856835,1.0662814,-1.4969676,-0.791809,-1.1404296,0.26392242,-0.5118335,-0.8447262,1.4889842,-0.58778524,-0.809017,-1.0,-1.8369701e-16,0.0
2024-09-26 00:00:00,5.0,-0.013001242,0.25747854,2.5441108,-1.1561378,-0.8944297,-0.81913847,-0.6313058,-2.9164476,0.38916734,0.50171787,0.20549315,0.5138217,-1.4618115,-1.7448714,-1.2841358,-0.40137607,-1.3775296,-1.2222482,-0.6770289,-1.0595683,-1.173017,-1.6877809,-0.84159917,0.79866475,-0.79866475,0.98211986,-1.5988343,-1.05905,-0.7565797,0.2905773,-1.068326,-1.1906937,-1.1202425,-0.7015537,0.64833736,-0.85056,1.4329448,-0.58778524,-0.809017,-1.0,-1.8369701e-16,0.0
2024-10-03 00:00:00,2.0,0.22868074,0.056528613,0.3005177,1.4297385,0.8214045,0.43999842,0.76051027,0.012711731,0.68610924,0.6723841,0.32096916,0.8924961,-1.292046,-1.5619333,-1.0120693,-0.7829892,-0.90920866,-1.0439404,-1.1239215,-0.859656,-0.95618385,-1.423014,1.4422396,0.6976017,-0.6976017,0.61777884,-1.0500667,-0.70253694,-0.8678963,0.30898225,-1.0134615,-1.1424848,-0.89974344,0.30952695,1.1496375,-0.7439077,1.4054509,-0.58778524,-0.809017,-1.0,-1.8369701e-16,1.0
2024-10-10 00:00:00,5.0,0.9670292,0.3571589,1.9555886,-0.94547737,1.4229455,1.8107377,0.8140485,2.8805058,1.1690837,0.92359334,0.4120962,1.5944393,-0.5427861,-0.8409686,-0.5683495,0.9383592,-0.4239469,-0.6108372,-0.4222321,-0.37218276,-0.4241626,-0.7970046,1.6430041,0.21383521,-0.21383521,-0.61190826,-0.39146802,0.13587134,-0.99593824,0.17147113,-0.24691363,-1.019165,-0.36043203,0.785444,1.0194885,-0.21529031,1.4671032,-0.58778524,-0.809017,-0.8660254,0.5,0.0
2024-10-17 00:00:00,5.0,-0.7633182,-0.8753594,0.79567206,-0.5402767,0.6179049,0.108867414,-0.9069397,0.48774046,1.3978865,1.2224121,0.7671472,1.5553929,-0.99866366,-1.304766,-0.41750753,0.90451986,-0.41233984,-1.0521643,-0.77128214,-0.64507186,-0.66780025,-1.1021965,1.3263023,0.51879925,-0.51879925,-0.51559156,-0.7734008,0.04996356,-1.2031211,0.2913703,-0.4772269,-0.8542616,-0.62321305,-0.73304236,0.50201917,-0.64294374,1.4997443,-0.58778524,-0.809017,-0.8660254,0.5,0.0
2024-10-24 00:00:00,5.0,0.3181375,0.15569144,0.22845215,1.1865976,-0.6356357,-1.0257899,-0.77034044,0.86796534,0.83710265,0.8849063,0.5611313,0.8890797,-0.7687056,-1.0769292,-0.2440895,0.42457673,-0.47028932,-0.38877112,-0.99383247,-0.4673548,-0.5346912,-0.9763087,-0.28137138,0.31679654,-0.31679654,-0.74174273,-0.38501185,-0.13322476,-0.97367054,0.26885596,-0.56941634,-0.7640791,-0.4923833,0.27805054,0.5758479,-0.4749251,1.7447683,-0.58778524,-0.809017,-0.8660254,0.5,0.0
2024-10-31 00:00:00,5.0,-0.7670258,-0.96437335,-0.42690045,0.21217123,0.37402835,-2.124584,-1.1885923,0.73433113,1.0400501,1.1153572,0.85532373,0.8966185,-1.2236384,-1.5306368,-0.23028496,-0.005179341,-0.29059133,-1.1042203,-1.7935983,-0.72667986,-0.7933077,-1.2947806,0.9747072,0.6020907,-0.6020907,-0.22072849,-0.53313655,-0.28349996,-1.1346334,0.79337406,-0.6694819,-0.529024,-0.77916926,-0.70845586,-0.757819,-0.92576605,1.6034214,-0.58778524,-0.809017,-0.8660254,0.5,0.0
2024-11-07 00:00:00,5.0,0.93560207,1.0776333,0.1344554,-0.7378458,-0.6604269,-0.15001456,2.273321,0.6048032,0.49108145,0.68102014,0.486101,0.39567205,-0.5297423,-0.8856442,-0.011414953,0.40846914,-0.2764379,-1.074771,-1.5891045,-0.25887638,-0.3302084,-0.8851671,-0.2931529,-0.058783006,0.058783006,0.11065734,0.000107666514,-0.26880243,-0.81455255,0.16623831,-0.3917406,-0.5293005,-0.32118896,0.32508653,0.55968845,-0.4193613,1.6315238,-0.58778524,-0.809017,-0.8660254,0.5,0.0
2024-11-14 00:00:00,5.0,-0.8284543,-1.0761583,-0.6463763,0.094920404,0.019331312,-0.27912542,-0.24005598,0.5166102,0.67538553,0.8790109,0.7529248,0.41122758,-1.0672653,-1.4169863,-0.0044101374,-0.67306215,0.2253353,-1.3714145,-2.0262833,-0.6074948,-0.6450416,-1.2869925,0.72984946,0.61397856,-0.61397856,-0.15440299,-0.39148223,-0.5087304,-0.9674713,-0.41889745,-0.55096364,-0.3633006,-0.6545485,-0.6767213,-0.26894757,-0.94901484,1.4973537,-0.58778524,-0.809017,-0.5,0.8660254,0.0
2024-11-21 00:00:00,5.0,0.31725267,0.5070622,0.20296781,0.5917611,-1.2119063,-1.0870804,-0.7130887,-1.1924679,0.18340172,0.5220874,0.50060076,-0.13953865,-0.8956232,-1.2610298,0.09554933,-0.013829192,0.70140165,-1.5065683,-2.126795,-0.43760735,-0.43217355,-1.2640967,-0.767653,0.41735512,-0.41735512,-0.2362216,0.16678117,-0.7995173,-0.7121929,-0.9214732,-0.5590775,-0.36452353,-0.4492423,0.43630117,0.49179357,-0.81706136,1.2919856,-0.58778524,-0.809017,-0.5,0.8660254,0.0
2024-11-28 00:00:00,5.0,0.08640289,-0.21416983,1.9254466,-0.26630533,-1.1537474,-1.5106647,-0.6332616,0.9448512,-0.12050371,0.27717388,0.33976546,-0.4930087,-0.86121684,-1.2121394,0.20179474,-0.16968627,0.21565375,-1.2135826,-1.0490388,-0.3613809,-0.3130324,-1.2769439,-0.63480765,0.3985505,-0.3985505,-0.25905675,0.67239636,-1.1164482,-0.52860105,-0.91116,-0.28815952,-0.3653439,-0.34880832,0.9615221,-0.3025381,-0.704358,1.3845494,-0.58778524,-0.809017,-0.5,0.8660254,0.0
2024-12-05 00:00:00,5.0,-0.12380766,-0.4866331,0.87063366,0.08429526,-1.4261184,-0.5932859,0.6895885,0.1676722,-0.44537246,0.022176068,0.1866411,-0.9021324,-0.9645891,-1.2892203,0.2579791,0.2499005,0.17116486,-1.2389408,-1.0917106,-0.4509032,-0.3061079,-1.3983424,-1.043227,0.5333929,-0.5333929,-0.5711835,0.26257977,-1.6087202,-0.32848814,-1.305645,-0.4124931,-0.26171055,-0.3317306,-0.68238276,0.17031,-0.77949756,1.3753283,-0.58778524,-0.809017,-0.5,0.8660254,0.0
2024-12-12 00:00:00,5.0,0.59893966,0.7623239,-1.228678,1.2886475,-1.1561631,-0.7092817,-0.31937805,0.33169228,-0.7176202,-0.28138104,-0.09499426,-1.1231664,-0.49020326,-0.8948863,0.4682447,-0.010729024,0.30963987,-0.67821634,-1.4713581,-0.00405537,0.078029,-1.1425177,-0.9567236,0.16788217,-0.16788217,-0.90798485,0.9273406,-1.8314868,-0.028918765,-1.3264259,-0.351381,-0.62876946,0.062105432,0.43630117,0.45205727,-0.17512225,0.95341665,-0.58778524,-0.809017,-2.4492937e-16,1.0,0.0
2024-12-19 00:00:00,5.0,0.04900879,-0.2098364,0.7263182,0.7738543,-1.3855039,-0.9158597,-0.38330504,0.0633847,-1.0262887,-0.5659838,-0.30878153,-1.4939444,-0.50518847,-0.8990855,0.6363657,0.55448383,-0.11720442,-0.54853415,-1.3151027,0.043920975,0.14107248,-1.2208381,-1.1362841,0.43821648,-0.43821648,-1.82209,0.35351583,-2.4244766,0.26964688,-1.7223321,-0.037150804,-1.2096498,0.11178057,-0.6776593,0.4100024,-0.16044714,0.8256204,-0.58778524,-0.809017,-2.4492937e-16,1.0,0.0
2024-12-26 00:00:00,2.0,0.14968857,0.68147856,-0.8496428,1.0226227,-1.2999318,-1.7752011,-1.1704762,-1.7584293,-1.3084909,-0.85643446,-0.5491998,-1.8055165,-0.41247472,-0.81107795,0.79745066,0.44798538,0.30167726,-0.18039066,-0.73247546,0.19778506,0.24479474,-1.229901,-1.1508306,0.38826394,-0.38826394,-1.7759374,0.6106637,-2.925977,0.6311943,-1.8086839,-0.10117549,-1.3067168,0.22844736,0.41331628,0.6282501,-0.08740584,0.36628672,-0.58778524,-0.809017,-2.4492937e-16,1.0,0.0
2025-01-02 00:00:00,2.0,0.48059252,0.8165241,-0.6252563,0.45440578,-1.0560014,-1.7655776,-0.75166947,0.54036146,-1.5104357,-1.1235268,-0.8189421,-1.9365305,0.029419618,-0.45617288,1.0480057,0.6689959,0.3409883,-0.20472606,-0.09341932,0.8195024,0.6145593,-0.9856044,-1.0653131,0.073505305,-0.073505305,-1.572734,0.7686435,-3.0,1.0344,-1.8172768,0.44271144,-1.4293503,0.6250964,0.95088357,0.5897379,0.29821718,-0.37535635,-0.58778524,-0.809017,-2.4492937e-16,1.0,1.0
2025-01-09 00:00:00,2.0,0.66399026,0.783933,1.1767511,-1.1465784,-0.4306245,0.78415287,3.0,0.66641265,-1.3966403,-1.1950732,-0.98251307,-1.5693922,0.6278658,0.039684657,1.3622891,1.1134589,0.95496535,0.5511217,-0.101110026,1.5587238,1.0472397,-0.5230631,-0.35415384,-0.2678256,0.2678256,-1.5213983,1.2821938,-2.7597466,1.1950014,-1.4758842,1.4985363,-0.7527441,1.0536554,1.4809802,1.2842194,0.7893165,0.36164597,-0.58778524,-0.809017,0.5,0.8660254,0.0
2025-01-16 00:00:00,2.0,2.2234082,1.6829107,-1.1606222,-1.0308604,1.377339,2.122917,0.9421922,-0.16973703,-0.7088224,-0.960111,-1.0869352,-0.07481779,2.2937453,1.699897,1.9768267,2.0397902,1.4164416,1.0061986,0.44613338,3.0,2.3288589,1.0625563,1.7883073,-2.043633,2.043633,0.2987954,1.7295678,-0.8031788,0.96561575,-0.346,2.9708948,0.37854415,2.2352512,1.9731513,2.9505172,2.4070792,0.5045066,-0.58778524,-0.809017,0.5,0.8660254,0.0
2025-01-23 00:00:00,2.0,-1.092241,-1.8294375,-1.4609491,-0.699763,0.08560292,1.1567869,-0.5551091,1.0815362,-0.51834583,-0.7542915,-0.85219276,0.030130709,1.1832422,0.8143684,1.9750035,1.3686849,1.3464323,1.4347973,-0.008550161,1.7311835,1.416503,0.3082779,0.42694658,-1.022044,1.022044,1.6077839,0.8389375,-1.1567528,0.6429714,0.18584214,2.237423,0.9831527,1.2961493,-0.7529798,1.271104,1.42454,-0.7491332,-0.58778524,-0.809017,0.5,0.8660254,0.0
2025-01-30 00:00:00,2.0,-1.0315727,-1.5618186,-0.5545091,-0.9297064,-0.26495412,-0.22969304,-0.97311044,-0.5127763,-0.5317568,-0.6980109,-0.7405216,-0.12288586,0.4198392,0.14096296,1.676722,0.76308453,0.88010687,1.364718,0.66665196,0.85657763,0.7230555,-0.2974648,-0.13640241,-0.21156046,0.21156046,1.9559685,0.34409967,-1.6456444,0.5233654,0.5775138,1.1370963,0.987227,0.5867075,-1.2889897,-0.19576326,0.49548936,-0.4632483,-0.58778524,-0.809017,0.5,0.8660254,0.0
2025-02-06 00:00:00,2.0,-0.84761465,-1.4094708,-0.5556997,-0.63463885,-0.18564044,0.5036668,0.53646994,0.71312153,-0.4966853,-0.62602466,-0.6313759,-0.18363927,-0.15474835,-0.39012682,1.2118582,0.016555604,0.5134291,0.6112608,0.41689944,0.14131401,0.17575935,-0.77829707,0.022690084,0.46570468,-0.46570468,2.1164105,-0.35219955,-1.9860915,0.39667028,0.92791307,0.36970523,0.972926,0.032795675,-1.8060073,-2.570112,-0.193309,-0.67610914,-0.58778524,-0.809017,0.5,0.8660254,0.0
2025-02-13 00:00:00,2.0,0.2916257,0.34483746,1.6981655,-0.5503609,-0.3220834,-0.019185536,-0.52248985,-0.24362263,-0.6273195,-0.7398648,-0.76194584,-0.29357955,0.024295084,-0.21721576,0.9336831,-0.21379781,0.68505394,0.7058554,-0.17033373,0.29712942,0.29191175,-0.5947756,-0.26546806,0.27989852,-0.27989852,1.9431413,0.1592202,-2.0372343,0.5506187,0.809266,0.3542653,1.170285,0.1525249,0.37209195,-1.2180533,-0.0065488736,-0.69090146,-0.58778524,-0.809017,0.8660254,0.5,0.0
2025-02-20 00:00:00,5.0,0.41209093,0.7603673,-0.16749132,0.3038131,-0.4862598,0.10898808,-0.08100252,-0.98840886,-0.8426644,-0.9253337,-0.9600089,-0.50586164,0.2958559,0.04051284,0.82723576,-1.327575,0.59036386,0.740128,-0.083976045,0.543719,0.49038327,-0.3497379,-0.69044554,-9.519438e-05,9.519437e-05,-0.18715379,0.7409266,-2.140871,0.53882486,-0.38965514,0.345547,1.1548959,0.34492737,0.887275,-0.13388437,0.12805343,-0.6073892,-0.58778524,-0.809017,0.8660254,0.5,0.0
2025-02-27 00:00:00,5.0,-1.5327833,-1.5486777,-0.44626448,-1.1747715,0.8804823,-1.0586765,-1.1081163,-0.22316718,-0.27212274,-0.46374097,-0.50229496,0.04794779,-0.7088907,-0.8858211,0.26714385,-1.4786263,-0.056763776,-0.14615822,-0.37572515,-0.61799294,-0.4366519,-1.1480143,1.021238,1.2135979,-1.2135979,-0.0768682,0.28629693,-2.1678169,-0.5294197,-0.12765244,-0.20243064,1.1659399,-0.5897312,-0.7586156,-0.5782432,-1.1501683,0.075697824,-0.58778524,-0.809017,0.8660254,0.5,0.0
2025-03-06 00:00:00,5.0,-1.4389681,-1.1945859,-0.27742794,-0.48224112,1.6924324,0.3330659,1.6175098,0.37883657,0.5718891,0.23468822,0.15714695,0.79368025,-1.4421651,-1.6248099,-0.42586908,-1.661299,-0.7426815,-0.30059618,-0.6499602,-1.4447958,-1.1554128,-1.6665723,1.5659633,1.4953005,-1.4953005,0.025939297,-0.5164567,-1.8458431,-1.7275558,0.5780118,-1.3078696,0.46137616,-1.2880856,-1.3359917,-1.5229304,-1.5025676,0.6434937,-0.58778524,-0.809017,0.8660254,0.5,0.0
2025-03-13 00:00:00,5.0,0.8203602,1.0708228,-0.8145538,0.19151177,-0.5158718,0.03588903,-0.36736193,0.35442787,0.039247636,-0.13078645,-0.20158008,0.2738957,-0.86600816,-1.0935493,-0.66190445,-0.7694433,-0.60433036,-0.16327137,-0.5589546,-0.82723343,-0.72770154,-1.2456194,-0.7159632,1.0269725,-1.0269725,0.38903815,0.11885713,-1.9265997,-1.3913976,0.33953428,-1.2004253,0.4385015,-0.85707396,0.33399794,-1.1920143,-0.99885035,-0.07383357,-0.58778524,-0.809017,1.0,6.123234e-17,0.0
2025-03-20 00:00:00,5.0,-0.011527233,-0.17546584,0.8812795,0.88581175,-0.6139268,-0.5925481,-0.61008614,-0.11008831,-0.33369863,-0.36571056,-0.37601152,-0.1886058,-0.88528174,-1.1023897,-0.80061954,-0.91909367,-0.90043956,0.14444812,-0.8279747,-0.8093947,-0.786349,-1.2387549,-0.9405805,1.052302,-1.052302,0.3480574,-0.49845374,-2.26143,-1.6257094,0.12123252,-0.9079948,0.39966473,-0.916509,-0.7529798,-0.20270075,-1.0327586,-0.023423828,-0.58778524,-0.809017,1.0,6.123234e-17,0.0
2025-03-27 00:00:00,2.0,1.4107814,1.5893472,-1.0804299,-0.8949987,0.22466956,-0.5759621,-0.18072727,0.09249578,-0.4596883,-0.5772628,-0.7342576,-0.11734699,0.103515394,-0.19481866,-0.44783872,-0.37820888,-1.3106291,0.22995234,-0.60671407,0.06960256,0.06788208,-0.3825121,0.25399366,0.21845572,-0.21845572,0.86321265,0.059061885,-1.7803097,-1.2903008,0.35624877,-0.26053014,-0.19777884,-0.057027034,0.38801888,1.5739151,-0.13309571,-0.24909672,-0.58778524,-0.809017,1.0,6.123234e-17,0.0
2025-04-03 00:00:00,5.0,0.54057306,0.770801,-0.47559488,0.5653392,-0.6547921,0.22835514,0.59270775,0.51655513,-0.8258618,-0.881973,-1.0535585,-0.5195064,0.44120178,0.13615304,-0.050725013,0.70620805,-0.5791954,0.7613025,-0.16248138,0.35590595,0.35202268,-0.05309435,-0.92236197,-0.09868652,0.09868652,0.32935873,0.7583967,-1.960018,-1.1932406,-0.34857595,0.22362748,-0.6729842,0.21856195,0.9250615,1.3211187,0.20096065,-0.051830214,-0.58778524,-0.809017,1.0,6.123234e-17,1.0
2025-04-10 00:00:00,5.0,-3.0,-1.0840615,-1.5703692,1.0171126,3.0,2.8189104,3.0,-3.0,3.0,2.5076418,2.1473536,3.0,-1.6098,-1.9448487,-0.66755164,-0.8164015,-1.9180434,-0.8256142,-1.6513054,-1.7804534,-1.4486929,-1.3943608,1.9030274,0.5438648,-0.5438648,1.713829,-1.4440472,0.103471614,-2.9297569,2.3168108,-1.9505069,-0.37473983,-1.3674375,-0.75229466,-0.76748633,-0.5217172,1.5166438,-0.58778524,-0.809017,0.8660254,-0.5,0.0
2025-04-17 00:00:00,5.0,0.2731453,0.01708653,-0.99904144,2.8963964,0.11848739,0.37805548,-1.1498256,1.0343074,2.4856877,2.1458716,1.9509003,2.2401676,-1.4433459,-1.7573491,-0.97026527,-1.0927383,-1.4473356,-0.749676,-1.6838311,-1.3617313,-1.2988223,-1.267761,0.72324973,0.45777786,-0.45777786,1.5437589,-0.35786727,-0.0075038476,-2.6385367,2.3420644,-1.6890484,-0.43079814,-1.1918458,0.38801888,-1.5815217,-0.4425113,1.2755198,-0.58778524,-0.809017,0.8660254,-0.5,0.0
2025-04-24 00:00:00,5.0,0.23067594,0.06888395,2.2408447,-0.28212604,-0.19043325,-0.3959697,-0.808549,0.392115,1.6917977,1.6950688,1.6488612,1.4081866,-1.3120385,-1.6120331,-1.0922924,-0.9469355,-1.4392292,-0.6111065,-1.6475756,-1.0918481,-1.2095675,-1.2013167,0.017358363,0.38114235,-0.38114235,1.5004549,0.3315702,-0.30256087,-2.3638847,2.2091925,-1.018504,-0.4904923,-1.1081966,0.97708917,-1.7588904,-0.38023627,1.3341067,-0.58778524,-0.809017,0.8660254,-0.5,0.0
2025-05-01 00:00:00,5.0,-1.1903061,-1.3477015,-0.09011632,-1.1699419,0.12434878,-0.38484794,-0.15585524,0.16043447,1.6586844,1.862691,2.0176976,1.0889446,-1.7593908,-2.0771697,-1.3215116,-2.329047,-2.095137,-1.2843407,-1.8864582,-1.2986739,-1.6577544,-1.6376652,0.7380771,0.76257515,-0.76257515,1.0227512,-0.43815693,-0.67427236,-2.3643708,2.0278683,-1.1005102,-0.7825473,-1.5813264,-0.7471858,-0.22522391,-0.88356936,0.46943757,-0.58778524,-0.809017,0.8660254,-0.5,0.0
2025-05-08 00:00:00,5.0,-0.76214445,0.021021968,0.5997302,1.4707202,0.15332128,0.5213011,0.9880728,-3.0,1.6685467,1.9782151,2.2437344,0.91173553,-1.971159,-2.2894287,-1.5159764,-2.8701878,-1.8180724,-1.564494,-2.1440146,-1.2688476,-1.8509755,-1.846708,0.8173142,1.0934514,-1.0934514,0.6748922,-1.5510265,-0.86831284,-2.3228414,2.3214521,-1.2555388,-0.79758084,-1.748057,-1.2766931,-0.6415217,-1.1930286,0.44206586,-0.58778524,-0.809017,0.5,-0.8660254,0.0
2025-05-15 00:00:00,5.0,2.2476282,1.708641,-0.960767,-1.1802877,0.4601706,0.27114627,-0.32665563,-0.58566016,1.4458115,1.5952363,1.619062,1.0584084,-0.53877914,-0.9759188,-1.0495808,0.49650013,-0.20450583,-0.73103106,-1.6119158,-0.4507238,-0.734864,-0.80334985,1.3115758,-0.13266753,0.13266753,-0.30140522,-0.44519743,-0.077433914,-1.9890255,-0.45147958,-0.5847931,-0.7593868,-0.6104246,0.4380397,0.76400936,-0.2946686,1.4724746,-0.58778524,-0.809017,0.5,-0.8660254,0.0
2025-05-22 00:00:00,5.0,-0.36201516,-0.38974878,0.6132218,0.49528623,-0.21758851,-0.03140837,-0.36572108,-0.881834,1.1919352,1.4895446,1.6299899,0.66126907,-0.72802746,-1.1572832,-0.8191253,0.13571553,-0.7268559,-1.0424157,-1.6952558,-0.50087005,-0.8742971,-0.9836371,0.26636446,0.11172892,-0.11172892,-0.28805473,-1.3254215,-0.38082233,-1.9206475,-0.48181248,-0.3731546,-0.78772026,-0.7735252,-0.67870736,1.0668151,-0.48362464,1.7086511,-0.58778524,-0.809017,0.5,-0.8660254,0.0
2025-05-29 00:00:00,5.0,0.14232367,0.2734683,-0.0009040302,1.5027738,-0.7596916,-1.1633273,-1.1278391,-0.71497285,0.50491107,1.000402,1.2664869,-0.10902127,-0.7095736,-1.1351404,-0.62114257,0.09188196,-0.67238164,-1.2226955,-1.8976737,-0.3881742,-0.83640945,-1.0454156,-1.1965116,0.06967287,-0.06967287,-0.2925078,-1.5195184,-0.93438286,-1.7356913,-0.6566407,-0.3494518,-0.8481505,-0.76220673,-1.2405889,1.3820494,-0.4617034,1.6466475,-0.58778524,-0.809017,0.5,-0.8660254,0.0
2025-06-05 00:00:00,5.0,0.13591081,-0.21946135,-0.22099593,1.538839,-0.43130744,-0.12012905,1.3754567,1.0223616,0.19466455,0.7331213,1.0583402,-0.44880208,-0.703659,-1.1281322,-0.3826621,0.87216485,-1.2314808,-1.9487423,-1.9056872,-0.31053135,-0.6858369,-1.0599344,-0.5340943,-0.15745613,0.15745613,-0.38689318,-1.9546888,-1.2419515,-1.6172863,-0.8525353,-0.2291875,-1.1883188,-0.5167288,-1.8537372,-0.08811555,-0.44106996,1.737486,-0.58778524,-0.809017,0.5,-0.8660254,0.0
2025-06-12 00:00:00,5.0,2.0484135,1.8191426,-1.3391936,-1.0849558,0.26017255,-0.25551158,-0.33008704,0.111060955,0.19546084,0.46064308,0.5410232,-0.04999815,0.84845906,0.24155025,0.43763462,2.4772255,-0.3903514,-0.73996764,-1.0419706,0.63622725,0.7540188,0.2671776,0.9571163,-1.8105977,1.8105977,-0.3415563,-1.0806521,-0.40032768,-1.3380142,-0.6611989,0.37151313,-1.7155932,1.0414964,0.6525795,1.485524,1.0256115,1.9900833,-0.58778524,-0.809017,1.2246469e-16,-1.0,0.0
2025-06-19 00:00:00,5.0,2.4541826,1.2157944,-0.5850065,-0.38416895,1.5367669,1.5362952,1.6724168,1.3686677,1.0466584,0.7998185,0.4383915,1.4335833,2.4021244,1.9078754,1.5562302,2.5613256,2.8271062,0.6742507,-0.36119413,1.927469,2.2764447,1.9682026,1.6557286,-3.0,3.0,-0.12069874,0.34191898,1.4097486,-1.2390885,0.15048824,1.4734633,-0.0904245,2.4920897,1.2606531,2.6672285,2.950915,1.3621897,-0.58778524,-0.809017,1.2246469e-16,-1.0,0.0
2025-06-26 00:00:00,5.0,-2.8893852,-1.1531279,0.33431295,-1.0457286,2.141124,0.2501516,-0.8076633,-1.2540638,3.0,2.970339,2.635535,2.8867116,0.35546914,-0.017978674,1.1560321,0.9273812,0.9857762,-0.41695616,-0.8839403,0.29765937,0.4106282,0.34498852,1.6218871,-0.27622068,0.27622068,1.3012714,-0.5618104,1.7922119,-1.8980492,1.9652172,1.0933896,0.43630555,0.51824254,-0.61469865,0.91842633,0.29453573,0.3132456,-0.58778524,-0.809017,1.2246469e-16,-1.0,0.0
2025-07-03 00:00:00,5.0,0.5704704,0.90373033,-1.3078815,1.0859007,-0.64761716,-1.0274633,-1.1508075,0.157232,2.038457,2.1019852,1.9896507,1.5987874,0.6601353,0.32428253,1.1959316,1.1991614,1.1982672,-0.23946133,-0.7102555,0.63926643,0.73018795,0.6279734,-0.859083,-0.61553043,0.61553043,1.263921,-0.07007894,1.4438252,-1.6642517,1.8455871,0.49588248,0.4788343,0.8437557,0.6355359,-0.15616265,0.6293268,0.42258096,-0.58778524,-0.809017,1.2246469e-16,-1.0,1.0
2025-07-10 00:00:00,5.0,0.43180865,0.63718015,-0.69153965,1.1040868,-0.5406058,-0.9428936,-0.14941618,-0.21623673,1.2170945,1.526499,1.5474344,0.7675823,0.8807632,0.5823034,1.2813377,1.3860726,1.9654009,-0.16938134,-0.48558426,0.9348021,1.0039748,0.866829,-0.29055,-0.84807926,0.84807926,1.2145714,0.45163321,1.1601198,-1.4720805,1.621839,0.7952794,0.91465706,1.1265309,1.2175602,-1.3223073,0.8709121,0.3823512,-0.58778524,-0.809017,-0.5,-0.8660254,0.0
2025-07-17 00:00:00,5.0,-0.49848178,-0.90397584,0.30381364,-0.3073046,-0.42663342,0.052517757,1.4681169,0.0035882199,0.87212324,1.348198,1.5332124,0.249613,0.51818466,0.23966436,1.1499692,-0.05028688,1.9737368,0.13067763,-0.5709252,0.6044003,0.6928015,0.5451992,-0.045992777,-0.4246495,0.4246495,1.0177907,-0.40048453,0.72531855,-1.4272739,1.0168871,0.81674594,1.4164994,0.7754552,-0.6566632,0.14349549,0.4813569,0.04875841,-0.58778524,-0.809017,-0.5,-0.8660254,0.0
2025-07-24 00:00:00,2.0,0.07510435,-0.15657365,2.2201185,-0.4496096,-0.61022794,-0.2440673,-0.41745764,0.3977104,0.31670654,0.91609925,1.2191542,-0.361006,0.52252555,0.2568353,1.0587397,-1.4124984,0.9402124,0.7210557,-0.7131259,0.60807604,0.70066786,0.555688,-0.8902647,-0.40589195,0.40589195,0.052291676,-1.0476872,0.29313564,-1.2807904,-0.45778176,0.7947054,1.7870256,0.7818175,-1.2379287,-0.11791137,0.48049283,-0.22769597,-0.58778524,-0.809017,-0.5,-0.8660254,0.0
2025-07-31 00:00:00,5.0,1.600657,1.5791149,-1.0821549,-0.9478805,-0.0025626817,-1.021665,-0.9216693,0.4812887,0.17631659,0.56181943,0.6967754,-0.19184573,1.5250504,1.3477453,1.3550066,1.3254983,1.9265279,1.2483077,0.3346474,1.5540097,1.6733288,1.6390933,0.84490204,-1.4974097,1.4974097,-1.2828021,-0.49915954,0.7917828,-1.0298833,-1.5061439,1.3146205,1.7886524,1.8040801,0.59846175,0.5851018,1.5118285,0.18541051,-0.58778524,-0.809017,-0.5,-0.8660254,0.0
2025-08-07 00:00:00,5.0,-2.009706,-1.7640176,-1.3515539,-0.89001334,0.42788565,0.14304669,1.5990064,0.3366875,1.0251917,1.3759116,1.652491,0.35180074,0.1959966,0.023998292,0.8636817,-0.2721769,0.77285457,0.17290685,-0.78649306,0.21767503,0.31464797,0.29734793,1.3980201,0.034590293,-0.034590293,-0.30604064,-1.1732793,0.5552594,-1.3644364,-0.8154657,0.69178754,2.008174,0.37955296,-0.6189644,-0.2803886,0.06187644,0.33468717,-0.58778524,-0.809017,-0.5,-0.8660254,0.0
2025-08-14 00:00:00,5.0,-0.33922938,-0.91472507,-0.044882823,-0.16999458,-0.704203,-0.5482155,-0.6826584,-0.048054956,0.48164523,1.0271522,1.4662086,-0.30854073,-0.015741182,-0.19902733,0.48995882,-0.7433295,0.52857184,-0.5649518,-1.1680709,0.022675065,0.117262974,0.01502015,-1.0430433,0.749573,-0.749573,-0.30287433,-1.4161285,-0.018566165,-1.2778989,-0.84262294,0.12594774,2.083635,0.14461836,-1.1977018,-0.47011063,-0.2065902,0.23216754,-0.58778524,-0.809017,-0.8660254,-0.5,0.0
2025-08-21 00:00:00,5.0,0.51604736,1.1665019,-0.76079404,-0.052150425,-0.9230689,-0.73107195,-0.39891317,0.3221997,-0.25010368,0.39199105,0.907978,-1.0120137,0.29277205,0.12943631,0.35764733,-0.12139977,-0.14699025,-0.5052126,-0.9948585,0.39084196,0.4825362,0.26816222,-1.467332,0.86055374,-0.86055374,-0.23614123,-0.81979215,-0.53843445,-1.0457075,-1.0499437,0.2834308,2.1047502,0.50440985,0.639735,-1.1189711,0.08971628,0.15502752,-0.58778524,-0.809017,-0.8660254,-0.5,0.0
2025-08-28 00:00:00,5.0,0.5116257,0.93755424,0.6822709,-0.88541955,-0.7738261,-1.3826395,-0.8091034,0.23762994,-0.69206303,-0.080541484,0.45746028,-1.3832109,0.6254258,0.48726904,0.40788782,0.15235323,-1.0673653,1.5297296,-1.0287516,0.6892924,0.7825828,0.6188727,-1.2089938,0.46802288,-0.46802288,0.22058801,-0.41000718,-0.90715706,-0.83560133,-1.036447,0.68390876,0.4627579,0.78139603,1.236327,0.3570258,0.40361667,-2.0360394,-0.58778524,-0.809017,-0.8660254,-0.5,0.0
2025-09-04 00:00:00,5.0,-0.06500402,-0.100832015,2.084592,-0.28529906,-0.6884201,-1.2534618,-0.2489079,-0.84495956,-0.9371975,-0.36868206,0.22595336,-1.5925485,0.5374915,0.41502607,0.39780048,-0.88292164,0.39589298,1.3654515,-0.8342484,0.549399,0.6399342,0.49006447,-1.0791217,0.58435345,-0.58435345,-0.5139874,-0.60569346,-1.4033118,-0.942791,-1.3359368,0.67940164,0.43463713,0.62376195,-0.60283715,0.46743745,0.31147146,-1.848567,-0.58778524,-0.809017,-0.8660254,-0.5,0.0
2025-09-11 00:00:00,5.0,0.05177957,0.021952486,-0.9376349,2.832377,-0.5914555,-0.34239414,1.0747339,-0.39854515,-1.0784457,-0.6090634,-0.005470828,-1.6435697,0.5293244,0.42463586,0.3829807,0.4297489,0.12684426,1.2871484,-0.8256756,0.5036625,0.5893247,0.48123485,-0.92607,1.0159836,-1.0159836,-1.9525145,-0.9936629,-1.7297343,-1.0597055,-1.7344886,0.30908644,0.40917355,0.57187945,-1.1810005,0.18371238,0.30116725,-1.8032148,-0.58778524,-0.809017,-1.0,-1.8369701e-16,0.0
2025-09-18 00:00:00,5.0,0.23024338,0.20958279,-0.26432294,1.5886719,-0.45939463,-0.43888372,-0.2862147,0.20782186,-1.1300594,-0.80425715,-0.25442025,-1.5580797,0.6607083,0.57642627,0.42834085,0.7868421,0.023099935,1.9210467,-0.3567088,0.54582673,0.63850456,0.6683125,-0.53486675,0.9380877,-0.9380877,-2.072799,-0.4135731,-1.8502305,-1.0249194,-1.5306947,0.44593963,0.3884398,0.6320541,0.61548024,0.018555034,0.40419006,-1.0026077,-0.58778524,-0.809017,-1.0,-1.8369701e-16,0.0
2025-09-25 00:00:00,5.0,0.52072453,0.77216035,-1.3378338,1.3248354,-0.2934799,-0.8273014,-0.6064894,-0.15903889,-1.1069938,-0.958329,-0.53505325,-1.3481083,1.0481913,0.98964757,0.6196058,0.78498363,0.56009537,2.4280057,-0.009578881,0.8254702,0.9073125,1.2162919,-0.0035363806,0.45770824,-0.45770824,-1.9500469,0.0014320201,-1.7004273,-1.0882319,-1.1590252,0.55355394,0.37364644,0.86928415,1.1810005,0.44213998,0.3826438,-0.93153787,-0.58778524,-0.809017,-1.0,-1.8369701e-16,0.0
2025-10-02 00:00:00,5.0,-1.2858423,-1.3562088,-0.054348007,-1.0017941,0.4358769,-0.7391028,-0.18886955,-0.509425,-0.36605346,-0.33640987,0.13042031,-0.5753775,-0.057803646,-0.08494637,0.20270237,-0.35795584,-0.16888715,0.72811687,-0.2715064,-0.42267016,-0.2687011,-0.09196313,0.9665062,1.6728405,-1.6728405,-1.0743397,-0.38751864,-1.5211725,-1.4701481,-0.47768363,0.029058682,0.35024822,-0.37520212,-0.6736504,-0.5137288,-1.2002072,-2.9767854,-0.58778524,-0.809017,-1.0,-1.8369701e-16,1.0
2025-10-09 00:00:00,5.0,0.3866772,0.6116298,-0.88910174,1.2363437,-0.50477,0.18476558,0.76407415,0.15292954,-0.6909826,-0.6577667,-0.24016792,-0.85039926,0.22483076,0.2069749,0.07480933,-0.0682511,-0.79955846,1.0844119,-0.2896287,-0.1827377,-0.06316449,0.22080745,-0.93120134,0.57711625,-0.57711625,-0.98919976,0.3190447,-1.7405331,-1.3801796,-0.4070374,-0.5758757,-0.59697276,-0.18105164,0.57001185,-0.38084394,-0.9134954,-3.0,-0.58778524,-0.809017,-0.8660254,0.5,0.0
2025-10-16 00:00:00,5.0,-1.4686656,-1.6847054,-0.9545418,-0.8983644,0.24036476,0.2819765,-0.0939446,-0.3651531,-0.099867985,-0.08193042,0.45620263,-0.37014398,-0.84132284,-0.89617413,-0.5348366,-1.0674692,-0.5178371,0.24664046,-0.48524845,-1.3777075,-1.2721897,-1.1688217,0.780887,1.6788943,-1.6788943,-0.5911129,-0.40333483,-1.7782094,-1.6688442,0.10056685,-1.3939433,-1.1135672,-1.3951311,-0.6736504,-1.6413686,-1.7716091,-1.8264313,-0.58778524,-0.809017,-0.8660254,0.5,0.0
2025-10-23 00:00:00,5.0,0.33808443,0.037899576,0.2545659,1.4607407,-0.12987605,0.347217,-0.15474324,1.4297671,-0.14479569,-0.16223718,0.28882805,-0.33346617,-0.60044074,-0.65454125,-0.7922564,-0.9871094,-0.15549885,0.36841825,-0.7219146,-1.0481339,-1.0258673,-0.82270193,0.42321825,0.8220261,-0.8220261,-0.5597009,0.32741973,-1.6602496,-1.6384057,0.279526,-1.5939194,-1.4129919,-1.1339908,0.57001185,-0.47083306,-1.2156287,-1.7730299,-0.58778524,-0.809017,-0.8660254,0.5,0.0
2025-10-30 00:00:00,5.0,0.8991762,0.39252147,1.566458,-0.69126576,-0.3534765,0.18131627,-0.29518467,3.0,-0.18771537,-0.29725486,-0.026228983,-0.20353103,0.14406618,0.07723585,-0.61064285,-0.7554082,0.044937436,-0.103569195,0.6456425,-0.347771,-0.28970787,0.05642843,-0.41581982,-0.09891559,0.09891559,-0.30506927,0.99498093,-1.3023126,-1.4440567,0.43182063,-0.42336255,-1.3514421,-0.36761272,1.1519147,-0.07325201,-0.6530558,-1.2733033,-0.58778524,-0.809017,-0.8660254,0.5,0.0
2025-11-06 00:00:00,5.0,-0.46950662,-1.3436534,0.0732191,-1.0788983,-0.54021263,-0.8245902,-0.81038225,-0.21045366,-0.52439404,-0.5030739,-0.13053158,-0.66751224,-0.2625631,-0.3185543,-0.6905628,-0.22036482,-0.5099806,-1.5865005,0.7294036,-0.8369715,-0.61724937,-0.54128975,-1.2017648,0.49338675,-0.49338675,-0.37692037,0.6092217,-1.8822222,-1.6318725,-0.34464127,-0.712203,-1.8161789,-0.54500496,-0.717303,0.5178032,-1.0354017,-0.22942388,-0.58778524,-0.809017,-0.8660254,0.5,0.0
2025-11-13 00:00:00,5.0,-0.24000397,-0.6709215,1.4714746,-1.0308713,-0.3500482,0.38799682,0.6180047,0.081797436,-0.6410766,-0.6007002,-0.20771775,-0.8081659,-0.49311104,-0.53746897,-0.8085737,-0.6350507,-0.6173531,-0.17611016,0.08708064,-0.9527891,-0.8574634,-0.85950637,-0.64738077,0.55158556,-0.55158556,0.107546456,-0.1385352,-2.145532,-1.6295989,-0.2517399,-0.8210771,-1.830508,-0.77612275,-1.2939569,0.11762236,-0.84027344,1.1339856,-0.58778524,-0.809017,-0.5,0.8660254,0.0
2025-11-20 00:00:00,5.0,0.35657436,0.5936007,1.2861588,-0.75334054,-0.34668592,0.50647956,-0.10673135,-0.17199144,-0.7920125,-0.79613566,-0.48162827,-0.8904282,-0.2012974,-0.26643398,-0.7120561,0.5836208,-0.45347762,-0.29190993,0.27284786,-0.57861066,-0.5405694,-0.5491256,-0.6019816,0.12913114,-0.12913114,-0.9043591,0.77585906,-2.1842432,-1.4960512,-0.64712286,-0.6295059,-1.8556153,-0.4514026,0.5348176,-0.29209787,-0.5095222,0.12268927,-0.58778524,-0.809017,-0.5,0.8660254,0.0
2025-11-27 00:00:00,5.0,-0.07973178,-0.35484013,-0.062301505,1.1718988,-0.27432126,-0.34393507,-0.5329512,0.10357534,-0.83809644,-0.868138,-0.57845604,-0.9128275,-0.32916212,-0.37699848,-0.64375114,0.30739817,-0.6383543,-0.5691379,0.12808366,-0.60323834,-0.5871103,-0.67739904,-0.3303594,0.33548132,-0.33548132,-0.85188586,0.15144001,-2.2986827,-1.4568269,-0.7471757,-0.7041812,-1.8648547,-0.5223932,-0.67778695,-0.05140805,-0.6612954,0.022707079,-0.58778524,-0.809017,-0.5,0.8660254,0.0
2025-12-04 00:00:00,5.0,-0.09447752,-0.424668,0.9289478,0.061346445,-0.9656533,-0.2285411,-0.165429,-0.33469936,-1.1141049,-1.1129448,-0.81351197,-1.2550128,-0.4675926,-0.49653137,-0.6274317,-0.34785235,-0.9938013,-0.3493477,-0.3623059,-0.6304843,-0.72126204,-0.94016445,-1.327508,0.56649476,-0.56649476,-1.5058082,-0.67642105,-2.737037,-1.628711,-1.0990702,-0.6161984,-2.8470187,-0.640973,-1.2507344,0.026072985,-0.82720923,-0.013895041,-0.58778524,-0.809017,-0.5,0.8660254,0.0
2025-12-11 00:00:00,5.0,-0.1056385,-0.42110667,0.90531707,0.09461238,-0.15391588,0.10056874,-0.06391975,0.16694893,-1.0541672,-1.1185068,-0.86228955,-1.1308473,-0.6191937,-0.6251485,-0.61201954,-0.106674396,-0.2908324,-0.44782966,-0.063506335,-0.6571092,-0.79386604,-1.0649168,-0.4555704,0.79889286,-0.79889286,-1.6431781,-1.4237789,-2.730072,-1.6108416,-0.8461445,-0.59838104,-2.6911151,-0.6991269,-1.7993902,-0.35071775,-0.9966077,-0.022321284,-0.58778524,-0.809017,-2.4492937e-16,1.0,0.0
2025-12-18 00:00:00,5.0,-0.8949463,-1.4864421,-1.3963534,-0.20125273,0.75871146,1.3495361,0.39447543,0.92720264,-0.630306,-0.7620233,-0.47615734,-0.6435442,-1.3750343,-1.319334,-0.944598,-0.537308,-1.0290513,-1.7551258,-0.6619382,-1.4282429,-1.4127972,-1.8470604,0.9528303,1.4348484,-1.4348484,-0.8947675,-1.9963995,-2.5456674,-1.7156022,-0.47939733,-1.1625917,-2.4118872,-1.3517331,-2.251242,-0.89377934,-1.4590267,0.7519721,-0.58778524,-0.809017,-2.4492937e-16,1.0,0.0
2025-12-25 00:00:00,5.0,1.0512867,0.9503688,-0.69305277,0.37355876,0.54954785,-0.8115575,-0.88482654,2.2144253,-0.65712994,-0.8975043,-0.81795245,-0.46949324,-0.22301501,-0.3545196,-0.6273303,-0.07713686,0.44972828,-0.11041614,0.220622,-0.41317827,-0.36897632,-0.62559116,0.51174414,0.24132428,-0.24132428,0.17459536,-1.1595469,-2.1402192,-1.4838712,-0.2696303,-0.6461542,-0.74332684,-0.2572458,0.6030743,0.20333092,-0.23399484,1.3999192,-0.58778524,-0.809017,-2.4492937e-16,1.0,0.0
2026-01-01 00:00:00,5.0,-0.45294473,-1.3865473,-0.5967742,-0.773085,-0.6814991,-2.0324953,-0.956599,0.17223005,-0.8048905,-0.97254866,-0.84083116,-0.72019804,-0.65665936,-0.74162465,-0.6216857,-0.32337558,-0.009628237,-0.16764227,-0.43664193,-0.7537608,-0.8475357,-1.132363,-1.018006,0.86231774,-0.86231774,0.2640572,-1.2950395,-2.4689763,-1.5063328,-0.36620104,-0.5433461,-1.0649787,-0.7840501,-0.5268864,-0.03919226,-0.84487003,1.7163786,-0.58778524,-0.809017,-2.4492937e-16,1.0,1.0
2026-01-08 00:00:00,5.0,-0.27650118,-0.64412206,0.92529905,-0.5143275,0.05959789,0.81004703,2.3636534,0.08741238,-0.7320266,-0.9152465,-0.7943659,-0.6261123,-0.9283015,-0.9841894,-0.6898818,-0.44382784,-0.6870718,-0.60347277,-0.19847457,-0.87399864,-1.0584456,-1.3417329,0.079912186,0.9730272,-0.9730272,0.3093642,-1.5814486,-2.4532452,-1.5046409,-0.025211884,-0.67685664,-1.0943244,-0.98895246,-1.08358,0.3814498,-1.2283345,1.9032571,-0.58778524,-0.809017,0.5,0.8660254,0.0
2026-01-15 00:00:00,5.0,2.3820002,1.7491564,-1.1476918,-1.0315173,2.9320712,2.8847206,1.1179949,0.8261479,-0.113091774,-0.670242,-1.0360268,0.6802343,1.5027881,1.2736046,0.45489648,1.2582717,1.0064626,0.46924436,0.9414114,1.2776943,1.3462466,1.555596,1.7224003,-3.0,3.0,1.523855,-0.37401646,-0.84166056,-1.1015098,1.0052185,0.6099564,-0.5385437,1.4204488,0.6273358,1.4722631,1.629499,0.95110536,-0.58778524,-0.809017,0.5,0.8660254,0.0
2026-01-22 00:00:00,2.0,-0.39737895,-0.3556704,-1.3143232,2.2796504,-0.49729493,1.1264586,-0.6868402,-1.7945868,-0.17644519,-0.6149586,-0.9242513,0.475864,1.0347732,0.8650764,0.91892475,1.5375868,0.9001378,0.28018847,0.6865788,0.88425136,0.9413626,1.1171774,-0.68934405,-2.2224917,2.2224917,1.2074804,-0.99216473,-0.9771091,-1.1318256,0.68958384,0.78493094,-0.5405669,0.96610767,-0.48984912,1.4190611,1.0352411,1.0009236,-0.58778524,-0.809017,0.5,0.8660254,0.0
2026-01-29 00:00:00,2.0,1.0783142,1.1950083,-1.0021077,0.05915332,1.404347,-0.35417083,-0.7918062,-0.2669947,-0.026163403,-0.54572034,-1.0330104,0.85381216,1.8727444,1.7624164,1.5392863,1.5596704,1.3239216,0.8963983,1.3069986,1.8281105,1.7990917,2.1468978,1.3368012,-2.7631612,2.7631612,1.0873909,-0.44144154,-0.36903754,-0.9499793,1.0166501,1.5500876,-0.10319311,1.8602462,0.64256346,2.2887063,2.2606854,1.1758064,-0.58778524,-0.809017,0.5,0.8660254,0.0
2026-02-05 00:00:00,2.0,0.3650788,0.21214782,0.42434132,0.99526054,2.0304205,2.2216604,1.8274618,0.4887544,0.4609527,-0.14247474,-0.7518713,1.4526118,2.0379295,1.966348,1.7994251,2.011285,1.5518055,0.9784193,1.247551,1.9628775,1.8521539,2.293096,1.5522937,-1.9638324,1.9638324,0.7687419,0.6773098,0.22575805,-0.91921574,1.9786062,2.069429,0.7232582,1.8452193,1.197641,0.5483856,2.1891026,0.971785,-0.58778524,-0.809017,0.5,0.8660254,0.0
2026-02-12 00:00:00,2.0,0.0015103089,0.24248488,0.23167242,1.0832413,0.36116078,0.9971347,-0.5885924,-1.2750612,0.32278344,-0.14320189,-0.71445715,1.1753181,1.9153025,1.8553743,1.9234031,2.0963163,1.5703379,0.68165237,1.2157637,1.8487369,1.7574295,2.1592047,0.8624355,-1.8505006,1.8505006,0.6232861,-0.12363813,0.22611494,-0.8935746,1.9531734,1.9423634,0.69858694,1.7021141,-0.5132747,0.86018807,2.0510464,0.92414397,-0.58778524,-0.809017,0.8660254,0.5,0.0
2026-02-19 00:00:00,2.0,0.3205131,0.3384988,-0.88516974,1.8370789,0.2226214,0.5430868,-0.39259246,0.41792664,0.096350566,-0.26690823,-0.82408255,0.89174956,2.0501997,2.0130858,2.002812,0.8396204,1.7595146,1.5776389,1.3075039,1.7924901,1.8654466,2.2700772,0.5878362,-2.0402844,2.0402844,-0.685636,0.68184286,0.24670108,-0.81468856,0.7963965,1.8417319,0.7819458,1.8000588,0.6273358,0.33434272,2.2411735,1.2315919,-0.58778524,-0.809017,0.8660254,0.5,0.0
2026-02-26 00:00:00,2.0,0.17778102,0.6224688,1.836968,-1.2299588,-0.7716395,-0.33658212,-0.63763076,-0.62606275,-0.3715247,-0.582078,-1.0640032,0.29099375,2.0660596,2.0407634,2.084741,1.1765707,2.221956,1.4375721,1.2184274,1.666795,1.9401191,2.3086882,-1.025375,-1.932296,1.932296,-1.1485572,1.2867868,0.008689311,-0.7296717,0.49104428,1.94078,0.76758516,1.8840202,1.197641,0.22349507,2.1143188,1.1759242,-0.58778524,-0.809017,0.8660254,0.5,0.0
2026-03-05 00:00:00,2.0,2.859325,1.2336286,-0.1913532,-0.7587925,3.0,2.830239,3.0,0.46059152,1.368939,0.44716716,-0.6975045,2.8186321,3.0,3.0,2.1901734,2.2889283,3.0,3.0,2.45312,2.5626163,2.9597063,3.0,1.7731704,-1.7785021,1.7785021,1.153768,2.4944913,1.9209999,-0.48362157,2.381751,2.5884867,0.7082338,2.79095,1.7679462,1.9581686,1.9491855,-0.3068663,-0.58778524,-0.809017,0.8660254,0.5,0.0
2026-03-12 00:00:00,5.0,2.417167,0.4858137,1.9977617,-1.094454,3.0,2.6022284,0.33737752,1.624717,3.0,3.0,1.631893,3.0,3.0,3.0,1.8250518,3.0,3.0,3.0,2.8246224,2.6571348,2.5562499,3.0,1.7585976,-0.61904573,0.61904573,1.1685889,2.895872,3.0,-0.6510518,3.0,3.0,0.6958796,2.3043618,2.3382516,2.635033,0.71324575,-0.9399099,-0.58778524,-0.809017,1.0,6.123234e-17,0.0
2026-03-19 00:00:00,5.0,2.81096,1.4259832,-0.18584818,-1.2058208,0.9848188,0.35908386,-1.133611,2.348393,3.0,2.9339044,1.2559857,3.0,3.0,3.0,2.4297683,3.0,3.0,3.0,3.0,2.5399175,3.0,3.0,1.6392387,-1.6109135,1.6109135,0.8352987,2.6083171,3.0,-0.38585985,3.0,2.629668,0.88417584,2.9301555,2.675854,3.0,1.793588,-1.9404701,-0.58778524,-0.809017,1.0,6.123234e-17,0.0
