date,regime,log_return,body_ratio,upper_wick_ratio,lower_wick_ratio,range_zscore,volume_zscore,volume_delta,gap,atr7_norm,atr14_norm,atr28_norm,atr_ratio,rsi14,rsi28,macd_hist,roc_5,roc_10,roc_20,roc_60,bb_position,dist_sma20,dist_sma50,range_percentile,corr_index,dow_sin,dow_cos,month_sin,month_cos,quarter_end_flag
2015-09-17 00:00:00,5.0,1.2147248,1.7591406,-0.7415299,-0.05285911,-0.4708429,-0.86348873,-1.1748568,0.24969657,0.21237315,0.85595614,1.4064776,-1.0852122,1.3070648,0.89059806,1.5417285,0.8706659,1.1313853,0.13390382,-0.9305386,1.7947147,1.5483104,0.93390936,0.36633983,0.61637765,0.58778524,-0.809017,-1.0,-1.8369701e-16,0.0
2015-09-18 00:00:00,5.0,0.17949525,0.624524,-0.07923696,1.9233028,-0.70851344,-0.094880745,0.8939828,-0.15359691,-0.11066069,0.5568259,1.1648444,-1.4959849,1.313919,0.9069361,1.946408,1.4335079,0.3552489,0.5475572,-1.0080194,1.9126693,1.6196787,0.8423537,-1.9647934,0.59859866,-0.58778524,-0.809017,-1.0,-1.8369701e-16,0.0
2015-09-21 00:00:00,5.0,-1.5064125,-0.7445015,-0.41249248,-0.1676781,-0.12412804,1.211453,1.1409173,-0.5533406,0.24654277,0.7569788,1.3320127,-0.9545602,0.5313658,0.28261408,1.6062621,0.59542114,0.76633525,-0.44065583,-1.479651,0.4647829,0.9020478,0.3558321,1.2231288,0.77150136,-0.95105654,0.309017,-1.0,-1.8369701e-16,0.0
2015-09-22 00:00:00,5.0,0.23167062,1.2799282,0.713826,-0.548557,-0.6092855,-1.2821652,-1.6975257,-0.74074876,0.00478212,0.5316108,1.140082,-1.2383362,0.5539687,0.31088787,1.5223975,0.73699325,0.9274983,0.42982998,-1.302721,0.5962142,0.9598021,0.304475,-1.6119962,0.6521039,0.0,1.0,-1.0,-1.8369701e-16,0.0
2015-09-23 00:00:00,5.0,-0.99699587,-1.0808234,-1.3187665,0.023918964,-0.28487316,-0.36331183,1.1453208,0.31272775,0.12954497,0.5795145,1.1803527,-1.0312804,0.03473301,-0.116956994,1.0781524,-0.5259584,-0.04986394,1.6596117,-1.3154358,-0.60403585,0.33073178,-0.08527086,0.8436607,0.11422551,0.95105654,0.309017,-1.0,-1.8369701e-16,0.0
2015-09-24 00:00:00,5.0,0.81496537,1.158181,1.2843368,-0.9280414,-0.4853839,-1.1521176,-0.97917193,0.37914726,0.003244742,0.41871816,1.0072467,-1.1026956,0.47065693,0.26616547,1.0099949,-0.7436399,0.11889962,1.6061679,-0.84240294,0.12044399,0.6258621,0.19205086,-0.4849722,0.24230619,0.58778524,-0.809017,-1.0,-1.8369701e-16,0.0
2015-09-25 00:00:00,5.0,-0.7490088,-1.2230233,-1.3047544,-0.23536484,-0.5704326,-0.8261818,0.09139115,-0.70180774,-0.09068473,0.3248705,0.942886,-1.2064161,0.04812764,-0.07920206,0.72551113,-1.2755541,0.14978896,1.3824407,-1.0870693,-0.70751005,0.048852198,-0.25480664,-1.6339324,0.8746946,-0.58778524,-0.809017,-1.0,-1.8369701e-16,1.0
2015-09-28 00:00:00,5.0,1.7556441,1.7541133,-0.2853026,-0.63827175,-0.47974008,-0.7973693,-0.19056658,1.9501251,-0.06310298,0.24047323,0.7843712,-0.99196976,1.1381562,0.8861908,1.0278738,0.59617704,1.1335608,0.78059494,-1.2425188,0.9992017,1.0354235,0.6264576,-1.3088999,0.3585801,-0.95105654,0.309017,-1.0,-1.8369701e-16,1.0
2015-09-29 00:00:00,5.0,-1.257099,-1.3687296,-0.71851814,-1.2616107,-0.19686957,-1.3069242,-0.85015035,0.06085303,0.06379534,0.31978783,0.85694414,-0.80547374,0.49824208,0.36243972,0.81234866,-0.26445362,0.448594,-0.5891884,-1.6120566,-0.5116954,0.34492373,0.081906535,0.73654497,0.5694282,0.0,1.0,-1.0,-1.8369701e-16,1.0
2015-09-30 00:00:00,5.0,0.6808039,1.6581417,0.47546214,-1.2574939,-0.28623864,-0.6281882,0.6791987,-1.0376396,0.007760036,0.23425703,0.74524313,-0.7918218,0.8255559,0.66991496,0.86453384,0.7065378,0.18032295,0.44958904,-1.236377,0.21869685,0.7094966,0.4093609,0.31793702,0.37573725,0.95105654,0.309017,-1.0,-1.8369701e-16,1.0
2015-10-01 00:00:00,5.0,1.2975051,1.6884953,-1.3282299,0.33083794,-0.44598112,-0.19275641,0.23511209,1.1130849,-0.15436587,0.061913174,0.5519669,-0.9079251,1.5207103,1.3350797,1.278535,0.98705214,0.24811009,1.3210834,-0.37114802,1.6588861,1.3981056,1.0048382,-1.5162859,0.8167898,0.58778524,-0.809017,-1.0,-1.8369701e-16,1.0
2015-10-02 00:00:00,5.0,1.3093137,0.9424236,1.9765568,-1.2537034,0.34722814,0.56928754,0.53758365,1.4380518,0.035551373,0.12602988,0.5175908,-0.48016956,2.1176,1.957434,1.7645528,2.116399,0.8936262,1.1714492,-0.11285755,3.0,2.0686908,1.7577425,0.51095945,0.8360475,-0.58778524,-0.809017,-0.8660254,0.5,0.0
2015-10-05 00:00:00,5.0,1.3733451,1.835613,-0.64299315,-0.83314383,0.5733801,0.3286199,-0.37457365,0.063370995,-0.030366115,0.037864525,0.38727406,-0.4632345,2.61266,2.5265253,2.3527539,1.8834904,2.3954644,2.8757691,0.2736236,3.0,2.599948,2.3665118,0.54781663,0.8175061,-0.95105654,0.309017,-0.8660254,0.5,0.0
2015-10-06 00:00:00,5.0,2.1499002,1.4664776,-0.8765449,0.22385733,1.0629673,0.34743282,-0.113426425,2.239174,0.115381904,0.07570273,0.31411278,-0.06732813,3.0,3.0,2.89925,3.0,3.0,3.0,1.1059681,3.0,3.0,3.0,1.0409728,0.9748293,0.0,1.0,-0.8660254,0.5,0.0
2015-10-07 00:00:00,5.0,1.2760289,1.0965868,-1.0438548,1.2534224,1.740169,-0.05875952,-0.4957467,0.6213758,0.18715817,0.104478866,0.2763024,0.13330871,3.0,3.0,3.0,3.0,3.0,3.0,1.5634948,3.0,3.0,3.0,1.1796311,0.94481057,0.95105654,0.309017,-0.8660254,0.5,0.0
2015-10-08 00:00:00,5.0,1.0820861,1.2873544,0.5838201,-1.0176022,1.5006957,1.8156986,1.6054448,-0.23387267,0.23465824,0.12962557,0.2484778,0.26834205,3.0,3.0,3.0,3.0,3.0,3.0,1.9765661,3.0,3.0,3.0,1.1401359,1.1014583,0.58778524,-0.809017,-0.8660254,0.5,0.0
2015-10-09 00:00:00,5.0,0.28501633,1.0479976,-0.89634824,1.1110635,-0.4156002,-0.6483261,-1.4702581,-0.6379992,0.017505324,-0.0032734375,0.14594127,-0.06069162,3.0,3.0,3.0,2.507094,3.0,3.0,2.1138453,2.4892352,2.994517,3.0,-0.270955,1.260333,-0.58778524,-0.809017,-0.8660254,0.5,0.0
2015-10-12 00:00:00,5.0,0.34804648,-0.20182347,1.5568757,-0.3194622,-1.0016586,-0.57189685,-0.078711405,0.9353813,-0.18659967,-0.14913896,0.02675016,-0.3563826,2.8275886,2.9894228,3.0,2.038503,2.8484883,3.0,2.3676388,2.1649709,2.8263896,3.0,-1.1371481,1.3076806,-0.95105654,0.309017,-0.8660254,0.5,0.0
2015-10-13 00:00:00,5.0,-0.69910973,-0.99375975,-0.11998022,-0.5671205,-0.30460095,-1.2154902,-0.83983356,-0.2864544,-0.2539164,-0.18991017,0.0119016655,-0.48550344,2.2625759,2.4939404,2.6211593,0.908341,2.7919106,2.8209436,2.184169,1.7156472,2.2721863,2.6201224,-0.13780035,1.1555295,0.0,1.0,-0.8660254,0.5,0.0
2015-10-14 00:00:00,5.0,-0.16973579,0.09362294,-0.35003456,2.3521817,-0.55464745,-0.8598769,0.18213448,-0.49323636,-0.36426947,-0.2808571,-0.059212785,-0.6454683,2.0313077,2.2631972,2.1926122,0.336795,2.4080799,2.3366396,2.0281801,1.4894911,2.0161357,2.4134283,-0.47903702,1.1494472,0.95105654,0.309017,-0.8660254,0.5,0.0
2015-10-15 00:00:00,5.0,-0.51233554,-0.22967118,1.0716342,0.16004016,-0.6437154,-0.9848388,-0.3890606,-0.91696036,-0.45345065,-0.3560451,-0.11017966,-0.7852801,1.6759524,1.954645,1.7017959,-0.3003814,1.8338927,1.8274003,1.8525053,1.2360699,1.671709,2.1288638,-0.8321797,1.1222697,0.58778524,-0.809017,-0.8660254,0.5,0.0
2015-10-16 00:00:00,5.0,0.27805263,-0.38857558,1.9727442,-1.1491797,-1.0846331,-0.7357828,0.03917799,0.89848626,-0.5298665,-0.44963786,-0.20818467,-0.84569836,1.6712713,1.9220419,1.3212521,-0.304311,1.5271329,1.8081962,2.133903,1.1872176,1.6493798,2.1199589,-1.5159779,0.9438766,-0.58778524,-0.809017,-0.8660254,0.5,0.0
2015-10-19 00:00:00,5.0,0.5244206,0.3751266,1.9962064,-0.63481176,-0.7489018,-1.0897878,-0.56717235,0.7578435,-0.54377973,-0.5076552,-0.29411852,-0.77873623,1.7414436,1.9604218,1.0585834,-0.2346029,1.2899486,2.2187176,2.3816347,1.18865,1.6762064,2.1657188,-1.066308,0.69133246,-0.95105654,0.309017,-0.8660254,0.5,0.0
2015-10-20 00:00:00,2.0,-0.73435026,-1.0241307,-0.09121131,-0.49048504,0.27268752,-1.4373283,-0.7177242,-0.16848983,-0.46793556,-0.46628138,-0.26343727,-0.63637906,1.3266448,1.6319546,0.6256478,-0.24999644,0.47810394,1.9157771,2.2239254,0.92312515,1.2003577,1.8240567,0.27340436,0.6192935,0.0,1.0,-0.8660254,0.5,0.0
2015-10-21 00:00:00,2.0,-0.060351692,0.02300369,-0.5367693,2.3084006,-0.8903448,-0.93617487,0.40957797,-0.19806233,-0.58890414,-0.5731856,-0.36123228,-0.79778826,1.2486364,1.5439272,0.28334418,-0.20786527,0.09813355,2.051901,2.3166244,0.82148284,1.0459815,1.7656541,-1.0854881,0.38609415,0.95105654,0.309017,-0.8660254,0.5,0.0
2015-10-22 00:00:00,2.0,0.5274697,0.5713173,0.5471223,0.33650383,-0.0064813774,-0.08049637,0.88773096,0.43193093,-0.5807011,-0.610668,-0.43777266,-0.69311154,1.3718827,1.6201867,0.08078197,0.21947266,-0.06448907,1.9354031,2.1622822,0.86078125,1.1033733,1.8431643,0.15161182,0.28565803,0.58778524,-0.809017,-0.8660254,0.5,0.0
2015-10-23 00:00:00,2.0,0.87574,1.6356777,-0.5651729,-0.95641625,-0.17033243,0.3019817,0.1595698,-0.07669428,-0.60499686,-0.6734761,-0.5448671,-0.62968916,1.5801568,1.774828,0.09406922,0.46452245,0.10866384,2.2010245,2.1072147,0.99612486,1.2827351,2.0152307,-0.027889527,0.26932475,-0.58778524,-0.809017,-0.8660254,0.5,0.0
2015-10-26 00:00:00,2.0,-0.026655551,-0.7287585,0.14608523,-0.07107716,-0.46026492,-0.6328721,-0.9064766,0.7251739,-0.6293544,-0.7112553,-0.6002254,-0.6260514,1.4933598,1.6822973,0.03540909,0.23740749,-0.0017131016,1.7948561,1.9246867,0.8965158,1.0963829,1.911913,-0.42717203,0.39811638,-0.95105654,0.309017,-0.8660254,0.5,0.0
2015-10-27 00:00:00,2.0,-0.3961117,-0.61241585,0.24190871,0.117364176,-1.1166128,-0.924674,-0.5120002,-0.42113224,-0.7244679,-0.7906177,-0.67260975,-0.77704203,1.2263936,1.4827572,-0.15623307,0.37732354,0.08899249,1.8998197,1.8976517,0.7053965,0.74914795,1.7423532,-1.3720714,-0.7782108,0.0,1.0,-0.8660254,0.5,0.0
2015-10-28 00:00:00,2.0,-0.4789987,-1.1414322,-0.64346886,-0.22660917,1.6040872,0.9180198,2.131435,1.2618114,-0.43160456,-0.59596276,-0.54691476,-0.2285771,0.9420363,1.2754109,-0.46622884,0.20588994,-0.0019255031,1.6333472,1.803009,0.45326912,0.3323335,1.4503305,1.0405778,-0.637031,0.95105654,0.309017,-0.8660254,0.5,0.0
2015-10-29 00:00:00,2.0,1.2235211,1.1640283,-0.8152379,0.40348858,1.2656249,0.46084785,-0.47517103,0.5235676,-0.29793134,-0.5294968,-0.5691318,0.10053751,1.3156872,1.5443119,-0.3904833,0.49668705,0.5190813,1.6081479,2.0580852,0.93605095,0.67576784,1.6568333,0.89583504,-0.73846453,0.58778524,-0.809017,-0.8660254,0.5,0.0
2015-10-30 00:00:00,2.0,0.08303182,0.2790496,-0.9113029,2.4746187,-0.13496418,2.4436867,1.7362864,-0.17569843,-0.35874525,-0.5616478,-0.6124707,0.0067589413,1.2932948,1.503378,-0.35878658,0.17239526,0.46062717,1.359381,1.8643396,1.0005513,0.57496876,1.6007524,0.09862907,-0.3320388,-0.58778524,-0.809017,-0.8660254,0.5,0.0
2015-11-02 00:00:00,2.0,-0.5988619,-1.1612409,-0.9935378,0.055610176,-0.19540055,-0.20536016,-1.4722334,0.15338105,-0.38779688,-0.56016994,-0.60484505,-0.07403602,0.9535986,1.2658572,-0.5147856,-0.06153038,0.12749903,0.97951317,1.9479574,0.56225044,0.22254142,1.3878158,0.11496833,-0.40804428,-0.95105654,0.309017,-0.8660254,0.5,0.0
2015-11-03 00:00:00,5.0,0.20293431,0.5735248,-0.84778315,1.7450206,-0.70091414,-0.8590968,-0.98538345,-0.18468763,-0.51453704,-0.655217,-0.7010975,-0.26087,0.99438214,1.2745304,-0.59891945,0.18463717,0.40664354,0.60268414,1.8449322,0.7346933,0.2502509,1.4021218,-0.8037043,-1.9653687,0.0,1.0,-0.5,0.8660254,0.0
2015-11-04 00:00:00,5.0,1.582076,1.6844507,-1.3591802,-0.31881925,1.6429908,0.9366957,2.592469,0.18445572,-0.35359472,-0.5855205,-0.73259646,0.14513569,1.4495397,1.6159213,-0.29034677,1.0370882,0.89768726,0.67244714,2.1145468,2.0524797,0.8497866,1.6498299,1.10477,-1.377175,0.95105654,0.309017,-0.5,0.8660254,0.0
2015-11-05 00:00:00,2.0,-0.16644588,-0.089422114,2.5859842,-1.0208526,-0.20122026,1.0894612,-0.22743878,-0.27204892,-0.44030586,-0.6332998,-0.77474344,-0.013442667,1.3300389,1.5113106,-0.17260534,0.4625583,0.6904464,0.4254035,2.0925598,1.5461255,0.74615455,1.5401924,-0.27906066,-1.4886249,0.58778524,-0.809017,-0.5,0.8660254,0.0
2015-11-06 00:00:00,2.0,-1.2465545,-0.49831128,0.10965773,0.49347067,-0.54594785,-0.12178261,-0.914198,-2.2801523,-0.27025503,-0.47514573,-0.6204291,0.18389973,0.6841321,1.0767123,-0.44657034,-0.096207485,0.054926876,0.111934125,1.6685618,0.44175825,0.16300422,1.1076027,-0.68752164,-1.4717468,-0.58778524,-0.809017,-0.5,0.8660254,0.0
2015-11-09 00:00:00,2.0,-0.43404892,-0.4296927,1.1755763,-0.44451654,-0.085021496,-0.042061836,-0.12054017,-0.43572974,-0.34109306,-0.5040507,-0.6346648,0.035835024,0.4770204,0.9191099,-0.738056,-0.034908254,-0.06945372,-0.048693467,1.5271137,0.08746393,-0.020013949,0.96077347,0.042790245,-1.2960601,-0.95105654,0.309017,-0.5,0.8660254,0.0
2015-11-10 00:00:00,2.0,-0.43301702,-0.63914657,1.3959897,-1.1633456,-0.28549558,-0.59305066,-0.6594689,-0.21360134,-0.41632128,-0.5458125,-0.66148657,-0.10809643,0.27699575,0.7687642,-1.0352626,-0.30071354,-0.08484146,0.0030777697,1.470806,-0.27928856,-0.21614207,0.82499254,-0.5027383,-1.0160252,0.0,1.0,-0.5,0.8660254,0.0
2015-11-11 00:00:00,2.0,-0.019028468,-0.8026386,-0.07499783,-0.003241963,-1.4362247,-0.5378899,-0.12686664,0.501987,-0.6439222,-0.7207935,-0.81336856,-0.4675918,0.2514443,0.73901117,-1.2545776,-0.9627837,0.05127271,0.033968106,1.4390819,-0.29930666,-0.24529831,0.81323516,-1.7481297,-0.9834152,0.95105654,0.309017,-0.5,0.8660254,0.0
2015-11-12 00:00:00,2.0,-0.51696897,-1.410138,-0.8476737,-0.59333736,-0.82765806,-0.7254771,-0.38887167,0.17986035,-0.7209398,-0.7903852,-0.8714291,-0.59254915,0.005977606,0.56592965,-1.4918036,-1.1003247,-0.4754108,0.030611252,1.3842354,-0.75139624,-0.5170717,0.6445624,-1.1129404,-1.0115665,0.58778524,-0.809017,-0.5,0.8660254,0.0
2015-11-13 00:00:00,2.0,-1.1931366,-1.410472,-0.37058026,-1.0850475,0.42468205,0.030880826,0.7231527,-0.52921635,-0.5731834,-0.6792311,-0.7597969,-0.37500077,-0.47876784,0.21587218,-1.8103174,-1.077487,-0.87068677,-0.28388563,1.2396352,-1.495639,-1.0577339,0.2704244,0.5410474,0.021947239,-0.58778524,-0.809017,-0.5,0.8660254,0.0
2015-11-16 00:00:00,2.0,-0.30407062,-0.17668758,0.42116007,0.8522685,-0.41105053,-0.4018151,-0.52593213,-0.49396515,-0.59049046,-0.7032855,-0.79199225,-0.38968545,-0.6098473,0.1121234,-2.0124204,-1.0191476,-0.78445846,-0.4595161,1.0913776,-1.416503,-1.1654829,0.1424725,-0.52957046,-0.23269303,-0.95105654,0.309017,-0.5,0.8660254,0.0
2015-11-17 00:00:00,5.0,0.45775673,1.2722192,0.4529179,-1.152231,0.04425464,-0.33340323,-0.062064424,-0.75397134,-0.5735602,-0.722542,-0.8561539,-0.2997391,-0.40281966,0.23030958,-1.9264301,-0.6579711,-0.7086954,-0.21048637,1.4188049,-1.0508152,-0.9412012,0.22838122,0.23861933,0.083973,0.0,1.0,-0.5,0.8660254,0.0
2015-11-18 00:00:00,5.0,1.1249439,0.29069114,-0.08279462,1.5460314,-1.6494855,0.03423485,0.19022356,2.3919733,-0.537713,-0.7311339,-0.9257498,-0.15409891,0.09141878,0.54104334,-1.5730287,-0.23903112,-0.9014709,0.022679366,2.1546996,-0.41480398,-0.44813094,0.50134397,-1.6858058,-0.5198421,0.95105654,0.309017,-0.5,0.8660254,0.0
2015-11-19 00:00:00,5.0,0.37991673,1.3177698,-0.44409746,-0.43000862,0.49435282,0.19839358,-0.06906705,-1.238065,-0.48624292,-0.70233136,-0.929713,-0.029329335,0.26062194,0.650605,-1.2298485,0.14005058,-0.75672203,-0.0139188785,2.031966,-0.16086969,-0.2713529,0.57494175,0.61538565,0.0036022195,0.58778524,-0.809017,-0.5,0.8660254,0.0
2015-11-20 00:00:00,5.0,0.20439008,0.31106907,1.3476098,0.059351534,-0.79743946,-0.13748583,-0.41379485,0.1734361,-0.59488976,-0.7816921,-1.0079165,-0.20653707,0.3713708,0.7234241,-0.96388274,0.7902008,-0.30519912,-0.16728918,2.0814247,0.02479021,-0.14999767,0.62993574,-0.99992007,-0.5581287,-0.58778524,-0.809017,-0.5,0.8660254,0.0
2015-11-23 00:00:00,5.0,-0.5644702,-1.0403949,-0.64770794,0.08157737,-1.3461897,0.074180506,0.0068686116,-0.38076583,-0.72262573,-0.86537224,-1.0615008,-0.47777998,0.09656309,0.5429397,-0.8686242,0.71422654,-0.32564336,-0.27625054,1.488315,-0.25876462,-0.4031864,0.45505545,-1.509047,-0.45826018,-0.95105654,0.309017,-0.5,0.8660254,0.0
2015-11-24 00:00:00,5.0,-0.117919505,0.9669805,0.3663007,-0.347445,0.9574659,-0.2455442,-0.34724292,-1.9905404,-0.5368742,-0.7411177,-0.9721317,-0.10215393,0.045881163,0.49780476,-0.7547278,0.45412803,-0.21291406,-0.21159525,1.232807,-0.29018763,-0.4265843,0.3518385,1.1103002,-0.4827491,0.0,1.0,-0.5,0.8660254,0.0
2015-11-25 00:00:00,5.0,0.60177517,1.1816828,-0.8402517,0.2776816,-0.2749805,0.2301888,0.12044151,-0.21938807,-0.5757015,-0.7792009,-1.0280704,-0.13576862,0.3509565,0.67428935,-0.5536771,0.2096755,-0.03662392,0.014870874,1.5119079,0.07394811,-0.12467119,0.49735197,-0.33632797,-0.58076817,0.95105654,0.309017,-0.5,0.8660254,0.0
2015-11-26 00:00:00,4.0,-0.06890034,-0.11954832,0.2891044,1.3044839,-0.9332387,0.28563562,-0.15314077,0.015747609,-0.66449976,-0.84105825,-1.0780872,-0.31661108,0.33999464,0.6563746,-0.41869667,0.020905104,0.1257319,-0.29003528,1.5428652,0.09509127,-0.11030181,0.47117534,-1.0192577,-1.2736752,0.58778524,-0.809017,-0.5,0.8660254,0.0
2015-11-27 00:00:00,4.0,0.39207223,1.259811,-0.3487228,-0.50074565,-1.5858823,-1.6364995,-1.0638257,-0.18504235,-0.89144874,-0.993644,-1.194893,-0.6544852,0.5483427,0.7720523,-0.23093684,0.08404643,0.6632667,-0.23594807,1.336843,0.37419978,0.16112469,0.60412914,-1.6795294,-1.2889949,-0.58778524,-0.809017,-0.5,0.8660254,0.0
2015-11-30 00:00:00,4.0,-0.5645561,-0.54349506,-0.16185386,0.952331,-2.137471,-1.4694542,-0.21633826,-0.84813493,-1.2456026,-1.1846113,-1.2997715,-1.2265795,0.2600788,0.5993261,-0.20392877,0.11131757,0.6324427,-0.20184545,1.600184,0.10741231,-0.069089495,0.441007,-1.674823,-1.459157,-0.95105654,0.309017,-0.5,0.8660254,0.0
2015-12-01 00:00:00,4.0,-0.3159451,0.15280154,1.5445062,0.109089375,-0.9911376,1.8446513,2.1590252,-0.71235687,-1.5680674,-1.3491641,-1.3872415,-1.5595243,0.11937857,0.5094746,-0.24495646,0.045584604,0.38736922,-0.3179842,1.5582598,-0.004622019,-0.17228545,0.3295062,-1.272649,-1.3168353,0.0,1.0,-0.5,0.8660254,0.0
2015-12-02 00:00:00,4.0,-0.21648124,-0.6781881,-0.41994745,0.8811954,-1.1852621,-1.3765378,-1.3054545,0.14983013,-1.9491323,-1.5413799,-1.4881817,-1.8940568,0.030286537,0.44785574,-0.30884144,-0.27960685,-0.043765713,-0.77397406,1.4041021,0.024263628,-0.1564534,0.23492134,-1.4504209,-1.2559218,0.95105654,0.309017,-2.4492937e-16,1.0,0.0
2015-12-03 00:00:00,4.0,-0.47439107,-0.25937864,1.337436,0.098365664,-0.78626376,0.92710274,1.1072552,-0.6962245,-2.138151,-1.6666346,-1.5410329,-1.8803116,-0.2367786,0.28608295,-0.4494164,-0.4277689,-0.29894158,-0.8336337,1.2632629,-0.12425502,-0.30584177,0.027678484,-1.108045,-1.2401533,0.58778524,-0.809017,-2.4492937e-16,1.0,0.0
2015-12-04 00:00:00,5.0,-2.047773,-1.708044,-0.8594448,-1.1851082,2.3658092,2.158908,0.37510252,-0.58902806,-1.2087159,-1.2635604,-1.242872,0.03523951,-1.3116761,-0.4239923,-0.92893255,-1.3649126,-0.9323918,-0.9392343,1.1220986,-1.4747578,-1.3476826,-0.76513755,1.46389,0.24794745,-0.58778524,-0.809017,-2.4492937e-16,1.0,0.0
2015-12-07 00:00:00,5.0,-1.3777391,-1.00553,0.13627018,-0.49766582,2.9153378,1.5512013,-0.31964436,0.030450309,0.2982654,-0.56299037,-0.8190987,2.0822153,-1.8191724,-0.86776155,-1.2988774,-1.6503752,-1.1453865,-1.1339389,0.95411885,-1.9426222,-1.7173939,-1.1438392,1.7293725,-2.4984508,-0.95105654,0.309017,-2.4492937e-16,1.0,0.0
2015-12-08 00:00:00,2.0,-1.8314195,-1.4459983,-0.6235415,-0.82647556,0.87074435,0.56802386,-0.49369028,-1.2418537,0.89775014,-0.13011277,-0.5070725,2.263661,-2.310767,-1.4135897,-1.731572,-2.159455,-1.6347866,-1.436408,0.7089751,-2.1841981,-2.2586222,-1.6566535,0.93681234,-2.1449535,0.0,1.0,-2.4492937e-16,1.0,0.0
2015-12-09 00:00:00,2.0,0.007038839,0.49326053,0.38961324,0.58645046,1.0602654,1.7741107,0.45798978,-1.0279491,1.136853,0.10852367,-0.37904572,2.241666,-2.2050264,-1.4215626,-1.8421881,-2.0085301,-1.7694532,-1.4360842,0.53837276,-1.7261703,-1.9833298,-1.6160425,1.0968372,-2.191941,0.95105654,0.309017,-2.4492937e-16,1.0,0.0
2015-12-10 00:00:00,2.0,0.39270344,0.30820322,0.86064196,0.5643374,0.9948952,0.7851434,-0.48541254,0.23271403,1.2734089,0.30511147,-0.28524405,2.1883984,-1.8710636,-1.2615746,-1.7168918,-1.6678097,-1.6044937,-1.2058405,0.4121372,-1.3328737,-1.6283587,-1.4734857,1.1355882,-2.4166384,0.58778524,-0.809017,-2.4492937e-16,1.0,0.0
2015-12-11 00:00:00,2.0,0.06257885,-0.22452772,0.7352936,0.67930955,-0.764877,-0.15518035,-0.53091794,0.3534486,0.36132357,-0.059076395,-0.44176084,1.1358019,-1.7611647,-1.2373998,-1.6354973,-0.9507371,-1.6608492,-0.8587252,0.40120715,-1.1591501,-1.5723768,-1.5210394,-1.0442312,-2.901903,-0.58778524,-0.809017,-2.4492937e-16,1.0,0.0
2015-12-14 00:00:00,2.0,-2.0098357,-1.5520339,-0.88828975,-0.92801636,1.2454562,0.28318575,0.08975505,-0.5824532,1.1945821,0.60259104,0.015804138,1.6088326,-2.1987073,-1.7897309,-1.6289567,-1.1616795,-1.9845538,-1.2280593,0.36177665,-1.500941,-2.077126,-1.9508818,1.3700258,-1.576412,-0.95105654,0.309017,-2.4492937e-16,1.0,0.0
2015-12-15 00:00:00,2.0,-1.3524418,-1.499951,-0.7935799,-1.0073204,0.4672337,1.4458991,0.42778766,0.040105425,1.3202952,0.89404565,0.28690425,1.4477652,-2.3503118,-2.0942466,-1.7157726,-0.98807013,-2.168618,-1.6430314,0.11385875,-1.5166261,-2.3009539,-2.2037406,0.6423575,-2.2317011,0.0,1.0,-2.4492937e-16,1.0,0.0
2015-12-16 00:00:00,2.0,1.2851844,1.4897583,-0.24352896,-1.1904732,0.04294828,1.5302725,-0.033177827,0.31211004,1.0722086,0.7758541,0.17732044,1.2722088,-1.6463656,-1.6024828,-1.4884565,-0.55053115,-1.7549257,-1.6065549,0.5181307,-1.0782105,-1.6950194,-1.8371572,0.09325394,-1.3777318,0.95105654,0.309017,-2.4492937e-16,1.0,0.0
2015-12-17 00:00:00,5.0,0.35885233,0.115272366,2.585875,-0.7900901,-0.5479325,0.46786535,-0.55984235,0.67798775,0.65546334,0.5741219,0.086673275,0.8318995,-1.4407549,-1.4750572,-1.2293129,-0.56243014,-1.5313517,-1.5897223,0.4423683,-0.8929075,-1.4499149,-1.7305478,-0.67040896,-1.4447595,0.58778524,-0.809017,-2.4492937e-16,1.0,0.0
2015-12-18 00:00:00,2.0,-0.023127194,-1.4944334,-1.0098022,-0.66356504,-0.8029641,-0.3272492,-0.5003462,1.5417962,-0.06373206,0.14087938,-0.11033467,0.03673176,-1.4245203,-1.5098639,-1.0139766,-0.59795433,-1.0579149,-1.6111752,0.606382,-0.8181678,-1.3763267,-1.77738,-1.13714,-1.6937649,-0.58778524,-0.809017,-2.4492937e-16,1.0,0.0
2015-12-21 00:00:00,2.0,-0.18373275,0.3561567,1.5367348,-0.26503047,-0.11595332,1.8201556,1.1286007,-0.9235657,-0.12818602,0.08519758,-0.112697974,-0.05572873,-1.4365617,-1.5589169,-0.78677464,0.031323534,-0.7765127,-1.5014404,0.24323654,-0.76714814,-1.301257,-1.7747961,-0.29144529,-1.8078182,-0.95105654,0.309017,-2.4492937e-16,1.0,0.0
2015-12-22 00:00:00,5.0,-0.7078978,-0.82021743,1.0137879,-1.1847963,0.14949644,-0.9562549,-1.2462654,-0.04400091,0.02816064,0.22180572,0.034636956,0.03552489,-1.5790522,-1.7579979,-0.65253776,0.27127287,-0.49976408,-1.6069102,0.40946475,-0.82752925,-1.374094,-1.8932345,0.24504252,-1.8817071,0.0,1.0,-2.4492937e-16,1.0,0.0
2015-12-23 00:00:00,5.0,1.5102575,0.9435431,-1.2257154,1.2979069,-0.5838522,-1.2340719,-0.4083573,2.1885712,-0.03492933,0.04429585,-0.19367847,0.15389429,-0.8201023,-1.1344714,-0.29566038,0.32924202,-0.15691316,-1.4203984,0.60130864,-0.46574828,-0.7251261,-1.4489815,-0.89532626,-1.4606882,0.95105654,0.309017,-2.4492937e-16,1.0,0.0
2015-12-24 00:00:00,5.0,2.243332,1.9722433,-1.3027651,-1.13095,0.8907775,0.3148762,1.0248058,0.9009057,0.6475209,0.37029642,-0.19771089,1.1961685,0.07519134,-0.24028552,0.2795085,0.9751218,0.28165835,-0.9446975,0.8286044,0.104212336,0.15615954,-0.756929,1.1066699,-0.9043662,0.58778524,-0.809017,-2.4492937e-16,1.0,0.0
2015-12-29 00:00:00,2.0,0.7529887,1.2647114,-0.96614826,0.14946732,-1.4486144,-2.804153,-2.1987975,0.9929492,-0.23051931,-0.27307534,-0.65695894,0.2354247,0.33164763,0.04406753,0.7886194,1.2342906,0.44310564,-0.87086064,0.7019918,0.38371563,0.52308184,-0.5500996,-1.5749302,-0.93874365,-0.58778524,-0.809017,-2.4492937e-16,1.0,1.0
2015-12-30 00:00:00,2.0,-0.7921485,1.2579666,0.12261483,-0.9771113,-0.83944786,-0.7680473,3.0,-2.7554138,-0.2462519,-0.23284513,-0.55167633,0.10278595,0.04681912,-0.23994237,0.9897016,1.0265037,0.72930354,-0.9140287,0.116234854,0.28187826,0.32742837,-0.7494516,-1.1056243,-1.138081,0.95105654,0.309017,-2.4492937e-16,1.0,1.0
2015-12-31 00:00:00,4.0,-0.8485746,-1.2882438,-1.4411242,0.25323546,-1.2293354,-1.4204445,-0.7624822,-0.9303704,-0.5721102,-0.43633568,-0.6023018,-0.37332025,-0.22766815,-0.51639384,1.0195348,1.0229571,0.8679091,-1.0097982,-0.8307269,0.16062349,0.1354978,-0.9723697,-1.4283808,-1.0207893,0.58778524,-0.809017,-2.4492937e-16,1.0,1.0
2016-01-04 00:00:00,5.0,-0.123558894,-0.41118267,0.15454699,0.5945245,-1.2406499,-2.0691774,-1.3247647,-0.07920565,-1.3656918,-1.0981394,-1.0573089,-1.2832425,-0.2656927,-0.55515313,1.0592753,0.49484497,0.5484832,-0.9911975,-1.3360507,0.24813038,0.20304601,-1.0352232,-1.38587,-1.0061074,-0.58778524,-0.809017,-2.4492937e-16,1.0,1.0
2016-01-05 00:00:00,5.0,-0.96454966,-0.6203132,-0.4337885,0.6489684,0.22218095,0.1479496,3.0,-0.9191674,-0.8327414,-0.7342749,-0.7464512,-0.65840364,-0.56777376,-0.85227525,0.85103863,-0.74007237,0.2567622,-1.0786138,-1.9724016,-0.013877777,-0.06425251,-1.2420169,0.42751074,-0.81823826,0.0,1.0,0.5,0.8660254,0.0
2016-01-06 00:00:00,5.0,0.20779239,-0.0135856755,0.27564314,1.267068,0.11080922,-0.433473,-0.51901597,0.4482227,-0.6951425,-0.7165352,-0.7895249,-0.43092653,-0.5033397,-0.78681326,0.7567013,-1.0312043,0.32708701,-0.65641767,-2.001806,0.14511386,0.074664906,-1.1366711,0.19320706,-1.1485218,0.95105654,0.309017,0.5,0.8660254,0.0
2016-01-07 00:00:00,5.0,-0.6624237,-0.90814817,-0.901907,0.375939,1.3677541,0.14737117,0.18701628,0.7277323,0.204575,-0.000745652,-0.23262596,0.46883643,-0.7229002,-0.99386734,0.5658808,-1.0063031,0.22476831,-0.51616263,-2.237746,-0.17348549,-0.13620721,-1.2046766,1.4315064,0.13473064,0.58778524,-0.809017,0.5,0.8660254,0.0
2016-01-08 00:00:00,5.0,-0.85469234,0.26757476,-0.93246436,2.6066418,1.7267762,2.3716059,1.3615386,-2.1132898,1.9570979,1.5370033,1.0051975,1.9674358,-0.9746085,-1.2345762,0.31179383,-1.003107,0.20898075,-0.30054232,-2.1657941,-0.6128084,-0.38625324,-1.2189933,1.606647,0.35647136,-0.58778524,-0.809017,0.5,0.8660254,0.0
2016-01-11 00:00:00,5.0,-1.3985432,-1.8035454,-1.4163455,-1.2293246,0.6636466,0.7551814,-0.7123778,0.64954704,1.9328173,1.8444792,1.5343989,1.6378096,-1.3194599,-1.5831407,-0.025175719,-1.5181806,-0.6432847,-0.5843252,-2.3865557,-1.1919547,-0.8363192,-1.4574031,0.8490949,0.52689284,-0.95105654,0.309017,0.5,0.8660254,0.0
2016-01-12 00:00:00,5.0,0.021051142,-0.037174813,2.1162217,-0.82433325,0.030833697,0.53641534,-0.2916611,0.08494416,1.3594729,1.5174676,1.3952881,1.0338029,-1.2989649,-1.5470239,-0.23891062,-1.1026462,-1.3778526,-0.6677727,-2.1675808,-1.0395145,-0.80742973,-1.416635,-0.1411365,0.70767874,0.0,1.0,0.5,0.8660254,0.0
2016-01-13 00:00:00,5.0,-0.7155764,-0.47981837,1.3119924,-0.98508364,1.532217,1.146447,0.19154364,-0.034275196,2.0050595,2.1565955,2.0643933,1.4872421,-1.4434726,-1.6850827,-0.41321662,-1.4567492,-1.8409162,-0.8289267,-2.3387427,-1.1694468,-0.9451243,-1.4216754,1.4670409,0.38109887,0.95105654,0.309017,0.5,0.8660254,0.0
2016-01-14 00:00:00,5.0,2.2486968,1.1953988,0.2491342,-0.6328624,1.9669985,1.5764393,0.10316749,1.385626,2.659602,2.5868275,2.2175288,2.284105,-0.45612648,-0.83262736,-0.07404459,-0.24133493,-0.90862167,0.07820218,-1.904697,-0.19790228,-0.08294725,-0.8210481,1.6195911,-2.3717976,0.58778524,-0.809017,0.5,0.8660254,0.0
2016-01-15 00:00:00,5.0,1.9271573,1.4731735,-0.33281013,-0.8211613,2.4084017,1.6492915,-0.067363895,-1.2254318,3.0,3.0,2.63294,2.9492593,0.2613248,-0.14348736,0.45549673,0.9298959,-0.016437452,0.8226317,-1.2116675,0.630922,0.55366147,-0.34281597,1.6245213,-1.1301208,-0.58778524,-0.809017,0.5,0.8660254,0.0
2016-01-18 00:00:00,5.0,-1.3708336,-1.3617975,-1.2767447,-0.3041238,0.6762894,1.0704681,-0.3945533,0.50067,2.9913657,3.0,3.0,2.3509936,-0.19451313,-0.5619885,0.5585639,0.8874433,-0.4358368,0.222109,-1.5009286,-0.0924317,0.07156151,-0.5574738,1.1036391,-0.88534933,-0.95105654,0.309017,0.5,0.8660254,0.0
2016-01-19 00:00:00,5.0,0.46389282,0.67976844,0.7783021,0.025616394,0.62288064,0.3206868,-0.53655994,-0.49447235,2.574003,2.872097,2.827943,1.9327327,-0.03909975,-0.41098803,0.69087946,1.0714467,0.009549973,0.25525618,-1.5155444,0.103530124,0.224155,-0.4275593,1.1334337,-1.2102865,0.0,1.0,0.5,0.8660254,0.0
2016-01-20 00:00:00,5.0,0.41623756,-0.44261074,0.56017846,-0.04978229,0.11399644,0.7554326,0.12688218,1.8287069,2.0174742,2.4517543,2.5166934,1.3742949,0.10333701,-0.27806202,0.8364238,1.509988,0.08407213,0.38435373,-1.6322709,0.26574138,0.359975,-0.32714322,0.5975088,-1.1013455,0.95105654,0.309017,0.5,0.8660254,0.0
2016-01-21 00:00:00,5.0,-2.0448873,-0.77995676,-0.38246173,0.13590698,-0.045164134,1.285489,0.1668239,-2.6026843,2.485236,2.9276075,3.0,1.5196598,-0.56571245,-0.8957915,0.58916825,-0.29701462,-0.41507602,-0.120292224,-2.0343952,-0.7467562,-0.3637177,-0.66532904,0.37759688,-0.8974764,0.58778524,-0.809017,0.5,0.8660254,0.0
2016-01-22 00:00:00,5.0,2.1666887,1.607743,-0.88752353,-0.52660674,1.1203172,0.65513796,-0.44742692,0.16608088,2.3757863,2.6759002,2.746308,1.6319615,0.26773822,-0.09741311,0.7611452,-0.118994385,0.6134527,0.7483557,-1.3926754,0.31454548,0.435171,-0.18395655,1.3789544,-0.251612,-0.58778524,-0.809017,0.5,0.8660254,0.0
2016-01-25 00:00:00,5.0,1.5141436,0.4834978,0.8107559,0.40608442,-0.30550554,0.32446405,-0.33908525,2.5061898,2.0327816,2.336892,2.3815682,1.4110658,0.7771894,0.43646455,1.0784513,1.1580768,1.5572805,0.85800314,-0.9010933,1.073907,0.9770962,0.15652835,0.14303276,-0.011153467,-0.95105654,0.309017,0.5,0.8660254,0.0
2016-01-26 00:00:00,5.0,-0.26654142,-0.33525747,-1.1060339,2.0809352,-0.25365928,0.24217029,-0.21805398,0.045625303,1.4885353,1.9731387,2.1667728,0.7632521,0.669375,0.34001455,1.2245134,0.84151304,1.4428632,0.07283721,-1.2706792,0.95355594,0.8968337,0.12001707,0.21183398,-0.5627511,0.0,1.0,0.5,0.8660254,0.0
2016-01-27 00:00:00,5.0,0.95421547,1.5271076,-1.0761052,-0.16174327,1.3616514,-0.088409826,-0.3378373,-2.1260436,1.8164743,2.1140947,2.2231245,1.1742619,1.0003355,0.6841177,1.3466531,1.0922366,1.934122,0.1851145,-1.0619502,1.5741404,1.2457128,0.35121167,1.4458066,-0.27252758,0.95105654,0.309017,0.5,0.8660254,0.0
2016-01-28 00:00:00,2.0,0.91594386,1.1249319,-1.3497847,1.1260315,-0.0061876103,-0.18586904,-0.20832705,-0.07459166,1.4050602,1.7724012,1.9138129,0.7949099,1.2904984,1.0072827,1.5330962,2.276261,1.5390917,0.89207137,-0.6953595,2.0045476,1.5629625,0.5740873,0.80472934,0.035512503,0.58778524,-0.809017,0.5,0.8660254,0.0
2016-01-29 00:00:00,5.0,0.7768267,0.7338518,1.1412536,-0.76856226,0.88581467,1.0270981,0.58945614,-0.043979775,1.5167905,1.7923551,1.8982091,0.9562865,1.5203663,1.2763374,1.6313668,1.6504443,1.2059168,1.5531471,-0.5672811,2.1285796,1.7331011,0.76383096,1.2302458,0.18253723,-0.58778524,-0.809017,0.5,0.8660254,0.0
2016-02-01 00:00:00,5.0,1.0734595,0.13718547,-0.7155885,2.895387,-0.74126697,0.62265486,-0.32767037,1.95196,0.9635943,1.3503798,1.5025452,0.42465276,1.8460792,1.6602862,1.8244728,1.4496281,1.9404167,2.0590963,-0.73662335,2.3478436,2.090085,1.0767027,0.16602118,0.391288,-0.95105654,0.309017,0.5,0.8660254,0.0
2016-02-02 00:00:00,5.0,-1.1298801,-0.9573061,-0.9216597,0.37086615,1.6546645,0.42284167,-0.22125143,0.8417566,1.6640719,1.8812437,2.0392683,1.025077,1.291937,1.1932347,1.5636522,1.0806808,1.4261812,1.9031005,-0.9449828,1.6719669,1.4882884,0.81246984,1.3698919,-0.053431403,0.0,1.0,0.8660254,0.5,0.0
2016-02-03 00:00:00,5.0,-3.0,-1.118948,-0.9879248,0.013960419,0.9742665,2.2907367,0.65008366,-3.0,3.0,3.0,3.0,2.3425124,-0.20950247,-0.30379155,0.74912363,-1.1039668,-0.08107837,-0.007855866,-1.558099,-0.20751904,0.04688797,-0.050398994,1.2243519,0.28804478,0.95105654,0.309017,0.8660254,0.5,0.0
2016-02-04 00:00:00,5.0,-0.24663362,0.14442517,0.37558612,1.7512351,-0.6022134,-0.00694758,-0.74045944,-0.59978116,2.6411312,2.8831134,3.0,1.4406691,-0.2943877,-0.39619544,0.29828954,-1.5653782,0.45426685,0.111356914,-1.4802983,-0.31440964,-0.057915885,-0.09823654,0.35700998,0.14393252,0.58778524,-0.809017,0.8660254,0.5,0.0
2016-02-05 00:00:00,5.0,2.2875292,1.2712947,-0.34143907,-0.4327834,0.18262246,0.3544458,-0.06386499,2.0465455,2.3603876,2.5346649,2.68717,1.4349786,0.5724769,0.5320123,0.29027966,-0.78053683,0.6342482,1.5599475,-0.7793566,0.73356545,0.7005828,0.48854503,0.9372718,-0.048176266,-0.58778524,-0.809017,0.8660254,0.5,0.0
2016-02-08 00:00:00,5.0,0.03614571,0.20743968,1.1009517,0.72138715,-0.95174456,-1.6839149,-0.86317897,-0.15177485,1.6713033,2.0762916,2.35021,0.6625491,0.56535405,0.5345669,0.27417898,-1.1826472,0.15859118,2.0184844,-0.7619292,0.6507148,0.646223,0.5275585,-0.044928342,-0.26118347,-0.95105654,0.309017,0.8660254,0.5,0.0
2016-02-09 00:00:00,5.0,-0.73269457,-1.0264982,-1.2207396,0.58627677,-0.05390009,-1.4451028,-0.061759688,0.53161097,1.5471258,2.0030513,2.3424208,0.40877482,0.26659933,0.23330456,0.14257315,-1.0792533,-0.036180004,1.6236737,-0.816209,0.1671195,0.30386207,0.36271566,0.85011226,-0.071116954,0.0,1.0,0.8660254,0.5,0.0
2016-02-10 00:00:00,5.0,-1.0793229,-1.3734034,-0.24427484,-1.3045816,-0.56954765,-0.80660254,0.15269004,0.16114904,1.3496478,1.8924187,2.319712,0.04766255,-0.12830256,-0.17946455,-0.11419842,0.12977521,-0.753947,1.3322848,-0.78844595,-0.55795807,-0.17443044,0.09398273,0.49000418,0.070584916,0.95105654,0.309017,0.8660254,0.5,0.0
2016-02-11 00:00:00,5.0,-0.4687446,-0.76736116,-0.3249611,0.29754153,-0.93697244,-1.0469888,-0.3382133,0.19240403,1.0270705,1.6507607,2.1465044,-0.36904904,-0.30379105,-0.3596688,-0.37241736,0.017508095,-1.2168956,0.32043654,-0.82663864,-0.8348266,-0.4118779,-0.02819513,-0.082904145,1.4411922,0.58778524,-0.809017,0.8660254,0.5,0.0
2016-02-12 00:00:00,5.0,-2.3144684,-1.3663026,-0.79331994,-0.8485882,-0.6992116,-0.32144517,0.16841461,-2.291853,1.6699206,2.121503,2.597621,0.08651747,-0.96449125,-1.1057577,-0.8292138,-2.1715374,-2.2801473,-1.4898366,-1.5201682,-1.6713554,-1.1971503,-0.5868161,0.07346987,1.2362541,-0.58778524,-0.809017,0.8660254,0.5,0.0
2016-02-15 00:00:00,5.0,2.6507,1.8371316,-1.2040132,-1.0281429,0.46410513,0.2298316,0.049725078,1.6828965,1.6855773,1.9000902,2.181416,0.48658663,0.10058911,0.0008271956,-0.63599473,-0.82146525,-1.5172446,0.35947567,-1.0556306,-0.35937607,-0.12356307,0.22778404,0.87037796,1.777237,-0.95105654,0.309017,0.8660254,0.5,0.0
2016-02-16 00:00:00,5.0,0.11977075,-1.3987638,-1.1289284,-0.6434778,-1.5352532,-1.2328353,-0.73757833,1.5847715,0.9866679,1.4467144,1.8485777,-0.31755486,0.12619644,0.033570625,-0.5383634,-0.42165086,-1.1223942,0.25449103,-1.1202533,-0.302391,-0.12692581,0.2650163,-0.93301153,2.0297046,0.0,1.0,0.8660254,0.5,0.0
2016-02-17 00:00:00,5.0,0.5911813,-0.3399865,1.033249,-0.17149268,-0.17445387,0.070705816,0.575606,1.8043853,0.89447796,1.3035862,1.6841223,-0.33413824,0.3459284,0.27288747,-0.30708197,0.38262925,0.38424045,0.41005892,-1.0233881,-0.019499904,0.10924136,0.47801733,0.45107278,1.9803689,0.95105654,0.309017,0.8660254,0.5,0.0
2016-02-18 00:00:00,5.0,1.3756883,1.714876,-0.94209146,-0.9763008,0.19369517,0.093363374,-0.19608812,-0.293162,0.74104846,1.0839902,1.4167917,-0.33176717,0.86675054,0.8531959,0.10447816,1.3156918,1.0025059,1.8394859,-0.5079726,0.6135799,0.6454599,0.95557296,0.73879015,1.9043697,0.58778524,-0.809017,0.8660254,0.5,0.0
2016-02-19 00:00:00,5.0,-0.40760586,-0.099892244,-1.0843552,2.6581724,3.0,-0.67595327,-0.49763063,0.20636962,2.3479419,2.074492,2.0902061,1.4854265,0.67028636,0.6650913,0.2658228,2.1508193,0.045807224,0.81064427,-0.6061253,0.3451135,0.42639518,0.8042858,1.2525462,1.9777114,-0.58778524,-0.809017,0.8660254,0.5,0.0
2016-02-22 00:00:00,5.0,-0.1568961,-0.20288202,1.3393712,-0.17930816,-0.8328366,-1.7413627,-0.8422621,-0.062307414,1.5588472,1.6686845,1.848798,0.51007396,0.58576906,0.59034085,0.33714104,0.7578665,-0.028321922,0.15228441,-0.79142404,0.2540824,0.35946238,0.7707213,-0.74769145,1.7732598,-0.95105654,0.309017,0.8660254,0.5,0.0
2016-02-23 00:00:00,5.0,1.4228313,1.5912962,-0.3368666,-1.1866077,-0.69290894,-1.6730599,-0.42142108,0.8669521,1.1354527,1.3302311,1.5251298,0.17387985,1.1548556,1.2250347,0.60045034,1.4019618,0.794468,0.9855194,-0.35098827,0.9913974,0.9093218,1.2423825,-0.39643928,2.003468,0.0,1.0,0.8660254,0.5,0.0
2016-02-24 00:00:00,5.0,-1.0745636,-1.3190496,-0.95341814,-0.64801174,-0.7545405,-0.6202266,1.1510316,-0.5666913,0.8938167,1.245718,1.5506587,-0.31740883,0.6509907,0.73045284,0.5721577,0.569399,0.74343413,0.0644499,-0.78735316,0.3923207,0.46275514,0.9054707,-0.7528783,2.00293,0.95105654,0.309017,0.8660254,0.5,0.0
2016-02-25 00:00:00,5.0,-0.9901183,-1.0807534,-0.8403334,-0.17551135,-0.654139,0.12833956,0.3359131,-0.4895172,0.73842037,1.1886556,1.5794903,-0.68565416,0.23123498,0.2944818,0.35401332,-0.6123285,0.5088336,-0.8047581,-1.0240186,-0.12765148,0.060396522,0.55424154,-0.41049987,2.1547172,0.58778524,-0.809017,0.8660254,0.5,0.0
2016-02-26 00:00:00,5.0,0.43725878,0.005332651,1.8073834,-0.16032338,-0.76677364,-0.7590496,-0.66842026,0.9119216,0.39283493,0.9130569,1.3551916,-1.0928051,0.4073039,0.49198017,0.27033934,-0.18880865,1.5283169,-0.8687903,-0.8447813,0.15762721,0.28958973,0.7069908,-1.058559,2.0607545,-0.58778524,-0.809017,0.8660254,0.5,0.0
2016-02-29 00:00:00,5.0,1.1792008,1.287515,-0.31367552,-0.34366485,-0.81284326,-0.4777337,-0.009612001,0.9443748,0.1311039,0.6300555,1.0699372,-1.2908459,0.91120404,1.0561538,0.42357844,0.4963148,0.983533,-0.6423676,-0.39895073,1.0501705,0.8974321,1.1897001,-1.2128024,1.7557179,-0.95105654,0.309017,0.8660254,0.5,0.0
2016-03-01 00:00:00,2.0,0.23711224,1.2707882,-1.0848477,0.44754413,-1.0867105,-0.3688599,-0.1445872,-0.5790425,-0.41831538,0.24207665,0.7978789,-2.0404494,0.98414993,1.1522925,0.5684321,-0.092499025,1.0258133,-0.09187477,-0.21201776,1.328731,1.0578696,1.2940285,-1.7629725,1.5687006,0.0,1.0,0.8660254,0.5,0.0
2016-03-02 00:00:00,2.0,-0.051091876,0.036240563,1.4099758,0.53854996,-0.9189975,-1.1659088,-0.6382432,-0.1577884,-0.7851746,-0.057020098,0.59270257,-2.3963013,0.9136613,1.0845609,0.62874323,0.42508307,0.7770285,1.4790436,0.2820205,1.143141,0.97727954,1.2335202,-1.5532777,0.5595986,0.95105654,0.309017,1.0,6.123234e-17,0.0
2016-03-03 00:00:00,2.0,0.23801704,0.08328546,-0.64347005,2.7048879,-0.8103144,-0.55811083,0.1779592,0.39885813,-1.0368053,-0.33498254,0.3649607,-2.4776185,0.98890483,1.1600052,0.6947915,1.0534586,0.3420658,1.6684523,0.7574263,1.2026821,1.0474112,1.3081431,-1.44443,0.579433,0.58778524,-0.809017,1.0,6.123234e-17,0.0
2016-03-04 00:00:00,5.0,0.8836798,1.0865091,-0.19354162,-0.2365792,-0.19653973,1.0358047,0.6334484,0.32895625,-0.9685107,-0.46338132,0.16974533,-2.054042,1.3721596,1.5498309,0.89494246,1.292774,0.85215056,1.1220003,1.624101,1.7733961,1.5218692,1.6814915,-0.055209216,0.9051718,-0.58778524,-0.809017,1.0,6.123234e-17,0.0
2016-03-07 00:00:00,2.0,0.54169637,0.57255745,0.24188498,0.59796447,-0.43642437,-0.44445544,-0.67822576,0.47587627,-1.039652,-0.630155,-0.021835476,-1.9252342,1.5796161,1.7526401,1.1395564,0.9711154,1.1320531,1.3682523,1.821114,1.9201446,1.8004279,1.8951188,-0.77793425,1.1881249,-0.95105654,0.309017,1.0,6.123234e-17,0.0
2016-03-08 00:00:00,2.0,-0.2529026,0.13970897,-0.157043,2.0109208,-0.10112442,0.51606506,0.3070571,-0.6459725,-0.88676894,-0.60275024,-0.03506068,-1.5878137,1.3796077,1.5581911,1.1473916,0.7243034,0.47395656,1.5341179,1.5982065,1.5199007,1.5281829,1.6908159,0.15591721,1.0803206,0.0,1.0,1.0,6.123234e-17,0.0
2016-03-09 00:00:00,5.0,-1.1150607,-1.2065135,-0.9258467,-0.17232342,-0.024239449,0.26979542,-0.27501687,-0.40729922,-0.58386344,-0.4120826,0.12573375,-1.178979,0.6507096,0.9207122,0.7643135,0.15148436,0.45908317,1.4167358,1.1344808,0.6736743,0.72861165,1.0868942,0.36355084,1.2636751,0.95105654,0.309017,1.0,6.123234e-17,0.0
2016-03-10 00:00:00,2.0,0.15018101,1.3548558,-0.19872901,-0.9455166,-0.7821924,-0.11482144,-0.33488813,-0.756824,-0.92601043,-0.6748602,-0.09315231,-1.5387838,0.72564924,0.9834219,0.5588256,0.10485433,0.9506516,1.6534569,1.7079097,0.697393,0.7748241,1.1784642,-1.5742648,1.1899772,0.58778524,-0.809017,1.0,6.123234e-17,0.0
2016-03-11 00:00:00,2.0,-1.3229858,-1.4971509,-0.5578488,-1.138859,0.054695603,0.21610786,-0.052279275,-0.28422105,-0.62296426,-0.46897262,0.089945525,-1.1681086,-0.07691405,0.28768888,-0.0772608,-1.0984727,0.21949959,1.9879586,1.5248363,-0.48061734,-0.2615564,0.4919368,0.46031058,0.5862854,-0.58778524,-0.809017,1.0,6.123234e-17,0.0
2016-03-14 00:00:00,2.0,0.5170324,-0.03282506,1.5644649,0.23300405,-0.22988254,-0.4129936,-0.45775318,1.0835912,-0.59044385,-0.5140901,-0.023452442,-0.97798693,0.2280363,0.55062735,-0.3848563,-1.1043868,-0.08598014,1.0622308,1.3893472,-0.09247196,0.01653739,0.75301737,-0.521783,0.087134644,-0.95105654,0.309017,1.0,6.123234e-17,0.0
2016-03-15 00:00:00,2.0,-0.31181884,-0.33770242,-0.17453784,1.2132152,0.53449845,-0.56362486,-0.2568707,0.12246691,-0.17610122,-0.2602404,0.122296296,-0.4130409,0.009985408,0.3613894,-0.7015364,-1.127407,-0.3492971,0.8781131,1.1796936,-0.52226365,-0.276046,0.5672818,1.0107287,0.39455414,0.0,1.0,1.0,6.123234e-17,0.0
2016-03-16 00:00:00,2.0,-0.35981044,0.04972272,1.2644547,0.7953763,-1.0645812,-0.73686403,-0.3018305,-0.7560314,-0.68624634,-0.56000775,-0.06821287,-1.0719655,-0.25070882,0.1381851,-1.0908836,-0.71467906,-0.5017748,0.4486159,1.0616921,-0.9783011,-0.6472596,0.34881216,-1.8081301,0.3528768,0.95105654,0.309017,1.0,6.123234e-17,0.0
2016-03-17 00:00:00,5.0,0.80934983,0.7744726,0.84698266,-0.5179193,-0.30891982,-0.22246087,0.039959375,0.7344607,-0.69175035,-0.6448928,-0.2279037,-0.9027876,0.3307061,0.6129822,-0.9997779,-0.35787407,-0.22923611,0.19596648,1.4263749,-0.04008316,-0.014268761,0.79642504,-0.9917869,-0.17128853,0.58778524,-0.809017,1.0,6.123234e-17,0.0
2016-03-18 00:00:00,2.0,0.9006289,0.46100968,-0.94171065,1.7662429,1.9772451,0.051949576,-0.077311896,0.9116388,-0.34336495,-0.49801168,-0.24248932,-0.27279606,0.96831876,1.1600827,-0.56272405,0.83655006,-0.21605273,0.8865213,1.9391499,0.9567857,0.67572933,1.275848,1.0909421,-0.2658879,-0.58778524,-0.809017,1.0,6.123234e-17,0.0
2016-03-21 00:00:00,2.0,-0.27746242,-0.7337403,1.4797602,-1.194266,-1.3928857,1.1043466,0.2503155,-0.111785404,-0.8543624,-0.80167633,-0.44395757,-0.942747,0.7215106,0.9554794,-0.39068338,0.41277298,-0.6114284,0.8437856,1.4578174,0.5571425,0.4094637,1.1084445,-1.7064539,-0.3684504,-0.95105654,0.309017,1.0,6.123234e-17,0.0
2016-03-22 00:00:00,2.0,-0.074095815,0.36034182,1.3519762,0.021400731,-0.6547575,-1.7548369,-0.9602582,-0.4588125,-1.0621601,-0.9667799,-0.5888896,-1.163121,0.64658636,0.8825881,-0.29738703,0.5436829,-0.5239161,0.047826193,0.86062855,0.45943305,0.3559051,1.0142819,-1.2693831,-0.94523823,0.0,1.0,1.0,6.123234e-17,0.0
2016-03-23 00:00:00,2.0,0.46823025,1.0351847,-0.29274708,-0.013974319,-0.8285698,-0.7717613,0.35189956,0.111484036,-1.316364,-1.2055717,-0.8335316,-1.3788991,0.9965317,1.1534739,-0.03525066,0.9906412,0.24227962,0.8870034,0.86762196,0.8868668,0.77562493,1.269632,-1.5104098,-2.014722,0.95105654,0.309017,1.0,6.123234e-17,0.0
2016-03-24 00:00:00,2.0,-0.46211588,-0.8932247,-0.35255226,-0.060570974,-0.6899418,-1.6435483,-0.6580829,-0.18559588,-1.4177512,-1.3091024,-0.92764145,-1.4711287,0.55279917,0.81324077,-0.08584969,0.30883124,-0.050013356,1.1875054,0.90775895,0.26155236,0.20969309,0.9142229,-1.4530991,-1.3464257,0.58778524,-0.809017,1.0,6.123234e-17,0.0
2016-03-29 00:00:00,2.0,-0.27832034,0.10428846,-0.066781275,1.8471756,-0.67015475,-1.0989722,0.14466292,-0.6439693,-1.4465463,-1.3785522,-1.0191216,-1.4340712,0.29014516,0.6066394,-0.27875414,-0.34065178,0.47036085,0.80928195,1.012429,-0.20587914,-0.1601327,0.69352686,-1.498947,-1.3747622,-0.58778524,-0.809017,1.0,6.123234e-17,1.0
2016-03-30 00:00:00,2.0,-0.7659715,-1.1270618,-0.2211335,-0.68804115,0.68778294,-0.47229043,0.18624206,0.14606634,-1.1198064,-1.187059,-0.8932183,-0.9502085,-0.37004662,0.08963144,-0.784344,-0.6024943,-0.15842587,-0.29001346,0.7247235,-1.2236218,-0.90754056,0.11621757,0.24666639,-1.3085859,0.95105654,0.309017,1.0,6.123234e-17,1.0
2016-03-31 00:00:00,2.0,0.9858164,1.1788893,0.7104798,-1.2273054,0.35617095,0.20989183,0.40650794,0.42670226,-0.89803123,-1.1256297,-0.9893716,-0.46638712,0.46755922,0.72101235,-0.59518623,-0.025100105,0.4804454,0.13365036,1.3598416,0.12913918,0.08308931,0.7380734,-0.21474077,-0.99834,0.58778524,-0.809017,1.0,6.123234e-17,1.0
2016-04-01 00:00:00,2.0,-0.55209076,-0.9716153,0.7420305,-1.1280799,-1.0087572,-0.4481755,-0.59141254,-0.39284545,-1.1933101,-1.2993929,-1.1170099,-0.86600995,-0.015296427,0.33724424,-0.756268,-0.58553135,0.38717103,-0.16246496,1.0743444,-0.62368315,-0.4656949,0.33545592,-1.8158545,0.35117093,-0.58778524,-0.809017,1.0,6.123234e-17,1.0
2016-04-04 00:00:00,2.0,-0.6556573,-0.2723844,0.7014143,0.45638168,0.7290716,0.48175916,0.6244875,-0.8382123,-0.8634579,-1.079723,-0.96673566,-0.44823003,-0.55024284,-0.1028631,-1.102417,-0.69824266,-0.33985254,-0.7020411,0.9728636,-1.3555149,-1.0237882,-0.17423984,0.3913706,-0.13458186,-0.95105654,0.309017,0.8660254,-0.5,0.0
2016-04-05 00:00:00,2.0,0.08159073,0.5708825,1.441461,-0.55278444,-1.0002662,-1.5202179,-1.5772325,-0.27903193,-1.1875262,-1.3007792,-1.1825831,-0.83140963,-0.493425,-0.06696947,-1.2912043,-0.50415313,-0.7477899,-1.1779056,1.2134247,-1.1166434,-0.8933452,-0.16776437,-1.7423327,-0.24942836,0.0,1.0,0.8660254,-0.5,0.0
2016-04-06 00:00:00,2.0,-0.78133625,-0.45770475,1.1742053,-0.33472335,0.21655156,0.6780633,2.2635624,-0.95183516,-0.9866061,-1.14989,-1.0613799,-0.6099565,-1.1603627,-0.6226174,-1.6517681,-0.52278435,-0.9890182,-1.9323484,1.2544998,-1.8925581,-1.4915713,-0.7920988,-0.22321932,0.075876124,0.95105654,0.309017,0.8660254,-0.5,0.0
2016-04-07 00:00:00,5.0,0.2026869,-0.25470954,-0.33955,1.489545,-0.98233175,-0.56961685,-0.9866638,0.59280413,-1.293386,-1.3774841,-1.2982341,-0.96136636,-0.9985549,-0.5158953,-1.7874184,-0.9701547,-0.86959875,-1.6577433,1.3259091,-1.5099661,-1.2245802,-0.73639965,-1.6735429,0.17284696,0.58778524,-0.809017,0.8660254,-0.5,0.0
2016-04-08 00:00:00,2.0,-0.05603014,-0.53564245,0.98621154,-0.27373195,-0.91815066,-0.8665282,-0.44497976,0.26193294,-1.4928894,-1.5368125,-1.4686033,-1.2153993,-1.1425953,-0.63395375,-1.8396361,-0.6992076,-1.1658348,-1.0492632,1.484521,-1.3950201,-1.2755239,-0.9105434,-1.6085463,-1.0515981,-0.58778524,-0.809017,0.8660254,-0.5,0.0
2016-04-11 00:00:00,2.0,1.1374248,1.7661142,-0.9932145,-1.1908544,-0.40649366,-0.30800337,0.30423647,0.6827476,-1.3142623,-1.5050696,-1.594967,-0.80289465,0.21566384,0.3823529,-1.1327109,0.3327322,-0.35853872,-0.46973228,1.3406048,0.14187416,0.081037804,0.32439202,-0.87649506,-1.2987585,-0.95105654,0.309017,0.8660254,-0.5,0.0
2016-04-12 00:00:00,5.0,0.14980741,0.2565344,0.45611563,1.0059144,-1.0528092,-1.0844333,-0.7602213,0.10350321,-1.553611,-1.6710125,-1.7683268,-1.1825202,0.3815057,0.5041937,-0.61090803,0.3707289,-0.13913184,0.41505727,0.877026,0.29648453,0.22778186,0.5421183,-1.5864277,-1.2147791,0.0,1.0,0.8660254,-0.5,0.0
2016-04-13 00:00:00,5.0,0.49947745,1.1196107,-0.5133055,-0.192223,-0.08669417,-0.28874466,0.5259955,-0.058624938,-1.5038053,-1.6709468,-1.8352544,-1.0500617,0.9277532,0.95083135,0.052414343,1.0947235,0.5134407,0.39247254,1.4253622,0.90409267,0.80076736,1.1974965,-0.6874068,-1.3088086,0.95105654,0.309017,0.8660254,-0.5,0.0
2016-04-14 00:00:00,5.0,0.82328147,1.0845705,0.26861665,-0.7925042,-0.6749754,2.1789358,1.9449431,0.91769594,-1.3685524,-1.6160551,-1.8691338,-0.717897,1.7100229,1.6537355,0.8868815,1.421081,0.4181331,1.0496303,1.5929316,1.6766013,1.6454803,2.1295633,-1.4050628,-0.89424974,0.58778524,-0.809017,0.8660254,-0.5,0.0
2016-04-15 00:00:00,5.0,-0.7270207,-1.5496863,-1.0513277,-0.77339476,-0.061876565,2.167506,0.122529104,-0.092195846,-1.3166637,-1.542613,-1.7768565,-0.7098785,0.7689134,0.91914326,0.9981385,1.0496981,0.3349025,0.8382805,1.2067689,0.725096,0.6968971,1.2119285,-0.5652165,-1.0343211,-0.58778524,-0.809017,0.8660254,-0.5,0.0
2016-04-18 00:00:00,2.0,-0.32341754,-0.830271,-0.83377844,0.6748948,0.19353195,0.6450324,-0.97009206,0.1749876,-1.2359142,-1.4677218,-1.7060037,-0.5955024,0.4153911,0.63859075,0.84688956,0.23434795,0.52045417,0.17395476,1.6467925,0.34199664,0.31763017,0.8170021,-0.44043896,-1.1873939,-0.95105654,0.309017,0.8660254,-0.5,0.0
2016-04-19 00:00:00,2.0,-0.040862765,0.15635945,-1.1874878,2.4347987,3.0,1.2009645,0.3338051,-1.5695114,3.0,2.5029175,1.306843,3.0,0.38174057,0.5984472,0.14828692,0.12933098,0.45635307,-0.39233682,1.0196278,0.34628996,0.015322115,0.18678609,1.6864263,-1.5709908,0.0,1.0,0.8660254,-0.5,0.0
2016-04-20 00:00:00,2.0,0.7471282,0.9806504,-0.4598794,0.098916374,-0.13993205,1.0900176,-0.25154433,0.54837006,2.5905292,1.7600878,0.8840083,3.0,1.1791543,1.2795031,0.29484415,0.25190127,1.2332226,0.18616289,0.85034025,1.1381943,0.41757223,0.6120384,-0.4820763,-1.3541399,0.95105654,0.309017,0.8660254,-0.5,0.0
2016-04-21 00:00:00,2.0,0.049908426,0.760721,-0.63801616,0.6749453,-0.20603813,-0.1271052,-0.8931367,-0.4875784,1.4985983,1.1926268,0.56764925,1.8924481,1.2234689,1.3025616,0.41595215,-0.18162727,1.1499062,0.25839126,0.94616705,1.0954726,0.49501917,0.6922378,-1.1524953,-1.3389083,0.58778524,-0.809017,0.8660254,-0.5,0.0
2016-04-22 00:00:00,2.0,0.49999532,1.0911639,0.26519397,-0.7460511,-0.26657742,0.6295715,0.52783024,0.40967613,0.6705607,0.6592789,0.19734147,0.9826156,1.7003931,1.713813,0.6349361,0.49545813,1.4352503,0.26017147,0.8548816,1.4766839,0.86725837,1.0572672,-1.432392,-1.5957619,-0.58778524,-0.809017,0.8660254,-0.5,0.0
2016-04-25 00:00:00,2.0,-0.041055623,0.27274463,-1.2228966,2.111857,0.17767383,-0.16134045,-0.62455404,-0.59975415,0.52710396,0.5911779,0.20432375,0.75618434,1.6293322,1.6369075,0.7060073,0.6731048,0.8264616,0.50968,0.57644504,1.2889975,0.836613,0.98115075,1.1661187,-1.8293109,-0.95105654,0.309017,0.8660254,-0.5,0.0
2016-04-26 00:00:00,2.0,-0.8279707,-1.4181577,-1.2855891,-0.36479533,-0.014355366,0.121184155,0.1386279,-0.07158068,0.2570423,0.45059708,0.20080456,0.34564105,0.43784916,0.75475776,0.50221574,0.2430068,0.33842847,0.2155159,0.05308394,0.4901433,0.32152122,0.38724256,0.21911067,-1.642381,0.0,1.0,0.8660254,-0.5,0.0
2016-04-27 00:00:00,2.0,1.6034629,0.75242656,0.30271047,0.040084567,0.19269893,2.4158027,1.9116623,1.9450095,0.33852708,0.41480076,0.09036629,0.5559921,2.0582738,2.1745927,0.81583303,0.7484913,0.9189303,1.5585124,0.34089714,1.7355478,1.3737568,1.4268438,1.2923186,-0.8937588,0.95105654,0.309017,0.8660254,-0.5,0.0
2016-04-28 00:00:00,5.0,0.6319507,0.57964206,0.24719381,0.39042574,-0.0858047,1.5829325,-0.45581654,0.7170688,-0.070161894,0.07869176,-0.1886963,0.11642824,2.4662082,2.5575106,1.2906771,1.0835302,0.81310135,1.3187337,0.8972116,1.8606735,1.8567857,1.8894495,-0.26205984,-1.0375501,0.58778524,-0.809017,0.8660254,-0.5,0.0
2016-04-29 00:00:00,5.0,-0.11092221,0.17615779,1.1403809,0.46719602,0.11709,-0.38268846,-1.3450531,-0.5384621,-0.14577058,0.00503713,-0.22184199,0.014734639,2.306859,2.3975847,1.42831,0.7505731,1.148948,1.5683519,2.07831,1.4979575,1.6908405,1.7915641,0.9976983,-1.1204269,-0.58778524,-0.809017,0.8660254,-0.5,0.0
2016-05-03 00:00:00,2.0,-1.0448875,-1.4638772,-0.21449956,-1.2355865,-0.13807,0.13688488,0.35005134,-1.0011268,-0.3418312,-0.12114972,-0.2385909,-0.3014317,1.0816727,1.4534382,1.125342,0.23579685,0.82680154,1.4238775,1.8183355,0.75805396,0.9388102,1.1616766,-0.90673584,-0.12919806,-0.95105654,0.309017,0.8660254,-0.5,0.0
2016-05-04 00:00:00,2.0,-0.67434293,-1.2211312,-0.4954379,-0.5725654,0.04589208,-0.0052904924,-0.17644581,0.313395,-0.38527158,-0.17095682,-0.23027031,-0.38241416,0.3981673,0.88564426,0.6032979,0.38378945,0.54568464,1.0558188,0.83625865,0.30175048,0.4089694,0.7002683,0.481454,0.14161192,0.95105654,0.309017,0.5,-0.8660254,0.0
2016-05-05 00:00:00,2.0,-0.7299551,-0.7934993,0.95218366,-0.7946221,-0.0887023,-0.032307077,-0.16377036,-0.7501315,-0.5531957,-0.31700844,-0.29849052,-0.62130994,-0.28138235,0.30481097,-0.042817853,-1.0075994,-0.165431,1.1574678,0.5970986,-0.21237376,-0.19647598,0.19857937,-0.37181506,-0.11275092,0.58778524,-0.809017,0.5,-0.8660254,0.0
2016-05-06 00:00:00,5.0,-0.5460227,0.15952203,2.7752335,-0.71597135,-0.07246822,-1.0947441,-1.0027566,-1.3469106,-0.66019607,-0.44041386,-0.37131307,-0.7596486,-0.74034053,-0.10732629,-0.7151632,-1.6951324,-0.43518442,0.7903942,0.68037254,-0.66672623,-0.6830513,-0.18163219,-0.11585138,-0.0065505076,-0.58778524,-0.809017,0.5,-0.8660254,0.0
2016-05-09 00:00:00,5.0,0.2489149,0.6704156,-0.78435254,1.0426997,0.045883685,-0.5362051,0.5365182,-0.4950441,-0.6153413,-0.48847383,-0.44777325,-0.63878083,-0.47270885,0.095643885,-1.0425198,-1.4737396,-0.59024394,0.92899525,1.1332512,-0.61097074,-0.5713605,0.0017390018,0.77808034,0.28216252,-0.95105654,0.309017,0.5,-0.8660254,0.0
2016-05-10 00:00:00,5.0,-1.2071596,-0.8129937,1.3726251,-1.1488476,0.3427661,-0.379365,0.041435383,-0.4414625,-0.12222111,-0.10790975,-0.0841217,-0.056403015,-1.4805696,-0.8402817,-1.5426662,-1.5048678,-1.1440141,-0.2534741,0.9182174,-1.6110322,-1.4146404,-0.950512,1.8819629,-0.10682037,0.0,1.0,0.5,-0.8660254,0.0
2016-05-11 00:00:00,5.0,0.6996928,0.82068694,-0.017074121,0.00060387014,-0.19116676,-0.40631053,-0.069337405,0.63003373,-0.3913575,-0.3596717,-0.33869055,-0.33611023,-0.8277075,-0.31669042,-1.7043839,-0.88131815,-0.4566631,-0.04065989,2.010515,-1.0910237,-1.0158662,-0.5081334,-0.62788266,0.23684517,0.95105654,0.309017,0.5,-0.8660254,0.0
2016-05-12 00:00:00,5.0,0.45901522,1.069716,-0.7833896,0.15838122,-0.14857666,-1.0215374,-0.62138826,-0.34305745,-0.588288,-0.5666843,-0.5507762,-0.54347056,-0.39244658,0.049583297,-1.5988302,-0.26238364,-1.349523,-0.14306617,1.1234555,-0.71097803,-0.69546926,-0.13925558,-0.3150639,-0.5891138,0.58778524,-0.809017,0.5,-0.8660254,0.0
2016-05-13 00:00:00,5.0,-0.22813374,0.11566643,2.0592546,-0.4026068,-0.05073555,-0.22828822,0.57473266,-0.70781446,-0.5571399,-0.5795152,-0.5743265,-0.4815181,-0.5501877,-0.11024319,-1.4955249,-0.06312385,-1.9608897,-0.724397,1.0447433,-0.8132856,-0.8088602,-0.31548366,0.72003084,-1.1928244,-0.58778524,-0.809017,0.5,-0.8660254,0.0
2016-05-16 00:00:00,5.0,0.28557017,1.2343409,-0.94615716,-0.14254704,-0.22838686,-1.4173905,-1.1655592,-0.6932108,-0.75494254,-0.7880079,-0.78880614,-0.7097607,-0.23782042,0.1488249,-1.3075409,-0.065721616,-1.7035764,-0.17559595,0.9161586,-0.56086665,-0.5841282,-0.034257185,-0.88870287,-1.3155277,-0.95105654,0.309017,0.5,-0.8660254,0.0
2016-05-17 00:00:00,5.0,0.4775355,0.88371396,-0.32404214,0.07035499,-0.16666117,-1.8278528,-1.1174505,-0.098921426,-0.84922504,-0.930688,-0.96763206,-0.7846685,0.2279471,0.5508089,-0.9406083,0.85128427,-0.83969575,0.20800863,0.46542144,-0.19659673,-0.21684581,0.42767406,-0.33467144,-1.1102065,0.0,1.0,0.5,-0.8660254,0.0
2016-05-18 00:00:00,5.0,-0.008658992,-0.33643875,0.7801519,0.4731863,-0.74390256,-0.30637157,2.4308562,0.2762134,-0.9641482,-1.0842927,-1.1371577,-0.90209657,0.25946066,0.565755,-0.66507846,0.5007212,-0.4493481,0.22799465,0.66278034,-0.22350383,-0.2429405,0.50169647,-0.9140998,-1.0198784,0.95105654,0.309017,0.5,-0.8660254,0.0
2016-05-19 00:00:00,2.0,-0.30660808,-0.09828118,0.9490049,0.82877856,-1.0001975,-0.58817804,-0.4773399,-0.58948094,-1.0848159,-1.2404495,-1.3026898,-1.0529277,-0.031227015,0.31034264,-0.57146,0.11170002,-0.16637267,-0.32657194,0.66819704,-0.4516923,-0.48711628,0.31333783,-1.1312515,-1.2740188,0.58778524,-0.809017,0.5,-0.8660254,0.0
2016-05-20 00:00:00,5.0,-1.3197647,-1.6081809,-0.9370969,-0.79785275,-0.23463173,0.3598015,0.9061086,-0.8138924,-0.9090328,-1.1244712,-1.1869626,-0.79770464,-1.2850186,-0.8266841,-0.9654931,-0.4265888,-0.46848595,-0.8783837,-0.4540657,-1.4094698,-1.5671479,-0.9568194,0.22339807,-1.1959743,-0.58778524,-0.809017,0.5,-0.8660254,0.0
2016-05-23 00:00:00,4.0,0.8246819,0.1801486,0.52232045,0.7884242,-1.1317075,0.15499,-0.31814346,1.4883856,-0.9389564,-1.2267936,-1.384529,-0.7645832,-0.44225976,-0.1231785,-0.8723233,-0.17350692,-0.2322619,-0.8468115,0.3716411,-0.6866803,-0.7670778,-0.13117567,-1.0982347,-0.5604371,-0.95105654,0.309017,0.5,-0.8660254,0.0
2016-05-24 00:00:00,4.0,-0.70740414,-1.1733733,-0.04351059,-0.57633364,-0.8548856,-0.9524741,-1.2021738,-0.40305024,-1.0145187,-1.3192631,-1.4997098,-0.8820816,-1.0135652,-0.68304586,-1.045563,-0.7676206,0.16090567,-1.1291325,0.74038965,-1.0845206,-1.2881777,-0.7907585,-0.88808525,-0.53397596,0.0,1.0,0.5,-0.8660254,0.0
2016-05-25 00:00:00,4.0,-0.0051023164,0.7484043,0.93780506,-0.7554351,-1.1644093,0.09234282,1.2802634,-0.5095017,-1.1550536,-1.486399,-1.7248577,-1.0799327,-0.9614279,-0.6628028,-1.1281532,-0.76476693,-0.23616597,-0.6722647,0.5310141,-1.0109818,-1.2690854,-0.8057143,-1.2176412,-0.74980235,0.95105654,0.309017,0.5,-0.8660254,0.0
2016-05-26 00:00:00,4.0,1.2904838,1.2743202,-1.2625319,0.05399611,-0.36291838,0.7150464,0.2691272,1.2775038,-1.0561794,-1.4836346,-1.8658689,-0.8232069,0.2672797,0.43901592,-0.5452535,0.009132138,0.12242219,-1.1999927,0.2742835,0.02663742,0.08411179,0.59992146,-0.55386937,-0.0015133579,0.58778524,-0.809017,0.5,-0.8660254,0.0
2016-05-27 00:00:00,1.0,-0.28582942,-0.76607716,0.43096802,-0.17773725,-0.12655659,0.45269805,-0.4323484,0.20508145,-1.0207672,-1.464455,-1.8803853,-0.75197613,0.019440817,0.20428509,-0.26521826,0.5431765,0.1105757,-1.7253393,-0.022166096,-0.004596746,0.00026702712,0.26371276,-0.08951405,0.038199946,-0.58778524,-0.809017,0.5,-0.8660254,0.0
2016-05-31 00:00:00,1.0,-0.43626773,-1.0613916,-1.2388047,0.61362416,-0.6345705,-0.66923493,-0.7934581,-0.02398515,-1.0729126,-1.5046229,-1.9267871,-0.8438446,-0.3779461,-0.16722518,-0.24815401,-0.07504361,-0.24977092,-1.7977318,-0.1958796,-0.20944081,-0.21968982,-0.24355097,-0.9226187,0.18968275,-0.95105654,0.309017,0.5,-0.8660254,0.0
2016-06-01 00:00:00,1.0,-0.77805376,-1.1056982,-1.0183239,0.3314407,0.702945,2.6642416,2.6134598,-0.027588995,-0.90240425,-1.3528491,-1.7817429,-0.54914176,-1.0688356,-0.83158493,-0.5292851,-0.106691256,-0.8654311,-1.5075569,-0.7892296,-1.0935626,-0.8183832,-1.1318555,0.9600188,-0.07124505,0.95105654,0.309017,0.5,-0.8660254,0.0
2016-06-02 00:00:00,4.0,-0.5884761,-0.35811302,0.1161705,0.8679828,0.47173074,0.25672185,-1.2611307,-0.7493386,-0.8097569,-1.257952,-1.6872921,-0.3939958,-1.5263252,-1.2959658,-0.9180288,-0.39788643,-1.1360986,-1.3591616,-1.7624351,-1.7331675,-1.2461588,-1.7037878,0.8392682,-0.49940506,0.58778524,-0.809017,1.2246469e-16,-1.0,0.0
2016-06-03 00:00:00,1.0,-0.043899085,-0.6567858,0.9918043,-0.5958662,-0.060166392,1.0956476,0.47906616,0.5749343,-0.82464194,-1.2575039,-1.6939161,-0.40600127,-1.5429455,-1.3197017,-1.1709422,-1.0727857,-1.0180043,-0.98436886,-2.1363692,-1.5925491,-1.2556525,-1.7417182,-0.08129486,-0.9016396,-0.58778524,-0.809017,1.2246469e-16,-1.0,0.0
2016-06-06 00:00:00,4.0,0.93343586,0.60122263,1.6246774,-0.8696246,-0.15691231,0.5863083,-0.38512897,1.1588281,-0.7193481,-1.1820469,-1.6785011,-0.15575615,-0.54635316,-0.47803086,-0.8214375,-0.46927238,0.104291655,-0.33421686,-1.47986,-0.34843957,-0.2834977,-0.71652013,-0.27065676,-1.5226117,-0.95105654,0.309017,1.2246469e-16,-1.0,0.0
2016-06-07 00:00:00,4.0,1.5919799,1.6341473,-0.5100186,-1.2657518,0.17049149,0.76521707,0.026874335,1.244176,-0.57789284,-1.0800995,-1.6612248,0.18107165,0.8932783,0.8755064,0.19229056,0.54465955,0.44354975,0.15921408,0.0955084,1.61363,1.2789733,0.9484825,0.22859982,-1.2690175,0.0,1.0,1.2246469e-16,-1.0,0.0
2016-06-08 00:00:00,4.0,0.73683345,1.3008292,-0.2429397,-0.76809907,-1.2363285,-0.10426922,-0.6768277,0.43617404,-0.72661245,-1.1789134,-1.756358,-0.05933118,1.4450471,1.4490491,1.1981255,1.2915481,1.1569281,1.1050386,0.31573704,2.1144211,1.9116131,1.7531883,-1.0379165,-1.0377927,0.95105654,0.309017,1.2246469e-16,-1.0,0.0
2016-06-09 00:00:00,4.0,0.45441827,1.0851774,-0.07993102,-0.54175216,0.60672563,0.010417675,-0.048301138,-0.32218978,-0.7639707,-1.1967032,-1.775806,-0.11069487,1.7407897,1.7765031,1.9624257,1.7857085,1.348678,0.95597595,1.4993738,2.0334795,2.1985326,2.1604967,0.25360525,-1.7830744,0.58778524,-0.809017,1.2246469e-16,-1.0,0.0
2016-06-10 00:00:00,4.0,-0.47682577,-0.4950489,-1.0782132,1.8217548,0.026112236,-0.32529384,-0.36563116,-0.4524405,-0.780146,-1.1846383,-1.7344307,-0.1668912,1.2649089,1.3520964,2.1113997,1.5879203,0.5087075,0.5538282,0.9030816,1.3843793,1.6628896,1.6244764,-0.3486399,-0.5238248,-0.58778524,-0.809017,1.2246469e-16,-1.0,0.0
2016-06-13 00:00:00,4.0,-0.64787436,-0.75275755,-0.9408762,1.1576767,-0.6314588,-0.4965936,-0.3016346,-0.6020251,-0.7989003,-1.1772972,-1.698355,-0.23598805,0.6545465,0.8056009,1.8457475,0.84380794,0.35439622,0.40728936,0.85903704,0.7944259,1.0219368,1.0008755,-0.6310444,-0.015313247,-0.95105654,0.309017,1.2246469e-16,-1.0,0.0
2016-06-14 00:00:00,1.0,-0.39493355,0.9942655,0.6593053,-0.9734918,-0.8803073,-0.8820438,-0.43981275,-1.5480819,-0.87774503,-1.2243435,-1.7142181,-0.4135777,0.31990328,0.49962267,1.4771237,-0.14006576,0.38896322,0.11660072,0.9596365,0.47452012,0.6774288,0.6501265,-0.94967616,0.9593412,0.0,1.0,1.2246469e-16,-1.0,0.0
2016-06-15 00:00:00,1.0,-1.8545606,-1.494485,-0.1504203,-1.1616886,3.0,1.9938451,2.5861087,-0.69033706,-0.5262893,-0.9178865,-1.4003407,0.2022657,-1.2345873,-1.0393276,0.31525502,-1.4018874,-0.084367365,-0.83867466,-0.4305669,-0.859353,-1.0025347,-1.2685738,1.9286704,0.52870774,0.95105654,0.309017,1.2246469e-16,-1.0,0.0
2016-06-16 00:00:00,1.0,0.23094757,-0.03139765,1.170888,0.805048,-0.35378152,1.110403,-0.4924905,0.43697512,-0.6490769,-0.99470055,-1.4598585,-0.035280395,-1.0001322,-0.8306783,-0.2808893,-1.5010207,0.30256984,-0.7446567,-1.0067337,-0.6238951,-0.7446226,-1.0819217,-0.56123215,1.0746635,0.58778524,-0.809017,1.2246469e-16,-1.0,0.0
2016-06-17 00:00:00,4.0,0.91252446,0.1875811,0.5485176,0.9117459,1.0789661,1.7955765,0.431435,1.4814281,-0.607324,-0.9667881,-1.4575301,0.0903542,-0.19738704,-0.08145552,-0.26391587,-0.8427838,0.7397301,-0.25051638,-0.42174166,0.0711601,0.1265168,-0.25719154,1.1188986,1.1967031,-0.58778524,-0.809017,1.2246469e-16,-1.0,0.0
2016-06-20 00:00:00,4.0,1.3538451,0.77795225,-0.24014315,0.30424625,2.2599914,2.567415,0.8792402,1.260866,-0.48032066,-0.8757671,-1.4137918,0.40159178,0.8439038,0.97531146,0.31501248,0.109924056,0.9152313,0.8722389,0.20483822,0.99255073,1.2211065,0.9264485,1.7352318,-0.45205727,-0.95105654,0.309017,1.2246469e-16,-1.0,0.0
2016-06-21 00:00:00,4.0,0.90812683,0.40559465,1.5866177,-0.48616657,0.059095144,0.18916745,-1.4351752,1.3066452,-0.4408412,-0.83277154,-1.3849779,0.5035836,1.4376581,1.6168064,0.9925546,0.7451459,0.57298476,0.8720126,0.25362182,1.4205201,1.8473953,1.6220169,0.11002316,-0.4925173,0.0,1.0,1.2246469e-16,-1.0,0.0
2016-06-22 00:00:00,4.0,0.47583523,1.118558,-0.27433476,-0.4696717,1.5310401,-0.44015032,-0.63012344,-0.8176679,-0.40112528,-0.780508,-1.3330059,0.5769633,1.6994128,1.9017817,1.5001215,1.8296198,0.4381818,1.3550845,0.8151938,1.4580256,1.9914972,1.8839748,1.4244462,-0.66217935,0.95105654,0.309017,1.2246469e-16,-1.0,0.0
2016-06-23 00:00:00,4.0,0.094743766,-0.5413975,1.4326619,-0.47021672,-0.605898,-0.20832881,0.12110134,0.638556,-0.5589655,-0.87208784,-1.3781198,0.24191923,1.7271583,1.921721,1.8239608,1.7267411,0.27395052,1.3783016,1.0712142,1.289557,1.957202,1.9644425,-0.609798,0.6963232,0.58778524,-0.809017,1.2246469e-16,-1.0,0.0
2016-06-24 00:00:00,5.0,0.46737707,0.45383278,0.043081343,0.66564447,0.2991666,-0.9206756,-0.8327015,0.36642084,-0.59617454,-0.8942714,-1.3857553,0.17431764,1.9606243,2.1766603,2.0446482,1.5071582,0.7016499,1.0193688,1.8548013,1.3101757,2.1957538,2.2804694,0.63603777,-0.42731768,-0.58778524,-0.809017,1.2246469e-16,-1.0,0.0
2016-06-27 00:00:00,5.0,0.99992496,1.4000894,-0.9088365,-0.57223797,3.0,2.9380946,3.0,-3.0,1.0243998,0.3405871,-0.4614638,2.6730368,2.3545806,2.6232908,1.5320047,1.3095425,1.4200778,1.4797126,1.5010401,1.4548627,1.6608012,1.6561861,2.1955588,-3.0,-0.95105654,0.309017,1.2246469e-16,-1.0,1.0
2016-06-28 00:00:00,5.0,0.08428345,0.15650795,1.8688754,-0.5308981,0.09294801,0.9934841,-0.961838,0.0062137493,0.6569377,0.20965692,-0.49641845,1.9041333,2.2962923,2.5426571,1.6483939,0.936574,1.5993774,1.6472812,1.9098157,1.2346596,1.6277033,1.7121985,1.313538,-3.0,0.0,1.0,1.2246469e-16,-1.0,1.0
2016-06-29 00:00:00,5.0,1.3740464,0.18914863,-0.80079716,1.9449526,1.3393999,0.14543408,-0.7519581,1.2942467,0.8973911,0.4719794,-0.2766463,2.0342927,2.686629,3.0,1.7099866,1.3126647,2.8106682,2.3407094,2.7846653,1.4414043,1.8946376,2.0540524,2.0191152,-2.1753843,0.95105654,0.309017,1.2246469e-16,-1.0,1.0
2016-06-30 00:00:00,5.0,2.7715297,1.8695302,-1.4364674,-1.2354499,0.5475352,0.4849734,0.24895936,1.101134,0.86646605,0.50215966,-0.26547608,1.914615,3.0,3.0,2.1909711,2.438175,3.0,3.0,3.0,1.8320748,2.7187233,2.9961293,1.7669271,-0.34961072,0.58778524,-0.809017,1.2246469e-16,-1.0,1.0
2016-07-01 00:00:00,5.0,1.6110024,1.4892175,-1.3868124,-0.51901215,0.5728558,0.58099836,-0.007238818,-0.033487953,0.693718,0.43430337,-0.29364234,1.6014632,3.0,3.0,2.6511428,2.7748163,3.0,3.0,3.0,1.7405884,3.0,3.0,1.752732,0.30629265,-0.58778524,-0.809017,1.2246469e-16,-1.0,1.0
2016-07-04 00:00:00,5.0,0.7171761,0.82398665,-1.1109613,0.7181443,-0.21527947,0.038989544,-0.54725283,0.4795703,0.2910224,0.17957565,-0.445227,1.0165275,3.0,3.0,3.0,2.5779583,3.0,3.0,3.0,1.471189,3.0,3.0,0.8884995,0.39506885,-0.95105654,0.309017,-0.5,-0.8660254,0.0
2016-07-05 00:00:00,5.0,-0.08746673,-0.37549272,0.8466573,0.82116747,-0.49608794,-1.0281477,-1.192232,0.27805024,-0.089895256,-0.084179364,-0.5944953,0.4421226,2.8206024,3.0,3.0,2.411339,2.6253366,2.6300745,3.0,1.1417278,2.9498417,3.0,-0.6375501,0.2428036,0.0,1.0,-0.5,-0.8660254,0.0
2016-07-06 00:00:00,5.0,0.6588425,0.9612536,-1.2616622,0.57032603,0.2351028,0.12138555,1.9110128,-0.2173638,-0.09820939,-0.112917386,-0.6015064,0.43674824,2.6976268,3.0,2.8442762,2.0871544,2.5456138,2.4779804,2.724338,1.0121155,2.8254247,3.0,1.4505941,0.098245546,0.95105654,0.309017,-0.5,-0.8660254,0.0
2016-07-07 00:00:00,5.0,-0.81309736,-0.629269,0.45177764,0.57885164,0.5159663,0.26624542,0.03117884,-0.18981743,0.06632288,0.029819814,-0.43736467,0.59427017,2.1618998,2.5673094,2.26689,0.7665352,2.1885288,2.0704033,2.3658383,0.69333047,2.1355042,2.6306212,1.6107787,-0.29736772,0.58778524,-0.809017,-0.5,-0.8660254,0.0
2016-07-08 00:00:00,5.0,0.28619173,0.33297995,2.1148293,-1.3865734,-0.52755857,-0.65078044,-0.8578607,0.35129783,-0.15831669,-0.14420609,-0.5446736,0.27050698,2.1119308,2.4817898,1.9889793,0.27977094,2.0616848,2.1665978,2.1537666,0.6174261,2.132122,2.6782024,-0.1597583,-0.27076072,-0.58778524,-0.809017,-0.5,-0.8660254,0.0
2016-07-11 00:00:00,5.0,0.2737893,0.29568473,-0.91682553,1.7805896,-0.038186017,-0.71155983,-0.18351528,0.14725135,-0.20595896,-0.20014697,-0.57164264,0.20542705,2.0664644,2.4012077,1.6719108,0.113810316,1.8213836,2.275167,1.8583671,0.56698173,2.0242844,2.6087258,1.1289127,-0.7585662,-0.95105654,0.309017,-0.5,-0.8660254,0.0
2016-07-12 00:00:00,5.0,0.01584892,-0.5172982,-1.1991539,2.3136876,-0.68364865,-1.0203571,-0.4607006,0.4897428,-0.4711443,-0.42229012,-0.71885943,-0.18705234,1.9915534,2.2932465,1.469651,0.1530044,1.756552,2.2602277,2.0417435,0.4785133,1.9764512,2.6603982,-0.8018906,-1.0636296,0.0,1.0,-0.5,-0.8660254,0.0
2016-07-13 00:00:00,5.0,0.110762544,0.793794,-0.46262017,0.111145146,-0.17901498,-0.37067586,0.6683177,-0.4598415,-0.49334794,-0.47857025,-0.7546559,-0.19779432,1.9358915,2.2150633,1.1694392,-0.050361987,1.423806,2.5356572,2.0871713,0.42618805,1.7969372,2.5530076,0.8833762,-1.0057011,0.95105654,0.309017,-0.5,-0.8660254,0.0
2016-07-14 00:00:00,4.0,-1.0966511,-1.1333284,1.4003087,-1.4936768,-0.4083527,-0.24863917,-0.026684739,-0.55753624,-0.59621936,-0.53072935,-0.75843084,-0.2963425,1.3429177,1.7483375,0.68219805,-0.14472485,0.4382285,2.1858847,1.8411169,0.2031494,1.2438176,2.1881309,0.58836436,-1.1482341,0.58778524,-0.809017,-0.5,-0.8660254,0.0
2016-07-15 00:00:00,4.0,-0.38433397,-1.5229776,0.43336675,-1.4405493,-0.40198022,-0.6678609,-0.5714996,0.7768617,-0.70638007,-0.60852635,-0.7999579,-0.36733872,1.2139105,1.6147059,0.19385494,-0.38790023,-0.07140385,1.8798889,1.5210682,0.115829445,0.9661701,2.0409303,0.5707664,-1.3081452,-0.58778524,-0.809017,-0.5,-0.8660254,0.0
2016-07-18 00:00:00,4.0,0.10589511,1.5197163,-1.3596791,-0.46122643,-0.643951,-0.70162624,-0.26821375,-0.5850213,-0.9510704,-0.7943245,-0.92941004,-0.6018344,1.2386955,1.6066742,-0.1644965,-0.4504182,-0.23141815,1.6080214,1.5003586,0.115955934,0.9358868,2.109371,-0.7894389,-1.0014454,-0.95105654,0.309017,-0.5,-0.8660254,0.0
2016-07-19 00:00:00,4.0,-1.2927933,-2.0686982,-0.97528225,-1.3990722,-0.5638388,-1.1485823,-0.80080736,-0.30489737,-0.985202,-0.8319222,-0.91694206,-0.6421569,0.5824215,1.1169863,-0.75408083,-0.91821057,-0.5321619,1.1861553,1.1161982,-0.1403627,0.29540145,1.6972516,-0.36373386,-1.2382547,0.0,1.0,-0.5,-0.8660254,0.0
2016-07-20 00:00:00,4.0,0.27064833,1.2078024,-0.7577931,-0.37771827,-0.40371045,-1.1906824,-0.39027092,-0.43239856,-1.0367495,-0.9292044,-1.0011358,-0.6220122,0.68553495,1.1708606,-1.0963016,-0.8554923,-0.63003635,1.1367455,1.1707853,-0.0894423,0.31197917,1.7494626,0.28925803,-1.2173212,0.95105654,0.309017,-0.5,-0.8660254,0.0
2016-07-21 00:00:00,4.0,-0.4661656,-1.1464908,-1.105087,0.9044394,-0.42101398,-1.0840349,-0.12651823,0.37435624,-1.0459812,-0.9851059,-1.0382484,-0.59660584,0.53984743,1.046102,-1.4104933,-0.62599266,-0.53548455,1.0297564,1.3290435,-0.19940977,0.010690077,1.5866787,0.2871829,-1.333008,0.58778524,-0.809017,-0.5,-0.8660254,0.0
2016-07-22 00:00:00,4.0,-0.26453054,-0.24443644,0.25351235,1.4899855,-0.81020635,-0.93359935,0.13069063,-0.06220072,-1.3317693,-1.2210394,-1.19151,-0.8978374,0.499105,0.9953402,-1.6973519,-0.57704383,-0.6668238,0.89605165,0.8216046,-0.26067027,-0.1762764,1.6015105,-1.4680164,-1.1926466,-0.58778524,-0.809017,-0.5,-0.8660254,0.0
2016-07-25 00:00:00,4.0,0.006213485,0.99836886,-0.6676933,0.009809562,-0.8182788,-1.0916319,-0.26256114,-0.43691352,-1.4128147,-1.3550707,-1.2987108,-0.9474152,0.5469682,1.0061084,-1.8294064,-0.61320966,-0.7305323,0.7197359,0.6382308,-0.25458544,-0.25874084,1.6187412,-0.8159165,1.1276673,-0.95105654,0.309017,-0.5,-0.8660254,0.0
2016-07-26 00:00:00,4.0,-1.8934488,-1.6945027,-0.6342263,-1.0002624,0.99263835,-0.41917592,0.8591688,-0.13559438,-0.7331263,-0.9367446,-1.0045776,-0.15142612,-0.34963346,0.3576083,-2.0548513,-0.7908045,-1.1660813,0.38342643,0.3461884,-1.0302292,-1.1800331,0.79868156,1.5268065,2.0566335,0.0,1.0,-0.5,-0.8660254,0.0
2016-07-27 00:00:00,4.0,-1.0483837,0.6426732,0.008528954,0.120944776,0.6062782,0.74302953,1.0719031,-2.12634,-0.235658,-0.59425735,-0.7798639,0.34476265,-0.6972985,0.06579286,-2.2120056,-1.2200209,-1.4083167,-0.027540803,0.44510946,-1.8587532,-1.5334188,0.38172916,1.2535818,1.7213182,0.95105654,0.309017,-0.5,-0.8660254,0.0
2016-07-28 00:00:00,4.0,-0.27063957,-0.43338022,1.0229061,0.3620087,0.97287697,-0.35555473,-0.91983837,0.2179874,0.018661054,-0.38980684,-0.6598396,0.5633877,-0.7249646,0.02899818,-2.211374,-1.135161,-1.1914711,-0.5811412,0.5711917,-2.0559986,-1.5087571,0.24224019,1.3307861,-0.14048792,0.58778524,-0.809017,-0.5,-0.8660254,0.0
2016-07-29 00:00:00,4.0,-1.3448025,-2.188864,-1.2025439,-1.447008,0.47500008,1.2403835,1.316795,0.68220216,0.089957595,-0.25070015,-0.5256027,0.5225064,-1.1358991,-0.33548048,-2.3061893,-1.4700936,-1.3770802,-1.0888376,0.5361427,-2.2995677,-1.8159533,-0.116319224,0.96393317,-2.1707902,-0.58778524,-0.809017,-0.5,-0.8660254,0.0
2016-08-01 00:00:00,5.0,-0.16658473,-0.059956744,-0.39952424,2.0839696,-0.8175573,0.18513519,-0.7543371,-0.043832332,-0.29251117,-0.48125356,-0.6686283,0.109516375,-1.1178602,-0.34046355,-2.3555849,-1.5316911,-1.417622,-1.2312192,0.64863765,-1.9042882,-1.7609142,-0.13388294,-0.61668444,-2.0469184,-0.95105654,0.309017,-0.5,-0.8660254,0.0
2016-08-02 00:00:00,4.0,-1.5079212,-1.9490741,-0.9015377,-1.4000146,1.4689201,0.42684197,0.07737497,1.0299547,0.23879988,-0.028563436,-0.32355928,0.53733146,-1.5164868,-0.7372148,-2.2501028,-1.4043869,-1.4270178,-1.4355873,0.3325541,-1.9937086,-1.9769976,-0.5745098,1.3765825,-1.6312052,0.0,1.0,-0.8660254,-0.5,0.0
2016-08-03 00:00:00,4.0,-0.91878057,-1.1829306,0.24874298,-0.7379751,-0.7206625,0.65270877,-0.03297919,-0.21251155,-0.079187036,-0.19452502,-0.39323628,0.15320532,-1.6839837,-0.94013816,-2.3337007,-1.3651414,-1.6562828,-1.6600343,0.4879222,-1.8560342,-2.0984504,-0.7953075,-0.2957181,0.36877596,0.95105654,0.309017,-0.8660254,-0.5,0.0
2016-08-04 00:00:00,4.0,0.011790435,-0.050050523,0.4957436,1.3483661,-0.62297916,-0.10972279,-0.63059396,0.17319092,-0.35599688,-0.412893,-0.56269693,-0.11705493,-1.5701218,-0.89662695,-2.2563004,-1.2660302,-1.5234163,-1.493105,0.32400846,-1.5504338,-1.9385414,-0.7929944,-0.250323,0.6907866,0.58778524,-0.809017,-0.8660254,-0.5,0.0
2016-08-05 00:00:00,4.0,0.060877245,0.21391784,0.039751276,1.159034,0.5944885,0.83413965,0.5095002,-0.09540817,-0.20553072,-0.31859234,-0.53283286,0.04235255,-1.4381536,-0.839148,-1.9794643,-0.81003076,-1.441437,-1.5057783,0.23526901,-1.3167534,-1.6926347,-0.78545296,0.90241563,0.98876184,-0.58778524,-0.809017,-0.8660254,-0.5,0.0
2016-08-08 00:00:00,4.0,0.3213355,0.709091,1.5159386,-1.299001,-0.590875,0.8666821,-0.08870325,-0.004107193,-0.46047312,-0.5536897,-0.76793617,-0.18988812,-1.2031473,-0.71446985,-1.7415088,-0.65424925,-1.3732351,-1.4826707,0.3371821,-1.0831646,-1.4476973,-0.69624484,-0.15142019,0.8419858,-0.95105654,0.309017,-0.8660254,-0.5,0.0
2016-08-09 00:00:00,4.0,0.28497905,0.26337606,-0.91357815,1.8389443,-1.0834662,-0.3831185,-0.78167987,0.35614803,-0.79630303,-0.88289195,-1.1083478,-0.5128447,-0.9958075,-0.59967333,-1.4930251,-0.077958286,-0.9295983,-1.421859,0.3227779,-0.88930756,-1.2278993,-0.60444826,-1.2124296,0.3195824,0.0,1.0,-0.8660254,-0.5,0.0
2016-08-10 00:00:00,4.0,0.32581654,0.6691582,0.34976736,-0.13594146,0.18586807,-0.6495982,-0.36083874,-0.12792437,-0.7020141,-0.87249076,-1.2038026,-0.36915043,-0.7823492,-0.47472537,-1.1345253,0.31393987,-0.6520388,-1.3712153,0.27747226,-0.69829744,-0.9428806,-0.53016454,0.7226847,-0.2902265,0.95105654,0.309017,-0.8660254,-0.5,0.0
2016-08-11 00:00:00,4.0,-0.52468055,-0.19673993,1.3979764,0.33887404,-1.1476221,-0.69773185,-0.22364874,-0.46309572,-0.99372345,-1.1375948,-1.4710609,-0.70528936,-0.90445006,-0.59108406,-0.96564054,0.1461331,-0.6990827,-1.2592003,0.19383891,-0.7255366,-0.9938631,-0.6777109,-1.4429343,-0.2967004,0.58778524,-0.809017,-0.8660254,-0.5,0.0
2016-08-12 00:00:00,4.0,1.2915094,1.214754,-1.3327848,0.12795699,1.327508,-0.21656668,0.22341871,0.10497598,-0.5420892,-0.8536854,-1.3891193,-0.089721404,-0.3399839,-0.21381307,-0.5144874,0.5351338,-0.17153165,-1.013394,0.47627118,-0.26591223,-0.39646965,-0.34830275,1.2380642,0.5060753,-0.58778524,-0.809017,-0.8660254,-0.5,0.0
2016-08-15 00:00:00,4.0,-0.16366337,-0.71321344,-0.12731679,0.6834421,0.20516405,0.9423008,0.696698,0.5951126,-0.47550234,-0.79022944,-1.3877417,-0.014431609,-0.3315253,-0.21597753,-0.24275875,0.38507837,-0.1701456,-1.0463196,0.7340572,-0.20198132,-0.3208949,-0.4221382,0.6094118,0.60449076,-0.95105654,0.309017,-0.8660254,-0.5,0.0
2016-08-16 00:00:00,4.0,0.45143628,1.1559069,-0.14182359,-0.8574937,-0.42180434,-0.79835373,-0.99424803,-0.20872179,-0.62643117,-0.92658556,-1.5992512,-0.15944733,-0.11449072,-0.06354885,0.018923474,0.43399736,0.22444816,-0.7899996,0.6421416,0.045453124,-0.06974347,-0.28437394,-0.02641303,1.2377338,0.0,1.0,-0.8660254,-0.5,0.0
2016-08-17 00:00:00,4.0,-0.3341457,-0.08412685,1.9690299,-0.1652967,-0.90263224,-0.81400007,-0.093147025,-0.22979796,-0.8600044,-1.1151922,-1.8002102,-0.44951093,-0.17447016,-0.11722953,0.1756389,0.23226906,0.3430202,-0.8742568,0.7309668,0.06829669,-0.05490407,-0.35723093,-1.1654123,1.1995904,0.95105654,0.309017,-0.8660254,-0.5,0.0
2016-08-18 00:00:00,4.0,-0.79517627,-1.3109957,-0.2753801,-0.46968803,0.038391706,-1.0112302,-0.23937933,0.31754696,-0.7394989,-1.0092885,-1.6608275,-0.31409314,-0.45419696,-0.3413545,0.18878344,0.15412496,0.18806054,-0.9076626,0.6032621,-0.07685003,-0.21448018,-0.61674714,0.39930633,1.2056268,0.58778524,-0.809017,-0.8660254,-0.5,0.0
2016-08-19 00:00:00,4.0,0.25555566,-0.29399288,-0.5255475,1.8367047,-1.2076275,-1.374952,-0.437245,0.6558666,-1.0318648,-1.2720184,-1.9419461,-0.66439193,-0.283333,-0.22865872,0.2577708,-0.18150511,0.22441982,-0.8366583,0.39080235,0.19605084,0.005438536,-0.504307,-1.5537409,1.428332,-0.58778524,-0.809017,-0.8660254,-0.5,0.0
2016-08-22 00:00:00,4.0,-0.40949193,-1.0273765,0.8423274,-0.9094729,-1.2544798,-1.2690979,-0.029872887,0.14237787,-1.2530013,-1.4732043,-2.1104693,-0.96853536,-0.38383493,-0.3149611,0.26688406,-0.25477564,0.0838161,-0.8919664,0.3855897,0.25515556,0.0046291673,-0.61350757,-1.6194118,1.3543289,-0.95105654,0.309017,-0.8660254,-0.5,0.0
2016-08-23 00:00:00,4.0,-1.2666484,-1.4581912,-0.6771205,-0.50780964,0.10542576,-0.8158043,0.23508957,-0.15881878,-1.0159268,-1.28722,-1.8530312,-0.6552363,-0.8587939,-0.7115583,0.09708337,-0.7787539,-0.21440049,-0.7921019,0.2652074,-0.23635995,-0.3687339,-1.0602912,0.33161664,1.0110112,0.0,1.0,-0.8660254,-0.5,0.0
2016-08-24 00:00:00,4.0,-0.10102771,3.1603722e-05,1.9829526,-0.30376932,-1.2825533,-1.2753206,-0.56413,0.048194826,-1.2765534,-1.518288,-2.0727584,-1.0177218,-0.8124802,-0.6938791,-0.0012254919,-0.7048263,-0.29876602,-0.6601831,0.41933805,-0.1559968,-0.3060096,-1.1024183,-1.6586969,1.1477723,0.95105654,0.309017,-0.8660254,-0.5,0.0
2016-08-25 00:00:00,4.0,-0.16641968,0.8467546,0.40388522,-0.6909695,-0.53800976,-0.4601376,0.61208355,-0.62354577,-1.2748637,-1.5503273,-2.1062531,-0.9915077,-0.7937095,-0.69673973,-0.058848854,-0.5113988,-0.22768214,-0.6463481,0.53450716,-0.11452053,-0.27021968,-1.1770135,-0.8498996,0.7904717,0.58778524,-0.809017,-0.8660254,-0.5,0.0
2016-08-26 00:00:00,4.0,0.2624123,0.41262648,-0.20679753,0.7210003,0.5182049,-0.32569024,-0.08854101,0.04405872,-1.0294805,-1.3916987,-1.9818943,-0.5634639,-0.5771606,-0.56522614,-0.014581422,-0.51438564,-0.4406897,-0.42427388,0.6236014,0.122277535,-0.10901342,-1.0976887,0.5253535,1.1857609,-0.58778524,-0.809017,-0.8660254,-0.5,0.0
2016-08-30 00:00:00,4.0,0.24589562,1.1795486,-0.44989377,-0.69814813,-0.68070793,-0.69752157,-0.40566587,-0.23381314,-1.1400269,-1.4880661,-2.0765035,-0.70634466,-0.37652984,-0.4357713,0.07993266,-0.31761077,-0.36186484,-0.36931956,0.47895285,0.3280551,0.060233925,-1.000571,-1.0799208,1.014646,-0.95105654,0.309017,-0.8660254,-0.5,0.0
2016-08-31 00:00:00,4.0,-0.40303802,-0.13445657,-0.142375,1.7771239,-1.0116268,0.066711254,0.36466616,-0.26697692,-1.2735639,-1.5909554,-2.140649,-0.92744243,-0.47962406,-0.524861,0.1111639,-0.045851037,-0.5235566,-0.20489046,0.02103014,0.16946177,-0.05125609,-1.1244984,-1.4758855,1.3093047,0.95105654,0.309017,-0.8660254,-0.5,0.0
2016-09-01 00:00:00,4.0,-1.1739115,-1.537489,-0.532794,-0.78357637,-0.006201896,0.94720215,0.3193132,-0.16846785,-1.1360931,-1.4751542,-1.9774077,-0.72388434,-0.947238,-0.9151916,-0.025518544,-0.36136645,-0.67373955,-0.22701831,-0.40338793,-0.45970455,-0.5064248,-1.5210118,-0.1934371,0.8529156,0.58778524,-0.809017,-0.8660254,-0.5,0.0
2016-09-02 00:00:00,4.0,-1.7033554,-1.5352021,-0.87204796,-0.59636635,1.7212617,-0.2389551,-0.66902006,-0.04848273,-0.58379644,-1.0181208,-1.4992454,0.08976009,-1.4830059,-1.4385762,-0.30469653,-0.82851344,-0.8366934,-0.45150396,-0.87082475,-1.5184289,-1.0722089,-1.9705119,0.99538654,0.3281446,-0.58778524,-0.809017,-1.0,-1.8369701e-16,0.0
2016-09-05 00:00:00,4.0,1.8748602,1.351198,-0.395951,-0.98869014,2.229483,2.0867255,1.2996999,0.2296101,-0.03394155,-0.6080007,-1.2281556,0.9661005,-0.6146039,-0.7727541,-0.13393812,-0.32605094,-0.52154607,-0.20714101,-0.35851878,-0.119668625,-0.33007923,-1.2698056,1.330735,0.8913232,-0.95105654,0.309017,-1.0,-1.8369701e-16,0.0
2016-09-06 00:00:00,4.0,0.43529806,0.4446207,1.2109962,-0.49699062,0.3461712,-0.73662573,-1.2149476,0.25687045,-0.11419608,-0.6038053,-1.2152368,0.8157278,-0.3999672,-0.5932053,0.03847473,-0.26495665,-0.35991818,-0.19305123,-0.10651705,0.3453803,-0.15730911,-1.1045505,0.32825565,1.2172712,0.0,1.0,-1.0,-1.8369701e-16,0.0
2016-09-07 00:00:00,4.0,-1.3365014,-1.4513439,-0.65011984,-0.62688017,0.87423086,-0.9294724,-0.31561977,0.15627784,0.08245211,-0.35697964,-0.91442007,0.9327421,-0.8173207,-1.0017902,0.0025512527,-0.5682408,-0.3771485,-0.41407648,-0.31298423,-0.76183337,-0.55665684,-1.4308422,0.6876872,0.42531872,0.95105654,0.309017,-1.0,-1.8369701e-16,0.0
2016-09-08 00:00:00,4.0,0.73563945,1.374962,-0.14512573,-1.3370334,-0.6904783,-0.43762735,0.2076959,0.2380785,-0.20999202,-0.53650594,-1.0703061,0.527292,-0.5140542,-0.7454218,0.094802566,0.0052872687,-0.22092596,-0.36417463,0.3414622,0.0676889,-0.27751517,-1.2016559,-1.2275999,0.32216242,0.58778524,-0.809017,-1.0,-1.8369701e-16,0.0
2016-09-09 00:00:00,4.0,0.39928728,0.81056845,0.017514404,-0.2594524,-0.52937436,-0.6914579,-0.31575802,0.10272833,-0.46933672,-0.71325874,-1.2117084,0.1607491,-0.3320219,-0.58765954,0.2339445,0.6617913,-0.11507449,-0.24004856,0.40129068,0.6005863,-0.10459296,-1.0386133,-0.7930357,-0.019279843,-0.58778524,-0.809017,-1.0,-1.8369701e-16,0.0
2016-09-12 00:00:00,4.0,-1.0419585,-1.1047825,-0.5168129,0.14215219,-0.18738149,-0.92169684,-0.3541012,-0.31327707,-0.5336625,-0.72782546,-1.161302,0.0039131427,-0.6364189,-0.8910157,0.20459956,-0.26803228,-0.35933858,-0.5596965,-0.12708722,-0.2600421,-0.39043656,-1.2668412,-0.33264858,-0.31763425,-0.95105654,0.309017,-1.0,-1.8369701e-16,0.0
2016-09-13 00:00:00,4.0,-0.76103586,0.21188614,0.7836232,0.45641205,0.7306841,0.871647,1.0631689,-1.147573,-0.37025186,-0.58495146,-1.0005085,0.1943623,-0.8184099,-1.0781835,0.10492902,-0.64247274,-0.54463917,-0.63450515,-0.7884677,-0.789861,-0.5634609,-1.3774234,0.5199139,-1.1742426,0.0,1.0,-1.0,-1.8369701e-16,0.0
2016-09-14 00:00:00,4.0,-1.5233661,-1.6741033,-0.68167156,-1.1277704,1.0824891,1.944584,0.46229067,0.3480829,-0.08725162,-0.31766155,-0.7011867,0.47674143,-1.1939374,-1.4740148,-0.11680996,-0.6832453,-0.7525465,-0.89032143,-1.5775255,-1.7870185,-0.92947674,-1.6477818,0.7233174,-0.4887844,0.95105654,0.309017,-1.0,-1.8369701e-16,0.0
2016-09-15 00:00:00,4.0,-0.6358524,-1.1475048,0.709582,-1.2123075,-0.28844076,-0.2562525,-0.9468052,0.29279622,-0.24488452,-0.3942836,-0.7193536,0.20353314,-1.2869109,-1.5724752,-0.31103024,-1.1125348,-0.6554715,-0.92218727,-1.951223,-1.798879,-1.0287601,-1.7015295,-0.38567352,-0.4811714,0.58778524,-0.809017,-1.0,-1.8369701e-16,0.0
2016-09-16 00:00:00,4.0,0.51784354,1.0559844,-1.0428882,0.25308028,0.008259926,1.061596,0.6768304,-0.24236715,-0.33422565,-0.46997884,-0.7953316,0.10231226,-1.0268809,-1.3412277,-0.3242302,-1.0772387,-0.24386688,-0.74515027,-1.8462403,-1.1540174,-0.77369773,-1.466986,-0.23364797,-0.08070701,-0.58778524,-0.809017,-1.0,-1.8369701e-16,0.0
2016-09-19 00:00:00,4.0,-0.23002402,-0.24366598,-1.1391505,2.339747,0.5850296,3.0,2.6095006,0.10016655,-0.21412957,-0.37132847,-0.69724643,0.24804522,-1.0307713,-1.3372653,-0.30209902,-0.82653725,-0.6410703,-0.8038144,-2.0361772,-1.0939032,-0.7385588,-1.4079286,0.49905586,-0.14446479,-0.95105654,0.309017,-1.0,-1.8369701e-16,0.0
2016-09-20 00:00:00,4.0,0.9203612,0.5959589,1.975483,-1.2304589,-0.69144726,-0.23792061,-2.0218246,1.3628047,-0.10698937,-0.3096204,-0.6837686,0.4633588,-0.6495125,-1.0085118,-0.13039301,-0.30291846,-0.55368483,-0.6308351,-2.066645,-0.31028825,-0.37527055,-1.0946485,-0.7843311,-0.22770542,0.0,1.0,-1.0,-1.8369701e-16,0.0
2016-09-21 00:00:00,4.0,-0.4887741,-0.45419693,1.1592778,-0.058940407,-1.205922,-0.74204123,-0.88161665,-0.6191979,-0.46242398,-0.53315705,-0.82904387,-0.06574632,-0.7516047,-1.0959618,-0.06932638,0.02624178,-0.38893712,-0.52713877,-2.1698697,-0.5512137,-0.48641276,-1.1517136,-1.4229791,-0.2091338,0.95105654,0.309017,-1.0,-1.8369701e-16,0.0
2016-09-22 00:00:00,1.0,0.0019869662,-0.71930414,0.4907915,-0.10504375,-0.9602517,-0.42641985,0.46200162,0.9284949,-0.71432847,-0.7186298,-0.9756016,-0.3846298,-0.7035022,-1.0437577,0.0047849244,0.23285972,-0.5312476,-0.51494586,-2.4618518,-0.45076144,-0.4437031,-1.0863436,-1.1595623,-0.33771464,0.58778524,-0.809017,-1.0,-1.8369701e-16,0.0
2016-09-23 00:00:00,1.0,1.933796,1.141042,0.71749884,-1.2311485,1.0343069,0.5803716,1.451451,1.6529341,0.0062123593,-0.32454625,-0.77052695,0.8379465,-0.09472621,-0.52640486,0.32330877,0.64710635,-0.29442498,-0.27701262,-2.7086682,0.8485842,0.14290105,-0.5980281,0.82163095,0.054595076,-0.58778524,-0.809017,-1.0,-1.8369701e-16,0.0
2016-09-26 00:00:00,4.0,0.4611317,1.0842491,0.2946522,-0.73017424,-0.032949,-0.350444,-1.0764161,-0.9483458,-0.13249576,-0.40693003,-0.8410183,0.7010864,0.05070767,-0.39794883,0.58042854,0.91974425,-0.017447468,-0.26686877,-2.9239824,1.1149223,0.2933655,-0.46579355,0.030284695,-0.03618565,-0.95105654,0.309017,-1.0,-1.8369701e-16,0.0
2016-09-27 00:00:00,4.0,-0.94194716,0.39563873,1.0349985,0.13134308,-0.99763787,-0.35175923,-0.1549506,-2.398146,-0.20229882,-0.40471622,-0.7878061,0.53343326,-0.24678291,-0.64630204,0.64654344,0.3326375,-0.025367927,-0.4139569,-3.0,0.5668521,0.057838634,-0.6220046,-1.1226737,0.23558396,0.0,1.0,-1.0,-1.8369701e-16,1.0
2016-09-28 00:00:00,4.0,-0.7083135,-1.3533643,-1.0115861,-0.32778195,0.33030447,-0.28458098,-0.07132286,1.0437462,-0.07170796,-0.29087794,-0.6687915,0.6116221,-0.46332344,-0.8303331,0.60314566,0.3285136,0.18566827,-0.4502356,-3.0,0.13169236,-0.12136255,-0.73805916,0.4544058,-0.054054588,0.95105654,0.309017,-1.0,-1.8369701e-16,1.0
2016-09-29 00:00:00,1.0,0.89879346,0.76279706,1.7524794,-1.1637009,-0.9227624,-0.4009662,-0.41044396,0.69041854,-0.23953064,-0.40991145,-0.7767708,0.44964764,-0.17432892,-0.59803426,0.6898333,0.75547516,0.53435993,-0.19170737,-2.877842,0.6911296,0.16570881,-0.52057195,-0.8836126,0.026066944,0.58778524,-0.809017,-1.0,-1.8369701e-16,1.0
2016-09-30 00:00:00,1.0,3.0,-0.12315836,0.21190071,1.262065,-1.0222617,1.6170005,3.0,3.0,1.648515,0.6168833,-0.30284435,2.6221242,0.803687,0.3000538,1.0985411,1.4899971,1.225903,0.50034267,-2.0338447,2.4258864,1.1230565,0.18118322,-1.1504787,-1.544891,-0.58778524,-0.809017,-1.0,-1.8369701e-16,1.0
2016-10-03 00:00:00,1.0,-0.16703077,0.72393924,-0.3499734,0.60238457,0.45359588,0.67869335,-0.8817348,-1.1562531,1.1627941,0.49906603,-0.33264986,1.8490788,0.7856074,0.28001916,1.369139,1.2112312,1.3273962,0.20353742,-2.0774372,1.8754375,1.0973631,0.19178106,0.4171531,-1.868044,-0.95105654,0.309017,-1.0,-1.8369701e-16,1.0
2016-10-04 00:00:00,1.0,1.4470364,1.4878235,-0.9782534,-0.5879045,1.2634066,-0.05276575,-0.84367406,0.14074531,0.90784067,0.3886167,-0.45650646,1.5448148,1.2053424,0.69965905,1.6725402,2.2483215,1.533879,0.34931856,-1.8475428,2.0437183,1.5955032,0.5554488,1.0305108,-2.0310307,0.0,1.0,-0.8660254,0.5,0.0
2016-10-05 00:00:00,1.0,1.5602608,1.1158528,0.053418193,-0.66482615,2.7338789,2.6238925,3.0,0.3423107,1.2629503,0.6647267,-0.3485773,1.8285526,1.6313874,1.1644003,1.9320897,3.0,2.218173,0.82252926,-1.5720503,2.041525,2.0191345,0.89850336,1.6862016,-1.9489056,0.95105654,0.309017,-0.8660254,0.5,0.0
2016-10-06 00:00:00,4.0,0.6333096,1.4246368,-1.4690338,-0.1531187,-0.5805856,0.6698576,-1.1639618,-0.36412296,0.37427843,0.15072505,-0.6405993,0.9653611,1.861158,1.4213026,2.1739614,2.787223,2.4682527,0.8533553,-1.4917952,1.7886354,2.2785563,1.1650292,-0.3875578,-1.8351843,0.58778524,-0.809017,-0.8660254,0.5,0.0
2016-10-07 00:00:00,4.0,0.19626878,0.39170402,0.97146577,0.19908877,-0.6039109,0.25089955,-0.49854392,-0.10113199,-0.27292922,-0.2809527,-0.8707745,0.3314594,1.9443195,1.5471897,2.2349708,1.4874518,1.9633633,0.86971647,-1.2327011,1.5340556,2.322714,1.3217432,-0.43121552,-1.758528,-0.58778524,-0.809017,-0.8660254,0.5,0.0
2016-10-10 00:00:00,4.0,1.873384,1.3615429,-1.1637505,-0.42584002,1.9434102,0.9263822,0.67898,0.63779366,0.24840719,-0.026376912,-0.82684296,0.93993694,2.322118,2.086083,2.2438905,2.2329822,2.309989,1.4609009,-0.8195048,1.6309621,2.6892989,1.7518768,1.5144634,-2.9585912,-0.95105654,0.309017,-0.8660254,0.5,0.0
2016-10-11 00:00:00,4.0,1.1829332,1.5673956,-1.053689,-1.0273933,1.2715503,-0.35045657,-1.1630383,-0.49669892,0.31152666,-0.0016127735,-0.84862375,1.0371834,2.5047128,2.4108346,2.2673154,2.0760105,2.709467,1.8876902,-0.63294953,1.544112,2.7800188,2.0441935,1.1770424,-2.0479982,0.0,1.0,-0.8660254,0.5,0.0
2016-10-12 00:00:00,4.0,-1.2680218,-0.9753095,0.33179227,-0.31855053,2.20479,0.10649637,0.47006834,-0.341285,1.1404278,0.77220815,-0.25789085,1.5594196,1.7785134,1.7866253,1.9031585,0.99509406,2.3992352,1.9684289,-0.58673966,1.1249806,1.9546857,1.5453196,1.6350399,-2.3001926,0.95105654,0.309017,-0.8660254,0.5,0.0
2016-10-13 00:00:00,4.0,-0.38390926,-0.49829894,1.6667804,-0.41581845,0.35795876,0.017172612,-0.22307877,-0.06101204,0.82791215,0.67428887,-0.21377075,1.1557888,1.6064037,1.6577567,1.6094722,0.61055624,2.0261493,2.0425146,-0.7244244,0.942152,1.6568848,1.4735575,0.6462279,-2.2573707,0.58778524,-0.809017,-0.8660254,0.5,0.0
2016-10-14 00:00:00,4.0,-0.059035216,0.21754614,2.038294,-0.52414733,1.3544492,0.654472,0.5599286,-0.5826858,1.1417462,0.98801947,0.05302992,1.3353889,1.5995635,1.6828973,1.2816943,0.51459974,1.204392,1.9477785,-0.64300615,0.83820826,1.4160379,1.4031436,1.4046973,-2.144202,-0.58778524,-0.809017,-0.8660254,0.5,0.0
2016-10-17 00:00:00,4.0,0.5848656,0.99947387,0.6619135,-1.1876664,-0.21516375,-0.7753882,-1.3251157,-0.1833567,0.49307862,0.53266835,-0.19445023,0.7570402,1.7348793,1.8763766,1.1179384,0.023593118,1.3661727,2.1126719,-0.47727513,0.8529512,1.4730366,1.6507777,0.08029112,-2.1474605,-0.95105654,0.309017,-0.8660254,0.5,0.0
2016-10-18 00:00:00,4.0,-0.9553119,-1.561478,-1.4588584,-0.23104759,-0.62745965,-0.6979877,-0.06279782,-0.11601634,-0.07046105,0.19214995,-0.27807292,0.12598693,1.218492,1.423609,0.83345616,-0.8048978,0.7931939,1.7415477,-0.6651799,0.61402005,1.0702187,1.4800173,-0.28069335,-1.8735598,0.0,1.0,-0.8660254,0.5,0.0
2016-10-19 00:00:00,4.0,0.21383774,-1.0046486,0.58814186,-0.69565403,-0.92686635,-0.61286736,-0.0051426543,1.214637,-0.45989528,-0.15175185,-0.4752372,-0.22918798,1.2737393,1.4957323,0.6063998,-0.23719834,0.47961307,1.8621473,-0.21264009,0.590888,1.0242679,1.5867459,-0.833801,-1.8231007,0.95105654,0.309017,-0.8660254,0.5,0.0
2016-10-20 00:00:00,4.0,0.5176288,1.0907825,0.2667138,-0.9967261,-0.80172175,-0.22895157,0.31990772,-0.17790897,-0.9454385,-0.6166798,-0.7934349,-0.6464806,1.3964118,1.631923,0.47679567,0.1061952,0.45743424,1.9118663,0.10949899,0.62515557,1.0921866,1.7906184,-0.4584257,-1.5424216,0.58778524,-0.809017,-0.8660254,0.5,0.0
2016-10-21 00:00:00,4.0,-0.17196755,1.1596704,0.13685757,-1.0831391,-1.2192922,-0.6923086,-0.6486181,-1.134222,-1.5388029,-1.1602455,-1.1375898,-1.2215034,1.3384058,1.5706325,0.32477644,0.06519014,0.37351897,1.5086322,0.13570288,0.5302349,0.97620744,1.8086883,-1.3045911,-1.8680781,-0.58778524,-0.809017,-0.8660254,0.5,0.0
2016-10-24 00:00:00,4.0,0.24350847,0.91786087,-0.6773058,0.11056814,-0.9441184,-0.5150578,0.075791866,-0.274322,-1.8896614,-1.6039709,-1.4912852,-1.4990083,1.396978,1.6214051,0.2107833,-0.07919946,-0.03330885,1.4539231,0.47044805,0.5242479,1.0014187,1.9284497,-1.0892897,-1.8380097,-0.95105654,0.309017,-0.8660254,0.5,0.0
2016-10-25 00:00:00,4.0,-1.0934842,-1.5607151,-0.24898276,-1.143584,0.21805848,-0.9739885,-0.7007422,0.18205054,-1.4036278,-1.3299823,-1.2962223,-0.9884759,0.80804753,1.098762,-0.08600289,-0.11703271,-0.6123054,1.3926644,0.30397087,0.24170111,0.43302915,1.4712218,0.78216285,-2.5337572,0.0,1.0,-0.8660254,0.5,0.0
2016-10-26 00:00:00,4.0,1.0998065,1.1932056,-0.06623337,-1.143584,0.8807303,-0.7974166,0.07319973,-0.12038789,-0.8381385,-1.0729945,-1.2927866,-0.24099126,1.1392814,1.4055252,-0.13116118,0.24488652,-0.015942518,1.6742022,0.8346569,0.5091579,0.6643172,1.6682546,1.3799117,-2.2385936,0.95105654,0.309017,-0.8660254,0.5,0.0
2016-10-27 00:00:00,4.0,-1.3681357,-1.0270101,-1.3013538,1.2928474,0.13154152,-0.32337505,0.52723014,-0.98407364,-0.1007363,-0.44693696,-0.8160305,0.3654389,0.4909757,0.8149695,-0.399979,-0.56785595,-0.2688168,1.306662,0.7765531,0.10127421,-0.00322991,1.1342262,0.7644983,-2.0646381,0.58778524,-0.809017,-0.8660254,0.5,0.0
2016-10-28 00:00:00,4.0,0.66010094,1.2024956,-1.4911246,0.10911535,0.055800367,-0.24175358,-0.14409618,-0.4992482,-0.19309647,-0.53469735,-0.98159784,0.3141241,0.73121136,1.0258336,-0.5055454,-0.21202506,-0.082190864,0.8517598,0.8929779,0.36883816,0.17285985,1.2917281,0.7437715,-0.98633593,-0.58778524,-0.809017,-0.8660254,0.5,0.0
2016-10-31 00:00:00,4.0,-0.43247092,-0.0052072452,-1.3323348,2.8356285,-0.1449172,1.0677142,1.200009,-0.7291933,-0.06315875,-0.379311,-0.8794209,0.37568718,0.5854989,0.89039296,-0.66617143,-0.5223269,-0.3848832,0.8172457,0.79693955,0.23578212,-0.08636877,1.1224638,0.28546768,-0.6000947,-0.95105654,0.309017,-0.8660254,0.5,0.0
2016-11-01 00:00:00,4.0,-1.5121795,-1.1169368,-0.1325362,0.017195221,-1.2381124,-0.27786314,-1.0194641,-1.6093941,0.10394422,-0.09821399,-0.512493,0.37231034,-0.15221383,0.23845382,-1.0652746,-0.7287957,-0.5578797,0.28713936,0.44556922,-0.74900043,-0.75738335,0.665018,-1.1658663,-0.50823736,0.0,1.0,-0.8660254,0.5,0.0
2016-11-02 00:00:00,5.0,-3.0,-1.5093778,-0.417321,-0.8053885,3.0,2.389969,2.0458798,-1.3033772,2.8931372,2.6425815,2.4164786,2.2828264,-1.4652481,-1.1163394,-1.7054324,-2.7312653,-1.7145896,-0.7012188,-0.299337,-2.8498158,-1.9068453,-0.40580013,1.748011,0.6048845,0.95105654,0.309017,-0.5,0.8660254,0.0
2016-11-03 00:00:00,5.0,-0.79742104,-0.74603343,1.7658901,-0.9635859,1.6392952,1.4890027,-0.50088257,0.36980543,3.0,3.0,3.0,2.6177487,-1.6446127,-1.3415521,-2.0885403,-2.4101136,-2.076196,-1.0101335,-0.5351923,-2.586632,-1.9582045,-0.6077688,1.6415209,0.58867794,0.58778524,-0.809017,-0.5,0.8660254,0.0
2016-11-04 00:00:00,2.0,-0.97275835,-1.2508408,0.27167517,-0.88184845,0.3632307,0.614336,-0.6095505,0.49730563,3.0,3.0,3.0,2.0826976,-1.8489597,-1.6021062,-2.4054325,-2.8967247,-2.262671,-1.2729186,-0.630029,-2.3550072,-2.12873,-0.8174036,1.2624153,0.6263861,-0.58778524,-0.809017,-0.5,0.8660254,0.0
2016-11-07 00:00:00,5.0,-0.79538363,-0.86993223,-0.63798946,0.8245188,-0.49419332,-0.28530124,-0.78122044,-0.44817516,2.0990617,2.6776152,3.0,1.1609899,-1.9490068,-1.7637342,-2.618068,-2.8637247,-2.4429097,-1.7986097,-1.0669506,-2.047919,-2.227941,-0.9847591,-0.030854017,0.9627248,-0.95105654,0.309017,-0.5,0.8660254,0.0
2016-11-08 00:00:00,4.0,1.0170864,-0.6101378,-1.3463626,2.084774,-1.035513,-0.22038779,-0.1103644,2.2747111,1.3302217,1.9898955,2.5170696,0.5342145,-1.4324305,-1.3464878,-2.4508631,-1.8650494,-1.7984451,-1.7932633,-0.8268311,-1.4652169,-1.7661467,-0.73382133,-1.4486078,1.045247,0.0,1.0,-0.5,0.8660254,0.0
2016-11-09 00:00:00,5.0,0.41902912,0.8259237,-0.5551506,0.49082714,-0.84193426,-0.83280414,-0.7184447,0.03551835,0.3835901,1.1761875,1.7691754,-0.333723,-1.2001349,-1.1524312,-2.235098,-0.43833467,-1.8969102,-1.4375316,-0.8376879,-1.1731087,-1.5596181,-0.61890376,-1.1856576,0.9731779,0.95105654,0.309017,-0.5,0.8660254,0.0
2016-11-10 00:00:00,2.0,0.17749414,1.5095004,-1.4101391,-0.5288099,1.2491646,0.71039903,1.4972563,-3.0,1.3290682,1.815908,2.2875752,0.59176695,-1.0717132,-1.0433774,-1.7345256,-0.059259925,-1.4869009,-1.3174229,-0.74082315,-0.9948831,-1.294941,-0.5724606,1.5393203,0.98988914,0.58778524,-0.809017,-0.5,0.8660254,0.0
2016-11-11 00:00:00,2.0,-1.4199467,-0.7994973,1.4945064,-0.8258629,0.43377128,0.8877253,-0.09345115,-1.0581845,1.5299019,2.0420206,2.6069307,0.62454545,-1.441203,-1.4406453,-1.5960768,-0.24066268,-1.9810892,-1.5901253,-0.8930967,-1.206494,-1.5703167,-0.90716755,1.1795498,0.9256797,-0.58778524,-0.809017,-0.5,0.8660254,0.0
2016-11-14 00:00:00,2.0,-2.010886,-1.6527206,-1.1520658,-0.7179445,1.0585548,0.26072443,-0.50177026,0.3664082,2.321035,2.7274277,3.0,1.1360463,-1.8415102,-1.9189833,-1.5905544,-0.7547023,-2.3349717,-2.077623,-1.3994476,-1.446494,-1.8748262,-1.3084836,1.4085407,0.97286344,-0.95105654,0.309017,-0.5,0.8660254,0.0
2016-11-15 00:00:00,2.0,-0.284645,-1.2108665,-0.4141075,-0.25679776,-0.61196387,-0.3909972,-0.56265014,0.7753662,1.5033879,2.138307,2.7546241,0.31678814,-1.816102,-1.8966008,-1.6492131,-1.2507242,-1.9952838,-1.9120637,-1.3747437,-1.2823391,-1.840132,-1.3674694,-0.33212614,0.94959956,0.0,1.0,-0.5,0.8660254,0.0
2016-11-16 00:00:00,2.0,1.6285121,0.6043522,-0.518757,1.0035553,0.38752982,0.16042088,0.27428263,1.4792913,1.5138267,1.9892571,2.4287188,0.47903958,-1.128158,-1.3155121,-1.3010073,-0.743031,-0.7544327,-1.5819042,-0.739938,-0.8249235,-1.2144072,-0.96281046,1.2175629,1.0865854,0.95105654,0.309017,-0.5,0.8660254,0.0
2016-11-17 00:00:00,5.0,-0.45477954,-0.82345486,-1.1930603,1.4900281,0.57339585,-0.7281086,-0.7255455,0.7868974,1.8807288,2.2467992,2.6097486,0.77218074,-1.2085372,-1.3874766,-1.0419687,-0.99136674,-0.6754112,-1.7248117,-0.83412504,-0.8175357,-1.1690034,-1.0295508,1.2395362,1.0876522,0.58778524,-0.809017,-0.5,0.8660254,0.0
2016-11-18 00:00:00,2.0,0.72111887,0.9936422,0.3035963,-0.7102229,-0.639489,-0.5276858,0.012922039,-0.07805247,1.1991438,1.725996,2.1323507,0.10307033,-0.9072274,-1.1220224,-0.7855576,-0.1472031,-0.24553579,-1.5217011,-0.64177924,-0.5842784,-0.8814274,-0.86875427,-0.18908618,1.1684062,-0.58778524,-0.809017,-0.5,0.8660254,0.0
2016-11-21 00:00:00,5.0,0.026532697,0.024007509,-0.13695844,2.1233225,-0.896804,0.4904973,0.6148183,-0.051696982,0.5609031,1.2513603,1.7614915,-0.6046361,-0.86532706,-1.0736588,-0.5653423,0.66703063,-0.044900287,-1.5250164,-0.70912874,-0.50224495,-0.7806398,-0.86952645,-0.51541144,1.1512539,-0.95105654,0.309017,-0.5,0.8660254,0.0
2016-11-22 00:00:00,4.0,1.1599796,0.60824686,0.21595074,0.367985,-0.2070597,0.25425184,-0.26539612,0.9664776,0.570715,1.1225014,1.5456376,-0.46245673,-0.4108355,-0.6869757,-0.19080424,1.241577,0.013471377,-1.1080954,-0.4857007,-0.16363236,-0.33724406,-0.582327,0.48596293,1.360982,0.0,1.0,-0.5,0.8660254,0.0
2016-11-23 00:00:00,4.0,-0.053779833,-0.8579266,0.9119028,-0.51589334,-0.5726319,-0.3739651,-0.46651727,0.89640874,0.29805058,0.9009262,1.3762614,-0.79782724,-0.4038582,-0.67201936,0.06688287,0.5669207,-0.103632726,-1.2732121,-0.4183931,-0.09295602,-0.24889985,-0.60509396,-0.004935788,1.6721126,0.95105654,0.309017,-0.5,0.8660254,0.0
2016-11-24 00:00:00,4.0,0.19340564,-0.46615475,0.7061528,0.7070907,-0.7934785,-1.545253,-0.9206683,0.7460574,-0.13389422,0.5401821,1.0935403,-1.2653888,-0.30902088,-0.58509976,0.28546974,0.82193667,-0.09628592,-1.0142686,-0.10882447,0.03917235,-0.101519726,-0.57450795,-0.59336376,1.5878369,0.58778524,-0.809017,-0.5,0.8660254,0.0
2016-11-25 00:00:00,4.0,0.00016912514,0.25386208,0.750091,0.723124,-1.401711,-2.0519545,-1.0566384,-0.1348676,-1.0124729,-0.16391604,0.59223974,-2.1911423,-0.28969124,-0.5625173,0.46165,0.5350582,0.2585935,-1.1048849,0.2821748,0.15188153,0.0111692995,-0.6017155,-1.8610853,1.7396853,-0.58778524,-0.809017,-0.5,0.8660254,0.0
2016-11-28 00:00:00,4.0,-0.63176155,-1.3350196,-0.59620744,-0.41226825,-1.1903517,-1.6002134,0.22112805,-0.2448787,-1.4772004,-0.62703353,0.27527326,-2.6055303,-0.51027685,-0.73252606,0.4973393,0.28177196,0.6173667,-1.139251,-0.3217023,0.08552988,-0.08174143,-0.80429065,-1.7315096,1.7152938,-0.95105654,0.309017,-0.5,0.8660254,0.0
2016-11-29 00:00:00,4.0,-0.44269723,-0.4425152,-1.0024898,2.086305,-0.71102214,-0.772993,1.1385292,-0.3542136,-1.3582265,-0.7119093,0.17704888,-2.2760308,-0.6490188,-0.8375325,0.4372055,-0.35605052,0.5773034,-0.9760024,-0.5454566,0.049614474,-0.13735409,-0.9400292,-0.5177693,1.631194,0.0,1.0,-0.5,0.8660254,0.0
2016-11-30 00:00:00,4.0,-1.4794424,-1.3539292,-1.3653935,0.17640954,-0.06501677,0.62863564,1.1221853,-0.6596112,-0.5313084,-0.18227668,0.57435626,-1.276186,-1.1127579,-1.229292,0.15598598,-0.90109706,-0.22479942,-0.67798907,-0.6077625,-0.7310057,-0.58289367,-1.3187621,0.62499523,1.3574952,0.95105654,0.309017,-0.5,0.8660254,0.0
2016-12-01 00:00:00,5.0,2.325227,1.4064112,-0.3922049,-1.0184449,1.9262015,2.6724012,1.4657028,0.21927035,0.8854956,0.6433866,0.8832341,0.5806015,-0.17919797,-0.48431832,0.32955593,-0.045821425,0.51007265,-0.11365148,-0.15446727,0.7598953,0.20757787,-0.62690806,1.4834452,0.50155944,0.58778524,-0.809017,-0.5,0.8660254,0.0
2016-12-02 00:00:00,5.0,1.3567722,-0.3781376,0.49585444,0.89803165,0.9235725,1.6135205,-0.5196035,2.8016632,1.6469749,1.2131162,1.1542845,1.4454869,0.25807342,-0.082766324,0.5883689,0.50910956,0.6823411,0.30639037,0.14388195,1.3649192,0.5515711,-0.29496923,1.213258,0.008913254,-0.58778524,-0.809017,-2.4492937e-16,1.0,0.0
2016-12-05 00:00:00,4.0,-0.5380433,-0.0016506973,0.71033406,1.4106294,0.040691447,-0.38861415,-1.2434298,-0.87977755,1.3385185,1.1646708,1.1898983,0.97430325,0.07594493,-0.23027854,0.68456346,0.530896,0.53076726,0.3403333,0.26253396,0.9409491,0.36912724,-0.4307417,0.5202221,-0.042271875,-0.95105654,0.309017,-2.4492937e-16,1.0,0.0
2016-12-06 00:00:00,4.0,-0.3158461,0.8737245,1.0279044,-0.9460784,-0.7110973,0.07193153,0.3004284,-1.3067176,0.6474783,0.7633326,0.96334094,0.17306946,-0.02104912,-0.30647758,0.7087254,0.5716127,0.14157681,0.10837621,0.37380743,0.7204025,0.28948978,-0.516903,-0.58878917,-0.46341845,0.0,1.0,-2.4492937e-16,1.0,0.0
2016-12-07 00:00:00,4.0,-0.29696184,0.040491104,0.94804084,0.9790311,-0.6066824,0.17481776,-0.073739424,-0.5136366,0.21916765,0.47995007,0.79431856,-0.31604132,-0.11206298,-0.37835765,0.6622286,1.0166473,0.07823802,-0.017468136,0.7008297,0.5586398,0.21523403,-0.6083396,-0.18155795,-0.5092715,0.95105654,0.309017,-2.4492937e-16,1.0,0.0
2016-12-08 00:00:00,4.0,1.2067817,0.65741354,-0.67333335,0.850574,0.01938446,-0.12878628,-0.43805134,1.031447,0.1501259,0.33212027,0.5860323,-0.24676931,0.3060698,-0.013421463,0.75918895,0.5764002,0.34889084,0.17715096,1.2433585,1.0287617,0.591906,-0.3016036,0.47970217,0.032432966,0.58778524,-0.809017,-2.4492937e-16,1.0,0.0
2016-12-09 00:00:00,4.0,0.34216657,1.130062,-0.91186875,-0.048049856,-0.6988052,-0.61624646,-0.66130525,-0.41280347,-0.34482998,-0.07331702,0.2776689,-0.7409345,0.42944765,0.10229593,0.87565976,0.16226938,0.43925324,0.48831895,1.1976409,1.0091153,0.7045683,-0.19394483,-0.6965108,0.10087791,-0.58778524,-0.809017,-2.4492937e-16,1.0,0.0
2016-12-12 00:00:00,4.0,-0.23821846,-1.0282199,-0.83100903,0.67215264,-1.2406684,-0.4935421,-0.047282193,0.1880508,-1.0349813,-0.6344468,-0.1055923,-1.5044934,0.3581095,0.047438666,0.9259644,0.2884395,0.53557587,0.8048517,1.1733445,0.8262859,0.6215493,-0.23832767,-1.688296,-0.21202257,-0.95105654,0.309017,-2.4492937e-16,1.0,0.0
2016-12-13 00:00:00,4.0,0.8182124,0.31756935,1.4467474,-0.08254115,-0.36812866,1.0518268,1.552376,0.969123,-0.7217881,-0.5572626,-0.1675137,-0.95778745,0.6336305,0.30266303,0.96982574,0.75397265,0.8618401,1.0017515,1.1662283,1.0649567,0.8029044,0.013939027,-0.32473797,-0.3924316,0.0,1.0,-2.4492937e-16,1.0,0.0
2016-12-14 00:00:00,4.0,-0.229259,0.580999,0.13504703,0.3854141,-0.5764281,0.19657625,-0.70006037,-0.79510176,-0.99549764,-0.8147981,-0.36323294,-1.2349855,0.5632706,0.25048542,0.96788996,0.7766456,1.1631289,0.662123,1.2102513,0.8410268,0.6938769,-0.022369565,-0.89783937,-0.83022374,0.95105654,0.309017,-2.4492937e-16,1.0,0.0
2016-12-15 00:00:00,4.0,-0.35624063,-0.543644,0.47024342,0.7777583,-1.1088009,-0.09660919,-0.378775,-0.23386528,-1.5022465,-1.2635071,-0.6924597,-1.8017644,0.41975716,0.14564905,0.90542954,0.13784102,0.46295178,0.6771814,1.092905,0.6331504,0.55538684,-0.08208805,-1.6574699,-0.6980528,0.58778524,-0.809017,-2.4492937e-16,1.0,0.0
2016-12-16 00:00:00,4.0,-0.3068266,-0.02493983,-0.39098728,2.2597601,0.636348,0.4412717,0.33478513,-0.48584488,-0.9884326,-0.9744839,-0.54493445,-1.0782417,0.29984915,0.05972311,0.6871723,-0.12562925,0.02359359,0.48964375,0.5619455,0.46741134,0.3509307,-0.18322544,0.7194601,-0.79680246,-0.58778524,-0.809017,-2.4492937e-16,1.0,0.0
2016-12-19 00:00:00,4.0,1.2184141,1.3436117,-1.3109121,-0.25749233,0.241357,1.6831108,0.9009496,0.35960504,-0.8907217,-1.0190623,-0.72186506,-0.78516066,0.7392397,0.4492287,0.7257891,0.4705649,0.48479396,0.70506924,0.8305593,0.8748934,0.7418667,0.25505626,0.3782363,-0.99657124,-0.95105654,0.309017,-2.4492937e-16,1.0,0.0
2016-12-20 00:00:00,4.0,0.0074811354,0.17372441,2.2716541,-0.5518893,-0.9321644,-0.49655253,-1.3378049,-0.061971255,-1.3458601,-1.395972,-1.033691,-1.3090687,0.76207554,0.47503585,0.7702876,0.13729885,0.5686645,0.49460965,1.0619799,0.7594448,0.7596955,0.35376906,-1.4356925,-1.2496746,0.0,1.0,-2.4492937e-16,1.0,0.0
2016-12-21 00:00:00,4.0,0.4047201,0.9305662,-0.78921396,0.23547885,-0.13269533,-0.90789384,-0.67035496,-0.21221097,-1.3211577,-1.4575168,-1.1695755,-1.1734501,0.9027482,0.6141569,0.7942963,0.39500916,0.74688244,0.57707983,1.3824937,0.7852963,0.87049365,0.5399646,-0.16413236,-1.165691,0.95105654,0.309017,-2.4492937e-16,1.0,0.0
2016-12-22 00:00:00,4.0,0.064896904,0.12183464,0.145113,1.3485502,0.29273087,-0.84487087,-0.072594576,-0.06471765,-1.0762376,-1.3222848,-1.138075,-0.78072745,0.9383042,0.6550996,0.7479016,0.5660484,0.4481847,0.55265546,1.2505028,0.70031995,0.8060748,0.5602918,0.36522445,-1.1130803,0.58778524,-0.809017,-2.4492937e-16,1.0,0.0
2016-12-23 00:00:00,4.0,0.7270771,1.4600221,-1.307239,-0.6707661,-0.9016808,-0.7107001,0.14137629,0.2600695,-1.36886,-1.5785619,-1.410874,-1.1000687,1.1442952,0.8679073,0.84065115,0.9630625,0.53708935,0.6748225,0.5979573,0.8252572,1.0654494,0.88872427,-1.2485178,-1.1620812,-0.58778524,-0.809017,-2.4492937e-16,1.0,0.0
2016-12-28 00:00:00,4.0,-0.12634452,0.09998496,1.4227291,0.2638678,-1.6424941,-1.9186718,-1.7829949,-0.13254659,-1.9516271,-2.028609,-1.7774522,-1.9515983,1.1230631,0.8537764,0.9061211,0.4204428,0.57000244,0.75860184,0.6204339,0.7064178,1.0709273,1.0318936,-1.7270651,-1.0378909,-0.95105654,0.309017,-2.4492937e-16,1.0,0.0
2016-12-29 00:00:00,4.0,0.68023,0.60782206,-0.5173403,0.75973403,0.14785938,-0.7591837,3.0,0.4190866,-1.5872806,-1.8440441,-1.7513324,-1.2877425,1.2996695,1.0469263,0.9048128,0.68064284,0.522483,0.9414919,0.4446192,0.83139986,1.1870126,1.231705,0.17756204,-1.3844149,0.58778524,-0.809017,-2.4492937e-16,1.0,1.0
2016-12-30 00:00:00,4.0,0.21119115,0.85095507,0.3243867,-0.5763923,-0.5619657,-1.2491649,-0.9634998,-0.31544933,-1.6328427,-1.8970045,-1.8456773,-1.3286693,1.3571075,1.1185509,0.92960715,0.6161629,0.64067227,1.2180302,0.057101104,0.8888708,1.16119,1.3561324,-1.0388038,-1.3892367,-0.58778524,-0.809017,-2.4492937e-16,1.0,1.0
2017-01-03 00:00:00,4.0,-0.30732384,0.47626823,-0.7526015,1.2833427,-0.853985,-1.0541859,0.122991994,-0.8247622,-1.6465259,-1.9096408,-1.8829584,-1.3474641,1.1946372,1.0155798,0.8332823,0.4881062,0.6710677,0.7543534,-0.23787162,0.7239227,0.9643306,1.2907394,-1.2324189,-0.8666919,-0.95105654,0.309017,-2.4492937e-16,1.0,1.0
2017-01-04 00:00:00,4.0,0.9348785,1.0629455,0.15591285,-0.90964115,0.7857669,0.2835427,1.8369731,0.28262502,-1.3006608,-1.7023189,-1.8187063,-0.66337645,1.4277308,1.2715012,0.824068,0.57266337,0.98719496,0.66220504,0.019168196,0.89829475,1.2124441,1.5332637,0.32161,-0.21832922,0.95105654,0.309017,0.5,0.8660254,0.0
2017-01-05 00:00:00,4.0,0.19527614,0.5649385,-1.33332,1.5376139,-1.2186421,1.9969448,1.4323565,0.07764455,-1.6168897,-1.9077882,-1.9949625,-1.1965423,1.4848844,1.3448732,0.88894355,0.7244737,0.71676105,0.7905588,-0.5053128,0.8467475,1.3093877,1.7483238,-1.5427595,-0.29706627,0.58778524,-0.809017,0.5,0.8660254,0.0
2017-01-06 00:00:00,4.0,-0.3304132,0.090626225,0.66784567,0.9485041,0.0883976,-0.26990688,-1.3321774,-0.68764293,-1.4972346,-1.815527,-1.9393061,-0.99195844,1.2955731,1.2329916,0.75106525,0.31101713,0.6560723,0.8004494,-0.98293096,0.67892647,1.0571896,1.6103518,-0.52642024,-0.036189094,-0.58778524,-0.809017,0.5,0.8660254,0.0
2017-01-09 00:00:00,4.0,-0.45976695,-1.380653,-0.98187596,-0.040369358,-0.9328982,-0.7937102,-0.8191059,-0.015958123,-1.6514533,-1.8993443,-1.9939278,-1.3220518,1.0108856,1.0482261,0.5313841,0.027479772,0.4427954,0.78748024,-0.72936684,0.50449795,0.79421765,1.5413573,-1.3990833,-0.08913788,-0.95105654,0.309017,0.5,0.8660254,0.0
2017-01-10 00:00:00,4.0,-0.21037078,-0.2864068,-0.23175593,1.7624699,1.7788279,-0.3155426,0.49076077,-0.03854705,-1.1105015,-1.5267143,-1.7372134,-0.29850212,0.9099783,0.985451,0.21750587,0.07373728,0.38084376,0.54321533,-0.6752925,0.39534912,0.5185194,1.2675085,1.0239016,-0.8747971,0.0,1.0,0.5,0.8660254,0.0
2017-01-11 00:00:00,4.0,-0.31879574,0.4964499,-0.4552398,0.9267889,-1.0330416,-0.15213856,0.015670817,-0.7403278,-1.3074046,-1.6185828,-1.7894883,-0.7048826,0.7277524,0.8681238,-0.057462677,-0.47536296,0.091363244,0.43483046,-0.7564076,0.25377443,0.34162626,1.2376647,-1.4541351,-0.89098716,0.95105654,0.309017,0.5,0.8660254,0.0
2017-01-12 00:00:00,4.0,0.16917567,0.9807525,0.06960318,-0.5500273,0.7260621,-0.50028807,-0.5816014,-0.820623,-1.1126759,-1.4763114,-1.700322,-0.31082264,0.8188742,0.9497184,-0.23844756,-0.48736364,0.17580685,0.5136683,-0.8788868,0.28439277,0.3198456,1.2374543,0.31424212,-0.7405213,0.58778524,-0.809017,0.5,0.8660254,0.0
2017-01-13 00:00:00,4.0,0.22120702,0.6043071,-0.3995163,0.56121683,0.68314046,-0.13112687,0.23446417,-0.32157543,-0.9776223,-1.3640941,-1.6277125,-0.03833151,0.9193507,1.0372565,-0.3231864,-0.25511226,0.03956037,0.3999812,-0.5104793,0.3334559,0.34392068,1.2512931,0.14796583,-0.6587661,-0.58778524,-0.809017,0.5,0.8660254,0.0
2017-01-16 00:00:00,4.0,0.28978074,0.52381927,1.5876973,-0.8422003,-0.27178064,0.29083815,0.2562921,0.09702014,-1.1121287,-1.4259043,-1.6728495,-0.29554674,1.03844,1.1437373,-0.34431863,0.061907116,0.05822351,0.49683532,-0.48289555,0.413609,0.4277404,1.3635286,-0.65798557,-0.44009677,-0.95105654,0.309017,0.5,0.8660254,0.0
2017-01-17 00:00:00,4.0,-0.8177567,-1.8105819,-0.9343491,-1.0256371,-0.51680094,-0.4402343,-0.8637,-0.15898739,-1.1964566,-1.4434503,-1.6536428,-0.5266838,0.4422086,0.745317,-0.5519597,-0.19385894,-0.078053325,0.43534544,-0.8941226,0.049558498,-0.015762607,1.0847628,-0.7563152,-0.9671124,0.0,1.0,0.5,0.8660254,0.0
2017-01-18 00:00:00,4.0,-1.5202556,-1.7705454,-0.5166297,-1.418324,1.3281153,0.7151946,1.2757975,-0.36141717,-0.82462907,-1.1586869,-1.4096233,0.123991184,-0.46156147,0.030118575,-0.94506705,-0.71013033,-0.77283865,0.23384485,-1.3205034,-0.78383017,-0.7823289,0.41935885,0.76711786,-0.39726827,0.95105654,0.309017,0.5,0.8660254,0.0
2017-01-19 00:00:00,1.0,0.40987846,0.59358865,0.43440387,0.100148216,-0.4200632,0.5002639,-0.50029397,0.25844634,-1.0321769,-1.274427,-1.4976788,-0.254705,-0.23176055,0.20569038,-1.1369065,-0.60378474,-0.7101226,0.06749732,-1.2645516,-0.6188984,-0.61450756,0.5820607,-0.7501997,-0.08284658,0.58778524,-0.809017,0.5,0.8660254,0.0
2017-01-20 00:00:00,1.0,-0.87503344,-0.5398667,-1.1932733,1.8698239,3.0,0.55957764,-0.13456331,-0.12360562,0.57432145,-0.20405318,-0.74523616,2.3541653,-0.6487877,-0.1698566,-1.0488412,-1.0599705,-0.85827625,-0.08977326,-1.2228993,-1.2444965,-0.85798836,0.005693281,1.5859435,0.11382352,-0.58778524,-0.809017,0.5,0.8660254,0.0
2017-01-23 00:00:00,1.0,-0.12355293,-0.4959046,2.0614693,-0.70970243,-0.20967643,0.3972832,-0.26273802,0.14245124,0.11034542,-0.38396487,-0.8281092,1.440374,-0.6797767,-0.19912152,-1.1882777,-1.2180789,-0.76284444,-0.19617923,-1.6033503,-1.3352604,-0.9035543,-0.008567899,-0.5688528,-0.12376292,-0.95105654,0.309017,0.5,0.8660254,0.0
2017-01-24 00:00:00,1.0,-1.6175948,-1.1216122,0.4535777,-0.76963204,0.98931587,0.45184857,-0.10930277,-1.0515684,0.4420979,-0.056296933,-0.5259801,1.6364027,-1.3111546,-0.8667772,-1.3618103,-1.5298278,-1.139753,-0.5117515,-1.7457117,-1.99618,-1.3717506,-0.5053351,1.130736,0.11921442,0.0,1.0,0.5,0.8660254,0.0
2017-01-25 00:00:00,1.0,0.3828439,0.19166575,1.1167855,0.4270046,0.13209131,0.055039134,-0.4372025,0.3630837,0.19761813,-0.1462931,-0.5680048,1.1863446,-1.0741467,-0.6929229,-1.4060675,-0.7459151,-0.94293344,-0.58489925,-1.8537271,-1.500154,-1.1844594,-0.40824032,0.33848703,0.46238667,0.95105654,0.309017,0.5,0.8660254,0.0
2017-01-26 00:00:00,1.0,-0.23152065,-0.90035343,1.5672941,-1.3226811,-0.42187464,-0.45017332,-0.4548211,0.22365153,-0.19709975,-0.34661305,-0.6677173,0.51958805,-1.1276107,-0.7654133,-1.4544046,-0.99904656,-1.0406752,-0.6061098,-1.8338369,-1.3738942,-1.2397801,-0.49094996,-0.6063821,0.2590367,0.58778524,-0.809017,0.5,0.8660254,0.0
2017-01-27 00:00:00,4.0,-0.39843315,-1.6537315,-0.50753534,-1.3026879,-0.58379275,0.24118435,0.402725,0.3502822,-0.56926274,-0.56538224,-0.7838525,-0.10400091,-1.2346199,-0.8978503,-1.5106682,-0.7995065,-1.1892926,-0.8089257,-1.5036501,-1.2986025,-1.3471895,-0.6324394,-1.0341005,1.2836285,-0.58778524,-0.809017,0.5,0.8660254,0.0
2017-01-30 00:00:00,4.0,0.1616885,-0.3438365,-1.0846373,2.0769506,-0.24817099,-0.42256188,-0.53558886,0.5331228,-0.7073766,-0.6732977,-0.85309577,-0.30717966,-1.1072409,-0.80385345,-1.4334986,-0.7141325,-1.2211313,-0.8186485,-0.29053208,-1.1236465,-1.2338847,-0.59917223,-0.4225251,1.2588723,-0.95105654,0.309017,0.5,0.8660254,0.0
2017-01-31 00:00:00,4.0,-1.8095726,-1.4980023,-0.66107124,-0.8133894,0.25339383,0.21851474,0.33186328,-1.1122676,-0.22134903,-0.33806542,-0.569253,0.37911847,-1.6121919,-1.4001143,-1.4425051,-0.74408555,-1.4399363,-1.0572792,-0.57190454,-1.4809052,-1.6403128,-1.1088828,0.53371215,1.6330843,0.0,1.0,0.5,0.8660254,0.0
2017-02-01 00:00:00,4.0,-0.59590596,-0.88753194,1.7787138,-1.430891,-0.046678048,1.8277664,0.8324083,-0.05459257,-0.31049827,-0.36972973,-0.56029356,0.19198112,-1.7156825,-1.5429598,-1.5270876,-1.2048081,-1.1928861,-1.3205874,-0.4073702,-1.444235,-1.7047896,-1.2706194,-0.055148028,1.2968855,0.95105654,0.309017,0.5,0.8660254,0.0
2017-02-02 00:00:00,4.0,-0.068140015,-1.2671793,-0.31458032,-0.5710339,-0.106476605,0.5168282,-0.84317285,1.1472019,-0.40153292,-0.42512494,-0.5872885,0.039184485,-1.6935271,-1.5244787,-1.5179883,-1.2285031,-1.3413359,-1.3640707,-0.1474265,-1.3087437,-1.603706,-1.2883259,-0.107940674,1.1554636,0.58778524,-0.809017,0.8660254,0.5,0.0
2017-02-03 00:00:00,4.0,-0.09013769,0.15563071,1.9229891,-0.16228262,-0.5396347,1.0756493,0.07653789,-0.24525991,-0.6705896,-0.5978184,-0.6913124,-0.4029265,-1.6655068,-1.5053005,-1.488929,-1.1189231,-1.134061,-1.3173734,-0.53958684,-1.1931723,-1.5415952,-1.321206,-0.80344313,1.1503304,-0.58778524,-0.809017,0.8660254,0.5,0.0
2017-02-06 00:00:00,4.0,0.93335295,1.0125858,-0.034626883,-0.41460842,-0.21065237,-0.057965573,-0.53476673,0.5254303,-0.68927914,-0.65913326,-0.76349586,-0.34892625,-1.1146247,-1.0991008,-1.2159691,-0.76460713,-0.8899413,-1.082488,-0.40305665,-0.86542493,-1.1139177,-1.045786,-0.36287922,1.4658681,-0.95105654,0.309017,0.8660254,0.5,0.0
2017-02-07 00:00:00,1.0,-0.39732397,-0.71204185,1.4188733,-0.8779464,-0.13434482,-0.26972643,-0.2273536,0.009426684,-0.6960198,-0.67487484,-0.763039,-0.3651876,-1.2059222,-1.1952866,-1.0210351,-0.103384405,-0.5456103,-1.1046259,-0.5878308,-0.8812471,-1.1325294,-1.1501081,-0.30755445,1.5284109,0.0,1.0,0.8660254,0.5,0.0
2017-02-08 00:00:00,4.0,-3.0,-1.1797365,0.48501584,-1.117743,0.91902643,3.0,2.5363765,-3.0,0.88549256,0.38180414,0.020329645,1.7264037,-1.897492,-2.0590916,-1.0591912,-1.345314,-1.5183239,-1.5721024,-1.0998749,-1.4974624,-1.7430772,-1.7804174,1.4931917,0.96077865,0.95105654,0.309017,0.8660254,0.5,0.0
2017-02-09 00:00:00,4.0,-0.2586698,-0.6338534,-0.7894482,1.1627123,0.097271286,1.5818826,-0.69018745,0.31759122,0.70016336,0.35702956,0.03873044,1.2987691,-1.8959672,-2.059744,-1.1741576,-1.4211553,-1.5823162,-1.6430357,-0.4386326,-1.3762907,-1.6770672,-1.8074075,0.52231157,0.9117943,0.58778524,-0.809017,0.8660254,0.5,0.0
2017-02-10 00:00:00,4.0,0.3986548,-0.3745469,0.76327103,0.45231646,0.005106447,0.67842644,-0.54867667,1.1061215,0.46195847,0.26028526,-0.013771086,0.9074746,-1.6617407,-1.859982,-1.1281583,-1.2161506,-1.4104809,-1.6132982,-0.20852876,-1.1729493,-1.4414223,-1.6998422,0.27410248,1.1843699,-0.58778524,-0.809017,0.8660254,0.5,0.0
2017-02-13 00:00:00,4.0,0.115096144,-0.12896451,1.2987525,0.45685947,-0.10992025,1.6837965,0.55723774,0.3293789,0.24994582,0.16304749,-0.060467772,0.566149,-1.5545021,-1.7571018,-1.0049945,-1.567912,-1.4112307,-1.6298957,-0.81509674,-1.0675337,-1.2697725,-1.6624625,0.18137904,1.208326,-0.95105654,0.309017,0.8660254,0.5,0.0
2017-02-14 00:00:00,1.0,-0.05340804,-0.5979383,-0.91196305,1.3137387,-0.12802605,-0.8938459,-1.3312552,0.5636579,0.106959105,0.09461493,-0.08877219,0.32842216,-1.525333,-1.7189504,-0.85005087,-1.4136145,-0.9227905,-1.4942085,-0.6537791,-1.0035772,-1.1528847,-1.6482462,0.21260065,1.2307166,0.0,1.0,0.8660254,0.5,0.0
2017-02-15 00:00:00,1.0,-0.05505632,-0.4181698,1.5314968,-0.43805692,-0.8801202,-0.5925801,0.065932006,0.16797304,-0.45425835,-0.2539195,-0.29224455,-0.4226826,-1.4921242,-1.6772949,-0.7209868,0.067080595,-0.77006745,-1.2359099,-0.95366174,-0.9253439,-1.1029589,-1.6811113,-1.3274246,1.1235844,0.95105654,0.309017,0.8660254,0.5,0.0
2017-02-16 00:00:00,1.0,-0.3790569,-2.0703895,-1.4567349,-1.476943,-0.45786014,-0.46855238,-0.081463754,1.1572653,-0.6352853,-0.40074977,-0.37127072,-0.6561446,-1.5281514,-1.7131525,-0.5975674,0.01958604,-0.84671116,-1.3651335,-1.0759747,-0.94574916,-1.1002343,-1.7491627,-0.5684444,1.1131253,0.58778524,-0.809017,0.8660254,0.5,0.0
2017-02-17 00:00:00,1.0,-1.6300366,-1.0789523,0.85267764,-1.3925164,-0.5787694,-0.3042502,-0.04592263,-1.7231178,-0.26186872,-0.15390882,-0.15740399,-0.23744076,-1.7607325,-1.9928479,-0.6404954,-0.90016454,-1.2364019,-1.4457926,-1.9751062,-1.238134,-1.4038187,-2.0011063,-0.4842888,1.1368035,-0.58778524,-0.809017,0.8660254,0.5,0.0
2017-02-20 00:00:00,4.0,-0.40776256,-0.6803036,-1.2330447,1.2574224,0.60924095,0.114306696,0.16985333,0.18866573,-0.10546211,-0.059184484,-0.082742125,-0.055944897,-1.7533087,-1.9852295,-0.65167457,-1.1308539,-1.5572366,-1.4747323,-2.005016,-1.2161115,-1.34379,-1.9814115,0.94666916,1.1321993,-0.95105654,0.309017,0.8660254,0.5,0.0
2017-02-21 00:00:00,1.0,-0.10781395,-0.76228374,1.1788971,-1.0012171,-1.1595902,-0.50309634,-0.59813154,0.4040807,-0.48024768,-0.31866634,-0.23940969,-0.5223032,-1.70349,-1.9222217,-0.6372208,-1.1585782,-1.4541988,-1.2037604,-2.0315876,-1.0972605,-1.2938814,-1.9797202,-0.9359867,0.9841507,0.0,1.0,0.8660254,0.5,0.0
2017-02-22 00:00:00,1.0,1.0375931,0.72202235,1.2030756,-0.61670643,2.3587105,1.2252513,1.3335763,0.6239365,0.08384883,-0.012331891,-0.10673574,0.28350613,-1.1848701,-1.5212638,-0.3529887,-0.66614175,-0.3315824,-1.1100162,-1.7031977,-0.754772,-0.8118611,-1.5945932,1.6379671,1.0585719,0.95105654,0.309017,0.8660254,0.5,0.0
2017-02-23 00:00:00,1.0,-0.53859013,-1.0010922,-0.21799132,-0.27047628,0.6086316,-0.07757815,-0.800391,0.3475822,0.13126658,0.056452952,-0.0305052,0.2929874,-1.2570426,-1.5803429,-0.21159881,-0.7396529,-0.40213105,-1.1495651,-1.6039511,-0.81803507,-0.84502226,-1.628932,0.6855318,1.229383,0.58778524,-0.809017,0.8660254,0.5,0.0
2017-02-24 00:00:00,1.0,0.49366462,0.6380338,1.2842875,-0.5805979,-1.0443662,0.037849072,-0.08850734,0.32340553,-0.2952007,-0.23738939,-0.23570639,-0.22516273,-1.020937,-1.3835863,-0.010989644,0.21904896,-0.38319275,-1.0065079,-1.3090521,-0.61692685,-0.63027215,-1.5210176,-0.92799765,1.1547427,-0.58778524,-0.809017,0.8660254,0.5,0.0
2017-02-27 00:00:00,1.0,-0.62559175,-0.7350833,-0.6202874,0.70360374,0.22314137,-0.5800809,-0.5182702,-0.17765172,-0.22597656,-0.18694675,-0.17884785,-0.16397381,-1.1256407,-1.4696889,0.08669305,0.12672843,-0.5668239,-1.1144347,-0.98564637,-0.7492881,-0.69394475,-1.5811256,0.4554778,1.2827435,-0.95105654,0.309017,0.8660254,0.5,0.0
2017-02-28 00:00:00,4.0,0.91138524,0.62120813,0.39203864,0.25684386,-0.80927014,-0.33567762,0.02125425,0.8428701,-0.42193827,-0.36574665,-0.34284902,-0.3444534,-0.7739717,-1.1872729,0.3040317,0.5501233,-0.34658808,-0.71073276,-1.5195575,-0.42484334,-0.3919906,-1.3877753,-0.5868025,0.846033,0.0,1.0,0.8660254,0.5,0.0
2017-03-01 00:00:00,1.0,0.48074338,-0.11909268,0.0047733462,1.3837667,-0.8202031,1.437922,0.94185746,0.89563984,-0.7102435,-0.59817296,-0.526958,-0.64505863,-0.6100624,-1.0441508,0.54088414,0.26691765,-0.22842076,-0.557618,-1.8133311,-0.22842994,-0.22222078,-1.2953726,-0.7569074,0.49278024,0.95105654,0.309017,0.8660254,0.5,0.0
2017-03-02 00:00:00,1.0,2.1774044,0.766932,0.91384536,-0.5356834,3.0,1.5513289,-0.018324941,1.8335314,1.2355562,0.5772616,0.10400239,1.7928536,0.04533756,-0.48316598,0.8567232,1.40602,0.37630382,-0.25696626,-1.1366235,0.5573887,0.3572208,-0.72713774,2.1587489,1.0843003,0.58778524,-0.809017,1.0,6.123234e-17,0.0
2017-03-03 00:00:00,1.0,0.048879456,0.04002711,1.5888274,0.2740773,-0.9410843,0.2470171,-0.70308375,0.025381543,0.36604458,0.118531145,-0.16682196,0.7125389,0.06088172,-0.46158484,1.1467904,1.1972791,0.80421525,-0.23700255,-1.0185474,0.6392568,0.41474485,-0.7288182,-1.1735593,0.8066039,-0.58778524,-0.809017,1.0,6.123234e-17,0.0
2017-03-06 00:00:00,1.0,-0.15716279,0.27222788,1.1238589,0.30595163,-0.84723026,-1.5498778,-1.1950581,-0.5240961,-0.31614944,-0.29855758,-0.42343706,-0.08548202,0.01802962,-0.48603204,1.3129267,1.4241412,0.8677958,-0.39762846,-0.96006125,0.7342521,0.4360502,-0.75932086,-1.0149795,0.65607435,-0.95105654,0.309017,1.0,6.123234e-17,0.0
2017-03-07 00:00:00,4.0,-0.21611923,0.15742567,-1.2837569,2.6200323,-0.53871053,-1.3839108,-0.07871142,-0.57007843,-0.49197054,-0.43754262,-0.5167434,-0.27531734,-0.04628383,-0.52509326,1.3381674,0.9646633,0.84550744,-0.365932,-1.3939354,0.83882976,0.4229484,-0.77719843,-0.6725259,0.59717286,0.0,1.0,1.0,6.123234e-17,0.0
2017-03-08 00:00:00,4.0,0.08696814,0.42479154,1.6295084,-0.4646999,-0.77094483,-0.26003835,0.9073936,-0.21467404,-1.0334985,-0.8749704,-0.8393596,-0.8410507,-0.023063619,-0.4985341,1.3712786,0.8053307,0.5999721,0.15146919,-1.4873805,0.81816936,0.45176032,-0.760444,-1.1842674,0.93972826,0.95105654,0.309017,1.0,6.123234e-17,0.0
2017-03-09 00:00:00,4.0,-0.41418707,-1.8030142,-1.4632406,-0.80504537,-0.8652868,-0.9047705,-0.6378134,0.35184884,-1.4912343,-1.284613,-1.1460291,-1.3644898,-0.15614162,-0.58429307,1.3206288,-0.26341906,0.6492921,0.13907783,-1.5062348,0.5661061,0.3327219,-0.84080166,-1.3449165,0.94871414,0.58778524,-0.809017,1.0,6.123234e-17,0.0
2017-03-10 00:00:00,1.0,-1.2778784,-0.3407816,-0.7244011,1.3447497,0.86973983,2.3198686,2.7866793,-1.7330974,-0.07418737,-0.29274508,-0.42851588,0.21539648,-0.50664675,-0.843037,0.9372454,-0.80607545,0.2398321,-0.09050519,-2.0218441,-0.06718908,-0.04442724,-0.93526053,1.4478389,0.78305554,-0.58778524,-0.809017,1.0,6.123234e-17,0.0
2017-03-13 00:00:00,4.0,3.0,1.7296721,-0.4271841,-1.1568632,2.667765,3.0,1.2710803,1.0214633,2.0878174,1.2758471,0.4912021,2.46557,0.42356896,-0.035045005,0.9857526,0.6651646,1.2070568,0.34852314,-1.2372459,1.4482329,0.7283191,-0.25588444,2.0160031,0.53035015,-0.95105654,0.309017,1.0,6.123234e-17,0.0
2017-03-14 00:00:00,4.0,-1.2507607,-0.5078447,1.199609,-0.6323757,0.35487345,0.43901816,-1.2696362,-1.6398983,1.7692088,1.3482555,0.7600702,1.8969514,0.07318123,-0.31759548,0.93692434,0.18113679,0.66799307,0.1732715,-1.4409252,0.7572145,0.39622083,-0.42707604,1.1402762,0.5344521,0.0,1.0,1.0,6.123234e-17,0.0
2017-03-15 00:00:00,4.0,-1.114401,-1.0059651,0.33856702,-0.88910747,0.7185275,-0.41772923,-0.91167253,-0.2953107,1.8761597,1.682206,1.2411133,1.7584023,-0.19501947,-0.54703957,0.7280999,-0.3747725,0.2630567,0.013299486,-1.6065067,0.18628708,0.10596298,-0.55429983,1.5986546,0.6460617,0.95105654,0.309017,1.0,6.123234e-17,0.0
2017-03-16 00:00:00,4.0,-0.058493815,-0.9388657,0.91308445,-1.3150811,-0.05739085,0.035853658,0.43882057,1.0740321,1.3272669,1.3985529,1.1450309,1.145566,-0.21174227,-0.5566393,0.5893819,-0.23142031,-0.2866014,0.06436016,-1.993572,0.13706703,0.08809527,-0.5385676,0.38654295,0.537288,0.58778524,-0.809017,1.0,6.123234e-17,0.0
2017-03-17 00:00:00,4.0,0.67684877,-0.089911215,1.0549306,0.20491715,0.14692591,0.34425473,0.17164458,1.4605228,1.0457107,1.2115705,1.0294061,0.86807114,-0.031338643,-0.39418772,0.5557355,0.61830723,-0.12513675,0.42680842,-1.8483886,0.40590844,0.23089258,-0.40062433,0.92382777,0.44219112,-0.58778524,-0.809017,1.0,6.123234e-17,0.0
2017-03-20 00:00:00,4.0,0.79500496,2.0460532,-1.1798625,-0.98993266,-0.2815238,0.7171517,0.19144663,-0.74913347,0.4964225,0.7741365,0.67032737,0.35112867,0.17814144,-0.20503879,0.6239126,-0.46632412,0.1261903,0.6176625,-1.8350034,0.73484284,0.40462905,-0.25275636,0.025545614,0.3850516,-0.95105654,0.309017,1.0,6.123234e-17,0.0
2017-03-21 00:00:00,4.0,-0.24693723,0.13657908,-1.2072396,2.491318,-0.75888944,0.7934642,-0.06982798,-0.6420438,0.054697644,0.42818132,0.44421232,-0.12273186,0.10158936,-0.26309577,0.6236786,0.010520385,0.11504886,0.6027674,-1.9590238,0.5019219,0.2933813,-0.27500236,-1.0795642,0.40933543,0.0,1.0,1.0,6.123234e-17,0.0
2017-03-22 00:00:00,4.0,-0.38544473,-0.7732541,-0.013161933,-0.26858294,0.17348455,-0.73352927,-1.2477056,0.35277462,0.13256732,0.46355823,0.52619284,-0.059961013,-0.015676182,-0.3547003,0.54251623,0.3883408,-0.011010795,0.37992632,-2.257507,0.16840698,0.15106466,-0.30878597,0.74909204,0.23695329,0.95105654,0.309017,1.0,6.123234e-17,0.0
2017-03-23 00:00:00,4.0,-0.53826886,-1.0691674,-1.2924286,0.20629191,-0.5035806,-0.6520633,-0.047195077,-0.10262148,-0.30300048,0.11133725,0.28603783,-0.5447005,-0.17242615,-0.48025274,0.41415602,0.15639387,-0.05460713,0.39294818,-2.3250852,-0.3267279,-0.05264909,-0.3874283,-0.6561178,0.10968517,0.58778524,-0.809017,1.0,6.123234e-17,0.0
2017-03-24 00:00:00,4.0,0.5138192,0.75659305,-1.4133772,1.8222069,-0.38851202,-0.84412456,-0.47974,0.18844678,-0.6070834,-0.22929312,-0.051140007,-0.80315566,-0.022494525,-0.3586147,0.38166848,0.07161733,0.42872295,0.400791,-2.3717723,-0.1172625,0.06799032,-0.2720958,-0.33653092,0.054028578,-0.58778524,-0.809017,1.0,6.123234e-17,0.0
2017-03-27 00:00:00,4.0,-0.7341809,-0.09462285,1.2411891,-0.19794118,-0.12189431,-1.1634264,-0.750808,-1.2180678,-0.5779528,-0.25870064,-0.034694206,-0.7708665,-0.24604459,-0.5390511,0.24078795,-0.7304212,-0.7043801,0.40583885,-2.5233433,-0.90682715,-0.22886068,-0.3782271,0.1367191,0.07321214,-0.95105654,0.309017,1.0,6.123234e-17,1.0
2017-03-28 00:00:00,4.0,-0.57775503,0.12371103,0.10080041,1.0704665,-0.47388348,-0.928293,0.33307776,-1.205819,-0.52221185,-0.26494393,-0.014266335,-0.7024154,-0.41718677,-0.68193656,0.05716035,-0.91397977,-0.5101371,0.16427895,-2.4748666,-1.3480822,-0.46234578,-0.45763388,-0.5526785,0.0037536907,0.0,1.0,1.0,6.123234e-17,1.0
2017-03-29 00:00:00,4.0,1.2715876,1.8370231,-1.1312304,-0.17954089,-0.14228176,-0.8745843,-0.19493869,0.33297458,-0.61780673,-0.4742062,-0.32050088,-0.6734333,0.030113874,-0.33688834,0.12575504,-0.0405879,0.22758654,0.31432503,-2.3926885,-0.48830843,-0.041173715,-0.17894945,0.13832171,0.23270683,0.95105654,0.309017,1.0,6.123234e-17,1.0
2017-03-30 00:00:00,4.0,1.6241604,1.9466785,-1.3614817,-0.25963676,0.31781274,-0.69383967,0.07468072,0.58408374,-0.5132347,-0.53452295,-0.5355634,-0.39761874,0.5936726,0.1281455,0.4256285,1.1767968,0.79080206,0.24141394,-2.0438082,0.7736248,0.6069599,0.2151001,0.79478455,-0.64168316,0.58778524,-0.809017,1.0,6.123234e-17,1.0
2017-03-31 00:00:00,4.0,0.24642472,0.10629358,-0.13872258,1.2900852,1.2639197,-0.37271807,0.4200621,0.5187399,0.3267147,0.09669608,-0.06081652,0.5364435,0.6811944,0.19759496,0.6184684,1.0369023,0.6690625,0.2896231,-1.8635024,0.9109689,0.69742596,0.3147389,1.7238096,-0.57335263,-0.58778524,-0.809017,1.0,6.123234e-17,1.0
2017-04-03 00:00:00,4.0,-0.5962857,-0.7798479,1.0361022,-1.2307051,-0.47774458,-0.39399222,-0.12756772,-0.39081147,-0.100914784,-0.1721014,-0.21684985,0.015794734,0.4331918,0.011331063,0.63599336,1.1015103,0.19963212,0.21085751,-1.8408065,0.29715517,0.45675045,0.22147341,-0.27055418,-0.5328872,-0.95105654,0.309017,1.0,6.123234e-17,1.0
2017-04-04 00:00:00,4.0,-0.102578305,-0.8974545,0.7503984,-1.2254925,-0.011054876,-0.93521965,-0.91775316,0.9412219,-0.13117743,-0.19269966,-0.22981557,-0.021989224,0.37388253,-0.03236576,0.59182435,1.3519454,0.25485268,0.23747472,-1.7840726,0.12004039,0.40181378,0.22841924,0.6254463,-0.5922619,0.0,1.0,0.8660254,-0.5,0.0
2017-04-05 00:00:00,4.0,1.515287,0.73813075,-0.99383116,1.6187521,-0.5307929,-0.83925766,-0.012606581,2.0758734,-0.22881089,-0.3690572,-0.5270235,0.0031646725,1.0094093,0.5172429,0.7648436,1.493001,0.9448006,0.5582919,-1.388467,1.4614832,1.0455875,0.65839344,-0.29203504,-0.6460556,0.95105654,0.309017,0.8660254,-0.5,0.0
2017-04-06 00:00:00,4.0,0.41753438,0.008968234,2.3752463,-1.1358976,-0.5237455,-0.57084197,0.39665335,0.74001193,-0.28310445,-0.44893244,-0.64689726,-0.014956929,1.1818242,0.6885863,0.89213294,0.831084,1.2853562,0.75164294,-1.3368219,1.6314297,1.1765141,0.8249832,-0.21656716,-0.8399598,0.58778524,-0.809017,0.8660254,-0.5,0.0
2017-04-07 00:00:00,4.0,0.010196736,1.152786,-0.18257202,0.31315318,0.40722588,-0.5532184,-0.23887019,-1.3676257,-0.025353605,-0.2354585,-0.4911569,0.25094104,1.1851592,0.72027266,0.90613896,0.6996833,1.1069801,1.0301743,-1.3887147,1.404709,1.0843759,0.8862236,1.4270675,-0.78817064,-0.58778524,-0.809017,0.8660254,-0.5,0.0
2017-04-10 00:00:00,4.0,1.1934354,1.8794041,-1.2692637,-0.03769474,-0.71878624,-0.563496,-0.24694791,0.48842254,-0.57611644,-0.7892113,-1.0943495,-0.22274254,1.7540809,1.3036658,1.0694039,1.6605728,1.7667304,0.6213387,-1.2186073,2.3313584,1.6268888,1.3570526,-0.49404013,-1.3320609,-0.95105654,0.309017,0.8660254,-0.5,0.0
2017-04-11 00:00:00,4.0,-0.011475038,0.17009944,-1.1557323,2.11123,2.0378063,-1.697548,-1.4579003,-0.08754222,0.27842575,-0.053229187,-0.5262553,0.6402382,1.7034358,1.3542944,1.0366998,1.6689991,1.9075798,0.93490815,-1.0304426,1.9582994,1.4627702,1.397417,1.6135799,-1.2781767,0.0,1.0,0.8660254,-0.5,0.0
2017-04-12 00:00:00,4.0,0.28286695,1.0438225,0.829415,-0.5389736,0.42950743,-0.67911804,1.7391064,-0.6353899,0.15015587,-0.12482862,-0.6159835,0.4946822,1.7469066,1.4916961,1.0216957,1.003133,1.549814,1.2835697,-0.60469806,1.80206,1.4431294,1.5166376,0.7368331,-1.7123281,0.95105654,0.309017,0.8660254,-0.5,0.0
2017-04-13 00:00:00,4.0,0.4224281,-0.3436678,0.5404281,-0.122394696,-0.97605276,-0.77480114,-0.36449194,0.94297636,-0.55516946,-0.8024968,-1.2863134,-0.17905957,1.8558817,1.715924,1.0397235,0.9936662,1.1383455,1.3957766,-0.62175864,1.7396108,1.5117588,1.7323269,-1.2368227,-1.1846421,0.58778524,-0.809017,0.8660254,-0.5,0.0
2017-04-18 00:00:00,4.0,-0.17292884,0.059510034,-0.199867,1.1584926,1.4271924,-0.24772853,0.40029436,-0.22576913,-0.026525812,-0.30249256,-0.8185243,0.3530346,1.6214056,1.5883859,0.9134139,0.90324265,0.9947003,1.189559,-0.44464594,1.391201,1.2813342,1.6358644,1.457435,-0.9837976,-0.58778524,-0.809017,0.8660254,-0.5,0.0
2017-04-19 00:00:00,4.0,-3.0,-1.838966,-1.128202,-1.2237761,2.4763117,1.82261,1.7385832,-1.8042849,2.4874938,2.3525941,1.9926761,2.28965,-0.09666625,-0.13599253,0.30486608,-1.4309167,0.11069232,0.21748318,-1.0873004,-0.59072816,-0.028660117,0.59577376,1.7556435,-1.3429989,0.95105654,0.309017,0.8660254,-0.5,0.0
2017-04-20 00:00:00,4.0,-0.7473056,0.22563332,1.1929251,0.2586565,-0.9642456,1.474952,-0.5800997,-1.5551083,1.691412,1.8988764,1.8106037,1.3913839,-0.40256324,-0.5061696,-0.15832786,-1.8428706,-0.11715904,0.08655793,-0.8482851,-0.9711337,-0.35016522,0.35575017,-1.0072529,-1.38061,0.58778524,-0.809017,0.8660254,-0.5,0.0
2017-04-21 00:00:00,4.0,-0.083968185,0.48446247,1.8111614,-0.45047602,1.3494464,0.058601532,-0.8694962,-0.70494276,2.0084982,2.2936985,2.2421055,1.5820051,-0.46603465,-0.57461756,-0.46298188,-1.9777572,-0.6612361,0.15620744,-0.9545092,-0.951259,-0.3697783,0.3428732,1.5096288,-1.6187067,-0.58778524,-0.809017,0.8660254,-0.5,0.0
2017-04-24 00:00:00,4.0,-0.81662744,-0.6796584,0.9075208,-1.0182096,0.32953325,0.57003564,0.20257103,-0.49824464,1.7632893,2.234032,2.372804,1.1965942,-0.76532906,-0.96184254,-0.776129,-2.5125391,-1.090771,0.075268626,-1.0665469,-1.2281368,-0.69546044,0.06997647,1.0447425,-1.2192162,-0.95105654,0.309017,0.8660254,-0.5,0.0
2017-04-25 00:00:00,4.0,1.5020868,0.7281808,0.45260307,0.23841737,-0.5081788,-0.7519593,-0.9772285,2.0085037,1.7159282,2.1211145,2.159284,1.2347964,0.021923395,-0.082607925,-0.73441565,-1.617681,-0.55979615,0.34516466,-0.6435979,-0.5072348,-0.13124618,0.569403,-0.19633378,-0.15166993,0.0,1.0,0.8660254,-0.5,0.0
2017-04-26 00:00:00,4.0,0.09691746,-0.95688456,-1.0830104,0.28341344,-1.8889701,-0.461374,0.12656322,0.38727775,0.116079465,0.7936268,1.0900666,-0.34369496,0.015430024,-0.06836208,-0.76512444,-0.007795425,-0.9459169,0.5417528,-0.66943187,-0.50126606,-0.20612995,0.54263145,-1.7411106,-0.32440388,0.95105654,0.309017,0.8660254,-0.5,0.0
2017-04-27 00:00:00,4.0,0.8487194,1.3476903,-0.88733405,0.336954,0.025485285,-0.3099361,-0.038672633,0.08479138,0.016883533,0.56173545,0.79968053,-0.34159112,0.4096199,0.39805698,-0.577812,0.79717505,-0.6506444,0.8915552,-0.08010533,-0.18702823,0.07658961,0.8234617,0.5515685,-0.48831218,0.58778524,-0.809017,0.8660254,-0.5,0.0
2017-04-28 00:00:00,4.0,-1.834365,-1.1627016,-0.19732283,-0.8138488,1.370632,-0.6386552,-0.40375036,-1.1549594,1.0671186,1.5286586,1.8424141,0.52454126,-0.34945038,-0.5216198,-0.7052164,-0.11478166,-1.4449896,0.11747006,-0.3738829,-1.0389329,-0.7070095,0.17788267,1.5731865,-1.1777169,-0.58778524,-0.809017,0.8660254,-0.5,0.0
2017-05-02 00:00:00,4.0,0.060125373,-0.60203755,1.3906877,-1.2539119,0.8112058,-0.22207904,0.17738788,1.1444958,1.3925844,1.8013839,2.0772421,0.8052276,-0.373538,-0.52549446,-0.76605463,0.33685434,-1.5689759,-0.2619907,-0.35488576,-0.913379,-0.64738077,0.20855103,1.180526,-1.1783931,-0.95105654,0.309017,0.8660254,-0.5,0.0
2017-05-03 00:00:00,4.0,1.2917808,-0.19063783,1.2933728,-0.4821156,-0.3417415,0.9657118,0.73539454,2.4582257,1.8518167,2.115801,2.2179708,1.3096046,0.27114236,0.21651174,-0.5559592,0.24401994,-1.0158738,0.02987588,-0.01747747,-0.31107253,-0.0711296,0.6413267,-0.061308414,-1.12533,0.95105654,0.309017,0.5,-0.8660254,0.0
2017-05-04 00:00:00,4.0,-0.4219785,-1.1765555,-1.0061749,-0.14230198,-1.3195796,-0.18053995,-0.81515115,-0.17361847,0.5976047,1.1869891,1.554542,0.005893279,0.05284504,-0.023050493,-0.5293264,-0.033728197,-0.029991072,0.06304362,-0.3586166,-0.48826703,-0.31787598,0.42467183,-1.5449679,-1.1522076,0.58778524,-0.809017,0.5,-0.8660254,0.0
2017-05-05 00:00:00,1.0,-0.23319276,-0.5730877,0.17670038,-0.19563802,0.9357272,0.73706716,0.5645798,0.59411365,1.0964745,1.5701087,1.8970526,0.4581698,-0.086647674,-0.17017166,-0.49052346,-0.59852934,0.1580226,0.024559615,-0.32880107,-0.5673493,-0.4069003,0.332235,1.242187,-1.1563687,-0.58778524,-0.809017,0.5,-0.8660254,0.0
2017-05-08 00:00:00,1.0,1.2481865,2.1625001,-1.3954471,-0.62858796,1.3943774,0.54515505,-0.27360085,-1.7527709,1.7877706,2.0382476,2.1672966,1.1882652,0.49285567,0.48640293,-0.23924497,1.0006597,0.6491209,-0.046899933,0.848853,-0.051430788,0.13289608,0.7143709,1.4591948,-0.70028245,-0.95105654,0.309017,0.5,-0.8660254,0.0
2017-05-09 00:00:00,1.0,0.5792567,0.7944137,0.064547904,0.38243946,-0.92653936,-0.23050575,-0.6301521,0.37991312,0.75205153,1.2425083,1.5203215,0.17779529,0.7337355,0.76916015,0.015665594,1.2595353,1.1909006,-0.0040893904,1.0911376,0.20925492,0.38272485,0.84404534,-0.791584,-0.5277233,0.0,1.0,0.5,-0.8660254,0.0
2017-05-10 00:00:00,1.0,0.24926482,-0.5409566,0.49991897,-0.3314521,-1.3128843,-1.3205146,-1.0321826,0.6818524,-0.32682994,0.3476931,0.79944706,-0.90125436,0.81978625,0.8704952,0.261774,0.6862166,0.70026696,0.06467516,1.0895618,0.33179283,0.514404,0.879476,-1.5765848,-0.5486452,0.95105654,0.309017,0.5,-0.8660254,0.0
2017-05-11 00:00:00,1.0,0.87263185,1.3712529,0.13492964,-0.73130846,-0.33520824,-0.010621372,1.2654608,0.15905096,-0.52407694,0.020508278,0.43166485,-0.97198653,1.1932106,1.3011599,0.5969666,1.3645198,1.0051018,-0.031311844,1.3158249,0.77965546,0.9945529,1.137384,0.026737416,-0.26796028,0.58778524,-0.809017,0.5,-0.8660254,0.0
2017-05-12 00:00:00,1.0,-0.82289255,0.48266026,1.6359403,-0.5692745,0.037118666,2.9396257,2.920987,-1.909097,-0.31619197,0.13219476,0.577034,-0.75358814,0.7106866,0.81995404,0.5953696,1.0809674,0.3510231,-0.2938989,1.1400357,0.4320129,0.58880246,0.8013168,0.6220994,-0.12225545,-0.58778524,-0.809017,0.5,-0.8660254,0.0
2017-05-15 00:00:00,1.0,0.72978586,2.048289,-1.402253,-0.72540873,-0.89846027,1.7286221,-0.5324094,-0.226544,-0.98358905,-0.5381703,-0.063308716,-1.3583382,1.0337294,1.1792583,0.7708275,0.8193671,1.3764843,-0.1509497,1.3865371,0.9082636,1.0526453,1.0342628,-1.2069322,-0.2532779,-0.95105654,0.309017,0.5,-0.8660254,0.0
2017-05-16 00:00:00,4.0,0.72914135,0.3573557,0.4210636,0.6416574,0.5130775,-0.13281688,-1.2057883,0.8531829,-0.42985263,-0.25955334,0.036256094,-0.6123022,1.3415861,1.5216991,0.92881083,0.8963463,1.6087499,-0.04488256,1.7168858,1.4769533,1.4467937,1.269135,0.9231151,0.3086216,0.0,1.0,0.5,-0.8660254,0.0
2017-05-17 00:00:00,4.0,0.8449891,0.91707623,-0.5957258,0.5046847,1.3659941,1.0778515,1.0728121,-0.22436014,0.6972021,0.5490759,0.5754997,0.6717682,1.6961751,1.9189786,1.0647504,1.1916702,1.404133,0.32267925,2.3364372,2.0324993,1.789059,1.5017179,1.4204164,0.36783418,0.95105654,0.309017,0.5,-0.8660254,0.0
2017-05-18 00:00:00,4.0,0.14885916,1.370273,-0.27920833,-0.72254324,-0.67427146,-0.13432065,-0.9766328,-0.857412,-0.05095673,0.0033787247,0.14131445,-0.12654261,1.7722802,1.9819778,1.2582024,0.8334559,1.660672,1.6507723,2.3792872,1.7441318,1.8704901,1.5807327,-0.63295645,-1.7857682,0.58778524,-0.809017,0.5,-0.8660254,0.0
2017-05-19 00:00:00,4.0,-0.34154963,0.10889139,-0.8761044,2.096471,0.09916833,-0.13355994,-0.19376008,-0.693238,0.09578482,0.13115798,0.26731104,0.007033776,1.5757139,1.78872,1.1645468,1.0901884,1.6578923,1.8713013,2.2243085,1.3354378,1.578889,1.451976,0.59575564,-2.02379,-0.58778524,-0.809017,0.5,-0.8660254,0.0
2017-05-22 00:00:00,4.0,0.50118023,0.41908428,0.9541638,-0.14033906,-0.62981063,-0.18725707,-0.20264655,0.55763,-0.44622886,-0.33301285,-0.15709916,-0.526935,1.7990445,2.0118508,1.201347,0.9653876,1.3481834,2.1329021,2.0153646,1.3503805,1.7771873,1.651497,-0.5887964,-1.3957717,-0.95105654,0.309017,0.5,-0.8660254,0.0
2017-05-23 00:00:00,4.0,0.24239096,0.1940967,1.6807954,-0.50200725,-0.69513994,-0.52120185,-0.49398193,0.3168334,-0.94051003,-0.7919974,-0.57490253,-1.0228114,1.9099554,2.111183,1.2244005,0.71285933,1.2072935,2.5859632,2.1309803,1.2776196,1.8161457,1.77733,-0.84128964,-1.7105229,0.0,1.0,0.5,-0.8660254,0.0
2017-05-24 00:00:00,4.0,-0.01931876,-0.087232105,1.4257493,-0.0938337,-1.1384244,-0.98608387,-0.66387284,0.05263604,-1.6585659,-1.4592452,-1.1613202,-1.8078673,1.8746779,2.0578444,1.2138515,0.26943958,1.0985497,1.9636995,1.9541687,1.090521,1.777918,1.8218337,-1.558749,-2.8101656,0.95105654,0.309017,0.5,-0.8660254,0.0
2017-05-25 00:00:00,4.0,0.6626242,1.4198809,-0.6911497,-0.53050774,-0.8048049,-0.688926,0.23904026,0.2020188,-1.9150424,-1.8398198,-1.6114976,-1.9868883,2.1797466,2.3626277,1.2771783,0.5274173,1.0147228,2.2578595,2.1793077,1.1778363,2.1149566,2.1969724,-1.0642796,-2.3642113,0.58778524,-0.809017,0.5,-0.8660254,0.0
2017-05-26 00:00:00,4.0,-1.026988,-1.3805709,-0.893818,-0.20816058,-0.36143765,-0.8456685,-0.3672633,-0.4797767,-1.6557003,-1.7104982,-1.5063978,-1.6311872,1.2620072,1.6392709,0.88272184,0.18115428,0.9415298,1.4663838,1.7256913,0.65538293,1.2851487,1.672098,-0.21053416,-2.7363083,-0.58778524,-0.809017,0.5,-0.8660254,0.0
2017-05-30 00:00:00,1.0,0.19535503,1.4170127,-0.65387166,-0.5694473,-0.31241906,-0.79455096,-0.09726551,-0.9580317,-1.6214827,-1.7846943,-1.661514,-1.4910454,1.3603894,1.7134863,0.62114096,0.025635254,0.733774,2.332383,1.6361245,0.654251,1.240496,1.7593912,-0.27741945,-2.3210058,-0.95105654,0.309017,0.5,-0.8660254,0.0
2017-05-31 00:00:00,1.0,-0.47655267,-0.5363809,1.0403856,-0.4970395,-0.5940323,-0.8317557,-0.24059112,-0.37945864,-1.7259405,-1.9021633,-1.7945853,-1.6084359,0.94784003,1.3646612,0.2740932,-0.33661374,0.28048417,2.0457985,1.10476,0.40582582,0.7822406,1.4787987,-1.0103023,-2.1818058,0.95105654,0.309017,0.5,-0.8660254,0.0
2017-06-01 00:00:00,1.0,-1.0041822,-1.4568949,-0.11696928,-1.1433088,0.17842516,2.4037144,3.0,-0.039228544,-1.3526266,-1.6300384,-1.5738966,-1.1181753,0.17021169,0.7215563,-0.31678188,-0.838007,-0.40761212,1.0753196,0.89009535,-0.08042106,-0.008403866,0.89599013,0.23700395,-2.045598,0.58778524,-0.809017,0.5,-0.8660254,0.0
2017-06-02 00:00:00,1.0,0.5914215,-0.2057301,-0.24721237,1.3294997,-0.7374595,-0.7715386,-1.6519314,1.2125304,-1.5990244,-1.8724908,-1.8777647,-1.3551829,0.5500008,1.0260415,-0.5443671,-0.89163786,-0.24831411,1.4818748,1.0378293,0.1435615,0.28584185,1.1974912,-1.1648761,-1.8002676,-0.58778524,-0.809017,1.2246469e-16,-1.0,0.0
2017-06-05 00:00:00,1.0,-1.3254528,-1.6399535,-0.8013565,-0.9738155,0.44069815,0.009834965,0.9764362,-0.2006834,-1.1372925,-1.5033779,-1.5439613,-0.7669826,-0.3637828,0.2297721,-1.0947902,-1.0432593,-0.6212418,1.0629209,0.8021791,-0.6509982,-0.7379436,0.4329478,0.49504218,-2.2740376,-0.95105654,0.309017,1.2246469e-16,-1.0,0.0
2017-06-06 00:00:00,1.0,0.23588428,-0.26459977,1.7900386,-0.7684542,-0.3227713,-0.7245088,-0.89463687,0.6794521,-1.173051,-1.5469357,-1.6448854,-0.749169,-0.1997288,0.3521352,-1.365576,-1.0200118,-0.7228984,0.6532519,0.82996005,-0.59549844,-0.63482547,0.5274282,-0.71116304,-2.5161734,0.0,1.0,1.2246469e-16,-1.0,0.0
2017-06-07 00:00:00,1.0,0.14328583,0.5856979,-0.7622352,1.2447253,0.15671001,-0.52266747,0.116417445,-0.38363802,-1.1104426,-1.5152606,-1.6724368,-0.59972423,-0.09620439,0.42441916,-1.4508737,-0.7015466,-0.76095194,0.476604,0.92962337,-0.5707198,-0.5736258,0.56452715,-0.11066595,-2.3783267,0.95105654,0.309017,1.2246469e-16,-1.0,0.0
2017-06-08 00:00:00,4.0,-1.5001554,-1.9912441,-1.3386636,-1.1544111,1.9343603,0.13441642,0.75055116,1.2033529,-0.046920363,-0.6549046,-0.9129648,0.64677775,-1.0410994,-0.44509032,-1.7390721,-0.9738247,-1.3057277,-0.21755156,0.85449266,-1.625703,-1.4313247,-0.28819433,1.3345023,-2.362106,0.58778524,-0.809017,1.2246469e-16,-1.0,0.0
2017-06-09 00:00:00,1.0,-0.043498248,0.39693943,1.0397943,-0.047511652,-0.5467178,-0.46712053,-0.68534184,-0.51952505,-0.43776366,-0.8632798,-1.0761037,0.14708582,-1.0526258,-0.47520548,-1.9477286,-1.2834904,-1.5671117,-0.5848383,0.21846543,-1.5338439,-1.4436619,-0.35790426,-0.9006026,-2.2557657,-0.58778524,-0.809017,1.2246469e-16,-1.0,0.0
2017-06-12 00:00:00,4.0,2.2191746,1.8302587,-1.1306639,-0.8792311,0.7277168,-0.5963221,-0.38674584,1.121829,0.19804071,-0.4461067,-0.9007005,1.1161207,0.35432088,0.7282487,-1.3502558,0.4785052,-0.3990736,0.5763047,0.89028627,-0.15322559,-0.18132141,0.6905824,0.75002176,-2.5548813,-0.95105654,0.309017,1.2246469e-16,-1.0,0.0
2017-06-13 00:00:00,4.0,0.5567098,-0.12935925,0.011811489,1.3185577,1.3216802,-0.73092335,-0.40049475,1.1210861,0.57410765,-0.1048882,-0.65102416,1.5289183,0.64334005,0.992863,-0.8440376,0.62434953,-0.27761292,0.48492274,1.2067239,0.21265909,0.07835162,0.8826747,1.1105934,-2.3643568,0.0,1.0,1.2246469e-16,-1.0,0.0
2017-06-14 00:00:00,1.0,-0.19129561,-1.3533378,-1.1768769,0.02991453,-0.61717206,-1.1776291,-0.83962077,0.86889297,-0.032465298,-0.422411,-0.8499628,0.6880529,0.5267833,0.87980753,-0.5825163,0.4590003,-0.17131002,0.117585674,1.1712083,0.060083546,-0.025397686,0.8044037,-0.8784759,-2.4848077,0.95105654,0.309017,1.2246469e-16,-1.0,0.0
2017-06-15 00:00:00,1.0,-1.6462513,-1.8227177,-0.98954654,-1.211747,1.0511085,-0.15084562,1.4909452,-0.13319647,0.2541781,-0.095784,-0.4705792,0.83786744,-0.4672752,-0.032135338,-0.76549166,0.4259262,-0.39138457,-0.8371383,0.729596,-1.0746303,-0.86101896,-0.051632453,0.877764,-2.04553,0.58778524,-0.809017,1.2246469e-16,-1.0,0.0
2017-06-16 00:00:00,1.0,-0.11972984,0.1624893,1.0036864,0.46170002,1.631574,0.16149674,0.13144706,-0.49375218,0.7187256,0.30733582,-0.12724824,1.2823222,-0.52587,-0.10045632,-0.85450774,0.38942745,-0.65078264,-0.9414524,0.55296046,-1.0307198,-0.82304454,-0.1340029,1.0791614,-1.4824548,-0.58778524,-0.809017,1.2246469e-16,-1.0,0.0
2017-06-19 00:00:00,4.0,1.0745741,1.1921244,-0.0924856,-0.60227233,-0.42044804,1.9190924,1.5773268,0.5828683,0.3040963,0.048009302,-0.3602559,0.813421,0.12684265,0.47222346,-0.66163903,-0.16157994,0.23137245,-0.4028407,0.80004156,-0.23796515,-0.24172404,0.36710712,-0.45126057,-1.5327295,-0.95105654,0.309017,1.2246469e-16,-1.0,0.0
2017-06-20 00:00:00,1.0,1.0817307,0.9879776,0.036094196,-0.3630082,-0.48038378,-1.8439708,-2.2929282,0.858681,0.0641436,-0.12587628,-0.5371023,0.5724358,0.7057594,1.0146371,-0.26305863,0.10916406,0.533725,-0.1892961,1.0746613,0.5524073,0.35509902,0.9044454,-0.49417707,-1.0134662,0.0,1.0,1.2246469e-16,-1.0,0.0
2017-06-21 00:00:00,1.0,-2.2664,-1.5067501,-0.49971125,-1.0623975,2.6874382,-1.440683,3.0,-0.25329697,1.6188765,1.1544471,0.6469017,1.9748955,-0.5877189,-0.23175192,-0.5063866,-0.9685964,-0.37376642,-1.1753672,0.7381666,-0.99804896,-0.7514857,-0.30981925,1.6136563,0.27537537,0.95105654,0.309017,1.2246469e-16,-1.0,0.0
2017-06-22 00:00:00,1.0,-0.6536514,-1.0560524,-1.0139107,0.4152646,-0.4713003,-1.1589983,1.0915653,-0.08544821,0.956479,0.8416652,0.52889925,1.0880306,-0.8870579,-0.5606853,-0.800755,-0.50150895,-0.056987073,-1.4024801,0.51742053,-1.2819701,-1.0082076,-0.65065527,-0.3038923,0.3232362,0.58778524,-0.809017,1.2246469e-16,-1.0,0.0
2017-06-23 00:00:00,1.0,-0.0059734304,0.3435568,-0.56966335,1.7521214,-0.07363295,-0.5399578,2.846193,-0.56397516,0.65958256,0.68554914,0.4594634,0.69815135,-0.8897409,-0.575886,-0.94930476,-0.45034084,-0.0449677,-1.6225597,0.6695991,-1.2004106,-0.9150571,-0.6640739,0.15486464,0.21541543,-0.58778524,-0.809017,1.2246469e-16,-1.0,0.0
2017-06-26 00:00:00,1.0,-0.101387404,0.91041434,-0.98721033,0.90600187,-0.69769007,-1.092251,-1.5325066,-1.2735889,0.11073802,0.3191293,0.22066201,0.046773244,-0.94883054,-0.6470237,-1.0445144,-1.039962,-0.88646454,-1.2561967,0.77931976,-1.1671324,-0.9208347,-0.75046057,-0.6056872,0.61506826,-0.95105654,0.309017,1.2246469e-16,-1.0,0.0
2017-06-27 00:00:00,1.0,0.24189135,0.10607883,1.7210127,-0.14914402,-1.4729531,-1.0844858,-1.228316,0.25895932,-0.77061546,-0.35677704,-0.30524024,-0.9482781,-0.7749415,-0.50877666,-1.038593,-1.4352269,-0.9864632,-1.2243009,0.5903347,-0.9150129,-0.7490562,-0.6330404,-1.700797,0.6398892,0.0,1.0,1.2246469e-16,-1.0,1.0
2017-06-28 00:00:00,1.0,0.48106202,0.95632523,-0.013824006,-0.16410317,-0.66208935,-0.9724539,-0.3435582,-0.21528116,-1.0272428,-0.6633221,-0.5939627,-1.1572993,-0.4424649,-0.22425957,-0.84666306,-0.030528827,-0.7378884,-0.8775013,0.35720834,-0.482767,-0.4183636,-0.32048857,-0.74125534,-0.10849875,0.95105654,0.309017,1.2246469e-16,-1.0,1.0
2017-06-29 00:00:00,1.0,-0.9123046,-0.52368057,0.5651097,-0.08813792,0.27734706,-0.98338884,0.042531572,-0.94178194,-0.5951084,-0.40365744,-0.35343128,-0.6342061,-0.9499597,-0.72861904,-0.86229783,-0.15082273,-0.48117593,-0.8396919,0.11311969,-1.0681213,-0.8572161,-0.8473691,0.5546126,-0.80546075,0.58778524,-0.809017,1.2246469e-16,-1.0,1.0
2017-06-30 00:00:00,4.0,-1.0085145,-1.4310609,-0.22938676,-1.3193053,-0.09267077,-0.80792403,0.8453144,0.024160646,-0.42869872,-0.28930196,-0.20760143,-0.475189,-1.4202732,-1.2379531,-1.0554372,-0.65613335,-0.8094888,-1.3901668,0.025100494,-1.5478008,-1.2886807,-1.4396507,0.19978327,-0.6483736,-0.58778524,-0.809017,1.2246469e-16,-1.0,1.0
2017-07-03 00:00:00,1.0,-1.315003,-0.7211224,0.08041945,-0.01884823,0.015101032,-0.64543563,0.56567425,-1.4508349,-0.0012719509,0.048679616,0.13960838,-0.06284775,-1.9023681,-1.8153826,-1.3659974,-1.2663152,-1.6520764,-1.3667004,-0.26122272,-1.8629036,-1.8096102,-2.104847,0.31583053,-0.43719843,-0.95105654,0.309017,1.2246469e-16,-1.0,1.0
2017-07-04 00:00:00,4.0,1.6509434,1.5410745,-0.64637065,-0.90591186,0.47377872,0.36184695,3.0,0.35383055,0.2697681,0.16251294,0.099531874,0.38221318,-0.8429212,-0.8447824,-1.09417,-0.54878336,-1.4037509,-0.860021,-0.23847064,-0.83619624,-0.84214216,-1.1267914,0.8090467,-0.16070268,0.0,1.0,-0.5,-0.8660254,0.0
2017-07-05 00:00:00,4.0,-0.19782767,-0.018969286,-0.076001264,1.8886328,-1.6291864,0.1606407,-0.48399642,-0.48912248,-0.7088767,-0.52247375,-0.41010013,-0.77286166,-0.92208713,-0.93388534,-1.005876,-0.8850953,-0.6511859,-0.9721638,-0.39938214,-0.8398032,-0.93971556,-1.3247102,-1.6512494,-0.10736981,0.95105654,0.309017,-0.5,-0.8660254,0.0
2017-07-06 00:00:00,4.0,-1.0376012,-1.4047878,-0.8658834,-0.6862935,0.28083453,0.51336414,0.10054296,0.20273744,-0.31488565,-0.24198502,-0.13728619,-0.34580177,-1.3365833,-1.3881046,-1.0426217,-0.95827043,-0.7906863,-0.81261593,-0.6825612,-1.2058102,-1.3994782,-1.836633,0.49071047,-0.018552557,0.58778524,-0.809017,-0.5,-0.8660254,0.0
2017-07-07 00:00:00,4.0,0.4095664,0.1043048,0.23793583,1.647135,-0.30540994,0.59327847,-0.20041475,0.5573731,-0.42527664,-0.36954805,-0.28423166,-0.4133883,-1.0899457,-1.1567215,-0.9309167,-0.2530214,-0.6474623,-0.6538244,-0.9096967,-0.9141427,-1.1446139,-1.593427,-0.1938713,-0.42384857,-0.58778524,-0.809017,-0.5,-0.8660254,0.0
2017-07-10 00:00:00,4.0,-0.28289214,0.3231906,0.2997669,1.136243,-0.85141146,0.8066715,-0.066494636,-0.98527235,-0.81069475,-0.6717625,-0.5200252,-0.8633549,-1.2012882,-1.2720835,-0.8937516,0.27885395,-0.7266133,-1.4518464,-0.99671715,-0.9238128,-1.2289076,-1.7634368,-1.1198499,-0.31344345,-0.95105654,0.309017,-0.5,-0.8660254,0.0
2017-07-11 00:00:00,4.0,0.035610598,-1.0016053,-1.1588309,0.48174676,-0.5881449,0.11508125,-0.77145416,1.0113323,-1.005685,-0.8797139,-0.72320807,-1.0459337,-1.1819192,-1.2486646,-0.7960648,-0.5682638,-0.8099349,-1.5921636,-1.0645896,-0.822463,-1.1099439,-1.7632595,-0.7544078,-0.2158756,0.0,1.0,-0.5,-0.8660254,0.0
2017-07-12 00:00:00,4.0,-0.15629578,-0.41563147,-1.0237422,1.7481315,-0.337923,0.3962905,0.121423155,0.098596014,-0.9891539,-0.93027127,-0.7972119,-0.9715155,-1.2540281,-1.3146914,-0.7017507,-0.5485641,-1.0424947,-1.5674152,-1.2188067,-0.8217218,-1.0788554,-1.8426578,-0.20579334,-0.21516208,0.95105654,0.309017,-0.5,-0.8660254,0.0
2017-07-13 00:00:00,1.0,1.5884922,1.2421962,0.4947526,-1.3030901,0.7177455,0.67210114,-0.0023701026,0.88704115,-0.061939623,-0.37063563,-0.5166575,0.32826218,-0.16956261,-0.38282496,-0.12620139,0.857048,-0.09938816,-0.5112913,-0.7428444,0.041745022,-0.069067955,-0.8416916,0.9526683,0.45854336,0.58778524,-0.809017,-0.5,-0.8660254,0.0
2017-07-14 00:00:00,1.0,-0.7562583,-1.2552099,-1.0220556,-0.1900022,-0.88914824,1.5189949,0.42893672,-0.34195152,-0.5848297,-0.68648744,-0.7151116,-0.3614988,-0.55114275,-0.73227113,0.050345786,0.27782002,0.009545763,-0.7055059,-0.055488985,-0.28077728,-0.41755506,-1.2594525,-1.3169891,0.38984367,-0.58778524,-0.809017,-0.5,-0.8660254,0.0
2017-07-17 00:00:00,1.0,-0.41367212,-1.0762776,-0.95221937,0.14461845,-0.8111814,1.4546585,-0.49585456,0.17288789,-0.9946811,-0.98172647,-0.9391592,-0.87846917,-0.7606351,-0.9273087,0.09828734,0.2333064,0.3601899,-1.1641697,0.05861177,-0.43618053,-0.5623724,-1.5107963,-1.2471889,0.39847493,-0.95105654,0.309017,-0.5,-0.8660254,0.0
2017-07-18 00:00:00,1.0,0.62417376,0.84456396,1.5565093,-1.3814543,-0.7464315,0.6667502,-0.60345584,0.2726285,-1.118087,-1.1456012,-1.1443108,-0.93230194,-0.38645682,-0.60582256,0.31180382,0.5592575,-0.046917256,-1.3014933,0.25717264,-0.064813584,-0.09741686,-1.1868063,-1.1807176,-0.22614412,0.0,1.0,-0.5,-0.8660254,0.0
2017-07-19 00:00:00,1.0,-0.5121523,-0.0033898307,1.3672972,0.3863665,0.47472528,0.29491952,-0.46099174,-0.9891524,-0.8883275,-1.0124763,-1.0465105,-0.61018276,-0.6735353,-0.86928767,0.33898115,0.41653866,-0.1532469,-0.7125338,0.39153332,-0.3596531,-0.30737263,-1.4039378,0.37478933,-1.2970799,0.95105654,0.309017,-0.5,-0.8660254,0.0
2017-07-20 00:00:00,1.0,0.118267484,-0.6751587,-1.2059257,1.409337,-0.70823693,0.109158464,-0.3476723,0.8667305,-1.1968734,-1.2687767,-1.2837269,-0.9511729,-0.6063341,-0.8138704,0.40577683,-0.59104717,0.29697385,-0.4632986,-0.07909837,-0.22510874,-0.20741934,-1.3498607,-0.8953649,-1.2369788,0.58778524,-0.809017,-0.5,-0.8660254,0.0
2017-07-21 00:00:00,1.0,0.9005535,0.5966762,1.2195523,-0.51194626,0.09224184,0.46076044,0.064599596,0.8735497,-0.87783325,-1.1203644,-1.2684797,-0.41843975,-0.016669689,-0.31432152,0.6678041,0.43797442,0.46085694,-0.19735812,0.15297633,0.5025176,0.33245292,-0.8272434,-0.049131118,-1.2768387,-0.58778524,-0.809017,-0.5,-0.8660254,0.0
2017-07-24 00:00:00,1.0,-0.80580854,-0.6498932,0.79464996,-0.6689883,1.4577638,0.30017427,-0.3094842,-0.33559525,-0.27477673,-0.6629733,-0.8884199,0.30007917,-0.49102572,-0.7184459,0.60314834,0.20478804,0.28793088,-0.4007746,-0.3906066,-0.09608627,-0.07140608,-1.1377327,1.124149,-1.1682248,-0.95105654,0.309017,-0.5,-0.8660254,0.0
2017-07-25 00:00:00,1.0,-1.4263542,-1.0015968,-1.1329893,0.544098,0.20745938,1.9533815,1.1004008,-1.2440492,0.24211177,-0.2018354,-0.45371085,0.77475697,-1.1793884,-1.3579934,0.24016601,-1.0332983,-0.23293,-0.87960905,-0.14403442,-1.1462902,-0.6996776,-1.6505525,0.20826653,-0.9478228,0.0,1.0,-0.5,-0.8660254,0.0
2017-07-26 00:00:00,1.0,1.4294223,1.46747,-0.52263546,-0.8371779,-0.2597127,0.40008268,-0.7747368,0.76990825,0.15452549,-0.2656403,-0.6021816,0.73621583,-0.29846436,-0.5885143,0.35753995,0.14771461,0.37421855,-0.6214588,0.28260708,0.17931537,0.098055094,-0.96964663,-0.19212204,-0.17270896,0.95105654,0.309017,-0.5,-0.8660254,0.0
2017-07-27 00:00:00,1.0,-0.26768795,-0.6491488,1.1339809,-0.9283007,-0.8523211,-0.22168624,-0.53679276,0.14392044,-0.40562716,-0.6130393,-0.8521012,0.035920475,-0.4410889,-0.7188165,0.3896981,-0.082571775,-0.43838045,-0.40790758,-0.3155233,-0.063926935,-0.0038031372,-1.0795282,-0.9651741,0.5814359,0.58778524,-0.809017,-0.5,-0.8660254,0.0
2017-07-28 00:00:00,1.0,-0.091638885,0.32794997,1.3553222,-0.06695896,-0.78180826,0.13662732,0.022404037,-0.65439504,-0.8515101,-0.9377635,-1.1126659,-0.4925343,-0.4972574,-0.77128303,0.3956724,-0.6851763,-0.16368687,-0.11210578,-0.18386585,-0.13891806,-0.044370875,-1.1068091,-1.0427027,-0.1223653,-0.58778524,-0.809017,-0.5,-0.8660254,0.0
2017-07-31 00:00:00,1.0,-0.2268385,0.5029212,0.12929344,0.744244,-0.30203003,-0.13643555,-0.3190945,-1.1892525,-1.0237336,-1.1076615,-1.2711368,-0.66631186,-0.62901646,-0.8903392,0.3453704,-0.33123466,-0.08219976,0.25065172,-0.16955684,-0.47782913,-0.19717377,-1.1761848,-0.58641106,0.073544085,-0.95105654,0.309017,-0.5,-0.8660254,0.0
2017-08-01 00:00:00,1.0,0.5005486,0.16394025,1.6965225,-0.08851448,-0.5993585,0.48783317,-0.00022036796,0.7659577,-1.2594389,-1.3836687,-1.581804,-0.8122528,-0.29750222,-0.6103284,0.44345826,0.8166263,-0.14823161,-0.14950596,-0.50012755,0.2545079,0.102550164,-0.90737,-0.905642,-0.16924153,0.0,1.0,-0.5,-0.8660254,0.0
2017-08-02 00:00:00,1.0,2.2430036,0.35653302,1.3494664,-0.20012493,2.513719,1.5987091,0.1887403,3.0,1.3044684,0.38162023,-0.46941864,2.1004426,1.0118482,0.62393886,0.8997898,1.3244804,0.9506666,0.56865084,0.061669517,2.663359,1.1707314,0.23505177,1.6804023,0.10874183,0.95105654,0.309017,-0.8660254,-0.5,0.0
2017-08-03 00:00:00,1.0,0.57954186,0.3035586,-1.3298961,2.639314,3.0,0.31196335,-0.58701956,-0.002144197,3.0,2.5684993,1.3933231,3.0,1.2662073,0.9045437,1.0982093,1.8018253,1.1247703,1.0707949,0.16752593,2.309336,1.1419579,0.45038226,1.9714712,0.26056397,0.58778524,-0.809017,-0.8660254,-0.5,0.0
2017-08-04 00:00:00,1.0,0.2706747,0.90222645,-0.94725597,0.9146036,0.15554166,0.055167712,-0.338011,-0.9001307,2.4610858,2.0817304,1.2203255,2.5420015,1.369261,1.0241685,1.3490918,2.0012467,0.8731732,1.0084897,-0.08993825,1.93214,1.2043504,0.57786214,0.598626,1.060479,-0.58778524,-0.809017,-0.8660254,-0.5,0.0
2017-08-07 00:00:00,1.0,0.537517,1.5546976,-0.3281542,-1.2498153,0.0042759934,-1.2968907,-0.7611825,-1.3367141,1.6208947,1.592309,0.94218075,1.666627,1.5731193,1.2651414,1.5555921,2.3700318,1.3807683,1.2402539,0.43313006,1.7883593,1.3601351,0.7946608,0.45277634,1.9399546,-0.95105654,0.309017,-0.8660254,-0.5,0.0
2017-08-08 00:00:00,1.0,1.0325197,1.0169051,-0.6062771,0.27852178,0.5461086,1.7099688,1.6269917,0.13307108,1.3893174,1.4664845,0.8884838,1.4187317,1.9351957,1.7059691,1.7529498,2.552479,2.255893,1.4939727,0.49715024,1.8155683,1.6579225,1.1652591,1.3073992,1.9442801,0.0,1.0,-0.8660254,-0.5,0.0
2017-08-09 00:00:00,1.0,0.5301306,1.1981493,0.6086735,-1.349043,-0.64737827,-0.6754943,-0.8364234,-0.2454514,0.40984863,0.69129723,0.24258803,0.46513778,2.0589304,1.8830616,1.9833773,1.5891615,1.9030359,1.6514697,0.3842198,1.6606793,1.8347992,1.4135755,-1.3099313,1.5628418,0.95105654,0.309017,-0.8660254,-0.5,0.0
2017-08-10 00:00:00,1.0,-0.47371012,-0.11867222,1.5297842,-0.09864371,-0.92741036,-0.9358833,-0.4049171,-0.97760534,-0.5191801,-0.091629714,-0.39443833,-0.49944717,1.6738329,1.5761266,1.9997658,1.0316784,1.8105083,1.0186212,-0.121511824,1.3043357,1.6574236,1.3059609,-1.574033,0.40161526,0.58778524,-0.809017,-0.8660254,-0.5,0.0
2017-08-11 00:00:00,4.0,-2.1868603,-1.507788,-0.9690049,-0.75627685,-0.12005477,-0.0777309,0.15276325,-2.469436,0.55290526,0.8729588,0.785497,0.41724426,0.27770033,0.367842,1.275314,-0.34494475,1.0328441,0.6289363,-1.0062711,0.46016818,0.50303835,0.3891804,0.2821063,3.0,-0.58778524,-0.809017,-0.8660254,-0.5,0.0
2017-08-14 00:00:00,4.0,-1.920404,-1.5944453,-0.7623098,-1.29733,-0.34312722,0.20256288,-0.16653444,-2.0527942,1.0105072,1.3905481,1.5832436,0.6619235,-0.63656425,-0.55957615,0.424139,-1.7465544,0.35838804,0.19529974,-1.6165476,-0.29577595,-0.42343983,-0.35586947,-0.4449745,2.6345208,-0.95105654,0.309017,-0.8660254,-0.5,0.0
2017-08-15 00:00:00,4.0,-0.24823853,-0.8205492,-0.39275602,0.10562282,-0.6125354,-0.31809503,-0.43566754,0.2179606,0.21238129,0.740947,1.0486965,-0.11546256,-0.74716395,-0.6808852,-0.20023528,-2.3699427,0.07030583,-0.055858117,-1.9040998,-0.39106733,-0.58227247,-0.47258055,-1.2311985,1.766548,0.0,1.0,-0.8660254,-0.5,0.0
2017-08-16 00:00:00,4.0,-0.3084287,-0.52165663,0.982851,-0.61708844,-0.37662786,-1.0314528,-0.55724305,-0.09839073,-0.22332098,0.32606825,0.69740844,-0.5365968,-0.89111173,-0.8355518,-0.7269627,-2.6711144,-0.97354764,0.0007532176,-2.1167207,-0.51499146,-0.7907013,-0.61601394,-0.551986,1.7399648,0.95105654,0.309017,-0.8660254,-0.5,0.0
2017-08-17 00:00:00,4.0,0.36870936,-0.35740346,1.8128078,-1.0748122,-0.7571596,-0.131023,0.2547794,0.9257939,-0.6443919,-0.1521533,0.17492127,-0.89281636,-0.69581926,-0.6569467,-0.9990412,-2.158897,-1.0661656,0.08086398,-1.9648892,-0.38067323,-0.6488795,-0.4787034,-1.4259528,1.7462554,0.58778524,-0.809017,-0.8660254,-0.5,0.0
2017-08-18 00:00:00,4.0,-0.34431162,0.1535267,2.236225,-0.5066062,-0.5238087,-0.6876275,-0.4727281,-0.93659776,-1.0148568,-0.57098216,-0.22826283,-1.2382828,-0.8954986,-0.8576895,-1.264071,-1.24464,-1.3368852,-0.30584958,-2.3857014,-0.49331388,-0.9051104,-0.6919013,-1.0803989,1.4480104,-0.58778524,-0.809017,-0.8660254,-0.5,0.0
2017-08-21 00:00:00,4.0,-0.55154717,-0.55762994,-0.17171225,0.41041648,-0.5418803,-0.09662057,0.018691625,-0.6552256,-1.3082337,-0.94391274,-0.5896981,-1.5030894,-1.1718256,-1.1454536,-1.5469401,-0.5454631,-1.7896084,-0.23667358,-2.1541095,-0.6726118,-1.3109688,-1.0010179,-1.317028,1.4567499,-0.95105654,0.309017,-0.8660254,-0.5,0.0
2017-08-22 00:00:00,4.0,0.14587437,-0.014835492,0.5780677,0.76070106,-0.46091804,0.86161983,0.004219446,0.19568132,-1.5364133,-1.320503,-1.0601754,-1.6482522,-1.1177105,-1.0978568,-1.6307566,-0.34683284,-2.1069622,0.25695533,-2.1595516,-0.63945067,-1.3253572,-0.9453393,-1.0741965,1.4997187,0.0,1.0,-0.8660254,-0.5,0.0
2017-08-23 00:00:00,4.0,0.5240386,0.33906272,2.4484155,-1.0970167,0.53032756,-0.24806324,-0.5433662,0.507689,-0.7233109,-0.80023986,-0.7038559,-0.6566337,-0.74907047,-0.7893606,-1.3149024,0.07284077,-2.0373878,-0.030785594,-1.7428569,-0.4271223,-0.88982236,-0.5426247,1.1569803,1.3519793,0.95105654,0.309017,-0.8660254,-0.5,0.0
2017-08-24 00:00:00,4.0,0.55092263,1.0628511,-1.0343786,0.9911251,-0.65693647,-0.65342474,-0.36576694,0.07038794,-1.2835528,-1.3802106,-1.3842707,-1.1695403,-0.35296988,-0.44854912,-1.0369587,0.1612353,-1.5931485,0.25789917,-1.1411854,-0.2301132,-0.6004591,-0.25583655,-1.3250955,1.2132788,0.58778524,-0.809017,-0.8660254,-0.5,0.0
2017-08-25 00:00:00,4.0,-0.19006863,-0.5386375,0.8850179,-0.720576,-0.056296825,0.18576796,0.04724374,0.27633622,-1.191021,-1.3970672,-1.4622545,-1.0068694,-0.5049813,-0.583512,-0.8065488,0.24107298,-0.8020816,0.22862522,-1.4234442,-0.31001556,-0.76149905,-0.35480008,0.2616367,1.1845572,-0.58778524,-0.809017,-0.8660254,-0.5,0.0
2017-08-29 00:00:00,4.0,0.5532796,0.112076834,1.7915348,-0.3215585,-0.36376452,-1.6747496,-0.84302676,0.8964677,-1.1377597,-1.4568917,-1.649942,-0.8529076,-0.095083125,-0.22980918,-0.46863037,0.79178596,0.19342296,0.5228316,-0.71196914,-0.13404334,-0.42437792,0.014870974,-0.43810013,1.1749424,-0.95105654,0.309017,-0.8660254,-0.5,0.0
2017-08-30 00:00:00,4.0,-0.9867441,-1.1798993,-1.359208,0.40327862,0.53416264,0.25198397,0.8440453,0.12140117,-0.538645,-0.9409015,-1.1204087,-0.2266064,-0.74819845,-0.82366157,-0.45699394,0.22943537,-0.09516461,-0.027104665,-1.1452218,-0.487841,-1.0377121,-0.48693398,1.1475812,1.0087941,0.95105654,0.309017,-0.8660254,-0.5,0.0
2017-08-31 00:00:00,4.0,0.39336854,0.050182417,0.6267189,0.87245506,-0.69921696,-1.1041687,-0.68732166,0.6061732,-1.1813701,-1.5306839,-1.7710353,-0.86575603,-0.46687022,-0.57849526,-0.3759182,0.16071597,0.18482357,-0.7198983,-1.0577294,-0.30181924,-0.77859914,-0.28575873,-1.3089236,1.0593388,0.58778524,-0.809017,-0.8660254,-0.5,0.0
2017-09-01 00:00:00,4.0,0.7307622,0.9940049,-0.31913662,0.29656368,0.022372186,1.2758828,0.7667495,0.27433515,-1.2559085,-1.6682436,-2.0210366,-0.8631435,0.076846145,-0.100693874,-0.07605704,0.24350765,0.32193857,-0.6592789,-0.22877875,-0.022470687,-0.22025183,0.17459205,-0.018557465,1.2057037,-0.58778524,-0.809017,-0.8660254,-0.5,0.0
2017-09-04 00:00:00,4.0,-0.044254705,-0.79377604,-0.5147083,0.33990788,-0.2025267,-0.9801524,-0.8219434,0.7105905,-1.3614647,-1.7876685,-2.1626139,-0.9501981,0.0068528075,-0.15256165,0.119384065,0.32143247,0.45115572,-0.7734997,-0.22899601,-0.017464317,-0.19005704,0.14217818,-0.29507822,1.2432808,-0.95105654,0.309017,-1.0,-1.8369701e-16,0.0
2017-09-05 00:00:00,4.0,0.4545702,1.4670534,-0.1373198,-0.87606406,-0.012053017,-1.4721943,-0.5074627,-0.79654425,-1.3998315,-1.8608205,-2.293264,-0.936228,0.3180955,0.122790985,0.3780369,0.25960624,0.8441121,-0.8177021,-0.88712305,0.18093804,0.2015274,0.42602307,-0.2147728,1.217521,0.0,1.0,-1.0,-1.8369701e-16,0.0
2017-09-06 00:00:00,4.0,0.14304422,0.020274755,1.2294207,0.124929704,-0.71590084,1.1015851,1.0317172,0.16342536,-1.6269192,-2.0612094,-2.4883857,-1.1865165,0.3835061,0.1901595,0.5794842,0.831568,0.8332794,-1.1589258,-1.0548494,0.29518798,0.41481468,0.5180823,-1.094954,1.0013448,0.95105654,0.309017,-1.0,-1.8369701e-16,0.0
2017-09-07 00:00:00,4.0,0.095693305,0.68487585,-0.6227059,1.3528359,1.1815009,1.0922861,-0.2452565,-0.77965015,-1.2760006,-1.8002087,-2.277244,-0.69649273,0.4112932,0.22652017,0.6927956,0.6762743,0.65431434,-1.3154294,-0.96989256,0.44202155,0.6203343,0.6074652,0.8459012,1.1911374,0.58778524,-0.809017,-1.0,-1.8369701e-16,0.0
2017-09-08 00:00:00,4.0,0.75722545,0.8745909,0.33067587,-0.2785018,-0.73162806,-0.13897137,-0.52431935,0.6189505,-1.4228765,-1.930573,-2.4285672,-0.8239051,0.9992268,0.7451735,0.9572747,0.66181546,0.70497894,-0.86549157,-0.0929641,1.320649,1.2495301,1.1041436,-1.0196173,1.0768707,-0.58778524,-0.809017,-1.0,-1.8369701e-16,0.0
2017-09-11 00:00:00,4.0,-0.8018129,-1.4251794,-0.7425009,-0.7086924,0.0541455,-1.4351379,-0.67880446,-0.060130637,-1.3769735,-1.8607923,-2.3059134,-0.7833809,0.24755326,0.15302499,0.852568,0.3091614,0.48914325,-0.30818558,-0.3192193,0.7879926,0.7134091,0.52474844,-0.007865321,-0.5431598,-0.95105654,0.309017,-1.0,-1.8369701e-16,0.0
2017-09-12 00:00:00,4.0,0.7490349,0.4375585,0.0019488478,1.1714007,-0.1709403,-0.87642235,-0.032396555,0.9366957,-1.4410758,-1.9245646,-2.3884938,-0.8093255,0.808408,0.6645649,0.9549783,0.43886256,0.5412946,0.7147416,-0.48703775,1.5930972,1.1744823,0.997546,-0.22432661,0.6076622,0.0,1.0,-1.0,-1.8369701e-16,0.0
2017-09-13 00:00:00,1.0,0.042916648,-0.507858,-1.3395839,1.8761203,-1.1494907,-0.43347976,-0.08515183,0.3664148,-1.6824526,-2.095054,-2.5044403,-1.1477932,0.78815335,0.6724428,1.0027962,0.3901366,0.946694,0.82553023,-0.91974866,1.40499,1.1437434,1.0262828,-1.2260325,1.1697572,0.95105654,0.309017,-1.0,-1.8369701e-16,0.0
2017-09-14 00:00:00,1.0,0.8739243,1.6101177,-0.3453715,-1.0179509,1.8839585,2.3901782,1.0057976,-0.73325413,-1.2077163,-1.7797261,-2.2869585,-0.3354524,1.3713138,1.2341528,1.1366575,0.72215503,1.0717744,1.215815,0.31715903,1.8763868,1.5401887,1.5476388,1.4347715,1.0131321,0.58778524,-0.809017,-1.0,-1.8369701e-16,0.0
2017-09-15 00:00:00,1.0,-0.13877897,-0.30684966,1.1705828,-0.43613538,1.4771758,1.5043327,-0.38030905,0.23866682,-0.8477439,-1.4924401,-2.0430882,0.19143727,1.1856626,1.0896829,1.1091328,0.30900612,0.74110794,1.0238937,0.55378574,1.4722207,1.3048155,1.3592638,1.3315625,1.0086141,-0.58778524,-0.809017,-1.0,-1.8369701e-16,0.0
2017-09-18 00:00:00,1.0,-0.808959,-0.6833464,-0.83446825,1.0497084,0.44856054,2.8451083,0.62374854,-0.6008317,-0.7117137,-1.3302274,-1.8642633,0.32397258,0.44312516,0.48633367,0.847527,0.33661067,0.49132264,0.90192103,0.29454726,0.6656757,0.71617866,0.80286205,0.64162105,0.4160602,-0.95105654,0.309017,-1.0,-1.8369701e-16,0.0
2017-09-19 00:00:00,1.0,0.6441384,0.26655388,1.6201061,-0.4341649,-0.3993625,-0.21594451,-1.0137743,0.90765095,-0.7016887,-1.2950834,-1.848772,0.35784107,0.8970589,0.9045623,0.792969,0.26901957,0.5385025,1.3077962,0.566379,1.0764731,0.9829686,1.1456909,-0.36028588,0.10530668,0.0,1.0,-1.0,-1.8369701e-16,0.0
2017-09-20 00:00:00,1.0,1.2708622,1.8370323,-0.6730992,-1.1912739,0.73796356,-0.010867068,-0.123571,-0.006704921,-0.66588575,-1.2527887,-1.8458288,0.4610762,1.6750399,1.69,1.0097675,0.8211374,0.9103761,1.6315571,0.9105809,1.7930195,1.5702138,1.8225361,0.959481,-0.14422625,0.95105654,0.309017,-1.0,-1.8369701e-16,0.0
2017-09-21 00:00:00,1.0,0.7813935,1.4233407,-1.4521807,0.6093061,-0.30806234,-0.4342492,-0.4468703,-0.009675207,-0.90265393,-1.3873825,-1.9360428,0.1504569,2.0050433,2.0677953,1.2923174,0.7827986,1.1282684,1.6460958,0.97641164,1.8325381,1.8629099,2.1736805,-0.09092753,-0.38678053,0.58778524,-0.809017,-1.0,-1.8369701e-16,0.0
2017-09-22 00:00:00,4.0,0.93083453,1.4692543,-1.1831791,0.10956991,-1.6268994,1.237447,0.85924274,0.6514634,-1.2685511,-1.6381407,-2.1141772,-0.35421804,2.309372,2.4369147,1.6528877,1.2401706,1.1566828,1.6923764,1.6626606,1.8028055,2.2505937,2.5986571,-1.3123262,-0.6635796,-0.58778524,-0.809017,-1.0,-1.8369701e-16,0.0
2017-09-25 00:00:00,4.0,0.6643353,0.99033386,-0.2661008,-0.0008272579,1.4742395,-0.14211452,-0.705897,-0.16408497,-0.9253206,-1.4060572,-1.9488413,0.20397535,2.4351416,2.6004162,1.821026,1.830398,1.6233044,1.914926,2.2211144,1.6521143,2.2958102,2.6656597,1.4609327,-0.9730735,-0.95105654,0.309017,-1.0,-1.8369701e-16,0.0
2017-09-26 00:00:00,4.0,1.2554474,1.7085806,-0.8157958,-1.0661123,2.7619786,0.33900467,0.0832203,-1.1941584,-0.1387329,-0.85744756,-1.5930966,1.35353,2.6941736,2.948949,1.940225,2.040491,1.760824,2.0332294,2.9260068,1.659055,2.4861193,2.8303218,2.0829773,-1.5536135,0.0,1.0,-1.0,-1.8369701e-16,1.0
2017-09-27 00:00:00,4.0,-0.29199058,-0.85021466,0.1610994,-0.2630965,0.1102477,0.22645642,-0.23746783,0.50533366,-0.34724447,-0.91424763,-1.5783662,0.96071756,2.3609014,2.6010106,1.9428396,1.375063,1.6560203,2.1969426,2.1179817,1.2787495,2.1123369,2.520883,0.65744317,-1.43426,0.95105654,0.309017,-1.0,-1.8369701e-16,1.0
2017-09-28 00:00:00,4.0,0.27042168,0.4518204,-0.67938125,1.6999446,-0.45067656,0.74078625,0.23871128,0.066751346,-0.6693895,-1.0857735,-1.6603321,0.47282517,2.3123052,2.5402665,1.898793,1.1546655,1.4434422,2.0714898,2.1728852,1.1362159,2.0509863,2.491697,-0.15602675,-1.4064605,0.58778524,-0.809017,-1.0,-1.8369701e-16,1.0
2017-09-29 00:00:00,4.0,0.6078854,1.1578357,-0.8253134,0.19390912,-0.026411057,-0.48682237,-0.9079495,-0.16257319,-0.80055356,-1.1655723,-1.7027076,0.28988254,2.3561726,2.59883,1.8511236,1.0064704,1.6408439,1.9391752,2.555569,1.0894792,2.1322284,2.5674443,0.44251692,-1.6394271,-0.58778524,-0.809017,-1.0,-1.8369701e-16,1.0
2017-10-02 00:00:00,4.0,0.17523424,-0.06481402,1.0809728,0.51113236,-0.32735083,-0.39432934,-0.060140785,0.43833268,-0.960326,-1.2643713,-1.7427305,0.044002265,2.2855942,2.5113566,1.7469907,0.79837734,1.894504,1.9349163,2.3579957,0.95432603,2.02977,2.4987214,0.041471038,-1.5619681,-0.95105654,0.309017,-1.0,-1.8369701e-16,1.0
2017-10-03 00:00:00,4.0,0.5118615,-0.06418713,0.05464648,1.7580166,-0.8570942,1.0309883,1.010022,1.019816,-1.237704,-1.4631047,-1.860291,-0.3665023,2.29453,2.5292625,1.7038407,0.48538595,1.8095921,1.9003737,2.454405,0.90953296,2.1189752,2.586445,-1.0099915,-1.4399233,0.0,1.0,-0.8660254,0.5,0.0
2017-10-04 00:00:00,4.0,1.3596451,2.014624,-1.1841578,-1.4420173,0.028463118,-0.12036922,-0.7645728,0.18395603,-1.0854871,-1.3981172,-1.8345739,-0.052272234,2.4253492,2.7302995,1.7527603,1.1225864,1.7819562,2.140022,2.6121895,1.021392,2.4179482,2.8049443,0.6751268,-1.7403098,0.95105654,0.309017,-0.8660254,0.5,0.0
2017-10-05 00:00:00,4.0,-0.33623216,-0.049569834,-0.019748485,1.7638112,-1.1539747,0.033959057,-0.07153197,-0.44765604,-1.387253,-1.5885779,-1.9158189,-0.5844968,2.1878808,2.474045,1.6882801,0.8899611,1.4606624,2.0172997,2.4814758,0.79141825,2.1391659,2.6115448,-1.2344147,-1.5469488,0.58778524,-0.809017,-0.8660254,0.5,0.0
2017-10-06 00:00:00,4.0,0.96815574,1.99902,-1.3684014,-1.3097978,-0.13435984,-0.96218467,-0.814157,-0.42583743,-1.359642,-1.6047335,-1.9323076,-0.48075706,2.2273386,2.540914,1.6507196,1.0145328,1.4253916,1.9760636,2.141841,0.82294166,2.2898006,2.7137268,0.4378171,-1.0744371,-0.58778524,-0.809017,-0.8660254,0.5,0.0
2017-10-09 00:00:00,4.0,-0.72955316,-1.064252,-0.4899847,0.33934745,-0.8898585,-1.1165752,-0.2342076,-0.27565658,-1.4831146,-1.678758,-1.9365454,-0.7496216,1.7824175,2.1503968,1.3882568,0.6752911,1.0351156,1.9718081,2.1067593,0.57098216,1.8164707,2.3822045,-1.1105971,-1.2876952,-0.95105654,0.309017,-0.8660254,0.5,0.0
2017-10-10 00:00:00,4.0,-0.6355504,-0.48210934,-0.46185777,1.6120527,-0.2534431,-0.8210327,0.14709854,-0.5385586,-1.3996651,-1.6210942,-1.8656291,-0.63898325,1.4460889,1.8554724,0.929728,0.24795574,0.5140128,1.64965,2.014707,0.36702582,1.3799627,2.0664897,0.04946583,-1.0924171,0.0,1.0,-0.8660254,0.5,0.0
2017-10-11 00:00:00,4.0,0.7186919,0.91997385,-0.20573153,-0.31254348,0.07749354,-0.7301941,-0.07363129,0.2551769,-1.2687349,-1.5496992,-1.8215748,-0.36541712,1.5587546,1.9512773,0.67652565,-0.006674206,0.7795815,1.7791826,1.9325608,0.43788722,1.4728487,2.1371996,0.7109782,-0.736628,0.95105654,0.309017,-0.8660254,0.5,0.0
2017-10-12 00:00:00,4.0,-0.50656307,-0.91280353,0.4496965,-0.41566598,-1.1161426,-0.29526958,0.0751809,-0.062212046,-1.4414735,-1.6476073,-1.8517722,-0.73703355,1.3182062,1.7342633,0.3610505,-0.06466709,0.5758212,1.4707227,1.8991945,0.26882166,1.1720234,1.9775723,-1.2216995,-0.8609363,0.58778524,-0.809017,-0.8660254,0.5,0.0
2017-10-13 00:00:00,4.0,0.49286717,0.84074104,-1.0020052,0.78628594,-1.2112392,-1.3810065,-0.9530996,0.40525952,-1.6290749,-1.7844837,-1.9350976,-1.1040623,1.4043913,1.7964122,0.20005152,-0.24452367,0.5413175,1.5796995,1.8948473,0.3162918,1.2920336,2.1341004,-1.4080405,-1.2572755,-0.58778524,-0.809017,-0.8660254,0.5,0.0
2017-10-16 00:00:00,4.0,-0.3346684,-0.11259545,2.2349544,-0.98884434,0.9880243,-1.4731439,-0.16105157,-0.4173393,-1.2302432,-1.526579,-1.7552224,-0.31132653,1.2602966,1.6543062,-0.105623186,-0.09677917,0.40778694,1.6586041,1.6183261,0.2195167,0.88986605,1.8412488,1.3141229,-0.98046553,-0.95105654,0.309017,-0.8660254,0.5,0.0
2017-10-17 00:00:00,4.0,-0.022434631,-0.38571495,1.8015937,-0.9063555,-1.3429266,-0.82824963,0.27132854,0.35757908,-1.4535446,-1.6582637,-1.8222947,-0.79042137,1.2526582,1.6214554,-0.31943437,0.13082069,0.2663678,1.4991343,1.7316316,0.20313814,0.7861258,1.8706039,-1.3609583,-1.0725685,0.0,1.0,-0.8660254,0.5,0.0
2017-10-18 00:00:00,4.0,-0.4649805,-0.7578138,0.65918684,-0.2781695,0.09859338,-0.53285974,0.031301927,0.09463325,-1.318446,-1.5649921,-1.7477968,-0.52377856,1.0710052,1.471984,-0.6153096,-0.30245873,-0.21537893,1.1476648,1.8758905,0.06749828,0.4664907,1.691492,0.27849966,-1.02794,0.95105654,0.309017,-0.8660254,0.5,0.0
2017-10-19 00:00:00,4.0,-0.88050276,-1.0125502,0.6362844,-0.9122681,1.0517516,-0.66543204,-0.23972078,-0.06474675,-0.95347315,-1.3089498,-1.5630081,0.18817572,0.6358154,1.1598289,-0.9949934,-0.41923243,-0.33780757,0.82468104,1.4588908,-0.19295622,-0.020496741,1.3383733,1.4418823,-0.9491386,0.58778524,-0.809017,-0.8660254,0.5,0.0
2017-10-20 00:00:00,4.0,0.87689877,1.2367611,-1.2411952,0.23697124,0.015595423,2.5866387,2.1546035,0.2494001,-0.9534324,-1.2929087,-1.5553298,0.20549461,0.88689524,1.3415918,-1.0441232,-0.29778615,-0.38136458,0.7868939,1.5917047,0.112538554,0.2536272,1.5356063,0.29437482,-0.3046939,-0.58778524,-0.809017,-0.8660254,0.5,0.0
2017-10-23 00:00:00,4.0,-0.28262565,-0.5204063,-0.047782037,1.0947708,-0.6878186,-0.31703737,-1.237787,0.0783894,-1.1053365,-1.3586513,-1.5736356,-0.15835568,0.81911755,1.270338,-1.139357,-0.27384603,-0.25959578,0.5927695,1.5384207,0.02990967,0.09964339,1.4769008,-0.89753675,-0.6646365,-0.95105654,0.309017,-0.8660254,0.5,0.0
2017-10-24 00:00:00,4.0,-0.46772626,-0.020947007,-0.2420163,1.7347771,0.42945305,-1.0402306,-0.72887117,-0.69981325,-1.0171695,-1.2817808,-1.5052797,-0.011803277,0.63879424,1.1315473,-1.2635229,-0.43088475,-0.20750469,0.2366896,1.4878367,-0.15837699,-0.12463186,1.2924784,0.43140388,0.8280748,0.0,1.0,-0.8660254,0.5,0.0
2017-10-25 00:00:00,4.0,1.1444931,1.6533301,-0.671252,-1.4258834,2.599302,0.14570345,0.8617481,-0.9192428,-0.5386325,-0.97513616,-1.3259068,1.0089064,0.9621163,1.3710786,-1.037985,0.1428477,-0.1136253,0.51563895,1.5230829,0.42833465,0.23480557,1.3756794,1.695816,0.61578375,0.95105654,0.309017,-0.8660254,0.5,0.0
2017-10-26 00:00:00,4.0,-2.3976576,-1.749001,-0.7869851,-0.79727864,2.3121128,-0.37593663,-0.5270836,-1.0079519,0.09419717,-0.49790567,-0.9744648,1.9553208,-0.16590881,0.5358629,-1.2898463,-0.3853411,-0.564205,0.014804284,0.83866,-0.8030965,-0.6943289,0.6227064,1.8582681,1.7381167,0.58778524,-0.809017,-0.8660254,0.5,0.0
2017-10-27 00:00:00,4.0,0.4605851,0.8485304,-0.33381763,-0.030107556,-0.87593764,-0.12648328,0.002991986,0.20702219,-0.35711738,-0.7217639,-1.0889963,1.2407888,0.0076413564,0.64709795,-1.4012913,-0.53852314,-0.58157533,-0.02491916,0.792976,-0.47862116,-0.53124774,0.75039464,-0.9650421,1.6834924,-0.58778524,-0.809017,-0.8660254,0.5,0.0
2017-10-30 00:00:00,4.0,1.8632233,1.9045922,-1.3487619,-1.406268,2.482967,0.49776554,0.24974923,-1.0227984,0.25723037,-0.38086593,-0.91411245,2.432763,0.51081234,1.0301769,-1.0287644,0.24073844,-0.02741258,0.29445326,0.9756354,1.1106341,0.08106532,0.99543965,2.0024197,2.1286576,-0.95105654,0.309017,-0.8660254,0.5,0.0
2017-10-31 00:00:00,4.0,0.7691082,0.8543901,0.13695371,-0.6660344,1.0849638,1.7719259,0.50207645,-0.017768176,0.3808016,-0.26887807,-0.84179807,2.4511795,0.69477224,1.1672837,-0.69074625,0.7074973,0.17218037,0.33642197,0.9755146,1.5904914,0.29584482,1.0605409,1.5525651,1.5628988,0.0,1.0,-0.8660254,0.5,0.0
2017-11-01 00:00:00,4.0,1.9314514,-1.326997,-1.2908605,0.7186848,3.0,3.0,1.436711,3.0,3.0,1.2689465,-0.027329428,3.0,1.0478168,1.4730425,-0.20674631,1.0515953,0.79765344,0.43033585,1.0417453,1.9251194,0.59374714,0.9414493,1.9667434,1.275569,0.95105654,0.309017,-0.8660254,0.5,0.0
2017-11-02 00:00:00,4.0,0.7385477,-1.6453212,-1.2870331,-0.20691621,0.26550916,1.2346797,-0.98708516,2.6564167,2.694733,1.3950708,0.10480905,3.0,1.1621705,1.5563099,0.13797855,2.178616,1.2126603,0.6460862,1.0393125,1.5845082,0.73037827,0.9822527,1.5138539,1.291499,0.58778524,-0.809017,-0.5,0.8660254,0.0
2017-11-03 00:00:00,4.0,0.777051,1.011175,-0.65728086,0.084957704,0.7205714,0.51339954,-0.6461305,-0.5611936,2.4185991,1.4939077,0.23763344,2.9756014,1.2617865,1.6302232,0.42120942,2.217983,1.1963453,0.5999232,1.1980247,1.3493283,0.8728147,1.0241988,1.7202214,1.0580021,-0.58778524,-0.809017,-0.5,0.8660254,0.0
2017-11-06 00:00:00,4.0,-0.6150383,-0.6448535,0.36558086,0.31695396,-0.07564976,-0.4040661,-0.9341121,-0.07901594,1.8191059,1.3429168,0.24741827,2.0868185,1.0779011,1.4621868,0.50280285,1.3242399,1.1104083,0.63501066,1.4674716,0.8839647,0.7135951,0.932403,0.9350378,0.7731192,-0.95105654,0.309017,-0.5,0.8660254,0.0
2017-11-07 00:00:00,4.0,0.8591541,1.2092652,-0.65407795,-0.55819637,-0.07740067,-0.12223353,0.19372334,-0.32256812,1.3791351,1.183601,0.19788973,1.5027176,1.1798996,1.5427421,0.6046626,1.3313872,1.3886688,0.89752996,1.8384099,0.87638247,0.8951857,1.0599498,1.0125253,0.66236967,0.0,1.0,-0.5,0.8660254,0.0
2017-11-08 00:00:00,4.0,0.62631357,-0.2728983,1.2816384,0.19869302,-0.24193175,0.6572765,0.728217,0.9027327,1.1805831,1.1386473,0.21806617,1.2154217,1.2472608,1.5912598,0.6755882,0.85779285,1.2241126,0.8543275,1.9047065,0.7984418,1.0037134,1.1194385,0.662894,0.55472773,0.95105654,0.309017,-0.5,0.8660254,0.0
2017-11-09 00:00:00,4.0,-0.5892519,-0.653044,-0.46293926,1.5358045,-0.7467867,-0.079942934,-0.7540971,-0.1557211,0.3879585,0.6908885,0.040228233,0.42457953,1.140019,1.4869738,0.64639527,0.42103976,1.6637235,0.8614374,1.8709735,0.5270069,0.9131396,1.1156263,-0.79918194,0.61851096,0.58778524,-0.809017,-0.5,0.8660254,0.0
2017-11-10 00:00:00,4.0,-2.8898964,-1.5245235,0.00089878525,-1.2410548,-0.29203615,0.3143367,0.29991087,-1.8073192,0.9711691,1.1635153,0.4333789,0.782454,0.10728035,0.7210346,0.09659586,-1.1483805,0.9239988,0.2676299,1.5118929,-0.1718245,0.053913575,0.532087,0.5862121,1.2511109,-0.58778524,-0.809017,-0.5,0.8660254,0.0
2017-11-13 00:00:00,4.0,-2.3240986,-1.9274853,-0.68415296,-1.5299987,0.7125003,-0.6931915,-0.9744924,0.20105019,1.5292562,1.6492275,0.86612004,1.0975233,-0.5596176,0.17465383,-0.5967621,-1.9731777,-0.0843774,-0.084890395,1.3298548,-0.7398757,-0.6135695,0.05657162,1.6159941,1.2383245,-0.95105654,0.309017,-0.5,0.8660254,0.0
2017-11-14 00:00:00,4.0,-0.32087874,-0.5148093,2.0815766,-1.3872678,0.5017633,-0.8885851,-0.40509886,0.28287145,1.7322981,1.85254,1.1105306,1.1956022,-0.59858924,0.14779586,-1.0717943,-2.418909,-0.37513074,-0.13992286,1.3922994,-0.83092844,-0.7144637,-0.054802712,1.4554995,1.2190182,0.0,1.0,-0.5,0.8660254,0.0
2017-11-15 00:00:00,4.0,-1.333165,-1.1757476,0.10462046,-0.60614324,-0.5890609,-0.54959667,0.27865398,-0.50260437,1.1420468,1.520165,1.0562143,0.6023495,-0.95519245,-0.1451072,-1.5827507,-3.0,-1.3189183,-0.29760927,1.2418586,-1.1949223,-1.0909822,-0.27560028,0.24811743,1.313406,0.95105654,0.309017,-0.5,0.8660254,0.0
2017-11-16 00:00:00,4.0,-2.2913485,-1.3925388,-0.73597693,-0.2267951,-0.1793872,0.06746494,0.5746541,-1.1882852,1.5122796,1.8452468,1.4427099,0.78240293,-1.5412976,-0.6822141,-2.095086,-3.0,-2.2767472,-0.5797869,0.9106767,-1.8403425,-1.7240648,-0.74326414,0.95361865,1.6470364,0.58778524,-0.809017,-0.5,0.8660254,0.0
2017-11-17 00:00:00,4.0,-1.19836,-1.4033924,-0.13850814,-1.0853682,0.3304172,0.049613073,-0.24253617,0.5905721,1.7001454,2.0094154,1.6969801,0.8597361,-1.7674283,-0.9344735,-2.4138274,-2.7097745,-2.8695295,-0.98865247,0.69030625,-2.0897741,-1.9639866,-0.99297726,1.2669898,0.8004525,-0.58778524,-0.809017,-0.5,0.8660254,0.0
2017-11-20 00:00:00,4.0,0.27678385,0.7232129,-0.06820168,0.07905898,-0.44452432,-0.92247033,-0.99624085,-0.5093373,1.2618885,1.6988786,1.56802,0.46912932,-1.610545,-0.8560023,-2.484157,-1.739589,-2.5614352,-0.8808526,0.7706737,-1.9397547,-1.8400983,-0.96725184,0.5986092,0.7922932,-0.95105654,0.309017,-0.5,0.8660254,0.0
2017-11-21 00:00:00,4.0,-0.49290863,0.37321624,1.3246021,-0.6089097,-1.0132043,-1.0526434,-0.28739038,-0.8805941,0.574785,1.2136422,1.314246,-0.17845409,-1.6692673,-0.9478503,-2.5092716,-1.7616209,-2.7454731,-0.88690615,0.6284011,-1.9960808,-1.9523335,-1.0720272,-0.89394766,0.7865843,0.0,1.0,-0.5,0.8660254,0.0
2017-11-22 00:00:00,4.0,0.35558224,0.48950163,1.2438844,-0.9038954,-0.45865005,0.34210825,1.6954603,-0.12455969,0.39637205,1.0152881,1.2050494,-0.31349573,-1.4888855,-0.8512423,-2.3033166,-1.1763464,-2.6533747,-1.0475708,0.85685664,-1.8224143,-1.7901039,-1.02829,0.3647485,0.7716095,0.95105654,0.309017,-0.5,0.8660254,0.0
2017-11-23 00:00:00,4.0,0.66857624,0.24191274,0.4809381,0.59171623,-1.0295385,0.8681213,0.32290804,0.6524261,-0.03054591,0.62924397,0.9286585,-0.6661898,-1.2112584,-0.67993647,-2.0197206,-0.14610885,-2.2624679,-0.46382418,0.89138633,-1.6331602,-1.5839351,-0.89866173,-1.2827482,0.29257724,0.58778524,-0.809017,-0.5,0.8660254,0.0
2017-11-24 00:00:00,4.0,0.53646374,0.96233386,-0.6566785,0.025131896,-0.45518818,-1.0291346,-1.4611696,-0.3629848,-0.10848101,0.4686916,0.79626,-0.6777,-0.9799753,-0.5333082,-1.6415815,0.4620514,-1.4547515,-0.46014202,0.84316814,-1.4565011,-1.3796653,-0.7967905,0.29764128,0.21493526,-0.58778524,-0.809017,-0.5,0.8660254,0.0
2017-11-27 00:00:00,4.0,-0.15517469,-0.23400266,-1.0111082,2.9617062,-0.9593439,-1.0468225,-0.275792,-0.0058960887,-0.5671193,0.06770929,0.5037408,-1.0982972,-0.9657241,-0.54317373,-1.3831906,0.31103513,-0.9469426,-0.9088345,0.8436379,-1.4402217,-1.3845377,-0.8340219,-1.1632603,-0.41704106,-0.95105654,0.309017,-0.5,0.8660254,0.0
2017-11-28 00:00:00,4.0,-1.5236628,-1.2413076,0.715358,-1.350094,-0.23523414,-0.4619103,0.61067826,-0.5539312,-0.35323164,0.14944886,0.60088456,-0.8691422,-1.4115644,-0.9658068,-1.293411,-0.05064867,-1.2293408,-1.4352108,0.5813699,-1.785352,-1.7801071,-1.2473128,0.61161786,-0.052203313,0.0,1.0,-0.5,0.8660254,0.0
2017-11-29 00:00:00,4.0,1.0699557,1.3406994,-0.24505658,-1.306414,0.38176152,1.2661088,1.3118975,-0.4272372,-0.10214511,0.21387334,0.5803722,-0.52216077,-0.978983,-0.6672882,-1.0005243,0.20680895,-0.66235125,-1.6836617,0.73212254,-1.3236135,-1.2555304,-0.9986592,1.0133418,0.5566152,0.95105654,0.309017,-0.5,0.8660254,0.0
2017-11-30 00:00:00,4.0,-1.8965755,-0.92386913,0.38821843,-0.21613903,0.22766173,0.7744451,-0.4969872,-1.3075967,0.3152704,0.51072365,0.8650524,-0.15460919,-1.5193738,-1.2141244,-0.9968995,-0.71606547,-0.58886415,-2.3474092,0.4527709,-1.7370486,-1.6964262,-1.5061566,0.8368604,0.57885337,0.58778524,-0.809017,-0.5,0.8660254,0.0
2017-12-01 00:00:00,4.0,-1.4855304,-1.2536876,0.56629276,-1.2634159,-0.17754029,2.6601238,1.9153239,-0.5786286,0.2639455,0.50148714,0.9106802,-0.2573649,-1.8256148,-1.5876449,-1.1395079,-1.425312,-0.6746534,-2.8352268,0.07902507,-1.9354728,-1.9445359,-1.8548476,0.16077393,0.0462783,-0.58778524,-0.809017,-0.5,0.8660254,0.0
2017-12-04 00:00:00,4.0,0.51895446,-0.47122198,1.087362,0.08925743,-0.68227655,0.46121898,-1.3003205,1.0255526,0.18537366,0.4094039,0.80457675,-0.2937373,-1.561187,-1.413164,-1.0805225,-1.1724305,-0.6097687,-2.51756,0.3329991,-1.5873095,-1.5685046,-1.6992575,-0.448432,-0.21238627,-0.95105654,0.309017,-2.4492937e-16,1.0,0.0
2017-12-05 00:00:00,4.0,0.057917707,-0.8750053,-0.5541492,0.8017392,-0.4687196,-0.0817116,-0.5982443,0.8464853,-0.031467095,0.23312512,0.65255356,-0.48922765,-1.4514997,-1.3568267,-0.97383255,-0.6317223,-0.4772261,-2.5378673,0.2030368,-1.3986073,-1.3511131,-1.6506029,-0.2086531,-0.261622,0.0,1.0,-2.4492937e-16,1.0,0.0
2017-12-06 00:00:00,4.0,-0.49293724,-0.6953481,1.2559017,-0.67354083,-1.1788845,1.0217377,0.96339685,-0.12616986,-0.47002983,-0.095371254,0.40331048,-0.9381762,-1.5139766,-1.4590601,-0.9235867,-1.1591617,-0.679834,-2.609068,0.11502666,-1.4116505,-1.3128301,-1.7500349,-1.2003837,-0.18473691,0.95105654,0.309017,-2.4492937e-16,1.0,0.0
2017-12-07 00:00:00,4.0,0.4380007,1.2025514,0.08920222,-1.2566973,-0.5320718,-0.3454586,-1.1625239,-0.56494004,-0.5659487,-0.2445509,0.23508222,-0.96030605,-1.2645053,-1.2810583,-0.7445228,-0.34381983,-0.7241151,-2.310477,0.013638249,-1.1106126,-0.9602504,-1.5866462,-0.45241374,-0.25855893,0.58778524,-0.809017,-2.4492937e-16,1.0,0.0
2017-12-08 00:00:00,4.0,-1.6222609,-1.5144569,-0.3199807,-1.0586523,0.04821834,-0.5631883,-0.44126937,-0.43366173,-0.34984916,-0.11739398,0.35720074,-0.73215073,-1.6453971,-1.7093406,-0.78110117,-0.39607456,-1.2392299,-2.0647836,-0.30860358,-1.7813542,-1.3143413,-1.9551356,0.39716834,-0.84149235,-0.58778524,-0.809017,-2.4492937e-16,1.0,0.0
2017-12-11 00:00:00,4.0,0.9200008,0.7283022,-1.0949246,1.1459937,1.9635134,0.64671206,1.3255973,-0.20151722,0.44224146,0.36422297,0.6412189,0.1701982,-1.2508557,-1.3986431,-0.5667638,-0.25062767,-0.968867,-1.4584776,0.091417335,-1.0587127,-0.8520868,-1.6364659,1.4200199,-0.6485883,-0.95105654,0.309017,-2.4492937e-16,1.0,0.0
2017-12-12 00:00:00,4.0,1.2197393,1.4478219,-0.7119371,-1.1111484,0.43522334,-0.44879246,-0.97806966,-0.24737383,0.39502543,0.32613006,0.5524066,0.1721748,-0.8116502,-1.0157396,-0.24855956,0.16753995,-0.31435788,-1.1547403,0.23427896,0.032436375,-0.3697961,-1.294346,0.62110287,-0.5166583,0.0,1.0,-2.4492937e-16,1.0,0.0
2017-12-13 00:00:00,4.0,2.5352044,1.7065889,-1.2955328,-1.1969355,1.9332253,0.77026033,1.1949037,0.19654833,1.1331247,0.79936624,0.790951,1.0038829,-0.12038008,-0.3043809,0.31150904,1.2775291,0.09523473,-0.41854924,0.60648936,1.6113831,0.41691324,-0.6572981,1.3601233,-0.81086165,0.95105654,0.309017,-2.4492937e-16,1.0,0.0
2017-12-14 00:00:00,4.0,-0.9155623,-0.72888315,0.057208087,0.5773657,-0.3648153,1.301358,0.3636545,-0.5012371,0.7141401,0.6228565,0.72078997,0.4877023,-0.3631982,-0.5644412,0.5608005,0.7817266,0.31230497,-0.19730407,0.10979752,0.86737555,0.17331873,-0.8433337,-0.23417133,-1.4390175,0.58778524,-0.809017,-2.4492937e-16,1.0,0.0
2017-12-15 00:00:00,4.0,-0.9757186,-0.5615394,1.771843,-0.8279127,-1.256115,-0.03795103,-1.0503237,-0.88501465,0.022771634,0.20724906,0.46238118,-0.28252575,-0.61317724,-0.83322525,0.62112254,0.98281366,0.41979775,-0.17997938,-0.5572891,0.30815154,-0.08583181,-1.0274376,-1.5612696,-0.63714767,-0.58778524,-0.809017,-2.4492937e-16,1.0,0.0
2017-12-18 00:00:00,4.0,0.11839716,-0.046545144,0.04422714,1.8710262,-0.8308716,0.70496017,0.636152,0.21501425,-0.40307114,-0.11998379,0.20092689,-0.7015536,-0.5262688,-0.75065494,0.67761517,0.71425545,0.32696697,-0.20576152,-0.7891252,0.3691787,0.00096336106,-0.93867534,-1.0303669,-0.55717057,-0.95105654,0.309017,-2.4492937e-16,1.0,0.0
2017-12-19 00:00:00,4.0,0.860317,0.71227133,-1.0344181,1.1328216,0.46034226,-1.4473851,-1.7225837,0.28364578,-0.23657863,-0.08280161,0.16541739,-0.4357082,-0.25619784,-0.47723174,0.8042448,0.6122538,0.5407571,0.05488292,-0.9482604,0.7467154,0.29206023,-0.68133044,0.74564004,-0.44630903,0.0,1.0,-2.4492937e-16,1.0,0.0
2017-12-20 00:00:00,4.0,-0.5614527,-0.4195055,1.8448799,-0.68617827,-0.9167906,-0.8944475,0.56772846,-0.434936,-0.5979697,-0.35262263,-0.032579035,-0.82072705,-0.39026973,-0.6118593,0.8287134,-0.5695115,0.5171244,-0.12104667,-1.087849,0.41604367,0.13645104,-0.7780932,-1.0574949,-0.39288312,0.95105654,0.309017,-2.4492937e-16,1.0,0.0
2017-12-21 00:00:00,4.0,0.063283905,0.19660228,-0.37960172,1.6760236,-0.79683596,-0.08661271,0.8074395,-0.054933358,-0.82938355,-0.5776999,-0.23789153,-1.021462,-0.31820711,-0.54531634,0.8419742,-0.19442831,0.42871797,-0.22764878,-1.1971686,0.42029032,0.20973705,-0.70929295,-0.88479334,-0.3158993,0.58778524,-0.809017,-2.4492937e-16,1.0,0.0
2017-12-22 00:00:00,4.0,2.1281884,1.6994859,-1.1106527,-1.1392108,1.9339429,-0.69726205,-0.6888092,-0.17123693,0.09647182,-0.05374356,0.020512309,0.1601715,0.26497588,0.055368315,1.0744494,1.0345751,1.4163117,0.12730804,-0.57053167,1.1875829,0.91490906,-0.15032159,1.3696821,-0.32292736,-0.58778524,-0.809017,-2.4492937e-16,1.0,0.0
2017-12-27 00:00:00,4.0,-0.6265557,-0.863871,-1.229069,1.33416,-1.0951432,-2.1605723,-2.1371338,-0.27465189,-0.3672397,-0.33981517,-0.17393544,-0.37487623,0.08377551,-0.119623825,1.191081,0.73739946,1.0231206,0.021627063,-0.9045786,0.7718193,0.7460884,-0.2597966,-1.4219661,-0.2827126,-0.95105654,0.309017,-2.4492937e-16,1.0,0.0
2017-12-28 00:00:00,4.0,0.17426904,0.25328714,0.8927314,0.30916646,-1.3996434,-1.1924624,2.9379165,0.1938857,-1.0335416,-0.8359188,-0.57581294,-1.0991937,0.18053414,-0.028890748,1.3143581,0.47653654,0.77080214,0.34058192,-1.0278018,0.7083529,0.90698755,-0.101657964,-1.6915196,-0.41209546,0.58778524,-0.809017,-2.4492937e-16,1.0,1.0
2017-12-29 00:00:00,4.0,-0.13906811,-0.46461356,-0.5574298,1.5380784,-1.211343,-1.5606846,-1.3568366,0.05088237,-1.5036544,-1.2416441,-0.92322767,-1.613192,0.19716582,-0.020504566,1.3515444,0.64158976,0.047069956,0.113253325,-1.5801989,0.5677342,0.9643541,-0.041894596,-1.5991961,-0.8139223,-0.58778524,-0.809017,-2.4492937e-16,1.0,1.0
2018-01-02 00:00:00,4.0,0.7306405,1.5440953,-0.7520446,-1.0719887,-0.062658444,-1.3338443,-0.178096,-0.40730628,-1.3234619,-1.2335895,-1.0107722,-1.2663953,0.44755232,0.21895951,1.3966348,0.9075002,0.51522005,0.648968,-1.1459641,0.6946596,1.2436047,0.21509147,-0.21080193,-1.3013078,-0.95105654,0.309017,-2.4492937e-16,1.0,1.0
2018-01-03 00:00:00,4.0,-1.1903307,-1.3109667,-1.2971203,0.28558022,1.1486548,-0.67179614,2.1741915,0.32524586,-0.48694623,-0.68052024,-0.60020375,-0.23498985,-0.049931318,-0.20602015,1.0441198,-0.42581016,0.45278612,0.6933228,-1.9204503,0.2520446,0.51579773,-0.2708738,1.067902,-1.2523944,0.95105654,0.309017,0.5,0.8660254,0.0
2018-01-04 00:00:00,4.0,1.2620237,1.3411094,-0.4169723,-0.882145,0.060201194,-0.12313129,0.7497802,0.3766401,-0.2808028,-0.56421506,-0.59163785,0.07904996,0.36334774,0.18322062,1.0581023,0.34354866,0.7966336,0.8853861,-1.1553072,0.6026189,0.97486895,0.11760485,0.0065985234,-0.8388617,0.58778524,-0.809017,0.5,0.8660254,0.0
2018-01-05 00:00:00,4.0,1.0274345,0.43148023,-0.5441375,1.4091779,-0.9776999,0.26878306,0.34041035,1.2359769,-0.427062,-0.67132,-0.7305369,-0.033517733,0.668357,0.49031428,1.2333853,0.6931817,0.8567049,1.1140972,-0.5302246,0.8119692,1.3517684,0.4757941,-1.5297126,-0.7522811,-0.58778524,-0.809017,0.5,0.8660254,0.0
2018-01-08 00:00:00,4.0,-0.2210273,-0.22118089,-0.06861848,1.6661645,-0.5865493,-0.26142702,-0.80900586,-0.13520625,-0.79957396,-0.91782725,-0.9248074,-0.46572894,0.6450467,0.4672814,1.2757953,0.65593994,0.94852656,1.1726073,-0.86303955,0.6444307,1.2207756,0.49158266,-0.9346763,-1.1781967,-0.95105654,0.309017,0.5,0.8660254,0.0
2018-01-09 00:00:00,4.0,-0.58455,-1.1646516,-0.13636579,-0.49145973,-0.9108878,0.099181734,0.3089616,-0.18928231,-1.2696913,-1.258107,-1.186504,-1.0271543,0.41806716,0.28000304,1.145885,0.12565069,0.75559676,0.9524755,-0.9085849,0.39554268,0.9439669,0.39550328,-1.4746543,-1.1208425,0.0,1.0,0.5,0.8660254,0.0
2018-01-10 00:00:00,4.0,-0.0063196234,0.124065615,-0.030014371,1.6043632,-0.4561638,0.21592614,-0.02022327,-0.07317481,-1.4066612,-1.4164847,-1.3520858,-1.1299932,0.4753366,0.32899275,0.9713306,0.5992481,0.12911074,1.2975408,-1.0702572,0.39250675,0.85239714,0.45440373,-0.80980057,-0.9767888,0.95105654,0.309017,0.5,0.8660254,0.0
2018-01-11 00:00:00,4.0,0.369175,1.051557,0.21306773,-0.77503026,-0.7374045,0.32497558,-0.10049164,-0.023363106,-1.6762017,-1.6806183,-1.617513,-1.4051268,0.6469212,0.48345003,0.9027782,0.2383339,0.4244813,1.2020054,-0.8128821,0.52318746,0.99580085,0.7183047,-1.3852654,-1.1531461,0.58778524,-0.809017,0.5,0.8660254,0.0
2018-01-12 00:00:00,4.0,0.36049724,1.0381188,-0.47648165,-0.17373836,-0.12552801,0.51694953,0.045068275,-0.32088345,-1.6035788,-1.7127815,-1.7149571,-1.2120436,0.81437886,0.63598275,0.8567955,-0.033559274,0.48014095,1.0358865,-0.66569763,0.6243663,1.0849633,0.9114714,-0.6397849,-1.2069471,-0.58778524,-0.809017,0.5,0.8660254,0.0
2018-01-15 00:00:00,4.0,0.20818786,0.56654173,-0.4332932,0.8500903,0.6963316,0.43343124,-0.3013281,-0.34131244,-1.2237061,-1.5053029,-1.6209586,-0.6253052,0.9296914,0.74336,0.7818882,0.1407712,0.58094615,0.5121672,-0.43789896,0.60336375,1.0633863,0.9474539,0.40378413,-0.9572484,-0.95105654,0.309017,0.5,0.8660254,0.0
2018-01-16 00:00:00,4.0,-0.5818201,-0.641113,-0.55221474,1.1974201,-0.85410637,-0.6138818,-1.1705304,-0.44410482,-1.4946105,-1.6986284,-1.7826194,-0.9778913,0.6342993,0.5274373,0.5991919,0.14261656,0.19578737,0.5862007,-0.3805807,0.32565993,0.74297017,0.8402994,-1.5360861,-1.4528468,0.0,1.0,0.5,0.8660254,0.0
2018-01-17 00:00:00,4.0,-2.842228,-1.0906429,-0.0059537794,-0.38976356,1.9424001,1.8709648,3.0,-2.1118648,0.5555267,-0.20873816,-0.59538203,1.3190119,-0.87942564,-0.75620735,-0.21035844,-1.0817381,-0.35964513,0.07561033,-1.7618636,-0.9030951,-0.86977863,-0.5915931,1.3247851,-0.6600784,0.95105654,0.309017,0.5,0.8660254,0.0
2018-01-18 00:00:00,4.0,-0.46906164,0.018039169,0.8761484,1.0620885,0.23247303,0.17128319,-1.212283,-0.6835255,0.33957413,-0.2321579,-0.5838093,0.9589181,-1.0103611,-0.88654333,-0.73548836,-1.4086106,-0.876644,-0.0754086,-1.8078215,-1.1407412,-1.0670023,-0.70623535,0.0,-0.9763732,0.58778524,-0.809017,0.5,0.8660254,0.0
2018-01-19 00:00:00,4.0,-0.04602377,-0.14829226,0.88190025,1.0578666,0.1596764,-0.5229744,-0.7886306,0.06774528,0.09999916,-0.32035708,-0.643865,0.6385492,-0.95951074,-0.8441054,-1.0500655,-1.5396984,-1.1807926,-0.2885681,-1.6467222,-1.1510528,-1.0552301,-0.65445155,-0.23092695,-1.0866842,-0.58778524,-0.809017,0.5,0.8660254,0.0
2018-01-22 00:00:00,4.0,-1.3279933,-1.2831323,-1.1500585,0.027634867,0.58936954,1.5738114,2.4989192,-0.42635286,0.40251988,0.0014669361,-0.33196032,0.8115196,-1.4397745,-1.3206418,-1.3772483,-2.0938656,-1.503981,-0.5102958,-2.3670661,-1.7610106,-1.5441518,-1.0961607,0.71133906,-1.3865886,-0.95105654,0.309017,0.5,0.8660254,0.0
2018-01-23 00:00:00,4.0,1.0734419,1.3731408,-0.82686025,-0.6391259,0.057644743,0.800108,-0.6264169,0.24646941,0.1274674,-0.16186187,-0.49000987,0.54620963,-0.87139094,-0.87662095,-1.3589147,-1.4269885,-1.0040658,-0.24490982,-1.3187367,-1.2408289,-1.0678676,-0.6261116,-0.35979453,-0.95570135,0.0,1.0,0.5,0.8660254,0.0
2018-01-24 00:00:00,4.0,-0.10630273,-1.3472576,-1.363289,0.096155725,-0.8261334,-0.20159483,-0.9147475,0.5338943,-0.6024467,-0.66005516,-0.86389065,-0.2439375,-0.85671675,-0.8592293,-1.3860438,-0.35207027,-1.0263058,-0.7865931,-1.4666349,-1.1859959,-1.0820949,-0.57501155,-1.4588072,-0.63291925,0.95105654,0.309017,0.5,0.8660254,0.0
2018-01-25 00:00:00,4.0,-0.10033882,-0.16551481,2.0557187,-0.28887227,0.36947048,1.530686,1.8111923,0.0039732577,-0.5623955,-0.6524418,-0.8682405,-0.18883483,-0.84581715,-0.846464,-1.2764537,-0.20585942,-1.1464038,-0.6589206,-1.9558694,-1.1507112,-1.0593468,-0.5797914,-0.017355846,-0.7249641,0.58778524,-0.809017,0.5,0.8660254,0.0
2018-01-26 00:00:00,1.0,0.1907612,0.4429529,2.1729445,-1.0664835,-0.10105042,-0.23542894,-1.1533759,-0.10572728,-0.73278743,-0.8037785,-1.0100169,-0.35527125,-0.7003127,-0.73156226,-1.1304173,-0.11591845,-1.1786345,-0.6524783,-2.028377,-0.9845664,-0.92667043,-0.46021658,-0.5810661,-0.6928978,-0.58778524,-0.809017,0.5,0.8660254,0.0
2018-01-29 00:00:00,1.0,-0.10401283,-0.73879576,-0.292053,0.49827686,-0.823275,-0.33358186,-0.18366729,0.4258518,-1.1357805,-1.1026455,-1.2374132,-0.81829786,-0.7146197,-0.7405277,-1.0366439,0.37618098,-1.256261,-0.6453423,-2.4393566,-0.9830091,-0.95158005,-0.4599163,-1.2416962,-0.79456496,-0.95105654,0.309017,0.5,0.8660254,0.0
2018-01-30 00:00:00,4.0,-0.1513883,0.16291778,1.1404245,0.44457436,0.0070703817,-0.55986637,-0.25019547,-0.51059884,-1.127615,-1.1271701,-1.2561834,-0.77882946,-0.76505554,-0.7806509,-0.9185578,-0.1059762,-1.1430074,-0.85890454,-2.519788,-0.9779246,-0.9587699,-0.52930415,-0.40723073,-0.13123967,0.0,1.0,0.5,0.8660254,0.0
2018-01-31 00:00:00,4.0,-1.5578362,-0.5978204,0.8791644,-0.30010036,1.349709,1.0224675,1.0467691,-2.288162,-0.28818795,-0.5446575,-0.7590488,0.24869354,-1.4819599,-1.4427973,-0.9895564,-0.6985637,-0.7508331,-0.95948005,-2.9046395,-1.5710803,-1.5034131,-1.2315123,1.1941935,1.2119716,0.95105654,0.309017,0.5,0.8660254,0.0
2018-02-01 00:00:00,4.0,-1.3513595,-1.6482927,-1.1873735,-0.7987816,1.0357879,0.8031555,-0.25254112,-0.00027007234,0.056278773,-0.25290897,-0.47760257,0.57780844,-1.9358327,-1.9464965,-1.2148838,-1.2250646,-1.0050479,-1.588424,-2.918278,-1.8051574,-1.8723505,-1.7667482,1.0199587,1.0864253,0.58778524,-0.809017,0.5,0.8660254,0.0
2018-02-02 00:00:00,4.0,0.15084033,-1.1078224,0.07157734,-0.8253815,1.2649958,-0.7200893,-0.9459867,2.4899535,0.43436664,0.03273521,-0.26747832,0.99994904,-1.8392444,-1.8871856,-1.218561,-1.2553288,-0.96433336,-1.7798008,-2.8779364,-1.5082921,-1.6025436,-1.6821209,1.172557,1.0008665,-0.58778524,-0.809017,0.8660254,0.5,0.0
2018-02-05 00:00:00,4.0,-2.3277287,-1.6171095,-1.0203879,-1.0522678,3.0,0.5816052,0.81621945,1.3074007,2.5797946,1.6671978,1.0596823,2.9156165,-2.482835,-2.7227921,-1.2676828,-2.1673234,-1.277476,-2.2573547,-3.0,-1.8984934,-1.9726596,-2.332833,1.5609965,2.1179607,-0.95105654,0.309017,0.8660254,0.5,0.0
2018-02-06 00:00:00,5.0,-1.3683103,-0.23365097,0.21169911,1.0053582,1.9334329,1.4501474,0.370394,-2.0795417,3.0,2.5707567,1.9228772,3.0,-2.689273,-3.0,-1.3724498,-2.5602195,-2.0438142,-2.3877332,-3.0,-1.8255874,-2.0196848,-2.559701,1.4509995,1.7949306,0.0,1.0,0.8660254,0.5,0.0
2018-02-07 00:00:00,5.0,-1.3365887,1.0420913,0.16754967,-0.45063335,3.0,2.6596775,1.0586195,-3.0,3.0,3.0,3.0,3.0,-2.7196457,-3.0,-1.0777609,-2.381483,-2.359321,-2.5696309,-2.9523473,-1.7038777,-1.617907,-2.2688963,1.4598384,1.0895969,0.95105654,0.309017,0.8660254,0.5,0.0
2018-02-08 00:00:00,5.0,2.102507,-0.039615102,0.38488632,1.3741748,0.54509926,1.3840764,-0.64175814,2.749106,3.0,3.0,3.0,3.0,-1.6029744,-2.1572847,-0.86025095,-1.0461904,-1.6456257,-2.078177,-2.126643,-1.0714335,-1.0164595,-1.6767383,1.3084409,0.5511126,0.58778524,-0.809017,0.8660254,0.5,0.0
2018-02-09 00:00:00,5.0,-0.6991727,-0.43390185,-0.7533191,1.471155,-0.39801013,0.81791514,-0.47409886,-0.46357214,3.0,3.0,3.0,2.3709528,-1.6940737,-2.2290616,-0.8103665,-1.3625497,-1.8586046,-2.2182286,-2.1681323,-1.0788746,-1.0944533,-1.8121065,0.07729308,0.32995957,-0.58778524,-0.809017,0.8660254,0.5,0.0
2018-02-12 00:00:00,2.0,-2.0727627,-1.1904671,-0.89010656,-0.11233882,0.3184916,0.4228122,-0.42478552,-0.66783017,2.9357586,3.0,3.0,2.0345666,-1.9864032,-2.5510683,-0.8373872,-1.3247131,-2.3470504,-2.5736244,-2.3189435,-1.3192109,-1.3532712,-2.116075,1.2605118,-0.5393178,-0.95105654,0.309017,0.8660254,0.5,0.0
2018-02-13 00:00:00,1.0,1.7628658,0.49262154,0.68859696,0.21887283,-0.31689173,0.3549042,-0.1953762,1.7685531,2.452354,2.920044,3.0,1.60336,-1.2618747,-1.8427709,-0.64722854,-0.08384616,-1.7508034,-2.0124323,-1.6218969,-0.8673491,-0.8737425,-1.6629521,0.74044,0.035368055,0.0,1.0,0.8660254,0.5,0.0
2018-02-14 00:00:00,4.0,-0.5062121,-0.43511012,1.4909759,-0.4293081,-0.5408208,-0.62402296,-0.91498286,-0.30353925,1.6798748,2.346041,2.6484523,0.7659736,-1.3437024,-1.8802242,-0.584407,0.23316139,-1.4920806,-1.5388149,-1.5259786,-0.8704921,-0.97187227,-1.7927316,-0.38907576,0.15408875,0.95105654,0.309017,0.8660254,0.5,0.0
2018-02-15 00:00:00,4.0,-0.1472183,-0.6495732,-0.2760538,0.5940197,-0.46880597,-0.28799137,0.19463353,0.33657038,1.1602527,1.9150412,2.3171825,0.19067588,-1.3508314,-1.8388458,-0.5055999,-0.6981294,-1.1854528,-1.453271,-1.5697466,-0.80679804,-0.9810519,-1.8294994,-0.11281477,0.21706952,0.58778524,-0.809017,0.8660254,0.5,0.0
2018-02-16 00:00:00,4.0,-0.9360508,-0.4892366,1.0162086,-0.21851309,0.102629855,-0.75806576,-0.53515416,-0.47450325,1.2192992,1.8977176,2.3215082,0.21601096,-1.5005139,-1.9501708,-0.46285504,-0.8191849,-1.4847047,-1.597079,-1.6482265,-0.8911375,-1.0999373,-1.9395896,1.0715935,0.023898307,-0.58778524,-0.809017,0.8660254,0.5,0.0
2018-02-19 00:00:00,4.0,0.77916074,0.10075068,-0.0060184863,1.6931102,-0.7324491,-0.795645,-0.28533533,0.9405418,0.6703217,1.4231296,1.916927,-0.36040863,-1.1837206,-1.6486741,-0.34555858,0.41672024,-0.6585665,-1.1866171,-1.5351944,-0.6641844,-0.90807766,-1.795173,-0.9624669,0.18638684,-0.95105654,0.309017,0.8660254,0.5,0.0
2018-02-20 00:00:00,4.0,0.20240882,-0.1685766,2.0872624,-0.5405012,-0.6216863,-1.2128574,-0.7088875,0.37707677,0.3064163,1.0769908,1.6267823,-0.75337,-1.1022432,-1.5451795,-0.18378186,-0.26363382,-0.23337208,-1.3199713,-1.5717232,-0.56741554,-0.8191904,-1.7649271,-0.6631022,-0.00548209,0.0,1.0,0.8660254,0.5,0.0
2018-02-21 00:00:00,4.0,0.267781,-0.50446284,0.4819983,0.06664675,-0.66473293,-0.6424964,0.661446,0.64414006,0.011100961,0.7680934,1.3596877,-1.0554459,-0.99540144,-1.4302632,0.014410212,0.07430124,0.20630953,-1.2370794,-1.578972,-0.4664395,-0.69997394,-1.7260122,-0.6453428,-0.086324774,0.95105654,0.309017,0.8660254,0.5,0.0
2018-02-22 00:00:00,4.0,-0.45522627,-0.53460366,-0.29387254,0.71289605,-0.6570444,-1.0762782,-0.70064044,-0.24039024,-0.18956012,0.5368237,1.1702396,-1.2597522,-1.0897114,-1.4854654,0.12610494,-0.062056825,-0.5083825,-1.288675,-1.6267685,-0.5147986,-0.77468586,-1.8511295,-0.65799606,-0.08429255,0.58778524,-0.809017,0.8660254,0.5,0.0
2018-02-23 00:00:00,4.0,0.40577865,1.3318223,-1.1633991,0.08056844,-0.27498293,1.7673044,3.0,-0.73358643,-0.09240191,0.49083704,1.0859014,-1.0390153,-0.9212009,-1.332216,0.30436507,0.53258985,-0.19671245,-1.2286279,-1.3497849,-0.3947977,-0.5483323,-1.674618,0.80128497,-0.06360103,-0.58778524,-0.809017,0.8660254,0.5,0.0
2018-02-26 00:00:00,4.0,0.5150319,1.1647536,-1.187051,0.5394553,-0.33257818,-0.97624683,-1.4563452,-0.3852217,-0.05205409,0.42634606,0.98835117,-0.8988668,-0.710902,-1.1567271,0.5204171,0.41234857,0.5468805,-1.1063544,-1.3959303,-0.240562,-0.29578298,-1.4838438,0.626196,0.17329031,-0.95105654,0.309017,0.8660254,0.5,0.0
2018-02-27 00:00:00,1.0,0.97879803,-0.41002887,-0.5250307,1.3035231,-0.6778256,0.07962087,1.1109278,1.4477776,-0.11562662,0.295598,0.8309578,-0.8833228,-0.32121167,-0.8520725,0.82577217,0.74665856,0.31503636,-0.9017437,-0.9735898,0.08963252,0.088129126,-1.2133967,-0.6590125,0.543562,0.0,1.0,0.8660254,0.5,0.0
2018-02-28 00:00:00,4.0,-0.48818144,-0.8880395,0.09308974,-0.36938557,-0.54300225,-1.0074295,-0.98525816,0.031849522,-0.22253264,0.17115037,0.7226825,-0.97824794,-0.4803935,-0.9506082,0.9567092,0.4190458,0.3227186,-0.74066246,-0.8550476,-0.016658885,-0.0027169974,-1.3330963,-0.22166207,0.40218186,0.95105654,0.309017,0.8660254,0.5,0.0
2018-03-01 00:00:00,4.0,-0.55164975,0.07279352,3.0,-1.4411371,-0.38383433,-0.29404005,0.60666823,-0.6815577,-0.19141826,0.14222944,0.6826432,-0.88823706,-0.6483861,-1.0557845,0.9314192,0.38273335,0.20879151,-0.620249,-1.0227746,-0.21313469,-0.12871276,-1.4306918,0.43580216,0.5582452,0.58778524,-0.809017,0.8660254,0.5,0.0
2018-03-02 00:00:00,4.0,-0.24638015,0.12659477,0.18937007,1.44449,-0.15275607,-0.39728722,-0.25441644,-0.3790612,-0.014255952,0.2187214,0.7104775,-0.6057736,-0.7241217,-1.0916017,0.8416305,0.09576405,0.41091636,-0.687718,-1.0735787,-0.37777436,-0.14087158,-1.3990756,0.9468526,0.5318486,-0.58778524,-0.809017,1.0,6.123234e-17,0.0
2018-03-05 00:00:00,4.0,-1.7797592,-1.4681512,-0.17528199,-1.408784,-0.10068816,-0.56248564,-0.35116497,-0.5973704,0.22986007,0.39271364,0.8595505,-0.325888,-1.1618842,-1.4190271,0.4908099,-0.92369336,-0.33419916,-0.624404,-1.3178656,-1.5812447,-0.65249425,-1.7006783,0.9156898,-0.62872785,-0.95105654,0.309017,1.0,6.123234e-17,0.0
2018-03-06 00:00:00,4.0,1.2572016,1.8126658,-1.3093975,-0.8428833,-0.41744065,-0.11679067,0.18332906,0.23159936,0.037185263,0.22151963,0.67403316,-0.49529395,-0.64339805,-1.0345373,0.4899813,-0.78025687,-0.023082936,-0.16060217,-1.1494474,-0.61417484,-0.24004617,-1.3807195,-0.17947447,-1.4623116,0.0,1.0,1.0,6.123234e-17,0.0
2018-03-07 00:00:00,4.0,0.63153535,0.09203143,2.857804,-1.4263294,-0.929758,-0.6986391,-0.68387175,0.7584653,0.016243257,0.17199625,0.5933127,-0.46315134,-0.41496566,-0.8512458,0.5884072,-0.28798538,0.08428502,0.18239927,-0.81587404,-0.1608752,-0.047599193,-1.1762184,-0.9239927,-0.68503624,0.95105654,0.309017,1.0,6.123234e-17,0.0
2018-03-08 00:00:00,4.0,-0.23552822,0.5685817,1.6159672,-1.1642219,-0.69554484,-0.6053239,-0.18215898,-0.61752415,-0.17966177,0.019949837,0.46610853,-0.6914835,-0.49182025,-0.89103687,0.62865114,-0.15447736,0.14793998,-0.2261353,-0.9888126,-0.35233974,-0.113063134,-1.2290537,-0.47521085,-0.10696719,0.58778524,-0.809017,1.0,6.123234e-17,0.0
2018-03-09 00:00:00,4.0,0.743827,1.7315875,-0.54488695,-1.3800719,-0.80149966,-0.80973786,-0.42780486,-0.041467827,-0.38683978,-0.17255978,0.27674443,-0.89599025,-0.21756376,-0.682321,0.7867323,0.27924547,0.24579093,0.031285077,-1.0351038,0.32310656,0.14800079,-1.0474423,-0.8248651,-0.63897955,-0.58778524,-0.809017,1.0,6.123234e-17,0.0
2018-03-12 00:00:00,4.0,0.7607554,1.135994,-0.28761947,-0.28379142,-0.7042034,-0.84004784,-0.30146953,0.24774806,-0.51944804,-0.32300353,0.11307086,-1.0005169,0.036456827,-0.4880829,1.0119576,1.4035548,0.30938563,0.5380576,-1.2907238,0.9094747,0.37609965,-0.8577025,-0.6375525,1.478405,-0.95105654,0.309017,1.0,6.123234e-17,0.0
2018-03-13 00:00:00,4.0,0.047138732,-0.51276976,-0.70831287,1.2999264,-0.7846158,-0.75565726,-0.18853189,0.29731557,-0.63380796,-0.45211455,-0.019716032,-1.1009889,0.03282622,-0.47942218,1.1533988,0.86005956,0.04215172,0.2253156,-1.1553172,0.9026074,0.38321987,-0.8402672,-0.9426357,0.78383654,0.0,1.0,1.0,6.123234e-17,0.0
2018-03-14 00:00:00,4.0,-0.70873445,-1.1557541,0.16443267,-1.0457629,1.6228267,-0.1951511,0.32594335,0.45911813,-0.24229857,-0.21704343,0.12694834,-0.49156067,-0.22493018,-0.6351747,0.98662275,0.2750438,-0.015768498,0.19496837,-1.134657,0.13406134,0.08616604,-0.90601337,1.1406207,1.096109,0.95105654,0.309017,1.0,6.123234e-17,0.0
2018-03-15 00:00:00,4.0,-1.7387205,-1.567832,-0.7812728,-1.0306072,1.7157868,1.25241,0.9703075,-0.07058237,0.17829865,0.093230344,0.36872932,0.03699074,-0.7280381,-0.9821111,0.5640534,-0.3999186,-0.36108956,-0.09086877,-1.4557064,-1.3833565,-0.5004935,-1.1690505,1.1548496,1.5885587,0.58778524,-0.809017,1.0,6.123234e-17,0.0
2018-03-16 00:00:00,4.0,0.10674767,-0.80768394,-0.19548261,-0.010296381,-0.91051435,-0.05818001,-0.85172755,0.4752654,-0.14370263,-0.11527877,0.20030461,-0.37637526,-0.7126181,-0.95746636,0.35782963,-0.70128465,-0.2614702,0.102442324,-1.5526781,-1.1997283,-0.5110929,-1.156231,-1.0851065,2.366226,-0.58778524,-0.809017,1.0,6.123234e-17,0.0
2018-03-19 00:00:00,4.0,1.9237547,2.064708,-1.2878066,-1.3679669,1.3884015,2.635778,2.6450703,-0.12486397,0.076272495,-0.0040179174,0.20391321,0.01442741,0.039704856,-0.42278588,0.5142335,-0.13987646,0.8625586,0.31593344,-1.1248113,0.32396492,0.17956984,-0.5850066,1.0406908,1.9785626,-0.95105654,0.309017,1.0,6.123234e-17,0.0
2018-03-20 00:00:00,4.0,-2.4810586,-1.7919613,-1.2548767,-1.240024,1.9440529,0.34651798,-1.0977328,-0.28251034,0.75295246,0.53154874,0.6472884,0.7243843,-0.64577264,-0.9264938,0.17186595,-1.3670521,-0.32300833,-0.21283413,-1.5950963,-1.4687985,-0.634284,-0.98358834,1.3151388,2.4753082,0.0,1.0,1.0,6.123234e-17,0.0
2018-03-21 00:00:00,4.0,0.9789154,0.33507684,-0.4386888,1.9144893,0.6590769,0.25156063,-0.2420982,0.8485598,0.69535834,0.5356692,0.6291783,0.64782816,-0.33303833,-0.68474317,0.13472728,-0.60355514,-0.21799517,-0.074669324,-1.7296103,-0.7410213,-0.30508196,-0.71945655,0.90917116,2.394025,0.95105654,0.309017,1.0,6.123234e-17,0.0
2018-03-22 00:00:00,4.0,1.7772919,1.1909343,-1.1054999,0.56293124,1.5937171,0.6770601,0.15951008,0.46634093,0.931027,0.720482,0.7191465,0.93400973,0.24007903,-0.23086211,0.38009185,1.0826057,0.46717197,0.36879924,-1.304022,0.46680573,0.27471387,-0.25247735,1.2973014,1.8790777,0.58778524,-0.809017,1.0,6.123234e-17,0.0
2018-03-23 00:00:00,4.0,-1.5625168,-0.98998916,-0.5947923,-0.051714927,0.96466345,0.38850707,-0.46738008,-0.6444919,1.1860551,1.0054973,0.99151194,1.0477325,-0.19458845,-0.5571083,0.29195717,0.2395138,-0.33240318,-0.028865583,-1.6259683,-0.66777396,-0.20923847,-0.49230763,1.0511605,2.212518,-0.58778524,-0.809017,1.0,6.123234e-17,0.0
2018-03-26 00:00:00,4.0,0.0063194097,0.55677706,0.4139595,0.494029,-0.02205088,-0.7792518,-0.90150756,-0.58379555,0.9309073,0.9021118,0.9458994,0.6944286,-0.20903043,-0.5627814,0.24533466,-0.6825477,-0.5741261,-0.12641925,-1.5918586,-0.6246804,-0.20009609,-0.461016,0.4773374,1.87195,-0.95105654,0.309017,1.0,6.123234e-17,0.0
2018-03-27 00:00:00,4.0,1.4437925,1.0905764,0.5735934,-0.9192237,0.35605893,-0.34221715,0.17389067,0.6464719,0.93793565,0.921453,0.9380059,0.70530605,0.27486652,-0.18525095,0.43164358,1.3521497,-0.06191401,-0.007530629,-1.424203,0.40455878,0.3144712,-0.10157534,0.6836628,1.9255002,0.0,1.0,1.0,6.123234e-17,1.0
2018-03-28 00:00:00,4.0,1.1527436,-0.09984373,0.6994826,0.68945456,-1.0094784,-0.60524654,-0.3536167,1.5159445,0.71941125,0.7850008,0.8292931,0.46992093,0.63322926,0.11335555,0.7201693,1.45252,0.60689044,0.34252653,-1.024168,1.2924849,0.7101439,0.16820051,-0.7443408,1.2781764,0.95105654,0.309017,1.0,6.123234e-17,1.0
2018-03-29 00:00:00,4.0,-0.55904365,0.4735955,-0.00015436992,1.109794,-0.17144662,-0.9348278,-0.4787971,-1.1378193,0.6821356,0.7972449,0.87658876,0.368807,0.43401462,-0.024210006,0.7877123,0.2675787,0.998394,0.33593374,-1.3328028,0.7683556,0.50867546,0.07637073,0.32073522,1.175014,0.58778524,-0.809017,1.0,6.123234e-17,1.0
2018-04-03 00:00:00,4.0,1.530951,1.2670084,-0.111369565,-0.62518495,0.7896673,0.41739812,1.1189853,0.43128,0.725937,0.80966324,0.85631967,0.45390746,0.9399558,0.393109,1.0247743,1.8600296,1.56438,0.7503386,-1.2111112,1.8847605,1.0560137,0.45895073,0.9671128,1.3544233,-0.58778524,-0.809017,1.0,6.123234e-17,1.0
2018-04-04 00:00:00,4.0,0.18322088,0.55233043,0.648928,0.21621825,-0.5832754,-0.41729736,-0.6627795,-0.19762799,0.39654982,0.5954256,0.71908796,0.06912773,1.0075076,0.45094237,1.2061481,1.9174114,0.9800136,1.1952726,-1.1593479,1.7829686,1.1085246,0.53410083,-0.25017923,1.6148651,0.95105654,0.309017,0.8660254,-0.5,0.0
2018-04-05 00:00:00,4.0,0.52830637,0.2630039,0.023469443,1.4837081,-1.1395255,-0.4122082,-0.1913238,0.50046545,-0.04238596,0.26506507,0.47626168,-0.41595703,1.1910233,0.61426544,1.3943905,1.4359163,2.114763,1.0671146,-0.9795457,1.9060285,1.3311708,0.71210366,-1.4221842,1.4487585,0.58778524,-0.809017,0.8660254,-0.5,0.0
2018-04-06 00:00:00,4.0,2.9169855,1.2201627,-1.329258,0.7089469,1.1014565,0.026251517,0.17760721,2.3435314,0.67034507,0.66240585,0.65945816,0.5333318,2.1071732,1.5056651,1.7268958,2.3604093,2.8168225,1.719118,-0.3277506,2.9204078,2.3554165,1.5027134,1.1577648,1.2859464,-0.58778524,-0.809017,0.8660254,-0.5,0.0
2018-04-09 00:00:00,4.0,-0.1371357,-0.1577109,0.9005409,0.32675642,-0.8065756,-0.65875036,-0.60919636,-0.09439218,0.2881421,0.4296331,0.5208928,0.06363425,2.0194356,1.4901229,1.955537,2.436277,2.079757,1.7574631,-0.43760997,2.2753649,2.2446346,1.5580226,-0.6141311,1.2146039,-0.95105654,0.309017,0.8660254,-0.5,0.0
2018-04-10 00:00:00,4.0,-0.6589558,-0.74911195,-0.80335975,0.76488876,0.64303493,-0.36630008,0.08212702,0.04845824,0.48467818,0.5923986,0.67965436,0.22390673,1.6943505,1.2950495,1.7713352,1.3755924,2.2974675,1.4368812,-0.6884378,1.7396379,1.8311195,1.4196434,0.89710045,1.0265563,0.0,1.0,0.8660254,-0.5,0.0
2018-04-11 00:00:00,4.0,1.8297708,1.7695801,-1.2941127,-0.52183443,0.6287822,-0.3514474,-0.1362039,0.43813527,0.53689384,0.5949422,0.63072884,0.3431537,2.2858,1.9412161,1.830305,2.1421244,2.8365674,1.7773352,-0.26530835,2.1411643,2.4856474,2.018345,0.88196373,1.270192,0.95105654,0.309017,0.8660254,-0.5,0.0
2018-04-12 00:00:00,4.0,0.16921718,0.90727466,0.40860894,-0.46112263,-1.1104429,-0.70238286,-0.37827206,-0.369051,0.13745657,0.3252315,0.45077032,-0.10476494,2.3240366,2.0563705,1.8690715,1.9327999,2.3278816,1.8048882,-0.11449918,1.8923526,2.473503,2.1940923,-0.7206299,1.2373683,0.58778524,-0.809017,0.8660254,-0.5,0.0
2018-04-13 00:00:00,1.0,-0.18129924,-0.53312486,-0.28593072,0.8168065,-1.0691667,-1.351849,-0.67374486,0.098173544,-0.16033594,0.09519555,0.29438686,-0.42699796,2.0977585,1.929808,1.7496644,0.500245,1.8480593,1.873871,0.4810399,1.5896071,2.21607,2.12799,-0.78390425,1.0486946,-0.58778524,-0.809017,0.8660254,-0.5,0.0
2018-04-16 00:00:00,4.0,-0.00035873672,-0.39903456,-1.2648003,2.2113519,-0.7502567,-1.0797242,-0.025915368,0.29508466,-0.32185546,-0.0666172,0.16723765,-0.5749426,1.9854884,1.8771775,1.5532607,0.5650512,1.9504303,2.1785629,0.61393094,1.4012414,2.0033286,2.0873086,-0.29060763,1.042253,-0.95105654,0.309017,0.8660254,-0.5,0.0
2018-04-17 00:00:00,4.0,-1.1757032,-1.1097249,-1.0009122,0.21576719,-0.7159214,-0.76923853,0.102348104,-0.7356692,-0.080947846,0.09994796,0.33443263,-0.31640166,1.2848033,1.3505683,1.079355,0.32533237,1.106322,1.8090384,0.27151936,0.9500089,1.2677916,1.632572,-0.29286537,0.6303408,0.0,1.0,0.8660254,-0.5,0.0
2018-04-18 00:00:00,1.0,0.08885712,-1.3948269,-0.9386212,-0.5527054,-1.1246032,-1.6465762,-0.61758196,0.95280766,-0.3816207,-0.15879367,0.12342472,-0.6200419,1.2639604,1.3462687,0.77487874,-0.5243044,1.074426,1.4054613,0.6586892,0.87987316,1.2142384,1.6441604,-0.9957321,0.5765545,0.95105654,0.309017,0.8660254,-0.5,0.0
2018-04-19 00:00:00,1.0,1.9576653,1.8958734,-0.9659505,-1.2002909,1.1824085,-0.17628913,0.7781059,0.24699616,0.04673389,0.058562208,0.18302785,-0.004337386,1.8419673,1.9475516,0.7626457,0.35230094,1.5246879,2.3415866,1.1265006,1.3087466,1.7505128,2.0919142,1.2203122,0.050222177,0.58778524,-0.809017,0.8660254,-0.5,0.0
2018-04-20 00:00:00,1.0,1.0079668,1.1977497,-1.1688949,0.6024637,-0.66793716,-0.47732323,-0.34060317,0.5652994,-0.23607701,-0.1883031,-0.06349429,-0.26108488,2.0166485,2.1691043,0.920531,0.9334754,0.93648857,2.2808542,1.6156759,1.4181254,1.972194,2.3199215,-0.38748524,-0.09438107,-0.58778524,-0.809017,0.8660254,-0.5,0.0
2018-04-23 00:00:00,1.0,0.24009277,-0.028482417,-0.4756535,2.1882257,-0.79826486,-1.3041912,-0.5661479,0.36972585,-0.49148148,-0.41674155,-0.27690205,-0.514336,1.9811139,2.1529486,1.0029078,1.0423586,1.0478984,1.9182335,1.7965438,1.2998313,1.904184,2.321251,-0.80974525,-0.002752932,-0.95105654,0.309017,0.8660254,-0.5,0.0
2018-04-24 00:00:00,4.0,0.47819284,1.5503982,-1.1171227,-0.42718413,-0.9861466,-0.15779105,0.39625847,-0.19203688,-0.78138936,-0.7051066,-0.5745373,-0.7881382,2.0033822,2.1989183,1.0830208,1.7849826,1.3828698,2.2357721,1.9818108,1.2811507,1.9230758,2.40608,-1.2899612,-0.8982389,0.0,1.0,0.8660254,-0.5,0.0
2018-04-25 00:00:00,1.0,1.6248183,1.3510685,-1.0020134,-0.1640963,-0.2594215,1.7510797,0.7016114,1.2709624,-0.44009802,-0.5540707,-0.5890523,-0.24869618,2.2272727,2.4895518,1.2379608,2.410748,1.3200593,2.4585242,2.6348307,1.5295824,2.1936634,2.5880165,-0.24503373,-1.8029503,0.95105654,0.309017,0.8660254,-0.5,0.0
2018-04-26 00:00:00,4.0,-1.328251,-0.58542377,-0.5854674,1.142596,0.055902526,1.816951,-0.027530823,-1.3395941,0.12628141,-0.07781327,-0.1339855,0.30518705,1.5104493,1.8733928,0.9084197,0.902253,0.8388523,1.8539611,2.0912938,1.0398909,1.3117195,1.9428406,0.14917342,-2.195707,0.58778524,-0.809017,0.8660254,-0.5,0.0
2018-04-27 00:00:00,4.0,1.4630085,1.5806929,-0.7428625,-1.0629774,0.5902961,1.0635108,-0.36996672,0.449985,0.21410833,-0.022275414,-0.18222131,0.447563,1.7499616,2.1230505,0.91183025,1.1297039,1.3473989,1.8939375,2.9297562,1.2835833,1.6276883,2.1322286,0.5405336,-1.5174154,-0.58778524,-0.809017,0.8660254,-0.5,0.0
2018-04-30 00:00:00,4.0,0.19837087,0.8814247,-0.77274376,0.55818963,-0.7803027,-0.97060865,-0.9365571,-0.22559069,-0.24295928,-0.36318177,-0.52556026,-0.032821678,1.7241621,2.0664203,0.9494003,1.1125933,1.3922573,1.9644407,3.0,1.2111022,1.5899891,2.1276536,-1.1434547,-1.5919758,-0.95105654,0.309017,0.8660254,-0.5,0.0
2018-05-01 00:00:00,4.0,-0.003974737,0.29451206,-1.0991933,2.1504622,-0.17039797,0.2792257,0.50908726,-0.20537078,-0.42610207,-0.52481914,-0.72876436,-0.21544537,1.6657642,1.977032,0.8614455,0.90100104,1.6980246,1.6726921,2.8340027,1.0834386,1.4481739,2.0288365,-0.1728552,-1.6710266,0.0,1.0,0.8660254,-0.5,0.0
2018-05-02 00:00:00,4.0,1.1748366,0.45798582,0.06960735,0.5024479,0.27129662,1.3352578,0.36315534,1.2971299,-0.20052874,-0.3964479,-0.7200274,0.102536984,1.8205674,2.1139348,0.8861658,0.71354204,1.9733138,1.8242188,3.0,1.2611241,1.6628418,2.1033409,0.36689827,-1.4161441,0.95105654,0.309017,0.5,-0.8660254,0.0
2018-05-03 00:00:00,4.0,-0.19852577,0.02209693,1.6482396,-0.19013983,-1.1509364,1.1361145,-0.1827421,-0.1920692,-0.617766,-0.72734916,-1.0606749,-0.3680206,1.7387372,1.9946345,0.8901669,1.3099414,1.3680668,1.6817465,3.0,1.0990276,1.5411001,2.0485318,-1.5097821,-1.1934009,0.58778524,-0.809017,0.5,-0.8660254,0.0
2018-05-04 00:00:00,4.0,-0.6521164,-1.3487709,-0.29059303,-0.655351,0.60424,0.67172146,-0.34767732,0.3544954,-0.54656047,-0.66378784,-0.95443755,-0.27915686,1.4623013,1.7481631,0.5768198,0.2815377,0.91449916,1.0750757,3.0,0.8232062,1.1834639,1.7981051,0.5806036,-1.5536267,-0.58778524,-0.809017,0.5,-0.8660254,0.0
2018-05-08 00:00:00,4.0,1.7448587,1.6891017,-1.068533,-1.1395216,1.3906983,2.4706733,0.883913,0.8937086,-0.029436382,-0.35424843,-0.7855174,0.4784989,1.726869,1.9869797,0.6065566,1.0863078,1.3718789,1.4075149,2.8964703,1.1261998,1.6150336,1.9439903,1.1318696,-1.2368342,-0.95105654,0.309017,0.5,-0.8660254,0.0
2018-05-09 00:00:00,4.0,-1.1928641,-1.5395889,-0.5625892,-0.8201731,1.0595526,2.1815536,-0.034599643,-0.20040733,0.110331126,-0.17639181,-0.52053,0.53775984,1.2183762,1.5721011,0.2807217,0.47886923,0.89034754,1.3107262,2.5876508,0.7285342,1.0146701,1.596927,0.8413825,-1.0581957,0.95105654,0.309017,0.5,-0.8660254,0.0
2018-05-10 00:00:00,4.0,2.534233,1.5098181,-0.9311128,-0.9627943,2.3568025,1.8784779,-0.094592005,2.2788393,1.5272343,0.77706784,0.14195329,2.0835586,1.6173227,1.9348975,0.4470323,1.2787608,1.240905,1.475304,3.0,1.209038,1.5987746,1.7626768,1.695792,-1.0367515,0.58778524,-0.809017,0.5,-0.8660254,0.0
2018-05-11 00:00:00,4.0,-1.2069662,-1.2518885,-0.91846454,0.29597077,1.4034437,0.14057337,-0.9236055,-0.40465778,1.7081465,1.1557041,0.6285956,1.8931699,1.1691499,1.5506965,0.2503438,0.69926745,1.3157517,1.2302611,2.5138052,0.7772527,1.048105,1.4572515,1.3388872,-1.5300366,-0.58778524,-0.809017,0.5,-0.8660254,0.0
2018-05-14 00:00:00,4.0,-0.14097588,-0.5584421,0.18975572,0.79689044,-0.8315009,-0.8437165,-0.7752519,0.2999023,0.8041394,0.6749904,0.2789909,0.91294837,1.1427599,1.5021135,0.054936748,0.96865094,0.79081905,1.2407874,2.4269998,0.6570731,0.9898257,1.4620575,-0.6694253,-1.3407149,-0.95105654,0.309017,0.5,-0.8660254,0.0
2018-05-15 00:00:00,4.0,0.5404958,0.73384005,-0.15056422,0.08034394,1.3305079,0.9044009,1.4366803,-0.20592107,0.93151426,0.8378829,0.42268896,0.9903323,1.2345014,1.5591564,-0.101037644,0.32469288,0.93549806,1.3480793,2.4119635,0.70560956,1.0558113,1.4678559,1.2928566,-1.3632156,0.0,1.0,0.5,-0.8660254,0.0
2018-05-16 00:00:00,4.0,0.59612834,0.9563376,-0.002138839,-0.6611456,1.4310712,1.9966592,0.70687103,-0.6395598,1.156901,1.1075002,0.67609614,1.1391076,1.332672,1.6224668,-0.14397492,1.3436966,1.1949292,1.6719071,2.49006,0.78939253,1.1044735,1.4685317,1.5296445,-0.98776984,0.95105654,0.309017,0.5,-0.8660254,0.0
2018-05-17 00:00:00,4.0,-0.39910632,-0.5567486,1.4153231,-0.3408891,-0.622728,-0.55444676,-1.2708994,-0.14312653,0.49392155,0.68984884,0.4291429,0.45681006,1.2184811,1.5123001,-0.33825755,-0.3560302,0.6248003,1.5740784,2.2314055,0.65241843,0.89330703,1.4073396,-0.32763353,-0.8517065,0.58778524,-0.809017,0.5,-0.8660254,0.0
2018-05-18 00:00:00,4.0,0.7546864,1.6111791,-0.9908365,-1.3423792,-0.48666826,-1.0847726,-0.6002718,-0.13754553,-0.04541572,0.18838792,-0.08534989,0.005576483,1.344187,1.5974487,-0.29978904,0.7863982,0.9922457,1.3720826,2.2238398,0.7868816,1.1459451,1.541614,-0.24603921,-0.8656589,-0.58778524,-0.809017,0.5,-0.8660254,0.0
2018-05-21 00:00:00,4.0,0.030360652,0.93161625,-0.4487959,-0.24469426,-1.1343426,-0.46582404,0.4708278,-0.59172297,-0.7180816,-0.43484327,-0.6723568,-0.63977623,1.3456485,1.5759443,-0.31942984,0.8844851,1.2346717,1.2057496,2.1161726,0.71056855,1.1585746,1.5868317,-1.3570176,-0.7086675,-0.95105654,0.309017,0.5,-0.8660254,0.0
2018-05-22 00:00:00,4.0,0.52135146,0.928474,-0.7131958,-0.0158122,-0.65818167,-1.2420607,-0.7231327,0.2332267,-1.0572551,-0.85468453,-1.1585174,-0.9182652,1.426953,1.6243784,-0.21730438,0.87361526,0.80194414,1.2805669,2.1529472,0.7710576,1.3533348,1.6877854,-0.58186084,-0.6824517,0.0,1.0,0.5,-0.8660254,0.0
2018-05-23 00:00:00,4.0,-0.792479,-0.99284387,-0.27805474,0.55719155,-0.32087374,0.46208265,1.8281035,-0.44010782,-1.0580055,-0.91136944,-1.1464013,-0.9335822,1.1093029,1.39453,-0.65699786,0.065747425,0.9505382,1.0546813,1.9421185,0.49033844,0.8901927,1.4927113,-0.039882403,-0.55750215,0.95105654,0.309017,0.5,-0.8660254,0.0
2018-05-24 00:00:00,4.0,-1.5957357,-1.1024173,-0.68308556,0.59644985,0.5883886,1.2381539,0.46995342,-1.7157042,0.17292745,0.14318606,0.052406657,0.24760172,0.42482883,0.9250367,-1.7968498,-0.656049,-0.6805551,0.41408294,1.6433922,-0.019991264,-0.049075708,0.9871122,0.78348184,0.22053924,0.58778524,-0.809017,0.5,-0.8660254,0.0
2018-05-25 00:00:00,4.0,-1.4542019,-1.5056932,-0.46102694,-0.72785926,1.513107,0.41127598,-0.61586213,-0.10352658,0.8628997,0.843289,0.9431691,0.74523956,-0.107629485,0.5343242,-2.8394217,-1.9146403,-0.8009825,0.38450828,1.3363175,-0.50429994,-0.7817463,0.620802,1.5504758,0.45329544,-0.58778524,-0.809017,0.5,-0.8660254,0.0
2018-05-29 00:00:00,4.0,-1.544211,-1.4159774,-0.70532846,-0.27181727,1.908521,0.08233254,-0.36880353,0.059659235,1.8555702,1.8457688,2.1347406,1.4232075,-0.6022141,0.14798194,-3.0,-2.6775086,-1.3719921,-0.2879397,1.1646477,-1.0602936,-1.3994281,0.25137696,1.4899894,0.23665093,-0.95105654,0.309017,0.5,-0.8660254,0.0
2018-05-30 00:00:00,4.0,0.31507528,0.942528,-0.85820925,0.16997714,1.6805,0.28123868,0.07193367,-2.2153609,2.438202,2.4259849,2.6697242,1.8713182,-0.47089452,0.2216495,-3.0,-2.6107163,-1.4356468,-0.2645701,1.2433454,-0.94419116,-1.2225858,0.22303134,1.4411092,-0.16336584,0.95105654,0.309017,0.5,-0.8660254,0.0
2018-05-31 00:00:00,4.0,1.4705436,1.512553,-0.93777734,-1.3791071,0.53479415,-0.8531083,-0.9036123,-0.069221884,2.1084518,2.2004344,2.3505929,1.6285425,-0.010095833,0.5144657,-2.8724368,-1.4069088,-1.0496705,0.0959081,1.4378183,-0.31249622,-0.65675294,0.42342135,1.2017974,0.35659155,0.58778524,-0.809017,0.5,-0.8660254,0.0
2018-06-01 00:00:00,4.0,0.085920155,0.5108755,-0.61316735,0.9974394,-1.21196,1.5231906,2.1910815,-0.19556189,0.9361756,1.3486733,1.6352075,0.47207102,0.043215234,0.5483898,-2.5657926,-0.5693392,-0.8738157,-0.15417473,1.5876591,-0.27183455,-0.6048295,0.48191655,-1.1192169,0.21065578,-0.58778524,-0.809017,0.5,-0.8660254,0.0
2018-06-04 00:00:00,4.0,-0.18519792,-0.24761589,2.5379848,-0.2460307,-1.327882,-1.3167062,-1.7023784,-0.060812186,0.0235256,0.6232207,1.027704,-0.46713603,0.028936159,0.532001,-2.3437216,0.08855026,-1.2356483,-0.1578119,1.4273013,-0.33863997,-0.6561808,0.48806152,-1.4835937,0.05014932,-0.95105654,0.309017,1.2246469e-16,-1.0,0.0
2018-06-05 00:00:00,4.0,0.030456275,-0.16277444,0.18506907,2.0574167,-1.7366195,-0.54492694,0.79977524,0.37400863,-1.0621263,-0.35265037,0.13690001,-1.5660737,0.08423626,0.55753815,-2.1601439,0.93216085,-1.2293704,0.001709982,1.3548975,-0.2659177,-0.60716474,0.5792279,-2.1264474,-0.034911834,0.0,1.0,1.2246469e-16,-1.0,0.0
2018-06-06 00:00:00,4.0,-0.4544602,-0.11380956,1.5694524,0.78522384,0.5923452,-0.2733199,0.056977082,-0.91732514,-0.2816488,0.15547292,0.5989285,-0.6756319,-0.059310567,0.45811787,-1.9279026,0.5246881,-1.5865475,-0.5412226,1.3065698,-0.4905879,-0.80603856,0.38379875,1.1937121,-0.5525551,0.95105654,0.309017,1.2246469e-16,-1.0,0.0
2018-06-07 00:00:00,4.0,-0.23326077,-0.64350754,0.548804,0.6464994,-0.4819374,-0.81800115,-0.6669964,0.41200387,-0.4489357,-0.038663104,0.43467328,-0.8328135,-0.08913412,0.42952424,-1.8185205,-0.40329462,-1.3649697,-0.31649047,1.2036223,-0.5765202,-0.8876135,0.31480646,-0.14135878,-0.6990343,0.58778524,-0.809017,1.2246469e-16,-1.0,0.0
2018-06-08 00:00:00,4.0,1.2339547,0.76003337,-0.9957513,0.67593336,0.6011638,-0.19779362,0.3992856,1.1077336,0.051360067,0.21129696,0.48296443,-0.15651804,0.40246525,0.71852,-1.3394357,0.21748511,-0.2681028,-0.62892556,1.279684,0.4392677,-0.23515028,0.49711245,1.2106429,-1.6406596,-0.58778524,-0.809017,1.2246469e-16,-1.0,0.0
2018-06-11 00:00:00,4.0,-0.88664263,-0.5775245,1.7216153,-0.2309846,-0.36009285,-0.8821532,-0.7194061,-1.1267012,-0.10274639,0.1427604,0.54035014,-0.41142613,-0.010926842,0.45000523,-1.240886,-0.16609219,-0.057131045,-0.5685858,1.16345,-0.13418478,-0.61538076,0.2721497,-0.08763944,-1.1941618,-0.95105654,0.309017,1.2246469e-16,-1.0,0.0
2018-06-12 00:00:00,4.0,0.08308759,-0.2846062,1.5234046,0.7433209,-1.0529398,-1.0293406,-0.2819504,0.6007336,-0.8496198,-0.5418401,-0.068617165,-1.146677,0.079409875,0.4961727,-1.1315101,-0.13771248,0.5987405,-0.51555216,1.2250885,0.018131467,-0.5022422,0.3271562,-1.2782469,-1.1562676,0.0,1.0,1.2246469e-16,-1.0,0.0
2018-06-13 00:00:00,4.0,-1.1943817,-1.9064951,-0.7352883,-1.6236415,-0.16837265,-0.4406463,0.41651198,0.2760284,-0.6510153,-0.3941222,0.16811153,-0.9705937,-0.5191416,0.11672342,-1.2762814,-0.5415276,-0.0072580874,-1.0020349,1.2290227,-0.8378476,-1.053567,-0.01650921,0.14498828,-1.1670672,0.95105654,0.309017,1.2246469e-16,-1.0,0.0
2018-06-14 00:00:00,4.0,-0.8481739,-0.62350625,1.9107425,-0.5935692,-0.550894,-0.78122616,-0.5028953,-1.0219566,-0.8476553,-0.59967405,0.07114316,-1.1824538,-0.91989845,-0.14587167,-1.5160036,-0.8887576,-0.98151463,-1.4015648,1.1232929,-1.4177753,-1.3992705,-0.264586,-0.53518647,-0.6099221,0.58778524,-0.809017,1.2246469e-16,-1.0,0.0
2018-06-15 00:00:00,4.0,1.1837333,1.3387066,-0.6987439,-1.1628914,1.2628218,0.8986543,1.6238153,-0.88599145,0.3191811,0.24481131,0.5653749,0.17684686,-0.31911665,0.19399288,-1.2309493,-0.91839075,-0.5229524,-0.9661301,1.0977345,-0.23654081,-0.6964885,-0.07199035,1.3052359,-0.5268225,-0.58778524,-0.809017,1.2246469e-16,-1.0,0.0
2018-06-18 00:00:00,4.0,-2.5982406,-1.830895,-0.43415734,-1.6324593,1.505457,2.3850617,1.4719511,-0.8648878,2.0440996,2.0852218,2.4584703,1.4292477,-1.5814272,-0.7188937,-1.4892073,-1.9003991,-1.5480728,-1.9169132,1.0200187,-2.3277395,-1.803364,-0.88062376,1.3564785,-0.32509062,-0.95105654,0.309017,1.2246469e-16,-1.0,0.0
2018-06-19 00:00:00,4.0,0.56284904,0.75690305,-0.34031373,0.05936633,0.31363276,-1.3442684,-2.260862,-0.3692209,1.904326,2.072009,2.3753862,1.2976959,-1.2812861,-0.55411655,-1.4841628,-1.62077,-1.3285073,-1.7607429,1.0131929,-1.6249387,-1.415988,-0.79666775,0.9122336,-0.3903777,0.0,1.0,1.2246469e-16,-1.0,0.0
2018-06-20 00:00:00,4.0,-0.3389919,0.77559716,-0.14305598,-0.18411021,-1.1560899,-0.73978037,0.8811228,-1.3403077,0.7438436,1.1856744,1.7129574,0.12872507,-1.3573157,-0.6439531,-1.533843,-1.1388661,-1.2747567,-1.9567852,0.8159025,-1.6279937,-1.4180149,-0.88478047,-1.3025426,-0.58825505,0.95105654,0.309017,1.2246469e-16,-1.0,0.0
2018-06-21 00:00:00,4.0,-0.9755962,-1.4426521,0.07571623,-1.0559835,0.5305998,-0.7912314,-0.30263716,0.90611017,1.3606185,1.7932098,2.2850125,0.5874901,-1.7598916,-0.9968099,-1.5652955,-1.1983004,-1.587135,-1.997281,0.86314505,-2.2747405,-1.6870558,-1.2224777,1.1250945,-0.65869963,0.58778524,-0.809017,1.2246469e-16,-1.0,0.0
2018-06-22 00:00:00,4.0,-0.80276203,-1.496221,-0.41388592,-0.85519964,-0.7149129,-0.97413725,-0.52286947,0.26822743,0.78124434,1.3940667,2.0442634,-0.08197055,-2.0648334,-1.3106693,-1.6930367,-2.2267952,-2.3911211,-1.7932711,0.77954,-2.6414502,-1.920374,-1.4927434,-0.39895388,-0.3089759,-0.58778524,-0.809017,1.2246469e-16,-1.0,0.0
2018-06-25 00:00:00,5.0,1.7619928,0.95043904,-0.15397543,-0.5906477,1.9004601,-0.17278856,0.95637405,0.14691965,2.482305,2.639393,2.7344894,1.7276024,-1.0854369,-0.6842934,-1.2101446,0.13695736,-1.2924604,-0.92080307,0.8814892,-0.78980047,-1.0153649,-1.071859,1.3482581,-0.3612447,-0.95105654,0.309017,1.2246469e-16,-1.0,0.0
2018-06-26 00:00:00,4.0,-2.3456676,-1.7150184,-0.7782511,-1.2571316,0.5335714,-0.91479874,-1.038029,-1.336571,3.0,3.0,3.0,2.1388578,-2.0586383,-1.6325868,-1.2604111,-1.4783916,-2.2670946,-1.1978872,0.4434715,-2.8190768,-1.860684,-1.7624744,1.0113399,0.62366676,0.0,1.0,1.2246469e-16,-1.0,1.0
2018-06-27 00:00:00,5.0,0.53356236,0.42926136,1.2731738,-0.33694762,-0.37734738,-0.106930666,0.9990547,0.58960325,2.2504368,2.7488053,2.9920611,1.2017894,-1.7096047,-1.4359967,-1.1964529,-0.9963554,-1.5446222,-1.1327456,0.59672165,-2.0900223,-1.5697355,-1.6406906,-0.07779247,1.1471646,0.95105654,0.309017,1.2246469e-16,-1.0,1.0
2018-06-28 00:00:00,4.0,1.8341141,1.1080496,-0.06126319,-1.0856872,0.7840434,-0.3018975,-0.36873105,1.3472155,2.6699185,2.938387,2.9412532,1.8112136,-0.8426344,-0.7394557,-0.73951924,0.5540971,-0.43774992,-0.98698366,0.7261157,-0.09235761,-0.74415326,-1.1631728,1.1219469,-0.59560823,0.58778524,-0.809017,1.2246469e-16,-1.0,1.0
2018-06-29 00:00:00,4.0,-0.1787621,0.1988603,0.34241977,1.1850798,-0.8874066,-0.86875767,-0.88984734,-0.57788724,1.5194596,2.1073847,2.362672,0.5739193,-0.8394528,-0.7786513,-0.48344317,0.8685624,-0.9657308,-1.0600853,0.7015562,-0.108649135,-0.72178435,-1.2028922,-0.7988727,-0.47768208,-0.58778524,-0.809017,1.2246469e-16,-1.0,1.0
2018-07-02 00:00:00,4.0,-0.63157076,-1.4938759,-0.87067133,-0.6136657,-0.87929136,-0.502462,0.36668086,0.4774896,0.774837,1.552286,2.0048828,-0.31397632,-1.0645325,-1.0408723,-0.3725493,-0.4278009,-0.21809952,-1.1955861,0.5579344,-0.53949577,-0.8910631,-1.3823926,-0.82997525,-0.35942262,-0.95105654,0.309017,1.2246469e-16,-1.0,1.0
2018-07-03 00:00:00,4.0,-0.70817316,-0.14263158,1.7030272,0.9486369,-0.97585654,-0.8816611,-0.68879884,-1.5505722,0.34947884,1.198996,1.7823188,-0.82538426,-1.2977178,-1.2926337,-0.38591024,0.49216777,-0.7325544,-1.3910427,0.057847887,-1.0212078,-1.0859579,-1.5588906,-0.801954,-0.5068161,0.0,1.0,-0.5,-0.8660254,0.0
2018-07-04 00:00:00,4.0,0.73684615,0.35633725,1.74068,-0.45562476,0.07572439,0.055004947,1.1715698,1.0743265,0.6227204,1.2468506,1.7085305,-0.38686258,-0.8754499,-0.937307,-0.22187094,0.61430836,-0.29640573,-1.0419954,0.20799397,-0.1424948,-0.6784851,-1.2988073,0.46875843,-0.74385697,0.95105654,0.309017,-0.5,-0.8660254,0.0
2018-07-05 00:00:00,4.0,-0.3244098,-0.6254153,0.25499275,0.9115848,-1.1779997,-1.3584654,-1.7333053,0.0060076877,-0.11150342,0.6587618,1.2960852,-1.2010729,-0.9385433,-1.0238471,-0.14355461,-0.639519,-0.05328077,-1.0646102,0.25781775,-0.2979091,-0.7182259,-1.3489585,-1.3899173,-0.5744585,0.58778524,-0.809017,-0.5,-0.8660254,0.0
2018-07-06 00:00:00,4.0,0.12447248,0.29693046,2.394189,-0.98238033,-0.533978,-0.967321,0.43566823,-0.09696073,-0.300564,0.39669204,1.0596049,-1.311582,-0.78989583,-0.9041163,-0.037344363,-0.47284368,0.31789854,-1.3420814,-0.0013461417,0.077143274,-0.54020005,-1.2520055,-0.21550067,-0.47638372,-0.58778524,-0.809017,-0.5,-0.8660254,0.0
2018-07-09 00:00:00,4.0,-0.5220892,-0.5002918,-0.64411604,1.9173905,-0.28885823,-0.7296452,0.19913398,-0.36040592,-0.20821133,0.3882436,1.051198,-1.154191,-0.9732936,-1.0805435,-0.047728896,-0.39893773,-0.6253095,-1.2338018,-0.13361391,-0.25754791,-0.6811927,-1.3859347,0.19762653,-0.57554555,-0.95105654,0.309017,-0.5,-0.8660254,0.0
2018-07-10 00:00:00,4.0,0.45024085,0.17421868,-0.37639487,1.8948804,0.040261347,-0.32287368,0.5532783,0.7678913,0.028763812,0.4468924,1.0082883,-0.7646336,-0.6618847,-0.8261123,0.06354602,0.2719257,0.5799265,-1.119307,-0.015263257,0.44027698,-0.3749517,-1.1967161,0.3630576,-0.30933937,0.0,1.0,-0.5,-0.8660254,0.0
2018-07-11 00:00:00,4.0,0.36937872,0.36906832,1.3380578,-0.22523448,-0.81747955,-0.48151618,-0.4315685,0.5019528,-0.35930067,0.0791796,0.69118917,-1.1145353,-0.4001744,-0.61004806,0.24996784,0.054080922,0.5102029,-0.70842683,0.06444358,0.85149044,-0.10581108,-1.012306,-0.6243596,-0.029432202,0.95105654,0.309017,-0.5,-0.8660254,0.0
2018-07-12 00:00:00,4.0,-2.1676142,-1.7084811,-0.97847146,-1.1160699,0.21461113,0.51538235,1.422315,-1.5580653,0.8917338,1.0710886,1.4989787,0.09904522,-1.4815204,-1.6276888,-0.110846795,-1.0325942,-1.2489179,-1.0855639,-0.22265776,-1.2336513,-1.0753436,-1.6947389,0.8351672,0.59807503,0.58778524,-0.809017,-0.5,-0.8660254,0.0
2018-07-13 00:00:00,4.0,-0.06921867,0.21359351,0.8672082,0.5766564,-1.2300775,-0.19185667,-0.9401527,-0.3182127,0.049998734,0.47018877,1.0777097,-0.8134689,-1.4035593,-1.5766989,-0.3276206,-1.1421415,-1.1862845,-1.3850739,-0.27390382,-1.0586323,-0.9893194,-1.6426326,-1.662269,0.46138468,-0.58778524,-0.809017,-0.5,-0.8660254,0.0
2018-07-16 00:00:00,4.0,-0.18690272,-0.22062926,0.99392223,1.1551998,-0.93067175,-0.7045925,-0.65149146,-0.16419299,-0.43574172,0.06576826,0.7841474,-1.3003904,-1.3847072,-1.5582196,-0.485556,-0.9459771,-0.98682994,-0.7700073,-0.7803844,-1.1323595,-1.0119104,-1.6233524,-1.3108494,0.5831112,-0.95105654,0.309017,-0.5,-0.8660254,0.0
2018-07-17 00:00:00,4.0,-1.5533198,-1.520764,-0.7840177,-0.8779679,0.8334468,-0.5600251,-0.032300364,0.053696256,0.45929295,0.7428153,1.3103852,-0.4022405,-1.9422287,-2.0975,-0.8307755,-2.0298598,-1.3338774,-1.3260566,-1.4984586,-2.2967443,-1.5834458,-1.9776655,0.96066296,0.78672683,0.0,1.0,-0.5,-0.8660254,0.0
2018-07-18 00:00:00,4.0,0.22075123,0.020420462,0.005676064,2.0653374,-0.9229402,0.8009418,0.88225937,0.5679259,-0.12627767,0.28204563,0.95854896,-0.9706829,-1.6982164,-1.8743231,-0.9992123,-2.0367734,-1.5190877,-1.1711717,-1.5674818,-1.8151838,-1.3997253,-1.8215121,-1.1950504,0.90764606,0.95105654,0.309017,-0.5,-0.8660254,0.0
2018-07-19 00:00:00,4.0,0.14474519,-0.17726843,1.4980277,0.5845319,-0.5614876,-0.74006253,-1.0591468,0.66525835,-0.3747455,0.032365236,0.7475356,-1.1629802,-1.513683,-1.7028313,-0.9949234,-0.7899009,-1.3157555,-0.8951119,-1.725892,-1.5377867,-1.2593341,-1.6938086,-0.49862626,1.0029721,0.58778524,-0.809017,-0.5,-0.8660254,0.0
2018-07-20 00:00:00,4.0,0.7903074,0.7585697,-0.27570954,0.32493532,-0.31678098,-0.61925715,-0.0767708,0.7381276,-0.44705266,-0.14612806,0.52364266,-1.0752591,-1.0279819,-1.3068503,-0.7188636,-0.3371431,-1.0413764,-0.49458802,-1.9645945,-0.8529787,-0.8448641,-1.3793664,-0.19756404,0.3966542,-0.58778524,-0.809017,-0.5,-0.8660254,0.0
2018-07-23 00:00:00,4.0,-0.37696424,0.19205216,1.175424,0.44052786,-0.8763697,-0.6931627,-0.26260313,-1.3030645,-0.7647815,-0.43080872,0.32324824,-1.3707651,-1.1315202,-1.3805585,-0.58398265,-0.44413453,-0.97808063,-1.0535403,-1.8059932,-1.0263667,-0.9450249,-1.4244804,-1.1659288,0.43722168,-0.95105654,0.309017,-0.5,-0.8660254,0.0
2018-07-24 00:00:00,4.0,-0.10773073,0.41901398,1.0226786,-0.02313943,-1.0787169,-1.9513924,-1.4527711,-0.77857643,-1.1533465,-0.8152275,0.019955786,-1.7106628,-1.1160041,-1.3487418,-0.4717299,0.3902098,-1.1950363,-0.44897398,-2.2846239,-1.1244938,-0.9852933,-1.3995892,-1.496036,-2.332662,0.0,1.0,-0.5,-0.8660254,0.0
2018-07-25 00:00:00,4.0,0.0770985,0.6245256,0.33958697,0.0915749,0.054257594,-0.6739774,1.6743187,-0.9823058,-0.93656546,-0.7717767,-0.030020759,-1.3336729,-1.0032653,-1.248326,-0.28251404,0.30847928,-1.3074845,-0.58518386,-2.2922306,-1.0047376,-0.8936084,-1.3048156,-0.098945044,-2.2497191,0.95105654,0.309017,-0.5,-0.8660254,0.0
2018-07-26 00:00:00,4.0,-0.2948601,-0.63935256,-0.6638177,1.3476998,-0.30134797,-0.9838041,-0.5432173,0.22661527,-0.960745,-0.85700387,-0.1272451,-1.2835578,-1.1000471,-1.3035902,-0.19456056,0.058418263,-0.5553543,-1.1942239,-2.3513758,-1.1127445,-0.9478121,-1.3261975,-0.6282386,0.64271426,0.58778524,-0.809017,-0.5,-0.8660254,0.0
2018-07-27 00:00:00,4.0,-0.2067569,-0.6666741,-0.72994953,1.2742178,-0.09683566,-0.7952595,-0.034318,0.6266704,-0.8815279,-0.86109865,-0.18196616,-1.1213493,-1.1635023,-1.3307005,-0.1400241,-0.5189736,-0.63290524,-1.2127931,-2.6085699,-1.1522528,-0.95995635,-1.3256321,-0.40912658,0.57984835,-0.58778524,-0.809017,-0.5,-0.8660254,0.0
2018-07-30 00:00:00,4.0,0.2848571,0.3804498,-0.39298502,1.583959,2.135891,0.6939514,1.3491155,-0.54673404,0.29236045,-0.019297287,0.30616796,0.2000151,-0.91542447,-1.1542088,0.081571035,-0.14365466,-0.44603065,-0.9654928,-2.3588355,-0.7535306,-0.68908775,-1.1525241,1.1893809,-0.082705855,-0.95105654,0.309017,-0.5,-0.8660254,0.0
2018-07-31 00:00:00,1.0,-0.25077346,0.34914654,2.184035,-0.95943093,-0.5399128,0.35164437,-0.37720641,-1.2484548,-0.09160269,-0.2511215,0.15360714,-0.21741043,-1.016049,-1.2053181,0.15833145,-0.2252757,0.13362327,-0.8335045,-2.1774557,-0.8772486,-0.7548439,-1.1639833,-0.82543224,0.09283214,0.0,1.0,-0.5,-0.8660254,0.0
2018-08-01 00:00:00,1.0,0.8833158,1.5701932,-0.58946335,-1.5400344,0.9191008,1.0576999,0.2722488,-1.6403764,0.24687012,-0.020059112,0.20661125,0.21320535,-0.37498775,-0.79420334,0.52500767,0.23146044,0.415091,-0.8148986,-2.2575562,0.087994255,-0.22551817,-0.8675763,0.6683842,1.3451167,0.95105654,0.309017,-0.5,-0.8660254,0.0
2018-08-02 00:00:00,1.0,-1.2046748,-1.6836078,-1.1247479,-1.0853055,0.9981862,1.6833361,0.29755074,1.2240773,0.7766069,0.53821987,0.6908428,0.5841803,-1.0942911,-1.2747589,0.4300982,-0.28862253,-0.17249256,-1.0653738,-2.1979485,-1.0006725,-0.749212,-1.1232545,0.7817395,1.5076321,0.58778524,-0.809017,-0.8660254,-0.5,0.0
2018-08-03 00:00:00,1.0,-0.84164155,-0.7630823,-0.31646302,0.5162709,0.008432662,0.87104183,-0.5388066,-0.6862141,0.7244165,0.63152146,0.8360466,0.4346737,-1.5007539,-1.5659484,0.16560042,-0.64013964,-0.903273,-1.3427614,-2.7848127,-1.6463802,-1.0762585,-1.2865311,-0.029732345,0.9156765,-0.58778524,-0.809017,-0.8660254,-0.5,0.0
2018-08-06 00:00:00,1.0,0.5484845,0.20414963,0.6365769,0.96840286,-1.4215183,-0.69543034,-1.0420455,1.2948103,-0.17014734,-0.06232649,0.30361712,-0.43017036,-1.1063759,-1.3003534,0.15393044,-0.5097858,-0.51429623,-1.0553849,-2.293122,-0.99253035,-0.7560342,-1.136822,-2.0364385,1.4290851,-0.95105654,0.309017,-0.8660254,-0.5,0.0
2018-08-07 00:00:00,1.0,0.7766619,1.3132466,0.0941874,-1.50682,-0.8297552,0.8597355,1.1201099,0.26498783,-0.610768,-0.49129823,-0.0945769,-0.80172724,-0.5870392,-0.9534403,0.45184392,0.07874924,-0.12560529,-0.9939869,-2.026379,-0.060565986,-0.23674746,-0.9132009,-1.3893157,1.0919032,0.0,1.0,-0.8660254,-0.5,0.0
2018-08-08 00:00:00,1.0,1.1425543,1.170687,0.34445596,-1.3653883,-0.13499746,-0.1338118,-0.73295647,0.8902327,-0.400532,-0.4481014,-0.2059544,-0.4180781,0.10238776,-0.47615469,1.0805553,0.20816064,0.36006862,-0.80989975,-1.8468995,1.9312328,0.5382258,-0.57306826,-0.2361684,1.004439,0.95105654,0.309017,-0.8660254,-0.5,0.0
2018-08-09 00:00:00,1.0,0.049459912,-0.31384122,1.6649438,-0.15552624,-0.46215862,-0.10158997,-0.17587422,0.5915413,-0.6771391,-0.69384557,-0.4200797,-0.6978848,0.16942616,-0.4307602,1.5176288,0.991226,0.5495215,-0.10624268,-1.9016994,1.7845098,0.62717843,-0.53168124,-0.737257,-1.0545167,0.58778524,-0.809017,-0.8660254,-0.5,0.0
2018-08-10 00:00:00,4.0,-1.4549282,-1.5326732,-0.37673256,-1.4284699,-0.780592,0.11596588,-0.029544119,-1.842614,-0.30228764,-0.34794414,-0.07722529,-0.36278662,-0.7913254,-1.0797092,1.2346971,0.6110203,-0.053397078,-0.5764669,-2.045934,-0.36232448,-0.29993796,-0.94039136,-1.3509128,-0.5470144,-0.58778524,-0.809017,-0.8660254,-0.5,0.0
2018-08-13 00:00:00,4.0,-0.9719847,-1.6271213,-1.1762735,-1.0794758,-1.034672,1.6435341,0.86552924,-0.71358836,-0.48499435,-0.45154765,-0.091928735,-0.6219454,-1.3535964,-1.489577,0.7057497,-0.29839048,-0.7107091,-0.8933404,-2.2772543,-1.6457701,-0.9488649,-1.2275664,-1.6642365,0.33155528,-0.95105654,0.309017,-0.8660254,-0.5,0.0
2018-08-14 00:00:00,4.0,0.3389408,0.27151373,1.4971366,0.15511912,-1.3231212,0.8943469,-0.46953523,0.6209089,-1.2376167,-1.1256875,-0.67706335,-1.3881283,-1.1489873,-1.3509288,0.46458006,-0.5680397,-0.4266722,-0.1731555,-2.1483104,-1.2226858,-0.7968809,-1.1526303,-1.8178662,-0.06111386,0.0,1.0,-0.8660254,-0.5,0.0
2018-08-15 00:00:00,4.0,-0.29618934,-1.3195132,-0.099974595,-1.402399,-1.1201593,1.0158262,-0.12623085,0.45600381,-1.7005744,-1.600731,-1.1115862,-1.8450847,-1.417559,-1.5325378,0.16249657,-1.4652852,-1.1298884,-0.42398477,-2.2175002,-1.5817668,-1.2417961,-1.3265928,-1.6982284,-0.63944685,0.95105654,0.309017,-0.8660254,-0.5,0.0
2018-08-16 00:00:00,4.0,-1.1892434,-1.2119771,-0.8644961,-0.44508508,1.2280331,1.6308112,0.30366924,0.21802409,-0.72154033,-0.8716385,-0.51895666,-0.6985849,-2.2054455,-2.099658,-0.4422306,-2.1707363,-1.1665841,-1.1136535,-2.216728,-2.4204469,-2.3995514,-1.7389112,0.7998044,0.36889625,0.58778524,-0.809017,-0.8660254,-0.5,0.0
2018-08-17 00:00:00,4.0,0.51190555,-0.011393305,0.0076062456,1.7903035,-1.0283356,0.50831926,-0.6725694,1.3386828,-1.3564804,-1.4638157,-1.1418993,-1.3143035,-1.7226471,-1.8002356,-0.6838457,-0.9719703,-0.36086363,-1.330793,-1.8294294,-1.5680795,-1.8627406,-1.5691061,-1.6300147,1.5411607,-0.58778524,-0.809017,-0.8660254,-0.5,0.0
2018-08-20 00:00:00,1.0,0.0373663,0.23147765,1.4900714,0.23485845,-0.6405746,-1.3920432,-1.3145242,-0.20061247,-1.5667303,-1.7144125,-1.465697,-1.497907,-1.6507483,-1.7285591,-0.72878045,-0.3679744,-0.6608424,-1.1700919,-1.5593708,-1.2982266,-1.726999,-1.5299969,-1.0627476,1.5364987,-0.95105654,0.309017,-0.8660254,-0.5,0.0
2018-08-21 00:00:00,1.0,0.43199492,0.5846882,1.6099687,-0.8588914,-0.7520829,-1.1587195,0.26763842,0.5114691,-1.6899478,-1.9020208,-1.7640023,-1.5701208,-1.2003075,-1.4367859,-0.46358374,-0.3325197,-0.8644351,-0.900582,-1.2294425,-0.79780895,-1.1698943,-1.2888408,-1.341944,1.5657862,0.0,1.0,-0.8660254,-0.5,0.0
2018-08-22 00:00:00,4.0,-0.022437626,-0.05875745,0.686926,1.0025038,-0.5879139,-1.0903497,-0.12460093,-0.008794437,-1.8106424,-2.0450873,-1.9593267,-1.6890798,-1.1895188,-1.4013689,-0.22710522,-0.1685371,-1.5282125,-0.9658867,-1.2688267,-0.71300274,-1.1201577,-1.265601,-1.2494698,1.4718136,0.95105654,0.309017,-0.8660254,-0.5,0.0
2018-08-23 00:00:00,4.0,0.43695664,1.5892552,-0.6347752,-1.1277242,-0.012832823,0.122314245,0.92880046,-1.3619198,-1.6393719,-1.973909,-2.0045266,-1.3844644,-0.77321714,-1.1509738,0.28299525,0.8984449,-1.2955642,-0.61249,-1.4253099,-0.31000945,-0.5487669,-1.0317464,-0.30291957,1.8646208,0.58778524,-0.809017,-0.8660254,-0.5,0.0
2018-08-24 00:00:00,4.0,0.4212291,1.1117064,0.32996383,-0.87981445,-0.7076488,0.58606076,0.20775697,-0.08834832,-1.8449554,-2.1641998,-2.2536006,-1.6177664,-0.37697896,-0.91486454,0.881811,0.8182183,-0.21898495,-0.2813252,-1.3727306,0.05438967,-0.04579559,-0.8224505,-1.3232352,1.6674192,-0.58778524,-0.809017,-0.8660254,-0.5,0.0
2018-08-28 00:00:00,4.0,0.8304796,1.6081953,-0.5930394,-1.324712,-0.1994231,-0.95675135,-1.021931,-0.015270505,-1.7951572,-2.17507,-2.377216,-1.4465714,0.40308836,-0.4491077,1.7733297,1.3019145,0.7990655,0.0013139707,-1.2214469,0.7592606,1.0062982,-0.390404,-0.78353333,2.515529,-0.95105654,0.309017,-0.8660254,-0.5,0.0
2018-08-29 00:00:00,4.0,-0.475617,-1.4039141,-0.5985843,-1.0808647,0.045322247,0.76793367,1.1611168,0.8449305,-1.6341792,-2.0395546,-2.2803075,-1.1862803,-0.07010454,-0.71599907,1.9786661,0.7553041,0.34224564,-0.12194076,-1.2906638,0.35914516,0.40988162,-0.6263069,-0.42988446,2.494464,0.95105654,0.309017,-0.8660254,-0.5,0.0
2018-08-30 00:00:00,4.0,-0.6141166,-0.8310666,-0.16603692,-0.04585259,0.41721994,-1.0655935,-1.1905909,-0.2740308,-1.3982476,-1.838114,-2.1087587,-0.8430923,-0.65751714,-1.0604793,1.6874601,0.3843337,0.17678039,-1.125251,-1.3061249,-0.12779802,-0.26035973,-0.93884706,-0.12610285,1.7024732,0.58778524,-0.809017,-0.8660254,-0.5,0.0
2018-08-31 00:00:00,4.0,0.29044807,0.9273881,-0.18761986,0.054601666,-0.06736536,-0.20650598,0.49829096,-0.57285094,-1.4417702,-1.8586857,-2.1678553,-0.8641028,-0.3627245,-0.8836535,1.6394278,0.2918517,1.0267824,-0.110867284,-1.22624,0.14886725,0.11577234,-0.77774006,-0.84203845,1.1539651,-0.58778524,-0.809017,-0.8660254,-0.5,0.0
2018-09-03 00:00:00,4.0,-1.1281549,-1.6183372,-1.1858703,-1.2489685,0.74237335,1.226646,0.7803731,-0.2621542,-1.1628897,-1.606579,-1.9173867,-0.50325626,-1.4368954,-1.5667555,0.9337434,-0.71595,0.12174757,-0.2859351,-1.5675259,-0.845694,-1.3023559,-1.450486,-0.051583163,1.6283523,-0.95105654,0.309017,-0.8660254,-0.5,0.0
2018-09-04 00:00:00,4.0,0.9111481,1.1931163,0.55394036,-1.211915,-0.42078495,-1.5852053,-1.6146251,0.843348,-1.1006325,-1.5642772,-1.9507521,-0.3255802,-0.4459218,-0.99474776,0.9763487,-0.66569287,0.6098311,-0.050525274,-1.3004898,-0.01583889,-0.129669,-0.8805988,-1.1965348,1.221789,0.0,1.0,-1.0,-1.8369701e-16,0.0
2018-09-05 00:00:00,4.0,-0.033538934,-1.0879034,0.37872958,-1.171162,-1.628391,1.068398,2.1971552,0.55375844,-1.6012536,-1.8799297,-2.2001903,-1.127491,-0.5278214,-1.056399,0.977868,-0.3764376,0.36297035,-0.7035916,-1.322185,-0.017972866,-0.17459066,-1.0363798,-1.5547966,0.9924951,0.95105654,0.309017,-1.0,-1.8369701e-16,0.0
2018-09-06 00:00:00,4.0,-0.8080838,-1.2181802,-1.1110849,-0.24242955,2.1483233,0.023914484,-0.6693885,0.95146614,-0.9293804,-1.3939844,-1.7890849,-0.074397296,-1.3587878,-1.5859938,0.5155605,-0.49855924,-0.10036689,-2.1951013,-1.264256,-0.80592585,-0.9810872,-1.5011079,0.91206837,0.9884046,0.58778524,-0.809017,-1.0,-1.8369701e-16,0.0
2018-09-07 00:00:00,4.0,-0.61527115,-1.0207181,0.2863779,-0.9166629,1.1927235,2.8858318,2.2741337,0.53054994,-0.6659038,-1.1570425,-1.5727733,0.27277708,-1.8740826,-1.9332674,-0.05524404,-1.082943,-0.7321365,-2.5437496,-1.2303666,-1.6081858,-1.4417729,-1.7976122,0.53805655,1.1149181,-0.58778524,-0.809017,-1.0,-1.8369701e-16,0.0
2018-09-10 00:00:00,4.0,-0.4874458,-0.7042232,-1.3214837,1.129037,1.4937242,1.1463517,-0.91032857,0.36410317,-0.32672793,-0.86200297,-1.3146216,0.69932485,-2.2603407,-2.2300262,-0.5698937,-0.6589525,-1.2661676,-1.7740943,-1.4885948,-1.8402944,-1.7490528,-2.008041,0.8754624,1.2289245,-0.95105654,0.309017,-1.0,-1.8369701e-16,0.0
2018-09-11 00:00:00,4.0,0.2988128,-0.108598925,0.25808707,1.357734,-0.60372955,-0.82900226,-1.3907579,0.8008645,-0.7491516,-1.0956827,-1.4883239,0.07922128,-1.8601167,-1.9519572,-0.79346526,-1.0762032,-1.5702184,-0.850798,-1.0495507,-1.2639847,-1.4293537,-1.8183556,-1.1997683,0.63018465,0.0,1.0,-1.0,-1.8369701e-16,0.0
2018-09-12 00:00:00,4.0,0.8718114,0.54793113,-1.3649447,2.0823238,0.88919216,-0.097114086,0.5685848,1.1084464,-0.6173181,-1.0066745,-1.4498427,0.35724282,-0.8444401,-1.3294077,-0.37991846,-0.5360369,-0.8135748,-0.53898937,-1.0393873,-0.3718239,-0.38502672,-1.16619,0.5598639,1.2735951,0.95105654,0.309017,-1.0,-1.8369701e-16,0.0
2018-09-13 00:00:00,4.0,1.3092338,1.584752,-0.50023973,-1.1064974,0.67624784,1.4154217,1.1853976,0.27674776,-0.48679557,-0.92259145,-1.4299859,0.6413088,0.52498794,-0.43141958,0.5744833,0.78743905,0.26225564,0.55016136,-0.8144815,0.9072181,1.018033,-0.2133145,0.45390886,1.3908426,0.58778524,-0.809017,-1.0,-1.8369701e-16,0.0
2018-09-14 00:00:00,1.0,-0.51893115,-0.4994379,1.0611776,-0.27469632,-0.25570363,-0.041073702,-1.0468566,-0.73349094,-0.7026073,-1.0056624,-1.4408133,0.22867149,-0.0035422426,-0.753942,0.9514352,0.8694004,-0.19122192,1.1194983,-0.7442623,0.2987201,0.36565912,-0.5358754,-0.66866535,-0.43398952,-0.58778524,-0.809017,-1.0,-1.8369701e-16,0.0
2018-09-17 00:00:00,4.0,0.22185753,0.13070604,0.51053303,1.407693,-1.6304802,-0.8307472,-0.8230568,0.3924024,-1.2468408,-1.3487569,-1.6779544,-0.6872675,0.19797775,-0.5959517,1.3936331,1.336455,0.60393566,0.8787042,-0.5916836,0.4694899,0.54829895,-0.3914338,-1.4545066,-0.8621043,-0.95105654,0.309017,-1.0,-1.8369701e-16,0.0
2018-09-18 00:00:00,1.0,-0.18775386,-0.44851488,0.43073642,0.2823686,-0.83586633,-0.89142054,-0.16862829,-0.14426747,-1.4488693,-1.4893321,-1.7556088,-1.039806,-0.02693886,-0.7270119,1.5358934,1.046621,-0.04411836,0.74603105,-0.9511549,0.22792481,0.24980666,-0.53720295,-1.2780282,-0.6961419,0.0,1.0,-1.0,-1.8369701e-16,0.0
2018-09-19 00:00:00,1.0,0.24526474,0.66961753,-0.09545512,0.59721,0.091777794,0.8125522,1.719682,-0.49190757,-1.425071,-1.5048009,-1.7679223,-0.86217505,0.20001647,-0.5630576,1.7121104,0.65384585,0.10018218,0.5708427,-0.485617,0.42519847,0.49830207,-0.2853341,-0.2568231,-0.7270687,0.95105654,0.309017,-1.0,-1.8369701e-16,0.0
2018-09-20 00:00:00,4.0,0.562546,0.6096875,-0.32656094,0.90566975,0.13562244,-0.52946067,-0.99198693,0.35990825,-1.376994,-1.5104319,-1.7827986,-0.64381397,0.74097425,-0.19843532,2.0506148,0.14476602,0.8856935,0.9273414,-0.5258704,0.87873095,1.0563846,0.1986124,-0.18025386,-0.6328742,0.58778524,-0.809017,-1.0,-1.8369701e-16,0.0
2018-09-21 00:00:00,4.0,0.44444072,0.40090865,0.102615505,1.0583943,-0.60428196,1.4863472,1.7567905,0.40026593,-1.6114509,-1.664408,-1.8763337,-0.9407388,1.105227,0.055811103,2.356877,0.7031918,1.4599147,0.86469567,-0.86695814,1.1897854,1.4520024,0.5152796,-0.96469027,-0.4033701,-0.58778524,-0.809017,-1.0,-1.8369701e-16,0.0
2018-09-24 00:00:00,1.0,1.9664409,1.3198742,0.102887705,-0.9958992,2.4874892,3.0,3.0,0.9854734,-0.49224743,-1.0848622,-1.5626229,1.5211036,2.5951517,1.2631338,2.8519273,1.6301564,2.5387588,1.6774675,-0.5850778,2.4756782,2.919737,1.8390716,1.7380574,-0.7456516,-0.95105654,0.309017,-1.0,-1.8369701e-16,0.0
2018-09-25 00:00:00,1.0,0.53493273,0.40561345,2.6050992,-1.0493934,-0.5353182,-0.41946527,-2.210534,0.6852694,-0.6652813,-1.1416574,-1.5845709,1.1720945,2.7509146,1.5661134,3.0,1.9645464,2.5060039,1.3546467,-0.3876475,2.483645,3.0,2.1578145,-0.8239969,-1.5587645,0.0,1.0,-1.0,-1.8369701e-16,1.0
2018-09-26 00:00:00,1.0,2.5254326,1.8018426,-1.1859311,-1.1903824,2.5597997,0.5947474,1.725978,0.49467823,0.45387858,-0.5167624,-1.2700595,2.9854822,3.0,2.8028984,3.0,3.0,2.957611,2.9695647,0.16811673,2.9002357,3.0,3.0,1.9781423,-2.0632207,0.95105654,0.309017,-1.0,-1.8369701e-16,1.0
2018-09-27 00:00:00,1.0,-0.11976258,0.18010356,-0.9560895,2.136082,-0.80762255,-0.13623036,-0.91582686,-0.5931886,-0.3178211,-0.84900635,-1.4156755,1.562376,3.0,2.6034214,3.0,2.5574281,2.198709,3.0,-0.018519074,2.221699,3.0,3.0,-1.2634681,-1.2264307,0.58778524,-0.809017,-1.0,-1.8369701e-16,1.0
2018-09-28 00:00:00,1.0,1.0743542,1.0857838,0.03685806,-0.5923891,-0.25534502,0.23995708,0.4476462,1.2306808,-0.40732655,-0.87516207,-1.4293984,1.3941901,3.0,2.9138472,3.0,2.6974506,2.7084353,3.0,0.24727908,2.096179,3.0,3.0,-0.37124765,-0.9295218,-0.58778524,-0.809017,-1.0,-1.8369701e-16,1.0
2018-10-01 00:00:00,4.0,-0.62142086,-0.27715647,1.5026776,0.034305707,1.0019732,0.8434548,0.6292275,-1.0574117,-0.107116655,-0.6292581,-1.228953,1.644264,2.5341003,2.3967776,2.9641244,1.5194916,2.3065903,3.0,0.11315968,1.6230707,2.6585724,2.6849053,1.3330557,-0.8347171,-0.95105654,0.309017,-1.0,-1.8369701e-16,1.0
2018-10-02 00:00:00,1.0,0.8602651,0.7338281,-0.4201181,0.49778327,0.8491107,0.24429597,-0.6735792,0.52686656,0.00495521,-0.5274776,-1.1629062,1.7182658,2.634263,2.620646,2.647442,1.6403855,2.545538,2.848563,0.4174751,1.6058248,2.693753,2.8092642,1.2339019,-0.6183428,0.0,1.0,-0.8660254,0.5,0.0
2018-10-03 00:00:00,1.0,0.22370419,0.5460037,1.4317479,-0.5055302,-0.64482737,-0.43106982,-0.91776454,-0.17526446,-0.5776644,-0.8194503,-1.29439,0.7999878,2.54107,2.5842812,2.473894,0.6257142,2.451632,2.7538152,0.36022174,1.4643859,2.596972,2.8004239,-0.6792819,-0.7127116,0.95105654,0.309017,-0.8660254,0.5,0.0
2018-10-04 00:00:00,4.0,0.11410598,-0.9963079,-1.4026333,0.68721145,-0.11704701,-0.042043384,0.46203986,1.8094422,-0.78240705,-0.9277299,-1.3255154,0.4567986,2.440676,2.5244079,2.1882172,0.7260846,2.2356167,2.9332392,0.3009251,1.3473008,2.3863633,2.700036,0.18009438,-1.2216777,0.58778524,-0.809017,-0.8660254,0.5,0.0
2018-10-05 00:00:00,4.0,-0.011522113,-0.062887214,1.7588494,0.3254906,0.028917197,0.2776234,0.1873892,0.04987329,-0.8897101,-0.99738693,-1.3430593,0.3087988,2.3026428,2.3872478,1.8571298,0.25095162,2.029408,2.9394882,1.0182087,1.2014492,2.1126504,2.526873,0.44766226,-1.5031745,-0.58778524,-0.809017,-0.8660254,0.5,0.0
2018-10-08 00:00:00,1.0,-1.6170496,-1.3985555,-0.80203104,-0.69060826,0.61111283,-0.5405157,-1.084738,-1.2289146,-0.37481797,-0.65095454,-1.0834053,0.87687016,1.1944691,1.4638774,1.1447345,-0.14602587,0.9550936,2.5047748,0.7499063,0.7809136,1.143161,1.7499442,1.0189499,-0.65536064,-0.95105654,0.309017,-0.8660254,0.5,0.0
2018-10-09 00:00:00,4.0,-1.8970246,-1.4680071,-0.94277287,-0.7999816,0.56272316,-0.48103678,-0.023295518,-1.7476956,0.3595424,-0.12029001,-0.7059943,1.563259,0.20474403,0.5348313,0.25448903,-1.3305992,0.21785063,1.8045579,0.38853765,0.29318756,0.17468037,0.9708788,1.0453255,-0.6927478,0.0,1.0,-0.8660254,0.5,0.0
2018-10-10 00:00:00,1.0,0.33841568,-0.19659986,1.1253427,0.49094346,0.28939757,-0.47727445,-0.15080446,1.2006412,0.1583121,-0.19401088,-0.73514855,1.2119269,0.3436766,0.66601664,-0.25686884,-1.3145611,-0.4809452,1.5812874,1.0669794,0.3065724,0.2025899,1.0631838,0.66068476,-0.8703009,0.95105654,0.309017,-0.8660254,0.5,0.0
2018-10-11 00:00:00,1.0,-1.6290236,-1.1924261,-0.44105053,-0.5735189,2.5356934,0.21678673,0.87796056,0.6757072,1.640872,0.84418136,-0.08697893,2.4828713,-0.34589854,-0.033363104,-0.84384286,-2.0626163,-0.9367069,0.71293104,0.59393066,-0.14399584,-0.46407583,0.47105604,2.0182014,0.8662024,0.58778524,-0.809017,-0.8660254,0.5,0.0
2018-10-12 00:00:00,1.0,-2.337264,-0.7296171,0.25388572,-0.057181086,1.1774102,0.8124539,0.5948044,-3.0,2.7872066,1.8962281,0.6760886,3.0,-1.1245565,-0.932633,-1.4724861,-2.8839784,-1.9655814,0.21852882,-0.10317711,-0.7937344,-1.224261,-0.21891329,1.6047517,2.0266857,-0.58778524,-0.809017,-0.8660254,0.5,0.0
2018-10-15 00:00:00,1.0,0.6170162,-1.0428586,-0.8971009,0.06949204,-0.96575046,-0.09807762,-0.9265025,2.3566706,1.6994507,1.3792101,0.46246374,1.843332,-0.8474391,-0.67448366,-1.8085415,-1.9324996,-1.5579224,0.3202762,-0.25504196,-0.6659195,-1.0779747,-0.06906914,-1.1365201,1.8716153,-0.95105654,0.309017,-0.8660254,0.5,0.0
2018-10-16 00:00:00,1.0,0.24788333,-0.0500716,1.0437039,0.8246236,-0.0024920504,-0.82400554,-0.98170394,0.6282031,1.2174916,1.1530067,0.40231255,1.2795453,-0.7346476,-0.5681516,-1.8867906,-1.0821184,-1.7075957,0.4472639,-0.030897822,-0.6523656,-1.0332623,-0.008495345,0.7092877,1.7439606,0.0,1.0,-0.8660254,0.5,0.0
2018-10-17 00:00:00,1.0,0.1313262,0.49988773,-1.1231585,1.9155933,0.39300188,-0.7099637,0.03272924,-0.7589894,1.120148,1.133883,0.45641336,1.1164517,-0.6724728,-0.50928617,-1.8028803,-1.1462632,-1.7027651,0.41414636,0.056552995,-0.66991997,-1.0052572,0.027524393,1.1828252,1.3016084,0.95105654,0.309017,-0.8660254,0.5,0.0
2018-10-18 00:00:00,1.0,-0.2649129,-0.9862525,-0.97965413,0.19159766,0.9353184,-0.54771125,0.12533672,2.0116386,1.427095,1.3940277,0.6974469,1.311898,-0.76450884,-0.60860866,-1.6629243,-0.6363434,-1.777634,0.18055354,-0.06265071,-0.7758358,-1.0682108,-0.039035507,1.4571716,1.2450501,0.58778524,-0.809017,-0.8660254,0.5,0.0
2018-10-19 00:00:00,1.0,-0.5855362,-0.21087879,0.57056904,0.74620515,0.17368577,-1.0241416,-0.91772354,-0.84492713,1.2827138,1.3729542,0.7923451,1.0533485,-0.9660002,-0.82812285,-1.6161993,0.056484725,-1.881201,-0.100494735,-0.12380183,-0.9389198,-1.2489247,-0.20014724,1.0390542,1.273654,-0.58778524,-0.809017,-0.8660254,0.5,0.0
2018-10-22 00:00:00,4.0,0.50484145,0.33984563,2.29505,-0.54243284,0.4784786,-0.6969471,0.64687467,0.36672005,1.247743,1.3573421,0.8313681,0.9920875,-0.70144504,-0.5982022,-1.4273937,0.013379734,-1.3025596,-0.49353382,0.14543103,-0.7437609,-1.0386056,-0.055368602,1.254133,1.3590884,-0.95105654,0.309017,-0.8660254,0.5,0.0
2018-10-23 00:00:00,4.0,-1.037151,-1.4881299,-1.0982007,-0.93136865,0.011559699,-0.6267651,-0.080334365,0.62611866,1.1328791,1.3521931,0.9478768,0.73117894,-1.0628488,-0.98853666,-1.4027785,-0.4924569,-1.0721272,-0.9315637,-0.3567308,-0.93004906,-1.3205186,-0.36806005,0.8754661,1.3187823,0.0,1.0,-0.8660254,0.5,0.0
2018-10-24 00:00:00,4.0,-2.64262,-0.9683013,-0.18217607,-0.5180093,1.7387427,1.9481237,1.9055849,-2.7608285,2.5829577,2.465679,1.8982546,1.7889261,-1.7544799,-1.8490183,-1.5158713,-1.6169937,-1.8632104,-2.339691,-1.2526866,-1.3515065,-1.8217779,-1.0284431,1.743589,1.420109,0.95105654,0.309017,-0.8660254,0.5,0.0
2018-10-25 00:00:00,4.0,0.055702396,-0.15467432,2.0892515,-0.6310443,0.82812667,0.56322104,-0.7842418,0.5929145,2.4486053,2.4550242,2.0057726,1.586696,-1.6887666,-1.7774774,-1.5490448,-1.4674288,-1.4200763,-2.196688,-1.6511616,-1.1148546,-1.6264468,-0.9820856,1.3560641,0.6558631,0.58778524,-0.809017,-0.8660254,0.5,0.0
2018-10-26 00:00:00,5.0,0.49275026,1.5324569,-1.1323284,-0.30229452,0.6112676,-0.056927536,-0.547567,-2.5320213,2.279049,2.3801088,2.039176,1.3747663,-1.4236972,-1.5309235,-1.4276849,-1.0444238,-0.68090165,-2.2475615,-0.89605045,-0.8802282,-1.3376845,-0.84626985,1.3535146,0.78141207,-0.58778524,-0.809017,-0.8660254,0.5,0.0
2018-10-29 00:00:00,4.0,-1.12427,-0.41790852,-1.3411685,1.8429538,2.1616702,1.7422452,1.0853457,-0.6603082,3.0,3.0,2.7386107,2.0621266,-1.6467495,-1.8034813,-1.2861948,-1.6334411,-1.1285441,-2.2925236,-0.9222096,-0.9706694,-1.3590616,-1.0073177,1.7236603,0.9108098,-0.95105654,0.309017,-0.8660254,0.5,0.0
2018-10-30 00:00:00,2.0,1.2070452,1.1596853,0.76589143,-1.0965219,-0.20630457,0.39990273,-0.8218971,0.26144072,2.5128317,2.6580572,2.4684024,1.4787867,-1.0676789,-1.279989,-1.092962,-0.78562444,-0.8630354,-2.117745,-0.7175518,-0.65441245,-0.9603398,-0.7379135,0.85041356,0.5236845,0.0,1.0,-0.8660254,0.5,0.0
2018-10-31 00:00:00,2.0,1.7301251,-0.43307614,0.4249908,0.23367207,2.159618,2.2155533,1.3932799,3.0,3.0,3.0,2.8701913,2.3226812,-0.3484217,-0.5966031,-0.6282427,0.90941954,-0.42771712,-1.7035407,-0.41504073,-0.23968877,-0.36302993,-0.26079035,1.6315501,0.9917198,0.95105654,0.309017,-0.8660254,0.5,0.0
2018-11-01 00:00:00,5.0,3.0,1.5039939,-0.3378454,-0.8604786,1.071663,2.2787907,0.3153181,1.9883893,3.0,3.0,2.893513,2.5654528,0.67364043,0.5154745,-0.044313464,2.0599847,0.51195604,-0.9436543,0.30079424,0.62101424,0.419671,0.42757896,1.4517138,1.1480545,0.58778524,-0.809017,-0.8660254,0.5,0.0
2018-11-02 00:00:00,5.0,-3.0,-1.2000484,-0.9931164,-0.36840802,2.018123,1.1523153,-0.7088949,-1.8388724,3.0,3.0,3.0,2.8518445,-0.3559168,-0.6247189,-0.040133968,0.46176627,-0.37262177,-1.8041378,-1.1974784,-0.3242632,-0.27051666,-0.2947776,1.518751,-0.108979315,-0.58778524,-0.809017,-0.5,0.8660254,0.0
2018-11-05 00:00:00,2.0,-1.0271863,-1.2916288,-0.37764674,-1.124173,0.44522563,0.37422746,-0.687415,1.2072152,3.0,3.0,3.0,2.1347106,-0.60421926,-0.91765773,-0.12808646,0.42266017,-0.8201203,-1.7071141,-0.96620595,-0.63830227,-0.42523605,-0.50753033,1.2232307,-0.11830766,-0.95105654,0.309017,-0.5,0.8660254,0.0
2018-11-06 00:00:00,2.0,1.2002293,0.9544597,-0.7109248,0.71253246,0.46141425,-0.412109,-0.82604104,0.039168168,2.769302,3.0,3.0,1.667436,-0.23465271,-0.49506238,-0.056961577,0.5053421,-0.17944197,-0.98779374,0.028787425,-0.15754561,-0.12039288,-0.25553402,1.1837603,0.08722179,0.0,1.0,-0.5,0.8660254,0.0
2018-11-07 00:00:00,2.0,-0.28992262,-0.8479139,-0.19890916,-0.15976234,-1.5504833,-0.74525094,-0.5330957,0.08859811,1.7848554,2.3503551,2.637082,0.6349207,-0.32004407,-0.5844164,-0.034785274,-0.26814917,0.4394681,-1.1191303,-0.26269767,-0.2517178,-0.15996005,-0.3634891,-0.6964918,0.03922588,0.95105654,0.309017,-0.5,0.8660254,0.0
2018-11-08 00:00:00,2.0,0.64233655,0.4003191,1.431801,0.14057384,0.12897424,-0.4389599,0.18608674,0.39585412,1.623874,2.143449,2.4412866,0.49569416,-0.1221093,-0.3609531,0.059490077,-1.1916949,0.62723017,-0.624429,0.17083476,0.081629686,0.022756843,-0.2229535,1.0531929,-0.07108501,0.58778524,-0.809017,-0.5,0.8660254,0.0
2018-11-09 00:00:00,5.0,-1.9601501,-1.5027102,-1.2940278,-0.72291946,-0.022090346,-0.4566989,-0.25840983,-0.72713894,1.7111076,2.196361,2.542864,0.46088004,-0.6480453,-0.9449974,-0.0841561,-0.658046,-0.1328111,-0.6582027,-0.18098031,-0.84962976,-0.43918183,-0.68403554,0.89746565,-0.54997474,-0.58778524,-0.809017,-0.5,0.8660254,0.0
2018-11-12 00:00:00,2.0,-0.6233115,0.3296868,-0.7071103,2.1752877,-1.4025996,-0.13089372,0.20788623,-1.7166635,1.416698,1.9620893,2.3670413,0.09193088,-0.7998029,-1.1088207,-0.23711805,-0.48747045,-0.039486375,-0.9455139,-0.7331702,-1.025965,-0.5747108,-0.8638838,-0.41296282,-0.58284813,-0.95105654,0.309017,-0.5,0.8660254,0.0
2018-11-13 00:00:00,5.0,0.6004686,-1.0202291,0.54091454,-1.1761457,-0.94826734,0.13547029,0.15768307,2.5021787,1.2939969,1.7905252,2.1848462,-0.0033327169,-0.6017495,-0.89473766,-0.25073668,-0.7466895,-0.16401252,-0.83295363,-0.45966288,-0.6786221,-0.39230102,-0.72706324,0.24770415,-0.91144633,0.0,1.0,-0.5,0.8660254,0.0
2018-11-14 00:00:00,5.0,-1.8186269,-0.84521496,-0.84677315,0.3621251,0.9190977,2.531213,2.8892708,-0.93872905,1.7673095,2.0765896,2.4188511,0.4267352,-1.0213819,-1.3606431,-0.41706926,-1.4487258,-1.2229357,-1.3333013,-1.5427123,-1.3389188,-0.7578981,-1.0933703,1.262517,-0.96917695,0.95105654,0.309017,-0.5,0.8660254,0.0
2018-11-15 00:00:00,5.0,-0.10109636,0.9465921,0.5986203,-0.2877455,-0.017214859,0.22671777,-1.3520719,-2.155289,1.65208,1.9667225,2.3081722,0.28356826,-1.0420578,-1.366993,-0.51108897,-1.7318892,-2.0518699,-1.2893419,-1.5506269,-1.1956564,-0.7256099,-1.1073792,0.914655,-0.9623575,0.58778524,-0.809017,-0.5,0.8660254,0.0
2018-11-16 00:00:00,5.0,1.938816,1.9421198,-1.2357091,-1.1756184,-0.53163975,-0.37803316,-0.68062127,0.124525994,1.3631638,1.6876109,2.0105066,0.07537711,-0.34831935,-0.6674733,-0.32564408,0.027801791,-0.42748898,-0.6431607,-0.7818567,-0.29058978,-0.20669842,-0.6530917,0.62712145,-0.5903218,-0.58778524,-0.809017,-0.5,0.8660254,0.0
2018-11-19 00:00:00,5.0,-0.19640541,-0.6707192,0.7034908,-0.542047,-0.96493626,-0.71470535,-0.5173604,0.6176713,1.0525038,1.4690493,1.8460228,-0.35187486,-0.41049713,-0.72416997,-0.2062517,0.21051596,-0.18148945,-0.791933,-1.0550418,-0.34585035,-0.2313742,-0.73752576,0.22773096,-0.573839,-0.95105654,0.309017,-0.5,0.8660254,0.0
2018-11-20 00:00:00,5.0,-0.19431192,-1.3512481,-0.868364,-0.93548226,-2.006389,-1.3233048,-0.9577276,0.35265917,0.4212085,1.0505608,1.5493344,-1.2287722,-0.47055867,-0.778418,-0.1329661,-0.14666551,-0.60905343,-0.63644266,-1.4867364,-0.3978235,-0.2817799,-0.8751547,-1.6987851,-0.61276114,0.0,1.0,-0.5,0.8660254,0.0
2018-11-21 00:00:00,5.0,-0.38614827,-0.37796387,0.2610234,0.44407272,-0.7148455,-0.13371171,1.8693004,-0.13277836,0.37865165,0.95826983,1.4682939,-1.2622719,-0.58464056,-0.8840792,-0.104375415,0.5054538,-0.64586353,-0.18339829,-1.4383484,-0.54716754,-0.39468858,-0.99151945,0.22057395,-0.5979549,0.95105654,0.309017,-0.5,0.8660254,0.0
2018-11-22 00:00:00,5.0,1.4950633,1.7415967,-0.91500145,-0.87242365,-0.43890506,-0.521413,-0.5478805,-0.15934813,0.34910104,0.8221913,1.2894837,-1.1341945,-0.036942907,-0.35098115,0.1311487,1.2514943,-0.34252056,0.21172632,-0.46521088,0.1775974,0.050153375,-0.56467026,0.5010448,-0.25260276,0.58778524,-0.809017,-0.5,0.8660254,0.0
2018-11-23 00:00:00,5.0,-0.6121405,-1.2435578,-1.219717,-0.34140602,-0.8758085,-1.2927256,-1.1107846,0.5668057,0.24419603,0.7220018,1.218734,-1.2731614,-0.24097261,-0.53870577,0.20998973,0.055226848,0.058629468,-0.0560771,-0.87511325,-0.12388711,-0.14504021,-0.76197106,-0.13711576,-0.32767215,-0.58778524,-0.809017,-0.5,0.8660254,0.0
2018-11-26 00:00:00,5.0,-1.486256,-0.8054498,-0.31042215,-0.046165828,0.9061572,0.46254697,2.8647707,-0.41305333,0.87792444,1.0782213,1.4659454,-0.4342474,-0.6665615,-0.95180124,0.05219553,-0.56434286,-0.25069135,-0.2350939,-1.1194497,-0.7892335,-0.5595123,-1.0842859,1.132835,-0.37289122,-0.95105654,0.309017,-0.5,0.8660254,0.0
2018-11-27 00:00:00,5.0,1.5411302,0.9120983,-0.21619923,0.6537548,-1.3819665,-0.7967953,-1.119592,1.968553,0.7100118,0.91595376,1.2813821,-0.5228594,-0.1240371,-0.4193633,0.17019907,0.2746683,0.091761895,-0.053408977,-0.7523184,-0.04876566,-0.09681277,-0.65940464,-1.1261905,0.23918863,0.0,1.0,-0.5,0.8660254,0.0
2018-11-28 00:00:00,4.0,-0.0042910157,0.58984745,0.54326206,0.6765174,-1.2274185,-0.6345975,-0.0756815,-0.70693344,0.28229207,0.6498068,1.0955635,-1.1285634,-0.14211947,-0.4299988,0.26022032,0.45133996,0.6704814,-0.41781232,-0.7422022,-0.025881464,-0.0880562,-0.71204996,-1.0860189,-0.08595356,0.95105654,0.309017,-0.5,0.8660254,0.0
2018-11-29 00:00:00,1.0,-0.039854176,-0.58958805,-0.07400857,0.30295894,-0.87079376,-0.5870173,-0.21604156,0.5147192,0.05735219,0.47677284,0.9634804,-1.3835799,-0.17514993,-0.45370713,0.31296065,-0.27359262,0.6863495,-1.1006659,-0.42226136,-0.026823333,-0.042884666,-0.75870353,-0.78314793,-0.64334923,0.58778524,-0.809017,-0.5,0.8660254,0.0
2018-11-30 00:00:00,1.0,-0.14425494,0.2349231,1.5757478,0.4641607,-0.5512354,-0.2693186,0.10380091,-0.6271917,-0.0225094,0.38123366,0.87997735,-1.4064232,-0.24608347,-0.5110141,0.31848648,-0.053675517,0.0011887307,-0.34533522,-0.232855,-0.11487981,-0.07865001,-0.8217124,-0.27588436,0.5790312,-0.58778524,-0.809017,-0.5,0.8660254,0.0
2018-12-03 00:00:00,2.0,-0.22256447,-0.7849796,-0.1612246,-0.07064829,-1.1404113,0.8253339,0.90169466,0.14127938,-0.31505716,0.1639825,0.7243182,-1.7293764,-0.34803134,-0.594609,0.2944605,0.55218035,-0.009813143,-0.15545374,-0.1420814,-0.27598855,-0.1651012,-0.94393235,-1.2872502,0.40589023,-0.95105654,0.309017,-0.5,0.8660254,0.0
2018-12-04 00:00:00,1.0,1.4390498,-1.232849,-0.9352128,-0.49625525,0.56138283,1.2280802,0.20587754,3.0,0.5297554,0.5492045,0.8684645,-0.3166391,0.23754318,-0.063993566,0.42463568,0.5104857,0.5533282,-0.04560162,0.47779664,0.9100182,0.33981872,-0.3545855,0.55437154,0.60050595,0.0,1.0,-2.4492937e-16,1.0,0.0
2018-12-05 00:00:00,4.0,0.5986734,0.80307263,-0.7588132,1.3582976,-1.0331824,-0.39418516,-1.1441474,0.21328105,0.06844431,0.26773635,0.6604908,-0.8884113,0.44682443,0.14089286,0.6377353,0.8043785,0.8833061,0.19489256,0.43330136,1.4132731,0.5552167,-0.17016345,-1.0700046,-0.3445555,0.95105654,0.309017,-2.4492937e-16,1.0,0.0
2018-12-06 00:00:00,5.0,-1.1238216,-1.3128475,-1.1934022,-0.5610943,-0.8466232,-1.093637,-0.9367298,-0.817508,0.041565318,0.2603512,0.6746541,-0.9457955,-0.02048948,-0.24874194,0.5661778,0.2712224,-0.002248107,-0.28165218,-0.6876354,0.5404031,0.17620252,-0.5186203,-0.9104148,0.04724903,0.58778524,-0.809017,-2.4492937e-16,1.0,0.0
2018-12-07 00:00:00,5.0,-2.61684,-1.3785417,-1.2121753,-0.7596059,2.0069373,0.40768674,2.1066859,-0.5674317,1.193651,0.99263084,1.1915007,0.36476305,-0.85019994,-1.035729,0.060772613,-1.0220681,-0.7565966,-0.5729135,-1.8524541,-1.7763968,-0.6554748,-1.1490642,1.1971039,-0.27880615,-0.58778524,-0.809017,-2.4492937e-16,1.0,0.0
2018-12-10 00:00:00,5.0,1.3699671,0.95816153,1.4439294,-1.0104978,0.9793051,-0.22031417,-0.63827187,0.49499243,1.4758623,1.1611378,1.2297252,0.77403325,-0.3279521,-0.5405312,-0.01877026,-0.19259126,0.25099584,0.0020093545,-1.1865903,-0.5369882,-0.19371502,-0.6405496,0.95252186,-1.1167045,-0.95105654,0.309017,-2.4492937e-16,1.0,0.0
2018-12-11 00:00:00,5.0,-0.5697348,0.18113787,3.0,-1.2008443,-0.88587576,-0.57473916,-0.5170096,-1.2322444,0.8773163,0.8924011,1.0979491,-0.07711567,-0.50412893,-0.70911664,-0.13704845,-1.1933981,-0.48502877,-0.32442635,-1.4027779,-0.9260432,-0.37855643,-0.82170117,-1.1165769,-0.9462645,0.0,1.0,-2.4492937e-16,1.0,0.0
2018-12-12 00:00:00,5.0,0.91876423,0.59728295,1.3852112,-0.18589279,0.015975459,-1.2429178,-0.77993083,0.7226862,0.80499,0.83049726,1.0172881,-0.11338132,-0.16973494,-0.38860366,-0.07376274,-0.9895117,-0.13933781,0.4316625,-0.9912399,-0.22465435,-0.099311434,-0.49980357,0.19089627,-0.7742548,0.95105654,0.309017,-2.4492937e-16,1.0,0.0
2018-12-13 00:00:00,5.0,0.03263863,-0.37938392,0.79764956,-0.21854173,-0.82779753,-0.9849481,-0.01736478,0.23972797,0.28645614,0.5386392,0.8424014,-0.7977665,-0.17290293,-0.38842463,-0.01929391,-0.42696434,-0.11383198,0.46767458,-1.1520201,-0.27344874,-0.12325181,-0.49070114,-1.3061546,-0.8097621,0.58778524,-0.809017,-2.4492937e-16,1.0,0.0
2018-12-14 00:00:00,5.0,-0.18207097,0.7675234,-1.1330785,2.2107525,-0.45975372,1.1202958,1.8906134,-1.1577369,0.2067332,0.47686595,0.8032257,-0.90261185,-0.24876216,-0.45356232,-0.0032816355,0.8215777,-0.13388507,-0.10842287,-1.3646935,-0.4111043,-0.18048087,-0.51052374,-0.8752433,-1.2442254,-0.58778524,-0.809017,-2.4492937e-16,1.0,0.0
2018-12-17 00:00:00,5.0,-0.07228159,0.64793456,0.6699484,0.53827894,0.063227676,-0.7043174,-1.1235461,-0.9499888,0.18676904,0.44144225,0.77364093,-0.87741554,-0.2863291,-0.4841392,0.003178387,0.07051498,-0.08667834,-0.077922285,-1.952796,-0.4573876,-0.19684091,-0.49359366,-0.007893659,-1.190427,-0.95105654,0.309017,-2.4492937e-16,1.0,0.0
2018-12-18 00:00:00,5.0,-0.35622737,-0.38177878,-0.15042953,0.7612299,-0.57494396,-1.4580863,-0.8492794,-0.28342226,-0.058808222,0.2874789,0.68993515,-1.1579795,-0.42751747,-0.60383147,-0.039211787,0.1878666,-0.7363391,-0.13456573,-2.1978755,-0.71731627,-0.3248038,-0.6008136,-1.0103698,-1.1162788,0.0,1.0,-2.4492937e-16,1.0,0.0
2018-12-19 00:00:00,5.0,-1.1649693,-1.088763,-0.26449284,-1.0367962,-0.68792456,-0.103154324,1.4608175,-0.99746186,-0.032462437,0.30659732,0.73595774,-1.1372721,-0.82611173,-0.9623108,-0.24118617,-0.9516917,-1.4106457,-0.38459677,-3.0,-1.4305661,-0.74135214,-0.9537936,-1.1804239,-1.395496,0.95105654,0.309017,-2.4492937e-16,1.0,0.0
2018-12-20 00:00:00,5.0,0.7623484,1.4741479,-0.5703634,-0.013146822,0.29690102,-0.29852188,-0.31861034,-0.7984904,0.06838899,0.2982173,0.680653,-0.87342674,-0.49402162,-0.6891098,-0.22611654,-0.57544047,-0.7242588,-0.5726647,-2.7257533,-0.80675346,-0.41528177,-0.66052824,0.32208416,-1.812508,0.58778524,-0.809017,-2.4492937e-16,1.0,0.0
2018-12-21 00:00:00,5.0,-1.0090982,0.11663388,1.4189498,0.18409978,-0.8204662,1.1261262,1.0461552,-1.744779,0.11265003,0.34325513,0.7414654,-0.85063034,-0.8673951,-1.028115,-0.37101227,-1.09325,-0.09734064,-0.72595835,-3.0,-1.3485627,-0.79271907,-1.0039903,-1.537698,-1.4456491,-0.58778524,-0.809017,-2.4492937e-16,1.0,0.0
2018-12-24 00:00:00,4.0,0.5019655,1.5767229,-1.138779,0.35855505,-0.545555,2.649574,1.1866522,-0.7236108,-0.22871779,0.09644648,0.5668741,-1.1344659,-0.6616981,-0.86345327,-0.37489158,-0.76775336,-0.47832575,-0.14291883,-2.683154,-0.8992981,-0.6328294,-0.8708111,-1.1864413,-1.6087433,-0.95105654,0.309017,-2.4492937e-16,1.0,0.0
2018-12-27 00:00:00,5.0,0.6095858,2.132137,-1.1136782,-1.3785652,-0.9607324,-1.9060948,-2.252166,-0.7202613,-0.6879255,-0.25085023,0.3245046,-1.5182683,-0.3760509,-0.6451161,-0.24214627,-0.18463446,0.028747201,-0.4227049,-2.5661387,-0.43648085,-0.38840148,-0.7117939,-1.9422112,-2.5465584,0.0,1.0,-2.4492937e-16,1.0,1.0
2018-12-28 00:00:00,5.0,-1.334275,-1.1503992,-1.078191,-0.33368495,1.7562441,-0.434568,3.0,0.7968897,0.43876,0.42708284,0.7506053,-0.30207375,-0.9915196,-1.1953181,-0.32150495,-0.312431,-1.0656133,-0.9023884,-2.9024112,-1.2012255,-0.90914047,-1.1018384,1.1759205,-2.8167121,-0.58778524,-0.809017,-2.4492937e-16,1.0,1.0
2018-12-31 00:00:00,5.0,2.0605204,1.5461862,-0.12586445,-0.93374974,0.13227822,-0.64398795,-0.38772672,1.1879039,0.7921417,0.5696519,0.71799254,0.22290839,0.330026,-0.13589978,0.10713581,0.5937183,-0.04893453,-0.14824346,-2.1622741,0.32683638,0.2711744,-0.108036004,0.20214452,-2.4138908,-0.95105654,0.309017,-2.4492937e-16,1.0,1.0
2019-01-02 00:00:00,5.0,-0.57747763,-1.275223,-0.5535547,-1.3039322,-0.6456911,-1.4410136,-1.1275026,0.17113368,0.30249202,0.3516622,0.64079916,-0.34710678,0.008322833,-0.46607065,0.26976725,0.85212,-0.29008833,-0.34748378,-2.316287,-0.11090242,-0.051742166,-0.45779735,-1.2158741,-2.4728427,0.0,1.0,-2.4492937e-16,1.0,1.0
2019-01-03 00:00:00,5.0,1.3785244,1.4322637,-0.6399625,-0.09250192,1.5556302,-0.35897347,2.6044195,-0.8951875,1.0917507,0.7900632,0.80626386,0.48958325,1.1140796,0.48147905,0.7425743,1.4550831,0.59642905,0.33946097,-1.5524378,1.0707097,0.98983055,0.54951376,1.1357987,-2.0589976,0.58778524,-0.809017,0.5,0.8660254,0.0
2019-01-04 00:00:00,5.0,0.26811585,1.1783663,0.77675027,-1.0835316,-0.0090674525,-0.06131652,-0.018456776,-1.1649741,0.82070076,0.68833584,0.75450575,0.21806155,1.2671506,0.67296565,1.0672362,1.236058,0.9774598,-0.12345305,-1.0932704,1.3442203,1.2022732,0.79171836,0.1359257,-2.535692,-0.58778524,-0.809017,0.5,0.8660254,0.0
2019-01-07 00:00:00,5.0,1.3771993,0.8729446,0.67523336,-0.10190101,-0.7172791,-0.22373186,-0.34430608,1.3171527,0.6654898,0.5662831,0.616897,0.17374824,2.2848594,1.8349495,1.5340195,2.8166034,2.3987443,0.31738454,-0.71305555,2.8248818,2.143391,1.8954874,-1.1316042,-1.1673144,-0.95105654,0.309017,0.5,0.8660254,0.0
2019-01-08 00:00:00,5.0,0.08119225,-0.42846897,-1.0876071,1.9899853,-0.6017414,-0.34273577,-0.2988242,0.48251653,0.10237722,0.23376621,0.441132,-0.31835222,2.1796966,1.8636224,1.7950556,1.5816493,1.9559907,0.9014234,-0.3649692,2.741112,2.1029682,1.980605,-0.86881876,-1.507939,0.0,1.0,0.5,0.8660254,0.0
2019-01-09 00:00:00,4.0,-0.047244318,-0.21704812,2.3188093,-1.2606283,-0.85270876,-0.47592938,-0.3784138,0.01025013,-0.49525476,-0.18116653,0.20614076,-0.84298134,1.9708838,1.712242,1.900988,1.9298614,2.383472,2.1462774,0.124086745,2.3035903,1.9229414,1.8668354,-1.4012192,-1.3496087,0.95105654,0.309017,0.5,0.8660254,0.0
2019-01-10 00:00:00,4.0,0.3917161,-1.0506196,-1.057237,0.23492026,-1.0488878,-0.3326293,-0.11468613,1.2009615,-1.0273609,-0.6442474,-0.11018603,-1.2477388,2.1094062,1.9293582,2.0092335,1.3126795,2.249048,1.661876,0.12911303,2.3571944,2.0811799,2.1037035,-1.9718622,-0.7917315,0.58778524,-0.809017,0.5,0.8660254,0.0
2019-01-11 00:00:00,4.0,0.48982456,1.1932584,-1.0225015,0.7891728,-0.7599133,-0.6444814,-0.52232796,-0.27160263,-1.4085945,-1.0638452,-0.43897197,-1.47812,2.2898731,2.1993833,2.1256385,1.4321858,2.1392584,2.169225,0.251,2.369662,2.261179,2.424591,-1.4835241,-0.62699735,-0.58778524,-0.809017,0.5,0.8660254,0.0
2019-01-14 00:00:00,4.0,-0.5475775,-0.70893437,0.60732865,-0.70899856,0.6012076,-0.084419146,0.44782677,0.16804594,-0.9543537,-0.83599836,-0.3151915,-0.9612257,1.6304436,1.649443,1.840045,0.22801909,2.41686,1.4427048,0.026431173,1.7433522,1.6731378,1.8961396,0.3623491,-0.6906005,-0.95105654,0.309017,0.5,0.8660254,0.0
2019-01-15 00:00:00,4.0,0.021703277,0.9055006,0.2654075,0.11879707,-0.5204972,-0.64375305,-0.6546098,-0.87420684,-1.2036319,-1.1139859,-0.54953897,-1.1177248,1.529208,1.5774624,1.6469897,0.1906568,1.4151684,1.4381243,0.09425125,1.6065297,1.5899794,1.9079556,-0.93988425,-0.64583844,0.0,1.0,0.5,0.8660254,0.0
2019-01-16 00:00:00,4.0,0.25682193,-0.23943439,0.42386526,1.0101094,-0.6307187,-0.5126915,-0.13490012,0.5200789,-1.4763352,-1.4513791,-0.88035715,-1.2735373,1.6249164,1.6876158,1.5214435,0.37972572,1.8146267,1.6413717,0.32335383,1.6236594,1.6759336,2.0492675,-1.1016965,-0.5598829,0.95105654,0.309017,0.5,0.8660254,0.0
2019-01-17 00:00:00,4.0,-0.64304626,-0.53239393,-0.13208123,0.75792295,0.06383317,0.4877679,0.842051,-0.42602035,-1.2750497,-1.3812642,-0.8862896,-1.0333989,0.9231593,1.0900406,1.11492,-0.26461276,0.8213803,1.3327838,-0.030584645,1.0590833,1.0893561,1.4586843,-0.1309458,-0.6832575,0.58778524,-0.809017,0.5,0.8660254,0.0
2019-01-18 00:00:00,1.0,-0.470567,-0.31685,0.80700135,0.3460279,-0.6261535,-0.830181,-0.98166144,-0.56725484,-1.4907018,-1.630229,-1.1565081,-1.1924902,0.44118845,0.6561682,0.66261715,-0.8575649,0.46018288,1.2499444,0.034510598,0.64809376,0.66250616,1.0292498,-1.0582993,-0.97287405,-0.58778524,-0.809017,0.5,0.8660254,0.0
2019-01-21 00:00:00,1.0,1.350268,1.2904305,-0.79187214,0.082054116,0.14371923,-0.30670372,0.413803,0.5455656,-1.2850811,-1.6410997,-1.4740231,-0.83211994,1.517107,1.694547,0.7138676,0.31573153,0.44153243,2.3839858,1.1886419,1.4314562,1.5499598,2.0714176,-0.026575498,-0.5335514,-0.95105654,0.309017,0.5,0.8660254,0.0
2019-01-22 00:00:00,4.0,-0.10950851,-0.80487764,-0.60656905,0.59512293,-1.0484837,-0.9675844,-0.90034527,0.19276483,-1.735417,-2.039161,-1.961824,-1.273617,1.3723788,1.5387105,0.7231385,0.23786017,0.3514452,1.957534,1.1221026,1.2194934,1.4143506,1.9382625,-1.7675178,-0.389732,0.0,1.0,0.5,0.8660254,0.0
2019-01-23 00:00:00,4.0,-0.98053783,-1.0955752,-1.0683444,0.12902513,-0.10341923,-0.21189366,1.0674583,-0.46818176,-1.3535697,-1.74447,-1.7967653,-0.8933927,0.4227264,0.70602006,0.23731282,-0.560266,-0.13350926,1.9344114,0.6417499,0.40968418,0.39364335,1.0684628,-0.2395361,-0.44859675,0.95105654,0.309017,0.5,0.8660254,0.0
2019-01-24 00:00:00,4.0,-0.4127795,-0.43507403,0.78527427,0.023102107,-0.48214,0.050575715,-0.1648963,-0.35303342,-1.4458896,-1.8131629,-1.9555786,-1.0035388,0.0072517344,0.34142762,-0.31652415,-0.42028388,-0.5587042,1.5379962,0.7554081,-0.019972628,-0.12722206,0.68681544,-0.8316104,-0.23120564,0.58778524,-0.809017,0.5,0.8660254,0.0
2019-01-25 00:00:00,4.0,0.41466582,0.5837205,-0.68844867,2.3278835,-0.55611664,0.0518457,-0.16967121,0.10094326,-1.5752703,-1.9643407,-2.301356,-1.0911947,0.36783072,0.6487618,-0.5744087,0.16796467,-0.6034914,1.4828011,0.61777574,0.19533493,0.12540574,0.9890418,-1.0260452,0.30290714,-0.58778524,-0.809017,0.5,0.8660254,0.0
2019-01-28 00:00:00,4.0,-0.4849268,-0.8367505,0.348351,-0.75636864,-0.42649785,0.49638978,-0.07275328,-0.12162403,-1.5738051,-1.9462553,-2.3270102,-1.1234282,-0.14597441,0.20924897,-0.9879401,-1.0467299,-0.5650494,1.8615329,0.02131436,-0.5510923,-0.5723072,0.50954986,-0.7719487,0.6252182,-0.95105654,0.309017,0.5,0.8660254,0.0
2019-01-29 00:00:00,4.0,-1.2644484,-1.1121594,-0.28192544,-0.98031783,0.22016941,0.034755345,-0.3782779,-0.8323952,-1.1088808,-1.5332553,-1.8710098,-0.642803,-1.1813291,-0.7562303,-1.7122408,-1.8261158,-1.2066917,0.28585145,-1.2162331,-1.6286527,-1.7451609,-0.5254407,0.06342077,1.7984843,0.0,1.0,0.5,0.8660254,0.0
2019-01-30 00:00:00,4.0,1.0717278,1.0469116,-0.29868886,0.5249842,-0.39061543,0.51606166,-0.019089302,0.69240785,-1.250223,-1.6651379,-2.087825,-0.69206446,-0.19750819,0.09615366,-1.6840477,-0.48844,-0.82713515,1.0635101,0.07779183,-0.90464,-0.90720993,0.28200325,-0.88310146,1.6934668,0.95105654,0.309017,0.5,0.8660254,0.0
2019-01-31 00:00:00,4.0,1.0558155,1.1664642,0.34436,-0.71385616,-1.0940042,1.156044,-0.042145383,0.7605194,-1.2716359,-1.7149757,-2.1975777,-0.5644607,0.6829373,0.90224874,-1.1762642,0.45396745,0.014452167,0.87332046,0.7250427,-0.009602188,-0.022328887,1.0912255,-1.5223964,2.1699798,0.58778524,-0.809017,0.5,0.8660254,0.0
2019-02-01 00:00:00,4.0,1.0734969,0.20833638,1.1597425,1.2571058,0.5533665,2.309191,0.13209033,1.4623721,-0.9770302,-1.5457227,-2.105845,0.045863908,1.4582708,1.6496427,-0.3876623,0.84094965,0.7763759,1.2330602,0.7446327,0.90016353,0.8318406,1.8299378,0.066477284,2.8253162,-0.58778524,-0.809017,0.5,0.8660254,0.0
2019-02-04 00:00:00,4.0,0.19913922,1.0718645,-0.57626253,0.5474142,-0.93031853,-0.15619971,-0.7443746,-0.5535806,-1.3753124,-1.7723395,-2.2589734,-0.5508319,1.5228279,1.7011757,0.1760885,1.2750747,0.16717334,0.6150703,0.89533967,1.0247597,0.97568834,1.8922668,-1.433873,2.1786807,-0.95105654,0.309017,0.8660254,0.5,0.0
2019-02-05 00:00:00,1.0,-0.118334524,-0.12906565,1.4706988,0.16212545,1.9911283,0.2321561,-0.096398465,-0.012634194,-1.0091709,-1.5052927,-2.0061786,0.030445255,1.3260145,1.524161,0.422472,1.9809521,0.1690016,0.5177122,0.6755371,0.8553244,0.7977562,1.7019725,0.88596636,2.0667565,0.0,1.0,0.8660254,0.5,0.0
2019-02-06 00:00:00,4.0,2.9003072,1.2727561,-0.43336695,-0.34065455,1.5058534,2.830801,0.9778275,3.0,0.68544054,-0.48475376,-1.432849,2.7080922,2.9878097,3.0,1.4039657,2.944397,2.080722,1.9303389,2.2143836,2.7013009,2.676811,3.0,0.84041744,1.4009066,0.95105654,0.309017,0.8660254,0.5,0.0
2019-02-07 00:00:00,1.0,0.6846963,0.6031739,-0.39608502,1.7043325,2.0313761,1.7370929,-0.39993492,0.29097885,0.5075316,-0.46912336,-1.406963,2.2688959,3.0,3.0,2.142115,2.5980341,2.4824839,2.0189316,2.4931037,2.393507,2.8259606,3.0,1.2905959,1.1748561,0.58778524,-0.809017,0.8660254,0.5,0.0
2019-02-08 00:00:00,4.0,-0.73908836,-1.0257218,0.5566762,-1.394329,0.7461395,2.1102576,0.060009904,-0.0908715,0.22405168,-0.48362404,-1.2943552,1.6182222,2.2532527,2.552256,2.2068622,1.5934927,1.8810887,1.4170041,2.0204291,1.6881942,2.1535218,2.5339572,0.4998589,1.3214691,-0.58778524,-0.809017,0.8660254,0.5,0.0
2019-02-11 00:00:00,4.0,-0.41526994,-0.19168851,1.1578001,0.5171085,-1.3339375,0.94528365,-0.55427575,-0.5621095,-0.5517838,-0.91138184,-1.518672,0.51045096,1.8838773,2.197934,2.0962193,1.2781708,1.8964508,1.518031,2.276494,1.3250539,1.8660004,2.2937744,-1.5283177,1.2647996,-0.95105654,0.309017,0.8660254,0.5,0.0
2019-02-12 00:00:00,4.0,-0.027562523,-0.6540988,0.6505082,-0.39932323,-0.6416895,-0.52216595,-0.75620323,0.40520808,-1.0330687,-1.2379308,-1.7095399,-0.1286859,1.8309541,2.1131365,1.8788458,1.3526187,2.452915,1.5213815,2.1970475,1.1836568,1.8064854,2.2331421,-1.0354418,1.2472411,0.0,1.0,0.8660254,0.5,0.0
2019-02-13 00:00:00,4.0,0.06592661,-0.9902774,-0.28453955,-0.44566038,-1.5264742,-0.31722337,-0.075138114,0.49895746,-1.6642559,-1.7115868,-1.9973917,-0.99154645,1.7965195,2.0468605,1.6942772,-0.2405824,1.9695506,1.4132419,1.6775962,1.0883594,1.8333702,2.2415743,-1.5059955,1.1481762,0.95105654,0.309017,0.8660254,0.5,0.0
2019-02-14 00:00:00,4.0,0.613196,0.8274012,-0.37242758,1.0943515,-0.3936297,-0.65924805,-0.44839844,0.30991894,-1.8430146,-1.9440144,-2.1721382,-1.1793413,2.026408,2.2332687,1.6248803,-0.2944157,1.7462735,1.9912729,1.837468,1.1799011,2.141293,2.4599524,-0.8607593,1.12397,0.58778524,-0.809017,0.8660254,0.5,0.0
2019-02-15 00:00:00,4.0,-1.1634734,-1.0505285,0.08351417,-0.98410565,-0.36645868,0.4068208,0.5372176,-1.0923305,-1.4861052,-1.6870068,-1.91031,-0.7563233,1.0551325,1.4748818,0.9466916,-0.5119313,0.84475464,1.6712525,1.5421706,0.64298725,1.1022421,1.7407397,-0.8167429,1.3752277,-0.58778524,-0.809017,0.8660254,0.5,0.0
2019-02-18 00:00:00,1.0,0.24137883,0.672798,1.1712692,-0.3981022,0.185987,-0.35058483,-0.52047455,-0.21575525,-1.5238491,-1.750375,-1.957551,-0.790399,1.1759685,1.5533873,0.54581255,-0.15192452,0.8665221,1.1136225,1.6561843,0.67463875,1.214915,1.8265152,0.068370216,1.0718086,-0.95105654,0.309017,0.8660254,0.5,0.0
2019-02-19 00:00:00,1.0,-0.6303608,-1.4372768,-1.175136,-0.7181832,-0.5604036,-0.79884803,-0.39283022,-0.047122143,-1.6361961,-1.8164632,-1.9476795,-1.0408818,0.6841183,1.1579366,-0.030178472,-0.4796436,0.6595168,0.8783363,1.1344863,0.3940131,0.7005686,1.4784704,-0.9945764,0.95273536,0.0,1.0,0.8660254,0.5,0.0
2019-02-20 00:00:00,4.0,-0.15796629,-0.23112307,1.509251,-0.32074147,-0.9102145,-1.158885,-0.44626907,-0.17447661,-1.8167398,-1.9588913,-2.0271559,-1.3651633,0.5623969,1.046,-0.5323456,-0.5991038,-0.6288041,1.2684594,1.2219275,0.28443927,0.5049162,1.3676908,-1.3231237,0.52611667,0.95105654,0.309017,0.8660254,0.5,0.0
2019-02-21 00:00:00,4.0,0.24693646,0.5409218,-0.030570231,1.455435,-1.3402574,-0.70138633,0.10569807,0.061070554,-2.0677779,-2.186018,-2.1963325,-1.7778622,0.72806364,1.157032,-0.80349684,-0.80143255,-0.81888705,1.5467407,1.5908513,0.32014656,0.62429744,1.5220231,-1.4476092,0.50140214,0.58778524,-0.809017,0.8660254,0.5,0.0
2019-02-22 00:00:00,4.0,-0.08637969,0.43123162,-0.91455007,2.7097528,-0.67214,-0.4622897,-0.064217806,-0.43281704,-2.0486574,-2.212018,-2.2173004,-1.7522371,0.6589059,1.0866867,-1.0358572,-0.20852134,-0.5390094,1.3002293,1.2001574,0.23482627,0.45020634,1.4383026,-1.170211,0.5413578,-0.58778524,-0.809017,0.8660254,0.5,0.0
2019-02-25 00:00:00,4.0,-0.23633198,0.24045406,2.1133685,-0.3740743,-0.13936411,-0.9205519,-0.48425505,-0.5563963,-1.9017178,-2.1281452,-2.159778,-1.5087264,0.46077204,0.9323713,-1.2749946,-0.46294996,-0.45891592,1.4148608,1.1344593,0.08283042,0.11044314,1.2614257,-0.6614542,0.69739336,-0.95105654,0.309017,0.8660254,0.5,0.0
2019-02-26 00:00:00,1.0,-0.038300496,-0.8470343,0.7764217,-1.2293183,-0.29493603,0.00091383694,0.43859768,0.46469992,-1.8346393,-2.0877578,-2.1368089,-1.4013251,0.4333221,0.8959246,-1.4239725,-0.14245845,-0.46216273,1.9691427,1.1227094,-0.022386223,-0.11905255,1.2070893,-0.7397831,0.13921191,0.0,1.0,0.8660254,0.5,0.0
2019-02-27 00:00:00,4.0,-0.49237895,-0.14124009,-1.0374979,2.7212975,-0.22313827,0.8088218,0.19443336,-0.6780318,-1.5079714,-1.850084,-1.9635441,-0.8130749,-0.005024337,0.59127396,-1.6332203,-0.3139108,-0.67771006,1.3087312,1.0355023,-0.40849468,-0.6769676,0.85698956,-0.62612236,0.48051646,0.95105654,0.309017,0.8660254,0.5,0.0
2019-02-28 00:00:00,1.0,0.09018194,1.565798,-1.1306909,-0.23657046,-1.0758879,0.77215296,-0.20471917,-0.68350035,-1.7124628,-1.9659125,-2.0370057,-1.2372278,0.08422733,0.6345119,-1.7414902,-0.397625,-0.884435,0.90014815,1.093675,-0.48276594,-0.7134243,0.9109062,-1.2846338,0.13486615,0.58778524,-0.809017,0.8660254,0.5,0.0
2019-03-01 00:00:00,1.0,0.043189883,0.9346987,-1.1206384,1.3006833,-0.8811824,1.8236035,0.26469526,-0.5095427,-1.8089848,-2.0249944,-2.0763743,-1.4606533,0.12699085,0.6456604,-1.74847,-0.33066288,-0.39745477,0.4667755,0.7829141,-0.5397843,-0.7525665,0.9152976,-1.1268018,-0.116936035,-0.58778524,-0.809017,0.8660254,0.5,0.0
2019-03-04 00:00:00,1.0,-0.1606124,-1.3767027,-1.1056454,-0.31203753,-1.3610002,0.06581524,-0.7283797,0.2276553,-1.9721498,-2.1264243,-2.1358132,-1.8709658,-0.03780971,0.53006107,-1.8161365,-0.29077625,-0.5563394,0.318421,0.6161362,-0.7830861,-0.99785805,0.7922773,-1.2783648,-0.18841472,-0.95105654,0.309017,1.0,6.123234e-17,0.0
2019-03-05 00:00:00,4.0,0.35852122,0.5024439,0.03227639,1.1269122,-0.79637986,-0.032254387,-0.24515271,0.3165287,-1.9736775,-2.142322,-2.164076,-1.8829153,0.3242757,0.73114985,-1.6294967,-0.0890257,-0.17067869,0.51444554,0.93285966,-0.64081377,-0.73157513,0.99551743,-1.184373,-0.21540761,0.0,1.0,1.0,6.123234e-17,0.0
2019-03-06 00:00:00,4.0,0.2104926,0.3304266,0.3102741,1.1292638,-0.48652503,0.24645077,-0.1136658,0.17676046,-1.9338416,-2.124812,-2.1664302,-1.764863,0.5557841,0.86090076,-1.3491399,0.27035275,-0.035967417,-0.71691513,1.5525864,-0.3343003,-0.4324138,1.1035734,-0.8632966,-0.50368756,0.95105654,0.309017,1.0,6.123234e-17,0.0
2019-03-07 00:00:00,4.0,-0.09329443,0.59810257,1.1123881,-0.43756714,-1.3610363,-0.34566647,-0.47623354,-0.39376482,-2.018056,-2.171501,-2.193067,-1.9540415,0.4897222,0.80750096,-1.1896209,0.17958549,-0.16521803,-1.0577044,1.2027549,-0.31436443,-0.3833281,1.0348312,-1.1565139,-0.16381149,0.58778524,-0.809017,1.0,6.123234e-17,0.0
2019-03-08 00:00:00,4.0,0.29061967,1.0125885,0.19005701,-0.47199765,1.5990385,-1.0126475,-0.55146104,-0.3938277,-1.7420452,-2.0059733,-2.1009254,-1.2248777,0.8004963,0.9790692,-0.8603709,0.29677844,-0.033790223,-0.62280387,1.3658876,0.20342913,0.009617791,1.1245385,0.23217313,-1.3330065,-0.58778524,-0.809017,1.0,6.123234e-17,0.0
2019-03-11 00:00:00,4.0,-0.9065856,-0.2830079,0.15569411,1.278449,1.4786246,1.1888217,1.0505352,-1.1585836,-1.2768245,-1.6870941,-1.8737572,-0.12121454,-0.17421857,0.40558895,-0.9421424,-0.043845575,-0.2490134,-0.7640553,0.98594826,-0.8991501,-0.72537434,0.3952264,0.22419019,-1.0569516,-0.95105654,0.309017,1.0,6.123234e-17,0.0
2019-03-12 00:00:00,4.0,0.13274401,-0.88311666,0.089283094,-0.20044418,-1.1959752,-0.82351536,-0.8147206,0.6234926,-1.4507608,-1.7554106,-1.9086357,-0.5836296,-0.007560492,0.4885202,-0.9748277,-0.17287211,-0.18923903,-0.7004946,0.9945996,-0.5914778,-0.5301406,0.4612137,-1.0700946,-0.7827706,0.0,1.0,1.0,6.123234e-17,0.0
2019-03-13 00:00:00,4.0,0.08408268,0.3358234,-0.44795686,1.9680691,2.5529966,0.056950472,0.2664622,-0.20872809,-1.1177317,-1.528733,-1.764053,0.23188922,0.11791465,0.54725957,-0.8496659,-0.23705333,0.032792527,-0.70090383,1.0422815,-0.34120807,-0.34148782,0.4093705,1.5539507,-0.8971909,0.95105654,0.309017,1.0,6.123234e-17,0.0
2019-03-14 00:00:00,4.0,1.4004884,1.5966336,-1.2085131,-0.6104863,3.0,0.18356144,-0.13414572,-0.11755942,-0.6445218,-1.224549,-1.6009029,1.3830845,1.400827,1.3657774,-0.242092,0.4918935,0.48191568,-0.45417336,1.2952707,2.2074864,0.8741821,1.0694575,2.0613446,-0.39400443,0.58778524,-0.809017,1.0,6.123234e-17,0.0
2019-03-15 00:00:00,4.0,0.18146712,0.64002323,1.5519619,-0.9301292,0.52895826,1.7650635,0.46810532,-0.20373888,-0.74279684,-1.219409,-1.5774556,1.0712174,1.5462509,1.4654888,0.16637124,0.43963626,0.5339132,0.13056378,1.3925118,1.9627475,1.0283185,1.1414508,0.035356753,-0.8349577,-0.58778524,-0.809017,1.0,6.123234e-17,0.0
2019-03-18 00:00:00,4.0,-0.83417183,-1.4812019,-0.13361716,-1.4473711,1.3535825,3.0,1.2162312,0.30607778,-0.6089501,-1.0731003,-1.4497904,1.1972018,0.6673725,0.9361214,0.13417208,0.48585072,0.32362276,-0.28762728,1.5033467,0.9288325,0.39254355,0.6455609,1.302345,-1.2854531,-0.95105654,0.309017,1.0,6.123234e-17,0.0
2019-03-19 00:00:00,4.0,1.1399438,1.3351811,-1.190941,0.023874046,1.4205571,-0.88765347,-1.3366481,0.35567048,-0.5333223,-0.9983354,-1.4113696,1.3426657,1.551636,1.5827143,0.4596505,0.9809796,0.5978528,0.43605605,1.5387392,1.8713113,1.2423172,1.2273473,1.4560442,-0.36654314,0.0,1.0,1.0,6.123234e-17,0.0
2019-03-20 00:00:00,4.0,0.44490063,1.1412022,0.4329834,-1.1467975,0.96682847,-0.6646851,0.08385662,-0.4802298,-0.5286533,-0.95470375,-1.3743417,1.2756892,1.8820672,1.8509796,0.7747781,1.1715653,0.67929053,0.7041714,1.8432631,1.7845696,1.5369,1.45595,0.9948288,-0.40610242,0.95105654,0.309017,1.0,6.123234e-17,0.0
2019-03-21 00:00:00,4.0,-0.44975084,0.024761124,1.3212692,0.89381105,0.29568678,-0.67229766,-0.2244062,-0.7552333,-0.6186845,-0.95552844,-1.3410416,0.96064794,1.4793466,1.5895152,0.8133531,0.24911962,0.55973566,0.41805068,1.6735467,1.1995583,1.1997747,1.2384356,0.076293804,-0.30684108,0.58778524,-0.809017,1.0,6.123234e-17,0.0
2019-03-22 00:00:00,4.0,0.85143775,1.5000125,-0.14149165,-1.4155118,0.25916994,-0.7899619,-0.32349822,0.14686553,-0.59621483,-0.92319834,-1.3186533,0.9957744,2.0351522,2.051554,1.0290283,0.5855005,0.7634931,0.8254094,1.7096636,1.4661024,1.7852399,1.7084781,0.029225118,0.14549206,-0.58778524,-0.809017,1.0,6.123234e-17,0.0
2019-03-25 00:00:00,4.0,-1.7283713,-1.4660599,-1.1361599,-0.40067112,2.359367,-0.644438,0.08305474,-0.3767143,-0.037940778,-0.52629286,-1.0314137,1.7928982,0.33576894,0.90800196,0.51510334,0.1517176,0.49375507,0.25195262,1.7641528,0.31739968,0.35276183,0.58977497,2.2749448,1.5305176,-0.95105654,0.309017,1.0,6.123234e-17,0.0
2019-03-26 00:00:00,4.0,-0.6698254,-0.20216899,1.6863288,-0.06807035,0.092215866,-0.7705461,-0.4386346,-0.88432026,-0.22145674,-0.5701566,-1.0184374,1.2954468,-0.18888646,0.5096583,0.059804097,-0.7563569,0.20737016,-0.010314489,1.1951735,-0.10125683,-0.102367826,0.24865831,-0.041098587,1.4716952,0.0,1.0,1.0,6.123234e-17,1.0
2019-03-27 00:00:00,4.0,0.20856167,0.26140472,1.2545059,0.24147086,0.6005704,-0.84156626,-0.4164716,0.10790984,-0.2469068,-0.555396,-0.99652076,1.1671172,0.043312155,0.68564,-0.19606452,-0.87670165,0.25349224,0.36707425,1.4367754,0.026641347,0.030192588,0.36852804,1.1411299,1.4644552,0.95105654,0.309017,1.0,6.123234e-17,1.0
2019-03-28 00:00:00,4.0,-0.8071161,-1.055674,-0.604479,0.06682161,0.9814328,-0.8298157,-0.33150053,0.013116419,-0.0893515,-0.42218405,-0.8872718,1.2878277,-0.6195207,0.166632,-0.5628812,-1.0159737,-0.59630877,-0.046795916,0.9642084,-0.48742053,-0.5512007,-0.13898039,1.7120376,1.4975902,0.58778524,-0.809017,1.0,6.123234e-17,1.0
2019-03-29 00:00:00,4.0,0.5999427,1.0428518,0.23336066,-0.5578271,0.5151736,-0.60515577,0.20550793,-0.18730997,-0.1281133,-0.43012017,-0.8913661,1.1804175,-0.06109558,0.5725327,-0.6138521,-1.1556948,-0.4549673,0.21633655,1.0303545,-0.085889116,-0.14006534,0.17766225,1.2706282,1.5138159,-0.58778524,-0.809017,1.0,6.123234e-17,1.0
2019-04-01 00:00:00,4.0,1.0748358,1.7502182,-0.6454497,-1.4930112,-0.62376976,0.04341099,1.2490679,0.42118248,-0.2441369,-0.4983644,-0.93935657,1.0139213,0.761861,1.2115514,-0.35143623,0.17777848,0.25104648,0.8589529,0.86219823,0.60267687,0.56120795,0.79821825,-0.6108165,1.7201482,-0.95105654,0.309017,1.0,6.123234e-17,1.0
2019-04-02 00:00:00,4.0,0.0054980395,0.26191702,2.1206264,-0.676736,-0.62792104,-0.35887387,-0.787106,-0.22691391,-0.55558455,-0.6593197,-1.0104876,0.5186156,0.81177527,1.2260839,-0.16980398,0.5117066,-0.20139396,0.6478741,0.85462314,0.55924577,0.5598989,0.8492198,-0.53519803,1.5737685,0.0,1.0,0.8660254,-0.5,0.0
2019-04-03 00:00:00,4.0,0.5606936,1.3531165,0.1735892,-1.4860976,-0.5219834,0.008879678,0.4845402,-0.22231649,-0.77382606,-0.8047648,-1.0908701,0.21915507,1.2232589,1.5419228,0.11717417,0.6863378,-0.17860995,0.8038311,0.984459,0.8393804,0.96034485,1.2185909,-0.28780887,1.4937922,0.95105654,0.309017,0.8660254,-0.5,0.0
2019-04-04 00:00:00,4.0,-0.60384667,-0.81510454,0.6396739,-0.415407,-1.2821803,-0.056973923,-0.2715912,-0.5729184,-1.0933251,-0.9950996,-1.1667833,-0.31127968,0.65588903,1.106263,0.13139834,0.7903372,-0.21959242,0.5524676,0.7607209,0.40091586,0.50660515,0.8742029,-1.0435841,1.395346,0.58778524,-0.809017,0.8660254,-0.5,0.0
2019-04-05 00:00:00,4.0,-0.18459415,0.6973041,-0.8482686,1.2013881,0.05366657,-0.46240517,-0.7857928,-1.0993938,-0.94565725,-0.94298565,-1.1313297,-0.09163398,0.5406136,0.995408,0.050223306,0.41250458,-0.6339113,0.294909,0.58771425,0.2566075,0.31494668,0.6733943,0.75487554,1.5946724,-0.58778524,-0.809017,0.8660254,-0.5,0.0
2019-04-08 00:00:00,4.0,1.1852506,1.7909127,-1.1188018,-1.447761,0.023280108,-0.14586373,0.3726016,0.16795625,-0.7676046,-0.89393926,-1.1350846,0.2602689,1.3895999,1.6568991,0.3607,0.4684564,0.50259334,1.3893211,1.0042403,1.0159622,1.126323,1.3593775,0.77423656,1.4507401,-0.95105654,0.309017,0.8660254,-0.5,0.0
2019-04-09 00:00:00,4.0,1.2105374,1.5692186,-1.3228247,-0.72793,1.1196218,-0.40506652,-0.5945217,-0.1910669,-0.44149938,-0.7351621,-1.0785656,0.79571706,2.0276444,2.2127242,0.8851908,1.052648,1.2123855,1.8768786,1.2606953,1.5710665,1.7948546,1.8953689,1.8859442,1.5157194,0.0,1.0,0.8660254,-0.5,0.0
2019-04-10 00:00:00,4.0,-0.71129936,-0.5584119,1.4278704,-0.41978914,-0.0077234516,0.6973668,1.9487994,-0.6744086,-0.4309725,-0.68784016,-1.0213342,0.70852655,1.3419524,1.6776074,0.9561507,0.43372485,0.8691063,1.4558402,1.0436169,1.0150208,1.1207469,1.3317481,0.9351849,1.5666295,0.95105654,0.309017,0.8660254,-0.5,0.0
2019-04-11 00:00:00,4.0,0.16148579,0.25502577,1.2375538,0.048187573,-0.7585409,-0.64350915,-1.5988871,0.106213115,-0.6750131,-0.82534444,-1.0883558,0.32952276,1.4544494,1.7542496,1.0249251,0.8020722,1.2184746,0.7718213,1.2975091,0.9539231,1.228987,1.4594355,-0.36221993,1.4435076,0.58778524,-0.809017,0.8660254,-0.5,0.0
2019-04-12 00:00:00,4.0,-0.66632575,-0.7632917,0.5787805,-0.06618443,-0.6350593,-0.5056444,0.000986728,-0.49582863,-0.7947127,-0.8856778,-1.0975751,0.09040917,0.88640344,1.3301705,0.78749114,0.57930183,0.74524003,0.35644472,1.3262242,0.4886521,0.7254032,1.0526239,-0.18097502,1.4057231,-0.58778524,-0.809017,0.8660254,-0.5,0.0
2019-04-15 00:00:00,4.0,-0.4142206,-1.197173,-0.64857686,-0.054757386,1.10195,-0.59841096,-0.12071092,0.95955056,-0.4276471,-0.66061264,-0.9644744,0.5825151,0.572734,1.0785687,0.40379333,-0.19888534,0.20444754,0.6115333,0.81520236,0.23661472,0.31047356,0.6407515,1.8671855,1.4563204,-0.95105654,0.309017,0.8660254,-0.5,0.0
2019-04-16 00:00:00,4.0,-0.22538422,-0.7141207,-0.47767162,1.0218842,-1.1802593,-1.2027236,-0.68664247,0.10709405,-0.7979193,-0.8716183,-1.0603495,0.0028887193,0.45045558,0.96967214,0.099302344,-0.9007756,0.12188176,-0.11389984,0.80589354,0.098543,0.19725318,0.56443,-0.9506544,1.4791121,0.0,1.0,0.8660254,-0.5,0.0
2019-04-17 00:00:00,4.0,-0.41847035,0.5466947,1.0917957,-0.54567754,-0.55815095,-1.2329085,-0.32597706,-1.1577826,-0.90491116,-0.94718546,-1.0910825,-0.1847574,0.14403862,0.744718,-0.26759493,-0.74706244,-0.23157018,-0.5427424,1.0450299,-0.118821315,-0.05563686,0.3620358,-0.4552265,1.5017176,0.95105654,0.309017,0.8660254,-0.5,0.0
2019-04-18 00:00:00,4.0,0.4206694,0.29882768,-0.26413235,1.3433102,-0.25883785,-0.7981415,0.2555361,0.46484986,-0.9271163,-0.9973479,-1.1359295,-0.18933664,0.5523584,1.0386844,-0.36384085,-0.6337898,0.14113303,-0.110763885,1.2732475,0.13211577,0.30104327,0.7527148,0.050544187,1.2973311,0.58778524,-0.809017,0.8660254,-0.5,0.0
2019-04-23 00:00:00,4.0,-0.7958195,-0.45511666,1.5300575,-0.2599751,-0.76758665,-1.0222802,-0.46656471,-0.9852733,-1.0524834,-1.0801166,-1.1644818,-0.4341158,-0.18695341,0.50980955,-0.69478923,-0.67592376,-0.07550974,-0.9255468,0.98668665,-0.28273576,-0.23431496,0.2579883,-0.5773957,1.0132021,-0.58778524,-0.809017,0.8660254,-0.5,0.0
2019-04-24 00:00:00,4.0,1.9594333,1.1165478,-1.0118718,0.028183935,1.8836538,0.99337536,2.179855,1.6773493,-0.124178536,-0.5571047,-0.94314533,1.0919522,1.280788,1.6757642,-0.1786398,0.46832526,0.20604537,0.89365786,1.6148304,0.8009701,1.1130865,1.473789,1.9035629,0.448314,0.95105654,0.309017,0.8660254,-0.5,0.0
2019-04-25 00:00:00,4.0,-1.9987067,-1.5573059,-0.612842,-0.7461172,2.2836716,0.7367069,-0.28928623,-0.6742151,0.6201016,0.030314235,-0.551734,1.7916485,-0.5428961,0.2607089,-0.4868996,-0.4136059,-1.0560191,0.31057835,1.7398771,-0.39527944,-0.47157398,-0.20926867,2.089646,0.5428809,0.58778524,-0.809017,0.8660254,-0.5,0.0
2019-04-26 00:00:00,4.0,-0.31065118,0.3578484,-0.7981016,1.705175,-0.12328108,-0.5904448,-1.0385932,-0.85849464,0.30588847,-0.07272144,-0.5736538,1.2352936,-0.73162436,0.114518955,-0.7654081,-0.36475423,-0.90639114,0.059308566,1.3712454,-0.61113566,-0.7099946,-0.4200131,0.50485003,0.5742535,-0.58778524,-0.809017,0.8660254,-0.5,0.0
2019-04-29 00:00:00,4.0,-2.0672402,-1.7054069,-1.1624587,-0.7080661,1.7050296,0.48243275,0.907786,-0.63064355,1.0747554,0.56834114,-0.11596482,1.8320682,-2.3360257,-1.4918828,-1.3894889,-1.6308525,-1.7712122,-0.5431968,0.46656173,-2.2146358,-2.1043978,-2.3394098,1.819267,-0.17209819,-0.95105654,0.309017,0.8660254,-0.5,0.0
2019-04-30 00:00:00,4.0,-0.63084364,-1.154191,-0.852886,0.32726204,-0.22676021,0.31107685,-0.27095976,0.055976618,0.67736995,0.42759055,-0.13224764,1.1970886,-2.5421243,-1.8735148,-1.905527,-1.5244766,-1.7050295,-1.1370908,-0.11485814,-2.5230064,-2.3834934,-2.733975,0.12089942,-0.15957536,0.0,1.0,0.8660254,-0.5,0.0
2019-05-01 00:00:00,4.0,0.8804278,0.4749874,0.6573374,0.12944838,1.0284656,0.4321142,-0.11692757,0.78111833,0.8298137,0.567567,-0.043932356,1.310991,-1.6788944,-1.1861945,-1.7944449,-2.0041826,-1.1983123,-1.2386152,0.06470352,-1.6930718,-1.6440555,-1.9512502,1.542615,-0.4731897,0.95105654,0.309017,0.8660254,-0.5,0.0
2019-05-02 00:00:00,1.0,-1.1241993,-1.3910183,-0.6901453,-0.5363313,1.0921146,-1.8684555,-1.8841586,0.3535333,1.1351317,0.8922906,0.23757857,1.4211394,-2.2557847,-1.9380318,-1.8560784,-1.596949,-1.5197469,-1.7648034,-0.251136,-2.2104864,-2.1163967,-2.7359579,1.6169773,0.05696631,0.58778524,-0.809017,0.5,-0.8660254,0.0
2019-05-03 00:00:00,1.0,-0.79938155,-1.2406448,-0.9788323,0.043520894,-0.38338172,-0.023345606,3.0,0.08881398,0.8507368,0.79392976,0.24188083,0.9293409,-2.4836514,-2.2607987,-2.0352979,-1.8978978,-1.618667,-2.2653108,-1.810742,-2.2576954,-2.3565698,-2.9885368,0.15863317,0.19730256,-0.58778524,-0.809017,0.5,-0.8660254,0.0
2019-05-07 00:00:00,1.0,0.12581061,0.5139376,1.665742,-0.8753892,0.21142569,-0.2957988,-0.4295474,-0.80620927,0.89506406,0.86348563,0.30401638,0.8395222,-2.287882,-2.0786138,-1.990033,-0.83805484,-1.7595265,-1.8935496,-2.0208364,-1.9480395,-2.1520007,-2.7100315,1.1912632,0.10881355,-0.95105654,0.309017,0.5,-0.8660254,0.0
2019-05-08 00:00:00,1.0,-2.555213,-1.3156466,-0.06953894,-1.1112303,1.2857313,3.0,3.0,-2.1660628,2.1198747,1.829618,1.0120693,1.5096287,-3.0,-3.0,-2.1682043,-1.8122201,-2.2771084,-2.6453376,-2.2961159,-2.4238317,-2.8774302,-3.0,1.6547439,0.8482834,0.95105654,0.309017,0.5,-0.8660254,0.0
2019-05-09 00:00:00,4.0,0.90890795,1.2666273,-0.17639221,-0.9649684,-0.5848054,0.7256576,-1.1447535,0.06735618,1.4252756,1.4881546,0.854034,0.890143,-2.3463774,-2.4134245,-2.1608515,-1.8616805,-2.6175249,-2.6446621,-1.825432,-1.7720102,-2.3061755,-2.8922963,-0.089027815,0.6151227,0.58778524,-0.809017,0.5,-0.8660254,0.0
2019-05-10 00:00:00,4.0,-2.1148016,-1.4500729,-0.38464922,-1.1013284,-0.9043053,0.004395651,-0.6895384,-2.9878232,2.0535753,2.1061313,1.4343483,1.149147,-2.8054724,-3.0,-2.259335,-2.3350582,-2.611004,-3.0,-2.2743297,-2.00533,-2.7480772,-3.0,-0.6560352,0.7037003,-0.58778524,-0.809017,0.5,-0.8660254,0.0
2019-05-13 00:00:00,4.0,-0.1641436,-1.6284609,-0.8388365,-1.1395165,-0.3541247,1.9101944,1.5675298,2.1472614,1.4632397,1.7980787,1.3796244,0.6592182,-2.6460643,-2.818585,-2.3225086,-1.9559951,-2.525682,-3.0,-2.246311,-1.7163119,-2.5586216,-3.0,0.4764772,0.71304446,-0.95105654,0.309017,0.5,-0.8660254,0.0
2019-05-14 00:00:00,1.0,0.43293953,0.31474036,2.2867963,-1.0307256,-0.46597442,1.1463674,-0.51793087,0.40676895,1.0076784,1.4778155,1.2485632,0.31291762,-2.2952774,-2.4592237,-2.1487703,-1.7438514,-1.6739796,-2.7759302,-2.2603238,-1.4081869,-2.1907516,-2.8165832,0.10886666,-0.5431354,0.0,1.0,0.5,-0.8660254,0.0
2019-05-15 00:00:00,1.0,1.4462476,0.88339245,0.037736665,-0.21033286,0.603546,1.4151427,0.101798534,1.0951076,1.1985241,1.5408788,1.303876,0.52665025,-1.4978467,-1.744103,-1.5301414,0.23009066,-0.97287476,-2.099328,-1.4875307,-0.9594942,-1.4054377,-2.1214557,1.3429141,-0.2509319,0.95105654,0.309017,0.5,-0.8660254,0.0
2019-05-16 00:00:00,1.0,0.8241362,0.6723738,-0.6811866,1.1140448,-0.04309696,2.3241856,0.83551455,0.53799057,0.9576063,1.3469819,1.2205957,0.35948375,-1.0809925,-1.3553368,-0.9202413,0.20105757,-1.0228053,-1.7136278,-1.3612043,-0.6885077,-0.96010387,-1.7617403,0.75908065,-0.09203206,0.58778524,-0.809017,0.5,-0.8660254,0.0
2019-05-17 00:00:00,4.0,1.6585635,1.4691164,-1.2384285,-0.5173044,0.62934965,-0.5721304,-1.6184288,0.27320364,1.0937753,1.3660703,1.2263997,0.5495973,-0.34959888,-0.6678509,-0.07867597,2.0573533,-0.04394548,-1.189456,-0.76883763,-0.222085,-0.18327095,-1.1127145,1.3029858,0.15223941,-0.58778524,-0.809017,0.5,-0.8660254,0.0
2019-05-20 00:00:00,4.0,0.95892525,1.2317153,-0.78218204,-0.4609748,-0.3869541,1.8065528,3.0,0.048804846,0.73074216,1.0723921,1.0357443,0.2869413,0.03805371,-0.28272402,0.6810431,2.4827986,0.5409779,-0.8159628,-0.49453866,0.07433123,0.2844282,-0.74004984,0.58411026,-0.03643584,-0.95105654,0.309017,0.5,-0.8660254,0.0
2019-05-21 00:00:00,4.0,0.14340101,-0.26574546,1.3175306,0.5110223,-0.40958452,-0.26183158,-1.2254504,0.73701906,0.5123943,0.8906307,0.94834113,0.09964315,0.11170706,-0.20764095,1.2012502,2.2602909,0.5527406,-0.89667284,-0.5421307,0.17192037,0.42688,-0.667198,0.55890465,-0.066455595,0.0,1.0,0.5,-0.8660254,0.0
2019-05-22 00:00:00,4.0,0.40335497,-0.60187525,0.86734194,0.06940549,-1.2470586,-0.8205595,-0.75712657,1.6416373,0.13802452,0.5720676,0.70912206,-0.21182573,0.28831258,-0.0323961,1.5943338,1.7555354,1.5018878,-0.57014674,-0.42132023,0.32630858,0.6712782,-0.4871793,-0.8557432,0.014834801,0.95105654,0.309017,0.5,-0.8660254,0.0
2019-05-23 00:00:00,1.0,0.00028384972,-0.80686593,0.8142854,-0.44623432,-1.0778971,0.4601376,1.6199968,0.99937433,-0.29538608,0.20834881,0.43420583,-0.6048583,0.30781388,-0.0107437335,1.8074118,1.3792186,1.1948981,-1.1314056,-0.34513944,0.45885375,0.80251557,-0.465143,-0.7487672,-0.29482773,0.58778524,-0.809017,0.5,-0.8660254,0.0
2019-05-24 00:00:00,1.0,-2.508047,-1.2905201,-0.36495143,-0.5590155,1.7072638,-0.40476358,-0.8219359,-2.184507,1.4900367,1.5127127,1.6969298,0.8732851,-0.86886746,-1.073611,1.1780642,-0.50130063,0.9951328,-1.2962055,-0.9484211,-0.32692182,-0.28348505,-1.4071088,1.6483154,0.090757854,-0.58778524,-0.809017,0.5,-0.8660254,0.0
2019-05-28 00:00:00,1.0,0.031902526,0.15422665,2.1793892,-0.72184837,-0.7448266,-0.7115694,-0.5244461,-0.18874907,0.88386077,1.1331383,1.4374161,0.30675933,-0.82817864,-1.0296576,0.89856064,-0.9001885,1.0549769,-1.1998122,-0.7794334,-0.24510095,-0.18512434,-1.3706534,-0.38310894,0.09223416,-0.95105654,0.309017,0.5,-0.8660254,0.0
2019-05-29 00:00:00,1.0,0.12450731,-0.2196023,2.120035,-0.47342968,-1.4013613,0.6508338,1.5120285,0.49861014,0.062086176,0.5475923,0.96438056,-0.4637649,-0.74018824,-0.9467544,0.7374162,-0.9008489,0.9585032,-0.5628843,-0.7774048,-0.15797862,-0.086763315,-1.3054669,-1.3801453,0.4421276,0.95105654,0.309017,0.5,-0.8660254,0.0
2019-05-30 00:00:00,1.0,-0.66577905,-0.7032154,-0.95619696,1.844341,-0.5474026,-0.6091172,-1.0098925,-0.5419242,0.03231307,0.49578643,0.9602216,-0.5181259,-1.0057003,-1.1830989,0.45839235,-1.3593841,0.25481412,-0.5736219,-0.9578276,-0.39190266,-0.35612848,-1.501835,-0.13615821,0.50948143,0.58778524,-0.809017,0.5,-0.8660254,0.0
2019-05-31 00:00:00,1.0,-0.021597099,-0.5482215,1.7724783,-1.1074947,-0.9318333,-1.0006834,-0.7329439,0.57084787,-0.41694358,0.12996434,0.6427335,-0.9636307,-0.9880679,-1.1583437,0.27541173,-1.3490853,-0.021551773,-0.8335691,-0.9200114,-0.35303646,-0.3081795,-1.4796038,-1.1420755,0.4569408,-0.58778524,-0.809017,0.5,-0.8660254,0.0
2019-06-03 00:00:00,1.0,-0.1968076,0.8031537,-0.602868,0.7679077,-0.70402116,0.025307743,1.5419068,-1.4948233,-0.6680251,-0.11273544,0.43036446,-1.2180028,-1.0476509,-1.2026111,0.114060506,-0.32290354,-0.64151806,-0.560928,-1.080254,-0.40384352,-0.36604723,-1.5046688,-0.80074406,0.31813556,-0.95105654,0.309017,0.5,-0.8660254,0.0
2019-06-04 00:00:00,1.0,0.58835596,0.9784121,-1.0278898,0.7781141,1.1625156,-0.58932686,-0.6731556,-1.1053959,0.10535527,0.29509085,0.66650987,-0.3147863,-0.67050374,-0.9031138,0.16846003,-0.076081656,-0.7503099,-0.19080104,-0.98798794,-0.13293532,-0.054001164,-1.1610276,1.2981764,0.30376208,0.0,1.0,1.2246469e-16,-1.0,0.0
2019-06-05 00:00:00,1.0,0.07535738,0.7546694,-1.0551916,1.4857591,-0.29820055,-0.93739295,-0.57503027,-1.0098087,-0.094998345,0.14430188,0.52805763,-0.5464869,-0.60081446,-0.84157103,0.22902115,-0.09772783,-0.7677344,-0.20083055,-0.9363715,-0.0854525,0.00054292596,-1.0838418,0.022324007,0.058725562,0.95105654,0.309017,1.2246469e-16,-1.0,0.0
2019-06-06 00:00:00,1.0,-1.0671641,-0.9671993,0.7827249,-1.131006,0.96822417,-0.78875,-0.13211855,-0.34918085,0.5441335,0.59128624,0.9149718,0.048901357,-1.1124688,-1.2578484,0.0407931,-0.28025478,-1.2609923,0.1488879,-1.2635193,-0.5757248,-0.5201384,-1.3737526,1.0591302,-0.887214,0.58778524,-0.809017,1.2246469e-16,-1.0,0.0
2019-06-07 00:00:00,4.0,0.88485163,0.6039562,0.323107,0.21919332,-1.1162184,-0.7486133,-0.24174078,1.4007516,0.106974974,0.27351063,0.6066656,-0.3495028,-0.5603097,-0.82606554,0.13416836,0.12532903,-0.94609344,0.17211746,-0.79442793,-0.19658375,-0.11863308,-1.0192965,-1.5808656,-0.78581923,-0.58778524,-0.809017,1.2246469e-16,-1.0,0.0
2019-06-10 00:00:00,4.0,1.2051665,0.80815107,0.039183404,-0.13832001,-0.01670173,-0.63392174,-0.083255805,1.3768033,0.33797097,0.34999287,0.551271,0.032908168,0.092954166,-0.27818748,0.47354123,0.7549313,0.33575344,1.0983928,-0.53562385,0.31633666,0.3717711,-0.53894836,0.18870923,-0.53009194,-0.95105654,0.309017,1.2246469e-16,-1.0,0.0
2019-06-11 00:00:00,1.0,0.500956,0.2866382,-0.26488423,1.9790114,-1.4631878,-0.9114186,-0.65079635,0.950836,-0.74057376,-0.3889107,-0.0039805314,-1.1352338,0.34713814,-0.04840837,0.8363924,0.7180166,0.4993362,1.275516,-0.43567544,0.5359341,0.5603109,-0.32642844,-1.8032606,-0.48619428,0.0,1.0,1.2246469e-16,-1.0,0.0
2019-06-12 00:00:00,1.0,0.20320454,0.7722854,0.7133815,-0.90395874,-1.4943637,-0.81908184,-0.22331612,-0.07367627,-1.6618296,-1.1195134,-0.5629865,-2.1312177,0.4632719,0.054607857,1.1402895,0.7726235,0.52698326,1.2044616,-0.77595633,0.6658509,0.6207768,-0.22128037,-1.7292442,4.3303375e-05,0.95105654,0.309017,1.2246469e-16,-1.0,0.0
2019-06-13 00:00:00,1.0,-2.339127,-1.2697154,-0.1330226,-0.88284725,1.6658242,0.72679317,2.0545268,-2.2082725,0.6135033,0.44560438,0.64627093,0.37467542,-0.78165,-0.9690917,0.5725667,0.16903591,-0.085019775,0.13424204,-1.3894386,-0.9263978,-0.6621179,-1.0955124,1.4175893,-0.40425712,0.58778524,-0.809017,1.2246469e-16,-1.0,0.0
2019-06-14 00:00:00,4.0,-0.25434324,-0.38331836,1.7918389,-0.6239664,-0.43746355,0.4246749,-0.5465382,-0.18961006,0.04042065,0.10857464,0.43152368,-0.28730884,-0.8714252,-1.0430863,0.2354974,-0.3413161,-0.16933031,-0.15619831,-1.2174704,-1.0705456,-0.7915529,-1.1625086,-0.7019579,-0.65161276,-0.58778524,-0.809017,1.2246469e-16,-1.0,0.0
2019-06-17 00:00:00,4.0,0.02249254,-0.6500655,-1.0869229,2.2732308,-0.8462231,-0.3455344,-0.66708803,0.55691266,-0.76540345,-0.46967065,0.012782431,-1.1601983,-0.84892917,-1.0146365,0.01373708,-0.87938225,-0.09424267,-0.5901476,-1.4984367,-0.97360057,-0.7692664,-1.1547458,-1.4069904,-1.0941411,-0.95105654,0.309017,1.2246469e-16,-1.0,0.0
2019-06-18 00:00:00,1.0,-0.3863107,-0.92035645,-0.6701217,0.79645693,0.2303375,0.15087393,0.06827653,0.4420251,-0.5855459,-0.39598763,0.052134044,-0.9128702,-1.0208181,-1.152283,-0.21125098,-1.288882,-0.43939131,-0.95659184,-1.6933867,-1.1269672,-0.8892222,-1.2503296,0.42418164,-0.73604083,0.0,1.0,1.2246469e-16,-1.0,0.0
2019-06-19 00:00:00,4.0,1.497688,1.4638752,-0.5662907,-1.1845179,1.6008282,3.0,2.2426944,-0.47807142,0.5171582,0.25586483,0.34432685,0.5112458,-0.1387457,-0.45730862,0.05189551,-0.6819735,0.08138301,-0.5543782,-1.2236669,-0.028492691,-0.027100014,-0.58429915,1.3454896,-0.19030626,0.95105654,0.309017,1.2246469e-16,-1.0,0.0
2019-06-20 00:00:00,1.0,-0.58706313,-1.6024958,-0.78335947,-1.2596306,0.052002218,0.0024726177,-1.1883434,1.0535005,0.33374277,0.21765442,0.36773643,0.22042239,-0.44268695,-0.7020541,0.07769251,0.14246033,0.2504806,-0.83607715,-1.5794117,-0.41609123,-0.2551942,-0.78170466,0.21078911,-0.41971317,0.58778524,-0.809017,1.2246469e-16,-1.0,0.0
2019-06-21 00:00:00,1.0,1.1657721,0.78865856,0.14071257,0.023319228,0.7323298,2.106327,1.6015855,0.96728283,0.62678885,0.39238402,0.39096072,0.6457136,0.18345748,-0.18171316,0.36938256,0.7961302,0.3603815,-0.49909055,-0.8805885,0.75422186,0.3793796,-0.29961655,0.8080681,-0.046110157,-0.58778524,-0.809017,1.2246469e-16,-1.0,0.0
2019-06-24 00:00:00,1.0,0.99905187,1.0273793,0.44809794,-1.155526,1.5473979,2.7944946,0.89248866,-0.40092698,1.3471129,0.9203248,0.6908112,1.4577771,0.6590662,0.2468,0.7362347,1.2314155,0.28847703,0.50415975,-0.47890607,1.4830769,0.78956556,0.09915733,1.3150427,-1.4616213,-0.95105654,0.309017,1.2246469e-16,-1.0,0.0
2019-06-25 00:00:00,1.0,-0.8648033,-1.2152014,0.05736069,-1.010135,0.14328304,-0.19220826,-1.3790643,0.0012267297,1.0554065,0.88167834,0.7723545,0.96188784,0.17071411,-0.13453524,0.76120126,1.0034415,-0.2214321,0.24266484,-0.7456718,0.6435007,0.36048213,-0.16981412,0.43566817,-1.2750207,0.0,1.0,1.2246469e-16,-1.0,1.0
2019-06-26 00:00:00,1.0,0.09073854,0.11678539,0.8838007,1.11631,-0.77395695,-0.6371631,-0.83887714,0.071013674,0.12819284,0.2778201,0.37099436,-0.084304556,0.21938737,-0.08512676,0.79216546,0.3579394,-0.26113385,0.23432346,-0.52781653,0.6693968,0.4077233,-0.094251774,-1.170799,-1.2344147,0.95105654,0.309017,1.2246469e-16,-1.0,1.0
2019-06-27 00:00:00,1.0,0.50756395,0.344325,0.60741353,0.7673085,-0.69287974,-0.5442862,-0.066276394,0.74729055,-0.5526647,-0.2584204,-0.044337396,-0.7985234,0.48054466,0.14456964,0.9034935,0.8563784,0.81551486,0.57415414,-0.5539931,0.97432774,0.6469673,0.14583859,-1.0803978,-1.5551002,0.58778524,-0.809017,1.2246469e-16,-1.0,1.0
2019-06-28 00:00:00,1.0,-0.5474225,-0.48585603,0.8529909,0.09367815,-0.20077911,-0.67133206,-0.45681772,-0.5707729,-0.62486327,-0.34607142,-0.083490044,-0.879492,0.15397848,-0.10156786,0.79147285,0.08428381,0.7111516,0.42499638,-0.942148,0.46892667,0.32656917,-0.03550475,-0.014601085,-1.581125,-0.58778524,-0.809017,1.2246469e-16,-1.0,1.0
2019-07-01 00:00:00,1.0,-0.28842863,-0.07278118,0.82503974,1.3591582,-1.0131379,-0.41487068,0.24987848,-0.5960198,-1.2863194,-0.8840782,-0.467947,-1.6269373,-0.015272121,-0.22784261,0.6375426,-0.5009912,0.5952116,0.40008005,-1.0086274,0.17944281,0.14549409,-0.11786219,-1.4974926,-1.5748463,-0.95105654,0.309017,1.2246469e-16,-1.0,1.0
2019-07-02 00:00:00,1.0,1.3817146,0.08342636,1.532214,0.47132152,-0.27098748,-0.38969964,-0.19927742,2.7679577,-0.14488015,-0.24368742,-0.17653501,-0.046106394,0.7412384,0.40977868,0.77707314,0.5292992,1.2374672,0.6482644,-0.81072336,1.1941465,0.8263705,0.48127222,-0.4752544,-1.0336816,0.0,1.0,-0.5,-0.8660254,0.0
2019-07-03 00:00:00,1.0,-0.28184804,-1.5587286,-0.61281914,-1.4009184,-0.33372968,-0.24282227,0.028372519,1.1164492,-0.5428114,-0.51216,-0.354183,-0.5226722,0.5587961,0.27891356,0.8012206,0.361168,0.5752894,0.54467756,-0.7336018,0.8615938,0.64631075,0.41366297,-0.6087741,-0.2894058,0.95105654,0.309017,-0.5,-0.8660254,0.0
2019-07-04 00:00:00,4.0,-1.3640934,-1.3782692,-0.8909307,-0.6447978,0.5839518,-0.323098,-0.3255847,-0.60338706,0.015457104,-0.060080502,0.05571684,0.005984171,-0.26956087,-0.38317987,0.4189788,-0.5139128,0.28302085,0.44353497,-1.0193855,-0.30093992,-0.16030471,-0.14824305,0.62421614,-0.4309097,0.58778524,-0.809017,-0.5,-0.8660254,0.0
2019-07-05 00:00:00,4.0,-0.004343024,-0.4728922,1.1299359,-0.614281,-0.4898891,-0.7826752,-0.92703766,0.43096116,-0.5301277,-0.44687068,-0.22568297,-0.597517,-0.27635548,-0.38504866,0.16884501,-0.2666636,-0.1436289,0.1817273,-1.3013495,-0.34454864,-0.18694443,-0.10125317,-0.7899187,-0.6542439,-0.58778524,-0.809017,-0.5,-0.8660254,0.0
2019-07-08 00:00:00,4.0,-0.42873865,-0.5888941,0.70132965,-0.5184424,-0.26568657,-0.36196652,0.8608094,-0.27326378,-0.7650233,-0.6348,-0.35191247,-0.85975456,-0.543115,-0.6056165,-0.116811775,-0.33518398,-0.6810223,-0.3345584,-1.6893926,-0.6842503,-0.42033407,-0.2678033,-0.43860132,-1.0903987,-0.95105654,0.309017,-0.5,-0.8660254,0.0
2019-07-09 00:00:00,4.0,0.5853333,0.87348336,0.050665386,0.3976538,-0.79274887,-0.46762076,-0.38135454,0.35894996,-1.344802,-1.1590021,-0.82314336,-1.4198663,-0.15777405,-0.30412465,-0.17064014,-0.71584296,-0.13914785,-0.3184564,-1.3786957,-0.16165902,-0.053934366,0.046646364,-1.2531488,-1.6585723,0.0,1.0,-0.5,-0.8660254,0.0
2019-07-10 00:00:00,4.0,0.14893083,-0.6747648,-1.1543388,1.5905402,-0.987427,-0.6844241,-0.6009585,0.71497893,-1.8257343,-1.6332347,-1.2563126,-1.8905358,-0.06822975,-0.23004138,-0.17280525,-0.5189824,-0.12114319,-0.3418781,-1.396307,0.0018378585,0.071892865,0.14782695,-1.3656875,-1.5492648,0.95105654,0.309017,-0.5,-0.8660254,0.0
2019-07-11 00:00:00,4.0,-0.039769255,-0.03986937,0.98453444,0.74734837,-0.5830718,-0.42658794,0.26557446,-0.12039262,-1.936589,-1.848713,-1.5119238,-1.9094499,-0.11843259,-0.2618258,-0.18096897,0.124008894,-0.34135616,0.46095675,-1.267294,-0.12402872,-0.0077532106,0.1390478,-0.87230015,-2.1556716,0.58778524,-0.809017,-0.5,-0.8660254,0.0
2019-07-12 00:00:00,4.0,0.0765687,-0.83522916,0.67026097,-1.1289167,-0.41497713,-0.5985043,-0.58281773,0.9343712,-1.9043782,-1.9452801,-1.6973504,-1.7686877,-0.07799517,-0.22205842,-0.16097094,0.16237704,-0.095348336,0.5858561,-1.1570091,-0.15907453,-0.019079324,0.21109863,-0.5781859,-2.018894,-0.58778524,-0.809017,-0.5,-0.8660254,0.0
2019-07-15 00:00:00,4.0,0.08954671,-0.5484164,0.14259228,0.3443349,-1.2353818,-0.52826494,-0.069492854,0.40495366,-2.3236458,-2.3633335,-2.1393242,-2.216919,-0.021739973,-0.16975537,-0.13758308,0.40792376,0.055334102,0.61258495,-1.0914073,-0.19133706,-0.03424475,0.28658384,-1.4927195,-1.9974257,-0.95105654,0.309017,-0.5,-0.8660254,0.0
2019-07-16 00:00:00,4.0,-0.52833694,-1.5296583,-0.9430876,-1.241224,-0.92567354,-0.124763764,0.62049747,-0.07907527,-2.4493601,-2.5456152,-2.3709912,-2.3224819,-0.5385531,-0.55695724,-0.2950267,-0.12008463,-0.71428454,0.5653963,-1.1446725,-1.0463918,-0.55656755,-0.112369955,-1.3615291,-1.9103768,0.0,1.0,-0.5,-0.8660254,0.0
2019-07-17 00:00:00,4.0,0.29954466,1.2786436,-0.9853568,0.63638115,0.074756615,-0.5193998,-0.8273686,-0.90053034,-2.1071334,-2.40203,-2.411431,-1.7351763,-0.25729886,-0.34981528,-0.27005085,-0.049074978,-0.4839785,0.13469043,-1.2113515,-0.6805878,-0.32126603,0.125474,-0.18476942,-3.0,0.95105654,0.309017,-0.5,-0.8660254,0.0
2019-07-18 00:00:00,4.0,-2.2199652,-1.6233021,-1.2212417,-1.2726004,0.48899883,0.35955712,1.4757185,-2.3448246,-0.2418787,-0.9833409,-1.1999589,0.4741942,-1.9554483,-1.9234021,-0.79146916,-1.1128395,-0.84306395,-0.4660835,-1.6381576,-2.4500456,-1.7521348,-1.4433928,0.33282524,-1.176269,0.58778524,-0.809017,-0.5,-0.8660254,0.0
2019-07-19 00:00:00,4.0,-1.7384448,-1.5602221,-1.3254784,-1.0708926,1.1475167,0.749719,0.0455201,-0.96508175,0.7048048,-0.09364669,-0.35845903,1.2601545,-2.7508419,-2.9667122,-1.4280896,-1.9350593,-1.5366771,-1.5192153,-2.667175,-2.42761,-2.501912,-2.5318203,0.83666134,-2.5306776,-0.58778524,-0.809017,-0.5,-0.8660254,0.0
2019-07-22 00:00:00,4.0,0.4510722,0.12563986,1.5553288,0.35507146,-0.648305,0.34546667,-0.84956163,0.7193391,-0.005702768,-0.51583976,-0.7406949,0.50006515,-2.287394,-2.5671344,-1.7382668,-1.7235045,-1.1739428,-1.7067634,-2.1336563,-1.6555167,-2.110645,-2.34258,-1.0439031,-2.4966943,-0.95105654,0.309017,-0.5,-0.8660254,0.0
2019-07-23 00:00:00,4.0,0.94725376,0.7503122,1.5270269,-0.9156724,0.5754845,0.032481108,-0.4014453,1.0070932,0.22720547,-0.31541544,-0.6679184,0.7981559,-1.443949,-1.8392559,-1.4939921,-1.0510849,-1.0188807,-1.0646056,-1.8773689,-1.0008104,-1.359494,-1.6532453,0.038792513,-2.327787,0.0,1.0,-0.5,-0.8660254,0.0
2019-07-24 00:00:00,4.0,0.758881,-0.052385725,0.5603077,1.1386534,1.4342213,0.9216402,0.29283231,1.629983,0.28476936,-0.22581092,-0.6440174,0.88855165,-0.8401077,-1.2628137,-1.1077169,-0.8504734,-0.78595304,-0.8329202,-1.0744604,-0.58749676,-0.8249085,-1.1182483,0.75779414,-1.4656361,0.95105654,0.309017,-0.5,-0.8660254,0.0
2019-07-25 00:00:00,4.0,-0.5294232,-1.0850214,-0.9902118,0.044729184,1.1610554,2.0335739,0.5187866,0.51536775,0.26071677,-0.13393596,-0.5007301,0.75889564,-1.1416922,-1.5493444,-0.9377016,-0.063105196,-0.9706949,-1.1903871,-1.066286,-0.74039036,-1.0164008,-1.4407316,0.6299119,-1.2729335,0.58778524,-0.809017,-0.5,-0.8660254,0.0
2019-07-26 00:00:00,4.0,0.10812498,0.5149672,0.77696955,0.74855936,-0.057291545,0.46088335,-0.76366526,-0.3702336,-0.19192505,-0.41501132,-0.7226572,0.2310721,-1.0936663,-1.4791359,-0.7798246,0.7805775,-0.95249027,-0.95421374,-1.3464507,-0.6182764,-0.9110979,-1.4158946,-0.41318953,-1.3969115,-0.58778524,-0.809017,-0.5,-0.8660254,0.0
2019-07-29 00:00:00,4.0,-0.021021668,-0.4227574,-0.21761137,1.0249937,-1.0379791,-0.17945437,-0.5615564,0.23145957,-0.8239052,-0.8674673,-1.0831283,-0.51556957,-1.1224717,-1.4763856,-0.6546561,0.57186913,-0.9897302,-0.85465693,-1.0130452,-0.57089573,-0.9153888,-1.4880034,-1.1476957,-1.2764437,-0.95105654,0.309017,-0.5,-0.8660254,0.0
2019-07-30 00:00:00,1.0,0.70168895,1.067755,0.57979006,-0.82421786,2.1387932,0.70700836,0.39793095,-0.3611364,-0.2173923,-0.48714703,-0.84278923,0.29509944,-0.52858233,-0.95349026,-0.2859882,0.45291743,-0.5293948,-1.0954239,-0.55418384,-0.25506827,-0.3541977,-0.8631959,1.2572019,-2.2112021,0.0,1.0,-0.5,-0.8660254,0.0
2019-07-31 00:00:00,1.0,2.4493728,-0.19165738,-1.1696411,2.7836375,2.7767646,1.0594652,0.014708681,3.0,1.7565036,0.91309386,0.09790144,2.5357077,1.2671674,0.7957889,0.53640056,1.2415527,0.32161883,-0.12937863,0.2580519,0.9842031,1.051561,0.8744382,1.7268708,-2.7028158,0.95105654,0.309017,-0.5,-0.8660254,0.0
2019-08-01 00:00:00,1.0,0.35334072,-1.387865,-1.4367138,-0.20915985,1.9408948,0.62917423,-0.40570325,2.784096,2.056572,1.362385,0.5218788,2.5628638,1.4430821,1.0042547,1.0455606,1.6160554,1.3565048,0.47769696,1.1190639,1.156905,1.1833584,1.0742832,1.5068628,-2.2429807,0.58778524,-0.809017,-0.5,-0.8660254,0.0
2019-08-02 00:00:00,1.0,-1.0802665,-0.63358814,-0.5695359,0.7442975,0.41448414,0.6188466,-0.18099691,-0.9285258,1.8529079,1.5047827,0.8544919,2.0353796,0.6391574,0.2820303,1.1282299,1.0981244,1.6676319,0.11032516,0.49467432,0.60546374,0.6537706,0.49663258,0.7600482,-1.5946106,-0.58778524,-0.809017,-0.8660254,-0.5,0.0
2019-08-05 00:00:00,1.0,-1.8649536,-1.0716914,-1.3980627,0.6044183,0.61730343,0.8679417,-0.03707011,-1.532072,2.6579087,2.450638,1.9528439,2.3787649,-0.47442496,-0.8234963,0.7323384,0.2950628,0.79750496,-0.39884156,0.5299318,-0.34628054,-0.20719585,-0.43401945,0.95044917,-0.9898025,-0.95105654,0.309017,-0.8660254,-0.5,0.0
2019-08-06 00:00:00,4.0,-1.7511879,-0.35780874,-0.54889166,1.5092663,1.5656564,1.8605655,0.4902829,-1.9452114,3.0,3.0,3.0,2.7952347,-1.3412985,-1.7478994,0.11525337,-0.84556764,-0.36190885,-1.3003721,-0.008749035,-1.1621671,-0.910461,-1.1701882,1.4077505,0.39324236,0.0,1.0,-0.8660254,-0.5,0.0
2019-08-07 00:00:00,4.0,-1.3069472,-1.6477131,-1.1321257,-1.3966199,0.036934603,-0.24722782,-1.0177464,-0.27245903,2.5958202,2.957621,3.0,1.7860924,-1.8710796,-2.3075497,-0.58119166,-2.5488713,-1.3102667,-1.8954043,-0.5891566,-1.571607,-1.5086843,-1.8532684,0.30879843,-0.381979,0.95105654,0.309017,-0.8660254,-0.5,0.0
2019-08-08 00:00:00,4.0,-0.15033172,-0.40660813,0.47160658,-0.021123629,0.8975612,2.713425,2.9757962,0.4588698,2.333729,2.7953248,2.9764009,1.47399,-1.8876846,-2.2786398,-1.0454657,-2.6064715,-1.1409997,-1.9240918,-1.0680052,-1.4077569,-1.4533532,-1.8432001,1.1306095,-0.38826165,0.58778524,-0.809017,-0.8660254,-0.5,0.0
2019-08-09 00:00:00,4.0,-0.34448,-0.16658325,0.76836944,0.20573257,0.35986808,0.16445205,-1.0976871,-0.243243,1.9452463,2.514705,2.808869,1.0441741,-1.9526043,-2.310089,-1.3593737,-2.2030303,-1.3397468,-2.038613,-1.4073927,-1.3464267,-1.4924883,-1.947557,0.90417093,-0.6263159,-0.58778524,-0.809017,-0.8660254,-0.5,0.0
2019-08-12 00:00:00,4.0,0.124980904,-1.1762687,-1.3035749,-0.07189492,-0.7949674,2.0491223,1.6123366,1.0338808,1.1654779,1.901141,2.3125236,0.28098297,-1.8580412,-2.1743336,-1.4803988,-1.4177706,-1.2580193,-1.9643482,-1.8307168,-1.1469101,-1.3706917,-1.9396152,-0.38036132,-0.7158443,-0.95105654,0.309017,-0.8660254,-0.5,0.0
2019-08-13 00:00:00,4.0,-0.20782909,-0.32235566,1.3641274,-1.1950299,-1.1047436,1.0228927,-0.60867053,-0.18555449,0.50076324,1.3546531,1.883795,-0.39310503,-1.8906394,-2.1799705,-1.5301449,-0.80771047,-1.6195184,-1.7948004,-2.1325777,-1.0852164,-1.4268715,-2.0950363,-0.8495501,-0.7002602,0.0,1.0,-0.8660254,-0.5,0.0
2019-08-14 00:00:00,4.0,1.1523362,1.2966336,-0.2555247,0.35831505,0.70602715,-0.14488861,-0.8688268,0.15905258,0.7167849,1.3575861,1.789013,-0.070047416,-1.0890108,-1.5083517,-1.1148338,0.2437917,-2.143443,-1.4746658,-1.8001846,-0.5778141,-0.7102738,-1.451477,1.1623322,-0.17865019,0.95105654,0.309017,-0.8660254,-0.5,0.0
2019-08-15 00:00:00,4.0,-1.310648,-1.181838,-1.2705425,-0.15247326,1.8025848,-0.46088594,-0.48838142,0.5735806,1.6544795,2.0324285,2.3980858,0.7584701,-1.5926085,-1.9725438,-1.0152352,-0.27133316,-2.7384496,-1.1161348,-2.2646546,-0.9794548,-1.1721292,-1.8034576,1.6353556,0.2823207,0.58778524,-0.809017,-0.8660254,-0.5,0.0
2019-08-16 00:00:00,5.0,-1.1964173,-0.9453428,-1.1911538,0.3698369,1.0152574,-0.39209604,-0.15109673,-0.010942373,2.0099728,2.3256862,2.6851761,0.9805676,-1.9456031,-2.3065374,-1.1548023,-0.676496,-2.6803753,-0.9148691,-2.5436058,-1.2277594,-1.5965217,-2.1062474,1.2683213,0.477775,-0.58778524,-0.809017,-0.8660254,-0.5,0.0
2019-08-19 00:00:00,5.0,0.23731607,0.17901972,-1.1974032,3.0,3.0,-1.1747581,-1.0244635,1.0559709,3.0,3.0,3.0,3.0,-1.7982987,-2.1288548,-0.7380129,-0.62530124,-1.8582326,-0.98807013,-1.7249696,-0.9809836,-0.88903767,-1.1534765,1.5862848,0.58801633,-0.95105654,0.309017,-0.8660254,-0.5,0.0
2019-08-20 00:00:00,5.0,1.7907445,1.4597371,-0.8414596,0.5421621,-0.55028844,-0.99168104,0.13855134,1.2535248,3.0,3.0,3.0,2.4033804,-0.6813779,-1.2042406,-0.39093357,0.28949213,-0.5079363,-0.71338207,-1.2264851,-0.34997135,-0.30875716,-0.6722543,-0.0097273085,0.89214236,0.0,1.0,-0.8660254,-0.5,0.0
2019-08-21 00:00:00,5.0,-0.98863083,-1.5069981,-0.9850784,-1.3281132,-0.4477763,-1.0158975,-0.317122,0.17492288,2.4198442,2.841229,3.0,1.4008772,-1.0492102,-1.511028,-0.28452617,-0.6913211,-0.3772732,-1.2821835,-1.535536,-0.5792108,-0.6397709,-1.0255948,0.44386807,0.88849866,0.95105654,0.309017,-0.8660254,-0.5,0.0
2019-08-22 00:00:00,5.0,1.0257032,0.9044595,-0.020855337,1.000665,-0.58499676,-0.62203884,0.42716736,0.63449967,1.5721939,2.1740375,2.512823,0.5586282,-0.4954057,-1.0285537,0.025208332,0.39119357,0.09816767,-0.76027393,-1.0557034,-0.21324699,-0.27681613,-0.7847555,-0.14795601,1.1403458,0.58778524,-0.809017,-0.8660254,-0.5,0.0
2019-08-23 00:00:00,4.0,-0.6038556,-0.48195642,-0.24858092,0.43468392,-0.5266503,-0.9530349,-0.6739814,-0.43935978,1.1142557,1.8156466,2.2522123,0.0030626077,-0.7490743,-1.2251942,0.15667847,0.67238957,-0.007817568,-0.98961645,-1.223968,-0.34672213,-0.5040363,-1.0570719,0.04847106,1.166638,-0.58778524,-0.809017,-0.8660254,-0.5,0.0
2019-08-27 00:00:00,4.0,-0.9327551,-1.072499,-0.89662206,-0.4386047,-0.52530164,-1.0278487,-0.38517797,-0.2737692,0.8226884,1.5699317,2.0829036,-0.38043645,-1.0872033,-1.4971864,0.08026831,0.12222155,-0.44152448,-1.2762032,-1.4285196,-0.5492471,-0.85759526,-1.431467,0.14248848,1.3446174,-0.95105654,0.309017,-0.8660254,-0.5,0.0
2019-08-28 00:00:00,4.0,0.15651241,-0.140836,2.014421,-1.3087015,-0.71503276,0.18727273,2.2677927,0.21730544,0.36717263,1.1681565,1.7511858,-0.87262446,-1.0489275,-1.4367166,0.09134157,-0.63144547,-0.29527238,-1.4231641,-1.535923,-0.43002534,-0.7786934,-1.4701514,-0.8123727,1.3714259,0.95105654,0.309017,-0.8660254,-0.5,0.0
2019-08-29 00:00:00,4.0,1.8406672,1.3107356,-0.089724295,0.34864125,-0.2929969,0.16819474,-0.20655617,1.3751979,0.56647253,1.1416628,1.6152856,-0.47340682,0.0025396692,-0.5829887,0.5692539,0.7203368,0.022371147,-1.5826751,-1.0227162,0.19094527,0.206536,-0.6840917,0.7419155,1.971945,0.58778524,-0.809017,-0.8660254,-0.5,0.0
2019-08-30 00:00:00,4.0,0.7489454,1.871601,-0.5777746,-0.7291767,-0.4871711,-0.018779917,-0.3443744,-0.6815812,0.25103408,0.8410872,1.345733,-0.77411973,0.34936464,-0.27380532,1.0670244,0.6011356,0.86569846,-1.4311904,-0.5043641,0.5473697,0.65767574,-0.44317695,-0.08853322,2.2089875,-0.58778524,-0.809017,-0.8660254,-0.5,0.0
2019-09-02 00:00:00,4.0,-0.32098946,0.5424054,2.3761399,-0.65174645,-0.08488798,-1.0588813,-1.1485432,-1.1109707,0.40477198,0.88371295,1.3625442,-0.55137706,0.15691054,-0.40966845,1.2590389,0.72758645,1.2067978,-1.1964539,-0.859323,0.4845315,0.60049134,-0.52643436,1.0941968,2.041872,-0.95105654,0.309017,-0.8660254,-0.5,0.0
2019-09-03 00:00:00,4.0,0.7050607,1.6640933,-0.15866894,-0.6307251,-0.67165834,-0.608044,0.575336,-0.3106734,-0.015170719,0.52720815,1.0605156,-0.9880526,0.49380693,-0.123490304,1.5729842,1.484432,1.3911868,-0.42401552,-1.0224577,1.083345,0.99334365,-0.29480064,-0.88707,1.9354064,0.0,1.0,-1.0,-1.8369701e-16,0.0
2019-09-04 00:00:00,4.0,-0.01059474,-0.5835612,-0.088292025,-0.10623418,-0.65158355,-0.78777647,-0.5077629,0.2809189,-0.30879474,0.25733474,0.8440731,-1.294031,0.4464364,-0.15357718,1.7518353,1.3970046,0.6878722,0.14111668,-1.2030632,1.1530963,1.014204,-0.3466187,-0.9155407,1.3787193,0.95105654,0.309017,-1.0,-1.8369701e-16,0.0
2019-09-05 00:00:00,4.0,0.78580487,1.257209,-1.0160811,1.4860845,-0.649965,-0.9298128,-0.4500742,0.12691501,-0.55605793,-0.016886223,0.5874775,-1.4987009,0.86402637,0.19083034,2.0289066,0.89358675,1.3969734,0.8924452,-1.0382972,1.7596796,1.4223852,-0.0201689,-0.9454767,2.0771408,0.58778524,-0.809017,-1.0,-1.8369701e-16,0.0
2019-09-06 00:00:00,4.0,0.09138899,1.0465177,0.18090446,0.53462857,-0.612424,-0.9453669,-0.32552952,-0.7675383,-0.7197504,-0.22486323,0.39651316,-1.6026094,0.8486353,0.19618334,2.1267626,0.57860607,1.0147806,0.9808441,-0.2724989,1.6583251,1.4051137,0.0016566244,-1.0837996,1.9182825,-0.58778524,-0.809017,-1.0,-1.8369701e-16,0.0
2019-09-09 00:00:00,4.0,-0.90184176,-0.07853729,0.085872084,1.0240966,-0.35275394,-0.42853528,0.5990364,-1.2637101,-0.4830353,-0.13263376,0.44892406,-1.21244,0.27407414,-0.19485414,1.7879469,0.32578626,0.90013695,0.7939137,-0.46841374,0.7866064,0.8196847,-0.3790974,0.0038723464,2.1029923,-0.95105654,0.309017,-1.0,-1.8369701e-16,0.0
2019-09-10 00:00:00,4.0,0.7263415,0.42662933,0.72730404,1.4872272,-0.4434778,-1.1178964,-0.94959944,0.63922566,-0.54898167,-0.26145852,0.28961638,-1.1830709,0.6584248,0.12307626,1.7107458,0.32499367,1.5244986,0.9936332,-0.25404269,1.2661161,1.141826,-0.03192825,-0.2539662,1.9825729,0.0,1.0,-1.0,-1.8369701e-16,0.0
2019-09-11 00:00:00,4.0,1.346809,1.9830773,-0.8486641,-1.0011451,0.03233691,-0.03654506,1.1167344,-0.80943185,-0.23649606,-0.13962224,0.2811558,-0.6286658,1.3434036,0.72949433,1.795481,0.9479165,1.9190167,1.5014856,0.28774458,1.9938704,1.6959734,0.6849927,1.1989058,1.7536736,0.95105654,0.309017,-1.0,-1.8369701e-16,0.0
2019-09-12 00:00:00,4.0,-0.008949225,0.83679634,0.61590827,0.46253854,-0.31931713,-0.5561287,-0.5840462,-0.8900923,-0.25908884,-0.1769664,0.22443058,-0.6127522,1.261471,0.6926944,1.7940316,0.5763103,1.1878686,1.1019648,-0.19724941,1.7415955,1.581284,0.7002317,0.4036847,1.5547799,0.58778524,-0.809017,-1.0,-1.8369701e-16,0.0
2019-09-13 00:00:00,4.0,-1.2346555,-0.66406083,-1.0391992,0.86220014,-0.11910508,0.70343584,0.8198428,-0.9576493,0.09801718,0.07851665,0.41885453,-0.18011266,0.47624585,0.1364401,1.3643577,-0.023583489,0.4501858,1.1180495,-0.39266977,0.7678605,0.82083327,0.17742556,0.86423033,0.9369796,-0.58778524,-0.809017,-1.0,-1.8369701e-16,0.0
2019-09-16 00:00:00,4.0,0.12300097,1.214484,0.547303,-0.46828958,-0.69202596,-1.0814244,-1.1998479,-0.68041635,-0.36706725,-0.23884521,0.17193389,-0.7467891,0.49047256,0.15648426,1.1749865,0.4392844,0.6176692,1.5286276,-0.73286355,0.71803516,0.78684145,0.19084069,-1.6106341,1.1035793,-0.95105654,0.309017,-1.0,-1.8369701e-16,0.0
2019-09-17 00:00:00,4.0,3.0,-0.19494037,0.45318896,0.28996423,1.4323924,2.3244941,3.0,3.0,1.1820387,0.7245831,0.6893418,1.3262084,2.088683,1.6762614,1.340492,1.6631904,1.5793326,2.4642096,0.025580099,2.4584098,1.9851747,1.695819,1.1956007,0.25975543,0.0,1.0,-1.0,-1.8369701e-16,0.0
2019-09-18 00:00:00,4.0,-1.0524725,-0.7489467,-0.011225672,-0.5920366,2.7067568,1.4965807,-0.39342576,0.22625999,1.6282686,1.1855992,1.0763049,1.6062211,1.3885306,1.1431239,1.2221322,0.5384682,1.1617004,1.5359281,-0.054441758,1.5254749,1.3209264,1.2376692,1.6126407,-0.14094295,0.95105654,0.309017,-1.0,-1.8369701e-16,0.0
2019-09-19 00:00:00,4.0,-0.19870988,1.069742,1.1838099,-0.7618307,-0.83128905,0.18586467,-0.7732927,-0.9977914,0.8904374,0.80124426,0.8506202,0.70541865,1.221607,1.023348,1.1780341,0.4450642,0.7931227,1.742365,-0.1619375,1.2422669,1.173811,1.1695187,-1.0342964,-0.36784992,0.58778524,-0.809017,-1.0,-1.8369701e-16,0.0
2019-09-20 00:00:00,4.0,0.36240193,1.1294236,0.85859716,-0.55598724,1.0303246,-0.7722236,-0.8248089,-0.80701905,0.90804994,0.8540741,0.8907603,0.6899515,1.3525836,1.1689644,1.0747243,1.1871597,0.9016417,1.5356759,-0.21395701,1.2880423,1.2184072,1.3196508,1.3368974,-0.48658887,-0.58778524,-0.809017,-1.0,-1.8369701e-16,0.0
2019-09-23 00:00:00,4.0,0.68484104,1.55453,-0.43770164,-0.2840891,0.16645849,1.2646028,1.9363017,-0.61348957,0.6415499,0.6926095,0.76929885,0.38735333,1.6133521,1.4518192,1.0952035,1.4441006,1.4646084,1.8981768,0.25114354,1.4609393,1.3926431,1.5870655,0.8018747,-0.5897293,-0.95105654,0.309017,-1.0,-1.8369701e-16,0.0
2019-09-24 00:00:00,5.0,-0.24142994,-0.4241634,-0.4288161,0.86978906,-0.6259668,1.1235205,-0.19265255,-0.10960284,0.23064394,0.43273944,0.6097304,-0.121783614,1.3840171,1.2865089,1.0268766,-0.21599649,1.1143128,2.0426986,0.26706567,1.2037032,1.1696379,1.4908886,-0.5396156,-1.6255698,0.0,1.0,-1.0,-1.8369701e-16,0.0
2019-09-25 00:00:00,4.0,-1.0691139,-0.18379995,1.6241128,-0.8642952,2.652585,-1.1395029,-1.2943116,-0.21829636,1.726691,1.5079482,1.4105079,1.3819767,0.7173033,0.7557091,0.5658987,-0.22187415,0.24384804,1.6520056,-0.69119775,0.47067073,0.5505104,1.0673442,1.4958586,-1.0141817,0.95105654,0.309017,-1.0,-1.8369701e-16,1.0
2019-09-26 00:00:00,4.0,-0.25208768,1.6148394,-0.44493732,-0.5191093,-0.8887038,-1.2776042,-0.54546654,-1.3070624,0.98689204,1.0951656,1.1736236,0.53350776,0.53839207,0.61592275,0.32525837,-0.24765718,0.15190655,1.0323591,-0.70117944,0.17906141,0.39569873,0.997081,-1.5015504,-1.3739537,0.58778524,-0.809017,-1.0,-1.8369701e-16,1.0
2019-09-27 00:00:00,4.0,0.93907326,0.36649534,1.4416171,0.5224045,-0.04988923,-0.4997733,0.9250999,0.8003492,0.82749355,0.98046637,1.0755792,0.38401535,1.0055609,1.0579891,0.27009517,0.028573526,0.9473236,1.0896336,0.23596092,0.7347521,0.7002051,1.3275329,0.74934244,-1.7383382,-0.58778524,-0.809017,-1.0,-1.8369701e-16,1.0
2019-09-30 00:00:00,4.0,0.820625,0.9136235,0.3735772,0.2508921,-0.22635178,-0.89185274,-0.5841042,0.15593873,0.50552034,0.7433342,0.89339054,0.05872892,1.3628619,1.4166807,0.34990582,0.09235639,1.2024567,1.4104973,0.58392495,1.1786593,0.94755083,1.59832,0.3922699,-1.8149643,-0.95105654,0.309017,-1.0,-1.8369701e-16,1.0
2019-10-01 00:00:00,4.0,-0.46232125,-0.39261517,0.57445437,-0.029786784,-0.6385557,-1.0965787,-0.55186063,-0.4336435,0.0968983,0.4621133,0.72464246,-0.42234537,1.0135432,1.1303208,0.289955,-0.014154118,-0.18024568,1.0622778,0.55831593,0.6992458,0.68514913,1.3826995,-0.73506945,-1.8319956,0.0,1.0,-1.0,-1.8369701e-16,1.0
2019-10-02 00:00:00,4.0,-0.16511184,-0.57711625,0.81712794,-0.87608564,-0.8870994,-1.1421447,-0.399815,-0.07055161,-0.36816946,0.09826334,0.47413808,-0.93914944,0.85607165,1.0057259,0.18485592,0.42542195,0.15713948,1.0081106,0.25749725,0.44815975,0.54245514,1.3004085,-1.4677056,-1.6154654,0.95105654,0.309017,-0.8660254,0.5,0.0
2019-10-03 00:00:00,5.0,-3.0,-1.556075,-1.0149093,-1.4401594,1.25909,-0.08141873,1.7600881,-0.60890543,0.8577321,0.9985318,1.2274442,0.26231402,-0.6779747,-0.46129656,-0.49865946,-1.0533078,-1.0080993,-0.17451039,-1.1820337,-1.6804618,-0.80363667,0.036206845,1.3681381,-0.040753145,0.58778524,-0.809017,-0.8660254,0.5,0.0
2019-10-04 00:00:00,4.0,-0.8956482,-0.7081226,-0.926619,0.76781034,0.062168166,0.029064992,-0.08454416,-0.23815261,0.9514555,1.1213864,1.3659426,0.26016566,-1.0027887,-0.83687776,-1.0462066,-1.9142249,-1.4828118,-0.48543558,-1.5481151,-1.6806858,-1.1250801,-0.298249,0.99419403,-0.2865046,-0.58778524,-0.809017,-0.8660254,0.5,0.0
2019-10-07 00:00:00,4.0,1.5389942,1.0544189,-0.7584941,1.2706155,-0.43828577,-0.57459277,-0.68550664,1.0474075,0.6774839,0.8961499,1.1464565,0.049660835,-0.16576533,-0.034092758,-1.0842376,-1.466101,-1.0924802,0.2608685,-0.8722141,-0.8278977,-0.49154705,0.32781503,0.18085445,0.21437523,-0.95105654,0.309017,-0.8660254,0.5,0.0
2019-10-08 00:00:00,4.0,1.1210569,1.4327691,-0.55264384,-0.14188635,-0.08680194,0.2980241,0.759858,-0.25084677,0.6182712,0.8231864,1.0515105,0.031115131,0.37253353,0.5218073,-0.84400773,-0.6715055,-0.54249656,0.43638358,-0.39053026,-0.26938686,-0.016636295,0.810664,0.7861353,0.0598499,0.0,1.0,-0.8660254,0.5,0.0
2019-10-09 00:00:00,4.0,-0.006943614,0.11218702,2.4725811,-0.914844,-0.9286307,-0.58263683,-0.7915784,-0.24864411,0.053523008,0.44044605,0.8074886,-0.5843171,0.32487866,0.48266026,-0.7167556,-0.5978365,-0.1580501,0.060538776,-0.18960625,-0.27920932,-0.06094483,0.7768994,-1.2442309,-0.05033519,0.95105654,0.309017,-0.8660254,0.5,0.0
2019-10-10 00:00:00,4.0,0.7241338,1.1976684,0.16167466,-0.4016602,-0.6284837,-0.048883796,0.3496726,-0.1033067,-0.24672027,0.16290477,0.5837053,-0.83359545,0.6570637,0.8300508,-0.44984287,1.2692722,0.2315556,0.30623943,0.033151332,0.069223076,0.25502777,1.1177706,-0.41071564,0.08448093,0.58778524,-0.809017,-0.8660254,0.5,0.0
2019-10-11 00:00:00,4.0,-0.5459681,-0.56880385,1.4175975,-1.477394,-0.6601756,-0.7799826,-0.7969243,-0.4407418,-0.44584438,-0.02053831,0.4783233,-1.0132048,0.34382403,0.52766556,-0.38307393,1.4251977,-0.32618505,0.46861914,0.68543917,-0.26612568,-0.07198315,0.85712,-0.7533428,0.08356205,-0.58778524,-0.809017,-0.8660254,0.5,0.0
2019-10-14 00:00:00,5.0,-1.1665409,-0.5739972,-0.31434703,0.68191427,0.6720631,-0.20959528,0.5084396,-0.54751503,0.46836916,0.6232878,0.95916945,-0.08813993,-0.21916296,-0.028474571,-0.52273446,0.09682193,-1.0902396,0.060475934,0.87051886,-0.8496193,-0.60103744,0.38749757,1.1906848,-0.32281795,-0.95105654,0.309017,-0.8660254,0.5,0.0
2019-10-15 00:00:00,4.0,-0.057428155,0.051786773,1.1881596,0.5198518,0.47790208,-0.49635863,-0.504786,-0.12216855,1.011568,1.0428194,1.2523363,0.41311717,-0.29686624,-0.095843256,-0.6119362,-0.52354807,-0.94462115,-0.9153268,0.6662494,-0.83132267,-0.5347413,0.40094385,1.0982523,0.052857798,0.0,1.0,-0.8660254,0.5,0.0
2019-10-16 00:00:00,4.0,-0.296727,-0.9545889,-1.3453422,0.8473004,-0.63844335,0.47776544,0.5477549,0.30592892,0.5631273,0.78185827,1.1147461,-0.05254155,-0.4742864,-0.2648422,-0.7595569,-0.6749769,-0.9994417,-0.6944883,0.150026,-0.8909937,-0.6816018,0.23046878,-0.27542648,0.03487441,0.95105654,0.309017,-0.8660254,0.5,0.0
2019-10-17 00:00:00,4.0,-0.49488154,-0.43158427,1.2307189,-0.8768429,-0.8324845,0.24759795,-0.34539655,-0.5170255,0.089795165,0.4586316,0.93665946,-0.5276438,-0.7259281,-0.5123625,-0.9493,-1.304739,0.012557425,-0.7916233,-0.37478623,-1.0026066,-0.93051803,-0.056391038,-1.1337051,0.036732115,0.58778524,-0.809017,-0.8660254,0.5,0.0
2019-10-18 00:00:00,4.0,0.38852394,0.8192038,1.3726498,-0.9170348,-0.7873757,0.23516996,-0.1971941,-0.2135931,-0.34170368,0.07121002,0.642051,-0.88107866,-0.5200287,-0.33499497,-0.96869785,-0.8225796,0.52700675,-0.7752285,0.0112943435,-0.7539866,-0.74038386,0.039889492,-1.0999025,0.058071155,-0.58778524,-0.809017,-0.8660254,0.5,0.0
2019-10-21 00:00:00,4.0,-0.38312846,-0.99907637,-0.39451748,-0.39212683,-0.98736125,-1.2284044,-1.0806758,-0.1858818,-0.83491445,-0.37448546,0.3407127,-1.3207035,-0.73959726,-0.5413146,-1.0562834,-0.4260439,-0.25875157,-1.0958022,-0.20631596,-0.85997623,-0.946914,-0.25546187,-1.7493681,0.19634786,-0.95105654,0.309017,-0.8660254,0.5,0.0
2019-10-22 00:00:00,4.0,0.8077642,1.571336,-0.47615293,-0.71592945,-0.3329923,-0.40288335,0.5957464,-0.62860996,-0.745189,-0.46398446,0.18969032,-1.080754,-0.22452277,-0.10815913,-0.8271899,0.013099301,-0.4051701,-0.76267815,0.17381991,-0.4552593,-0.4199623,0.12178556,0.17130242,0.29247603,0.0,1.0,-0.8660254,0.5,0.0
2019-10-23 00:00:00,4.0,1.3763546,1.5618528,-0.35720766,-0.8834139,-0.06939459,-0.10971463,-0.01014201,0.13375117,-0.6212846,-0.53136784,0.0012418422,-0.7932636,0.61253285,0.64042187,-0.300694,0.8694334,0.16121523,-0.00068129075,0.547305,0.23902047,0.3932992,0.79208153,0.2987054,-0.112529024,0.95105654,0.309017,-0.8660254,0.5,0.0
2019-10-24 00:00:00,4.0,1.1423626,2.084606,-1.3112116,-1.4822689,-0.48756212,-0.01141538,-0.1153662,-0.54526395,-0.7690816,-0.77803665,-0.32440782,-0.82464635,1.1916165,1.2055752,0.319136,1.6695206,0.30883458,0.43406212,0.05407503,0.7921007,1.0241684,1.3213674,-0.20778601,-0.055435758,0.58778524,-0.809017,-0.8660254,0.5,0.0
2019-10-25 00:00:00,4.0,0.60077333,0.8528629,0.6145944,-0.37060454,-0.570777,-0.93639016,-0.6508127,-0.011128428,-0.9210082,-1.0029955,-0.62510854,-0.90166646,1.458959,1.4802204,0.8600033,1.7681571,0.7777839,0.3480204,0.21385255,1.0967679,1.3697687,1.5685867,-0.6605855,0.014257036,-0.58778524,-0.809017,-0.8660254,0.5,0.0
2019-10-28 00:00:00,4.0,0.35021773,0.8865608,-0.6577338,1.0425366,-1.2352874,-1.1857452,-0.39907148,-0.09404041,-1.398263,-1.4983308,-1.1691935,-1.3627125,1.5671669,1.5973053,1.3214828,2.0764322,1.4010218,0.21511228,0.95527285,1.3147199,1.6223395,1.6891829,-1.9425583,0.17724094,-0.95105654,0.309017,-0.8660254,0.5,0.0
2019-10-29 00:00:00,4.0,0.035936274,-0.13619731,1.0757095,0.64745855,-0.11402367,-0.44349828,0.40138766,0.09240881,-1.1482257,-1.378457,-1.1945903,-1.016329,1.5084369,1.5404006,1.4547108,1.6609169,1.4220144,0.3628004,1.9999713,1.3197355,1.5587592,1.5815039,0.2836027,0.22121903,0.0,1.0,-0.8660254,0.5,0.0
2019-10-30 00:00:00,1.0,-2.7251327,-1.4463285,-1.2080619,-0.37636706,2.2806726,2.908922,2.1743696,0.06125148,0.8667415,0.4111765,0.5204815,0.9444525,-0.12227293,0.13504797,0.59216493,-0.30671287,0.43484467,-0.4674931,1.3345436,-0.23347144,-0.015004324,0.23516212,1.3882128,0.18426272,0.95105654,0.309017,-0.8660254,0.5,0.0
2019-10-31 00:00:00,1.0,1.1781925,1.2804973,-0.58494174,-0.38452476,-0.19760151,0.5005043,-0.88881135,0.18960628,0.48413262,0.15939672,0.21307422,0.60711765,0.48577207,0.7079911,0.45589828,-0.29046208,1.1067129,0.90140635,2.7034264,0.4246296,0.51531863,0.7006674,0.3327619,-1.346806,0.58778524,-0.809017,-0.8660254,0.5,0.0
2019-11-01 00:00:00,1.0,-1.5650895,-0.67473143,0.82722163,-0.51942664,0.044803385,1.3998439,0.2754232,-1.9042256,0.68028164,0.4871827,0.6490544,0.6451381,-0.2809193,-0.03171147,-0.01622403,-1.4479328,0.30697212,0.6817883,1.7721391,-0.66765827,-0.35638028,-0.015802199,0.63150436,-0.7981092,-0.58778524,-0.809017,-0.8660254,0.5,0.0
2019-11-04 00:00:00,1.0,1.1133049,1.5446775,-0.5586191,-1.3331054,-0.34562898,0.62440765,-0.48320466,-0.050526917,0.2618494,0.15276577,0.26561254,0.27888754,0.28415194,0.51340824,-0.07920606,-1.0738566,0.9266788,0.5483228,2.4899306,0.041201767,0.18913205,0.44291657,-0.05826802,-1.0735823,-0.95105654,0.309017,-0.5,0.8660254,0.0
2019-11-05 00:00:00,1.0,1.8551568,1.3848401,-0.73810273,-0.7607084,0.5814068,0.35430676,-0.34572732,0.61823696,0.5461836,0.3392877,0.26572946,0.6754777,1.1627727,1.4107349,0.2883503,-0.01272698,1.3865765,0.8302529,3.0,1.2483914,1.1594014,1.2822906,1.0238034,-0.7239903,0.0,1.0,-0.5,0.8660254,0.0
2019-11-06 00:00:00,1.0,0.6593822,0.7451574,0.82259536,-0.85470605,-0.16594793,1.4632581,0.46973348,0.020554915,0.26402962,0.13415039,0.04219597,0.39744064,1.4300798,1.6846043,0.673926,1.8760602,1.1143196,1.0817683,3.0,1.475724,1.473276,1.5557723,0.29966503,-0.75046515,0.95105654,0.309017,-0.5,0.8660254,0.0
2019-11-07 00:00:00,1.0,-0.3173947,-0.1337954,0.96603775,1.2342609,-0.9529513,-1.0860159,-1.2359936,-0.6281243,-0.3588283,-0.3482758,-0.36389813,-0.28711712,1.2060075,1.4676825,0.8613665,1.0314583,0.54280543,0.7166107,2.5802743,1.1584511,1.2991456,1.3830408,-1.588334,-0.84404653,0.58778524,-0.809017,-0.5,0.8660254,0.0
2019-11-08 00:00:00,4.0,-0.06245042,1.0802059,-1.413744,0.83912694,-0.48474094,0.022943793,0.8995576,-1.3607054,-0.5506911,-0.5420435,-0.56100035,-0.4754544,1.159045,1.4133978,0.89626193,1.8201839,0.2888381,0.888344,2.8851554,1.0124621,1.2301869,1.3405144,-0.45495132,-0.6733216,-0.58778524,-0.809017,-0.5,0.8660254,0.0
2019-11-11 00:00:00,4.0,-0.75793195,-0.8698656,-0.3222586,0.79645246,-0.86960006,-0.7471238,-0.67785823,-0.8044345,-0.7630748,-0.7335591,-0.70011246,-0.72927326,0.6864428,1.0147611,0.6752269,0.79328924,-0.22846048,1.0185153,2.8804543,0.5239084,0.72703195,0.9357913,-1.5808272,0.10487345,-0.95105654,0.309017,-0.5,0.8660254,0.0
2019-11-12 00:00:00,1.0,-0.2957346,-0.26805538,-0.84454453,3.0,-0.27723935,0.1309133,0.5488698,-0.3674061,-0.88131076,-0.8674796,-0.81139326,-0.8174674,0.49520224,0.8575958,0.3793916,-0.42888525,-0.4146825,0.9340115,2.5548954,0.30328313,0.477038,0.75526714,-0.319264,0.1348288,0.0,1.0,-0.5,0.8660254,0.0
2019-11-13 00:00:00,4.0,0.6842623,0.9692265,-0.40163517,-0.1408137,-0.56301767,-0.76725787,-0.75611407,0.27391195,-1.2101703,-1.2407082,-1.2303375,-1.0749377,0.90817726,1.2183945,0.36132652,-0.4276623,1.3164954,1.2725382,2.1539724,0.6129494,0.8729577,1.1596845,-0.95927495,0.5959166,0.95105654,0.309017,-0.5,0.8660254,0.0
2019-11-14 00:00:00,1.0,-0.19174778,1.1265122,-0.5440232,-0.55405885,-0.7294044,-0.9734252,-0.44910452,-1.2210027,-1.5078431,-1.5748285,-1.5381507,-1.3585128,0.76978725,1.1032908,0.26152775,-0.3552889,0.6273034,1.3770539,2.309511,0.4363029,0.65204495,1.0509567,-1.1591868,0.50497407,0.58778524,-0.809017,-0.5,0.8660254,0.0
2019-11-15 00:00:00,4.0,-0.6395001,-1.5844159,-0.46475613,-1.0775241,-0.6428538,-0.6061633,0.105793834,0.047617607,-1.6230052,-1.7504909,-1.6839597,-1.472321,0.27357754,0.69795203,-0.05869054,-0.67165285,1.099577,1.0182369,1.720994,-0.029435698,0.07365134,0.6119423,-0.96181065,0.5148468,-0.58778524,-0.809017,-0.5,0.8660254,0.0
2019-11-18 00:00:00,4.0,0.32722762,0.25909975,-0.5294134,1.993514,-0.34902298,-0.2626864,0.1553822,0.20955382,-1.5488034,-1.8134366,-1.8395386,-1.2949635,0.511438,0.8951512,-0.19007969,-0.06439306,0.68907297,1.2665759,1.9656307,0.122464046,0.21029113,0.832177,-0.4257778,0.37524745,-0.95105654,0.309017,-0.5,0.8660254,0.0
2019-11-19 00:00:00,4.0,-1.0220519,-1.9537938,-1.0008655,-1.4264337,-0.57357717,1.4160209,1.0828717,-0.2431043,-1.5231069,-1.8165956,-1.8199084,-1.2832594,-0.29217076,0.24257298,-0.64126956,-0.46092552,-0.8377132,0.63880295,1.8569561,-0.762455,-0.7143173,0.06248941,-0.8143633,0.35406178,0.0,1.0,-0.5,0.8660254,0.0
2019-11-20 00:00:00,1.0,-0.018808559,-0.39821583,2.207476,-0.783192,0.07182594,-0.36336762,-0.9710868,0.29122663,-1.2380474,-1.6350919,-1.7364002,-0.87877935,-0.32897753,0.21755043,-0.9175225,-0.85490125,-1.2026305,0.14378777,1.784926,-0.7862545,-0.7474309,0.059062224,0.21620451,1.0870523,0.95105654,0.309017,-0.5,0.8660254,0.0
2019-11-21 00:00:00,1.0,-0.6833429,-0.73042583,-1.3629656,2.428432,-0.1637344,0.33790782,0.36135042,-0.5342952,-0.84885335,-1.3092399,-1.4564359,-0.41146934,-0.8780411,-0.27642843,-1.2561398,-1.109614,-1.3637624,-0.5383512,1.0130395,-1.2428727,-1.218638,-0.48372006,-0.12066664,1.1315913,0.58778524,-0.809017,-0.5,0.8660254,0.0
2019-11-22 00:00:00,1.0,0.035152886,0.8818014,-0.6499815,0.37819433,-0.22355102,-0.7886452,-0.8385229,-0.96125835,-0.89219666,-1.3331779,-1.5143654,-0.44023624,-0.8463603,-0.27646407,-1.4119452,-0.7370835,-1.2946205,-0.78121287,0.80049336,-1.1013131,-1.1082745,-0.4911288,-0.4095286,1.071196,-0.58778524,-0.809017,-0.5,0.8660254,0.0
2019-11-25 00:00:00,1.0,0.25507233,-0.47825253,2.453106,-1.4113921,-0.80401605,-0.8638294,-0.22896723,0.7074543,-1.0181422,-1.4375491,-1.6526012,-0.5578096,-0.58772486,-0.09498335,-1.3794171,-0.7758892,-0.77708983,-0.84582144,0.9761376,-0.821618,-0.82797176,-0.31671232,-1.4157693,1.0693153,-0.95105654,0.309017,-0.5,0.8660254,0.0
2019-11-26 00:00:00,1.0,0.19550253,-0.04714657,1.1044483,0.8756018,-0.65503144,-1.4197731,-0.8250925,0.28966388,-1.2699226,-1.6405882,-1.8592567,-0.846616,-0.3864561,0.044748668,-1.2620882,-0.118459195,-0.5309914,-0.7890277,0.8400151,-0.60193676,-0.60804343,-0.13638787,-1.0870879,1.06302,0.0,1.0,-0.5,0.8660254,0.0
2019-11-27 00:00:00,4.0,-1.0102077,-2.0733063,-1.4059697,-1.3905715,-0.16498557,-0.17358603,1.4684867,0.1965267,-1.1936512,-1.5485438,-1.7343881,-0.7793206,-1.2656208,-0.7513867,-1.4414438,-0.6617338,-1.361615,-0.07693641,0.51666117,-1.371999,-1.445118,-1.101173,-0.42704546,1.0053544,0.95105654,0.309017,-0.5,0.8660254,0.0
2019-11-28 00:00:00,4.0,-0.50269634,-1.6531223,-0.61729366,-1.3482556,-0.07388024,-0.55995345,-0.47350323,0.7326379,-1.1471817,-1.5005713,-1.6865598,-0.7123302,-1.6142722,-1.1262004,-1.6439257,-0.564397,-1.4936175,-0.77983636,0.119481355,-1.5356909,-1.7561566,-1.5565398,-0.40830755,0.8454296,0.58778524,-0.809017,-0.5,0.8660254,0.0
2019-11-29 00:00:00,4.0,-0.4248561,-0.49229848,1.1785347,-0.28334045,-1.7054592,-1.2255223,-0.7469317,-0.5616944,-1.5939592,-1.8305886,-1.947258,-1.3277074,-1.8579086,-1.4226444,-1.9207861,-0.8126815,-1.3664349,-0.29041108,-0.050727632,-1.7080076,-2.146752,-2.0414367,-1.6965916,0.31086385,-0.58778524,-0.809017,-0.5,0.8660254,0.0
2019-12-02 00:00:00,4.0,-0.81960356,-1.290123,0.11184092,-1.2913909,-0.17931105,0.20701067,1.1318741,-0.2739807,-1.4901631,-1.7583562,-1.8707033,-1.1810718,-2.2683594,-1.9416646,-2.1750455,-1.3753681,-1.8619577,-1.1030622,-0.07095664,-1.8053744,-2.5796757,-2.708382,-0.6950702,-0.025798535,-0.95105654,0.309017,-0.5,0.8660254,0.0
2019-12-03 00:00:00,4.0,0.28572112,-0.20588875,2.1227875,-0.7281595,0.18624921,-0.10200012,-0.39380616,0.6122284,-1.3205476,-1.6708692,-1.8577573,-0.8612403,-1.9106053,-1.6815122,-2.0700445,-1.3069296,-1.2472707,-1.7515585,-0.18471213,-1.3894193,-2.0760486,-2.2550526,-0.45849702,-1.13872,0.0,1.0,-2.4492937e-16,1.0,0.0
2019-12-04 00:00:00,4.0,-1.632946,-1.5423324,-1.072901,-0.70782655,2.667545,2.3189948,1.279005,-0.44285995,-0.52240074,-1.0284449,-1.2737958,0.14756314,-2.586186,-2.5149853,-2.206349,-1.6174823,-1.9857757,-2.5543213,-1.1354352,-1.7595618,-2.651533,-3.0,1.1610187,0.33600464,0.95105654,0.309017,-2.4492937e-16,1.0,0.0
2019-12-05 00:00:00,4.0,0.4387842,0.8362322,0.17546068,-0.04483004,-1.0884411,-0.91362935,-1.2881689,0.0011813054,-0.95742714,-1.3272681,-1.5525447,-0.4005987,-2.1143155,-2.1021118,-2.2268467,-1.1162039,-1.4549488,-2.1648214,-0.9770391,-1.3360054,-2.2145991,-2.6553319,-1.3334284,0.6568781,0.58778524,-0.809017,-2.4492937e-16,1.0,0.0
2019-12-06 00:00:00,4.0,-0.9593878,-1.5877064,-1.0410011,-0.9422969,0.974025,-0.56135046,0.036975823,0.25136548,-0.7170215,-1.1057506,-1.3352658,-0.13025948,-2.3781478,-2.4605281,-2.227966,-1.3739922,-1.8558611,-2.375065,-0.9469473,-1.4177345,-2.4302716,-2.9800978,0.4174744,0.4869436,-0.58778524,-0.809017,-2.4492937e-16,1.0,0.0
2019-12-09 00:00:00,4.0,1.2235037,1.5617756,-0.8417014,-0.9383102,1.0729944,0.38902333,0.5382314,-0.10363818,-0.6088647,-1.05623,-1.393937,0.12645315,-1.3350806,-1.5450613,-1.7369125,-0.3232591,-1.3931007,-1.6344857,-0.5646262,-0.84294426,-1.4511842,-1.9410795,0.4785824,1.3228652,-0.95105654,0.309017,-2.4492937e-16,1.0,0.0
2019-12-10 00:00:00,4.0,-0.16004542,-0.05309508,0.7462483,1.3873869,-0.6232967,-0.07454388,-0.4969907,-0.54966885,-0.8476912,-1.1840932,-1.4801431,-0.21627903,-1.4179088,-1.6207787,-1.4604149,-0.55609375,-1.5424191,-1.5913891,-1.5754697,-0.80248183,-1.4717246,-2.0119543,-0.95024776,1.2707914,0.0,1.0,-2.4492937e-16,1.0,0.0
2019-12-11 00:00:00,4.0,-0.1917624,-0.4629971,-1.329822,2.6546412,0.022814361,-0.21383165,-0.27271867,0.13309887,-0.8720377,-1.1749824,-1.4592241,-0.24253435,-1.4928328,-1.6878442,-1.2105855,0.20473433,-1.1813947,-1.8546922,-1.2981808,-0.77386576,-1.4199877,-2.0260563,-0.39537218,1.3241206,0.95105654,0.309017,-2.4492937e-16,1.0,0.0
2019-12-12 00:00:00,4.0,-0.8433365,-1.1301738,0.18152322,-1.0725783,1.1766194,0.09862725,0.060083345,0.17493264,-0.55223787,-0.9102676,-1.2132294,0.16832344,-1.7940094,-2.0013905,-1.1294084,-0.4402942,-1.2992408,-2.0139413,-1.4767548,-0.93815887,-1.6322846,-2.3108492,0.6651686,1.1139317,0.58778524,-0.809017,-2.4492937e-16,1.0,0.0
2019-12-13 00:00:00,2.0,1.0954312,1.2137982,-0.07757343,-0.80043083,1.1056354,-0.025501285,-0.25019404,0.02197549,-0.40178055,-0.8170914,-1.2027639,0.47934407,-1.0019522,-1.3096766,-0.70558935,0.61234075,-0.66753626,-1.4432428,-1.2338578,-0.4911513,-0.8660676,-1.6133786,0.7524037,1.4485874,-0.58778524,-0.809017,-2.4492937e-16,1.0,0.0
2019-12-16 00:00:00,2.0,-0.9528519,0.048476692,-1.1994945,3.0,3.0,1.8948864,1.2207147,-2.6305635,3.0,3.0,3.0,3.0,-1.4028283,-1.7044373,0.22909488,-0.53276545,-0.7216325,-1.8354933,-1.6859207,-0.75892985,0.26779863,0.25892785,1.8673868,1.2308604,-0.95105654,0.309017,-2.4492937e-16,1.0,0.0
2019-12-17 00:00:00,2.0,1.0056323,1.2245135,0.1520591,-1.0375941,-0.23116249,2.4379048,0.07512678,-0.04578135,3.0,3.0,3.0,3.0,-0.7374222,-1.1105815,0.2880977,0.067606896,-0.42399296,-1.2021654,-1.2946311,-0.3238248,0.3464715,0.30449045,0.3490018,1.4680804,0.0,1.0,-2.4492937e-16,1.0,0.0
2019-12-18 00:00:00,2.0,1.7365983,1.6107032,-1.0105405,-0.89341027,-0.17144135,2.1021488,-0.1425607,0.3561882,2.9269583,3.0,3.0,2.7085745,0.3350172,-0.09898619,0.40928084,1.0667354,1.0704343,-0.64115,-0.47033754,0.43733966,0.49536073,0.42289254,1.2800441,0.95826423,0.95105654,0.309017,-2.4492937e-16,1.0,0.0
2019-12-19 00:00:00,2.0,0.13978533,0.85548306,0.62961966,-0.6957747,-0.21252356,0.7342281,-0.8222708,-1.373227,2.0121405,2.7714274,3.0,1.6710873,0.3762095,-0.052704845,0.5125196,1.5302156,0.9282052,-0.3684367,-0.35909465,0.52783763,0.51364195,0.41503292,-0.14976545,0.800062,0.58778524,-0.809017,-2.4492937e-16,1.0,0.0
2019-12-20 00:00:00,2.0,0.72935236,0.51679635,-0.563983,1.3652736,-0.2312774,3.0,3.0,1.3324164,1.3351964,2.1614368,2.6229303,0.87248236,0.7734593,0.34275088,0.63670766,1.3382014,1.6490744,-0.13889638,-0.4011824,0.9184089,0.6071264,0.47758037,-1.4029558,0.92161065,-0.58778524,-0.809017,-2.4492937e-16,1.0,0.0
2019-12-23 00:00:00,2.0,0.29334444,0.6417186,0.30081677,0.17679055,-0.22467753,1.6357204,-0.7731117,-0.15327501,0.8627706,1.7106107,2.228201,0.2593882,0.91352004,0.48542464,0.75407964,1.8898708,1.2335386,-0.12969272,-0.5439749,1.1515207,0.6712692,0.50502986,-1.2353135,0.95071876,-0.95105654,0.309017,-2.4492937e-16,1.0,0.0
2019-12-24 00:00:00,2.0,0.66126025,0.8345456,-0.5520905,0.5129145,-0.22048339,-0.1417186,-1.2724372,0.4426892,0.51923746,1.3443155,1.8967428,-0.20243047,1.2593802,0.8463468,0.8854221,1.6867145,1.5497217,0.02894961,-0.2107078,1.6245737,0.7927952,0.5885555,-0.6808453,0.848807,0.0,1.0,-2.4492937e-16,1.0,0.0
2019-12-27 00:00:00,2.0,-0.13678695,-1.1718296,0.3693181,-1.0338029,-0.25788474,-1.518252,-1.9667708,0.62989616,0.24210213,1.0377886,1.6280992,-0.6124029,1.1032051,0.73165923,0.9710348,0.79448766,1.5380708,0.34087616,-0.20581615,1.5363195,0.798477,0.55598557,-1.6361449,1.034731,0.95105654,0.309017,-2.4492937e-16,1.0,1.0
2019-12-30 00:00:00,2.0,-0.59205204,-1.4635063,-0.32634738,-1.0338029,-0.1741865,-0.7811675,3.0,1.7156594,0.10501872,0.8413495,1.4538467,-0.8016272,0.6787055,0.38647154,0.9514456,0.47690034,1.6257802,0.3304646,0.5773392,1.1997631,0.7060142,0.42727733,0.7582759,1.2191173,-0.95105654,0.309017,-2.4492937e-16,1.0,1.0
2019-12-31 00:00:00,2.0,-0.88703567,-1.0290842,0.7119053,-1.0002711,-0.20412107,-0.41825253,0.485576,-0.86615413,-0.03877053,0.64411247,1.2801594,-1.0113938,0.11927647,-0.09574849,0.8523463,-0.25912663,0.8799525,0.20053658,0.6241026,0.6727238,0.55010456,0.22058733,-1.2471094,1.5461841,0.0,1.0,-2.4492937e-16,1.0,1.0
2020-01-02 00:00:00,2.0,-1.1107236,-0.9861325,0.7128852,-0.9678952,-0.19517247,-0.9826014,-0.9961097,-1.3279171,-0.13038298,0.49024758,1.142114,-1.1299978,-0.48457512,-0.6487405,0.6543096,-0.90250385,0.85897505,0.14433122,-0.20159337,-0.04296871,0.32051516,-0.05590898,-0.7242332,1.0218784,0.95105654,0.309017,-2.4492937e-16,1.0,1.0
2020-01-03 00:00:00,2.0,1.616589,1.1686978,0.15569851,-0.9427945,-0.16586971,-0.6821017,0.45367372,1.73091,-0.15715517,0.35790288,0.97285306,-1.0833291,0.46927056,0.24875638,0.6506902,-0.5063767,1.0485351,0.55430156,-0.11107534,0.94630885,0.64355296,0.24972072,0.60589653,2.0745804,-0.58778524,-0.809017,0.5,0.8660254,0.0
2020-01-06 00:00:00,2.0,2.1072474,1.3650377,-0.92369473,-0.46563056,-0.1630222,-0.03526748,0.9108049,2.348061,-0.16367795,0.25007534,0.8162617,-0.9926276,1.4756941,1.3355731,0.86423814,0.5519244,1.1360688,1.784791,0.5378167,1.9508516,1.0850961,0.73481905,1.2553698,-0.8553453,-0.95105654,0.309017,0.5,0.8660254,0.0
2020-01-07 00:00:00,2.0,1.5334015,0.46824777,0.060742,0.84633017,-0.12617138,0.10334629,-0.026900938,2.3726184,-0.16651411,0.16624631,0.6911832,-0.90735954,1.9997034,1.9864652,1.1578501,1.539685,1.6370268,2.0524952,0.7676078,2.1952047,1.4020417,1.1238694,1.6862761,-0.772838,0.0,1.0,0.5,0.8660254,0.0
2020-01-08 00:00:00,2.0,-0.79234374,-1.5927073,-0.97892106,-0.8604307,-0.20480101,0.023164121,-0.25942677,0.4097591,-0.23629713,0.062310223,0.5883732,-1.0119139,1.4731027,1.4986601,1.2576294,1.5533468,1.0375123,2.0515077,0.6995666,1.5416895,1.1642638,0.9361397,-0.506344,-0.42954877,0.95105654,0.309017,0.5,0.8660254,0.0
2020-01-09 00:00:00,2.0,-0.6951916,-1.3087789,-1.090053,-0.06869101,-0.15664648,-0.28047615,-0.5037725,1.0639355,-0.2575569,-0.004230132,0.51069444,-1.0037845,1.0625455,1.11098,1.1733011,1.6766105,0.66902655,1.4148451,0.8631115,1.0853337,0.9365851,0.75005585,0.86729974,-1.2116656,0.58778524,-0.809017,0.5,0.8660254,0.0
2020-01-10 00:00:00,2.0,-0.34687296,-0.30180073,1.1196593,0.43964264,-0.16152574,-0.42401293,-0.37605882,-0.32890698,-0.29780707,-0.08530574,0.41386244,-1.0377092,0.8518696,0.90982527,1.0388339,0.8148981,0.2772102,1.3503557,0.772138,0.8302471,0.8015717,0.6576419,-0.28785518,-1.5811309,-0.58778524,-0.809017,0.5,0.8660254,0.0
2020-01-13 00:00:00,2.0,0.48205686,-0.8396572,-0.08324885,0.19105633,-0.18014854,-0.31391335,-0.06324684,2.2306557,-0.3302189,-0.16445838,0.3038823,-1.0450475,1.0394776,1.1085262,0.97821134,0.08496462,0.5239424,1.5254569,1.0108948,0.92862165,0.9065203,0.8078289,-1.1443005,-1.775764,-0.95105654,0.309017,0.5,0.8660254,0.0
2020-01-14 00:00:00,1.0,0.25731176,0.22464125,0.51370263,1.1210772,-0.1808289,-0.3434087,-0.24974805,0.3642077,-0.36662287,-0.24113049,0.19848408,-1.071443,1.1289399,1.2025859,0.949621,-0.5113501,0.84007525,1.8074433,1.2446414,0.94992137,0.9343803,0.9090099,-0.6988965,-1.6015612,0.0,1.0,0.5,0.8660254,0.0
2020-01-15 00:00:00,1.0,-0.20507298,0.019406563,0.9040577,1.2854627,-0.19987446,-0.3666891,-0.24234982,-0.45388067,-0.40621397,-0.3143989,0.101491295,-1.1183704,0.9820846,1.0677423,0.86665565,-0.23713689,1.0785347,1.4186131,1.0550606,0.76429594,0.8167914,0.83761805,-1.3610395,-1.7925745,0.95105654,0.309017,0.5,0.8660254,0.0
2020-01-16 00:00:00,1.0,-0.13499528,-0.5500082,1.1775335,-0.21548106,-0.8355843,-0.041345026,0.1809899,0.36449945,-0.42992526,-0.3736591,0.013357309,-1.1257192,0.88263625,0.9763283,0.7413354,0.025057575,1.4075296,1.6397065,1.1355836,0.6452533,0.6862226,0.79468,-1.2392042,-1.8580068,0.58778524,-0.809017,0.5,0.8660254,0.0
2020-01-17 00:00:00,1.0,0.39095998,0.33219844,1.5523394,-0.14723186,-0.16570443,-0.31996685,-0.5300123,0.47367883,-0.43273258,-0.41596377,-0.06869475,-1.0687376,1.0624979,1.1461704,0.6854787,0.36971167,0.96934426,1.4447149,0.9908858,0.79937154,0.7684788,0.9841409,-0.16353841,-1.9721804,-0.58778524,-0.809017,0.5,0.8660254,0.0
2020-01-20 00:00:00,1.0,-0.22143783,-0.261995,0.9077776,0.57197654,-0.68645877,-0.107540965,-0.000826896,-0.21175335,-0.447491,-0.45943907,-0.14289282,-1.0577258,0.88723946,0.99378103,0.57217675,0.042187862,0.10352554,0.8770849,0.47941434,0.58290327,0.628924,0.92589086,-1.127804,-1.767597,-0.95105654,0.309017,0.5,0.8660254,0.0
2020-01-21 00:00:00,4.0,-0.42974618,-1.3064373,-1.0969689,-0.24857697,0.4594956,0.10318642,0.01407596,1.1475443,-0.4294334,-0.47224435,-0.18903965,-0.9500572,0.5780245,0.7364025,0.3499146,-0.2786763,-0.6305132,0.72034883,-0.0055299825,0.2511623,0.37630424,0.7511964,0.43497294,-1.7972444,0.0,1.0,0.5,0.8660254,0.0
2020-01-22 00:00:00,4.0,-0.45560923,-0.48487115,-1.1705043,1.7288085,-0.79421175,-0.019687966,-0.47001025,-0.5602235,-0.43161777,-0.4962432,-0.24289693,-0.9088872,0.26387,0.4732957,0.075959206,-0.39928263,-0.4953526,0.39166445,-0.33291546,-0.08807548,0.12686619,0.5657789,-1.217229,-1.6535343,0.95105654,0.309017,0.5,0.8660254,0.0
2020-01-23 00:00:00,4.0,-1.49639,-1.5004644,-1.0512108,-0.8805032,1.7249143,-0.243387,-0.43532792,0.2260743,-0.37324145,-0.46307454,-0.23535955,-0.6951845,-0.5965256,-0.3014894,-0.45530728,-1.0810578,-0.78873706,-0.09066391,-0.8922066,-1.0220968,-0.5863101,-0.12795042,1.738229,-1.5195674,0.58778524,-0.809017,0.5,0.8660254,0.0
2020-01-24 00:00:00,1.0,0.34425652,0.63062805,-0.6773385,1.4223466,0.009901197,0.20431493,0.017271493,-0.1929686,-0.38165793,-0.48573753,-0.29398137,-0.6693638,-0.39343992,-0.13374777,-0.73141515,-1.1241025,-0.5357691,-0.18748531,-0.7955743,-0.7701165,-0.42754546,0.043411285,0.15853673,-1.4393424,-0.58778524,-0.809017,0.5,0.8660254,0.0
2020-01-27 00:00:00,4.0,0.70261806,-0.17041291,0.6885047,0.75993013,-0.6119418,-0.70626223,-0.47562876,1.7455558,-0.38524064,-0.5040416,-0.35137436,-0.62776417,0.026750436,0.21448429,-0.7300109,-0.685051,-0.4751175,0.025394961,0.2815438,-0.3690739,-0.10855427,0.39028293,-0.6796175,-1.8407675,-0.95105654,0.309017,0.5,0.8660254,0.0
2020-01-28 00:00:00,1.0,-1.5202407,-0.7640464,-0.28997424,0.16677956,0.33820862,0.38037977,0.2780919,-1.823962,-0.33437595,-0.46717477,-0.33704537,-0.4435272,-0.7257977,-0.4965509,-0.98061126,-1.1688981,-1.0948119,-0.19900943,-0.5228912,-1.1374035,-0.78066856,-0.27283657,0.63230413,-0.78392804,0.0,1.0,0.5,0.8660254,0.0
2020-01-29 00:00:00,4.0,0.878563,0.9195628,-0.38044003,0.43555015,-0.8462696,-1.4075214,-0.76412505,0.8424345,-0.36626816,-0.5018723,-0.40477163,-0.4972508,-0.22898246,-0.07134494,-0.971086,-0.56104106,-0.71854687,0.24726307,0.23316546,-0.7246066,-0.4404099,0.123167925,-1.1502562,-0.73358166,0.95105654,0.309017,0.5,0.8660254,0.0
2020-01-30 00:00:00,4.0,-0.63834417,-1.0311891,0.25701565,-0.9589694,-0.2539173,-0.49168885,0.34176576,0.14045782,-0.37478003,-0.513626,-0.43765393,-0.49666348,-0.5272891,-0.3619647,-1.0511546,-0.09794925,-0.8787298,0.3795816,-0.3095995,-1.1805182,-0.80514,-0.16441599,-0.05034191,-0.5611539,0.58778524,-0.809017,0.5,0.8660254,0.0
2020-01-31 00:00:00,4.0,-1.8942107,-0.7980874,-0.75768745,0.3808849,0.8876243,-0.28545398,-0.09355231,-2.1484342,-0.29171172,-0.4461869,-0.3910179,-0.21245505,-1.2252811,-1.0980462,-1.2932854,-1.1035974,-1.6246036,-0.48620522,-1.4303719,-1.7886436,-1.4734516,-0.89455366,1.3879675,-1.2801317,-0.58778524,-0.809017,0.5,0.8660254,0.0
2020-02-03 00:00:00,4.0,-1.7819617,-1.2508972,-1.1406674,-0.37762386,3.0,1.202308,0.18260238,1.2825134,-0.18573315,-0.35225743,-0.31799415,0.10580454,-1.7105072,-1.688468,-1.5572038,-2.2098613,-2.0707533,-1.4622478,-2.0785818,-1.8697968,-1.8171021,-1.3838377,2.2024395,0.63835007,-0.95105654,0.309017,0.5,0.8660254,0.0
2020-02-04 00:00:00,4.0,-0.579833,-1.2468615,-0.45452395,-1.0099052,0.07167356,1.4327334,-0.16659538,0.83157855,-0.22503865,-0.37260485,-0.3478995,-0.0047229812,-1.8127072,-1.8386295,-1.875864,-1.7404966,-2.036313,-1.9515349,-2.0616481,-1.6193463,-1.9124807,-1.6188091,0.5438618,0.48712572,0.0,1.0,0.8660254,0.5,0.0
2020-02-05 00:00:00,5.0,3.0,0.7310127,-0.014691955,0.96856344,0.8676628,3.0,0.6402004,3.0,-0.117699966,-0.2942229,-0.3325873,0.38443756,-0.12862472,-0.23236802,-1.0835458,-0.54086834,-0.74816906,-0.89932364,-1.126831,-0.4411895,-0.3223505,-0.071828224,1.7932056,1.1504827,0.95105654,0.309017,0.8660254,0.5,0.0
2020-02-06 00:00:00,5.0,2.0787196,1.7891643,-1.0900599,-0.6617914,2.7110825,2.2231803,-0.23362069,-1.2724111,-0.070962444,-0.24933544,-0.32559252,0.5464563,0.703912,0.6846988,-0.2591926,0.8469011,0.49980074,-0.17418371,-0.28757736,0.34029904,0.51942134,0.75872064,1.9984653,1.4278115,0.58778524,-0.809017,0.8660254,0.5,0.0
2020-02-07 00:00:00,5.0,-1.3627445,-1.3504819,-0.8440053,-0.9725408,1.4018321,-0.1978829,-0.9049055,1.0233839,-0.059115555,-0.21387254,-0.2875727,0.5235741,0.15991648,0.104831785,0.0025290123,0.9606919,-0.1068091,-0.45071447,-0.61315244,-0.14878997,0.05242649,0.25599876,1.7960979,1.2695606,-0.58778524,-0.809017,0.8660254,0.5,0.0
2020-02-10 00:00:00,4.0,-0.6829661,-0.5983967,-1.2770052,1.2005817,-0.21405348,0.6877178,0.28055266,-0.4271495,-0.12092066,-0.24418905,-0.31133032,0.33029693,-0.09697542,-0.17825961,0.05365028,1.3850325,-0.58167493,-0.76509297,-1.0546695,-0.3545434,-0.1663802,-0.013594924,0.60677314,1.3875825,-0.95105654,0.309017,0.8660254,0.5,0.0
2020-02-11 00:00:00,4.0,-0.7403858,-0.8868202,-0.16837826,-0.55641717,-0.57881874,-0.11982701,-0.51115483,-0.44152278,-0.1959177,-0.2935983,-0.35285056,0.108353116,-0.36489743,-0.47813165,-0.042012043,1.2398536,-0.36169016,-1.0389675,-1.236887,-0.56233174,-0.43188748,-0.35558555,-0.39641708,1.1591303,0.0,1.0,0.8660254,0.5,0.0
2020-02-12 00:00:00,4.0,0.89902616,0.35797417,2.6864579,-0.60802144,-0.40995434,-1.1808957,-0.7285158,1.2370278,-0.20453624,-0.30600667,-0.3826029,0.11445968,0.008225183,-0.082100704,0.10951458,0.08518629,-0.3144285,-0.74216276,-0.748898,-0.17737317,-0.004525135,0.015167855,0.11891028,1.1004305,0.95105654,0.309017,0.8660254,0.5,0.0
2020-02-13 00:00:00,5.0,0.8490216,0.5995946,0.018344548,1.3842801,0.6014849,-0.041768074,0.59376997,0.644413,-0.20896976,-0.31488237,-0.40830725,0.13099651,0.35431087,0.29184043,0.38757095,-0.52724415,0.2076915,-0.4780088,-0.5996438,0.19469331,0.390326,0.3613896,1.5863694,1.1196022,0.58778524,-0.809017,0.8660254,0.5,0.0
2020-02-14 00:00:00,5.0,-2.1287186,-0.5586083,-0.04065945,0.13764837,0.84746563,-0.43945977,-0.3757808,-2.4160113,-0.11968723,-0.23017006,-0.321079,0.3334866,-0.44636378,-0.5828934,0.16755743,-0.9643447,-0.029535156,-1.1930779,-0.98863894,-0.669891,-0.35667935,-0.4728994,1.5233471,0.99549246,-0.58778524,-0.809017,0.8660254,0.5,0.0
2020-02-17 00:00:00,5.0,-0.3694444,-0.70068705,0.8119897,-0.99015576,0.03920404,-1.2113748,-0.67490643,0.58381456,-0.15470733,-0.25036448,-0.3395729,0.22969685,-0.58264995,-0.7356202,-0.0367619,-0.810497,0.39450565,-1.2286062,-1.1306095,-0.7671727,-0.43599036,-0.65815914,1.2116477,0.98630714,-0.95105654,0.309017,0.8660254,0.5,0.0
2020-02-18 00:00:00,5.0,0.731096,0.14723329,1.1432991,0.72056174,-1.0962328,-1.5326688,-0.6537443,1.0995176,-0.22422631,-0.31001133,-0.4056532,0.0619551,-0.27107167,-0.40869412,-0.026127229,-0.04155325,0.862492,-0.9028957,-0.63905764,-0.41547054,-0.11825443,-0.4356839,-1.0574528,0.9854499,0.0,1.0,0.8660254,0.5,0.0
2020-02-19 00:00:00,4.0,-0.44171283,0.10899482,-0.24996114,1.8202361,0.24061687,0.035620328,1.6767799,-0.80947465,-0.22176684,-0.30990356,-0.4095866,0.07440811,-0.45219317,-0.59929264,-0.06391395,-0.740799,-0.47805455,-0.90618426,-0.81057566,-0.5915812,-0.23798372,-0.6439024,1.2592388,0.9835662,0.95105654,0.309017,0.8660254,0.5,0.0
2020-02-20 00:00:00,4.0,0.8998619,0.25713107,-0.2728993,2.1055658,-0.9094902,-0.3667512,-0.41652557,1.3207072,-0.28357694,-0.37032264,-0.48103094,-0.06940226,-0.045541424,-0.1836976,0.099163584,-0.692511,-0.87975806,-0.2652774,-0.5836187,-0.122489825,0.13830368,-0.3303066,-0.5383981,1.0564027,0.58778524,-0.809017,0.8660254,0.5,0.0
2020-02-21 00:00:00,4.0,0.597095,0.117345035,0.37224156,1.2355533,-0.7012718,-0.6297543,-0.3823008,0.9249693,-0.32392007,-0.4160365,-0.53882504,-0.15719476,0.20710014,0.07996455,0.36213008,0.7602625,-0.14260586,-0.18385342,-0.4405134,0.19518265,0.41512328,-0.11744976,-0.16550484,0.93516934,-0.58778524,-0.809017,0.8660254,0.5,0.0
2020-02-24 00:00:00,5.0,-1.7971404,-0.81610304,-0.057596214,-0.4728935,-0.013430491,0.5386226,0.7039765,-1.8607256,-0.2597875,-0.36389285,-0.48603794,0.0243474,-0.51468873,-0.6696672,0.15510453,-0.02945978,-0.6090831,-0.87003094,-0.749939,-0.7508494,-0.33593386,-0.9210206,1.0300331,1.3995569,-0.95105654,0.309017,0.8660254,0.5,0.0
2020-02-25 00:00:00,5.0,-2.1476715,-0.5603656,-0.036677875,0.090970606,-0.012404466,0.3232868,-0.28524727,-2.759845,-0.15173587,-0.26614767,-0.3850021,0.2839371,-1.1836804,-1.4309819,-0.35881567,-1.6110113,-1.2190679,-1.1414505,-1.3864287,-1.5157357,-1.0933251,-1.6680404,1.0526202,1.4521939,0.0,1.0,0.8660254,0.5,0.0
2020-02-26 00:00:00,5.0,-1.3002259,-0.39300123,1.5141118,-0.80955565,2.9572847,-0.3364528,-0.50361794,0.68335825,0.13624062,-0.013948532,-0.15164746,0.88477504,-1.505007,-1.8035774,-0.6503125,-2.045985,-2.0294662,-1.6950711,-1.7000397,-1.620329,-1.1004556,-1.5675586,1.5494155,1.3001263,0.95105654,0.309017,0.8660254,0.5,0.0
2020-02-27 00:00:00,5.0,0.07870136,0.90632033,-0.29779103,0.8032219,-0.63122326,-0.64825135,-0.37410527,-0.9605849,0.0062587154,-0.091891065,-0.21392109,0.5592642,-1.5017099,-1.7644835,-0.9510904,-2.3626497,-2.2276576,-1.5005246,-1.3636166,-1.2962191,-1.1093521,-1.6655598,0.16305348,1.2480083,0.58778524,-0.809017,0.8660254,0.5,0.0
2020-02-28 00:00:00,5.0,-1.9808,-0.08790115,1.0147319,0.36628896,1.0217478,0.97813535,0.9570878,-2.5774877,0.10726838,0.022170406,-0.08167745,0.67569226,-1.9062986,-2.2350981,-1.2441689,-3.0,-2.1771493,-1.6522787,-2.139406,-1.4885377,-1.5625454,-2.0503964,1.4300145,1.4864197,-0.58778524,-0.809017,0.8660254,0.5,0.0
2020-03-02 00:00:00,5.0,-2.5248997,-0.016488886,-0.30928728,1.5258145,0.45371494,2.6277986,1.176385,-3.0,0.30150762,0.22773252,0.14996855,0.8944133,-2.2895646,-2.692258,-1.5685049,-3.0,-2.8807256,-1.994179,-2.4450119,-1.6019216,-1.9967511,-2.353638,1.2562288,1.2243919,-0.95105654,0.309017,0.8660254,0.5,0.0
2020-03-03 00:00:00,5.0,2.3030176,-0.07038174,-1.3594965,2.0813754,0.5771961,2.0757184,-0.09387828,3.0,0.23090951,0.17998149,0.08695997,0.7795019,-1.2761126,-1.6828351,-1.4219296,-1.4320089,-2.1255708,-1.1540245,-1.6590531,-0.8971767,-1.2298967,-1.6434482,1.2688055,1.5141478,0.0,1.0,1.0,6.123234e-17,0.0
2020-03-04 00:00:00,5.0,0.6309004,-0.22980808,0.8827211,0.10828558,0.18720229,0.29358545,-0.99236643,1.4305539,0.16219112,0.14170994,0.05819572,0.62755316,-1.075887,-1.4594347,-1.1766467,-0.58445096,-1.7166394,-1.6955509,-1.114188,-0.6642252,-1.0032179,-1.4915645,1.0809196,1.0607499,0.95105654,0.309017,1.0,6.123234e-17,0.0
2020-03-05 00:00:00,5.0,1.1741028,1.042906,0.033980224,0.22272283,-0.37492812,0.6881141,0.12982883,0.55662316,0.03851839,0.041857593,-0.039134502,0.4062895,-0.61451143,-1.0019665,-0.76351166,-0.05659129,-1.5282925,-1.7809504,-1.0459366,-0.358184,-0.57136655,-1.2136635,0.8000711,1.1133364,0.58778524,-0.809017,1.0,6.123234e-17,0.0
2020-03-06 00:00:00,5.0,-0.6997228,-0.92981464,-0.23550232,-0.52007073,-0.44647112,-0.08513376,-0.69161737,0.032346796,-0.038722266,-0.011996447,-0.068622515,0.2264755,-0.8358761,-1.2075323,-0.533282,0.47400385,-1.9215107,-1.6410943,-1.2522162,-0.4631855,-0.79765725,-1.5009137,0.5631809,1.1244493,-0.58778524,-0.809017,1.0,6.123234e-17,0.0
2020-03-09 00:00:00,5.0,-2.7033541,-1.2803588,-0.5274402,-1.0770341,0.8637105,0.8065059,0.70760685,-0.9417334,0.08516404,0.119943075,0.11034359,0.36543033,-1.481107,-1.8598236,-0.7397253,0.23821783,-2.3176694,-2.2476501,-2.17923,-0.94759536,-1.5882127,-2.1578813,1.2184082,1.0113322,-0.95105654,0.309017,1.0,6.123234e-17,0.0
2020-03-10 00:00:00,5.0,-3.0,1.4516768,0.69403243,-1.1226972,2.8939865,2.4920893,2.252036,-3.0,1.9152335,1.8350582,1.9687468,1.8677446,-2.612417,-3.0,-1.3155097,-3.0,-3.0,-3.0,-3.0,-1.9510162,-2.4513972,-2.4942982,1.2901673,1.4291531,0.0,1.0,1.0,6.123234e-17,0.0
2020-03-11 00:00:00,5.0,1.1627569,-0.039693903,1.0886307,0.30188718,0.54990536,1.0109707,-0.7768929,1.3064617,1.5615945,1.6559085,1.8390758,1.4586902,-2.0547094,-2.5695112,-1.6720132,-3.0,-3.0,-3.0,-3.0,-1.2911136,-1.9101415,-2.112064,1.1587696,1.4027914,0.95105654,0.309017,1.0,6.123234e-17,0.0
2020-03-12 00:00:00,5.0,-0.8915645,-1.2520489,-0.7555741,-0.93109626,0.277806,0.18935183,-0.74802357,0.61826855,1.8378216,1.9214977,2.122769,1.3913244,-2.1083806,-2.5757816,-1.8923724,-3.0,-3.0,-3.0,-3.0,-1.162231,-1.967661,-2.233423,1.1651804,1.2941037,0.58778524,-0.809017,1.0,6.123234e-17,0.0
2020-03-13 00:00:00,5.0,-3.0,-1.4835215,-1.2093427,-1.163404,0.7784562,0.46889722,0.11920732,-0.8858574,2.8258007,2.8329134,3.0,1.5775257,-2.3522263,-2.841327,-2.148711,-3.0,-3.0,-3.0,-3.0,-1.3194191,-2.4284332,-2.6093647,1.1827854,1.5117257,-0.58778524,-0.809017,1.0,6.123234e-17,0.0
2020-03-16 00:00:00,5.0,0.3673642,-0.19633642,1.2431836,-0.36964595,0.7663479,0.4990781,-0.13695383,1.09604,2.8575382,2.893053,3.0,1.503479,-2.168825,-2.584524,-2.106906,-3.0,-3.0,-3.0,-3.0,-0.9945044,-2.0377433,-2.301046,1.1680161,1.1986929,-0.95105654,0.309017,1.0,6.123234e-17,0.0
2020-03-17 00:00:00,5.0,-1.3821125,-0.4410807,-1.4531581,1.2421879,-0.45201066,0.36373407,-0.26942745,-0.7514471,2.8091016,3.0,3.0,1.2677714,-2.1617386,-2.545059,-2.1114347,-1.7331904,-3.0,-3.0,-3.0,-0.91933674,-2.1129093,-2.4049368,0.73712033,1.0067171,0.0,1.0,1.0,6.123234e-17,0.0
2020-03-18 00:00:00,5.0,0.3005025,0.0575653,-1.3983988,2.160033,0.7835284,0.53937006,-0.031040998,0.7903629,2.7299101,2.945776,3.0,1.2209085,-2.0358946,-2.367167,-1.8214864,-1.9644823,-3.0,-3.0,-3.0,-0.7147005,-1.7511809,-2.115519,1.1601295,0.9609518,0.95105654,0.309017,1.0,6.123234e-17,0.0
2020-03-19 00:00:00,5.0,-2.315963,-1.3475022,-1.0928406,-0.987188,-0.5185937,-0.018156478,-0.5681438,-0.7733124,2.7274873,3.0,3.0,0.98740387,-2.0854707,-2.4041657,-1.7933009,-2.487371,-3.0,-3.0,-3.0,-0.7599832,-1.9911412,-2.3552492,0.67170334,0.96177804,0.58778524,-0.809017,1.0,6.123234e-17,0.0
2020-03-20 00:00:00,5.0,1.0257438,1.6464047,0.32867187,-0.5084489,0.011622998,0.07530388,-0.06277575,-0.6283576,2.3152888,2.6923575,2.958396,0.8068485,-1.7657187,-2.085204,-1.5156566,-0.77629054,-3.0,-2.940535,-3.0,-0.5375076,-1.5904789,-2.087898,0.8508984,0.9384196,-0.58778524,-0.809017,1.0,6.123234e-17,0.0
2020-03-23 00:00:00,5.0,1.3496704,0.22744134,0.7810351,0.6934077,-0.17564704,1.1498114,0.7844935,1.4919995,1.9220799,2.301735,2.5623927,0.63472086,-1.3562198,-1.7154323,-1.0641297,-0.3698012,-2.2491217,-2.3876,-2.6127229,-0.31049156,-1.1637238,-1.8077111,0.7743973,0.6897526,-0.95105654,0.309017,1.0,6.123234e-17,0.0
2020-03-24 00:00:00,5.0,0.75029635,1.7963,-0.6638877,-0.24362692,-0.035349604,0.5897795,-0.56797826,-1.0761436,1.7407788,2.094222,2.3516603,0.5503508,-1.1486665,-1.519703,-0.54303694,0.4570266,-0.73775554,-2.000265,-2.3126104,-0.15384892,-0.8511785,-1.5986973,0.8110296,0.61071575,0.0,1.0,1.0,6.123234e-17,0.0
2020-03-25 00:00:00,5.0,3.0,2.3070314,-1.4127746,-0.98355263,1.301161,0.317455,-0.3662153,1.1477529,1.6889714,1.7519237,1.8155707,0.9631431,0.2611709,-0.31012043,0.5601157,2.237751,0.2894386,-0.91315764,-1.2674282,0.47119477,0.47593355,-0.4887047,1.048754,0.88877,0.95105654,0.309017,1.0,6.123234e-17,1.0
2020-03-26 00:00:00,5.0,1.7537142,1.2095561,0.12249903,0.0376974,0.2853651,1.3533248,0.8964727,0.9679957,1.4312841,1.5020983,1.5524395,0.8823928,0.7427439,0.16354153,1.4722464,3.0,1.0318848,-0.4904274,-0.7761067,0.80146396,1.0494814,-0.042210266,0.85662377,0.85576075,0.58778524,-0.809017,1.0,6.123234e-17,1.0
2020-03-27 00:00:00,5.0,-0.023260524,1.2419857,0.5644977,-0.37805802,-0.35705703,-0.72387856,-1.4725578,-0.88019115,1.2408413,1.3997103,1.5080501,0.63703316,0.70326465,0.14262272,2.0124211,2.912329,1.8186346,-0.3452593,-0.87463224,0.836567,1.0795144,-0.044246,0.5137894,0.77070254,-0.58778524,-0.809017,1.0,6.123234e-17,1.0
2020-03-30 00:00:00,5.0,-1.7475975,-0.23101671,1.0017285,-0.30703613,0.6492769,-0.05796893,0.6112622,-1.1747332,1.5542285,1.7013686,1.8510727,0.6814717,0.23862222,-0.2043289,1.9539562,1.7409009,1.173946,-0.5833047,-1.4148372,0.56517464,0.6035262,-0.3694988,0.93564814,0.76029676,-0.95105654,0.309017,1.0,6.123234e-17,1.0
2020-03-31 00:00:00,5.0,1.2456534,1.7880325,0.22670081,-1.1965824,0.6886282,-0.53528863,-0.6082174,-0.67954993,1.4747055,1.5720056,1.686177,0.7228799,0.6107387,0.1273587,2.0262516,1.937046,1.8468864,-0.46346405,-1.1968645,0.939415,1.0375593,-0.012469535,0.93073565,0.74176717,0.0,1.0,1.0,6.123234e-17,1.0
2020-04-01 00:00:00,5.0,1.2836776,1.1115948,-1.4243958,1.5639253,0.9593374,-0.6834754,-0.26911864,0.3206022,1.4478799,1.4844426,1.5553423,0.81312144,0.9910069,0.4806379,2.138679,0.94694483,2.1057906,-0.18522657,-0.8316044,1.3739636,1.4473668,0.36233124,0.9529896,0.6755728,0.95105654,0.309017,1.0,6.123234e-17,1.0
2020-04-02 00:00:00,5.0,-0.46108007,1.0339804,1.1772914,-0.57464,-1.3130846,-0.7815786,-0.23668851,-1.008833,1.1574767,1.3528649,1.5161643,0.4076858,0.8255336,0.36672503,2.1906397,0.12495717,2.3814347,-0.40938124,-0.90318906,1.36123,1.374011,0.23262283,0.025437312,0.65061736,0.58778524,-0.809017,0.8660254,-0.5,0.0
2020-04-03 00:00:00,5.0,1.1698979,1.0532447,1.3361796,-0.7956165,-0.382893,-0.37748778,0.31256568,0.63190067,1.02087,1.1885314,1.3348612,0.38011628,1.1678592,0.69169915,2.2189817,0.5905617,2.3770034,-0.036289826,-0.5920428,1.8730274,1.750458,0.56395626,0.49348468,0.656217,-0.58778524,-0.809017,0.8660254,-0.5,0.0
2020-04-06 00:00:00,5.0,-0.74425304,-0.60155946,0.21838056,-0.24328318,-1.6445311,-1.7941525,-1.3251666,-0.41684982,0.84133923,1.1213768,1.3504314,0.049780935,0.89503235,0.50182503,2.131269,0.94839144,1.8286892,0.014277275,-0.8118624,1.7033877,1.5466384,0.35827318,-0.42244795,0.63087225,-0.95105654,0.309017,0.8660254,-0.5,0.0
2020-04-07 00:00:00,5.0,0.041367736,-0.286068,0.09755856,0.5203642,-1.5653559,-2.0580857,-0.74716175,0.36430326,0.5934295,0.94788104,1.2333151,-0.2550813,0.8910022,0.50528884,2.0267437,0.4935794,1.6467905,1.0963925,-0.82097524,1.6512197,1.5392551,0.3522404,-0.39343283,0.3985587,0.0,1.0,0.8660254,-0.5,0.0
2020-04-08 00:00:00,5.0,0.3980255,-0.3013357,0.3065626,0.31306708,-1.3133237,-1.284195,0.8597935,0.8315958,0.39594102,0.771554,1.0846956,-0.4656496,1.0110166,0.61400443,1.9430829,0.15821086,0.74943304,1.0088816,-0.71146643,1.7375131,1.6524873,0.4680245,-0.20624843,0.3560503,0.95105654,0.309017,0.8660254,-0.5,0.0
2020-04-09 00:00:00,5.0,-0.18935151,1.1461422,-0.39137837,0.479397,-1.794933,-1.6859968,-0.9397892,-0.5726299,0.22435656,0.64302325,1.006565,-0.7247225,0.91149044,0.55515426,1.8131158,0.2608976,0.26308066,1.1115965,-0.75681037,1.5812681,1.5455564,0.38925025,-1.0496823,0.23514026,0.58778524,-0.809017,0.8660254,-0.5,0.0
2020-04-14 00:00:00,5.0,0.14388631,-0.48700887,-0.33610052,0.46244514,-1.1296096,-1.1338459,0.68025994,0.6155407,0.12286679,0.5291981,0.9107908,-0.84852195,0.9465699,0.58855903,1.6690028,-0.13623653,0.3075984,1.8020005,-0.7494567,1.536711,1.5068128,0.44003573,-0.50612164,-0.19422804,-0.58778524,-0.809017,0.8660254,-0.5,0.0
2020-04-15 00:00:00,5.0,-0.6900086,-1.3509192,-1.2556281,-0.73236245,-0.7693484,-1.452725,-0.9580947,0.37318596,0.17657138,0.5564669,0.96463317,-0.8529711,0.64560425,0.39597455,1.3766845,-0.11654829,0.5676794,1.5264475,-0.9191337,1.1865325,1.1277171,0.20694238,-0.10549167,-0.20107298,0.95105654,0.309017,0.8660254,-0.5,0.0
2020-04-16 00:00:00,5.0,-1.108572,-1.5271568,-1.4012113,-1.0193801,-0.5548297,-1.0611328,0.48853377,0.2553464,0.32883033,0.6724872,1.1075996,-0.7835398,0.23712343,0.11592245,0.9478361,-0.5697671,-0.052682213,1.4717398,-1.183339,0.6675682,0.587284,-0.15754901,-0.05250842,-0.3330872,0.58778524,-0.809017,0.8660254,-0.5,0.0
2020-04-17 00:00:00,5.0,-0.32058796,-0.8132683,-0.736249,0.017762993,-0.97586477,-0.9900425,-0.23696467,0.36711082,0.28657597,0.6341776,1.091259,-0.89093596,0.109249026,0.030866224,0.6008962,-0.8460854,-0.47421008,1.3171546,-1.2352884,0.4365286,0.35897404,-0.277842,-0.52354175,-0.26266664,-0.58778524,-0.809017,0.8660254,-0.5,0.0
2020-04-20 00:00:00,5.0,0.846297,1.1277308,-0.5573648,0.70031965,-1.1860863,-0.8994193,-0.12930371,0.46196085,0.086094245,0.43095025,0.87821513,-1.0520977,0.44547412,0.2891768,0.49043566,-0.43796745,-0.12369803,1.9378865,-0.9194,0.5798962,0.53730965,0.018604802,-1.2632221,-0.6972552,-0.95105654,0.309017,0.8660254,-0.5,0.0
2020-04-21 00:00:00,5.0,0.06635704,0.3517542,0.40697634,1.6735533,-0.9941173,-0.95186037,-0.4787228,-0.017431697,0.0154045215,0.349121,0.80377907,-1.1294143,0.42115468,0.2840517,0.4085032,-0.4664675,-0.41483912,1.7199733,-0.92429453,0.3742589,0.40963718,0.041254405,-1.0565113,-0.75993013,0.0,1.0,0.8660254,-0.5,0.0
2020-04-22 00:00:00,5.0,-0.4047941,0.7437078,0.6002258,0.60824263,-1.1747735,-0.54253656,0.6803815,-0.77977896,0.01256345,0.3351415,0.8080605,-1.1649697,0.23344971,0.16469873,0.26765177,-0.35863057,-0.3270874,1.345062,-1.0760224,-0.13316627,0.09981313,-0.12096586,-1.5956099,-0.32407805,0.95105654,0.309017,0.8660254,-0.5,0.0
2020-04-23 00:00:00,5.0,1.1737986,1.7502735,-0.8879611,-0.6300069,-0.26131767,0.16666934,0.92728853,-0.037706997,0.024236621,0.2392373,0.6385197,-0.9423468,0.75678444,0.5597655,0.38201758,0.5400147,-0.0155411465,1.4776667,-0.6768439,0.30341887,0.5042055,0.46501788,-0.01756312,-0.15224381,0.58778524,-0.809017,0.8660254,-0.5,0.0
2020-04-24 00:00:00,5.0,0.5148554,0.9085825,0.00947998,0.5935917,-1.46462,-0.8433518,-1.4022655,0.37125155,-0.26362768,0.02221487,0.45142633,-1.3176917,0.94201976,0.7159782,0.552906,0.8642344,0.020395143,0.6989082,-0.59431696,0.6098748,0.65843105,0.66485494,-2.5366826,-1.9259592,-0.58778524,-0.809017,0.8660254,-0.5,0.0
2020-04-27 00:00:00,5.0,-0.38380292,-0.49851036,0.7461305,-0.33266407,-1.0872618,-1.163345,-0.68196064,-0.1827579,-0.35788986,-0.047289163,0.4182872,-1.4840277,0.7061372,0.5725665,0.5647861,0.38231018,-0.035076447,0.20727697,-0.6704641,0.22754084,0.41249812,0.45092252,-1.8556461,-1.9704063,-0.95105654,0.309017,0.8660254,-0.5,0.0
2020-04-28 00:00:00,5.0,0.4282827,0.13437451,-0.09633423,1.7608651,-0.7176424,-0.77513134,0.43198457,0.54175305,-0.41141826,-0.14235093,0.3056337,-1.4378135,0.84568655,0.6868318,0.6321327,0.52465487,0.04488154,0.3206413,-0.4484687,0.52092373,0.586722,0.6785838,-1.5737693,-1.9234563,0.0,1.0,0.8660254,-0.5,0.0
2020-04-29 00:00:00,5.0,0.55802006,0.44641465,-0.7391146,1.950976,-0.33718303,-0.71084005,-0.17430405,0.5012232,-0.4009497,-0.20276427,0.20455979,-1.2470847,1.0490731,0.8466723,0.75749767,0.89660865,0.3830187,0.8618847,-0.19016238,0.86381364,0.78661036,0.99623,-0.54519665,-2.9797096,0.95105654,0.309017,0.8660254,-0.5,0.0
2020-04-30 00:00:00,5.0,0.70807564,1.4449747,-0.096423104,-0.7917421,-0.67797124,-0.64195436,-0.18222053,0.2137308,-0.50863266,-0.33034673,0.053912353,-1.2621683,1.3165674,1.060433,0.97991127,0.71441615,0.8725731,0.7462605,0.04539881,1.3855883,1.1031106,1.3743134,-1.5902623,-3.0,0.58778524,-0.809017,0.8660254,-0.5,0.0
2020-05-01 00:00:00,5.0,-0.9968059,-1.1541909,0.14881249,-1.1817448,1.5877066,0.81058705,1.5711541,0.14433086,-0.14184365,-0.09495925,0.248048,-0.6945914,0.7419314,0.7004705,0.75820345,0.12119444,0.68038225,0.19346349,-0.4607653,0.37878373,0.50229937,0.892205,0.33711088,-1.7886235,-0.58778524,-0.809017,0.8660254,-0.5,0.0
2020-05-04 00:00:00,5.0,-0.68165994,-1.5052085,-1.3148454,-0.9036163,-1.456051,-1.0218897,-1.5047531,-0.32005417,-0.19214438,-0.093948856,0.2859283,-0.8305846,0.41537315,0.4855295,0.48333678,0.0020846033,0.26533327,0.13091381,-0.80942154,-0.26361263,0.120350406,0.5684549,-2.3590083,-1.5197079,-0.95105654,0.309017,0.5,-0.8660254,0.0
2020-05-05 00:00:00,5.0,0.23814195,0.39350757,1.3714417,0.45698732,-0.48472968,-0.07053696,0.9969961,0.15230988,-0.29872262,-0.18276064,0.19589475,-0.90342784,0.4763704,0.5376279,0.32182983,-0.0712963,0.3131281,-0.08928742,-0.6523559,-0.10450081,0.24431443,0.71640086,-1.4143525,-1.6588522,0.0,1.0,0.5,-0.8660254,0.0
2020-05-06 00:00:00,5.0,1.1463977,0.7518372,1.1650611,-0.20234305,-0.6493859,-0.6313223,-0.62483037,1.1391555,-0.25964516,-0.2378837,0.055419862,-0.6062701,1.0074369,0.9420079,0.4357951,0.16841985,0.73845536,0.38341466,-0.2625569,1.0131134,0.8363116,1.3963094,-1.5654609,-2.0292692,0.95105654,0.309017,0.5,-0.8660254,0.0
2020-05-07 00:00:00,5.0,-0.17298551,-0.42972735,1.722064,-0.9100134,-1.0198895,0.21873346,0.6043755,-0.028841885,-0.43595606,-0.3399117,-0.00997763,-0.87585384,0.85081524,0.8432473,0.4583642,-0.18004626,0.37226543,0.32917947,-0.26588473,0.74077624,0.69547457,1.2722938,-1.990429,-1.1817693,0.58778524,-0.809017,0.5,-0.8660254,0.0
2020-05-11 00:00:00,5.0,0.23783253,1.0718365,0.70514536,-0.53956634,-0.65271634,-0.74264854,-0.8812793,-0.14376146,-0.56466126,-0.4489348,-0.11526749,-0.99061245,0.9070917,0.8927594,0.49515894,0.3095067,0.29863903,0.29418057,-0.2628179,0.9657886,0.79738325,1.3934072,-1.6231616,-1.0365266,-0.58778524,-0.809017,0.5,-0.8660254,0.0
2020-05-12 00:00:00,5.0,0.006687558,-0.32085314,0.13966085,0.6247463,-0.62278,-0.15417926,0.38263574,0.19078049,-0.645765,-0.52360004,-0.18462458,-1.051178,0.84495354,0.8619705,0.48506862,0.58040893,0.40429226,0.34185147,-0.33093426,0.9015743,0.76193595,1.3922501,-1.5580493,-0.50967705,0.0,1.0,0.5,-0.8660254,0.0
2020-05-13 00:00:00,5.0,0.078672595,0.40062788,2.4326653,-0.49021432,-1.134261,-1.230775,-1.120696,-0.016595585,-0.8049882,-0.6535564,-0.29814273,-1.2274774,0.81113726,0.84356534,0.47148976,0.5165354,0.30979112,0.32712972,-0.14007264,0.94369256,0.76842576,1.3965827,-2.0730464,-0.6711552,0.95105654,0.309017,0.5,-0.8660254,0.0
2020-05-14 00:00:00,5.0,-0.5387972,-1.6592315,-1.0719684,-1.3396078,-0.88403475,0.0714325,1.510056,-0.06394544,-0.83386844,-0.6811328,-0.30309996,-1.249845,0.44520643,0.6144138,0.26980117,-0.15492758,0.008869583,0.35624096,-0.29291126,-0.011041785,0.36108258,1.0036575,-1.9110456,0.7361641,0.58778524,-0.809017,0.5,-0.8660254,0.0
2020-05-15 00:00:00,5.0,-0.1754407,-0.11565783,-0.33974656,1.4103609,0.14012937,0.14768974,-0.13595828,-0.088462174,-0.7619151,-0.6677376,-0.31230912,-1.0610101,0.29361898,0.51874715,0.05383208,-0.15588067,-0.23339663,0.58175635,-0.42193726,-0.43845552,0.17184934,0.893087,-0.93572026,0.23743567,-0.58778524,-0.809017,0.5,-0.8660254,0.0
2020-05-18 00:00:00,5.0,0.1293728,-0.5649763,-0.061062295,0.24646595,-0.036509138,-0.5922413,-0.7614735,0.516244,-0.76315725,-0.7072712,-0.38029432,-0.96494955,0.2932367,0.52097785,-0.06924969,-0.19902517,0.07584001,0.6910138,-0.34890807,-0.4924062,0.15946189,0.9669999,-1.2559123,0.41997525,-0.95105654,0.309017,0.5,-0.8660254,0.0
2020-05-19 00:00:00,5.0,1.458321,1.3617892,-1.1442952,0.21470901,1.5492041,0.5287638,0.9447891,0.7367728,-0.628174,-0.7280578,-0.54767054,-0.46991238,1.1561902,1.1166072,0.22996408,0.38893262,0.67259586,0.85747194,0.09761856,1.5581709,0.99372935,1.8576577,0.23029901,0.709964,0.0,1.0,0.5,-0.8660254,0.0
2020-05-20 00:00:00,5.0,-0.24684754,-0.9630614,-1.189418,0.3055815,-0.3796368,0.05943562,-0.49279463,0.16876468,-0.7201043,-0.7798119,-0.59023917,-0.609587,0.92407113,0.9773215,0.32399738,0.25787294,0.5368763,0.7749714,-0.049080636,0.91700035,0.74119216,1.6641536,-1.5678926,0.8307643,0.95105654,0.309017,0.5,-0.8660254,0.0
2020-05-21 00:00:00,5.0,0.34016538,1.4162338,-1.110851,0.0076849824,-0.3995122,0.18078913,-0.1012593,-0.18683517,-0.8489078,-0.8942072,-0.72855043,-0.7076178,1.0439161,1.065206,0.44434938,0.60827667,0.3157161,0.95417625,0.261402,1.1955723,0.83748066,1.7968304,-1.6177279,0.7536606,0.58778524,-0.809017,0.5,-0.8660254,0.0
2020-05-22 00:00:00,5.0,-0.26547748,-0.63469595,1.8210316,-1.3330299,-0.65276706,0.5893913,-0.0562581,-0.07045269,-0.953387,-0.968466,-0.79524237,-0.8469296,0.7898114,0.90276825,0.41068906,0.5692998,0.28881288,0.5977718,0.38934538,0.5387614,0.57338065,1.5196855,-1.8219762,0.56171185,-0.58778524,-0.809017,0.5,-0.8660254,0.0
2020-05-26 00:00:00,5.0,-0.012177547,0.71734685,0.37296313,0.36733267,-0.80522037,1.1547551,0.22767162,-0.24893597,-1.0563394,-1.0624732,-0.90414065,-0.9583641,0.70004046,0.839223,0.34533027,0.51229703,0.21976964,0.46802807,0.5399196,0.36495078,0.4929555,1.4167598,-1.8503803,0.6553442,-0.95105654,0.309017,0.5,-0.8660254,0.0
2020-05-27 00:00:00,5.0,0.09010234,-1.3936622,-1.1026566,-0.72141963,-0.54244894,0.7304588,-0.35251325,0.71473616,-1.1100539,-1.1371212,-1.0166023,-0.9641527,0.6745666,0.8152945,0.2831572,-0.03783819,0.2430971,0.5829258,0.58924663,0.3283496,0.4667502,1.3711462,-1.5678096,1.0341766,0.95105654,0.309017,0.5,-0.8660254,0.0
2020-05-28 00:00:00,5.0,0.593753,0.9757817,0.6404066,-0.41339836,0.008246679,1.0365298,0.07676716,0.29700142,-1.1011243,-1.1959741,-1.1673852,-0.8047129,1.011345,1.024944,0.3813464,0.30087316,0.38744113,0.62674874,1.104512,1.2211584,0.8160501,1.6127232,-1.036441,1.0776708,0.58778524,-0.809017,0.5,-0.8660254,0.0
2020-05-29 00:00:00,5.0,-0.23291928,-1.0592427,-0.30672163,-0.5794758,-0.7583682,0.39593747,-0.49268687,0.09113612,-1.1628263,-1.2469404,-1.2373939,-0.9065985,0.7618146,0.8702694,0.34306282,0.070502326,0.47058123,0.43171903,1.3357322,0.68761516,0.5854084,1.3496419,-1.7323797,1.3194928,-0.58778524,-0.809017,0.5,-0.8660254,0.0
2020-06-01 00:00:00,5.0,-0.37282154,-0.6546308,-0.52509737,0.6243184,-1.024501,2.0733256,1.1400464,-0.27712342,-1.1544602,-1.250081,-1.2651019,-0.8936986,0.42376688,0.6661716,0.13845679,0.028056815,0.41491514,0.1656383,0.88932675,-0.16280141,0.26296815,0.97514325,-1.8112749,1.0356303,-0.95105654,0.309017,0.5,-0.8660254,0.0
2020-06-02 00:00:00,5.0,0.37784088,-0.51521814,-1.362052,1.6865764,-0.6117731,-1.2922295,-1.7835788,0.6931784,-1.2266707,-1.341602,-1.4302311,-0.93206906,0.6295664,0.7840739,0.098654695,0.18507516,0.48350263,0.5030534,1.0172906,0.512795,0.48724684,1.0982825,-1.4860047,1.0627838,0.0,1.0,1.2246469e-16,-1.0,0.0
2020-06-03 00:00:00,5.0,1.0175692,1.817882,-1.1612586,-1.0102336,0.78159297,0.75328964,2.0842698,0.32079676,-1.1263356,-1.3487792,-1.5911964,-0.54056317,1.2494272,1.1921419,0.38198525,0.55987155,0.36016116,0.91905504,1.394381,2.3247588,1.1663902,1.6093823,-0.4658542,0.5547755,0.95105654,0.309017,1.2246469e-16,-1.0,0.0
2020-06-04 00:00:00,5.0,0.6074171,1.0180871,0.68254286,-0.6353676,0.30122277,-0.06547582,-0.62969184,0.3362424,-1.1089805,-1.3727041,-1.7203116,-0.37414813,1.5182496,1.3892317,0.7197716,0.56510794,0.5977542,1.0046624,1.8545864,2.637688,1.471014,1.8162559,-0.8102355,0.63821185,0.58778524,-0.809017,1.2246469e-16,-1.0,0.0
2020-06-05 00:00:00,5.0,-0.11172016,-0.53275675,0.761466,-0.049484916,-0.25170115,-1.661774,-1.3904375,0.10523219,-1.1540363,-1.3972665,-1.778962,-0.4546073,1.3325279,1.2683713,0.85012114,0.61178786,0.47185853,0.69559276,2.2342854,1.9651471,1.2822598,1.6032978,-1.1916746,0.8356991,-0.58778524,-0.809017,1.2246469e-16,-1.0,0.0
2020-06-08 00:00:00,5.0,1.4027047,1.8952883,-1.2244914,-1.355014,2.3043044,0.121110514,2.5187774,0.4453757,-0.9222335,-1.2758315,-1.7718209,0.25242543,1.9450511,1.7626317,1.1657425,1.273196,0.89955556,1.046462,3.0,2.7365177,2.0178094,2.1530378,0.41325256,1.1265966,-0.95105654,0.309017,1.2246469e-16,-1.0,0.0
2020-06-09 00:00:00,5.0,0.15230094,0.31113043,2.6141615,-0.7360255,0.42909935,-0.49203205,-0.5739838,0.12669004,-0.955177,-1.2609203,-1.7462114,0.19932063,1.9439145,1.76484,1.4200745,1.185499,0.9434407,1.0230585,3.0,2.2057376,1.9896705,2.122907,-0.57928425,1.1383659,0.0,1.0,1.2246469e-16,-1.0,0.0
2020-06-10 00:00:00,5.0,-0.72091913,-1.3011738,-0.47473675,-0.8975269,1.3545406,-0.60715485,-0.27814174,0.065029554,-0.81888336,-1.1182095,-1.5692184,0.38480395,1.3630017,1.4126558,1.2072597,0.52436507,0.7461742,0.8710027,3.0,1.3858017,1.3547312,1.6482279,0.20297474,1.2131714,0.95105654,0.309017,1.2246469e-16,-1.0,0.0
2020-06-11 00:00:00,5.0,-0.5915851,-1.0824583,-0.5756526,-0.1943519,1.0157378,-0.647679,-0.09067647,0.15203518,-0.73879623,-1.0178359,-1.4344921,0.48556176,1.0055168,1.1897752,0.84209996,0.06557887,0.45211953,0.74855864,3.0,0.89386123,0.94247156,1.354296,0.062712915,1.7258941,0.58778524,-0.809017,1.2246469e-16,-1.0,0.0
2020-06-12 00:00:00,5.0,-1.4966682,-1.3576872,-0.15753558,-1.3457804,0.64428085,-0.962335,-0.49167842,-1.290219,-0.41693726,-0.74006647,-1.1174135,0.92309153,0.15489927,0.633279,0.05712026,-0.49943906,0.15505001,0.57799673,2.7063355,-0.23134254,-0.055829834,0.64331,-0.13658628,1.4701539,-0.58778524,-0.809017,1.2246469e-16,-1.0,0.0
2020-06-15 00:00:00,5.0,0.06257105,0.79474634,0.7855174,-0.3422332,1.1800601,-1.1342715,-0.4753611,-0.6743684,-0.4034242,-0.7024944,-1.079971,0.93667334,0.19463769,0.67106056,-0.46527612,-1.1134346,0.2960513,0.66574615,2.828064,-0.23463716,-0.073257655,0.6806531,0.42377892,1.5790029,-0.95105654,0.309017,1.2246469e-16,-1.0,0.0
2020-06-16 00:00:00,5.0,-0.5242582,0.20498024,2.7468314,-0.784427,3.0,0.44479635,1.7541987,-1.3875085,0.6696963,-0.026306529,-0.5558871,2.6110773,-0.115492776,0.47746184,-0.9420931,-1.4366922,0.042424534,0.53753406,2.5342574,-0.7126159,-0.3752319,0.49494871,1.7216637,1.3908497,0.0,1.0,1.2246469e-16,-1.0,0.0
2020-06-17 00:00:00,5.0,0.26829246,-0.04664867,2.2227385,-0.1733563,-0.12932925,0.018588884,-0.46753097,0.74717176,0.3454458,-0.14264816,-0.6357579,1.8774345,0.08575421,0.64613587,-1.2365143,-1.0629959,-0.2551909,0.19481938,2.8942196,-0.43952373,-0.26778582,0.6172701,-0.8481203,1.1927389,0.95105654,0.309017,1.2246469e-16,-1.0,0.0
2020-06-18 00:00:00,5.0,-0.43149424,-0.82234526,0.6376601,-0.71867526,-0.10881762,-0.9971272,-1.0323393,0.098358914,0.09115708,-0.20754354,-0.6330136,1.2192636,-0.22600041,0.487003,-1.596076,-0.99175304,-0.6964879,0.18416587,2.5353131,-0.7643305,-0.5914157,0.48478875,-0.7055112,1.1491823,0.58778524,-0.809017,1.2246469e-16,-1.0,0.0
2020-06-19 00:00:00,5.0,-0.21239291,0.2809375,-0.22540502,1.9416282,-0.6140093,-1.0651623,-0.39948142,-0.38857752,-0.31811127,-0.39813766,-0.7316415,0.43560192,-0.4289107,0.40277174,-1.9278849,-0.3840609,-0.80682015,0.0035826035,2.2004564,-0.8837567,-0.8254482,0.4072804,-1.5331194,1.1141046,-0.58778524,-0.809017,1.2246469e-16,-1.0,0.0
2020-06-22 00:00:00,2.0,0.37062144,0.9257237,0.74890274,-0.7925559,-0.3481495,2.3178031,3.0,0.22716613,-0.5837895,-0.5762489,-0.87320256,0.039254673,-0.020954268,0.74854434,-1.941982,-0.24838327,-1.2910328,0.25710407,2.0973163,-0.5454309,-0.5928447,0.63810164,-1.0607809,0.87243646,-0.95105654,0.309017,1.2246469e-16,-1.0,0.0
2020-06-23 00:00:00,2.0,-0.49418634,-0.58558506,-0.96325636,1.4587755,-0.55208236,0.38541958,-1.0796188,-0.47456646,-0.735867,-0.64919704,-0.8773406,-0.28422,-0.48444888,0.41674644,-1.9826604,-0.19111763,-1.4939762,0.1207482,1.1575371,-0.92646676,-1.0232329,0.39193386,-1.4668452,0.7652152,0.0,1.0,1.2246469e-16,-1.0,0.0
2020-06-24 00:00:00,5.0,0.5340138,0.77539605,0.55259615,-0.06270724,-0.15920727,-0.923181,-1.2071756,0.33585444,-0.8804897,-0.7798354,-0.9863083,-0.44304556,0.025835866,0.7419854,-1.7662143,-0.13336724,-1.0147153,0.24837522,0.86589426,-0.589462,-0.66536427,0.6407775,-0.66166127,0.7905606,0.95105654,0.309017,1.2246469e-16,-1.0,0.0
2020-06-25 00:00:00,2.0,-1.1581248,-1.4303467,-0.44515046,-1.3332577,0.2633148,-0.7336185,-0.049562998,-0.24849299,-0.6942526,-0.6410321,-0.8177693,-0.24543433,-0.98522055,-0.011908798,-1.8913542,-0.44890493,-1.1444119,-0.42593965,0.6894338,-1.3572938,-1.5330745,0.019332193,0.47012666,0.8961518,0.58778524,-0.809017,1.2246469e-16,-1.0,1.0
2020-06-26 00:00:00,2.0,0.11054646,0.8116426,0.02011409,0.43322203,-0.31100076,-0.4259533,0.16098839,-0.42834318,-0.88332033,-0.77255195,-0.90529495,-0.5098216,-0.8813129,0.03211574,-1.904579,-0.2900839,-0.50697833,-0.28779694,1.074512,-1.2223188,-1.4582497,0.039838355,-1.0078388,0.8759596,-0.58778524,-0.809017,1.2246469e-16,-1.0,1.0
2020-06-29 00:00:00,5.0,-0.34980303,-1.4218707,-0.48115727,-1.3390669,-0.14223666,-0.8435536,-0.69112194,0.8268868,-0.93334377,-0.8079389,-0.90336293,-0.56043327,-1.1449058,-0.20572239,-1.9262978,-0.73805106,-0.64454174,-0.2105708,0.7579547,-1.3997608,-1.7075478,-0.19776472,-0.46729273,0.93627626,-0.95105654,0.309017,1.2246469e-16,-1.0,1.0
2020-06-30 00:00:00,5.0,1.0300881,1.6406218,-0.7592467,-0.8759547,0.21945293,0.028539948,1.1092361,-0.2922347,-0.940463,-0.8836503,-1.0069113,-0.29204664,-0.18958735,0.4555503,-1.5731506,0.04474386,-0.14351012,-0.08891359,0.6207783,-0.80135936,-0.96255887,0.28667286,0.59361356,0.97463757,0.0,1.0,1.2246469e-16,-1.0,1.0
2020-07-01 00:00:00,5.0,-0.69489735,-0.6549092,0.18023634,-0.049247257,-0.005497595,0.38003054,0.12371119,-0.5266781,-0.9077866,-0.85054505,-0.94111246,-0.2502237,-0.75625205,0.0052877646,-1.5067943,-0.5928752,-0.49976087,-0.96513826,0.6251503,-1.1161438,-1.3944062,-0.13141038,-0.15530583,0.78649795,0.95105654,0.309017,1.2246469e-16,-1.0,1.0
2020-07-02 00:00:00,5.0,0.2804465,-0.033756506,0.34244472,1.3715683,-0.3328254,-0.23691179,-0.67660856,0.49109247,-1.1545434,-1.0024571,-1.0347761,-0.5065228,-0.5355522,0.14849703,-1.3743174,0.1842838,-0.25016412,-1.2691926,0.4048202,-0.8807658,-1.1507611,-0.053739175,-1.1255723,0.740224,0.58778524,-0.809017,-0.5,-0.8660254,0.0
2020-07-03 00:00:00,5.0,0.426003,0.971764,0.04118906,0.12454158,-0.5341808,-0.5626452,-0.45772734,-0.0034293982,-1.4923704,-1.2247175,-1.1758292,-0.8774441,-0.1612038,0.39780667,-1.1313827,0.3377465,0.007180395,-1.0775349,0.6263685,-0.57973105,-0.79650146,0.10620291,-1.4342041,0.7263097,-0.58778524,-0.809017,-0.5,-0.8660254,0.0
2020-07-06 00:00:00,5.0,-0.52188766,-0.6131599,-0.528014,0.7673559,-0.5868673,-1.154137,-1.0250973,-0.7133051,-1.5968256,-1.3039501,-1.1877214,-1.0354389,-0.6232414,0.044160556,-1.0936148,0.26495573,-0.44385353,-1.9942746,0.54847056,-0.816463,-1.0452279,-0.26453695,-1.4504079,0.55353814,-0.95105654,0.309017,-0.5,-0.8660254,0.0
2020-07-07 00:00:00,5.0,0.5621339,0.3202737,2.6307552,-0.8965708,-0.5883728,-0.7865589,0.33189282,0.80688655,-1.6264677,-1.4084278,-1.2824528,-0.95123863,-0.10326966,0.39489973,-0.83203864,0.013475705,0.052814923,-1.8289006,0.5355949,-0.40090492,-0.38032413,0.040987484,-1.4016845,0.576754,0.0,1.0,-0.5,-0.8660254,0.0
2020-07-08 00:00:00,5.0,-0.39446673,-0.21429189,0.9519183,0.2517383,-0.53328925,-0.5887761,0.070743695,-0.7751477,-1.7885439,-1.5276617,-1.3292655,-1.2742779,-0.4781842,0.11012033,-0.7878126,0.17485586,-0.38656428,-1.545596,0.52611464,-0.776815,-0.58495724,-0.29191077,-1.2843485,0.59165686,0.95105654,0.309017,-0.5,-0.8660254,0.0
2020-07-09 00:00:00,5.0,-0.44203237,-0.19982512,1.4158039,-0.21921515,-0.51134425,-0.077288456,0.5987803,-0.88458997,-1.8768922,-1.6154511,-1.3637666,-1.493233,-0.87223667,-0.1998211,-0.9158499,-0.18366462,0.005057474,-1.420816,0.4362573,-1.5531414,-0.8823444,-0.68143547,-1.3080788,0.48059016,0.58778524,-0.809017,-0.5,-0.8660254,0.0
2020-07-10 00:00:00,2.0,-1.3451492,-1.5993197,-1.2497541,-1.0313436,0.6852844,0.4276898,0.46709624,0.23924536,-1.1753156,-1.2353197,-1.1118766,-0.45221686,-1.8028749,-0.9997569,-1.3821536,-1.0535157,-0.63889927,-1.12326,0.41282505,-2.5405326,-1.8298606,-1.4702699,1.9587252,-0.916966,-0.58778524,-0.809017,-0.5,-0.8660254,0.0
2020-07-13 00:00:00,2.0,0.10433581,1.1744235,-0.00072509213,-0.4987715,-0.14655247,0.6585731,0.110986054,-0.8511698,-1.3091257,-1.3555282,-1.2025976,-0.6017347,-1.686989,-0.9715353,-1.600749,-0.76118505,-0.43358305,-1.1282911,0.68597054,-1.9166225,-1.6151425,-1.4456118,-0.719507,-0.9537962,-0.95105654,0.309017,-0.5,-0.8660254,0.0
2020-07-14 00:00:00,2.0,0.63099897,0.27726036,0.10698523,1.5809798,-1.1787251,-0.3888849,-1.0909266,1.0728903,-1.505345,-1.5584593,-1.3784429,-0.7796298,-1.0549124,-0.55415404,-1.4195002,-0.77092516,-0.6607212,-0.6647603,0.851335,-1.1058369,-1.0249157,-1.1134573,-1.2445451,-1.2451347,0.0,1.0,-0.5,-0.8660254,0.0
2020-07-15 00:00:00,2.0,0.84313476,1.9104971,-1.449594,-1.0281674,0.5300232,-0.004911944,0.2967642,-0.510791,-1.4394244,-1.6134613,-1.4927714,-0.5314787,-0.2515781,0.04748885,-0.86420816,-0.14796798,0.035546634,-0.5571951,0.7691154,-0.24386026,-0.19447933,-0.5568731,0.18134212,-1.2442126,0.95105654,0.309017,-0.5,-0.8660254,0.0
2020-07-16 00:00:00,5.0,0.5894354,0.67406476,0.0924462,0.5647528,-0.5490936,0.32603186,0.22949113,0.66677135,-1.5510265,-1.7435311,-1.6290385,-0.64270383,0.28609857,0.47955087,-0.23145428,0.39744428,0.17122549,-0.13573903,0.8379719,0.39268413,0.37682986,-0.17144515,-0.85649,-1.1933671,0.58778524,-0.809017,-0.5,-0.8660254,0.0
2020-07-17 00:00:00,2.0,0.19527957,0.68238515,0.626715,-0.032542497,-0.95732594,-0.16376407,-0.6128806,-0.010455556,-1.7686936,-1.9309572,-1.7837098,-1.021554,0.47317597,0.6353953,0.3255564,1.2411685,0.058461927,0.054743256,0.97027594,0.6258556,0.611067,-0.035107166,-1.1052929,-1.2463193,-0.58778524,-0.809017,-0.5,-0.8660254,0.0
2020-07-20 00:00:00,5.0,-0.33697042,-0.1580269,0.56605893,0.95698506,-0.7094635,-0.44231418,-0.3170048,-0.6205735,-1.8485007,-2.0089405,-1.8412287,-1.2057036,0.13690907,0.35966247,0.57503694,1.0096954,0.16475165,-0.29682237,0.6463875,0.34909993,0.34045172,-0.37691456,-0.8346575,-0.9373294,-0.95105654,0.309017,-0.5,-0.8660254,0.0
2020-07-21 00:00:00,2.0,-0.6423261,-0.65504694,-0.33901203,0.5683064,-0.85722953,0.5693969,0.46879357,-0.9557448,-1.7062811,-1.9189117,-1.7899692,-1.0400201,-0.46560228,-0.1452431,0.43068153,0.36183205,-0.41542578,-0.2988862,0.4401549,-0.30930483,-0.27712664,-0.98723215,-1.1025734,-1.0304388,0.0,1.0,-0.5,-0.8660254,0.0
2020-07-22 00:00:00,2.0,1.357224,1.4970545,-0.7161387,-0.72873336,2.0452538,2.6444285,1.1378815,0.09144385,-1.1953406,-1.6696974,-1.7729673,0.1125166,0.8055009,0.95529455,0.82192296,0.61235726,0.42328414,-0.022940425,0.7241682,1.3012241,1.0608525,0.27299312,2.2048726,-1.3344289,0.95105654,0.309017,-0.5,-0.8660254,0.0
2020-07-23 00:00:00,5.0,-1.2664654,-1.2634137,-0.11156649,-1.2790456,1.3725208,1.5184169,-0.4949953,-0.5819368,-0.81856126,-1.3428707,-1.5337108,0.5818224,-0.32990387,-0.039436575,0.52537197,-0.35756868,0.043068342,0.04102988,0.44820806,-0.22321182,-0.13952763,-0.80720514,1.3127038,-2.5708165,0.58778524,-0.809017,-0.5,-0.8660254,0.0
2020-07-24 00:00:00,5.0,-0.4040428,-1.0828499,-0.019945666,-0.98361987,-0.25772855,-0.4437596,-1.0406772,0.0776737,-0.98461294,-1.3825597,-1.5325238,0.18271887,-0.6559292,-0.3603684,0.2140858,-0.682117,0.54086596,-0.17444682,0.25286642,-0.6545074,-0.5011423,-1.2108215,-0.49091578,-2.3997188,-0.58778524,-0.809017,-0.5,-0.8660254,0.0
2020-07-27 00:00:00,5.0,-0.12770104,-0.2653067,-0.25019285,1.5812627,-0.6394684,0.27547294,0.40496814,-0.16039948,-1.2269341,-1.4985272,-1.5864748,-0.32615104,-0.7744085,-0.48386645,-0.051270384,-0.5798102,0.4392258,-0.06456969,0.053457256,-0.7749961,-0.6639728,-1.4265308,-0.8105295,-2.4789624,-0.95105654,0.309017,-0.5,-0.8660254,0.0
2020-07-28 00:00:00,2.0,-0.39773053,-0.54132116,0.38026375,0.08270451,-0.75004435,-1.1282276,-1.0356503,-0.50199,-1.4190865,-1.606237,-1.6412609,-0.75042725,-1.0696383,-0.7817606,-0.3985311,-0.44374222,-0.06674325,-0.68894154,0.26336235,-1.0654906,-1.0017803,-1.8574669,-1.0638957,-2.8772275,0.0,1.0,-0.5,-0.8660254,0.0
2020-07-29 00:00:00,2.0,-0.068217404,-0.9741087,0.16656847,-0.88100594,-0.45268235,-1.1103731,-0.24779385,0.50080234,-1.5259975,-1.6962758,-1.7232915,-0.9632326,-1.1174107,-0.8592626,-0.63332856,-1.1837922,-0.5255674,-0.40427217,0.44463396,-1.0046432,-1.0521542,-1.9378486,-0.7059725,-2.2674043,0.95105654,0.309017,-0.5,-0.8660254,0.0
2020-07-30 00:00:00,5.0,0.019568177,0.7750911,-1.0720632,1.8216579,-0.48180315,-0.08203151,0.86480457,-0.44449523,-1.6109147,-1.7784264,-1.807822,-1.1409266,-1.0987914,-0.87561774,-0.7394484,-0.50407267,-0.81154543,-0.5401497,0.39184454,-0.8792812,-1.0019106,-1.9489841,-0.82212025,-2.215013,0.58778524,-0.809017,-0.5,-0.8660254,0.0
2020-07-31 00:00:00,5.0,-1.2475271,-1.2523164,-0.8541574,-0.55213404,2.1238987,0.67818016,0.44249535,0.1974642,-0.8982417,-1.2997574,-1.4902014,0.1875138,-1.9070367,-1.6921211,-1.1344254,-0.8826256,-1.4671173,-1.207472,-0.09769422,-1.626596,-1.7760391,-2.4557936,2.1402922,-2.0015166,-0.58778524,-0.809017,-0.5,-0.8660254,0.0
2020-08-03 00:00:00,5.0,-0.98421395,-1.049779,0.036880057,-0.9894487,1.122399,1.3875273,0.36498097,-0.16017196,-0.5635913,-1.0249459,-1.2898977,0.635394,-2.330032,-2.205161,-1.6110284,-1.2798111,-1.7031598,-1.3371775,-0.18706447,-1.800804,-2.2209952,-2.7398844,1.1602075,-2.0920105,-0.95105654,0.309017,-0.5,-0.8660254,0.0
2020-08-04 00:00:00,2.0,0.83451295,0.76669157,-1.422511,2.2712781,0.30769137,0.8993734,-0.33458424,0.8134005,-0.6470734,-1.0745735,-1.3737499,0.5630202,-1.527514,-1.5325499,-1.5385801,-0.68069994,-1.021379,-1.2589761,-0.14149112,-1.1118318,-1.4360818,-2.103516,0.22462119,-2.1691818,0.0,1.0,-0.8660254,-0.5,0.0
2020-08-05 00:00:00,2.0,2.192707,1.4618398,0.029565776,-1.2462962,2.0082135,3.0,2.9079614,1.5138003,0.15496477,-0.6161752,-1.2412772,2.0951838,0.28278324,0.18312061,-0.4843233,0.44636986,-0.66174275,-0.2101455,0.18957718,0.3385847,0.3542294,-0.48451847,2.329247,-2.186668,0.95105654,0.309017,-0.8660254,-0.5,0.0
2020-08-06 00:00:00,2.0,0.84988475,0.53347594,1.9345517,-0.6956067,0.7883558,2.1570039,-0.4425313,1.0844686,0.2704007,-0.47431612,-1.1817541,2.1664,0.8563381,0.7976743,0.32289615,0.86478174,0.3327639,0.3312819,0.30355906,0.89480615,0.88801056,0.030307818,1.0884258,-1.8959861,0.58778524,-0.809017,-0.8660254,-0.5,0.0
2020-08-07 00:00:00,2.0,-1.2867978,-0.85915446,-0.37050113,0.11521392,0.98401624,0.54805654,-1.073411,-1.1844065,0.49592677,-0.15919723,-0.89041007,2.0561004,-0.06442663,-0.12128641,0.40653524,0.80841976,-0.065085314,0.41704285,0.27509856,-0.026958626,0.007594167,-0.6075783,1.1135314,-2.3219397,-0.58778524,-0.809017,-0.8660254,-0.5,0.0
2020-08-10 00:00:00,2.0,-0.91985357,-1.4053583,-1.2608886,-0.5062927,-0.2168471,-0.3717587,-1.0587505,-0.41651368,0.261003,-0.16602583,-0.8051862,1.4441544,-0.63340634,-0.7448851,0.20336564,0.81331706,-0.44076914,-0.0026952592,0.18783522,-0.6387754,-0.5909188,-1.0891492,0.05787401,-2.1461356,-0.95105654,0.309017,-0.8660254,-0.5,0.0
2020-08-11 00:00:00,2.0,0.94977885,1.2522572,0.425802,-1.1959928,-0.36915174,-0.44981927,-0.25309846,0.82942784,0.043147508,-0.2999869,-0.9265603,1.1787677,0.034232046,-0.03448758,0.3657473,0.89958787,0.19910233,0.11401681,0.31990972,-0.009409419,0.020651126,-0.5805002,-0.065172926,-1.7528878,0.0,1.0,-0.8660254,-0.5,0.0
2020-08-12 00:00:00,2.0,1.4559317,1.4241335,-0.3737036,-0.84188986,0.6819078,-0.086240694,0.46680227,0.9201583,0.08418551,-0.30456677,-0.9948846,1.3222114,0.9261015,0.991456,0.86472684,0.50862414,0.9033868,0.32414806,0.057354685,0.931908,0.9115864,0.20370147,1.0844349,-2.3793101,0.95105654,0.309017,-0.8660254,-0.5,0.0
2020-08-13 00:00:00,2.0,0.4368828,1.0361811,-0.59078515,0.39712054,0.58223224,-0.17204982,-0.26846853,-0.62272775,-0.028825983,-0.35261297,-1.0225703,1.1228801,1.153461,1.2569953,1.2735195,0.29169342,1.0911287,0.2410152,0.23207848,1.1901155,1.1639545,0.46204773,1.0526096,-2.2170901,0.58778524,-0.809017,-0.8660254,-0.5,0.0
2020-08-14 00:00:00,5.0,-1.1308124,-0.20701705,2.311668,-0.9202741,1.549259,0.02524772,0.15763065,-1.8054081,0.37206212,0.019096365,-0.6887629,1.3810673,0.3603055,0.42678696,1.084986,0.38922253,1.1149834,-0.29880318,-0.10710313,0.47598052,0.45368016,-0.061672445,2.1180139,-1.9333196,-0.58778524,-0.809017,-0.8660254,-0.5,0.0
2020-08-17 00:00:00,5.0,-0.97482485,-1.2798871,-1.1426107,-0.19771367,-0.28427795,-0.52137196,-0.81860846,-0.4613398,0.24517262,0.04894277,-0.56397897,1.0004523,-0.23856778,-0.23472798,0.7165127,0.37777418,1.0945734,-0.5502948,-0.19651721,-0.15147108,-0.08951632,-0.47570974,0.22999927,-1.7844546,-0.95105654,0.309017,-0.8660254,-0.5,0.0
2020-08-18 00:00:00,5.0,-0.45320803,-0.8781369,0.72458017,-1.1621088,-0.81039375,1.9628063,3.0,-0.096825,-0.11595583,-0.1358084,-0.6132196,0.44249892,-0.50439596,-0.5424218,0.33575433,-0.3422994,0.517481,-0.46064937,-0.2914134,-0.41952315,-0.356031,-0.6663285,-0.3268316,-1.6197993,0.0,1.0,-0.8660254,-0.5,0.0
2020-08-19 00:00:00,5.0,-0.5840086,-0.95772696,-0.09889649,-0.45963475,-0.52102417,-0.1452138,-1.3049866,-0.15639862,-0.30360755,-0.23146488,-0.606461,0.11232676,-0.82743967,-0.9183737,-0.11180223,-1.3415582,-0.75728923,-1.2621983,-0.46651042,-0.76950777,-0.64980966,-0.9312969,0.08823264,-1.5371013,0.95105654,0.309017,-0.8660254,-0.5,0.0
2020-08-20 00:00:00,5.0,0.11360934,0.8984122,-0.39049977,0.757089,-0.93692154,-0.18395351,-0.2585937,-0.5710985,-0.6390044,-0.49130946,-0.7649844,-0.3281926,-0.76969314,-0.8628372,-0.38213766,-1.4726491,-1.0896785,-0.6750794,-0.71625,-0.6228463,-0.57398564,-0.8855879,-0.4556818,-1.3818495,0.58778524,-0.809017,-0.8660254,-0.5,0.0
2020-08-21 00:00:00,5.0,-0.8004011,-0.88165224,0.745137,-1.1450589,-1.1641347,-0.49342299,-0.58841866,-1.1787119,-0.73806477,-0.5584696,-0.7410966,-0.53808415,-1.1941402,-1.3401823,-0.80019623,-1.294015,-0.85549915,-0.8173042,-0.79983103,-1.0226864,-1.0901458,-1.3369874,-1.0624071,-1.4612472,-0.58778524,-0.809017,-0.8660254,-0.5,0.0
2020-08-24 00:00:00,5.0,-0.37195784,-1.2044394,-0.6767444,-0.5461991,-0.983318,-0.451752,-0.15003148,0.17647688,-0.9385533,-0.73062944,-0.8270312,-0.8449486,-1.3671983,-1.5425582,-1.1761112,-0.9953748,-0.597593,-0.91045773,-0.7400707,-1.0732476,-1.3363466,-1.573098,-0.70839554,-1.4200655,-0.95105654,0.309017,-0.8660254,-0.5,0.0
2020-08-25 00:00:00,5.0,1.1530782,1.4983786,-1.4707017,0.10823113,-0.09649595,-0.31247732,0.15245897,0.50878274,-0.89755416,-0.8309755,-0.98856664,-0.6288442,-0.5172589,-0.712227,-0.91510373,-0.23195481,-0.5257512,-0.29336795,-0.6770752,-0.34493083,-0.47210774,-0.85448277,0.49855617,-1.0978816,0.0,1.0,-0.8660254,-0.5,0.0
2020-08-26 00:00:00,5.0,-0.8417422,-0.7666365,0.7374603,-0.87838566,0.7727209,-0.18852091,0.07346131,-0.22556858,-0.47275716,-0.5384016,-0.73971695,-0.059317075,-0.97538376,-1.2023779,-0.91688174,-0.34482917,-1.5138167,-0.6025933,-1.3910817,-0.7473226,-0.9588725,-1.197953,1.2663198,-1.043275,0.95105654,0.309017,-0.8660254,-0.5,0.0
2020-08-27 00:00:00,5.0,-0.39330834,-0.07112139,1.5651855,0.12569901,-0.8781506,-0.2883994,-0.27004153,-0.84728336,-0.61566544,-0.6276543,-0.766172,-0.30449742,-1.2019911,-1.4380212,-1.0613185,-0.58546513,-1.8477843,-0.7886329,-1.7754742,-0.86759394,-1.2431781,-1.457967,-0.25174546,-1.1109618,0.58778524,-0.809017,-0.8660254,-0.5,0.0
2020-08-28 00:00:00,5.0,-0.33673987,-1.3473933,-1.2431637,-0.42915457,-1.3788717,-0.22555062,-0.045279723,0.12487545,-0.90667516,-0.8353912,-0.8803965,-0.76348644,-1.3924662,-1.6272228,-1.271134,-0.36081764,-1.4846979,-0.42474017,-1.772389,-0.94768983,-1.5992802,-1.765363,-1.1450202,-1.2928712,-0.58778524,-0.809017,-0.8660254,-0.5,0.0
2020-09-01 00:00:00,5.0,-0.2460185,-1.308141,-0.6754356,-1.0849993,-0.8407951,0.041172333,0.19293863,0.68148106,-0.9881617,-0.9254602,-0.93550473,-0.88389426,-1.6221836,-1.8588156,-1.4485282,-0.31531852,-1.2162863,-0.1202997,-2.3420732,-1.0561936,-1.9855356,-2.0224602,-0.2791678,-1.1516715,-0.95105654,0.309017,-0.8660254,-0.5,0.0
2020-09-02 00:00:00,5.0,-0.4544811,-0.77006954,-1.3373983,1.1687998,-0.35190096,1.1692265,1.2467008,0.0010683544,-0.8831628,-0.87951463,-0.89164233,-0.72208625,-2.0121748,-2.2473354,-1.6604146,-1.2760652,-1.2841952,-0.71593374,-2.3939626,-1.1659982,-2.4518063,-2.340575,0.1769226,-1.2799957,0.95105654,0.309017,-1.0,-1.8369701e-16,0.0
2020-09-03 00:00:00,5.0,-0.05372896,-0.72391516,0.3103814,-0.51495093,-0.568957,0.023501845,-1.0095704,0.65272003,-0.91119343,-0.930539,-0.93718976,-0.74304414,-2.1291769,-2.3512897,-1.7876498,-0.83991855,-1.0838796,-1.8735709,-2.0595987,-1.0216932,-2.4559882,-2.4121573,-0.08094049,-1.2304022,0.58778524,-0.809017,-1.0,-1.8369701e-16,0.0
2020-09-04 00:00:00,5.0,0.46120664,0.6803171,1.6177272,-0.5444251,-0.46887872,-0.031157218,-0.28833607,0.19992611,-0.9486137,-1.0065589,-1.0326744,-0.7349111,-1.807467,-2.076039,-1.5824758,-0.36314434,-0.95957446,-2.1291947,-1.7731961,-0.7080044,-1.9618143,-2.1732857,-0.036563642,-1.6832371,-0.58778524,-0.809017,-1.0,-1.8369701e-16,0.0
2020-09-07 00:00:00,5.0,-0.21593365,0.14974523,2.0975754,-0.07745716,0.56128263,-0.31561446,-0.43802944,-0.5970868,-0.71534574,-0.86829627,-0.94877446,-0.33162808,-1.9081794,-2.144023,-1.2774609,-0.27343673,-0.6324826,-1.5709264,-1.264217,-0.65813863,-1.8440636,-2.0916,0.9704734,-1.5272875,-0.95105654,0.309017,-1.0,-1.8369701e-16,0.0
2020-09-08 00:00:00,5.0,1.6019249,1.6863645,-0.7134037,-0.92467076,1.2787803,-0.22197966,-0.039553665,0.028386878,-0.44999832,-0.7594755,-0.9839154,0.26751468,-0.4386914,-0.9637192,-0.32296947,0.70954907,0.2943217,-0.4303505,-1.027347,0.10440202,-0.46281055,-1.0164229,1.4458301,-1.6977551,0.0,1.0,-1.0,-1.8369701e-16,0.0
2020-09-09 00:00:00,5.0,-1.1567189,-0.9154406,-0.57350767,0.0071970536,2.5938919,0.90260464,0.97396195,0.5555068,0.36073625,-0.19925183,-0.5717147,1.2874967,-1.1783004,-1.6069582,-0.06277662,0.37182638,-0.88344586,-1.5108356,-1.0734395,-0.33492637,-0.9509783,-1.2854383,2.2652159,-1.2004256,0.95105654,0.309017,-1.0,-1.8369701e-16,0.0
2020-09-10 00:00:00,5.0,0.7451185,0.8719211,1.1214648,-0.5750077,0.5165692,0.060293525,-0.65738523,0.15683997,0.33029106,-0.21886507,-0.63255715,1.2269926,-0.60447377,-1.1147457,0.33054182,0.8482128,-0.08351306,-1.9141223,-1.1158655,0.03089652,-0.29889423,-0.8936869,1.0621724,-0.65220964,0.58778524,-0.809017,-1.0,-1.8369701e-16,0.0
2020-09-11 00:00:00,5.0,0.13195704,0.42019933,0.23032098,1.6118665,0.14669688,-0.23654583,-0.3866459,-0.37321213,0.20778656,-0.26330698,-0.67104316,0.9942253,-0.58539236,-1.0780504,0.64874357,0.6569897,0.18754195,-2.0366704,-0.99008226,0.080021426,-0.047780477,-0.82667536,0.7383567,-0.90810823,-0.58778524,-0.809017,-1.0,-1.8369701e-16,0.0
2020-09-14 00:00:00,5.0,0.09629684,0.55487096,0.21238403,1.2843044,-0.83192647,-0.45057037,-0.36569247,-0.46293265,-0.31471387,-0.5390144,-0.8372343,0.39522436,-0.5894312,-1.0607508,0.90879285,0.8347154,0.4122779,-1.3922329,-0.94058144,0.122801974,0.093562506,-0.8564477,-0.670693,-0.88943565,-0.95105654,0.309017,-1.0,-1.8369701e-16,0.0
2020-09-15 00:00:00,5.0,-0.6468256,-1.2449759,-0.92195565,-0.60400605,1.3503494,-0.6180486,-0.32347527,1.5381379,0.16489147,-0.21325584,-0.6126652,0.76315683,-1.087454,-1.456731,0.8351297,-0.4899847,0.23847745,-1.1822983,-1.3718257,-0.32984883,-0.21099557,-1.0722094,1.2418475,-0.97118765,0.0,1.0,-1.0,-1.8369701e-16,0.0
2020-09-16 00:00:00,5.0,0.4496135,0.76954937,-0.3336618,1.336268,-0.7336334,1.1755958,1.3748409,0.089762166,-0.38480327,-0.54598075,-0.8341269,0.24505498,-0.7283109,-1.1665113,0.96024513,0.45894864,0.70660317,-0.76014507,-1.0502243,-0.022758525,0.119328246,-0.9175946,-0.46896002,-0.8755108,0.95105654,0.309017,-1.0,-1.8369701e-16,0.0
2020-09-17 00:00:00,5.0,-0.3501926,0.21012674,0.45674792,2.0683227,0.14788084,0.97406936,-0.21035242,-1.2075292,-0.36443636,-0.51794237,-0.7964301,0.21460712,-1.0403103,-1.4023212,0.9015398,-0.18563008,0.56878984,-0.6206694,-1.3389417,-0.32242265,-0.08393854,-1.0950315,0.49389088,-0.8021474,0.58778524,-0.809017,-1.0,-1.8369701e-16,0.0
2020-09-18 00:00:00,5.0,-0.49937975,-0.6284516,0.59296936,-0.42715275,-1.1281502,-0.17042905,-0.68402857,-0.707413,-0.8681733,-0.8357554,-0.9491999,-0.32522732,-1.3951496,-1.6692281,0.70669264,-0.5465578,0.09085572,-0.8998912,-0.9861799,-0.7573279,-0.43644473,-1.4815004,-1.1739844,-0.7028741,-0.58778524,-0.809017,-1.0,-1.8369701e-16,0.0
2020-09-21 00:00:00,5.0,-0.948064,-1.2038189,-1.28962,-0.10700758,0.113369696,3.0,3.0,-0.11042996,-0.60653824,-0.6549816,-0.79305094,-0.15142116,-1.912266,-2.0965667,0.24081217,-1.1324813,-0.2710393,-0.88696045,-1.2624747,-1.3384668,-1.029975,-1.9148688,0.5627704,-0.468565,-0.95105654,0.309017,-1.0,-1.8369701e-16,0.0
2020-09-22 00:00:00,5.0,-1.5288191,-0.9654848,-1.4397298,0.8070079,0.6820328,0.8808918,-1.0594018,-1.4579507,0.62893045,0.32366994,-0.10315534,0.75595427,-2.4789712,-2.6269295,-0.4786859,-1.611679,-1.8110925,-1.376416,-1.493742,-1.8518226,-1.7041411,-2.2320035,1.2490196,-0.21913223,0.0,1.0,-1.0,-1.8369701e-16,0.0
2020-09-23 00:00:00,5.0,1.2535319,0.8246475,0.9374861,-0.16041245,0.78223383,0.34595022,-0.46364516,1.3620694,0.8406892,0.4547641,-0.16065542,1.0138677,-1.4188447,-1.8058,-0.44697276,-1.1516113,-0.6222934,-1.4530902,-1.5208608,-0.99338657,-0.7231491,-1.4926533,1.2840341,-0.2127656,0.95105654,0.309017,-1.0,-1.8369701e-16,0.0
2020-09-24 00:00:00,5.0,-0.32150674,-0.75345653,0.62236214,-0.96598047,0.017252142,-0.54304606,-0.8094693,0.57881474,0.64606184,0.45663947,-0.10403941,0.7443238,-1.5714918,-1.9090868,-0.4990234,-1.1244603,-1.1374627,-1.1355921,-1.3367915,-1.0596738,-0.85540235,-1.6078074,0.50391895,-0.030889116,0.58778524,-0.809017,-1.0,-1.8369701e-16,0.0
2020-09-25 00:00:00,5.0,-1.028958,-0.43682888,1.4992799,-1.1095479,-0.17735285,0.26736918,0.77860785,-1.6954402,0.5301967,0.5608238,0.13668428,0.4872368,-1.9508276,-2.2334301,-0.79820883,-1.4028231,-1.6598265,-1.3691275,-1.636664,-1.3706152,-1.4051379,-2.013407,0.2794019,-0.039745964,-0.58778524,-0.809017,-1.0,-1.8369701e-16,1.0
2020-09-28 00:00:00,5.0,0.37645146,-0.22597128,0.950063,0.07439297,-0.74894005,0.45797983,0.018254723,1.1666471,0.04314844,0.15286307,-0.15709877,0.11737162,-1.7239686,-2.019073,-0.81203127,-0.68903255,-1.5049044,-1.0218437,-1.6494101,-0.9311024,-1.1702989,-1.8758057,-0.1263396,0.15849711,-0.95105654,0.309017,-1.0,-1.8369701e-16,1.0
2020-09-29 00:00:00,5.0,0.4055206,-0.14044486,1.4896562,-0.35192823,-1.5113965,0.190679,-0.33232027,0.91355884,-0.6146906,-0.47259608,-0.6652704,-0.40294036,-1.4709318,-1.7972088,-0.6313977,0.37407243,-1.0041145,-0.741464,-1.3719217,-0.5780487,-0.97272927,-1.7956995,-1.2694122,0.38410747,0.0,1.0,-1.0,-1.8369701e-16,1.0
2020-09-30 00:00:00,5.0,-0.7337971,-1.529063,-1.3316629,-1.1095452,-0.48948246,-0.35856083,-0.59631956,0.50500095,-0.6179615,-0.47179246,-0.57287127,-0.46308646,-1.7614938,-2.025513,-0.65647125,-0.70944893,-1.5230303,-0.8572273,-1.6703075,-0.7623515,-1.4198041,-2.0999308,-0.0874491,0.5761664,0.95105654,0.309017,-1.0,-1.8369701e-16,1.0
2020-10-01 00:00:00,5.0,-0.5507452,-0.41433913,1.3562833,-0.98069686,0.09982944,0.5009495,0.6015879,-0.426803,-0.32217795,-0.22563793,-0.31043035,-0.23565932,-1.9275723,-2.15005,-0.74240863,-0.8320842,-1.5764632,-1.0770907,-1.6345619,-0.7961188,-1.6294664,-2.1479664,0.61948305,0.5548855,0.58778524,-0.809017,-1.0,-1.8369701e-16,1.0
2020-10-02 00:00:00,5.0,-1.1117681,-0.9225197,-0.6311744,-0.1617588,1.7404696,0.6235953,-0.044561397,0.7217187,0.9427809,0.9566831,0.88327694,0.7153534,-2.188008,-2.3814902,-0.9372948,-0.8731856,-1.8059325,-1.7612767,-1.6996956,-0.9799055,-1.8405353,-2.1042945,1.6635916,1.1546633,-0.58778524,-0.809017,-0.8660254,0.5,0.0
2020-10-05 00:00:00,5.0,-0.54672694,-0.24834946,-1.1153826,2.3131785,-0.810429,0.99274135,0.12891611,-0.9897709,0.81983745,0.9958693,1.1914284,0.5117069,-2.2411141,-2.408296,-1.1928042,-1.3616618,-1.5977104,-1.8479278,-1.3989558,-0.94713944,-1.9721036,-2.1805928,-0.51187533,1.2627076,-0.95105654,0.309017,-0.8660254,0.5,0.0
2020-10-06 00:00:00,5.0,0.89112574,-0.22982559,-0.7509351,1.8236259,-0.722873,0.21897277,-0.52989674,2.365107,0.23077859,0.42836872,0.56443244,0.103432804,-1.640303,-1.9471018,-1.0161977,-1.0984606,-0.5749814,-2.0888264,-1.2408057,-0.54236513,-1.4230667,-1.8666811,-0.5204057,2.3525994,0.0,1.0,-0.8660254,0.5,0.0
2020-10-07 00:00:00,5.0,0.7235511,0.5092262,1.0999076,0.8292793,0.3409297,-0.088018216,-0.357321,0.88081205,0.2185862,0.33090523,0.32947767,0.17779744,-1.2150056,-1.6177948,-0.52056783,-0.32804972,-0.79916346,-1.2921016,-1.2722875,-0.2148253,-0.9187441,-1.5048528,0.70209944,1.4523026,0.95105654,0.309017,-0.8660254,0.5,0.0
2020-10-08 00:00:00,5.0,-0.657628,-0.8128853,0.17362007,-0.85115415,-1.0829039,-0.29645056,-0.2852563,-0.77571756,-0.24955253,-0.004447671,0.16413945,-0.32489675,-1.42847,-1.7684722,-0.36078826,-0.3760047,-0.92941564,-1.810802,-1.620942,-0.35534668,-1.2334491,-1.8190584,-1.1650681,0.6752594,0.58778524,-0.809017,-0.8660254,0.5,0.0
2020-10-09 00:00:00,5.0,1.256255,0.84473866,0.44091657,0.8526505,0.87743765,-0.47881582,-0.2637379,1.4543327,-0.0037847857,0.021538142,-0.14889027,0.06819732,-0.68317103,-1.2383149,0.2764288,0.88287216,0.0102968,-1.3737638,-1.5343236,0.12298895,-0.38449776,-1.2230762,0.8684491,1.2349458,-0.58778524,-0.809017,-0.8660254,0.5,0.0
2020-10-12 00:00:00,5.0,0.49867567,0.061956692,1.501062,-0.10556939,-0.76536787,-0.13722435,0.12866673,1.0247122,-0.41167292,-0.3929014,-0.72423077,-0.2532364,-0.48189926,-1.0828114,0.88904387,1.4765875,0.05666879,-1.226395,-1.5108551,0.33990917,-0.047752034,-1.1122038,-0.8450756,1.3758026,-0.95105654,0.309017,-0.8660254,0.5,0.0
2020-10-13 00:00:00,5.0,-0.6112277,-0.23059395,0.7543945,-0.03278969,-1.2192854,-0.95888567,-0.6148822,-1.3507413,-0.695913,-0.6155496,-0.80926234,-0.58456385,-0.77783084,-1.281235,1.1276716,0.6811497,-0.36978492,-1.1962228,-1.5425197,0.11192785,-0.36588293,-1.4351854,-1.4056339,1.3182757,0.0,1.0,-0.8660254,0.5,0.0
2020-10-14 00:00:00,5.0,-0.6786568,-1.3980575,-1.0695478,-1.0882412,-0.28248727,-0.5032526,0.16650654,0.5026062,-0.67839533,-0.5998449,-0.6381741,-0.6155244,-1.0598358,-1.472217,1.0562263,-0.11000775,-0.3414478,-1.6097704,-1.4978895,-0.1914696,-0.65813786,-1.6773955,-0.29344618,1.4338003,0.95105654,0.309017,-0.8660254,0.5,0.0
2020-10-15 00:00:00,5.0,0.19354159,-0.03981478,-0.29444173,1.5136174,-0.6165139,-0.4721804,-0.13749142,0.3915681,-0.89642954,-0.88830936,-1.0274354,-0.7724219,-1.0685648,-1.4567528,1.1109314,0.3760204,-0.030287588,-1.4007554,-1.8183737,-0.12215456,-0.48261154,-1.6451433,-0.9076645,1.339875,0.58778524,-0.809017,-0.8660254,0.5,0.0
2020-10-16 00:00:00,5.0,-1.0639206,-0.5181101,-1.4300219,1.5885811,0.11245443,0.78369224,0.6446984,-1.3879329,0.04594728,-0.025342451,0.08828102,0.054003503,-1.4273771,-1.7128706,0.77418953,-0.93653256,0.0245182,-1.5881281,-1.6698183,-0.6799048,-0.84260416,-1.6986068,0.14938174,1.3040497,-0.58778524,-0.809017,-0.8660254,0.5,0.0
2020-10-19 00:00:00,5.0,0.92102045,0.37144673,-0.13391231,2.2570586,-0.28905404,1.059741,-0.31493378,1.5104636,-0.26552716,-0.38695687,-0.5306523,-0.124997124,-0.89713883,-1.3522004,0.90287155,-0.7100677,0.65307194,-0.90165484,-1.3783836,-0.18879709,-0.24858512,-1.3625077,-0.1922575,0.92362916,-0.95105654,0.309017,-0.8660254,0.5,0.0
2020-10-20 00:00:00,5.0,-0.08642006,0.27778685,0.4291769,1.4213023,0.04378295,-1.9971186,-1.119275,-0.5433973,-0.28926855,-0.4101989,-0.54949653,-0.14760898,-0.9827577,-1.3891183,0.9670299,-0.4057842,0.22692537,-0.34255093,-1.3469355,-0.20126541,-0.27878457,-1.3472009,0.05081799,0.32633904,0.0,1.0,-0.8660254,0.5,0.0
2020-10-21 00:00:00,5.0,-0.12550732,0.6489625,0.5188318,1.1927893,-0.797385,-1.7522008,-0.1677274,-1.1059142,-0.67320573,-0.75447255,-0.88719237,-0.52432907,-1.0768191,-1.4306298,0.98530877,-0.0848869,-0.15394221,-0.8783747,-1.2708117,-0.31110355,-0.34196052,-1.432357,-1.1730336,-0.01536345,0.95105654,0.309017,-0.8660254,0.5,0.0
2020-10-22 00:00:00,5.0,-1.0459694,-1.5632026,-1.2997931,-1.1335394,0.5730713,0.0058574085,1.015567,0.51663905,-0.32341656,-0.38615146,-0.284417,-0.2812532,-1.4206753,-1.6682216,0.64547753,-0.7778174,-0.31671116,-1.1390182,-1.4592074,-0.88770336,-0.8516848,-1.6268581,0.2255714,0.11926446,0.58778524,-0.809017,-0.8660254,0.5,0.0
2020-10-23 00:00:00,5.0,0.60824174,1.1204712,-1.0453484,1.7843298,0.5265224,0.4170345,-0.0011118999,-0.4772683,-0.2576082,-0.43550956,-0.52612096,-0.11730964,-1.1178696,-1.4547081,0.65839523,0.1491611,-0.6138731,-0.513906,-1.3588147,-0.45529804,-0.40747824,-1.2694733,0.13308452,0.20577134,-0.58778524,-0.809017,-0.8660254,0.5,0.0
2020-10-26 00:00:00,5.0,1.1568496,1.1102986,1.1899832,-0.7523478,-0.16614065,0.064907365,-0.2920979,0.9740259,-0.19270168,-0.52244663,-0.93809956,0.1128181,-0.38852325,-0.98667526,1.0546043,0.28512296,-0.33511296,-0.2320677,-0.84178025,0.19984543,0.34985438,-0.74956894,-0.5389339,-0.030423237,-0.95105654,0.309017,-0.8660254,0.5,0.0
2020-10-27 00:00:00,5.0,-0.99103856,0.057988867,2.2109368,-1.1134193,1.5242186,1.0084854,0.22580026,-1.8707486,0.48314962,0.2447656,0.07848653,0.5886693,-0.79945016,-1.2401946,0.9753501,-0.22363131,-0.49562097,-0.7547221,-0.79535747,-0.54487085,-0.10533545,-0.88544375,1.1514161,0.33319715,0.0,1.0,-0.8660254,0.5,0.0
2020-10-28 00:00:00,5.0,-0.7101782,-1.4563899,-1.0802875,-1.0952795,2.3397105,1.4813333,0.07100613,2.7141201,1.5312126,1.3960131,1.4323592,1.3422972,-1.057449,-1.4013358,0.7092643,-0.55136746,-0.4954424,-0.725728,-1.127076,-0.9671784,-0.29626143,-0.8169261,1.708525,0.2878523,0.95105654,0.309017,-0.8660254,0.5,0.0
2020-10-29 00:00:00,5.0,-0.2287656,0.2137399,-1.0332572,2.7063808,-0.23251091,2.9015145,0.7736546,-0.70655864,1.3582023,1.4043705,1.567749,1.0985274,-1.1720442,-1.465393,0.5147614,-0.07517082,-0.6686309,-0.5965309,-1.7093735,-0.9712431,-0.37394506,-0.8474772,-0.32959825,0.3850479,0.58778524,-0.809017,-0.8660254,0.5,0.0
2020-10-30 00:00:00,5.0,0.39968565,1.0747728,-0.050012574,0.8219739,0.17649357,1.6060053,-0.49459487,-0.8490265,1.0206413,1.1500075,1.2858874,0.80812424,-1.1506712,-1.4285817,0.51654476,-0.23060323,-0.05424586,-0.02428523,-1.856324,-0.6163094,-0.21966976,-0.75432795,0.10918279,0.7956327,-0.58778524,-0.809017,-0.8660254,0.5,0.0
2020-11-02 00:00:00,5.0,1.1857562,1.8500621,-0.47012186,-0.6760846,-0.058369208,0.57547116,-0.572497,-0.5704207,0.595072,0.70432717,0.63233155,0.5316286,-0.5026459,-1.0436966,0.8450426,-0.31153488,0.00057662127,0.6312951,-1.3587468,0.12288099,0.3165102,-0.45323825,-0.16140658,0.2264399,-0.95105654,0.309017,-0.8660254,0.5,0.0
2020-11-03 00:00:00,5.0,2.4051528,1.7696475,-1.3747277,0.30869365,3.0,1.8862724,0.7573461,-0.24516004,1.7704962,1.4852834,0.8605737,1.8947128,0.97977793,-0.10690165,1.5680561,1.6674446,1.0200343,1.1761487,-0.7187494,1.5574481,1.6041013,0.49579448,2.2776215,0.43382922,0.0,1.0,-0.5,0.8660254,0.0
2020-11-04 00:00:00,5.0,1.428904,-0.30424848,-0.58781374,1.1388587,-1.113399,-0.30270407,-1.0670853,2.7234807,1.1185544,0.93674624,0.122833565,1.3983786,1.6658764,0.39889368,2.3083522,2.8408186,1.641387,1.4414396,-0.7446517,2.362334,2.2140794,0.9139894,-1.4337362,1.1600192,0.95105654,0.309017,-0.5,0.8660254,0.0
2020-11-05 00:00:00,5.0,0.038097102,1.4734086,-0.686578,0.43313998,0.44758856,-0.6596257,-0.4037789,-2.03426,1.0049605,0.9492879,0.22469477,1.212096,1.601727,0.36887014,2.6052608,2.8394506,2.1248991,1.8031484,-1.1539254,2.334221,2.1572459,0.97342813,0.7658964,1.3960873,0.58778524,-0.809017,-0.5,0.8660254,0.0
2020-11-06 00:00:00,5.0,-1.664671,-1.4825859,-1.095071,-1.0786282,0.399244,-1.0161726,-0.45101076,-0.45837492,1.3594013,1.5408818,1.2666302,1.2086672,0.77701527,-0.14692657,2.2974586,1.765276,1.2526324,0.6112063,-1.6377342,1.1684942,1.3643339,0.5595904,0.69821775,0.1970322,-0.58778524,-0.809017,-0.5,0.8660254,0.0
2020-11-09 00:00:00,5.0,0.15148069,0.39653167,1.6887975,0.15520887,-0.81256735,2.0273216,2.9939828,-0.25679138,0.5665646,0.94454604,0.7532181,0.43052447,0.7550013,-0.16782422,2.1219866,1.2515166,0.82402474,0.44428092,-1.3250533,1.193098,1.433113,0.5444275,-1.0370585,0.09534097,-0.95105654,0.309017,-0.5,0.8660254,0.0
2020-11-10 00:00:00,5.0,3.0,1.911011,-0.47445714,-0.8915418,3.0,2.9990551,1.7652502,1.0857428,3.0,3.0,3.0,3.0,3.0,2.8248374,2.398435,3.0,3.0,3.0,0.4602972,3.0,3.0,2.9422297,2.342615,0.77552277,0.0,1.0,-0.5,0.8660254,0.0
2020-11-11 00:00:00,5.0,1.913667,1.3883053,0.26990634,-0.60850054,1.5789075,0.83429044,-1.1466817,0.29731238,3.0,3.0,3.0,3.0,3.0,3.0,2.8152936,3.0,3.0,3.0,1.2049581,3.0,3.0,3.0,2.145782,0.55444217,0.95105654,0.309017,-0.5,0.8660254,0.0
2020-11-12 00:00:00,5.0,0.29516804,-0.08381813,1.3596833,-0.39860177,0.023984257,0.09623016,-0.77001905,1.1934377,3.0,3.0,3.0,2.9250839,3.0,3.0,3.0,3.0,3.0,3.0,1.5136857,3.0,3.0,3.0,1.274128,0.4917507,0.58778524,-0.809017,-0.5,0.8660254,0.0
2020-11-13 00:00:00,5.0,-0.68363726,0.48876694,0.20482942,1.5210462,-0.25162804,-0.62512004,-0.99873686,-2.0118382,2.4784043,3.0,3.0,2.0891836,2.8431034,2.6446464,2.8439083,3.0,3.0,3.0,1.2857914,2.5565798,2.844741,2.7185562,0.31373766,0.60686535,-0.58778524,-0.809017,-0.5,0.8660254,0.0
2020-11-16 00:00:00,5.0,-0.04367375,1.4915723,-0.037097137,-0.656799,-0.22714338,-0.8674856,-0.63230485,-1.8723687,1.6815703,2.405234,2.607929,1.303617,2.570476,2.4376447,2.6020298,2.9912376,2.777869,2.8796437,1.5492676,2.1877143,2.583087,2.5539458,0.6667616,0.47113943,-0.95105654,0.309017,-0.5,0.8660254,0.0
2020-11-17 00:00:00,5.0,2.0436394,1.5810872,-0.5130366,-0.50712276,0.82294554,-0.08142547,1.6875572,1.0437725,1.8557013,2.31391,2.251918,1.6395897,2.884486,2.9373693,2.4144444,1.5766096,2.7060852,3.0,2.3251116,2.3864048,2.8510005,2.833944,1.9220886,0.55296683,0.0,1.0,-0.5,0.8660254,0.0
2020-11-18 00:00:00,5.0,0.2013235,0.8050722,-1.2720512,2.110956,-0.23797278,-0.6345577,-0.76018065,-0.37141255,1.2328176,1.805175,1.8150584,1.0168955,2.7027895,2.7730708,2.3430293,0.822265,2.3335223,3.0,2.0256355,2.0805395,2.649445,2.7170925,0.95503044,0.5856081,0.95105654,0.309017,-0.5,0.8660254,0.0
2020-11-19 00:00:00,5.0,0.08687155,0.36480263,0.5156161,1.1622741,-0.14678031,-0.9108076,-0.58768785,-0.040691387,0.86732584,1.4828314,1.5703443,0.63347906,2.522447,2.5951257,2.1495001,0.7294132,2.2578692,3.0,2.2511616,1.831503,2.4106975,2.5772536,1.1312188,0.5507535,0.58778524,-0.809017,-0.5,0.8660254,0.0
2020-11-20 00:00:00,5.0,-1.1087875,-0.12848674,0.22148618,0.7752065,-0.1359533,-0.6989926,0.23729223,-2.0278375,1.1202823,1.7725037,2.2397828,0.67642087,1.850612,2.0294716,1.6439806,0.5334978,2.1930828,2.503438,1.9593192,1.4091681,1.8065494,2.1697729,1.2123215,0.4281282,-0.58778524,-0.809017,-0.5,0.8660254,0.0
2020-11-23 00:00:00,2.0,0.14711046,0.45420754,1.4022126,-0.030232448,-0.8838707,-1.1577235,-0.9210009,0.126965,0.17662421,0.9575596,1.3557314,-0.21641721,1.7932533,1.9636892,1.3990185,0.6167755,2.132143,2.21595,2.0347257,1.3059163,1.7682711,2.1478443,-1.6824682,0.4144851,-0.95105654,0.309017,-0.5,0.8660254,0.0
2020-11-24 00:00:00,2.0,1.2948823,1.7407817,-0.9268249,-0.61604494,-0.5510121,-0.6991054,0.8958542,1.502622,0.016253974,0.6010929,0.7157521,-0.20436564,2.0178077,2.2199209,1.2685915,0.28321433,1.106476,2.560499,2.3700259,1.4375453,1.9931488,2.3229022,-0.73022974,0.06763737,0.0,1.0,-0.5,0.8660254,0.0
2020-11-25 00:00:00,2.0,2.629313,2.082973,-1.4011296,-1.1032237,0.7755989,0.19247146,1.2880416,1.5315305,0.8665517,0.9555588,0.60455847,1.0047159,2.4004283,2.7249002,1.3798581,1.4442028,1.3491665,3.0,3.0,1.8039328,2.399446,2.606456,1.7466213,0.35716665,0.95105654,0.309017,-0.5,0.8660254,0.0
2020-11-26 00:00:00,2.0,-0.8936512,-0.75712806,0.13941383,-0.2934838,0.41354924,-0.6200157,-0.9865694,-0.23511928,1.1769866,1.3508458,1.3511655,1.079194,1.9027698,2.2418976,1.2349663,0.9769398,1.0129138,2.6987932,2.6205556,1.4325612,1.8190541,2.2174206,1.504763,0.13402969,0.58778524,-0.809017,-0.5,0.8660254,0.0
2020-11-27 00:00:00,2.0,-0.505386,-1.0585669,-0.73168135,-0.14461559,-0.64367664,-1.2185999,-1.2179449,-0.07739274,0.5003102,0.91414243,1.0676525,0.29749137,1.6276731,1.9636917,1.0604535,1.2130468,1.0392941,2.4170618,2.2775667,1.2042457,1.5361223,2.0580134,-0.56665343,0.349808,-0.58778524,-0.809017,-0.5,0.8660254,0.0
2020-11-30 00:00:00,5.0,-0.08570971,1.1335747,-0.38413516,0.024535123,-0.4326262,0.27142972,3.0,-1.3329579,0.111637786,0.59159875,0.7799055,-0.113970846,1.5340279,1.8474665,0.7995532,1.0995164,1.0198104,2.1623406,2.2015634,1.0887136,1.3652682,1.9691305,0.35009247,0.52302176,-0.95105654,0.309017,-0.5,0.8660254,0.0
2020-12-01 00:00:00,2.0,-1.8725537,-1.7323581,-1.2850988,-1.2513019,0.04384646,-0.15306354,-0.5531932,-1.1695843,0.93120337,1.416234,2.1666224,0.38534254,0.84156513,1.2318751,0.065999925,-0.3693165,-0.05594805,1.4628589,1.4118778,0.5667474,0.5895563,1.4665884,1.3051533,0.80592513,0.0,1.0,-0.5,0.8660254,0.0
2020-12-02 00:00:00,2.0,0.9492894,1.504995,-0.27463257,-0.91945714,0.43280953,-0.789451,-0.8415987,-0.7706768,1.0709004,1.4062052,1.951161,0.63415676,1.0368652,1.4082206,-0.24773057,-1.1286913,0.16584831,1.4462284,1.8102726,0.7287379,0.75795823,1.5590013,1.5119389,0.84291303,0.95105654,0.309017,-2.4492937e-16,1.0,0.0
2020-12-03 00:00:00,2.0,1.4490882,1.9439874,-1.2693597,-1.0788698,0.5654622,-0.44798157,0.3876196,-0.8742142,1.1700456,1.3437585,1.611031,0.90909606,1.3127648,1.6733468,-0.2039401,-0.014185472,0.56860983,1.6857395,1.9592962,1.0419425,1.0490587,1.7164071,1.4954076,1.3760822,0.58778524,-0.809017,-2.4492937e-16,1.0,0.0
2020-12-04 00:00:00,2.0,-0.08509692,0.429971,-0.79448533,2.0132225,-0.5523397,-0.62059367,-0.36381727,-0.45783103,0.5691378,0.92263347,1.2443181,0.2829239,1.2457649,1.5876474,-0.21909888,0.18012099,0.8287853,1.8176539,1.8611114,0.9736725,0.91134584,1.6647447,0.2260366,2.9609473,-0.58778524,-0.809017,-2.4492937e-16,1.0,0.0
2020-12-07 00:00:00,2.0,1.1675106,0.6288443,-1.1230057,1.8308533,1.9875776,-0.4697056,-0.04842734,0.75857806,2.131848,2.0441346,2.2577639,1.8080544,1.437594,1.7670567,-0.119112015,0.7867108,1.1235664,1.9578179,2.0394115,1.440183,0.98186225,1.621437,1.6020496,2.811874,-0.95105654,0.309017,-2.4492937e-16,1.0,0.0
2020-12-08 00:00:00,2.0,-0.38916367,-0.67212814,-0.8748115,0.91964775,-0.6446878,-0.7558658,-0.5081653,0.06825436,1.2761048,1.5401338,1.9078335,0.8894526,1.2595067,1.5912488,-0.117269255,1.4592974,0.67081565,1.0682466,1.9880074,1.1656777,0.8262445,1.5428938,0.12723632,2.5473075,0.0,1.0,-2.4492937e-16,1.0,0.0
2020-12-09 00:00:00,2.0,-0.16347526,1.1305816,0.5619655,-0.94014394,-0.7943658,-1.5066592,-0.83328515,-1.1529939,0.47939113,0.96746373,1.4051812,0.07906467,1.1700541,1.4927776,-0.1892274,0.9326623,-0.10126356,0.7419134,1.8280644,0.98773855,0.7541296,1.5092888,-0.79432267,2.812152,0.95105654,0.309017,-2.4492937e-16,1.0,0.0
2020-12-10 00:00:00,5.0,-0.0328836,-0.011959756,2.4844038,-0.89789057,-0.435385,0.46685326,1.8856602,0.22474486,0.06295203,0.6078455,1.0642093,-0.32895362,1.1330085,1.4385461,-0.2983796,0.23729274,0.1370006,0.6893491,1.8202859,0.88501513,0.7047746,1.473908,0.5139182,2.6293592,0.58778524,-0.809017,-2.4492937e-16,1.0,0.0
2020-12-11 00:00:00,5.0,1.281857,1.5363175,-0.52599823,-0.90683305,0.47960138,-0.44609556,-0.6364936,0.36388725,0.15982944,0.48035157,0.6667252,-0.028068976,1.3720268,1.647926,-0.14735065,0.88906676,0.65234274,1.0199503,2.0730414,1.3053823,1.017319,1.5998337,1.1688951,2.0434227,-0.58778524,-0.809017,-2.4492937e-16,1.0,0.0
2020-12-14 00:00:00,5.0,-1.0997134,-1.2528191,-0.6308182,-0.4958213,-0.13809472,-0.95101196,-0.49482659,-0.4563745,0.2093824,0.6152642,1.0765874,-0.14448798,0.9341208,1.2870048,-0.3363423,-0.1937161,0.3526592,0.8263593,1.9243853,0.7656482,0.5839426,1.3458178,0.8566482,2.4744112,-0.95105654,0.309017,-2.4492937e-16,1.0,0.0
2020-12-15 00:00:00,5.0,-0.695177,-1.0294523,0.15043898,-0.7559828,0.46907023,-0.7760238,-0.10293556,0.79410845,0.5265763,0.9040104,1.5319157,0.061024662,0.6958668,1.0800319,-0.64856005,-0.3465336,0.6846159,0.38278458,1.9389751,0.40569317,0.31894,1.1594939,1.0711288,2.0637026,0.0,1.0,-2.4492937e-16,1.0,0.0
2020-12-16 00:00:00,5.0,0.056992806,0.5115753,0.905763,0.013854676,-0.32192975,0.81683034,1.0808192,-0.2878461,0.20150006,0.6220404,1.226892,-0.23281762,0.70063436,1.0684415,-0.8631564,-0.24234632,0.43198887,0.3634251,1.7378393,0.3940148,0.31114587,1.1424346,0.7244469,1.7110647,0.95105654,0.309017,-2.4492937e-16,1.0,0.0
2020-12-17 00:00:00,5.0,0.14448221,0.19465384,0.74033415,0.825073,-0.40917337,-1.0594529,-1.0897553,0.39520627,-0.113616966,0.31271797,0.8648631,-0.49451226,0.73020124,1.076736,-0.9902402,-0.15738831,0.05398186,0.37738046,1.7570065,0.42741716,0.33313745,1.142348,0.42814267,1.9576664,0.58778524,-0.809017,-2.4492937e-16,1.0,0.0
2020-12-18 00:00:00,5.0,-0.45377377,-0.9883576,-0.20668246,-0.31340072,-0.6029153,-1.0178546,-0.21127783,0.32764953,-0.40221018,0.06878767,0.6878826,-0.8041642,0.56650436,0.9414264,-1.1957872,-1.0314687,-0.054975294,0.47448087,1.7631288,0.15250543,0.13890323,1.0515857,0.021929393,1.9707906,-0.58778524,-0.809017,-2.4492937e-16,1.0,0.0
2020-12-21 00:00:00,5.0,0.15317895,0.88714784,0.52935165,-0.5527696,-1.0595063,0.84753853,1.6315374,-0.058664944,-0.9433117,-0.47301927,0.050241224,-1.2836051,0.60958093,0.95962083,-1.3184577,-0.40025917,-0.36434972,0.48064238,1.703098,0.20865919,0.15622078,1.0897156,-1.379903,1.9379859,-0.95105654,0.309017,-2.4492937e-16,1.0,0.0
2020-12-22 00:00:00,5.0,-1.5918802,-0.2777801,1.0359845,0.18592325,1.6452463,0.1076147,-0.52637166,-2.5078666,0.69429386,0.8934547,1.7420554,0.15077756,0.05528127,0.53194743,-1.5720024,-0.85719544,-0.73990667,-0.02222123,1.3691406,-0.91697,-0.40402144,0.684085,1.4069502,1.9099053,0.0,1.0,-2.4492937e-16,1.0,0.0
2020-12-23 00:00:00,5.0,-0.002011764,0.6928468,0.7913755,-0.4566854,-0.3794694,-1.5368845,-1.2087014,-0.7614585,0.38634536,0.6698714,1.4954448,-0.14040618,0.05559496,0.52372956,-1.7693057,-0.8884755,-0.6986009,-0.47895095,1.4344927,-0.80512106,-0.38131803,0.65992326,0.5862255,0.80609393,0.95105654,0.309017,-2.4492937e-16,1.0,0.0
2020-12-24 00:00:00,5.0,0.76070833,1.4418415,-1.0720693,-0.48223898,-0.3608184,-1.1302341,0.16562831,0.009444732,0.0067770476,0.26948828,0.9013201,-0.36834756,0.30804846,0.6913827,-1.6865935,-0.57930547,-0.45836934,-0.18309881,1.5925587,-0.22191338,-0.110345006,0.768264,0.5183047,0.653073,0.58778524,-0.809017,-2.4492937e-16,1.0,0.0
2020-12-29 00:00:00,2.0,-0.4195159,-1.3204993,-0.18195935,-0.87536293,-1.1655664,-1.9657902,-1.3817793,0.18675052,-0.6804492,-0.2703157,0.42627165,-1.064279,0.16827759,0.5816816,-1.7494912,-0.56971896,-1.0103065,-0.17366564,1.6255215,-0.47341347,-0.27427638,0.70057327,-1.6369942,0.5089512,-0.58778524,-0.809017,-2.4492937e-16,1.0,1.0
2020-12-30 00:00:00,2.0,-0.18183413,-0.053049933,2.9549172,-1.1628841,3.0,-1.0278301,2.5777218,0.14651507,3.0,3.0,3.0,3.0,0.11323308,0.53650975,-0.83881545,-0.7518398,-0.7259633,-0.19482116,1.626772,-0.5484649,-0.14665972,0.29905677,1.4535828,0.506359,0.95105654,0.309017,-2.4492937e-16,1.0,1.0
2020-12-31 00:00:00,2.0,-0.44273537,-1.1205709,0.2247992,-0.84606975,-0.41103175,-1.4302789,-0.9062473,0.10823631,3.0,3.0,3.0,3.0,-0.045970693,0.4176728,-0.90686536,-0.14667593,-0.64740217,0.06708949,1.4422711,-0.9777549,-0.23314449,0.26537257,-1.4224787,0.12188461,0.58778524,-0.809017,-2.4492937e-16,1.0,1.0
2021-01-04 00:00:00,2.0,-0.63061327,-0.49975145,0.41591808,0.41511425,-0.3935989,-1.2910464,-0.31917545,-0.82680345,2.8663363,3.0,3.0,2.0776472,-0.27284315,0.24773233,-0.99082625,-0.4814888,-0.8769067,-0.2346917,1.2593927,-1.4102945,-0.3447338,0.2151711,-1.322984,-0.7634232,-0.58778524,-0.809017,-2.4492937e-16,1.0,1.0
2021-01-05 00:00:00,5.0,-0.12232419,-0.40092826,1.647023,-0.66072816,-0.24128354,0.59073216,3.0,0.9050211,2.0831542,2.8601236,3.0,1.2331034,-0.31094283,0.2153427,-1.0351137,-0.95370024,-0.97058296,-0.54516023,1.3018211,-1.268463,-0.38693503,0.18563382,0.98449105,-1.0581603,0.0,1.0,0.5,0.8660254,0.0
2021-01-06 00:00:00,5.0,1.9600531,1.7682681,-1.2369242,-1.0939777,-0.2037906,-0.02906116,-0.5876086,0.5179779,1.4246385,2.1667712,2.5853736,0.6800445,0.49027875,0.73285985,-0.8620533,0.33849117,-0.15788332,-0.13215315,1.4536633,0.31314898,-0.08833312,0.31248397,1.122114,-0.33827874,0.95105654,0.309017,0.5,0.8660254,0.0
2021-01-07 00:00:00,5.0,1.684078,1.0857413,-0.8816037,0.11006898,-0.23052797,1.2126154,0.8194156,2.1765132,0.97689116,1.6683031,2.0673485,0.2790853,0.98857903,1.1266942,-0.5500758,1.3554142,0.3824297,-0.01025094,1.6378944,1.5080099,0.22910067,0.44575047,0.8745059,-0.39165607,0.58778524,-0.809017,0.5,0.8660254,0.0
2021-01-08 00:00:00,5.0,0.37635285,-0.030517757,-0.971025,2.6894715,0.26605874,1.9998268,0.4969402,0.980443,1.2997059,1.8500692,2.1961253,0.66867065,1.0834004,1.2032491,-0.31921625,1.7461333,1.0514265,0.15164827,1.7299235,1.4665489,0.24479908,0.41531911,1.2803737,-0.30110928,-0.58778524,-0.809017,0.5,0.8660254,0.0
2021-01-11 00:00:00,5.0,0.20332678,0.4531132,-0.7746047,1.2921481,-0.450796,0.48374748,-0.820054,0.5350768,0.7162112,1.3641915,1.795828,-0.06980399,1.1382262,1.244877,-0.11463431,2.1028948,1.122275,0.23432331,1.7973752,1.3219595,0.32553324,0.45154795,-1.1072088,-0.22551322,-0.95105654,0.309017,0.5,0.8660254,0.0
2021-01-12 00:00:00,5.0,-0.15859751,0.26859003,-0.66947955,1.541505,-0.44042894,-0.6038173,-0.98785204,-0.2677692,0.3235639,1.012048,1.5161396,-0.62071645,1.1070979,1.2093573,0.0204652,2.0127022,0.81321484,0.21072717,1.7381623,1.069276,0.33640343,0.4533372,-0.8499742,-0.21024963,0.0,1.0,0.5,0.8660254,0.0
2021-01-13 00:00:00,5.0,0.42060733,0.40959176,0.54777485,-0.010115067,-0.3859087,-0.096577786,0.45961082,0.8600332,0.06320119,0.71035683,1.2330663,-0.93211937,1.2321191,1.3112183,0.15767337,1.2645535,1.096672,0.026552038,1.8700086,1.1330887,0.49841586,0.518296,0.20456697,0.043009017,0.95105654,0.309017,0.5,0.8660254,0.0
2021-01-14 00:00:00,5.0,-0.29426318,-0.9787244,0.56585914,-0.5045753,-0.3940454,-0.15916672,-0.28647387,0.8085834,-0.11955459,0.4967579,1.0589224,-1.1794642,1.1278571,1.2306296,0.20567305,0.2768817,1.0495842,0.21016438,1.7231923,0.8802645,0.4711525,0.4988446,-0.03494589,-0.04916069,0.58778524,-0.809017,0.5,0.8660254,0.0
2021-01-15 00:00:00,5.0,0.32444698,1.1866407,-0.39859542,-0.7912204,-0.4077815,-0.2868317,-0.32959768,-0.08076094,-0.3059176,0.24503544,0.8114357,-1.3882515,1.2359579,1.3164811,0.2824805,0.25101772,1.2984457,0.45086217,1.7556773,0.87540215,0.6291947,0.57988906,-0.49194676,-0.4314885,-0.58778524,-0.809017,0.5,0.8660254,0.0
2021-01-18 00:00:00,5.0,-0.8548037,-1.1180136,-0.810975,0.60682195,-0.31348354,-0.36318898,-0.332319,0.22189644,-0.2822247,0.20731182,0.79830253,-1.3106174,0.76113635,1.0091903,0.14059237,-0.2896646,1.2127305,0.23885433,1.6366245,0.4931802,0.3551159,0.43634984,0.6178232,0.1014237,-0.95105654,0.309017,0.5,0.8660254,0.0
2021-01-19 00:00:00,5.0,-0.41386414,0.52824485,-0.6866929,0.95228076,-0.45612538,-0.26377288,-0.10457009,-0.9650186,-0.42706755,0.025068019,0.6413958,-1.496559,0.6017815,0.9005815,-0.014057584,-0.42516845,1.1172161,0.107578695,1.6674216,0.3156338,0.26933828,0.3965222,-1.6476313,0.16362019,0.0,1.0,0.5,0.8660254,0.0
2021-01-20 00:00:00,5.0,-0.11193652,-0.5468568,0.6059605,0.544279,-0.45071387,-0.7789331,-0.78418314,0.52187055,-0.5816634,-0.1835302,0.43915132,-1.6783029,0.6129867,0.90351105,-0.15095808,-0.7029274,0.42141464,0.19357447,1.5944502,0.24947259,0.2949866,0.41754514,-1.6500678,0.276951,0.95105654,0.309017,0.5,0.8660254,0.0
2021-01-21 00:00:00,5.0,-0.035146903,0.7939447,-0.6817254,0.37052613,-0.4622797,-0.4564526,0.22151606,-0.06025089,-0.7126156,-0.38122705,0.23382668,-1.8127584,0.6541228,0.92579186,-0.25904843,-0.5696366,-0.19182217,0.15027575,1.4810427,0.21357387,0.367722,0.46390587,-1.8746789,0.047927063,0.58778524,-0.809017,0.5,0.8660254,0.0
2021-01-22 00:00:00,5.0,-1.1500983,-1.7903984,-0.93570364,-0.84966373,-0.32149595,-0.2177647,0.020616738,-0.0085673975,-0.6532695,-0.38842952,0.23759373,-1.6303259,-0.09459438,0.46258888,-0.6036084,-1.3302393,-0.74729514,0.26735175,1.413355,-0.22308695,-0.22588745,0.16300032,0.14160468,-0.27220416,-0.58778524,-0.809017,0.5,0.8660254,0.0
2021-01-25 00:00:00,5.0,-0.5441896,0.08310641,-0.5160324,1.7521676,-0.34638664,0.23649894,0.29561728,-1.1057715,-0.63155335,-0.4348005,0.17238198,-1.5059812,-0.3862633,0.27812517,-0.9353425,-1.1686987,-1.0307002,0.1243536,1.4104351,-0.45294824,-0.53399426,0.013786409,-0.81163275,-0.20309493,-0.95105654,0.309017,0.5,0.8660254,0.0
2021-01-26 00:00:00,5.0,-1.1651468,-1.6844101,-1.0865381,-0.40619156,-0.25478533,0.57818097,0.051056985,0.39151457,-0.52705324,-0.3837564,0.22171691,-1.2732782,-1.1024964,-0.2096753,-1.3448521,-1.543947,-1.4134097,-0.43712795,1.2956812,-0.94633365,-1.1913723,-0.38445616,0.3128165,-0.44342363,0.0,1.0,0.5,0.8660254,0.0
2021-01-27 00:00:00,5.0,-0.007838836,0.30030403,1.540313,-0.6940793,-0.31867996,-0.28194016,-0.7192942,-0.12080616,-0.5498534,-0.45870593,0.10332243,-1.2288879,-1.102678,-0.20404138,-1.5599726,-1.4783304,-1.566488,-0.33043852,1.2972596,-0.97263527,-1.2276269,-0.43175095,-0.13258247,-0.39271334,0.95105654,0.309017,0.5,0.8660254,0.0
2021-01-28 00:00:00,5.0,-0.18048775,0.49418306,-0.993533,1.440294,-0.32363692,0.18526061,0.24119803,-0.7770478,-0.5780752,-0.52774537,-0.00032198054,-1.208574,-1.2122879,-0.2769455,-1.6641067,-1.538815,-1.5202742,-0.34137437,1.2036232,-1.0696374,-1.3565052,-0.5567808,-0.46888748,-0.79956,0.58778524,-0.809017,0.5,0.8660254,0.0
2021-01-29 00:00:00,5.0,-0.779171,0.003066644,1.2066178,0.34539366,-0.12612261,-0.09224003,-0.36291167,-1.73425,-0.5393357,-0.52161986,-0.00977162,-1.0965592,-1.704836,-0.70190877,-1.7794176,-1.3310118,-1.8771024,-0.46142414,0.8991594,-1.4501673,-1.7954116,-0.93928343,0.18339568,-1.1943135,-0.58778524,-0.809017,0.5,0.8660254,0.0
2021-02-01 00:00:00,5.0,-0.67672575,-0.5479307,2.1481314,-1.1787415,-0.5630578,-0.69821167,-0.5839764,-0.87454486,-0.58890355,-0.5841572,-0.079432495,-1.1495966,-2.0255196,-1.082641,-1.9417337,-1.3792288,-1.7655199,-0.4920986,0.69081146,-1.8195982,-2.1640372,-1.3016218,-1.2665126,-0.5402035,-0.95105654,0.309017,0.5,0.8660254,0.0
2021-02-02 00:00:00,5.0,-0.61255413,-1.5024306,-0.3403283,-0.8633222,-0.19790922,0.46936247,0.835657,1.0031211,-0.5592045,-0.58569765,-0.10588316,-1.0498124,-2.2500155,-1.45319,-2.0163445,-1.0997578,-1.7850595,-0.6643795,0.61962277,-2.1730785,-2.3942654,-1.664194,0.033949506,-1.0540763,0.0,1.0,0.8660254,0.5,0.0
2021-02-03 00:00:00,5.0,-1.501257,-0.9441377,-0.19204241,0.32945374,0.23750527,2.4190629,1.2625939,-1.8040444,-0.34683883,-0.4060528,0.070735104,-0.6876013,-2.8136594,-2.3475976,-2.0732174,-1.7820249,-2.1733212,-1.8331853,0.56734204,-2.474429,-2.800896,-2.472983,0.36549848,-2.3132734,0.95105654,0.309017,0.8660254,0.5,0.0
2021-02-04 00:00:00,5.0,0.25587103,0.6445901,-0.8834183,1.0112078,-0.37794155,0.606162,-0.86701715,0.17633578,-0.4405127,-0.5072289,-0.07945075,-0.7814266,-2.4499347,-2.3272989,-2.0606575,-1.5416642,-2.015352,-2.3142807,0.63844466,-1.9729241,-2.4538317,-2.566641,-0.9020233,-2.6612422,0.58778524,-0.809017,0.8660254,0.5,0.0
2021-02-05 00:00:00,2.0,-0.51901245,-1.1223761,0.17361866,-0.505038,-0.25969484,0.88749886,-0.24350744,0.4586919,-0.46904194,-0.5398942,-0.13373381,-0.8124957,-2.4385462,-2.4379423,-2.016643,-1.3833388,-1.7543913,-2.459776,-0.24659567,-1.8373137,-2.4322798,-2.6698854,-0.75999707,-3.0,-0.58778524,-0.809017,0.8660254,0.5,0.0
2021-02-08 00:00:00,5.0,-0.43661276,-0.92180717,0.41993338,-0.37958562,-0.2675272,1.8896892,0.2927955,0.38355047,-0.48426118,-0.56472737,-0.18627623,-0.81976175,-2.4040153,-2.4556253,-1.9511225,-1.2536585,-1.6907307,-2.495528,-0.63519555,-1.7109606,-2.3770814,-2.6652281,-0.61870694,-3.0,-0.95105654,0.309017,0.8660254,0.5,0.0
2021-02-09 00:00:00,5.0,1.3208687,1.2751659,-0.48806247,-0.7605458,1.2807957,1.079459,-0.4418599,0.6155518,-0.45258674,-0.58879477,-0.32135916,-0.64489657,-1.4956322,-1.6426154,-1.544855,-0.45585075,-1.0028639,-2.035462,-0.4760841,-1.1874442,-1.5955235,-1.9266828,0.44053105,-2.2399936,0.0,1.0,0.8660254,0.5,0.0
2021-02-10 00:00:00,5.0,-0.35936782,-1.1172132,-0.15136251,-0.20320438,0.77476823,0.44689038,-0.4519496,1.2906477,-0.41886532,-0.5654277,-0.33168724,-0.5534568,-1.5507445,-1.7262437,-1.2693852,0.13472576,-1.1080562,-2.1555934,-0.4375025,-1.1520271,-1.5313519,-1.964536,0.31319022,-2.1175387,0.95105654,0.309017,0.8660254,0.5,0.0
2021-02-11 00:00:00,2.0,-0.13550986,-0.766389,-0.7661143,1.1720971,0.1472664,0.6744346,-0.06715489,1.045381,-0.4290577,-0.5790667,-0.38042152,-0.53955805,-1.5207728,-1.7081698,-1.0460373,-0.056809433,-1.0959442,-2.0300524,-0.46867716,-1.0613858,-1.401639,-1.9219896,-0.2968314,-2.032196,0.58778524,-0.809017,0.8660254,0.5,0.0
2021-02-12 00:00:00,2.0,-0.20236136,-0.6270348,-0.27096087,0.90359634,-1.5609174,0.27970082,-0.3555941,0.2288196,-0.52638257,-0.6630882,-0.4849083,-0.7120614,-1.5313709,-1.7127523,-0.91058683,0.09366073,-0.91530466,-2.0891173,-0.8938479,-1.0153304,-1.3593525,-1.971314,-1.5585567,-1.8066022,-0.58778524,-0.809017,0.8660254,0.5,0.0
2021-02-15 00:00:00,5.0,0.5418317,1.2240406,-1.0337509,0.06268799,-0.5796535,-1.0220541,-0.8728352,-0.18933561,-0.56617546,-0.7225325,-0.6032697,-0.7275909,-1.1496733,-1.3744271,-0.62576437,0.5319923,-0.5615722,-1.7181711,-0.85393095,-0.7558075,-0.9800936,-1.6936023,-1.0575688,-1.786677,-0.95105654,0.309017,0.8660254,0.5,0.0
2021-02-16 00:00:00,5.0,2.1696632,1.2785299,-1.0133171,-0.13152294,3.0,1.8003623,2.4842393,1.4731159,-0.4142862,-0.6547603,-0.6779582,-0.23192056,0.0014914094,-0.28608394,0.12603305,0.9233739,0.25979716,-1.1433983,-0.4682144,0.110542275,0.19606994,-0.68511623,1.2359542,-1.5031327,0.0,1.0,0.8660254,0.5,0.0
2021-02-17 00:00:00,5.0,-0.16832396,-0.6373503,0.5096896,0.21600625,-0.07707555,1.2978578,-0.3322811,0.71449023,-0.43940458,-0.6663518,-0.71089685,-0.27274475,-0.038046543,-0.33160928,0.5878172,1.0026383,0.7419823,-1.1455668,-0.29440576,0.17471395,0.2479647,-0.71583265,-0.29514,-1.4960418,0.95105654,0.309017,0.8660254,0.5,0.0
2021-02-18 00:00:00,2.0,0.22431673,-0.055642266,1.4613204,0.55671513,0.7121602,0.107991695,-0.62396044,0.76492125,-0.4201112,-0.6524289,-0.73643446,-0.19066757,0.10860502,-0.19105205,0.9440998,1.1532065,0.7388217,-1.0835103,-0.2878339,0.44875726,0.47281772,-0.5781668,0.4271161,-1.577318,0.58778524,-0.809017,0.8660254,0.5,0.0
2021-02-19 00:00:00,2.0,-1.4799967,-1.5839669,-0.78098106,-0.9145606,1.1182708,-0.40195158,-0.42121825,-0.017674565,-0.335761,-0.5532455,-0.62003326,-0.07158541,-0.62346655,-0.8979534,0.8536426,0.5740511,0.45173717,-1.1139154,-0.87677306,-0.15356721,-0.11654712,-1.1208533,0.46417427,-1.3621385,-0.58778524,-0.809017,0.8660254,0.5,0.0
2021-02-22 00:00:00,2.0,0.42091116,1.3325644,-0.62295675,-0.53353024,-0.2036032,0.7314447,0.44395235,-1.212752,-0.37850785,-0.5878387,-0.68845147,-0.12388446,-0.41009364,-0.6915004,0.89864916,0.52135134,0.70813787,-0.9227314,-1.3747044,0.16331115,0.17049065,-0.9427984,-0.17142235,-1.38563,-0.95105654,0.309017,0.8660254,0.5,0.0
2021-02-23 00:00:00,5.0,1.0204285,0.9214235,-0.4919694,0.2791898,1.2343646,0.2828456,-0.3653522,0.3712146,-0.34974295,-0.5778949,-0.73742706,0.011203013,0.06835652,-0.22314703,1.0972602,-0.03833771,0.59620446,-0.42361218,-0.9783067,0.76312715,0.6893734,-0.53057826,0.6959712,-1.4791774,0.0,1.0,0.8660254,0.5,0.0
2021-02-24 00:00:00,5.0,0.43457708,-0.5405443,0.09437343,0.8323577,1.5169518,1.7434444,0.5251458,2.3227808,-0.29598612,-0.5332625,-0.73067653,0.16061465,0.2812117,-0.009433585,1.2682863,0.22453204,0.8330086,-0.3418941,-0.7864182,1.0168697,0.90618414,-0.33895165,0.9701845,-1.412425,0.95105654,0.309017,0.8660254,0.5,0.0
2021-02-25 00:00:00,5.0,1.8670216,1.5515255,-0.98798794,-0.8186841,1.9359533,0.73353714,-0.4980227,0.20569573,-0.25581002,-0.5194677,-0.79439217,0.35625663,0.9993757,0.78658247,1.6571283,0.9492673,1.4149356,0.14142555,-0.39758518,1.7508006,1.7069664,0.36151433,1.1811478,-0.9825682,0.58778524,-0.809017,0.8660254,0.5,0.0
2021-02-26 00:00:00,5.0,0.6042359,0.8600546,0.94571745,-1.2545513,-0.737556,0.14179435,-0.40661025,0.40871033,-0.3401435,-0.5777107,-0.86795014,0.1940225,1.1843184,1.0248693,1.9801635,1.837786,1.6081226,0.5131248,0.16272616,1.6130506,1.9278617,0.6330628,-0.7316411,-1.1323406,-0.58778524,-0.809017,0.8660254,0.5,0.0
2021-03-01 00:00:00,5.0,-1.7183367,-1.3991256,-0.8472328,-0.21525435,0.19835953,0.23818722,-0.11612465,-1.2886275,-0.23654158,-0.45407513,-0.7116583,0.3138327,0.30151668,0.17407845,1.68179,0.947939,0.9637603,0.31638363,-0.42419288,0.80992573,1.045756,-0.03034313,0.44329873,-1.2466428,-0.95105654,0.309017,0.8660254,0.5,0.0
2021-03-02 00:00:00,5.0,0.6946107,-0.21932283,0.16501312,1.436201,-1.546195,-1.7194401,-1.0301965,1.8579934,-0.35521293,-0.5473795,-0.8180879,0.08802353,0.5530817,0.4545966,1.6430585,0.80107373,0.5030868,0.6822935,-0.65394366,0.9354594,1.343004,0.2858633,-1.5314578,-0.73489773,0.0,1.0,1.0,6.123234e-17,0.0
2021-03-03 00:00:00,5.0,-0.19340335,0.9237552,0.006975559,-0.26876026,-0.3738259,-1.6018773,-0.18558173,-1.6380856,-0.39887393,-0.5761284,-0.84359884,-0.016397076,0.4947322,0.39495856,1.499577,0.5382693,0.50172,1.1465988,-0.6807838,0.7722307,1.18642,0.2568067,-0.18156032,-0.0470362,0.95105654,0.309017,1.0,6.123234e-17,0.0
2021-03-04 00:00:00,5.0,1.0182518,1.0899858,-1.2040566,0.64326155,-0.6691128,-0.98787135,0.22270828,0.8921067,-0.46768066,-0.6495336,-0.94439584,-0.119218454,0.8515692,0.7932836,1.542001,0.14937319,0.714905,1.3930442,-0.77817214,0.99290943,1.5764362,0.7265323,-0.6453489,-0.30182543,0.58778524,-0.809017,1.0,6.123234e-17,0.0
2021-03-05 00:00:00,5.0,0.9466696,0.9895237,-0.79410017,0.3676986,1.0829773,-0.63505256,0.016715944,0.022232337,-0.41400224,-0.6260534,-0.95857775,0.07795021,1.1470625,1.1431566,1.5845351,0.29336315,1.3985753,1.7775574,-0.48287982,1.1425043,1.7715225,1.0648552,1.0088623,-0.25849733,-0.58778524,-0.809017,1.0,6.123234e-17,0.0
2021-03-08 00:00:00,5.0,0.5995869,0.6561331,1.0470898,-0.86955136,1.0542558,0.31089643,0.35044295,-0.029103806,-0.36903444,-0.5963148,-0.9529845,0.2251052,1.3177607,1.3533685,1.6080114,1.2710686,1.420184,1.9996349,-0.31704924,1.1702875,1.7748947,1.2462425,1.0948966,-0.097242676,-0.95105654,0.309017,1.0,6.123234e-17,0.0
2021-03-09 00:00:00,5.0,-0.11935683,-0.7678557,-0.6241551,1.1662036,0.17680496,-0.78733945,-0.71597993,1.0761776,-0.3738613,-0.5905042,-0.9447526,0.20210953,1.2853373,1.3157898,1.5371696,0.9255815,1.1006491,1.5759871,-0.3368915,0.98564243,1.5648402,1.1989676,0.47616425,-0.17690283,0.0,1.0,1.0,6.123234e-17,0.0
2021-03-10 00:00:00,5.0,-0.49255484,-0.6842438,0.36120552,0.21131288,0.3513793,-0.9778636,-0.36849007,0.17120682,-0.35567933,-0.5623923,-0.9077988,0.2152318,1.0250363,1.0808187,1.3176594,0.80713826,0.8546142,1.548219,-0.78646314,0.7642842,1.2165127,1.001571,0.55123216,-0.43457344,0.95105654,0.309017,1.0,6.123234e-17,0.0
2021-03-11 00:00:00,5.0,-0.12270387,0.8170641,0.6650997,-0.7803756,-0.8734989,-1.0448681,-0.3222804,-1.170533,-0.4205451,-0.60663307,-0.941961,0.047176026,0.9919547,1.0472169,1.1298295,0.34046417,0.3105607,1.5403521,-0.5141103,0.66862714,1.0825298,1.0182115,-0.69643724,-0.46549082,0.58778524,-0.809017,1.0,6.123234e-17,0.0
2021-03-12 00:00:00,5.0,0.47950637,0.016452346,-0.30287948,2.1618273,-1.094306,-1.1613147,-0.39411783,1.0699741,-0.4862061,-0.66716677,-1.0073179,-0.090321355,1.1546255,1.2220687,1.0324286,0.14024568,0.2728302,1.6668319,-0.22861478,0.7576619,1.1891096,1.2858409,-0.8231031,-0.3922233,-0.58778524,-0.809017,1.0,6.123234e-17,0.0
2021-03-15 00:00:00,5.0,0.35862532,1.5281937,-0.75470847,-1.1259408,-1.6081951,-1.478562,-0.6037868,-0.46968123,-0.56615216,-0.7417152,-1.0823793,-0.27729943,1.2676631,1.3461356,0.99488753,0.034477606,0.8202086,1.5783072,-0.17052704,0.81123114,1.2772491,1.5409485,-1.334689,-0.38059175,-0.95105654,0.309017,1.0,6.123234e-17,0.0
2021-03-16 00:00:00,5.0,-1.0157608,-1.4015793,-0.5257741,-0.52884185,-0.17249575,-1.0670476,0.24810994,-0.04271695,-0.5269638,-0.70675385,-1.0313712,-0.19596018,0.65768415,0.8166827,0.6830064,-0.32307413,0.38124025,0.77898145,-0.42255175,0.42850292,0.72389364,1.0281192,0.33407667,-0.7031389,0.0,1.0,1.0,6.123234e-17,0.0
2021-03-17 00:00:00,5.0,-0.7227771,-1.1022195,-0.6610176,0.37308988,-0.54227626,-0.2758826,0.6536945,0.014917007,-0.5170466,-0.6963353,-1.0087918,-0.18500176,0.28951818,0.48014718,0.30995694,-0.41694486,0.24881774,0.65672356,-0.45256308,0.1617004,0.33913344,0.7085771,-0.15696812,-0.6514946,0.95105654,0.309017,1.0,6.123234e-17,0.0
2021-03-18 00:00:00,5.0,0.22995207,1.0413045,0.11438568,-0.7797948,-1.4933285,0.42290428,0.33964798,-0.37199858,-0.58380055,-0.7602608,-1.0749385,-0.34010166,0.4135819,0.5919191,0.08274713,-0.27475828,0.043523047,0.65125215,-0.44519922,0.21209127,0.41693002,0.94247836,-1.3689889,-0.62117624,0.58778524,-0.809017,1.0,6.123234e-17,0.0
2021-03-19 00:00:00,5.0,-0.3780955,-1.2487047,-0.66958517,-0.024078207,-1.1086361,-0.83769846,-0.95094556,0.6507232,-0.6044458,-0.78252244,-1.0899351,-0.39783153,0.25663045,0.44853783,-0.16665164,-0.6169233,-0.29702574,0.9419522,-0.08599671,0.05203059,0.1695495,0.84088445,-1.1488768,-0.61968684,-0.58778524,-0.809017,1.0,6.123234e-17,0.0
2021-03-22 00:00:00,5.0,-0.82100314,0.36345705,0.44030106,0.663071,-0.42499006,2.3507392,3.0,-2.1603355,-0.5339085,-0.7275534,-1.0305307,-0.206627,-0.14439131,0.08362363,-0.48350167,-1.0825698,-0.65812343,0.6654106,-0.2540316,-0.33072984,-0.29241773,0.4352211,-0.34849912,-0.57558656,-0.95105654,0.309017,1.0,6.123234e-17,0.0
2021-03-23 00:00:00,5.0,-0.02620039,1.2041775,-0.75326085,-0.24905738,-1.2056938,0.08615855,-1.0036882,-1.1048094,-0.5833069,-0.7717011,-1.0725181,-0.3348519,-0.111561365,0.10668301,-0.7162755,-0.6804662,-0.63241667,0.4169444,-0.46863133,-0.39597365,-0.3487466,0.5248907,-1.3064016,-0.35209,0.0,1.0,1.0,6.123234e-17,0.0
2021-03-24 00:00:00,5.0,-1.6410466,-1.5033137,-0.828442,-0.5452928,-0.30589643,1.216028,0.4976406,-1.3687296,-0.46650758,-0.6671051,-0.9526746,-0.05438115,-0.8699081,-0.6289747,-1.0927315,-1.0333244,-0.91769636,-0.05065198,-0.6913731,-1.3853806,-1.0965223,-0.2922611,-0.3415461,-0.0011990243,0.95105654,0.309017,1.0,6.123234e-17,0.0
2021-03-25 00:00:00,5.0,0.6970173,1.3941996,-0.68167865,-0.9547163,0.85768104,-0.24007063,-0.8849166,-0.89099777,-0.4744842,-0.6815891,-0.98487216,0.14714915,-0.4867745,-0.3136596,-1.1307479,-0.84839433,-0.7117433,-0.35405314,-0.49653012,-0.92583644,-0.7224863,0.0871408,0.651418,-0.72805375,0.58778524,-0.809017,1.0,6.123234e-17,1.0
2021-03-26 00:00:00,5.0,-1.149285,-1.2346904,-1.0966974,0.38315246,0.5926685,-0.4078234,-0.34975198,-0.38692832,-0.3994188,-0.61578405,-0.90787655,0.4341235,-0.93399024,-0.7807935,-1.2787718,-1.1481858,-1.116667,-0.7514221,-0.6146446,-1.4434057,-1.1282575,-0.42597702,0.43030205,-0.1510159,-0.58778524,-0.809017,1.0,6.123234e-17,1.0
2021-03-29 00:00:00,5.0,1.0917007,0.780621,-0.12619357,0.10448478,-1.1333686,-0.1413185,-0.025978865,1.5564748,-0.44551364,-0.6666655,-0.9837865,0.556536,-0.39829063,-0.31397176,-1.122604,-0.39813998,-0.9296079,-0.096427165,-0.21596892,-0.8616948,-0.62269676,0.1503383,-1.4070845,0.14276612,-0.95105654,0.309017,1.0,6.123234e-17,1.0
2021-03-30 00:00:00,5.0,-0.39756373,-0.42200157,0.773009,0.904176,-1.1918073,-0.6464819,-0.5717491,-0.32537487,-0.596278,-0.7482126,-1.0354198,0.2943763,-0.53426397,-0.4537699,-1.0820787,-0.5484575,-0.77507097,-0.35042512,-0.26626843,-1.0929797,-0.7770433,0.032741733,-1.392768,-0.3959156,0.0,1.0,1.0,6.123234e-17,1.0
2021-03-31 00:00:00,2.0,0.070056826,-0.14468591,2.338377,0.019521464,-0.83347714,-1.1516314,-0.74392277,0.3075492,-0.7291524,-0.83194095,-1.0950291,0.13808724,-0.4601738,-0.39148325,-0.9854981,0.12108635,-0.57300085,-0.28998777,-0.79389584,-1.0242097,-0.7337566,0.124961376,-0.96307325,-0.44992965,0.95105654,0.309017,1.0,6.123234e-17,1.0
2021-04-01 00:00:00,2.0,-1.0471057,-1.5025442,0.01572851,-1.5095793,-0.943446,-0.5989239,0.5989821,-0.425353,-0.8147234,-0.8672839,-1.0825253,-0.026498966,-0.8462486,-0.78264254,-1.0616691,-0.5348234,-0.8635857,-0.7357222,-1.4444286,-1.4621487,-1.1375548,-0.32807985,-1.1304357,0.31193116,0.58778524,-0.809017,1.0,6.123234e-17,1.0
2021-04-06 00:00:00,2.0,-0.7343928,-1.8243387,-1.145543,-1.5304688,-0.7397009,-0.26426992,0.1684459,0.68882895,-1.0384985,-0.9601732,-1.1039301,-0.09475471,-1.0769372,-1.0305147,-1.1837063,-0.34798345,-0.93991363,-1.0934434,-1.6556189,-1.577787,-1.3649254,-0.66258585,-0.9027452,1.2040526,-0.58778524,-0.809017,0.8660254,-0.5,0.0
2021-04-07 00:00:00,2.0,1.5070131,0.68293905,1.3766161,-0.836183,2.2788987,1.4063916,1.366746,1.5751914,-0.46617296,-0.80847746,-1.0747042,1.1279839,-0.39977637,-0.43980032,-0.8086319,-0.24633329,-0.39822987,-0.92093927,-1.4283329,-0.7194093,-0.56700027,0.015783377,1.3945149,0.14888468,0.95105654,0.309017,0.8660254,-0.5,0.0
2021-04-08 00:00:00,2.0,0.79882413,0.36651972,1.0779874,0.401079,0.8880195,-0.13494843,-0.9742033,0.9950072,-0.58749884,-0.9045125,-1.1411037,1.1002935,-0.05742265,-0.119837895,-0.47884023,0.2730905,-0.20711082,-0.7293164,-1.2402136,-0.20363869,-0.18102454,0.3655048,0.5760361,0.1593989,0.58778524,-0.809017,0.8660254,-0.5,0.0
2021-04-09 00:00:00,2.0,-1.0032587,-1.199241,-0.67274666,-0.2794232,2.3350935,-0.41221693,-0.4086411,0.44576985,-0.03047224,-0.6803044,-0.9903517,1.4070215,-0.45995596,-0.52222204,-0.38464487,-0.20390143,-0.028236732,-0.8176936,-1.5463878,-0.6994651,-0.51357144,-0.14060621,1.3810421,0.36626238,-0.58778524,-0.809017,0.8660254,-0.5,0.0
2021-04-12 00:00:00,2.0,-0.48843357,-1.0852306,-0.12375893,-0.5256732,-1.4427112,-0.3155962,-0.06284059,-0.012301853,-0.79136515,-0.9430847,-1.0609151,0.6833473,-0.6354659,-0.70368,-0.42691195,0.03841375,-0.3318182,-0.8856426,-1.5612446,-0.880362,-0.66707575,-0.3491341,-1.6350712,0.23947288,-0.95105654,0.309017,0.8660254,-0.5,0.0
2021-04-13 00:00:00,2.0,0.53049237,0.75327533,0.021176742,0.4941313,0.2563817,0.08144954,0.24296746,-0.044665728,-0.94102776,-1.0712719,-1.1187445,0.6088787,-0.3827438,-0.4767658,-0.3181051,0.6116806,0.10596654,-0.8838314,-1.5685973,-0.50230527,-0.37641037,-0.116270654,-0.091179125,-0.17608726,0.0,1.0,0.8660254,-0.5,0.0
2021-04-14 00:00:00,2.0,-0.011963441,-0.4097566,-0.8360911,2.195223,-1.9091625,-1.2512541,-1.1937845,0.2348875,-1.8531026,-1.5492629,-1.2711699,-0.12662415,-0.36992878,-0.4621949,-0.2582896,-0.08152932,-0.20270146,-0.96075165,-1.3560771,-0.445334,-0.31104225,-0.111744404,-1.8220109,-0.09752805,0.95105654,0.309017,0.8660254,-0.5,0.0
2021-04-15 00:00:00,2.0,1.4328165,1.4820322,-1.0629241,-0.67466164,1.6093951,0.10671564,1.9944898,0.037067987,-1.27921,-1.5096331,-1.3160253,0.5087981,0.315731,0.17067638,0.111570306,0.21625938,0.29210663,-0.44983438,-0.9990226,0.8053522,0.38503858,0.5629457,1.2427979,-0.36249745,0.58778524,-0.809017,0.8660254,-0.5,0.0
2021-04-16 00:00:00,2.0,-0.69376177,-1.2716186,-0.6406842,-0.57667166,-0.054304805,-0.934714,-0.9710804,0.29919353,-1.291612,-1.5040804,-1.2729893,0.39006588,-0.021864397,-0.14570491,0.20844536,0.35439506,0.08680046,-0.4332002,-1.1438011,0.2817396,0.10946326,0.15292294,-0.5706986,-0.8274548,-0.58778524,-0.809017,0.8660254,-0.5,0.0
2021-04-19 00:00:00,2.0,-0.079024024,-0.54043704,0.72545063,0.17428075,-0.52310246,-0.5124392,0.26450485,0.4973856,-1.5590016,-1.6240377,-1.3065104,0.13458233,-0.040433988,-0.1595951,0.2565472,0.5411869,0.34137768,-0.5013937,-1.1891321,0.32573932,0.12602653,0.07965298,-1.1762388,-0.8350436,-0.95105654,0.309017,0.8660254,-0.5,0.0
2021-04-20 00:00:00,2.0,-0.32555193,0.06642522,2.648715,-0.36787093,-0.81073785,-0.95940065,-0.66084266,-0.68010753,-1.8095821,-1.7547503,-1.3408493,-0.1956388,-0.19390844,-0.29765272,0.22397879,0.15100865,0.4465362,-0.48913828,-0.9424547,0.11288399,0.02780343,-0.13206595,-1.5564188,-0.9418585,0.0,1.0,0.8660254,-0.5,0.0
2021-04-21 00:00:00,5.0,-1.3418523,-1.2215294,-0.3050372,-0.8604662,1.7415446,1.0673321,1.9449552,-0.015390949,-0.7171039,-1.0980438,-1.0582541,0.75000745,-0.82027334,-0.91538364,-0.032700446,-0.47268572,-0.32179493,-0.5891229,-1.1222485,-1.2269483,-0.51711905,-0.9015544,1.5456045,-0.23331104,0.95105654,0.309017,0.8660254,-0.5,0.0
2021-04-22 00:00:00,5.0,0.55614686,0.11733101,1.3013986,0.9638447,-0.64335024,-0.7086373,-0.9882071,1.0455174,-1.0766447,-1.3224648,-1.1663893,0.43214184,-0.5007277,-0.62813896,-0.091327295,-0.8967103,-0.38900813,-0.47062087,-0.6339674,-0.51566577,-0.22372583,-0.6397643,-1.1273347,0.073742874,0.58778524,-0.809017,0.8660254,-0.5,0.0
2021-04-23 00:00:00,2.0,-0.13713874,-0.4100836,-0.16435924,1.4991217,-1.412487,-1.3193239,-0.6673718,0.041645456,-1.7545061,-1.7051848,-1.3001107,-0.42823774,-0.5463269,-0.663597,-0.15845338,-0.6389071,-0.15561086,-0.1402833,-0.7146993,-0.6168843,-0.28808805,-0.7496856,-1.7072008,-1.031142,-0.58778524,-0.809017,0.8660254,-0.5,0.0
2021-04-26 00:00:00,5.0,-0.46113715,0.5166643,0.6857724,0.5123443,-1.3868947,-0.13607426,0.8702938,-1.2258294,-2.0117779,-1.8713619,-1.3559755,-0.914787,-0.7470815,-0.8497447,-0.27778393,-0.8310216,-0.14839098,-0.38738227,-0.82703,-0.9704771,-0.4863889,-1.0493678,-1.6986388,-0.71211463,-0.95105654,0.309017,0.8660254,-0.5,0.0
2021-04-27 00:00:00,5.0,0.61879635,0.91648805,-0.39694256,0.43250388,-0.046270832,-0.8964096,-0.67803717,0.14961907,-1.9000167,-1.908727,-1.4338734,-0.73709756,-0.36765373,-0.5248934,-0.18418115,-0.38363466,-0.12759495,-0.0073103,-0.34642237,-0.2819413,-0.1659765,-0.7199526,-0.42923787,-0.5211672,0.0,1.0,0.8660254,-0.5,0.0
2021-04-28 00:00:00,5.0,-0.25091708,-1.5648758,-1.1048046,-1.235539,1.5444846,0.8704228,1.2783465,2.9133277,-0.94195765,-1.3423653,-1.2316415,0.64179623,-0.48155904,-0.619737,-0.11946005,0.16146049,-0.19640075,-0.30202746,-0.12773709,-0.4472779,-0.23226847,-0.8534359,1.4581407,-2.3819923,0.95105654,0.309017,0.8660254,-0.5,0.0
2021-04-29 00:00:00,5.0,1.260497,1.0262088,0.017539777,-0.42777047,0.0881466,1.2565343,0.061315108,1.1337535,-0.7051145,-1.2420009,-1.2710859,1.2085687,0.24313127,0.008688363,0.17771898,0.5157937,-0.25595585,0.04325523,0.5674385,1.0115657,0.37371412,-0.18077652,-0.14236163,-2.5263915,0.58778524,-0.809017,0.8660254,-0.5,0.0
2021-04-30 00:00:00,5.0,-0.50894696,-1.6683711,-1.0457098,-1.5826851,-0.5675097,1.0782332,-0.22802383,0.8043552,-1.087102,-1.4182054,-1.3339276,0.48632362,-0.013617239,-0.21859379,0.28462103,0.35703436,-0.20214741,-0.07134307,1.1621786,0.567105,0.17710811,-0.44198382,-1.2764357,-2.4463506,-0.58778524,-0.809017,0.8660254,-0.5,0.0
2021-05-04 00:00:00,5.0,0.029753834,0.041081708,2.879512,-0.29230624,-0.69931024,0.82845515,-0.24752988,0.057361234,-1.4811283,-1.6636863,-1.4610149,-0.18484598,0.04005909,-0.17503683,0.38104215,0.64245534,-0.17727046,0.14624837,1.0924922,0.63813436,0.20706916,-0.41910794,-1.3050603,-2.2412968,-0.95105654,0.309017,0.8660254,-0.5,0.0
2021-05-05 00:00:00,5.0,0.9217372,0.81783247,1.513862,-1.4488213,0.38774803,1.1927841,0.042059574,0.6137547,-0.9127394,-1.3844749,-1.4322288,0.9277276,0.6006058,0.3163114,0.62203544,0.8221431,0.21242934,0.4862021,1.5929325,1.5993179,0.6308147,0.06978874,0.3877595,-2.127518,0.95105654,0.309017,0.5,-0.8660254,0.0
2021-05-06 00:00:00,5.0,1.0360782,1.3235927,-0.8656428,-0.5690992,-0.13654105,0.7742856,-0.4342902,0.51043946,-1.0230781,-1.4855226,-1.5612801,0.90274495,1.1779209,0.8741717,1.0171732,1.5709847,1.023409,0.3903095,2.0480335,2.0820124,1.1969467,0.69079876,-0.33883825,-1.9756907,0.58778524,-0.809017,0.5,-0.8660254,0.0
2021-05-07 00:00:00,5.0,-0.7296103,-0.36853796,0.3265412,1.2516108,0.19968845,1.1708465,0.028830051,-0.8742125,-1.0010505,-1.3959666,-1.4954289,0.748144,0.6911846,0.47204888,1.0818864,0.43167028,0.6064513,0.0696213,1.2600805,1.3161696,0.8120521,0.24472585,-0.079102345,-2.2167814,-0.58778524,-0.809017,0.5,-0.8660254,0.0
2021-05-10 00:00:00,5.0,-0.28732777,-0.9028247,-1.1619006,1.1832608,0.46554595,0.89538753,-0.24923547,0.7768792,-0.938383,-1.3201249,-1.464257,0.761885,0.5551675,0.3544105,1.0118392,0.55740094,0.571049,0.23745215,1.297408,1.0006775,0.64106935,0.06566853,0.23864447,-2.0512347,-0.95105654,0.309017,0.5,-0.8660254,0.0
2021-05-11 00:00:00,5.0,0.16504881,-0.5151018,1.02154,-0.0050181486,-0.65486497,1.2750099,0.04220789,0.84876394,-1.289369,-1.5395161,-1.5969439,0.08854297,0.71164894,0.49708346,1.006695,0.63083297,0.80392164,0.394808,1.3784175,1.0214245,0.7510748,0.2507926,-1.2296888,-1.7523707,0.0,1.0,0.5,-0.8660254,0.0
2021-05-12 00:00:00,5.0,-1.7521527,-1.3994735,-0.2163124,-1.5201418,0.48883927,0.62008613,-0.42335117,-1.3091494,-0.6536248,-1.0154015,-1.2562966,0.928518,-0.60717,-0.650936,0.48996258,-0.87845004,-0.027581856,-0.12953955,0.9187482,-0.19464155,-0.31628057,-0.9715807,0.35983375,-0.50341153,0.95105654,0.309017,0.5,-0.8660254,0.0
2021-05-13 00:00:00,5.0,1.4069215,1.4131194,-0.72019166,-0.90817827,1.586601,-0.022184698,-0.4276181,-0.0646168,-0.27779967,-0.82801664,-1.2591634,1.9455595,0.3218235,0.21008593,0.47100595,-0.6529294,0.57461727,0.21602471,1.1455871,0.7861278,0.4774053,-0.0060877935,1.2368464,-1.8593296,0.58778524,-0.809017,0.5,-0.8660254,0.0
2021-05-14 00:00:00,5.0,-1.1267291,-0.0052054827,2.2861388,0.007969926,3.0,0.22050402,-0.043131556,-1.9061342,2.1960747,0.988715,-0.25811335,3.0,-0.38545138,-0.4651155,0.14735681,-0.86660004,-0.275591,-0.41389665,-0.03887444,0.07300149,-0.17602272,-0.80214703,1.9482702,-2.1132798,-0.58778524,-0.809017,0.5,-0.8660254,0.0
2021-05-17 00:00:00,5.0,0.70165956,1.6096394,-0.91769683,-1.3502527,-0.50506735,-0.9921601,-0.7194767,-0.24060504,0.9340327,0.32757822,-0.56986445,2.5835252,0.06233671,-0.037761364,0.15761195,-0.32878315,0.14719574,-0.07055685,0.23320252,0.5247096,0.18716076,-0.36078954,-1.157629,-1.1763289,-0.95105654,0.309017,0.5,-0.8660254,0.0
2021-05-18 00:00:00,5.0,0.17057069,0.299443,-0.25723642,2.0455234,-0.031032324,-1.3495259,-0.47160652,-0.075764306,0.42913273,0.084976144,-0.65844977,1.7143261,0.20843963,0.09986285,0.18865462,-0.33553037,0.19708915,-0.009136092,0.19643089,0.5964167,0.2907168,-0.20793033,0.050576657,-1.1452922,0.0,1.0,0.5,-0.8660254,0.0
2021-05-19 00:00:00,5.0,0.084514074,-0.72267556,0.7838266,-0.33173943,-0.3277436,0.049452968,1.043718,0.9757801,-0.16352619,-0.27085388,-0.82550627,0.8134055,0.30952042,0.1936653,0.22998609,0.7516254,-0.10514337,0.097314425,0.79906404,0.6049674,0.36094007,-0.066991754,-0.6756645,-1.2230616,0.95105654,0.309017,0.5,-0.8660254,0.0
2021-05-20 00:00:00,5.0,-1.401298,-0.40723357,1.032391,0.2554832,0.07166243,0.49801043,0.030694455,-1.8835933,0.18491668,0.082101084,-0.5149569,0.97423124,-0.616908,-0.67902493,-0.03806155,-0.88057923,-0.95769924,0.118926734,0.24737118,-0.24325697,-0.36616135,-0.9007233,0.37892047,-1.4781184,0.58778524,-0.809017,0.5,-0.8660254,0.0
2021-05-21 00:00:00,5.0,0.22374679,-0.44859877,-1.2224573,2.4001772,-0.3759295,-0.71676487,-0.6599781,0.8397104,-0.422523,-0.33886117,-0.73824,0.16930795,-0.41880366,-0.50232184,-0.15747796,-0.11564319,-0.62406653,0.024176633,-0.06736856,-0.09743734,-0.25074023,-0.6719081,-0.91673857,-1.5508872,-0.58778524,-0.809017,0.5,-0.8660254,0.0
2021-05-24 00:00:00,5.0,0.21974166,0.3135951,0.4621405,1.1605632,-0.24922013,-1.3753122,-0.431822,0.07485949,-0.779646,-0.6372589,-0.91551965,-0.25918424,-0.22207195,-0.3269883,-0.18349275,-0.3951065,-0.45179364,0.11483805,-0.16587277,0.052076757,-0.14289804,-0.44468617,-0.3467389,-1.6276557,-0.95105654,0.309017,0.5,-0.8660254,0.0
2021-05-25 00:00:00,2.0,0.6393026,0.87617874,-1.2179996,1.3299781,-0.6262893,-2.1837192,-0.98779124,0.36423206,-1.3889613,-1.1613139,-1.2510773,-0.93466216,0.20664112,0.064948745,-0.05920425,-0.16114198,-0.31516063,0.38693863,-0.70661473,0.5184896,0.17048343,0.08562322,-1.3006003,-1.1506298,0.0,1.0,0.5,-0.8660254,0.0
2021-05-26 00:00:00,5.0,-1.0575252,-1.5677202,-0.7530651,-1.4490728,-0.06485055,-1.6370203,0.33750114,0.095145635,-1.2526947,-1.0826786,-1.1334168,-0.8172544,-0.5096935,-0.5845643,-0.20741488,-0.8408016,-0.006070614,-0.024387507,-1.2274942,-0.37745923,-0.44817427,-0.58600944,0.19723673,-1.0369462,0.95105654,0.309017,0.5,-0.8660254,0.0
2021-05-27 00:00:00,2.0,0.05618776,-0.047109682,0.7039644,1.3744518,-0.6962553,-0.80983937,0.58476436,0.08965179,-1.8482974,-1.5995442,-1.4445823,-1.472009,-0.42346725,-0.5083227,-0.2972828,0.060556434,-0.57109743,0.055342913,-0.5656705,-0.39399445,-0.44216973,-0.42543662,-1.2609903,-1.0188493,0.58778524,-0.809017,0.5,-0.8660254,0.0
2021-05-28 00:00:00,1.0,-0.7522517,-0.74210286,-0.21604882,0.37514198,-0.4437703,1.7608079,1.9690812,-0.63797843,-1.8854595,-1.7162343,-1.4882954,-1.5115101,-0.87917244,-0.92182344,-0.52425563,-0.52150494,-0.3900375,-0.4534047,-1.0115215,-1.175299,-0.86759573,-0.88360524,-1.1294008,-1.0236126,-0.58778524,-0.809017,0.5,-0.8660254,0.0
2021-06-01 00:00:00,2.0,-0.09896082,-0.60382974,0.44374922,0.0053859255,-0.5042382,-0.17324525,-0.9630007,0.30426264,-2.0830367,-1.9959185,-1.6909543,-1.7203434,-0.89582473,-0.9340163,-0.69266003,-0.7279532,-0.70479584,-0.34729624,-0.95930135,-1.325847,-0.92970085,-0.88535345,-1.1530038,-0.9071211,-0.95105654,0.309017,0.5,-0.8660254,0.0
2021-06-02 00:00:00,1.0,1.4661722,1.3899478,-0.04967441,-1.1873904,0.19029357,2.237659,1.610333,0.5904759,-1.4221405,-1.7306546,-1.7119284,-0.6019823,0.12970783,-0.06529283,-0.3400098,-0.25900683,-0.26665035,-0.025440848,-0.93565154,0.40398276,-0.0074499757,0.2107854,0.7381782,-0.83519226,0.95105654,0.309017,1.2246469e-16,-1.0,0.0
2021-06-03 00:00:00,1.0,1.1685574,1.4505529,-1.2345239,-0.17249288,-0.2222552,-0.045361206,-1.0512723,0.4675162,-1.5473162,-1.9235125,-1.9292215,-0.60853314,0.8540325,0.61303663,0.19206938,1.0775135,0.11766624,-0.0073009343,-0.968272,1.6345707,0.76829934,1.1467351,-0.46171543,-0.49679562,0.58778524,-0.809017,1.2246469e-16,-1.0,0.0
2021-06-04 00:00:00,1.0,0.38238606,0.1171296,-0.019756146,2.291676,0.21449707,-0.24698626,-0.33138323,0.47109818,-1.3722695,-1.8440473,-1.9195148,-0.27690643,1.1297251,0.8848168,0.64683944,1.3344153,0.9176764,-0.22152008,-1.0804758,1.7937173,1.0605382,1.4282461,0.76175594,-0.565504,-0.58778524,-0.809017,1.2246469e-16,-1.0,0.0
2021-06-07 00:00:00,1.0,-0.78720224,-1.4310267,-0.5708248,-1.331693,-0.15548685,-1.3094376,-1.082971,0.11660097,-1.4377111,-1.8495961,-1.8654022,-0.43591335,0.49929854,0.35431,0.7131827,1.3534805,0.5321897,-0.21442905,-1.2294754,0.88002294,0.54322875,0.8626688,-0.24085411,-0.5836594,-0.95105654,0.309017,1.2246469e-16,-1.0,0.0
2021-06-08 00:00:00,1.0,-0.05395397,0.03173191,0.9857126,1.1747872,-0.12790053,-1.4673234,-0.78863657,-0.17561096,-1.5439056,-1.9506035,-1.9289219,-0.5394087,0.5031089,0.36534625,0.7093159,1.409692,0.42393717,-0.14766887,-1.0624563,0.761881,0.52817446,0.8323819,-0.21811678,-0.51510596,0.0,1.0,1.2246469e-16,-1.0,0.0
2021-06-09 00:00:00,1.0,0.65267855,0.9259649,-0.3744455,0.42508423,0.25152925,0.548855,3.0,-0.1707822,-1.3376206,-1.8709266,-1.9477967,-0.14848845,1.0328447,0.8625018,0.8576713,0.88208497,0.41891238,-0.021866862,-0.8551818,1.249823,1.0265843,1.3409878,1.0369964,-0.38705975,0.95105654,0.309017,1.2246469e-16,-1.0,0.0
2021-06-10 00:00:00,1.0,0.24649507,0.42288455,0.2785727,1.2058085,-0.30876794,-0.42404017,-0.7758979,-0.03146444,-1.5889217,-2.0467937,-2.0615902,-0.4882484,1.294856,1.1278533,1.0160398,0.28450206,1.0398159,0.7171154,-0.95636505,1.3062974,1.1889603,1.6142983,-0.7415426,-1.4166573,0.58778524,-0.809017,1.2246469e-16,-1.0,0.0
2021-06-11 00:00:00,1.0,-0.23599504,0.053286206,1.7894088,0.32184413,0.11725678,-0.8939159,-0.6680581,-0.52295965,-1.4248947,-1.9001632,-1.9599804,-0.29880446,1.1208409,1.0249562,0.9708631,-0.11496661,0.9504616,0.1135419,-1.1374452,0.9707562,0.989865,1.4251225,0.6621919,0.52167994,-0.58778524,-0.809017,1.2246469e-16,-1.0,0.0
2021-06-14 00:00:00,4.0,0.13909744,-0.2688558,0.26029602,0.9952088,-1.3466812,-0.5090931,0.21258038,0.38382745,-1.7796515,-2.1361253,-2.1019516,-0.8536355,1.2950221,1.2246515,0.9586889,0.48533583,1.38049,0.6341839,-0.7607912,0.96502686,1.094021,1.6692775,-1.1171871,1.6084466,-0.95105654,0.309017,1.2246469e-16,-1.0,0.0
2021-06-15 00:00:00,4.0,0.97639227,1.0994835,0.75232834,-1.2496936,1.8623792,1.9832711,2.5194333,0.04335094,-1.2580886,-1.8288705,-2.0016854,0.07343323,2.0930831,2.0568547,1.1491237,1.1326689,1.8517873,0.70660573,-0.2767117,1.4685673,1.7550818,2.3337185,1.7328323,0.8446264,0.0,1.0,1.2246469e-16,-1.0,0.0
2021-06-16 00:00:00,4.0,0.33016625,0.45049915,-0.09859908,1.3664777,0.88499194,0.03360984,-0.9475184,0.013282008,-1.154651,-1.7243528,-1.9461362,0.24657874,2.2923808,2.3288343,1.3043039,0.9142734,1.2963487,0.77483606,-0.27535647,1.4073908,1.879266,2.4537892,0.7590172,0.82929105,0.95105654,0.309017,1.2246469e-16,-1.0,0.0
2021-06-17 00:00:00,4.0,-0.674849,-1.1009214,0.1651508,-1.1069535,1.0988797,1.0016708,0.57072556,0.31548488,-0.9262427,-1.4808139,-1.7460208,0.48422188,1.4102058,1.6003689,1.0876415,0.33493987,0.44429076,0.5185388,-0.32506484,0.8510603,1.2131792,1.6935861,1.1010618,1.4196917,0.58778524,-0.809017,1.2246469e-16,-1.0,0.0
2021-06-18 00:00:00,2.0,-0.8809924,-0.46867308,1.8933191,-1.2189751,2.082925,0.94008404,-0.24041414,-0.7483287,-0.37490776,-1.0120682,-1.4141045,1.132624,0.39660096,0.6818471,0.6035523,-0.07362002,-0.13448882,0.8449523,-0.2743659,0.26105294,0.38909042,0.78398293,1.7188754,0.95510554,-0.58778524,-0.809017,1.2246469e-16,-1.0,0.0
2021-06-21 00:00:00,5.0,-1.4914933,-1.1857945,-0.99395794,-0.29364067,1.5398552,1.9581162,0.64172995,-0.6839183,0.15931441,-0.48941413,-0.9991024,1.5578245,-1.0475633,-0.7982271,-0.14717506,-1.1605889,-0.4688674,0.10799908,-0.66100216,-0.7113813,-0.7345356,-0.4821367,1.5335424,2.3888423,-0.95105654,0.309017,1.2246469e-16,-1.0,0.0
2021-06-22 00:00:00,5.0,0.19393612,0.90025896,-0.3177289,0.46041662,1.2838109,-0.31749073,-1.2021899,-1.257057,0.31483084,-0.30382928,-0.88727057,1.6324732,-0.82047564,-0.57592154,-0.55251867,-1.6927884,-0.36499542,0.083190955,-0.03678298,-0.6078263,-0.6053032,-0.35791317,1.424687,2.2067735,0.0,1.0,1.2246469e-16,-1.0,0.0
2021-06-23 00:00:00,5.0,0.969229,1.0801086,0.16095833,-0.4461183,-1.557465,-0.4016139,-0.22526377,1.0366237,-0.16113599,-0.6003213,-1.0908746,1.026782,0.101565614,0.30768225,-0.5615876,-1.2935253,-0.23303087,0.19671948,-0.036152158,0.016120376,0.064042754,0.38085636,-1.3097216,2.0289829,0.95105654,0.309017,1.2246469e-16,-1.0,0.0
2021-06-24 00:00:00,4.0,0.17245933,0.31666103,2.725637,-1.2749152,-0.36076713,-0.48239985,-0.24242191,-0.074170545,-0.43527204,-0.75995743,-1.1815207,0.62400347,0.3019115,0.50660926,-0.50893694,-0.7670248,-0.28915623,0.7641375,0.42160133,0.099904984,0.14521042,0.53103006,-0.29335126,1.8256556,0.58778524,-0.809017,1.2246469e-16,-1.0,0.0
2021-06-25 00:00:00,4.0,-0.0497825,0.8089006,0.8818315,-0.58912694,-0.46322307,-0.8470809,-0.6360109,-1.0692724,-0.74135184,-0.9532742,-1.2753434,0.1790985,0.3056302,0.5118383,-0.48405716,-0.18423676,-0.19895445,0.717593,0.014153942,0.02934714,0.06212099,0.5196933,-0.44859454,1.7168964,-0.58778524,-0.809017,1.2246469e-16,-1.0,1.0
2021-06-28 00:00:00,5.0,0.13969116,-0.59834427,1.5053743,-1.2975031,-1.5029683,-0.6411349,-0.0022327402,0.57524896,-1.1993386,-1.289941,-1.4698842,-0.4555987,0.4878618,0.679843,-0.42595252,0.9774811,-0.20898002,1.0972372,0.1998499,0.106052935,0.09827137,0.7255305,-1.289318,1.7294003,-0.95105654,0.309017,1.2246469e-16,-1.0,1.0
2021-06-29 00:00:00,5.0,-1.8938942,-1.4684045,-0.7575535,-1.1418669,1.7045723,-0.31584495,0.22469197,-0.32011965,-0.19570895,-0.5149527,-0.9008342,0.6844953,-1.3999759,-1.1766633,-0.95631206,-0.44307616,-1.7188628,0.35572994,-0.32528844,-1.7919595,-1.4291521,-0.86601883,1.6364088,1.3340827,0.0,1.0,1.2246469e-16,-1.0,1.0
2021-06-30 00:00:00,4.0,0.08895551,0.42169,1.4449846,-0.20264836,-0.6377373,-0.89037275,-0.87861997,-0.36660925,-0.6136042,-0.7843151,-1.0508528,0.112925485,-1.250621,-1.0405461,-1.3271,-1.053678,-1.8732382,-0.2552213,0.050384745,-1.6828848,-1.4053051,-0.76413596,-0.5518759,1.5496646,0.95105654,0.309017,1.2246469e-16,-1.0,1.0
2021-07-01 00:00:00,5.0,-0.26781014,0.044211727,0.6484811,1.2383481,-0.21848033,-0.3818571,0.5692225,-0.61538595,-0.7001373,-0.8360951,-1.0627812,-0.04388698,-1.4552823,-1.2430657,-1.6366727,-1.3339229,-1.6980029,-0.91368425,0.23230782,-1.7470666,-1.6163225,-0.95115507,0.12886429,1.6208078,0.58778524,-0.809017,1.2246469e-16,-1.0,1.0
2021-07-02 00:00:00,4.0,1.6811858,1.185209,-0.24139373,-0.42879936,1.2706908,0.02882251,0.27025875,0.85120314,-0.071980335,-0.50197107,-0.9838071,0.99156755,0.2331903,0.2977948,-1.0293541,-0.20605202,-0.31705764,-0.39382702,0.14662884,-0.046251845,-0.17301515,0.23648885,1.6172816,1.9365228,-0.58778524,-0.809017,-0.5,-0.8660254,0.0
2021-07-05 00:00:00,4.0,-0.6220467,-1.3198307,-0.47786868,-0.9745204,-0.9745785,-0.2761684,-0.43643084,-0.105978996,-0.6424497,-0.824342,-1.1129508,0.11003142,-0.33579957,-0.2624969,-0.920443,-0.69964963,0.22022559,-0.2957092,-0.29945108,-0.62974066,-0.6551997,-0.18982542,-0.9346132,2.065325,-0.95105654,0.309017,-0.5,-0.8660254,0.0
2021-07-06 00:00:00,5.0,0.45061594,1.0986378,-0.82145685,0.36515605,-1.001563,-1.1910421,-1.1834309,-0.115000695,-1.2110872,-1.2703211,-1.412799,-0.60282815,0.11733179,0.17324841,-0.626533,0.85998666,0.3463962,-0.0774895,0.17663984,-0.16650149,-0.25619897,0.20662093,-0.9613012,2.0627036,0.0,1.0,-0.5,-0.8660254,0.0
2021-07-07 00:00:00,2.0,-2.4863029,-1.6561518,-1.0481479,-1.160782,2.5072694,0.97660345,3.0,0.8476403,1.0295153,0.44210726,-0.2260532,1.8441156,-1.9741735,-2.0602803,-1.1755422,-0.8561466,-1.5412331,-1.6068051,-0.34143302,-2.243929,-2.077099,-1.7275796,1.9494921,2.1255467,0.95105654,0.309017,-0.5,-0.8660254,0.0
2021-07-08 00:00:00,2.0,-0.6058996,-0.69014895,0.653538,-0.58218306,0.80504495,0.7036572,-0.3063685,0.36294892,1.4376805,0.9283464,0.16600274,1.9939474,-2.247937,-2.3848226,-1.6349548,-1.0811082,-1.9012512,-2.0550623,-0.72540593,-2.2211137,-2.2181911,-1.9993467,1.5539647,2.0740745,0.58778524,-0.809017,-0.5,-0.8660254,0.0
2021-07-09 00:00:00,2.0,-0.029898781,0.09769691,-0.4123239,2.418035,-0.09500371,-0.040247165,-0.5890742,-0.30275,1.0295212,0.7774209,0.14403634,1.4264587,-2.145957,-2.2627406,-1.869854,-2.1009214,-1.8445303,-2.0220897,-0.74000853,-1.886841,-2.0622578,-1.9484444,0.5331192,1.8040946,-0.58778524,-0.809017,-0.5,-0.8660254,0.0
2021-07-12 00:00:00,2.0,0.60405236,1.0293345,-1.1138436,0.897716,-0.40640986,-0.3908848,-0.44081056,-0.33827448,0.46699825,0.4056952,-0.086879045,0.80025065,-1.5195699,-1.6840501,-1.7311151,-1.323443,-1.5811528,-1.7744801,-1.1168607,-1.3350773,-1.5413364,-1.5533828,0.105644345,1.836195,-0.95105654,0.309017,-0.5,-0.8660254,0.0
2021-07-13 00:00:00,2.0,-0.3545542,-0.3091053,-0.6242159,1.5729661,-0.5159027,-0.8728643,-0.67194134,-0.4577041,0.027342007,0.13298239,-0.19428724,0.22743905,-1.6853008,-1.8498847,-1.6644665,-1.7619823,-0.794486,-2.3657086,-0.9515703,-1.3759435,-1.6161879,-1.72863,-0.4027824,1.811058,0.0,1.0,-0.5,-0.8660254,0.0
2021-07-14 00:00:00,2.0,-0.63699955,-1.2329129,-0.48705083,-0.71190304,-0.5761793,-0.86222947,-0.29102957,0.03331204,-0.3341156,-0.11035342,-0.2748227,-0.26324135,-1.9977415,-2.1720507,-1.726902,-0.6191548,-1.1366156,-2.6980076,-1.1052119,-1.5699064,-1.8436903,-2.054366,-0.5207732,1.8668846,0.95105654,0.309017,-0.5,-0.8660254,0.0
2021-07-15 00:00:00,2.0,-0.2365981,-0.011442838,2.4843776,-0.816661,-0.41794378,0.94734657,2.1512504,-0.58288306,-0.53203857,-0.2949364,-0.36841735,-0.50378567,-2.0359986,-2.19776,-1.7138392,-0.38730937,-1.1151091,-2.396939,-1.0443203,-1.5071331,-1.7993174,-2.098324,-0.055109333,1.7550946,0.58778524,-0.809017,-0.5,-0.8660254,0.0
2021-07-16 00:00:00,2.0,-1.7412844,-0.7143298,0.46306375,-0.43187067,0.7741672,1.7905077,0.28894964,-1.7718475,0.33721024,0.4308202,0.27110878,0.3183032,-2.7644994,-3.0,-1.9479825,-1.3845822,-2.6026201,-2.6356602,-1.0199718,-2.0056117,-2.4987836,-2.7467988,1.5837942,1.7628684,-0.58778524,-0.809017,-0.5,-0.8660254,0.0
2021-07-19 00:00:00,2.0,-0.7588185,0.00290594,2.657136,-1.1092957,3.0,0.07717418,-0.9152393,-0.2994383,3.0,3.0,3.0,3.0,-2.8412848,-3.0,-1.0577756,-2.1390548,-2.534333,-2.20942,-1.4236941,-1.8819546,-1.4798216,-1.8068451,1.8894595,1.4533707,-0.95105654,0.309017,-0.5,-0.8660254,0.0
2021-07-20 00:00:00,2.0,-2.6510937,-1.0255425,-0.23628314,-0.467985,-0.011254378,1.9600631,1.1202757,-2.5045147,3.0,3.0,3.0,3.0,-3.0,-3.0,-1.4576977,-3.0,-3.0,-3.0,-2.0821826,-2.1334045,-2.0942576,-2.3543522,1.6045514,1.9879754,0.0,1.0,-0.5,-0.8660254,0.0
2021-07-21 00:00:00,2.0,0.37963554,-0.03529225,0.6172606,0.88568467,-0.26352236,2.2260163,0.15137388,0.739903,3.0,3.0,3.0,2.458853,-2.827076,-3.0,-1.6439964,-2.568573,-2.2589715,-3.0,-1.7629046,-1.6726187,-1.9173055,-2.248782,0.9618891,1.8556288,0.95105654,0.309017,-0.5,-0.8660254,0.0
2021-07-22 00:00:00,2.0,1.8097328,1.4947084,-0.68700874,-0.560884,-0.14322647,0.7087391,-0.7113587,0.20019865,2.3224099,2.8966627,3.0,1.6798445,-1.6323973,-2.0953913,-1.360522,-1.444295,-1.2937547,-2.365085,-1.4378341,-1.0612129,-1.2688721,-1.7533187,1.308383,1.8903456,0.58778524,-0.809017,-0.5,-0.8660254,0.0
2021-07-23 00:00:00,5.0,-0.99663264,-1.3435129,-0.86388695,-0.5477753,-0.27054638,-0.27356064,-0.7093612,0.38438812,1.7717321,2.4831967,2.7942204,0.97123826,-1.8718774,-2.312444,-1.2716959,-1.1171463,-1.6368195,-2.5540926,-1.5976934,-1.1821568,-1.5073733,-2.0058525,0.8793404,1.7725475,-0.58778524,-0.809017,-0.5,-0.8660254,0.0
2021-07-26 00:00:00,2.0,0.08397252,-0.4763434,0.17320755,0.29851177,-0.45236853,-0.7450368,-0.596975,0.71443737,1.121457,1.9283772,2.346129,0.2402236,-1.7754447,-2.168417,-1.1461785,-0.70803064,-1.7696873,-2.4349072,-1.9515809,-1.0399094,-1.4193465,-1.9957441,-0.6745306,1.6870029,-0.95105654,0.309017,-0.5,-0.8660254,0.0
2021-07-27 00:00:00,2.0,1.5730954,1.7892706,-1.00862,-0.9744167,-0.09975146,-0.081915475,0.5817741,-1.2296988,0.95530033,1.655359,2.0357842,0.15588821,-0.9158286,-1.4141321,-0.6290717,1.4822062,-1.0520701,-1.3504618,-1.3737092,-0.5721394,-0.77812433,-1.4880253,1.4444551,1.6054509,0.0,1.0,-0.5,-0.8660254,0.0
2021-07-28 00:00:00,5.0,-0.123461746,-1.1332972,-1.3015485,0.40225416,-0.42708147,-0.45562437,-0.4509104,1.3516634,0.567956,1.308683,1.766805,-0.31810063,-0.9462394,-1.417015,-0.27673194,1.2215974,-0.8756996,-1.3925698,-1.4177641,-0.5401922,-0.7759999,-1.5303228,-0.292204,1.5183561,0.95105654,0.309017,-0.5,-0.8660254,0.0
2021-07-29 00:00:00,5.0,0.13228805,1.2098483,-0.41647774,-0.2259018,-0.553174,0.09991803,0.3304111,-1.0372728,0.111084834,0.88489336,1.4184865,-0.8603371,-0.87602437,-1.3337578,0.051043596,0.35112268,-0.7478344,-1.2720093,-1.6974391,-0.44555423,-0.6958125,-1.5228968,-1.4171013,1.448674,0.58778524,-0.809017,-0.5,-0.8660254,0.0
2021-07-30 00:00:00,5.0,0.8067299,0.23977903,1.4613684,0.13423045,-0.39375597,-0.06598132,-0.3028142,1.350109,-0.014249054,0.6615203,1.1832917,-0.9189167,-0.46066555,-0.9830515,0.52912986,1.3426342,0.12724364,-1.4886316,-1.8863112,-0.16250794,-0.2581447,-1.2627031,-0.20654964,1.4178259,-0.58778524,-0.809017,-0.5,-0.8660254,0.0
2021-08-02 00:00:00,5.0,-1.152306,-0.79640156,0.06683775,-0.28421792,-0.41948348,0.34105712,0.11454805,-1.5855596,-0.05310832,0.5847992,1.1610501,-0.97085404,-0.9276614,-1.3608562,0.6308255,0.6829708,-0.037182584,-1.6218485,-1.9710085,-0.4493237,-0.66833895,-1.6237603,-0.63776875,1.4795169,-0.95105654,0.309017,-0.5,-0.8660254,0.0
2021-08-03 00:00:00,2.0,0.17931338,-0.6654509,1.2445699,-1.1972111,-0.4230618,-0.5152906,-0.63627124,1.1675587,-0.2035409,0.37836847,0.96553975,-1.0956528,-0.8394245,-1.2686257,0.78443867,-0.09085391,1.0359917,-1.6599357,-1.8531544,-0.34389538,-0.46817157,-1.5612818,-0.62293166,1.3642006,0.0,1.0,-0.8660254,-0.5,0.0
2021-08-04 00:00:00,2.0,2.8675237,1.7823488,-0.94466895,-1.0655584,-0.09607322,2.137486,2.1165657,2.4433973,0.23843287,0.5164728,0.8844165,-0.24665,0.61472017,-0.023708805,1.6051223,1.6625243,2.0514998,-0.10517425,-1.0874987,0.9047954,1.031303,-0.4240171,1.2010176,1.3991414,0.95105654,0.309017,-0.8660254,-0.5,0.0
2021-08-05 00:00:00,2.0,-0.536598,-0.6423387,-0.012466584,0.28109822,-0.08892581,1.447597,-0.38196588,0.2699828,0.3156253,0.5682181,0.9387805,-0.1594232,0.34561503,-0.23042788,1.9137115,1.2669508,1.1360775,-0.09825343,-0.6432071,0.6917053,0.7641979,-0.59055364,1.1188159,1.3962653,0.58778524,-0.809017,-0.8660254,-0.5,0.0
2021-08-06 00:00:00,2.0,0.52196103,1.7687625,-1.1703721,-0.8264555,-0.25261077,0.5124133,-0.5656673,-1.9063299,0.13831569,0.40192246,0.7764058,-0.3434207,0.5621348,-0.024436496,2.199952,1.1111397,1.7114654,0.06337191,-1.0729858,0.9284568,1.0460246,-0.4128175,0.3727741,1.449056,-0.58778524,-0.809017,-0.8660254,-0.5,0.0
2021-08-09 00:00:00,2.0,0.30943242,0.69796056,-0.8202656,1.2880312,-0.42745256,-0.30287704,-0.63614917,-0.15956794,-0.17763202,0.13069184,0.54246455,-0.75043076,0.6839792,0.099817455,2.4143982,1.8383592,1.7513503,-0.011103475,-0.54935277,1.0838807,1.2681367,-0.31463972,-1.1267314,1.4213964,-0.95105654,0.309017,-0.8660254,-0.5,0.0
2021-08-10 00:00:00,2.0,-0.3386893,0.030505225,-0.79572684,2.4398658,-0.3388753,-0.3785262,-0.21315649,-0.8968757,-0.2399779,0.04594191,0.470787,-0.812857,0.4932453,-0.036702473,2.3119323,1.5376176,1.0407478,-0.013303018,-0.9486371,0.95959204,1.1204995,-0.4426256,-0.3943347,1.4006464,0.0,1.0,-0.8660254,-0.5,0.0
2021-08-11 00:00:00,2.0,0.6427929,1.0256433,-0.614902,0.36295882,-0.25126195,-0.25206128,-0.04715646,-0.2670773,-0.30024365,-0.0683384,0.32678542,-0.81175685,0.77576244,0.22506876,2.2884588,0.29799226,1.3116525,0.35024282,-0.81706905,1.1948656,1.4532043,-0.18923663,0.2998375,1.3323805,0.95105654,0.309017,-0.8660254,-0.5,0.0
2021-08-12 00:00:00,2.0,0.5151045,0.56716484,-0.34927353,1.0591962,-0.44736946,-0.8850897,-0.65877676,0.5033262,-0.5328468,-0.3028839,0.09689602,-1.0914135,0.99321234,0.4366061,2.367719,0.8502157,1.4286853,0.5703018,-0.7153476,1.309763,1.7661679,0.04162775,-1.1937889,1.2908708,0.58778524,-0.809017,-0.8660254,-0.5,0.0
2021-08-13 00:00:00,2.0,-0.8579196,-0.8164097,0.20303214,-0.30561718,-0.38189346,0.3842434,0.97315305,-1.215334,-0.58490664,-0.37603483,0.04450224,-1.1504734,0.4860764,0.06449632,2.0693674,0.14537205,0.83883166,0.80286825,-0.45404044,0.864597,1.233192,-0.29263893,-0.89105225,1.1476797,-0.58778524,-0.809017,-0.8660254,-0.5,0.0
2021-08-16 00:00:00,5.0,-0.27850002,-0.34145913,0.823155,0.15978755,-1.067437,1.6009343,0.5445708,-0.44600207,-0.71406794,-0.5237708,-0.09560932,-1.3045027,0.32401058,-0.051735315,1.7560782,-0.1552941,1.1359954,0.9320003,-0.6700413,0.6805744,1.0302725,-0.40355143,-1.1586791,1.0817794,-0.95105654,0.309017,-0.8660254,-0.5,0.0
2021-08-17 00:00:00,5.0,-1.3067976,-0.8396021,-0.94139695,0.7471283,-0.5404387,1.1331302,-0.3666779,-2.060118,-0.43936363,-0.34604535,0.0540948,-0.84396434,-0.34334776,-0.58271784,1.043884,-0.6516415,0.61104536,1.3201369,-1.2879968,0.09820452,0.090697765,-0.9237597,-0.605472,0.40877685,0.0,1.0,-0.8660254,-0.5,0.0
2021-08-18 00:00:00,2.0,0.8617964,1.3434148,-0.53453463,-0.46236762,1.5059624,-0.5306803,-0.9029028,-1.5198009,-0.1720184,-0.20421548,0.084786244,-0.32630244,0.09326151,-0.2154622,0.75765574,-0.5369695,-0.1636048,1.4667377,-1.2135025,0.39471656,0.43336865,-0.4864912,1.4293239,0.26588696,0.95105654,0.309017,-0.8660254,-0.5,0.0
2021-08-19 00:00:00,5.0,0.059453715,0.8339186,-0.6059876,0.7097283,-1.0426327,-0.7984883,-0.4299797,-0.69477326,-0.44201648,-0.41122967,-0.10098072,-0.7202011,0.11426729,-0.18962644,0.6243472,-0.768144,0.05337916,0.93977904,-0.74271804,0.35671943,0.40488312,-0.45232856,-1.3710141,-0.15321086,0.58778524,-0.809017,-0.8660254,-0.5,0.0
2021-08-20 00:00:00,5.0,-2.5874286,-0.6878942,0.87962663,-0.63813937,0.11806869,1.236037,1.5684273,-3.0,0.20964287,0.11966283,0.3930804,0.13718776,-1.0391296,-1.1900337,-0.16147542,-1.6849157,-1.0801383,0.43517506,-1.791922,-0.97488004,-1.0798755,-1.3694714,0.22127597,-0.34956667,-0.58778524,-0.809017,-0.8660254,-0.5,0.0
2021-08-23 00:00:00,2.0,0.07369032,0.15382163,0.72690916,0.92955434,-1.2645173,-0.5283254,-0.8313676,-0.02048287,-0.22133726,-0.17970729,0.14875415,-0.4846935,-1.0038223,-1.1460352,-0.6535784,-1.4816158,-1.14787,0.43303046,-1.4437572,-1.0147325,-1.1702868,-1.3833882,-1.5128316,-0.35390654,-0.95105654,0.309017,-0.8660254,-0.5,0.0
2021-08-24 00:00:00,5.0,1.307621,0.935105,0.32820195,-0.5522391,-0.14018886,-0.36954975,-0.09930777,1.511995,-0.1818394,-0.20420644,0.039947085,-0.30987927,-0.29914245,-0.56239355,-0.58056664,-0.16301897,-0.5514813,0.3722426,-0.87891406,-0.37751025,-0.4324122,-0.7532215,-0.3393912,-0.19594678,0.0,1.0,-0.8660254,-0.5,0.0
2021-08-25 00:00:00,4.0,0.7294148,0.8273739,0.046778664,0.008598708,-0.7859608,-0.88980204,-0.50643325,0.73167944,-0.41599414,-0.40472567,-0.16810699,-0.60801375,0.05066175,-0.2564406,-0.35498658,-0.21017608,-0.50751084,0.64099646,-1.1449248,-0.040943652,-0.07542362,-0.4225641,-1.232554,-0.23166741,0.95105654,0.309017,-0.8660254,-0.5,0.0
2021-08-26 00:00:00,4.0,-0.022221068,-0.3706279,-0.2717469,1.2167317,-1.1606419,-1.3869838,-0.7018326,0.06588905,-0.69681317,-0.63681036,-0.37190548,-1.0370737,0.028057607,-0.27005625,-0.20060016,-0.2528401,-0.6901138,0.59608227,-1.5644741,-0.101710826,-0.16412032,-0.42979044,-1.46888,-0.2754801,0.58778524,-0.809017,-0.8660254,-0.5,0.0
2021-08-27 00:00:00,4.0,-0.24445935,-0.0037254316,1.8413283,-0.12461164,-0.7951857,-1.0677083,0.099995434,-0.5670762,-0.84235144,-0.7844634,-0.5127063,-1.2401768,-0.10919922,-0.3772397,-0.15349828,0.9746136,-0.49121848,0.28082713,-1.75044,-0.26634338,-0.38904604,-0.5530245,-1.2134092,-0.3455481,-0.58778524,-0.809017,-0.8660254,-0.5,0.0
2021-08-31 00:00:00,4.0,1.1038903,1.7239232,-0.91739213,-1.134331,0.23309544,-0.9558478,-0.15352078,0.02326667,-0.78903824,-0.8245671,-0.63733697,-1.0112447,0.47113365,0.1144239,0.22704606,1.4999994,0.00020185919,0.96749794,-1.0493473,0.3247017,0.2981788,0.053835314,0.30920777,-0.4067114,-0.95105654,0.309017,-0.8660254,-0.5,0.0
2021-09-01 00:00:00,4.0,-0.9133477,-0.7898835,1.228392,-1.2105559,-0.28213018,1.2996988,2.2803354,-1.1164943,-0.7900418,-0.84022063,-0.65032667,-0.999996,-0.030183092,-0.28549483,0.17719984,0.34151796,0.12096887,0.62576926,-1.3453684,-0.37074965,-0.45631987,-0.42858,-0.6412944,-0.37823495,0.95105654,0.309017,-0.8660254,-0.5,0.0
2021-09-02 00:00:00,4.0,-0.40059608,-1.1330152,0.4559689,-1.2532439,0.20358972,-0.65908223,-1.0011858,0.45872912,-0.72923774,-0.8205022,-0.6600197,-0.85002506,-0.24436586,-0.46082193,0.008488601,-0.2540845,-0.32508233,-0.42009312,-1.6814662,-0.5959407,-0.71019304,-0.61581504,0.107445806,-1.0509099,0.58778524,-0.809017,-1.0,-1.8369701e-16,0.0
2021-09-03 00:00:00,4.0,1.0671067,1.366738,-0.55655015,-0.60038096,1.2424101,-0.15550828,0.14934179,-0.118003964,-0.57414323,-0.7564838,-0.69662845,-0.4576142,0.3421511,0.03375871,0.22923623,0.3261151,0.047258157,0.08715503,-1.3649216,0.15362093,0.09346399,0.04815611,0.82206964,-1.2405636,-0.58778524,-0.809017,-1.0,-1.8369701e-16,0.0
2021-09-06 00:00:00,4.0,-0.50383365,-1.0764686,0.5430843,-1.1938906,-0.25615364,-0.42547497,-0.4108426,-0.04912755,-0.6576473,-0.81372887,-0.75033927,-0.60174096,0.05003654,-0.20119895,0.20003001,0.18478726,0.8209613,-0.23714769,-1.4365159,-0.18991064,-0.2698795,-0.21486257,-0.64826334,-1.3738521,-0.95105654,0.309017,-1.0,-1.8369701e-16,0.0
2021-09-07 00:00:00,4.0,0.39757955,-0.08536001,1.1796799,0.5104656,-0.7160049,-1.3368764,-0.9521734,0.79293257,-0.7940418,-0.9397789,-0.89894176,-0.787845,0.26735455,-0.013789118,0.29693118,-0.1838717,0.94946635,-0.20537172,-1.3277857,0.12827398,0.05670596,0.06229117,-1.1799774,-1.417816,0.0,1.0,-1.0,-1.8369701e-16,0.0
2021-09-08 00:00:00,4.0,0.08078664,0.19448842,1.525277,-0.0033805608,-0.42288503,-0.8386937,0.52975076,-0.080102324,-0.86835897,-1.0200737,-1.002647,-0.8759369,0.30174297,0.017732251,0.36951193,0.34798566,0.496294,-0.075985745,-1.60001,0.20363307,0.13058375,0.13527413,-0.7810987,-1.5003245,0.95105654,0.309017,-1.0,-1.8369701e-16,0.0
2021-09-09 00:00:00,4.0,0.069759674,0.2406436,1.1012696,0.3541348,1.1097897,0.19240631,0.9592293,-0.26333582,-0.6883401,-0.91281396,-0.9613556,-0.4765396,0.33290386,0.045731217,0.39980477,0.6034786,0.24775429,-0.25711164,-1.6635283,0.29346657,0.23795626,0.2356927,0.7052003,-1.5390183,0.58778524,-0.809017,-1.0,-1.8369701e-16,0.0
2021-09-10 00:00:00,4.0,-0.5362028,0.6072942,-0.3833709,1.0593854,-0.53143686,0.38973954,-0.051374577,-1.564437,-0.6323113,-0.8657363,-0.9337489,-0.37138832,-0.0810615,-0.26955616,0.21885838,-0.26614207,0.048455425,-0.601879,-1.6097298,-0.20943342,-0.14834921,-0.13404891,-0.8877798,-1.4271268,-0.58778524,-0.809017,-1.0,-1.8369701e-16,0.0
2021-09-13 00:00:00,4.0,0.2519016,-0.34352264,1.0166241,0.0094200075,-0.58301353,-0.34237343,-0.63812107,0.6775511,-0.7763523,-0.979755,-1.0600759,-0.60450816,0.08174839,-0.13394241,0.1647786,0.14456418,0.24059841,-0.25154653,-1.2519143,0.0649217,0.09294463,0.091327295,-1.0138288,-1.447072,-0.95105654,0.309017,-1.0,-1.8369701e-16,0.0
2021-09-14 00:00:00,4.0,1.221576,1.6574298,-0.859909,-1.1280277,0.25135636,0.75578547,0.5209396,0.5733161,-0.70175385,-0.9597122,-1.1185259,-0.35842052,0.9846626,0.61987954,0.5248846,0.5831747,0.2852789,0.24896576,-0.38103798,1.5406071,1.174983,1.149401,-0.0049612247,-1.2603116,0.0,1.0,-1.0,-1.8369701e-16,0.0
2021-09-15 00:00:00,4.0,-0.35788292,-0.6770853,0.9810158,-0.69911325,0.1579558,0.59318143,-0.337072,-0.059977375,-0.70200837,-0.9511087,-1.1180764,-0.36169618,0.6475413,0.3795102,0.5956773,0.3497374,0.5024137,0.55281603,-0.5679418,0.9727529,0.7756267,0.8956253,-0.1996915,-0.8681829,0.95105654,0.309017,-1.0,-1.8369701e-16,0.0
2021-09-16 00:00:00,4.0,1.6298603,1.5382755,-0.7352757,-0.9463715,2.6788533,1.9149657,0.57711864,0.06455275,-0.3978675,-0.75870633,-1.0470028,0.34412223,1.6759949,1.3639969,1.0542641,1.1962789,1.2794707,0.8312966,-0.3288525,2.4360943,1.9485033,2.111365,1.4998786,0.011787646,0.58778524,-0.809017,-1.0,-1.8369701e-16,0.0
2021-09-17 00:00:00,4.0,-0.5112005,-1.1150364,0.34726605,-1.0607758,0.82244503,2.0289752,-0.002842997,0.46769553,-0.3633311,-0.69376326,-0.9823734,0.35458368,1.2085061,1.0186822,1.1162724,1.1928617,0.66651106,0.6428071,-0.5832129,1.6921456,1.4133066,1.68411,0.7678116,0.31765243,-0.58778524,-0.809017,-1.0,-1.8369701e-16,0.0
2021-09-20 00:00:00,4.0,-0.1683864,-1.0838461,-0.7694338,0.15022163,0.3573707,2.3349907,0.07159915,0.9193798,-0.4136893,-0.7013502,-0.9853245,0.23360206,1.0323619,0.9024882,1.0413738,0.96068835,0.7924618,1.46935,-0.64415634,1.3807083,1.1095278,1.559892,0.3720265,1.2104255,-0.95105654,0.309017,-1.0,-1.8369701e-16,0.0
2021-09-21 00:00:00,1.0,-0.103062585,0.82981277,0.28000256,-0.2537485,0.11655805,0.17996405,-0.9370488,-1.1517472,-0.47628042,-0.72800654,-1.0070003,0.103228904,0.90963066,0.8307541,0.89495844,0.26536602,0.5985711,1.4126573,-0.7537563,1.1690793,0.8724588,1.5150464,0.13096547,1.0373486,0.0,1.0,-1.0,-1.8369701e-16,0.0
2021-09-22 00:00:00,1.0,0.90469885,0.834876,1.0721356,-1.225987,0.84049165,0.14026411,-0.22214526,0.6212259,-0.35975558,-0.6502089,-0.98154837,0.37135258,1.4604993,1.3878859,0.9614504,0.92775345,0.9064421,1.2576916,0.2531185,1.854906,1.3812221,2.0932028,0.8144954,0.65087557,0.95105654,0.309017,-1.0,-1.8369701e-16,0.0
2021-09-23 00:00:00,1.0,1.3307413,0.9154661,0.39358225,-0.699291,0.38886228,0.1026144,-0.21273184,1.5080053,-0.22815602,-0.560139,-0.95543754,0.67062694,2.1035728,2.1173599,1.2707973,0.76573366,1.373244,1.4422853,0.7660468,2.3407705,2.06807,2.767466,0.5699159,0.9259745,0.58778524,-0.809017,-1.0,-1.8369701e-16,0.0
2021-09-24 00:00:00,1.0,0.15768418,-0.23115101,-0.8784315,2.4988344,0.16810128,-0.82964057,-0.7767694,0.5635417,-0.3350686,-0.6092328,-0.9885653,0.44930258,2.0679617,2.109856,1.4693931,1.115002,1.6034211,1.47452,0.9712391,1.9120013,1.9922701,2.6847498,0.39374992,0.64942855,-0.58778524,-0.809017,-1.0,-1.8369701e-16,0.0
2021-09-27 00:00:00,1.0,0.42261812,0.7081297,-0.68456227,0.945195,-0.40720817,-0.47914255,0.18981908,0.13442096,-0.48042142,-0.7046359,-1.06819,0.18436706,2.1665018,2.2667148,1.6268898,1.3993131,1.6267546,1.6533113,0.54666305,1.7454838,2.0953305,2.8128915,-0.47748753,0.5770398,-0.95105654,0.309017,-1.0,-1.8369701e-16,1.0
2021-09-28 00:00:00,2.0,1.750987,1.7375629,-1.406862,-0.87829494,0.42255694,0.5625919,0.6619048,1.348469,-0.34102517,-0.63294333,-1.067065,0.548553,2.6694906,2.9428043,1.9319594,2.2633,1.7812188,1.8198152,1.6024915,2.002122,2.780854,3.0,0.63451374,-0.12974826,0.0,1.0,-1.0,-1.8369701e-16,1.0
2021-09-29 00:00:00,5.0,0.7922335,0.6704993,1.2758622,-1.1068048,2.0091052,1.3673441,0.18903543,0.31885952,-0.17239876,-0.50448877,-0.98437047,0.861159,2.7103615,3.0,2.0689602,2.1386917,2.1072445,2.258427,1.8696014,1.7876664,2.6907663,3.0,1.3045706,-0.91435105,0.95105654,0.309017,-1.0,-1.8369701e-16,1.0
2021-09-30 00:00:00,5.0,0.19691919,0.7187632,-1.2548997,1.2952435,1.2380508,0.014450958,-0.80894506,-0.65738976,-0.1549717,-0.45906866,-0.934296,0.84135413,2.57371,2.872627,2.0709882,1.5609002,1.5876,2.3220801,2.9310873,1.509819,2.4227784,2.9052072,1.1881258,-0.7750866,0.58778524,-0.809017,-1.0,-1.8369701e-16,1.0
2021-10-01 00:00:00,4.0,0.22971268,0.5174192,-0.23378919,0.64293534,0.15754324,0.23429476,-0.022859845,-0.06177173,-0.27519426,-0.51804703,-0.96287197,0.592347,2.4698038,2.740025,2.040908,1.5623589,1.7930286,2.011075,3.0,1.3148539,2.3216848,2.774321,0.57378834,-0.9096283,-0.58778524,-0.809017,-1.0,-1.8369701e-16,1.0
2021-10-04 00:00:00,5.0,-0.46188495,0.48542243,0.6444036,-0.2002562,-0.006981809,0.10770064,-0.253242,-1.2670318,-0.3544266,-0.54606485,-0.9500241,0.38385963,2.050044,2.3396642,1.7899536,1.1712208,1.6735709,1.9643224,2.756113,1.0192244,1.9081147,2.4092877,0.5125637,-1.3120409,-0.95105654,0.309017,-0.8660254,0.5,0.0
2021-10-05 00:00:00,5.0,0.9379174,0.9044339,-0.041249458,-0.46527946,1.4160659,-0.5174414,-0.53289557,0.38315657,-0.279912,-0.5026896,-0.931007,0.5536634,2.1770341,2.4896,1.6229529,0.77858716,1.9441887,2.0300875,2.7350657,1.0871326,2.059308,2.4896016,1.2371608,-1.605755,0.0,1.0,-0.8660254,0.5,0.0
2021-10-06 00:00:00,5.0,0.8471111,0.8671486,0.07099761,-0.5540179,1.4856772,0.7281615,0.7019162,0.19988485,-0.20045112,-0.44611433,-0.8961837,0.71025294,2.236924,2.5652483,1.552664,0.79854816,1.8679413,2.147004,2.9516325,1.1060722,2.1195598,2.504548,1.1952388,-1.3454765,0.95105654,0.309017,-0.8660254,0.5,0.0
2021-10-07 00:00:00,5.0,-1.4907084,-1.9838396,-1.3846632,-0.7703867,0.74769187,0.55920845,-0.2656606,-0.05059658,-0.12616326,-0.3349885,-0.7451566,0.68538415,1.2840621,1.7413684,1.0706266,0.016676007,1.0124316,1.7304072,2.4939153,0.6343377,1.2425369,1.8169703,0.98972905,-1.7387708,0.58778524,-0.809017,-0.8660254,0.5,0.0
2021-10-08 00:00:00,5.0,0.3925704,-0.1053634,-0.16113852,2.0773726,0.3625754,-0.48962834,-0.6789537,0.8982644,-0.18251927,-0.36318117,-0.75870186,0.5713821,1.3662794,1.7980337,0.76653844,0.09579064,1.075825,1.9126623,2.5533674,0.64863193,1.2532382,1.84449,0.7679317,-1.7259873,-0.58778524,-0.809017,-0.8660254,0.5,0.0
2021-10-11 00:00:00,5.0,1.1841692,1.0825019,-0.70744175,-0.3240308,-0.08652748,-0.67290705,-0.2624732,1.0007324,-0.20018132,-0.38709494,-0.7940016,0.5808275,1.6217273,2.0431411,0.7424729,0.8577604,1.3108113,2.0786128,3.0,0.85427934,1.591079,2.0984719,0.6441632,-1.7395494,-0.95105654,0.309017,-0.8660254,0.5,0.0
2021-10-12 00:00:00,4.0,0.8266285,1.0250797,-0.65278333,-0.32107854,-0.5225452,-1.3334117,-0.65356827,0.5580366,-0.2944296,-0.45981005,-0.85820776,0.5495456,1.7625619,2.1657116,0.87362033,0.8287788,1.0417863,1.9394966,3.0,0.93862,1.8177242,2.2633178,0.5046213,-1.8235554,0.0,1.0,-0.8660254,0.5,0.0
2021-10-13 00:00:00,4.0,-0.5764742,0.22777897,-0.47126472,1.3758076,-1.3437225,-0.21289717,0.76156783,-1.041344,-0.4106811,-0.5122186,-0.87048376,0.40512452,1.5468767,1.9465454,0.76217467,0.18708327,0.67719966,1.8898829,3.0,0.723068,1.4774868,2.0490537,-0.23784508,-1.8271769,0.95105654,0.309017,-0.8660254,0.5,0.0
2021-10-14 00:00:00,4.0,-0.7460507,-0.37199995,0.11914209,1.7986215,0.0798162,0.6400876,0.25058833,-0.79202694,-0.39179236,-0.48254982,-0.8229923,0.46621644,1.2293377,1.6662074,0.38931406,0.6484123,0.4055396,1.3828626,2.890879,0.4606961,1.051617,1.769804,0.8812272,-2.1757436,0.58778524,-0.809017,-0.8660254,0.5,0.0
2021-10-15 00:00:00,4.0,0.24495336,-1.1624643,-0.45681542,0.3576878,-1.9445639,-0.67212486,-0.78456897,1.449231,-0.6844103,-0.6427799,-0.92359215,0.12576923,1.2972425,1.7009225,0.15118812,0.5716862,0.4132335,1.5588319,2.422827,0.46598154,1.0955131,1.8495916,-0.8721713,-2.0532224,-0.58778524,-0.809017,-0.8660254,0.5,0.0
2021-10-18 00:00:00,4.0,0.7234814,0.4633455,0.22154,0.121947534,-1.9661759,-1.6302724,-0.75748855,1.1888931,-0.85523856,-0.7658169,-1.0197104,0.08852154,1.4747032,1.8407681,0.1011135,0.27678207,0.81771314,1.7614461,2.597435,0.6180327,1.3149211,2.0186288,-1.079501,-2.0364406,-0.95105654,0.309017,-0.8660254,0.5,0.0
2021-10-19 00:00:00,4.0,-0.5861905,-1.6378592,-0.23502134,-0.87288046,-1.3776873,-1.1793951,0.0584621,0.39584073,-1.2042997,-0.9437733,-1.0962312,-0.320001,1.2287635,1.6304971,-0.1567783,-0.53464866,0.31553876,1.6871473,2.365644,0.42552894,0.9611329,1.8796471,-0.5948851,-2.327463,0.0,1.0,-0.8660254,0.5,0.0
2021-10-20 00:00:00,4.0,-0.13097462,-0.037820492,1.0403955,0.5775859,-1.4379597,0.6687863,1.044913,-0.002694269,-1.6347635,-1.1958674,-1.2238976,-0.70092344,1.2093527,1.5859959,-0.4446545,-0.2835854,-0.04052269,1.4466808,1.9890938,0.37403488,0.82860696,1.8764558,-0.8122891,-2.2166061,0.95105654,0.309017,-0.8660254,0.5,0.0
2021-10-21 00:00:00,4.0,-0.029693522,0.58652693,0.5422156,-0.46215576,-0.45359066,-1.4583193,-1.1152519,-0.42393816,-1.6638455,-1.3013921,-1.2817427,-0.60634243,1.220189,1.5687249,-0.7217384,0.123867676,0.533707,1.134157,1.9427834,0.3496343,0.7180193,1.8282962,0.29825652,-2.346672,0.58778524,-0.809017,-0.8660254,0.5,0.0
2021-10-22 00:00:00,4.0,-1.3319126,-1.6466415,-0.23977262,-0.95317644,-0.020450406,-1.2056617,0.04683701,-0.51082593,-1.3840183,-1.1986688,-1.1847802,-0.36704686,0.46138394,1.036667,-1.3880581,-0.7413526,-0.09111872,0.824163,1.676371,-0.19502881,-0.12029304,1.3648711,0.8295941,-2.1766763,-0.58778524,-0.809017,-0.8660254,0.5,0.0
2021-10-25 00:00:00,4.0,-0.38071823,-0.21540377,1.3076088,0.77178675,-0.4662781,-1.7975256,-0.7623253,-0.32743144,-1.3456846,-1.2313737,-1.1954405,-0.34188208,0.32049635,0.92140687,-1.8996536,-1.3307953,-0.7000582,0.6571878,1.4682566,-0.37019077,-0.40359157,1.2300117,0.2860342,-2.032079,-0.95105654,0.309017,-0.8660254,0.5,0.0
2021-10-26 00:00:00,4.0,0.7285054,0.52548826,0.6357471,-0.37481287,-1.0108074,-1.5681151,-0.2461603,1.0438795,-1.1742815,-1.2374964,-1.2490907,-0.06333148,0.6247713,1.12245,-1.9025763,-0.6224036,-0.7736281,0.38866127,1.7284766,0.066829085,-0.039418265,1.3938338,-0.50533235,-1.8199172,0.0,1.0,-0.8660254,0.5,0.0
2021-10-27 00:00:00,4.0,-0.4569806,-0.76029515,0.27795228,0.68788874,-0.5114888,-1.1938996,0.1576496,0.015031046,-1.248829,-1.3003081,-1.2768797,-0.19906321,0.44262987,0.9858044,-2.0055168,-0.79596305,-0.71830565,0.07928061,1.6079427,-0.17852521,-0.295485,1.250814,-0.012144916,-1.4752586,0.95105654,0.309017,-0.8660254,0.5,0.0
2021-10-28 00:00:00,4.0,-0.46249366,-0.6125461,0.42831045,0.7816235,0.12482461,-1.0380014,-0.11800124,-0.049526505,-1.1457466,-1.2723987,-1.2518166,-0.06568695,0.25286415,0.8404125,-2.1006687,-1.0057362,-0.5948522,-0.075040296,1.0596873,-0.4226044,-0.54160196,1.068549,0.6446637,-1.3143121,0.58778524,-0.809017,-0.8660254,0.5,0.0
2021-10-29 00:00:00,4.0,-1.1819248,-0.7311009,0.27404404,0.66003084,-0.17872544,-0.8516283,-0.08412594,-1.1430951,-0.8171879,-1.0831583,-1.1179801,0.2356857,-0.33451417,0.42404822,-2.3302617,-0.8641593,-1.064724,-0.4034606,0.9831454,-1.1655879,-1.1159102,0.6729049,0.4111704,-1.4150196,-0.58778524,-0.809017,-0.8660254,0.5,0.0
2021-11-01 00:00:00,4.0,-0.4903672,-0.9611468,1.008452,-0.57951534,-0.57987076,0.47276276,1.1828936,0.11944333,-1.049288,-1.2376065,-1.172202,-0.0078895055,-0.51364064,0.28022388,-2.508995,-0.8957975,-1.466937,-0.39220718,0.8348018,-1.5338193,-1.3228059,0.52191836,-0.22975296,-1.2526858,-0.95105654,0.309017,-0.8660254,0.5,0.0
2021-11-02 00:00:00,5.0,1.0794781,1.184686,-0.97109413,-0.35628495,1.3402992,-0.5316051,-0.8541336,0.3516475,-0.67713684,-1.1112025,-1.1851223,0.44678494,0.002047863,0.5886747,-2.1721544,-0.7595585,-0.9071173,-0.40463886,0.9235413,-0.5829809,-0.7145742,0.7307453,1.6065842,-0.7429655,0.0,1.0,-0.5,0.8660254,0.0
2021-11-03 00:00:00,5.0,-2.246955,-1.7439718,-1.2672334,-0.44871625,3.0,2.3358154,2.6725917,0.057220973,1.5886378,0.528657,-0.33929357,2.0155087,-1.0132911,-0.20542876,-2.1568816,-1.667386,-1.5917339,-1.1792262,0.66726583,-2.2342489,-1.598558,-0.07332552,1.9550503,-1.0060632,0.95105654,0.309017,-0.5,0.8660254,0.0
2021-11-04 00:00:00,5.0,-1.8660578,-1.2931969,0.25442234,-0.87383413,0.5259643,1.9241498,-0.27410102,-1.6118453,2.0013406,1.2070247,0.12314959,1.9431815,-1.5908805,-0.76607734,-2.43629,-2.3168633,-2.1386325,-1.2137308,0.30833954,-2.9681373,-2.1712651,-0.5681874,1.2324858,-1.1188592,0.58778524,-0.809017,-0.5,0.8660254,0.0
2021-11-05 00:00:00,5.0,0.7408291,0.9330188,0.19362094,-0.75584996,0.53251195,2.2517285,0.32455713,0.09235928,1.5578502,1.0651975,0.07075341,1.5744101,-1.201588,-0.5256666,-2.3660157,-1.3717769,-1.42875,-1.1312977,0.3347154,-2.1450517,-1.7362808,-0.40813485,1.1939479,-1.1785668,-0.58778524,-0.809017,-0.5,0.8660254,0.0
2021-11-08 00:00:00,5.0,0.9156143,1.3780397,-1.1995476,-0.65687054,0.96748626,-0.43069318,-1.4968309,-0.53634286,1.4791988,1.1052369,0.08973753,1.5173001,-0.7854808,-0.24674317,-2.0106282,-0.68714297,-0.99603003,-1.2171239,0.59205925,-1.3871472,-1.2369025,-0.21970528,1.4801246,-0.84691393,-0.95105654,0.309017,-0.5,0.8660254,0.0
2021-11-09 00:00:00,4.0,-0.14906295,-0.35141593,2.3970878,-0.49360415,-0.44656238,-0.46815452,-0.2558165,0.16266324,0.709156,0.6662581,-0.048284728,0.8271491,-0.7891361,-0.26489362,-1.8035982,-1.2455913,-1.2654759,-1.4500432,0.6125255,-1.2672486,-1.184471,-0.25373122,-0.4918232,-0.255588,0.0,1.0,-0.5,0.8660254,0.0
2021-11-10 00:00:00,4.0,-0.2905779,-0.2871291,1.1895392,0.87555975,-0.43451694,-0.5309875,-0.35839757,-0.14774638,0.17313614,0.33369017,-0.1532371,0.31006247,-0.853367,-0.3300334,-1.6294755,-0.3160882,-1.195369,-1.3528783,0.7720522,-1.2279112,-1.1922332,-0.3358984,-0.31447917,-0.3013626,0.95105654,0.309017,-0.5,0.8660254,0.0
2021-11-11 00:00:00,4.0,0.4526188,0.26285994,1.8145669,-0.88546854,0.16248672,1.1878092,2.427521,0.5377124,0.22656982,0.33517736,-0.16633452,0.3776851,-0.6087092,-0.1727147,-1.314523,0.8252005,-0.9184142,-1.0575995,0.7038331,-0.8564212,-0.9054103,-0.249345,0.8467498,-0.6506665,0.58778524,-0.809017,-0.5,0.8660254,0.0
2021-11-12 00:00:00,4.0,-0.6040052,0.5211574,-0.38622257,0.6874978,-0.10262815,0.2443463,-0.80741626,-1.5944574,0.15793946,0.3313324,-0.091463,0.24263738,-0.8117137,-0.35062623,-1.1631285,0.16718024,-0.7588049,-1.2357856,0.6121322,-1.0110935,-1.032466,-0.43054527,0.4038411,-1.0122524,-0.58778524,-0.809017,-0.5,0.8660254,0.0
2021-11-15 00:00:00,4.0,-1.0223316,-1.1582767,0.25920045,-0.43595797,-1.3322403,0.91869515,0.55087465,-0.9928349,-0.47593388,-0.08821881,-0.23088981,-0.39119777,-1.1509455,-0.6449355,-1.2069529,-0.7810665,-0.9156052,-1.5808463,0.9037446,-1.3081212,-1.2985767,-0.70153475,-1.7839847,-1.44675,-0.95105654,0.309017,-0.5,0.8660254,0.0
2021-11-16 00:00:00,4.0,-0.06357908,0.26048893,0.62365955,0.33490077,0.45410645,-0.43386906,-1.1781623,-0.54721385,-0.101365484,0.14410453,-0.10148122,-0.060802184,-1.1231263,-0.6429944,-1.1110971,-0.7623643,-1.2661477,-1.4374247,0.8866483,-1.1816953,-1.1709061,-0.7564985,1.2588751,-1.4098767,0.0,1.0,-0.5,0.8660254,0.0
2021-11-17 00:00:00,4.0,0.4209632,0.12529539,2.0189784,-0.80555105,-0.025439765,1.0794429,1.9509255,0.7161028,0.10312703,0.2530793,-0.074898764,0.14384042,-0.86650705,-0.48755357,-0.91590583,-0.40862352,-0.45000297,-1.3110039,0.7263282,-0.8416009,-0.877076,-0.67677444,0.65060806,-1.3815997,0.95105654,0.309017,-0.5,0.8660254,0.0
2021-11-18 00:00:00,4.0,-0.6619123,-0.7438541,0.81893367,-0.10060442,-1.1266842,-0.07303269,-0.9552524,-0.47469243,-0.57871175,-0.30392587,-0.35419688,-0.4725076,-1.0759001,-0.6770722,-0.88128555,-0.9632778,-0.034450714,-1.4076233,0.529166,-1.0187018,-1.0010247,-0.86664796,-1.4492288,-1.2825686,0.58778524,-0.809017,-0.5,0.8660254,0.0
2021-11-19 00:00:00,5.0,-1.2402222,0.33217996,0.20562477,0.59463423,-1.0851258,-0.70733654,-0.87273383,-2.475257,-0.2344145,0.025607595,0.011554029,-0.26770717,-1.4792627,-1.0539129,-0.9529144,-1.2334003,-0.64541614,-1.3348607,0.3796446,-1.4318913,-1.3199344,-1.2358274,-1.6110533,-1.2500787,-0.58778524,-0.809017,-0.5,0.8660254,0.0
2021-11-22 00:00:00,5.0,-2.052145,-1.8618248,-1.6412418,-0.40015152,2.5812888,1.3700752,3.0,2.030764,2.5860608,2.6320405,2.2912407,1.763747,-2.019511,-1.6346372,-1.0642534,-1.7198571,-1.5585334,-1.6188065,0.14771329,-1.9651378,-1.6821756,-1.6942655,1.7908614,-0.91468346,-0.95105654,0.309017,-0.5,0.8660254,0.0
2021-11-23 00:00:00,5.0,1.4318858,1.3149309,-1.608474,0.12324701,0.38996395,-0.2531019,-1.0527478,0.20566717,2.2470872,2.3723328,2.0808346,1.6052837,-1.3047538,-1.1282067,-0.9386462,-0.9946928,-1.0683904,-1.467103,0.16129409,-1.1885201,-1.0768486,-1.3369609,1.4097251,-1.3535644,0.0,1.0,-0.5,0.8660254,0.0
2021-11-24 00:00:00,5.0,0.8253717,1.3944322,-0.56772786,-1.3126751,0.6931695,-0.31643537,-0.22272974,-1.5682324,2.331818,2.4878695,2.2453249,1.7113616,-0.9294203,-0.8473284,-0.6709757,-0.7851846,-0.7275816,-1.2061684,0.43689618,-0.69366634,-0.70707035,-1.1503719,1.5453625,-1.2548829,0.95105654,0.309017,-0.5,0.8660254,0.0
2021-11-25 00:00:00,5.0,0.8032926,0.5971662,0.1281924,-0.0505406,-0.73305243,-0.49414122,-0.33479476,0.9780717,1.4277164,1.7772791,1.71085,0.9700543,-0.5927127,-0.58160126,-0.37843716,-0.09071892,-0.6343292,-0.97399217,0.63076234,-0.13260187,-0.37996814,-0.9742147,-0.9643145,-1.2445589,0.58778524,-0.809017,-0.5,0.8660254,0.0
2021-11-26 00:00:00,5.0,-0.10547384,-0.22584164,-0.10265309,2.250968,-1.3382415,-0.8123494,-0.5111836,0.11302612,0.048612773,0.6813308,0.88856286,-0.34666833,-0.57844657,-0.5821714,-0.16561326,0.44207156,-0.4735226,-0.7737535,0.43516266,-0.058344048,-0.3330366,-0.9996295,-2.0102396,-1.0071676,-0.58778524,-0.809017,-0.5,0.8660254,0.0
2021-11-29 00:00:00,5.0,-3.0,-0.41872406,0.8593428,0.8028659,1.5757871,1.5946336,2.970293,-3.0,3.0,3.0,3.0,3.0,-1.9598026,-2.024409,-0.5366286,-1.1818771,-1.7557709,-1.6516589,-0.26900798,-2.2736063,-1.5720329,-1.995877,1.5417503,1.6166149,-0.95105654,0.309017,-0.5,0.8660254,0.0
2021-11-30 00:00:00,5.0,1.5601686,-0.005040942,0.33581236,1.1569117,0.94742334,0.45713648,-0.75237346,2.1048446,3.0,3.0,3.0,2.9339004,-1.3122222,-1.4502354,-0.5322796,-0.94323,-1.1596711,-1.4806103,-0.056192167,-1.306412,-0.98551714,-1.5964909,1.3793418,1.7650653,0.0,1.0,-0.5,0.8660254,0.0
2021-12-01 00:00:00,5.0,-0.43882143,0.73083586,-0.14434405,-0.15901616,0.28503567,1.1374235,0.27608323,-1.5889254,3.0,3.0,3.0,2.1250746,-1.3796772,-1.537529,-0.5554983,-1.5655427,-1.4090308,-1.1464804,-0.16066238,-1.3191439,-1.0359921,-1.6660326,1.1253085,1.6433539,0.95105654,0.309017,-0.5,0.8660254,0.0
2021-12-02 00:00:00,5.0,1.0839818,0.19489928,1.7045008,-0.705179,-0.43992084,-0.86175114,-1.3053049,1.3984149,2.5538342,3.0,3.0,1.657668,-0.95218354,-1.14969,-0.38319412,-1.2860011,-0.83906186,-0.54825807,0.0434114,-0.679905,-0.6860649,-1.404479,-0.02556552,1.5218459,0.58778524,-0.809017,-2.4492937e-16,1.0,0.0
2021-12-03 00:00:00,5.0,0.46175066,1.432711,-1.0899832,-0.97630996,0.39319053,0.5150698,1.3982927,-1.2032197,2.1313822,2.6332536,2.8657904,1.2372711,-0.76420814,-0.98095673,-0.17855547,-0.9678642,-0.33700016,-0.5941014,0.2616586,-0.3698555,-0.5157981,-1.2930046,1.1909016,1.4411595,-0.58778524,-0.809017,-2.4492937e-16,1.0,0.0
2021-12-06 00:00:00,5.0,0.5304106,-1.8409064,-0.5069592,-1.2741591,-0.9020171,-0.43324134,-0.7824056,1.8476685,1.5709178,2.161508,2.4473515,0.6514416,-0.5539114,-0.7886529,0.049983747,1.7905039,0.43393606,-0.6562262,0.33890843,-0.004487614,-0.31171024,-1.1675652,-1.7217406,1.266565,-0.95105654,0.309017,-2.4492937e-16,1.0,0.0
2021-12-07 00:00:00,5.0,0.741753,0.5331973,0.97137505,-0.7189289,-0.61282897,-0.8424427,-0.553151,0.7129555,1.0862927,1.7239058,2.045805,0.1486629,-0.27715933,-0.5234557,0.32529566,1.3181955,0.2875238,-0.46104094,0.24134625,0.46342763,-0.03307924,-0.96841776,-0.7372945,1.2956038,0.0,1.0,-2.4492937e-16,1.0,0.0
2021-12-08 00:00:00,5.0,0.5239332,0.6653785,-0.42123008,0.2832981,-1.093161,-0.8509447,-0.18671669,0.5665797,0.33078203,1.0998162,1.5256709,-0.73514694,-0.080630496,-0.33195645,0.6162573,1.7960969,0.23917893,-0.28759757,0.4644111,0.74513257,0.20636408,-0.8050303,-2.0176885,1.2522625,0.95105654,0.309017,-2.4492937e-16,1.0,0.0
2021-12-09 00:00:00,5.0,-0.44145614,-0.21840584,-0.0055149775,2.0154588,-0.513454,-0.40058744,0.21937008,-0.41778013,0.005107568,0.80084014,1.3211071,-1.1404175,-0.21287972,-0.4606786,0.74693495,0.9755593,-0.142116,-0.47137946,-0.039912257,0.5827808,0.12165859,-0.88147444,-0.580198,1.3049707,0.58778524,-0.809017,-2.4492937e-16,1.0,0.0
2021-12-10 00:00:00,5.0,-0.89256495,-1.2842212,-1.1534717,0.7504781,-0.2554907,0.15674525,0.2816101,-0.21775256,-0.034292802,0.7174145,1.3019621,-1.1912832,-0.51996684,-0.7541815,0.6764007,0.25954568,-0.4237879,-0.55269986,-0.14065877,0.1914352,-0.14651322,-1.0830742,0.22726125,1.3360108,-0.58778524,-0.809017,-2.4492937e-16,1.0,0.0
2021-12-13 00:00:00,5.0,-0.25100058,-0.0586996,2.1612535,-0.65581995,-0.73322,-0.67765385,-0.7772747,-0.24889414,-0.3763522,0.38329434,1.042878,-1.5585605,-0.571613,-0.80925333,0.60088074,-0.15906791,1.0177174,-0.4287828,-0.17238843,0.11537811,-0.18775159,-1.1182874,-1.3413205,1.3874336,-0.95105654,0.309017,-2.4492937e-16,1.0,0.0
2021-12-14 00:00:00,5.0,-1.2614824,-2.3722787,-1.7401431,-1.3682848,0.17106585,-0.8927286,-0.40644163,0.6043878,-0.07627255,0.55421215,1.2232373,-1.1801432,-0.98911566,-1.215962,0.3133369,-1.218973,0.032257624,-0.69750124,-0.5431332,-0.45932093,-0.61262095,-1.4084361,0.7725264,1.4561447,0.0,1.0,-2.4492937e-16,1.0,0.0
2021-12-15 00:00:00,5.0,0.33643353,-0.11086894,-0.17088225,1.9328641,-0.55828726,-0.5210149,0.123124115,0.55014986,-0.35124138,0.24898249,0.9342418,-1.3996011,-0.8067149,-1.0552552,0.2016655,-1.303006,0.3026572,-0.69192404,-0.75074035,-0.1952606,-0.42336163,-1.2647454,-0.9011047,1.3888906,0.95105654,0.309017,-2.4492937e-16,1.0,0.0
2021-12-16 00:00:00,5.0,-1.1049905,-1.1192107,-0.1288351,-0.12906079,-0.46978572,-0.05587877,0.23773524,-0.68916565,-0.24154139,0.29338908,1.0063658,-1.2569463,-1.1300817,-1.3658049,-0.04956709,-1.6143513,-0.46474436,-0.81850165,-1.5715197,-0.68322134,-0.7845062,-1.5058981,-0.43687415,1.131025,0.58778524,-0.809017,-2.4492937e-16,1.0,0.0
2021-12-17 00:00:00,5.0,1.197708,1.2535131,-0.8220399,-0.6892796,-0.97871983,0.3924841,0.18224396,1.1123955,-0.27224505,0.12270369,0.7425918,-1.0899239,-0.6265639,-0.9156108,0.02007601,-0.5483721,-0.20654428,-0.33963418,-1.2610968,0.014703127,-0.27266407,-1.1127139,-1.7185997,1.0260628,-0.58778524,-0.809017,-2.4492937e-16,1.0,0.0
2021-12-20 00:00:00,2.0,-0.838268,-0.57781655,0.47702718,0.64339715,-0.29921737,2.681755,1.739063,-0.71605176,-0.2682739,0.10635535,0.7557609,-1.081336,-0.8722506,-1.1444716,-0.06274244,-0.8605021,-0.7006689,-0.16242819,-1.7550703,-0.45470035,-0.6037472,-1.2868794,-0.20361535,1.129417,-0.95105654,0.309017,-2.4492937e-16,1.0,0.0
2021-12-21 00:00:00,2.0,-1.634801,0.3480125,1.0310721,-0.22810401,-0.28560826,0.6225118,-0.9646538,-2.3489025,0.48841462,0.6814728,1.2448263,-0.26521167,-1.3081989,-1.565571,-0.34846833,-1.0948477,-1.5476106,-0.7816215,-2.8417706,-1.2480456,-1.1473497,-1.5851827,-0.37004936,1.283023,0.0,1.0,-2.4492937e-16,1.0,0.0
2021-12-22 00:00:00,2.0,1.3428136,1.410236,-1.4227425,-0.4225069,-0.06494136,-0.9208652,-1.2138052,0.694514,0.28789404,0.45992967,0.9531705,-0.33952022,-0.79392934,-1.1012322,-0.27794427,-0.57031566,-1.2709086,-0.6300949,-2.5629833,-0.44903716,-0.5884919,-1.1846275,0.1193172,1.3749822,0.95105654,0.309017,-2.4492937e-16,1.0,0.0
2021-12-23 00:00:00,2.0,0.465095,0.86124516,-1.5967374,1.1970758,-0.608085,-0.7998109,-0.07740879,0.15923315,-0.18316483,0.08512649,0.6286558,-0.8407982,-0.6076229,-0.9271085,-0.12413935,0.31632784,-0.9534343,-0.6747358,-2.3629096,-0.11725208,-0.3519065,-1.0335864,-1.2099614,1.365287,0.58778524,-0.809017,-2.4492937e-16,1.0,0.0
2021-12-24 00:00:00,1.0,0.5029183,0.052725516,1.8609107,-0.41657388,-0.7153569,-0.9951872,-0.55232155,0.6539305,-0.38187304,-0.12962726,0.40382856,-0.98423636,-0.40169126,-0.7431652,0.1286711,-0.084668785,-0.4561607,-0.5457072,-2.1813858,0.25175336,-0.073503904,-0.85478157,-1.284085,1.3502184,-0.58778524,-0.809017,-2.4492937e-16,1.0,0.0
2021-12-29 00:00:00,1.0,-0.014983335,0.347863,1.5274405,-0.850423,-0.8822462,-1.4484483,-1.394356,-0.15565924,-0.7489913,-0.44872445,0.14039008,-1.3929509,-0.38235465,-0.721698,0.3300047,0.42225367,-0.3802876,0.4421016,-1.9865595,0.18086635,-0.12172963,-0.8214327,-1.4073483,0.8152476,-0.95105654,0.309017,-2.4492937e-16,1.0,1.0
2021-12-30 00:00:00,4.0,-0.26341546,-0.4050577,1.3516995,-0.07852587,0.70716774,-0.35306504,3.0,-0.058943845,-0.58533806,-0.3929032,0.1485669,-1.1027181,-0.4739766,-0.7897772,0.4236951,1.267479,0.00773405,0.02587482,-2.23108,-0.061311737,-0.27000204,-0.8535077,0.61601627,0.63469714,0.58778524,-0.809017,-2.4492937e-16,1.0,1.0
2021-12-31 00:00:00,4.0,-0.42331383,-1.0140653,0.29615286,-0.56837577,-1.0795236,-0.9408695,-0.93669754,-0.115710214,-0.8914356,-0.6514942,-0.051458567,-1.4747128,-0.6486268,-0.9202756,0.3978831,0.17391273,-0.3258023,0.029401189,-2.4443913,-0.49366802,-0.5434533,-0.9615576,-1.5751956,0.59567285,-0.58778524,-0.809017,-2.4492937e-16,1.0,1.0
2022-01-04 00:00:00,2.0,-0.3700647,0.29461408,1.950271,-1.2702141,-1.6854248,-1.0955837,-0.8334222,-0.49728882,-1.2619408,-0.98535234,-0.32636955,-1.922472,-0.78974736,-1.0189745,0.27694598,-0.34838316,-0.0048714625,-0.32492855,-2.070355,-0.7711887,-0.7859407,-1.0642065,-1.672393,0.98693126,-0.95105654,0.309017,-2.4492937e-16,1.0,1.0
2022-01-05 00:00:00,2.0,2.9337862,1.6900122,-1.2894052,-1.1975981,2.7081668,0.4342006,3.0,1.9500737,0.27283868,-0.09408215,0.01822618,0.517955,0.55819285,0.05303272,1.0082694,1.2699456,0.89267176,0.33577284,-1.3470546,1.6953884,0.9362785,-0.038967468,1.3835714,0.4914324,0.95105654,0.309017,0.5,0.8660254,0.0
2022-01-06 00:00:00,2.0,0.53016335,0.41169554,0.6181731,-0.06450496,0.21290848,0.1543808,-0.38517234,0.47299942,-0.047935005,-0.29148322,-0.17300545,0.13819234,0.791185,0.25644898,1.5938432,1.6190548,1.5963769,0.35664794,-1.4759139,1.8410836,1.2661124,0.16654833,0.007868817,0.36567712,0.58778524,-0.809017,0.5,0.8660254,0.0
2022-01-07 00:00:00,2.0,0.06115011,0.95620555,-0.48066247,-0.17549399,2.0090992,0.4039259,-0.019505452,-1.0024873,0.3202489,0.007846967,0.023336578,0.59774023,0.8691615,0.31411564,1.8298373,1.8045424,2.3923693,0.18803646,-1.6414751,1.7072275,1.2644019,0.18089774,1.3073107,0.26831448,-0.58778524,-0.809017,0.5,0.8660254,0.0
2022-01-10 00:00:00,1.0,1.0102758,0.80728585,-1.8042303,1.8182626,-0.29053566,0.17611918,-0.34066433,0.9681366,-0.05832099,-0.26091185,-0.24525408,0.18744837,1.3112738,0.7109306,2.2216263,2.5651727,2.2054408,0.35358238,-1.2680318,2.072221,1.9236544,0.5626541,-0.60461664,0.07483742,-0.95105654,0.309017,0.5,0.8660254,0.0
2022-01-11 00:00:00,1.0,0.04966685,-0.5887176,1.2460752,-0.48059294,0.1846248,0.87633353,0.28231838,0.4302463,-0.26732635,-0.3924719,-0.3527879,-0.09036625,1.364484,0.7699891,2.344022,2.660207,1.9669147,0.5082339,-1.0999607,1.8125076,1.9482137,0.63256574,0.33179685,0.09188482,0.0,1.0,0.5,0.8660254,0.0
2022-01-12 00:00:00,4.0,0.8547295,1.2392282,-0.98262894,-0.37429848,0.29674384,-0.07765167,-0.6776836,0.35353953,-0.44708997,-0.56147975,-0.5512286,-0.23829563,1.7258717,1.1300781,2.477411,1.433587,2.091345,1.0755472,-0.9353774,1.8707607,2.4033222,0.9847849,0.47519076,0.09792111,0.95105654,0.309017,0.5,0.8660254,0.0
2022-01-13 00:00:00,4.0,1.494977,1.1600608,-1.2569758,0.19020522,1.7564031,2.2260807,2.100212,0.7449771,-0.12396915,-0.4012681,-0.5578104,0.3707992,2.2506204,1.7172077,2.592402,1.9441932,2.6985843,1.7174869,-0.70868635,2.0184047,2.951503,1.4607471,1.285189,0.19876745,0.58778524,-0.809017,0.5,0.8660254,0.0
2022-01-14 00:00:00,4.0,0.26243728,1.6514732,-1.6941364,-0.6881439,-0.6603805,0.14872575,-0.8526634,-0.26103017,-0.608245,-0.73854977,-0.82439977,-0.28526103,2.3157752,1.8517399,2.7246528,1.9875492,2.7599213,2.2735293,-0.5142337,1.736212,2.9564786,1.7052232,-1.1495705,-0.0098186815,-0.58778524,-0.809017,0.5,0.8660254,0.0
2022-01-17 00:00:00,4.0,0.5449401,1.0620072,-0.24988465,-1.0079188,0.0642253,0.38477153,-0.049592763,0.11979084,-0.765634,-0.89228714,-0.9914953,-0.43068236,2.4466703,2.0760813,2.678074,1.700471,2.9317112,2.388747,-0.33225882,1.6068734,2.9804807,1.9726881,0.1988952,-0.013030524,-0.95105654,0.309017,0.5,0.8660254,0.0
2022-01-18 00:00:00,4.0,0.5590042,0.358566,-0.28532177,1.007906,-0.3809941,0.109074086,-0.3862792,0.639074,-0.9653716,-1.0852119,-1.1913354,-0.63769716,2.5574188,2.2917967,2.6105509,1.9141083,3.0,2.8732598,-0.16262439,1.5143293,2.9810688,2.25373,-0.7763611,0.48574314,0.0,1.0,0.5,0.8660254,0.0
2022-01-19 00:00:00,4.0,0.16151689,-0.22299884,1.3801924,0.24717635,-0.2947184,0.4504273,0.014325262,0.37017,-1.1230522,-1.2377596,-1.3363688,-0.82248074,2.483769,2.3033395,2.4417677,1.531047,1.9669256,2.4768493,0.2268018,1.3422059,2.771016,2.326734,-0.48573607,0.5642085,0.95105654,0.309017,0.5,0.8660254,0.0
2022-01-20 00:00:00,4.0,-0.28865182,-0.86247665,-0.33996066,1.2719225,1.222689,0.18658306,-0.44995576,0.29424077,-0.71943194,-0.97080535,-1.1501647,-0.17507319,2.192955,2.1062405,1.9768262,0.62994045,1.6381577,2.5516696,0.23847674,1.122964,2.1659453,2.006611,1.0233511,0.47365028,0.58778524,-0.809017,0.5,0.8660254,0.0
2022-01-21 00:00:00,4.0,-0.6782285,-0.85731345,-0.4342143,1.309246,0.80957437,-0.32504198,-0.53606063,-0.26516223,-0.48169693,-0.77185154,-0.97734755,0.11684787,1.639563,1.704724,1.4694352,0.15465534,1.3588547,2.6856964,-0.17051724,0.8845681,1.5281297,1.6554413,0.8857291,0.3478968,-0.58778524,-0.809017,0.5,0.8660254,0.0
2022-01-24 00:00:00,2.0,-0.9168151,-0.82916397,-0.84799594,1.8938041,0.54367685,0.4140189,0.34971717,-0.63728887,-0.07993695,-0.42525533,-0.6725897,0.5551781,0.9850322,1.1896971,0.871933,-0.5871325,0.69750446,1.9506068,-0.36552775,0.60693157,0.8727425,1.2107573,0.6516477,0.4178692,-0.95105654,0.309017,0.5,0.8660254,0.0
2022-01-25 00:00:00,5.0,-2.265115,-1.8874471,-1.2886045,-0.4632352,2.5937839,0.340036,-0.24497284,0.07209047,1.5257181,0.9305122,0.5055314,2.0140083,-0.30887547,-0.015987642,0.039951924,-2.0064645,-0.13499197,1.0897357,-1.0663188,-0.009423055,-0.24654448,0.2288736,1.4176271,-0.122853264,0.0,1.0,0.5,0.8660254,0.0
2022-01-26 00:00:00,5.0,1.8307399,1.1884934,-1.4308943,0.29156008,0.6355755,-0.14197579,-0.43251255,1.195113,1.4709609,0.9624399,0.43917227,1.955497,0.48813948,0.75762016,-0.12777108,-1.1104943,0.2524069,1.511308,-0.086446404,0.43795592,0.36060154,0.78948706,1.121235,-0.4833674,0.95105654,0.309017,0.5,0.8660254,0.0
2022-01-27 00:00:00,5.0,1.5642315,1.2587476,-0.41299483,-1.364455,0.33883902,-0.29607445,-0.2665993,0.96295726,1.5380611,1.0880295,0.47226772,1.982921,1.0330781,1.3486469,-0.00079417485,-0.1375865,0.33122873,1.9577595,0.6412725,0.82375723,0.80392516,1.2096756,0.88350195,-0.335064,0.58778524,-0.809017,0.5,0.8660254,0.0
2022-01-28 00:00:00,5.0,-0.2507987,0.29545978,0.7843366,-0.29606742,0.7768278,1.4000776,0.7646912,-0.87822354,1.5291483,1.2659187,0.71902305,1.7289819,0.9217554,1.2447296,0.008786876,0.057375558,0.14621535,1.8904366,0.2644537,0.6923276,0.57758075,1.0860416,1.1390585,-0.25179952,-0.58778524,-0.809017,0.5,0.8660254,0.0
2022-01-31 00:00:00,5.0,-0.9007109,-2.111904,-1.5163884,-0.6006268,0.6551856,2.2754018,0.20515263,0.93219465,1.5309304,1.4570668,1.0443598,1.4837457,0.4684766,0.7895622,-0.14773592,0.032947708,-0.38089654,1.6900668,0.5467186,0.36055908,0.15009865,0.7752467,1.0971988,-0.877037,-0.95105654,0.309017,0.5,0.8660254,0.0
2022-02-01 00:00:00,5.0,-0.41840607,-1.9931893,-1.1058456,-0.91292006,-0.8668535,-0.7756223,-0.93259144,0.5610894,0.80700225,1.0165871,0.82148564,0.6484023,0.28788948,0.6078839,-0.349669,1.0014243,-0.74434966,1.6269734,0.9170617,0.15391938,-0.08129809,0.7047316,-0.45585328,-1.0608776,0.0,1.0,0.5,0.8660254,0.0
2022-02-02 00:00:00,5.0,1.1183059,1.6230513,-1.1680282,-1.3726603,-0.03702068,-0.24927282,0.09125696,0.08592294,0.50198823,0.7211419,0.53883505,0.41806996,0.71582925,1.02785,-0.3090775,0.61802757,-0.3807435,1.1611663,1.1139551,0.62491155,0.28221133,1.049621,0.60113144,-1.0478278,0.95105654,0.309017,0.8660254,0.5,0.0
2022-02-03 00:00:00,5.0,-0.52727276,-1.9524552,-1.19504,-0.9131958,-0.959368,-0.89607257,-0.53179806,0.29397258,-0.031516757,0.341724,0.32737067,-0.2252761,0.46322697,0.7816099,-0.4016287,-0.5322975,-0.48064873,0.8736975,0.6603603,0.32914233,0.036732703,0.9312964,-0.84606504,-1.1010371,0.58778524,-0.809017,0.8660254,0.5,0.0
2022-02-04 00:00:00,5.0,0.23457377,-0.5075564,-0.34134567,2.0031877,-1.0036889,-0.61434066,-0.05981428,0.6068482,-0.55801886,-0.13753355,-0.061102502,-0.77703726,0.57107204,0.8818013,-0.4385616,-0.27013412,-0.14955556,0.92266446,0.7883848,0.4482997,0.10072315,1.0795,-1.041736,-1.0808023,-0.58778524,-0.809017,0.8660254,0.5,0.0
2022-02-07 00:00:00,5.0,1.3911206,1.1845069,-0.2146206,-1.3179544,0.2689624,0.010637732,0.12751868,0.7631958,-0.036334008,0.08934609,-0.021326594,0.011554712,1.0676166,1.369929,-0.16216823,0.9848649,0.7341674,1.054306,1.3829681,1.2652493,0.6109927,1.4058654,0.7764554,-0.9005658,-0.95105654,0.309017,0.8660254,0.5,0.0
2022-02-08 00:00:00,5.0,0.18199411,0.20944859,-1.0857185,2.3923342,0.07565717,-0.26865318,-0.34868076,0.02024971,-0.07133759,0.031564467,-0.07380263,-0.005910796,1.1283202,1.4229683,0.023071198,1.2942637,1.6417788,1.0856186,1.3187208,1.2972398,0.613486,1.4191866,0.6181332,-0.89679986,0.0,1.0,0.8660254,0.5,0.0
2022-02-09 00:00:00,5.0,-1.1663553,-1.3082435,0.41182554,-1.1435868,1.4717859,1.2772728,0.5568412,0.18927243,0.7599347,0.7418765,0.6198046,0.73881745,0.476282,0.8255281,-0.14715426,0.05851016,0.4813884,0.53936744,1.0410311,0.48027563,-0.0009377492,0.8602413,1.3128728,-1.1646589,0.95105654,0.309017,0.8660254,0.5,0.0
2022-02-10 00:00:00,5.0,1.0936292,0.61444765,-0.33128744,0.4135023,1.2522749,0.009459031,-0.6134489,0.42051074,1.1258577,1.008265,0.76946443,1.1447355,0.8702097,1.1996977,-0.064744264,0.9383208,0.29942265,0.47008762,1.6929291,1.1368695,0.3729059,1.0422103,1.2247045,-1.0130874,0.58778524,-0.809017,0.8660254,0.5,0.0
2022-02-11 00:00:00,5.0,-0.09238303,0.70892465,0.47861132,-0.8026809,-0.66882575,-0.54428476,-0.4292851,-0.6416058,0.55108684,0.64976346,0.5461453,0.48621505,0.85556144,1.1741456,-0.038588498,0.76140183,0.3655594,0.3786078,1.6643152,0.94770956,0.34907904,1.0429713,0.09339777,-0.9843259,-0.58778524,-0.809017,0.8660254,0.5,0.0
2022-02-14 00:00:00,5.0,0.5498066,1.2214587,-0.7301487,-0.82056,0.15519261,0.27787557,0.14435717,-0.63137096,0.47415835,0.5741687,0.4647067,0.4308726,1.0512377,1.3512665,0.053729977,0.31358796,0.9351306,0.39891315,1.7427375,1.111597,0.5531202,1.1490941,0.91723067,-1.134011,-0.95105654,0.309017,0.8660254,0.5,0.0
2022-02-15 00:00:00,5.0,-1.841562,-1.5932534,-0.6100449,-0.6149852,0.97668886,0.17819612,-0.24529773,-0.49447793,1.136602,1.2470461,1.2494104,0.8110547,0.031015549,0.43267858,-0.31078288,-0.82324594,0.33680025,-0.31729108,1.1958008,-0.0012895069,-0.2531616,0.4843277,1.089654,-1.1232617,0.0,1.0,0.8660254,0.5,0.0
2022-02-16 00:00:00,5.0,-0.47347552,-0.5774996,0.14726388,1.2623628,0.4203163,0.4007188,-0.14544874,-0.081843354,1.2800918,1.4478644,1.517432,0.8182219,-0.16644977,0.24837057,-0.63445055,-0.4582381,-0.2907218,-0.5131866,1.2977203,-0.24833323,-0.4251804,0.3064477,0.9543211,-1.188271,0.95105654,0.309017,0.8660254,0.5,0.0
2022-02-17 00:00:00,5.0,0.54127693,0.8272372,-0.4529114,-0.100908756,-0.77449715,1.8481172,0.3651772,0.096671425,0.70675063,1.004825,1.1398271,0.30465332,0.08257262,0.46495956,-0.7547417,-0.76796615,0.1352683,-0.2743459,1.928646,0.09932181,-0.18732922,0.48016235,-0.07938948,-1.2066511,0.58778524,-0.809017,0.8660254,0.5,0.0
2022-02-18 00:00:00,5.0,-0.7623219,-0.7994232,-0.6585776,1.5461888,-0.78854626,-0.35202205,-0.72371733,-0.50843006,0.5318731,0.9223029,1.1787466,0.041182764,-0.27913052,0.13932316,-0.9818695,-1.1405923,-0.27402726,-0.33092642,1.3032849,-0.3583355,-0.493201,0.26429415,-0.061233696,-1.1276785,-0.58778524,-0.809017,0.8660254,0.5,0.0
2022-02-21 00:00:00,5.0,-0.81846905,-1.2355443,0.5152303,-0.98913366,-0.8036694,-0.95129347,-0.4800477,-0.26526704,0.26122996,0.7495107,1.1376265,-0.30473176,-0.64758605,-0.20344351,-1.2874027,-1.8576882,-1.1716367,-0.33551034,0.8267396,-0.8603808,-0.8348224,0.039005343,-0.040152986,-1.3083725,-0.95105654,0.309017,0.8660254,0.5,0.0
2022-02-22 00:00:00,5.0,-0.4213977,-0.31116834,0.7164846,1.1383704,-0.6618112,-0.6711957,-0.07376649,-0.40513727,0.06651037,0.57867384,1.0413039,-0.5139393,-0.80256546,-0.35637984,-1.5244645,-1.0523297,-1.4009513,0.22688732,0.49912456,-1.2755641,-1.040664,-0.08128809,0.0,-1.2448698,0.0,1.0,0.8660254,0.5,0.0
2022-02-23 00:00:00,5.0,-0.29579392,-0.55501014,1.0197555,0.1739436,0.18704551,-0.59951514,-0.17109598,0.11356502,0.26150832,0.6857509,1.1466498,-0.31664923,-0.89568913,-0.4524148,-1.62113,-0.9456547,-1.0466486,-0.46003002,0.42161915,-1.4749856,-1.1243638,-0.19257414,0.8568223,-0.94443554,0.95105654,0.309017,0.8660254,0.5,0.0
2022-02-24 00:00:00,5.0,-0.61472666,-0.38988477,1.3693886,0.21403463,-0.8237199,-1.3354466,-0.57605845,-0.6864452,0.044323944,0.5301946,1.073214,-0.5901837,-1.14585,-0.68318665,-1.7718512,-1.5101072,-1.706466,-1.1892354,1.4700941,-1.7957575,-1.3263506,-0.36219466,-0.19396,-0.79255515,0.58778524,-0.809017,0.8660254,0.5,0.0
2022-02-25 00:00:00,5.0,-2.3257902,-0.9792518,0.076991126,0.04942479,1.0332385,1.9067711,2.2143264,-2.302846,1.4676608,1.6786352,2.1558807,0.47619104,-1.9511478,-1.5317272,-1.9660728,-2.1519256,-2.4291878,-1.846313,0.29726166,-2.6658657,-1.9595071,-1.0111169,1.1842637,-1.2521242,-0.58778524,-0.809017,0.8660254,0.5,0.0
2022-02-28 00:00:00,5.0,1.5375539,1.5454719,-1.1047341,-1.1231756,0.49083224,0.678695,-0.5647399,-0.14273569,1.3992807,1.5479628,1.8752095,0.53455204,-1.1655157,-0.9288308,-1.8016372,-1.0033728,-2.043451,-1.0655903,0.90686935,-1.6735024,-1.3217254,-0.6210171,1.013061,-0.3976844,-0.95105654,0.309017,0.8660254,0.5,0.0
2022-03-01 00:00:00,2.0,-1.9076344,1.1668687,-0.7707542,-0.5091815,0.57649165,3.0,1.3165361,-3.0,3.0,2.9564354,3.0,1.7210151,-1.7435291,-1.5695873,-1.7077242,-1.6929427,-1.9655501,-1.5419066,-0.022603024,-2.3002405,-1.7262139,-1.0940335,1.0424038,-0.28928843,0.0,1.0,0.8660254,0.5,0.0
2022-03-02 00:00:00,5.0,-0.85851634,-1.4918114,-0.8845448,-0.37281677,0.41092175,-0.20907348,-0.9330056,0.88454735,2.7989714,2.9077203,3.0,1.3307921,-1.9022458,-1.7809154,-1.779538,-1.9060074,-2.0200417,-2.1242883,-0.43560013,-2.1767893,-1.8393034,-1.2847779,0.93422735,-0.32158336,0.95105654,0.309017,1.0,6.123234e-17,0.0
2022-03-03 00:00:00,2.0,2.0104492,1.0176417,-0.16717133,-0.7675375,0.96815866,-0.36513054,-0.2934047,1.1635276,2.7417636,2.771004,2.776449,1.5387708,-0.99579376,-1.0019348,-1.393427,-0.66665334,-1.4731531,-1.2804642,0.09471455,-1.220038,-1.1001441,-0.8026037,1.1280785,0.31258675,0.58778524,-0.809017,1.0,6.123234e-17,0.0
2022-03-04 00:00:00,2.0,-1.8848889,-1.4727474,0.01619672,-1.3160038,2.30948,-0.13007995,-0.052579425,0.657049,3.0,3.0,3.0,1.932133,-1.5030274,-1.562654,-1.2782488,-0.5700424,-1.8269063,-1.9343524,-0.7775134,-1.6973381,-1.4647815,-1.2031559,1.309916,0.5643135,-0.58778524,-0.809017,1.0,6.123234e-17,0.0
2022-03-07 00:00:00,2.0,-1.2271382,-0.98220116,-0.8917074,1.0185667,-0.1944994,-0.2952631,-0.3047586,-0.63125914,3.0,3.0,3.0,1.4251559,-1.7314062,-1.8321264,-1.336462,-1.8939912,-1.9156612,-2.6130757,-1.3532811,-1.7823449,-1.6410036,-1.4386874,0.60171175,0.54876024,-0.95105654,0.309017,1.0,6.123234e-17,0.0
2022-03-08 00:00:00,5.0,1.5343097,1.0604513,-0.45346725,-0.45499593,-0.5887858,1.244345,0.7419934,1.0078657,2.292554,2.6260328,2.7672424,0.976911,-1.1140195,-1.265666,-1.1248004,-0.20012175,-1.2260202,-2.0991375,-0.6782232,-1.1410545,-1.1226754,-1.1062001,0.1767897,-0.27154118,0.0,1.0,1.0,6.123234e-17,0.0
2022-03-09 00:00:00,5.0,1.9394528,1.2268589,-0.7179262,-0.7458596,1.4332875,-0.1988489,-0.68966824,0.041637164,2.2460687,2.4321737,2.4656606,1.1830995,-0.436628,-0.61194605,-0.6437816,1.2382717,-0.44249147,-1.141253,0.28838775,-0.4009468,-0.49346885,-0.66429514,1.2026439,-0.23862514,0.95105654,0.309017,1.0,6.123234e-17,0.0
2022-03-10 00:00:00,5.0,-0.95144373,-1.2528417,-1.0274699,0.5101007,0.5947695,-0.6419995,-0.4672317,0.6439352,2.2043607,2.4594228,2.5620127,0.9937124,-0.70922405,-0.89147097,-0.44327217,-0.2503807,-0.60612327,-1.7136698,0.004024458,-0.6505553,-0.67528576,-0.88183033,0.9398102,-0.82342,0.58778524,-0.809017,1.0,6.123234e-17,0.0
2022-03-11 00:00:00,2.0,-0.92881125,-1.0861168,0.45014742,-0.57593966,-1.0113502,1.698312,1.604444,-0.4592007,1.6370366,2.122279,2.3887222,0.26258516,-0.9594739,-1.1494436,-0.41696283,0.19621491,-0.2428988,-1.9195141,0.016009534,-0.89446926,-0.8622294,-1.1132282,-0.3408897,-0.7423549,-0.58778524,-0.809017,1.0,6.123234e-17,0.0
2022-03-14 00:00:00,5.0,-0.3850526,-1.1663517,0.052167326,-0.4370019,-0.60435,-0.40658763,-0.8224848,0.8366027,1.3205239,1.8790127,2.2202632,-0.13440445,-1.0438907,-1.2333521,-0.4137738,0.61532956,-0.8443483,-2.108489,-0.22332397,-0.9600177,-0.8738504,-1.2170744,0.11119704,-0.5008106,-0.95105654,0.309017,1.0,6.123234e-17,0.0
2022-03-15 00:00:00,2.0,-0.48566473,-1.0885231,-1.2219242,1.3070799,-0.19153334,-1.0482782,-0.65087277,0.7598067,1.233711,1.7788424,2.1485448,-0.2789335,-1.1630292,-1.3509169,-0.4384391,-0.45130187,-0.4234547,-1.7148335,-0.09227163,-1.0498972,-0.9297071,-1.3433602,0.50880885,-0.4772526,0.0,1.0,1.0,6.123234e-17,0.0
2022-03-16 00:00:00,5.0,0.46295518,1.1743256,-1.2862419,0.16437502,0.0008947329,0.6870431,1.5398287,-1.4168253,1.1434424,1.6211394,1.9708164,-0.30586138,-0.9582286,-1.1673385,-0.3556874,-1.2395122,0.0069419113,-1.4347242,-0.2637386,-0.76441836,-0.71482205,-1.2222905,0.6040341,-0.16907473,0.95105654,0.309017,1.0,6.123234e-17,0.0
2022-03-17 00:00:00,5.0,-0.09145489,-0.94342536,-0.37666065,0.76130635,-1.2426746,-0.96663195,-0.87327844,0.78601927,0.6936485,1.2888519,1.727724,-0.83838475,-0.9660296,-1.1716931,-0.29543382,-0.7726839,-0.6717132,-1.5644817,-0.056199837,-0.72978234,-0.6717487,-1.2650149,-0.9302432,-0.14160793,0.58778524,-0.809017,1.0,6.123234e-17,0.0
2022-03-18 00:00:00,5.0,0.7419023,0.5630548,0.27577373,0.26903525,-1.3015808,-0.30061412,0.387123,0.6922373,0.3157828,0.93446267,1.4123943,-1.1575453,-0.65936863,-0.91666573,-0.119585,0.12184255,0.21051638,-1.1673119,0.6994534,-0.27720442,-0.38426703,-1.108103,-1.1609997,-0.029109884,-0.58778524,-0.809017,1.0,6.123234e-17,0.0
2022-03-21 00:00:00,5.0,-0.9157577,-0.88891613,0.8118356,-0.5657819,-1.1899322,2.3030975,1.7632375,-0.70226294,0.1328165,0.79325914,1.3477644,-1.4017748,-0.9533764,-1.1818551,-0.11305285,-0.15516499,0.3076308,-1.1940138,-0.04081289,-0.6987352,-0.6177224,-1.358602,-0.8996151,-0.1765738,-0.95105654,0.309017,1.0,6.123234e-17,0.0
2022-03-22 00:00:00,5.0,1.5172888,1.5125707,-0.91773826,-1.3273717,-0.73792297,-1.1790673,-1.120097,0.5900609,0.17259598,0.64345783,1.1083171,-1.0920998,-0.3473274,-0.6561486,0.14714025,0.92546743,0.3203856,-0.684837,0.4150127,0.38893896,-0.048273835,-0.9189771,-0.38308945,-0.22603929,0.0,1.0,1.0,6.123234e-17,0.0
2022-03-23 00:00:00,5.0,-0.46031657,-1.272672,-0.6789912,-0.123062015,-0.62624913,-1.0048908,-0.00879187,0.92402494,0.16672212,0.6051464,1.0826762,-1.0883502,-0.4986539,-0.78815794,0.2519377,0.42829838,-0.5423564,-0.733169,0.07929558,0.21105395,-0.15739192,-1.0353538,-0.2930444,-0.2647201,0.95105654,0.309017,1.0,6.123234e-17,0.0
2022-03-24 00:00:00,5.0,1.6227582,1.0684948,-0.292632,-0.60764176,-0.23584907,-0.2821559,0.7071927,1.1130415,0.3933958,0.5993057,0.9380186,-0.55089384,0.10488173,-0.23406321,0.55154574,1.3501633,0.400484,-0.15789932,0.7644055,1.4249444,0.41491255,-0.54163444,0.4464903,-0.81407255,0.58778524,-0.809017,1.0,6.123234e-17,0.0
2022-03-25 00:00:00,5.0,0.035123568,-0.19498962,1.7650803,0.80751956,-1.5805669,-0.7396948,-0.5928602,0.23092847,-0.096021004,0.28008682,0.7189806,-1.1714671,0.13698334,-0.203927,0.7932869,0.97859603,0.7460846,0.3718385,0.8846809,1.1911799,0.45727214,-0.50530374,-1.7872705,-0.35914385,-0.58778524,-0.809017,1.0,6.123234e-17,1.0
2022-03-28 00:00:00,5.0,0.14512882,0.6818936,-0.3077415,0.5857397,-0.6211262,-1.0387281,-0.5771986,-0.7198033,-0.1644305,0.18116918,0.6206922,-1.1965045,0.20949408,-0.1370515,0.92044634,1.5003356,0.93249613,0.06082597,1.1316457,1.1336495,0.52009374,-0.4416148,-0.6228086,-0.840205,-0.95105654,0.309017,1.0,6.123234e-17,1.0
2022-03-29 00:00:00,2.0,-1.1777568,-0.85300165,1.2392576,-0.66364014,-0.8190103,-1.09698,-0.40101162,-1.1212587,-0.15237182,0.2072004,0.68661064,-1.3058609,-0.31691507,-0.5784674,0.7678481,0.087647274,0.6701296,0.18309997,0.75318307,0.37978157,0.052048765,-0.8070825,-1.0491469,-1.1256456,0.0,1.0,1.0,6.123234e-17,1.0
2022-03-30 00:00:00,5.0,-1.0597947,-0.9255153,0.38262165,-0.17542744,0.8271847,-0.93564063,-0.07340951,-0.008389475,0.44642934,0.57385826,0.9438718,-0.5563138,-0.70461226,-0.9153956,0.42595804,-0.22129126,0.13123223,0.10358743,-0.8398608,-0.21937625,-0.3540182,-1.0668823,1.0954525,-1.6403489,0.95105654,0.309017,1.0,6.123234e-17,1.0
2022-03-31 00:00:00,5.0,1.1542255,1.3062807,-0.99626493,-0.6820325,-1.1926388,-0.98074937,-0.4041614,0.6877433,0.11526287,0.30443588,0.68646336,-0.79495037,-0.23127055,-0.49900243,0.4250115,-0.4824281,0.5765467,-0.07555852,-0.51387554,0.46086413,0.08221857,-0.68703496,-1.7762429,-2.4731514,0.58778524,-0.809017,1.0,6.123234e-17,1.0
2022-04-01 00:00:00,2.0,-0.8098682,-0.47770068,1.9198976,-0.30043918,-1.8479444,-0.92087734,-0.26237285,-1.1949872,-0.2129687,0.1284247,0.6133292,-1.2668059,-0.52552694,-0.7526834,0.29427886,-0.92872405,0.026601994,0.17709301,-0.96324146,-0.021573372,-0.21688831,-0.9045197,-2.4981983,-2.329913,-0.58778524,-0.809017,1.0,6.123234e-17,1.0
2022-04-04 00:00:00,2.0,0.35037583,0.9771341,-1.3457956,0.8737174,-0.84017164,-1.1613052,-0.8696207,-0.52090114,-0.44554105,-0.08006722,0.43753007,-1.43177,-0.35840338,-0.60583806,0.257651,-0.83571184,0.4791077,0.5794538,-1.2135887,0.17700143,-0.105356574,-0.7620528,-1.2402741,-2.5442317,-0.95105654,0.309017,0.8660254,-0.5,0.0
2022-04-05 00:00:00,2.0,-0.16797854,-0.37086326,0.69193524,1.3959769,-1.2492304,-0.90966487,0.24535374,-0.022017231,-0.763566,-0.32271874,0.2732883,-1.7557727,-0.39982376,-0.63640225,0.20779517,-0.28955626,-0.13147098,0.14016436,-1.330348,0.052546106,-0.16842146,-0.80208164,-2.0629513,-1.7890526,0.0,1.0,0.8660254,-0.5,0.0
2022-04-06 00:00:00,2.0,0.53175473,0.6034505,-0.40269333,1.1187745,-1.3805562,-0.5476558,0.57817143,0.5118386,-1.1164143,-0.6459033,0.0074513955,-2.0263362,-0.14329883,-0.4236666,0.2862493,0.58331585,0.23352247,-0.23153773,-1.413286,0.44970652,0.11993402,-0.5863391,-2.0171747,-1.4760027,0.95105654,0.309017,0.8660254,-0.5,0.0
2022-04-07 00:00:00,2.0,-0.215555,0.1588607,1.8616307,0.30612278,-1.3848549,-0.5601955,-0.3112742,-0.5354608,-1.3542339,-0.8803752,-0.1668616,-2.194349,-0.22183348,-0.48138386,0.29658842,-0.17655799,-0.46551818,-0.03451847,-2.0904698,0.28685838,0.05156742,-0.6319066,-2.0853293,-0.82246184,0.58778524,-0.809017,0.8660254,-0.5,0.0
2022-04-08 00:00:00,2.0,-0.35552865,0.021721223,1.4679712,1.1476158,0.17505549,-0.48763683,-0.2596308,-0.73406494,-1.0997435,-0.80568314,-0.1526082,-1.6957015,-0.38001585,-0.5969685,0.20012122,0.08704068,-0.6276265,0.12188193,-2.278299,0.0051139398,-0.1448327,-0.73448825,-0.49369007,-1.0489888,-0.58778524,-0.809017,0.8660254,-0.5,0.0
2022-04-11 00:00:00,2.0,1.4507881,1.603379,-1.3763326,-1.0950623,-0.52323467,-0.40287018,-0.16561449,1.0204103,-0.92111135,-0.8373411,-0.31876972,-1.1785907,0.34923726,-0.02776924,0.48625958,0.7391319,-0.12580983,0.6296681,-1.7534217,0.99571437,0.5924387,-0.13585083,-1.54406,-1.4592025,-0.95105654,0.309017,0.8660254,-0.5,0.0
2022-04-12 00:00:00,2.0,-0.48273063,-0.7418915,1.1159091,-0.59054065,-0.7035757,-0.6001819,-0.5891291,-0.25251696,-1.0896366,-0.96601987,-0.40709987,-1.3449148,0.10413751,-0.20976882,0.5880193,0.5690528,0.17913145,0.64183295,-2.1108541,0.577044,0.31712145,-0.30283794,-1.6962585,-1.1339643,0.0,1.0,0.8660254,-0.5,0.0
2022-04-13 00:00:00,2.0,0.9362491,1.0645735,-0.26382095,-0.46652487,-0.084446475,-0.4090498,-0.0048618927,0.50804514,-1.1177003,-1.0879912,-0.5947639,-1.1704661,0.6313119,0.19678727,0.92339545,0.8349901,1.0712633,0.7895586,-1.7013834,1.2285715,0.91966367,0.15871236,-0.9229788,-1.4995764,0.95105654,0.309017,0.8660254,-0.5,0.0
2022-04-14 00:00:00,2.0,0.13369872,0.7739058,0.94620067,-0.77447975,-0.6698563,-0.5402799,-0.51597995,-0.45177445,-1.315509,-1.2722117,-0.77082664,-1.3144416,0.7777703,0.29805133,1.2088096,1.04554,0.63375443,0.8680892,-1.5087826,1.2193513,1.0377647,0.29335573,-1.6798967,-1.4522133,0.58778524,-0.809017,0.8660254,-0.5,0.0
2022-04-19 00:00:00,4.0,0.19092426,0.9201751,-0.5417649,0.17052516,-1.058415,0.024295578,0.93277025,-0.28594315,-1.5807103,-1.5146186,-1.0000246,-1.5517908,0.9457132,0.42563254,1.442716,1.3587533,1.1066325,0.73422194,-1.1756226,1.2035599,1.2176654,0.48885125,-1.8226801,-1.7079283,-0.58778524,-0.809017,0.8660254,-0.5,0.0
2022-04-20 00:00:00,4.0,0.12679034,-0.5980429,2.475076,-1.3440835,-0.9038818,-0.47343957,-0.7385296,0.65335786,-1.6228545,-1.6176856,-1.1512731,-1.5053601,1.0523611,0.51945347,1.5235256,0.5541367,1.0022863,1.0462296,-0.7996331,1.2397112,1.2275546,0.6385996,-1.6888541,-1.2800802,0.95105654,0.309017,0.8660254,-0.5,0.0
2022-04-21 00:00:00,4.0,-0.056049112,-0.7060509,-1.3452917,2.4033008,-1.2720048,1.3892328,0.983611,0.31595582,-1.8283167,-1.797134,-1.3435222,-1.796517,1.0264904,0.5146683,1.5085979,0.83579373,1.0448277,0.5795533,0.0020237677,1.0444373,1.1801072,0.7282854,-1.8805,-1.3409241,0.58778524,-0.809017,0.8660254,-0.5,0.0
2022-04-22 00:00:00,1.0,0.16694002,-0.6309002,-0.61332864,1.7126278,-0.9560274,0.81541663,-0.41857126,0.688203,-1.911285,-1.9096481,-1.5151246,-1.911914,1.1394554,0.6164965,1.4745647,0.35008803,0.8698529,0.7697485,-0.6223306,1.046771,1.2785566,0.9290554,-1.7475137,-1.0650804,-0.58778524,-0.809017,0.8660254,-0.5,0.0
2022-04-25 00:00:00,5.0,-1.0651903,-0.58034253,2.288848,-1.3087492,-0.4128956,-1.0698799,-0.9749809,-1.3898704,-1.6019956,-1.7097998,-1.4006002,-1.477517,0.19751869,0.03622439,0.89591676,-0.35983628,0.51252127,-0.032654777,-1.6181571,0.18838863,0.28336224,0.2962916,-1.2721231,0.83770895,-0.95105654,0.309017,0.8660254,-0.5,0.0
2022-04-26 00:00:00,2.0,-2.5169182,-1.2797064,0.13084725,-1.2730262,1.5881306,1.1680411,1.0350981,-2.4289696,-0.26717937,-0.7540934,-0.6497587,0.29251215,-1.4488412,-1.2217588,-0.35622457,-1.9749852,-0.46422273,-0.8348405,-2.436494,-1.5693487,-1.5954792,-1.0846919,0.4493872,0.047151033,0.0,1.0,0.8660254,-0.5,0.0
2022-04-27 00:00:00,2.0,1.138381,0.2325284,-0.6708813,2.421931,1.2800311,0.013349604,-0.58457345,1.6518583,-0.2635289,-0.7390617,-0.74253553,0.41972744,-0.6512301,-0.64334,-0.67190796,-1.3424778,-0.60665756,-0.53327364,-1.630916,-0.70321727,-0.6806259,-0.44659364,0.3589171,-0.8228932,0.95105654,0.309017,0.8660254,-0.5,0.0
2022-04-28 00:00:00,2.0,-0.10270115,-0.15623392,1.3669924,0.9488366,-0.22702844,0.4231588,-0.059526123,-0.057744853,-0.56837565,-0.87735814,-0.85059494,-0.041261554,-0.6941209,-0.672267,-0.92279494,-1.3648548,-0.43414712,-0.1808489,-1.5054795,-0.7505413,-0.75726926,-0.45891833,-1.1410335,-0.5314129,0.58778524,-0.809017,0.8660254,-0.5,0.0
2022-04-29 00:00:00,2.0,1.013329,1.0763888,-1.1600301,0.4316047,0.74958175,-0.45530888,-0.5430254,0.6817456,-0.71252996,-0.98707044,-1.0187056,-0.13512357,-0.012877145,-0.1546223,-0.71573216,-0.8590313,-0.4039199,0.51165533,-1.4755889,-0.08562573,-0.047542617,0.120259285,-0.26470333,0.7432543,-0.58778524,-0.809017,0.8660254,-0.5,0.0
2022-05-03 00:00:00,5.0,0.35476458,-0.3076576,-0.057680238,1.8636243,-0.9092818,1.0304698,0.46760014,0.78917027,-1.0831963,-1.2249185,-1.2324698,-0.6673366,0.2275436,0.042769834,-0.4809528,-0.057799496,-0.30459306,0.24462354,-1.156972,0.15611622,0.22294624,0.40873381,-1.5277611,0.5186443,-0.95105654,0.309017,0.8660254,-0.5,0.0
2022-05-04 00:00:00,2.0,2.12564,0.79629534,-1.3827989,1.3251369,2.8404496,2.9547029,1.0317179,2.2879517,-0.4063999,-0.8806449,-1.1587502,0.67654836,1.4363476,1.1107523,0.43191472,2.571433,0.6065234,1.2768704,-0.40862563,1.5242623,1.6354527,1.497646,1.0979661,0.72970486,0.95105654,0.309017,0.5,-0.8660254,0.0
2022-05-05 00:00:00,2.0,0.13872239,-0.7325135,-0.3587116,0.99607503,0.54564637,1.1183717,-0.7001512,0.88098615,-0.552845,-0.92887735,-1.2066253,0.43269834,1.528684,1.2290772,0.96101123,1.9692942,0.61688936,1.2131046,-0.825727,1.3504381,1.6193551,1.6245447,-0.21656106,0.63851655,0.58778524,-0.809017,0.5,-0.8660254,0.0
2022-05-06 00:00:00,5.0,0.26325658,-1.121946,-0.23695229,-0.2755211,0.45820442,1.336857,-0.06694551,1.414894,-0.63656235,-0.9584485,-1.2503132,0.3126948,1.6893843,1.4213532,1.2983731,2.1222396,0.7890644,1.3703614,-0.7911656,1.2931932,1.6674027,1.8099519,-0.20294547,0.6329924,-0.58778524,-0.809017,0.5,-0.8660254,0.0
2022-05-09 00:00:00,2.0,0.6715569,1.1220901,0.4851695,-1.410188,0.6594549,2.6449351,0.9323412,0.047964923,-0.69814533,-0.99601966,-1.316266,0.27741984,1.9780796,1.761194,1.6047405,1.8889031,1.0342197,1.410989,-0.13222778,1.383343,1.9638499,2.1472554,-0.018193392,0.6547421,-0.95105654,0.309017,0.5,-0.8660254,0.0
2022-05-10 00:00:00,2.0,-1.9899373,-1.5629351,-0.43891224,-1.3598933,2.943344,0.5598468,-0.9057207,-0.050477233,0.38438642,-0.19014773,-0.6271999,1.5072705,0.38533127,0.46072012,0.9403995,0.63364524,0.5271069,0.7721177,-1.326011,0.24422216,0.31576613,0.7658366,1.4526443,1.4824405,0.0,1.0,0.5,-0.8660254,0.0
2022-05-11 00:00:00,2.0,0.02301979,-0.12940402,1.3936334,0.8384192,0.2353817,-0.29928535,-0.73193353,0.11859251,0.10938723,-0.2819973,-0.6704774,1.0351354,0.42561692,0.5221434,0.6173531,-0.501982,1.6787877,0.9002835,-1.2994113,0.21231084,0.26526275,0.8035215,-0.06906448,1.4966011,0.95105654,0.309017,0.5,-0.8660254,0.0
2022-05-12 00:00:00,2.0,1.3564245,1.2534405,-1.2033274,0.08987723,1.2397927,0.32717106,0.34051582,0.40709013,0.17356442,-0.24960375,-0.71889985,1.2084136,1.2591451,1.3801538,0.6893155,0.1746556,1.797311,0.8947545,-0.95319307,0.91550297,1.0435486,1.5059359,1.0759519,1.1766633,0.58778524,-0.809017,0.5,-0.8660254,0.0
2022-05-13 00:00:00,2.0,-1.7925962,-0.5560668,1.4784966,-0.50568646,0.20829917,-0.055518404,-0.44881833,-2.420174,0.7775179,0.29570797,-0.18288997,1.582472,-0.02667056,0.14122033,0.21588887,-0.962048,0.9683262,0.40275833,-1.0440874,-0.1541184,-0.1448282,0.43138543,0.116177246,0.8580649,-0.58778524,-0.809017,0.5,-0.8660254,0.0
2022-05-16 00:00:00,2.0,1.285353,0.5508415,-0.58348423,1.3922998,0.6127466,-0.6482465,-0.6434575,1.4840543,0.5995219,0.19950163,-0.30069354,1.4178401,0.707801,0.9164858,0.2254029,-0.59255433,1.1294125,0.5546578,-0.30624342,0.5526847,0.57251036,1.0516512,0.6847538,1.2478033,-0.95105654,0.309017,0.5,-0.8660254,0.0
2022-05-17 00:00:00,5.0,0.30062434,1.225279,-0.5534795,-0.57054037,0.360703,-1.2393018,-0.8231526,-0.8051514,0.332562,0.08057532,-0.36718637,1.0254393,0.87904185,1.1267847,0.2781731,0.65307087,1.107854,0.61796606,-0.39859796,0.6581931,0.71672946,1.2175881,0.50969964,1.2161279,0.0,1.0,0.5,-0.8660254,0.0
2022-05-18 00:00:00,5.0,0.21969236,-0.34569,1.5170941,0.09602199,-0.19998474,-0.4281329,1.0504684,0.6269461,-0.04465097,-0.13437428,-0.5035937,0.51511884,1.0002033,1.2741508,0.3414453,0.7622573,0.22956675,0.6312746,0.012665246,0.7032945,0.8352924,1.3544692,-0.31820756,1.2028841,0.95105654,0.309017,0.5,-0.8660254,0.0
2022-05-19 00:00:00,5.0,0.049569987,0.07583906,2.749924,-1.1609995,-0.36116007,0.8173737,0.9311294,0.016594172,-0.35501707,-0.32922468,-0.6243422,0.088058665,1.0256317,1.3066081,0.36312145,0.04831976,0.19078192,0.6045155,0.38727424,0.6558236,0.8551761,1.3825386,-0.6911671,1.1037619,0.58778524,-0.809017,0.5,-0.8660254,0.0
2022-05-20 00:00:00,5.0,-0.8875438,-1.0325196,-0.04482258,-0.17170179,0.6319714,-0.3699035,-0.8314766,-0.25748754,-0.1400845,-0.15395212,-0.42310154,0.2548836,0.33847955,0.64644146,0.077676974,0.5508567,-0.36230034,0.29883352,0.12114095,0.15463082,0.23696655,0.80523765,0.95192796,1.0488969,-0.58778524,-0.809017,0.5,-0.8660254,0.0
2022-05-23 00:00:00,5.0,0.35187733,-0.12503225,1.5230196,0.6342274,-0.12083652,0.041633498,0.09585918,0.6686777,-0.29869568,-0.2792943,-0.5239447,0.08163291,0.5708834,0.87769026,-0.03582082,0.019188222,-0.5003131,0.3743225,0.43279147,0.30604476,0.4459507,1.0012438,0.088901915,1.0608546,-0.95105654,0.309017,0.5,-0.8660254,0.0
2022-05-24 00:00:00,5.0,0.93306804,1.4240768,-1.2594348,-0.43447313,-1.3009437,0.012207281,-0.22965828,0.87943155,-0.5132115,-0.4812956,-0.72578967,-0.09094673,1.1331066,1.4352871,0.14132152,0.38823265,0.9074115,1.051434,1.2069967,0.7135097,1.0142682,1.5197101,-1.4167305,1.0085514,0.0,1.0,0.5,-0.8660254,0.0
2022-05-25 00:00:00,5.0,-0.54974455,0.94366294,0.016788501,-0.58263195,-1.1042966,0.3882896,0.027565079,-1.3146842,-0.65728325,-0.565634,-0.7403827,-0.34641463,0.72979397,1.0495996,0.06710998,-0.051470783,0.65774494,1.672961,1.8466283,0.4098494,0.5433552,1.2098196,-1.2659625,1.4857126,0.95105654,0.309017,0.5,-0.8660254,0.0
2022-05-26 00:00:00,5.0,0.3013731,0.07480118,0.8931894,0.97922367,-0.8627718,-0.10187627,-0.48731124,0.43626955,-0.9528272,-0.8054734,-0.93151516,-0.7237614,0.92933494,1.2289062,0.09277758,0.09420044,0.12898846,1.3783242,1.3834536,0.5688838,0.69433266,1.4154568,-0.9603726,1.7920513,0.58778524,-0.809017,0.5,-0.8660254,0.0
2022-05-27 00:00:00,5.0,0.54791254,1.4508911,-0.6684825,-1.2113416,-0.5373907,-1.3080357,-1.0080446,-0.143056,-1.1070416,-0.9748523,-1.0924572,-0.87189156,1.2850666,1.5491412,0.29405838,0.95633525,1.3851556,1.5720801,2.374589,0.9966554,1.0420687,1.7419412,-0.6048435,1.8142356,-0.58778524,-0.809017,0.5,-0.8660254,0.0
2022-05-30 00:00:00,4.0,-0.5340733,-0.49499327,-0.27189368,1.7589884,-0.61988854,-1.3741752,-0.38393855,-0.66404486,-1.1138853,-1.0008698,-1.085747,-0.8969526,0.8804965,1.195869,0.18766062,0.4472824,0.4268927,1.0787293,2.3510256,0.6072109,0.5483173,1.4104844,-0.69005615,1.3324279,-0.95105654,0.309017,0.5,-0.8660254,0.0
2022-05-31 00:00:00,4.0,0.1655895,0.6702512,0.33900666,-0.16293828,-0.9473172,-0.33144104,1.2572981,-0.076414935,-1.3388593,-1.1941137,-1.2406173,-1.2196175,1.0160972,1.2997353,0.16175623,-0.05083336,0.3533901,1.0136688,1.5763956,0.8077317,0.6561418,1.5571275,-1.2711785,1.4705063,0.0,1.0,0.5,-0.8660254,0.0
2022-06-01 00:00:00,4.0,-0.06032198,-0.24216993,1.7557985,0.10241846,-0.10129385,0.4540954,0.31237516,0.08349571,-1.2822988,-1.2024133,-1.2570964,-1.0350044,1.0377688,1.3047254,0.060881816,0.25929207,0.20383163,0.28419626,2.2288966,0.69997793,0.62206596,1.4859071,0.00877512,1.5518749,0.95105654,0.309017,0.5,-0.8660254,0.0
2022-06-06 00:00:00,4.0,-0.4325533,-0.84939146,1.6092899,-1.4175954,-0.88102543,-0.9368783,-1.0220323,-0.28400573,-1.4910659,-1.3569813,-1.3533636,-1.3355268,0.71996427,1.0636936,-0.2427662,-0.17992634,-0.07898727,0.10595171,2.4371574,0.28326222,0.31078175,1.3019831,-1.2922496,1.6281866,0.58778524,-0.809017,1.2246469e-16,-1.0,0.0
2022-06-07 00:00:00,4.0,0.7467085,0.8593668,0.85346913,-1.3837848,-0.34376955,-1.0597103,-0.4863396,0.7162453,-1.2081726,-1.2653313,-1.3548132,-0.6794137,1.3303056,1.5482627,-0.11397759,-0.092556946,1.0552461,0.2670159,2.0497603,0.9408211,1.0497618,1.6425642,-0.33882114,1.8426703,0.0,1.0,1.2246469e-16,-1.0,0.0
2022-06-08 00:00:00,4.0,0.47739756,1.2291402,-0.095470615,-1.2370474,0.07981012,-0.86631924,0.09047986,-0.29292488,-1.2033364,-1.2992932,-1.4089775,-0.54247653,1.6489832,1.7995113,0.20699902,0.5224115,1.0946947,0.17913537,1.4453335,1.1650352,1.5167514,1.8392972,0.40567943,1.8952448,0.95105654,0.309017,1.2246469e-16,-1.0,0.0
2022-06-09 00:00:00,4.0,0.337443,0.55932635,-0.031402756,0.38152707,-1.4128771,0.46658796,0.84739435,0.45937237,-1.5020151,-1.5082268,-1.5663491,-0.92226404,1.8570989,1.9620546,0.6224602,0.6098313,0.6191084,1.0750581,1.8707758,1.2300854,1.8531471,2.1018028,-1.436657,0.85881275,0.58778524,-0.809017,1.2246469e-16,-1.0,0.0
2022-06-10 00:00:00,4.0,-0.46098685,-1.1054891,1.0762559,-1.3386781,-0.25908855,-0.25237235,-0.58936673,-0.06695053,-1.5491368,-1.5615407,-1.591542,-0.96342427,1.4406009,1.6457123,0.5519372,0.3871109,0.7402109,0.9513319,1.9914018,0.77685547,1.3225746,1.8337948,-0.4389873,1.0011601,-0.58778524,-0.809017,1.2246469e-16,-1.0,0.0
2022-06-13 00:00:00,5.0,-1.2179574,-1.6741565,-1.0194926,-0.4283984,1.1928695,-0.52868885,-0.44097555,-0.3895942,-1.1149473,-1.3036366,-1.3875248,-0.29345196,0.218744,0.75220823,-0.3617392,-0.044626698,-0.26426488,-0.04217616,1.6885434,-0.2520477,-0.058697816,0.9805507,1.2114097,1.8826648,-0.95105654,0.309017,1.2246469e-16,-1.0,0.0
2022-06-14 00:00:00,5.0,-1.2519022,-0.6477927,-0.3888136,1.5162393,1.2392023,0.38156182,0.457769,-1.4742172,-0.3047102,-0.7894533,-1.0215187,0.7658388,-0.8912496,-0.1300963,-1.5765153,-1.1948475,-1.5115607,0.30141512,1.4289238,-1.4479717,-1.4314345,0.11826969,1.3980453,2.5122664,0.0,1.0,1.2246469e-16,-1.0,0.0
2022-06-15 00:00:00,5.0,0.7358465,0.11181091,0.41572315,0.9943699,2.0276182,-0.36834994,-0.63215613,1.0092041,-0.0151911555,-0.6193338,-0.9752213,1.1635066,-0.20444854,0.38714114,-1.805715,-1.0608987,-0.61879826,-0.022428904,1.4763205,-0.666229,-0.71444947,0.43010172,1.9223758,2.083701,0.95105654,0.309017,1.2246469e-16,-1.0,0.0
2022-06-16 00:00:00,5.0,-0.8757883,-1.2629132,-1.2991315,0.88759434,0.6846551,0.3346994,0.38008443,-0.38791582,0.058065433,-0.47299978,-0.83487475,1.0416106,-0.96415526,-0.2460383,-2.279299,-1.7374678,-1.3561507,-0.614286,1.2162266,-1.6176854,-1.517382,-0.06569872,0.8135793,1.6903673,0.58778524,-0.809017,1.2246469e-16,-1.0,0.0
2022-06-17 00:00:00,2.0,-2.3420372,-1.6125852,-0.7323019,-0.76192963,2.7755167,-0.030847613,-0.38841438,-1.126291,1.5676469,0.7121201,0.06458816,2.1385124,-2.6036716,-1.8962721,-3.0,-2.6998336,-2.789346,-1.9742639,0.21611713,-3.0,-3.0,-1.3373412,1.9721373,1.9297725,-0.58778524,-0.809017,1.2246469e-16,-1.0,0.0
2022-06-20 00:00:00,2.0,-2.525713,-1.8104088,-0.7794883,-1.2915424,2.37518,2.895044,2.2344139,-0.5559447,2.7816205,1.9601752,1.1430209,2.5977883,-3.0,-3.0,-3.0,-3.0,-3.0,-3.0,-0.3478614,-3.0,-3.0,-2.3427653,1.8791972,1.6384383,-0.95105654,0.309017,1.2246469e-16,-1.0,0.0
2022-06-21 00:00:00,5.0,1.2045499,1.5356492,-1.0466661,-0.8570497,0.7178591,-0.41863137,-1.5115987,-0.1819994,2.1586802,1.7121856,0.9930809,2.0313103,-2.4432878,-2.2747047,-3.0,-1.9234213,-3.0,-2.1284993,-0.4452463,-2.5671287,-2.8073566,-1.8092483,1.3906523,1.5406566,0.0,1.0,1.2246469e-16,-1.0,0.0
2022-06-22 00:00:00,2.0,0.34483108,-0.2738656,1.1550602,0.50604194,-0.38057894,-0.5995425,-0.40695652,0.78132385,1.2915301,1.2433192,0.75332296,1.1745676,-2.0840402,-1.9781632,-3.0,-2.0194209,-2.9528549,-2.1253564,-0.17473526,-2.0936143,-2.4563951,-1.6843648,-0.40029636,1.5222756,0.95105654,0.309017,1.2246469e-16,-1.0,0.0
2022-06-23 00:00:00,2.0,-1.2279449,-0.28074533,0.39363888,1.2267394,-0.24074942,0.056932576,0.50688356,-2.0901995,1.5574006,1.6214788,1.2122161,1.1641313,-2.4298909,-2.4202135,-2.9377258,-2.164518,-3.0,-3.0,-1.134764,-2.2168908,-2.73062,-2.0969775,0.03808021,1.2968603,0.58778524,-0.809017,1.2246469e-16,-1.0,0.0
2022-06-24 00:00:00,2.0,-0.7774068,-0.91754204,1.2417816,-1.2934071,0.7778993,-0.7026389,-0.8621826,-0.20567666,1.6525283,1.8263091,1.5286973,1.0816658,-2.5219607,-2.5674922,-2.774404,-1.4353946,-3.0,-2.8802714,-1.3949937,-2.1107864,-2.7351081,-2.2685692,1.552486,1.1625531,-0.58778524,-0.809017,1.2246469e-16,-1.0,0.0
2022-06-27 00:00:00,2.0,1.1281679,1.6639286,-1.0934417,-1.0892619,0.7009328,-0.5679093,-0.09236101,-0.6948792,1.479881,1.6625764,1.384369,1.0076953,-1.7584915,-1.8753846,-2.297013,0.34214026,-2.2019806,-2.3928728,-1.0682504,-1.5510055,-1.9737494,-1.7552615,1.5034385,1.3012952,-0.95105654,0.309017,1.2246469e-16,-1.0,1.0
2022-06-28 00:00:00,5.0,0.50129503,1.2982113,-0.4303922,-0.9955873,-0.007391849,1.081457,1.7223581,-0.67704535,1.039166,1.3464203,1.1924067,0.6180428,-1.4181706,-1.5616518,-1.8467015,-0.0046572387,-1.5102016,-2.3043923,-0.50266385,-1.2561871,-1.5987418,-1.5517448,0.7264045,1.1333883,0.0,1.0,1.2246469e-16,-1.0,1.0
2022-06-29 00:00:00,2.0,0.5071126,0.04498369,2.0929222,-0.7874527,-0.2967421,-0.7173303,-1.2092363,0.8043644,0.86401606,1.2016389,1.1147984,0.4693232,-1.0993102,-1.2736819,-1.3254541,0.072242565,-1.546846,-1.8328795,0.017251069,-1.0078689,-1.2366538,-1.3401002,0.1594958,1.0482173,0.95105654,0.309017,1.2246469e-16,-1.0,1.0
2022-06-30 00:00:00,2.0,0.04027054,0.14031039,2.1997657,-1.2079654,0.031124217,-0.90183604,-0.45772496,-0.20373152,0.68238586,1.0699692,1.0790524,0.27641028,-1.0368599,-1.2120316,-0.91081786,0.6855351,-1.2042425,-1.827169,-0.35506153,-0.90574336,-1.1013616,-1.302264,1.0139903,0.9991872,0.58778524,-0.809017,1.2246469e-16,-1.0,1.0
2022-07-01 00:00:00,2.0,-0.98612785,-0.37712297,1.1437523,0.13987465,0.27871975,-0.8700372,-0.25692633,-1.4248897,0.8127239,1.2351041,1.3823122,0.27547082,-1.4342384,-1.5983274,-0.7660378,0.5914703,-0.6976004,-2.0858948,-0.4082956,-1.0923016,-1.3949579,-1.6288028,1.1419739,0.9896552,-0.58778524,-0.809017,1.2246469e-16,-1.0,1.0
2022-07-04 00:00:00,5.0,-0.40571833,0.46759313,0.6998043,-0.2561001,0.21268813,-0.7696051,-0.08962432,-1.4649739,0.8666842,1.2919432,1.5276651,0.2697254,-1.546751,-1.7043018,-0.68880576,-0.15953532,0.14699249,-2.016227,-0.6572403,-1.0974336,-1.4125419,-1.7127136,1.1069691,0.9165847,-0.95105654,0.309017,-0.5,-0.8660254,0.0
2022-07-05 00:00:00,2.0,1.6556004,1.2993528,-0.52403796,-0.8925273,-0.23890659,-1.2642391,-0.8238874,1.4930406,1.0815063,1.3019575,1.3833411,0.64671165,-0.58207655,-0.8668489,-0.20483117,0.41262668,0.32679388,-1.639908,-0.04327813,-0.5324977,-0.5153102,-1.0451208,0.5899136,0.974993,0.0,1.0,-0.5,-0.8660254,0.0
2022-07-06 00:00:00,2.0,-2.6671562,-1.9901371,-1.3661771,-0.9752809,2.200509,0.5334431,2.717978,0.19254774,2.5931137,2.6484003,2.8193126,1.5824375,-1.6333638,-1.9153537,-0.38799703,-1.2236454,-0.92723185,-2.5991871,-1.1664147,-1.2686737,-1.3767698,-1.8089912,1.6781927,0.58594406,0.95105654,0.309017,-0.5,-0.8660254,0.0
2022-07-07 00:00:00,2.0,-0.44190764,-1.2209283,-0.2671506,-0.40701166,0.9499906,0.6981185,-0.07539963,1.5381676,2.7179017,2.8279674,3.0,1.6017251,-1.7113519,-1.9827163,-0.52827996,-1.4464898,-0.63561773,-2.6682787,-1.244671,-1.3035258,-1.3025835,-1.8183168,1.4117117,0.6255698,0.58778524,-0.809017,-0.5,-0.8660254,0.0
2022-07-08 00:00:00,2.0,1.5768731,0.8231198,0.55999744,-0.85188013,-0.38641697,1.1341099,0.1676382,1.7475624,2.4763525,2.575172,2.67348,1.5769137,-0.9013661,-1.239099,-0.27373758,-0.1607424,0.3400962,-1.957699,-0.5642679,-0.69397545,-0.5681799,-1.3003381,0.7433481,0.84316546,-0.58778524,-0.809017,-0.5,-0.8660254,0.0
2022-07-11 00:00:00,2.0,0.13114284,0.44147065,1.4095908,-0.8409743,-0.42677894,-1.1884612,-1.5282025,-0.46802515,1.8382963,2.1561987,2.36527,0.96284384,-0.8184097,-1.1499656,-0.06975063,0.0970375,-0.047535285,-1.5708085,-0.9930011,-0.56516874,-0.4276687,-1.2565969,0.66461563,0.7551569,-0.95105654,0.309017,-0.5,-0.8660254,0.0
2022-07-12 00:00:00,2.0,-0.18223968,0.73806447,-0.44652972,0.5118588,-1.0574795,-1.1143968,-0.27451265,-1.0588119,1.122173,1.6658921,2.0192473,0.2135369,-0.8714294,-1.187742,0.06360526,-0.7904695,-0.31922805,-1.2889186,-0.9015419,-0.5719782,-0.42767936,-1.3301214,-0.546031,0.65286726,0.0,1.0,-0.5,-0.8660254,0.0
2022-07-13 00:00:00,2.0,-0.69895226,-1.3545816,-1.1361841,0.25364003,-0.49687964,-0.877648,0.10486881,0.07880905,0.90448606,1.5206308,1.9694529,-0.097499594,-1.1243086,-1.4082984,0.048791718,0.21379423,-0.8101668,-1.6624956,-1.4439183,-0.8954912,-0.59897184,-1.5222179,0.42634726,0.77111256,0.95105654,0.309017,-0.5,-0.8660254,0.0
2022-07-14 00:00:00,5.0,0.046524663,0.10698334,0.9200637,0.58233833,-0.7048505,-0.7400113,-0.09875949,-0.18329579,0.5714203,1.2277963,1.7241505,-0.43087828,-1.0796118,-1.3515242,0.078812554,0.46626225,-0.8037574,-1.4117879,-1.4507359,-0.8997486,-0.48868528,-1.4930557,-0.087487616,0.83545375,0.58778524,-0.809017,-0.5,-0.8660254,0.0
2022-07-15 00:00:00,5.0,-1.2416532,-1.3076105,-0.8963316,-0.054615073,0.78965384,0.1512379,1.1308002,0.07829257,1.1876439,1.6647725,2.13118,0.05836631,-1.5073506,-1.7289466,-0.110498,-1.0141281,-0.9539011,-1.158229,-1.8912013,-1.6695993,-0.883581,-1.7232059,1.261502,0.2768832,-0.58778524,-0.809017,-0.5,-0.8660254,0.0
2022-07-18 00:00:00,2.0,0.93809664,0.8811079,0.023574324,-0.23760505,-0.5285706,-0.7243617,-0.99468035,0.58326215,0.83515775,1.3213598,1.7595624,-0.19277784,-0.98142534,-1.2901274,-0.008218738,-0.58690095,-0.3995006,-0.17871894,-1.574025,-0.90105736,-0.49805433,-1.4080411,0.06402832,0.60581374,-0.95105654,0.309017,-0.5,-0.8660254,0.0
2022-07-19 00:00:00,2.0,0.90485454,0.44758785,1.6558981,-1.1470104,-0.9998757,-1.0137331,-0.61050063,1.1718364,0.7367786,1.1490104,1.5257531,-0.19266006,-0.501835,-0.88604534,0.3030046,-0.012028879,-0.66381603,-0.23732167,-1.2368727,-0.16342431,-0.08433944,-1.0833282,-0.8823053,0.3689712,0.0,1.0,-0.5,-0.8660254,0.0
2022-07-20 00:00:00,2.0,0.32919514,1.0604029,-0.23389776,-0.5285707,-1.0903057,-0.9556102,-0.24258363,-0.36204994,0.17348295,0.7277114,1.1881602,-0.8091799,-0.3242676,-0.7317473,0.6257546,0.5266204,0.6086536,-0.23382808,-1.1605062,0.14624204,0.09430384,-0.97360367,-1.1469089,0.30012324,0.95105654,0.309017,-0.5,-0.8660254,0.0
2022-07-21 00:00:00,2.0,0.27665442,-1.0368423,-0.34402585,0.14582056,-1.2636106,-0.35544977,0.636247,1.0291314,-0.28509843,0.34593478,0.87909216,-1.2959441,-0.17210016,-0.59911865,0.93248725,0.646997,0.9128596,0.19222412,-0.7715136,0.35398835,0.2279311,-0.8844322,-1.4960846,0.24850601,0.58778524,-0.809017,-0.5,-0.8660254,0.0
2022-07-22 00:00:00,2.0,-0.47342536,-0.8491729,-0.15635985,0.45690483,0.065821745,-0.29620063,-0.14401323,0.08069768,-0.033755343,0.45224547,0.9607219,-0.95607305,-0.4106595,-0.7743259,0.9598579,1.0670003,0.03588582,0.27024928,-0.18103662,-0.06561302,-0.026533183,-1.0030583,0.85749346,0.27787524,-0.58778524,-0.809017,-0.5,-0.8660254,0.0
2022-07-25 00:00:00,2.0,-0.06582359,-0.76922494,0.010766684,0.45393097,-0.62846273,-0.9391507,-0.95834076,0.46179673,-0.21975355,0.26848948,0.8125386,-1.1125011,-0.44075117,-0.7867264,0.96889997,0.5380499,-0.04701991,-0.06770053,-0.547394,-0.10983315,-0.05436092,-1.0033071,-0.5094032,-0.25673538,-0.95105654,0.309017,-0.5,-0.8660254,0.0
2022-07-26 00:00:00,2.0,0.3215584,0.7988655,-1.1514795,1.379273,-0.18798482,-0.6920994,0.11296549,-0.63563204,-0.1941286,0.1929675,0.69843966,-0.96298355,-0.24644275,-0.6348199,1.0183489,0.21561536,0.16284344,-0.114119686,-0.4159045,0.18100893,0.11350639,-0.87181735,0.37884003,-0.24459682,0.0,1.0,-0.5,-0.8660254,0.0
2022-07-27 00:00:00,2.0,0.18172598,-0.6574451,1.5109003,-1.1962018,-1.0967715,-0.9517763,-0.6734813,0.6377787,-0.476824,-0.06397985,0.47995,-1.2125243,-0.13284902,-0.5433052,1.0994692,0.12935017,0.5329037,-0.20291184,-0.6675364,0.38872254,0.2335705,-0.79864913,-1.4228401,0.18361206,0.95105654,0.309017,-0.5,-0.8660254,0.0
2022-07-28 00:00:00,5.0,0.44724673,0.71618813,-0.21521588,0.46450326,-1.0484405,-0.8575015,-0.17466381,0.19651455,-0.8672194,-0.42539597,0.16349474,-1.564875,0.14355226,-0.333828,1.2646832,0.20787065,0.692852,-0.08378435,-0.63337517,0.8352294,0.50881565,-0.6323243,-1.4947739,0.25212622,0.58778524,-0.809017,-0.5,-0.8660254,0.0
2022-07-29 00:00:00,2.0,-0.3404491,-1.187596,-1.2744199,0.9043128,-0.29973632,-0.25139323,0.9165786,0.51682967,-0.7501648,-0.41791993,0.15170427,-1.3389155,-0.07675835,-0.47255936,1.2036366,0.29984385,1.0836056,0.09479248,-1.3865316,0.51465076,0.32646003,-0.7200735,-0.11928662,-0.17103918,-0.58778524,-0.809017,-0.5,-0.8660254,0.0
2022-08-01 00:00:00,5.0,1.0841252,1.0879691,-0.36772764,-0.43693456,0.80463296,0.5383241,0.76825607,-0.23158707,-0.26420373,-0.22350387,0.14622559,-0.524266,0.5701804,0.010213821,1.3177373,0.9209648,1.0981965,0.52267843,-1.0907627,1.302702,0.82878065,-0.2933956,1.2125962,0.13390172,-0.95105654,0.309017,-0.5,-0.8660254,0.0
2022-08-02 00:00:00,5.0,-0.71546745,-1.3718204,-0.5540983,-0.5703504,-0.03237477,0.3621913,-0.3074976,0.26127583,-0.14481439,-0.11493481,0.25436118,-0.42493832,0.087256595,-0.3067318,1.2074991,0.3757574,0.43339273,-0.16518082,-1.3651326,0.7756653,0.47480118,-0.5133627,0.4921506,0.05589972,0.0,1.0,-0.8660254,-0.5,0.0
2022-08-03 00:00:00,2.0,1.1160951,-0.21876663,1.6059817,-0.15563963,-0.6656757,1.7273582,0.7958186,2.1802976,0.1483635,0.011009328,0.22031997,0.081655756,0.7450994,0.19817597,1.314163,0.92723095,0.7325953,1.0036328,-1.217232,1.5239799,0.96016556,-0.10387272,-0.8428871,0.020078082,0.95105654,0.309017,-0.8660254,-0.5,0.0
2022-08-04 00:00:00,2.0,0.71814704,0.5176331,0.15473342,0.5302738,0.49659613,2.4193742,0.24575323,0.4879567,0.029039592,-0.087161615,0.08189781,0.028088527,1.0998226,0.5078983,1.5028527,1.061458,0.8841875,1.3361198,-0.41193438,1.7319614,1.2030863,0.1600639,0.6436505,0.25999302,0.58778524,-0.809017,-0.8660254,-0.5,0.0
2022-08-05 00:00:00,2.0,-0.27072558,-0.14337322,2.1439764,-0.7357029,0.5763658,1.3821963,-0.8287732,-0.50602156,0.044559978,-0.043472875,0.12125071,0.016109886,0.8892396,0.38094714,1.4684517,1.0930696,0.9840159,0.7586014,-0.49772197,1.2668984,0.98795986,0.09002548,0.62871474,-0.19987607,-0.58778524,-0.809017,-0.8660254,-0.5,0.0
2022-08-08 00:00:00,2.0,0.32970512,0.64425284,-0.6376783,1.3157147,0.92257816,0.15997349,-0.7868942,-0.52009064,0.10480737,-0.0064593656,0.10923592,0.13179407,1.058392,0.5320584,1.423398,0.65653616,1.1481678,0.81107897,-0.81970936,1.2514402,1.0650753,0.21770588,0.9880798,-0.29020995,-0.95105654,0.309017,-0.8660254,-0.5,0.0
2022-08-09 00:00:00,2.0,0.49909553,0.9146498,0.1362668,-0.70134825,-0.9499444,0.44612116,0.074882686,0.044079345,-0.35814676,-0.33035374,-0.1570151,-0.3978897,1.284883,0.7429515,1.497759,1.3151529,1.1940993,0.99768364,-0.12948929,1.2783275,1.271674,0.42891788,-1.1163552,-0.6532217,0.0,1.0,-0.8660254,-0.5,0.0
2022-08-10 00:00:00,2.0,0.62759066,0.91883886,-0.20936598,-0.23333386,-0.4953781,0.13824572,-0.35099804,0.124364436,-0.6129154,-0.5518907,-0.37284046,-0.6511163,1.5422884,0.9986809,1.5897566,1.0004609,1.3397871,1.3646015,-0.36495996,1.3269186,1.4895871,0.6834351,-0.625332,-1.5680441,0.95105654,0.309017,-0.8660254,-0.5,0.0
2022-08-11 00:00:00,2.0,-0.13763681,-0.023513757,0.51525897,1.6070633,-0.82400846,0.3141718,-0.039347295,-0.43279517,-0.85263824,-0.7365092,-0.51280445,-0.9741524,1.4021783,0.92766273,1.552849,0.5395149,1.1082454,1.2997695,-0.4952296,1.0746268,1.3461763,0.6887099,-1.0604342,-2.1156917,0.58778524,-0.809017,-0.8660254,-0.5,0.0
2022-08-12 00:00:00,2.0,0.62688833,1.5114499,-1.1737214,-0.687441,0.072855584,-0.12783474,-0.5077526,-0.71097654,-0.8728889,-0.8266333,-0.6517843,-0.88153136,1.6543988,1.186834,1.5402051,1.0063624,1.4410032,1.7998654,-0.39519247,1.2216719,1.4974171,0.94686675,-0.1321976,-2.8959212,-0.58778524,-0.809017,-0.8660254,-0.5,0.0
2022-08-15 00:00:00,2.0,0.28634351,0.4430957,1.2753186,-0.9320858,-0.80553335,0.05812451,-0.009644299,0.031502794,-1.0654813,-1.0070715,-0.8273077,-1.0962834,1.7364166,1.3004166,1.5441914,0.9684403,1.1128225,1.5600463,-0.33380044,1.1756485,1.5351347,1.1107937,-1.111629,-3.0,-0.95105654,0.309017,-0.8660254,-0.5,0.0
2022-08-16 00:00:00,2.0,-0.531593,-0.96397036,-0.9444598,1.4359845,1.8047895,2.0658512,1.5021738,0.39151663,-0.51235735,-0.6499749,-0.57899594,-0.25608394,1.2545792,0.9978905,1.1950879,0.44425738,1.187566,1.145422,-0.19783011,0.8142528,1.0297195,0.8445894,1.2545767,-2.4081438,0.0,1.0,-0.8660254,-0.5,0.0
2022-08-17 00:00:00,2.0,0.08566179,0.45264232,1.4168955,-1.1871,-0.86491054,0.03551514,-1.059832,-0.37141746,-0.80082136,-0.84718454,-0.7399163,-0.6592793,1.2752727,1.0322311,1.0282967,0.16901903,0.7885343,1.0597565,-0.28520495,0.74475384,1.0125165,0.9426082,-1.0801357,-2.4569333,0.95105654,0.309017,-0.8660254,-0.5,0.0
2022-08-18 00:00:00,5.0,0.44505996,0.44132695,-0.30260563,1.2752153,-0.9878035,0.6601832,0.31404346,0.37928358,-1.0531143,-1.0576339,-0.9421838,-0.9717882,1.4662868,1.2219533,0.95327574,0.4611449,0.6767118,1.082699,-0.46333936,0.8172928,1.1847626,1.1915488,-1.3196391,-2.530846,0.58778524,-0.809017,-0.8660254,-0.5,0.0
2022-08-19 00:00:00,5.0,1.0726218,1.2205135,-1.1952534,0.2276539,0.69261885,0.11570881,-0.47246546,0.246199,-0.8889974,-1.0246441,-1.0199739,-0.5402834,1.865425,1.6413716,1.0167817,0.67956764,1.1342825,1.4724184,-0.008823769,1.0978746,1.5450009,1.5700207,0.66394544,-2.1626348,-0.58778524,-0.809017,-0.8660254,-0.5,0.0
2022-08-22 00:00:00,2.0,0.5320496,1.2178452,-0.44281557,-0.86036974,-0.80475867,0.36819932,0.07536816,-0.09311601,-1.1033856,-1.1983393,-1.1952515,-0.8077228,1.9885213,1.813995,1.1559023,0.79744476,1.1826528,1.6046075,0.042159453,1.1355401,1.6975179,1.8203553,-1.0313582,-2.5459104,-0.95105654,0.309017,-0.8660254,-0.5,0.0
2022-08-23 00:00:00,5.0,0.093914784,1.2578092,-0.3395971,-1.1034728,0.34489903,0.055600252,-0.31158787,-1.5696398,-0.9860811,-1.1429496,-1.188037,-0.5489542,1.9594861,1.8207324,1.1221079,1.1101689,1.0449774,1.5353532,-0.10129903,1.0269883,1.5339115,1.7912892,0.23707122,-2.1040394,0.0,1.0,-0.8660254,-0.5,0.0
2022-08-24 00:00:00,4.0,0.944309,1.281791,-1.3584739,0.18649703,0.6198296,-0.48488623,-0.4154419,-0.066618584,-0.879974,-1.1161566,-1.2448372,-0.22542493,2.16625,2.107577,1.2016504,1.5138978,1.1398495,1.6861558,0.33618745,1.1922702,1.7689884,2.0442421,0.62437195,-2.2269986,0.95105654,0.309017,-0.8660254,-0.5,0.0
2022-08-25 00:00:00,4.0,-0.64156616,-1.8051872,-1.1486717,-0.862441,-1.0743431,0.8167186,0.7553007,0.03742074,-1.0838704,-1.2190324,-1.2907518,-0.6229695,1.5787967,1.689246,1.0717199,0.97311926,0.96503687,1.4036556,0.102307685,0.8410759,1.3336089,1.8322116,-1.4286349,-2.345582,0.58778524,-0.809017,-0.8660254,-0.5,0.0
2022-08-26 00:00:00,4.0,0.572529,-0.3703106,1.5152973,-0.19846155,-1.6194534,-1.4053837,-1.1160648,1.2722316,-1.1307803,-1.2843932,-1.3877393,-0.59686166,1.7263136,1.8587055,1.0009434,0.7300452,0.9403432,1.5915236,0.29799378,0.94978863,1.4562151,1.9894577,-1.8000557,-1.6948847,-0.58778524,-0.809017,-0.8660254,-0.5,0.0
2022-08-30 00:00:00,2.0,-0.19765617,-1.1548005,0.14666149,-0.7167864,-1.1240572,-1.0117576,0.052801583,0.28200442,-1.3850942,-1.4535357,-1.5088495,-1.046721,1.5459276,1.7157109,0.86321956,0.37464955,0.7759816,1.2572938,0.39198372,0.7747056,1.2722517,1.9230987,-1.7382767,-1.4413191,-0.95105654,0.309017,-0.8660254,-0.5,0.0
2022-08-31 00:00:00,2.0,-0.82618505,-1.2446507,-0.24592854,-0.57049525,2.4013412,1.7536576,1.8543277,0.9068725,-0.5356278,-0.901438,-1.1112931,0.42488644,0.9057783,1.2396563,0.36445943,-0.07390615,0.6797463,1.2333599,-0.116990365,0.432841,0.5596754,1.3216704,1.332964,-1.0324855,0.95105654,0.309017,-0.8660254,-0.5,0.0
2022-09-01 00:00:00,2.0,-0.7399844,-0.80654,-1.1885325,2.1257036,2.0259604,3.0,2.2221289,0.24249613,0.23948091,-0.34003365,-0.6945102,1.4333736,0.41557822,0.8527481,-0.09162334,-0.89185524,0.40894267,0.7875827,-0.5357639,0.09509108,0.09509071,0.91247594,1.344054,-0.5449154,0.58778524,-0.809017,-0.8660254,-0.5,0.0
2022-09-02 00:00:00,2.0,-0.012869144,-0.20157766,0.27613974,1.802427,-0.5348459,0.45604852,-1.508131,-0.0063803787,-0.22682764,-0.568848,-0.8411917,0.6758279,0.4146411,0.8609732,-0.38431358,-0.58783937,0.25994048,0.61628634,-0.68870026,0.050712485,0.051497363,0.9492605,-0.8894852,-0.94882697,-0.58778524,-0.809017,-1.0,-1.8369701e-16,0.0
2022-09-05 00:00:00,5.0,1.181106,0.8706998,-0.22774495,0.11085016,0.21458833,0.41585463,-0.18967828,1.0100965,-0.22220692,-0.5916764,-0.93521225,0.8035692,0.9557611,1.3423313,-0.34275675,-0.2854457,0.30431035,0.94872606,-0.10418442,0.5681048,0.48932865,1.2753242,0.13038667,-1.2927938,-0.95105654,0.309017,-1.0,-1.8369701e-16,0.0
2022-09-06 00:00:00,5.0,0.8581196,1.0681015,-0.42329675,-0.35331395,0.8303389,0.23693226,-0.28624183,-0.30414966,-0.16014725,-0.5579393,-0.9646427,0.9463703,1.2638773,1.6382706,-0.16847631,0.23456012,0.41631377,1.0557277,0.7563805,0.9248825,0.74606043,1.4546562,0.93317276,-1.459599,0.0,1.0,-1.0,-1.8369701e-16,0.0
2022-09-07 00:00:00,2.0,-1.0382165,-1.4485341,-1.1888465,0.20540407,-0.030455919,0.13084896,-0.23761714,-0.48304135,-0.20081356,-0.48990628,-0.8401431,0.6791173,0.5830071,1.058237,-0.29277924,0.12821755,0.036612395,0.70918053,0.9041047,0.3293435,0.22789165,1.0866942,-0.20963083,-1.4069983,0.95105654,0.309017,-1.0,-1.8369701e-16,0.0
2022-09-08 00:00:00,2.0,-1.1015635,-0.92831707,0.6403703,-0.8891503,0.2170284,1.6204902,1.4399341,-1.1170728,-0.17385192,-0.38547257,-0.68637586,0.5208421,-0.014154076,0.51395833,-0.6001504,-0.054860473,-0.64738286,0.32278547,0.072785325,-0.33042318,-0.277168,0.71919215,0.39058268,-2.0884988,0.58778524,-0.809017,-1.0,-1.8369701e-16,0.0
2022-09-09 00:00:00,5.0,0.14860028,-0.2947629,0.924462,0.8480059,-0.45911017,-0.34830612,-1.3268079,0.45576745,-0.51967144,-0.6030135,-0.8370444,0.043148704,0.059159495,0.5759039,-0.7930237,0.025481906,-0.38405025,0.38606068,0.66345793,-0.3031837,-0.2529487,0.7720866,-0.7082849,-1.849541,-0.58778524,-0.809017,-1.0,-1.8369701e-16,0.0
2022-09-12 00:00:00,5.0,0.697314,0.50571436,0.45943162,0.110569894,-0.33074084,-0.6741662,-0.53177404,0.6965984,-0.626956,-0.7127032,-0.95168525,-0.024121143,0.36254528,0.8352356,-0.77495646,-0.24814588,-0.3554531,0.3952431,2.4011989,0.09291949,0.008563203,0.9538665,-0.5659028,-1.4681194,-0.95105654,0.309017,-1.0,-1.8369701e-16,0.0
2022-09-13 00:00:00,5.0,0.60104585,-0.4056388,0.33100656,1.5148154,-1.0033284,-0.67222416,-0.13232045,1.365251,-0.8216766,-0.86706626,-1.0811164,-0.23531668,0.60909593,1.0499169,-0.6637601,-0.4670014,-0.11352595,0.45410395,3.0,0.47431293,0.23809661,1.120636,-1.7482412,-1.3197062,0.0,1.0,-1.0,-1.8369701e-16,0.0
2022-09-14 00:00:00,5.0,0.26149595,0.015569944,0.41197842,1.6334338,-0.39433995,-0.22131303,0.39434457,0.37174273,-1.0415711,-1.0294873,-1.1968501,-0.5567864,0.7219584,1.1389616,-0.54743874,0.28328764,0.26057732,0.6241077,2.9651186,0.66814864,0.32125583,1.208992,-0.6589838,-1.3455694,0.95105654,0.309017,-1.0,-1.8369701e-16,0.0
2022-09-15 00:00:00,5.0,-0.048537165,0.685866,-0.21488157,0.45148787,0.0007635522,0.0633826,0.19430397,-0.96252424,-1.0295104,-1.044067,-1.2024355,-0.5259602,0.72450376,1.1262511,-0.4824518,0.9907769,0.52881277,0.59606904,2.6257405,0.6758563,0.24878298,1.148865,-0.16501811,-1.3121066,0.58778524,-0.809017,-1.0,-1.8369701e-16,0.0
2022-09-16 00:00:00,5.0,-0.77593184,-1.0594485,-0.10679849,0.0144249825,0.17606117,-0.3217173,-0.5361941,-0.19532822,-0.8885467,-0.942415,-1.0918914,-0.3530714,0.31740415,0.797556,-0.6189501,0.51710683,0.30892238,0.3533221,2.7234976,0.047092684,-0.15096156,0.86881804,0.21404973,-1.1361961,-0.58778524,-0.809017,-1.0,-1.8369701e-16,0.0
2022-09-20 00:00:00,5.0,-0.6585014,-0.61106735,1.2439357,-0.5793015,-0.46771547,3.0,3.0,-0.69680816,-1.0081244,-1.0038366,-1.0959327,-0.62638414,-0.0036636128,0.5400557,-0.89464164,-0.38432395,-0.43273997,-0.015805673,2.6766896,-0.5789767,-0.47569254,0.68415236,-0.7761237,-1.2545797,-0.95105654,0.309017,-1.0,-1.8369701e-16,0.0
2022-09-21 00:00:00,5.0,-0.08395689,-0.007240212,2.219402,-1.0791923,-0.057754245,-0.26549745,-1.477773,-0.28121525,-0.9754569,-1.0024165,-1.0946721,-0.55158055,-0.0036915836,0.53431046,-1.0962209,-0.83935356,-0.89959484,-0.1562437,2.101329,-0.58428764,-0.505458,0.63655,-0.20917337,-1.1137903,0.95105654,0.309017,-1.0,-1.8369701e-16,0.0
2022-09-22 00:00:00,5.0,0.21626703,-0.13889623,1.6760073,-0.15987587,0.2058728,-0.31432247,-0.24121891,0.43303612,-0.8262263,-0.93410087,-1.0656439,-0.23380756,0.146901,0.636816,-1.1437676,-0.8712768,-0.33708972,-0.13777526,1.9053845,-0.25342402,-0.3777746,0.6516953,0.34670848,-1.124615,0.58778524,-0.809017,-1.0,-1.8369701e-16,0.0
2022-09-23 00:00:00,5.0,0.18189065,0.69053906,0.3888368,-0.37244886,0.33625588,-0.42149124,-0.30197144,-0.748645,-0.72733694,-0.8814957,-1.0409606,-0.026457144,0.28069472,0.72463995,-1.0945284,-0.72239614,0.29646206,-0.32835197,1.724775,0.09728734,-0.2396534,0.6518626,0.4586255,-1.1920902,-0.58778524,-0.809017,-1.0,-1.8369701e-16,0.0
2022-09-26 00:00:00,5.0,-2.783287,-1.5458819,-1.1121551,-0.2563114,2.5754986,1.0599484,2.1821318,-1.2737157,0.8177963,0.21851291,-0.17137614,1.9592601,-1.2832197,-0.5823092,-1.559417,-2.0291135,-1.0962088,-0.77842385,0.8404688,-2.6147587,-1.5270634,-0.2851817,1.6418114,-0.40332094,-0.95105654,0.309017,-1.0,-1.8369701e-16,0.0
2022-09-27 00:00:00,5.0,-0.4209582,0.98311377,0.037490927,-0.7102415,-0.17326452,-0.3559897,-1.0607266,-2.3086753,0.5183547,0.14928895,-0.16047983,1.3126143,-1.4235028,-0.73449737,-1.9490452,-1.8438402,-1.6425215,-1.017364,1.0650682,-2.3990664,-1.6398467,-0.42491192,0.03089234,-0.69020253,0.0,1.0,-1.0,-1.8369701e-16,1.0
2022-09-28 00:00:00,5.0,0.0201669,0.9034518,-0.11650121,-0.2146635,-0.29098088,0.30781257,0.7261766,-1.3658079,0.23479158,0.030566078,-0.21436933,0.8145484,-1.3645978,-0.70754707,-2.0939167,-1.7379341,-1.858427,-0.9766925,1.2045044,-2.0002496,-1.5605716,-0.44838423,-0.01277205,-0.62274593,0.95105654,0.309017,-1.0,-1.8369701e-16,1.0
2022-09-29 00:00:00,5.0,0.48963222,1.1795278,-1.0380981,0.33411404,0.69419605,-0.32392088,-0.6997925,-1.4899061,0.3462017,0.11213628,-0.1720358,0.97204655,-1.0252599,-0.48034406,-1.903654,-1.5440495,-1.7160536,-0.67676234,0.7313911,-1.4663093,-1.2312495,-0.34683678,1.1887068,-0.3697281,0.58778524,-0.809017,-1.0,-1.8369701e-16,1.0
2022-09-30 00:00:00,5.0,-0.65268195,-0.5076235,-0.089969836,1.7452227,-0.082224555,0.5917557,0.7798329,-0.54482657,0.20769045,0.08707055,-0.13780956,0.636621,-1.2591182,-0.70499444,-1.8538918,-1.9825208,-1.9250968,-0.6403481,1.5883137,-1.6614101,-1.456839,-0.5149872,0.06594411,-0.27722284,-0.58778524,-0.809017,-1.0,-1.8369701e-16,1.0
2022-10-03 00:00:00,5.0,-0.014987687,0.050005,0.91443014,0.7466793,-0.19710116,-0.6729045,-1.0880752,-0.16720378,0.035750467,-0.0002958326,-0.18149173,0.34886432,-1.2129356,-0.69007134,-1.7392594,-0.3126079,-1.5892452,-0.6806861,1.7236581,-1.5180639,-1.4258552,-0.5373665,-0.032360863,-0.2977349,-0.95105654,0.309017,-1.0,-1.8369701e-16,1.0
2022-10-04 00:00:00,5.0,1.1857479,1.4131361,-0.47213656,-1.4547231,0.44794628,-0.44681168,0.11795399,-0.38469133,0.03918778,-0.049614195,-0.26793563,0.47488967,-0.55565,-0.21526852,-1.3567342,0.5616786,-0.8912407,-0.8104907,1.3648244,-0.79052526,-0.8547881,-0.28310996,1.2262062,0.590566,0.0,1.0,-0.8660254,0.5,0.0
2022-10-05 00:00:00,5.0,1.403237,0.8728844,-0.8272635,0.778758,0.43297872,0.38416266,0.94684464,1.016749,-0.032350373,-0.15115607,-0.39748937,0.52794635,0.10581368,0.32659584,-0.8153669,1.2618368,-0.35943648,-0.7915839,1.610789,0.106151834,-0.17555195,0.03472978,1.1495004,1.4597725,0.95105654,0.309017,-0.8660254,0.5,0.0
2022-10-06 00:00:00,5.0,0.56255364,0.6500183,-1.0936947,1.8652868,0.65914243,0.66230744,0.07530842,-0.22103329,0.06454019,-0.11413925,-0.39939815,0.68184644,0.37150183,0.56028575,-0.3349299,1.2678319,-0.24952209,-0.36828044,1.7634141,0.46261176,0.101358674,0.14188215,1.2313608,1.4785602,0.58778524,-0.809017,-0.8660254,0.5,0.0
2022-10-07 00:00:00,5.0,-0.18106139,-0.19677883,-0.8889792,3.0,-0.2871302,0.22899851,-0.48880634,-0.12269566,-0.19709714,-0.2371573,-0.45079046,0.28532836,0.3541817,0.54174334,-0.038398597,1.4944421,-0.39570022,-0.068900645,1.9362063,0.3591825,0.051267676,0.09030759,-0.18852833,2.2542613,-0.58778524,-0.809017,-0.8660254,0.5,0.0
2022-10-10 00:00:00,5.0,0.91045326,1.1421427,-0.68122935,-0.36193293,-0.56809694,-0.18852709,-0.49155805,0.29488444,-0.59497285,-0.52593845,-0.66492486,-0.11507878,0.7674994,0.9224334,0.33809233,1.90079,1.1986281,0.100728706,2.0683253,0.78450227,0.5004319,0.34643546,-0.49186292,1.6660225,-0.95105654,0.309017,-0.8660254,0.5,0.0
2022-10-11 00:00:00,5.0,-1.1384264,-0.4787142,1.4788426,-0.25574234,-0.9125683,-0.91316485,-0.8662469,-1.4418805,-0.9456896,-0.71516484,-0.7147336,-0.6282041,0.18194678,0.4511928,0.39133534,0.8184055,1.013737,-0.41810486,2.2379978,0.22761704,0.06311117,0.04934036,-0.898168,1.4341724,0.0,1.0,-0.8660254,0.5,0.0
2022-10-12 00:00:00,5.0,-1.5330657,-0.90009445,-0.94861716,1.714066,-0.61060804,-0.86111295,-0.09208084,-1.5911322,-0.36056328,-0.33423555,-0.42012766,-0.05666069,-0.6033772,-0.24254277,0.09942656,-0.65900373,0.4546486,-0.9948528,1.6067264,-0.48316476,-0.5914776,-0.43851754,-0.41428515,1.1878141,0.95105654,0.309017,-0.8660254,0.5,0.0
2022-10-13 00:00:00,5.0,-0.6204241,-0.9110001,0.31757042,-0.026789939,-0.16680843,-0.91074866,-0.27504182,0.14554696,-0.35864547,-0.3188849,-0.3748282,-0.10920572,-0.8521516,-0.49207893,-0.17936864,-1.2453495,0.009301806,-1.2294896,1.1735322,-0.6800227,-0.76440066,-0.64547485,0.23073953,1.8588215,0.58778524,-0.809017,-0.8660254,0.5,0.0
2022-10-14 00:00:00,5.0,1.0404047,0.8596755,-0.66677743,0.4540165,0.54442865,-0.9497758,-0.2958131,0.31505522,-0.156998,-0.28499094,-0.44288418,0.2350276,-0.29039583,-0.008662881,-0.16169609,-0.63966197,0.6621544,-0.9592635,1.2722946,0.008472812,-0.18958056,-0.364546,1.2003258,2.0716121,-0.58778524,-0.809017,-0.8660254,0.5,0.0
2022-10-17 00:00:00,5.0,-0.5980325,-1.153216,0.118744224,-0.42379385,-0.14353608,-0.49041447,0.6341453,0.5432607,-0.17642695,-0.25031447,-0.3790535,0.1316798,-0.55024034,-0.26603377,-0.23977996,-1.3756642,0.44391423,-0.8663146,1.0539316,-0.2290078,-0.38962355,-0.56328416,0.29392275,1.9752829,-0.95105654,0.309017,-0.8660254,0.5,0.0
2022-10-18 00:00:00,5.0,-0.93047214,-1.0485053,0.44094968,-0.5660715,0.5022134,-0.30630758,-0.084853135,0.057710584,0.2191505,0.092955396,-0.11274699,0.41127756,-0.98404294,-0.7085068,-0.43304065,-1.2741395,-0.36402053,-0.8932159,1.0158045,-0.65066576,-0.7454998,-0.88093364,1.2479417,1.3936874,0.0,1.0,-0.8660254,0.5,0.0
2022-10-19 00:00:00,5.0,-0.73379475,-1.4587392,0.17072982,-1.3340205,-0.19286717,-1.2360761,-0.8240037,0.8341584,0.19875506,0.16680801,0.0063509215,0.27571383,-1.2904644,-1.0556874,-0.65000546,-0.8842058,-1.188316,-1.0494174,0.8880773,-0.9404147,-0.9847206,-1.1328342,0.40314952,1.2445993,0.95105654,0.309017,-0.8660254,0.5,0.0
2022-10-20 00:00:00,5.0,1.19011,0.345445,-1.2589564,2.497407,-0.85741,-1.2616136,-0.29835698,1.7459565,-0.34077114,-0.3113867,-0.38181227,-0.14282496,-0.58311236,-0.42664242,-0.5438335,-0.009283713,-0.9504457,-0.8160157,1.0209621,-0.1734189,-0.33957973,-0.7530072,-0.69326496,1.1856065,0.58778524,-0.809017,-0.8660254,0.5,0.0
2022-10-21 00:00:00,5.0,0.58422893,0.0059420443,0.6815537,0.9350882,-1.5688797,-0.9316769,0.1761854,1.1095092,-0.8827009,-0.7937425,-0.7471987,-0.6581678,-0.23028323,-0.089425445,-0.3294866,-0.22183892,-0.65624404,-0.7270249,1.0794687,0.23902665,0.049062118,-0.5365261,-1.6667174,1.1290591,-0.58778524,-0.809017,-0.8660254,0.5,0.0
2022-10-24 00:00:00,5.0,0.2919786,1.6251584,-1.2612492,-0.8707155,-1.6722777,-1.026833,-0.3218654,-0.98635274,-1.37758,-1.2503119,-1.0947049,-1.2009239,-0.022864146,0.11329247,-0.096855134,0.20760314,-0.890832,0.24987438,0.9935882,0.39342788,0.22022279,-0.40194663,-1.2345213,0.8808515,-0.95105654,0.309017,-0.8660254,0.5,0.0
2022-10-25 00:00:00,5.0,0.5346446,0.21984701,-0.41060174,1.5765916,1.4759657,-0.75589174,0.025732774,0.46010268,-0.7914089,-0.93724084,-1.0001707,-0.3641516,0.29395387,0.45291513,0.16041048,0.9078925,-0.27305573,0.5244296,1.2289683,0.6727374,0.4086069,-0.23196769,1.3346684,0.8447339,0.0,1.0,-0.8660254,0.5,0.0
2022-10-26 00:00:00,4.0,-0.74001336,-1.6416165,-0.8130431,-0.5773073,-2.083073,-0.97659236,-0.44605723,-0.12076833,-1.4923999,-1.4441694,-1.2978544,-1.3322183,-0.11592499,0.024591243,0.21735072,0.90556926,0.022763304,0.32994527,0.7449144,0.26811725,0.051927663,-0.46947005,-1.7912314,0.58523494,0.95105654,0.309017,-0.8660254,0.5,0.0
2022-10-27 00:00:00,4.0,-0.12651086,0.18167034,-0.38233668,1.6169733,-1.355035,0.46173763,1.2001662,-0.31023127,-1.8195606,-1.7873901,-1.6048905,-1.7175138,-0.10352917,0.021885056,0.22947137,0.2707926,0.20619304,0.14770594,0.981794,0.21997438,0.0047007715,-0.48973903,-1.4251348,0.51556695,0.58778524,-0.809017,-0.8660254,0.5,0.0
2022-10-28 00:00:00,5.0,1.9057214,1.6455771,-1.1792095,-1.112488,1.7211945,1.3579378,0.24401407,0.1816487,-1.0416688,-1.4320037,-1.6389372,-0.34871083,0.82086354,1.0997514,0.5851576,0.8875199,0.52770054,0.81157243,1.0368174,1.3572434,0.89450705,0.28750864,1.4549541,-0.09362669,-0.58778524,-0.809017,-0.8660254,0.5,0.0
2022-10-31 00:00:00,5.0,-1.3051819,0.020748775,1.8539217,-0.6576329,-1.0092381,-1.162088,-1.2099054,-2.358204,-1.0162449,-1.3359946,-1.4891533,-0.44962916,0.01164766,0.21536979,0.54391295,0.12683952,0.26238784,0.48261076,0.5118083,0.5786041,0.13613641,-0.29336798,-1.1590652,-0.6609259,-0.95105654,0.309017,-0.8660254,0.5,0.0
2022-11-01 00:00:00,5.0,0.7210565,0.49451432,-0.40702403,0.81424636,1.5313807,-0.543164,0.42033178,0.25958896,-0.38871372,-0.9339188,-1.3405384,0.45112458,0.3840602,0.655315,0.60051966,0.21538955,0.88292015,0.35600293,0.7728661,1.0456221,0.42691243,-0.02844468,1.3931803,-1.1436176,0.0,1.0,-0.8660254,0.5,0.0
2022-11-02 00:00:00,5.0,0.67473596,0.9179433,-1.36845,0.862613,0.3351393,-0.319516,-0.07678851,-0.081409626,-0.4857147,-1.0250739,-1.5265619,0.40437922,0.7103495,1.0544494,0.7764905,0.8937531,1.4023126,0.1549123,0.8314538,1.2622938,0.7635983,0.28896916,0.4022974,-1.9181141,0.95105654,0.309017,-0.5,0.8660254,0.0
2022-11-03 00:00:00,5.0,-0.4222557,-0.026355697,-0.35328975,1.9787964,-0.40102664,-0.4780557,-0.3400769,-0.7198397,-0.80823904,-1.2041501,-1.6361707,-0.06221324,0.5119711,0.8194172,0.7928881,0.75840473,0.7981783,-0.10466824,0.5699079,0.8579663,0.5809674,0.1573698,-0.6249613,-1.5582374,0.58778524,-0.809017,-0.5,0.8660254,0.0
2022-11-04 00:00:00,5.0,0.9907694,1.2376155,-1.257251,-0.030462045,1.3491678,-0.059926175,0.0002365958,-0.50481814,-0.365899,-0.9252277,-1.5523846,0.60034335,0.9603049,1.35852,0.9222254,0.32712615,0.95616657,0.20103322,0.59922177,1.1952143,1.0285221,0.55327964,1.2563401,-1.6587873,-0.58778524,-0.809017,-0.5,0.8660254,0.0
2022-11-07 00:00:00,4.0,0.62090963,0.4985347,0.30035946,-0.0030046103,-0.10501678,0.4004504,-0.01801578,0.5789248,-0.68493795,-1.1529881,-1.7690928,0.26474518,1.2229457,1.6697723,1.1427296,1.2555035,1.0788027,0.12066714,0.80438924,1.238302,1.3734763,0.87972146,-0.36370227,-1.079101,-0.95105654,0.309017,-0.5,0.8660254,0.0
2022-11-08 00:00:00,5.0,0.06309383,0.9020649,-0.71823204,0.18923809,-0.82278055,-0.7339292,-0.64050364,-0.65982777,-1.1912595,-1.5041604,-2.003222,-0.40394938,1.2844645,1.7041082,1.2852929,0.9383209,0.911449,0.44192496,0.6149169,1.0407653,1.4444537,1.0170332,-0.9985188,-1.2664083,0.0,1.0,-0.5,0.8660254,0.0
2022-11-09 00:00:00,4.0,-2.0539942,-1.7363839,-0.27344516,-1.3438088,1.1163783,0.9329097,0.75749904,-0.9434214,-0.42856416,-0.79299605,-1.2342029,0.32634887,-0.12638363,0.20608456,0.7401386,-0.42682058,0.37959567,0.28411022,-0.0018953251,0.098366395,0.17681605,-0.043338887,1.1606271,-1.5420333,0.95105654,0.309017,-0.5,0.8660254,0.0
2022-11-10 00:00:00,5.0,-0.5666147,-1.2650992,0.26308933,-0.7868401,-1.1882397,1.5757663,0.121077165,0.06644758,-1.0968076,-1.2248473,-1.4856936,-0.6451512,-0.387961,-0.10545029,0.26820847,-0.50641006,0.20354176,0.29224825,0.041221425,-0.15864626,-0.12927458,-0.20614572,-1.512766,-1.2653843,0.58778524,-0.809017,-0.5,0.8660254,0.0
2022-11-11 00:00:00,5.0,-1.4865993,-0.5378856,2.2980764,-1.3192632,1.0294721,2.233012,0.24869585,-1.9394945,-0.3789562,-0.6119254,-0.8703973,0.11164135,-1.1437325,-1.0135007,-0.459101,-1.7112944,-1.1438049,-0.4229744,-0.39152625,-0.8259592,-0.95936704,-0.934604,1.1068553,-2.3447263,-0.58778524,-0.809017,-0.5,0.8660254,0.0
2022-11-14 00:00:00,5.0,0.8359153,0.38303393,0.5059762,0.21041305,-0.101801604,-0.30898774,-0.99280864,1.1327868,-0.48051712,-0.7368017,-1.0528727,0.108389474,-0.64512426,-0.496931,-0.6924878,-1.555039,-0.29257262,-0.015345308,-0.33525148,-0.42073727,-0.48738107,-0.52122694,-0.4472826,-2.4186397,-0.95105654,0.309017,-0.5,0.8660254,0.0
2022-11-15 00:00:00,4.0,0.17659764,0.4349113,-0.3495255,1.0430251,-0.16040996,-0.9294272,-0.61152524,-0.17353776,-0.72240615,-0.9174352,-1.1956371,-0.1902929,-0.49369547,-0.3427285,-0.7865873,-1.4759024,-0.50869083,0.29813343,-0.6972054,-0.346236,-0.41904515,-0.39120767,-0.48749393,-2.1422973,0.0,1.0,-0.5,0.8660254,0.0
2022-11-16 00:00:00,4.0,-0.48919538,-0.34626666,0.042755652,1.4867296,-0.87766534,-0.7453893,-0.050103463,-0.54291856,-1.2262342,-1.2637526,-1.3897218,-0.948499,-0.7243573,-0.60427874,-0.9796385,-0.7325591,-0.9898192,0.37198362,-1.0415641,-0.6638037,-0.76329935,-0.54100317,-1.3398869,-2.025005,0.95105654,0.309017,-0.5,0.8660254,0.0
2022-11-17 00:00:00,4.0,0.4619284,0.3248364,1.8213717,-1.0946567,-0.50627905,-0.10593469,0.32411426,0.60215557,-1.2544067,-1.3700672,-1.5259778,-0.8753995,-0.40577894,-0.28729302,-0.9252513,-0.24545126,-0.6356353,0.16717702,-0.9610413,-0.3924815,-0.50255185,-0.2724898,-0.98271704,-1.894636,0.58778524,-0.809017,-0.5,0.8660254,0.0
2022-11-18 00:00:00,4.0,-0.37793574,0.62850016,1.3532618,-1.2401226,-1.3266835,-0.07194881,-0.15664427,-1.0439464,-1.8553362,-1.8322318,-1.8330657,-1.7951378,-0.610941,-0.49888945,-1.0310007,0.314564,-1.2091491,-0.13246696,-1.4218035,-0.6861917,-0.78431517,-0.394621,-1.6209216,-1.7212902,-0.58778524,-0.809017,-0.5,0.8660254,0.0
2022-11-21 00:00:00,2.0,-0.3780496,-1.0664711,-0.73392326,0.6234384,1.2981274,-0.14579627,-0.2127681,1.0485847,-0.92982155,-1.2144157,-1.3825715,-0.3714156,-0.81605107,-0.7094456,-1.0420033,-0.30198872,-1.6142544,-0.35681027,-1.281418,-0.98098654,-1.0207436,-0.6725065,1.2925473,-1.7991867,-0.95105654,0.309017,-0.5,0.8660254,0.0
2022-11-22 00:00:00,5.0,-2.218463,-1.880287,-1.0801952,-0.9563907,2.013591,1.0883664,0.570321,-0.11525016,0.58356476,0.049516875,-0.26226145,1.309019,-2.1126065,-2.140368,-1.5029196,-1.5250405,-2.501531,-1.3440684,-2.0856187,-2.3602278,-2.268426,-1.8938707,1.4785172,-1.4919964,0.0,1.0,-0.5,0.8660254,0.0
2022-11-23 00:00:00,5.0,3.0,1.9424955,-1.5244954,-1.1978058,1.064882,0.7559333,-0.28859425,2.9962127,2.0725114,1.042046,0.08177267,3.0,0.0077873287,-0.017046368,-0.6826142,0.56473374,-0.16823341,0.19390038,-1.0037472,0.1942355,-0.052182388,-0.17143257,1.3795913,-0.7725886,0.95105654,0.309017,-0.5,0.8660254,0.0
2022-11-24 00:00:00,5.0,-0.5963171,-1.1022089,0.91259664,-1.2156538,0.6847009,0.16339706,-0.450378,0.47326747,1.818048,1.1836296,0.3567167,2.5540116,-0.3235055,-0.39054492,-0.41957828,-0.003339506,-0.21371438,-0.005432284,-0.8925866,-0.3152422,-0.43381488,-0.4728984,0.92924964,-0.7797791,0.58778524,-0.809017,-0.5,0.8660254,0.0
2022-11-25 00:00:00,5.0,-0.031138163,-0.6072968,-0.014565354,0.96340746,-1.110607,-1.7364719,-1.0660677,0.48856872,0.66336834,0.47335985,-0.06630636,1.1419073,-0.28598014,-0.35017985,-0.2672559,0.16918047,0.40078837,-0.7057647,-0.64419293,-0.27504352,-0.393568,-0.37371594,-1.4523526,-0.6441607,-0.58778524,-0.809017,-0.5,0.8660254,0.0
2022-11-28 00:00:00,5.0,0.43483523,1.0086654,0.39624006,-1.2067887,-0.40473688,-1.3151549,0.15991305,-0.2271902,0.080533475,0.05143219,-0.37223834,0.47226605,0.027699847,-0.022521537,-0.007056863,0.60778743,0.24789254,-0.04813814,-0.5281328,0.1234886,-0.08039861,-0.035863027,-0.56602955,-0.43559524,-0.95105654,0.309017,-0.5,0.8660254,0.0
2022-11-29 00:00:00,5.0,-0.58936256,0.64864755,-0.95398074,1.1167681,-0.58617693,-0.25426605,0.6378399,-1.7693579,0.079916544,0.11090819,-0.22915404,0.353354,-0.34254593,-0.41027597,0.008290581,1.4142752,-0.09647504,-0.57088274,-1.2756661,-0.35697415,-0.44529656,-0.37544113,-0.896629,-0.25452003,0.0,1.0,-0.5,0.8660254,0.0
2022-11-30 00:00:00,5.0,0.8877088,1.0442609,0.41355488,-1.2709371,-0.28914982,2.0108995,1.2156718,0.61765474,-0.10070387,-0.102543615,-0.45973262,0.26067752,0.25760028,0.20434386,0.27954176,0.05316875,0.5147633,-0.4603322,-1.3465639,0.45973012,0.21435268,0.21320099,-0.45986247,-0.23895338,0.95105654,0.309017,-0.5,0.8660254,0.0
2022-12-01 00:00:00,5.0,0.51689845,0.76072246,0.7422073,-1.0481638,-0.16840163,3.0,0.86618984,0.16912505,-0.46215346,-0.42442542,-0.7248409,-0.11206175,0.6068863,0.57815444,0.5984644,0.66951203,0.553639,-0.07245596,-0.71595985,0.8524184,0.61088437,0.6235463,-0.2755387,-0.16744761,0.58778524,-0.809017,-0.5,0.8660254,0.0
2022-12-02 00:00:00,5.0,-0.99832875,-1.2364122,-0.37700775,0.10195348,-0.6738512,-0.47270915,-1.3334513,-0.79163337,-0.654282,-0.5165167,-0.66647464,-0.48713243,-0.117752,-0.15443452,0.49435955,0.1507516,0.26736662,-0.89414763,-0.5907302,0.11769497,-0.018910604,0.020206789,-1.0749915,0.029867262,-0.58778524,-0.809017,-2.4492937e-16,1.0,0.0
2022-12-05 00:00:00,5.0,-1.0410887,-0.9871059,-1.0674906,1.3571706,0.082290746,-0.2174669,0.057677712,-0.8746821,-0.18299714,-0.12437364,-0.26924086,-0.037893236,-0.7988925,-0.87340885,0.098752216,-0.6546821,-0.05113957,-1.5644078,-1.0652559,-0.6169127,-0.6469541,-0.71734977,0.10097411,0.0029903671,-0.95105654,0.309017,-2.4492937e-16,1.0,0.0
2022-12-06 00:00:00,2.0,0.23306529,0.56981385,0.6523015,-0.49998787,0.06346124,-0.32284737,-0.2571562,-0.250827,-0.36358073,-0.3002954,-0.41459733,-0.2145184,-0.584586,-0.66194284,-0.085876465,-0.20572007,1.015522,-1.4656422,-1.2814318,-0.2310172,-0.35406953,-0.5620082,0.15161423,-0.10930656,0.0,1.0,-2.4492937e-16,1.0,0.0
2022-12-07 00:00:00,2.0,-1.0479058,-1.2533664,-0.5367956,0.18756711,0.29023948,0.40475783,0.46391264,-0.47910917,-0.25396433,-0.15375881,-0.18320413,-0.22561553,-1.2291363,-1.3509396,-0.50232476,-1.2445501,-1.0120146,-1.0993887,-1.8789678,-1.1478779,-1.0098664,-1.2869805,0.36379188,0.0993784,0.95105654,0.309017,-2.4492937e-16,1.0,0.0
2022-12-08 00:00:00,2.0,-1.2367464,-1.4630206,-0.11559676,-0.8025918,-0.30154032,-0.14844981,-0.5634864,-0.7924688,-0.25611997,-0.0710797,0.02892462,-0.40017065,-1.8611435,-2.0645692,-1.0999635,-2.1067634,-1.2806396,-1.4030231,-2.328374,-1.9750677,-1.7484735,-2.1185565,-0.6387105,0.07235554,0.58778524,-0.809017,-2.4492937e-16,1.0,0.0
2022-12-09 00:00:00,2.0,-0.009072995,-0.8329447,1.5231853,-1.1966141,-0.30284843,-0.5504281,-0.57021856,0.9569233,-0.5290153,-0.31684554,-0.15194531,-0.69868547,-1.7835087,-1.9707043,-1.4230564,-1.5862665,-1.2605597,-0.8271758,-2.2181587,-1.7789857,-1.6809251,-2.1214,-0.775027,1.1647453,-0.58778524,-0.809017,-2.4492937e-16,1.0,0.0
2022-12-12 00:00:00,2.0,-0.24604547,-0.24861479,-0.16564165,1.8739697,-0.25565407,0.59016603,0.9859003,-0.2117512,-0.6852637,-0.4726551,-0.25047973,-0.8767494,-1.8249562,-2.007457,-1.6056195,-1.1735203,-1.54214,-1.2580894,-1.9650298,-1.6864634,-1.7301913,-2.2372434,-0.6362703,1.0501406,-0.95105654,0.309017,-2.4492937e-16,1.0,0.0
2022-12-13 00:00:00,4.0,-0.0022850304,0.3996262,0.27758315,0.33812243,-0.7178927,-0.5368874,-1.0656471,-0.37020543,-1.0549085,-0.8225446,-0.52626497,-1.2784276,-1.7318413,-1.8967975,-1.6543442,-1.2736657,-1.264445,-1.3084888,-1.7096804,-1.4673988,-1.6343579,-2.1694674,-1.1621778,1.0629567,0.0,1.0,-2.4492937e-16,1.0,0.0
2022-12-14 00:00:00,1.0,1.0024933,0.99447745,-0.6498494,-0.054611955,-0.60235655,-0.73659,-0.42374074,1.0501226,-1.175985,-1.0904133,-0.88326657,-1.2151988,-0.8964898,-1.1742696,-1.2648417,-0.24604376,-1.2056597,-0.6956247,-1.3424658,-0.73626465,-0.86512995,-1.4014863,-0.90353,1.1481317,0.95105654,0.309017,-2.4492937e-16,1.0,0.0
2022-12-15 00:00:00,1.0,-0.20014296,-0.39887822,1.6669813,-0.07804914,-0.9263446,-0.57087123,0.0082798945,-0.0041260184,-1.492315,-1.3924407,-1.1196326,-1.5902673,-0.9809677,-1.2430135,-1.037536,0.27636164,-1.4845986,-0.94943994,-1.4550918,-0.77994496,-0.94692564,-1.5040365,-1.2744951,1.2104592,0.58778524,-0.809017,-2.4492937e-16,1.0,0.0
2022-12-16 00:00:00,4.0,-0.44306213,-0.9203872,0.8699967,-0.53696144,-1.1761965,-0.42911002,-0.023273982,-0.10458657,-1.7621198,-1.6597899,-1.3210399,-1.9271352,-1.2224336,-1.4631511,-0.970789,0.05688192,-1.2465112,-0.985064,-1.6185654,-0.958854,-1.216646,-1.7968218,-1.4516916,1.1166058,-0.58778524,-0.809017,-2.4492937e-16,1.0,0.0
2022-12-19 00:00:00,4.0,-1.368759,-2.0356045,-1.0319924,-1.2234764,0.65474135,3.0,3.0,0.3624694,-1.1931638,-1.2311435,-0.92657226,-1.194048,-1.903304,-2.1251013,-1.170722,-0.4722419,-1.3336717,-1.3713084,-1.0412815,-1.5685081,-1.9650307,-2.5037735,0.833086,1.1908284,-0.95105654,0.309017,-2.4492937e-16,1.0,0.0
2022-12-20 00:00:00,4.0,1.3169135,1.0859333,-0.18102099,-0.6628203,0.99759984,-0.6584815,-1.7033747,1.0048083,-0.6777041,-1.012533,-0.98016095,-0.26288897,-0.9426125,-1.3030896,-0.80112773,0.1718472,-0.9165693,-0.0013631864,-0.52026176,-0.90593576,-1.0315826,-1.5141357,0.8177671,1.0204645,0.0,1.0,-2.4492937e-16,1.0,0.0
2022-12-21 00:00:00,4.0,0.027031483,0.988625,0.099793814,-0.7140495,-0.34002063,-0.48757866,0.055607237,-1.0423311,-0.9132816,-1.1911596,-1.1501529,-0.51798314,-0.89401263,-1.2433815,-0.5485895,-0.34702882,-0.48275277,-1.4379634,-0.5181173,-0.81164205,-0.91032237,-1.4523134,-0.6329389,0.68659157,0.95105654,0.309017,-2.4492937e-16,1.0,0.0
2022-12-22 00:00:00,4.0,1.4079844,1.6962157,-1.3671402,-0.9367639,2.4135957,-0.4662231,-0.20372355,-0.060400452,-0.5586134,-1.069878,-1.2769647,0.18633622,0.058759075,-0.39537105,0.1390356,0.48726246,0.62302154,-0.59862447,-0.26964882,0.13506085,0.13314165,-0.5226868,1.0703,1.0255594,0.58778524,-0.809017,-2.4492937e-16,1.0,0.0
2022-12-23 00:00:00,4.0,-0.3438493,-1.1739024,0.117809266,-0.4134002,-1.0637908,0.25796196,1.2433654,0.57401764,-1.0095098,-1.3592106,-1.4757532,-0.40507907,-0.1425027,-0.5690953,0.5032624,0.5656762,0.49754506,-0.729944,-0.18404216,-0.030225558,-0.030803738,-0.7098328,-0.95728815,1.0114801,-0.58778524,-0.809017,-2.4492937e-16,1.0,0.0
2022-12-28 00:00:00,4.0,0.023521142,1.3522667,-1.5304403,-0.0361052,-2.2592266,0.33979982,-0.047054783,-0.6590478,-1.870661,-2.0266035,-2.0109856,-1.4690257,-0.08645405,-0.5156359,0.80863184,1.2719295,0.62533504,-0.9129785,-0.1739076,0.076161854,0.10564643,-0.6530772,-1.5376997,0.9894593,-0.95105654,0.309017,-2.4492937e-16,1.0,0.0
2022-12-29 00:00:00,4.0,0.101212636,-1.3126985,-0.673588,-0.03096004,1.1703156,0.2659601,-0.22538197,2.1326804,-1.3668703,-1.7465688,-1.8884783,-0.7209002,0.03062858,-0.4094674,0.99090827,0.64037085,0.6700215,-0.6169448,-0.46895763,0.20772049,0.23276073,-0.5823908,0.75983906,0.8617424,0.58778524,-0.809017,-2.4492937e-16,1.0,1.0
2022-12-30 00:00:00,4.0,-0.012114251,1.4816428,-1.4256754,-0.36908096,-0.82272893,-1.0403926,-1.5504808,-1.4044896,-1.6650964,-1.9901206,-2.0977168,-1.0771588,0.06830149,-0.37167674,1.1124042,0.6279339,0.21421972,-1.0100642,-0.86271524,0.32657197,0.33837765,-0.5844371,-1.0195493,0.87048286,-0.58778524,-0.809017,-2.4492937e-16,1.0,1.0
2023-01-03 00:00:00,4.0,-0.744652,-1.3653233,0.2570679,-1.1542838,-1.54405,-1.0484682,-0.535377,-0.4702514,-2.1003332,-2.29906,-2.27533,-1.7222822,-0.52518106,-0.83418304,0.92838115,-0.517008,-0.0066405144,-1.5060297,-1.2290921,-0.052204978,-0.090129524,-1.0971495,-1.4048843,0.69170636,-0.95105654,0.309017,-2.4492937e-16,1.0,1.0
2023-01-04 00:00:00,2.0,0.9732384,0.13042232,2.500106,-1.123568,1.9744365,-0.07670742,3.0,1.5703108,-0.19671649,-1.0325468,-1.5313759,0.9280495,0.26153564,-0.18663007,0.9653674,0.18995376,0.60042083,-0.6951761,-0.9142039,0.9659687,0.64055085,-0.4282306,1.3257267,0.7008914,0.95105654,0.309017,0.5,0.8660254,0.0
2023-01-05 00:00:00,2.0,-2.0662487,-1.5343773,-0.69120246,-0.75480247,0.35507122,0.1725844,0.109867446,-1.9937853,1.0451555,0.17712608,-0.3996951,1.8597124,-1.2650474,-1.497473,0.3586714,-1.022142,0.28565454,-1.1037614,-1.7922075,-0.93912554,-0.7643065,-1.6542693,0.29328856,0.26455837,0.58778524,-0.809017,0.5,0.8660254,0.0
2023-01-06 00:00:00,4.0,0.68968594,0.738921,-0.13984223,0.29455572,-0.31193674,-0.5069952,-0.91296434,0.56099975,0.1942345,-0.35848203,-0.83455783,0.92998314,-0.7125217,-1.0249954,0.22604257,-0.6855143,0.020649036,-0.911939,-1.3241032,-0.15594846,-0.21772884,-1.2111953,-0.56083566,0.2656116,-0.58778524,-0.809017,0.5,0.8660254,0.0
2023-01-09 00:00:00,4.0,0.58543366,0.8111392,0.9482394,-1.1217594,-1.155658,0.11277186,0.8635059,0.6098333,-0.48975846,-0.8555436,-1.256559,0.19167845,-0.26200414,-0.6316185,0.33336923,-0.3368099,0.271794,-0.23825489,-0.72866625,0.4770063,0.23863052,-0.8247319,-1.264519,0.27938682,-0.95105654,0.309017,0.5,0.8660254,0.0
2023-01-10 00:00:00,4.0,0.20671865,0.1801584,1.9204792,-0.6422477,-0.33694288,-0.3637844,-0.734211,0.24488309,-0.95399696,-1.2188284,-1.5552315,-0.33566776,-0.08041427,-0.46771768,0.480742,0.208295,-0.27176026,0.3724288,-0.4933074,0.63996804,0.3829767,-0.6638555,-0.6829129,0.30213824,0.0,1.0,0.5,0.8660254,0.0
2023-01-11 00:00:00,4.0,-0.53934926,-0.22138488,2.101694,-0.4408004,-0.28259665,-0.020050326,0.3545265,-0.8140023,-1.2333444,-1.4194198,-1.6526817,-0.7293247,-0.456715,-0.77357167,0.39243045,-0.6647854,-0.36185923,0.15871932,-0.97299707,0.06849949,-0.036921225,-0.96323067,-0.6570349,0.2597221,0.95105654,0.309017,0.5,0.8660254,0.0
2023-01-12 00:00:00,4.0,0.3670464,0.33712927,0.16244781,0.83434296,-0.62480927,-0.45780414,-0.767892,0.4668843,-1.6826556,-1.8519938,-2.046218,-1.2245129,-0.1435298,-0.50842917,0.47059637,0.77493733,-0.20877898,0.41259506,-0.6881932,0.42145866,0.23624687,-0.6803405,-1.0742458,0.3027341,0.58778524,-0.809017,0.5,0.8660254,0.0
2023-01-13 00:00:00,4.0,0.69603705,0.73594505,-0.57588154,0.6024295,-0.22241092,-0.38343084,-0.103857204,0.6829733,-1.8501973,-2.1189916,-2.3775544,-1.3104483,0.3904566,-0.051149733,0.7753589,0.7742561,0.06230928,0.69432276,-0.19362548,1.0866488,0.7735063,-0.13763446,-0.7102875,0.38945338,-0.58778524,-0.809017,0.5,0.8660254,0.0
2023-01-16 00:00:00,4.0,-0.15806614,0.48100153,0.9251454,-0.5646136,-1.2854913,-0.27382192,-0.003045654,-0.39168647,-2.4162261,-2.6258035,-2.7980106,-2.09085,0.30294347,-0.115421265,0.94407916,0.33715698,-0.0041336585,0.20176351,-0.02400016,0.84236133,0.6999295,-0.15647726,-1.2904998,0.28891703,-0.95105654,0.309017,0.5,0.8660254,0.0
2023-01-17 00:00:00,4.0,-0.4575182,-1.3109457,-0.18941015,-0.46371326,-0.14881684,-0.6060419,-0.7276145,0.3642506,-2.229234,-2.5360312,-2.7316093,-1.8443229,-0.063771,-0.39234948,0.81218606,-0.0502427,0.12526488,0.10475588,-0.547272,0.34978122,0.27577034,-0.45647538,-0.6585197,0.24232243,0.0,1.0,0.5,0.8660254,0.0
2023-01-18 00:00:00,4.0,0.39252684,0.7603572,-0.15631717,0.047544096,0.30102387,-0.19150148,0.7044658,-0.09663118,-1.9182408,-2.3603885,-2.660494,-1.3331906,0.28294274,-0.10798925,0.83901256,0.49287018,-0.14096418,0.45300138,-0.6151207,0.69754976,0.5737638,-0.0907112,0.22311777,0.013200741,0.95105654,0.309017,0.5,0.8660254,0.0
2023-01-19 00:00:00,1.0,0.1420392,1.0872647,-0.052534435,-0.937277,0.40749875,0.25599092,0.0043992447,-0.98661816,-1.657804,-2.165986,-2.5210276,-0.9234238,0.43455195,0.020170635,0.8720002,0.35975194,0.88777953,1.0614777,-0.6747741,0.9509263,0.5708982,0.07899217,0.32077625,-0.38916963,0.58778524,-0.809017,0.5,0.8660254,0.0
2023-01-20 00:00:00,1.0,-1.3900752,-0.98324746,-0.4309769,0.7046328,0.27466306,-0.13456444,-0.4112477,-1.6362996,-0.7528396,-1.4038221,-1.8314438,0.23710644,-0.7954594,-0.9359617,0.3001724,-0.869024,-0.065919995,-0.040659815,-1.3641708,-0.93956554,-0.69100416,-0.90531975,0.06373301,0.23841849,-0.58778524,-0.809017,0.5,0.8660254,0.0
2023-01-23 00:00:00,4.0,0.11891407,-1.1572896,0.06322821,-0.35255164,-0.08382952,0.3235221,0.09933628,1.3481019,-1.0102277,-1.5365202,-1.9226971,-0.12545957,-0.649772,-0.8159951,0.012905589,-0.7144725,-0.28253615,-0.002727623,-1.089328,-0.8450827,-0.6017417,-0.76772815,-0.7119786,0.25290906,-0.95105654,0.309017,0.5,0.8660254,0.0
2023-01-24 00:00:00,1.0,0.56663615,1.2225436,-0.5532901,-0.7421466,-0.2504315,-0.81662697,-0.8262533,0.06384135,-1.3137213,-1.7449389,-2.1004753,-0.5110791,-0.11289767,-0.3991413,0.046163727,-0.10594701,-0.120214805,-0.3736882,-0.8702033,0.10889993,-0.06312938,-0.30267698,-0.89252734,-0.00085627387,0.0,1.0,0.5,0.8660254,0.0
2023-01-25 00:00:00,1.0,-0.67493165,-1.6347669,-1.5404834,0.17953978,1.0349048,1.2688984,1.5258989,0.7399732,-1.0203696,-1.4810939,-1.841835,-0.13883905,-0.68400455,-0.8483455,-0.17965932,-0.7418704,-0.17424296,-0.52741265,-1.7943821,-0.9014917,-0.6242551,-0.7888121,0.68028265,-0.036025777,0.95105654,0.309017,0.5,0.8660254,0.0
2023-01-26 00:00:00,1.0,-0.07309416,-0.24410532,-0.22614107,2.3740969,0.42544842,-0.0925018,-0.79565346,0.104592554,-0.9944283,-1.4285383,-1.784713,-0.11343664,-0.7177886,-0.86651045,-0.33593616,-0.8666608,-0.3793746,-0.5859723,-1.3706728,-0.92515695,-0.6383314,-0.8050096,0.18017055,-0.04425471,0.58778524,-0.809017,0.5,0.8660254,0.0
2023-01-27 00:00:00,1.0,1.171991,1.5428344,-1.2973878,-0.6543643,0.53088766,0.67326117,0.1211989,0.43277588,-0.9916254,-1.4555107,-1.8748918,0.026823647,0.3519615,-0.043740205,0.031408753,0.6619554,-0.18098672,-0.115008734,-1.2277561,0.8643246,0.40832815,0.07043208,0.15208745,0.23061511,-0.58778524,-0.809017,0.5,0.8660254,0.0
2023-01-30 00:00:00,1.0,0.6201871,0.14642029,1.1292661,0.39146766,1.6757165,0.5394516,-0.22317143,0.88404995,-0.6750639,-1.2294371,-1.736765,0.572447,0.88699234,0.40573528,0.49835917,0.96394986,0.18747808,0.17694275,-1.2842585,1.6040747,0.9177763,0.5038377,1.4411647,0.21530198,-0.95105654,0.309017,0.5,0.8660254,0.0
2023-01-31 00:00:00,1.0,0.31905666,0.69924265,0.3795091,-0.29351154,0.58950335,-0.17358847,-0.41052553,-0.2958434,-0.7102893,-1.2133425,-1.7120113,0.51520187,1.1768804,0.6675198,0.89815205,0.8135505,0.5793813,0.6848055,-1.0324308,1.7224696,1.1413649,0.7560777,0.5590004,-0.017509367,0.0,1.0,0.5,0.8660254,0.0
2023-02-01 00:00:00,1.0,-0.38384554,-0.2810366,-1.2653943,3.0,-0.2587595,-0.8489916,-0.4717208,-0.51541257,-0.69899577,-1.1408758,-1.6028471,0.44987738,0.78752536,0.38801008,0.9709037,0.9900685,0.20121977,0.03678375,-1.6069905,1.1507844,0.81155294,0.49163553,-0.7445577,0.0034312399,0.95105654,0.309017,0.5,0.8660254,0.0
2023-02-02 00:00:00,4.0,0.45919836,0.18092819,0.3787248,1.1468443,0.8869525,1.3572478,0.70622545,0.5914405,-0.75132555,-1.1590884,-1.6130799,0.39174893,1.2890007,0.8222022,1.1590966,1.3286656,0.372837,1.3148477,-1.7471815,1.6248776,1.166053,0.88627404,0.54208827,0.4478854,0.58778524,-0.809017,0.8660254,0.5,0.0
2023-02-03 00:00:00,1.0,-1.6166587,-1.7958443,-1.2273741,-0.9342542,2.5341904,2.0560548,0.10801503,-0.1586104,-0.12072482,-0.61790276,-1.1193917,1.0740281,-0.6192764,-0.7567772,0.56036794,-0.38524732,0.28092095,0.18115316,-2.5005713,-0.6991146,-0.4941786,-0.51802206,1.7223945,0.1091126,-0.58778524,-0.809017,0.8660254,0.5,0.0
2023-02-06 00:00:00,1.0,0.9102238,0.9819509,0.35105112,-0.9266756,2.3097608,-0.061513312,-0.75709563,-0.1785069,0.2666338,-0.3348064,-0.9637425,1.6071045,0.35481483,0.096766666,0.49779925,-0.21315707,0.7147767,0.33208737,-1.2376232,0.5390188,0.35543182,0.23395179,1.8324655,-0.5853018,-0.95105654,0.309017,0.8660254,0.5,0.0
2023-02-07 00:00:00,5.0,-0.9541722,-1.5899432,-1.520481,0.07387984,1.3529756,0.41982383,-0.010201208,0.6290803,0.47604492,-0.051435973,-0.67265844,1.6026181,-0.65098214,-0.82925034,0.0861338,-0.99035615,-0.1390542,-0.2767864,-1.4300532,-0.82834834,-0.5328067,-0.51390666,1.5854458,-0.306543,0.0,1.0,0.8660254,0.5,0.0
2023-02-08 00:00:00,5.0,3.0,1.3732065,-1.4919971,0.04172514,3.0,3.0,2.583155,3.0,2.750816,1.4926494,0.11221441,3.0,2.6465368,2.6758697,1.207532,1.982317,2.6072688,2.3052685,1.2637185,3.0,2.5983121,2.2423906,2.0823524,0.40243298,0.95105654,0.309017,0.8660254,0.5,0.0
2023-02-09 00:00:00,5.0,1.5601699,0.4160643,-1.0176605,2.064213,1.2415864,1.7336128,-0.6321817,2.2488427,2.3433232,1.4633983,0.117845014,3.0,3.0,3.0,2.1974983,2.6869688,3.0,2.851251,1.6841553,2.706454,3.0,3.0,1.8705426,-0.06886908,0.58778524,-0.809017,0.8660254,0.5,0.0
2023-02-10 00:00:00,5.0,1.0765587,1.5960264,-1.4129586,-0.6980053,0.35683778,1.847205,0.02734056,-0.13157779,1.6396031,1.1293864,-0.061625175,2.3819861,3.0,3.0,2.9198403,3.0,3.0,2.937961,2.1026268,2.24197,3.0,3.0,1.3609573,-0.3219673,-0.58778524,-0.809017,0.8660254,0.5,0.0
2023-02-13 00:00:00,5.0,1.1742896,0.65163136,0.21064429,0.010843417,2.1527646,1.8808341,0.026897373,0.25294378,2.3629994,1.8063223,0.46719965,2.8167267,3.0,3.0,3.0,3.0,3.0,3.0,2.7303917,1.9595332,3.0,3.0,1.8401681,-0.33963487,-0.95105654,0.309017,0.8660254,0.5,0.0
2023-02-14 00:00:00,5.0,-0.35927933,-0.6493812,-1.0169809,2.1490018,-0.61874557,0.5649366,-0.7503857,-0.09854766,1.3495114,1.257823,0.2543234,1.6547306,2.8150516,3.0,3.0,3.0,2.6191914,3.0,2.266265,1.4420961,2.8911605,3.0,-0.3351071,-0.48811123,0.0,1.0,0.8660254,0.5,0.0
2023-02-15 00:00:00,5.0,0.11215992,0.28799295,1.1219581,0.055820357,-0.58609825,0.6131202,-0.13757718,0.013264778,0.59534144,0.7523206,-0.017550344,0.85343945,2.662286,2.9444225,2.9694211,1.646097,2.6560295,2.8006606,2.345392,1.2073438,2.7617922,3.0,-0.24713136,-0.54415494,0.95105654,0.309017,0.8660254,0.5,0.0
2023-02-16 00:00:00,5.0,-0.17314556,-0.6411047,0.551685,0.43710285,-0.76107174,0.47741857,-0.26410726,0.23058602,-0.0672197,0.26317498,-0.2875261,0.13370389,2.4455442,2.6853945,2.7198958,0.84647065,2.3382273,2.5252216,2.2966645,0.9734266,2.5447035,2.8942642,-1.0643708,-0.71022075,0.58778524,-0.809017,0.8660254,0.5,0.0
2023-02-17 00:00:00,4.0,0.5495646,0.6773131,-1.3732604,1.6151403,0.43124098,-0.5144135,-0.8269631,0.00033671525,0.13288954,0.33555627,-0.23867036,0.3749815,2.4853246,2.7090561,2.3755713,0.6054144,2.995356,2.9846773,3.0,0.95240736,2.493123,2.83573,1.6849116,-1.3759247,-0.58778524,-0.809017,0.8660254,0.5,0.0
2023-02-20 00:00:00,4.0,-0.91395867,-1.081952,-1.0842865,1.0329986,-0.70142704,-0.15713952,0.17075048,-0.75480205,-0.014622993,0.26437265,-0.18483348,0.12956642,1.8074703,2.1027625,1.8971357,-0.32950965,2.2733543,2.505814,1.5233295,0.6452609,1.8725369,2.3683207,-0.4666665,-1.125483,-0.95105654,0.309017,0.8660254,0.5,0.0
2023-02-21 00:00:00,4.0,-0.31335342,-0.08663046,1.5243118,0.45375866,-0.9535045,-1.2310482,-1.1021833,-0.40647107,-0.65144485,-0.22545385,-0.4888019,-0.53163403,1.6146142,1.9053009,1.4847558,-0.29006436,2.3525012,2.1457124,1.5999892,0.49550056,1.6798981,2.2915874,-1.1896316,-1.1475698,0.0,1.0,0.8660254,0.5,0.0
2023-02-22 00:00:00,4.0,-0.93649894,-1.2797233,0.14482953,-0.8438164,-0.35232627,-0.18124688,1.8868752,-0.3335741,-0.67245495,-0.27470356,-0.44211903,-0.5869184,1.0255191,1.3984932,0.81527066,-0.731208,0.69803,1.9904546,1.2888287,0.24010885,1.0712765,1.8531036,0.6080022,-0.5642201,0.95105654,0.309017,0.8660254,0.5,0.0
2023-02-23 00:00:00,4.0,-1.2223954,-1.1416982,-0.31580406,-0.0701476,0.08769113,0.050385304,-0.0075877146,-0.6798567,-0.3038028,-0.0052839173,-0.14281066,-0.28437313,0.33682054,0.79859984,-0.023409577,-1.1523111,-0.23515539,1.6167014,0.73656327,-0.06501855,0.29700607,1.2625939,1.4960991,-0.55755514,0.58778524,-0.809017,0.8660254,0.5,0.0
2023-02-24 00:00:00,4.0,0.6733672,1.0690802,-0.20090565,-0.56517327,0.40887988,-0.17154019,-0.35006595,-0.61045635,0.110443674,0.21298906,-0.04129853,0.18251318,0.6275728,1.0333766,-0.42577195,-1.1145885,-0.3989243,1.4658457,1.1471369,0.048674837,0.47801015,1.3832163,1.7074008,-0.71914726,-0.58778524,-0.809017,0.8660254,0.5,0.0
2023-02-27 00:00:00,4.0,0.22540328,-0.34062725,1.135289,0.40101266,-0.7484876,-0.67814946,-0.56633246,0.8826805,-0.33578077,-0.1565851,-0.31160146,-0.22558846,0.7403335,1.1159805,-0.65847075,-0.645173,-0.741068,1.3441575,0.91246915,0.0706414,0.5195527,1.4936682,-0.5552793,-0.75957155,-0.95105654,0.309017,0.8660254,0.5,0.0
2023-02-28 00:00:00,4.0,0.7089813,1.0658708,0.050887495,-0.8229392,-0.87625194,-0.6950098,-0.19031246,0.75636196,-0.57847875,-0.4420933,-0.5827514,-0.38599887,1.0216091,1.3430035,-0.65051454,-0.2257035,-0.3896593,1.4298869,0.96355206,0.21409407,0.7874529,1.7450109,-1.0921003,-0.72001624,0.0,1.0,0.8660254,0.5,0.0
2023-03-01 00:00:00,4.0,-0.8997754,-1.3165009,0.16531056,-1.1663059,-0.3056008,1.968521,2.2947109,-0.12042016,-0.528704,-0.40430883,-0.4823343,-0.38410923,0.5153908,0.91800946,-0.87746567,-0.2125382,-0.7094227,1.2712897,0.9994669,-0.04638309,0.20605056,1.3465658,0.786091,-0.33296877,0.95105654,0.309017,0.8660254,0.5,0.0
2023-03-02 00:00:00,4.0,-0.14975227,-0.7298644,1.441757,-1.031252,-0.49362797,0.76056737,-0.5931508,0.59602296,-0.67101634,-0.56623286,-0.60417694,-0.5100745,0.4857929,0.8820994,-1.0652974,0.2336168,-0.6925594,1.1170404,1.2777507,-0.121816985,0.0403485,1.2682555,0.3916273,-0.31376043,0.58778524,-0.809017,1.0,6.123234e-17,0.0
2023-03-03 00:00:00,4.0,0.9749983,1.1805222,-0.54575324,-0.4699283,0.012923005,-0.009236905,-0.5507313,0.26342088,-0.50146323,-0.5569969,-0.7149637,-0.2263614,0.8955992,1.1995567,-0.90147626,0.3551607,-0.57397604,1.7594751,1.4788288,0.1474914,0.39153704,1.5362642,1.2027922,1.0955904,-0.58778524,-0.809017,1.0,6.123234e-17,0.0
2023-03-06 00:00:00,4.0,-0.7560451,-0.663831,-1.2231073,2.2234554,0.71385634,-1.3557581,-0.9821288,-0.15372275,0.29291472,0.107237786,-0.16046311,0.4812832,0.48515877,0.8651187,-0.93572694,-0.047277797,-0.5271057,1.3300256,1.5517055,-0.13685094,-0.16760094,1.0695031,1.6460725,0.44084743,-0.95105654,0.309017,1.0,6.123234e-17,0.0
2023-03-07 00:00:00,4.0,0.24754485,1.5928478,-1.0677025,-1.1019738,-0.57510513,-1.2059776,-0.069651075,-1.0738295,-0.17155465,-0.24830769,-0.45099163,0.040544145,0.6289758,0.9662302,-0.9461539,-0.25115106,-0.35797656,1.6094143,1.9647603,0.052801065,-0.17359808,1.1934544,-0.093141854,0.2754485,0.0,1.0,1.0,6.123234e-17,0.0
2023-03-08 00:00:00,4.0,-0.27439448,-0.602384,0.18117993,0.95108783,-0.6658851,-1.2526329,-0.42289075,0.13063894,-0.580487,-0.5817028,-0.7031727,-0.37850168,0.53958315,0.88784707,-1.0236549,0.02186037,-0.14925447,0.44858307,1.8517162,-0.066786185,-0.35205114,1.1464735,-0.5802586,-1.3809098,0.95105654,0.309017,1.0,6.123234e-17,0.0
2023-03-09 00:00:00,4.0,-0.19514523,-0.14841683,2.397978,-0.4330468,-0.8105346,0.5675093,2.1103222,-0.1315817,-1.0312043,-1.0061153,-1.0760703,-0.8328648,0.5064734,0.85307026,-1.13453,0.003679519,0.18696061,-0.044060178,1.8316811,-0.17329559,-0.44948566,1.1545851,-1.1524633,-0.63252544,0.58778524,-0.809017,1.0,6.123234e-17,0.0
2023-03-10 00:00:00,4.0,-0.32839525,-0.45820022,-0.2263032,1.7856344,-0.5410487,-0.6386167,-0.8381368,-0.12039011,-1.2014974,-1.2234027,-1.2990197,-1.0009539,0.36369294,0.74564034,-1.2766205,-0.5845309,-0.13977735,-0.44630954,1.7086225,-0.4776446,-0.601344,1.067421,-0.7272578,0.056245495,-0.58778524,-0.809017,1.0,6.123234e-17,0.0
2023-03-13 00:00:00,5.0,-0.972404,0.42053092,-0.48338208,1.4346653,-0.52660227,-0.6168126,-0.2690304,-2.1805778,-0.64469045,-0.78007984,-0.88126594,-0.42719233,-0.29035294,0.2828812,-1.515428,-0.6737732,-0.5333856,-1.044627,1.1461264,-1.5549265,-1.0744351,0.5817008,-0.33053675,0.29988644,-0.95105654,0.309017,1.0,6.123234e-17,0.0
2023-03-14 00:00:00,5.0,-2.8038683,-1.4543003,-1.2446765,0.14803916,2.6135669,-0.0010979832,0.23633291,-1.0715505,1.9922066,1.6749575,1.6344818,1.7102131,-1.8329641,-1.0257081,-1.9363601,-2.039424,-1.7437931,-1.6896499,0.40068787,-3.0,-2.172514,-0.6455544,1.6750001,-0.12866236,0.0,1.0,1.0,6.123234e-17,0.0
2023-03-15 00:00:00,5.0,0.7362257,0.65319633,-0.6961026,1.060295,1.1008328,-0.28705314,-0.41934448,-0.16306964,2.157745,1.9833009,1.93058,1.7996321,-1.3189347,-0.6954925,-1.9943233,-1.5518451,-1.193713,-1.5078043,0.7443709,-2.1793437,-1.6173985,-0.44494215,1.4627538,0.58143,0.95105654,0.309017,1.0,6.123234e-17,0.0
2023-03-16 00:00:00,2.0,-3.0,-1.9080606,-1.2220124,-1.0517039,2.334384,0.6209508,0.42866957,-0.85076845,3.0,3.0,3.0,3.0,-2.7625628,-2.2716262,-2.307847,-3.0,-2.6852472,-2.6202939,-0.2634259,-3.0,-2.7723145,-1.6534497,1.5788083,0.51385427,0.58778524,-0.809017,1.0,6.123234e-17,0.0
2023-03-17 00:00:00,2.0,-0.4471361,-1.171196,-1.1589447,0.7840993,1.1087047,0.8791444,-0.02789552,2.8176587,3.0,3.0,3.0,2.7710545,-2.6873057,-2.295858,-2.4421122,-3.0,-2.9529178,-2.7139475,-0.77048117,-2.4698343,-2.4894378,-1.6778997,1.4413214,0.82592577,-0.58778524,-0.809017,1.0,6.123234e-17,0.0
2023-03-20 00:00:00,2.0,-0.26416808,-0.6885611,1.0766125,-0.5955029,0.797923,3.0,2.3617902,1.4020308,3.0,3.0,3.0,2.3859234,-2.5787408,-2.2615385,-2.3746567,-2.6700678,-2.6574101,-2.4676363,-0.8605427,-2.0473025,-2.2523463,-1.6678808,1.2429314,0.76439905,-0.95105654,0.309017,1.0,6.123234e-17,0.0
2023-03-21 00:00:00,2.0,0.67838264,1.046895,-0.31622386,-0.24218634,0.59062445,-0.5115301,-1.402275,-1.8126458,3.0,3.0,3.0,1.995853,-2.0879974,-1.8973373,-2.1081076,-1.3966712,-2.373187,-2.1369903,-1.0159155,-1.5885875,-1.8268384,-1.4629991,1.1790593,1.1017853,0.0,1.0,1.0,6.123234e-17,0.0
2023-03-22 00:00:00,2.0,1.4966483,1.0519886,-0.077673756,-0.6205245,-0.01917651,-0.68154204,-0.47417042,0.95837086,2.5329711,2.9909446,3.0,1.5293465,-1.3037658,-1.2780436,-1.6867853,-1.0400261,-1.7650344,-1.5225778,-0.4245435,-1.0737847,-1.2793204,-1.1164594,0.9451178,1.674433,0.95105654,0.309017,1.0,6.123234e-17,0.0
2023-03-23 00:00:00,2.0,0.051964484,0.70535105,0.1703045,0.04888171,-0.7007776,-0.072341286,0.75264657,-0.7759812,1.694049,2.3408,2.7057896,0.7117258,-1.2287841,-1.2169727,-1.4145745,0.60421544,-1.6597831,-1.240237,-0.41344053,-0.9673879,-1.2277043,-1.1133124,0.11204613,1.4378016,0.58778524,-0.809017,1.0,6.123234e-17,0.0
2023-03-24 00:00:00,2.0,-0.5548321,-1.37912,-0.956339,-0.04708994,-0.79479843,-0.7583451,-0.91630954,0.0034452253,1.0522785,1.8445071,2.3358657,0.002407096,-1.361454,-1.3535129,-1.2519885,0.55827194,-1.708606,-1.4959539,-0.6232257,-0.9999808,-1.3551322,-1.2607229,-0.48975644,1.314383,-0.58778524,-0.809017,1.0,6.123234e-17,0.0
2023-03-27 00:00:00,2.0,-1.1604947,-0.8519292,-1.2561885,1.5760599,0.2591085,-0.6990737,-0.108095355,-0.65912956,1.4527087,2.1034431,2.5728946,0.31185296,-1.643008,-1.6479511,-1.1138169,0.19244024,-1.7803445,-1.7915835,-1.0017734,-1.141091,-1.528002,-1.4858642,1.0709534,1.3751688,-0.95105654,0.309017,1.0,6.123234e-17,1.0
2023-03-28 00:00:00,2.0,0.90266764,-0.16100216,-0.35342637,2.2712667,-0.39992929,-0.74946487,-0.31014803,2.1837504,1.0972754,1.7402929,2.1996298,0.018001556,-1.1820984,-1.2775943,-0.88808036,0.29415557,-0.801214,-1.6793777,-0.5063337,-0.8410818,-1.1421758,-1.263708,0.6326774,1.3484083,0.0,1.0,1.0,6.123234e-17,1.0
2023-03-29 00:00:00,5.0,0.99328506,-0.2528327,-0.0987033,1.7139095,-1.0206438,-0.72490144,-0.30722347,2.2977417,0.76836145,1.3941727,1.8505832,-0.23816317,-0.7266053,-0.8989089,-0.53847355,0.10149843,-0.6867387,-1.2463452,-0.42913404,-0.5331708,-0.7378031,-1.0057428,-1.2643298,1.205023,0.95105654,0.309017,1.0,6.123234e-17,1.0
2023-03-30 00:00:00,5.0,0.1759153,-0.039788745,0.7207594,1.2321342,-1.0852842,-0.93994385,-0.80134463,0.34738845,0.18461382,0.91102576,1.4618292,-0.8589143,-0.63341045,-0.81919163,-0.24885184,0.15127398,0.5490814,-1.1673967,0.19247854,-0.43979204,-0.6217589,-0.98234767,-1.4715619,1.330062,0.58778524,-0.809017,1.0,6.123234e-17,1.0
2023-03-31 00:00:00,5.0,0.18064936,0.5881114,0.6655639,-0.20797561,-0.5998266,-0.5074431,1.0272511,-0.4058451,0.018651493,0.6921237,1.2595284,-0.97917706,-0.5317497,-0.7342068,0.03544208,0.44658446,0.7267467,-1.2969632,0.06313568,-0.32696098,-0.4534526,-0.94090074,0.30221543,1.177793,-0.58778524,-0.809017,1.0,6.123234e-17,1.0
2023-04-03 00:00:00,5.0,-0.2722084,-0.08324503,1.2897813,0.61493814,-0.9441701,-0.48497424,-0.14816608,-0.6061586,-0.3123844,0.3804116,1.016584,-1.331316,-0.6147252,-0.80137503,0.21408579,0.80636126,0.7210969,-1.2032322,-0.18857703,-0.32546344,-0.4636384,-1.0417271,-1.395512,1.3235029,-0.95105654,0.309017,1.0,6.123234e-17,1.0
2023-04-04 00:00:00,5.0,1.8246497,0.4457098,1.9769558,-1.2111131,-0.6443734,-0.24423288,0.24188575,3.0,0.391465,0.6893829,1.0873693,-0.25717744,0.15200488,-0.15499367,0.61215466,1.1703191,1.0572664,-0.81557435,0.38260248,0.284549,0.32489327,-0.4633144,0.028501663,1.3194957,0.0,1.0,0.8660254,-0.5,0.0
2023-04-05 00:00:00,5.0,-0.54917264,-1.8331475,-1.2362257,-1.1004118,-0.6864229,0.22878803,0.48625445,0.5000673,0.11220869,0.4930062,0.9616871,-0.61210954,-0.072281964,-0.33718643,0.81027615,0.54741925,0.4684387,-0.88792336,0.34142956,0.20947812,0.2154854,-0.63477695,-0.039175246,1.5013992,0.95105654,0.309017,0.8660254,-0.5,0.0
2023-04-06 00:00:00,5.0,0.4724971,1.1552874,0.14242963,-0.9640387,-0.7517656,-0.42731243,-0.8658644,-0.13841105,-0.17934646,0.22259106,0.7145793,-0.89966124,0.13115668,-0.15861578,1.0257854,0.66735166,0.5900831,-0.73967767,0.40498346,0.48281053,0.5212034,-0.47974896,-0.32383248,1.3495419,0.58778524,-0.809017,0.8660254,-0.5,0.0
2023-04-11 00:00:00,4.0,-0.22304404,-0.38909584,1.8465981,-0.6787765,-0.9787207,-0.737523,-0.69412386,-0.2851743,-0.5051276,-0.057288054,0.49796653,-1.2808043,0.054419596,-0.21867916,1.1378516,0.5065065,0.680682,-0.7292821,0.1380311,0.54402757,0.56109893,-0.5446076,-1.5232592,1.5559493,-0.58778524,-0.809017,0.8660254,-0.5,0.0
2023-04-12 00:00:00,4.0,0.354534,0.12917651,0.6557703,1.0525545,-0.87852156,-0.5075649,0.2564357,0.56680894,-0.6948404,-0.28554198,0.2753109,-1.4410229,0.22393878,-0.073982194,1.2475477,0.75162643,1.1052516,-0.47329023,0.3033519,0.7917749,0.8351254,-0.39743376,-1.0248841,1.3238567,0.95105654,0.309017,0.8660254,-0.5,0.0
2023-04-13 00:00:00,4.0,0.13222022,0.3935497,1.057095,-0.068336755,-0.8096338,-0.8860163,-0.89904284,-0.078254014,-0.85462034,-0.48891604,0.07814064,-1.5696748,0.30360833,-0.0052518086,1.3193405,0.07513372,0.8794548,0.0937613,0.4719095,0.78939736,0.9530816,-0.32651863,-1.1830311,1.0175394,0.58778524,-0.809017,0.8660254,-0.5,0.0
2023-04-14 00:00:00,4.0,-0.15575497,0.73388183,-0.52358186,0.70193344,-0.93077916,-0.74868435,0.07005052,-0.7406154,-1.0763379,-0.73057514,-0.13647568,-1.7991017,0.2533023,-0.041764863,1.3285956,0.23253484,0.5510659,-0.0831866,0.31347507,0.7160888,0.9747049,-0.36703455,-1.6534338,0.63077897,-0.58778524,-0.809017,0.8660254,-0.5,0.0
2023-04-17 00:00:00,4.0,0.11258084,0.45342305,-0.06754567,0.92738116,-0.57984537,-0.8238133,-0.5541799,-0.20971124,-1.0845836,-0.8394503,-0.28148335,-1.6854651,0.33503765,0.02473605,1.2728579,0.08829007,0.53356874,0.8501834,0.31506002,0.689445,0.97392344,-0.30390823,-0.5503768,-1.0013562,-0.95105654,0.309017,0.8660254,-0.5,0.0
2023-04-18 00:00:00,4.0,0.13305055,-0.34203458,2.237512,-1.1031862,-0.6791581,-0.5080531,0.58992386,0.43744326,-1.0343785,-0.8935922,-0.39169988,-1.4925598,0.4243865,0.09748621,1.2010098,0.2304768,0.5198951,0.9709131,0.7453688,0.6685412,0.9499768,-0.24932787,-1.1496611,-0.19103692,0.0,1.0,0.8660254,-0.5,0.0
2023-04-19 00:00:00,4.0,-0.044069454,-0.047243446,-0.21926679,2.0613723,-0.5434029,-1.0418849,-0.5832194,-0.13190804,-1.0788414,-0.9938715,-0.5246557,-1.4679143,0.43511596,0.10656001,1.1197402,0.071028225,0.58103365,1.009975,0.70147413,0.60364455,0.8455897,-0.26095363,-0.8720938,-0.6588626,0.95105654,0.309017,0.8660254,-0.5,0.0
2023-04-20 00:00:00,4.0,-0.8519314,-1.0408317,-0.72091514,0.26642913,0.37668732,-0.4678994,0.27411333,-0.671119,-0.82885724,-0.8501464,-0.43521643,-1.0477388,-0.11157989,-0.26568073,0.75005525,-0.32139206,-0.17319295,0.6719817,0.2495993,0.22935407,0.2344621,-0.68834805,0.31912485,-0.65870154,0.58778524,-0.809017,0.8660254,-0.5,0.0
2023-04-21 00:00:00,4.0,-0.48746166,-1.049215,-1.2302276,0.7856918,-0.95523036,-0.6718422,-0.3840751,-0.55565065,-0.9367579,-0.9514353,-0.53868055,-1.1674049,-0.37302536,-0.45533866,0.42437503,-0.4532014,-0.154576,0.2368127,0.26778194,-0.0032516592,-0.051442042,-0.8933471,-1.5520792,-1.5016716,-0.58778524,-0.809017,0.8660254,-0.5,0.0
2023-04-24 00:00:00,4.0,-0.14438397,-1.0215912,-1.1944615,0.8170551,-0.75264573,0.26572877,0.44578198,0.20894039,-1.0775232,-1.0937204,-0.6968247,-1.3171014,-0.41758442,-0.48935935,0.15704656,-0.5562019,-0.32881388,0.19359836,0.24042046,-0.085845634,-0.14448889,-0.9277655,-1.3825637,-1.5553795,-0.95105654,0.309017,0.8660254,-0.5,0.0
2023-04-25 00:00:00,4.0,0.26225,1.3920808,-0.6957197,-0.51271325,0.853432,-0.023279013,-0.35287523,-1.2997382,-0.81796527,-0.9624031,-0.67727053,-0.82372266,-0.20905267,-0.34755898,0.020108996,-0.5041033,-0.19274199,0.373055,0.006449806,0.024734112,-0.053400442,-0.7365553,0.5892978,-1.4964495,0.0,1.0,0.8660254,-0.5,0.0
2023-04-26 00:00:00,4.0,-0.4579582,-0.84859294,0.37627545,-0.45670697,1.2136806,0.40060523,0.04408392,0.0735301,-0.612251,-0.81972647,-0.59881926,-0.4958585,-0.4701519,-0.52926093,-0.16384588,-0.66595036,-0.42017794,0.52828777,-0.34812757,-0.23452707,-0.38964105,-0.87933475,0.5436099,0.073733374,0.95105654,0.309017,0.8660254,-0.5,0.0
2023-04-27 00:00:00,4.0,0.26736376,0.8721056,0.08463551,-0.10120408,-0.29506785,-0.6661568,-0.7527054,-0.16201672,-0.75921565,-0.9372056,-0.74565685,-0.6557416,-0.2491108,-0.38019642,-0.2060188,-0.22229582,-0.3825227,0.38598034,-0.34573242,-0.083112866,-0.28053248,-0.6949024,-0.60129815,-0.02187214,0.58778524,-0.809017,0.8660254,-0.5,0.0
2023-04-28 00:00:00,4.0,-0.8740613,-0.68201935,0.3683505,-0.08056508,0.033085365,-1.1205776,-0.5972894,-1.2748832,-0.6414032,-0.839236,-0.6722024,-0.49253938,-0.7682138,-0.75293916,-0.42150036,-0.37590066,-0.5815725,-0.028893685,-0.5896996,-0.7662534,-0.7742364,-1.0260677,-0.2652824,-1.4215974,-0.58778524,-0.809017,0.8660254,-0.5,0.0
2023-05-02 00:00:00,2.0,0.8657538,0.932539,-0.9565884,0.88678277,1.9767191,2.3035395,3.0,0.2079233,-0.3370421,-0.64723575,-0.6134071,0.029772414,-0.18592907,-0.34675503,-0.31149718,0.027037749,-0.36980847,0.12575208,-0.39517748,-0.046858903,-0.30217898,-0.57379466,0.77991813,-1.0719606,-0.95105654,0.309017,0.8660254,-0.5,0.0
2023-05-03 00:00:00,2.0,-3.0,-1.6292777,-0.812567,-1.040711,2.6541898,1.7582829,-0.2540707,-2.956727,1.6538746,0.9921346,0.8397635,1.8297265,-1.786079,-1.7809457,-0.80196226,-1.6803404,-1.5271275,-0.8244121,-1.6771965,-2.4768221,-1.6995949,-1.6983708,1.3187692,1.236002,0.95105654,0.309017,0.5,-0.8660254,0.0
2023-05-04 00:00:00,2.0,-0.1055036,-0.49902755,-0.4600591,1.2200769,0.1684699,0.2698669,-0.79414123,0.2798615,1.2118801,0.8523042,0.7865276,1.2533613,-1.7414675,-1.7431786,-1.135388,-1.5190936,-1.5166764,-0.7877954,-2.0313745,-1.9523894,-1.6708324,-1.6597278,0.28470698,1.4039619,0.58778524,-0.809017,0.5,-0.8660254,0.0
2023-05-05 00:00:00,2.0,-0.88772,-1.164438,-0.05484127,-0.7797996,0.9961587,0.1281652,-0.31343278,0.24614295,1.3387048,1.1095918,1.0798544,1.1824229,-1.898501,-1.9259603,-1.3416005,-1.9413167,-1.5259745,-1.3879894,-2.1597395,-1.7689666,-1.7829182,-1.7723123,0.94075257,1.378859,-0.58778524,-0.809017,0.5,-0.8660254,0.0
2023-05-09 00:00:00,5.0,1.4532261,1.7003236,-0.47196352,-1.3943686,0.27660954,-0.29555944,-0.54788405,0.55336064,1.1148894,0.9816551,0.930285,1.0273377,-1.1810179,-1.3483356,-1.2015495,-1.0516256,-0.995572,-0.93441874,-2.7877026,-1.0931537,-1.2167951,-1.3132784,0.5593016,2.125368,-0.95105654,0.309017,0.5,-0.8660254,0.0
2023-05-10 00:00:00,5.0,-0.2738127,-0.1526101,0.20263049,1.2874392,-0.65862024,1.9742173,1.8320659,-0.67074245,0.56657255,0.6575124,0.73447025,0.40475813,-1.2328222,-1.3892131,-1.1752541,-1.4708927,-1.037286,-1.0921075,-3.0,-1.0476642,-1.2936074,-1.390297,-1.1440824,2.137723,0.95105654,0.309017,0.5,-0.8660254,0.0
2023-05-11 00:00:00,5.0,-0.048233453,-0.6881028,-0.72046006,0.8864966,-0.4067605,-0.91493154,-1.299426,0.28956592,0.20367183,0.40643263,0.56237096,-0.011017112,-1.2322845,-1.3785347,-1.107887,0.02827368,-1.1251793,-1.0522678,-3.0,-0.9444409,-1.2948548,-1.4016745,-0.35326543,2.0237696,0.58778524,-0.809017,0.5,-0.8660254,0.0
2023-05-12 00:00:00,5.0,-0.7590481,-0.51757264,0.22774976,0.24215995,0.3670399,1.7805351,3.0,-0.9772473,0.2920547,0.4913349,0.6794766,0.04089597,-1.4306676,-1.5598359,-1.0689018,-0.23478273,-1.2204926,-1.2902726,-3.0,-1.0346371,-1.4633654,-1.5504915,0.7579853,1.9750936,-0.58778524,-0.809017,0.5,-0.8660254,0.0
2023-05-15 00:00:00,5.0,0.60320145,1.5091665,0.07539861,-1.3841116,-0.20282887,-1.0161134,-1.2613912,-0.5134686,0.073189154,0.2923645,0.4931733,-0.16486531,-1.1557403,-1.3412919,-0.92922014,0.4583125,-1.1389486,-1.1904663,-2.9333775,-0.75930715,-1.199856,-1.3643847,0.22064747,1.8984156,-0.95105654,0.309017,0.5,-0.8660254,0.0
2023-05-16 00:00:00,5.0,-0.008181895,0.2938617,0.46431038,1.030464,-0.6389017,-1.1989381,-0.6294569,-0.45072967,-0.21734302,0.052415907,0.3069517,-0.5048352,-1.1640118,-1.3388587,-0.8135248,-0.2255104,-0.9234661,-1.1622472,-2.7811098,-0.6774895,-1.1869773,-1.3861575,-0.8723879,1.9074882,0.0,1.0,0.5,-0.8660254,0.0
2023-05-17 00:00:00,5.0,-0.41806734,-0.7077849,1.3461843,-1.2474062,-0.4998847,-0.5587244,1.1436317,-0.47799054,-0.3621284,-0.08366147,0.21543732,-0.6796158,-1.3008245,-1.4497807,-0.7530934,-0.29389012,-1.2959214,-1.2781916,-2.6919887,-0.7113597,-1.3135425,-1.5227804,-0.36671525,1.8847269,0.95105654,0.309017,0.5,-0.8660254,0.0
2023-05-18 00:00:00,4.0,0.35535297,1.0412802,1.1357074,-1.3306091,-0.6857873,-0.8357746,-0.5798184,-0.22279294,-0.57588744,-0.3138948,-0.0074861194,-0.8922505,-1.1492821,-1.3341063,-0.6053889,-0.10665354,-0.045667265,-1.2451383,-2.614933,-0.5432219,-1.1300246,-1.4349629,-1.0218855,1.8424295,0.58778524,-0.809017,0.5,-0.8660254,0.0
2023-05-19 00:00:00,4.0,0.32211447,-0.5033128,0.7975104,-0.22161335,-0.30783308,-0.5667207,0.15912133,0.95101607,-0.5850943,-0.39859104,-0.12468728,-0.82630277,-0.99537575,-1.218479,-0.3529352,0.40198246,0.08817069,-1.1784251,-2.2661686,-0.39408907,-0.88445574,-1.3024701,0.08512817,1.8296598,-0.58778524,-0.809017,0.5,-0.8660254,0.0
2023-05-22 00:00:00,4.0,0.19108006,-0.54117996,1.7741754,-1.277226,-0.7474932,-0.67195,-0.37608993,0.49461877,-0.7285422,-0.56968194,-0.3040253,-0.9603385,-0.9171637,-1.1555365,-0.105339594,0.2071773,0.4770889,-0.96230173,-2.0943232,-0.2853175,-0.7385498,-1.2471552,-1.3589308,1.7406496,-0.95105654,0.309017,0.5,-0.8660254,0.0
2023-05-23 00:00:00,4.0,0.1239329,0.3992082,-0.91932374,2.0281603,-1.0275457,-0.5765492,-0.11449785,-0.15789314,-0.98756987,-0.8305524,-0.5595222,-1.2733457,-0.87147266,-1.1121069,0.122785926,0.26904145,0.027066626,-0.84014976,-1.8507129,-0.20008558,-0.64836806,-1.2478997,-1.5121467,1.666585,0.0,1.0,0.5,-0.8660254,0.0
2023-05-24 00:00:00,4.0,0.6962439,1.3167301,-0.67618716,-0.2706324,-0.23001455,-0.67985976,-0.42309174,-0.08051047,-0.8876071,-0.85323066,-0.6716619,-1.010624,-0.40557978,-0.7994816,0.5049873,0.7900212,0.34849098,-0.6590647,-1.4578301,0.087581605,-0.14265057,-0.8894878,0.34159437,1.1406695,0.95105654,0.309017,0.5,-0.8660254,0.0
2023-05-25 00:00:00,4.0,-0.07913185,-0.128787,-0.43519643,1.7639642,-0.4377231,-0.24695498,0.4058085,-0.2869881,-0.87978005,-0.8965299,-0.74909484,-0.9465868,-0.47348005,-0.8337343,0.73023206,0.5862917,0.33875793,-0.7477177,-1.5645922,0.09762616,-0.10011991,-0.89849037,-0.21735796,1.059683,0.58778524,-0.809017,0.5,-0.8660254,0.0
2023-05-26 00:00:00,4.0,-0.97450405,-1.5781914,-1.0416358,-0.74785453,0.29230332,-0.23811482,-0.23427382,-0.05451873,-0.5665027,-0.6733985,-0.55753624,-0.48284924,-0.9788434,-1.1894644,0.5880747,-0.020512456,0.26794785,-0.8823246,-1.7668856,-0.28388903,-0.5434973,-1.2236454,0.78307354,0.8137294,-0.58778524,-0.809017,0.5,-0.8660254,0.0
2023-05-30 00:00:00,4.0,0.3048376,-0.21294248,-0.17761731,1.2405565,-0.6665412,-0.45682055,-0.45821187,0.5215326,-0.7299009,-0.8223805,-0.73363763,-0.6684923,-0.81024987,-1.0726235,0.5876628,0.03206087,0.16824627,-0.8875441,-1.7782921,-0.14690728,-0.28329775,-1.1438279,-1.0036849,0.97481924,-0.95105654,0.309017,0.5,-0.8660254,0.0
2023-05-31 00:00:00,5.0,-0.8617422,-1.6327443,-1.2380495,-0.7379383,0.032687128,-0.20120996,0.14184612,-0.006023736,-0.53502756,-0.6749375,-0.6028768,-0.3933784,-1.2101452,-1.3741868,0.3524087,-0.4288615,-0.11365298,-0.90176904,-1.7669137,-0.6418517,-0.6695158,-1.4580432,0.5143319,1.5922923,0.95105654,0.309017,0.5,-0.8660254,0.0
2023-06-01 00:00:00,5.0,-1.1470916,-1.1639593,-0.94809234,-0.060147528,0.98921967,2.6621735,3.0,-0.15544355,0.0316266,-0.22030075,-0.19124283,0.3065852,-1.6091815,-1.7198027,-0.022932444,-1.2825284,-0.35763478,-1.4079391,-1.9236017,-1.890059,-0.99869096,-1.718769,1.1369374,1.4810163,0.58778524,-0.809017,0.5,-0.8660254,0.0
2023-06-02 00:00:00,5.0,0.9473859,1.2888083,-0.24905132,-0.42688453,-0.39639544,0.13093008,-1.1065949,0.55275065,-0.15170038,-0.35533264,-0.37371483,0.12711245,-0.99684453,-1.3015529,-0.036977552,-0.8033558,-0.15934716,-0.16499409,-1.8499566,-0.92153114,-0.5021074,-1.3971453,-0.07799692,1.1997334,-0.58778524,-0.809017,1.2246469e-16,-1.0,0.0
2023-06-05 00:00:00,5.0,1.3260839,1.7791908,-0.54972935,-1.3542641,0.23096612,-0.27840108,-0.6132748,0.41975412,-0.090682365,-0.3345625,-0.45363638,0.29724762,-0.17254277,-0.6961378,0.29368848,0.2770084,0.182819,0.22574466,-1.4694653,0.15924013,0.22924846,-0.7977042,0.5442048,1.6592593,-0.95105654,0.309017,1.2246469e-16,-1.0,0.0
2023-06-06 00:00:00,4.0,-0.006967834,-1.0297966,0.6826969,-1.3542641,0.054836605,0.6092611,0.86919665,0.83310395,-0.18659717,-0.3792516,-0.49873987,0.157951,-0.20853749,-0.72174287,0.49486783,0.1331379,0.11749455,0.51656514,-1.504804,0.078725964,0.17420332,-0.8455556,0.36935136,1.3789641,0.0,1.0,1.2246469e-16,-1.0,0.0
2023-06-07 00:00:00,4.0,-0.033986147,0.009565492,-0.69646484,2.139309,-0.21579626,0.20992357,-0.48654774,-0.3291596,-0.32615817,-0.46885505,-0.5834745,-0.03237296,-0.2634452,-0.76214284,0.6110696,0.5172026,0.06530151,0.08090803,-1.4721898,0.015187219,0.14121714,-0.9200991,-0.081529215,0.52928865,0.95105654,0.309017,1.2246469e-16,-1.0,0.0
2023-06-08 00:00:00,4.0,0.35418987,0.66540384,-0.25449213,0.8839661,-0.4636943,-0.4255722,-0.8041229,-0.062144905,-0.49572518,-0.6101683,-0.7436654,-0.22866437,-0.05933838,-0.6122383,0.760217,1.2126305,-0.044935327,0.27065146,-1.3828425,0.29661807,0.31726268,-0.8128017,-0.46099368,0.2710561,0.58778524,-0.809017,1.2246469e-16,-1.0,0.0
2023-06-09 00:00:00,4.0,0.018180262,-1.4214942,-0.52609324,-1.0628028,-0.33271348,-0.5749338,-0.41848364,1.0567796,-0.58542687,-0.693364,-0.84168774,-0.3300675,-0.09385087,-0.6369957,0.83540434,0.77715224,-0.0125323525,0.29251054,-1.3409246,0.2586478,0.2962906,-0.88315064,-0.1939418,0.24410494,-0.58778524,-0.809017,1.2246469e-16,-1.0,0.0
2023-06-12 00:00:00,4.0,-0.23551483,-0.9936443,-0.77729,0.017917989,-1.0245602,-0.676162,-0.46806014,-0.21361122,-0.7930113,-0.863703,-1.0022407,-0.6172994,-0.2958102,-0.78007567,0.81673294,0.045143522,0.23368813,0.4462256,-1.2477074,-0.050173778,0.083116464,-1.2028098,-1.3700001,0.1258308,-0.95105654,0.309017,1.2246469e-16,-1.0,0.0
2023-06-13 00:00:00,4.0,-0.5268405,-1.1995621,-1.272061,0.010773173,-0.082793705,0.019509867,0.9907995,-0.14837793,-0.7407851,-0.838575,-0.9765759,-0.5439055,-0.647758,-1.0280739,0.6321734,-0.19124699,-0.04257048,0.113286145,-0.9041219,-0.5565905,-0.26061106,-1.5414674,-0.06454227,-0.03738093,0.0,1.0,1.2246469e-16,-1.0,0.0
2023-06-14 00:00:00,4.0,0.3252272,0.22557376,2.0301244,-0.07019141,-0.23236147,-0.3999608,-0.5671444,0.25046372,-0.7515941,-0.8811512,-1.0586247,-0.5170478,-0.43393087,-0.8568572,0.5799724,-0.02776805,0.35446137,0.21002652,-0.9662668,-0.27690542,-0.082926944,-1.3352863,-0.32383665,0.022378048,0.95105654,0.309017,1.2246469e-16,-1.0,0.0
2023-06-15 00:00:00,4.0,-0.3789504,-0.14473526,2.4646258,-1.1942574,0.42363378,0.20410518,0.50129485,-0.6207761,-0.62355524,-0.7922705,-0.9811455,-0.30977577,-0.6707739,-1.0164078,0.45101824,-0.3674049,0.64641136,0.24245305,-0.26784497,-0.5634646,-0.28927425,-1.4353067,0.6438979,-0.17241944,0.58778524,-0.809017,1.2246469e-16,-1.0,0.0
2023-06-16 00:00:00,4.0,-0.12549038,-0.21728013,-0.782296,1.6719929,-0.35237134,2.4970412,2.1874585,-0.1467556,-0.6636901,-0.82605743,-1.0177939,-0.34597614,-0.7807471,-1.075714,0.34808856,-0.46516505,0.2932524,0.106416054,-0.20549455,-0.60835,-0.36535585,-1.4644119,-0.4648221,-0.4132291,-0.58778524,-0.809017,1.2246469e-16,-1.0,0.0
2023-06-19 00:00:00,4.0,0.027021095,-0.06338096,0.9247057,0.42971998,-0.7263614,2.4715757,-0.051891953,-0.0022069528,-0.7911462,-0.93104684,-1.1232142,-0.4979211,-0.8145221,-1.076319,0.29638103,-0.35312843,-0.18430677,0.015238061,-0.15207116,-0.53127205,-0.35572645,-1.4522443,-0.9876656,-0.5961736,-0.95105654,0.309017,1.2246469e-16,-1.0,0.0
2023-06-20 00:00:00,4.0,0.25890204,1.5160835,0.051496483,-1.1092756,-0.6052378,-0.7569597,-1.4104877,-0.85490036,-0.8899904,-1.0325587,-1.2396736,-0.5686152,-0.6213863,-0.94089264,0.3377675,0.07973831,-0.105936594,0.023648575,-0.23564236,-0.29557243,-0.1933905,-1.264792,-0.77459633,-0.6794554,0.0,1.0,1.2246469e-16,-1.0,0.0
2023-06-21 00:00:00,4.0,-0.80282855,-1.2754267,0.07199538,-1.2909254,-0.18964781,-0.21479143,1.1525872,-0.42772877,-0.81645346,-0.9907257,-1.1846972,-0.42953962,-1.1035242,-1.2554902,0.14726871,-0.512188,-0.34705886,-0.22365835,-0.6459372,-0.8419336,-0.64104,-1.6148427,0.14161536,-0.39203075,0.95105654,0.309017,1.2246469e-16,-1.0,0.0
2023-06-22 00:00:00,4.0,1.2671357,1.9955938,-0.82525194,-1.2388334,0.45963472,-0.49717665,-0.5749293,-0.045342453,-0.659981,-0.9525382,-1.2472808,-0.044360537,-0.038599122,-0.5644255,0.3661712,0.3241566,-0.083807364,-0.11049989,-0.45288068,0.16476451,0.18396045,-0.76639616,0.97163236,-0.23276469,0.58778524,-0.809017,1.2246469e-16,-1.0,0.0
2023-06-23 00:00:00,4.0,-0.39829668,-0.4662834,-0.6777467,1.0171156,-1.1265578,-0.63433844,-0.50146925,-0.6516209,-0.7441501,-1.0042974,-1.2825521,-0.19565511,-0.3260806,-0.74141616,0.40583667,0.18837664,-0.22580037,-0.19102883,-0.41251343,-0.23343053,-0.031977385,-0.9634632,-1.2517323,-0.2001062,-0.58778524,-0.809017,1.2246469e-16,-1.0,0.0
2023-06-26 00:00:00,4.0,-0.58300525,-1.0339942,-0.7773743,-0.028319111,-0.5579081,-0.6502796,-0.32604712,-0.40600502,-0.78234446,-1.0424913,-1.3131297,-0.26103872,-0.68960744,-0.9768736,0.2652817,-0.121838465,-0.33144644,-0.033326574,-0.28251117,-0.76743025,-0.3845745,-1.2258332,-0.653515,0.6089248,-0.95105654,0.309017,1.2246469e-16,-1.0,0.0
2023-06-27 00:00:00,4.0,0.6024232,0.21797977,-0.44495082,1.9375528,1.6329885,-0.44712752,0.22992608,0.84700537,-0.32195872,-0.77021927,-1.1811651,0.48686972,-0.24463254,-0.67389023,0.3115877,0.04711176,0.08677062,0.026683338,-0.36281693,-0.15875645,0.032848872,-0.66469216,1.7286096,0.18432441,0.0,1.0,1.2246469e-16,-1.0,1.0
2023-06-28 00:00:00,4.0,-0.67023903,-1.3060493,-0.9417757,-0.45938066,1.8995299,0.09198465,0.7209104,1.2409619,0.24782701,-0.31185836,-0.8177752,1.1362187,-0.6534579,-0.9393915,0.14990212,0.121884145,-0.2704732,0.13248952,-0.66217464,-0.8130188,-0.30480137,-0.76178795,1.8938735,-0.39346126,0.95105654,0.309017,1.2246469e-16,-1.0,1.0
2023-06-29 00:00:00,4.0,0.41755596,0.9806324,-0.4476582,0.4784901,-1.1536856,-0.353712,-0.76374733,-0.09936258,-0.19844656,-0.5816575,-1.0413632,0.52572143,-0.38015595,-0.7480128,0.1777002,-0.32622615,0.0029351176,0.61992204,-0.6352306,-0.5144239,-0.17460194,-0.5942272,-1.2659844,-1.1290745,0.58778524,-0.809017,1.2246469e-16,-1.0,1.0
2023-06-30 00:00:00,4.0,0.06393563,-0.4328442,0.99441814,-0.40462685,-1.1803705,-0.48206303,-0.4596061,0.24112968,-0.54797435,-0.8172662,-1.2255915,0.026610157,-0.39301553,-0.7422297,0.21556203,-0.08844648,0.070454724,0.32590237,-0.6645965,-0.47281316,-0.20551454,-0.5877864,-1.3421746,-1.6471629,-0.58778524,-0.809017,1.2246469e-16,-1.0,1.0
2023-07-03 00:00:00,4.0,0.5388033,0.04095573,2.1177347,-0.48355544,-0.89599806,-0.19958878,0.23611905,0.90180236,-0.58819896,-0.8680821,-1.3063133,0.009708378,0.0037622603,-0.47926337,0.37487465,0.49671018,0.25119686,0.022725282,-0.52977437,0.039619364,0.112317994,-0.24600156,-1.1594008,-2.8292923,-0.95105654,0.309017,1.2246469e-16,-1.0,1.0
2023-07-04 00:00:00,4.0,1.673116,1.481841,0.10753593,-1.0378133,1.4079764,0.40220577,0.4899596,1.2270442,-0.04834628,-0.52475345,-1.1598415,0.8781339,1.164591,0.34728688,0.8159934,1.062156,0.7515107,0.45294735,-0.64135844,1.7028732,0.990195,0.7325658,1.2603978,-2.5477333,0.0,1.0,-0.5,-0.8660254,0.0
2023-07-05 00:00:00,4.0,0.04277707,0.1653874,1.1499614,0.67500556,-1.2191186,-0.264543,-0.7880134,-0.25650823,-0.5114155,-0.83293325,-1.3806739,0.19472945,1.1198009,0.33836377,1.1667032,1.444304,1.0688847,0.47481576,-0.5318776,1.6166801,0.9997546,0.7558096,-1.4150747,-2.3721523,0.95105654,0.309017,-0.5,-0.8660254,0.0
2023-07-06 00:00:00,4.0,-1.1545111,-1.565425,-1.097323,-0.87642324,0.5591249,-0.2756298,-0.24216285,-0.59192175,-0.24211027,-0.57107615,-1.1048776,0.46531487,0.25178716,-0.208188,0.9506308,0.6275496,0.18372132,0.059764035,-0.8279926,0.3139709,0.31732205,0.21898994,0.767278,-1.7947295,0.58778524,-0.809017,-0.5,-0.8660254,0.0
2023-07-07 00:00:00,4.0,-1.0787252,-1.3864388,-0.5684394,-1.0429783,0.6467068,-0.41236985,-0.41218132,-0.5203226,-0.10744633,-0.3943593,-0.8860271,0.5331387,-0.41534686,-0.68348724,0.5033295,0.010096587,-0.059804242,-0.22583683,-0.97009844,-1.0014529,-0.27733156,-0.27412015,0.7998959,-1.1159229,-0.58778524,-0.809017,-0.5,-0.8660254,0.0
2023-07-10 00:00:00,4.0,0.6172111,0.66966105,0.36927807,0.5186584,-0.057629645,-0.42899263,-0.23589897,0.45982516,-0.25364274,-0.50246084,-0.9877558,0.3621818,-0.031435877,-0.40482813,0.36006555,0.04949962,0.42317972,0.012890978,-0.95612353,-0.32996595,0.06745446,0.076066494,-0.039513364,-1.2028958,-0.95105654,0.309017,-0.5,-0.8660254,0.0
2023-07-11 00:00:00,4.0,0.2899374,0.21400627,2.9677138,-0.9760682,-0.7920951,-0.6242079,-0.59654087,0.2651355,-0.4944502,-0.6832198,-1.121652,0.037472293,0.10790122,-0.30325454,0.33010903,-0.72429764,0.30694762,0.26027352,-0.9549443,-0.057798952,0.20564166,0.24853471,-0.93241274,-0.8300878,0.0,1.0,-0.5,-0.8660254,0.0
2023-07-12 00:00:00,4.0,0.8587151,1.3225434,-0.7607176,0.17513993,-0.4059134,-0.49392977,0.03086652,0.4174608,-0.6729007,-0.8565868,-1.286807,-0.15035398,0.7474787,0.16399854,0.54863816,-0.2603888,0.9784796,0.3814135,-0.7894213,1.0124425,0.7678235,0.8001429,-0.52858895,-0.6855329,0.95105654,0.309017,-0.5,-0.8660254,0.0
2023-07-13 00:00:00,4.0,0.9325459,0.9782422,1.2078505,-0.9663014,1.3809599,0.674772,1.9135996,0.37270758,-0.29722637,-0.6168009,-1.1502041,0.50124735,1.4369376,0.7111563,0.8931727,0.9372827,1.2286603,0.7608771,-0.66570425,2.0714731,1.3671609,1.4992615,1.3076158,-0.45179358,0.58778524,-0.809017,-0.5,-0.8660254,0.0
2023-07-14 00:00:00,4.0,0.012821018,0.11065949,2.8213992,-1.1198546,-0.26353723,0.58826894,-0.4441254,-0.2895816,-0.46068254,-0.71616924,-1.1947507,0.24458298,1.4035335,0.7110802,1.118442,1.5498408,1.23567,0.83982676,-0.72400224,1.8121965,1.357604,1.5184327,-0.43790126,-0.35706934,-0.58778524,-0.809017,-0.5,-0.8660254,0.0
2023-07-17 00:00:00,4.0,-0.9568821,-0.81156826,0.0042725015,-0.34544066,1.3287255,1.1459767,-0.36170018,-0.7370841,-0.058750857,-0.36629656,-0.86282855,0.73666245,0.5324728,0.10703741,0.83566934,0.6475345,0.5751159,0.59089226,-0.94131565,0.33172205,0.5890522,0.9478747,1.2617337,-0.29554224,-0.95105654,0.309017,-0.5,-0.8660254,0.0
2023-07-18 00:00:00,4.0,-0.3447975,0.53814316,1.9301775,-0.86879426,1.1866889,-0.07137535,-0.64185977,-1.9729983,0.23466867,-0.09295519,-0.61816,1.050578,0.17402895,-0.15494817,0.4946897,0.28301403,-0.3677698,0.42164722,-0.8322496,-0.23892717,0.3064617,0.7575253,1.2410764,-0.3034396,0.0,1.0,-0.5,-0.8660254,0.0
2023-07-19 00:00:00,4.0,0.8948022,1.8472204,-0.7855352,-1.0888697,0.25059715,-0.29725942,-0.3628026,-0.9601309,0.10714111,-0.17194216,-0.69560707,0.89626354,0.9866239,0.5161934,0.51974124,0.31058785,0.043655507,0.99476695,-0.5444304,0.7956729,0.90289164,1.333427,0.5426803,-0.39523536,0.95105654,0.309017,-0.5,-0.8660254,0.0
2023-07-20 00:00:00,4.0,1.4189672,1.5328001,-0.3713297,-0.9411552,0.98650706,2.4946628,1.742029,0.31275353,0.23974943,-0.09142436,-0.6939056,1.151839,2.1474006,1.6513329,0.8908002,0.61008894,1.2735157,1.0573391,-0.1943826,2.4544978,1.8797346,2.2061226,1.0709294,0.14500368,0.58778524,-0.809017,-0.5,-0.8660254,0.0
2023-07-21 00:00:00,4.0,0.42939115,0.6167664,1.2988418,-0.5553122,-0.39109477,-0.02580372,-0.92323077,0.101202965,-0.059801683,-0.28138366,-0.81402147,0.7125624,2.3633852,2.00352,1.2116773,0.8504893,1.9362558,1.374037,-0.17844896,2.4746804,2.067419,2.4020762,-0.29537332,-0.03742892,-0.58778524,-0.809017,-0.5,-0.8660254,0.0
2023-07-24 00:00:00,4.0,0.51086944,-0.1313717,-0.03230676,1.3346968,-1.4071428,-1.158875,-0.8871476,1.186773,-0.55095184,-0.6513235,-1.0685422,0.019341119,2.5648706,2.3803065,1.5342847,1.662567,1.8415799,1.8071986,0.10421401,2.4636083,2.2813845,2.6114812,-1.5621475,-0.40917158,-0.95105654,0.309017,-0.5,-0.8660254,0.0
2023-07-25 00:00:00,4.0,0.99096346,1.4151899,-1.0320226,-0.012249388,0.92013127,-0.8078893,0.11244054,-0.27897164,-0.34684217,-0.5581859,-1.0435505,0.41172782,3.0,3.0,1.7989469,2.3134913,2.0910642,1.9784279,0.31741062,2.6460195,2.6684148,3.0,1.0896032,-0.1373906,0.0,1.0,-0.5,-0.8660254,0.0
2023-07-26 00:00:00,4.0,-0.23068109,-1.2518413,-1.1743081,0.052942142,-0.9562467,-0.98532397,-0.4976943,0.42514852,-0.6864521,-0.7985641,-1.1667668,-0.13591295,2.51117,2.7160556,1.8707525,1.6661347,1.5844346,2.0948696,0.6171141,2.0387418,2.2515175,2.69202,-1.1716658,0.58178633,0.95105654,0.309017,-0.5,-0.8660254,0.0
2023-07-27 00:00:00,1.0,-0.1766523,-0.88567877,-1.199115,0.83118135,-0.4280011,-0.7972182,-0.051511366,0.45976898,-0.7823531,-0.88669086,-1.2011025,-0.29470944,2.1747422,2.5154397,1.697271,0.81395316,1.1029557,1.8806708,0.2433609,1.6485173,1.9001222,2.4589465,-0.47436643,0.64654374,0.58778524,-0.809017,-0.5,-0.8660254,0.0
2023-07-28 00:00:00,1.0,0.18985501,0.44015226,0.19586249,0.89698106,-1.0101972,0.20697191,0.8151475,-0.19988544,-1.0400224,-1.0909715,-1.3361591,-0.60145575,2.1434126,2.4410765,1.5647522,0.6933583,1.188229,1.8522325,2.2412577,1.5838636,1.8634509,2.406204,-1.0069176,0.5480144,-0.58778524,-0.809017,-0.5,-0.8660254,0.0
2023-07-31 00:00:00,1.0,-0.6274796,-0.16218351,0.51291126,0.71703386,-0.513866,-0.4899414,-0.66020423,-1.3929523,-1.0942001,-1.138552,-1.3368392,-0.62965816,1.5855038,1.9017993,1.2124197,0.15260012,1.4311106,1.4761955,2.1631637,1.1381326,1.3655305,2.0038104,-0.4175971,0.002225181,-0.95105654,0.309017,-0.5,-0.8660254,0.0
2023-08-01 00:00:00,1.0,1.1526318,0.6620737,-0.7109219,1.2429912,0.57567084,-0.48716223,-0.3058275,1.5543549,-1.0165564,-1.1662562,-1.4094616,-0.20796351,2.1128747,2.4311721,1.1618712,0.08238436,2.0144253,1.2300705,2.9330313,1.5942818,1.9339588,2.359639,0.69150424,0.13794814,0.0,1.0,-0.5,-0.8660254,0.0
2023-08-02 00:00:00,1.0,-0.17311528,0.19436234,2.2019389,-0.8011121,2.494407,0.3369277,0.47689775,-0.86535925,-0.14219022,-0.6571129,-1.1025072,1.1768428,1.872312,2.1759815,0.8952568,0.15898775,1.5522026,1.1634547,2.1284633,1.3600631,1.5919075,2.072273,1.985345,0.18192,0.95105654,0.309017,-0.8660254,-0.5,0.0
2023-08-03 00:00:00,1.0,-1.2696972,-1.0062679,-0.08079125,-0.5369116,1.1362972,-0.2448947,-0.5761363,-0.60525453,0.3445265,-0.2949873,-0.83669364,1.5348873,0.98744714,1.3839108,0.37565014,-0.37968662,0.4875457,1.2208581,1.8605912,0.6817252,0.80999124,1.5330441,1.2468356,0.7072725,0.58778524,-0.809017,-0.8660254,-0.5,0.0
2023-08-04 00:00:00,1.0,0.70730066,1.07468,-1.203931,0.970175,1.226061,0.27658272,0.17608744,-0.94635224,0.68503153,-0.059637927,-0.7402458,1.7825112,1.3022342,1.6729981,0.12996377,-0.10320176,0.54671466,1.7104032,2.0009158,0.9052469,0.9917261,1.684,1.3855195,0.06875466,-0.58778524,-0.809017,-0.8660254,-0.5,0.0
2023-08-07 00:00:00,1.0,1.3443707,1.089857,-0.9161483,0.56856453,-0.2701914,-0.64424986,-0.79657155,1.3131688,0.26756316,-0.32016924,-0.9474624,1.3238451,1.8620694,2.2147324,0.28074902,0.9783123,0.814529,1.8163526,2.5430005,1.4255348,1.5282921,2.0299432,0.22472669,-0.29696143,-0.95105654,0.309017,-0.8660254,-0.5,0.0
2023-08-08 00:00:00,1.0,-0.5319008,-0.7932553,-0.41382864,0.33286622,-1.4574589,-1.1016227,-0.6938456,-0.4986342,-0.6260715,-0.8363629,-1.162866,0.35157576,1.4632008,1.8348198,0.19978791,0.045627218,0.10349858,1.593987,2.0823207,1.045737,1.1534097,1.8153752,-1.4102867,-0.6533169,0.0,1.0,-0.8660254,-0.5,0.0
2023-08-09 00:00:00,4.0,-0.4898885,0.07376724,-0.262736,1.9831073,0.34904963,-0.30260506,0.9450962,-1.3087423,-0.21685478,-0.5710773,-1.0138776,0.6613385,1.1195488,1.5155714,-0.14767416,-0.12730972,0.038262043,1.2173911,1.9138286,0.6944871,0.7553195,1.5549074,0.8707703,-0.6621975,0.95105654,0.309017,-0.8660254,-0.5,0.0
2023-08-10 00:00:00,1.0,1.9054401,1.6123607,-0.36238962,-1.166459,0.0003063356,-0.515628,-0.45123947,1.6540416,0.54154676,-0.13957435,-0.949459,1.4444605,1.9016606,2.2619143,0.1634703,1.6051027,1.0826167,1.397858,2.412502,1.5307931,1.6298757,1.9851032,0.45882142,-1.5970503,0.58778524,-0.809017,-0.8660254,-0.5,0.0
2023-08-11 00:00:00,1.0,-0.29894042,0.8892161,0.92291915,-0.9800653,-1.4943126,-0.55047405,-0.31733468,-1.6629949,-0.57534486,-0.87653,-1.2464087,0.3608447,1.6585851,2.0093498,0.29094857,1.0542953,0.8419456,1.3442168,2.1436102,1.2125249,1.4208064,1.8561921,-1.4262311,-1.3994983,-0.58778524,-0.809017,-0.8660254,-0.5,0.0
2023-08-14 00:00:00,1.0,-0.7026294,0.2262534,-0.592445,1.958441,-0.9075509,0.7751231,0.9121627,-1.9675608,-0.36928946,-0.67781085,-1.1053818,0.4644567,1.1867808,1.5926038,-0.07421479,-0.05153649,0.80954933,1.5077649,1.8283608,0.77900183,0.8411934,1.5520189,-0.79506254,-1.3739455,-0.95105654,0.309017,-0.8660254,-0.5,0.0
2023-08-15 00:00:00,1.0,-0.7150234,-0.6890281,-0.56096405,0.7474526,-0.83316886,-0.80933154,-1.0506189,-0.88918453,-0.69914913,-0.88320094,-1.1389462,0.06595441,0.74342966,1.2067155,-0.720566,-0.1625577,-0.10349846,1.4517293,1.5800058,0.2924809,0.25948137,1.2903514,-0.8122489,-1.4317415,0.0,1.0,-0.8660254,-0.5,0.0
2023-08-16 00:00:00,4.0,-1.1791635,-1.4203942,-0.84704506,-0.5805893,1.1155294,-0.70018387,-0.1686595,0.40488106,-0.07138928,-0.2949755,-0.75761014,0.5660127,0.09580375,0.64241654,-1.7229621,-0.55830896,-0.6052333,0.855924,1.270966,-0.82268876,-0.5690271,0.8678354,1.0545703,-0.973512,0.95105654,0.309017,-0.8660254,-0.5,0.0
2023-08-17 00:00:00,1.0,-0.11708637,0.6107851,-0.010266767,0.6849771,-1.10011,0.6440743,0.7425523,-1.0246861,-0.99621016,-0.9947721,-1.0579287,-0.39228508,0.012097133,0.56044,-2.3679366,-1.6399767,-0.062396765,0.33256692,1.0002649,-1.0124522,-0.72053367,0.8103714,-1.4327784,-1.1874832,0.58778524,-0.809017,-0.8660254,-0.5,0.0
2023-08-18 00:00:00,1.0,0.27329773,1.2775699,-0.11247373,-0.71754104,-0.94501185,-1.3284239,-0.9538869,-0.868449,-1.6646869,-1.5945656,-1.3685609,-1.1116669,0.1419459,0.65507996,-2.5672667,-1.3156132,-0.26411688,0.25804228,1.0734743,-0.8147902,-0.6077418,0.8761067,-1.2157462,-1.11257,-0.58778524,-0.809017,-0.8660254,-0.5,0.0
2023-08-21 00:00:00,1.0,-0.16461238,0.3757555,-0.34084716,1.4236987,-0.03691803,-0.43537873,0.38079825,-0.98744464,-1.5299423,-1.5890276,-1.3850604,-0.94914055,0.030424755,0.55792886,-2.601643,-1.0188159,-0.9706342,0.029211504,1.3535122,-0.91836905,-0.7286089,0.7908453,-0.11251804,-1.1521592,-0.95105654,0.309017,-0.8660254,-0.5,0.0
2023-08-22 00:00:00,1.0,0.76879036,0.6754101,1.366555,-1.064922,0.46792725,-0.38577703,-0.2052399,0.52769816,-1.0159223,-1.3138427,-1.322104,-0.21866633,0.47252634,0.89011645,-2.1896815,-0.23636079,-0.35729584,-0.14252758,1.3924005,-0.19464532,-0.18479131,0.9838214,0.5341538,-1.1395892,0.0,1.0,-0.8660254,-0.5,0.0
2023-08-23 00:00:00,4.0,-0.09593668,0.11510877,0.61847216,0.8462995,-1.0546674,-1.5713836,-0.84598523,-0.33857793,-1.598139,-1.7745242,-1.5695846,-0.9685737,0.406847,0.83076566,-2.0107665,0.35486126,-0.17408763,-0.082561456,1.636785,-0.24367383,-0.25092742,0.9418701,-1.2553433,-1.0105958,0.95105654,0.309017,-0.8660254,-0.5,0.0
2023-08-24 00:00:00,1.0,-1.1949258,-0.87966084,-0.32961863,0.26002,1.0697232,-0.08965999,1.1867296,-0.75968474,-0.8725546,-1.2375177,-1.2576629,-0.08435041,-0.30168837,0.29246956,-2.1679637,-0.19288227,-1.6485091,-0.40165687,1.7838069,-1.1658728,-0.99327004,0.534887,1.240033,-1.5864687,0.58778524,-0.809017,-0.8660254,-0.5,0.0
2023-08-25 00:00:00,1.0,0.38816878,0.9001029,-0.02348832,-0.15667793,-1.0682974,2.4999986,1.1991379,-0.075609006,-1.5782317,-1.8423253,-1.6374453,-0.83529884,-0.052743,0.4679267,-2.1492262,-0.15376414,-1.3287503,-0.35118914,1.5478157,-0.77811855,-0.74228424,0.63639253,-1.3062831,-1.6861145,-0.58778524,-0.809017,-0.8660254,-0.5,0.0
2023-08-29 00:00:00,1.0,0.35527828,-0.3062852,1.074547,-0.12309749,-0.8673149,-1.0506583,-1.3145396,1.0385963,-1.951892,-2.2363398,-1.9134668,-1.1469293,0.16443616,0.61302435,-1.9188718,0.13530655,-0.8290092,-0.009947084,1.1678107,-0.49523595,-0.5151533,0.7183004,-0.9445332,-1.1860515,-0.95105654,0.309017,-0.8660254,-0.5,0.0
2023-08-30 00:00:00,4.0,1.7087895,1.2775767,0.23895228,-1.244179,0.19709034,2.9874098,3.0,1.6573765,-0.8043892,-1.5803453,-1.7476158,0.4544167,1.1407651,1.3546969,-1.0748826,0.61039686,0.27128005,0.12261232,1.4657956,0.8656227,0.6506922,1.1746048,0.2891271,-0.21204652,0.95105654,0.309017,-0.8660254,-0.5,0.0
2023-08-31 00:00:00,4.0,0.54384214,-0.18337785,0.8395932,0.49327233,-1.3726529,-0.18891257,-1.1539049,1.2897701,-1.5008386,-2.1376333,-2.1023254,-0.2697007,1.386247,1.544556,-0.40473416,0.9589851,1.0924174,0.36272275,1.5655525,1.1886863,1.0236623,1.3197514,-1.4290468,-0.10835809,0.58778524,-0.809017,-0.8660254,-0.5,0.0
2023-09-01 00:00:00,4.0,-0.32838643,-1.3824202,-0.035056967,-1.2245812,-0.99375623,2.7092113,2.4180138,0.51716214,-2.1510088,-2.6219888,-2.3742416,-1.1008084,1.1344965,1.347403,-0.0633511,1.4719625,1.0088234,0.70640814,1.3906399,0.8516901,0.7649174,1.2087003,-1.2752079,-0.8534771,-0.58778524,-0.809017,-0.8660254,-0.5,0.0
2023-09-04 00:00:00,4.0,2.0729094,1.3978691,-0.48512623,-0.79726213,1.053455,1.45134,-0.6116504,2.2720857,-0.59088063,-1.6052803,-2.026832,0.97932726,2.0168502,2.1144702,0.7334433,2.3457162,1.7903537,1.1558446,1.7440193,1.9029365,1.9407564,1.6945516,0.68934065,-0.6043015,-0.95105654,0.309017,-1.0,-1.8369701e-16,0.0
2023-09-05 00:00:00,4.0,0.053644374,-1.363719,0.08258123,-1.1925898,-0.90008366,0.2466091,-0.77187574,1.3005209,-1.3369886,-2.0580356,-2.254935,0.06393888,1.9699438,2.0551195,1.2909487,2.1126378,1.8415577,0.6980152,1.806798,1.6060369,1.9512957,1.6927017,-1.1643485,-0.25922891,0.0,1.0,-1.0,-1.8369701e-16,0.0
2023-09-06 00:00:00,4.0,1.4099964,1.4232652,-0.6468982,-0.7741414,3.0,0.5326626,0.007008532,-1.059906,0.38046545,-0.79498565,-1.674901,2.1156156,2.3654563,2.442603,1.6583381,1.9438243,2.0539649,1.362064,2.1446898,1.8179859,2.3711505,1.8540475,1.9265231,-0.19536452,0.95105654,0.309017,-1.0,-1.8369701e-16,0.0
2023-09-07 00:00:00,4.0,0.5438052,1.0356829,-0.24618703,-0.38880414,1.0186044,0.0151562,-0.53467417,-0.61476743,0.31844375,-0.69871294,-1.6116457,1.9306098,2.4084954,2.487859,1.9854165,1.9028044,2.2292612,1.6954707,2.0798674,1.6064333,2.4092667,1.8933315,1.0550314,-0.43408647,0.58778524,-0.809017,-1.0,-1.8369701e-16,0.0
2023-09-08 00:00:00,4.0,-0.31742403,0.1678921,1.6644251,-0.49595243,-0.47488126,-0.45294723,-0.571967,-0.67739993,-0.6876441,-1.3077931,-1.8747678,0.6862666,2.1615496,2.2661154,2.0837188,1.8726932,2.449319,0.9135904,2.0435977,1.2660977,2.227275,1.8195056,-0.698007,0.3153907,-0.58778524,-0.809017,-1.0,-1.8369701e-16,0.0
2023-09-11 00:00:00,4.0,0.23031431,1.2655594,-0.7868227,-0.4322957,-0.5667563,1.5647172,1.8415817,-0.5083942,-1.510228,-1.9029392,-2.1906219,-0.3100995,2.1684318,2.2584782,2.0938148,0.9648334,2.284491,1.1025524,2.0338593,1.1471142,2.3449206,1.9148815,-1.0110525,0.36168453,-0.95105654,0.309017,-1.0,-1.8369701e-16,0.0
2023-09-12 00:00:00,4.0,-0.15780085,-0.5333165,0.7233664,0.25308588,-0.28550732,-0.2694406,-0.99842083,0.35521945,-1.8599114,-2.1591861,-2.299748,-0.82095647,2.0722964,2.1470451,1.8889321,0.8631836,2.0533264,1.3088641,1.937435,0.9438197,2.1774952,1.8622135,-0.19567323,0.24527235,0.0,1.0,-1.0,-1.8369701e-16,0.0
2023-09-13 00:00:00,4.0,0.67743206,1.0781113,-1.0912113,0.35790077,0.853202,0.47873068,0.4596946,-0.3342464,-1.4233851,-1.8879421,-2.1643634,-0.15608701,2.2029355,2.2692735,1.6904062,0.4935838,1.6802197,1.7829925,1.9178323,0.96479416,2.280026,1.9579966,0.82958585,0.4577322,0.95105654,0.309017,-1.0,-1.8369701e-16,0.0
2023-09-14 00:00:00,4.0,-2.3365068,-0.8581468,1.0857842,-0.9005335,2.5947313,1.8436216,0.770617,-2.4130642,0.8969294,-0.00039433688,-0.9098407,2.357614,0.6188582,1.1764512,0.58307135,-1.0044274,0.64584994,1.4288936,1.7007486,0.25703073,0.62775743,0.9704144,1.7976998,-0.7340602,0.58778524,-0.809017,-1.0,-1.8369701e-16,0.0
2023-09-15 00:00:00,4.0,2.1785417,1.3636024,-0.7848118,-0.6283535,1.5851705,0.42224088,-0.758486,1.150614,1.8562093,0.8006979,-0.5475928,3.0,1.3694503,1.8043805,0.47514263,0.32296616,1.5711063,2.2255144,1.7212875,0.7761861,1.4122243,1.4112108,1.6442064,-0.14594786,-0.58778524,-0.809017,-1.0,-1.8369701e-16,0.0
2023-09-18 00:00:00,4.0,-0.29398218,-1.1366706,-0.49977937,0.20879404,-0.14759597,3.0,2.3887768,0.8745654,0.9534243,0.3751908,-0.67563057,2.000823,1.2471877,1.6781589,0.3810169,0.04991125,0.728098,2.0237916,1.7180017,0.60054195,1.1998419,1.339107,0.09673558,0.088392094,-0.95105654,0.309017,-1.0,-1.8369701e-16,0.0
2023-09-19 00:00:00,4.0,-0.7557487,-1.4354151,-0.3865429,-0.636513,0.08038192,-0.08964345,-1.2156006,0.5287757,0.55429876,0.25003427,-0.6168204,1.3622252,0.85639584,1.3717111,0.048318226,-0.272716,0.43125746,1.8139423,1.6849841,0.32860282,0.7411302,1.114563,0.39938274,0.08514129,0.0,1.0,-1.0,-1.8369701e-16,0.0
2023-09-20 00:00:00,4.0,0.6487316,0.5693357,-0.19800785,0.60724306,-0.6037776,-0.4919881,-0.5690563,0.9677623,-0.26274717,-0.3614044,-0.96905786,0.47664496,1.1039289,1.5558364,-0.027848972,-0.27343234,0.16387302,1.7656169,1.6262017,0.4523792,1.0232235,1.3486482,-0.61599594,-0.06476506,0.95105654,0.309017,-1.0,-1.8369701e-16,0.0
2023-09-21 00:00:00,4.0,-0.39328545,0.23971988,-0.7974481,1.9640731,0.44267678,0.2514224,0.692544,-1.148632,-0.08275095,-0.20047346,-0.82636184,0.5973275,0.9419006,1.42029,-0.25810543,0.7521896,-0.18946701,1.6563772,1.6681433,0.2829152,0.69730335,1.1802355,1.0525081,0.10832703,0.58778524,-0.809017,-1.0,-1.8369701e-16,0.0
2023-09-22 00:00:00,4.0,-0.61484385,-0.023660632,1.1421956,0.35324162,1.1536604,-0.34944656,-0.615059,-1.2370061,0.7975907,0.54332685,-0.302968,1.3459594,0.6160927,1.1800864,-0.6066428,-0.75412273,-0.31174293,1.7953485,1.4946321,0.05797132,0.19280204,0.875922,1.5385962,1.4173325,-0.58778524,-0.809017,-1.0,-1.8369701e-16,0.0
2023-09-25 00:00:00,4.0,0.59322953,1.1160387,-0.29500848,-0.7328648,0.8209268,0.37432265,0.4307053,-1.0288785,1.098136,0.82489353,-0.11599177,1.5847247,0.9052277,1.3840736,-0.6763898,-0.27938128,-0.16726582,1.8392347,1.5433103,0.25711897,0.33448127,0.9965122,1.4330252,1.490778,-0.95105654,0.309017,-1.0,-1.8369701e-16,0.0
2023-09-26 00:00:00,4.0,0.054131746,0.1701599,-0.10869077,1.2584335,-0.50004876,1.0511193,0.2572652,0.07935044,0.23114353,0.24230549,-0.40422696,0.65055066,0.96896493,1.4130363,-0.70858425,0.15942673,-0.0865154,1.7484064,1.4406745,0.30237734,0.28708354,1.0569714,-0.3102513,1.4890603,0.0,1.0,-1.0,-1.8369701e-16,1.0
2023-09-27 00:00:00,4.0,0.38095427,0.7329,-0.49269167,0.38543177,0.4742902,-0.48215085,-0.9499241,-0.5310049,0.437446,0.39040512,-0.30195034,0.83904,1.1441169,1.5163203,-0.6484594,0.006414816,-0.19900788,1.3361189,1.203082,0.49115792,0.36254376,1.0910441,0.9961815,0.49137187,0.95105654,0.309017,-1.0,-1.8369701e-16,1.0
2023-09-28 00:00:00,4.0,0.94170725,1.3537511,-1.1470915,-0.38145912,-0.4764098,-0.7338323,-0.43745425,0.41109136,-0.24520083,-0.18190354,-0.6830527,0.20808268,1.4866984,1.7621804,-0.376573,0.7190447,1.0765351,1.4579878,1.307247,0.9386559,0.79283303,1.4191419,-0.14515154,0.5199868,0.58778524,-0.809017,-1.0,-1.8369701e-16,1.0
2023-09-29 00:00:00,4.0,0.17131247,-0.5080166,1.0730629,0.23683919,0.4398955,-0.6378392,-0.20969653,1.235523,0.105162,0.058025643,-0.52160925,0.56178343,1.5535085,1.795357,-0.19888681,1.1280003,0.2725449,1.61472,1.5209309,1.0872474,0.72203726,1.388365,1.0308566,0.47682977,-0.58778524,-0.809017,-1.0,-1.8369701e-16,1.0
2023-10-02 00:00:00,4.0,-1.7150458,-1.7956222,-0.25788176,-1.2262245,-0.37121072,-0.48610336,-0.12248059,-0.8948246,0.057739228,0.15294962,-0.28970313,0.30556953,0.44577038,1.0688353,-0.5219524,-0.05410429,-0.24864496,0.45464745,1.5096867,0.14974007,-0.17284504,0.8307224,0.21065047,0.07961222,-0.95105654,0.309017,-1.0,-1.8369701e-16,1.0
2023-10-03 00:00:00,4.0,-2.0365613,-1.6609343,-0.2922526,-1.0033137,1.5318776,-0.44528565,-0.19081682,0.11869185,1.658446,1.5715982,0.852903,1.5402894,-0.7019414,0.23465909,-1.1861115,-1.1482846,-0.7372602,-0.2473048,1.1709205,-1.2349658,-1.2215008,-0.021686006,1.5802605,-0.31832007,0.0,1.0,-0.8660254,0.5,0.0
2023-10-04 00:00:00,5.0,-0.6705385,-0.9678324,0.65867144,-0.4146195,-0.6934774,-0.76168066,-0.5590825,-0.05694255,0.82248783,1.0687606,0.6762101,0.62098837,-1.0002096,-0.0040199235,-1.7204056,-1.7135028,-1.2570343,-0.97569305,1.0587686,-1.6602132,-1.4980047,-0.23453462,-0.27093595,0.096169434,0.95105654,0.309017,-0.8660254,0.5,0.0
2023-10-05 00:00:00,5.0,-2.5187492,-1.5862825,-0.8807412,-0.4047425,2.1650665,0.8074786,1.6719595,0.044984996,3.0,3.0,2.38504,2.351938,-2.0576775,-0.98881835,-2.2434416,-3.0,-2.056142,-2.056316,0.5786436,-2.8280575,-2.3449194,-1.2288061,1.5685543,-1.1385242,0.58778524,-0.809017,-0.8660254,0.5,0.0
2023-10-06 00:00:00,5.0,-0.14488,0.17887606,-0.50028056,1.7796466,-0.03390227,-0.7767109,-1.033143,-0.6897371,2.4813058,2.712103,2.3033345,1.695309,-1.9953012,-1.0192249,-2.510221,-3.0,-1.8218563,-1.9461818,0.39716104,-2.3823845,-2.2015598,-1.2772704,0.6661102,-1.1059102,-0.58778524,-0.809017,-0.8660254,0.5,0.0
2023-10-09 00:00:00,5.0,0.8767133,0.64953756,0.068050265,0.075656034,0.18483242,-0.576982,-0.07710782,0.4250542,2.1545775,2.449905,2.1459105,1.4291446,-1.4332063,-0.66069424,-2.3448956,-1.9665065,-1.6667176,-1.680366,0.5376453,-1.6874211,-1.681934,-0.9859903,1.0089173,-0.537057,-0.95105654,0.309017,-0.8660254,0.5,0.0
2023-10-10 00:00:00,5.0,1.9661096,0.5745481,0.363658,-0.09864336,-0.5430928,-0.19887896,0.18014976,3.0,2.509441,2.6264966,2.22322,1.8882213,-0.48056695,0.08175356,-1.7343587,-0.19766736,-0.9386247,-0.94833606,1.0624837,-0.6330392,-0.8005298,-0.3672106,0.22156982,0.0870869,0.0,1.0,-0.8660254,0.5,0.0
2023-10-11 00:00:00,5.0,0.49932957,0.26395467,-1.1567479,2.0086136,0.037190154,-0.7191421,-0.67745274,0.4963777,2.0404158,2.3196366,2.0885394,1.3953516,-0.2366787,0.28997296,-1.2803738,0.31745034,-0.90146375,-1.0092896,1.2580696,-0.31379256,-0.5466024,-0.20235728,0.91985047,0.3765463,0.95105654,0.309017,-0.8660254,0.5,0.0
2023-10-12 00:00:00,5.0,-0.84114236,-1.0817066,1.0752041,-1.0784218,0.9578862,-0.42223728,0.033973403,0.668644,2.3362799,2.6168725,2.494325,1.5139179,-0.6154235,-0.058754615,-1.0519534,1.0647495,-1.5546199,-0.5107104,0.96801716,-0.7195081,-0.8589944,-0.57676905,1.3138059,0.5183281,0.58778524,-0.809017,-0.8660254,0.5,0.0
2023-10-13 00:00:00,5.0,2.03531,0.5499289,-0.80372614,1.1407197,1.7675258,0.085515164,0.25271854,2.320069,2.7860744,2.8558335,2.6179981,2.062952,0.2549485,0.7149206,-0.53356385,1.9902084,-0.824034,-0.54096866,1.0244653,0.42109582,-0.04848954,0.071488135,1.4424317,-0.7690335,-0.58778524,-0.809017,-0.8660254,0.5,0.0
2023-10-16 00:00:00,5.0,1.3692394,1.2117317,0.0732098,-1.1829618,-0.6571976,1.3190992,0.22432582,1.2564852,2.2338314,2.443945,2.3033884,1.5892273,0.7517714,1.1937667,0.0048287055,2.137189,0.29887578,0.06715444,1.2084339,0.9998702,0.4972118,0.57684344,0.075461075,-1.0676148,-0.95105654,0.309017,-0.8660254,0.5,0.0
2023-10-17 00:00:00,4.0,-0.0010342145,-0.2874851,0.82504946,0.98791486,-0.63413066,-0.9579096,-1.059959,0.3759199,1.4140035,1.8797156,1.9408352,0.7130839,0.7872285,1.2068921,0.37414992,1.3016372,1.0216274,0.3305651,1.1201712,0.8588254,0.5425639,0.6570915,0.10274912,-0.9839776,0.0,1.0,-0.8660254,0.5,0.0
2023-10-18 00:00:00,4.0,0.6244702,0.90138656,-0.061354715,-0.35440224,-0.2847657,-0.8138209,-0.13072929,-0.13262567,0.9982221,1.5207673,1.6569014,0.31153777,1.0173848,1.407593,0.7088756,1.372598,1.49238,0.33262,1.0234392,0.9742809,0.8271958,0.9351752,0.534553,-0.9035056,0.95105654,0.309017,-0.8660254,0.5,0.0
2023-10-19 00:00:00,4.0,0.21280521,-0.32264665,0.61945385,1.0888383,-0.85352504,0.13025974,0.41716722,0.8007104,0.4052926,1.0438739,1.2962307,-0.31560543,1.1089957,1.4715881,0.9693538,1.7858757,2.396372,0.54574645,1.1585428,0.8983544,0.96720695,1.1038797,-0.23435804,-1.1120391,0.58778524,-0.809017,-0.8660254,0.5,0.0
2023-10-20 00:00:00,4.0,-0.84257793,-1.0198431,-0.42257693,0.4601119,0.4778757,-0.20174512,-0.3978459,0.07419525,0.7447639,1.2537007,1.529849,-0.0057190577,0.64564085,1.0701324,0.8693634,0.5771391,2.0588098,0.44892666,1.09194,0.5104183,0.53927004,0.6691697,1.0316417,-1.2437713,-0.58778524,-0.809017,-0.8660254,0.5,0.0
2023-10-23 00:00:00,5.0,-1.1358773,-1.3707119,0.2574222,-0.9620845,0.45514148,-0.05732978,-0.17908895,0.20161028,1.0425861,1.4726992,1.7845774,0.20063151,0.032430563,0.5361553,0.54562116,-0.486538,1.3323611,-0.1769664,0.81662947,0.09564484,0.04029379,0.13795829,0.9982448,-0.5779677,-0.95105654,0.309017,-0.8660254,0.5,0.0
2023-10-24 00:00:00,5.0,-1.850372,-1.1041523,0.23982343,-0.37514067,0.7241317,1.2423801,0.27776965,-1.5523763,1.5461992,1.881563,2.2208624,0.5331723,-0.87633866,-0.30984342,-0.040117502,-1.2764742,-0.0058845514,-0.8920865,0.5482402,-0.5331197,-0.709922,-0.6877783,1.1218263,-0.56710947,0.0,1.0,-0.8660254,0.5,0.0
2023-10-25 00:00:00,5.0,0.17252,0.7313976,0.55581576,-0.4783466,-0.0020928117,-0.86127406,-0.911462,-1.0929028,1.3808466,1.7425028,2.0868938,0.35509315,-0.73045737,-0.209481,-0.37432462,-1.4373704,-0.11505992,-0.94884884,0.3401113,-0.42000723,-0.5792038,-0.6172539,0.73253274,-0.12664518,0.95105654,0.309017,-0.8660254,0.5,0.0
2023-10-26 00:00:00,4.0,-0.08327326,0.38993078,0.7836686,0.16790403,-0.7723116,-0.7402952,-0.16845337,-0.76281244,0.8943423,1.3970526,1.8256093,-0.187418,-0.6981091,-0.20414291,-0.60443723,-1.5281448,0.1445562,-1.2783197,0.36525306,-0.38210753,-0.5302102,-0.6284371,0.0049737105,-0.20661178,0.58778524,-0.809017,-0.8660254,0.5,0.0
2023-10-27 00:00:00,5.0,-0.26423374,-0.4751215,0.39425096,1.0233157,-0.57062393,0.03962348,0.22378525,0.08999513,0.636544,1.1867925,1.6699344,-0.47728992,-0.7653709,-0.2841633,-0.78239965,-1.2833033,-0.66082835,-1.40524,0.5938009,-0.4023524,-0.5522821,-0.7364541,0.28454366,-0.27272046,-0.58778524,-0.809017,-0.8660254,0.5,0.0
2023-10-30 00:00:00,5.0,-0.5701343,-1.0741134,0.68666685,-0.64438677,1.1080506,0.31862932,-0.09041939,1.2344351,1.3648187,1.6285441,1.9918821,0.30508822,-0.99652356,-0.5179669,-0.9161939,-1.0485533,-1.3302191,-1.0667284,0.31029528,-0.5471858,-0.7271757,-1.0266044,1.2498174,-0.2161231,-0.95105654,0.309017,-0.8660254,0.5,0.0
2023-10-31 00:00:00,2.0,-0.6162043,-0.57632196,0.42554095,0.6245146,-0.7609848,3.0,2.6146235,-0.5131735,0.93401575,1.3649594,1.8244716,-0.22917798,-1.233485,-0.76568955,-1.1076715,-0.5380148,-1.514164,-0.6328494,-0.14518662,-0.7262018,-0.9352658,-1.2426786,-0.050038222,-0.4152099,0.0,1.0,-0.8660254,0.5,0.0
2023-11-01 00:00:00,2.0,-3.0,-0.4724101,-0.038330905,1.206484,0.2997122,1.1682864,-0.8224557,-3.0,3.0,2.9851792,3.0,1.9070935,-2.3912385,-2.0723667,-1.4768045,-1.9004185,-2.7179656,-1.5912497,-0.8732026,-1.7219445,-1.9077213,-2.3201368,0.8956511,-1.7366141,0.95105654,0.309017,-0.8660254,0.5,0.0
2023-11-02 00:00:00,2.0,-1.1106768,-0.21291621,1.537385,0.61581516,0.33832037,0.78819674,-0.41791785,-1.6777112,2.73258,2.7846384,3.0,1.3140635,-2.5209472,-2.3388693,-1.8669221,-2.2348485,-2.9379847,-1.1636661,-1.076885,-1.9390273,-2.161233,-2.5336142,0.722369,-1.4105393,0.58778524,-0.809017,-0.5,0.8660254,0.0
2023-11-03 00:00:00,2.0,0.5535266,0.20508651,-0.49082413,1.641277,-0.38816196,-0.14336629,-0.7355748,0.56432366,2.0393522,2.3121047,2.5985568,0.64075273,-2.100079,-1.9925108,-1.9409811,-1.8729376,-2.3875556,-0.90823275,-1.3771745,-1.6819891,-1.9142774,-2.2562573,0.38671267,-0.889017,-0.58778524,-0.809017,-0.5,0.8660254,0.0
2023-11-06 00:00:00,2.0,-1.1707513,-1.3245208,-1.0514348,-0.07449038,2.0309715,-0.3183508,-0.36159697,0.99961734,2.617903,2.7061605,2.8788002,1.1979097,-2.2583747,-2.2353976,-1.880341,-2.0512354,-2.3119504,-1.5920169,-1.604487,-1.8140471,-2.047271,-2.3914764,1.2808404,-1.706121,-0.95105654,0.309017,-0.5,0.8660254,0.0
2023-11-07 00:00:00,2.0,0.2118854,1.0053247,-0.58471346,-0.05194883,-1.415392,-1.0378947,-0.91956615,-0.67031866,1.6313186,2.061506,2.3973265,0.09377388,-2.035399,-2.0429256,-1.8722954,-1.7146801,-1.695062,-2.0767884,-1.3795092,-1.5306674,-1.9218041,-2.2686188,-0.8877182,-2.2132468,0.0,1.0,-0.5,0.8660254,0.0
2023-11-08 00:00:00,2.0,-1.4069381,-0.8600879,1.5542784,-1.0588266,0.037575167,-0.17123365,1.2818549,-1.1644529,1.6220046,2.0601857,2.4212651,-0.04248118,-2.2255538,-2.3133662,-1.8588135,-1.0723414,-2.0680025,-2.5781393,-1.5883988,-1.5999832,-2.1510572,-2.491567,0.5352828,-2.380965,0.95105654,0.309017,-0.5,0.8660254,0.0
2023-11-09 00:00:00,2.0,-0.54487383,-1.0718815,1.4177518,-1.397211,-1.9029455,-0.35372138,-0.37572682,-0.36155564,0.6701197,1.4397987,2.0005655,-1.2314408,-2.2160645,-2.3324196,-1.9539349,-0.85881674,-2.114318,-2.3854742,-1.4666247,-1.50542,-2.2759619,-2.5908406,-1.7445571,-2.2078083,0.58778524,-0.809017,-0.5,0.8660254,0.0
2023-11-10 00:00:00,2.0,-0.2550191,1.1029351,-1.0002332,0.027310159,-1.0423946,0.278258,0.3383118,-1.5532436,0.32721078,1.1383351,1.7632787,-1.6032501,-2.1570108,-2.2822974,-1.8847989,-1.1450759,-2.0405095,-2.8282223,-1.5397736,-1.3799173,-2.2024534,-2.550792,-0.899161,-1.7132356,-0.58778524,-0.809017,-0.5,0.8660254,0.0
2023-11-13 00:00:00,2.0,0.33826447,0.43890458,0.21145977,0.6398233,-1.130458,0.04466042,-0.39740375,0.11087892,-0.06423284,0.7792183,1.4643874,-1.9741884,-1.910378,-2.0666044,-1.6995119,-0.6035284,-1.7703031,-2.8708637,-1.5412498,-1.1943083,-1.9530088,-2.3716507,-1.1449732,-0.7326093,-0.95105654,0.309017,-0.5,0.8660254,0.0
2023-11-14 00:00:00,2.0,0.9067178,1.13772,-1.1467888,0.07622378,-0.41221666,1.2714282,0.76626855,0.030887365,-0.09354879,0.6082778,1.2551458,-1.8043051,-1.4488466,-1.6876341,-1.2935691,-0.34998754,-1.3822424,-2.4848812,-1.2582412,-0.95530933,-1.4935229,-2.0219152,-0.07861496,-1.0675238,0.0,1.0,-0.5,0.8660254,0.0
2023-11-15 00:00:00,1.0,-0.5154551,-1.0916511,-1.0891726,0.5893327,-0.78997713,-0.7771902,-1.1260371,0.19356608,-0.21796142,0.4615071,1.1437484,-1.8621266,-1.5190142,-1.7542722,-1.0399959,-0.024080317,-0.73651516,-2.6043415,-1.6008939,-0.96328616,-1.4875375,-2.0689373,-0.6342888,-1.0351723,0.95105654,0.309017,-0.5,0.8660254,0.0
2023-11-16 00:00:00,2.0,0.14705311,-0.10982872,-0.4671293,2.434777,-1.4426687,-0.7972946,-0.26216817,0.2793914,-0.684308,0.08186157,0.86027217,-2.2912643,-1.4054958,-1.646583,-0.8035945,0.22731857,-0.42625356,-2.476728,-1.5247048,-0.8672182,-1.3077313,-1.989474,-1.4967756,-0.49102262,0.58778524,-0.809017,-0.5,0.8660254,0.0
2023-11-17 00:00:00,2.0,-1.8423688,-1.9581494,-1.8828554,-0.9862975,0.95836985,-0.11005434,0.52365243,0.54823214,0.24085781,0.60672563,1.2099016,-1.14742,-1.748382,-2.0051858,-0.75542927,-0.36797038,-1.0179993,-2.5801754,-1.7516875,-1.165374,-1.5924163,-2.219241,0.99842775,-0.480541,-0.58778524,-0.809017,-0.5,0.8660254,0.0
2023-11-20 00:00:00,1.0,1.2361181,0.9566608,-1.1430285,0.60258657,0.1714163,-0.95509094,-0.84503984,0.5418051,0.3589016,0.5801467,1.0827016,-0.8395853,-1.2087896,-1.552063,-0.49021044,-0.023674771,-0.4219249,-2.0053158,-1.4687947,-0.8485557,-1.02464,-1.7838101,0.34822112,-0.9224004,-0.95105654,0.309017,-0.5,0.8660254,0.0
2023-11-21 00:00:00,1.0,0.35268065,0.8144961,0.10589172,-0.1271402,-1.0228213,-1.124465,-0.52399933,-0.18353163,-0.13804667,0.24691534,0.8374647,-1.3608152,-1.047358,-1.4024812,-0.23653813,-0.22151078,-0.38362977,-1.5328872,-1.4482375,-0.70792997,-0.8265948,-1.6642163,-1.5200237,-1.0868416,0.0,1.0,-0.5,0.8660254,0.0
2023-11-22 00:00:00,5.0,-0.5024218,-0.049091786,2.1467562,0.28243384,-0.24222921,-0.98191094,0.018355293,-0.9008297,-0.085855745,0.2480384,0.82498467,-1.241587,-1.1370641,-1.4724456,-0.081148215,-0.22105409,-0.16453187,-1.63296,-1.9283515,-0.75330895,-0.84996605,-1.6920863,-0.2958846,-1.1136768,0.95105654,0.309017,-0.5,0.8660254,0.0
2023-11-23 00:00:00,2.0,-1.344858,-1.2214917,-0.92253023,0.014084384,1.3118931,-0.24783313,0.90997934,0.24583367,0.9330893,0.873503,1.2107582,-0.16129468,-1.3840282,-1.7000713,-0.1211811,-0.78161865,-0.37388763,-1.8419065,-2.3294063,-1.0164769,-1.0316864,-1.7861158,1.141547,-0.7481916,0.58778524,-0.809017,-0.5,0.8660254,0.0
2023-11-24 00:00:00,5.0,1.0115281,1.1956239,0.18674196,-1.1906095,-1.43832,-0.92414165,-0.84683335,0.95441526,0.352718,0.50736976,0.9302896,-0.7192998,-0.9828753,-1.3563958,0.028613277,0.2909969,-0.052442726,-1.5557328,-1.9345324,-0.69367963,-0.63015443,-1.5288373,-2.0755174,-0.5311176,-0.58778524,-0.809017,-0.5,0.8660254,0.0
2023-11-27 00:00:00,4.0,0.45907545,0.9438191,-0.5658325,0.12263249,-0.66018,-0.92207134,-0.2888553,-0.30107382,-0.062084958,0.22814153,0.7277189,-1.0885822,-0.8116633,-1.1979897,0.24252754,-0.0060594482,-0.020079885,-1.3481517,-2.1627,-0.50735974,-0.3903211,-1.3972092,-1.113174,-0.73764306,-0.95105654,0.309017,-0.5,0.8660254,0.0
2023-11-28 00:00:00,4.0,-0.13738336,0.3919514,0.6919676,0.32576326,-0.38692975,-1.0406879,-0.31895387,-0.86371666,-0.18412834,0.12633266,0.65218884,-1.1609476,-0.83131343,-1.1987207,0.39687893,-0.19727316,-0.28141528,-1.2533246,-2.1219642,-0.5730353,-0.32620078,-1.3782462,-0.67889154,-0.7238444,0.0,1.0,-0.5,0.8660254,0.0
2023-11-29 00:00:00,4.0,0.07360429,0.35880858,0.945055,0.20006847,-0.9283706,-0.6675186,0.13156722,-0.31030378,-0.63859135,-0.19643213,0.44237712,-1.5652633,-0.8048228,-1.1597558,0.54797786,0.025320118,-0.13603857,-0.6590826,-2.2724102,-0.50738126,-0.25645557,-1.3540851,-1.7692442,-0.45577598,0.95105654,0.309017,-0.5,0.8660254,0.0
2023-11-30 00:00:00,4.0,-0.32416645,0.17169087,2.1519814,-0.4979842,-0.8199145,-0.9424374,-0.5529236,-0.8474831,-0.9445251,-0.44529775,0.28546256,-1.8035718,-0.88721395,-1.2098384,0.6230998,0.4434786,-0.25891104,-0.5149938,-2.332645,-0.70279413,-0.33570835,-1.4194335,-1.6364208,0.044542845,0.58778524,-0.809017,-0.5,0.8660254,0.0
2023-12-01 00:00:00,4.0,1.0513399,0.30586475,1.9162364,-0.5844438,1.0279835,2.7963476,3.0,1.0560048,-0.0917134,-0.054611646,0.39929634,-0.6447917,-0.46154955,-0.887837,0.8319687,0.4545246,0.5055634,-0.4175873,-1.9803587,0.16057813,0.08917166,-1.047109,0.82473654,-0.68223363,-0.58778524,-0.809017,-0.5,0.8660254,0.0
2023-12-04 00:00:00,4.0,-0.010326028,-0.23346965,1.2797388,0.47188386,-0.67678165,-0.6797009,-1.3204775,0.040965803,-0.54149187,-0.34186912,0.22259504,-1.0701336,-0.46671513,-0.880272,1.0275469,0.26597026,0.17272319,-0.20276459,-1.9603341,0.18296903,0.11744782,-1.0427644,-1.5880167,-0.10313622,-0.95105654,0.309017,-2.4492937e-16,1.0,0.0
2023-12-05 00:00:00,4.0,-0.7770488,0.5089251,1.6256714,-0.8464691,0.99362487,-0.49021786,0.057756145,-2.2608976,0.09186137,0.04867533,0.44996122,-0.42801476,-0.7161217,-1.0516713,0.96235126,0.0053275777,-0.1390406,-0.39310375,-2.0259788,-0.7192231,-0.11363466,-1.1220587,0.6217366,0.42717707,0.0,1.0,-2.4492937e-16,1.0,0.0
2023-12-06 00:00:00,4.0,0.10383551,0.88436013,-0.13234948,-0.08631472,-0.19687895,-0.734915,-0.54134226,-0.8753583,-0.1697787,-0.11319472,0.34405303,-0.6436116,-0.69340795,-1.0208013,0.9729221,0.017952945,0.030682975,-0.10758331,-2.0468693,-0.62513137,-0.06248882,-1.0740036,-0.8113144,0.52036595,0.95105654,0.309017,-2.4492937e-16,1.0,0.0
2023-12-07 00:00:00,4.0,-0.7449137,-0.9895498,1.5009551,-1.5388131,-0.47790837,-0.0040046643,0.7782124,-0.40411454,-0.4112101,-0.24248542,0.29424205,-0.8915329,-0.917957,-1.1702372,0.82077783,-0.14961913,0.21530405,-0.14641778,-1.7677041,-1.3698115,-0.3348693,-1.2038828,-1.0780461,0.80849344,0.58778524,-0.809017,-2.4492937e-16,1.0,0.0
2023-12-08 00:00:00,4.0,-0.69729567,-0.9990971,1.0636559,-1.2496904,-0.49381134,0.652192,0.3255046,-0.3100824,-0.5860767,-0.3564493,0.24196574,-1.0751643,-1.1025957,-1.2987399,0.587078,-0.8509314,-0.27391267,-0.23015502,-2.1590426,-1.6990157,-0.5949968,-1.3237809,-1.1610714,0.3746733,-0.58778524,-0.809017,-2.4492937e-16,1.0,0.0
2023-12-11 00:00:00,4.0,1.2927492,0.8514732,-0.82393247,0.6554705,0.5797608,-0.6822798,-1.065716,0.76496166,-0.31018373,-0.2958604,0.16217257,-0.6201028,-0.52829194,-0.91039467,0.6796421,-0.3395446,-0.050106432,-0.050973613,-1.8462443,-0.5443905,-0.08130188,-0.9597378,0.22680157,0.10363446,-0.95105654,0.309017,-2.4492937e-16,1.0,0.0
2023-12-12 00:00:00,4.0,-0.025833871,-0.62655115,-0.09678314,0.7917646,-0.7467589,-0.0067878035,0.5718981,0.33799097,-0.71040636,-0.5738682,-0.015883453,-0.973688,-0.5492183,-0.9115414,0.745957,-0.028878724,-0.016876565,-0.24213661,-1.7064664,-0.5820184,-0.078505814,-0.9653192,-1.4855403,0.4564599,0.0,1.0,-2.4492937e-16,1.0,0.0
2023-12-13 00:00:00,4.0,-0.7750063,-1.4584081,0.13554408,-1.4226515,-0.29178312,0.11820201,-0.094497934,0.09430351,-0.727018,-0.5941132,-0.013377916,-0.97298604,-0.7966262,-1.0768894,0.62779313,-0.37576354,-0.25800246,-0.29516006,-1.8853599,-1.1916491,-0.3733978,-1.1188028,-0.78230387,1.4156407,0.95105654,0.309017,-2.4492937e-16,1.0,0.0
2023-12-14 00:00:00,4.0,-0.01574193,0.24600706,1.2290012,0.25450742,-1.0192682,1.6116586,1.0854167,-0.34183416,-1.161022,-0.9396829,-0.2432762,-1.3221604,-0.81519043,-1.076225,0.5513294,-0.08304593,-0.16764504,-0.33534303,-1.8000271,-1.1157054,-0.3802865,-1.152035,-1.8338721,1.0700425,0.58778524,-0.809017,-2.4492937e-16,1.0,0.0
2023-12-15 00:00:00,4.0,1.0044752,0.599141,0.23288637,0.33660963,0.9705433,0.71481985,-0.6053339,0.61925644,-0.6008991,-0.69484866,-0.22568175,-0.5958079,-0.34270263,-0.76461655,0.6949326,0.5893595,-0.19350842,0.27813244,-1.5358652,-0.29772702,0.056891244,-0.8294352,0.5269258,1.0108645,-0.58778524,-0.809017,-2.4492937e-16,1.0,0.0
2023-12-18 00:00:00,5.0,-1.0153573,-1.814742,-1.2498722,-1.1947181,1.2238975,2.2730098,1.1186454,1.0632061,0.12533255,-0.15783063,0.11229513,0.040052503,-0.6900306,-0.9961646,0.5703202,-0.3283804,-0.48345774,-0.22202861,-1.7526002,-1.0594738,-0.3223796,-0.9747326,0.71790403,1.6915135,-0.95105654,0.309017,-2.4492937e-16,1.0,0.0
2023-12-19 00:00:00,4.0,1.1955508,1.1632588,-0.40760463,-0.33740404,0.71265537,-0.3849848,-1.2206004,0.14488788,0.26624507,-0.09040063,0.051898498,0.27252242,-0.15450515,-0.6325953,0.7168758,0.16588679,0.09865113,-0.040676873,-1.556272,-0.09699591,0.19543391,-0.64422745,0.28443772,1.7365079,0.0,1.0,-2.4492937e-16,1.0,0.0
2023-12-20 00:00:00,4.0,-0.071896575,0.41112074,1.093971,0.12310846,-0.722646,0.42686284,0.75152034,-0.628227,-0.28212184,-0.41934168,-0.144671,-0.248951,-0.20515476,-0.66037935,0.79679036,0.44484153,0.04671107,0.06354718,-1.5951285,-0.19875944,0.15429592,-0.6669969,-1.285309,1.4440143,0.95105654,0.309017,-2.4492937e-16,1.0,0.0
2023-12-21 00:00:00,4.0,0.6416786,-0.31197417,0.35845917,0.8443759,1.0321836,-0.03150578,-0.5302671,1.3505846,0.024013434,-0.24457708,-0.11172845,0.10377605,0.0747862,-0.47526354,0.9270366,0.71310127,0.46143275,0.56286716,-1.6026483,0.27841112,0.40286073,-0.46068206,0.38952944,0.41132382,0.58778524,-0.809017,-2.4492937e-16,1.0,0.0
2023-12-22 00:00:00,4.0,0.058701836,-0.014314747,0.23866381,1.6220707,-0.6706656,-0.45188975,-0.55648565,-0.040808104,-0.43950254,-0.55845284,-0.32255682,-0.30469832,0.07221062,-0.4787554,1.0161122,0.33738554,0.6842739,0.3308676,-1.6098175,0.26813152,0.41233146,-0.43942785,-1.1427226,0.09565394,-0.58778524,-0.809017,-2.4492937e-16,1.0,0.0
2023-12-27 00:00:00,4.0,0.2833201,-0.30653766,1.4988793,-0.15747716,-2.0194745,-1.2397963,-1.1398429,0.39768028,-1.5788934,-1.4470066,-0.94418585,-1.3085889,0.18433008,-0.4019981,1.1378009,0.8660894,0.38769135,0.28708997,-1.3643333,0.49545544,0.5194989,-0.40046105,-1.8770182,0.19577728,-0.95105654,0.309017,-2.4492937e-16,1.0,0.0
2023-12-28 00:00:00,4.0,0.12113018,-0.5240264,0.39616495,0.36809367,-0.71429443,-0.61258143,1.5347292,0.4488714,-1.7366852,-1.688682,-1.2082801,-1.4065102,0.19672947,-0.379958,1.1722249,0.41937196,0.4305446,0.35825792,-1.0908751,0.54696107,0.5433245,-0.33720493,-1.428779,0.13518824,0.58778524,-0.809017,-2.4492937e-16,1.0,1.0
2023-12-29 00:00:00,4.0,-0.1773646,-0.5365636,0.98637515,-0.19954841,-1.5446762,-0.88841707,-0.6301152,-0.18701604,-2.265962,-2.199894,-1.6647588,-1.9241785,0.045179393,-0.45000556,1.148385,0.37888235,0.6060598,0.29527503,-1.0355318,0.28013393,0.4096413,-0.39731488,-1.7082838,0.2156662,-0.58778524,-0.809017,-2.4492937e-16,1.0,1.0
2024-01-02 00:00:00,4.0,0.2290471,0.5285804,-2.0616734,2.454231,-1.0312793,-1.2663928,-1.1179116,-0.034879737,-2.3542767,-2.3810494,-1.9392017,-2.0166612,0.13979414,-0.3804106,1.1352684,0.20952287,0.67338413,0.43709117,-0.66010237,0.46189478,0.4898275,-0.29015395,-1.4912293,-0.05647835,-0.95105654,0.309017,-2.4492937e-16,1.0,1.0
2024-01-03 00:00:00,4.0,0.80783796,1.1739644,0.18438254,-0.96734667,-1.296906,-0.18640363,3.0,0.6553079,-2.3317554,-2.479967,-2.1919086,-1.9437314,0.6167187,-0.081577994,1.2721448,0.521347,0.6006222,0.35085106,-0.52520967,1.4625044,0.9300373,0.027163127,-1.5387084,-0.9775856,0.95105654,0.309017,0.5,0.8660254,0.0
2024-01-04 00:00:00,4.0,0.22768703,0.47992557,-1.1501302,1.7283663,-0.22779731,0.36284164,0.25182864,-0.12594123,-2.086119,-2.3556356,-2.218272,-1.6119344,0.6973442,-0.014659506,1.3373846,0.497069,0.95882684,0.4084385,-0.6154111,1.8353449,1.0148778,0.16371235,-0.8507053,-1.0912411,0.58778524,-0.809017,0.5,0.8660254,0.0
2024-01-05 00:00:00,4.0,0.35568064,-1.4137268,0.46627083,-1.5812391,-0.20604518,0.18753918,-0.30987108,1.4985535,-1.7643646,-2.1465342,-2.157372,-1.1620058,0.8504962,0.09654018,1.353999,0.5838953,0.69323385,0.7014966,-0.8507845,2.0142066,1.1101092,0.3311522,-0.98693186,-1.8894426,-0.58778524,-0.809017,0.5,0.8660254,0.0
2024-01-08 00:00:00,4.0,0.19258782,1.1622875,-0.17284426,-0.54493976,0.34540832,-0.72970504,-0.7899901,-0.91144854,-1.4944893,-1.9474503,-2.0706537,-0.7743013,0.9032313,0.14577042,1.3115568,0.73455226,0.7612309,0.7181908,-0.9107767,1.9400743,1.1099693,0.445023,-0.09547269,-1.823972,-0.95105654,0.309017,0.5,0.8660254,0.0
2024-01-09 00:00:00,4.0,-1.7997844,-1.4649912,-0.78414893,-0.65442145,1.0957319,0.7472676,1.4045519,-1.05156,-0.6253792,-1.2512168,-1.480109,0.26049078,-0.2566883,-0.4920498,0.77991956,-0.0818953,0.0922361,0.4904054,-1.0634872,-0.49279362,0.10996197,-0.039572302,0.53445107,-3.0,0.0,1.0,0.5,0.8660254,0.0
2024-01-10 00:00:00,4.0,-0.15320256,-1.4114696,0.275768,-1.5639236,0.29151624,0.06864931,-0.57102096,1.0323571,-0.62129086,-1.1757913,-1.4202421,0.2563323,-0.3900033,-0.5706202,0.43033305,-0.5037238,0.036053263,0.6377311,-1.3941636,-0.85050607,-0.030310242,-0.039440922,-0.16622032,-2.9510005,0.95105654,0.309017,0.5,0.8660254,0.0
2024-01-11 00:00:00,4.0,-0.2619159,-0.38503164,1.5577449,-0.5168877,-0.35298607,-0.085766725,-0.3118634,-0.2257557,-0.8682182,-1.2765324,-1.4814918,-0.10512198,-0.5864436,-0.6970827,0.13184062,-0.75581974,-0.111672305,0.24657485,-1.649046,-1.1307205,-0.20772925,-0.10478769,-1.1063617,-3.0,0.58778524,-0.809017,0.5,0.8660254,0.0
2024-01-12 00:00:00,4.0,-0.14183153,-0.9892373,0.6368265,-1.0496925,-0.62097424,0.8785943,0.4662792,0.30531865,-1.1557376,-1.4330927,-1.5974882,-0.5365634,-0.7409594,-0.8009189,-0.118121825,-1.008353,-0.18505868,0.22703455,-1.6813664,-1.2044703,-0.35213646,-0.15604396,-1.1269288,-2.841541,-0.58778524,-0.809017,0.5,0.8660254,0.0
2024-01-15 00:00:00,4.0,0.25988573,-0.9792359,1.1147653,-1.5175309,-0.052715186,0.48080197,-0.39113304,1.0417402,-1.1766732,-1.4470478,-1.6392859,-0.54018795,-0.73514533,-0.7995858,-0.24128717,-1.0262862,-0.07023587,0.51084226,-1.7509954,-1.0116814,-0.30793893,-0.07199888,-0.6543659,-2.5662906,-0.95105654,0.309017,0.5,0.8660254,0.0
2024-01-16 00:00:00,4.0,0.07582306,-0.7292779,0.19392993,-0.15474892,-0.321549,-1.0843614,-1.0524553,0.51067257,-1.2721875,-1.5052572,-1.7039404,-0.67166966,-0.84933686,-0.8864343,-0.31834862,-0.114232294,-0.12536441,0.551138,-1.7944701,-1.0023198,-0.3816556,-0.071997546,-0.9670992,-2.5292308,0.0,1.0,0.5,0.8660254,0.0
2024-01-17 00:00:00,4.0,0.14563863,0.4631642,1.4173826,-0.1552005,0.8548237,0.94476205,2.4928746,-0.38693392,-0.95262045,-1.2964998,-1.5756226,-0.14305782,-0.93064404,-0.9588349,-0.31541014,0.036371462,-0.36207756,0.304745,-1.6732908,-0.85783917,-0.31978834,0.039173987,0.42244416,-2.6224618,0.95105654,0.309017,0.5,0.8660254,0.0
2024-01-18 00:00:00,4.0,-0.42057836,-0.057072796,-1.1202265,2.4817753,0.20209306,-0.354477,-0.8081771,-0.6466846,-0.7279904,-1.1124861,-1.4254649,0.16878584,-1.349444,-1.288686,-0.38869387,-0.04023965,-0.5903251,0.51830435,-1.5789171,-1.1410868,-0.61340916,-0.113381974,-0.31819412,-2.3928025,0.58778524,-0.809017,0.5,0.8660254,0.0
2024-01-19 00:00:00,4.0,-0.5416931,-1.0034953,-0.21383728,-0.308373,-0.63359463,0.27948263,0.12943122,-0.24679837,-1.0277202,-1.2590835,-1.4955958,-0.35909873,-1.7272258,-1.6306999,-0.5659315,-0.23361324,-0.8795544,0.0085996445,-1.3742708,-1.2503155,-1.0043104,-0.45306405,-1.1489946,-3.0,-0.58778524,-0.809017,0.5,0.8660254,0.0
2024-01-22 00:00:00,4.0,0.54142916,-0.9799636,0.799462,-1.2213935,-1.2310867,0.097222514,-0.34828046,1.0117412,-1.3307071,-1.4645057,-1.6607944,-0.83210766,-1.3066013,-1.4223747,-0.57263756,-0.100532256,-0.784869,0.16983858,-1.3510756,-0.7790727,-0.7931584,-0.31894103,-1.3363473,-2.3105865,-0.95105654,0.309017,0.5,0.8660254,0.0
2024-01-23 00:00:00,4.0,0.29816812,0.51102096,-0.123519585,1.0953434,0.3985172,0.83162427,0.11063491,-0.08817464,-1.274614,-1.4472147,-1.6636599,-0.7004455,-1.216559,-1.4218935,-0.47510648,0.008284779,-0.06996318,0.04279757,-1.3253847,-0.5320721,-0.6293039,-0.20738213,-0.5034839,-1.9246587,0.0,1.0,0.5,0.8660254,0.0
2024-01-24 00:00:00,4.0,1.1747462,0.22427548,0.33987153,1.2452056,-0.7250925,1.9511076,0.3329624,1.3750577,-1.2952334,-1.4938352,-1.7421286,-0.6449021,0.13829489,-0.5392046,-0.15537073,0.52885956,0.35369274,0.3307021,-1.1488818,0.14937356,0.07993466,0.52098155,-1.1062627,-1.6942275,0.95105654,0.309017,0.5,0.8660254,0.0
2024-01-25 00:00:00,4.0,0.53412086,1.935687,-1.7837567,-0.51017374,-0.74353546,-0.4982149,-0.91613394,-0.41739544,-1.5022442,-1.6374199,-1.8507966,-1.0115358,0.59758484,-0.1687887,0.15932141,1.0095174,0.6071294,0.38339564,-1.0037879,0.43175983,0.3618906,0.86653876,-0.9651708,-1.6268909,0.58778524,-0.809017,0.5,0.8660254,0.0
2024-01-26 00:00:00,4.0,0.68434155,0.65129757,2.103146,-1.427143,-0.04007949,-0.3153966,-0.10381787,0.41825953,-1.3896818,-1.5899683,-1.836369,-0.7363003,1.2536741,0.54095083,0.50503117,1.590234,0.86542034,0.533526,-0.80626565,0.79867834,0.781931,1.5454496,-0.5887558,-1.359449,-0.58778524,-0.809017,0.5,0.8660254,0.0
2024-01-29 00:00:00,4.0,1.3397595,0.46310952,2.3296902,-1.3787739,-1.2796915,1.4822106,0.73521364,1.6744459,-1.1822888,-1.4855943,-1.7913901,-0.12090622,2.34005,1.9340072,0.9433046,1.9189273,1.1776704,0.9056615,0.06518773,1.4689467,1.5029051,2.547832,-1.1503615,-1.3194916,-0.95105654,0.309017,0.5,0.8660254,0.0
2024-01-30 00:00:00,4.0,0.9106921,-1.387242,-0.6487595,-0.62443537,0.14770631,-0.113790885,-0.64943355,2.4086683,-0.9516769,-1.3522356,-1.7121524,0.52773136,2.770938,2.6283941,1.3156832,2.2199116,1.4611704,1.0471686,0.4617947,1.8582083,1.8821868,2.9788876,-0.40279734,-0.9455343,0.0,1.0,0.5,0.8660254,0.0
2024-01-31 00:00:00,4.0,0.6720504,1.2433368,-0.00673585,-0.72205573,-0.6664813,-0.4576755,-0.35838944,0.04313324,-1.2994106,-1.5408382,-1.8213558,-0.121765,2.8929443,2.9523466,1.6878102,1.9630361,1.6349969,0.9599133,0.45504925,2.10043,2.1642327,3.0,-0.7441737,-0.7337033,0.95105654,0.309017,0.5,0.8660254,0.0
2024-02-01 00:00:00,4.0,-1.1682005,-2.0916903,-1.582757,-1.3035082,1.5638951,0.34637555,0.07680436,0.74239194,-1.0333768,-1.3620926,-1.6567147,0.5474783,1.7178246,1.7732786,1.5278192,1.2483865,1.4763693,0.6182731,0.540495,1.4396023,1.4195781,2.198419,1.1796949,0.42300358,0.58778524,-0.809017,0.5,0.8660254,0.0
2024-02-02 00:00:00,4.0,0.728329,-0.046022665,1.4600744,0.102721676,-0.14062744,1.2978646,0.09104128,1.0162344,-1.0877292,-1.3954097,-1.6769749,0.5608605,2.0382137,2.2223647,1.5225587,1.2975065,1.8702017,0.6820026,0.6220961,1.8542341,1.7586738,2.4737318,-0.4855953,0.7631262,-0.58778524,-0.809017,0.8660254,0.5,0.0
2024-02-05 00:00:00,4.0,-1.3534579,-1.0090508,-1.8616074,1.331859,0.56694704,0.29948172,-0.47606975,-1.0712442,-0.5787626,-1.0813489,-1.4441763,1.4889371,1.0085027,1.102849,1.118199,-0.091240264,1.3340842,0.31997037,0.74401504,1.0992621,1.01869,1.6318254,0.18576975,0.38468638,-0.95105654,0.309017,0.8660254,0.5,0.0
2024-02-06 00:00:00,1.0,-0.86694765,-0.6761049,-0.28040123,0.47081515,1.589216,2.2525756,0.50872505,-0.55691916,-0.4821174,-0.96789616,-1.339111,1.4592618,0.42753756,0.42890832,0.66284966,-1.0426358,1.0261796,0.6563434,0.743025,0.47476494,0.5357221,1.1140507,0.8789998,1.6463581,0.0,1.0,0.8660254,0.5,0.0
2024-02-07 00:00:00,1.0,3.0,0.93208957,1.127887,-1.1181916,2.6412148,1.9226719,-0.215338,3.0,2.4928517,0.72058046,-0.55848473,3.0,2.7777574,3.0,0.9843142,1.2861347,2.3441918,1.8444949,1.6520642,2.9949222,2.5016196,3.0,1.6655953,1.0905303,0.95105654,0.309017,0.8660254,0.5,0.0
2024-02-08 00:00:00,1.0,-0.71103513,-0.89132583,0.8009997,-1.1399647,1.3104882,-0.7612681,-0.90996605,-0.25591812,1.7278887,0.5977031,-0.52392346,3.0,2.1739743,2.786619,1.1950955,1.4524764,1.9360276,1.7373823,1.4343054,2.1222267,2.0550888,2.5734527,0.86789155,0.97629195,0.58778524,-0.809017,0.8660254,0.5,0.0
2024-02-09 00:00:00,1.0,0.30011517,0.4600078,-0.13186356,1.2097375,2.5101402,0.36957705,0.35658753,-0.14078467,1.5571524,0.6970718,-0.41158205,2.7734098,2.1632159,2.7209442,1.2661933,1.2336848,1.8307903,1.857786,1.295606,1.934239,1.9996716,2.4880385,1.7737952,0.91300434,-0.58778524,-0.809017,0.8660254,0.5,0.0
2024-02-12 00:00:00,1.0,0.37512654,0.47444856,2.0641398,-1.0765465,0.451147,-0.775993,-0.67297167,0.08895899,0.94208795,0.4508527,-0.49532464,1.9203573,2.1892917,2.702804,1.3676381,2.1058285,1.4720551,1.9193494,1.5083659,1.8091155,2.0536203,2.479938,0.45312577,0.89705074,-0.95105654,0.309017,0.8660254,0.5,0.0
2024-02-13 00:00:00,1.0,0.17414981,1.0528489,0.102382325,-0.34012207,0.4412929,-1.0290124,-0.31775394,-0.64183295,0.4142344,0.19093414,-0.58704436,1.2501932,2.1338227,2.5854228,1.3912065,2.5139713,1.190646,1.9883745,1.5171597,1.6315912,1.9973224,2.4039094,0.4346377,0.8686466,0.0,1.0,0.8660254,0.5,0.0
2024-02-14 00:00:00,1.0,0.018974718,-0.017247977,1.7072759,-0.18081555,1.0225881,0.9087346,0.85239923,0.016400233,0.19179118,0.08628109,-0.6064274,0.9181451,2.0567913,2.443301,1.2969046,0.08563167,0.97122264,2.0536392,1.9680991,1.4501489,1.8881305,2.3075433,1.1673336,0.82320595,0.95105654,0.309017,0.8660254,0.5,0.0
2024-02-15 00:00:00,1.0,-0.5775308,-1.0069772,-0.19586755,-0.3460017,1.1459725,1.7431171,0.102887705,0.113569506,0.12789069,0.08670424,-0.5471933,0.7405432,1.598733,1.9867288,0.9597054,0.18962802,1.1700219,2.0564477,1.5470022,1.1118346,1.417915,1.9964795,1.3601928,0.51747394,0.58778524,-0.809017,0.8660254,0.5,0.0
2024-02-16 00:00:00,1.0,-1.3480263,0.06999803,-0.92996085,2.4347034,0.9296289,-0.39300132,-0.7874077,-1.7777816,0.8582449,0.65048456,-0.12931076,1.3157498,0.76768863,1.1951525,0.20770788,-0.7193969,0.31623867,1.8306061,1.2106885,0.5244656,0.53159666,1.4263241,1.1284568,0.5329526,-0.58778524,-0.809017,0.8660254,0.5,0.0
2024-02-19 00:00:00,1.0,0.59643817,0.106001526,0.7765492,0.8457558,-0.4104552,0.7664746,0.2916641,0.6408159,0.22529972,0.25514695,-0.3324252,0.6376413,1.0185295,1.4375765,-0.11059577,-0.60915965,1.0750046,1.8733305,1.4534343,0.673723,0.7031276,1.5808473,-0.4189303,0.46204346,-0.95105654,0.309017,0.8660254,0.5,0.0
2024-02-20 00:00:00,1.0,0.48674446,1.7303466,-0.89349085,-0.75753534,0.19015425,-0.78879595,-0.7141565,-0.6554614,-0.11109584,0.011741634,-0.47085506,0.28197432,1.2145563,1.6188164,-0.2543771,-0.46030912,1.5759026,2.0115423,1.8525963,0.8055335,0.8264103,1.6978004,0.29861197,0.42372864,0.0,1.0,0.8660254,0.5,0.0
2024-02-21 00:00:00,1.0,-1.4937928,-2.0342355,-1.7723255,-0.9080216,1.1266885,1.0727801,0.6661546,0.013865671,0.043909296,0.16470237,-0.29234323,0.31883585,0.40253696,0.8473153,-0.81342417,-1.2644469,-0.89002603,1.2596185,1.3058633,0.025841666,-0.08551024,1.1260569,1.636081,0.6290469,0.95105654,0.309017,0.8660254,0.5,0.0
2024-02-22 00:00:00,1.0,0.7275997,1.6209705,-1.4125098,0.06900618,-0.84845036,-1.9311004,-1.1375018,-0.11625204,-0.47444314,-0.24561267,-0.54328656,-0.1729624,0.72355604,1.1520814,-0.9888048,-0.5606976,-0.28083625,1.3729129,1.3130102,0.29863387,0.20591529,1.3389827,-0.6039439,0.62255555,0.58778524,-0.809017,0.8660254,0.5,0.0
2024-02-23 00:00:00,1.0,-0.38329124,-0.68523127,-0.44655833,0.44404623,0.020036936,-1.44857,0.1889227,0.015776226,-0.5584359,-0.34360954,-0.57401776,-0.27152148,0.50064045,0.93078804,-1.2117294,-0.028523913,-0.5679178,1.0636855,1.2631415,-0.0099768145,-0.102662124,1.1577672,0.51310325,0.36545944,-0.58778524,-0.809017,0.8660254,0.5,0.0
2024-02-26 00:00:00,1.0,-0.3599895,-0.23918118,-0.64345175,1.4689952,0.8912937,-0.8416142,0.17333062,-0.23146895,-0.37150815,-0.25093186,-0.49684703,-0.083475314,0.29067427,0.7261156,-1.4219836,-0.54700685,-0.8734191,0.50366044,1.166539,-0.27952197,-0.35091937,0.975483,1.5063304,0.41893342,-0.95105654,0.309017,0.8660254,0.5,0.0
2024-02-27 00:00:00,4.0,0.054357935,1.7542243,-0.77406096,-0.80515385,-1.402595,-0.21799015,0.13293481,-1.0353248,-0.78565454,-0.5885497,-0.693726,-0.51485974,0.2945616,0.7211571,-1.5364519,-0.77489847,-0.92438877,0.2232495,1.2371298,-0.26592514,-0.35721982,0.9556359,-0.77383596,0.3429191,0.0,1.0,0.8660254,0.5,0.0
2024-02-28 00:00:00,4.0,0.030316284,0.90580714,1.3123322,-1.1040447,-2.1539724,-1.4679579,-0.89369303,-0.4558319,-1.2897298,-1.0294358,-0.9703418,-1.0483427,0.2815847,0.6997928,-1.5933062,0.036116295,-0.9188889,0.008637169,0.9850161,-0.24481677,-0.3699884,0.93035233,-1.071823,0.35732654,0.95105654,0.309017,0.8660254,0.5,0.0
2024-02-29 00:00:00,1.0,-0.69280195,-1.3830303,-0.90949744,-0.5186023,-1.6878402,-0.5051245,0.6663107,-0.27728584,-1.5720092,-1.3195357,-1.140327,-1.3790637,-0.12989104,0.33158988,-1.8017691,-0.71644837,-0.9523573,0.15145741,0.8609241,-0.6708194,-0.8780435,0.5924313,-0.99701995,0.0053258087,0.58778524,-0.809017,0.8660254,0.5,0.0
2024-03-01 00:00:00,1.0,-0.27035558,0.023106597,1.0365231,0.42712432,-1.4586657,1.4343807,0.9802023,-0.45572042,-1.7539693,-1.5745814,-1.3328388,-1.547143,-0.295944,0.17639232,-1.9580662,-0.6508585,-0.5088938,-0.19311772,0.98887813,-0.7834462,-1.0869565,0.4336082,-0.9036828,-0.15631336,-0.58778524,-0.809017,0.8660254,0.5,0.0
2024-03-04 00:00:00,1.0,2.0001712,1.9213332,-1.7527279,-0.19590539,0.12974454,-1.2809671,-1.1912948,1.033172,-1.1035628,-1.289678,-1.3143234,-0.5682406,0.88656294,1.1971895,-1.2787572,0.6154297,0.055146854,1.0030022,1.2997197,0.33073518,0.25890225,1.2753165,0.5726785,0.38146323,-0.95105654,0.309017,1.0,6.123234e-17,0.0
2024-03-05 00:00:00,1.0,-0.358325,-1.0358114,0.3144651,-1.0178118,1.1506047,-1.1076967,-0.19685423,0.62821674,-0.6714477,-0.9942384,-1.1450747,-0.056375302,0.65451056,0.98698604,-0.9650434,0.39643928,-0.28058842,1.151063,1.3813779,-0.04190487,-0.0782783,1.0700788,1.8897313,0.3203253,0.0,1.0,1.0,6.123234e-17,0.0
2024-03-06 00:00:00,1.0,0.17898522,1.2744423,-1.2502638,0.5654607,-1.40281,-0.5147843,0.2403528,-0.4912767,-1.1555784,-1.3661026,-1.4180123,-0.6144178,0.7442458,1.058515,-0.72930515,0.4874453,0.3855892,-0.45219472,1.5329721,0.14980306,0.087297946,1.1533664,-0.9621794,0.09966202,0.95105654,0.309017,1.0,6.123234e-17,0.0
2024-03-07 00:00:00,1.0,1.4296303,1.924366,-1.0991488,-1.0295616,1.051826,0.5695677,0.522737,-0.18438241,-0.84216887,-1.2227371,-1.4354978,-0.11790409,1.4284213,1.6889681,-0.1337995,1.609361,0.66217875,0.35299462,1.4693254,1.2520143,1.0310078,1.6992865,1.7231982,0.49647674,0.58778524,-0.809017,1.0,6.123234e-17,0.0
2024-03-08 00:00:00,1.0,-0.54389966,-0.8709754,-0.8230516,0.52310085,-1.3650509,-0.1931965,-0.5981928,-0.39424473,-1.2671547,-1.5225759,-1.6256177,-0.6732521,1.0506968,1.3611962,0.08866858,1.4373397,0.59852844,0.035706185,1.3650354,0.8118706,0.69451416,1.4608085,-1.0732678,0.35003644,-0.58778524,-0.809017,1.0,6.123234e-17,0.0
2024-03-11 00:00:00,4.0,-0.76189893,-1.1794746,0.16028827,-1.1116127,0.55973965,-1.0435084,-0.76296115,0.026139222,-1.0142391,-1.3428413,-1.509633,-0.374116,0.57999873,0.95992684,-0.051888347,-0.029776238,0.4449495,-0.39874342,1.3846815,0.2660481,0.19358864,1.0737426,0.99695116,0.46587816,-0.95105654,0.309017,1.0,6.123234e-17,0.0
2024-03-12 00:00:00,4.0,-0.111023486,0.678968,-0.52191955,1.0674132,-0.7458817,-0.6541009,0.1134448,-0.63560265,-1.2298195,-1.5118792,-1.647764,-0.64786273,0.5107411,0.8923356,-0.17957947,0.10407946,0.38117933,-0.5194912,1.354603,0.25395358,0.17835586,1.0266196,-0.52863055,0.49303955,0.0,1.0,1.0,6.123234e-17,0.0
2024-03-13 00:00:00,4.0,1.0237163,1.2659923,0.45561177,-1.1594759,-0.22809422,-0.7969414,-0.4196241,0.3833002,-0.98870474,-1.3929771,-1.6543379,-0.24757192,1.0441406,1.3512332,0.025371565,0.54922765,0.7802574,-0.14103645,1.2947485,1.2540193,0.93576396,1.4665669,-0.12426518,0.88582134,0.95105654,0.309017,1.0,6.123234e-17,0.0
2024-03-14 00:00:00,4.0,1.2965552,1.391097,-0.9300592,-0.18463849,1.5069307,-0.035561357,0.3042603,0.18284923,-0.66810715,-1.2082442,-1.6343893,0.2604306,1.5983168,1.8725718,0.4942514,0.47310063,1.5744513,0.5751046,1.6644739,2.0351615,1.7372996,1.9768733,1.9762074,0.8929459,0.58778524,-0.809017,1.0,6.123234e-17,0.0
2024-03-15 00:00:00,4.0,0.83423537,1.7876891,-1.7035804,-0.29740822,-0.27077478,-0.4458061,-0.4773176,-0.16997227,-0.94513464,-1.4293132,-1.8521852,-0.02786817,1.8498657,2.1129353,1.0310366,1.189436,1.9499441,1.4132841,1.526855,1.9826623,2.1686387,2.302089,-0.23597993,1.0734519,-0.58778524,-0.809017,1.0,6.123234e-17,0.0
2024-03-18 00:00:00,4.0,0.096360624,-0.27351183,1.6607807,-0.5426154,-0.96027064,2.4900908,1.944179,0.20497076,-1.2812662,-1.6868178,-2.0616322,-0.44768807,1.8243378,2.0648022,1.3653328,1.6047997,1.1798652,1.2090499,1.5336972,1.6221367,2.1531968,2.326697,-0.93450284,1.1533465,-0.95105654,0.309017,1.0,6.123234e-17,0.0
2024-03-19 00:00:00,4.0,0.33498126,0.0096600875,0.972477,0.759497,-0.52547985,-0.91387576,-1.2441055,0.39009753,-1.4749706,-1.8784935,-2.25012,-0.64700997,1.8748935,2.096141,1.5791945,1.7847501,1.4219911,1.1351911,1.4458839,1.4640129,2.2637627,2.3948169,-0.46147683,1.2477784,0.0,1.0,1.0,6.123234e-17,0.0
2024-03-20 00:00:00,4.0,0.7956733,1.1357026,-1.2151732,0.65874827,0.049457617,-0.0024129217,0.6232838,0.2220888,-1.4946376,-1.9582342,-2.384459,-0.60047877,2.0468872,2.263374,1.8117721,1.6267837,1.6142358,1.9340326,1.5335859,1.459917,2.5292685,2.6013284,0.08297841,0.93749136,0.95105654,0.309017,1.0,6.123234e-17,0.0
2024-03-21 00:00:00,4.0,-0.90594506,-0.90699893,-0.67501086,0.5324497,-0.24529943,-0.27343145,-0.38937232,-0.6827793,-1.3795856,-1.8507335,-2.2816513,-0.49696612,1.4114305,1.7516825,1.527096,0.5545082,0.74430555,1.3268415,1.3408214,0.94499207,1.7618921,2.0534394,-0.36135432,0.6708881,0.58778524,-0.809017,1.0,6.123234e-17,0.0
2024-03-22 00:00:00,4.0,0.44285715,-0.3363756,0.4459597,0.62886465,-0.7874351,0.43388292,0.24666105,0.71660507,-1.4472934,-1.9078851,-2.3469937,-0.5770579,1.5303938,1.8408777,1.4021122,0.36731946,1.0984015,1.595412,1.3642575,0.9543603,1.8954774,2.1567597,-1.0169933,1.2641329,-0.58778524,-0.809017,1.0,6.123234e-17,0.0
2024-03-25 00:00:00,4.0,0.2864318,0.6496215,1.061665,-0.6779251,0.85615104,-0.7827345,-0.83232117,-0.20719057,-1.2614827,-1.7618868,-2.2452831,-0.2887791,1.5898312,1.8741499,1.2454091,0.4596431,1.4539837,1.7853003,1.4158496,0.91136426,1.8337531,2.1147459,0.6694082,1.2068683,-0.95105654,0.309017,1.0,6.123234e-17,0.0
2024-03-26 00:00:00,4.0,1.1028845,1.5222186,-0.68369913,-0.9053972,0.81627095,-0.6044352,-0.15422213,0.15244985,-1.0215459,-1.5846363,-2.1404963,0.14110306,1.8574531,2.1277003,1.3332324,0.8365087,1.8356699,2.074382,1.5013527,1.0849317,2.1676352,2.3422785,0.709655,0.9389188,0.0,1.0,1.0,6.123234e-17,1.0
2024-03-27 00:00:00,4.0,-1.1353445,-1.4898807,-1.5573652,0.12670346,0.5981216,1.6561154,1.9773127,-0.3407975,-0.86346614,-1.3901919,-1.9160451,0.29591197,1.1427227,1.5560889,0.9489512,-0.104237236,1.0694177,1.6513165,1.1967002,0.6443769,1.3011886,1.718449,0.41813254,1.0932806,0.95105654,0.309017,1.0,6.123234e-17,1.0
2024-03-28 00:00:00,4.0,-1.2651452,-0.81261384,-1.209437,1.373211,0.22416534,-0.51816756,-1.1327882,-1.1343567,-0.39744097,-0.97804934,-1.5481414,0.8606339,0.47518143,0.9990484,0.21203627,-0.29708478,0.17944345,1.4348953,0.97854507,0.21451105,0.40285552,1.0513564,0.2692497,0.52684927,0.58778524,-0.809017,1.0,6.123234e-17,1.0
2024-04-02 00:00:00,4.0,0.43485975,0.1214934,0.87675315,0.8340157,-0.6419377,-0.42902228,-0.24629393,0.48833835,-0.71783227,-1.1512319,-1.6446656,0.38550356,0.64502513,1.1217012,-0.12523997,-0.2945163,0.04986934,1.6277736,0.9778181,0.3480361,0.53250676,1.1787578,-0.6182665,0.58814394,-0.58778524,-0.809017,1.0,6.123234e-17,1.0
2024-04-03 00:00:00,4.0,2.0147252,1.0868859,-0.07331149,-0.45411623,1.306054,2.1008816,2.0640094,1.7824697,0.29005086,-0.46671653,-1.246252,1.8484638,1.2764466,1.6801804,0.13314638,0.6102016,0.75520897,1.6189201,1.221749,1.0175328,1.3060274,1.5998913,1.4489003,-0.40031698,0.95105654,0.309017,0.8660254,-0.5,0.0
2024-04-04 00:00:00,4.0,0.3580635,0.2884681,-1.4006225,2.780002,0.114451356,0.9083939,-0.6485295,0.26041985,-0.13414375,-0.6666326,-1.3486866,1.1757263,1.3543798,1.7331257,0.40112776,0.24887653,0.76633686,1.7984713,1.5316291,1.0148573,1.3840947,1.6894376,0.19313672,-0.48212466,0.58778524,-0.809017,0.8660254,-0.5,0.0
2024-04-05 00:00:00,4.0,-0.601798,-0.90681326,-1.0906752,1.0724936,0.542373,-0.15689741,-0.7651353,-0.124032125,-0.2948704,-0.69821143,-1.3110533,0.83509976,1.071292,1.4837912,0.3396083,0.5165773,0.28713194,1.5315902,1.4716986,0.7262618,0.9835185,1.4379076,0.59020835,-0.14457239,-0.58778524,-0.809017,0.8660254,-0.5,0.0
2024-04-08 00:00:00,4.0,-0.6228585,-1.0100163,-0.107445166,-0.26798108,-0.22668555,0.7960847,0.44500577,-0.20164505,-0.5814089,-0.8394655,-1.3496273,0.35434762,0.79043627,1.2459195,0.0804942,0.860993,0.38262978,0.9230951,1.4398183,0.44142938,0.64014536,1.2259394,-0.365831,-0.5912657,-0.95105654,0.309017,0.8660254,-0.5,0.0
2024-04-09 00:00:00,4.0,0.47820807,0.958545,0.19100353,-0.5415466,2.0941536,0.42732558,-0.41512072,-0.40840748,-0.3381436,-0.67239004,-1.2362583,0.6868513,0.95963645,1.3765161,-0.0332193,0.9112728,0.40302506,1.2299466,1.5408051,0.5714603,0.75908655,1.2924315,1.974241,-0.41933513,0.0,1.0,0.8660254,-0.5,0.0
2024-04-10 00:00:00,4.0,0.93255305,0.7450476,0.82469285,-0.8195737,0.14768489,0.28777948,-0.29154053,0.74181896,-0.1289204,-0.5234847,-1.1469847,0.97262955,1.2455469,1.6135573,0.1040621,0.30521238,0.644025,1.7074736,1.6551257,0.8986985,1.0576464,1.5018504,0.3064997,-0.76563144,0.95105654,0.309017,0.8660254,-0.5,0.0
2024-04-11 00:00:00,4.0,0.38053876,0.041436866,0.47794208,1.107381,0.41637424,-0.9214818,-0.9511033,0.4911361,-0.3550061,-0.6459655,-1.2066664,0.64089084,1.3645205,1.70013,0.27561963,0.32364082,0.39411604,1.8143955,1.732635,1.0396981,1.1432886,1.622363,0.48383886,-0.8434712,0.58778524,-0.809017,0.8660254,-0.5,0.0
2024-04-12 00:00:00,4.0,-0.21534789,-0.5520652,1.3107512,-0.64690894,2.809739,-0.8231574,-0.120219275,0.42138046,0.25144723,-0.19008844,-0.86957824,1.32858,1.3234882,1.6406521,0.19287224,0.5467691,0.7449332,1.4563535,1.71969,0.9076037,0.8123031,1.3619511,2.2285185,-1.335466,-0.58778524,-0.809017,0.8660254,-0.5,0.0
2024-04-15 00:00:00,4.0,2.6649797,1.3996077,-0.9032806,-0.5014209,2.1834803,0.21557437,0.87551695,1.9587281,1.4775733,0.6711416,-0.3686908,2.6530116,1.9861476,2.2567074,0.67241275,2.4277992,2.277284,1.8743845,2.2047007,1.7583282,1.6786008,1.8095429,2.0471272,-2.0650983,-0.95105654,0.309017,0.8660254,-0.5,0.0
2024-04-16 00:00:00,4.0,-1.9667586,-0.31588754,0.6023885,0.80048287,1.4556729,-0.38701308,-0.61890674,-2.439874,2.0357637,1.3519603,0.28393975,2.6848745,0.90499395,1.4274882,0.38776994,0.99906707,1.3756208,1.0570061,2.000338,0.7184142,0.5997871,1.0473502,1.839772,-1.0855557,0.0,1.0,0.8660254,-0.5,0.0
2024-04-17 00:00:00,4.0,-1.8954,-1.2582462,-1.0114441,0.4075589,1.0450568,-0.5838976,-0.46279907,-1.3796774,2.272687,1.8176887,0.8444887,2.4666212,-0.04101212,0.68821365,-0.3168236,-0.72515374,-0.30789882,0.42223087,1.6547221,-0.24461743,-0.34559822,0.39285517,1.713681,-0.99579626,0.95105654,0.309017,0.8660254,-0.5,0.0
2024-04-18 00:00:00,4.0,-0.009839256,0.80431587,0.25487667,-0.4507298,-0.099230826,-0.57304215,-0.17930949,-0.6964488,1.4866723,1.4081005,0.6860406,1.5724118,-0.024698393,0.72071064,-0.7873608,-0.9562259,-0.4791801,0.33437866,1.6638798,-0.27048007,-0.36878097,0.41972685,0.6079714,-1.1049258,0.58778524,-0.809017,0.8660254,-0.5,0.0
2024-04-19 00:00:00,4.0,-0.81226367,0.07626212,0.18714356,1.4187689,-0.5736705,-0.71777666,-0.345176,-1.2248933,1.0364139,1.1862336,0.6665969,0.98681635,-0.44031605,0.411816,-1.3330433,-1.3417745,-0.6270492,-0.18960428,1.3884966,-0.7290274,-0.7732773,0.18348552,-0.13895066,-1.2958755,-0.58778524,-0.809017,0.8660254,-0.5,0.0
2024-04-22 00:00:00,4.0,0.20782106,0.67300683,-1.107613,1.4742606,0.9917306,0.0067894086,0.3676807,-0.51410687,0.964131,1.1472193,0.7027602,0.86582816,-0.30361128,0.5099466,-1.5735004,-2.6377878,-0.25087067,0.16851345,1.3953187,-0.61110264,-0.6906938,0.23514426,1.6356807,-1.1668328,-0.95105654,0.309017,0.8660254,-0.5,0.0
2024-04-23 00:00:00,4.0,0.9350497,1.4041586,-0.86833435,-0.62078464,-0.035450406,-0.76817507,-0.7258376,0.082609735,0.56267804,0.83009017,0.48341736,0.48075047,0.19103502,0.8598329,-1.4376795,-0.93232524,0.011489487,0.3823699,1.5126871,-0.017509803,-0.19091228,0.6102621,0.6986396,-0.84157664,0.0,1.0,0.8660254,-0.5,0.0
2024-04-24 00:00:00,4.0,-0.070961595,-0.34019774,1.5184686,-0.21148384,0.18254314,0.4219715,0.78376657,0.20116153,0.39698258,0.7001129,0.43997145,0.27930483,0.21660142,0.8606309,-1.326962,0.15424965,-0.44605368,0.26619717,1.2977457,-0.067440666,-0.23585059,0.5948813,0.9743995,-0.86206466,0.95105654,0.309017,0.8660254,-0.5,0.0
2024-04-25 00:00:00,4.0,0.20984289,-1.3422266,0.102366544,-1.0793664,-1.170506,0.53433996,-0.13322598,1.1621786,0.109924175,0.45825565,0.28764334,-0.017842261,0.381422,0.9548884,-1.1787097,0.29162496,-0.5105102,-0.021590939,1.1988442,0.06273085,-0.08195466,0.7170128,-1.0053684,-0.8530595,0.58778524,-0.809017,0.8660254,-0.5,0.0
2024-04-26 00:00:00,4.0,-0.04580988,0.5678533,0.026811821,0.4273974,0.15602006,0.985286,-0.05664203,-0.63080454,0.048745703,0.37335286,0.2514749,-0.08085393,0.42643395,0.9584143,-1.073554,0.7683086,-0.43668997,0.35022414,1.0917125,0.03000092,-0.12131263,0.6964592,0.91303474,-0.94850636,-0.58778524,-0.809017,0.8660254,-0.5,0.0
2024-04-29 00:00:00,4.0,-0.38238347,-0.95383567,0.2764145,-0.2722685,0.88357437,-1.6782234,-1.3904762,0.4983088,0.2642629,0.50305855,0.38727024,0.12748742,0.22088538,0.8067114,-1.0792012,0.40643734,-1.8456565,0.65942353,1.2213032,-0.18301202,-0.40457737,0.48703083,1.5222455,-0.67102003,-0.95105654,0.309017,0.8660254,-0.5,0.0
2024-04-30 00:00:00,4.0,-0.37047666,-0.7848045,1.3230051,-1.0385909,-1.7227942,-1.7146506,-0.50035906,-0.12684244,-0.36638516,0.037799515,0.08466086,-0.5687255,0.018083757,0.6540465,-1.2040755,-0.40310153,-1.0868675,0.36708856,1.0367472,-0.40979695,-0.6084449,0.43748465,-1.5179447,-0.73163635,0.0,1.0,0.8660254,-0.5,0.0
2024-05-01 00:00:00,4.0,-0.5973764,-1.4555323,0.10457297,-1.3214673,-0.18325983,-1.2378944,0.37845892,0.43320623,-0.3427541,0.0048178346,0.08978175,-0.53665566,-0.38300037,0.37951288,-1.3949623,-0.72087085,-0.44410208,-0.6691903,1.1545802,-0.8612723,-0.9219997,0.17151748,0.43791342,-0.059982378,0.95105654,0.309017,0.8660254,-0.5,0.0
2024-05-02 00:00:00,4.0,-1.7786872,-3.0,-3.0,0.76683104,-2.2712116,-2.285545,-1.7840735,-0.2445962,0.0652393,0.30895737,0.4081571,-0.17154834,-1.6500229,-0.569247,-1.8986508,-1.9326464,-1.288739,-1.5858089,0.9421222,-2.259313,-1.8577776,-0.70397055,-1.7560506,0.037931643,0.58778524,-0.809017,0.5,-0.8660254,0.0
2024-05-03 00:00:00,4.0,0.99372464,0.48021603,0.044386975,0.22470587,1.8822963,-0.5733703,3.0,-0.35798123,0.969773,0.88192666,0.7800699,0.7776533,-0.95938087,-0.14404918,-1.7733414,-1.3595359,-0.49069703,-0.97331357,0.25497776,-1.4380323,-1.2490346,-0.44112277,1.6865739,0.2345493,-0.58778524,-0.809017,0.5,-0.8660254,0.0
2024-05-07 00:00:00,4.0,-1.0345606,-0.34959784,0.044589512,0.25268123,0.96407384,-0.7942896,-0.393553,0.05278509,1.4009281,1.2585326,1.1352502,1.0389264,-1.452098,-0.5769184,-1.8481048,-1.6412522,-1.0306644,-1.1093161,0.21190707,-2.1552048,-1.6008847,-0.85992813,1.5715039,0.054788265,-0.95105654,0.309017,0.5,-0.8660254,0.0
2024-05-08 00:00:00,4.0,-1.2311485,-0.09724463,0.37952328,0.0004430345,1.3030599,1.210848,1.1156745,-1.2493687,2.0212638,1.7936072,1.6273004,1.4103414,-1.9436605,-1.0658716,-1.9759092,-1.9990222,-1.9675459,-1.7056596,-0.08899094,-2.6735735,-1.9175848,-1.3024626,1.5455045,-0.0013009915,0.95105654,0.309017,0.5,-0.8660254,0.0
2024-05-09 00:00:00,4.0,-0.61845016,0.31023565,-0.22897573,2.437757,-0.11648362,2.759784,0.61719567,-1.6950284,2.040633,1.9302682,1.8152347,1.2888099,-2.0763361,-1.265484,-2.0731637,-1.9491678,-2.1143944,-2.1835766,-0.2926399,-2.5086818,-1.9595472,-1.4852767,0.9572826,-0.0790195,0.58778524,-0.809017,0.5,-0.8660254,0.0
2024-05-10 00:00:00,4.0,0.54827243,0.25063348,0.18417065,0.8224789,0.037379544,1.7564943,-0.3843022,0.4105628,1.6590586,1.7298199,1.6965139,0.9170251,-1.6271492,-0.9897711,-1.959941,-0.69131505,-1.9275734,-2.0522463,-0.22395019,-1.8741217,-1.6116407,-1.2953448,1.038792,0.2712141,-0.58778524,-0.809017,0.5,-0.8660254,0.0
2024-05-13 00:00:00,4.0,0.2823432,0.07806026,0.3365612,1.0196416,0.0662103,0.005115691,-0.7605893,0.5159161,1.3807395,1.5713737,1.6107519,0.6350503,-1.3635302,-0.8288431,-1.7416699,-1.0396274,-1.7494922,-1.8329561,-0.17192243,-1.5129442,-1.3848015,-1.1943381,0.96797895,0.28780153,-0.95105654,0.309017,0.5,-0.8660254,0.0
2024-05-14 00:00:00,4.0,-0.290068,0.03525893,0.39423385,0.6210857,-0.7005637,-0.67145306,-0.6689526,-0.34441075,0.77243197,1.1894754,1.384888,0.01859696,-1.4186723,-0.90956676,-1.617838,-0.6643489,-1.6591595,-2.6953108,-0.11377687,-1.5286217,-1.3404171,-1.2766848,-0.3346052,2.4078562,0.0,1.0,0.5,-0.8660254,0.0
2024-05-15 00:00:00,4.0,-0.5751234,-0.4713753,0.13355747,-0.8877618,-0.09458909,0.8713665,1.4300562,0.67846274,0.65726966,1.1112559,1.3787417,-0.1333426,-1.6107196,-1.1161809,-1.5157853,-0.32861942,-1.6730719,-2.1177797,0.054233924,-1.6127048,-1.4135847,-1.4645756,0.43544513,1.5785306,0.95105654,0.309017,0.5,-0.8660254,0.0
2024-05-16 00:00:00,1.0,-1.0145316,-0.39502487,0.004018043,0.1563377,1.0193975,-0.562616,-0.83155084,0.41988885,1.2348958,1.5003488,1.718243,0.34873632,-1.9499253,-1.4817294,-1.4589534,-0.5280265,-1.752436,-1.7336433,-0.2855652,-1.8210955,-1.6075186,-1.7396132,1.3736986,0.89973354,0.58778524,-0.809017,0.5,-0.8660254,0.0
2024-05-17 00:00:00,4.0,-1.3836893,-0.07014721,0.39625442,-0.05895514,0.882304,-0.40665227,-0.09207614,-1.6900549,1.6686739,1.8422806,2.0451727,0.6416032,-2.311181,-1.9217495,-1.5403718,-1.5011787,-1.5123131,-2.064776,-0.68276846,-2.0061638,-1.8684086,-2.0571916,1.2743573,1.2600358,-0.58778524,-0.809017,0.5,-0.8660254,0.0
2024-05-20 00:00:00,4.0,0.28380826,0.12670027,0.088329904,1.9582833,-0.98962754,0.91431475,0.97515345,0.4324933,0.82023305,1.2858475,1.6547834,-0.13716298,-2.0114102,-1.7383157,-1.5674137,-1.4999393,-1.7289736,-1.6834695,-0.31289077,-1.6169024,-1.71047,-1.9626172,-1.0048857,1.0989842,-0.95105654,0.309017,0.5,-0.8660254,0.0
2024-05-21 00:00:00,4.0,-0.07299311,-0.06645005,0.6551238,-1.357063,-0.9142728,1.0909555,-0.12374973,0.1785465,0.20155443,0.8341632,1.3349468,-0.71861917,-1.9293151,-1.6995336,-1.5143769,-1.3735911,-1.3817867,-1.7229103,-0.49478155,-1.425621,-1.654993,-1.9521024,-1.0067225,1.5107461,0.0,1.0,0.5,-0.8660254,0.0
2024-05-22 00:00:00,1.0,-0.15094687,0.30856177,0.176707,0.5137018,-0.31387624,0.9796417,-0.23340243,-0.83358395,0.09619801,0.68880713,1.2196419,-0.7818285,-1.8848972,-1.6943337,-1.3694121,-1.1522508,-1.0097287,-1.9787753,-0.45183378,-1.302483,-1.5599107,-1.9417014,0.11484581,1.0974308,0.95105654,0.309017,0.5,-0.8660254,0.0
2024-05-23 00:00:00,4.0,-1.6699077,0.07562219,0.53009856,0.020496104,1.2465138,-0.0007324009,-0.6126899,-2.6415977,1.1474543,1.3730012,1.757196,0.17728466,-2.2954845,-2.1838202,-1.3300524,-1.4607247,-1.3575876,-2.281992,-0.76112133,-1.5910996,-1.8275603,-2.2445974,1.3733224,1.1781265,0.58778524,-0.809017,0.5,-0.8660254,0.0
2024-05-24 00:00:00,4.0,0.10332529,0.35725263,0.17601041,0.24191092,-0.20312956,-0.42468166,-0.5027008,-0.59633744,0.9367431,1.2244579,1.633454,-0.013132368,-2.0998006,-2.0472946,-1.2784197,-0.7358382,-1.492947,-2.2196262,-0.76440513,-1.3863503,-1.6217693,-2.1363895,0.39750025,0.91925365,-0.58778524,-0.809017,0.5,-0.8660254,0.0
2024-05-28 00:00:00,4.0,0.029808603,0.5006365,0.04705884,0.088523224,-0.45318592,-0.551539,-0.36366445,-0.99506855,0.6418332,1.0087485,1.4615693,-0.29347357,-1.9645036,-1.9515268,-1.164288,-0.85234076,-1.5590818,-2.1194248,-0.78821176,-1.24895,-1.461913,-2.06249,-0.0022737542,1.2057098,-0.95105654,0.309017,0.5,-0.8660254,0.0
2024-05-29 00:00:00,4.0,0.6408713,-0.04045177,0.00034721097,1.886347,-0.047966972,1.6146718,2.0171125,1.446177,0.62790656,0.9372738,1.3528737,-0.25946912,-1.4980619,-1.6256241,-0.8782763,-0.50925255,-1.2479576,-1.8240799,-0.48931342,-0.977302,-1.1075894,-1.8225497,0.6268805,1.0308425,0.95105654,0.309017,0.5,-0.8660254,0.0
2024-05-30 00:00:00,1.0,0.28722522,0.06182668,0.59530634,-0.42129844,-0.7447974,-0.5562501,-0.8974426,0.5436536,0.32261106,0.7003944,1.1528237,-0.55838674,-1.2717673,-1.4664137,-0.59819436,-0.2991351,-0.96426034,-1.6344159,-0.36497587,-0.81800663,-0.90535283,-1.71132,-0.39645746,0.63761073,0.58778524,-0.809017,0.5,-0.8660254,0.0
2024-05-31 00:00:00,4.0,-0.7493386,0.111813314,0.47221658,0.034921177,-0.27388442,0.29233176,0.56987363,-1.2131634,0.36119273,0.7066621,1.1633621,-0.53325254,-1.4753625,-1.6566857,-0.45960626,0.16347513,-0.8683055,-1.6109656,-1.1052722,-0.9923167,-1.0137917,-1.8180592,0.46504444,0.7068871,-0.58778524,-0.809017,0.5,-0.8660254,0.0
2024-06-03 00:00:00,1.0,0.47548288,0.49521303,-0.15815744,0.9359832,-1.1815263,-0.17397076,-0.40833455,-0.025533263,-0.09100508,0.36276573,0.8843425,-0.94904757,-1.1494813,-1.408723,-0.2470142,0.3386341,-0.266172,-1.0750718,-0.8998076,-0.7289241,-0.78624004,-1.6611861,-0.8859586,0.5179273,-0.95105654,0.309017,0.5,-0.8660254,0.0
2024-06-04 00:00:00,2.0,-1.295467,-0.6510893,-0.054909408,-1.2488214,0.7932024,-0.15060143,-0.19178388,0.94112194,0.60048294,0.7832776,1.18581,-0.24385227,-1.5252634,-1.7618247,-0.25211594,-0.30042404,-0.76909995,-1.5215034,-1.2910007,-1.1426668,-1.0528235,-1.8370169,1.0552392,-0.08586434,0.0,1.0,1.2246469e-16,-1.0,0.0
2024-06-05 00:00:00,1.0,-3.0,-0.6553761,-0.20769456,-0.67981595,0.31276342,0.11899871,-0.062149525,-2.454431,2.1057634,1.8492887,2.0063639,1.0300602,-2.152031,-2.4693804,-0.654702,-2.1781092,-1.7726961,-1.9305875,-2.4650536,-1.9626915,-1.7252308,-2.2557673,0.88081217,0.26267165,0.95105654,0.309017,1.2246469e-16,-1.0,0.0
2024-06-06 00:00:00,1.0,-0.39780986,-0.41996458,0.17790607,-1.2705563,-1.2986625,-0.7610679,-0.61157763,0.27279383,1.2283224,1.3813188,1.7093302,0.10168036,-2.1026742,-2.4032044,-0.9796268,-2.4197206,-1.8075583,-1.7245795,-2.348287,-1.6742976,-1.7541894,-2.2760222,-1.1958044,0.20261061,0.58778524,-0.809017,1.2246469e-16,-1.0,0.0
2024-06-07 00:00:00,1.0,0.5143874,0.13558236,0.064393856,1.9272892,-0.75329953,-1.2380648,-0.592861,0.7092014,0.7267932,1.0467966,1.4447862,-0.38080058,-1.7843735,-2.1079433,-1.0198301,-1.7856805,-1.1157328,-1.4724644,-1.9753015,-1.2879968,-1.50407,-2.0879858,-0.37797388,0.101634435,-0.58778524,-0.809017,1.2246469e-16,-1.0,0.0
2024-06-10 00:00:00,1.0,-0.053368103,0.021946264,0.34074178,0.24752365,-1.0297059,-0.9513653,-0.029111799,0.025929607,0.22247677,0.7062779,1.2044388,-0.9075704,-1.7247698,-2.0250738,-0.98436725,-1.9498681,-1.1514282,-1.5575535,-1.9167652,-1.1391231,-1.4278889,-2.0379324,-1.0211108,-0.12143978,-0.95105654,0.309017,1.2246469e-16,-1.0,0.0
2024-06-11 00:00:00,4.0,1.4373667,0.7546951,-0.23663238,0.14001355,0.29549506,-0.7655281,-0.11839003,0.23318806,0.35101315,0.6721804,1.0788003,-0.6160831,-1.0511591,-1.4751816,-0.57520807,-0.73708886,-0.69813687,-1.3038898,-1.7603675,-0.6695856,-0.8429032,-1.620281,0.63602024,0.007857226,0.0,1.0,1.2246469e-16,-1.0,0.0
2024-06-12 00:00:00,4.0,-0.39036506,-0.20491342,0.11666717,0.03865089,-0.7228667,-0.54371333,-0.04335982,0.023492454,0.07919694,0.4840917,0.9561289,-0.89365,-1.1169834,-1.514934,-0.33755285,0.51212204,-1.0175488,-1.3068964,-2.0750668,-0.71142495,-0.8719633,-1.657586,-0.5053606,0.018973816,0.95105654,0.309017,1.2246469e-16,-1.0,0.0
2024-06-13 00:00:00,4.0,-0.53892606,-0.36836722,0.123957664,-0.99685615,0.16304353,-0.99619573,-0.5616638,0.5927788,0.29927927,0.592825,1.0179335,-0.6421265,-1.2134401,-1.5819257,-0.19387594,0.45462307,-1.2851331,-1.2918369,-2.2789915,-0.80307657,-0.91861117,-1.6696692,0.52554977,-0.04769325,0.58778524,-0.809017,1.2246469e-16,-1.0,0.0
2024-06-14 00:00:00,4.0,-0.78254753,-0.40953103,-0.10689807,-0.10375262,-0.7430902,-0.52232987,0.23035477,-0.16191237,0.039005782,0.4344336,0.9355442,-0.94234264,-1.347882,-1.6865054,-0.1960641,-0.14353241,-1.3094203,-1.2457876,-2.356055,-0.9452704,-1.0830534,-1.7701571,-0.68580323,0.25710243,-0.58778524,-0.809017,1.2246469e-16,-1.0,0.0
2024-06-17 00:00:00,4.0,0.09604178,0.10212709,0.39642224,0.18009019,-1.4796187,-0.9859449,-0.5209507,0.076490015,-0.61811835,-0.021640824,0.63347965,-1.5794847,-1.302216,-1.6162801,-0.13636498,-0.07583351,-1.4169843,-0.9747574,-2.2917953,-0.8106446,-1.0308068,-1.7488401,-1.9091351,0.06205237,-0.95105654,0.309017,1.2246469e-16,-1.0,0.0
2024-06-18 00:00:00,4.0,0.22596449,0.3206824,0.08145855,1.1775527,-1.4980466,-0.9919015,-0.3287584,-0.016841466,-1.2007244,-0.4854317,0.314984,-2.0679414,-1.2070106,-1.5166489,0.01485517,-0.6881813,-0.97474426,-0.9824226,-2.2870052,-0.664905,-0.93050885,-1.7136039,-1.8984625,0.22004753,0.0,1.0,1.2246469e-16,-1.0,0.0
2024-06-19 00:00:00,4.0,1.1776203,0.9098299,-0.07731338,-1.2541595,-0.9351767,-0.3864453,0.33170825,0.35839295,-1.2951756,-0.7206087,0.072350584,-1.9271368,-0.6686314,-1.1204834,0.47819936,0.08870681,0.425465,-0.7500814,-1.8347268,-0.2279581,-0.4112437,-1.4051416,-1.3684077,0.294867,0.95105654,0.309017,1.2246469e-16,-1.0,0.0
2024-06-20 00:00:00,4.0,-0.0018524588,0.23732135,0.54851854,-0.74031204,-1.5725471,-0.7779737,-0.51073533,-0.24224265,-1.8684946,-1.2186469,-0.2677005,-2.3775373,-0.66849154,-1.1024612,0.871926,0.35688692,0.56222177,-0.7265146,-1.8563199,-0.18258627,-0.3676649,-1.4328963,-1.9252955,0.3169133,0.58778524,-0.809017,1.2246469e-16,-1.0,0.0
2024-06-21 00:00:00,4.0,0.8090581,0.56430316,0.01029419,0.105659276,0.22386074,0.67120844,1.0298798,0.05900682,-1.4878485,-1.1650509,-0.34246337,-1.7194492,-0.31526282,-0.84147435,1.3548439,1.1490586,0.67347205,-0.28096658,-1.711821,0.15089194,0.03117882,-1.1474388,-0.10221309,-0.227823,-0.58778524,-0.809017,1.2246469e-16,-1.0,0.0
2024-06-24 00:00:00,4.0,0.18781234,0.44649485,0.02089782,0.69554675,0.05465868,2.101083,0.56397253,-0.5817352,-1.2643894,-1.1390133,-0.39656472,-1.331823,-0.2490244,-0.78576,1.7187322,1.195358,0.78277355,-0.26855868,-1.8144429,0.25244096,0.15730245,-1.0396757,-0.32732627,-0.13594078,-0.95105654,0.309017,1.2246469e-16,-1.0,0.0
2024-06-25 00:00:00,4.0,0.6310906,0.77391833,-0.18548618,-0.18248846,0.9754101,0.05529657,-0.7592103,-1.2041849,-0.6769584,-0.85036343,-0.3153423,-0.6029796,0.026464643,-0.58497524,1.9909469,1.3721653,0.5003959,-0.15673588,-1.487764,0.5374427,0.4599838,-0.7955457,0.6789366,-0.36447483,0.0,1.0,1.2246469e-16,-1.0,1.0
2024-06-26 00:00:00,4.0,0.010517464,-0.10622098,0.43395528,-0.96889347,-0.2713254,-0.2936097,-0.4372724,0.44693944,-0.79902303,-0.95292693,-0.42108604,-0.66999054,0.019224918,-0.57690614,2.113662,0.79431313,0.64433074,-0.27591214,-1.25928,0.5943433,0.5032991,-0.73538524,-0.7920458,-0.2830704,0.95105654,0.309017,1.2246469e-16,-1.0,1.0
2024-06-27 00:00:00,4.0,-0.5265861,-0.37334037,0.26420167,-1.5472386,-0.26373515,-0.6227134,-0.40538454,0.20292851,-0.86289084,-1.0091428,-0.4723104,-0.70338285,-0.2172658,-0.711524,1.9744797,0.5432723,0.6527834,-0.436388,-1.393236,0.42312902,0.32849693,-0.8035017,-0.6946212,0.016691128,0.58778524,-0.809017,1.2246469e-16,-1.0,1.0
2024-06-28 00:00:00,4.0,0.5286114,0.22457926,0.2217555,0.81312,0.28318304,-0.85093737,-0.41574636,0.48526803,-0.6950548,-0.94015867,-0.51377416,-0.46909195,0.012028984,-0.55288607,1.9077889,0.391375,1.1140254,-0.20417087,-1.6108394,0.76472676,0.58766514,-0.63959694,-0.1686243,-0.42808113,-0.58778524,-0.809017,1.2246469e-16,-1.0,1.0
2024-07-01 00:00:00,4.0,0.55609834,-0.062058095,0.3835658,-0.62534916,-1.0852265,0.06602112,0.5180978,1.0779043,-1.0134274,-1.201523,-0.7537439,-0.7093385,0.2559544,-0.38540444,1.9717531,0.5552156,1.2689519,-0.19241627,-1.5564373,1.2857347,0.8937497,-0.49920896,-1.6610371,-0.9843824,-0.95105654,0.309017,1.2246469e-16,-1.0,1.0
2024-07-02 00:00:00,4.0,0.7000118,0.058069076,0.023224099,1.8329114,0.60616875,-0.7047476,-0.6247365,1.2152268,-0.77659833,-1.0976804,-0.7883348,-0.3818335,0.5650581,-0.16676606,2.0078237,0.57416785,1.4097794,0.19957717,-1.3449628,1.7837778,1.1877826,-0.29520577,0.12859035,-1.0226569,0.0,1.0,-0.5,-0.8660254,0.0
2024-07-03 00:00:00,4.0,1.1844611,0.25690934,0.11693282,1.077304,2.0098958,-0.13364296,0.1943092,1.2418233,0.10162069,-0.52295876,-0.5455414,0.5314973,1.0443351,0.20507689,2.0401871,1.1255147,1.378662,1.1095976,-1.0687648,2.0735354,1.4953334,0.027082989,1.1547288,-1.3283024,0.95105654,0.309017,-0.5,-0.8660254,0.0
2024-07-04 00:00:00,4.0,-0.29061097,-0.26530173,0.17381428,-0.72694016,-0.8824428,0.72014225,0.2789271,0.0842258,-0.5959274,-0.9561167,-0.8280496,-0.14341721,0.85761964,0.10947992,2.0584004,1.247136,1.2766238,1.1462834,-1.1797411,1.6175845,1.3167679,-0.006123917,-1.5771829,-0.94157696,0.58778524,-0.809017,-0.5,-0.8660254,0.0
2024-07-05 00:00:00,4.0,1.4437991,0.7894745,-0.2913983,0.29598927,0.6345235,-0.6120048,-0.7191044,0.25643602,-0.4538815,-0.91553235,-0.93921995,0.09379735,1.3931835,0.5604133,2.133171,1.6512603,1.4664618,1.3509357,-1.1081548,1.9657857,1.7969005,0.37193567,0.17999627,-0.32885122,-0.58778524,-0.809017,-0.5,-0.8660254,0.0
2024-07-08 00:00:00,4.0,-1.3241142,-0.4932441,0.087961785,-1.5039359,0.7614846,2.160531,2.1716893,-0.22121635,-0.06300678,-0.54330564,-0.6565907,0.34637368,0.68596673,0.12081258,1.8028772,0.7807688,0.9588227,1.1163975,-1.365069,1.1639227,1.0963391,0.107200935,0.44456187,-0.9942972,-0.95105654,0.309017,-0.5,-0.8660254,0.0
2024-07-09 00:00:00,4.0,-1.2108359,-0.79171383,-0.2265344,-1.5675285,-1.02661,0.061005656,-0.75680196,-0.6605475,-0.36366206,-0.6686413,-0.688424,-0.011125803,0.14863726,-0.25761396,1.3594303,-0.11329128,0.33353353,0.5413581,-1.5135372,0.49661675,0.52440643,-0.14918935,-1.591164,-0.83015543,0.0,1.0,-0.5,-0.8660254,0.0
2024-07-10 00:00:00,4.0,-3.0,-0.27992862,0.050692223,-0.28970838,1.2810657,2.5897927,1.6362609,-3.0,2.3539925,1.703799,1.2463791,1.945852,-0.94290835,-1.1824632,0.35197788,-2.3802364,-0.9455169,-0.16032533,-2.4307404,-1.1334348,-0.8586525,-0.7563582,0.94243395,-0.08073689,0.95105654,0.309017,-0.5,-0.8660254,0.0
2024-07-11 00:00:00,4.0,0.28605732,0.48887154,0.14141352,0.0822932,0.5426748,0.93296605,-0.6144762,-0.6771532,1.852008,1.5157119,1.187101,1.5278578,-0.88520056,-1.1337752,-0.15218353,-2.0763187,-0.6726636,0.03943468,-2.0601907,-0.93241024,-0.78097695,-0.67528385,0.2444967,0.29780835,0.58778524,-0.809017,-0.5,-0.8660254,0.0
2024-07-12 00:00:00,4.0,-0.35756478,0.057687495,0.27141818,0.49727756,0.2056164,-0.41171607,-0.7717577,-0.43026122,1.4146833,1.3270155,1.136113,1.0849092,-0.9884328,-1.2208482,-0.533325,-2.7297814,-1.0052168,0.15525378,-1.7898189,-1.0037802,-0.967666,-0.73438096,-0.23707119,0.6166472,-0.58778524,-0.809017,-0.5,-0.8660254,0.0
2024-07-15 00:00:00,4.0,0.518626,0.041322313,0.22185886,0.5741589,0.763584,-0.5369558,-0.33689216,1.0559175,1.3177171,1.310059,1.1385546,0.99567425,-0.79580593,-1.0699558,-0.64970595,-1.8575914,-1.0141777,0.261546,-1.7142209,-0.7699724,-0.7753171,-0.58581674,0.6030395,0.69690067,-0.95105654,0.309017,-0.5,-0.8660254,0.0
2024-07-16 00:00:00,4.0,-0.60243905,0.3416331,0.3414849,-0.1573929,0.9483852,-0.5894284,-0.27204594,-1.6788191,1.4655455,1.5250722,1.3972119,1.0311261,-0.9746848,-1.2183677,-0.7569403,-1.5517141,-1.4826833,0.05410144,-1.6606393,-0.8998918,-0.99480146,-0.65927356,0.85862124,0.5577683,0.0,1.0,-0.5,-0.8660254,0.0
2024-07-17 00:00:00,4.0,-0.33960605,-0.0023295623,0.16399235,0.58761257,-0.085983545,-0.51891786,-0.1840972,-0.22424273,1.0843465,1.3178289,1.3236806,0.60061085,-1.0786809,-1.3045338,-0.8597847,-0.20492314,-2.0009444,-0.3506492,-1.7362727,-0.8634977,-1.1312162,-0.7264031,-0.29872885,0.33327508,0.95105654,0.309017,-0.5,-0.8660254,0.0
2024-07-18 00:00:00,4.0,1.4005305,0.88127476,-0.07150801,-0.99884933,-0.39386377,-0.62054217,-0.33246812,0.16739342,0.5840414,0.8869983,0.94287646,0.19919547,-0.42893878,-0.8325043,-0.6757131,0.25819558,-1.3884249,0.0062253997,-1.6946315,-0.38051772,-0.60713977,-0.411523,-0.62126064,-1.0184668,0.58778524,-0.809017,-0.5,-0.8660254,0.0
2024-07-19 00:00:00,5.0,1.3821391,0.26206216,0.041309427,1.7580556,1.2440034,-0.41546184,-0.059785448,1.6223472,0.90699214,1.045906,0.9890515,0.61183554,0.18542863,-0.35949567,-0.26217666,0.9951589,-1.396623,0.15188853,-1.4899436,0.06622885,-0.0007736016,-0.017429568,1.0122187,-1.4265898,-0.58778524,-0.809017,-0.5,-0.8660254,0.0
2024-07-22 00:00:00,5.0,-0.12048975,0.14553043,0.30983064,0.66268337,2.1883461,-0.36982682,-0.24297789,-0.23008706,1.9037375,1.8336457,1.6549976,1.4855895,0.1028756,-0.42566237,0.010872966,0.7297836,-0.95648944,0.067460686,-1.5479112,0.035629105,0.0043366933,0.048086166,1.4113711,-1.2567756,-0.95105654,0.309017,-0.5,-0.8660254,0.0
2024-07-23 00:00:00,5.0,0.29608145,0.17460571,-0.2399937,3.0,3.0,0.118621364,0.17967132,0.31313634,3.0,3.0,3.0,3.0,0.19599816,-0.35804614,0.23891394,1.1173095,-0.4029587,-0.033475067,-1.504513,0.14306197,0.26738223,0.3186485,1.3789868,-0.9510366,0.0,1.0,-0.5,-0.8660254,0.0
2024-07-24 00:00:00,5.0,-1.1314114,-0.5516497,-0.051635135,-1.2308056,-0.61093575,1.4410638,0.7150219,-0.35760844,2.8756707,3.0,3.0,2.0621288,-0.3182204,-0.776566,0.19600745,0.77590454,0.48258644,-0.38724115,-1.6220243,-0.19028318,-0.13561556,0.07602277,-1.0203319,-0.7904288,0.95105654,0.309017,-0.5,-0.8660254,0.0
2024-07-25 00:00:00,5.0,0.6585896,0.20940222,0.44299883,-0.019450054,3.0,-0.39550114,-0.8559312,-0.047707126,3.0,3.0,3.0,3.0,-0.0002069394,-0.5398237,0.30625162,0.46824208,0.62032646,-0.020064317,-1.4768709,0.042380814,0.44336078,0.6618846,1.3768722,-1.1935568,0.58778524,-0.809017,-0.5,-0.8660254,0.0
2024-07-26 00:00:00,5.0,0.28054404,0.6873293,-0.22555359,0.5451029,-0.42741823,-0.707254,-0.49531963,-1.1114024,3.0,3.0,3.0,3.0,0.08987999,-0.47229818,0.33320054,-0.006586541,0.85646707,-0.09748769,-1.3625296,0.14484645,0.47268063,0.73451906,-0.39674434,-1.234874,-0.58778524,-0.809017,-0.5,-0.8660254,0.0
2024-07-29 00:00:00,5.0,0.35818794,-0.024677876,-1.4794531,2.7120726,1.1060343,-0.6615207,-0.17978324,1.2667731,3.0,3.0,3.0,3.0,0.23720984,-0.33962202,0.36473668,0.19955222,0.79445934,-0.16114357,-1.0269303,0.25599065,0.58671606,0.8968178,1.297996,-0.9261761,-0.95105654,0.309017,-0.5,-0.8660254,0.0
2024-07-30 00:00:00,5.0,-0.10106454,-1.7324846,-0.57546717,-1.5111884,-0.44695303,-0.16954732,0.6137881,2.2043128,2.9800353,3.0,3.0,2.0238676,0.10910804,-0.4352484,0.37059966,0.02850167,0.975817,-0.42988694,-1.2038747,0.22789676,0.55679536,0.9128797,0.52606267,-0.9898339,0.0,1.0,-0.5,-0.8660254,0.0
2024-07-31 00:00:00,5.0,-0.08415349,-2.0870025,-1.6429224,-1.1951348,-0.23217273,-0.2549355,-0.30385226,3.0,2.3196957,2.9562066,3.0,1.3301555,-0.01649822,-0.5267497,0.35896996,0.48947427,1.059935,-0.86466616,-1.0688667,0.19494551,0.5459962,0.9261373,1.2202982,-1.3339645,0.95105654,0.309017,-0.5,-0.8660254,0.0
2024-08-01 00:00:00,5.0,1.5261453,0.131106,1.0139836,0.39373556,-0.5734424,1.0099965,1.177777,1.739477,1.619797,2.3420384,2.7523031,0.641742,1.0142528,0.3788948,0.44940397,0.85508376,1.0946625,-0.25427952,-0.64254546,0.77061373,0.84104425,1.1736572,-1.1604768,-0.28428635,0.58778524,-0.809017,-0.5,-0.8660254,0.0
2024-08-02 00:00:00,5.0,-0.8065577,-0.21139024,-0.88069147,1.5999613,0.27822357,-0.64627445,-1.1264427,-0.0043326947,1.8635818,2.4502847,2.8350053,0.84217334,0.45054328,-0.06705503,0.42167455,0.38700503,0.3116858,-1.0138222,-0.6789785,0.43567008,0.69605726,1.0626153,1.2496412,-0.28419185,-0.58778524,-0.809017,-0.8660254,-0.5,0.0
2024-08-05 00:00:00,5.0,-1.5637295,-0.84454393,0.7721484,-1.2843294,-0.4208369,0.4118671,1.0328429,-0.8657332,1.4322753,2.1218686,2.5928593,0.30039376,-0.3796428,-0.8418231,0.28686997,-0.45982882,-0.21233656,-1.0854177,-1.0336064,-0.7407899,0.38211966,0.7779122,0.7381734,0.7200966,-0.95105654,0.309017,-0.8660254,-0.5,0.0
2024-08-06 00:00:00,5.0,-2.365351,0.14455383,2.3876114,-1.1049381,1.9527926,2.2903333,1.3666475,-2.6018887,3.0,3.0,3.0,2.2751756,-1.2653879,-1.8438997,0.06855893,-1.4846743,-1.209544,-1.4855163,-1.491879,-2.2726746,0.16568124,0.7287535,1.3488249,2.1468425,0.0,1.0,-0.8660254,-0.5,0.0
2024-08-07 00:00:00,5.0,0.16042446,-0.70484257,-1.0018213,0.77086693,-0.62025696,1.74193,-0.55767816,0.82423574,2.4804525,2.8456953,3.0,1.2071152,-1.2381061,-1.8122004,-0.0805419,-1.3544569,-0.73818433,-0.24987273,-1.4243289,-1.5120641,0.12722817,0.69736636,-0.25050017,3.0,0.95105654,0.309017,-0.8660254,-0.5,0.0
2024-08-08 00:00:00,5.0,1.4035143,0.9773524,-1.2166324,1.2345314,-0.30179927,1.146509,-0.4845403,-0.058714878,1.9507544,2.4161522,2.7506053,0.7208947,-0.35737273,-0.9464682,-0.085532375,-1.3332392,-0.4392626,0.1548733,-1.1029801,-0.6131346,0.33438477,0.90585303,1.093412,2.6042197,0.58778524,-0.809017,-0.8660254,-0.5,0.0
2024-08-09 00:00:00,5.0,-0.9205005,0.30592915,1.8729879,-0.8218809,-0.38841528,-0.71876884,-1.1593965,-1.5681499,1.5745833,2.1323576,2.533298,0.2798197,-0.7406732,-1.3635339,-0.14912137,-1.3906373,-0.8939731,-0.05730216,-1.1168829,-0.92225605,0.1305196,0.72456676,1.0453155,1.5875293,-0.58778524,-0.809017,-0.8660254,-0.5,0.0
2024-08-12 00:00:00,5.0,0.6299087,0.88801426,-0.37955558,0.44513395,-0.7572618,0.03588556,0.78407216,0.3177639,0.87888813,1.5972798,2.0992239,-0.46427736,-0.42634082,-1.0101185,-0.1669992,-0.46812105,-0.77828,-0.0038518023,-0.77371293,-0.547285,0.16950598,0.72728825,-1.8223656,1.5780511,-0.95105654,0.309017,-0.8660254,-0.5,0.0
2024-08-13 00:00:00,5.0,1.2199545,1.4600074,-0.37001637,-0.69115764,-0.6909678,-0.9240008,-0.9819923,0.558423,0.446711,1.2029649,1.7558209,-0.9149593,0.26377973,-0.2708663,-0.067100696,1.0948379,-0.274366,0.63243186,-0.6085611,0.001270232,0.36709931,0.885738,-1.4184825,1.6527709,0.0,1.0,-0.8660254,-0.5,0.0
2024-08-14 00:00:00,5.0,-0.31829903,-1.4691148,-1.2910126,-0.27179927,-0.7104006,0.18460135,1.5352634,0.34138352,0.10309396,0.89193124,1.5099589,-1.3140197,0.051703956,-0.46717003,-0.019366495,0.88138497,-0.36891744,0.6273575,-0.67317885,-0.1643221,0.2095569,0.70680535,-1.5097628,1.4973971,0.95105654,0.309017,-0.8660254,-0.5,0.0
2024-08-15 00:00:00,5.0,0.15466638,0.001956425,-1.3737458,2.5764294,0.5702886,-0.8945377,-0.9935007,0.77206475,1.1116817,1.4389117,1.8483754,0.0056251287,0.045409855,-0.4466043,0.05135401,0.33642215,-0.84296,0.22632764,-0.6340615,-0.09473132,0.30967772,0.88256204,1.203947,1.8983059,0.58778524,-0.809017,-0.8660254,-0.5,0.0
2024-08-16 00:00:00,5.0,1.2830586,0.991601,-0.8315824,0.69784814,-0.5638504,-0.4758071,0.38569373,0.42191726,0.7236262,1.1420145,1.5925831,-0.39362893,0.79363024,0.35695964,0.19468763,1.2930166,-0.0640855,0.2296579,-0.06188597,0.473018,0.5676577,1.0556006,0.5720608,2.4085271,-0.58778524,-0.809017,-0.8660254,-0.5,0.0
2024-08-19 00:00:00,5.0,-0.27867475,-0.04385583,0.7607517,0.34013495,-0.6364595,-0.53868586,-0.30281562,-0.3719267,0.38391837,0.88814974,1.4007342,-0.79573256,0.56079173,0.15398462,0.2715041,0.89338386,0.3911357,0.17127177,-0.14459933,0.32497045,0.4706235,0.91164786,-0.5119077,2.265293,-0.95105654,0.309017,-0.8660254,-0.5,0.0
2024-08-20 00:00:00,5.0,0.2630509,0.4918685,-1.0341208,1.8206884,-0.31740496,-0.6402129,-0.40352693,-0.48526898,0.3951877,0.83256024,1.3283237,-0.72139764,0.6357704,0.25445756,0.32768565,0.47780517,1.3725911,0.16994478,-0.09719945,0.4418046,0.52238053,0.9351187,0.99909925,2.1818118,0.0,1.0,-0.8660254,-0.5,0.0
2024-08-21 00:00:00,5.0,-2.009694,-1.1839839,0.14558576,-1.188788,-0.5691798,0.1730598,0.76040256,-1.4117583,0.27591872,0.7442034,1.286769,-0.8914187,-0.42761043,-0.79400784,0.13938066,-0.2816652,0.5177166,-0.21072981,-0.72759736,-0.5629606,-0.060809225,0.41326928,-0.024115859,1.9849501,0.95105654,0.309017,-0.8660254,-0.5,0.0
2024-08-22 00:00:00,5.0,0.26489806,0.35007012,0.10679264,1.0129185,-0.2178938,-0.3148344,-0.60680974,-0.19908129,0.3206891,0.71349484,1.2290621,-0.77023304,-0.34842098,-0.69701236,0.028524527,-0.2305621,0.088349506,-0.3418705,-0.77379346,-0.39565715,0.019920716,0.4591096,0.93084884,2.3632023,0.58778524,-0.809017,-0.8660254,-0.5,0.0
2024-08-23 00:00:00,5.0,-0.5930864,0.10052847,2.3951316,-1.0261183,-0.16405721,0.65576184,0.87121063,-0.8266994,0.43050742,0.7500926,1.2374892,-0.6056364,-0.662739,-1.0117611,-0.11036622,-1.0429646,0.20527159,-0.6743966,-0.7939769,-0.62039703,-0.12200882,0.31873104,1.022481,2.3302617,-0.58778524,-0.809017,-0.8660254,-0.5,0.0
2024-08-27 00:00:00,5.0,0.7276206,0.62010324,0.79611194,-0.13209257,-0.8024933,0.10185457,-0.53023577,0.6267544,0.0042585917,0.43657067,0.989038,-1.0916466,-0.22973163,-0.5749896,-0.11996633,-0.6012518,0.25475612,-0.5129955,-0.7553998,-0.25783798,0.040059026,0.34929428,-1.7773515,2.2357066,-0.95105654,0.309017,-0.8660254,-0.5,0.0
2024-08-28 00:00:00,5.0,0.6543432,-0.3275784,1.8275799,-1.3050417,-0.6598663,-0.054061994,-0.32971027,0.9647561,-0.2079824,0.23496883,0.8102246,-1.2857602,0.13964726,-0.18883894,-0.036102157,-0.42446598,0.044463214,-0.22546113,-0.25419122,0.058647513,0.22137204,0.41755262,-1.3581637,2.0830438,0.95105654,0.309017,-0.8660254,-0.5,0.0
2024-08-29 00:00:00,5.0,-0.018540038,0.01326261,-0.23134129,1.3003899,-0.6118304,-0.9287407,-0.977361,-0.10185704,-0.4292134,0.029633693,0.6392543,-1.5077366,0.05442482,-0.26233113,0.023096684,0.46578804,0.16226551,-0.20896952,0.6585024,0.039402653,0.18504456,0.2946749,-1.2603728,1.9595402,0.58778524,-0.809017,-0.8660254,-0.5,0.0
2024-08-30 00:00:00,5.0,0.6990316,1.5923733,-0.62920904,-0.63192505,-0.52964306,-0.19833302,0.832013,-0.44825247,-0.53540486,-0.1209948,0.48557836,-1.542927,0.48212937,0.14986962,0.16537836,0.6538402,0.3681467,-0.50152117,0.98938143,0.4438294,0.4564733,0.41605645,-0.61910653,1.6711173,-0.58778524,-0.809017,-0.8660254,-0.5,0.0
2024-09-02 00:00:00,5.0,-0.9275371,-1.3450062,-0.5451714,-0.66945887,-0.39305052,1.4333061,1.4153774,0.27028596,-0.5216178,-0.17003293,0.42932406,-1.4369718,-0.11039781,-0.38521612,0.107888564,0.5369109,-0.493536,-0.56851625,0.58145756,-0.29649383,0.09932888,0.06640473,0.08051964,1.3875732,-0.95105654,0.309017,-0.8660254,-0.5,0.0
2024-09-03 00:00:00,5.0,0.26584566,0.90171957,-0.13891056,0.11058648,-0.65861183,-1.1229551,-1.4552749,-0.096424915,-0.7269302,-0.36834565,0.25115258,-1.651028,-0.006724173,-0.28126538,0.12334881,0.31957248,-0.28298995,0.12353009,0.699895,-0.10649339,0.16510062,-0.004765519,-1.6017053,1.0516624,0.0,1.0,-1.0,-1.8369701e-16,0.0
2024-09-04 00:00:00,5.0,-2.4789784,-1.9317487,-1.1990331,-1.1559868,-0.0003969268,1.0730584,3.0,-0.274012,-0.5245203,-0.2754694,0.31537566,-1.2854912,-1.2390729,-1.481097,-0.34588173,-1.1277612,-1.3501481,0.059827413,-0.5839788,-1.7951403,-1.0127472,-0.8964289,0.6589615,0.7971376,0.95105654,0.309017,-1.0,-1.8369701e-16,0.0
2024-09-05 00:00:00,5.0,-0.31880507,0.2495188,1.2844539,-0.06846662,-0.4955608,0.75741535,-0.4642057,-0.7151879,-0.58634806,-0.36094537,0.22223665,-1.300594,-1.3881048,-1.6190807,-0.7041871,-1.2533108,-0.6604326,-0.13957998,-0.57761467,-1.5171239,-1.2346666,-1.1318038,-0.6189114,0.79850304,0.58778524,-0.809017,-1.0,-1.8369701e-16,0.0
2024-09-06 00:00:00,5.0,-0.2564778,0.20274974,1.6901853,-0.49664733,-0.6823242,1.6768973,0.098799646,-0.56016356,-0.73101485,-0.5011167,0.08952327,-1.4432064,-1.5103649,-1.7228653,-0.99614656,-1.640344,-0.87063617,-0.8458799,-0.49227777,-1.2876272,-1.4597754,-1.4629046,-1.337692,1.2182609,-0.58778524,-0.809017,-1.0,-1.8369701e-16,0.0
2024-09-09 00:00:00,4.0,-1.009412,-1.0457171,0.18064862,-0.88575727,-0.4455885,0.24008246,-0.6907508,-0.591509,-0.75340986,-0.5588159,0.022296414,-1.4077338,-1.8578517,-2.0731897,-1.3395798,-1.6525189,-1.0291344,-0.89445895,-0.5835783,-1.3447542,-2.0149662,-2.0352025,-0.8200865,1.9008166,-0.95105654,0.309017,-1.0,-1.8369701e-16,0.0
2024-09-10 00:00:00,4.0,0.35202605,-0.10014595,0.498479,0.44436157,-0.7043993,0.34978813,-0.20256984,0.38448,-0.8764712,-0.694807,-0.12549587,-1.5148808,-1.6698295,-1.8732729,-1.4746455,-1.5758535,-1.1913512,-1.0103879,-0.49499685,-0.9697412,-1.932612,-2.149125,-1.3768563,1.8222245,0.0,1.0,-1.0,-1.8369701e-16,0.0
2024-09-11 00:00:00,4.0,-1.6010123,-1.2980824,-0.48578608,-0.7119127,-0.12317046,0.63496727,-0.09473018,-0.4262267,-0.71095145,-0.6224968,-0.09737499,-1.1912942,-2.1182435,-2.3396256,-1.6901392,-1.2079115,-2.042449,-2.1692379,-1.1506004,-1.2040609,-2.495116,-2.7178276,0.41465592,1.7026211,0.95105654,0.309017,-1.0,-1.8369701e-16,0.0
2024-09-12 00:00:00,4.0,0.36976388,-0.17889191,1.535115,-0.8688721,-0.5412226,0.5915767,-0.26160595,0.5404157,-0.7571615,-0.6934725,-0.20037846,-1.1850753,-1.8936188,-2.108425,-1.7076281,-0.91067404,-1.8459289,-1.8294291,-1.4261932,-0.87676054,-2.187402,-2.544698,-0.97526133,1.8026383,0.58778524,-0.809017,-1.0,-1.8369701e-16,0.0
2024-09-13 00:00:00,4.0,1.1217737,-0.19953597,-0.14429846,0.77926314,-0.44392484,-0.00567467,-0.44895753,1.5846616,-0.7581428,-0.7409213,-0.30236205,-1.0934296,-1.1220492,-1.4516927,-1.3586845,-0.32476628,-1.6410555,-1.405946,-1.024494,-0.460041,-1.4922798,-1.9852779,-0.6434191,1.735894,-0.58778524,-0.809017,-1.0,-1.8369701e-16,0.0
2024-09-16 00:00:00,4.0,0.4343734,0.9374247,0.8050054,-0.70106727,-1.017,-0.8021136,-0.5709778,0.007572128,-0.8960042,-0.8664296,-0.44384295,-1.2494551,-0.9139936,-1.2591714,-1.0297334,0.2860234,-1.1479019,-1.7016261,-1.1573255,-0.28898063,-1.2624162,-1.9248796,-1.5281475,1.531605,-0.95105654,0.309017,-1.0,-1.8369701e-16,0.0
2024-09-17 00:00:00,4.0,0.57335615,1.295698,0.5049415,-1.0181019,-0.35521227,-0.67457706,-0.14115003,-0.40121955,-0.8805811,-0.8982847,-0.52778083,-1.1351209,-0.5993469,-0.98787695,-0.5629082,0.38856333,-1.0297722,-1.3459502,-1.0150639,-0.09151478,-0.8458099,-1.58316,-0.6943201,1.4430728,0.0,1.0,-1.0,-1.8369701e-16,0.0
2024-09-18 00:00:00,4.0,1.0140548,1.1385895,-0.39066657,0.15476082,-0.79933125,-0.32449928,-0.025549376,0.6297278,-0.9426461,-0.97876906,-0.65273505,-1.1560769,0.038012695,-0.45297804,0.040778365,1.5301708,0.26515064,-1.0424576,-0.87664807,0.23988813,-0.21208845,-1.119379,-1.3107355,1.2877829,0.95105654,0.309017,-1.0,-1.8369701e-16,0.0
2024-09-19 00:00:00,4.0,0.16900428,-0.3050779,0.46377954,-0.020482028,-0.992228,1.5296382,0.635348,0.121917754,-1.0567249,-1.0863206,-0.78330433,-1.2998946,0.045085434,-0.43902454,0.5674084,1.4296995,0.45062643,-0.1830734,-0.84874153,0.3033509,-0.15551957,-1.2383819,-1.4714624,1.3205774,0.58778524,-0.809017,-1.0,-1.8369701e-16,0.0
2024-09-20 00:00:00,4.0,1.4743971,1.282384,0.5449183,-1.080571,-0.47301507,0.48726317,-0.52177095,1.1154118,-0.9487383,-1.0608675,-0.8459451,-0.9900265,0.99835294,0.40074453,1.2860123,1.5673501,1.1192497,0.299356,-0.07191087,0.82185954,0.8365721,-0.28168172,-0.9089948,1.4374155,-0.58778524,-0.809017,-1.0,-1.8369701e-16,0.0
2024-09-23 00:00:00,4.0,-1.2716337,-0.38172898,0.3035369,0.05381265,0.4275463,3.0,1.7725812,-1.4279144,-0.8168738,-0.98250973,-0.81783634,-0.7107423,0.22699903,-0.19591688,1.2914983,0.8242509,1.0073512,0.021525465,-0.8031486,0.34965965,0.009302197,-0.9161216,-0.3079902,1.3308192,-0.95105654,0.309017,-1.0,-1.8369701e-16,0.0
2024-09-24 00:00:00,4.0,0.5892667,0.08959124,0.09989659,1.0430572,-0.67187047,-0.9960669,-1.3560679,0.5899569,-0.90916,-1.0580466,-0.9272457,-0.8204717,0.527991,0.07854918,1.528821,0.83795214,1.1254045,-0.028921016,-0.7664496,0.5950022,0.3894431,-0.69936615,-1.1053579,1.239154,0.0,1.0,-1.0,-1.8369701e-16,0.0
2024-09-25 00:00:00,4.0,-0.10119198,-0.7833892,0.9835763,-1.2822587,-0.20074776,1.8849441,3.0,0.2677059,-0.9223588,-1.0803382,-0.98843,-0.79599315,0.4026053,-0.019422177,1.5860956,0.3662495,1.7236159,-0.3311387,-1.0921433,0.60310626,0.3564832,-0.8108177,-0.6888337,1.2215583,0.95105654,0.309017,-1.0,-1.8369701e-16,1.0
2024-09-26 00:00:00,5.0,-1.6058041,-1.3636192,-0.7068693,-0.6777034,1.1339856,1.4028394,-0.35560822,-0.59911746,-0.7589821,-0.9711676,-0.9275592,-0.4775462,-0.45774955,-0.76062256,1.0058981,-0.41581693,0.94500667,-1.0426645,-2.2866633,-0.11424453,-0.66062105,-1.5345659,0.37056565,1.1985183,0.58778524,-0.809017,-1.0,-1.8369701e-16,1.0
2024-09-27 00:00:00,4.0,-2.6891122,0.48633084,0.30207703,0.5714712,-0.03899194,2.4171858,0.51493657,-3.0,-0.31470144,-0.65076923,-0.6821499,0.208524,-1.5250608,-1.830727,-0.14188017,-2.2619429,-0.7339672,-2.6208973,-3.0,-1.4221638,-1.9176987,-2.1703422,-0.59741855,0.8022152,-0.58778524,-0.809017,-1.0,-1.8369701e-16,1.0
2024-09-30 00:00:00,4.0,1.0705358,1.386371,0.11913998,-0.75676477,-0.33791935,1.3763026,-0.5300847,0.40478298,-0.48660842,-0.7471157,-0.7989245,-0.024940377,-0.93733585,-1.3294048,-0.5584438,-1.2425337,-0.44149962,-1.8964039,-3.0,-0.8358531,-1.318728,-1.7824332,-0.77664083,0.7788569,-0.95105654,0.309017,-1.0,-1.8369701e-16,1.0
2024-10-01 00:00:00,4.0,0.8952046,-0.2867499,-0.00081456586,0.4910312,-0.23099971,-0.60481876,-1.0918428,1.1669463,-0.59514594,-0.8150091,-0.8945396,-0.1611454,-0.3605714,-0.8349746,-0.5521296,-1.0824375,-0.2687766,-1.6815944,-2.2761188,-0.35275042,-0.64217037,-1.4037145,-0.60413426,0.7447403,0.0,1.0,-1.0,-1.8369701e-16,1.0
2024-10-02 00:00:00,5.0,1.8288729,1.773195,-1.128847,-0.3474836,2.412146,-0.21802865,0.16735968,-0.091484964,-0.4419371,-0.72491723,-0.89048666,0.15934497,1.0301542,0.5044139,0.1784111,-0.17679802,0.19805123,0.60250324,-1.0640252,1.0531433,0.8234407,-0.2793532,0.8300532,-0.4212374,0.95105654,0.309017,-0.8660254,0.5,0.0
2024-10-03 00:00:00,4.0,1.1664333,0.15075807,2.1803465,-0.96263134,0.09135402,-0.10918374,-0.15096392,1.2674813,-0.40682998,-0.691883,-0.90420556,0.24717817,1.6795222,1.2179561,0.9433378,1.0491236,0.6736752,1.403238,0.64920175,1.8521347,1.5222577,0.2889006,-0.367763,-0.5092668,0.58778524,-0.809017,-0.8660254,0.5,0.0
2024-10-04 00:00:00,4.0,0.5663372,-0.2929919,-0.76880676,1.2967699,-0.49482927,0.3756697,0.1503005,0.7490278,-0.58360094,-0.7953892,-1.0075374,-0.02808597,1.875341,1.4758569,1.5972792,2.47338,0.2698449,1.8173327,0.7769959,2.112688,1.7896068,0.46638322,-0.80461264,-0.5877489,-0.58778524,-0.809017,-0.8660254,0.5,0.0
2024-10-07 00:00:00,4.0,1.4797273,1.7755554,-0.7371156,-0.7655083,-0.25705066,-0.7643571,-0.95398897,0.7231844,-0.630401,-0.835642,-1.0819352,-0.055242915,2.5390012,2.2746947,2.3310199,2.5939345,1.5430957,2.948166,1.4863464,2.807367,2.5452645,1.1442447,-0.5884,-0.8233614,-0.95105654,0.309017,-0.8660254,0.5,0.0
2024-10-08 00:00:00,5.0,0.9895967,0.75186914,0.26733318,-0.08961084,0.41110379,-0.8261217,-0.33592188,0.58805573,-0.661483,-0.86279845,-1.1366829,-0.07013154,2.771338,2.6262465,2.87019,2.5347476,1.7108861,3.0,1.6748403,2.897928,2.8427517,1.5728724,0.13603255,-1.0841768,0.0,1.0,-0.8660254,0.5,0.0
2024-10-09 00:00:00,4.0,-2.4717925,-2.107546,-1.4210174,-1.0895507,1.6660898,-0.46967462,0.21240325,-0.7636416,-0.41018838,-0.66535854,-0.95656943,0.28480503,1.2050169,1.2048804,2.11443,0.65417963,0.5435052,2.4070563,0.8254525,1.117874,0.93986326,0.4412267,0.80880773,-1.4437796,0.95105654,0.309017,-0.8660254,0.5,0.0
2024-10-10 00:00:00,4.0,0.09927159,1.714333,-0.26119453,-1.2172291,-0.5490357,-1.0078421,-0.79975015,-0.97703254,-0.5812525,-0.76504564,-1.0449553,-0.000367604,1.1606734,1.1609411,1.8305013,0.21653189,1.3409995,2.2015405,0.971755,1.0337799,0.8668907,0.42366096,-0.76720846,-1.4521341,0.58778524,-0.809017,-0.8660254,0.5,0.0
2024-10-11 00:00:00,4.0,0.85937977,1.3377968,0.027273692,-0.825946,-0.11689582,-0.9674305,-0.22290947,0.09709362,-0.6774874,-0.83777475,-1.131364,-0.13155177,1.5284289,1.558283,1.7762684,0.3652389,2.91063,2.0697813,0.86898774,1.427111,1.3033522,0.81385386,-0.30713898,-1.6162813,-0.58778524,-0.809017,-0.8660254,0.5,0.0
2024-10-14 00:00:00,4.0,-0.10472782,0.51780945,-0.1604163,0.7648395,0.05678,-0.83960515,-0.039715968,-0.65235204,-0.71149176,-0.86442286,-1.1661769,-0.18000905,1.3664473,1.4185287,1.5769126,-0.30609176,2.302473,1.8067306,0.3713399,1.2149357,1.0834949,0.74516225,0.019401865,-1.6612349,-0.95105654,0.309017,-0.8660254,0.5,0.0
2024-10-15 00:00:00,5.0,-0.047384586,1.2683303,-0.10643747,-0.6208595,-0.8264395,-0.8722503,-0.29180482,-0.81038976,-0.82454836,-0.9467834,-1.244353,-0.37948442,1.2371504,1.3077635,1.398585,-0.7469754,1.8446296,1.5367682,0.3912818,1.0649151,0.9338172,0.6593984,-0.98586446,-1.6709678,0.0,1.0,-0.8660254,0.5,0.0
2024-10-16 00:00:00,4.0,-2.4423175,0.121694036,0.45012796,0.9008778,0.40833417,0.13508911,1.1575563,-3.0,-0.3672725,-0.6220994,-0.9566333,0.37058577,-0.048403766,0.101229265,0.22728302,-0.77943635,-0.12650481,0.046762552,-0.7560446,-0.44700813,-0.6925656,-0.3570432,0.41094393,-1.075537,0.95105654,0.309017,-0.8660254,0.5,0.0
2024-10-17 00:00:00,4.0,0.6374208,0.811451,1.2014048,-1.2254331,-0.7098636,1.0177026,0.39979413,0.2602047,-0.5049872,-0.7017703,-1.0324688,0.14739531,0.25968242,0.40543997,-0.21560648,-0.52733314,-0.31497905,0.2702558,-0.11052588,-0.058460258,-0.34709257,-0.1431775,-0.66330945,-1.0410184,0.58778524,-0.809017,-0.8660254,0.5,0.0
2024-10-18 00:00:00,4.0,0.88712907,1.5704049,-0.42745006,-0.9976788,-0.5378485,-0.8012344,-1.1245158,0.08734426,-0.6142613,-0.767358,-1.0894336,0.0010157396,0.7205178,0.86189306,-0.2521159,-0.49577114,-0.13238885,0.10260116,0.054179214,0.4558698,0.23648399,0.23579524,-0.3682427,-1.5633694,-0.58778524,-0.809017,-0.8660254,0.5,0.0
2024-10-21 00:00:00,4.0,0.072771534,-0.48851058,0.71140325,-0.21387987,0.57306755,-0.82506204,-0.38143572,0.35106525,-0.6004418,-0.7529179,-1.072288,0.04051869,0.67705417,0.8235246,-0.2633354,-0.41483247,-0.7324214,0.6311625,-0.0077391327,0.45883715,0.2438989,0.25772914,0.55983627,-1.667348,-0.95105654,0.309017,-0.8660254,0.5,0.0
2024-10-22 00:00:00,4.0,0.97613716,1.1551521,0.49099448,-1.1809922,-0.27476147,-0.96649885,-0.4055244,0.4003523,-0.6051186,-0.7582981,-1.0828062,0.10585246,1.1959835,1.3306193,0.03729019,0.06511362,-0.69254136,0.8407191,0.30183318,1.0192903,0.89389473,0.7653919,-0.12679322,-1.7348555,0.0,1.0,-0.8660254,0.5,0.0
2024-10-23 00:00:00,4.0,0.37434086,0.9197195,-0.5719012,0.29382864,-0.98260665,-0.8760444,-0.25523785,-0.078191064,-0.7095574,-0.8186778,-1.1223949,-0.10879705,1.3173661,1.449215,0.3493782,1.3575957,0.6140706,1.0402985,0.49700716,1.1804054,1.105299,0.9339512,-0.8055926,-1.7280117,0.95105654,0.309017,-0.8660254,0.5,0.0
2024-10-24 00:00:00,4.0,-0.47792542,-1.1032053,0.42294237,-0.87584823,-0.9828141,-0.9013572,-0.41484487,-0.22045808,-0.77964395,-0.855866,-1.1319696,-0.30073774,0.93130815,1.1167449,0.35224852,0.84013677,0.34114715,1.4278128,0.31469044,0.76363623,0.61609405,0.60902315,-0.8083327,-1.6686106,0.58778524,-0.809017,-0.8660254,0.5,0.0
2024-10-25 00:00:00,4.0,-0.0016205866,-0.75407124,1.3525113,-1.1812145,0.8865367,0.6802842,1.7375487,0.5507006,-0.6879807,-0.80667955,-1.0915906,-0.069133654,0.85196066,1.0510806,0.27652252,0.43485644,-0.053981256,2.3972108,-0.1802648,0.5524289,0.39125803,0.62051505,0.9331781,-1.4892641,-0.58778524,-0.809017,-0.8660254,0.5,0.0
2024-10-28 00:00:00,4.0,0.6297874,1.1394929,-0.20584367,-0.53984326,-0.69204724,-0.9952656,-1.0889038,0.17637743,-0.74581736,-0.8476018,-1.1233914,-0.1934311,1.1801754,1.3478658,0.43703264,0.6877506,0.29890484,2.1723104,0.3590107,0.8153401,0.6820626,0.98250943,-0.4572489,-1.4583893,-0.95105654,0.309017,-0.8660254,0.5,0.0
2024-10-29 00:00:00,5.0,-0.83440125,0.038531974,-1.1282138,2.3762445,0.06533292,-0.31010425,0.42498022,-1.2750708,-0.5125848,-0.7027087,-1.0045336,0.36368996,0.58316815,0.845988,0.14062093,-0.1398925,-0.08069554,1.4911865,0.5170769,-0.0798298,-0.09141728,0.5544245,0.45712915,-1.52875,0.0,1.0,-0.8660254,0.5,0.0
2024-10-30 00:00:00,5.0,-3.0,-1.8924725,-1.1163257,-0.83134663,3.0,1.222427,0.8505248,-0.8615673,0.20507942,-0.26421693,-0.6541939,1.7663032,-0.87783444,-0.5646031,-0.9686468,-1.7536672,-0.4596434,-0.49018756,-0.057861827,-1.997859,-1.844823,-0.73448217,1.9760292,-1.1078669,0.95105654,0.309017,-0.8660254,0.5,0.0
2024-10-31 00:00:00,5.0,-0.71459323,-0.5416417,0.44734412,0.21130215,0.66295356,2.599382,0.76342684,-0.6846726,0.20421557,-0.22283936,-0.6048266,1.5868267,-1.1735171,-0.88895994,-1.7708619,-1.8390399,-1.1334552,-1.2031567,-0.44820845,-1.7686763,-2.118311,-1.058632,1.2204381,-0.97687376,0.58778524,-0.809017,-0.8660254,0.5,0.0
2024-11-01 00:00:00,5.0,0.5914846,1.2064228,-0.5662329,-0.35215816,-0.4117801,0.05855684,-1.0722963,-0.07102346,-0.034285706,-0.32330927,-0.670119,1.1154138,-0.8519149,-0.6063866,-2.0648012,-1.5487025,-1.2502378,-1.1434058,-0.6787169,-1.1460357,-1.7455559,-0.86032313,-0.09765901,-1.1883142,-0.58778524,-0.809017,-0.8660254,0.5,0.0
2024-11-04 00:00:00,4.0,0.39671582,-0.14609213,2.602983,-1.1480702,0.09008217,1.1679548,0.67587054,0.6010453,-0.023273729,-0.31026313,-0.6664398,1.0816168,-0.6696513,-0.44725356,-1.968128,-1.624505,-1.0833038,-1.4825386,-0.16432284,-0.8232568,-1.3530082,-0.63126135,0.7110194,-1.4051944,-0.95105654,0.309017,-0.5,0.8660254,0.0
2024-11-05 00:00:00,4.0,0.76137316,0.60172755,1.2459632,-0.96824515,-0.4974496,-0.7602089,-1.1479521,0.6583191,-0.15497199,-0.367738,-0.70915574,0.8545506,-0.21554692,-0.049220987,-1.6374973,-0.91721565,-1.1667205,-1.4941108,-0.038679145,-0.43783143,-0.7875099,-0.25493523,-0.26156428,-1.2152815,0.0,1.0,-0.5,0.8660254,0.0
2024-11-06 00:00:00,4.0,0.6495795,1.733204,-0.8321968,-1.0938346,-0.6167842,-0.7925608,-0.34491327,-0.16953924,-0.4512246,-0.5104587,-0.7952755,0.39342976,0.15077606,0.27583113,-1.215199,0.75317323,-1.0159096,-0.32736596,-0.18304208,-0.084178716,-0.41333646,0.020090953,-0.844249,-0.5233096,0.95105654,0.309017,-0.5,0.8660254,0.0
2024-11-07 00:00:00,4.0,0.35810617,0.16989651,1.0553899,-0.043408927,1.236737,0.023170618,0.9297053,0.17046542,-0.24758703,-0.41728237,-0.74623895,0.7053788,0.3106836,0.41622552,-0.71662027,1.2267419,-0.6090399,-0.22130828,0.09790186,0.1045683,-0.121737055,0.29402485,1.5434887,-0.42725495,0.58778524,-0.809017,-0.5,0.8660254,0.0
2024-11-08 00:00:00,4.0,-0.6761699,-1.3823647,-0.025067683,-0.94413847,-0.22346134,1.0552355,0.6228495,-0.15762079,-0.36836517,-0.45814967,-0.7495977,0.47554544,-0.11331697,0.043442093,-0.5999118,0.65963864,-0.9410212,-0.8036379,-0.27149194,-0.21100055,-0.52260524,-0.119211435,0.1787813,-0.42830446,-0.58778524,-0.809017,-0.5,0.8660254,0.0
2024-11-11 00:00:00,4.0,-1.182586,-1.9042456,-1.5192349,-0.64276344,1.000696,-0.5574909,-1.0133259,0.24830543,-0.07645353,-0.29417956,-0.6322189,0.74592716,-0.69887596,-0.5089502,-0.80427074,-0.0433668,-1.7732431,-1.2230972,-1.2865441,-0.7107035,-1.1350065,-0.7169896,1.5583069,-0.46833134,-0.95105654,0.309017,-0.5,0.8660254,0.0
2024-11-12 00:00:00,4.0,0.12520695,-0.8112688,0.5563378,-0.49479654,-0.8835799,-1.0831451,-0.7970899,0.5436914,-0.44334397,-0.46303898,-0.7170059,0.2771412,-0.69737494,-0.51076055,-0.9085331,-0.33043143,-1.3145036,-1.1439445,-1.1269879,-0.5684665,-1.0550264,-0.7679569,-0.98550797,-0.46335152,0.0,1.0,-0.5,0.8660254,0.0
2024-11-13 00:00:00,4.0,-0.7686976,-1.5444453,-1.0826998,-0.4800579,0.36496517,-0.34336185,0.8679444,0.2292348,-0.288572,-0.38036776,-0.6550086,0.40116784,-1.0527989,-0.8666198,-1.1095673,-0.9654479,-0.23028596,-0.5346594,-1.566089,-0.78052837,-1.4873976,-1.2068106,1.2690912,-0.7550247,0.95105654,0.309017,-0.5,0.8660254,0.0
2024-11-14 00:00:00,4.0,0.632755,0.92860115,-1.5166585,1.3528863,-0.7949453,-0.14036338,-0.15369461,0.24940766,-0.6376515,-0.5824782,-0.7744325,0.061570533,-0.65956515,-0.5414765,-1.0382686,-0.83973134,0.4195248,-0.5263269,-0.53135663,-0.41933537,-1.1131675,-0.9565581,-0.76717776,-0.7945048,0.58778524,-0.809017,-0.5,0.8660254,0.0
2024-11-15 00:00:00,4.0,1.6551286,1.3210804,-0.71077794,-0.49826407,0.5316269,-0.5582752,-0.57331604,1.0223092,-0.17723177,-0.44517255,-0.77582777,0.6542982,0.47577363,0.4540643,-0.36451417,0.20857573,0.93698907,-0.2056536,0.13745435,0.32379928,0.10593435,0.22116616,1.7041128,-0.98033184,-0.58778524,-0.809017,-0.5,0.8660254,0.0
2024-11-18 00:00:00,4.0,0.6721451,1.2397091,-0.09758722,-1.0520777,0.36638778,-0.6686181,-0.36548525,-0.3995645,-0.12708198,-0.47015834,-0.82469,0.70828754,0.8285644,0.7844583,0.2507257,1.0357282,1.0651267,0.03188959,0.66670495,0.6228012,0.56471187,0.629792,1.6013798,-1.1115991,-0.95105654,0.309017,-0.5,0.8660254,0.0
2024-11-19 00:00:00,4.0,0.8125534,1.1693182,-0.6220538,-0.34010127,0.13569295,-0.38403758,0.07315712,-0.0042890036,-0.2046357,-0.56345695,-0.90584993,0.6652577,1.2472708,1.1876367,0.87432754,1.3282112,1.0865753,-0.012665595,0.7706981,1.0184579,1.1123431,1.1042582,1.2247468,-0.984971,0.0,1.0,-0.5,0.8660254,0.0
2024-11-20 00:00:00,4.0,-0.56482583,-1.1628504,-0.6213777,0.10062675,0.2630572,-0.7516503,-0.5650419,0.16921455,-0.048845958,-0.46531573,-0.8593284,0.6994075,0.81800747,0.83292115,1.042933,1.3924901,0.5094758,-0.3763375,0.27112073,0.7428629,0.7709018,0.7034243,1.4754508,-0.9771563,0.95105654,0.309017,-0.5,0.8660254,0.0
2024-11-21 00:00:00,4.0,-0.075213104,-0.118266076,1.7148488,0.12957014,-1.5653727,-0.82147944,-0.3104927,-0.18361771,-0.9534701,-1.0275648,-1.0740119,0.0066796695,0.6869975,0.72219545,1.1652077,1.080558,0.30556384,-0.22641078,0.24899505,0.7061569,0.73711777,0.48651847,-1.5139292,-1.0322651,0.58778524,-0.809017,-0.5,0.8660254,0.0
2024-11-22 00:00:00,4.0,1.2328622,1.3257414,-0.88591033,-0.44878316,-0.23517968,-0.65793526,-0.13580745,0.725005,-0.7818834,-1.0787313,-1.1713212,0.2244394,1.3942289,1.3842534,1.4810795,0.90243775,1.2082572,0.26643944,0.62026185,1.5040835,1.5798453,1.3024757,0.28694028,-0.8831373,-0.58778524,-0.809017,-0.5,0.8660254,0.0
2024-11-25 00:00:00,4.0,0.7314279,-0.26387945,-0.5387977,2.2652535,-0.5386118,-0.43612266,0.017562607,1.266874,-1.0231245,-1.3707998,-1.3402727,0.071720235,1.7024289,1.6920956,1.8488637,0.9274055,2.0358477,0.32476723,1.340101,2.1066253,2.04463,1.7121574,-0.16812308,-0.80707854,-0.95105654,0.309017,-0.5,0.8660254,0.0
2024-11-26 00:00:00,4.0,-0.6507866,-1.0906713,0.5870429,-1.0613227,0.59481966,0.38022572,0.52773404,0.036273114,-0.5147954,-0.9909455,-1.1975025,0.44713512,1.174403,1.2637619,1.6695299,0.2944693,1.6383336,0.37143517,0.9327204,1.656371,1.4944694,1.2184749,1.7791632,-0.78468174,0.0,1.0,-0.5,0.8660254,0.0
2024-11-27 00:00:00,4.0,-0.6282144,-1.4703547,-0.26148877,-1.0069908,-1.1149703,-0.45753372,-0.81311435,-0.15719381,-0.8808334,-1.2697088,-1.312493,0.08013396,0.73649704,0.896035,1.3909804,0.27203813,1.6765877,1.2994133,1.5559111,0.99314445,0.9876473,0.7361764,-0.8605385,-0.9137583,0.95105654,0.309017,-0.5,0.8660254,0.0
2024-11-28 00:00:00,4.0,0.19190796,0.21471365,-0.42491472,1.70423,-1.6574765,0.23276247,0.20681652,0.12706968,-1.4439734,-1.8160789,-1.6044962,-0.42781383,0.7821435,0.9309428,1.2327957,0.38832432,1.4649696,1.6110506,1.7281554,1.0007141,0.99929076,0.77149296,-1.4223028,-1.0169821,0.58778524,-0.809017,-0.5,0.8660254,0.0
2024-11-29 00:00:00,4.0,0.28024474,1.8356211,-1.8826207,-0.71294034,-1.4424915,-1.5370305,-1.3051066,-0.52218944,-1.8208306,-2.2182577,-1.8873855,-0.8144484,0.89591867,1.0239046,1.1585984,-0.032859907,0.86996067,1.4693664,1.898813,1.0948431,1.0916197,0.91044265,-1.3499364,-0.89267945,-0.58778524,-0.809017,-0.5,0.8660254,0.0
2024-12-02 00:00:00,4.0,-0.074944384,0.4529669,-0.097830124,0.69934726,-1.5364639,-1.1796073,0.29335532,-0.35464695,-2.147004,-2.5474522,-2.1675649,-1.2447973,0.78293306,0.9302478,1.0505161,-0.39651126,0.5509784,1.2806635,2.1422281,0.9027561,0.9460199,0.768521,-1.4439256,-0.8900756,-0.95105654,0.309017,-0.5,0.8660254,0.0
2024-12-03 00:00:00,1.0,-0.59566176,-0.54326206,0.99562943,0.067138,3.0,-0.9961239,-0.08522209,-0.1127242,-0.062342536,-0.85454804,-1.410469,1.0078127,0.30644286,0.5628224,0.47188345,-0.3686518,-0.055961486,0.7864594,1.7088411,0.2796581,0.41894957,0.57891476,2.1447222,-0.77081543,0.0,1.0,-2.4492937e-16,1.0,0.0
2024-12-04 00:00:00,4.0,1.176323,0.9622212,-0.15891147,-0.5200311,0.35278872,0.11232146,1.0301476,0.71956205,0.142854,-0.6529721,-1.4423022,1.2628711,1.1645226,1.2846057,0.5310678,0.43857422,0.714118,0.9855219,2.614299,1.2831535,1.1267434,1.3988587,1.0669576,-0.95440894,0.95105654,0.309017,-2.4492937e-16,1.0,0.0
2024-12-05 00:00:00,4.0,-0.49299634,-1.373287,0.118126474,-0.92193556,-0.030030612,-0.6384169,-0.74502474,0.27554014,-0.08559267,-0.69923806,-1.4675545,0.940985,0.7517608,0.97214615,0.41200775,0.13163194,0.5457993,0.68284273,2.2076163,0.77976286,0.7656895,1.0430402,0.32391444,-1.5279845,0.58778524,-0.809017,-2.4492937e-16,1.0,0.0
2024-12-06 00:00:00,4.0,-0.7856387,-1.3831002,-0.6760652,-0.19378649,-0.3576137,-0.88279766,-0.40620494,-0.32157218,-0.3711589,-0.8144967,-1.5015918,0.5415007,0.11528964,0.46893224,0.055761617,-0.35167605,-0.3977858,0.64704657,1.5170503,-0.018851196,0.16414756,0.3937986,-0.2784713,-1.2054385,-0.58778524,-0.809017,-2.4492937e-16,1.0,0.0
2024-12-09 00:00:00,1.0,-0.170289,-0.82445496,-0.0007503668,0.43607152,0.64660555,1.3928146,1.52309,0.5401394,-0.122784875,-0.56215334,-1.3412923,0.788331,-0.08042891,0.3059399,-0.27657673,-0.39431143,-0.8396661,1.0315896,1.3032968,-0.314169,-0.04218228,0.2567465,1.5072641,-1.0756947,-0.95105654,0.309017,-2.4492937e-16,1.0,0.0
2024-12-10 00:00:00,4.0,2.515248,1.4704931,-0.90186465,-0.9540664,2.5676763,0.5868317,-0.5173186,0.40812138,1.5392779,0.7237749,-0.7358995,2.5899,1.8634182,2.0469637,0.21428286,1.0684291,0.74443835,1.9369228,2.0718997,1.9856616,1.4496981,2.0489848,1.9688239,-1.4626986,0.0,1.0,-2.4492937e-16,1.0,0.0
2024-12-11 00:00:00,4.0,0.28656533,1.1459821,-0.6615151,-0.4084295,-0.6462048,-0.63255674,-0.79364824,-0.28701437,0.50439316,0.05787045,-1.084787,1.4868753,1.9244132,2.094556,0.64735466,0.6813246,1.1771562,2.247439,1.8324491,2.0655174,1.4848737,2.1303027,-1.2173581,-1.6371564,0.95105654,0.309017,-2.4492937e-16,1.0,0.0
2024-12-12 00:00:00,4.0,-0.17893955,0.21333455,0.8648016,0.35231665,-0.7401424,-0.09987838,0.075328015,-0.46653938,-0.33103853,-0.5304361,-1.3486614,0.5605526,1.6561006,1.8567601,0.8576433,0.81997204,0.98831564,1.9008516,1.6785879,1.7340516,1.2340173,1.9367431,-1.3490688,-1.6384873,0.58778524,-0.809017,-2.4492937e-16,1.0,0.0
2024-12-13 00:00:00,4.0,0.50647247,-0.4178777,0.79556763,0.66668195,-0.7666844,-0.8313962,-0.6682402,1.0567471,-0.822904,-0.96686715,-1.5806459,0.035019152,1.8794794,2.0394065,1.0884151,1.4042,1.0971069,1.479445,1.4158703,1.9042522,1.4650826,2.1771145,-1.3287251,-1.4249271,-0.58778524,-0.809017,-2.4492937e-16,1.0,0.0
2024-12-16 00:00:00,4.0,-0.13441063,-0.98814577,-1.5581146,1.6581609,-0.22562851,1.8510811,1.9160463,0.50844145,-1.0299637,-1.1646758,-1.6363305,-0.24185196,1.6524296,1.8371613,1.1040803,1.3967767,1.0591289,1.1899133,1.6937327,1.4884812,1.2570109,2.012219,-0.16829127,-1.4537158,-0.95105654,0.309017,-2.4492937e-16,1.0,0.0
2024-12-17 00:00:00,4.0,-1.5872172,-1.615104,-1.0611194,-0.522778,0.99981785,1.6767865,-0.20907418,-0.30160126,-0.04287907,-0.30841243,-0.9653665,0.8259344,0.3488707,0.8033217,0.4070439,-0.518368,0.55931777,0.35834917,0.95677644,-0.1328077,0.08277335,0.93245363,1.6531554,-1.638007,0.0,1.0,-2.4492937e-16,1.0,0.0
2024-12-18 00:00:00,4.0,-0.6994921,0.15902027,1.0902209,0.32744673,-0.49330604,0.7340504,-0.62364846,-1.3859625,-0.24338996,-0.39456928,-0.9046463,0.47871855,-0.14481321,0.36412555,-0.23045547,-0.9715571,-0.3296757,0.30375975,0.73635215,-0.82465535,-0.42339334,0.45198882,-1.0412219,-1.2644837,0.95105654,0.309017,-2.4492937e-16,1.0,0.0
2024-12-19 00:00:00,1.0,0.562604,0.609852,1.1581655,-1.0247799,-0.16361724,1.3337972,0.19840288,0.3239815,-0.42837062,-0.58599323,-1.022033,0.29705793,0.22345701,0.67278296,-0.4910664,-0.6305837,0.17571285,0.52983934,1.3987714,-0.3701354,-0.10591843,0.8017386,0.16351585,-1.0087292,0.58778524,-0.809017,-2.4492937e-16,1.0,0.0
2024-12-20 00:00:00,1.0,-0.7085841,-0.6347485,1.4031448,-0.55002487,-0.1195327,1.3145431,-0.19375055,-0.78524214,-0.53243214,-0.6276587,-0.9892924,0.07920938,-0.26105544,0.26442873,-0.879494,-1.2068536,0.21573982,-0.13885812,2.0230215,-0.9428766,-0.5726441,0.36715066,0.21188936,-1.3216978,-0.58778524,-0.809017,-2.4492937e-16,1.0,0.0
2024-12-23 00:00:00,4.0,0.025124809,0.5114016,-1.0229399,1.6555535,-0.27270767,2.920535,1.1672883,-0.5640598,-0.7875524,-0.85587513,-1.1201526,-0.24040647,-0.29865023,0.23215093,-1.116382,-1.1399034,0.31030762,-0.40567896,1.7820607,-0.85790455,-0.5433097,0.3820542,-0.2781756,-1.3698164,-0.95105654,0.309017,-2.4492937e-16,1.0,0.0
2024-12-24 00:00:00,4.0,0.30689096,0.80359036,-1.2791632,1.1759573,-0.82009166,-1.2144332,-1.8548986,0.13503005,-1.5147252,-1.4997389,-1.523054,-1.173259,-0.080672085,0.4083106,-1.1861397,-0.24421978,-0.8132641,-0.055140167,1.6537172,-0.5673098,-0.3686172,0.5704723,-1.4477556,-1.2043713,0.0,1.0,-2.4492937e-16,1.0,0.0
2024-12-27 00:00:00,4.0,0.14854117,-1.3175188,0.16709504,-0.98879635,-0.96734136,-1.1837686,-0.4761026,0.78275126,-2.0623856,-2.032302,-1.8803847,-1.8939811,-0.0010522238,0.45888633,-1.1611575,0.16443788,-0.88457656,0.23230019,1.0999417,-0.4594614,-0.32389936,0.59523326,-1.5087475,-0.92264175,0.95105654,0.309017,-2.4492937e-16,1.0,1.0
2024-12-30 00:00:00,4.0,0.77211165,0.8222857,-0.2353108,0.021435412,-0.3341963,-0.9398174,0.111183584,0.703813,-1.9682491,-2.1089993,-2.0247111,-1.6075491,0.63418174,0.9749283,-0.8102224,0.23711655,-0.44025466,0.43649036,0.99920017,0.14681157,0.2502149,1.2127477,-0.7017825,-1.0938716,-0.95105654,0.309017,-2.4492937e-16,1.0,1.0
2024-12-31 00:00:00,4.0,0.28049153,1.1518409,-0.8518918,-0.24817644,-0.5674261,-0.9022368,-0.16352299,-0.35569364,-2.105677,-2.2975087,-2.1882234,-1.7806009,0.8177613,1.1092325,-0.47709787,0.7085027,-0.5623899,0.43182194,0.91307825,0.33499473,0.43797836,1.4039778,-1.0718588,-1.0648495,0.0,1.0,-2.4492937e-16,1.0,1.0
2025-01-02 00:00:00,4.0,1.1144017,1.7633752,-1.7217791,-0.9845127,-0.15502219,-1.1784301,-1.0878049,0.20941682,-1.8948398,-2.2412994,-2.2452016,-1.3355259,1.6454624,1.8123093,0.1600417,1.2454482,0.010418741,0.8570858,0.8296593,1.1697265,1.3023627,2.2650447,-0.028290294,-1.0758921,0.95105654,0.309017,-2.4492937e-16,1.0,1.0
2025-01-03 00:00:00,1.0,1.6889915,1.2942586,-1.2661597,-0.23818144,1.0717602,-0.34378645,3.0,0.87611806,-1.0436496,-1.6982788,-2.013837,0.19976342,2.6097312,2.7260365,1.0658436,1.9479895,1.5737389,1.6710638,1.1164676,2.1507318,2.356832,3.0,1.5569792,-0.889165,-0.58778524,-0.809017,0.5,0.8660254,0.0
2025-01-06 00:00:00,1.0,0.7927781,0.71205056,0.254148,-0.4316487,0.49931487,-0.20687248,-0.07481964,0.4420897,-0.85183114,-1.5477589,-1.9487336,0.57189155,2.7630918,2.8845034,1.7751043,2.1611362,2.1755269,1.4929821,2.1469004,2.1286016,2.5822434,3.0,0.87411976,-0.56388223,-0.95105654,0.309017,0.5,0.8660254,0.0
2025-01-07 00:00:00,1.0,0.9704131,0.7681332,-0.835683,0.6402262,0.650783,-0.14307472,-0.13467284,0.65976816,-0.6177211,-1.3584598,-1.858645,0.96821976,2.9005673,3.0,2.281539,2.1514623,2.2274225,1.945635,2.324376,2.0859983,2.7811065,3.0,1.1778201,-0.18900082,0.0,1.0,0.5,0.8660254,0.0
2025-01-08 00:00:00,1.0,1.22932,1.2104908,-1.6516764,0.3791562,0.8807091,0.39558113,0.46753696,0.30998892,-0.31007376,-1.1118238,-1.7356961,1.4404052,3.0,3.0,2.63086,2.433392,2.9065962,2.497909,2.3362715,2.0702567,2.9581666,3.0,1.4106321,-0.53012073,0.95105654,0.309017,0.5,0.8660254,0.0
2025-01-09 00:00:00,4.0,-0.28052148,-1.1573814,-0.97223467,1.0434456,0.64682496,0.20138657,-0.42705253,1.0253397,-0.11857033,-0.86578774,-1.5252463,1.5337604,2.600958,2.7941523,2.5220177,1.7979952,2.662814,2.3509,2.1898232,1.6213976,2.3753297,2.9163382,1.2071992,-0.5024905,0.58778524,-0.809017,0.5,0.8660254,0.0
2025-01-10 00:00:00,4.0,0.32296088,0.66728604,0.37032983,-0.39660555,0.63495713,-0.51638293,-0.9406681,-0.34865567,-0.21214825,-0.84995914,-1.4774517,1.3314573,2.5191514,2.6917243,2.3760417,1.2161922,2.5398955,1.5702943,2.2056468,1.464029,2.2914896,2.7777476,0.5192934,-0.34027755,-0.58778524,-0.809017,0.5,0.8660254,0.0
2025-01-13 00:00:00,4.0,0.3056216,0.11540903,1.7705733,-0.5623671,2.0249767,0.3199438,1.1097517,0.08586954,0.50982225,-0.28807408,-1.1443852,2.0828407,2.4502432,2.6106186,1.9946603,1.0167314,2.454513,1.535425,2.8155303,1.3346964,2.0673382,2.4964862,1.5295997,-0.32103527,-0.95105654,0.309017,0.5,0.8660254,0.0
2025-01-14 00:00:00,4.0,0.8985716,-0.42202076,-0.5210745,2.466741,0.23465571,0.63923925,0.08549236,2.8335273,0.31974834,-0.34516582,-1.1755848,1.7445482,2.503146,2.6799452,1.920788,0.9682874,2.3617337,1.7932273,2.7035344,1.342362,2.2300372,2.5686095,0.36194465,-0.009157552,0.0,1.0,0.5,0.8660254,0.0
2025-01-15 00:00:00,4.0,-1.816723,0.06895332,0.89833874,0.6403879,0.14487879,2.5231483,1.9339083,-3.0,1.3180132,0.58211225,-0.49800372,2.3681018,1.3206899,1.7740717,1.2021737,-0.23471422,1.6636902,1.1287843,1.977302,0.7666833,1.2074251,1.7073152,0.26664317,-0.03106149,0.95105654,0.309017,0.5,0.8660254,0.0
2025-01-16 00:00:00,4.0,0.3810451,-1.0262617,-0.78833705,1.0489489,-0.5939782,0.3569937,-1.2029225,1.811302,0.5350664,0.15153067,-0.69628054,1.4207697,1.4010639,1.8147779,0.90798074,0.028216377,1.4106568,1.2581468,1.9913778,0.7706574,1.3166028,1.7852408,-0.5696658,0.24038424,0.58778524,-0.809017,0.5,0.8660254,0.0
2025-01-17 00:00:00,4.0,0.86501634,0.039989818,1.501134,0.03041588,-0.4430876,-0.1499573,-0.7451805,1.7246475,0.49879003,0.15750442,-0.68761903,1.3406026,1.5968395,1.9677111,0.7412749,0.23777126,1.1252657,1.9198393,1.9015802,0.8675391,1.4801768,1.9046063,-0.40258324,0.43607292,-0.58778524,-0.809017,0.5,0.8660254,0.0
2025-01-20 00:00:00,4.0,0.79129624,-0.23571618,2.15882,-0.49875554,-0.68187654,0.076798834,0.041963354,1.7957634,0.51628965,0.19931969,-0.6510637,1.3217998,1.7374127,2.0729108,0.7004989,0.43631187,1.1107092,2.235489,1.9332467,0.9364453,1.5677724,1.977528,-0.68534636,0.4252912,-0.95105654,0.309017,0.5,0.8660254,0.0
2025-01-21 00:00:00,4.0,-0.7964253,-1.0884097,0.24088763,-0.4390534,-0.31647152,0.095278725,-0.25038195,-0.54375947,0.0055616633,-0.06964306,-0.6999982,0.6505142,1.2828463,1.6977599,0.47583154,-0.22729969,0.5717065,1.8214185,1.8229793,0.66232324,1.161676,1.7225729,-0.20413755,0.021207234,0.0,1.0,0.5,0.8660254,0.0
2025-01-22 00:00:00,4.0,-0.51929057,-1.0267445,-0.2820694,0.35330915,-0.23430787,-0.054626748,-0.44160694,-0.013859721,-0.36102894,-0.30389458,-0.7613116,0.18125053,1.0113982,1.4638743,0.1327723,0.28344044,0.035263747,1.8323464,1.6856662,0.4765221,0.84093094,1.5412818,-0.025613036,-0.42017674,0.95105654,0.309017,0.5,0.8660254,0.0
2025-01-23 00:00:00,4.0,-0.1536078,0.44099376,0.8108873,-0.22077619,-0.39520115,-0.3290452,-0.6709163,-0.76799184,-0.7246211,-0.59162694,-0.88546973,-0.2391842,0.9345086,1.3765296,-0.19224975,0.07155644,0.075927645,1.7471056,1.4954594,0.3856378,0.6634156,1.4644188,-0.47746426,-0.3584167,0.58778524,-0.809017,0.5,0.8660254,0.0
2025-01-24 00:00:00,4.0,-0.4705601,0.32529864,1.5423001,-0.90624684,-0.88098717,-0.47043115,-0.3794356,-1.2322173,-1.122019,-0.91962695,-1.0296508,-0.7300434,0.69639975,1.1832811,-0.57058185,-0.45729157,-0.16652778,1.5313085,1.5507916,0.20720622,0.3615437,1.3197458,-1.0626924,-0.42280772,-0.58778524,-0.809017,0.5,0.8660254,0.0
2025-01-27 00:00:00,4.0,-0.84094435,-1.3539587,-0.54240185,-0.18827431,-0.07253335,0.50562346,1.3013271,0.05901728,-1.0804551,-0.92860466,-0.9988206,-0.6445176,0.34833032,0.9216117,-1.028767,-1.0962348,-0.48430583,1.3180852,2.0208755,-0.08717978,-0.085805774,1.0512213,0.3512998,-0.07207624,-0.95105654,0.309017,0.5,0.8660254,0.0
2025-01-28 00:00:00,4.0,-0.6774989,-0.9572908,0.52143675,-0.46801296,-0.53610325,0.1509914,-0.47836632,-0.19931455,-1.1981039,-1.0635817,-1.0523614,-0.731522,0.08624332,0.72559357,-1.4831231,-1.0485266,-0.9397752,1.0117003,2.0116665,-0.40250343,-0.4631007,0.8522348,-0.14105062,0.81586814,0.0,1.0,0.5,0.8660254,0.0
2025-01-29 00:00:00,4.0,0.1243265,-0.85437703,-0.12306351,0.6083994,-0.15280065,-0.049725026,-0.33824906,1.2821802,-1.1386001,-1.122069,-1.1139215,-0.5940607,0.16067931,0.7671433,-1.717117,-0.8074029,-0.35706154,0.98056436,1.8809634,-0.48926353,-0.5140869,0.86208,0.4716341,0.7654035,0.95105654,0.309017,0.5,0.8660254,0.0
2025-01-30 00:00:00,4.0,-0.48618135,-0.18229684,0.017718278,2.3335357,-0.25810796,0.75324744,0.557336,-0.66524184,-1.077318,-1.1355853,-1.1167008,-0.51059145,-0.03976863,0.6205961,-1.9238095,-0.96127915,-0.6188421,0.631251,1.6953669,-0.9310224,-0.8032214,0.70318973,0.301866,1.1647826,0.58778524,-0.809017,0.5,0.8660254,0.0
2025-01-31 00:00:00,4.0,0.8143138,0.94068843,-0.70334876,0.29258525,0.27894425,-0.705316,-1.0727525,0.2496627,-0.9497219,-1.1530725,-1.1990744,-0.27829185,0.3312717,0.85382664,-1.7961117,-0.43423072,-0.6761443,0.39077848,1.6545889,-0.49139544,-0.47209442,0.9042665,0.5125265,1.5658104,-0.58778524,-0.809017,0.5,0.8660254,0.0
2025-02-03 00:00:00,4.0,0.06390499,-0.4128679,0.16102083,1.4137172,-0.43710214,0.7048124,1.3245848,0.60071826,-1.0502363,-1.2678618,-1.2852973,-0.36838284,0.38472253,0.87477714,-1.6655601,-0.0646193,-0.9252077,0.21243824,1.5249515,-0.48754492,-0.4662521,0.9034929,-0.017241012,1.2230225,-0.95105654,0.309017,0.5,0.8660254,0.0
2025-02-04 00:00:00,4.0,-0.56565315,0.2543231,0.33713803,1.0619032,3.0,0.31770062,-0.40713567,-1.8545837,0.92898643,0.24239503,-0.41950938,1.4950683,0.10643725,0.68035126,-1.4672847,-0.020074135,-0.8328838,-0.15562035,1.3562803,-1.0241246,-0.67340636,0.5562836,1.6211832,1.2810827,0.0,1.0,0.8660254,0.5,0.0
2025-02-05 00:00:00,4.0,0.27594522,1.2332344,-1.4704875,0.34634373,1.2203465,0.28904575,-0.21983255,-1.779481,1.2149367,0.6163439,-0.1888558,1.6224024,0.26810154,0.77186596,-1.319576,0.040989067,-0.59123755,-0.4201906,1.5295913,-0.6292686,-0.52540493,0.5690308,1.4002893,2.385804,0.95105654,0.309017,0.8660254,0.5,0.0
2025-02-06 00:00:00,4.0,0.16205955,0.32503608,1.0284591,-0.20403396,-0.59459794,0.47161788,-0.06399212,0.07364618,0.4251431,0.13629626,-0.44192338,0.82674956,0.38924012,0.8409854,-1.2175866,0.30384898,-0.5143427,-0.3230705,1.795484,-0.3624385,-0.4437347,0.6395645,-0.5858889,2.385487,0.58778524,-0.809017,0.8660254,0.5,0.0
2025-02-07 00:00:00,4.0,0.76108104,0.5939217,1.1999385,-1.2140602,1.3219134,-0.5385851,-0.7851217,0.14351304,0.96401036,0.6172711,-0.18230292,1.2766973,0.77143836,1.0859548,-0.9318222,0.27371517,-0.12938266,-0.2493952,1.8902129,0.5220746,-0.12716755,0.75662863,1.3852401,2.405477,-0.58778524,-0.809017,0.8660254,0.5,0.0
2025-02-10 00:00:00,5.0,0.5771345,0.9802208,-0.15822168,-0.734018,-0.1591846,1.9549274,2.088248,0.01643701,0.39539367,0.23068017,-0.41821384,0.74471986,1.0646743,1.2840756,-0.66209126,0.48728245,0.3186534,-0.2029599,2.137152,1.1177313,0.15061161,0.9257213,0.24906272,2.2922168,-0.95105654,0.309017,0.8660254,0.5,0.0
2025-02-11 00:00:00,5.0,3.0,0.31155714,-0.40263355,1.3585476,1.9155803,2.4811025,0.3856479,3.0,3.0,3.0,1.3846561,3.0,2.3667676,2.4689333,0.24178177,2.8044167,2.132841,0.86410344,2.7429388,2.9128535,1.6471114,1.556038,1.4545583,2.42677,0.0,1.0,0.8660254,0.5,0.0
2025-02-12 00:00:00,5.0,-0.6392935,-1.2027736,-1.2900498,1.269674,1.5838721,0.15793021,-1.2221564,0.58203065,3.0,3.0,1.8590173,2.8911812,1.9633285,2.147187,0.62412715,2.2898717,1.8129303,1.2132615,2.2499197,1.77165,1.2773924,1.3226931,1.3816499,2.3303034,0.95105654,0.309017,0.8660254,0.5,0.0
2025-02-13 00:00:00,5.0,0.7061357,0.80586356,-0.748924,0.5432784,2.1097362,-1.1638829,-1.1744906,-0.54034126,3.0,3.0,2.3695247,2.652744,2.0448756,2.224823,0.8446964,2.4173727,2.1205773,1.3207434,2.186411,1.5389479,1.3445269,1.3303177,1.5155045,2.1715548,0.58778524,-0.809017,0.8660254,0.5,0.0
2025-02-14 00:00:00,5.0,-0.8912666,-0.48088804,0.6666304,0.7673712,-0.25519568,-0.15161447,1.2237974,-0.8071078,2.2016408,2.7129393,2.199179,1.6492308,1.5012563,1.8098828,0.8895983,1.7242053,1.5505743,0.81235886,1.8537872,0.9592575,1.0478231,1.1674844,0.48480788,1.8254796,-0.58778524,-0.809017,0.8660254,0.5,0.0
2025-02-17 00:00:00,4.0,0.33637154,0.822597,-0.6544129,0.3509083,0.038973164,0.121899426,0.006866068,-0.23393041,1.5595597,2.188479,1.9415656,1.0697649,1.5669553,1.8487787,0.8959915,1.6344812,1.6123996,0.69954133,1.985453,0.88830394,1.1948617,1.2700626,0.86496747,1.6093999,-0.95105654,0.309017,0.8660254,0.5,0.0
2025-02-18 00:00:00,4.0,-0.93539256,-1.9505545,-1.2363464,-0.9186386,-1.3311982,-1.7223312,-1.6374075,-0.4879002,0.70381445,1.5082147,1.5577226,0.2370037,1.0546184,1.4702147,0.7394788,-0.5838687,1.4493037,0.67133933,1.83006,0.49132425,0.9043896,1.1352309,-1.4802471,1.888743,0.0,1.0,0.8660254,0.5,0.0
2025-02-19 00:00:00,4.0,-0.24498142,-0.18676743,1.5916557,0.39519256,-0.6637401,-1.0475239,1.7258614,-0.13562411,0.15068011,0.9788518,1.1711282,-0.27663207,0.98873574,1.3954004,0.5205995,-0.4226741,1.2781854,0.7734166,1.5658652,0.3502892,0.8456473,1.1288902,-0.22360341,2.012379,0.95105654,0.309017,0.8660254,0.5,0.0
2025-02-20 00:00:00,4.0,-0.054485418,-1.1051909,-0.061648343,-0.12695025,-0.2817744,-0.6418661,0.4208732,0.8155556,-0.064587735,0.6910074,0.9444309,-0.45705482,0.9964105,1.3740615,0.29261014,-0.7299162,1.2053167,0.82117325,1.4218148,0.2876268,0.8195125,1.1164745,0.46912822,1.9990989,0.58778524,-0.809017,0.8660254,0.5,0.0
2025-02-21 00:00:00,4.0,-1.794894,-0.38149166,-0.41797575,2.3063576,-0.783018,0.76597565,1.4694278,-2.0335758,0.72714823,1.3580279,1.7538769,0.16489506,-0.034872323,0.6517116,-0.29162714,-1.0945387,0.44033346,0.36967045,1.2487801,-0.23348464,-0.08975206,0.4669638,-0.59748596,2.1921246,-0.58778524,-0.809017,0.8660254,0.5,0.0
2025-02-24 00:00:00,4.0,-0.82995313,-1.1749134,-0.41132724,0.17004128,-0.7292687,1.5926268,0.40326476,-0.34423327,0.2019356,0.9228339,1.4622881,-0.3565955,-0.39793128,0.37182212,-0.80737084,-1.536933,0.03153012,0.3335479,1.2243729,-0.47320053,-0.4459693,0.28020254,-0.52737355,2.1917,-0.95105654,0.309017,0.8660254,0.5,0.0
2025-02-25 00:00:00,4.0,-0.31271508,-0.8719528,0.0005717638,0.46294212,-0.86995476,-0.8306469,-1.3913611,0.13231762,-0.29455543,0.43865085,1.0447305,-0.8122094,-0.4901157,0.29114264,-1.2193736,-1.2735492,-1.437923,0.42709705,1.142012,-0.56911916,-0.599107,0.23375297,-0.965339,2.0121686,0.0,1.0,0.8660254,0.5,0.0
2025-02-26 00:00:00,5.0,-1.538106,-1.458735,0.08218106,-1.4273849,0.65310824,0.3518297,1.4547197,-0.37350744,0.2592636,0.8759843,1.5471336,-0.3622093,-1.1714195,-0.2655894,-1.6636633,-1.7537856,-1.6872742,-0.16667928,0.83307713,-1.0321227,-1.3046677,-0.32518286,1.1863414,2.0697558,0.95105654,0.309017,0.8660254,0.5,0.0
2025-02-28 00:00:00,4.0,-1.0066988,-0.7925421,-0.035185967,0.50111395,1.5808562,0.70845646,0.0145383375,-0.060720786,1.3613822,1.7713225,2.3495934,0.51782566,-1.5152657,-0.5996043,-1.8880651,-2.0644748,-2.1270487,-0.38933575,0.6751304,-1.3369602,-1.6191665,-0.70882887,1.4271898,1.8935794,0.58778524,-0.809017,0.8660254,0.5,0.0
2025-03-03 00:00:00,4.0,0.80306137,0.11656573,-0.19382952,2.0039437,-0.50912863,0.58035326,-0.29531243,1.0521591,0.8959549,1.3619876,1.9127144,0.16289268,-1.0683607,-0.32402804,-1.8962203,-1.0821697,-1.6030153,-0.34672186,0.93285596,-1.0750144,-1.2727221,-0.48962831,0.36999092,1.8553911,-0.95105654,0.309017,0.8660254,0.5,0.0
2025-03-04 00:00:00,5.0,-0.79744977,-1.3623537,0.18134694,-1.3875338,-0.47708637,1.6335484,0.5726205,0.04324287,0.6033512,1.1574647,1.7964385,-0.15460227,-1.3294955,-0.58690614,-1.946126,-1.0673829,-1.8733574,-0.6660321,0.58055943,-1.3077741,-1.5603293,-0.7602267,0.6008364,1.8577045,0.0,1.0,1.0,6.123234e-17,0.0
2025-03-05 00:00:00,5.0,-3.0,-1.3980063,-0.57525444,-0.62886065,0.8739839,1.7439876,-0.010284202,-2.9236176,2.8780603,3.0,3.0,1.4434568,-2.3310082,-1.6970061,-2.0525067,-2.2904534,-2.5557094,-1.8962748,-0.017792078,-2.2669942,-2.490901,-1.8174031,1.2559515,2.0766943,0.95105654,0.309017,1.0,6.123234e-17,0.0
2025-03-06 00:00:00,5.0,-0.042716455,-1.0335841,-0.22560836,-0.03397055,0.05781248,-0.6562708,-1.351589,0.9448792,2.2377553,2.650952,3.0,0.9177457,-2.2359529,-1.6869833,-2.1871452,-1.7178049,-2.3921878,-1.9610586,0.12057113,-2.0406976,-2.3542664,-1.8529963,0.8281533,1.9049081,0.58778524,-0.809017,1.0,6.123234e-17,0.0
2025-03-07 00:00:00,5.0,0.0505919,-1.2956007,-1.4659348,0.7011249,-0.80612475,0.017038964,0.55984056,0.9274756,1.3935779,2.012336,2.582645,0.19624336,-2.110925,-1.6476927,-2.2047372,-1.3272794,-2.2754085,-1.9359721,0.16627143,-1.8429841,-2.2643507,-1.8920939,-0.18220925,1.6298147,-0.58778524,-0.809017,1.0,6.123234e-17,0.0
2025-03-10 00:00:00,5.0,0.5926226,0.85187453,0.29746968,-0.38960356,-0.9720571,-0.70149004,-0.8407524,0.32033467,0.7481214,1.452785,2.0718875,-0.33829218,-1.7330185,-1.3928962,-2.0361614,-1.3704823,-1.6494579,-1.8711628,-0.22821592,-1.5358647,-1.9922075,-1.7231529,-0.98557407,1.5728772,-0.95105654,0.309017,1.0,6.123234e-17,0.0
2025-03-11 00:00:00,5.0,0.6699324,0.7774103,0.6504345,-0.59069335,-0.40302134,-0.55264467,-0.138448,0.3147546,0.5000042,1.1586677,1.759417,-0.48925138,-1.3628042,-1.1253366,-1.6975371,-0.8498742,-1.2663631,-1.7415587,-0.15369134,-1.2589134,-1.6624101,-1.5084732,0.53096706,1.1598576,0.0,1.0,1.0,6.123234e-17,0.0
2025-03-12 00:00:00,5.0,-1.0188227,-1.382749,-0.5007239,-0.8070009,0.5171889,-0.71532243,-0.5300199,0.10382031,0.7471563,1.3194083,1.901875,-0.29895085,-1.5876733,-1.3919877,-1.4792876,0.08731512,-1.4276179,-3.0,-0.3318549,-1.3340274,-1.7669696,-1.775973,1.0334224,0.89316654,0.95105654,0.309017,1.0,6.123234e-17,0.0
2025-03-13 00:00:00,4.0,0.7088079,0.65093577,-1.596491,2.3951197,-0.15272944,-0.6870827,-0.24384879,0.40669757,0.49013364,1.0408512,1.608286,-0.46179858,-1.2255852,-1.114954,-1.1986233,0.3649787,-0.8875119,-2.6266248,-0.29431656,-1.0452923,-1.3770379,-1.5398681,0.52749383,0.97973955,0.58778524,-0.809017,1.0,6.123234e-17,0.0
2025-03-14 00:00:00,4.0,0.075290136,1.1257241,-0.006472337,-0.7557078,-0.37087414,-1.0289793,-0.6744478,-0.6927925,0.19888261,0.7698249,1.374264,-0.703884,-1.1391953,-1.0573514,-0.9454799,0.37583914,-0.6329114,-2.6253216,-0.25376484,-0.91949564,-1.2008982,-1.5008793,-0.06687648,0.8602848,-0.58778524,-0.809017,1.0,6.123234e-17,0.0
2025-03-17 00:00:00,4.0,1.4773843,1.6796166,-1.5716082,-0.54712325,0.83556104,-0.227285,1.0323535,0.18035686,0.3256334,0.71178263,1.1889644,-0.4207628,-0.53255117,-0.5594319,-0.469518,0.7020077,-0.45412135,-1.922352,0.42404377,-0.47477743,-0.55432177,-1.0243914,1.0822341,1.4255241,-0.95105654,0.309017,1.0,6.123234e-17,0.0
2025-03-18 00:00:00,4.0,0.27232093,0.9224261,-0.3619472,0.0275176,-1.1458076,-0.5264963,-0.55570567,-0.029061444,-0.25284812,0.24055539,0.81705976,-0.94512975,-0.40714574,-0.45953083,-0.10645894,0.5595923,-0.20401767,-1.8803887,0.66379046,-0.32043177,-0.33693594,-0.93562496,-1.6942865,1.415835,0.0,1.0,1.0,6.123234e-17,0.0
2025-03-19 00:00:00,4.0,0.6932376,0.9512704,0.7428766,-1.3225178,-0.55068725,-0.9568785,-0.6517284,0.31557003,-0.2438253,0.13265948,0.6553889,-0.82027453,-0.13720216,-0.22243798,0.28157806,1.1841772,0.8495748,-1.4439223,0.7077734,-0.017462378,0.030253341,-0.6876074,-0.27638754,1.2459825,0.95105654,0.309017,1.0,6.123234e-17,0.0
2025-03-20 00:00:00,4.0,0.47109446,1.6274805,-0.9169273,-1.3861881,-0.48501515,-0.7242808,0.11756533,-0.47261274,-0.4313652,-0.08985383,0.43339372,-0.92648846,0.047195915,-0.05561757,0.6223136,1.0960839,0.9674051,-1.2548853,0.9829709,0.25411758,0.32293126,-0.49763182,-0.2450205,1.2902614,0.58778524,-0.809017,1.0,6.123234e-17,0.0
2025-03-21 00:00:00,4.0,0.6651111,1.1821277,-1.5620024,0.54085124,-0.9121448,-0.14607789,0.42210695,0.26420286,-0.74601835,-0.41818163,0.12165838,-1.1610985,0.285905,0.17557713,0.9666721,1.3079925,1.104087,-1.068856,1.1450886,0.650544,0.7219058,-0.2010915,-0.9465038,1.2310663,-0.58778524,-0.809017,1.0,6.123234e-17,0.0
2025-03-24 00:00:00,4.0,0.03334687,0.8003912,-1.5263971,1.562429,-0.90209615,2.4835417,2.2847428,-0.35708812,-0.9521391,-0.65130395,-0.09019494,-1.3192306,0.32750878,0.21295106,1.1802933,0.7763882,0.96709245,-0.6304439,1.0995669,0.72244567,0.8349512,-0.13652858,-0.8648348,1.2402239,-0.95105654,0.309017,1.0,6.123234e-17,0.0
2025-03-25 00:00:00,4.0,-1.3721757,-1.7465421,-0.71730644,-1.1463047,-0.23271482,-1.1315724,-1.6528406,-0.50057846,-0.6970392,-0.4901591,0.0599171,-1.0440506,-0.29446638,-0.3470011,0.99344176,0.1698225,0.47586718,-0.79567665,0.75474524,0.239649,0.2837879,-0.7171002,0.36913335,0.7038218,0.0,1.0,1.0,6.123234e-17,1.0
2025-03-26 00:00:00,4.0,0.012783693,-0.06379057,2.153235,-0.332844,0.10582013,0.7301929,2.8567026,0.061612844,-0.54865324,-0.44532505,0.04369041,-0.8147252,-0.24848522,-0.31795347,0.8417417,-0.077923484,0.7239326,-0.7154639,0.6042155,0.3165967,0.33693922,-0.6872847,0.606257,0.6803456,0.95105654,0.309017,1.0,6.123234e-17,1.0
2025-03-27 00:00:00,4.0,0.53874016,0.4965709,0.5002486,0.1072106,-0.71457696,-1.1234236,-1.2970878,0.43374756,-0.6682654,-0.5980343,-0.13505654,-0.85848105,-0.00593793,-0.09635341,0.8270116,-0.049396295,0.68350315,-0.19566934,0.71325153,0.5286442,0.59722793,-0.43105978,-0.69527954,0.5072959,0.58778524,-0.809017,1.0,6.123234e-17,1.0
2025-03-28 00:00:00,4.0,-0.25982004,1.142172,-0.9757035,0.1559992,-1.4198897,-0.21380182,1.034857,-0.8338593,-0.99170005,-0.86672556,-0.34025425,-1.1862568,-0.07855672,-0.17318425,0.7771498,-0.38772064,0.6015284,-0.015468459,0.38396552,0.4000546,0.53211296,-0.48714578,-2.037009,0.52426744,-0.58778524,-0.809017,1.0,6.123234e-17,1.0
2025-03-31 00:00:00,4.0,-1.4966315,-1.0683984,0.118538365,-0.45617047,0.13618334,-0.7056684,-0.72928697,-1.1604713,-0.41041175,-0.44804835,-0.008710053,-0.5654643,-0.7368403,-0.7939592,0.40723574,-0.95391953,-0.11513859,-0.61101264,-0.5533132,-0.13398063,-0.10910832,-1.1109602,0.35974786,0.62602335,-0.95105654,0.309017,1.0,6.123234e-17,1.0
2025-04-01 00:00:00,4.0,0.015829157,0.54078555,0.13093562,0.58925855,-0.87273955,-0.5033629,-0.13010833,-0.266027,-0.7116956,-0.69117504,-0.21199752,-0.84366393,-0.6782096,-0.7463006,0.2085222,-0.44461083,-0.17690924,-0.41017765,-0.79041624,-0.08880808,-0.05238983,-1.0419838,-0.97959083,0.5001333,0.0,1.0,1.0,6.123234e-17,1.0
2025-04-02 00:00:00,1.0,-0.47309804,-0.864778,-0.39199176,0.59113073,-0.39886305,-1.1797501,-0.9725117,-0.08103485,-0.8037654,-0.78403616,-0.29073662,-0.9156981,-0.8396695,-0.90040725,-0.008449656,-0.6338063,-0.4592114,0.41267207,-1.2373477,-0.29599628,-0.29069,-1.1902591,-0.4616595,0.031454343,0.95105654,0.309017,0.8660254,-0.5,0.0
2025-04-03 00:00:00,5.0,-0.012243013,-0.023134198,2.6170733,-0.9859408,-0.76527935,-0.7217834,0.35168806,-0.008072821,-0.9862632,-0.9720526,-0.47440195,-1.0564955,-0.80469126,-0.8660713,-0.14810206,-0.8624213,-0.5815427,0.42551136,-1.6026235,-0.33337662,-0.33445248,-1.1573482,-0.9627561,0.024781732,0.58778524,-0.809017,0.8660254,-0.5,0.0
2025-04-04 00:00:00,5.0,-3.0,-1.6924516,-1.1512393,-0.7907215,3.0,0.34402564,0.8780544,-1.9015397,2.7675555,2.0912797,1.9224826,2.0888844,-2.1286502,-2.2925735,-0.731669,-2.4628263,-1.8535128,-0.834949,-2.8713953,-2.190136,-1.7585762,-2.347589,1.679035,2.061831,-0.58778524,-0.809017,0.8660254,-0.5,0.0
2025-04-07 00:00:00,5.0,-3.0,-1.7076707,-1.494095,-0.5416442,2.8208249,0.77883005,0.06137006,-0.0724665,3.0,3.0,3.0,3.0,-2.5909522,-2.949867,-1.2642733,-3.0,-2.783877,-2.1207526,-3.0,-2.6731346,-2.319196,-2.759869,1.6178191,2.5348558,-0.95105654,0.309017,0.8660254,-0.5,0.0
2025-04-08 00:00:00,5.0,-2.4914184,0.1450826,1.8769659,-0.27598363,1.4754132,1.0277752,-0.059288662,-3.0,3.0,3.0,3.0,2.999352,-2.685911,-3.0,-1.6955804,-3.0,-3.0,-2.9451194,-3.0,-2.4079814,-2.5051003,-2.8581016,1.48543,2.3399165,0.0,1.0,0.8660254,-0.5,0.0
2025-04-09 00:00:00,5.0,0.7992474,-0.71275294,0.6001054,-0.5388989,0.039639935,-0.08005285,-0.82247525,1.8540444,3.0,3.0,3.0,2.187214,-2.3041356,-2.6613061,-1.8717723,-3.0,-2.665845,-2.3380911,-3.0,-1.8048408,-2.1748252,-2.531152,0.9480273,2.0830247,0.95105654,0.309017,0.8660254,-0.5,0.0
2025-04-10 00:00:00,5.0,-2.4205968,-1.1550992,-0.78957915,-0.022131426,0.33515862,2.022412,1.6251796,-2.0778794,3.0,3.0,3.0,2.0970666,-2.3862886,-2.783965,-1.9333514,-3.0,-3.0,-3.0,-3.0,-1.7903905,-2.3597405,-2.6468368,1.168782,-0.17772676,0.58778524,-0.809017,0.8660254,-0.5,0.0
2025-04-11 00:00:00,5.0,1.2030382,-1.6601859,-0.88874984,-1.4368311,1.3511406,-0.4636914,-1.2485638,3.0,3.0,3.0,3.0,2.3758183,-1.930448,-2.3103855,-1.5558312,-1.9750572,-2.6587455,-2.5381718,-2.9848137,-1.353203,-1.7124615,-2.0709195,1.4300601,-0.4799761,-0.58778524,-0.809017,0.8660254,-0.5,0.0
2025-04-14 00:00:00,5.0,-1.0299443,-1.1454736,-0.58829707,-0.3926682,-0.26726606,0.7930977,0.96845376,-0.43725547,2.9312708,3.0,3.0,1.4737132,-1.9487541,-2.3094926,-1.5591452,-1.2689602,-2.5224657,-2.9278595,-3.0,-1.2745181,-1.8509003,-2.1967998,0.40898728,-0.78018504,-0.95105654,0.309017,0.8660254,-0.5,0.0
2025-04-15 00:00:00,5.0,1.3079741,0.326364,1.9637475,-0.48534617,-0.18581012,-0.01583506,-0.69444144,1.2006886,2.4317787,2.9150426,3.0,1.1309296,-1.535775,-1.9079819,-1.2703071,-0.047121696,-2.1281877,-2.515774,-2.7015436,-0.96649706,-1.4694493,-1.8992524,0.6353155,-0.7522479,0.0,1.0,0.8660254,-0.5,0.0
2025-04-16 00:00:00,5.0,0.7952867,1.0483836,0.7281949,-1.1617463,-0.50596964,-0.9345058,-0.92229664,0.1518957,1.7138416,2.3243184,2.6152577,0.4716229,-1.2916632,-1.6653857,-0.99717826,-0.02850937,-1.8146279,-2.3413272,-2.3179767,-0.76620287,-1.2716848,-1.7840754,0.05103938,-0.7353321,0.95105654,0.309017,0.8660254,-0.5,0.0
2025-04-17 00:00:00,5.0,0.9807055,1.7044313,-1.0211442,-1.05831,0.17257139,-0.7212212,-0.020809324,-0.893202,1.4870785,2.0556743,2.3515716,0.30539942,-1.0004559,-1.3940216,-0.57358307,1.0945545,-1.5518043,-2.113999,-1.9854683,-0.56740254,-0.94572234,-1.5583726,0.9767035,-1.0158758,0.58778524,-0.809017,0.8660254,-0.5,0.0
2025-04-22 00:00:00,5.0,0.6885751,1.3283497,-0.77198285,-0.2972756,-0.54526484,-0.14132442,0.32808545,-0.16438852,1.0097866,1.6453403,2.0129693,-0.17764764,-0.80181205,-1.207223,-0.19119704,0.92648757,-0.6791076,-2.0085769,-1.7814965,-0.41728306,-0.7271933,-1.4541758,-0.055497237,-1.0518386,-0.58778524,-0.809017,0.8660254,-0.5,0.0
2025-04-23 00:00:00,5.0,0.060316514,0.858727,-0.076865524,0.23994945,-1.012023,0.18713483,-0.18416092,-0.33936095,0.47228053,1.2170767,1.6964217,-0.8075487,-0.7853593,-1.1745636,0.11950268,1.2683276,0.02192245,-1.9585893,-1.6753722,-0.35572577,-0.6750938,-1.5079825,-2.2487788,-1.0671568,0.95105654,0.309017,0.8660254,-0.5,0.0
2025-04-24 00:00:00,5.0,-0.02716049,-0.7543633,1.1996315,-1.1723714,0.7093015,2.0145984,1.0336366,1.0333676,0.9219852,1.4336128,1.8219796,-0.23242544,-0.7879588,-1.1575961,0.3939548,0.82527465,0.5387955,-1.7165979,-1.5661728,-0.31212693,-0.516696,-1.358802,1.1156598,-1.040775,0.58778524,-0.809017,0.8660254,-0.5,0.0
2025-04-25 00:00:00,5.0,0.5850284,0.32432514,1.3349453,-0.005619433,-0.95456266,-0.72770935,-1.2836939,0.44253552,0.50268424,1.0837694,1.5359775,-0.6806378,-0.60368735,-0.9987741,0.6529545,0.75556415,0.50436133,-1.5587339,-1.3740989,-0.18525806,-0.30545914,-1.2581582,-2.033274,-0.9585901,-0.58778524,-0.809017,0.8660254,-0.5,0.0
2025-04-28 00:00:00,5.0,0.33757535,-0.2345951,-0.107819445,2.0082011,-0.8017088,-0.5123559,-0.04556549,0.37146217,0.16133699,0.78173816,1.2942803,-1.0517482,-0.5031559,-0.9067505,0.8965294,0.5431282,1.1015595,-1.5469443,-1.3066992,-0.0903296,-0.131943,-1.2050505,-1.2135297,-0.89611274,-0.95105654,0.309017,0.8660254,-0.5,0.0
2025-04-29 00:00:00,5.0,-0.17535384,-1.2667946,0.009973593,-1.237358,-0.8752482,-1.5094218,-1.1400971,0.164506,-0.11321585,0.5333508,1.1126368,-1.3608409,-0.55483073,-0.92788583,1.0505785,0.2578648,0.79343814,-1.5270666,-1.276563,-0.08069963,-0.09876367,-1.2633709,-1.5724095,-0.9099119,0.0,1.0,0.8660254,-0.5,0.0
2025-04-30 00:00:00,5.0,-0.85801834,0.6072071,-0.38969433,1.3430326,-0.4402402,-0.5538649,1.3376253,-1.5702115,0.24125336,0.7223471,1.2553353,-0.87861943,-0.7579519,-1.062445,0.9533492,-0.046740104,0.8199173,-1.4753398,-1.4752215,-0.19992007,-0.23808683,-1.3251897,0.1165366,-1.0082544,0.95105654,0.309017,0.8660254,-0.5,0.0
2025-05-01 00:00:00,5.0,-0.20284432,0.39966103,-0.11032178,1.5758499,-0.69979745,0.15619236,0.35262197,-0.5951855,0.07210396,0.56773597,1.139426,-1.0537406,-0.8029866,-1.0802429,0.89299184,-0.10514665,0.48473498,-1.5020328,-1.4886473,-0.20700687,-0.20515873,-1.3576211,-0.6937453,-1.0406014,0.58778524,-0.809017,0.8660254,-0.5,0.0
2025-05-02 00:00:00,5.0,0.08642666,0.97065306,-1.4157971,1.4669964,-0.27794737,-1.3423285,-1.1833903,-0.860791,0.13538472,0.5466297,1.0912185,-0.89338326,-0.7868003,-1.0515501,0.8361305,-0.26985538,0.3280449,-1.3920233,-1.4015921,-0.16430512,-0.06507522,-1.2624588,0.60185236,-1.0486616,-0.58778524,-0.809017,0.5,-0.8660254,0.0
2025-05-06 00:00:00,5.0,0.1572925,-0.51479876,-0.053053003,1.0254171,-0.18315779,0.6833075,2.4335036,0.5288524,0.21703354,0.54808146,1.0563314,-0.7177716,-0.7477448,-1.0087587,0.80540377,-0.32928348,0.14496648,-1.3368765,-1.3783767,-0.09863409,0.09706728,-1.1471628,0.6714999,-1.0114576,-0.95105654,0.309017,0.5,-0.8660254,0.0
2025-05-07 00:00:00,5.0,0.6599962,-0.58943206,0.14476827,0.52712387,-0.28218776,0.2848286,-0.4619092,1.1246791,0.20463483,0.48062557,0.95363975,-0.63436407,-0.4848708,-0.82665735,0.8662426,-0.05178527,0.13986675,-0.5120195,-1.2693869,0.31055132,0.34915775,-0.93917453,0.35544407,-2.1354635,0.95105654,0.309017,0.5,-0.8660254,0.0
2025-05-08 00:00:00,5.0,-0.34958988,-1.2888006,-0.9300777,-0.342366,-1.0225359,-0.8264162,-0.90909725,-0.10059249,-0.12366769,0.24829605,0.7997587,-1.0249976,-0.5950965,-0.88486916,0.88431704,0.11737487,0.047702014,0.06802935,-1.3726597,0.083650716,0.2347778,-1.060915,-1.9304373,-3.0,0.58778524,-0.809017,0.5,-0.8660254,0.0
2025-05-09 00:00:00,5.0,0.65095454,0.594189,-0.62352055,1.8216753,-0.7568925,-0.5230302,-0.0650883,0.35337162,-0.34925777,0.020566413,0.5883389,-1.2023213,-0.33616704,-0.70945895,0.9812079,0.40244848,0.20113882,0.7156785,-1.3040338,0.4487907,0.41770458,-0.91996145,-1.0874376,-3.0,-0.58778524,-0.809017,0.5,-0.8660254,0.0
2025-05-12 00:00:00,5.0,2.0585785,1.5726914,-1.0533346,-0.5483901,0.25014812,0.629386,0.61443716,0.9456503,-0.04116317,0.09743174,0.503848,-0.5851245,0.42229196,-0.18387404,1.2294159,1.0444839,0.52146924,0.9973327,-1.4141479,1.6639497,1.0423282,-0.31130186,0.7132512,-3.0,-0.95105654,0.309017,0.5,-0.8660254,0.0
2025-05-13 00:00:00,5.0,1.0339831,1.0638508,0.826649,-1.3704555,0.19334513,-0.12336565,-0.6959255,0.24346547,0.027437724,0.091161616,0.42851245,-0.375159,0.76198846,0.0762998,1.4902774,1.3324835,0.6788085,1.7187198,-1.1943141,1.9990112,1.2636737,-0.01165132,0.52610385,-1.813155,0.0,1.0,0.5,-0.8660254,0.0
2025-05-14 00:00:00,5.0,0.369593,0.96362275,-0.55624366,0.5460798,-0.43882802,0.151707,-0.11011521,-0.22037055,-0.17301291,-0.062119428,0.29219255,-0.61568624,0.8980036,0.17565757,1.7119509,1.2396204,0.8097057,1.5381262,-1.2077777,1.8440357,1.3306215,0.09520846,-0.53458863,-1.4252605,0.95105654,0.309017,0.5,-0.8660254,0.0
2025-05-15 00:00:00,5.0,-0.05341774,-1.0203859,-0.845236,0.42065367,-0.6982839,-1.7337029,-1.3325051,0.25182992,-0.37211874,-0.2145331,0.17157404,-0.88764465,0.8589876,0.16357498,1.8037006,1.3395573,1.0007241,1.7236195,-1.133005,1.617971,1.2259499,0.08977175,-1.038377,-1.057268,0.58778524,-0.809017,0.5,-0.8660254,0.0
2025-05-16 00:00:00,5.0,-1.2198113,-0.20072095,-0.881093,2.636768,-0.07009167,2.9711738,3.0,-1.450577,0.15204917,0.14960197,0.44794196,-0.13688727,0.31049547,-0.15540949,1.4074308,0.7191662,0.77664727,1.186115,-1.3592525,0.7311678,0.6159814,-0.19069539,0.093841374,-0.9653213,-0.58778524,-0.809017,0.5,-0.8660254,0.0
2025-05-19 00:00:00,5.0,0.6428546,0.3701642,-0.49522838,1.9972794,-0.622236,0.08386837,-0.82814777,0.4612209,-0.15875775,-0.07526513,0.25336877,-0.52469605,0.5637493,0.030595476,1.3444837,0.25624117,0.9095173,1.1534579,-1.1736642,0.99066085,0.79579526,-0.025268165,-1.0650897,-0.85975826,-0.95105654,0.309017,0.5,-0.8660254,0.0
2025-05-20 00:00:00,5.0,-0.63960695,-0.10593098,2.4474561,-0.77929693,-0.65358365,-1.0030766,-0.7411407,-0.8685995,-0.27486494,-0.14731227,0.21773204,-0.71165407,0.26730204,-0.14698555,1.1320428,-0.30354202,0.72900784,0.81142294,-1.2547349,0.42793232,0.48847526,-0.24900348,-1.4466712,-0.18114853,0.0,1.0,0.5,-0.8660254,0.0
2025-05-21 00:00:00,5.0,0.18114239,0.055699524,0.7803496,1.3413303,-0.80573857,-0.5757993,0.13982631,0.045142427,-0.53020906,-0.35292545,0.046769153,-1.0452093,0.32461986,-0.103455655,0.9918267,-0.3646547,0.61894995,0.70718163,-1.2234863,0.43489462,0.5194226,-0.23807454,-1.8308687,-0.087891966,0.95105654,0.309017,0.5,-0.8660254,0.0
2025-05-22 00:00:00,5.0,-0.23489888,-1.1501813,-0.6504289,-0.14094912,-0.80442154,-0.61538225,-0.28911287,-0.019959124,-0.6956656,-0.5012198,-0.0742777,-1.2566682,0.17196141,-0.18514141,0.80317175,-0.42501554,0.64948535,0.64788216,-1.089424,0.16702439,0.34734547,-0.38481337,-1.7206954,0.1508963,0.58778524,-0.809017,0.5,-0.8660254,0.0
2025-05-23 00:00:00,5.0,-0.46129522,-0.26027983,0.61764103,0.81787044,-0.023370408,-0.7232399,-0.36343506,-0.5554484,-0.63558143,-0.4969735,-0.08572404,-1.1034232,-0.08073922,-0.33529145,0.5251553,-0.17188324,0.38452923,0.5580579,-1.0878762,-0.23667248,0.0635651,-0.57125354,-0.36994123,0.28412926,-0.58778524,-0.809017,0.5,-0.8660254,0.0
2025-05-27 00:00:00,5.0,0.084394984,-0.3921903,-0.23882198,1.40413,0.34208354,0.5207196,0.8074251,0.21120882,-0.5864728,-0.5082021,-0.13397339,-0.94440156,-0.09213269,-0.32919714,0.32414618,-0.35902965,-0.0729919,0.45038733,-1.0505657,-0.2442593,0.05528444,-0.5239284,0.12080157,0.1348917,-0.95105654,0.309017,0.5,-0.8660254,0.0
2025-05-28 00:00:00,4.0,0.5672788,0.8995198,1.0265464,-1.2050067,-0.24375695,-0.98211706,-0.83360165,0.056133073,-0.6395449,-0.5949293,-0.25788152,-0.9268828,0.19199912,-0.12827031,0.26987365,0.04588178,-0.18127522,0.50292605,-0.80835265,0.063988976,0.2711553,-0.2732286,-0.59979296,0.25022286,0.95105654,0.309017,0.5,-0.8660254,0.0
2025-05-29 00:00:00,4.0,-0.07864415,-0.721893,0.5855492,-0.27989814,-1.2118272,-1.1135019,-0.3972481,0.007825861,-0.7952729,-0.73047155,-0.38607672,-1.1351966,0.08771009,-0.17686386,0.2001665,-0.04168339,-0.28634652,0.527994,-0.72308135,-0.06288943,0.1583022,-0.36554712,-1.7419761,0.26443118,0.58778524,-0.809017,0.5,-0.8660254,0.0
2025-05-30 00:00:00,4.0,0.107758306,-0.7979876,0.39557356,-0.30111662,-0.22048914,1.4960549,3.0,0.40333378,-0.7898638,-0.76942086,-0.46112922,-1.0488905,0.0804853,-0.16471261,0.14598761,0.07350532,-0.24856348,0.7515452,-0.79953164,-0.10615849,0.12143553,-0.29837957,-0.525074,0.37502235,-0.58778524,-0.809017,0.5,-0.8660254,0.0
2025-06-02 00:00:00,4.0,0.3248469,-0.09248116,0.6702723,1.2730318,-0.95476055,0.5492223,-0.4951217,0.28310144,-0.90260315,-0.889966,-0.6043585,-1.1637765,0.22702907,-0.056032658,0.15511385,0.33766618,0.11567599,0.8706506,-0.66875005,-0.02355802,0.18052162,-0.14837359,-1.5984651,0.35610956,-0.95105654,0.309017,0.5,-0.8660254,0.0
2025-06-03 00:00:00,4.0,0.478853,0.9136057,0.5877244,-0.877456,-0.5770868,0.08505156,-0.39596134,0.05382678,-0.9364141,-0.95933986,-0.719227,-1.153781,0.48284233,0.11667266,0.24286279,0.46560147,0.07133915,0.94676584,-0.18272848,0.16517584,0.3309802,0.13013631,-1.1679583,0.3821505,0.0,1.0,1.2246469e-16,-1.0,0.0
2025-06-04 00:00:00,4.0,0.34818774,0.6082645,-1.1880589,1.846429,0.02250353,-0.35215497,-0.44656223,-0.026845189,-0.8937984,-0.96809727,-0.7835024,-1.0028673,0.6454674,0.23206419,0.34852841,0.38691518,0.30500335,0.9774363,-0.1225311,0.2780642,0.41321415,0.37581602,-0.4164417,0.449924,0.95105654,0.309017,1.2246469e-16,-1.0,0.0
2025-06-05 00:00:00,4.0,-0.71074754,-1.8430892,-1.3370168,-0.87486213,0.12982972,-0.44492102,-0.31404632,-0.036663502,-0.81728745,-0.92022216,-0.7589673,-0.84855866,0.12267134,-0.060633484,0.22573264,0.18314576,0.09964977,0.6743646,-0.24863796,-0.39486343,-0.092349984,0.040398993,-0.38153514,0.6644672,0.58778524,-0.809017,1.2246469e-16,-1.0,0.0
2025-06-06 00:00:00,4.0,0.025144322,0.57938945,1.3136652,-0.88282114,-0.5633203,-0.6943063,-0.40216652,-0.34670228,-0.8566209,-0.96265614,-0.82800317,-0.8776373,0.06751938,-0.082836516,0.1234802,0.15527147,0.16247483,0.7555597,-0.31623644,-0.5354889,-0.1967342,0.09456087,-1.1335467,0.70655537,-0.58778524,-0.809017,1.2246469e-16,-1.0,0.0
2025-06-09 00:00:00,4.0,0.5249105,1.6084855,-1.28677,-0.6115526,-1.2887954,-0.2663532,0.10364801,0.03299505,-0.98580945,-1.0783498,-0.9702609,-1.064293,0.38010788,0.1198836,0.16289632,0.21578188,0.39477143,0.71573544,-0.31055418,-0.23242822,0.0066419425,0.41138548,-1.5727276,0.7252757,-0.95105654,0.309017,1.2246469e-16,-1.0,0.0
2025-06-10 00:00:00,4.0,0.17990357,0.49065542,0.15230411,0.5437299,-0.98177516,0.2478273,0.050604276,-0.06960349,-1.0372236,-1.1380374,-1.058814,-1.1177999,0.43261123,0.16221133,0.2107066,0.118630916,0.41598514,0.3097702,-0.1592011,-0.1220361,0.07576703,0.5540983,-1.4629076,1.2822725,0.0,1.0,1.2246469e-16,-1.0,0.0
2025-06-11 00:00:00,4.0,1.4060246,1.7307017,-1.1576214,-1.2748697,1.813257,-0.353973,-0.5036749,0.39290017,-0.7733583,-1.0060873,-1.0523787,-0.4177812,1.2919585,0.766149,0.5253568,0.4682843,0.60438424,0.38152075,-0.0027903188,1.1719936,0.9622379,1.4740547,0.62636644,0.739317,0.95105654,0.309017,1.2246469e-16,-1.0,0.0
2025-06-12 00:00:00,4.0,0.05611274,0.21442243,1.2095996,0.01653624,0.8266569,1.0291021,0.66572267,-0.18769142,-0.74403703,-0.9810578,-1.0599911,-0.32795724,1.2348632,0.74995774,0.69969565,0.7170324,0.63414717,0.31344905,-0.0022923003,1.3000469,0.9456177,1.5098283,0.10681792,0.67687416,0.58778524,-0.809017,1.2246469e-16,-1.0,0.0
2025-06-13 00:00:00,4.0,0.88285714,0.88959205,-0.14094418,-0.1546897,-0.37642097,-0.73410875,-0.777553,0.580681,-0.7038071,-0.96270204,-1.0982016,-0.16497065,1.6310565,1.0959661,0.9453303,0.9923212,0.8068719,0.5097293,-0.030728193,2.0898252,1.3975855,1.9632208,-0.88110805,0.70100796,-0.58778524,-0.809017,1.2246469e-16,-1.0,0.0
2025-06-16 00:00:00,4.0,0.701314,-0.70940787,0.6674683,-0.23864116,2.6650097,0.38037202,0.42809737,1.2396587,-0.40549248,-0.76268625,-0.9929581,0.49409384,1.8634611,1.3482325,1.0368719,1.0443163,0.8848299,0.9184651,0.06348639,2.049685,1.5062605,2.1317332,0.9713657,0.7235071,-0.95105654,0.309017,1.2246469e-16,-1.0,0.0
2025-06-17 00:00:00,4.0,-0.30744052,-1.2540174,-0.739722,-0.1252896,2.7553124,0.07092327,-0.34761932,0.7548788,-0.13485639,-0.5406127,-0.82678044,0.9177569,1.5008256,1.1662668,0.8945705,0.8886936,0.70858693,0.71084565,-0.08684026,1.4742644,1.1277167,1.840552,1.3193384,0.41561282,0.0,1.0,1.2246469e-16,-1.0,0.0
2025-06-18 00:00:00,4.0,0.7862579,1.0456147,-0.10729402,-0.42435822,0.419373,-1.0178982,-0.6102056,0.20663545,-0.27613583,-0.6041116,-0.89648664,0.66935897,1.7876759,1.4652972,0.97760487,0.68901974,0.8114648,1.0052907,0.0014997603,1.6084445,1.403436,2.138741,0.27475798,0.2392793,0.95105654,0.309017,1.2246469e-16,-1.0,0.0
2025-06-19 00:00:00,4.0,-0.1738326,-0.96673506,-0.2672965,-0.04161084,0.24776532,-0.72420883,-0.09051653,0.15206105,-0.3791071,-0.63759995,-0.91427225,0.43326837,1.5529852,1.3555778,0.922085,0.6189653,0.9363888,0.9237557,-0.13508359,1.2305075,1.226943,2.0198004,0.09974587,0.23500909,0.58778524,-0.809017,1.2246469e-16,-1.0,0.0
2025-06-20 00:00:00,4.0,0.79428315,1.1458635,0.12030702,-0.8796506,-0.79874974,-1.2850242,-0.5523482,0.43260077,-0.49419355,-0.71308213,-0.99801385,0.2622797,1.8433629,1.6723495,0.97833604,0.5927244,1.1115898,1.1259819,0.032320697,1.38879,1.5208192,2.272357,-1.3479283,-0.117195435,-0.58778524,-0.809017,1.2246469e-16,-1.0,0.0
2025-06-23 00:00:00,4.0,-0.79993343,-0.87798154,0.64328015,-0.8498788,0.08035082,1.8724712,2.514765,-0.6647072,-0.4846065,-0.6786545,-0.948627,0.21286124,1.1528536,1.2319387,0.73441124,0.09896827,0.80748636,1.0517112,0.077549115,0.801126,0.9661842,1.8024242,-0.03712844,-0.026689438,-0.95105654,0.309017,1.2246469e-16,-1.0,0.0
2025-06-24 00:00:00,5.0,0.28046095,-1.2127488,0.045467474,-1.0765806,0.06916682,-0.88930655,-0.81669277,0.7595534,-0.52717775,-0.7063587,-0.9819,0.14954868,1.2314253,1.3240831,0.5635129,0.29240453,0.83181286,1.080467,0.15626043,0.8095756,0.9805215,1.8151639,-0.07567308,-0.097216606,0.0,1.0,1.2246469e-16,-1.0,0.0
2025-06-25 00:00:00,5.0,-1.8739356,0.76087207,0.25403616,0.07295114,0.67683643,2.7930765,2.7978628,-2.6308913,0.26751876,-0.12003287,-0.48928332,1.2411919,0.09254268,0.4494133,-0.07737397,-0.600951,0.066417426,0.57783014,-0.5085458,-0.29053086,-0.034147065,0.910278,0.67394453,-1.1878572,0.95105654,0.309017,1.2246469e-16,-1.0,1.0
2025-06-26 00:00:00,5.0,-0.25939912,-0.07453239,2.4768116,-0.9814412,3.0,0.005732164,-0.718109,-0.19853061,1.1813881,0.5776901,0.055499062,2.1242113,-0.06433626,0.32335111,-0.41924497,-0.6298173,-0.008340632,0.5416385,-0.59794897,-0.5163352,-0.1154795,0.7785272,1.5932591,-1.2105207,0.58778524,-0.809017,1.2246469e-16,-1.0,1.0
2025-06-27 00:00:00,5.0,0.6455084,0.5115749,-0.59781235,1.6539966,-0.07439152,-0.61796165,-0.52729124,0.32618642,0.6747419,0.33928075,-0.09689358,1.3920629,0.23970611,0.59692997,-0.5467247,-0.6705862,-0.058592282,0.6502811,-0.031222273,-0.2552835,0.045363165,0.9049425,0.30175403,-1.0259978,-0.58778524,-0.809017,1.2246469e-16,-1.0,1.0
2025-06-30 00:00:00,5.0,0.25071535,0.7831209,-0.1114907,0.38263282,-0.6435985,-0.87074655,-0.44753528,-0.06516929,0.11478485,0.016387178,-0.31309006,0.61720943,0.32194,0.6830852,-0.6237366,-0.324685,-0.16179289,0.6336176,0.06697182,-0.20762543,0.070057265,0.93735904,-1.4465402,-0.97273993,-0.95105654,0.309017,1.2246469e-16,-1.0,1.0
2025-07-01 00:00:00,5.0,-0.40854695,-1.2480549,-0.6366121,-0.36389592,-0.37804753,-0.61223024,-0.08227285,-0.10806889,-0.18014215,-0.15675743,-0.40754977,0.16000329,0.059015017,0.46410426,-0.75365025,-0.552081,-0.18837312,0.45801735,0.03505416,-0.52608216,-0.1616905,0.75333035,-0.63463855,-1.0262802,0.0,1.0,1.2246469e-16,-1.0,1.0
2025-07-02 00:00:00,5.0,0.3956474,1.2763808,-0.7565438,-0.23277257,-0.3882117,-0.8549127,-0.44203252,-0.19519211,-0.44797698,-0.36740237,-0.5793253,-0.18664388,0.23491989,0.6267177,-0.7797461,0.20868504,-0.27617663,0.47300798,0.27203903,-0.35801944,-0.05876208,0.8384791,-0.6828157,-1.0643706,0.95105654,0.309017,-0.5,-0.8660254,0.0
2025-07-03 00:00:00,2.0,1.3570864,1.1870656,0.14667462,-1.0971879,0.61290425,-0.13685095,0.39464232,0.34121925,-0.21900441,-0.27627563,-0.56402403,0.24229349,0.87485063,1.1983141,-0.521386,0.72529054,0.0665774,0.8705464,2.8291433,0.32336193,0.41874042,1.2000232,1.1951073,-0.9547314,0.58778524,-0.809017,-0.5,-0.8660254,0.0
2025-07-04 00:00:00,5.0,-0.102059506,-1.8045503,-1.4853109,-0.76568085,-0.47262347,-0.8338895,-0.6065437,0.4869982,-0.46138933,-0.43976063,-0.6706458,-0.12439575,0.8064389,1.1271456,-0.41421905,0.49611807,-0.14344166,0.84487015,3.0,0.17957635,0.3182995,1.1508863,-0.8701987,-1.0448422,-0.58778524,-0.809017,-0.5,-0.8660254,0.0
2025-07-07 00:00:00,5.0,-0.003669437,1.5355603,-0.6018573,-1.2899847,-0.71414214,-1.0301284,-0.5310505,-0.4668164,-0.73252153,-0.6368087,-0.8116512,-0.55583334,0.81697327,1.1299363,-0.34782445,0.4446451,0.049942616,0.7459167,3.0,0.12245407,0.2768359,1.1572138,-1.4278353,-1.1476386,-0.95105654,0.309017,-0.5,-0.8660254,0.0
2025-07-08 00:00:00,5.0,-1.1060274,-1.4570075,-0.7039552,-0.71420956,-0.05634839,-0.6455449,0.22612944,-0.281872,-0.67282087,-0.6031546,-0.75040567,-0.4875952,0.24653754,0.6769957,-0.5076225,0.2999472,-0.24952893,0.53715074,3.0,-0.7166296,-0.26311377,0.7949704,0.51492125,-0.68560714,0.0,1.0,-0.5,-0.8660254,0.0
2025-07-09 00:00:00,4.0,1.6911149,1.6477317,-1.1108087,-1.1888907,0.7033327,-0.15211721,0.22313882,-0.116830744,-0.46348947,-0.5323631,-0.75719625,0.011228715,0.9977784,1.3375078,-0.33356002,0.78523046,0.6255131,0.5128003,3.0,0.45163104,0.44093958,1.2455775,1.4633932,-0.958152,0.95105654,0.309017,-0.5,-0.8660254,0.0
2025-07-10 00:00:00,4.0,0.006516693,-0.31538922,2.3125553,-0.7039005,-0.5404856,-0.17469174,-0.3002617,0.20842601,-0.7157005,-0.69116473,-0.8671266,-0.34966302,1.0263448,1.3570366,-0.20646268,0.15356591,0.7637171,0.5105943,3.0,0.4497922,0.45845488,1.2620281,-1.015348,-0.94607174,0.58778524,-0.809017,-0.5,-0.8660254,0.0
2025-07-11 00:00:00,4.0,0.50378585,0.5744521,-0.35164833,0.7565431,0.069982804,-0.39889383,-0.39395803,0.12960604,-0.7191929,-0.72732115,-0.9134446,-0.22901762,1.2809187,1.5861936,-0.032731056,0.4305828,0.74715495,0.4147,3.0,0.8170211,0.7397973,1.3862185,0.8072534,-0.97102934,-0.58778524,-0.809017,-0.5,-0.8660254,0.0
2025-07-14 00:00:00,4.0,1.8478148,1.2089449,-0.9147065,-0.35717565,0.7951916,0.47112933,0.44790804,0.6709544,-0.3620288,-0.5909726,-0.89014953,0.53087896,1.9476397,2.2249634,0.40629128,1.2115941,1.2383873,0.56238365,3.0,1.816759,1.6043725,1.7752379,1.6886437,-0.99596995,-0.95105654,0.309017,-0.5,-0.8660254,0.0
2025-07-15 00:00:00,4.0,-0.8602698,-1.4512094,-0.6824514,-0.4642292,-0.15155317,0.023369495,-0.44433278,0.009738875,-0.51644534,-0.65142614,-0.89794445,0.24663372,1.4639341,1.8307924,0.5478987,1.358681,1.3148787,0.5120462,2.5736814,1.1439925,1.209127,1.5132556,0.12373453,-0.841498,0.0,1.0,-0.5,-0.8660254,0.0
2025-07-16 00:00:00,4.0,-0.02556317,0.5542615,0.9796266,-0.49090198,-0.6332397,0.98623234,0.36401916,-0.19873358,-0.96481025,-0.91275257,-1.0579139,-0.35680157,1.4497404,1.7931541,0.65847874,0.6211536,1.2948368,0.3384492,2.2361226,1.0542834,1.3159277,1.5314386,-1.249473,-0.5931846,0.95105654,0.309017,-0.5,-0.8660254,0.0
2025-07-17 00:00:00,4.0,-0.37308237,-0.40811095,2.0673492,-0.7869578,-0.1581173,0.1644122,-0.5081586,-0.18159387,-1.0404602,-0.9876977,-1.0958849,-0.43710127,1.2316817,1.6046264,0.51334447,0.46575132,0.55167794,0.330485,1.9549881,0.7849707,1.1182649,1.3901038,0.12510386,-0.634571,0.58778524,-0.809017,-0.5,-0.8660254,0.0
2025-07-18 00:00:00,4.0,0.08867992,0.12847269,-0.20089145,1.8630773,-0.5989169,-0.68672216,-0.66579145,0.0910599,-1.3340937,-1.2068362,-1.2400681,-0.8435771,1.2697642,1.6140904,0.4276912,0.29781967,0.63520485,0.1555511,1.8955822,0.81533456,1.3010375,1.4366894,-1.1925541,-0.52851725,-0.58778524,-0.809017,-0.5,-0.8660254,0.0
2025-07-21 00:00:00,4.0,0.29073375,-0.6572111,1.7294037,-1.1068592,-0.19999947,0.045836926,0.41409984,0.81776565,-1.1597377,-1.1841466,-1.2542273,-0.4802748,1.3955258,1.6984556,0.30221105,-0.387507,0.7409563,0.43597,1.8848177,0.86639386,1.4374545,1.4583935,-0.07601686,-0.8077045,-0.95105654,0.309017,-0.5,-0.8660254,0.0
2025-07-22 00:00:00,4.0,0.056510415,-0.46702433,-0.32488337,1.5036436,-0.29821184,1.7193917,0.753495,0.37915054,-1.2789927,-1.3074898,-1.3430829,-0.6184394,1.4133397,1.6886138,0.22771868,0.016118312,1.2107022,0.38776153,1.7238878,0.7979944,1.4946191,1.4787165,-0.50489444,-0.85963404,0.0,1.0,-0.5,-0.8660254,0.0
2025-07-23 00:00:00,4.0,0.16393688,1.141055,0.28063887,-1.2277696,-0.20885465,1.2091204,-0.5144119,-0.44640172,-1.314085,-1.3812999,-1.4104304,-0.64847434,1.4745615,1.7146647,0.16497055,0.09891505,0.6347773,1.019885,1.6379567,0.7557757,1.493547,1.5291026,-0.12406597,0.1239954,0.95105654,0.309017,-0.5,-0.8660254,0.0
2025-07-24 00:00:00,4.0,0.16667764,-0.040233314,2.2351787,-0.49900088,-0.6584158,-0.29130757,-0.5967501,0.28987753,-1.382792,-1.4652641,-1.4859906,-0.74764115,1.5402693,1.7459401,0.13625412,0.33460575,0.6950944,1.2024741,1.6557349,0.74028766,1.4897993,1.6006293,-1.0411288,0.020692121,0.58778524,-0.809017,-0.5,-0.8660254,0.0
2025-07-25 00:00:00,4.0,-1.1682128,-1.4457335,-0.196573,-1.0403816,1.2262883,-0.41054282,-0.29531914,0.017812394,-0.93255913,-1.1957618,-1.314965,-0.10544983,0.6878557,1.1919953,-0.40198848,-0.20743038,0.08176942,0.7985723,1.6426578,0.1333572,0.4522147,1.109877,1.4265033,-0.009235369,-0.58778524,-0.809017,-0.5,-0.8660254,0.0
2025-07-28 00:00:00,4.0,-0.12343148,-0.08333951,0.3286234,1.8022163,0.09962777,1.2335993,0.47713017,-0.08105389,-0.9219335,-1.19635,-1.3340921,-0.09729655,0.6670963,1.1655182,-0.7616764,-0.38983196,-0.6622827,0.7610702,1.6347369,0.041000765,0.28808385,1.0618727,0.36354998,-0.021133047,-0.95105654,0.309017,-0.5,-0.8660254,0.0
2025-07-29 00:00:00,4.0,1.1857177,1.4563268,-0.8888742,-0.80932146,-0.12977645,-0.9388007,-0.73162276,0.60863644,-0.7558041,-1.1331813,-1.3672754,0.23268893,1.3233081,1.6469232,-0.62254786,0.105016336,0.101497486,1.4101944,1.7251979,0.6618861,0.9750494,1.4209332,0.09223784,0.049183402,0.0,1.0,-0.5,-0.8660254,0.0
2025-07-30 00:00:00,4.0,-0.29248592,-0.67539,0.6606327,-0.01565626,-0.45345405,-0.8007648,-0.16763586,0.037440334,-0.9411799,-1.2469938,-1.4464879,-0.06832279,1.1724522,1.532358,-0.6231241,-0.098866746,0.0028840068,1.3894806,1.6302779,0.4947169,0.6895636,1.3485855,-0.47834346,0.17121954,0.95105654,0.309017,-0.5,-0.8660254,0.0
2025-07-31 00:00:00,4.0,-0.18807791,-1.2153836,-0.42455828,-0.24971579,0.42864007,-0.69653666,-0.22590725,0.82300806,-0.86354667,-1.2055753,-1.4415336,0.042444028,1.091565,1.4612315,-0.7090199,-0.25960067,0.07328681,0.70462644,1.4661978,0.3458879,0.47634217,1.2422282,0.9780158,-0.03220282,0.58778524,-0.809017,-0.5,-0.8660254,0.0
2025-08-01 00:00:00,4.0,-0.23095946,0.25481018,0.99574935,0.16308594,-0.17661569,-0.61783546,-0.18789013,-0.47320727,-0.93826705,-1.2530026,-1.4878118,-0.09191276,0.9838347,1.3824875,-0.83643365,0.16062531,-0.04570696,0.6935988,1.4840196,0.19108054,0.2682099,1.1663482,-0.0133194495,0.12792946,-0.58778524,-0.809017,-0.5,-0.8660254,0.0
2025-08-04 00:00:00,4.0,-1.0422696,-1.3307197,-0.582726,-0.38616472,0.99346805,-1.0372462,-0.4437526,-0.032242868,-0.6277925,-1.0086251,-1.3169969,0.2875457,0.06482708,0.82031673,-1.2358,-0.25405124,-0.546543,0.24822979,1.2414422,-0.536955,-0.5721435,0.6921986,1.5793103,0.89301735,-0.95105654,0.309017,-0.8660254,-0.5,0.0
2025-08-05 00:00:00,4.0,1.0943419,0.69245195,0.11112291,0.12405577,0.19779707,2.293808,2.3751507,0.8920938,-0.44998258,-0.90172523,-1.3045886,0.59335405,0.78261864,1.282972,-1.1367037,-0.33022144,-0.18083659,1.2267462,1.0126518,0.40665624,0.054235242,0.9832233,0.87460387,0.8860106,0.0,1.0,-0.8660254,-0.5,0.0
2025-08-06 00:00:00,4.0,1.6853205,0.9770943,-0.7181449,0.30066508,1.7290882,0.8791332,-0.48983362,1.0606611,-0.051119365,-0.64200634,-1.2126324,1.1920298,1.5946358,1.8824397,-0.6082841,0.558862,0.35932744,1.1925042,1.0175143,1.8316272,0.98841757,1.3653337,1.7526467,0.60814667,0.95105654,0.309017,-0.8660254,-0.5,0.0
2025-08-07 00:00:00,4.0,1.7855554,1.243038,-0.49131915,-0.68700606,2.403335,0.40148857,-0.3646082,0.43477455,0.46487725,-0.2609924,-1.0346397,1.8178394,2.1651363,2.3691897,0.13516071,1.496074,0.95054805,1.9657863,1.1510224,2.4799516,1.7571105,1.6516172,1.8988472,0.98369956,0.58778524,-0.809017,-0.8660254,-0.5,0.0
2025-08-08 00:00:00,4.0,-0.786699,0.091840774,1.6260805,-0.102972195,-0.18558773,0.5591092,-0.18312217,-1.1479871,0.12699331,-0.3634183,-1.0298843,1.2154374,1.5479231,1.8965704,0.4363495,1.2696708,1.1000998,1.4626557,1.071642,1.5217677,1.2318765,1.3908798,0.25946134,0.9438791,-0.58778524,-0.809017,-0.8660254,-0.5,0.0
2025-08-11 00:00:00,4.0,-0.5426188,-0.31118727,0.32684374,1.3977115,-0.77740586,0.57104737,-0.25697732,-0.55562663,-0.31561545,-0.60862327,-1.1542664,0.55901164,1.2107925,1.6304826,0.4584118,1.5098445,0.9503885,0.34671205,1.226852,0.96586573,0.9717187,1.2747862,-0.8198774,1.1690283,-0.95105654,0.309017,-0.8660254,-0.5,0.0
2025-08-12 00:00:00,4.0,-0.09265764,0.07170569,0.41924915,1.4360282,-0.13493581,-1.2961063,-0.88598865,-0.17090493,-0.496232,-0.72416747,-1.2207742,0.2947931,1.1872957,1.5785317,0.35363686,0.95766175,0.47534567,0.7226306,1.1093749,0.78020567,0.8991127,1.2375298,0.21363921,1.2086431,0.0,1.0,-0.8660254,-0.5,0.0
2025-08-13 00:00:00,4.0,-0.07848686,0.27609935,-0.2779728,1.6400831,-0.65118027,-0.5503874,0.47390008,-0.2593991,-0.75516284,-0.91831064,-1.348717,-0.06072185,1.1806805,1.5455489,0.21280937,0.15005292,0.55852824,0.69818074,1.2183081,0.6398495,0.8706136,1.2493117,-0.5502498,1.0377352,0.95105654,0.309017,-0.8660254,-0.5,0.0
2025-08-14 00:00:00,4.0,-1.0407934,-1.1439897,-0.80872643,0.38504878,-0.7267455,-0.42344415,-0.19066869,-0.7529524,-0.7396804,-0.8946501,-1.2958478,-0.10391657,0.4603981,1.0667297,-0.3409186,-1.2036479,0.2645821,0.42232922,1.0857171,0.045339543,0.15347864,0.86989963,-0.68708897,0.9349465,0.58778524,-0.809017,-0.8660254,-0.5,0.0
2025-08-15 00:00:00,4.0,-0.82801074,-0.24543391,-0.49922514,2.4956057,-0.38881522,0.06379851,0.07547741,-0.9792486,-0.5759263,-0.7637625,-1.178783,0.06719623,-0.043906096,0.7189,-1.02112,-1.2248569,0.06073649,0.018506233,1.0467262,-0.41311425,-0.41352805,0.5277889,-0.00050030753,0.93454856,-0.58778524,-0.809017,-0.8660254,-0.5,0.0
2025-08-18 00:00:00,4.0,0.98024976,0.78298223,-0.34573376,0.2520538,-0.29564467,-0.13954455,-0.32969263,0.83378935,-0.51164377,-0.7556716,-1.2267338,0.21420737,0.5005262,1.0842773,-1.0764173,-0.5094096,0.79283375,0.31354976,1.2435839,0.1497654,0.21765547,0.83129424,0.11856215,0.74334085,-0.95105654,0.309017,-0.8660254,-0.5,0.0
2025-08-19 00:00:00,4.0,-0.4862662,-0.72971475,-0.8008708,1.6041977,-0.09004873,0.28100485,-0.10860544,-0.07080789,-0.5739654,-0.78325796,-1.2282264,0.08743619,0.24383958,0.9072237,-1.265774,-0.71497613,0.24039137,0.071714714,1.1871599,-0.13620749,-0.10244714,0.65394974,0.51069987,0.7505873,0.0,1.0,-0.8660254,-0.5,0.0
2025-08-20 00:00:00,4.0,-0.0057318187,0.47898048,-0.12586968,0.86121476,-0.8869794,-1.2463815,-0.8265612,-0.24866776,-0.8476255,-0.9933271,-1.3775408,-0.3048559,0.3066073,0.9381589,-1.377883,-0.6815194,-0.38646692,-0.012395013,1.0924298,-0.13024117,-0.061247885,0.7170148,-0.88346434,0.71669436,0.95105654,0.309017,-0.8660254,-0.5,0.0
2025-08-21 00:00:00,4.0,-0.42525434,0.10227378,0.038127754,1.6124216,-0.2210048,-0.3688586,0.54060084,-0.6782295,-0.8437338,-0.99995065,-1.3683757,-0.31496787,0.0634095,0.7789846,-1.5409777,-0.3806789,-1.2643958,-0.30231795,1.067328,-0.3742809,-0.34968546,0.54587346,0.28638116,0.73426265,0.58778524,-0.809017,-0.8660254,-0.5,0.0
2025-08-22 00:00:00,4.0,-0.08024816,-0.71019626,0.019872217,0.74260426,-1.1887497,-1.2998676,-0.80133677,0.2888778,-1.1177864,-1.2238367,-1.5288693,-0.73937804,0.09323209,0.7921801,-1.6586325,-0.008458601,-1.0136817,0.2605856,1.0515281,-0.41290984,-0.39906502,0.6111893,-1.3141948,0.81339264,-0.58778524,-0.809017,-0.8660254,-0.5,0.0
2025-08-26 00:00:00,4.0,0.44038537,0.4174049,1.1569419,-0.49119988,-0.1845997,-0.70937246,0.37148508,0.33511162,-1.0021032,-1.18699,-1.5279262,-0.50145656,0.4707941,1.019688,-1.4617438,-0.27779594,-0.6355443,0.53672594,1.052967,-0.06894449,-0.0815151,0.8277215,0.15810992,0.91845423,-0.95105654,0.309017,-0.8660254,-0.5,0.0
2025-08-27 00:00:00,4.0,-0.031475794,-1.4897221,-1.0182679,-0.28121635,-0.16071367,0.7452605,0.9850607,1.141683,-0.98564523,-1.1920023,-1.5250018,-0.45920235,0.53793216,1.0491507,-1.3063537,-0.05068233,-0.6186877,-0.09705695,0.96615964,-0.069651246,-0.091355056,0.82947123,0.14003503,0.99961936,0.95105654,0.309017,-0.8660254,-0.5,0.0
2025-08-28 00:00:00,4.0,0.55152977,0.61225075,0.91663605,-0.6724537,-0.24261601,-0.40697014,-0.6637175,0.34281668,-0.87986016,-1.1428007,-1.5058646,-0.22373824,0.97439843,1.3182561,-0.9551064,0.22714196,-0.37011015,0.32174945,0.96901494,0.36586764,0.33998027,1.1016929,0.07362459,0.9772579,0.58778524,-0.809017,-0.8660254,-0.5,0.0
2025-08-29 00:00:00,4.0,-0.19367704,-0.3661792,0.26355174,1.4400753,-0.52887,-0.51702636,-0.30358908,0.0050887894,-0.98112684,-1.2115834,-1.5360572,-0.40958786,0.95627356,1.2965355,-0.78465456,0.34407333,-0.031274755,0.331313,1.0781019,0.23277627,0.1935863,1.096752,-0.41316405,0.9511112,-0.58778524,-0.809017,-0.8660254,-0.5,0.0
2025-09-01 00:00:00,4.0,0.2577037,-0.805598,0.08206865,0.38453835,0.23073299,-0.17619422,0.0030544368,1.0649279,-0.84591496,-1.127273,-1.4774821,-0.1329251,1.2396315,1.4767231,-0.5519907,0.51003945,0.4082912,0.5774991,1.1096905,0.4895652,0.36018574,1.2503229,0.96373415,0.82219195,-0.95105654,0.309017,-0.8660254,-0.5,0.0
2025-09-02 00:00:00,4.0,-0.36170554,-1.1251733,-0.20842811,-0.30074668,-1.4350083,-1.2529279,-0.8525741,-0.04017964,-1.189396,-1.3600746,-1.6073042,-0.8060307,0.9786898,1.3273388,-0.51871556,0.113690056,-0.13377538,0.9539582,0.9841192,0.39865878,0.04379053,1.2783804,-1.6130404,0.30325723,0.0,1.0,-1.0,-1.8369701e-16,0.0
2025-09-03 00:00:00,4.0,0.28681162,0.55318207,-0.09781496,0.7219774,-0.5610813,0.043814868,1.2837023,0.12630755,-1.2634549,-1.440798,-1.6615274,-0.91941285,1.2928295,1.52691,-0.36704868,0.2704559,0.17859808,0.5763984,0.9924053,0.9713593,0.33681068,1.6137024,-0.9007242,-0.30128193,0.95105654,0.309017,-1.0,-1.8369701e-16,0.0
2025-09-04 00:00:00,4.0,-1.2447717,-1.6675354,-1.0310822,-1.0511222,2.180175,0.41939762,-0.135039,0.6497971,-0.5537461,-0.9290817,-1.262835,0.42576754,-0.19090685,0.67153,-0.71302515,-0.603268,-0.3064919,-0.9746165,0.59681207,-0.58947015,-0.9273078,0.29264534,1.7219244,-0.042245492,0.58778524,-0.809017,-1.0,-1.8369701e-16,0.0
2025-09-05 00:00:00,4.0,-0.22487687,0.8004053,-0.90798634,1.0557877,-0.85095966,-0.694456,-0.645547,-0.70246935,-0.8318696,-1.0913775,-1.348025,-0.14321063,-0.2830942,0.59294295,-0.994786,-0.6185746,-0.2222187,-2.1547947,0.5677812,-0.61621565,-0.92405576,0.20525984,-1.2242064,-0.8216576,-0.58778524,-0.809017,-1.0,-1.8369701e-16,0.0
2025-09-08 00:00:00,4.0,-1.8940963,-1.3335464,-0.5688123,-0.72321373,2.195747,0.15602295,0.16158405,-0.7747236,-0.22452253,-0.61078554,-0.9476488,0.8208745,-2.0378203,-0.66922015,-1.663844,-1.6736276,-0.94705975,-2.636257,0.1788604,-2.76928,-2.3011606,-1.2703774,1.484095,-0.36207354,-0.95105654,0.309017,-1.0,-1.8369701e-16,0.0
2025-09-09 00:00:00,4.0,0.22105327,-0.60969764,-0.11650647,0.75929487,0.81569946,-0.76710665,-0.56418586,0.9523288,-0.17447521,-0.53690374,-0.8895881,0.86263335,-1.6741573,-0.4966924,-1.9404877,-1.4048475,-1.041847,-2.1379666,0.071537845,-2.183282,-1.9093381,-1.1591934,1.182218,-0.17372395,0.0,1.0,-1.0,-1.8369701e-16,0.0
2025-09-10 00:00:00,4.0,0.7487629,1.0446024,0.44450063,-1.0131123,0.79615885,-0.4373333,-0.06443549,0.030070672,-0.16493078,-0.5073013,-0.87930024,0.8856686,-0.90435493,-0.039282467,-1.7806983,-1.1862212,-0.73063207,-1.6821125,0.22926468,-1.0830629,-1.1747677,-0.7530532,1.1951947,-0.048428975,0.95105654,0.309017,-1.0,-1.8369701e-16,0.0
2025-09-11 00:00:00,4.0,0.03985772,1.1195642,-0.06822093,-0.6866328,-0.12667966,-0.24232495,-0.17364556,-0.78830546,-0.34021845,-0.5909566,-0.91672087,0.5301985,-0.7662078,0.028222391,-1.6468406,-0.5601032,-0.94181293,-1.590432,0.07792395,-0.8827266,-1.0319493,-0.7277992,0.036363624,-0.05961285,0.58778524,-0.809017,-1.0,-1.8369701e-16,0.0
2025-09-12 00:00:00,4.0,0.08533684,-0.5931854,0.59895146,0.17424496,0.35944372,-0.8220814,-0.4736156,0.6747792,-0.3519298,-0.5801875,-0.8972041,0.48099872,-0.58466285,0.12279248,-1.4354265,-0.40895292,-0.8400208,-1.0277282,0.12897031,-0.6786721,-0.8888591,-0.6851488,0.9429112,0.18882406,-0.58778524,-0.809017,-1.0,-1.8369701e-16,0.0
2025-09-15 00:00:00,4.0,-0.79246503,0.05774717,2.2743652,-0.42132467,-0.08954421,0.85517955,0.50428706,-1.141119,-0.41490147,-0.58561456,-0.8581273,0.27603236,-1.2500386,-0.37899292,-1.5201198,0.15843387,-1.2867618,-0.9965647,-0.15046822,-1.6431996,-1.4665792,-1.1524936,0.26613823,0.22939578,-0.95105654,0.309017,-1.0,-1.8369701e-16,0.0
2025-09-16 00:00:00,4.0,-0.35008997,-0.63817084,0.14744803,0.44561225,-0.15462239,3.0,3.0,0.028789103,-0.48445594,-0.6175471,-0.8562523,0.106890835,-1.4295925,-0.55403817,-1.6025006,-0.12485023,-1.274669,-1.6118655,-0.020744955,-1.836184,-1.5927892,-1.3307859,0.083006956,0.5143711,0.0,1.0,-1.0,-1.8369701e-16,0.0
2025-09-17 00:00:00,4.0,0.35554275,0.2484316,-1.614969,2.9800742,-0.47750324,0.056423247,-1.1085571,0.37395325,-0.6366482,-0.732572,-0.9361203,-0.15544748,-0.9808678,-0.29659685,-1.4612145,-0.32988974,-1.2535918,-1.2145575,-0.037491526,-1.2472801,-1.2099732,-1.1001065,-0.5714322,0.40650982,0.95105654,0.309017,-1.0,-1.8369701e-16,0.0
2025-09-18 00:00:00,4.0,-0.6848353,-1.0281875,-1.3314629,0.9813519,-0.6153195,-0.1918597,-0.49148515,-0.27286416,-0.74391997,-0.8016949,-0.9607778,-0.37642404,-1.4352956,-0.6650155,-1.475707,-0.6731945,-0.988613,-1.4668603,0.36398944,-1.7598147,-1.5793248,-1.4519858,-0.6684563,0.55061823,0.58778524,-0.809017,-1.0,-1.8369701e-16,0.0
2025-09-19 00:00:00,4.0,1.0147966,1.4711418,-1.1648299,-0.4829407,0.44702384,0.098262094,0.13464563,-0.029797949,-0.74005306,-0.83381075,-1.0180194,-0.06875237,-0.52984273,-0.06095468,-1.0181838,-0.27107617,-0.54156494,-0.86087275,0.6339352,-0.5040001,-0.7415678,-0.8996613,1.0551475,0.63542813,-0.58778524,-0.809017,-1.0,-1.8369701e-16,0.0
2025-09-22 00:00:00,4.0,-1.1026535,-1.8119799,-1.0917869,-1.3350002,-0.108453505,1.841784,1.7461925,0.18035762,-0.7718379,-0.83073175,-0.98195225,-0.0067244954,-1.3584297,-0.75002027,-1.0130805,-0.39151946,-0.14821129,-1.2490785,0.30249226,-1.5796944,-1.4452717,-1.5296689,0.4998857,0.45874074,-0.95105654,0.309017,-1.0,-1.8369701e-16,0.0
2025-09-23 00:00:00,4.0,0.55162656,1.1477945,-0.83889097,0.05576608,-0.7242801,-0.36080697,-1.1308721,-0.062829286,-1.0508257,-1.0204917,-1.1161484,-0.2924299,-0.819742,-0.37591136,-0.7739552,0.093153834,-0.040389758,-1.2219348,0.35785508,-0.755766,-0.9110092,-1.1478506,-0.69698006,0.040053118,0.0,1.0,-1.0,-1.8369701e-16,0.0
2025-09-24 00:00:00,4.0,1.1145577,1.1221625,-0.16374369,-0.657448,1.3951066,0.10853251,0.36849123,0.18163155,-0.5470718,-0.8235491,-1.0619644,0.7039427,0.065283395,0.3541708,-0.15228735,0.50411016,0.055429533,-0.7748379,0.8673114,0.63603073,0.0064566503,-0.53108996,1.4389805,-0.60657287,0.95105654,0.309017,-1.0,-1.8369701e-16,0.0
2025-09-25 00:00:00,4.0,0.9418816,1.1930017,-1.0943575,0.1033706,1.8359865,0.13982423,-0.20343137,-0.60008633,0.14573042,-0.4699562,-0.9135181,1.6880599,0.75355035,1.0164385,0.52357465,1.4001732,0.4226586,-0.6618433,1.2084162,1.5146145,0.703258,-0.08466038,1.501519,-0.94746584,0.58778524,-0.809017,-1.0,-1.8369701e-16,1.0
2025-09-26 00:00:00,4.0,0.13075103,1.3395599,-0.9614587,-0.41223434,-1.1324694,-0.38205147,-0.70950496,-0.8900228,-0.53843284,-0.8199991,-1.1020331,0.72585136,0.9089262,1.1728075,1.0261338,0.91544265,0.43953946,-0.5223772,0.6143082,1.3806393,0.9389585,0.11878244,-1.2284827,-1.0091985,-0.58778524,-0.809017,-1.0,-1.8369701e-16,1.0
2025-09-29 00:00:00,4.0,0.75266165,1.4836724,-1.0491226,-0.8181067,-0.3423374,-0.06649052,0.20792294,-0.2506156,-0.7985607,-1.0073558,-1.2345428,0.45665342,1.3774529,1.6758473,1.5280821,1.8832653,1.1285928,-0.35125765,1.0211457,1.6058867,1.5655104,0.6563462,-0.055408247,-0.58231485,-0.95105654,0.309017,-1.0,-1.8369701e-16,1.0
2025-09-30 00:00:00,4.0,-2.087789,-0.56544757,1.3472731,-0.4731335,1.335339,-0.13441819,-0.275516,-3.0,0.54079413,-0.14268817,-0.70675546,1.7252953,-0.5265068,-0.109126255,1.0159273,0.43962398,0.41619948,-1.0121026,0.18363117,0.11508459,-0.07882934,-0.912499,1.4416348,-0.89076924,0.0,1.0,-1.0,-1.8369701e-16,1.0
2025-10-01 00:00:00,4.0,-1.7605485,-1.1076107,-0.17849788,-0.22943266,0.30750462,0.32611337,0.25729963,-1.7167757,1.1653947,0.43193102,-0.3172655,1.995893,-1.7349823,-1.5111759,0.24628341,-1.1188298,-0.5202775,-1.793535,0.12596856,-1.0077257,-1.1775141,-1.995142,0.9897653,-0.8228767,0.95105654,0.309017,-1.0,-1.8369701e-16,1.0
2025-10-02 00:00:00,4.0,0.23208576,0.5917597,1.815146,-1.4418085,-1.3557274,0.48392788,-0.107454695,-0.031836323,0.30336246,-0.001955741,-0.53565127,0.98392445,-1.4479748,-1.2822396,-0.14909215,-1.4962162,-0.12579967,-1.1552958,-0.762628,-0.7287685,-0.9110278,-1.7572157,-1.3085421,-0.58304197,0.58778524,-0.809017,-0.8660254,0.5,0.0
2025-10-03 00:00:00,4.0,-1.111577,-1.3502858,0.33139306,-1.4163952,-0.7017231,-0.18601295,-0.6801953,-0.6036743,-0.033706132,-0.1164989,-0.5233726,0.4802787,-2.003227,-2.0385957,-0.69856876,-2.0622547,-1.0427183,-1.4442905,-1.2207093,-1.3602409,-1.5294077,-2.2676222,-0.3721243,-0.5094675,-0.58778524,-0.809017,-0.8660254,0.5,0.0
2025-10-06 00:00:00,4.0,0.12175145,0.9353744,1.062411,-1.3645746,-0.6706366,-0.29473734,-0.36259192,-0.7638438,-0.40176386,-0.37574023,-0.6618805,0.0955024,-1.761232,-1.8294549,-0.97371125,-2.2756324,-0.5119309,-0.58256286,-1.4326063,-1.2251341,-1.380877,-2.0788774,-0.5096495,-1.454623,-0.95105654,0.309017,-0.8660254,0.5,0.0
2025-10-07 00:00:00,4.0,1.6569909,1.3093023,-0.5736459,-0.643833,0.2490159,0.0062152115,0.13708784,1.2321485,0.2566351,-0.043111466,-0.6027729,0.8692366,-0.6878899,-0.67329323,-0.5912177,-0.49142602,-0.073801875,-0.09999085,-1.7653532,-0.05521775,-0.29494736,-1.1778742,0.9618791,-1.1979364,0.0,1.0,-0.8660254,0.5,0.0
2025-10-08 00:00:00,4.0,-0.34977204,-0.8208333,-0.13081113,0.38213646,0.4010535,0.076098576,-0.15313856,0.39653945,0.24623816,0.016386569,-0.5561803,0.7526292,-0.82059157,-0.8450512,-0.42236164,0.25686136,-0.75997955,-0.54027826,-1.4098331,-0.2694393,-0.48283604,-1.3087157,1.1207922,-1.1265262,0.95105654,0.309017,-0.8660254,0.5,0.0
2025-10-09 00:00:00,4.0,0.0101407105,-1.0045525,-0.54350626,0.2728199,-0.81553537,-0.09218589,-0.36309895,0.9629742,-0.3379569,-0.3973604,-0.7603483,0.18915206,-0.72359496,-0.7559903,-0.2776103,0.14475574,-1.2384952,-0.5533479,-1.3713315,-0.22215255,-0.4139091,-1.2258034,-0.7395481,-1.1165222,0.58778524,-0.809017,-0.8660254,0.5,0.0
2025-10-10 00:00:00,4.0,-0.05592978,-0.10278207,1.9652427,0.018072613,-0.3699628,-0.53335595,-0.6334302,-0.007849115,-0.5963039,-0.6311939,-0.8896395,-0.06418169,-0.66345817,-0.709798,-0.15262829,0.7016217,-1.3153287,-0.60761356,-1.193534,-0.21680191,-0.38837293,-1.1927325,-0.19197446,-1.2474563,-0.58778524,-0.809017,-0.8660254,0.5,0.0
2025-10-13 00:00:00,4.0,-2.3496776,-1.6079853,-0.69195867,-1.1770195,2.3817422,-0.20980673,0.19728442,-1.0425118,1.0085604,0.8247408,0.07712241,1.1734382,-2.089332,-2.360058,-0.71290344,-0.59266776,-2.6348717,-1.1149982,-2.0827572,-1.8547077,-1.875883,-2.3042293,1.7101741,1.4947029,-0.95105654,0.309017,-0.8660254,0.5,0.0
2025-10-14 00:00:00,4.0,0.21383876,-0.8782211,0.24715102,-0.26790762,-1.3698369,-0.003437405,-0.15489401,1.0324153,0.0004145829,0.07681619,-0.30732867,0.22521138,-1.804515,-2.0539858,-1.0273762,-1.2998357,-1.5610871,-0.888829,-2.069615,-1.6171932,-1.68577,-2.099433,-1.6955755,1.4633952,0.0,1.0,-0.8660254,0.5,0.0
2025-10-15 00:00:00,4.0,-1.1201214,0.16281214,-0.42313015,2.1388307,0.04434209,1.7214988,0.6155372,-2.2077188,1.0871271,1.0620854,0.3917262,1.1021626,-2.2415392,-2.5620315,-1.372553,-1.6707221,-1.2860624,-1.411216,-2.3897626,-2.1573348,-2.1807199,-2.421235,0.6021933,1.490745,0.95105654,0.309017,-0.8660254,0.5,0.0
2025-10-16 00:00:00,1.0,-0.1286272,-0.07904192,1.5402051,0.3974292,-0.82311577,0.39921615,-0.5795825,-0.19262755,0.29873538,0.4973944,0.13277958,0.3082166,-2.1555338,-2.434278,-1.6415607,-1.6983998,-1.4457508,-1.2201973,-2.3915782,-2.0336282,-2.1699483,-2.330422,-0.8973672,1.4083593,0.58778524,-0.809017,-0.8660254,0.5,0.0
2025-10-17 00:00:00,4.0,-0.5727296,-1.2157375,0.48745018,-1.4231182,-0.3453271,-0.4368688,-0.54330456,0.30269837,0.0073092068,0.29722917,0.09958445,-0.050936732,-2.2796268,-2.5474596,-1.8579386,-1.9024544,-1.2076181,-1.7972007,-2.5085316,-2.0450854,-2.3509214,-2.3954165,-0.045211323,1.310308,-0.58778524,-0.809017,-0.8660254,0.5,0.0
2025-10-20 00:00:00,1.0,-0.4347592,1.1644287,-1.390607,0.5308516,1.9601514,1.2886219,0.34391347,-2.9105537,1.651866,1.6426309,1.0227382,1.4894139,-2.3025272,-2.5621932,-1.7282771,-0.9771154,-1.4380953,-1.5366421,-2.0876667,-1.9801897,-2.2182536,-2.281472,1.6494992,1.3772871,-0.95105654,0.309017,-0.8660254,0.5,0.0
2025-10-21 00:00:00,1.0,-0.15951559,0.066106714,2.5448327,-0.58523256,0.0298126,0.878079,-0.2865779,-0.3438891,1.2965031,1.4740164,1.0357068,1.0548321,-2.2136126,-2.4490457,-1.6841067,-1.141802,-2.148053,-1.7613848,-2.013668,-1.7761523,-2.0993614,-2.1792922,0.9026842,1.1737101,0.0,1.0,-0.8660254,0.5,0.0
2025-10-22 00:00:00,4.0,0.6448909,0.5222331,0.971487,-0.11706978,-1.145482,1.9302273,0.073075056,0.63787544,0.40727141,0.7613753,0.57294536,0.19150369,-1.673039,-1.9681265,-1.4188154,-0.3160499,-1.6909779,-1.9501753,-2.194597,-1.327007,-1.6459802,-1.8729435,-1.5776997,1.5289685,0.95105654,0.309017,-0.8660254,0.5,0.0
2025-10-23 00:00:00,4.0,1.4207606,1.4766706,-0.40604573,-1.2308971,-1.1062174,3.0,0.4320038,1.2335801,0.39865434,0.6243808,0.37219113,0.32782224,-0.7464865,-1.1622484,-0.6605214,0.4061418,-1.0876883,-1.8067371,-1.6623386,-0.61117923,-0.7147694,-1.2871917,-1.5448058,1.2534543,0.58778524,-0.809017,-0.8660254,0.5,0.0
2025-10-24 00:00:00,4.0,2.652828,0.6441188,-0.7140913,1.1275913,0.054974396,0.9879332,-0.6659849,3.0,2.1310012,1.8441869,0.998768,2.288216,0.5690079,0.15450971,0.707235,1.9292208,0.11489628,-0.8803873,-0.82766,0.78081286,0.79504913,-0.32691136,0.51219654,1.3662736,-0.58778524,-0.809017,-0.8660254,0.5,0.0
2025-10-27 00:00:00,4.0,-0.4382625,-0.5242057,0.9109555,0.054772165,-1.308665,1.9123327,0.17101376,-0.38579717,0.64013815,0.8363412,0.44437784,0.6415942,0.36126906,-0.042364202,1.4115326,1.8614216,0.90536773,-1.3017524,-0.8695743,0.7512299,0.7365752,-0.40747643,-1.6095086,1.1451643,-0.95105654,0.309017,-0.8660254,0.5,0.0
2025-10-28 00:00:00,4.0,0.07064356,0.08063581,-1.4633615,3.0,-0.8871149,-1.2688066,-1.061961,0.081889875,-0.33317155,0.048847586,-0.07971514,-0.4080906,0.43041304,0.034180246,1.8694361,1.9019618,0.8423451,-0.5219349,-0.48087153,0.8138117,0.8857667,-0.30503574,-1.3264219,1.3217262,0.0,1.0,-0.8660254,0.5,0.0
2025-10-29 00:00:00,4.0,-0.49623063,0.3450668,1.2278782,-0.16571614,-0.18874113,-0.70468736,0.21537487,-1.0121198,-0.65581775,-0.25544906,-0.2417764,-0.77958775,0.17185019,-0.19957322,1.929297,1.3914348,1.0895269,-0.06307719,-0.9771552,0.5264178,0.6252822,-0.45042765,-0.42393932,1.5279082,0.95105654,0.309017,-0.8660254,0.5,0.0
2025-10-30 00:00:00,4.0,1.3506776,1.8181049,-1.2699589,-1.1790959,0.83435285,-0.4505871,-0.08765384,-0.004353229,-0.4941425,-0.31848416,-0.44974563,-0.40783173,0.7881738,0.43774846,2.2029922,1.357561,1.6767865,0.35516822,-1.1617429,1.1103094,1.3851136,0.0942534,1.1860529,1.3275342,0.58778524,-0.809017,-0.8660254,0.5,0.0
2025-10-31 00:00:00,4.0,1.1151768,1.0630239,-1.3397131,0.6548328,1.0806602,0.64787716,0.498252,0.35378298,-0.24338718,-0.24703783,-0.5296594,0.023098024,1.2414207,0.9373105,2.5071385,0.6578732,2.3022306,1.2393045,-1.4535402,1.4122158,1.902658,0.5126786,1.4407206,0.949405,-0.58778524,-0.809017,-0.8660254,0.5,0.0
2025-11-03 00:00:00,4.0,-1.0797391,-0.54366034,0.19864412,0.6644676,-0.05759566,-0.6205646,-0.7468924,-1.1288495,0.01334316,0.024117038,-0.21112521,0.16822879,0.60569197,0.35694492,2.30972,0.41581395,2.045353,0.8112971,-1.4378494,0.8566486,1.2195839,0.09492557,0.23701113,0.8302266,-0.95105654,0.309017,-0.8660254,0.5,0.0
2025-11-04 00:00:00,4.0,0.8648109,-0.46501625,-0.1144812,1.1330695,0.65751785,-0.49598247,-0.15348874,1.7078103,0.1727616,0.08081299,-0.26754588,0.41062286,0.97406846,0.7589627,2.2617235,0.7717144,2.3788574,0.5082965,-1.0444742,1.107676,1.6426717,0.43889147,1.0997,0.80317277,0.0,1.0,-0.5,0.8660254,0.0
2025-11-05 00:00:00,4.0,0.9480224,0.40764832,-0.3242692,1.1869761,2.8585513,2.2879417,1.8473593,0.51052535,2.0132723,1.5492202,0.78157645,2.157007,1.339655,1.1798805,2.1402755,1.4152031,2.3899455,1.0422115,-0.7752691,1.2852879,1.8341066,0.651831,1.741179,0.40376797,0.95105654,0.309017,-0.5,0.8660254,0.0
2025-11-06 00:00:00,4.0,1.317093,1.3423291,-1.1323366,-0.22294964,2.0799215,1.5443283,-0.3843047,-0.62324035,2.8491473,2.4003825,1.4834033,2.8364162,1.7627933,1.7029387,2.1836755,1.3735493,2.2694561,1.5854684,-0.41969886,1.4681913,2.161335,1.0113612,1.6132699,0.4956095,0.58778524,-0.809017,-0.5,0.8660254,0.0
2025-11-07 00:00:00,4.0,-0.5819543,-0.32489234,-0.7796555,2.1055613,-0.36876485,-0.8090369,-1.0943092,-0.5699541,1.8890948,1.9122554,1.3750755,1.7511442,1.4074223,1.3779744,2.0945399,0.65014684,1.0619663,1.3639603,-0.24495193,1.0985973,1.8324026,0.87514895,0.1032157,0.62214506,-0.58778524,-0.809017,-0.5,0.8660254,0.0
2025-11-10 00:00:00,4.0,-0.13930158,-0.39852735,0.579818,0.72147685,-0.30132672,-1.0799195,-0.4807013,0.141365,0.98311865,1.2960081,1.0260516,0.8069609,1.3625001,1.3366777,1.9166422,1.0576468,1.1645807,2.1981559,-0.022777546,0.91148657,1.6844327,0.9083356,0.039580517,-1.2464421,-0.95105654,0.309017,-0.5,0.8660254,0.0
2025-11-11 00:00:00,4.0,0.83972436,-0.2197087,-1.0137709,2.4289958,-0.86852074,-0.9967859,-0.18705362,1.3808044,0.08134738,0.49989122,0.2990583,-0.010455704,1.6193876,1.6447265,1.8773044,1.0372717,1.4177277,2.3453362,-0.119436696,0.9867998,1.9852778,1.3226856,-1.0923686,-0.87363327,0.0,1.0,-0.5,0.8660254,0.0
2025-11-12 00:00:00,4.0,1.8723805,1.9269209,-1.4235982,-1.3255563,0.36538234,2.0209782,3.0,0.63183534,0.6442779,0.77733237,0.3414039,0.727571,2.0553772,2.214075,1.9667879,1.4314823,2.161265,3.0,0.52819073,1.2527,2.441483,1.8965502,1.1163999,-0.9725984,0.95105654,0.309017,-0.5,0.8660254,0.0
2025-11-13 00:00:00,4.0,-1.5175695,-2.0392697,-1.4283133,-1.2240646,-0.16760588,-0.9013154,-1.2471004,-0.34487963,0.49850208,0.8074717,0.6701094,0.37949952,1.1238568,1.3306324,1.6752204,0.18684287,1.1736102,2.550279,0.12297142,0.75102097,1.5668129,1.3175557,0.30065748,-0.8316016,0.58778524,-0.809017,-0.5,0.8660254,0.0
2025-11-14 00:00:00,4.0,-1.4172391,-1.5871415,-1.3787574,-0.33282748,-0.6983018,-0.69638133,0.002447854,-0.9402858,0.5563247,0.96679336,1.0922259,0.2558145,0.39392793,0.6004407,1.116626,-0.20349413,0.33315548,2.1631188,-0.13354538,0.3366821,0.77097404,0.76733226,-0.9387513,-0.10186692,-0.58778524,-0.809017,-0.5,0.8660254,0.0
2025-11-17 00:00:00,4.0,0.0049303235,0.40859243,0.4712715,0.4530829,0.5211031,-0.8121339,-0.39413652,-0.5014381,0.57870126,0.96515137,1.1223288,0.25994867,0.43340483,0.638569,0.6900755,-0.14170857,0.68558866,2.2145643,-0.10751817,0.30034983,0.6196425,0.75234044,1.0781469,0.04724298,-0.95105654,0.309017,-0.5,0.8660254,0.0
2025-11-18 00:00:00,4.0,0.3515414,0.6188429,0.054952357,0.3554867,-0.45482147,1.4312878,2.4057536,0.032134455,-0.18761589,0.29856682,0.48727405,-0.4875179,0.59806657,0.8034006,0.45390645,-0.3386721,0.52493334,2.2832851,-0.15626594,0.38085085,0.66643107,0.9581394,-0.5833568,0.25921822,0.0,1.0,-0.5,0.8660254,0.0
2025-11-19 00:00:00,4.0,-0.93920195,0.14740153,0.36534083,1.0584785,-0.51409185,-0.6097779,-1.0626001,-1.5374017,0.025954828,0.48096824,0.7933732,-0.35362744,0.12842286,0.34369695,0.04989447,-1.5489604,-0.11304777,1.7627977,-0.4238087,0.05861047,0.087697156,0.5704041,-0.63112813,0.50087863,0.95105654,0.309017,-0.5,0.8660254,0.0
2025-11-20 00:00:00,4.0,-0.5729355,-1.2207859,-1.1471814,0.31359032,1.2481074,-0.08706018,0.22953968,1.0239161,0.9379609,1.2135165,1.5244519,0.5043379,-0.121504836,0.09366002,-0.32900172,-1.1314702,-0.74778306,1.1779345,-0.7902704,-0.18812153,-0.2771939,0.28539383,1.2178495,0.559955,0.58778524,-0.809017,-0.5,0.8660254,0.0
2025-11-21 00:00:00,4.0,0.36115098,-0.3314589,1.3931755,0.007869715,-0.5317165,-0.5276242,-0.5820891,0.8458809,0.2911439,0.69178593,1.0327809,-0.1330635,0.08771038,0.28711483,-0.5129415,-0.3517354,-0.4309672,0.48813123,-0.63589364,-0.05027107,-0.13834803,0.4831195,-0.4830569,0.027576346,-0.58778524,-0.809017,-0.5,0.8660254,0.0
2025-11-24 00:00:00,4.0,-0.88233036,0.062469743,-0.7590795,2.2578936,-0.97062784,-0.34244886,-0.11409072,-1.3707427,0.53268945,0.9397772,1.3786429,0.00076097174,-0.3499156,-0.14265355,-0.7800493,-0.7455649,-0.69291115,0.35842872,-1.0351064,-0.47372696,-0.5707368,0.114810474,-1.1787181,-0.19146858,-0.95105654,0.309017,-0.5,0.8660254,0.0
2025-11-25 00:00:00,4.0,0.018591102,-0.5148434,-1.2081575,1.9171842,-1.1232373,0.87081766,0.8785134,0.37997794,-0.6582368,-0.026347488,0.57166886,-1.2277637,-0.2868515,-0.08600139,-0.97779346,-0.88669866,-0.95060444,0.346824,-0.9270819,-0.50080323,-0.5927082,0.20396763,-1.3678954,-0.2527386,0.0,1.0,-0.5,0.8660254,0.0
2025-11-26 00:00:00,4.0,-0.77772844,-1.1882205,0.10900335,-0.74271005,-0.05653731,1.0360123,-0.08450389,0.08779453,-0.5986434,-0.0049346406,0.7115475,-1.2048784,-0.67833537,-0.47108066,-1.1903791,-0.8159001,-1.791168,0.25989962,-1.3367431,-1.0275487,-0.9851093,-0.1387033,0.53796905,-0.49542794,0.95105654,0.309017,-0.5,0.8660254,0.0
2025-11-27 00:00:00,4.0,0.47285417,1.0892301,0.5255851,-1.1735303,-1.246988,-0.8443472,-1.0863805,0.14421539,-1.5974127,-1.0428531,-0.27879286,-2.0709784,-0.3654354,-0.20408742,-1.244448,-0.358864,-1.1230415,0.005062995,-0.71022624,-0.7750979,-0.7754357,0.14796154,-1.6820315,-0.413693,0.58778524,-0.809017,-0.5,0.8660254,0.0
2025-11-28 00:00:00,4.0,-1.0267538,-1.3858147,-0.501747,-0.5966767,-0.7165496,-0.019383665,0.7131733,-0.48721692,-1.695496,-1.264857,-0.37601793,-2.1188529,-0.88161886,-0.72002727,-1.4182148,-0.9616767,-0.98932153,-0.62765014,-0.98372966,-1.3587102,-1.2515241,-0.34500518,-0.98950374,-0.33258593,-0.58778524,-0.809017,-0.5,0.8660254,0.0
2025-12-01 00:00:00,4.0,1.1396297,1.6591316,-0.87453943,-1.1992126,-0.4330657,-0.7652299,-0.7509988,0.31046772,-1.5798081,-1.47642,-0.88004094,-1.733971,-0.24231057,-0.15947652,-1.2137486,-0.09404039,-0.6242143,0.020945549,0.14678611,-0.69703346,-0.68382335,0.23194557,-0.42377543,-0.0908519,-0.95105654,0.309017,-0.5,0.8660254,0.0
2025-12-02 00:00:00,4.0,0.4571017,0.7973483,0.7774858,-0.8558179,0.4216077,-0.8373949,-0.33084577,-0.2482591,-1.1432543,-1.2734988,-0.8988741,-1.1176544,0.021906085,0.08424673,-0.9223722,0.0967985,-0.592202,-0.09172288,0.21449256,-0.36590317,-0.4415427,0.43518725,1.0189613,-0.22080472,0.0,1.0,-2.4492937e-16,1.0,0.0
2025-12-03 00:00:00,4.0,-0.03580862,-1.0837545,-0.51364946,0.15043677,-0.64630294,-0.8533297,-0.34495744,0.8446418,-1.6358163,-1.7585047,-1.4096172,-1.5884539,0.050894506,0.11261378,-0.7483951,0.436377,-0.2950207,-0.38217854,-0.090777494,-0.34595883,-0.42947015,0.47511613,-0.9967052,0.1994268,0.95105654,0.309017,-2.4492937e-16,1.0,0.0
2025-12-04 00:00:00,4.0,0.91098964,1.5587648,-1.2564172,-0.6640401,0.683374,-0.66578597,-0.09824874,-0.28063834,-1.4503977,-1.768843,-1.668755,-1.1991524,0.5314196,0.5552715,-0.38019547,0.62587667,0.18627882,-0.49835202,0.20172246,0.4407842,0.09552752,0.94540256,0.7446566,0.15401779,0.58778524,-0.809017,-2.4492937e-16,1.0,0.0
2025-12-05 00:00:00,4.0,0.051134612,-0.11656562,-0.35308504,2.044844,-0.3303919,0.3413994,0.8650596,0.24309777,-1.6870862,-2.0131845,-1.973554,-1.4075052,0.5964299,0.6184725,-0.12534955,1.1042061,0.08401478,-0.3099113,0.18602952,0.50308955,0.16323866,1.0177413,-0.49903515,-0.017160803,-0.58778524,-0.809017,-2.4492937e-16,1.0,0.0
2025-12-08 00:00:00,4.0,-2.1052275,0.5607361,1.5322658,-0.93276167,0.6031445,-0.3246776,-0.6108913,-3.0,0.73061895,0.122895196,0.105214916,0.9807048,-0.6768853,-0.5705931,-0.37506887,-0.34590536,-0.32784766,-0.9282312,-0.2432549,-1.0345857,-0.8617749,-0.21767394,0.6417574,-0.15493108,-0.95105654,0.309017,-2.4492937e-16,1.0,0.0
2025-12-09 00:00:00,4.0,-0.50298566,0.4133176,1.2652255,-0.4559901,0.8722091,3.0,3.0,-1.1402507,0.60133857,0.19616473,0.25283608,0.7197314,-0.89058137,-0.78461766,-0.62847894,-0.76952064,-0.5066776,-1.3162472,-0.28631875,-1.2408834,-0.99887913,-0.4391101,0.90596414,-0.55164886,0.0,1.0,-2.4492937e-16,1.0,0.0
2025-12-10 00:00:00,4.0,-0.7791827,-1.4587452,-0.70252997,-0.48080093,-0.72795486,0.2994558,-1.1101955,0.028482007,-0.21131782,-0.32859194,-0.075940676,-0.22987856,-1.2217388,-1.1288798,-0.94934607,-1.0955715,-0.5129852,-2.0394218,-0.69189084,-1.7322884,-1.2313784,-0.7847822,-0.91074586,-0.62622744,0.95105654,0.309017,-2.4492937e-16,1.0,0.0
2025-12-11 00:00:00,4.0,-0.5722198,-0.7308814,0.95393676,-0.29555404,-1.2305042,0.06287352,-0.37875587,-0.29421774,-1.1339866,-1.0678496,-0.66181326,-1.233946,-1.4302014,-1.3491095,-1.263966,-1.7054734,-0.8672957,-1.7302817,-0.6684171,-1.9036677,-1.4103024,-1.0430977,-1.5016253,-0.6731865,0.58778524,-0.809017,-2.4492937e-16,1.0,0.0
2025-12-12 00:00:00,4.0,-0.25527388,-0.90529555,0.80042815,-0.6328466,-1.1898221,-0.45185378,-0.62456924,0.24201158,-1.8341624,-1.751552,-1.3151313,-1.9334507,-1.472514,-1.4009976,-1.4708412,-1.78665,-0.6049813,-1.3728586,-1.1292312,-1.7262784,-1.4520684,-1.1599691,-1.4969703,-1.6112074,-0.58778524,-0.809017,-2.4492937e-16,1.0,0.0
2025-12-15 00:00:00,4.0,-0.5435328,-0.6571391,0.06685697,0.5790451,0.96991336,-0.8704774,-0.6894027,-0.044971325,-1.3002589,-1.4069518,-1.0511495,-1.2862549,-1.6398562,-1.5821555,-1.5401466,-1.111399,-1.1491367,-1.5019708,-0.9458379,-1.7393612,-1.543223,-1.4000553,0.80948085,-1.3049506,-0.95105654,0.309017,-2.4492937e-16,1.0,0.0
2025-12-16 00:00:00,1.0,-0.354682,-1.4741795,-0.15804872,-1.0805887,-0.30800885,-0.46860236,0.33636057,0.7099596,-1.5224613,-1.6640344,-1.3338999,-1.4753038,-1.7058082,-1.6604593,-1.6056309,-1.0379955,-1.3918643,-1.6606956,-1.2794067,-1.6479287,-1.5630841,-1.5280305,-0.56784844,-0.9600578,0.0,1.0,-2.4492937e-16,1.0,0.0
2025-12-17 00:00:00,1.0,-2.533898,-1.3242931,-0.89012504,-0.23110543,3.0,2.000707,3.0,-0.6896061,2.0157351,1.5451494,1.855432,1.7557764,-2.422937,-2.5322516,-1.6661539,-1.7557952,-2.1541348,-2.0488086,-2.6205125,-2.2068377,-2.1589348,-2.3368733,1.6096364,-0.76582015,0.95105654,0.309017,-2.4492937e-16,1.0,0.0
2025-12-18 00:00:00,4.0,0.5708344,-0.1340231,2.7583754,-1.0111845,0.6096603,0.27990696,-0.8768445,0.9804926,2.249655,1.9652901,2.182865,1.9273089,-1.9904827,-2.1473227,-1.6022948,-1.2866791,-2.1629634,-1.6981097,-2.7524152,-1.5969306,-1.7012203,-1.9585891,1.0204141,-1.1718749,0.58778524,-0.809017,-2.4492937e-16,1.0,0.0
2025-12-19 00:00:00,4.0,-0.8344637,-1.3019388,-0.66428405,-0.48240975,1.8119947,0.17968538,-0.27345306,1.0779334,2.9277022,2.8966308,3.0,2.3032236,-2.1192226,-2.3079453,-1.5241181,-1.5143554,-2.3314312,-1.9476275,-2.9884744,-1.5630956,-1.7309643,-2.068517,1.4074,-0.865822,-0.58778524,-0.809017,-2.4492937e-16,1.0,0.0
2025-12-22 00:00:00,1.0,0.8292048,1.5014026,-1.3403925,-0.09000938,-0.04359193,1.6428014,1.1035513,-0.26652455,1.8780351,2.1434567,2.5191214,1.3300041,-1.6201998,-1.878193,-1.3660692,-0.9761396,-1.4598192,-1.4849252,-2.88865,-1.1136274,-1.3702315,-1.7727253,0.2020762,-0.37330058,-0.95105654,0.309017,-2.4492937e-16,1.0,0.0
2025-12-23 00:00:00,1.0,0.519278,0.5184717,-0.3659142,1.0501654,-0.7982195,-0.43309212,-1.1015023,0.39596525,0.60605156,1.0790015,1.5502745,0.12030128,-1.3062898,-1.5951325,-1.1444461,-0.6218887,-1.1556429,-1.3401854,-1.9955783,-0.8248365,-1.143587,-1.6073544,-1.0699944,-0.4039342,0.0,1.0,-2.4492937e-16,1.0,0.0
2025-12-24 00:00:00,1.0,-0.032506347,1.3249885,-0.53132284,-0.57982105,-0.81129616,-0.30566126,-0.12594178,-0.8696786,-0.3531811,0.21738003,0.7996382,-0.8526286,-1.2796715,-1.547282,-0.92822057,0.43598214,-0.93277484,-1.149824,-1.4331912,-0.7313869,-1.1198838,-1.6399125,-1.347164,-0.17534006,0.95105654,0.309017,-2.4492937e-16,1.0,0.0
2025-12-29 00:00:00,1.0,-0.29424497,-1.109482,0.6575438,-1.1946356,0.10904803,-0.48983675,-0.39703685,0.7492909,-0.29448694,0.18638802,0.7812234,-0.7600929,-1.3375618,-1.5852762,-0.7072343,0.07914401,-0.8470007,-1.3121566,-1.5997767,-0.7121069,-1.1156355,-1.697603,0.54882157,-0.40041816,0.58778524,-0.809017,-2.4492937e-16,1.0,1.0
2025-12-30 00:00:00,1.0,0.20598665,0.5424096,-0.35843578,0.9082233,-0.9497347,-0.92312604,-0.7823247,-0.036915038,-1.096708,-0.6443344,-0.017290363,-1.5226943,-1.1857463,-1.447746,-0.50884247,0.5198068,-0.7148404,-1.0144526,-1.1591699,-0.5763518,-1.0048954,-1.6548423,-1.4549124,-0.25310442,0.0,1.0,-2.4492937e-16,1.0,1.0
2025-12-31 00:00:00,1.0,0.6861087,1.4642373,-0.70648915,-0.7844725,-0.8896587,-1.0423516,-0.5338941,0.09472476,-1.6927483,-1.4079975,-0.8841772,-2.0092185,-0.77911067,-1.1267271,-0.18613091,0.4530212,-0.372807,-1.104743,-0.96506095,-0.32135484,-0.6617237,-1.4335691,-1.4166282,-0.7600134,0.95105654,0.309017,-2.4492937e-16,1.0,1.0
2026-01-02 00:00:00,1.0,0.341098,1.2067467,-1.2656825,0.27571258,-1.0127095,-1.2777884,-1.052309,-0.117756434,-2.2088058,-2.1019614,-1.7019938,-2.458597,-0.5832564,-0.9621569,0.14966656,0.37041837,-0.18205294,-1.1217524,-1.3567953,-0.15960382,-0.43910316,-1.3535006,-1.4638823,-0.774808,0.58778524,-0.809017,-2.4492937e-16,1.0,1.0
2026-01-05 00:00:00,1.0,0.9074841,1.1304458,0.56602603,-1.2343465,0.6638458,0.14373298,3.0,-0.2094217,-1.387959,-1.6213474,-1.5258911,-1.2970935,-0.11451386,-0.58445054,0.58030605,0.7504131,0.8008049,-0.9062279,-0.94934076,0.17914912,0.06900918,-0.95229644,1.2335886,-0.73203945,-0.95105654,0.309017,0.5,0.8660254,0.0
2026-01-06 00:00:00,1.0,-0.48825884,-1.1232436,-1.1790525,0.52335113,1.887102,-0.12714534,-0.334143,1.5080248,0.48090938,0.0044012656,-0.059821215,0.735553,-0.3279355,-0.74285144,0.69329625,0.6716759,0.50316167,-1.2018654,-1.1070862,0.11335311,-0.016025215,-1.0228338,1.4844353,-1.0407983,0.0,1.0,0.5,0.8660254,0.0
2026-01-07 00:00:00,1.0,-0.6147819,-1.730569,-0.8393274,-1.1897781,1.2178077,-0.20845658,-0.26358563,2.1451468,1.4717233,1.0699276,1.0185586,1.543516,-0.58516735,-0.93953604,0.6515996,0.33897433,0.5764645,-1.3275665,-1.2835054,-0.02627725,-0.11602177,-1.11869,1.2879875,-1.1928452,0.95105654,0.309017,0.5,0.8660254,0.0
2026-01-08 00:00:00,1.0,-2.4906044,-0.7941339,-0.6811406,0.74642295,-0.032561183,0.1354771,0.0006662471,-2.4226942,3.0,2.8794708,3.0,2.533207,-1.406852,-1.6793538,0.26937824,-0.96362424,-0.3496237,-1.377792,-1.3325154,-1.0458803,-0.7628056,-1.6269163,0.505038,-0.51959026,0.58778524,-0.809017,0.5,0.8660254,0.0
2026-01-09 00:00:00,1.0,-0.45548484,-0.5373421,0.105586775,0.6311153,-0.69610804,0.32556984,-0.21476904,-0.28638735,1.6539341,1.9339136,2.3179607,1.1603462,-1.4882917,-1.7410127,-0.0067781163,-1.27576,-0.6239152,-1.3436892,-1.5167695,-1.1425813,-0.8570545,-1.7634456,-0.83725417,-0.51268154,-0.58778524,-0.809017,0.5,0.8660254,0.0
2026-01-12 00:00:00,1.0,1.7755749,1.0289906,0.38704258,-0.84173584,-0.27658346,-0.480124,-0.52283937,1.405097,1.779604,2.0163817,2.215252,1.3630499,-0.6354508,-1.0514117,0.1085376,-0.9064571,-0.1122606,-0.78783184,-0.59144986,-0.2284441,-0.20387301,-1.2060126,0.146982,0.032943152,-0.95105654,0.309017,0.5,0.8660254,0.0
2026-01-13 00:00:00,4.0,0.14663033,0.09668265,0.57984275,1.0386745,-0.1618046,-0.25061673,-0.08631076,0.044639938,1.1504531,1.5491153,1.8394121,0.716083,-0.5636997,-0.9779237,0.217211,-0.6555796,0.011437277,-0.6305587,-0.5035708,-0.08674379,-0.11516368,-1.1591293,0.2347648,0.20549053,0.0,1.0,0.5,0.8660254,0.0
2026-01-14 00:00:00,4.0,1.7074519,1.4938327,-1.0490124,-0.7501067,0.41901642,-0.5891183,-0.3883627,0.31456414,1.0603008,1.386964,1.5406938,0.73764336,0.13541852,-0.36715674,0.5588036,0.33394417,0.45201063,-0.20288168,0.23884802,1.0688788,0.4879525,-0.6478337,1.0849725,-0.09974416,0.95105654,0.309017,0.5,0.8660254,0.0
2026-01-15 00:00:00,4.0,1.015039,1.3416601,-1.1807922,-0.31921923,1.2621324,-0.25529626,0.016648907,-1.1217823,1.6079053,1.8375454,1.8763686,1.288323,0.49457797,-0.021843253,0.8844497,1.7840947,0.5596768,0.136944,0.7084674,1.635253,0.789545,-0.33948696,1.2923394,-0.6999401,0.58778524,-0.809017,0.5,0.8660254,0.0
2026-01-16 00:00:00,4.0,-1.0107471,-0.32873738,-0.4713897,1.723726,-0.03226143,0.1009295,-0.028708959,-1.1049082,1.8024039,2.150641,2.3263605,1.290548,0.081142806,-0.3631586,0.9132442,1.5135016,0.16876078,-0.013111624,0.41810653,0.9980885,0.43851203,-0.5924767,0.7285121,-0.8127958,-0.58778524,-0.809017,0.5,0.8660254,0.0
2026-01-19 00:00:00,4.0,0.31714612,0.6233512,0.45025623,-0.06475255,0.2932771,-0.6297688,-0.52582896,-0.3857111,1.4323012,1.8760396,2.1088786,0.9040719,0.20735821,-0.24247186,0.9665392,0.9105256,0.011264707,0.6224212,0.33291113,1.0739672,0.5047585,-0.48586577,1.0037627,-1.4104081,-0.95105654,0.309017,0.5,0.8660254,0.0
2026-01-20 00:00:00,1.0,-0.47860888,-0.081224576,1.3540107,0.76653254,-1.0865214,-1.3359284,-0.65056586,-0.61771464,0.45317736,1.1095066,1.5389912,-0.12906869,0.01771467,-0.39280158,0.9532398,0.6468822,0.005590615,0.3917168,-0.25959268,0.71750385,0.34766808,-0.60043347,-1.4223014,-0.976214,0.0,1.0,0.5,0.8660254,0.0
2026-01-21 00:00:00,1.0,-0.011168677,0.8233055,0.20670848,-0.30240864,-0.28525677,2.4336278,3.0,-0.8527449,0.09283819,0.751369,1.2364056,-0.4877722,0.027550824,-0.38000822,0.8971703,-0.074070506,0.17677654,0.573813,-1.1184756,0.6516951,0.3139805,-0.57631105,-0.02196234,-0.29232988,0.95105654,0.309017,0.5,0.8660254,0.0
2026-01-22 00:00:00,1.0,1.3063352,1.293987,-0.35622263,-0.9499728,0.463362,-0.5399419,-0.7227781,0.050673824,0.16674489,0.652145,1.0171636,-0.2749743,0.52908087,0.06487582,0.9986801,0.021804336,1.2514822,0.6631216,-0.56725323,1.2284094,0.7186764,-0.16989194,0.9805518,0.14035892,0.58778524,-0.809017,0.5,0.8660254,0.0
2026-01-23 00:00:00,1.0,-1.4635239,-1.590589,-1.0188115,-0.7059808,1.4238894,-0.3090928,-0.10825064,0.88850677,1.0770339,1.4434718,1.8116393,0.52752614,-0.08979966,-0.4296499,0.76681083,-0.1560062,0.95492345,0.23833881,-1.057473,0.39236772,0.15742111,-0.53345335,1.1518375,-0.46534675,-0.58778524,-0.809017,0.5,0.8660254,0.0
2026-01-26 00:00:00,1.0,1.1528789,0.5608384,1.5325139,-0.7391116,0.43140984,-0.29572058,-0.23286141,0.7747065,1.2661399,1.5466489,1.8006684,0.7728392,0.34364417,-0.03907383,0.7748527,0.21454243,0.776582,0.49299687,-0.52864957,0.9372304,0.4976082,-0.17251512,0.9128627,-0.39626983,-0.95105654,0.309017,0.5,0.8660254,0.0
2026-01-27 00:00:00,1.0,0.19869396,-0.5720136,1.8026171,-0.69700265,-0.75045884,1.1317023,0.46438983,0.75977826,0.56391346,1.0036979,1.3661177,0.053320456,0.42873442,0.039964415,0.83115363,0.5347484,0.7962051,0.59615886,-0.8769929,0.9495777,0.55545807,-0.07647259,-0.6298416,-0.2623565,0.0,1.0,0.5,0.8660254,0.0
2026-01-28 00:00:00,1.0,1.2224069,1.141651,-0.90679544,-0.059837896,-0.16651316,-0.1940285,-0.52860695,0.3783507,0.26378986,0.6665649,0.98860323,-0.15332085,0.85642534,0.44017425,1.0128068,1.0921938,0.65422404,0.8129276,-0.8139513,1.382253,0.9523726,0.30322033,0.43010095,0.023660276,0.95105654,0.309017,0.5,0.8660254,0.0
2026-01-29 00:00:00,4.0,0.64102906,0.57389516,2.0079644,-1.2130526,-1.0329077,-0.72154546,-0.4304141,0.46262643,-0.08755711,0.3065728,0.63707036,-0.45449916,1.0585008,0.64779353,1.2020041,0.79615796,0.54149514,0.8024685,-0.2951891,1.428492,1.1524041,0.5305902,-0.94338375,0.11310277,0.58778524,-0.809017,0.5,0.8660254,0.0
2026-01-30 00:00:00,1.0,1.0627784,0.44276896,2.074688,-1.0601903,-0.13854532,-0.19456653,0.100309975,0.9835529,0.3857612,0.57842076,0.75798136,0.15497853,1.3622583,0.97254205,1.3566651,1.8917627,1.1986109,0.95155096,-0.21606436,1.5557933,1.4052181,0.82416826,0.604864,0.10718956,-0.58778524,-0.809017,0.5,0.8660254,0.0
2026-02-02 00:00:00,1.0,0.16246445,1.1104665,-0.8223222,-0.09006582,-0.008913894,-0.30071795,-0.28373826,-1.2390314,0.26821035,0.47427458,0.6676493,0.039891515,1.4139422,1.0384271,1.44715,1.4471738,1.1756558,0.7984026,-0.44797668,1.3792487,1.411646,0.8905582,0.73192257,0.09437288,-0.95105654,0.309017,0.5,0.8660254,0.0
2026-02-03 00:00:00,1.0,-0.33318216,1.1171496,-0.76373607,-0.15808213,1.4759903,-0.22271173,-0.21616745,-2.465874,0.94151014,1.0297428,1.1569179,0.7038866,1.2522093,0.9291081,1.3086162,1.2220805,1.2605207,0.83107835,-0.95035905,1.1256064,1.1705736,0.75393265,1.1685076,0.2534377,0.0,1.0,0.8660254,0.5,0.0
2026-02-04 00:00:00,4.0,0.7638262,0.89529836,-1.1500032,0.71296865,0.60818654,0.055391047,-0.13727617,-0.2679982,0.82982945,0.94653916,1.0489221,0.6145066,1.487198,1.1808017,1.3053553,1.0082353,1.4915582,1.109509,-0.5453508,1.2011423,1.3532778,0.97441256,0.9837372,0.37173042,0.95105654,0.309017,0.8660254,0.5,0.0
2026-02-05 00:00:00,1.0,1.7666427,0.9540314,0.4669804,-0.96289366,0.5297301,-0.021556657,-0.26491067,1.1227843,1.2544228,1.2294004,1.1559715,1.1604961,1.9268343,1.6959789,1.4213759,1.5006312,1.632048,1.9578431,0.06673874,1.517506,1.7306783,1.391553,0.9082733,-1.0869291,0.58778524,-0.809017,0.8660254,0.5,0.0
2026-02-06 00:00:00,1.0,-1.3927239,-1.2337767,0.17697808,-0.7426056,1.0952257,-0.27126977,-0.31989816,-0.14480805,1.4147398,1.5206333,1.5736223,1.1062224,1.1840103,1.1073884,1.240296,0.41865882,1.638231,1.7407062,-0.66220766,1.0332996,1.1135235,0.99619544,1.0314304,0.9404427,-0.58778524,-0.809017,0.8660254,0.5,0.0
2026-02-09 00:00:00,1.0,1.4422926,0.90112406,-0.27087218,-0.07185498,0.9846209,-0.41540873,-0.27165696,0.50663996,1.3059669,1.4246616,1.4282045,1.0543182,1.6055924,1.5721836,1.2611885,1.0029597,1.7523108,1.6857139,-0.81228775,1.3218681,1.5133821,1.4001622,1.0278788,1.4825879,-0.95105654,0.309017,0.8660254,0.5,0.0
2026-02-10 00:00:00,2.0,-0.09202014,0.7240118,0.022231396,0.004521201,-1.4647866,0.60043377,0.15571825,-0.6765816,0.42272496,0.789214,0.9675452,0.07379991,1.5664247,1.557187,1.2645344,1.0986023,1.646911,1.6402335,-0.3397897,1.1675926,1.4580042,1.4822491,-0.7931226,1.2567208,0.0,1.0,0.8660254,0.5,0.0
2026-02-11 00:00:00,2.0,-3.0,-1.4466448,-0.99494046,-0.007656348,3.0,2.353128,0.3445855,-2.0299933,3.0,3.0,3.0,3.0,-0.33879873,-0.26196772,0.34629875,-1.364818,-0.2626227,0.2925191,-1.5648022,-0.31168512,-0.2779079,0.014354167,1.355156,1.4598829,0.95105654,0.309017,0.8660254,0.5,0.0
2026-02-12 00:00:00,2.0,3.0,1.5829487,-1.1715462,-1.1249971,1.8433762,0.6328155,-0.47842434,0.46900505,3.0,3.0,3.0,3.0,0.71907634,0.8627282,0.3448023,-0.3736976,0.8139695,0.93516314,-0.12386539,0.83908945,0.7351759,0.8360744,1.2864581,1.3775872,0.58778524,-0.809017,0.8660254,0.5,0.0
2026-02-13 00:00:00,2.0,-1.8420767,-1.2841554,0.052751403,-0.6458458,0.55668277,0.3172452,-0.29171485,-0.94606715,3.0,3.0,3.0,2.421629,0.065277524,0.13806616,0.079376884,-0.8080938,-0.28977278,0.6628021,-1.1579846,0.06414422,0.07604831,0.35175604,1.1440594,2.6423867,-0.58778524,-0.809017,0.8660254,0.5,0.0
2026-02-16 00:00:00,2.0,0.37749064,0.8607247,-1.1709602,0.82312524,-0.52909094,-0.42208067,-0.40591013,-0.42864895,2.258452,2.7692988,3.0,1.3422788,0.1940331,0.28531116,-0.063146934,-1.2238821,-0.18358713,0.7121741,-0.6315922,0.1767199,0.17619282,0.5086386,0.15907845,2.5620196,-0.95105654,0.309017,0.8660254,0.5,0.0
2026-02-17 00:00:00,2.0,0.5784073,1.1577877,-0.38519177,-0.82795095,-0.54922354,-1.5975364,-0.65886754,-0.40383413,1.4920429,2.1408305,2.4849117,0.57676053,0.3864179,0.50190073,-0.089446016,-0.853841,0.16178264,0.9981578,-0.12899378,0.37420827,0.34323412,0.7369651,0.27579677,2.5123086,0.0,1.0,0.8660254,0.5,0.0
2026-02-18 00:00:00,2.0,-0.67238164,-0.8044226,0.94294786,-0.056547515,0.61192274,-0.7533785,0.7079509,0.20915256,1.695143,2.2648036,2.6183152,0.7042762,0.1420033,0.2422555,-0.2003869,0.8614924,-0.35820928,0.80078083,-0.6091139,0.0121171335,0.038063366,0.5313636,1.1172078,2.61177,0.95105654,0.309017,0.8660254,0.5,0.0
2026-02-19 00:00:00,5.0,1.0939114,0.9763025,0.070795946,-0.83741397,-0.40933502,0.45041418,0.25281414,0.5242,1.2732913,1.8589796,2.2192786,0.3367908,0.5112351,0.644697,-0.12033998,-0.26082307,-0.4621963,0.83606094,0.29005885,0.5011066,0.40617618,0.8945488,0.5289466,2.3726397,0.58778524,-0.809017,0.8660254,0.5,0.0
2026-02-20 00:00:00,2.0,1.0970092,0.40470093,0.3067259,0.56131864,0.516165,0.63235104,-0.16695793,0.89557284,1.3272288,1.7919558,2.0885978,0.4779636,0.85143864,1.0290912,0.099805236,1.4108056,0.45631835,1.4711367,0.84857285,1.0229658,0.72612923,1.2088645,1.0154094,2.4982905,-0.58778524,-0.809017,0.8660254,0.5,0.0
2026-02-23 00:00:00,5.0,-1.3990308,-1.6778028,-0.68656445,-0.8567625,-0.3816729,-0.6713732,-0.47748917,-0.3776468,1.1775451,1.7286159,2.1315434,0.16078438,0.28574264,0.4328753,-0.0044844956,0.3844179,-0.61888075,0.791382,0.41818777,0.17074868,0.12915777,0.7638862,0.48784608,1.7221394,-0.95105654,0.309017,0.8660254,0.5,0.0
2026-02-24 00:00:00,5.0,0.73438054,0.54261786,0.8540544,-0.418205,-0.32600853,-0.8575188,-0.30815426,0.39979252,0.8942839,1.4490013,1.8606455,-0.1015875,0.5275561,0.6993439,0.03149508,0.48797265,-0.26742217,0.96134424,0.6250112,0.5997095,0.36567727,1.0135916,0.4619498,1.3178185,0.0,1.0,0.8660254,0.5,0.0
2026-02-25 00:00:00,2.0,-0.3966046,-1.6682926,-0.9599039,-0.57970786,-0.98749936,0.048099812,0.11570205,0.93367493,0.42828858,1.0999734,1.6165701,-0.6781847,0.3731264,0.54198176,-0.033983845,0.6393127,1.1224784,0.5750897,0.8137602,0.28072393,0.1722162,0.91729116,-0.7872574,0.9343317,0.95105654,0.309017,0.8660254,0.5,0.0
2026-02-26 00:00:00,2.0,-0.1477409,-0.8805756,-0.6112633,1.3375432,-0.9732769,2.490456,0.5869494,0.6061991,0.08059374,0.79596144,1.3840977,-1.0688752,0.32273373,0.49491724,-0.122968994,-0.072516255,-0.24898058,0.3924794,0.31686768,0.13156854,0.085066974,0.89880484,-0.62743115,0.792571,0.58778524,-0.809017,0.8660254,0.5,0.0
2026-02-27 00:00:00,2.0,0.45354486,0.3505275,-0.9220094,2.1123452,0.38867417,0.8258955,-0.44529176,-0.1167971,0.47462323,0.9555901,1.440226,-0.50060457,0.49825963,0.6755829,-0.09548761,-0.44162565,0.7313248,0.29479071,0.39671946,0.448615,0.25545985,0.9986884,0.93510604,0.71692455,-0.58778524,-0.809017,0.8660254,0.5,0.0
2026-03-02 00:00:00,5.0,0.35988745,0.7024752,0.3687489,-0.34236133,0.16245925,0.19523288,-0.34760162,-0.92493945,0.6769088,1.0334677,1.4549079,-0.21799652,0.63983136,0.82213396,-0.025715599,0.58647543,0.7256134,0.36534348,0.62697744,0.6652306,0.37498832,1.0628569,0.7460265,0.6743652,-0.95105654,0.309017,0.8660254,0.5,0.0
2026-03-03 00:00:00,5.0,1.144516,-1.2271564,-0.92063445,0.53284746,0.014569368,1.7405117,0.24843922,3.0,1.1174803,1.2599823,1.5322347,0.38460174,1.0453206,1.2467027,0.20121032,0.82512033,0.9755314,0.77133226,0.9421217,1.3048509,0.7650697,1.3421109,0.6829506,0.79331523,0.0,1.0,1.0,6.123234e-17,0.0
2026-03-04 00:00:00,5.0,0.5359563,-0.19440237,0.527909,2.1344974,-0.52560806,2.0131056,-0.07988211,1.0217687,0.76713204,1.0213201,1.3377798,4.019087e-05,1.2228374,1.4420085,0.42191848,1.3655492,1.4644941,0.7640153,1.2821356,1.3656471,0.95713276,1.5232595,0.17689215,0.74629694,0.95105654,0.309017,1.0,6.123234e-17,0.0
2026-03-05 00:00:00,5.0,-1.4188392,-1.3826408,-0.9437042,-0.03558569,-0.4223183,-0.5216988,-0.63288885,-0.6138744,0.90542567,1.180786,1.5368203,0.017540867,0.51494217,0.7684364,0.26543248,0.62272596,0.40429622,-0.03499332,1.3889446,0.48698238,0.35964355,0.98520523,0.23064567,0.4759106,0.58778524,-0.809017,1.0,6.123234e-17,0.0
2026-03-06 00:00:00,5.0,1.1463664,-0.06407185,-0.61456573,3.0,0.001967921,-0.6214285,-0.23870349,1.9766613,0.81339437,1.0557529,1.3679168,0.027401023,0.8992009,1.1620317,0.33963132,1.0281894,0.43743974,0.6107895,2.2995548,1.0184778,0.7877115,1.3095868,0.66321915,-0.2900351,-0.58778524,-0.809017,1.0,6.123234e-17,0.0
2026-03-09 00:00:00,5.0,0.6792273,0.62339145,0.9445603,-0.5494948,-0.13630794,0.56237155,0.29150623,0.055066213,0.7001459,0.9434526,1.2433422,-0.041679416,1.1008618,1.3698851,0.4749275,1.2134541,1.3068563,0.5061339,2.8825004,1.1876382,1.0337752,1.4681429,0.42132622,-1.4232248,-0.95105654,0.309017,1.0,6.123234e-17,0.0
2026-03-10 00:00:00,5.0,1.0886812,-0.16883522,0.34142458,2.1286926,0.27334085,0.73032314,-0.15791298,1.9687295,0.7826977,0.9416619,1.1700228,0.1482504,1.3892763,1.6745664,0.7016684,1.2079291,1.4442124,0.85946876,3.0,1.385094,1.3923571,1.6958593,0.95030546,-0.89466405,0.0,1.0,1.0,6.123234e-17,0.0
2026-03-11 00:00:00,5.0,-1.2428116,-0.071675405,0.9708202,1.2070342,-0.6741698,2.5576324,0.39145464,-2.064819,1.0683365,1.2122221,1.4416364,0.29745117,0.7825002,1.094765,0.5501006,0.15204303,1.0682287,1.5155845,2.6601937,0.756599,0.73773736,1.189512,-0.11034421,-1.3115962,0.95105654,0.309017,1.0,6.123234e-17,0.0
2026-03-12 00:00:00,5.0,1.3938757,0.9764821,-1.1544889,0.32960895,1.1327888,0.72500163,-0.49105582,0.4071104,1.0519279,1.1499511,1.311357,0.38972285,1.1782328,1.4996457,0.6649145,1.8567342,1.7026688,1.0723727,3.0,1.1599462,1.2257196,1.5241126,0.9352213,-1.544801,0.58778524,-0.809017,1.0,6.123234e-17,0.0
2026-03-13 00:00:00,5.0,1.3763728,0.98839414,-0.83319694,-0.08100262,1.696749,0.1387448,-0.35656092,0.09210999,1.2337697,1.2300532,1.2846973,0.69172436,1.5029393,1.8409946,0.92264444,1.9979297,2.0675652,1.9859831,3.0,1.3923931,1.6002487,1.778821,0.9618434,-3.0,-0.58778524,-0.809017,1.0,6.123234e-17,0.0
2026-03-16 00:00:00,5.0,0.31174982,-0.07838006,1.1330048,0.7908497,-0.8664636,-0.48809928,-0.3894545,0.5450653,0.68605137,0.8855704,1.0495194,0.07189595,1.5856867,1.9029664,1.175584,1.8100259,2.0625587,1.9567058,3.0,1.2376012,1.7151266,1.8793842,-0.37410316,-3.0,-0.95105654,0.309017,1.0,6.123234e-17,0.0
2026-03-17 00:00:00,5.0,0.394225,-0.10473259,1.2485855,0.8494364,-0.51632994,-0.6614207,-0.2416252,0.6911235,0.37528917,0.65074366,0.869997,-0.2482878,1.6747268,1.9712124,1.3619487,1.4121604,1.8095442,1.891648,3.0,1.11431,1.8227919,1.9608556,-0.00894713,-3.0,0.0,1.0,1.0,6.123234e-17,0.0
2026-03-18 00:00:00,5.0,0.91584265,1.189702,-0.64141124,-0.9785401,0.11219089,-0.4431057,-0.09476845,-0.15759593,0.23057923,0.47922316,0.6902321,-0.30403435,1.876656,2.1596215,1.6014873,2.6794257,2.0508566,2.3018837,3.0,1.1635356,2.1115327,2.1544952,0.3612691,-2.6758375,0.95105654,0.309017,1.0,6.123234e-17,0.0
2026-03-19 00:00:00,5.0,0.14062743,0.46171784,0.38957846,0.022905532,-0.24996169,-0.0016956968,-0.04320388,-0.40264294,0.08856814,0.35039693,0.58912855,-0.43889418,1.8928095,2.1464317,1.712207,1.8990786,2.6519055,2.0156329,3.0,0.9649773,2.0558143,2.1114142,0.0540991,-2.531865,0.58778524,-0.809017,1.0,6.123234e-17,0.0
2026-03-20 00:00:00,5.0,2.2510307,1.3796642,-1.1381538,-1.0791578,2.5014267,0.8422387,0.05395306,0.591179,0.8537393,0.72487897,0.68501097,0.7681418,2.237962,2.5278635,1.9588026,2.3722303,3.0,2.3168159,3.0,1.2704966,2.5815787,2.3530414,1.0481044,-2.190102,-0.58778524,-0.809017,1.0,6.123234e-17,0.0
2026-03-23 00:00:00,5.0,-2.0723648,-1.925206,-1.1983302,-0.8565338,-0.9198078,1.7375985,0.0480535,-1.6385256,1.3318281,1.22138,1.187172,0.96842635,1.130893,1.5678396,1.4977537,0.8902669,1.8272396,2.0309885,2.648031,0.49032372,1.3769988,1.5699183,-0.5993598,-0.51181996,-0.95105654,0.309017,1.0,6.123234e-17,0.0
2026-03-24 00:00:00,5.0,-2.2669585,-1.4632059,-0.43685004,-0.30570358,2.777756,0.2729377,-0.42966807,-0.25612694,2.6535265,2.3472822,2.1529741,1.935213,0.12358777,0.660955,0.36299828,-0.80949837,0.36562887,1.1593158,2.0487823,-0.28204024,0.1164595,0.70971656,1.096142,-1.3170929,0.0,1.0,1.0,6.123234e-17,0.0
2026-03-25 00:00:00,5.0,1.4244074,1.2859101,-0.8269834,-1.0995194,0.059233304,-0.6826961,-0.40493393,0.35816664,2.110616,2.015935,1.8726525,1.4599701,0.5498596,1.0417529,0.047217686,-0.3909151,1.562751,1.6974028,2.2751036,0.11611207,0.63875115,1.050281,0.7637407,-1.1645687,0.95105654,0.309017,1.0,6.123234e-17,1.0
