date,regime,log_return,body_ratio,upper_wick_ratio,lower_wick_ratio,range_zscore,volume_zscore,volume_delta,gap,atr7_norm,atr14_norm,atr28_norm,atr_ratio,rsi14,rsi28,macd_hist,roc_5,roc_10,roc_20,roc_60,bb_position,dist_sma20,dist_sma50,range_percentile,williams_r_14,stoch_k_14,realized_vol_ratio,obv_zscore,dist_52w_high,dist_52w_low,atr_momentum,cci_20,ichimoku_distance,vwap_distance,consec_bars,rsi_momentum,donchian_position,corr_index,dow_sin,dow_cos,month_sin,month_cos,quarter_end_flag
2018-06-07 00:00:00,2.0,0.8284986,1.0359915,-1.4114695,0.8631399,-0.93314373,-0.32314527,0.46224046,-0.1171712,0.18334462,0.75898045,1.3541996,-1.3509033,-1.515368,-1.7892274,-0.7790925,-0.09056375,-0.7077137,-2.3691819,-2.1802046,-1.1268584,-1.2331648,-1.9196523,-1.3347069,1.1310351,-1.1310351,-0.62321335,-0.7891925,-2.4820359,-1.2509762,-1.0274489,-1.349759,-2.1719837,-1.3647228,0.44278482,-0.013730585,-1.6412787,0.9142858,-0.58778524,-0.809017,0.5,-0.8660254,0.0
2018-06-14 00:00:00,2.0,-0.08221346,-0.29544988,1.8648993,-0.08717597,-0.9396503,-0.4977251,-0.3993812,0.6006854,-0.062176224,0.5340066,1.1720296,-1.5780199,-1.4826771,-1.734667,-0.5994185,-0.14640088,-1.0920832,-1.8983037,-1.6470332,-1.1344109,-1.1184907,-1.8853291,-1.6757315,1.1311421,-1.1311421,-0.44358525,-0.96032023,-2.5222354,-1.101247,-1.0635102,-1.0585967,-2.12208,-1.2121882,-0.45779446,0.2898949,-1.5542814,1.3204122,-0.58778524,-0.809017,1.2246469e-16,-1.0,0.0
2018-06-21 00:00:00,2.0,-0.2594436,-0.46639872,-0.5958417,1.7111251,-0.8485491,0.55613774,0.943083,0.2557873,-0.23433046,0.3546656,1.0268382,-1.7004244,-1.4974228,-1.7230115,-0.45080253,-0.61185414,-1.0363936,-1.578948,-1.8721839,-1.1980894,-1.0845298,-1.883529,-1.547806,1.1553206,-1.1553206,-0.86708933,-1.2036288,-2.5831068,-0.99088156,-1.1030575,-1.1591898,-2.3996003,-1.1485088,-0.8811145,0.5797037,-1.4732685,1.3508216,-0.58778524,-0.809017,1.2246469e-16,-1.0,0.0
2018-06-28 00:00:00,2.0,-0.18489237,-0.2125833,2.0659764,-0.20454043,-1.6057408,-0.025699036,-0.73314464,-0.5709415,-0.48829693,0.118869126,0.8431094,-1.9265772,-1.4933451,-1.695851,-0.3280728,-0.33092377,-0.81458634,-1.0355437,-1.812265,-1.1406403,-1.0884705,-1.8879331,-2.2053564,1.1417791,-1.1417791,-0.4593428,-1.313811,-2.6662657,-0.8275385,-1.0924116,-0.9926085,-2.364371,-1.1185802,-1.297107,-0.10564951,-1.3553281,0.29893756,-0.58778524,-0.809017,1.2246469e-16,-1.0,0.0
2018-07-05 00:00:00,2.0,0.50505394,0.47515574,-0.26933187,1.1340448,-0.8433048,-2.163377,-1.2448698,0.54542404,-0.51674485,-0.007505997,0.6930862,-1.80383,-1.2068889,-1.4803363,-0.04559852,0.35526899,-0.5206538,-0.76900744,-1.5687813,-0.82726455,-0.8310434,-1.6925396,-1.0463948,0.85176677,-0.85176677,-1.4100447,-0.99086875,-2.4120054,-0.6689499,-1.1512632,-0.87715626,-2.4114172,-0.8540323,0.45162824,0.34350643,-1.1039969,0.42702836,-0.58778524,-0.809017,1.2246469e-16,-1.0,1.0
2018-07-12 00:00:00,2.0,1.5980327,1.1307293,0.10265021,-0.84761786,-0.14694774,-0.22562896,1.2333204,2.452544,-0.30647546,-0.0093886275,0.5724874,-1.2769097,-0.4953225,-0.9708439,0.5524791,0.6661021,0.4167338,-0.46232685,-1.5390091,-0.07886018,-0.17548417,-1.2389531,-0.01085844,-0.015138483,0.015138483,-0.33777106,-0.6547721,-1.735312,-0.5007456,-0.8368929,-0.22954157,-2.2135885,-0.19448058,0.88400054,1.5996224,-0.39480117,0.7013321,-0.58778524,-0.809017,-0.5,-0.8660254,0.0
2018-07-19 00:00:00,2.0,0.6865479,-0.0145134805,0.7446966,1.3647815,1.1448948,1.8259919,0.9933616,3.0,0.15558608,0.21330881,0.6411216,-0.5363343,-0.21353737,-0.74937624,1.0413269,0.9955261,0.61207247,-0.3079039,-1.410537,0.28014022,0.09891848,-1.0018917,1.1822586,-0.41195568,0.41195568,-0.4746143,-0.20256272,-1.2779006,-0.60497534,-0.30419785,0.15888087,-1.7297795,0.08225432,1.3078876,2.0528088,-0.06781707,0.7542106,-0.58778524,-0.809017,-0.5,-0.8660254,0.0
2018-07-26 00:00:00,2.0,0.35586378,0.44313425,-0.29012263,1.2250375,-0.14408794,-0.520215,-1.100469,-0.75806135,0.14457393,0.19100986,0.58691067,-0.48920903,-0.060543492,-0.6249276,1.4125917,1.2489678,0.46448025,-0.1477991,-1.3518212,0.46630064,0.24827369,-0.8847766,0.08039967,-1.1069609,1.1069609,-0.92084455,0.16181767,-1.1249045,-0.54800117,-0.073426336,0.234989,-1.4544297,0.23816141,1.719622,1.8366921,0.11833465,0.7820506,-0.58778524,-0.809017,-0.5,-0.8660254,0.0
2018-08-02 00:00:00,2.0,1.686506,1.675732,-0.8710184,-1.1946381,-0.96887964,1.1061002,0.80758995,2.7558365,0.017385244,0.052450564,0.4065714,-0.48912656,0.55098766,-0.13308273,1.9513074,2.0112588,1.2376266,-0.06251498,-1.1658238,1.2896098,0.90905297,-0.48316124,-1.3751786,-1.586381,1.586381,-0.95037496,0.69811475,-0.60698855,-0.27272916,0.22188284,1.0410281,-0.73957396,0.9085534,2.1160738,1.6235403,1.1757396,0.16018322,-0.58778524,-0.809017,-0.5,-0.8660254,0.0
2018-08-09 00:00:00,2.0,-0.60605145,-1.5571955,-1.0982563,-0.6429891,-1.4354458,-0.9821459,-1.1139278,0.40046638,-0.38508615,-0.18921842,0.2638306,-1.0239303,0.29735446,-0.29971597,2.2077332,1.5591764,1.3787377,-0.062462598,-1.4418725,0.9880361,0.772453,-0.60213685,-2.2961915,-1.2282672,1.2282672,0.35474008,0.46973798,-0.91422546,-0.11477233,-0.0144265,1.0178049,-0.2601699,0.7842596,-0.42210743,0.7840885,1.1342455,-0.09030988,-0.58778524,-0.809017,-0.8660254,-0.5,0.0
2018-08-16 00:00:00,2.0,-0.2839505,-0.7299457,-1.0380791,1.1946197,-0.887924,-1.6721984,-0.7497539,0.64726603,-0.57212543,-0.33806443,0.15475893,-1.2151628,0.18761043,-0.37072363,2.2367365,0.7853765,1.0383765,0.24241847,-1.6393447,0.7840738,0.6978968,-0.6587199,-1.6463703,-1.0706877,1.0706877,0.5553725,0.2513112,-1.0812125,0.0011767985,-0.35032046,0.70136213,-0.24457437,0.72323585,-0.84713143,0.37427557,0.9766017,-0.83646363,-0.58778524,-0.809017,-0.8660254,-0.5,0.0
2018-08-23 00:00:00,2.0,1.7105278,1.0412428,0.67025995,-0.9865992,1.8071369,0.30303186,1.4968734,1.1490889,-0.030808862,-0.09429802,0.19477314,-0.28915748,0.81270546,0.1410668,2.2827601,1.2389736,1.600945,0.38328114,-1.117254,1.4198741,1.3215322,-0.21614689,1.2125297,-1.1670593,1.1670593,1.2485785,0.8303983,-0.29109448,-0.048627924,-0.23083435,1.230694,0.02044284,1.354434,0.52311367,0.33342707,1.0806102,-0.76644856,-0.58778524,-0.809017,-0.8660254,-0.5,0.0
2018-08-30 00:00:00,2.0,0.09268736,0.23484543,1.4056699,0.21103093,-1.1502211,-1.1136128,-0.9780055,-0.21351947,-0.45630953,-0.36654624,0.004545385,-0.8141194,0.8686282,0.19197372,2.4512384,1.1259937,1.6929532,0.5089328,-1.043236,1.269767,1.426325,-0.15624866,-2.088095,-1.2043821,1.2043821,1.314737,1.1991141,-0.35635853,0.23345129,-0.532703,1.1710843,0.052186474,1.4740485,0.95253825,0.7968337,1.1236173,-0.8138157,-0.58778524,-0.809017,-0.8660254,-0.5,0.0
2018-09-06 00:00:00,2.0,0.3779415,0.8963438,-1.1916324,1.0869805,-0.8898406,-1.4619316,-0.58164865,-0.56404006,-0.744439,-0.59435683,-0.18211156,-1.1158667,1.0105517,0.3250024,2.4945102,0.5670925,1.8329539,0.8030109,-0.79938513,1.2032443,1.5955478,-0.015006259,-1.7608496,-1.348432,1.348432,0.45804992,1.332554,-0.29550788,0.5343195,-0.7311815,1.0239445,0.39379716,1.6732188,1.3668612,1.1664647,1.2865297,-0.4153008,-0.58778524,-0.809017,-0.8660254,-0.5,0.0
2018-09-13 00:00:00,5.0,1.3534464,1.5466295,-0.72659326,-0.9582358,0.6039075,0.35127822,1.5375525,-0.98826444,-0.58337104,-0.5784197,-0.26726815,-0.71511674,1.4450767,0.7384478,2.5040724,1.3914379,2.0637355,1.216687,-0.7349591,1.3797101,2.0318825,0.36438423,0.44234627,-1.5299971,1.5299971,0.13128734,1.4544282,0.27115372,0.6735357,-0.28550932,1.1570734,0.5032161,2.1020901,1.7588055,0.8716943,1.4612885,-0.7731675,-0.58778524,-0.809017,-1.0,-1.8369701e-16,0.0
2018-09-20 00:00:00,5.0,0.37310383,0.5244547,-0.061976984,0.7728463,-1.1710374,-0.6462049,-0.7857841,0.93495554,-0.929916,-0.83743805,-0.4778809,-1.1425301,1.5218498,0.85287136,2.5894456,1.6334698,1.6717863,1.5997293,-0.23664673,1.2272397,2.122187,0.53882426,-2.017638,-1.5018125,1.5018125,-0.26707864,1.4185258,0.35167906,1.0552438,-0.38702285,1.1096699,0.6727282,2.2002044,2.084629,0.96368104,1.4353194,-0.8771768,-0.58778524,-0.809017,-1.0,-1.8369701e-16,0.0
2018-09-27 00:00:00,2.0,-0.9555616,-1.030069,0.78955054,-1.0941945,1.0007629,1.4696711,1.6167903,0.54827446,-0.5528135,-0.6040583,-0.33093846,-0.59166914,0.97604555,0.5016717,2.1023903,0.52352464,1.189569,1.355018,-0.5315283,0.82899445,1.4188248,0.2359966,0.65880114,-0.8411222,0.8411222,0.2630856,0.88909996,0.09414554,0.6327412,-0.5761274,0.8772371,1.0583861,1.4510585,-0.49718836,-0.023095477,0.8143871,-0.58578575,-0.58778524,-0.809017,-1.0,-1.8369701e-16,0.0
2018-10-04 00:00:00,2.0,0.30856535,0.2894115,1.3881944,-0.022756575,0.0919937,-0.1286732,-0.9823654,0.39184412,-0.5639833,-0.63320816,-0.39265737,-0.5412516,1.0775849,0.6103421,1.8244947,0.6095347,1.1665088,1.2290373,-0.53471583,0.79695183,1.4198052,0.3561933,-0.27737778,-0.96105635,0.96105635,0.2926513,1.0401686,0.23262976,0.7013579,-0.2876617,0.6983197,1.0937374,1.4563607,0.37631556,-0.48965523,0.928079,-0.6664724,-0.58778524,-0.809017,-1.0,-1.8369701e-16,1.0
2018-10-11 00:00:00,5.0,-0.5440855,-0.50385386,1.4692383,-0.6593948,-0.41075704,-0.6874514,-0.5641361,-1.245182,-0.66834867,-0.69693804,-0.4397523,-0.68527615,0.78596026,0.4214302,1.4882506,0.22931571,0.5339394,1.2818791,-0.71081936,0.58161825,1.0876646,0.24982676,-0.8539224,-0.6517177,0.6517177,0.8334461,0.7318663,0.021501943,0.7180487,-0.16227345,0.55168325,1.1396822,1.1313746,-0.46857956,-1.0668654,0.75177747,-0.26209828,-0.58778524,-0.809017,-0.8660254,0.5,0.0
2018-10-18 00:00:00,5.0,0.6453354,0.3904198,-1.0205303,2.0232005,2.1008415,1.5568383,1.8625934,0.15754513,0.03146167,-0.274334,-0.22655997,0.356424,1.0103865,0.6332067,1.1312783,-0.07165905,0.8813819,1.6279436,-0.42205313,0.669543,1.0353256,0.3753707,1.3065753,-0.89962935,0.89962935,-0.052563507,0.97273237,0.45731193,0.30769426,0.29415604,0.3825659,1.1631942,1.0551071,0.3955797,0.05964659,0.96091354,-0.22164266,-0.58778524,-0.809017,-0.8660254,0.5,0.0
2018-10-25 00:00:00,5.0,-0.83811224,-1.2075188,0.07458102,-0.80418724,-0.57415426,0.4406821,-0.7370053,-0.76765996,-0.26121023,-0.4035299,-0.283072,-0.106572844,0.5599306,0.3214275,0.8490468,-0.5668844,0.72341174,1.2545582,-0.4330101,0.3938981,0.6343839,0.20543967,-1.2715167,-0.4780703,0.4780703,-0.121790916,0.6063491,0.13557012,0.3541708,0.40605655,0.4187152,1.3740854,0.6415931,-0.49341723,-0.75776064,0.64625484,0.21378675,-0.58778524,-0.809017,-0.8660254,0.5,0.0
2018-11-01 00:00:00,5.0,0.93363464,0.76234674,-0.2998974,0.4311981,1.1370933,1.7097871,0.92858493,-0.2278381,0.054977834,-0.21707876,-0.21993904,0.37551665,0.8902346,0.620087,0.6885682,0.20983525,0.49971354,1.4508246,-0.17724353,0.5787304,0.8045032,0.4398661,0.96457577,-0.76543224,0.76543224,0.12929565,0.8690039,0.5631935,0.26541874,0.47776556,0.40863243,1.274631,0.7897224,0.36647925,0.173167,0.9917357,0.34657672,-0.58778524,-0.809017,-0.8660254,0.5,0.0
2018-11-08 00:00:00,5.0,1.71512,1.5365554,-1.2140326,-0.44804317,0.7638202,0.06391712,-1.0837668,-0.033395156,0.11494835,-0.19944552,-0.28979683,0.55911124,1.3818731,1.1185701,0.81701106,0.80408686,0.9609693,1.8249183,0.05800067,0.9622333,1.2463926,0.8790766,0.5916969,-1.4303882,1.4303882,1.5580629,0.9949038,1.1860304,0.4277483,0.6859821,0.7368342,1.2169595,1.214441,0.8041671,0.6015915,1.3924474,0.74619055,-0.58778524,-0.809017,-0.5,0.8660254,0.0
2018-11-15 00:00:00,5.0,-0.25683406,-0.07542861,2.0472174,-0.16446634,-0.55562997,-0.071000904,-0.264924,-1.0923691,-0.20237018,-0.35967427,-0.3825611,0.107694685,1.2484342,1.03132,0.8440809,0.9118517,0.7767267,1.7680624,-0.057340898,0.82474643,1.0376867,0.8698593,-0.80206484,-0.9610362,0.9610362,1.1805495,0.70367455,1.0993295,0.5675819,0.6021532,0.86996526,1.2572874,0.99932796,-0.51547647,1.0785049,1.0819958,0.72837913,-0.58778524,-0.809017,-0.5,0.8660254,0.0
2018-11-22 00:00:00,5.0,-0.93904626,-0.42528355,1.6844778,-0.6156928,1.5233685,1.1739596,0.9699594,-1.8247387,0.46014965,0.12771152,-0.029651046,0.8012282,0.7600191,0.6638455,0.5512954,0.2636149,0.13175681,1.4557172,0.06272216,0.50734305,0.46698514,0.53608,1.2663344,-0.16904901,0.16904901,1.6053736,0.2835942,0.82636887,0.021706723,0.42812052,0.6842239,1.1256915,0.44229493,-0.95094466,-0.15929554,0.50965995,0.8377221,-0.58778524,-0.809017,-0.5,0.8660254,0.0
2018-11-29 00:00:00,5.0,1.5737323,1.3000989,-1.229833,0.13140294,0.91201234,-0.9380455,-1.4377518,-0.4318192,0.5770462,0.20990784,-0.036235746,0.9890544,1.1977844,1.1019732,0.5730155,1.2451426,0.4773034,1.4401556,0.14271413,0.94772637,0.8396059,0.88792735,1.0272689,-0.9276802,0.9276802,1.503349,0.50139195,1.3352232,0.105591424,0.9332138,0.6601336,0.98678464,0.8375925,0.38632128,-0.2287543,1.0420679,0.94594455,-0.58778524,-0.809017,-0.5,0.8660254,0.0
2018-12-06 00:00:00,2.0,-0.21408734,0.16922683,1.7889473,-0.46711686,-0.24192996,0.59602636,1.3651879,-1.6793796,0.2701406,0.07926738,-0.09288964,0.5559019,1.1052419,1.0378879,0.5403124,0.78154856,0.6798951,1.2555559,-0.22073245,0.81578594,0.694222,0.8849056,-0.2902043,-0.8165844,0.8165844,1.6398833,0.031113358,1.268205,0.19880703,0.41115507,0.8984208,0.9650786,0.6633068,-0.4848239,-0.18235137,0.9542783,0.9539835,-0.58778524,-0.809017,-0.5,0.8660254,0.0
2018-12-13 00:00:00,5.0,0.36604545,0.8726168,-0.3385547,0.24627154,0.6356108,1.3890615,0.5368312,-2.8022466,0.35890207,0.16145653,-0.042375095,0.64674354,1.210874,1.1561185,0.48898277,0.22029275,0.69478446,1.2481338,-0.4641003,0.9058276,0.6903788,0.9587133,0.7269871,-1.0381023,1.0381023,0.44379485,0.591812,1.3980837,0.16662583,0.34782547,0.8001108,0.9328432,0.6452864,0.43084612,0.7526688,1.0542319,0.9135015,-0.58778524,-0.809017,-2.4492937e-16,1.0,0.0
2018-12-20 00:00:00,5.0,-3.0,-1.8197924,-0.9737123,-1.1837034,3.0,3.0,3.0,-0.3195619,3.0,2.9632766,2.3135746,2.9254117,-1.1750966,-1.1583186,-0.48300552,-2.6849105,-1.2871392,-0.5303585,-2.2228494,-1.6459731,-1.253612,-0.6443807,1.3086294,1.7763405,-1.7763405,3.0,-1.2480338,-0.012722601,-1.7647326,2.6213145,-0.9091984,0.35031897,-1.1618695,-0.45026845,-3.0,-1.7014501,1.1209512,-0.58778524,-0.809017,-2.4492937e-16,1.0,0.0
2018-12-27 00:00:00,5.0,-0.2117422,-0.21539348,0.008659645,1.3372616,0.5853964,0.2613073,-1.675748,0.15258348,3.0,2.9939451,2.5210009,2.4313424,-1.1995606,-1.1998103,-0.9507243,-2.3611476,-1.520464,-0.47257847,-1.9991294,-1.5620388,-1.2292198,-0.6404717,1.1818151,1.1734593,-1.1734593,3.0,-1.586402,0.0009690383,-1.787628,2.091725,-1.9393657,0.033145983,-1.1233578,-0.90346795,-3.0,-1.1246662,1.2358384,-0.58778524,-0.809017,-2.4492937e-16,1.0,0.0
2019-01-03 00:00:00,2.0,0.3853731,0.6160361,-0.09553805,0.5972601,-0.06109538,-0.4350923,-1.1265756,-1.7166607,2.568697,2.5823317,2.330684,1.7147735,-1.0341505,-1.0484037,-1.1843184,-2.6303663,-1.1453,-0.31685123,-1.9229311,-1.3259557,-1.1121937,-0.5293524,0.72094315,1.0164603,-1.0164603,2.5549722,-1.1507503,0.06589423,-1.6385978,1.5743431,-1.6721791,-0.0030799785,-1.0026098,0.48648274,-2.8162541,-0.9743869,1.1786138,-0.58778524,-0.809017,-2.4492937e-16,1.0,1.0
2019-01-10 00:00:00,2.0,0.4094382,0.3081577,0.017009534,1.0566393,-0.31385854,-0.113939084,0.6275878,0.7103,1.85739,2.1243625,2.0590534,1.0436395,-0.8550303,-0.88222325,-1.262997,-2.2456958,-1.2344252,-0.5347629,-1.5743678,-1.0681024,-0.99081755,-0.4173046,0.056700777,0.8528124,-0.8528124,2.591076,-0.64762557,0.10337423,-1.4538242,1.426647,-1.2834779,0.0025696298,-0.87471825,0.921369,0.39540875,-0.81774825,1.011556,-0.58778524,-0.809017,0.5,0.8660254,0.0
2019-01-17 00:00:00,5.0,-0.2259602,0.28029343,2.0913901,-1.149817,-0.86795276,-0.5153972,-0.8387877,-2.3414729,1.0100858,1.5543453,1.717829,0.17065012,-0.9079419,-0.93992096,-1.3651514,-2.3591583,-1.7472548,-0.6107236,-1.4483083,-1.0381734,-1.0918865,-0.46991652,-1.7387424,0.93410826,-0.93410826,2.3022084,-0.8562232,-0.12976663,-1.2569304,0.74258447,-1.0770303,0.0079445485,-0.97718406,-0.47092462,0.3613821,-0.8963197,0.95293,-0.58778524,-0.809017,0.5,0.8660254,0.0
2019-01-24 00:00:00,2.0,0.28680122,0.5404756,1.0631276,-0.6099152,-0.5212251,-0.32074293,0.38986167,-0.61933506,0.6137884,1.2186772,1.4828469,-0.20878686,-0.7765361,-0.81976587,-1.3116428,0.2951685,-1.5474688,-0.60651696,-1.5238881,-0.8592119,-0.9949978,-0.39266586,-0.4502986,0.82016623,-0.82016623,-2.3736627,-0.4077409,-0.13570134,-1.0806866,-0.9248697,-0.88506323,0.00971595,-0.87807924,0.45548448,0.31780553,-0.7871184,0.9525918,-0.58778524,-0.809017,0.5,0.8660254,0.0
2019-01-31 00:00:00,5.0,0.8989052,0.91895777,-1.0028516,0.80658853,0.04898442,-0.30189523,-0.1446862,-0.56067,0.6975199,1.1705166,1.4010034,-0.035193834,-0.37610886,-0.45871875,-1.0311646,0.80136096,-0.9824521,-0.62562466,-1.337201,-0.51440203,-0.63762414,-0.12820181,0.86301064,0.47173777,-0.47173777,-2.092069,0.02413286,0.19205412,-0.96320814,-0.9793497,-0.6884842,0.016079338,-0.52425784,0.918689,0.6047157,-0.4522846,1.0116557,-0.58778524,-0.809017,0.5,0.8660254,0.0
2019-02-07 00:00:00,2.0,0.449554,0.6765666,0.7745152,-0.5753725,-0.5367574,-0.073421516,0.30087328,-0.028723493,0.35938916,0.87207544,1.1724775,-0.33798102,-0.18119514,-0.27437696,-0.7974172,0.8260981,-1.232562,-0.5782646,-1.3313822,-0.32528096,-0.46171477,0.018651469,-0.3955433,0.29171544,-0.29171544,-1.9808869,0.53915066,0.28262073,-0.7655054,-1.0357758,-0.29930496,0.001232546,-0.34887382,1.3818936,0.92619926,-0.27912453,0.9819262,-0.58778524,-0.809017,0.5,0.8660254,0.0
2019-02-14 00:00:00,2.0,0.45656547,1.1387292,-0.7543658,0.046471898,-0.64613795,-0.57857907,-0.9993396,-1.0020497,0.007110424,0.5454219,0.9102819,-0.6488008,0.018961247,-0.08005608,-0.5496938,0.84316254,-1.0057787,-0.2790133,-1.0475516,-0.15074469,-0.28822675,0.18603902,-0.82028776,0.10493602,-0.10493602,-1.8838687,0.8223206,0.37194908,-0.5242023,-1.0504689,-0.19991599,0.015046857,-0.16857843,1.760927,1.0006702,-0.099868305,0.99632305,-0.58778524,-0.809017,0.8660254,0.5,0.0
2019-02-21 00:00:00,2.0,0.56811464,1.2504245,-0.8673007,-0.12348402,-0.71822184,-0.80787927,-0.73478615,-0.23561756,-0.32744774,0.20524187,0.615772,-0.9248522,0.2662453,0.16545023,-0.271211,1.1907299,-0.88715875,-0.18598051,-0.81593573,0.058180988,-0.05467148,0.41510135,-0.93349576,-0.13198137,0.13198137,-2.08759,1.007505,0.5178559,-0.2209629,-0.91793054,0.008511457,-0.8769131,0.073098615,2.0929174,0.7923852,0.12725669,0.98081326,-0.58778524,-0.809017,0.8660254,0.5,0.0
2019-02-28 00:00:00,2.0,-0.115676105,0.4924754,0.73910636,-0.3704159,-0.76122576,-0.635265,0.42164975,-2.3078327,-0.5704266,-0.046525758,0.42853674,-1.1429788,0.20761168,0.124375656,-0.09193522,1.002579,1.0295035,-0.11447306,-0.82733214,0.029424667,-0.091791816,0.4106004,-1.145633,-0.08761749,0.08761749,-1.8032321,0.6905583,0.39252308,-0.027770538,-0.9297365,0.06697605,-0.6746184,0.036556117,-0.55503315,0.47475502,0.084701195,1.1469563,-0.58778524,-0.809017,0.8660254,0.5,0.0
2019-03-07 00:00:00,5.0,0.9378043,1.6365538,-0.7495102,-1.0986567,-0.5461842,-0.3169772,0.5889271,0.21915337,-0.7067446,-0.2991909,0.1362462,-1.1412873,0.62393546,0.545991,0.2038798,1.0131161,1.416815,0.014659744,-0.81118953,0.36427388,0.33417726,0.8394113,-0.58921164,-0.49099818,0.49099818,-1.6808906,1.0182574,0.7901478,0.34919018,-1.0673734,0.29640317,-0.33159345,0.47862402,0.3330199,0.72383785,0.47294223,0.9747825,-0.58778524,-0.809017,0.8660254,0.5,0.0
2019-03-14 00:00:00,2.0,0.12497718,0.43340775,-0.64192814,1.3079249,-0.6131861,-0.4865978,-0.5277721,-0.85435355,-0.823188,-0.48891503,-0.054218885,-1.1818494,0.6896523,0.63583314,0.41419008,0.8665916,1.3108456,0.2106989,-1.0310816,0.40728298,0.4015037,0.95348245,-0.8295371,-0.582208,0.582208,-1.5648147,1.2150506,0.82095253,0.5927675,-1.0289143,0.3609464,-0.2988931,0.55656624,0.77704644,0.4907123,0.5325737,1.2256336,-0.58778524,-0.809017,1.0,6.123234e-17,0.0
2019-03-21 00:00:00,2.0,-0.5868389,-1.2446208,-0.4122582,-0.08079758,-0.8211476,-0.17625608,0.4791062,-1.6492814,-0.976407,-0.6708041,-0.19621809,-1.3270582,0.3439524,0.33735284,0.42493668,0.41211796,0.9631561,-0.12945004,-0.782437,0.21436061,0.14555743,0.7115734,-1.6716516,-0.31130978,0.31130978,-1.2118732,0.8314181,0.43848938,0.7144971,-1.0134592,0.2807466,-0.3059968,0.30844757,-0.55503315,0.15339768,0.2887553,1.1284473,-0.58778524,-0.809017,1.0,6.123234e-17,0.0
2019-03-28 00:00:00,2.0,0.4075179,0.87987584,-0.4487743,0.092755914,-0.44461912,-0.52125216,-0.81439525,-0.34924465,-0.9804888,-0.79612637,-0.39650166,-1.2312905,0.52726394,0.52985173,0.47683656,0.33667988,1.1638792,-0.36447135,-0.22886808,0.38984504,0.39160082,0.90661144,-0.5346286,-1.4290742,1.4290742,-1.1800689,1.0458837,0.61590916,0.93936515,-0.8833593,0.35482258,-0.29744667,0.55382955,0.31326196,-0.13001405,0.44571528,0.9021273,-0.58778524,-0.809017,1.0,6.123234e-17,0.0
2019-04-04 00:00:00,2.0,-0.49023822,-1.4323264,0.16274019,-1.0636427,-0.50327563,-0.4632709,-0.044886973,0.7144589,-0.98559105,-0.8399807,-0.44684085,-1.2549436,0.25448933,0.28303137,0.39148897,0.18683112,0.9076457,-0.43937197,0.37399766,0.25019586,0.20895824,0.6546391,-0.66961026,-1.0113176,1.0113176,-1.063466,0.75052714,0.32319283,0.92541915,-0.8147861,0.39853463,0.31473,0.360619,-0.6063013,-0.5642687,0.2535083,1.0999811,-0.58778524,-0.809017,1.0,6.123234e-17,1.0
2019-04-11 00:00:00,5.0,-0.51533383,-1.3438711,-1.0886698,0.54520917,-0.6490505,-0.5780791,-0.5304071,-0.4046197,-1.0972056,-0.9594014,-0.5572086,-1.4110696,-0.019158864,0.03147139,0.21303158,-0.45639554,0.44211146,-0.38629457,0.42585307,0.08266564,-0.00039995686,0.39233378,-1.3807913,-0.5597217,0.5597217,-1.3433894,0.48798007,-0.044950757,1.0120683,-0.89653987,0.1456449,0.36029732,0.16551244,-1.1023813,-0.48529884,0.053287,1.0830969,-0.58778524,-0.809017,0.8660254,-0.5,0.0
2019-04-18 00:00:00,5.0,0.84180737,0.7540923,0.15390556,-0.31150427,0.27107963,-0.16299212,1.0322347,0.7623378,-0.67352897,-0.75644046,-0.5219664,-0.6966853,0.3998761,0.4262695,0.22801834,-0.15663347,0.5670094,-0.48055634,0.7519134,0.48438686,0.4810613,0.74103576,0.84367216,-1.0974259,1.0974259,-0.94984967,0.7655135,0.5620121,0.899176,-0.4497911,0.46293005,0.59174937,0.60709715,0.29500347,-0.18309736,0.38453686,0.8973251,-0.58778524,-0.809017,0.8660254,-0.5,0.0
2019-04-25 00:00:00,5.0,0.15451078,-0.23355909,-0.037851017,1.7493845,-0.027131671,-0.48352528,-0.7857327,1.4644349,-0.51189554,-0.666873,-0.5047827,-0.42394066,0.47494006,0.5013043,0.2528139,0.19218664,0.46422797,-0.39859608,0.85619086,0.64684325,0.59757495,0.7555594,0.40732098,-1.1737953,1.1737953,-1.0528595,0.9033494,0.6888685,0.8207295,-0.03992283,0.64279085,0.67682016,0.7285791,0.73662883,0.28589007,0.47767252,1.0143118,-0.58778524,-0.809017,0.8660254,-0.5,0.0
2019-05-02 00:00:00,5.0,0.7392988,1.5353527,-0.9356909,-0.8989162,-0.17864525,-0.42729577,-0.1239654,-1.0422437,-0.54278266,-0.72472185,-0.6428628,-0.37227532,0.8188306,0.83905905,0.40718412,0.34669688,0.5159962,-0.27754885,1.2829494,1.1613829,1.0199064,1.0748603,0.08273833,-1.3935189,1.3935189,-0.91148853,1.0285591,1.0749686,1.0299276,0.0896679,1.0357686,0.82369405,1.1919014,1.1622102,1.0967201,0.7831149,1.1915219,-0.58778524,-0.809017,0.8660254,-0.5,0.0
2019-05-09 00:00:00,2.0,-0.67117786,-1.5999382,-0.8493418,-0.41938034,-0.61477655,-0.24478984,0.27051634,0.029665148,-0.6655125,-0.78543323,-0.6709903,-0.5844467,0.4004088,0.4759556,0.34960082,0.2604517,0.33506924,1.0537093,0.68679273,0.71361697,0.6066508,0.72567827,-0.81132555,-0.7047362,0.7047362,1.1553428,0.6590388,0.6826231,1.0078351,0.03937397,0.8390778,0.83357084,0.6436176,-0.67942846,-0.00551601,1.1475791,-2.754919,-0.58778524,-0.809017,0.5,-0.8660254,0.0
2019-05-16 00:00:00,5.0,-0.88442355,-1.242011,-0.87366414,0.41987374,-0.02599523,-0.3814603,-0.2710665,-1.2514904,-0.5313714,-0.66557306,-0.5431111,-0.43901795,-0.09346329,0.025527027,0.069912545,0.08370027,-0.29916993,0.8780575,0.5386527,0.16163945,0.053262632,0.23329662,-0.027171105,0.19517395,-0.19517395,1.277111,0.31084266,0.23788734,0.7043673,0.3410408,0.29043096,0.81376433,0.04738683,-1.1269555,-0.74467784,0.5910253,-2.2698765,-0.58778524,-0.809017,0.5,-0.8660254,0.0
2019-05-23 00:00:00,2.0,0.49852762,0.92088234,0.034021545,-0.5733755,-0.88707453,-0.45087194,-0.19340466,0.89493436,-0.7717693,-0.8682825,-0.77314925,-0.71704537,0.16512787,0.26341367,-0.005077835,-0.078721754,-0.18210045,0.9033097,1.2934376,0.4158427,0.25954953,0.47065428,-1.2016648,-0.089955546,0.089955546,0.9384031,0.5403435,0.43064946,1.087826,-0.2850048,0.4455666,0.8287154,0.2632111,0.23244205,-0.8524205,0.8113302,-2.2951536,-0.58778524,-0.809017,0.5,-0.8660254,0.0
2019-05-30 00:00:00,2.0,-2.207204,-1.4226198,-0.57693136,-0.3511517,3.0,2.182457,1.4269642,-0.32094574,0.7392746,0.29860896,0.2886445,1.0563905,-0.8649794,-0.7693899,-0.52537227,-1.206108,-0.78016055,0.20140557,-0.026402388,-1.1254159,-0.8532187,-0.6004497,1.5576115,1.241974,-1.241974,1.4886425,-0.12315217,-0.19241805,-0.5378722,0.81538016,-0.66046095,0.18613528,-0.87144613,-0.67942846,-1.5897611,-0.6154897,-0.39344683,-0.58778524,-0.809017,0.5,-0.8660254,0.0
2019-06-06 00:00:00,5.0,0.8891783,0.9668873,-0.7123756,0.18135135,0.48704314,0.6278554,-0.70108795,0.3037437,0.6021177,0.25112492,0.18978539,0.9165523,-0.42133832,-0.35353407,-0.64484596,-1.1101153,-0.6042064,0.5041903,0.532473,-0.62433565,-0.49361455,-0.25401413,0.7298286,0.5113466,-0.5113466,1.4226451,0.31368864,0.21992388,-0.36574957,0.8702822,-0.86688095,0.20362906,-0.50367737,0.23244205,-0.40621102,-0.044695318,-0.07118489,-0.58778524,-0.809017,0.5,-0.8660254,0.0
2019-06-13 00:00:00,5.0,1.9720304,1.5072464,-0.6347538,-1.3595294,1.4304184,0.74879843,-0.088581495,1.0032219,0.8405285,0.4058368,0.16210605,1.3266414,0.42941982,0.5173442,-0.29911652,0.16862428,0.33191198,0.9765516,1.7530986,1.0462617,0.328504,0.52803165,1.4339037,-1.1111531,1.1111531,1.9098017,0.9892704,1.1991887,-0.19605078,1.580937,0.7030606,0.22269346,0.30907196,0.6716027,0.3238262,1.2225025,0.20938465,-0.58778524,-0.809017,1.2246469e-16,-1.0,0.0
2019-06-20 00:00:00,5.0,-0.4017881,-1.1671836,-0.91030043,0.83020544,-0.6647159,0.09121242,-0.4698194,0.16991392,0.2919605,0.12422453,0.0048622135,0.552664,0.24239774,0.330863,-0.16942656,0.3813201,0.36161026,0.6229335,1.6670493,0.6345041,0.12555851,0.36006114,-1.123039,-0.793669,0.793669,1.7250481,0.21492662,0.94986427,-0.0029028144,1.0620217,0.88969517,0.67407537,0.100035004,-0.7645392,1.3572942,0.8511799,-0.14459512,-0.58778524,-0.809017,1.2246469e-16,-1.0,0.0
2019-06-27 00:00:00,5.0,0.29589766,0.076503344,1.9885887,-0.9567033,-0.07336006,1.1305239,0.32670218,1.3726594,0.11156486,0.012843976,-0.09468736,0.32945475,0.37378034,0.46982053,-0.020735992,0.2984007,0.17256199,0.593549,2.1745176,0.89713454,0.23983888,0.4833284,0.25425327,-0.7030069,0.7030069,1.640512,1.1914134,1.0724487,0.16118756,1.220814,1.3821142,0.49211568,0.19526532,0.15800449,0.9568157,0.7608896,-0.23395029,-0.58778524,-0.809017,1.2246469e-16,-1.0,0.0
2019-07-04 00:00:00,5.0,-0.011635722,-0.26986927,-0.94543964,2.996251,-0.17561433,-0.09337643,-0.63420296,0.6680428,-0.08837184,-0.116419435,-0.18810178,0.06094746,0.38196453,0.47960138,0.071374275,1.3449032,0.11278856,0.4705722,2.089026,0.83110255,0.21757409,0.47978756,0.06508608,-0.739396,0.739396,0.2129894,1.641964,1.0469067,0.3052675,-0.1997414,0.8117447,0.3197239,0.1752238,0.6464488,-0.08481759,0.7958878,-0.51575166,-0.58778524,-0.809017,1.2246469e-16,-1.0,1.0
2019-07-11 00:00:00,5.0,-0.3328272,-0.6003141,-0.086692825,1.2026104,-0.6211306,-1.9799641,-1.2045494,-0.55249786,-0.3930322,-0.3280111,-0.3273383,-0.36739346,0.20433933,0.31548262,0.05600713,0.755063,-0.288911,0.2128455,1.6602174,0.45656452,0.044937,0.32956854,-0.9836146,-0.51233035,0.51233035,0.34006488,0.9607219,0.83253664,0.5022309,-0.52300674,0.70151067,0.31699982,0.015254263,-0.8186933,-0.06098199,0.5711058,-0.5254997,-0.58778524,-0.809017,-0.5,-0.8660254,0.0
2019-07-18 00:00:00,5.0,-2.5617232,-2.1258707,-1.1148592,-1.2754784,1.7059305,2.1063392,3.0,-0.3336044,0.6979354,0.60827875,0.6391387,0.69357735,-1.0860391,-0.98738,-0.5836254,-1.5311773,-1.101311,-0.5686447,0.7721647,-1.9673599,-1.3048134,-0.9729056,1.4670277,1.5648057,-1.5648057,0.32728028,-0.4426291,-0.20159528,-0.8655609,-0.29419592,-1.4601449,0.25166082,-1.3339874,-1.295079,-1.618068,-1.4990909,-0.62864363,-0.58778524,-0.809017,-0.5,-0.8660254,0.0
2019-07-25 00:00:00,2.0,-0.6295166,-1.2404084,-0.8809449,0.53301734,-0.081293166,0.6291413,-0.68445796,0.5606218,0.56253177,0.59582925,0.7125909,0.4304768,-1.3486415,-1.2783035,-1.0842364,-1.6336439,-1.0427772,-1.0918901,0.8157145,-2.031362,-1.5685236,-1.3069609,0.44748285,1.8860998,-1.8860998,0.34648865,-1.4650896,-0.5424089,-0.97244596,-0.045596685,-2.3707922,0.17487328,-1.6003774,-1.7563267,-1.8203019,-1.8354759,-0.38280237,-0.58778524,-0.809017,-0.5,-0.8660254,0.0
2019-08-01 00:00:00,5.0,0.08889305,-0.08326784,2.3998032,-0.9449497,-0.44490147,0.14402348,-0.38104212,0.57435125,0.22747444,0.36436892,0.5344681,0.03860791,-1.2940606,-1.2355947,-1.3669903,-1.6883861,-1.182085,-1.1495245,0.60768527,-1.6709688,-1.4783038,-1.324785,-0.31243524,1.7678355,-1.7678355,0.2352567,-0.51996,-0.6289279,-0.7817297,-0.17825529,-1.7256309,-0.0974662,-1.5137701,0.18615444,-1.5227227,-1.740951,-0.58020896,-0.58778524,-0.809017,-0.5,-0.8660254,0.0
2019-08-08 00:00:00,5.0,-0.039778545,-0.21183176,0.35672942,1.4742225,-0.6027911,0.44889724,-0.004789274,0.15660518,-0.07586808,0.13304088,0.35598278,-0.32433808,-1.3146718,-1.2612503,-1.5125753,-1.6624529,-0.3617188,-1.0076098,0.6123332,-1.4938911,-1.4679279,-1.4066076,-0.64336103,1.7477806,-1.7477806,0.21292858,-1.4997509,-0.8119086,-0.5935906,-0.2784051,-1.6286657,-0.12805997,-1.4999493,-0.78508615,-0.18472336,-1.7405275,-0.9282938,-0.58778524,-0.809017,-0.8660254,-0.5,0.0
2019-08-15 00:00:00,5.0,-0.025974361,-0.56352895,2.0669813,-1.2736238,-0.36924967,-0.5412363,-0.6382263,1.3979588,-0.19023679,0.017247472,0.25593054,-0.44604132,-1.3306236,-1.2840686,-1.5224799,-1.4981685,-0.72205395,-1.1762445,0.6747279,-1.3486048,-1.4114673,-1.4687877,-0.11457335,1.7203003,-1.7203003,0.27453354,-0.748248,-0.949721,-0.4934654,-0.11864001,-1.1807679,-0.1723309,-1.4557607,0.16413604,0.06116226,-1.726491,-0.8943052,-0.58778524,-0.809017,-0.8660254,-0.5,0.0
2019-08-22 00:00:00,2.0,0.31021264,0.63934255,0.17026742,-0.13943855,-0.5908681,-0.2541468,0.030458752,-0.09465316,-0.40189767,-0.19653125,0.040226635,-0.6593617,-1.1136891,-1.113501,-1.3983606,-0.14027251,-1.3747033,-0.91230935,0.86038846,-1.0705364,-1.1972923,-1.3609003,-0.5741053,1.4583849,-1.4583849,-1.2959578,0.01605875,-0.96564114,-0.2176465,-0.9320993,-1.1180724,-0.2262474,-1.2389512,0.6313863,0.23094054,-1.4641806,-0.56145805,-0.58778524,-0.809017,-0.8660254,-0.5,0.0
2019-08-29 00:00:00,2.0,-0.8342155,-1.2198708,-0.65820736,0.2852722,0.19353786,2.2004206,1.666826,0.18470697,-0.07657456,0.04758058,0.29176387,-0.2900195,-1.5383773,-1.5486093,-1.367131,-0.23824933,-1.5383983,-1.0532312,0.35086927,-1.3924501,-1.547585,-1.8438468,0.67880064,1.7875543,-1.7875543,-1.1194566,-1.7548825,-1.517216,-0.62618154,-0.70889276,-1.2709895,-0.6003039,-1.5665725,-0.8616561,-0.16826947,-1.8127725,-0.41005766,-0.58778524,-0.809017,-0.8660254,-0.5,0.0
2019-09-05 00:00:00,2.0,0.03914138,-0.13440719,-0.1111162,1.987491,-0.83224356,-1.0476705,-1.3757979,0.37699038,-0.40311468,-0.21790242,0.06269483,-0.68320704,-1.4638426,-1.4930441,-1.3352703,-0.2619603,-1.601249,-1.3031459,-0.089166515,-1.2163864,-1.4582019,-1.8417315,-1.1617832,1.6876327,-1.6876327,-1.0901357,-1.0600425,-1.7871273,-0.36129364,-0.77553594,-1.2175438,-0.7370224,-1.4856929,0.15109232,-0.119856276,-1.7178361,-0.41867188,-0.58778524,-0.809017,-0.8660254,-0.5,0.0
2019-09-12 00:00:00,2.0,0.64157057,0.38092062,-1.1211578,1.9001598,-0.015681945,-0.27829784,0.5680362,2.0395734,-0.31193236,-0.23286311,-0.036951885,-0.44897297,-0.95180154,-1.0723664,-1.0424844,0.059211373,-1.321072,-1.1107589,-0.0072002737,-0.7980711,-0.9738552,-1.3678116,0.4998487,1.1819508,-1.1819508,-0.87275636,-0.11502355,-1.279222,-0.21339235,-0.47715038,-0.9479364,-1.0200624,-0.99599564,0.6683438,0.14326638,-1.2005327,-0.2812781,-0.58778524,-0.809017,-1.0,-1.8369701e-16,0.0
2019-09-19 00:00:00,2.0,-0.22359689,-0.80071795,-0.62020504,1.0868095,-0.68696994,-1.0185859,-0.67950666,0.43925643,-0.5191425,-0.40178385,-0.17187697,-0.7165034,-1.0514412,-1.1679903,-0.88873434,-0.03440459,-1.267121,-1.4088103,-0.20716153,-0.8186707,-1.007042,-1.5063094,-0.9128226,1.2730056,-1.2730056,-0.8176361,-0.7665088,-1.6448401,-0.07465422,-0.5697356,-0.7763848,-2.2676265,-1.0532026,-0.82782817,0.46009275,-1.3021411,-0.17703573,-0.58778524,-0.809017,-1.0,-1.8369701e-16,0.0
2019-09-26 00:00:00,2.0,0.17385046,0.7238833,1.0001704,-1.0791637,-0.54335004,-0.25714663,0.51390433,-1.3285439,-0.6225917,-0.53211606,-0.32209784,-0.7932356,-0.895188,-1.0340341,-0.6889746,-0.102336966,-0.19938791,-1.1221536,-0.62315446,-0.6503079,-0.8222694,-1.3585767,-0.44921675,1.1316787,-1.1316787,-0.8537998,0.19144072,-1.5948119,0.11722331,-0.5082499,-0.60878104,-2.2523744,-0.8669274,0.25287554,0.5746426,-1.1550982,-0.30452195,-0.58778524,-0.809017,-1.0,-1.8369701e-16,0.0
2019-10-03 00:00:00,2.0,0.2836757,0.08856905,0.18836242,1.0687323,0.98130035,0.23821758,0.18887976,0.35823846,0.04991107,-0.09031158,-0.030092023,0.18252741,-0.653517,-0.8357199,-0.40527672,0.44536686,0.15949053,-0.740119,-0.32594606,-0.43828723,-0.54931,-1.0415144,1.3080641,0.7671003,-0.7671003,-1.226656,1.0793971,-0.96433014,-0.31386647,-0.11517995,-0.53670555,-1.8916659,-0.59480286,0.7683273,0.30353406,-0.9373651,-0.84315306,-0.58778524,-0.809017,-1.0,-1.8369701e-16,1.0
2019-10-10 00:00:00,2.0,-0.78730124,-1.1597735,0.4842766,-0.8321397,-0.032455213,-0.23370256,-0.41783956,-0.49307203,0.17733327,0.069448315,0.1625381,0.24055755,-1.1185161,-1.2423702,-0.39489105,0.04334579,-0.18602563,-1.1563121,-0.5876565,-0.77300173,-0.8672197,-1.4422487,0.5602561,1.2962439,-1.2962439,-0.7705071,0.08571936,-1.5000968,-0.61371225,0.26728937,-0.5723758,-1.7997266,-0.9339681,-0.87695086,-0.09161957,-1.3959452,-1.0129724,-0.58778524,-0.809017,-0.8660254,0.5,0.0
2019-10-17 00:00:00,2.0,1.6547467,1.5262281,-0.5076667,-1.2539335,1.274919,0.29349357,0.11604544,-0.3098101,0.5052842,0.24737833,0.14763948,0.8075256,0.03858193,-0.24245211,0.008920179,0.5480508,0.49748996,0.12686159,-0.36869323,0.15133393,0.0065773893,-0.42047414,1.1876857,-0.101266526,0.101266526,0.0037786998,0.9699675,-0.046962425,-0.45895958,0.65344363,-0.08349753,-1.398174,-0.040919352,0.21923772,0.99001724,-0.29264176,-1.2683094,-0.58778524,-0.809017,-0.8660254,0.5,0.0
2019-10-24 00:00:00,2.0,-1.4160101,-1.3767726,-0.6199202,-0.1748166,1.8543668,1.8585209,0.89929634,1.6468705,1.4219259,1.0901147,0.97010493,1.5294955,-0.780827,-0.993896,-0.042601842,-0.05708112,-0.076744206,-0.65953094,-1.0222987,-0.62017673,-0.621518,-1.0552008,1.4263097,0.7919071,-0.7919071,0.48151368,-0.6426479,-0.6234777,-1.2925597,1.6815751,-0.36149284,-1.1444278,-0.6799913,-0.8485745,-0.13673167,-1.2173668,-1.5458298,-0.58778524,-0.809017,-0.8660254,0.5,0.0
2019-10-31 00:00:00,2.0,0.8189786,0.561787,-0.8634112,1.2432635,0.7297778,0.081539154,-0.8863148,1.1538993,1.3546227,1.1191418,0.9668659,1.4226823,-0.2749328,-0.52348155,0.11047572,0.27621397,0.14449789,-1.016314,-0.7641199,-0.058093105,-0.16985857,-0.60466385,0.9420087,-0.1449501,0.1449501,0.870165,0.4179422,-0.04911355,-1.1664895,2.0074666,-0.40832925,-1.0818976,-0.21538399,0.2686427,0.9180262,-0.6260528,-1.7671967,-0.58778524,-0.809017,-0.8660254,0.5,0.0
2019-11-07 00:00:00,5.0,-0.47833222,-1.0182788,-0.45652646,0.32043457,-0.858251,-0.7201377,-0.66309345,-0.6774119,0.7670192,0.8154085,0.82836276,0.6472612,-0.5358274,-0.76493794,0.14063959,-0.10774571,0.3017997,-1.0508683,-1.3525494,-0.30093673,-0.3279527,-0.8218157,-1.0331821,0.39327425,-0.39327425,0.889436,-0.39098626,-0.53059876,-1.0446334,0.838037,-0.26975456,-1.0956247,-0.3852856,-0.81894374,-0.5978453,-0.9391683,-1.7447255,-0.58778524,-0.809017,-0.8660254,0.5,0.0
2019-11-14 00:00:00,2.0,0.1264746,-0.50387853,1.1705453,-0.35475063,-1.1829591,-1.0303692,-0.4800027,1.5885103,0.09622963,0.33742452,0.46815234,-0.12310973,-0.45440313,-0.6898163,0.21779664,0.35642278,0.34978452,-1.1122049,-1.3859061,-0.13263352,-0.18555991,-0.7480758,-1.7256888,0.27412903,-0.27412903,0.7528543,0.33013523,-0.7195697,-0.6871843,0.2684816,-0.050158113,-1.1278307,-0.2326212,0.38467047,0.3834893,-0.71132654,-1.6445694,-0.58778524,-0.809017,-0.5,0.8660254,0.0
2019-11-21 00:00:00,2.0,1.2615986,1.5789715,-0.9719507,-0.80551726,0.25919482,-0.1909172,0.6348669,-0.26497778,0.12926668,0.25390697,0.27868736,0.06620113,0.35858956,0.050962362,0.5993201,0.17287797,0.65240014,-0.6651171,-0.5688833,1.2758273,0.62359434,-0.003361205,0.6258235,-1.1637888,1.1637888,0.37133732,1.2591823,0.20983456,-0.3807922,-0.06282993,1.0325879,-1.0737296,0.588745,0.95972794,0.64986616,0.31655604,-1.6600586,-0.58778524,-0.809017,-0.5,0.8660254,0.0
2019-11-28 00:00:00,2.0,0.4784942,0.93044066,-0.1799213,-0.26235637,-0.72914124,-0.18237007,-0.11591186,0.18994257,-0.2271049,-0.060585234,-0.015697096,-0.29923654,0.65762687,0.3372392,1.0323242,1.1597486,0.9838771,-0.386106,-0.44726324,2.1880248,1.0267255,0.33306134,-0.62569195,-1.378341,1.378341,-0.42785245,1.7660583,0.44347474,0.0043565123,-0.8397882,2.5850828,-0.94387704,0.9609688,1.5163627,1.1881826,0.9311835,-1.5507095,-0.58778524,-0.809017,-0.5,0.8660254,0.0
2019-12-05 00:00:00,2.0,0.4133404,0.89789253,-0.77499545,0.39153913,-0.6787297,-1.5121804,-1.0701299,-0.08645263,-0.50788355,-0.3435199,-0.29670888,-0.57303345,0.90874004,0.5868743,1.442337,0.9427019,1.0933597,0.6858055,-0.115338534,2.0187445,1.3120255,0.5912972,-0.71075195,-1.4934822,1.4934822,-0.09741411,1.6484609,0.6607319,0.39635798,-1.1219097,2.46338,-0.80659497,1.2886308,2.001858,1.3172678,1.6218019,-1.6370662,-0.58778524,-0.809017,-0.5,0.8660254,0.0
2019-12-12 00:00:00,2.0,0.40158975,0.69118464,-0.13338698,0.16829784,-0.44529697,-0.78839797,0.5515088,0.13460648,-0.6357117,-0.52631235,-0.5107476,-0.651012,1.1558211,0.83601743,1.761235,1.3765897,1.1528053,1.0824515,-0.12227462,1.853953,1.541892,0.8392997,-0.14278877,-1.3487638,1.3487638,-0.62118703,1.6504269,0.9275719,0.7022711,-0.9466936,2.0702615,-0.49578485,1.5414076,2.411615,0.74204737,1.4762417,-1.3648239,-0.58778524,-0.809017,-2.4492937e-16,1.0,0.0
2019-12-19 00:00:00,2.0,0.53172493,0.8644385,-0.20882371,-0.22500418,-0.5765655,-0.33621463,0.18329726,0.7601965,-0.79645646,-0.7461663,-0.7790643,-0.7594108,1.4388802,1.1430386,2.0502925,1.5543054,1.7209805,1.2582953,0.34479484,1.7663475,1.8382375,1.1857171,-0.44859973,-1.3653626,1.3653626,-0.834667,1.5950063,1.2980137,1.1080248,-0.71223295,1.8321291,-0.18151025,1.8531568,2.2652328,0.74304825,1.4969277,-1.222909,-0.58778524,-0.809017,-2.4492937e-16,1.0,0.0
2019-12-26 00:00:00,2.0,0.6525975,0.8215666,0.7622821,-1.1898568,-0.3616342,-0.15577507,-0.06469678,1.3264619,-0.7824874,-0.83605635,-0.9595803,-0.62357557,1.7582748,1.5074924,2.2640402,1.2327646,1.2711709,1.5321751,0.36566725,1.7125721,2.1340048,1.574917,0.100722015,-1.2146095,1.2146095,-1.3783311,1.5582075,1.7981763,1.3770077,-0.78754383,1.7652164,-0.008062958,2.1520276,2.1406877,0.8263466,1.3509825,-1.1149591,-0.58778524,-0.809017,-2.4492937e-16,1.0,0.0
2020-01-02 00:00:00,2.0,-0.019517442,-0.30413705,0.1900096,1.4303777,-1.3156823,-1.7322669,-1.3703922,0.2142031,-1.1635653,-1.1849442,-1.2924308,-1.1333512,1.7636703,1.5335214,2.41785,0.98100334,1.8616796,1.5753502,-0.14325327,1.4058735,2.1410599,1.672468,-1.7798853,-1.217744,1.217744,-0.95117533,1.1247735,1.726378,1.9070405,-0.9240606,1.3477834,0.6443502,2.2256653,-0.8653593,0.59135115,1.356579,-1.0888258,-0.58778524,-0.809017,-2.4492937e-16,1.0,1.0
2020-01-09 00:00:00,2.0,-0.22920251,-0.5998477,-1.1158912,2.058437,-0.11913366,-0.17509149,2.5096512,0.13617647,-0.99405825,-1.1118554,-1.2648846,-0.8412637,1.5488491,1.389508,2.1493058,0.6649393,1.3867831,1.4153875,-0.16916358,1.112779,1.7981281,1.4451784,0.30409694,-1.0764614,1.0764614,-0.5996777,0.63373864,1.536843,1.7220057,-0.6901352,0.94750303,0.776744,1.8650212,-1.3482871,0.0924795,1.2169213,-1.0739901,-0.58778524,-0.809017,0.5,0.8660254,0.0
2020-01-16 00:00:00,2.0,0.48714346,0.81210315,-0.56757396,0.26797527,-0.86181605,-0.53490025,-0.48702568,1.4212466,-1.1881844,-1.3387238,-1.5511327,-1.0522646,1.8003246,1.6788847,2.1102731,0.70199883,1.7600274,1.9542909,0.32384443,1.167347,2.0456624,1.8384361,-1.459462,-1.3528569,1.3528569,-0.4956963,0.76851064,1.9039063,2.1908495,-0.775765,0.99773324,0.8714654,2.0819266,0.12682688,0.031138804,1.5094115,-1.4130869,-0.58778524,-0.809017,0.5,0.8660254,0.0
2020-01-23 00:00:00,2.0,0.2993874,0.25369886,0.89677364,0.04525081,-0.22693722,0.13778429,0.33952785,0.7442024,-1.0943395,-1.3276409,-1.613826,-0.8392346,1.9578551,1.8841741,1.9715017,0.5881243,1.7871192,2.0678787,-0.015060004,1.144916,2.0391815,1.9999217,0.20513918,-1.2077962,1.2077962,-0.54216695,0.9278906,1.91954,2.1969197,-0.62016934,1.0012473,1.8478554,2.0750842,0.6236649,0.19680522,1.3643324,-1.271998,-0.58778524,-0.809017,0.5,0.8660254,0.0
2020-01-30 00:00:00,5.0,0.54019475,1.0278051,-0.575681,-0.20307258,-0.098933496,0.46128133,0.011868419,-0.28608215,-1.0073013,-1.3148288,-1.6864729,-0.6119649,2.2001743,2.200209,1.9070554,0.5279988,1.4619412,2.0264876,0.29275402,1.1944118,2.1819239,2.2977352,0.43589082,-1.3637,1.3637,-0.606666,1.0312263,2.1695104,2.2437363,-0.5556152,0.97825533,2.0581048,2.1883266,1.0918484,0.6822519,1.5314206,-1.6088212,-0.58778524,-0.809017,0.5,0.8660254,0.0
2020-02-06 00:00:00,5.0,0.7940916,1.3729883,-1.2396461,-0.3384723,0.28839198,-0.099679135,-0.44421864,-0.83564556,-0.8343613,-1.2280265,-1.7022375,-0.2245976,2.4948826,2.6110475,1.915549,0.92190737,1.5624117,2.3950021,0.54479307,1.3053733,2.3767538,2.6490355,0.8597922,-1.426985,1.426985,-0.42498875,1.0701399,2.2732434,2.1994896,0.011464027,1.0486542,2.2903197,2.3890865,1.5383114,0.76845783,1.5981857,-1.3947537,-0.58778524,-0.809017,0.5,0.8660254,0.0
2020-02-13 00:00:00,5.0,-1.0694388,-2.0875227,-0.9277186,-1.2884357,-0.52594036,-0.8845364,-0.6369509,0.45165431,-0.8989015,-1.2349683,-1.6330822,-0.3337661,1.6667227,1.899605,1.6281718,0.6739607,1.0786934,1.9511176,2.4462655,0.886709,1.6820152,2.0324516,-0.48862517,-0.95043635,0.95043635,0.09052312,0.67825836,1.4943842,2.0048323,-0.09821119,0.8828067,2.6074018,1.7196827,-0.9295678,-0.21927433,1.1632553,-1.6090835,-0.58778524,-0.809017,0.8660254,0.5,0.0
2020-02-20 00:00:00,5.0,-0.8309215,-1.2436453,0.4754378,-0.83484876,-0.99322724,-0.88174397,-0.23065907,-1.4943238,-1.1774981,-1.4182891,-1.730184,-0.73784566,1.1234434,1.4190655,1.2142112,0.11664298,0.6774866,1.5760405,2.2294307,0.5823115,1.2017137,1.665901,-1.427497,-0.63492626,0.63492626,0.304197,0.33125383,0.9501515,2.0895638,-0.0700091,0.570383,2.7206671,1.2533256,-1.4231436,-1.2525883,0.8745217,-1.1484298,-0.58778524,-0.809017,0.8660254,0.5,0.0
2020-02-27 00:00:00,5.0,-1.7990412,-1.6877725,-0.070897825,-1.405311,1.2180353,1.4568752,1.846924,-0.5357988,-0.5198731,-0.9301328,-1.2398028,0.24290885,0.037626367,0.42238516,0.33147782,-0.82244354,-0.10505582,1.3267617,1.4902033,-0.0079072695,0.057695802,0.6042759,1.4080746,0.46461532,-0.46461532,0.7678162,-0.21409516,-0.01602626,1.0703083,0.46721193,0.19206713,2.3386796,0.08461019,-1.8287644,-3.0,0.21880008,0.3388638,-0.58778524,-0.809017,0.8660254,0.5,0.0
2020-03-05 00:00:00,2.0,-0.15078259,-0.011061467,-0.7937587,2.3152723,3.0,2.7038262,0.871877,-1.8694787,1.6516259,0.60064405,-0.09612979,2.7208915,-0.020723548,0.36495134,-0.23562819,-1.2597523,-0.43299684,0.67609,1.2817053,-0.09199017,-0.11309544,0.32763797,1.8280864,0.18040407,-0.18040407,0.75208634,-0.9884291,0.4358018,-0.26894018,2.2945347,-0.4227959,0.50946563,-0.13484737,-2.1721792,-2.122897,0.1767137,0.1500698,-0.58778524,-0.809017,0.8660254,0.5,0.0
2020-03-12 00:00:00,2.0,-3.0,-1.6939172,-0.27880302,-1.3144141,2.1652188,2.364711,-0.20299754,-3.0,3.0,2.3798425,1.717466,3.0,-1.6809374,-1.4478233,-1.1117519,-3.0,-1.7427241,0.050840463,-0.01680577,-1.4017776,-1.4957243,-1.0352502,1.6485809,1.8028497,-1.8028497,0.83917665,-1.8584768,-0.9140241,-1.6208017,2.9825706,-0.89060163,0.4262577,-1.5152466,-2.4742637,-3.0,-1.2524618,1.9836297,-0.58778524,-0.809017,1.0,6.123234e-17,0.0
2020-03-19 00:00:00,2.0,0.95449626,0.9509017,-0.59366316,0.070717394,2.3177907,2.7347524,0.7687795,-3.0,3.0,3.0,2.6025238,3.0,-1.1521353,-0.95826834,-1.3193684,-2.4297223,-1.3160301,0.053355075,0.25132376,-1.0821416,-1.0313725,-0.64064777,1.6930801,0.652982,-0.652982,1.4619976,-0.85430515,-0.13046621,-1.8786787,3.0,-1.3021154,-0.06781285,-1.0127807,0.15327297,-1.2990409,-0.60075504,0.43792754,-0.58778524,-0.809017,1.0,6.123234e-17,0.0
2020-03-26 00:00:00,2.0,-3.0,-1.2867283,-1.2453647,0.32915354,2.8634417,1.8614728,-0.34453365,0.1851366,3.0,3.0,3.0,3.0,-2.3713875,-2.5755436,-1.6830324,-3.0,-3.0,-1.4075875,-2.185455,-2.2494838,-1.9147369,-1.6132547,1.6692256,1.1848152,-1.1848152,1.4139099,-2.0690918,-0.9248979,-3.0,3.0,-2.0304332,-0.06781285,-1.8126628,-0.699824,-2.542344,-1.1590627,-1.0686013,-0.58778524,-0.809017,1.0,6.123234e-17,0.0
2020-04-02 00:00:00,2.0,2.5204196,0.9717163,1.129862,-1.362499,1.0925342,1.1347464,-0.5180931,1.6509773,3.0,3.0,3.0,3.0,-1.169438,-1.3064474,-1.5662168,-1.8612676,-2.1326869,-0.42090473,-1.1054353,-1.3225427,-1.1208508,-0.8754123,1.5497925,0.49822232,-0.49822232,2.0265782,-1.1413687,0.07008641,-2.6279824,3.0,-1.3141161,-0.068559855,-1.0035307,0.19130133,0.4640217,-0.43911782,-1.047793,-0.58778524,-0.809017,1.0,6.123234e-17,1.0
2020-04-09 00:00:00,2.0,3.0,1.5337714,-0.9628311,-0.8984695,1.1264867,0.3885225,-0.7280786,0.47942182,3.0,3.0,3.0,2.9094422,0.10971068,0.1861462,-1.0020865,-0.028735919,-0.8557119,0.5343636,0.5115093,-0.08168185,-0.17932889,0.021738207,1.4893695,-0.54094255,0.54094255,2.2613747,-0.35326838,1.2584528,-2.1778152,2.7772508,-0.4871832,-0.069347985,-0.08516482,0.658223,1.3111693,0.64940697,-0.063572735,-0.58778524,-0.809017,0.8660254,-0.5,0.0
2020-04-16 00:00:00,5.0,0.86465055,0.6199974,-1.0876616,1.2588522,0.15060888,-0.15345782,-0.72540355,0.8986193,2.649542,3.0,3.0,2.1285853,0.4162831,0.5667702,-0.552695,1.8710575,-0.76130974,0.74405825,0.7670374,0.25979698,0.067047894,0.2881121,1.064361,-0.8400967,0.8400967,1.6407813,0.25182992,1.5190579,-1.9213992,1.840176,0.03960873,-0.30337384,0.16352949,1.1496454,2.826884,0.9601908,-0.02387999,-0.58778524,-0.809017,0.8660254,-0.5,0.0
2020-04-23 00:00:00,2.0,0.9925923,0.96762425,0.031811684,-0.45013148,-0.099848986,0.21349728,0.3995052,0.7424683,1.9585881,2.44499,2.5398393,1.4918042,0.7517412,0.98602724,-0.09104753,1.9886912,0.037697405,1.0337602,1.401046,0.6321957,0.37512535,0.61947757,0.92247844,-1.1553156,1.1553156,1.5492574,0.89821655,1.7862071,-1.6256013,0.9987978,0.5912307,-0.11630103,0.46662104,1.5448737,1.9102297,1.2847688,0.02308423,-0.58778524,-0.809017,0.8660254,-0.5,0.0
2020-04-30 00:00:00,2.0,-0.5761828,-1.0685095,0.6278936,-0.809297,-0.23322906,-0.23611732,-0.59916705,1.3064865,1.5917017,2.1943276,2.436489,0.9806563,0.49678814,0.6921587,0.12742113,3.0,0.0029373057,0.6185369,0.6487894,0.3426729,0.1782786,0.46395323,0.68035126,-0.82253325,0.82253325,5.720508e-05,0.10377117,1.3734025,-1.5634316,-0.10663817,0.5635597,-0.12967278,0.27908185,-0.6981089,0.38802856,0.9362661,-0.14065419,-0.58778524,-0.809017,0.8660254,-0.5,0.0
2020-05-07 00:00:00,2.0,-0.4585716,-0.23653744,1.7663705,0.018720038,-0.7746423,-0.41505706,-0.37107956,-1.7461443,1.0271986,1.7621281,2.140706,0.30399188,0.3015696,0.46960187,0.20844407,1.8903363,0.33619538,0.21002696,0.32642052,0.13537207,0.040037964,0.3751999,-0.43062064,-0.6664835,0.6664835,0.15505682,-0.5502044,1.1216462,-1.3919511,-0.5647752,0.21532388,-0.1428335,0.16068898,-1.1106118,-0.113551416,0.77227795,-0.09910968,-0.58778524,-0.809017,0.8660254,-0.5,0.0
2020-05-14 00:00:00,2.0,-0.22509111,-1.0676299,-0.07888476,-0.26347148,-0.7322418,-0.8576107,-0.79336125,1.3201473,0.6151612,1.401011,1.8657228,-0.18683915,0.20985414,0.36679342,0.21171112,0.28332716,0.27201283,-0.13788962,0.46279648,0.04682864,-0.019244658,0.33504087,-0.18415837,-0.5898922,0.5898922,-0.8239025,-0.96976686,0.9520569,-1.2082475,-0.90657437,0.13801742,-0.15705164,0.12283032,-1.5177561,-0.542236,0.6911904,-0.08713715,-0.58778524,-0.809017,0.5,-0.8660254,0.0
2020-05-21 00:00:00,2.0,0.079691395,0.444129,1.9383886,-0.85006785,-0.081397995,-0.6851695,0.29741046,-1.70874,0.67487705,1.3559,1.8154544,-0.10298431,0.25766438,0.416431,0.1852578,-0.0901482,1.5696753,-0.09498008,0.32693374,0.08479745,0.019520368,0.35799178,0.86747974,-0.6372103,0.6372103,-1.0063673,-0.43049702,0.9793888,-1.1607502,-0.8551805,0.17686069,-0.17189103,0.15286517,0.24196112,-0.23959038,0.71684265,-0.09358352,-0.58778524,-0.809017,0.5,-0.8660254,0.0
2020-05-28 00:00:00,5.0,-0.59191674,-1.3341545,-1.1889435,0.10307526,-0.6549178,-1.0125564,-0.7062427,0.8357741,0.46513763,1.1744727,1.7105192,-0.39937377,-0.028329456,0.115541294,0.05365374,-0.8460426,0.9344885,-0.28190342,0.17620212,-0.14804047,-0.19956224,0.16726522,0.17302656,-0.45384145,0.45384145,-1.5466574,-0.8549423,0.65982276,-1.0986807,-0.8937728,-0.08231284,0.75907296,-0.05063245,-0.6378975,-0.32953027,0.51288587,-0.12442283,-0.58778524,-0.809017,0.5,-0.8660254,0.0
2020-06-04 00:00:00,2.0,0.7110929,1.2114692,-0.33948618,-0.6320342,-0.88492775,-0.80031484,0.28353783,1.1285195,0.12639394,0.8031085,1.3336561,-0.7231025,0.30063167,0.45833373,0.0985958,-0.23075485,2.8507757,-0.13787723,0.84302044,0.15485275,0.13453478,0.50566375,-0.6515042,-0.69842213,0.69842213,-1.1946994,-0.38232356,0.9202022,-0.7656893,-0.9451548,0.09756091,1.3913414,0.29698864,0.22210607,0.09069565,0.7528537,-0.04500174,-0.58778524,-0.809017,0.5,-0.8660254,0.0
2020-06-11 00:00:00,2.0,-0.20173994,0.37374827,1.260226,-0.18236096,-0.80579877,-0.38394645,0.5539221,-1.7240887,-0.06889868,0.5886289,1.1607445,-0.9438716,0.20764244,0.3628641,0.07195185,-0.1079389,1.6728716,-0.3471644,0.34513226,0.08844168,0.08391094,0.46945912,-0.17318775,-0.6453925,0.6453925,-1.2384548,-0.9883659,0.76161367,-0.61315024,-0.88186514,0.10267959,2.3401563,0.2562639,-0.64941496,-0.050022192,0.6816393,-0.044638667,-0.58778524,-0.809017,1.2246469e-16,-1.0,0.0
2020-06-18 00:00:00,2.0,-0.77966905,-0.96804935,-0.8833018,0.72414434,-0.0594942,-0.472994,-0.2788045,0.7831522,0.25756708,0.78841347,1.359381,-0.54575354,-0.19365716,-0.042945415,-0.14590931,-0.37507257,-0.08828374,-0.9204268,-0.20819597,-0.1914844,-0.23994248,0.10710588,0.8600711,-0.40158784,0.40158784,-1.0838825,-1.4706823,0.4148758,-0.8424167,-0.61701375,-0.1641725,2.247558,-0.08393584,-1.0566105,-0.16523786,0.4180567,0.07525315,-0.58778524,-0.809017,1.2246469e-16,-1.0,0.0
2020-06-25 00:00:00,2.0,-0.8609493,-0.7663135,1.0789722,-0.7145963,-0.46608472,-0.707944,-0.4736053,-1.4052866,0.31262934,0.8257268,1.4395295,-0.52824897,-0.59163445,-0.46068996,-0.46088278,-0.82393765,-0.86322683,-1.6036847,-1.072384,-0.4778825,-0.5478195,-0.24548754,0.38878223,-0.13613217,0.13613217,-1.0004088,-1.8001876,-0.0131541025,-1.2681371,-0.648085,-0.33536097,2.119814,-0.4090089,-1.4429191,-0.8935503,0.1370357,0.11509136,-0.58778524,-0.809017,1.2246469e-16,-1.0,0.0
2020-07-02 00:00:00,2.0,0.11539631,-0.12638351,-0.29799494,1.9469469,-0.8933592,-0.6179769,0.021661451,0.7802706,0.05152875,0.5761964,1.2089539,-0.7971012,-0.5127845,-0.38775718,-0.6491947,-0.48653716,-1.2403893,-1.2454209,-0.70093787,-0.36949855,-0.4397011,-0.1915281,-0.37751856,0.16348383,-0.16348383,-0.9565454,-1.1185672,-0.058466084,-1.0822321,-0.6535153,-0.43306008,1.7725786,-0.31470492,0.29209888,-0.71866906,0.18928291,0.15047866,-0.58778524,-0.809017,1.2246469e-16,-1.0,1.0
2020-07-09 00:00:00,2.0,0.576804,1.0453415,-0.28455713,-0.28909323,-1.0018921,-1.2823035,-1.089192,0.8668956,-0.23876049,0.26347604,0.8864596,-1.0592431,-0.18619299,-0.083418086,-0.63823694,-0.5478981,-0.72480214,-0.748909,0.048176657,-0.076332815,-0.10872406,0.08642532,-1.0260656,0.18893503,-0.18893503,-1.017418,-0.70833796,0.13468117,-0.7684077,-0.64886904,-0.13336971,1.8494426,0.013817343,0.704407,0.0078308545,0.389457,0.18410422,-0.58778524,-0.809017,-0.5,-0.8660254,0.0
2020-07-16 00:00:00,5.0,0.9672767,1.0733662,-0.22678764,-0.40656418,-0.12678665,-0.8232435,0.7740752,-0.47048584,-0.003978929,0.3063158,0.8026177,-0.59958434,0.32546178,0.4121399,-0.33921197,0.012074499,-0.08846239,0.2168129,0.4343085,0.35784528,0.3755274,0.51564837,0.7678405,0.10884649,-0.10884649,-0.670741,-0.20468073,0.7382697,-0.65364695,-0.37212884,0.22255903,1.6853122,0.4938535,1.1184113,0.91324705,0.7325634,-0.026865447,-0.58778524,-0.809017,-0.5,-0.8660254,0.0
2020-07-23 00:00:00,5.0,0.28433362,0.4365448,0.39743245,0.3415507,-0.7694225,-0.6720683,-0.04772517,0.40527722,-0.16806398,0.12930988,0.6165153,-0.74073064,0.47207353,0.55787855,-0.095134296,0.51862925,0.13601822,0.38973066,1.5859785,0.4530644,0.53138006,0.6646605,-0.089452825,-0.1580009,0.1580009,-0.8291718,0.22273888,0.86554444,-0.45914474,-0.55577195,0.43782997,1.5429353,0.6775777,1.4934126,0.9871804,0.8258271,0.0037115996,-0.58778524,-0.809017,-0.5,-0.8660254,0.0
2020-07-30 00:00:00,2.0,-0.7412046,-1.605273,-0.5763118,-0.9523594,-0.7215446,-0.8780396,-0.6450614,0.19621879,-0.24297576,0.06572669,0.59782773,-0.85184276,0.034155104,0.14861669,-0.11928224,0.5836435,-0.22627133,1.2026534,0.73614985,0.073508985,0.080708295,0.28991023,-0.138439,0.42734432,-0.42734432,-0.8004909,-0.26227173,0.40790635,-0.58427024,-0.6097029,0.23372546,1.5591525,0.22802399,-0.6339788,0.22147048,0.57160634,-1.4603262,-0.58778524,-0.809017,-0.5,-0.8660254,0.0
2020-08-06 00:00:00,5.0,0.36020297,0.32687134,-0.4010931,1.3857194,-0.5383879,-0.79400814,-0.07434334,0.85422593,-0.30803117,-0.053020224,0.4435449,-0.8496348,0.2359626,0.3396009,-0.047505952,0.69253117,0.1929179,1.053291,0.03435109,0.21154666,0.22913049,0.4713242,0.122278444,-0.28934512,0.28934512,-0.78181505,0.1554126,0.60117614,-0.5130955,-0.5118007,0.14812298,1.5468928,0.3469172,0.22867428,-0.09302427,0.7097176,0.03861375,-0.58778524,-0.809017,-0.5,-0.8660254,0.0
2020-08-13 00:00:00,2.0,0.22506441,0.6031362,-0.5074986,0.835134,-0.86284304,-1.0065093,-0.45235035,0.006795599,-0.47417295,-0.23636514,0.24976625,-1.0045103,0.36887097,0.46433955,0.057832822,0.51979643,-0.026987486,2.6237075,0.358589,0.37749353,0.22375685,0.60614306,-1.0489161,-0.55145144,0.55145144,-0.48249343,0.53665257,0.69599223,-0.31224692,-0.46266577,0.30489507,1.5998683,0.18980165,0.6359508,-0.10611227,0.6435989,1.8185916,-0.58778524,-0.809017,-0.8660254,-0.5,0.0
2020-08-20 00:00:00,5.0,0.11847625,0.8579958,0.2503941,-0.35764956,-0.7522781,-0.9200194,0.0068791746,-0.9931719,-0.5786495,-0.37565687,0.09285347,-1.0787923,0.44911242,0.5386788,0.15242836,0.10947764,0.11423616,1.6651633,0.2985159,0.602396,0.20303568,0.67998606,-0.6674222,-0.70103383,0.70103383,-0.7421734,0.8774947,0.7445716,-0.12912305,-0.66823184,0.48566344,1.6295478,0.06900804,1.0409212,0.4231876,0.5746076,2.7334116,-0.58778524,-0.809017,-0.8660254,-0.5,0.0
2020-08-27 00:00:00,5.0,0.3488327,1.1612389,0.4139453,-1.2141383,-0.77287567,-0.6024434,0.108437546,-0.5323442,-0.6649595,-0.51301455,-0.08438668,-1.1100014,0.6572122,0.73080623,0.30415866,0.13809513,0.6129009,0.497603,0.5322015,0.9065152,0.41400704,0.8951617,-0.6575772,-1.0754606,1.0754606,-0.199043,1.1677508,0.96099174,0.11180943,-0.6561078,0.8728159,1.8122725,0.2688863,1.4304817,0.43025,0.53520316,0.24698927,-0.58778524,-0.809017,-0.8660254,-0.5,0.0
2020-09-03 00:00:00,5.0,0.26058856,0.43972966,-0.7100334,1.3313271,-0.28178087,-0.41474816,-0.04627136,0.15307538,-0.6500585,-0.5681494,-0.19344693,-0.9933861,0.8122586,0.8744498,0.4481539,0.6114551,1.1001878,0.24437079,0.8713773,1.0584625,0.57738996,1.0203583,-0.0118594235,-1.2155529,1.2155529,-1.442907,1.3535064,1.1413192,0.24523485,-0.58397126,0.9225097,2.0882874,0.43784025,1.7648078,0.4561881,0.7840637,0.467804,-0.58778524,-0.809017,-0.8660254,-0.5,0.0
2020-09-10 00:00:00,5.0,-0.92202747,-1.3670464,-0.9048629,0.014484277,1.2575494,-0.18329911,-0.030231727,0.9137095,-0.3049774,-0.3167014,0.023018956,-0.48476845,0.15724215,0.3246303,0.20369461,0.028580884,0.6694219,-0.5372487,1.6185946,0.24528997,0.005489403,0.3804416,0.87310004,-0.25646266,0.25646266,0.17920151,0.81041116,0.6173714,-0.20659529,-0.35749927,0.50823677,1.9254025,-0.108264364,-0.6993768,-0.30316427,0.07523678,1.5860951,-0.58778524,-0.809017,-1.0,-1.8369701e-16,0.0
2020-09-17 00:00:00,5.0,-0.3450367,-0.57643306,0.4029941,0.62446463,-0.67168164,-1.2971878,-0.94079566,-0.3740267,-0.42254543,-0.40398943,-0.055053327,-0.6467231,-0.054652713,0.13931316,-0.03539123,-0.23708612,0.27171353,-0.43595827,1.6955867,-0.050980337,-0.16651489,0.19201922,-0.7334961,0.011490154,-0.011490154,0.23295693,0.3897471,0.37861204,-0.15172929,-0.32477304,0.022573294,2.1749678,-0.2705789,-1.1280619,-0.7581026,-0.013512173,2.4535732,-0.58778524,-0.809017,-1.0,-1.8369701e-16,0.0
2020-09-24 00:00:00,5.0,-0.8998146,-1.2270613,-0.008924776,-0.47952554,0.4430907,1.1477723,1.8860508,-0.28440163,-0.2646859,-0.27237096,0.075640686,-0.44749615,-0.624095,-0.37103757,-0.45939738,-0.7188803,-0.54507834,-0.6078305,1.105493,-0.94071573,-0.68680423,-0.3641397,0.43310145,0.7891621,-0.7891621,0.47124857,-0.2543934,-0.14352046,-0.4302636,-0.14872035,-0.6821067,1.1260376,-0.7852561,-1.4866457,-1.5227501,-0.78549445,2.4974277,-0.58778524,-0.809017,-1.0,-1.8369701e-16,0.0
2020-10-01 00:00:00,5.0,0.87121874,1.2335258,-0.6058723,-0.592816,0.24803852,0.10669709,-0.6390689,0.15944017,-0.26843125,-0.3228323,-0.060953252,-0.34211648,-0.041630283,0.118337065,-0.47816074,-0.4832604,-0.30014464,-0.15765396,1.6054192,0.034383032,-0.13372183,0.11821605,0.2887845,-0.036147952,0.036147952,0.9186366,0.12835252,0.44507748,-0.2227074,-0.0076933242,-0.2925011,0.5662515,-0.23447022,0.12946467,-0.21030192,0.0336689,2.4614823,-0.58778524,-0.809017,-1.0,-1.8369701e-16,1.0
2020-10-08 00:00:00,5.0,-0.27489442,-0.8871057,-0.8675853,0.9847351,-0.8463758,-0.5061442,-0.5437346,0.44951245,-0.422757,-0.43308362,-0.1570593,-0.56173617,-0.21023725,-0.032364197,-0.5803342,-0.7509677,-0.08893545,-0.30803165,1.4343349,-0.22896096,-0.28935716,-0.055202626,-1.2533301,0.5243695,-0.5243695,0.75314045,-0.35141316,0.22256184,-0.13200273,-0.10983298,-0.1815234,-0.16917181,-0.3883603,-0.6720453,-0.15417951,-0.19463634,2.4852118,-0.58778524,-0.809017,-0.8660254,0.5,0.0
2020-10-15 00:00:00,5.0,-0.015250145,-0.25943217,3.0,-0.9324104,0.07840612,0.58508706,0.61209005,0.6153803,-0.39849406,-0.43439063,-0.19126754,-0.48540762,-0.19616188,-0.024892308,-0.62818545,-0.31654036,-0.25554755,-0.057012036,1.2630787,-0.23315164,-0.300354,-0.09165811,0.09745377,0.52896976,-0.52896976,0.49220824,0.11902327,0.2325164,-0.12110784,-0.29119658,0.22370975,-0.17642571,-0.39872426,0.14970514,0.4520454,-0.17801237,2.5988147,-0.58778524,-0.809017,-0.8660254,0.5,0.0
2020-10-22 00:00:00,5.0,-0.94236773,-1.5409309,0.27148682,-1.4320177,-0.3153951,-0.18747929,-0.57250893,-0.51913625,-0.38755384,-0.40321818,-0.13112132,-0.51162237,-0.8532475,-0.6082448,-0.93865883,-0.6080518,-0.77260476,-0.7675698,1.1156875,-1.2031939,-0.90261716,-0.7291693,-0.2647143,2.1478584,-2.1478584,0.7967054,-0.42329454,-0.46107295,-0.30573168,-0.22518209,-0.8509872,-0.18169565,-1.0005338,-0.6668683,-0.7882203,-1.0822173,2.415421,-0.58778524,-0.809017,-0.8660254,0.5,0.0
2020-10-29 00:00:00,2.0,-1.2422283,-1.3242303,0.6697813,-1.3285965,1.5279053,-0.14733335,-0.17075403,0.26969787,0.018789124,-0.063442394,0.19718902,-0.026678907,-1.5686947,-1.3186017,-1.3772222,-0.7828557,-1.3838017,-1.2106006,0.3940417,-2.1362157,-1.5625856,-1.4828291,0.83555925,2.3591063,-2.3591063,0.8532861,-0.9667734,-1.1570057,-0.8075691,-0.0641123,-1.7256755,-0.4618715,-1.6584295,-1.0449696,-1.2965039,-2.241858,2.4792452,-0.58778524,-0.809017,-0.8660254,0.5,0.0
2020-11-05 00:00:00,5.0,0.19820188,0.22774632,0.62695223,0.8786875,1.3781346,1.4367628,0.7084279,-0.28234884,0.21204826,0.086540624,0.28096718,0.24148335,-1.3729702,-1.1764071,-1.4838051,-1.0937577,-1.4481459,-0.78495574,0.20618306,-1.7317777,-1.3220556,-1.3211211,0.7600511,1.4134308,-1.4134308,0.13423023,-0.4058671,-0.88923657,-0.8660354,0.064769685,-2.056447,-0.5579971,-1.4114802,0.1757366,-1.1215116,-1.5028131,2.165302,-0.58778524,-0.809017,-0.8660254,0.5,0.0
2020-11-12 00:00:00,5.0,1.6852515,1.3129932,-0.5933853,-0.794387,1.5706838,1.5872856,-0.024872288,1.1855699,0.30206874,0.10875238,0.16113597,0.5065332,-0.15177928,-0.12683827,-1.0136226,-0.12824473,-0.8046273,0.3471727,1.2748004,-0.19719079,-0.3212128,-0.35853642,0.9819199,7.6418124e-05,-7.6418124e-05,1.5179502,0.2717992,0.3841988,-0.6146411,0.41529775,-0.69817907,-0.7444728,-0.42754793,0.5614359,0.6650329,-0.038589552,1.9205357,-0.58778524,-0.809017,-0.5,0.8660254,0.0
2020-11-19 00:00:00,5.0,-0.14564966,-0.2072944,3.0,-0.77130085,-0.6949062,0.059639897,-0.8234305,-0.1262835,0.03343525,-0.04338329,0.05332787,0.11986353,-0.22993296,-0.20446509,-0.7828137,-0.19311021,-0.46814504,0.23261805,1.1109931,-0.37020022,-0.4292466,-0.44663927,-0.7486386,0.101676404,-0.101676404,1.456004,-0.46572208,0.2252732,-0.5012109,0.24667573,-0.07954884,-0.7875367,-0.5455533,-0.6404652,1.2550746,-0.14539729,1.8551545,-0.58778524,-0.809017,-0.5,0.8660254,0.0
2020-11-26 00:00:00,5.0,-0.7952708,-1.4521186,-0.64281905,-0.62594676,-0.49137595,1.5686198,0.76884794,-0.012362433,-0.07129726,-0.07127456,0.085019045,-0.09576408,-0.753291,-0.7052746,-0.80720556,-0.13909158,-0.6825619,-0.3982162,0.5241384,-1.1938572,-0.9136694,-0.9416784,-0.40582874,0.77438897,-0.77438897,1.3042802,-1.6041956,-0.45898864,-0.84778744,0.1921859,-1.0994958,-0.82249033,-1.0123395,-1.0118477,0.5977988,-0.85474813,1.5676779,-0.58778524,-0.809017,-0.5,0.8660254,0.0
2020-12-03 00:00:00,5.0,0.8386344,0.9506411,-0.034582153,-0.36827475,0.28178385,0.7785366,-0.4431682,0.8118957,-0.12669596,-0.1558116,-0.05964188,-0.07380825,-0.15994456,-0.16803935,-0.53549033,0.87514853,0.09804181,-0.471421,1.3655385,-0.20587973,-0.34469584,-0.4061835,0.1485565,0.002741386,-0.002741386,0.8447554,-0.66004527,0.2605275,-0.62883854,-0.044441167,-0.5251698,-0.8520428,-0.44823366,0.18145752,-0.0034596168,-0.04948518,1.4710622,-0.58778524,-0.809017,-0.5,0.8660254,0.0
2020-12-10 00:00:00,5.0,0.92080677,1.5662903,-0.92534935,-1.1289939,-0.11419529,0.93430793,-0.033123255,-0.062031213,-0.2520637,-0.29500332,-0.2510547,-0.1439575,0.43476567,0.41468456,-0.07029372,1.2186607,0.1366312,-0.17603219,1.120362,0.81235456,0.29168382,0.23714824,0.004912268,-0.89370865,0.89370865,0.7880655,0.40144086,1.0924134,-0.35594204,-0.23761551,0.64677,-0.8477248,0.18066835,0.57648164,0.6064302,0.8950791,1.2160099,-0.58778524,-0.809017,-2.4492937e-16,1.0,0.0
2020-12-17 00:00:00,5.0,-0.7531284,-1.4483297,-0.5044746,-0.67408395,-0.7162554,0.9712782,-0.06895092,-0.20318909,-0.34557065,-0.3380899,-0.24375404,-0.3319914,-0.09330761,-0.08647728,0.019672545,0.036044423,-0.08483172,-0.17970343,1.3705953,0.016681511,-0.19190207,-0.24822448,-0.68927425,-0.52886796,0.52886796,0.43098405,-0.9205783,0.3968598,-0.55082935,-0.49185073,0.35367644,-0.8696701,-0.3026762,-0.6301078,0.6087031,0.18980642,1.0926379,-0.58778524,-0.809017,-2.4492937e-16,1.0,0.0
2020-12-24 00:00:00,5.0,0.3864311,0.5822751,1.9155875,-1.2437396,-0.37006196,1.6795341,0.36230314,0.43636373,-0.3977864,-0.41321826,-0.35088503,-0.34777984,0.17479518,0.17370088,0.19262435,0.29280546,0.09751295,-0.16886051,1.206876,0.43285078,0.100477435,0.05473465,-0.20589836,-0.6956431,0.6956431,0.46318474,0.53155,0.7915574,-0.51233226,-0.393995,0.61183876,-0.75476074,-0.021842765,0.17428514,0.30180928,0.6280099,0.9706569,-0.58778524,-0.809017,-2.4492937e-16,1.0,0.0
2020-12-31 00:00:00,5.0,0.7151787,1.5890702,-0.9119602,-1.2879258,-0.6870371,-2.1190915,-1.9761369,-0.037405033,-0.530916,-0.5630483,-0.5410676,-0.4599756,0.6256323,0.6366114,0.5367291,1.0178058,0.8352326,0.06431564,1.8663963,1.0587041,0.6557678,0.6631242,-0.62767,-1.1958612,1.1958612,-0.018727956,0.8735669,1.5554209,-0.25207433,-0.38419497,0.95367414,-0.74337256,0.5603654,0.5567918,0.16430849,1.2677412,0.905521,-0.58778524,-0.809017,-2.4492937e-16,1.0,1.0
2021-01-07 00:00:00,5.0,0.6193676,0.8461338,-0.91931576,0.5522774,0.021216879,0.1825023,2.8509192,0.47609466,-0.51837176,-0.60225433,-0.63752866,-0.34914687,0.9875043,1.0333717,0.9052815,0.90150434,1.6316283,0.3137203,2.1834028,1.3595246,1.0957401,1.1665606,0.15272568,-1.1536692,1.1536692,-0.0906604,1.4786136,1.6406615,-0.09956976,-0.3724298,1.3065422,-0.2717996,0.99606866,0.938855,0.96372324,1.2339656,0.83008355,-0.58778524,-0.809017,-2.4492937e-16,1.0,1.0
2021-01-14 00:00:00,5.0,-0.44375703,-0.6006002,1.3708868,-0.14508684,-0.7785087,0.38135433,0.0002330884,-0.6572616,-0.5727267,-0.6403448,-0.65760785,-0.4497697,0.64615476,0.71275246,0.976175,0.2501531,1.3294636,-0.074382946,1.3136675,0.89699876,0.7968103,0.86598504,-0.67446494,-0.71095616,0.71095616,-0.050220273,0.3776654,0.95239395,-0.13068607,-0.40660545,1.1469376,0.052748643,0.6886921,-0.63857293,0.42197788,0.69848883,0.70540446,-0.58778524,-0.809017,0.5,0.8660254,0.0
2021-01-21 00:00:00,5.0,0.7602328,0.5954444,0.5320338,-0.06437736,-0.5335166,-0.051401086,-0.3765733,2.1626449,-0.5496546,-0.6735039,-0.75808,-0.3085753,1.0832889,1.181577,1.1718819,0.9647162,0.9161714,0.17783853,1.5236074,1.3277093,1.3433084,1.4681804,-0.40378174,-0.97765785,0.97765785,-0.54394144,1.2138929,1.2740815,0.008957398,-0.27845103,1.4098445,0.016099537,1.237319,0.17428514,0.4252226,0.98851514,0.6675638,-0.58778524,-0.809017,0.5,0.8660254,0.0
2021-01-28 00:00:00,5.0,0.9019721,0.7848582,0.89325374,-0.86977893,2.6500168,1.98397,1.440604,-0.825557,-0.03137764,-0.32962754,-0.5618501,0.6041693,1.5211535,1.6794336,1.256169,1.1994804,1.3543932,1.0673614,1.8214263,1.5655053,1.5743014,1.6984338,1.3270769,-0.63987184,0.63987184,-0.3726404,1.8675231,0.58766115,-0.17898358,0.21559192,1.6641395,-0.12742297,1.4148135,0.5979764,0.5293207,0.5988759,-0.029069547,-0.58778524,-0.809017,0.5,0.8660254,0.0
2021-02-04 00:00:00,5.0,-1.3840952,-1.3823961,-0.0934897,-0.89284587,1.4818847,2.1134226,0.24264094,0.27761197,0.3374138,0.045405243,-0.16452101,0.8949724,0.40330082,0.6092801,0.87910783,0.2029462,1.0843943,0.52641994,0.8131005,0.6183794,0.5256006,0.5772393,1.1471149,0.09499701,-0.09499701,0.7369752,0.43142527,-0.5492931,-0.7256745,0.5771602,0.9601866,0.13837986,0.33000886,-0.5999709,-0.21278355,-0.24995454,-0.5066467,-0.58778524,-0.809017,0.5,0.8660254,0.0
2021-02-11 00:00:00,5.0,1.0493352,1.2216115,-0.5932284,-0.5530505,0.38419327,-0.2883287,-1.350383,0.43455762,0.19853583,-0.047344178,-0.29781777,0.7595513,0.9625646,1.2110757,0.9389572,0.42368478,1.1784729,1.4761307,1.17477,1.1106297,1.0871985,1.2096463,0.42698833,-0.45265007,0.45265007,0.9014219,0.9706654,0.5042762,-0.4926615,0.5843015,0.8903951,0.2023499,0.9024291,0.27369106,-0.098852314,0.51154023,-0.779373,-0.58778524,-0.809017,0.8660254,0.5,0.0
2021-02-18 00:00:00,5.0,-0.26348907,-0.8183219,-0.70140326,1.021612,-1.1149188,-1.3195086,-1.1615272,0.18411756,-0.17277339,-0.27225667,-0.4474356,0.17952809,0.8169694,1.0537194,0.9559479,0.506511,0.67157507,0.9301598,0.7007868,0.8510151,1.0036007,1.1778811,-2.1873937,-0.21488222,0.21488222,0.85256946,0.42586225,0.22506633,-0.32960647,0.4108438,0.8025623,0.35480398,0.846276,-0.56576777,-0.67865515,0.3853542,-0.9546862,-0.58778524,-0.809017,0.8660254,0.5,0.0
2021-02-25 00:00:00,5.0,-0.5966918,-0.8166518,-0.2089041,0.580622,-0.37621346,-0.07428362,1.7607448,-0.51124454,-0.24717793,-0.29698294,-0.42562482,0.008082574,0.40110457,0.64608395,0.6939639,-0.1499234,0.73369825,0.7607505,0.35875562,0.4631624,0.5984989,0.7684496,-0.14203355,0.18365291,-0.18365291,0.79206777,-0.3986035,-0.3424164,-0.39213398,0.28388906,0.43099153,0.5232602,0.4429943,-0.99905974,-0.012336229,0.031615507,-0.8480893,-0.58778524,-0.809017,0.8660254,0.5,0.0
2021-03-04 00:00:00,5.0,-1.1847173,-1.6846952,-0.89692473,-1.1978885,0.17548129,0.97174656,0.9613371,0.47209948,-0.11274706,-0.1426942,-0.21298623,0.072307,-0.40381843,-0.1589314,0.070869654,-1.1636969,0.043253977,0.15653607,-0.26211607,-0.20929477,-0.23476695,-0.090863414,0.27914497,1.0333633,-1.0333633,0.416353,-1.4379328,-1.3935328,-0.711583,-0.1728304,-0.036363907,0.6702428,-0.40524533,-1.4227104,-1.2634755,-0.7148939,-0.47416142,-0.58778524,-0.809017,0.8660254,0.5,0.0
2021-03-11 00:00:00,5.0,0.49566656,0.57937104,-0.38473952,1.1297778,0.6200554,0.026149677,-0.81379145,-0.1418942,0.0038806873,-0.08082767,-0.20540476,0.2722841,-0.052479718,0.17575063,-0.20026876,-0.24884592,-0.040907133,0.8768787,-0.19538184,0.04890807,0.04419995,0.14833035,0.6109415,0.9542955,-0.9542955,0.2286026,-0.6230613,-0.7406398,-0.65379804,-0.28777105,-0.21765691,0.370755,-0.1101673,0.3373437,-0.79732764,-0.3380587,-0.5970572,-0.58778524,-0.809017,1.0,6.123234e-17,0.0
2021-03-18 00:00:00,5.0,0.2519992,0.64540786,0.29040053,0.3073392,-1.2280684,-0.8268589,-0.92388994,0.37585574,-0.38542792,-0.38149872,-0.47434324,-0.2332043,0.1601714,0.3748823,-0.30702522,-0.635092,-0.19817974,1.6157036,-0.18803169,0.17555767,0.18960415,0.3926888,-2.4632552,0.77448887,-0.77448887,-0.31182605,-0.02867369,-0.6154995,-0.34454188,-0.52011496,0.07278754,0.47812912,0.066253945,0.7773572,-0.22635688,-0.12101276,-1.3266755,-0.58778524,-0.809017,1.0,6.123234e-17,0.0
2021-03-25 00:00:00,5.0,0.16823122,0.6515779,-0.6126227,1.1335188,-0.748556,0.0976751,0.9859271,-0.40121743,-0.57623804,-0.56319886,-0.6585232,-0.46266297,0.33830452,0.5380354,-0.3344659,-0.42347845,0.07378525,1.5989935,-0.35707662,0.2742131,0.26906946,0.6053937,-1.4319367,0.6360324,-0.6360324,-0.2489521,0.8184682,-0.48036844,-0.10004003,-0.44521853,0.07921975,0.5444005,0.13897935,1.2173707,0.6404819,-0.19381545,-1.2507058,-0.58778524,-0.809017,1.0,6.123234e-17,0.0
2021-04-01 00:00:00,5.0,0.39954212,0.5245102,0.91138035,0.08618311,-0.0764515,-0.13301902,-0.36345553,0.47334272,-0.58600223,-0.63142824,-0.780632,-0.3971224,0.71473247,0.88280976,-0.19718033,0.06478629,-0.079496354,0.98418957,-0.50875086,0.54184395,0.59069717,0.9912986,-0.14872476,0.28571814,-0.28571814,-0.116669744,1.3949584,0.029376797,0.1236674,-0.38907385,0.45799598,0.29907104,0.45833966,1.6573843,0.59903824,0.0295012,-1.962629,-0.58778524,-0.809017,1.0,6.123234e-17,1.0
2021-04-08 00:00:00,5.0,-0.16863318,0.6955653,1.0802679,-0.64111686,-1.2738967,-1.2003883,-1.2280682,-1.3120261,-0.8739257,-0.8840978,-1.018079,-0.8091328,0.61782134,0.80314887,-0.19216157,0.56838816,-0.56807154,0.98177344,-0.21324977,0.3693859,0.45881054,1.060796,-2.2771752,0.41067168,-0.41067168,-1.4648358,0.7112174,-0.28262275,0.53080434,-0.62891454,0.3478335,0.1468082,0.35753295,-0.54268336,0.3256327,-0.07667825,-2.0950954,-0.58778524,-0.809017,0.8660254,-0.5,0.0
2021-04-15 00:00:00,5.0,-0.6913416,-1.0780232,-1.24513,0.87430805,0.28564388,0.3958066,2.2309077,0.36064056,-0.6550177,-0.7367411,-0.8794939,-0.48249957,-0.050163843,0.23557232,-0.5135436,-0.019019242,-0.25537127,1.02885,-0.35123944,-0.28677404,-0.34504044,0.37808567,0.1461396,1.1017675,-1.1017675,-0.860463,-0.36844406,-0.9608786,0.14118,-0.6367714,-0.24611524,0.06897468,-0.48652363,-0.9826969,-0.3175527,-0.6883259,-1.9235741,-0.58778524,-0.809017,0.8660254,-0.5,0.0
2021-04-22 00:00:00,5.0,1.1054089,1.3490624,-0.4741113,-1.0280685,0.2708293,0.41781646,-0.09885852,0.68332887,-0.5750917,-0.76485807,-1.0482873,-0.21605133,0.8807891,1.0533308,-0.19204131,0.40315965,-0.22303525,1.1819481,1.1150049,0.83359796,0.63924026,1.3223382,0.09429093,-0.18823047,0.18823047,-0.1256042,0.65646285,0.4820883,0.76820546,-0.3531994,0.5330874,0.0823536,0.53150576,0.31326196,0.10810667,0.21521164,-1.7989299,-0.58778524,-0.809017,0.8660254,-0.5,0.0
2021-04-29 00:00:00,5.0,-0.86065245,-1.6193355,-0.8106066,-0.9956698,-0.62305456,-0.5219195,-0.9432597,-0.5593055,-0.61901045,-0.7678894,-0.9989371,-0.3504083,0.062495455,0.33084404,-0.4166843,-0.109654434,-0.50835896,0.23842281,0.597691,-0.14458776,-0.23077938,0.5665245,-1.1225516,0.7132139,-0.7132139,0.27546227,-0.2988857,-0.5434362,0.46955508,-0.29714537,0.13912927,0.105552405,-0.3669451,-0.62231594,-0.4509505,-0.8131191,-1.5791802,-0.58778524,-0.809017,0.8660254,-0.5,0.0
2021-05-06 00:00:00,5.0,0.81218666,1.3194548,-0.24793042,-1.2989364,0.03368531,0.087191455,0.53704,-0.0803142,-0.6077904,-0.8122691,-1.1279608,-0.23471682,0.71671623,0.92332315,-0.18821096,0.08227626,0.1387261,1.035661,2.6123798,0.86546034,0.48910877,1.2941551,0.02810831,-0.7115447,0.7115447,0.5215949,0.6959738,0.53055483,1.0017734,-0.25053674,0.5944954,-0.38609913,0.37527922,0.26780573,0.6391713,0.15558405,-1.6468977,-0.58778524,-0.809017,0.8660254,-0.5,0.0
2021-05-13 00:00:00,5.0,0.092701845,0.3707338,1.9096353,-0.7956882,-0.39833635,-0.34004647,-0.54208004,-0.40192395,-0.6612253,-0.86221075,-1.1873736,-0.2984388,0.8399238,1.0306233,-0.00012549263,0.22317955,0.7586103,0.8812959,2.1715944,1.0699879,0.5436895,1.4094279,-0.5204884,-0.8188366,0.8188366,0.52210146,1.365263,0.732852,1.2387385,-0.037971906,1.2028229,0.056081545,0.421642,0.74350417,-0.08760944,0.30380383,-1.5838622,-0.58778524,-0.809017,0.5,-0.8660254,0.0
2021-05-20 00:00:00,5.0,0.18183662,1.0173167,0.5432503,-1.2975389,-0.5321322,-0.7549715,-0.38348925,-1.3410962,-0.7782945,-0.9676302,-1.3050104,-0.39191437,1.1618483,1.3722539,0.23058638,0.7664993,0.6473687,0.61944354,3.0,1.4076917,0.81036496,1.7523252,-0.9358881,-1.1528013,1.1528013,0.1930799,1.6901379,1.1603788,1.6992385,-0.17630747,1.3939862,0.10326686,0.7480124,1.1866513,0.8479401,0.7621887,-1.5921406,-0.58778524,-0.809017,0.5,-0.8660254,0.0
2021-05-27 00:00:00,5.0,-0.3852658,-0.508087,1.8374931,-0.38931698,-0.65254974,-0.8121991,-0.21512958,-0.2018357,-0.92482346,-1.0675766,-1.367148,-0.54835844,0.8977729,1.1740763,0.21818237,-0.097403064,0.37284705,0.12737353,2.6386008,0.9031187,0.5065252,1.5497975,-1.4249781,-0.7268889,0.7268889,-0.17826557,0.70699567,0.83298886,1.8591158,-0.4133514,1.300743,0.19330674,0.4507607,-0.71870506,0.009838486,0.46798894,-1.6137534,-0.58778524,-0.809017,0.5,-0.8660254,0.0
2021-06-03 00:00:00,5.0,-0.8213526,-1.0812236,0.13483536,-0.3566369,-0.05609303,-0.54693496,0.10171505,0.14348616,-0.89097863,-1.0228963,-1.2718946,-0.40190765,0.15116243,0.531852,-0.17813176,0.09563466,-0.04044316,0.049202964,0.6180228,-0.048117742,-0.2719568,0.86051285,0.21051599,-0.08550403,0.08550403,-0.517963,-0.17629713,0.07538227,1.3940881,-0.2446482,0.3308726,-0.32041258,-0.3452177,-1.1575222,-0.6505186,-0.3035005,-1.4624228,-0.58778524,-0.809017,0.5,-0.8660254,0.0
2021-06-10 00:00:00,5.0,-0.23684151,-0.19093308,0.15838918,2.0512717,-0.22732341,-0.59688497,-0.20113507,-0.36237288,-0.9483286,-1.05627,-1.2726156,-0.3404897,-0.00093095173,0.3942473,-0.54670095,-0.5164356,-0.36420554,-0.44427776,0.05866105,-0.28528965,-0.44527283,0.6336478,-0.0006683728,0.037417565,-0.037417565,-1.1946332,-0.9638182,-0.08205668,1.332242,-0.3040823,-0.4966719,-0.47729012,-0.5131848,-1.5718418,-1.0450246,-0.4497415,-1.4762261,-0.58778524,-0.809017,1.2246469e-16,-1.0,0.0
2021-06-17 00:00:00,5.0,-0.35481533,-0.78613794,0.5599782,-0.11004422,-0.80442,-0.5181778,-0.12509541,0.41084304,-1.2179931,-1.2006549,-1.3379991,-0.6483668,-0.28880712,0.15242617,-0.9417375,-0.75289553,-0.40366095,-1.0531275,-0.6170946,-0.57339567,-0.6542888,0.37503526,-1.6228368,0.85970443,-0.85970443,-1.2319802,-1.6027036,-0.47357446,1.451393,-0.40323126,-0.40434235,-0.15796463,-0.6987276,-1.9647864,-1.0902383,-0.5895733,-0.831696,-0.58778524,-0.809017,1.2246469e-16,-1.0,0.0
2021-06-24 00:00:00,5.0,-0.53326994,-0.8229705,0.56035805,-0.2066911,-0.8616838,0.15304875,0.35487264,-0.26195788,-1.5003487,-1.3565776,-1.3968786,-0.9441424,-0.743023,-0.2366168,-1.4039112,-1.2876072,-0.2100393,-0.49939415,-0.5023283,-1.1655747,-1.102251,-0.018423254,-1.9250153,1.3505571,-1.3505571,-1.6935389,-2.2423398,-1.0944794,1.4697546,-0.47905612,-0.99442303,-0.14578418,-1.1829039,-2.295956,-0.8188866,-1.0735703,-0.29152086,-0.58778524,-0.809017,1.2246469e-16,-1.0,0.0
2021-07-01 00:00:00,5.0,0.48173478,1.1370976,-0.66252834,-0.23789856,-1.6362743,-0.45778206,-0.52886504,0.6875203,-2.056883,-1.7496593,-1.686611,-1.5947831,-0.22031803,0.16013902,-1.4978746,-0.85365117,-0.6608084,-0.88881403,-0.07179365,-0.4319486,-0.52600527,0.48502418,-2.2575574,0.69729096,-0.69729096,-0.76977843,-1.4313948,-0.63777816,2.439885,-0.7566267,-0.68186396,-0.06169737,-0.57197124,0.36773655,-0.20083582,-0.44629756,-0.48087507,-0.58778524,-0.809017,1.2246469e-16,-1.0,1.0
2021-07-08 00:00:00,5.0,1.0993634,1.6542062,-1.2959373,-1.1820378,-0.09772891,-1.0239099,-0.4674411,-0.021436576,-1.9704664,-1.8658332,-1.8518622,-1.218837,0.79135275,0.9778236,-0.94206434,0.2608576,0.26074985,-0.34324214,0.4699599,0.9401784,0.6669957,1.4130412,-0.5343636,-0.69614756,0.69614756,-0.17455068,-0.8201829,0.890267,3.0,-0.8101206,0.48954815,-0.082239375,0.67626125,0.7904109,0.99005127,0.8963761,-0.37662548,-0.58778524,-0.809017,-0.5,-0.8660254,0.0
2021-07-15 00:00:00,5.0,0.152713,0.74913126,-0.26476863,0.3158142,-0.7886007,-0.5466524,0.18788163,-0.8813892,-2.116064,-2.04734,-1.9796207,-1.3380603,0.9721759,1.1202632,-0.50222707,0.48571286,-0.1290295,0.037082437,0.4859442,0.9989154,0.867273,1.5764654,-1.8645353,-0.98970705,0.98970705,-0.21077837,-0.20732953,1.1639031,3.0,-1.0242406,0.8552373,-0.05833869,0.90269667,1.2165836,1.5485119,1.1691782,-0.43079022,-0.58778524,-0.809017,-0.5,-0.8660254,0.0
2021-07-22 00:00:00,5.0,-0.34932593,-0.0947408,-0.130906,2.3449523,0.44435713,0.75798875,0.6353263,-1.3079652,-1.7733089,-1.9300778,-1.9053077,-0.7681481,0.660583,0.8693794,-0.3508794,0.498877,-0.3179577,0.56246334,0.6836667,0.65036637,0.38431987,1.1698656,0.33829194,-0.4280959,0.4280959,0.004479083,-1.2487513,0.858745,2.6322381,-0.6351308,0.37194377,-0.09356102,0.34468994,-0.5857625,0.79596084,0.88770014,-1.2014099,-0.58778524,-0.809017,-0.5,-0.8660254,0.0
2021-07-29 00:00:00,5.0,0.577772,0.966026,-0.06577333,-0.5362274,0.062906906,-0.9800496,-1.0056152,-0.13365969,-1.7152189,-1.9628147,-1.9772211,-0.6090416,1.2003928,1.3027797,0.019050421,1.1325935,-0.20067799,0.49988422,0.50570506,1.2639405,0.92105913,1.6086297,-0.5410494,-1.1744565,1.1744565,-0.49605557,-0.60504746,1.6844107,2.7987468,-0.3962192,1.0517924,0.03862775,0.91001886,0.31541055,0.39091927,1.3551965,-1.2977024,-0.58778524,-0.809017,-0.5,-0.8660254,0.0
2021-08-05 00:00:00,4.0,0.18139696,0.17727008,0.48928985,1.0476558,-0.91767085,-1.4090443,-0.51180595,0.6594668,-1.8677359,-2.0739791,-2.0661812,-0.8970743,1.3906958,1.4506782,0.34563783,0.9531097,0.07615063,0.42849994,0.68770486,1.3045651,1.1068919,1.8010657,-1.7782507,-1.1875602,1.1875602,-0.49796608,-0.017344832,1.6806456,2.987725,-0.13104309,1.2127138,0.1122886,1.1494316,0.74212825,0.41701522,1.3446655,-1.3397379,-0.58778524,-0.809017,-0.5,-0.8660254,0.0
2021-08-12 00:00:00,5.0,-0.026342846,-0.2187808,0.19727048,1.9818118,-1.7058005,-1.623863,-0.54757386,0.58175063,-2.2159753,-2.334572,-2.240688,-1.5542495,1.4259715,1.4689233,0.56090343,0.30681747,0.44538543,0.33175987,1.1202905,1.1318899,1.1716739,1.9618514,-1.9721559,-1.315793,1.315793,-1.2947395,0.45398125,1.7233356,3.0,-0.726508,1.0925297,0.25378898,1.2474881,1.1522837,0.7424413,1.4399291,-1.1899123,-0.58778524,-0.809017,-0.8660254,-0.5,0.0
2021-08-19 00:00:00,5.0,0.6870899,0.88133943,0.7108332,-1.0710431,1.0233291,-0.45037535,0.99758863,-0.039495658,-1.7937181,-2.1799421,-2.2351322,-0.6472471,2.0007858,1.9606681,0.9495199,0.6137775,0.86380213,0.3744175,1.8866402,1.52819,1.7837077,2.3026295,0.90451384,-0.96561205,0.96561205,-0.8939178,1.0730013,1.195096,3.0,-0.07238043,1.5411494,0.19447057,1.8681946,1.5485402,0.81672484,1.0738231,-1.5449258,-0.58778524,-0.809017,-0.8660254,-0.5,0.0
2021-08-26 00:00:00,5.0,-0.9075498,-0.9392139,1.5251245,-0.9732724,0.9808854,-0.38206664,-0.03593078,-0.7608191,-1.3471721,-1.8719243,-2.0293522,0.012482947,0.94091076,1.184859,0.6740427,0.3031028,0.64769703,0.1306109,1.5021247,0.5974927,0.70442593,1.3890418,0.88331217,-0.104083836,0.104083836,-0.23420888,0.14932218,0.14428,2.2411902,0.09965224,1.0331075,0.28876725,0.7868023,-0.6782931,-0.42402056,0.24600844,-1.6412534,-0.58778524,-0.809017,-0.8660254,-0.5,0.0
2021-09-02 00:00:00,5.0,-0.26877275,-0.32092077,0.08823566,1.8319836,-1.3717332,-0.51847696,-0.27721646,-0.37302196,-1.6666648,-2.0322478,-2.1206117,-0.66117007,0.74592566,1.0274403,0.3938179,-0.19667281,0.7880071,0.46070197,1.0721012,0.37618542,0.44402,1.3067343,-1.7143823,0.031373303,-0.031373303,-0.28845164,-0.7202755,-0.15168324,2.4396355,-0.38430193,0.27349684,0.6952161,0.49702853,-1.0885928,-0.6627489,-0.15736245,-1.4514283,-0.58778524,-0.809017,-0.8660254,-0.5,0.0
2021-09-09 00:00:00,5.0,-0.5925383,-1.246606,-0.33957317,-0.28153738,-0.14607973,-1.759031,-0.99000645,0.7625045,-1.5817949,-1.9504797,-2.0485437,-0.5952507,0.105658926,0.54168534,-0.14838976,-0.646256,0.28555733,-0.47687852,0.2793333,-0.18059658,-0.15429308,0.79114634,-0.8655312,0.5055292,-0.5055292,0.1291948,-1.2659266,-0.7885166,2.1674995,-0.15342522,-0.034535654,0.027775807,-0.098445624,-1.4766724,-1.8293889,-0.84938365,-1.6268839,-0.58778524,-0.809017,-1.0,-1.8369701e-16,0.0
2021-09-16 00:00:00,5.0,-1.7634785,-1.5860978,-1.2517886,-0.47368398,2.0354862,0.71222776,1.886045,-0.94896513,-0.7521337,-1.3187308,-1.5706342,0.62363476,-1.68808,-0.967981,-1.2718487,-1.6401721,-1.0700669,-0.65624213,-0.5803101,-1.9085643,-1.8942822,-0.74708414,1.3720104,2.0618184,-2.0618184,1.1643642,-2.0749264,-2.404625,0.92838,1.3325381,-1.5500915,-0.22945169,-1.8705344,-1.844976,-2.449787,-2.687182,-1.1586761,-0.58778524,-0.809017,-1.0,-1.8369701e-16,0.0
2021-09-23 00:00:00,5.0,-0.48477474,-0.8622396,-0.4450774,0.750057,-0.071036264,1.7143791,0.34769955,0.3135195,-0.8399071,-1.3031036,-1.534495,0.36209142,-1.9584274,-1.2760788,-2.0786269,-2.2232108,-1.3529302,-1.3322951,-0.3403985,-2.1028285,-2.139245,-1.0826032,-0.7797901,2.3054154,-2.3054154,-0.048928704,-2.6251822,-2.6951714,0.8373861,0.7026173,-2.1554642,-0.51324916,-2.1044662,-2.165647,-2.4448338,-2.8523777,-0.7505985,-0.58778524,-0.809017,-1.0,-1.8369701e-16,0.0
2021-09-30 00:00:00,5.0,-0.0497861,-0.27979112,0.38441798,1.5208557,-0.25671145,-0.34872684,-1.0276005,0.6726139,-0.9826003,-1.3575572,-1.566714,0.07775849,-1.848486,-1.2314266,-2.4389465,-1.7199908,-1.1960304,-1.3901782,-0.57528526,-1.889194,-1.9861947,-1.0981039,-1.0816929,2.1488497,-2.1488497,0.29773355,-1.7727717,-2.5619872,0.93157893,0.1086168,-1.9870341,-0.53327096,-1.954209,0.3574369,-1.787977,-2.6074739,-0.42716306,-0.58778524,-0.809017,-1.0,-1.8369701e-16,0.0
2021-10-07 00:00:00,5.0,-1.1652257,-1.207044,-0.9511176,0.19251591,2.1859708,1.2396622,0.84173775,0.8639851,-0.25322586,-0.79097956,-1.1466479,1.1003617,-2.5500093,-2.00927,-2.6482482,-2.1364977,-1.9336966,-2.0550227,-1.1756326,-2.3694048,-2.512473,-1.8631002,1.5387894,2.1173944,-2.1173944,0.12233041,-2.294427,-2.9385805,0.11227727,1.397154,-2.2438626,-1.1554289,-2.481381,-0.464133,-1.0176322,-2.5200217,-0.5073969,-0.58778524,-0.809017,-1.0,-1.8369701e-16,1.0
2021-10-14 00:00:00,5.0,-0.23749536,-0.34283164,1.1722473,0.5003519,0.46724275,-0.45293292,-0.9218066,0.12381357,-0.26407743,-0.7188023,-1.0709332,0.9886638,-2.4942439,-2.041149,-2.7213845,-1.8954562,-2.042946,-1.9620351,-1.3392938,-2.1297507,-2.3807926,-1.9606174,0.21017802,2.0702105,-2.0702105,0.28164437,-2.4188604,-2.8100545,0.021773808,1.4899184,-2.1371834,-1.2812674,-2.3631544,-0.85663795,-0.8182434,-2.422994,-0.3626316,-0.58778524,-0.809017,-0.8660254,0.5,0.0
2021-10-21 00:00:00,5.0,1.1826266,1.2170444,-0.23407133,-0.84605336,0.8953311,0.8860085,0.70588243,0.69287354,-0.27899578,-0.733904,-1.1403818,1.1118987,-1.2490245,-1.0881509,-2.1932983,-0.37806216,-1.4969244,-1.0774034,-1.0630907,-1.2434464,-1.3552713,-1.2201556,0.7181827,1.245796,-1.245796,0.5892058,-1.5437721,-1.6768603,0.32628372,0.7872151,-1.4604086,-1.2526525,-1.3190725,0.44940257,0.3919343,-1.4999479,0.31647146,-0.58778524,-0.809017,-0.8660254,0.5,0.0
2021-10-28 00:00:00,5.0,-0.05602823,-0.28350225,0.6641346,1.1200665,-0.16945237,-0.1015182,-0.62421054,0.6740554,-0.5184427,-0.8316762,-1.1694981,0.65020865,-1.214346,-1.0618745,-1.8518423,-0.16204527,-1.7832222,-0.98922724,-1.2288274,-1.1847098,-1.3152028,-1.2355942,-0.8359091,1.2133192,-1.2133192,0.49001968,-1.8511509,-1.6884947,0.43505466,0.68550074,-1.2125975,-1.9323786,-1.2804422,-0.3929955,1.1918457,-1.4501307,0.3125036,-0.58778524,-0.809017,-0.8660254,0.5,0.0
2021-11-04 00:00:00,5.0,0.28269237,0.25346082,-0.15352525,1.6101227,1.7501104,0.9326653,0.49848157,-0.009600497,-0.0763934,-0.52823603,-0.98912793,1.3637757,-0.8678901,-0.7917035,-1.3215419,0.008817322,-1.2823588,-0.72580886,-0.59856427,-0.94321424,-1.0015692,-1.0644627,1.4181352,0.9588585,-0.9588585,0.5437868,-1.1306121,-1.1873667,0.23696426,1.4648572,-1.1568424,-1.8781409,-0.9653345,0.49839687,1.5960219,-1.1747584,0.34024352,-0.58778524,-0.809017,-0.8660254,0.5,0.0
2021-11-11 00:00:00,5.0,-0.28696564,-0.48932964,-1.4005454,2.3934383,-1.0305884,0.34648427,-0.45816517,-0.23950009,-0.59209967,-0.79075986,-1.1025531,0.380337,-1.0360069,-0.94906193,-1.1322225,0.46258938,-1.2737434,-0.6213013,-0.5190562,-1.0748503,-1.1767912,-1.2257681,-1.5061905,1.0627079,-1.0627079,-0.5522944,-1.5804822,-1.4700096,0.44900528,0.08652343,-1.1421697,-2.5651329,-1.1470716,-0.41738105,0.1917817,-1.2779038,0.3861083,-0.58778524,-0.809017,-0.5,0.8660254,0.0
2021-11-18 00:00:00,5.0,-0.36225754,-0.15132128,2.196748,-0.02650452,0.6045141,1.8870435,0.9526575,-1.194418,-0.4104322,-0.6427315,-0.97906333,0.60319036,-1.2653335,-1.1660792,-0.95988214,0.4049421,-1.1753523,-0.98459333,-0.15743865,-1.2186234,-1.3210005,-1.419512,0.55299574,1.209919,-1.209919,-0.4419557,-1.9524182,-1.5586983,0.2560752,0.20212975,-1.0626357,-2.9483957,-1.2818499,-0.887893,-0.07830784,-1.4289333,0.32342422,-0.58778524,-0.809017,-0.5,0.8660254,0.0
2021-11-25 00:00:00,5.0,-0.90282923,-1.117568,-0.5465447,-0.026907599,0.483349,0.4489194,-0.79921484,0.19590127,-0.23780675,-0.4623158,-0.79498124,0.7008868,-1.8586267,-1.7423172,-1.0299076,-0.6750701,-0.81645614,-1.7930965,-0.9913187,-1.5378724,-1.719732,-1.8444334,0.43101534,1.6451058,-1.6451058,-1.1533194,-1.9949837,-1.9878958,-0.07248002,0.121775754,-1.3916824,-2.696082,-1.6893584,-1.2999083,-1.1232166,-1.8706833,0.21758318,-0.58778524,-0.809017,-0.5,0.8660254,0.0
2021-12-02 00:00:00,5.0,-0.6604201,-0.9411958,-0.9322481,0.7769968,0.17722681,1.3784614,0.56086135,0.48882607,-0.19033724,-0.37131888,-0.6779993,0.6285862,-2.1587296,-2.0713603,-1.1731335,-0.98354185,-0.87713385,-2.057258,-1.0815837,-1.6399269,-1.9091567,-2.098613,0.22032388,1.6328179,-1.6328179,-1.0422106,-2.0118184,-2.2366762,-0.26416028,0.33455804,-1.5964857,-2.5077887,-1.8635579,-1.6898144,-1.3420914,-1.9134343,0.2697636,-0.58778524,-0.809017,-0.5,0.8660254,0.0
2021-12-09 00:00:00,5.0,1.6301179,1.610658,-1.3277854,-0.93991387,1.5441176,1.4301968,-0.020426586,-1.2549915,0.12818803,-0.23237307,-0.68742776,1.3372405,-0.6247751,-0.8322052,-0.6568094,-0.27960667,-0.20686285,-1.2431177,-0.43432534,-0.6885632,-0.72883284,-1.1822155,1.5388,0.4672988,-0.4672988,0.9515903,-1.3396124,-0.94689023,-0.011369151,0.31496033,-1.0318075,-2.262722,-0.6534045,0.52391624,0.6214564,-0.9217318,0.8257541,-0.58778524,-0.809017,-2.4492937e-16,1.0,0.0
2021-12-16 00:00:00,5.0,1.640967,1.5291551,-1.331778,-0.8407173,1.3193616,1.2906895,-0.08986847,-0.2619659,0.28639552,-0.16421738,-0.727439,1.7216933,0.5502816,0.29874948,0.14221275,0.7354374,0.91846895,-0.8246662,0.7325069,0.28402618,0.3416426,-0.3451128,1.4271884,-1.4291607,1.4291607,1.5786645,-0.7987557,0.22422765,0.2825579,1.3333186,-0.13146722,-1.6839999,0.4124565,0.93838763,2.4945245,0.10822128,0.57566,-0.58778524,-0.809017,-2.4492937e-16,1.0,0.0
2021-12-23 00:00:00,5.0,-0.98701334,-0.9480542,0.1740606,-0.02795841,1.069915,1.1412302,-0.129663,0.1457923,0.6128966,0.17348482,-0.42506737,1.832963,-0.14203776,-0.38484094,0.38001278,0.41621518,0.6389354,-1.3093144,1.0482745,-0.17849848,-0.15983172,-0.8464771,1.1187557,-0.3354302,0.3354302,1.7994637,-1.1201326,-0.23004833,-0.15012726,1.4610168,-0.04821325,-1.3703543,-0.12745105,-0.39031512,2.1266413,-0.42906466,0.6572572,-0.58778524,-0.809017,-2.4492937e-16,1.0,0.0
2021-12-30 00:00:00,5.0,0.79171425,1.3107219,-0.8984895,-0.72572124,-0.63268584,-2.0709229,-2.2280025,-0.105033055,0.13356405,-0.114592254,-0.63043505,1.135737,0.42332527,0.19772498,0.7707362,1.3138342,0.4868261,-0.9857867,1.2426267,0.4100114,0.4244063,-0.41803184,-0.39796457,-1.0708212,1.0708212,1.1995806,-0.8860528,0.25979087,0.2623087,1.0079768,0.13888921,-1.3647376,0.47765365,0.49341723,1.0847559,0.12699781,0.7962783,-0.58778524,-0.809017,-2.4492937e-16,1.0,0.0
2022-01-06 00:00:00,5.0,0.06310975,-0.08011617,0.11512658,2.0347662,-0.71124166,-0.61939216,2.7661746,0.8152369,-0.21560064,-0.31227574,-0.73674315,0.5838697,0.5160014,0.2966648,1.0436505,1.6524814,0.54001343,-1.2228653,0.300924,0.63884276,0.59506536,-0.3323371,-0.7833842,-1.1822447,1.1822447,0.8615211,-0.5213272,0.3220428,0.47654808,0.704453,0.43578127,-1.3685508,0.6473353,0.93528336,-0.0691144,0.23371947,0.9153301,-0.58778524,-0.809017,-2.4492937e-16,1.0,1.0
2022-01-13 00:00:00,5.0,-0.77143574,-0.8422483,0.60354006,-0.12629648,0.2772584,0.33482182,0.8310445,-0.11850791,-0.07080353,-0.16865097,-0.57901806,0.6324667,-0.043543193,-0.2568884,0.96127534,0.4175215,0.11175066,-1.1411196,0.101205684,0.27201632,0.20614526,-0.70402694,0.8670931,-0.5339711,0.5339711,0.95154864,-0.88883,-0.06315534,0.22656867,0.20996143,0.40606087,-1.2581279,0.23060642,-0.39031512,0.10473155,0.38202286,1.1695666,-0.58778524,-0.809017,0.5,0.8660254,0.0
2022-01-20 00:00:00,5.0,-1.0090551,-1.1367685,0.3601052,-0.6725286,-0.80867076,-0.8935833,-1.0782897,-1.1479081,-0.25536218,-0.21628456,-0.5214003,0.19654019,-0.72831476,-0.9739873,0.65219223,-0.9389683,-0.17198169,-1.3950652,0.19164032,-0.28277308,-0.28337133,-1.20135,-0.71572477,0.12107562,-0.12107562,-0.26396173,-1.133913,-0.65121126,0.08606751,-0.48126054,-0.10448435,-1.2620121,-0.2815773,-0.8321813,-1.1625683,-0.27198333,1.2664285,-0.58778524,-0.809017,0.5,0.8660254,0.0
2022-01-27 00:00:00,5.0,0.40884477,0.08208045,-1.0500389,2.4813516,2.5563753,1.6721072,2.7786512,1.0660927,0.9454112,0.53052056,-0.06886036,1.7054385,-0.37531605,-0.62860787,0.4830957,-0.23835468,0.14374551,-1.0130886,-0.14689447,0.17039898,-0.007848986,-0.96998507,1.8277993,-0.24180129,0.24180129,-0.37900633,-0.32959604,-0.119386844,-0.37248513,0.27544805,-0.5179415,-1.1748594,-0.042592403,0.49341723,-0.8954543,0.21719395,0.8476966,-0.58778524,-0.809017,0.5,0.8660254,0.0
2022-02-03 00:00:00,5.0,1.1346096,1.4834324,-1.1715722,-0.8308391,-0.92051667,0.49864832,-0.76254016,1.4437948,0.31529143,0.13170578,-0.36543772,0.98132133,0.40553877,0.18841207,0.6998069,-0.10598643,0.9628694,0.08812773,-0.26954356,0.94850516,0.65323055,-0.36660787,-1.0558598,-1.1254703,1.1254703,0.08308071,0.40592355,0.50826186,0.14435704,0.24012566,0.80378085,-1.0904357,0.626712,0.93528336,0.45140478,1.1449436,1.2219764,-0.58778524,-0.809017,0.5,0.8660254,0.0
2022-02-10 00:00:00,5.0,-0.46891284,-0.5261144,0.66731435,0.5753086,-1.0632142,-0.54641825,-0.9025416,-0.7351761,-0.22435325,-0.16016671,-0.4875485,0.17877147,0.10893972,-0.11360383,0.7339505,-0.3696521,1.0466603,0.109154105,-0.006169889,0.54534715,0.4266481,-0.5342966,-1.0910444,-0.862961,0.862961,0.15997928,-0.04618232,0.23863675,0.3101729,0.041818094,0.6159725,-0.9458912,0.40087786,-0.39031512,0.8412705,0.8622467,1.1978,-0.58778524,-0.809017,0.8660254,0.5,0.0
2022-02-17 00:00:00,2.0,-1.2840126,-1.1097226,-1.4722013,0.77086884,0.7102086,0.9392445,1.280147,-0.39690128,0.3883877,0.3167846,-0.05830197,0.7404728,-0.7720704,-1.0355222,0.3784543,-0.6145659,-0.14206456,-0.3359453,-0.6858763,-0.33081293,-0.32833803,-1.1749642,1.1377071,-0.015991123,0.015991123,0.43634668,-0.77552426,-0.3580137,-0.30929205,0.3794069,-0.25973758,-0.92177266,-0.37514123,-0.8072214,-0.40263653,-0.025624959,1.3541386,-0.58778524,-0.809017,0.8660254,0.5,0.0
2022-02-24 00:00:00,2.0,-1.7439437,-1.647597,-1.2690405,-0.84306645,0.51853323,-0.87514883,-1.2862755,-0.0007270172,0.79623884,0.73387605,0.39947537,0.90944594,-1.7214266,-2.0968168,-0.23538804,-1.000545,-1.5132253,-0.5169685,-1.6907558,-1.5046886,-1.2498444,-1.901197,0.98962814,1.1611773,-1.1611773,0.93998975,-1.1264565,-1.2049289,-0.917409,0.8734629,-1.1194134,-0.4302503,-1.3293977,-1.2050713,-2.1027002,-1.2553366,1.7884525,-0.58778524,-0.809017,0.8660254,0.5,0.0
2022-03-03 00:00:00,5.0,1.3503747,0.9572912,-0.69748324,0.22672448,2.1756198,0.97000265,1.9335855,-2.0630188,1.826812,1.3815831,0.7610527,2.1087148,-0.8022079,-1.1579369,-0.23537686,-0.5214238,-0.6007503,0.07323213,-1.5368613,-0.57982606,-0.51195717,-1.222422,1.7622088,0.14273624,-0.14273624,1.3673304,-0.14628476,-0.18390676,-1.0304543,0.81578904,-1.1256357,-0.6557003,-0.5581223,0.57085234,-0.90640634,-0.19246727,1.89337,-0.58778524,-0.809017,0.8660254,0.5,0.0
2022-03-10 00:00:00,5.0,0.8697828,0.68226624,1.7607913,-1.0721626,0.1200217,0.4332606,-0.4716471,0.9533471,1.4890301,1.2222605,0.6615382,1.7169949,-0.23847033,-0.5620188,-0.032770243,-0.6471913,-0.60564774,-0.07390928,-0.97669,0.10629325,-0.06224584,-0.8288837,0.80740637,-0.55476415,0.55476415,1.1757922,0.79356164,0.31135982,-0.795544,1.1778475,0.19618274,-0.5535828,-0.09849614,0.9859376,0.52198267,0.5361839,1.5159918,-0.58778524,-0.809017,1.0,6.123234e-17,0.0
2022-03-17 00:00:00,2.0,1.3424499,1.1919487,0.13394487,-1.053873,0.8193007,-0.0014694401,-0.44188085,-1.1767536,1.5105067,1.2399857,0.6339382,1.7791178,0.5394362,0.2951862,0.4279127,0.3155025,-0.06305279,0.44523132,-0.9148508,1.0508641,0.5974114,-0.26659438,1.4527125,-1.1479912,1.1479912,1.5130324,1.5084207,1.0961992,-0.5854812,2.0567923,0.83258086,-0.5363349,0.58187383,1.3924425,2.1752763,1.1563303,1.574928,-0.58778524,-0.809017,1.0,6.123234e-17,0.0
2022-03-24 00:00:00,5.0,-0.078940675,-0.50677973,1.752492,-0.42487788,-1.1736667,0.30584896,0.07969507,1.1486887,0.6357154,0.73493195,0.36311537,0.70343125,0.5466499,0.29637748,0.75331,1.001803,0.24974266,0.3106386,-1.4230752,0.87935984,0.62691426,-0.2303867,-1.1608907,-1.0800446,1.0800446,0.881726,0.8322689,1.0135131,-0.26879326,0.87271756,1.0836616,-0.52103037,0.60504377,-0.3286558,1.2599812,1.0852844,1.4709305,-0.58778524,-0.809017,1.0,6.123234e-17,0.0
2022-03-31 00:00:00,5.0,1.3556992,1.3972834,-1.1608634,-0.5878011,-0.29949367,-1.0308542,-1.0765382,1.0858498,0.32510033,0.44691887,0.08598038,0.4653294,1.2584932,1.1238372,1.2813929,2.5778074,1.3235563,0.9082343,-0.20727006,1.4983109,1.3507332,0.39170262,0.3255367,-1.4971808,1.4971808,-1.2765647,1.4002895,1.7232677,0.20227368,0.53715533,1.3828348,-0.5019424,1.3744687,0.5323448,1.3555063,1.5209793,1.5304958,-0.58778524,-0.809017,1.0,6.123234e-17,1.0
2022-04-07 00:00:00,5.0,0.65586215,0.6282162,-1.1125127,1.2726207,0.23881568,0.39679426,1.301825,0.065839335,0.41597244,0.46026227,0.066769354,0.60604733,1.5724908,1.5155766,1.7050971,2.1128855,1.4608308,1.2991903,-0.578064,1.5286281,1.6037484,0.6736095,1.0194565,-1.4561579,1.4561579,-1.2896068,1.8968891,1.6736218,0.32905552,-0.4413692,1.5070766,-0.48201653,1.6077827,0.9573042,0.92045933,1.4817363,1.4054809,-0.58778524,-0.809017,1.0,6.123234e-17,1.0
2022-04-14 00:00:00,5.0,-0.5044388,-0.40408581,0.94700605,0.53044885,-0.2562595,-0.62111557,-0.8548308,-0.7578103,0.33959422,0.45696068,0.14225772,0.40851307,1.2170999,1.1711857,1.7922325,1.4011863,0.71826744,1.4673064,-0.5935378,1.0914059,1.228303,0.46409905,0.6447704,-1.026252,1.026252,-0.47168288,1.1604569,1.1892836,0.2566017,-0.5676497,1.4117365,-0.46038944,1.2421148,-0.34811062,0.614286,1.038726,1.4659277,-0.58778524,-0.809017,0.8660254,-0.5,0.0
2022-04-21 00:00:00,5.0,0.78550315,0.6939972,-0.17746753,0.27904117,1.0119766,-0.3031922,0.097702116,-0.92198694,0.8653181,0.7493393,0.30494058,1.0211718,1.5819014,1.6122911,1.8399856,1.0728742,1.3002945,1.9535457,-0.008981183,1.3637651,1.4209791,0.73048216,1.5914843,-1.2034447,1.2034447,-0.7311127,1.5504507,1.3764889,0.18524721,-0.39203063,1.3627342,-0.43711442,1.4287959,0.5019822,0.32844684,1.2312716,1.3404531,-0.58778524,-0.809017,0.8660254,-0.5,0.0
2022-04-28 00:00:00,5.0,-0.6412517,-0.80369025,1.4443293,-0.73786485,-0.57780427,0.88750947,0.8506964,0.15778558,0.53245974,0.6313698,0.3292121,0.50771236,1.1385137,1.1781743,1.7026803,0.83896637,1.5961419,1.0920664,0.45940754,0.8937282,1.0311975,0.51798123,0.01497177,-0.87911016,0.87911016,-0.27521858,0.6424798,0.9807314,0.1968552,0.009025456,1.2232126,-0.41242874,1.0033684,-0.39031512,-0.3665487,0.8966349,1.1543312,-0.58778524,-0.809017,0.8660254,-0.5,0.0
2022-05-05 00:00:00,5.0,-0.654327,-0.64606965,0.2096148,0.6031891,0.3582849,-0.083597384,-0.7789087,0.31524426,0.85113245,0.9150127,0.63328433,0.6691431,0.70331067,0.7502087,1.3312151,-0.15264076,2.0610166,0.23847154,-0.024406374,0.5009164,0.639319,0.23283358,1.1386609,-0.63269377,0.63269377,-0.59620976,0.000928665,0.7114486,-0.091323994,0.34916773,0.5904233,0.63147265,0.6028423,-0.8072214,-0.4558908,0.6493571,0.99940526,-0.58778524,-0.809017,0.8660254,-0.5,0.0
2022-05-12 00:00:00,5.0,-1.2540405,-1.3144298,-1.1266698,0.031831753,-0.611908,-0.15856877,-0.2506237,-1.076495,0.6928935,0.94419634,0.84647024,0.30917284,-0.12098458,-0.087423496,0.7859867,-1.0762811,0.91504204,0.20729706,-0.5656019,-0.13023677,-0.028579438,-0.25340754,-0.21792156,-0.13989463,0.13989463,-0.5234332,-0.6197216,0.11730493,-0.33614877,-0.022508966,-0.013677632,0.84998316,-0.08538578,-1.2050713,-1.5832503,0.14866126,1.2208989,-0.58778524,-0.809017,0.5,-0.8660254,0.0
2022-05-19 00:00:00,5.0,-0.25359926,-0.43412858,2.0340612,-0.60549873,-0.68127006,-0.4375524,-0.24097492,0.62698156,0.3047491,0.7018989,0.74894357,-0.10894688,-0.23520134,-0.20669636,0.3347116,-0.9467988,0.4133563,-0.20517094,-0.74289113,-0.2433527,-0.13994165,-0.31924728,-0.2872251,-0.056989364,0.056989364,-0.4550908,-1.1058879,-0.025529642,-0.21214978,-0.24703796,-0.0876193,1.4767503,-0.18722521,-1.5852476,-1.2757554,0.07222725,1.1086012,-0.58778524,-0.809017,0.5,-0.8660254,0.0
2022-05-26 00:00:00,5.0,1.1109799,0.9717602,-0.16805685,-0.29349738,0.95065266,-0.49090058,-0.15661332,-1.0988876,0.889134,0.9772613,0.861913,0.59382385,0.44419768,0.48128343,0.27061966,-0.79364014,0.26258764,0.17292105,-0.6177554,0.28542307,0.424801,0.11968084,1.556385,-0.5337947,0.5337947,-0.18063284,-0.46788004,0.614111,-0.18805975,-0.24665032,0.050711624,1.2785475,0.39340088,0.6361637,-0.24277218,0.57462233,1.1229191,-0.58778524,-0.809017,0.5,-0.8660254,0.0
2022-06-02 00:00:00,5.0,-0.6156654,-1.0567182,-1.2481492,0.6824024,-0.31985047,-0.49271622,-0.17614035,2.228051,0.7489831,0.951152,0.9656896,0.35310817,0.054765,0.089699574,0.07799585,-0.78850675,0.041813623,0.26110357,-0.72063565,-0.035544768,0.08298205,-0.123211674,0.60110664,-0.29730177,0.29730177,-0.19058254,-0.9633947,0.3322837,-0.29751882,-0.07718593,-0.00514706,1.2860776,0.048890527,-0.26194975,0.16420841,0.33696696,0.97468245,-0.58778524,-0.809017,0.5,-0.8660254,0.0
2022-06-09 00:00:00,2.0,-0.21396051,-0.23311593,0.4795122,1.1973542,-0.8733427,-1.2623904,-0.66988343,0.1041427,0.28751135,0.65731144,0.8170309,-0.14104435,-0.03871971,-0.0038336373,-0.10967525,-0.5806557,-0.64013946,0.6007142,-0.39620712,-0.16452473,-0.058834877,-0.17731123,-0.50904495,0.34616536,-0.34616536,-0.17717576,-1.2925917,0.21203795,-0.12303967,-0.65735036,-0.17171502,1.329602,-0.067795634,-0.7110065,0.18412077,0.27484316,0.8360336,-0.58778524,-0.809017,1.2246469e-16,-1.0,0.0
2022-06-16 00:00:00,5.0,-2.1744602,-1.232325,-0.743869,-0.26757476,1.8590504,-0.2911263,0.6094496,-0.031633534,1.8918349,1.902173,2.0781767,1.0884442,-1.3402712,-1.3919684,-0.6461497,-1.0143466,-1.7760714,-0.39043054,-1.6907811,-1.2277467,-1.1368462,-1.0879829,1.628745,1.7356253,-1.7356253,0.5134643,-1.4639137,-0.59244263,-1.387685,0.65689546,-0.96450335,0.667601,-1.1903937,-1.121723,-1.641286,-0.60401183,1.2622983,-0.58778524,-0.809017,1.2246469e-16,-1.0,0.0
2022-06-23 00:00:00,2.0,1.6313133,1.3070755,-0.31578892,-0.94904596,1.2822738,0.20506041,0.12752226,-2.5021489,2.2609098,2.1023018,2.1208954,1.5931153,-0.33381546,-0.39753252,-0.57953155,-0.11921176,-0.90140206,-0.22940479,-0.68655205,-0.3880712,-0.322547,-0.45385775,1.4547648,0.66726124,-0.66726124,1.3986292,-0.7958684,0.2345945,-1.2382506,1.7512307,-0.70404595,0.6096857,-0.36765978,0.6442692,-0.35822108,0.09466992,0.97379124,-0.58778524,-0.809017,1.2246469e-16,-1.0,0.0
2022-06-30 00:00:00,2.0,0.31929922,-0.033349197,3.0,-0.9514206,-0.19705048,0.6349202,0.12585962,1.9911447,1.9512305,1.9632953,2.0567505,1.279458,-0.12378178,-0.1795736,-0.4742972,-0.49747857,-1.0887277,0.08553017,-1.042676,-0.22501849,-0.17795263,-0.31329998,0.70144093,0.41873795,-0.41873795,1.0183724,-0.18776168,0.39267606,-1.130345,1.0749372,0.07413613,0.41496557,-0.2177434,1.0742306,-0.07902324,0.25077066,0.97708327,-0.58778524,-0.809017,1.2246469e-16,-1.0,0.0
2022-07-07 00:00:00,2.0,0.33363104,0.52924013,0.03559192,0.64131105,-0.94674623,-1.3507727,-1.1775807,-0.13748877,1.1631533,1.4493501,1.6682571,0.5198218,0.09852571,0.04994088,-0.3390732,-0.049423564,-0.7095943,0.7698074,-1.002466,-0.07568677,-0.049822252,-0.13338616,-0.37745103,0.1607081,-0.1607081,1.1614745,0.1887187,0.511997,-0.7570896,0.6915436,-0.17372708,0.35688758,-0.09945129,1.4939717,1.313111,0.4138425,0.95365685,-0.58778524,-0.809017,1.2246469e-16,-1.0,1.0
2022-07-14 00:00:00,2.0,-0.86604506,-0.87748265,0.59852964,-0.65194553,-0.7438083,-1.753334,-0.58175844,-0.6438215,0.8138118,1.2689692,1.6503928,0.04787774,-0.42670354,-0.49481285,-0.41350427,-0.36007178,-0.7992443,1.1880385,-1.5604839,-0.681537,-0.5476986,-0.43276393,-0.10077967,0.6682926,-0.6682926,1.5870084,-0.12464146,0.113729,-0.8020111,0.7198404,-0.4296769,0.39383006,-0.57801545,-0.23028752,-0.07981386,0.075030446,0.6924191,-0.58778524,-0.809017,-0.5,-0.8660254,0.0
2022-07-21 00:00:00,2.0,-1.4036866,-0.4111444,2.0894008,-0.94244015,0.7332587,0.53985554,1.8527032,-3.0,1.3854918,1.721953,2.1650505,0.43340543,-1.1951387,-1.3389302,-0.6914508,0.0063377763,-0.86367434,0.031371783,-1.9810283,-1.7746314,-1.213921,-0.9690881,1.1704366,1.4949076,-1.4949076,0.67425627,-0.59677666,-0.43028077,-1.3621291,-0.018842502,-1.5263084,0.38374296,-1.2754127,-0.6663182,-0.97045213,-1.480917,-0.11133831,-0.58778524,-0.809017,-0.5,-0.8660254,0.0
2022-07-28 00:00:00,2.0,0.7059783,1.1739118,0.34867212,-1.1824716,-0.8401529,-1.5528504,-1.2852547,-0.8027597,0.76478463,1.2334601,1.7017184,-0.10293886,-0.7162119,-0.86850655,-0.72741055,-0.44165736,-0.4734564,-0.06843428,-1.3014249,-1.2869492,-0.88551766,-0.63929313,-0.40958604,1.0035181,-1.0035181,-0.2515996,-0.18149269,-0.16457988,-0.9245069,-1.0493007,-1.6671596,0.41624746,-0.9632022,0.6442692,-0.73839504,-1.1062107,0.07920157,-0.58778524,-0.809017,-0.5,-0.8660254,0.0
2022-08-04 00:00:00,2.0,0.3637197,0.46709132,0.25033966,0.5835286,-0.98259705,-0.8068858,0.40813714,0.3785102,0.20776375,0.7867787,1.306417,-0.62328726,-0.45449886,-0.6071102,-0.6461016,-0.4169971,-0.77338433,-0.5154844,-1.0403347,-0.93088067,-0.6854386,-0.42308885,-0.73346466,0.5621636,-0.5621636,-0.0980647,0.28562105,-0.046063673,-0.5330523,-1.4720956,-1.2576019,0.45229825,-0.7659958,1.0531822,-0.029836345,-0.81793666,0.011836185,-0.58778524,-0.809017,-0.5,-0.8660254,0.0
2022-08-11 00:00:00,2.0,-1.1804699,-1.4706557,-1.0983179,-0.39688632,-0.61640364,-0.91491795,-0.3085414,0.40946987,0.18090847,0.7847439,1.4157361,-0.75692356,-1.0981236,-1.2930584,-0.8075249,-1.1428034,-0.99778926,-0.96186227,-1.3213186,-1.6676954,-1.2451568,-0.8941815,-0.07425726,1.2871829,-1.2871829,-0.10883498,-0.062152,-0.6339825,-0.7692195,-1.2467045,-1.7057972,0.4760104,-1.3424841,-0.31092015,0.07275856,-1.5105444,-0.16079412,-0.58778524,-0.809017,-0.8660254,-0.5,0.0
2022-08-18 00:00:00,2.0,-0.9452869,-0.42233256,0.15411958,0.97217494,-0.973751,1.770717,2.110034,-2.668569,0.1327279,0.7471866,1.4571025,-0.8838218,-1.5224755,-1.7557833,-1.0783833,-1.1932734,-1.2798281,-1.863963,-1.4239448,-1.9255368,-1.6071928,-1.2511582,-0.7812568,1.5205278,-1.5205278,0.07354176,-0.6837127,-1.1105019,-0.931217,-1.1366866,-2.1905572,0.27736744,-1.674241,-0.81674236,-0.7803029,-1.6701965,-0.5173377,-0.58778524,-0.809017,-0.8660254,-0.5,0.0
2022-08-25 00:00:00,2.0,-0.6090042,-0.8293399,1.0605463,-0.9613914,-0.8369052,-0.11406528,-1.0398391,0.29188758,-0.04890612,0.5979719,1.3644085,-1.1304618,-1.7307298,-1.9785504,-1.3367697,-0.8146463,-0.66638714,-2.2706923,-1.8134313,-1.8964839,-1.7551695,-1.4604393,-0.6443744,1.8088102,-1.8088102,-0.42450038,-1.0478275,-1.4393765,-0.93833905,-1.7109302,-1.8611329,0.302326,-1.8089353,-1.2434925,-1.2418944,-1.893865,-0.27355227,-0.58778524,-0.809017,-0.8660254,-0.5,0.0
2022-09-01 00:00:00,2.0,-1.2696344,-1.4377102,-0.13653183,-1.3853902,-0.28882077,-0.23674142,-0.23695529,0.64998895,0.20094508,0.77426,1.5775198,-0.9805261,-2.1449738,-2.449795,-1.6392841,-1.723702,-1.7760383,-2.4255805,-2.6001766,-2.020051,-2.1340785,-1.9296526,0.4091817,1.8041236,-1.8041236,-1.1570401,-1.2801839,-1.9583188,-1.3058935,-1.3771938,-1.9962856,-1.0690576,-2.1903212,-1.6409452,-1.1142956,-1.8725857,-0.1072065,-0.58778524,-0.809017,-0.8660254,-0.5,0.0
2022-09-08 00:00:00,2.0,0.8748678,1.1472267,0.8797322,-1.3809949,-0.9093744,-1.0226606,-0.74255466,0.33961546,-0.18542895,0.3955991,1.1544378,-1.2588465,-1.5425444,-1.8815289,-1.5754396,-1.4559615,-1.5232933,-2.2879822,-2.2625234,-1.4345784,-1.556367,-1.544021,-0.98581785,1.3488812,-1.3488812,-0.4539654,-0.8595808,-1.597348,-0.85614574,-1.265225,-1.6219362,-1.0550854,-1.625164,0.68696576,-0.13132343,-1.456018,-0.08988137,-0.58778524,-0.809017,-1.0,-1.8369701e-16,0.0
2022-09-15 00:00:00,5.0,0.20459668,0.3210226,0.25491732,1.1396333,-0.41817555,0.14993763,0.7718813,-0.15361445,-0.19553466,0.29801187,1.0133227,-1.1772196,-1.3759611,-1.7045702,-1.3637493,-0.8105345,-1.5362428,-1.9566438,-2.003479,-1.1951225,-1.2942061,-1.4212974,-0.13593063,1.1651713,-1.1651713,-0.4710459,-0.22561759,-1.4732033,-0.7352347,-1.1422102,-1.3850509,-1.1879253,-1.3314313,1.120226,0.2612874,-1.2373453,-0.09337351,-0.58778524,-0.809017,-1.0,-1.8369701e-16,0.0
2022-09-22 00:00:00,2.0,-0.38019666,-0.46345037,2.115412,-1.3391898,-0.97517204,1.8702656,1.0782827,-0.17849486,-0.51348656,0.05962436,0.8467852,-1.502541,-1.5081588,-1.8261311,-1.2662315,-0.5541439,-1.3419877,-1.8349952,-2.2540329,-1.209484,-1.3733248,-1.608665,-1.2020808,1.3164958,-1.3164958,-0.7020585,-0.99480253,-1.7304904,-0.6452499,-1.3030505,-1.0995814,-1.4552456,-1.3693146,-0.25575653,0.5894568,-1.3660938,-0.023313344,-0.58778524,-0.809017,-1.0,-1.8369701e-16,0.0
2022-09-29 00:00:00,5.0,0.97130513,1.3897399,-0.08281296,-1.0345361,-0.75996405,0.9546945,-0.5613223,-0.05371513,-0.79801196,-0.2795441,0.46115616,-1.5987625,-0.87137747,-1.2686305,-0.8917188,0.19803606,-0.46788684,-1.1063905,-1.9668117,-0.6905445,-0.8059133,-1.1804032,-0.9318716,0.8474474,-0.8474474,-0.2533846,-0.083309144,-1.2990786,-0.14153871,-1.2244241,-0.8339936,-1.43213,-0.7889359,0.68696576,0.6722364,-0.8828901,-0.52457196,-0.58778524,-0.809017,-1.0,-1.8369701e-16,0.0
2022-10-06 00:00:00,5.0,-0.3350061,-0.43224612,-0.76739585,1.6070013,-0.509416,0.05350929,-0.6664571,0.3052704,-0.75697786,-0.30571002,0.44519183,-1.5240195,-1.031514,-1.414046,-0.6433934,0.6438469,-0.8498231,-1.1332175,-2.0284233,-0.75276667,-0.8980963,-1.3619039,-0.42385045,0.8893597,-0.8893597,-1.4361808,-0.6191196,-1.4604585,-0.21966922,-1.2891833,-0.813215,-1.5063485,-0.87923735,-0.22362614,0.36913309,-1.036667,-0.62242573,-0.58778524,-0.809017,-1.0,-1.8369701e-16,1.0
2022-10-13 00:00:00,5.0,-0.67173326,-0.6265665,-1.163639,1.4591953,-0.24699728,-0.7453478,-0.7181586,-0.3019661,-0.5176369,-0.1736634,0.57746065,-1.2564852,-1.3676586,-1.7347685,-0.56703264,-0.100375846,-1.2332662,-1.6905845,-2.4487526,-0.9598291,-1.1207441,-1.7464856,-0.005783753,1.035561,-1.035561,-1.2532952,-0.9399382,-1.7384965,-0.56681365,-0.9126303,-0.9534802,-1.9963262,-1.1133633,-0.68055147,0.20633589,-1.1525601,-0.6830111,-0.58778524,-0.809017,-0.8660254,0.5,0.0
2022-10-20 00:00:00,2.0,0.66333187,1.2432959,0.5523329,-1.2775418,0.081676446,0.52865773,0.9310803,-2.2798498,-0.31955254,-0.16064924,0.47038436,-0.86536694,-0.90282845,-1.3380975,-0.298549,0.12184052,-0.55680925,-1.2702942,-1.9530236,-0.57895887,-0.6406299,-1.3847259,0.40684798,0.6313004,-0.6313004,-1.0001347,-0.071947,-1.3245908,-0.40165836,-0.651858,-0.6043667,-1.8829337,-0.62533766,0.79264504,0.006510881,-0.8422818,-0.40387562,-0.58778524,-0.809017,-0.8660254,0.5,0.0
2022-10-27 00:00:00,2.0,2.1655092,1.7380654,-1.0962445,-0.96780926,0.87579054,-0.29736537,-0.6414045,0.5711837,0.100891605,-0.11466405,0.20500746,-0.049880788,0.4908156,-0.07969933,0.43019292,1.3827158,0.64971507,-0.4813123,-1.2049426,0.60980976,0.6280202,-0.12587808,1.1364177,-0.9540335,0.9540335,0.31267333,0.5936735,-0.08248365,0.31629243,0.35020086,0.1832654,-1.2518586,0.6371674,1.2433529,1.4968452,0.22645609,-0.05181936,-0.58778524,-0.809017,-0.8660254,0.5,0.0
2022-11-03 00:00:00,2.0,-0.49539292,-0.71051896,1.4955513,-1.1975598,-0.70050436,-0.28325158,-0.15744318,0.34699142,-0.27458462,-0.29017875,0.1478943,-0.50298935,0.18106367,-0.35365665,0.76152,0.66541207,0.68740076,0.04697056,-1.1619208,0.3329497,0.35636213,-0.42492864,-0.9961086,-0.60225314,0.60225314,1.0152589,-0.027580885,-0.37168252,0.38048914,0.32945934,0.5226285,-0.80602473,0.3663771,-0.248426,1.4956349,-0.019918233,-1.1597224,-0.58778524,-0.809017,-0.8660254,0.5,0.0
2022-11-10 00:00:00,5.0,0.5512184,0.8532462,0.6449731,-0.64918536,0.17190784,-0.797704,-0.57371616,-0.6444465,-0.38524666,-0.4310823,-0.039485082,-0.47853503,0.5044017,-0.026509376,1.0728705,1.0930135,1.3603165,-0.29664433,-0.37631726,0.6709498,0.6848954,-0.09487563,0.1818223,-1.0661838,1.0661838,1.2115996,0.52888185,-0.08617431,0.8062271,0.42078933,0.5381098,-0.77655095,0.70923287,0.719733,1.3564087,0.24785474,-0.9543887,-0.58778524,-0.809017,-0.5,0.8660254,0.0
2022-11-17 00:00:00,5.0,0.24383748,-0.24098887,-0.9648076,2.3568377,1.7914543,0.6915417,1.0305823,2.4478302,0.28344235,-0.024082467,0.15698157,0.21746866,0.65030533,0.13030265,1.2469386,1.5447185,1.1158667,-0.3168873,-0.13369061,0.8698108,0.81323946,0.020121483,1.0580127,-1.2272369,1.2272369,0.41517484,1.3150414,0.13084807,0.4402523,0.90087634,0.5482011,-0.70858574,0.8433314,1.2116361,0.1535215,0.6943166,-1.0790566,-0.58778524,-0.809017,-0.5,0.8660254,0.0
2022-11-24 00:00:00,5.0,0.9381379,1.7132082,-0.8925773,-1.2322963,-1.1988322,-0.92401475,-1.0705888,-0.4191054,-0.7041869,-0.7558585,-0.4301421,-0.5427398,1.1728665,0.67115504,1.5832937,1.676513,1.3757845,-0.10929203,0.1771947,1.4652557,1.3700256,0.6122275,-1.6687695,-1.4894431,1.4894431,0.34438688,1.8485467,0.54454076,1.7786369,0.18234994,1.1850381,-0.49334034,1.4024413,1.6850599,0.99945265,1.2454696,-1.023842,-0.58778524,-0.809017,-0.5,0.8660254,0.0
2022-12-01 00:00:00,5.0,0.19010329,0.271937,-1.1328416,2.1507766,-1.7032081,-0.6700631,0.092502154,0.5935827,-1.6332642,-1.4566345,-0.9286053,-1.3790182,1.2805669,0.7950707,1.8400263,0.7113039,1.5746702,0.23106043,0.64338046,1.4946592,1.5425638,0.80061126,-2.0169003,-1.4849812,1.4849812,-1.490491,2.2030952,0.5867837,2.6649735,-1.0482092,1.3153958,-0.43335432,1.5690871,2.0785701,0.781586,1.5924037,-1.1635915,-0.58778524,-0.809017,-0.5,0.8660254,0.0
2022-12-08 00:00:00,5.0,-0.3237257,-0.9537343,-0.13117094,0.07926739,-1.1769077,-0.4178003,-0.0127234915,1.307706,-1.9831972,-1.7847282,-1.1636202,-1.7122433,1.0542127,0.610555,1.8717667,0.8310208,1.1128725,0.5850868,0.6250503,1.1867998,1.3610231,0.6215043,-1.6932818,-1.0347824,1.0347824,-1.7142287,1.504078,0.372431,2.7989912,-1.1835462,1.2843486,-0.21352483,1.3964131,-0.41637272,0.39551818,1.1771218,0.1669796,-0.58778524,-0.809017,-2.4492937e-16,1.0,0.0
2022-12-15 00:00:00,5.0,0.6576076,0.9984954,-0.18049881,-0.27906075,-0.03394993,-0.20366895,0.0276675,-0.26781648,-1.8821881,-1.9053508,-1.4180764,-1.4343094,1.4165058,0.9914853,1.9182667,0.87470514,1.4667437,0.56993437,0.4063866,1.365623,1.6860104,1.0688181,-0.4454091,-1.2418883,1.2418883,-1.5461721,1.8758769,0.7758697,3.0,-1.1707065,1.2647884,0.11941203,1.709573,0.5829218,0.24103421,1.3934152,0.1524296,-0.58778524,-0.809017,-2.4492937e-16,1.0,0.0
2022-12-22 00:00:00,5.0,-0.65717155,-0.58139753,-0.7413317,1.4325618,0.1907255,1.085609,0.72498596,-0.4877392,-1.5711522,-1.7153537,-1.2934035,-1.116315,0.88030845,0.56382954,1.6777692,0.41625625,1.4761257,0.23349707,0.22645979,0.9798006,1.243782,0.6163023,-0.15405281,-0.9039783,0.9039783,-0.6936502,1.1605487,0.41927978,2.3974895,-1.5158544,0.95003986,0.55288166,1.2401676,-0.41637272,-0.40393087,1.030338,0.26137927,-0.58778524,-0.809017,-2.4492937e-16,1.0,0.0
2022-12-29 00:00:00,5.0,-0.3482272,-0.12582053,1.2346281,0.58746415,-1.7264206,-2.1176007,-1.8783524,-0.88765824,-2.1418574,-2.1548245,-1.6295779,-1.7560625,0.6188569,0.35542396,1.4423206,-0.24508975,1.1070585,0.5074012,0.022575835,0.7447767,1.0532222,0.42989203,-1.8686419,-0.72864586,0.72864586,-1.1624421,0.900149,0.13431425,2.7287557,-1.6503773,0.7884554,1.1752334,1.0848974,-0.8875705,-0.42955327,0.8420693,0.9771694,-0.58778524,-0.809017,-2.4492937e-16,1.0,0.0
2023-01-05 00:00:00,5.0,0.89994913,0.97353613,-1.2086424,0.7388218,-0.4417349,-1.1146032,1.2429073,1.211667,-2.165774,-2.3466902,-1.982492,-1.5936198,1.1729671,0.8937448,1.407141,0.11599732,0.616526,1.1079625,0.39824834,1.0167668,1.5209424,1.0675826,-1.1619722,-1.198776,1.198776,-0.3136325,1.1861981,0.7125873,3.0,-1.1435744,0.8517664,1.145951,1.5664943,0.58796203,-0.23321126,1.3370694,1.7269456,-0.58778524,-0.809017,-2.4492937e-16,1.0,1.0
2023-01-12 00:00:00,5.0,-1.5143586,-0.9773949,-0.23426288,0.13218795,2.0948117,-0.13460761,0.77312016,-1.102083,-0.72410274,-1.2353233,-1.115181,-0.14469488,0.0040401146,-0.11261458,0.81455505,-0.50500166,0.2373413,0.79622746,0.050204016,0.28896526,0.41494966,-0.08100549,1.2148542,-0.40688795,0.40688795,0.8122532,0.5943228,-0.063344225,1.2831603,0.23803383,0.45820925,1.0252534,0.46058252,-0.41637272,-0.89827585,0.49805605,-0.072208956,-0.58778524,-0.809017,0.5,0.8660254,0.0
2023-01-19 00:00:00,5.0,-1.4951518,-1.7737612,-0.83062005,-1.1932659,-0.32665986,-0.9546769,-0.8245471,-0.5452057,-0.699597,-1.0477403,-0.8251559,-0.3333642,-0.9252919,-0.995902,0.108904034,-1.5931379,-0.5528964,0.7083142,-0.11489042,-0.4462819,-0.52766114,-1.0504316,-0.8377589,0.5065115,-0.5065115,0.6975063,0.10878147,-0.96668315,0.59984237,0.12273521,-0.15134153,1.3505331,-0.4739538,-0.9336446,-1.5621521,-0.33075753,-0.76986,-0.58778524,-0.809017,0.5,0.8660254,0.0
2023-01-26 00:00:00,2.0,-0.12908024,0.10250211,0.3268131,1.2668437,-0.16385385,1.023859,1.7986634,-0.6781479,-0.797081,-1.0957342,-0.8871902,-0.42757174,-1.00481,-1.053637,-0.3973504,-1.3246862,-0.6980721,0.38309935,0.07171912,-0.5541435,-0.654744,-1.1264315,-0.46601653,0.97232103,-0.97232103,0.8403511,-0.675624,-1.0737147,0.6050011,-0.032468345,-0.54565585,0.8685774,-0.57836634,-1.4681698,-2.1379015,-0.402415,-0.9105856,-0.58778524,-0.809017,0.5,0.8660254,0.0
2023-02-02 00:00:00,2.0,-1.3652772,-1.0490901,-1.0912004,0.64756817,1.8426204,2.2258215,0.79080707,0.23985407,0.49424902,-0.012114863,0.016920391,0.6421241,-1.6817393,-1.7323983,-0.96472204,-1.7895172,-1.5495161,-0.14686514,-0.92521435,-1.1987957,-1.3425301,-1.8295671,1.228589,1.3301586,-1.3301586,0.8129436,-1.4403547,-1.5552309,-0.7140901,1.5428528,-1.0699229,0.19479465,-1.2337826,-1.8829767,-1.6235462,-1.1420282,-1.6435843,-0.58778524,-0.809017,0.5,0.8660254,0.0
2023-02-09 00:00:00,2.0,-0.37128854,0.24609904,1.3307525,0.12424601,-0.43928215,0.44216788,-1.062286,-2.1018183,0.082060106,-0.1907464,-0.060398135,0.16380058,-1.7856817,-1.8410617,-1.372731,-2.3034713,-1.7249225,-0.14177263,-1.6209464,-1.3444319,-1.5237001,-1.9980336,-0.86007506,1.4909427,-1.4909427,-0.99190265,-1.6634672,-1.7683147,-0.69571555,1.3883077,-1.226071,0.18068534,-1.4392005,-2.243257,-0.9013174,-1.3101707,-1.696984,-0.58778524,-0.809017,0.8660254,0.5,0.0
2023-02-16 00:00:00,5.0,-1.2953067,-1.5212957,-0.3014762,-1.1963284,-0.08929175,0.7923842,0.023010617,0.24537788,0.13722596,0.017615886,0.26168332,0.013928115,-2.1997583,-2.2936502,-1.7912879,-2.1008813,-2.0090125,-0.89304996,-1.6925869,-1.6784575,-2.0492368,-2.5353518,-0.05311517,1.8099408,-1.8099408,-1.225305,-1.6884298,-2.3189318,-1.2225887,0.26116365,-1.433797,-0.064615026,-1.961962,-2.1252735,-1.399048,-1.9004927,-1.3190765,-0.58778524,-0.809017,0.8660254,0.5,0.0
2023-02-23 00:00:00,5.0,-0.44466877,-0.5347228,0.8276912,-0.14457618,-0.6654648,0.9710097,-0.055330545,-0.14919966,-0.26159278,-0.21127552,0.14884925,-0.43950066,-2.2390773,-2.34196,-2.0523841,-1.6015826,-2.2910755,-0.9201457,-2.1298196,-1.6209862,-2.1699536,-2.6191814,-1.2533947,1.6033436,-1.6033436,-1.5112598,-1.6576324,-2.5047588,-1.1958925,0.061302166,-1.5600246,-0.0936252,-2.0678933,-2.0124612,-0.8298448,-1.6936044,-1.1344362,-0.58778524,-0.809017,0.8660254,0.5,0.0
2023-03-02 00:00:00,5.0,-1.5908358,-1.4536539,-0.7006976,-0.8176784,0.5910122,0.70345974,-0.28513506,0.15130576,0.3964664,0.42484158,0.8367108,-0.021465257,-2.5569916,-2.7260427,-2.2724133,-2.2272394,-2.4779773,-1.2128417,-2.5550303,-1.8180126,-2.6167467,-2.997702,0.6024976,1.6157786,-1.6157786,-1.6748275,-1.5700383,-2.8766136,-1.9975193,0.44614273,-1.7632468,-0.10748037,-2.5062413,-1.9178998,-1.1893862,-1.6982553,-1.1380266,-0.58778524,-0.809017,0.8660254,0.5,0.0
2023-03-09 00:00:00,5.0,0.21700788,0.52760166,1.7270721,-0.78189087,-0.33966628,0.22208327,-0.4808368,-0.81764805,0.077775754,0.18232809,0.61640143,-0.28425488,-2.3127418,-2.4717686,-2.2652745,-1.5003521,-2.2027898,-1.342025,-2.1830423,-1.4969215,-2.353695,-2.689431,-0.71426696,1.4483382,-1.4483382,-1.0318938,-1.0584644,-2.6708677,-1.7562559,-0.61359763,-1.5599353,-0.12018653,-2.2555156,0.69009566,-0.49576983,-1.5209516,-1.2986,-0.58778524,-0.809017,1.0,6.123234e-17,0.0
2023-03-16 00:00:00,5.0,0.5238101,0.36813366,0.07744132,1.0756841,-0.16682005,0.8209097,0.3187039,0.8794942,-0.15726644,-0.05822542,0.3360043,-0.40820655,-1.9177577,-2.1195138,-2.0155637,-1.1062137,-2.2208748,-1.8582301,-1.7020652,-1.171929,-1.9550198,-2.2989786,-0.48042616,1.2192256,-1.2192256,0.29368392,-0.6445234,-2.371486,-1.4452013,-0.47750816,-1.236544,-0.94228035,-1.8430758,1.0892007,0.058851946,-1.2823014,-2.5734906,-0.58778524,-0.809017,1.0,6.123234e-17,0.0
2023-03-23 00:00:00,5.0,-0.9998574,-1.1623079,0.4406785,-1.2281218,-0.9153927,1.5524759,0.4542694,-0.90177697,-0.54730654,-0.26352394,0.3177947,-0.91755193,-2.096493,-2.3021753,-1.9619274,-0.97728056,-1.991999,-1.946917,-2.0749567,-1.2047966,-2.2230983,-2.5593982,-1.5884491,1.488202,-1.488202,-0.017499626,-0.8426353,-2.7215242,-1.6010755,-0.81540143,-1.0970808,-1.4208046,-2.0801113,-0.19542064,0.2390042,-1.5579047,-2.6057975,-0.58778524,-0.809017,1.0,6.123234e-17,0.0
2023-03-30 00:00:00,2.0,0.85947233,1.0295599,-0.068500385,-0.15269321,-0.5304433,-0.23664398,-1.1831435,0.45957434,-0.8866271,-0.6764775,-0.18071817,-1.0764666,-1.5822339,-1.8689207,-1.6426338,-0.42842317,-1.3067439,-1.8102899,-2.1176744,-0.89714843,-1.7526964,-2.1174388,-1.3382479,1.1735156,-1.1735156,0.6980684,-0.5120939,-2.3782384,-1.107771,-0.7250784,-0.89568657,-1.5972047,-1.6233048,0.68487424,0.73855186,-1.232436,-2.0613182,-0.58778524,-0.809017,1.0,6.123234e-17,0.0
2023-04-06 00:00:00,2.0,3.0,1.8522741,-1.3147097,-0.9609293,3.0,0.95531654,0.9451109,0.624988,1.180761,0.41568294,-0.027910462,1.6098297,0.20815668,-0.3003448,-0.4527682,1.8655858,-0.15844278,-0.71495825,-0.8945906,0.0048764898,0.010927287,-0.37094235,1.7020466,-0.030773673,0.030773673,1.8645607,-0.14911139,-0.4979187,-0.6435611,0.98476046,-0.25933242,-1.6982697,0.15171613,1.0892007,2.628573,0.00798403,-1.9051449,-0.58778524,-0.809017,1.0,6.123234e-17,1.0
2023-04-13 00:00:00,2.0,-0.4535689,-0.9592007,0.044148654,-0.30478156,-0.5993254,-0.93833286,-1.4012648,0.7166421,0.33524805,-0.0076598297,-0.23335296,0.6187918,0.013597002,-0.4675693,0.07013472,1.5369822,0.097183816,-1.1368275,-0.6553931,-0.06696227,-0.11305313,-0.53122306,-1.4945803,0.1255864,-0.1255864,2.145208,-0.2559048,-0.7529401,-0.5289446,0.6291702,0.0049798284,-1.6162934,0.0095764175,-0.21708201,2.5447607,-0.15302229,-1.9887396,-0.58778524,-0.809017,0.8660254,-0.5,0.0
2023-04-20 00:00:00,2.0,-0.4043663,-0.49228778,0.12537219,0.7468605,0.45008326,0.5125177,1.5665368,0.5671194,0.56241965,0.27410284,0.06795482,0.7227412,-0.1564969,-0.61166817,0.36757037,1.1392448,0.07674277,-1.3023269,-0.24799544,-0.13006794,-0.18591969,-0.63565314,0.770497,-0.03448098,0.03448098,2.2615051,-0.46184844,-0.8441999,-0.80659103,0.95256466,-0.09558241,-1.5313264,-0.08529407,-0.6627483,1.7517867,-0.29919833,-2.0052307,-0.58778524,-0.809017,0.8660254,-0.5,0.0
2023-04-27 00:00:00,2.0,0.042787597,0.10540514,1.5026277,0.3018591,-0.55441946,-0.34192002,-0.7686261,0.09813801,-0.063722536,-0.13774094,-0.2335795,0.086059764,-0.14220372,-0.5879766,0.5804748,1.5275675,0.45991254,-1.1843703,-0.6464878,-0.072771154,-0.09498884,-0.6090039,-1.3652805,-0.29197142,0.29197142,1.7707778,-0.16493021,-0.90182704,-0.5643363,0.9948599,-0.047887195,-1.5330825,-0.003432294,0.6481824,-0.43005183,-0.282178,-1.964947,-0.58778524,-0.809017,0.8660254,-0.5,0.0
2023-05-04 00:00:00,5.0,0.10476169,0.016557038,2.288652,-0.414828,-0.6520962,-0.6481721,-0.45151874,0.59009606,-0.6869875,-0.60101694,-0.5940785,-0.53501916,-0.098568164,-0.5401228,0.74516493,1.2216964,0.61567265,-1.3236812,-0.87897104,0.017176354,0.04113531,-0.56222737,-1.4575967,-0.45896217,0.45896217,1.8812869,0.13129957,-0.95091796,-0.2538656,0.8015607,0.081229255,-1.5400686,0.12748545,1.0851593,-0.13746645,-0.23682317,-1.9889308,-0.58778524,-0.809017,0.8660254,-0.5,0.0
2023-05-11 00:00:00,5.0,-0.30442876,-0.62414515,-0.724043,1.109237,-0.9722857,-0.79497445,-0.39687347,-0.019881863,-1.4538593,-1.16267,-0.9672612,-1.4027696,-0.24663298,-0.65422386,0.8027794,-0.42623138,0.9765468,-1.2216295,-1.3623817,-0.00490863,-0.008579953,-0.691806,-1.635449,-0.56446946,0.56446946,-2.4633694,0.008517546,-1.2173713,0.021908017,-1.8123959,-0.03609724,-1.5789164,0.10347666,-0.20061804,-0.11172131,-0.3381635,-2.003712,-0.58778524,-0.809017,0.5,-0.8660254,0.0
2023-05-18 00:00:00,5.0,-0.73090136,-1.2285808,-0.98669213,-0.022382053,-0.42411634,-0.9556259,-0.16219965,0.46753553,-1.4286882,-1.1761451,-0.90293753,-1.4243468,-0.5755447,-0.921524,0.6689745,-0.52902293,0.6960769,-1.3271002,-1.5206782,-0.17314567,-0.24451269,-0.97771204,-1.0786395,-0.109577686,0.109577686,-2.089459,-0.14558642,-1.5363141,-0.19991474,-1.507054,-0.1539824,-1.553769,-0.2039329,-0.63698816,-0.54508656,-0.586792,-1.90163,-0.58778524,-0.809017,0.5,-0.8660254,0.0
2023-05-25 00:00:00,5.0,-0.6165053,-0.90847546,0.06507922,-0.4507856,-0.5804662,-0.92646676,-0.05310259,-0.18168715,-1.5322993,-1.2928919,-0.9498633,-1.5663452,-0.83597374,-1.1401184,0.4561912,-0.6292661,0.3719983,-1.7413921,-2.0318334,-0.34743086,-0.40217236,-1.2320498,-1.3548888,0.28506902,-0.28506902,-1.8791363,-0.35454035,-1.8476056,-0.31318426,-1.8786724,-0.3100451,-1.5433413,-0.42352748,-1.0461828,-0.9246926,-0.80204844,-1.9606421,-0.58778524,-0.809017,0.5,-0.8660254,0.0
2023-06-01 00:00:00,5.0,-0.37578434,-0.5436372,-1.0263858,1.4178135,-0.9240846,-0.6202823,0.14829622,-0.55111593,-1.826116,-1.5817783,-1.1813718,-1.8919104,-1.0007936,-1.2789286,0.23888439,-0.82825917,0.5570056,-1.4301609,-2.2298064,-0.4829374,-0.5005254,-1.440033,-1.5272489,0.55409,-0.55409,-1.9608375,-0.6644744,-2.121227,-0.21744488,-1.8672507,-0.54195404,-1.238964,-0.5474766,-1.4350249,-0.9215996,-0.8126919,-1.4516988,-0.58778524,-0.809017,0.5,-0.8660254,0.0
2023-06-08 00:00:00,5.0,1.1890686,1.3828961,-0.60055166,-0.29402345,0.65486926,-0.37930015,0.15610181,-0.43600866,-1.1307973,-1.3051935,-1.2439265,-0.7940137,-0.3419372,-0.7616567,0.35187835,-0.36905485,0.66767216,-0.67329293,-1.7497671,0.12115641,0.1677214,-0.8169841,1.0288608,-0.11815991,0.11815991,-0.7825496,-0.17657661,-1.4849024,-0.00651344,-0.9935954,-0.11886784,-1.103322,0.1042405,0.74332196,0.32170433,-0.1364133,-1.3304149,-0.58778524,-0.809017,1.2246469e-16,-1.0,0.0
2023-06-15 00:00:00,5.0,1.0362316,1.5616945,-0.80451745,-0.5374076,-0.31462023,-0.5711041,-0.3545266,0.23243035,-1.3924457,-1.609908,-1.6665448,-0.9197702,0.20111586,-0.31601906,0.6539159,0.2252114,-0.17138748,-0.34548414,-1.6713238,0.77774537,0.73565173,-0.33966106,-0.9801962,-0.72439843,0.72439843,-0.393415,0.524735,-1.1522483,0.61782724,-0.5499671,0.5756113,-1.1867042,0.69743836,1.1650379,1.2785002,0.5079045,-1.0315291,-0.58778524,-0.809017,1.2246469e-16,-1.0,0.0
2023-06-22 00:00:00,5.0,0.78131497,1.0291209,0.34237874,-0.5390923,-0.41263434,0.093023136,0.32139552,0.88439506,-1.6738544,-1.895536,-2.0180368,-1.1404516,0.6036311,0.03478471,1.0236434,0.9103866,0.22108993,0.33858725,-1.333536,1.2572485,1.1511327,0.060514346,-1.2320576,-1.1809955,1.1809955,-0.5702485,1.5718594,-0.91865635,1.2039835,-0.6030939,1.2220908,-1.2056367,1.1523356,1.5381674,1.855747,1.2985572,-0.56432694,-0.58778524,-0.809017,1.2246469e-16,-1.0,0.0
2023-06-29 00:00:00,5.0,-0.19312452,-0.30384398,0.8385828,0.2632912,0.121760294,-0.18516977,-0.33463576,0.27598575,-1.426327,-1.7254033,-1.8840811,-0.812322,0.46746266,-0.062147237,1.1591442,1.0879279,0.30230117,0.3958703,-1.2349004,1.0980121,1.0061077,-0.013907761,-0.05750355,-1.0065844,1.0065844,-0.8851079,0.7449212,-0.9900869,1.0010668,-0.2187185,1.232955,-1.1488705,1.0064565,-0.17058685,0.8988351,1.1171247,-0.5546096,-0.58778524,-0.809017,1.2246469e-16,-1.0,0.0
2023-07-06 00:00:00,5.0,0.0192132,0.14981899,2.3582041,-0.74612343,-0.44053793,-1.4118602,-1.1089119,-0.17112482,-1.6368607,-1.876407,-2.0072448,-1.086531,0.4478827,-0.06304939,1.2234898,1.2474277,0.297686,0.81937784,-0.9170358,1.0105268,0.96225864,-0.0063841245,-1.1917397,-0.81274444,0.81274444,-1.1299374,0.10002949,-1.0682715,1.2045352,-0.051984888,1.1957701,-1.1545937,0.9742076,-0.60774755,0.2586384,1.0768213,-0.42314103,-0.58778524,-0.809017,1.2246469e-16,-1.0,1.0
2023-07-13 00:00:00,5.0,-1.3463122,-1.6617507,-1.2255698,-0.7853765,0.06684934,-0.100137085,1.1183122,-0.46427178,-1.1520942,-1.4478889,-1.5452932,-0.60355973,-0.350193,-0.6985749,0.87580734,0.12662838,-0.18031813,0.50959396,-1.2170402,0.11108519,0.164713,-0.68346053,-0.2636065,0.3170737,-0.3170737,-0.2588957,-0.7545882,-1.5698972,0.32780343,-0.36783144,0.3762205,-0.34204298,0.15532674,-1.0535526,-1.053271,0.12846717,-0.5409449,-0.58778524,-0.809017,-0.5,-0.8660254,0.0
2023-07-20 00:00:00,2.0,0.30581036,0.5071435,1.3057929,-0.3752516,-0.43725693,-0.25431895,-0.29473597,0.14203927,-1.4528139,-1.6753033,-1.7647153,-0.95718336,-0.19360597,-0.5654946,0.7146274,-0.19581875,0.01965826,1.1293949,-1.4182708,0.18708879,0.23449078,-0.5347277,-1.1572771,0.05085117,-0.05085117,-0.5081469,0.07373732,-1.5523748,0.68710613,-0.49896473,0.26808262,0.115881555,0.21579963,0.6783147,-0.71660966,0.28170314,-0.9276679,-0.58778524,-0.809017,-0.5,-0.8660254,0.0
2023-07-27 00:00:00,2.0,3.0,1.7362769,-0.9602009,-0.9794991,2.8088431,3.0,3.0,3.0,1.2779763,-0.095046826,-1.1391237,3.0,1.8338791,1.4220289,1.2354635,1.2750908,1.5987734,2.360609,-0.14539012,2.3766499,1.9232602,1.5270429,1.9464558,-1.667916,1.667916,1.8886064,2.0995698,0.7570548,0.5235206,2.8620665,2.1111932,0.7361876,1.8332843,1.0789727,1.4823908,1.8116257,-1.6032054,-0.58778524,-0.809017,-0.5,-0.8660254,0.0
2023-08-03 00:00:00,2.0,-0.6744348,-0.43366912,0.15233125,0.7201193,1.4250621,2.3917537,-0.11652142,-0.39307413,1.9934491,0.75790465,-0.36739236,3.0,1.3489851,1.0292065,1.3286458,1.015905,1.5171397,1.9207273,-0.3062393,1.6504136,1.3477578,1.1224356,1.6988144,-1.0141603,1.0141603,1.8672912,-0.051325645,0.60653603,-0.32697076,3.0,2.0420272,0.76201767,1.191555,-0.2150308,1.7764732,1.2183092,-1.0580792,-0.58778524,-0.809017,-0.5,-0.8660254,0.0
2023-08-10 00:00:00,2.0,0.7966084,0.9803989,-0.5440311,0.29148316,0.4285253,2.763006,1.4646677,0.23309825,1.5114843,0.5973554,-0.5095301,2.4953132,1.6276921,1.3803763,1.4996259,1.3726101,1.8675847,2.390708,0.51852,1.8592855,1.5333561,1.4483384,1.1747165,-1.4282798,1.4282798,1.8447363,2.712894,0.90604323,0.027456455,3.0,1.9890409,1.2041311,1.247518,0.6205858,1.9215975,1.587323,-1.1353611,-0.58778524,-0.809017,-0.8660254,-0.5,0.0
2023-08-17 00:00:00,5.0,-0.16182032,-0.6954502,0.6204764,-0.40402025,-0.25445813,2.9092073,3.0,1.158201,0.7684457,0.2411763,-0.6723329,1.5483449,1.4743327,1.270692,1.5417135,1.8216817,1.4218416,2.0197906,0.034421895,1.5506072,1.3514031,1.3617842,-0.6204718,-1.214937,1.214937,1.3611141,-2.1448596,0.79555994,0.25958738,2.520734,1.9745673,1.247898,0.8605196,-0.23157881,-0.29545492,1.3457141,-1.0741752,-0.58778524,-0.809017,-0.8660254,-0.5,0.0
2023-08-24 00:00:00,5.0,-1.9667873,-1.3108158,-0.41690692,-0.8169023,2.419537,2.285613,0.5651437,0.68349534,2.795835,2.1162546,0.98115516,2.7615666,0.343086,0.2160173,0.9743865,0.77118313,0.43305457,0.2553962,-0.6856576,0.38825977,0.39139643,0.41425315,1.8936381,-0.10512928,0.10512928,2.6535234,-2.032029,0.27213976,-1.4206649,3.0,0.9276681,1.1658343,-0.0021851251,-0.64095134,-1.021515,0.20484371,-1.8420357,-0.58778524,-0.809017,-0.8660254,-0.5,0.0
2023-08-31 00:00:00,5.0,-0.14959145,-0.03883598,1.9933096,-0.3168059,-0.07525762,0.17558764,-1.9058651,-0.4131299,1.9034859,1.7236065,0.86494416,1.7816329,0.25332218,0.13626654,0.6606426,-1.0012872,0.14415582,0.35320914,-0.827886,0.27415365,0.31208202,0.34068713,0.28841105,0.0022276822,-0.0022276822,0.015718995,-1.9291602,0.14555942,-1.2517023,0.8222968,0.42739543,1.1935731,-0.07404759,-1.0461828,-1.4349797,0.10331847,-1.8906158,-0.58778524,-0.809017,-0.8660254,-0.5,0.0
2023-09-07 00:00:00,2.0,-1.4433776,-1.5858991,-1.2132716,-0.71323526,0.3554403,-0.4199363,-1.7483733,-0.25330767,1.9084975,2.041756,1.4431845,1.4209683,-0.4132641,-0.55858463,0.16068706,-1.3424386,-0.2989186,-0.014300842,-1.0639229,-0.52227616,-0.29571062,-0.30180448,1.1193259,0.79530203,-0.79530203,0.16306448,-1.4578136,-0.40477112,-1.7745144,0.23129618,-0.35633126,1.1997524,-0.7148672,-1.4400157,-1.9354788,-0.7171088,-1.2914504,-0.58778524,-0.809017,-0.8660254,-0.5,0.0
2023-09-14 00:00:00,5.0,1.594814,1.6053432,-0.61137366,-1.0738724,0.25060284,-0.44927305,-0.51576364,1.5557581,1.5877072,1.7159319,1.0545071,1.3007957,0.35866743,0.25229052,0.10269713,-0.9477502,0.25639403,0.53847605,-0.15097523,0.32030737,0.35256758,0.417574,1.0836941,0.343968,-0.343968,0.61076444,-1.0187855,0.22065942,-1.1647243,0.28634006,0.10661654,1.1963916,-0.0252007,0.70807964,0.013917456,0.15150042,-1.3019004,-0.58778524,-0.809017,-1.0,-1.8369701e-16,0.0
2023-09-21 00:00:00,5.0,-0.23632573,-0.66261375,-0.73087555,1.0029695,-0.29815713,-0.47799024,-0.22303621,0.9250505,0.90139747,1.2979429,0.8906368,0.595651,0.22800598,0.1264546,0.0092085255,-0.9783468,0.58342636,0.42345455,-0.4255561,0.14781086,0.22481811,0.29307285,-0.2276932,0.5305718,-0.5305718,0.58091325,-0.8467754,0.026853086,-1.008319,0.27271006,0.14829618,1.232021,-0.16730073,-0.1451082,-0.025923675,-0.015451101,-1.1814264,-0.58778524,-0.809017,-1.0,-1.8369701e-16,0.0
2023-09-28 00:00:00,5.0,-1.4347928,-1.1444159,-0.79140115,-0.16695099,0.95099586,-0.52156985,-0.5108868,-0.34297624,1.7149589,2.1047177,1.8176446,1.0149193,-0.40734896,-0.5543783,-0.30489758,-0.76234114,-0.019066157,-0.0010172458,-1.0161023,-0.64573807,-0.3915783,-0.35459542,1.5647013,1.1762692,-1.1762692,0.16636711,-0.7007298,-0.4444751,-1.7650659,-0.32077315,-0.505376,0.7378353,-0.80145454,-0.5564382,0.0056511597,-0.85953903,-0.32875338,-0.58778524,-0.809017,-1.0,-1.8369701e-16,0.0
2023-10-05 00:00:00,5.0,-0.36062947,-0.71152616,-0.8606371,0.9774608,-0.3866325,-0.52042323,-0.03345258,0.5800837,1.095062,1.6997018,1.6718353,0.39361563,-0.561679,-0.717712,-0.5816672,-0.8603115,-1.3827007,0.095797524,-0.8103505,-0.8257013,-0.58037543,-0.55213237,-0.19095565,1.1384872,-1.1384872,0.16718261,-0.5902271,-0.7160904,-1.6656971,-0.35287508,-0.89816594,0.5272697,-1.0108106,-0.97316307,-0.9418799,-1.0857708,-0.23383069,-0.58778524,-0.809017,-1.0,-1.8369701e-16,1.0
2023-10-12 00:00:00,5.0,0.22708358,0.050914645,2.6870334,-0.99614334,-0.881239,-0.53098315,-0.5253238,1.043081,0.28426123,1.0221083,1.1869909,-0.29233506,-0.4650459,-0.6106603,-0.7257246,-0.10591874,-1.0684081,0.36587197,-0.46956435,-0.7474201,-0.5493406,-0.4779755,-1.1725912,1.0451981,-1.0451981,-0.12417566,-0.4090578,-0.8091226,-1.2804507,-0.6994035,-0.6910207,0.543755,-0.9928661,0.74628913,-0.70932835,-0.9909657,-0.34245625,-0.58778524,-0.809017,-0.8660254,0.5,0.0
2023-10-19 00:00:00,5.0,-0.8769701,-0.78349805,0.6038073,-0.73796153,0.38201803,-0.45756254,0.70225227,-0.3266384,0.8155265,1.4516584,1.6935215,0.062452704,-0.8298489,-0.99347293,-0.90541434,-1.2291912,-1.5998523,0.16503602,-0.5967853,-1.188814,-0.9374867,-0.8389702,1.3823807,1.3553306,-1.3553306,-1.1494765,-0.37458244,-1.0915583,-1.6885891,-0.62354857,-1.0914526,0.47617236,-1.3662323,-0.13882604,-0.4393308,-1.3420218,0.003327916,-0.58778524,-0.809017,-0.8660254,0.5,0.0
2023-10-26 00:00:00,5.0,-0.2773746,0.032139536,1.2019734,0.5759067,-0.7317448,-0.49654058,-0.55689037,-1.3931252,0.17679465,0.9566064,1.4127475,-0.5370764,-0.9569492,-1.1134695,-1.0954688,-1.2476302,-1.619529,-0.3085791,-0.331577,-1.2285694,-1.1151651,-1.0071343,-0.9305813,1.2764782,-1.2764782,-1.1189958,-0.34092608,-1.3863089,-1.5327107,-0.6921198,-1.3888543,-0.43516377,-1.5762787,-0.6010448,-0.40984666,-1.2584091,-0.26091853,-0.58778524,-0.809017,-0.8660254,0.5,0.0
2023-11-02 00:00:00,5.0,-0.7393159,-0.8001091,-1.2368176,1.2301527,0.41291413,-0.46051335,0.3613585,0.6026585,0.80653065,1.4249692,1.8928556,-0.058418892,-1.228098,-1.3950256,-1.2276285,-0.9257878,-1.2214067,-0.9145948,-0.8257237,-1.3537608,-1.3398918,-1.2414408,1.3577307,1.0694939,-1.0694939,-1.5396969,-0.3190233,-1.5374172,-1.8795352,-0.7643283,-1.5368227,-0.6905978,-1.7947189,-1.0122832,-0.8002996,-1.0410272,-0.7448942,-0.58778524,-0.809017,-0.8660254,0.5,0.0
2023-11-09 00:00:00,5.0,0.5306599,1.1536072,0.53323424,-1.0799595,-0.4035548,-0.5518284,-1.064261,-1.2853827,0.42560458,1.0238262,1.4956768,-0.3045979,-0.92858845,-1.1143178,-1.1966666,-0.5191155,-0.99672747,-0.9715679,-0.7015956,-1.0158744,-1.0719897,-0.9738543,0.12740085,0.8996307,-0.8996307,-1.1694505,-0.18730956,-1.4028335,-1.5491899,-0.65422124,-1.136388,-0.71368307,-1.5692807,0.77420855,-0.11147376,-0.8616305,-0.4620975,-0.58778524,-0.809017,-0.5,0.8660254,0.0
2023-11-16 00:00:00,5.0,-0.37056682,-0.5731214,-1.2085841,1.7519057,-0.42234376,-0.47200203,0.57408416,0.26738706,0.25890663,0.8796455,1.4423084,-0.48954546,-1.0826213,-1.2573326,-1.1858499,-0.7883518,-0.65094596,-1.0500281,-0.71671474,-1.0403881,-1.196993,-1.1164684,0.061483324,1.0602287,-1.0602287,-1.2565261,-0.1789053,-1.6029245,-1.5592128,-0.42742968,-1.1473069,-0.7415976,-1.7188426,-0.119109005,-0.15117607,-1.0320368,-0.61421627,-0.58778524,-0.809017,-0.5,0.8660254,0.0
2023-11-23 00:00:00,5.0,0.6373039,0.6967844,-0.060598906,0.72624165,-0.58250606,-0.4563263,-0.16716738,1.001924,-0.1256052,0.4441322,0.9811907,-0.7205732,-0.7085854,-0.92448765,-0.99947184,-0.099362716,-0.9592635,-0.8161785,-0.7726177,-0.73610663,-0.8804501,-0.7987294,-0.21162227,0.83680433,-0.83680433,-1.1542019,-0.04544625,-1.4394517,-1.18664,-0.755466,-0.8429273,-0.99156606,-1.4410985,0.77420855,0.5334104,-0.8069234,-0.50699043,-0.58778524,-0.809017,-0.5,0.8660254,0.0
2023-11-30 00:00:00,2.0,0.4162354,1.4029689,0.09054392,-1.2225373,-1.413978,-0.528808,-1.0560076,0.09867672,-1.1950862,-0.50076354,0.17225486,-1.6530536,-0.47882164,-0.71586436,-0.7909019,0.21549702,-0.74352556,-0.22859082,-0.5392803,-0.5633931,-0.75567055,-0.6551805,-1.3011336,0.45920208,-0.45920208,-1.0876625,0.050473947,-1.6022421,-0.5962629,-1.0051461,-0.5923106,-1.6732737,-1.3891138,1.1841079,0.46692544,-0.6701181,-0.40189555,-0.58778524,-0.809017,-0.5,0.8660254,0.0
2023-12-07 00:00:00,5.0,1.243731,1.0929794,0.53487957,-1.0444219,0.7220135,-0.36426994,2.4878037,0.23585433,-0.22185482,-0.06014241,0.23016426,-0.40965894,0.23821025,-0.06827707,-0.2448149,1.1104913,0.14283064,0.1433159,0.06432348,-0.11794189,-0.07731603,0.12027725,1.3213992,-0.3519302,0.3519302,-1.1129128,0.189246,-0.78047746,-0.47650635,-0.67077255,-0.16458778,-1.4136006,-0.6779749,1.5595067,1.3709195,-0.19364479,-0.46727008,-0.58778524,-0.809017,-0.5,0.8660254,0.0
2023-12-14 00:00:00,5.0,-0.18320134,-0.2359475,-1.2209336,2.556273,-0.3724751,-0.40933153,-0.71560115,-0.05660133,-0.31479412,-0.14661863,0.17385086,-0.49839267,0.11123993,-0.1713962,0.046219133,0.78446954,0.20150387,-1.2624782,-0.18149425,-0.14400999,-0.08448315,0.050985742,0.12723008,-0.20825313,0.20825313,-0.4858568,0.16606785,-0.89722276,-0.48035204,-0.59975624,-0.2666328,-1.4397852,-0.7139495,-0.15946543,0.8484845,-0.29257032,-0.15118365,-0.58778524,-0.809017,-2.4492937e-16,1.0,0.0
2023-12-21 00:00:00,5.0,-0.6174426,-1.414339,-0.51215357,-1.061584,-0.5951081,-0.2776808,0.88833827,0.9145249,-0.5417553,-0.29636234,0.13529505,-0.7735026,-0.22904025,-0.46482867,0.11815092,0.68458676,-0.07234855,-1.2254826,-1.0035689,-0.33945498,-0.31723335,-0.24209324,-0.58461106,0.17229371,-0.17229371,-0.25986817,0.088784665,-1.2575872,-0.5721523,-0.65486574,-0.22911374,-1.4742486,-0.9639363,-0.57027364,0.2643268,-0.55365646,-0.2043986,-0.58778524,-0.809017,-2.4492937e-16,1.0,0.0
2023-12-28 00:00:00,5.0,0.9113419,1.6814525,-0.96905386,-0.70463103,-0.86054873,-0.47380596,-1.6300442,0.5618547,-1.1184497,-0.8965147,-0.5147873,-1.1896058,0.2823608,-0.0018237666,0.37810698,0.8003329,0.5152722,-1.1636316,-0.5637632,0.11186353,0.23427889,0.24594882,-1.043636,-0.49563032,0.49563032,-0.13206077,0.119772725,-1.0514934,0.052355044,-0.7808757,-0.055073876,-1.529538,-0.4660529,0.7278827,0.04443554,-0.20953721,0.37779135,-0.58778524,-0.809017,-2.4492937e-16,1.0,0.0
2024-01-04 00:00:00,5.0,1.278259,1.7385851,-0.6778961,-1.2173018,0.17845327,-0.35282817,0.8730485,-0.49763787,-0.9094211,-0.9562445,-0.823562,-0.7244369,0.9435626,0.64463586,0.8070391,1.1806216,1.0286274,-0.64050895,-0.30062976,0.9467258,0.9788168,0.9773626,0.9072546,-1.5913045,1.5913045,0.05124816,0.22290878,-0.4168128,0.48202968,-0.001060029,0.65654796,-1.1624193,0.5599711,1.149342,0.8824909,0.3330682,-0.27327815,-0.58778524,-0.809017,-2.4492937e-16,1.0,1.0
2024-01-11 00:00:00,5.0,0.28414056,0.21459256,0.38265774,1.3534003,-0.62656397,-0.34827086,0.118367955,0.8551303,-1.1755906,-1.2269058,-1.1167574,-0.93869966,1.0606692,0.7755753,1.1391764,0.75297713,1.3553222,0.15883026,-0.27990508,1.147243,1.1443229,1.1425796,-0.70144707,-1.4662806,1.4662806,0.05550967,0.6802131,-0.3848933,0.78132194,-0.7392906,1.0795351,-0.98329556,1.0740792,1.5602763,1.3489251,1.0593101,0.12892471,-0.58778524,-0.809017,0.5,0.8660254,0.0
2024-01-18 00:00:00,5.0,-0.31009358,-1.0850033,-0.5559323,-0.26911122,-1.2090958,-1.1427062,-0.83843404,0.2625016,-1.6175231,-1.5894619,-1.4006114,-1.4450177,0.8352016,0.6009277,1.2778099,0.70844555,1.0826957,0.100026324,-0.6732852,0.9934251,1.0101997,0.96140194,-1.1685796,-1.2349893,1.2349893,0.14280151,0.49218822,-0.75559056,1.0146449,-1.0221559,1.0649196,-0.80420995,1.0997633,-0.1316016,0.5711926,1.1431277,0.28620303,-0.58778524,-0.809017,0.5,0.8660254,0.0
2024-01-25 00:00:00,5.0,-0.3110554,-0.16245583,1.0638734,0.21805236,1.0872043,0.21360993,1.2426468,-0.58775723,-0.8361189,-1.0607263,-1.0137563,-0.51478475,0.6116518,0.4239822,1.1185277,0.8438281,1.1099321,0.5068168,-0.8735672,0.74763644,0.76041764,0.7558965,1.2306513,-0.9660922,0.9660922,0.09271435,0.03255109,-0.7129625,0.490844,-0.421074,0.8840888,-0.24617226,0.8702357,-0.54541636,-0.3687093,0.9333035,-0.27903762,-0.58778524,-0.809017,0.5,0.8660254,0.0
2024-02-01 00:00:00,5.0,0.06104377,0.050861154,1.5621264,0.15692808,-1.113949,-0.030047147,-0.36818048,0.08271772,-1.4052588,-1.507166,-1.4071531,-1.1245344,0.62521935,0.44685832,1.0878037,0.4620624,0.92199093,-0.05196783,-0.79239833,0.8526241,0.8404964,0.7694161,-1.148704,-0.9690062,0.9690062,0.1826455,-0.5105884,-0.9342144,0.91341233,-0.50651044,0.8696961,-0.16570152,0.9572628,-0.976719,-0.48973185,0.94577956,0.08310018,-0.58778524,-0.809017,0.5,0.8660254,0.0
2024-02-08 00:00:00,5.0,-0.15591486,0.05812281,0.005871321,1.8715833,-0.30017963,0.8806186,0.4697886,-1.0023452,-1.4014792,-1.5494124,-1.4780673,-1.0806133,0.4872674,0.34635812,0.9442052,-0.19754672,0.74204016,-0.022252148,-1.1096287,0.7927997,0.7679125,0.64425975,-0.4520062,-0.7945262,0.7945262,-1.2681186,-1.1812501,-1.1103188,0.94181556,-0.7302625,0.65748,-0.16636384,0.89330125,-1.3752229,-0.39396757,1.0275248,-0.14444399,-0.58778524,-0.809017,0.8660254,0.5,0.0
2024-02-15 00:00:00,5.0,-0.5151528,-0.71325153,0.02276357,-0.076949194,-0.44718364,0.5855946,-0.3335288,-0.8614763,-1.4540615,-1.5960951,-1.5014406,-1.1561716,0.08573551,0.016649,0.6765378,-0.56570673,0.15315783,0.32889825,-1.1427177,0.34097436,0.42661586,0.24126169,-0.74724317,-0.39460033,0.39460033,-1.3357121,-1.4584819,-1.5380573,0.8431962,-0.69012433,0.45217118,0.10807832,0.5732003,-1.7439386,-0.5418144,0.6185653,-1.4672906,-0.58778524,-0.809017,0.8660254,0.5,0.0
2024-02-22 00:00:00,5.0,0.86802495,1.8104347,-1.2297698,-0.7839698,-0.77033234,-0.15512447,-0.64495885,0.36070663,-1.772583,-1.9478835,-1.9516715,-1.3916768,0.70544815,0.5851878,0.7042572,-0.0221209,0.5163702,0.7878969,-0.691345,0.95733094,0.95537347,0.79503304,-1.0156401,-0.85620326,0.85620326,-0.100762986,-0.59538364,-1.2375362,1.6367795,-0.5532578,0.72203517,1.2969601,1.076616,0.8357426,0.039374176,1.2117639,-1.9493165,-0.58778524,-0.809017,0.8660254,0.5,0.0
2024-02-29 00:00:00,5.0,0.8370095,1.2009897,-0.5966353,0.06927753,0.07887138,-0.3361951,-0.3084131,0.45533985,-1.6349062,-1.9607238,-2.126094,-1.0480566,1.2690053,1.1608262,0.886463,0.50699174,1.0101185,1.0271517,-0.7123441,1.4651749,1.4461684,1.3767505,0.08102972,-1.3813376,1.3813376,0.15150535,0.09261465,-0.7007129,2.1091323,-0.87422496,1.2508903,1.8901199,1.5467283,1.2512449,0.70039207,1.8027325,-1.9257138,-0.58778524,-0.809017,0.8660254,0.5,0.0
2024-03-07 00:00:00,5.0,-0.523371,-1.0448428,-0.6899176,-0.03243263,0.08615903,0.30603713,0.28533548,0.6325163,-1.434926,-1.7915392,-1.9632434,-0.8264104,0.79563034,0.7721997,0.79579324,0.23978579,0.5239062,1.1718518,-0.36764905,0.9251,0.970915,0.9057845,-0.10511921,-0.69308466,0.69308466,0.5711595,-0.45806322,-1.0568244,1.7260758,-0.42960623,1.0543336,1.861294,1.0896527,-0.035749856,0.65366405,1.3493801,-2.7913322,-0.58778524,-0.809017,0.8660254,0.5,0.0
2024-03-14 00:00:00,5.0,0.5130293,0.52021885,0.4852783,0.51168156,0.43252796,-0.5324092,-0.7149446,0.91330755,-1.2294722,-1.6747237,-1.9525415,-0.46909523,1.0997095,1.0881228,0.80718887,0.5456682,0.2564609,1.4615319,0.59343064,1.1534971,1.1589397,1.1986673,0.57996875,-1.1794585,1.1794585,0.59892124,0.22441906,-0.6221509,1.7984238,-0.18067777,1.0966239,1.8369968,1.269666,0.7978777,0.36725166,1.639559,-3.0,-0.58778524,-0.809017,1.0,6.123234e-17,0.0
2024-03-21 00:00:00,5.0,-1.3744979,-1.4308097,-0.8556152,-0.86128986,1.4666375,0.55393904,0.6888541,-0.27911794,-0.52406305,-1.0619872,-1.3443127,0.24367902,0.062836476,0.12903713,0.38078812,0.14932092,-0.30959234,1.2210987,-0.10827113,-0.032250226,0.14920853,0.23095495,1.1398039,0.6701153,-0.6701153,1.3106242,-0.38875052,-1.2234248,0.5663868,0.4463443,0.36912847,1.9580518,0.3025631,-0.071751945,-1.1519257,0.52980894,-3.0,-0.58778524,-0.809017,1.0,6.123234e-17,0.0
2024-03-28 00:00:00,5.0,0.6320056,1.3554026,-0.9441716,-0.051468484,-0.48362365,0.094879225,-0.42728388,-0.29648748,-0.90168434,-1.3167655,-1.6070855,-0.14699817,0.46939832,0.5341869,0.27433747,0.036363877,0.010033745,1.2408775,1.0273073,0.37214673,0.4433224,0.6360021,-0.8003844,-0.0050576665,0.0050576665,1.1444503,0.3289755,-0.980384,1.1002251,0.5285659,0.16445225,1.860377,0.5926901,0.76192,-0.31392968,0.9452486,-3.0,-0.58778524,-0.809017,1.0,6.123234e-17,0.0
2024-04-04 00:00:00,5.0,-0.9668845,-1.3803043,-0.4218953,-1.25079,0.5431994,-0.9552175,-0.88815445,0.27413845,-0.650933,-1.0504682,-1.3053632,0.038192645,-0.18212734,-0.10727625,-0.07656441,-0.8310747,-0.21621299,1.0155009,0.6125504,-0.72557795,-0.25160164,-0.03455884,0.7173096,1.541398,-1.541398,0.80261725,-0.04903544,-1.5023804,0.44716698,0.5740232,-0.2805313,1.7209603,-0.065507084,-0.1421042,-1.250993,-0.036708307,-2.0466626,-0.58778524,-0.809017,1.0,6.123234e-17,1.0
2024-04-11 00:00:00,5.0,-1.0925906,-1.5243028,-1.085028,-0.87600434,1.0682788,-0.167542,0.55196387,1.5232711,-0.18516012,-0.61963373,-0.86794305,0.43354368,-0.8110807,-0.76728755,-0.5655345,-1.1255561,-0.62225705,0.37871346,0.60579544,-1.803237,-0.9177603,-0.70745796,1.0463483,1.440822,-1.440822,0.8161815,-0.4509298,-1.8850386,-0.3681666,0.8312321,-1.5517697,1.087629,-0.6882073,-0.63195556,-0.8446281,-1.4494016,-1.3528279,-0.58778524,-0.809017,0.8660254,-0.5,0.0
2024-04-18 00:00:00,2.0,-1.4786063,-1.335596,-1.1466756,-0.30972615,1.96443,1.0392463,0.7569552,0.8155909,0.74610436,0.19952278,-0.07743263,1.1805422,-1.5050626,-1.5519408,-1.1426936,-2.065597,-1.1114213,-0.32676563,-0.1208547,-2.3675976,-1.611762,-1.4452742,1.5170906,1.3184413,-1.3184413,0.2766537,-0.91066414,-2.131697,-1.4753643,1.2744063,-2.6150365,0.4826252,-1.2926202,-1.1380342,-1.8623905,-1.3198655,0.21429184,-0.58778524,-0.809017,0.8660254,-0.5,0.0
2024-04-25 00:00:00,2.0,1.0958802,0.9581295,-0.06644016,0.023941768,1.92596,1.2850757,-0.02156061,0.19303793,1.0867261,0.46903235,0.016000545,1.5729139,-0.789552,-0.8604684,-1.1931334,-0.9021662,-0.5546925,-0.38595474,1.4331938,-1.3736231,-0.94562,-0.7142722,1.4385984,0.66732794,-0.66732794,1.0910512,-0.05557022,-1.2392093,-1.2784612,1.2391402,-1.834524,0.48666877,-0.63322026,0.7360956,-0.5429229,-0.6298437,0.6483473,-0.58778524,-0.809017,0.8660254,-0.5,0.0
2024-05-02 00:00:00,2.0,0.7475344,0.53101796,-0.78349626,2.0437002,1.6144305,0.6184514,-0.48724046,1.1729909,1.3048636,0.71008056,0.15495166,1.7431203,-0.31913066,-0.39107752,-1.0203718,-0.8473996,-0.61685836,-0.038701363,1.7572305,-0.8134167,-0.52125084,-0.2379137,1.3387451,0.20448129,-0.20448129,1.0594974,0.73111445,-0.65285814,-1.1891468,1.8527671,-1.2531464,0.48990238,-0.22297588,1.2088597,0.49531183,-0.1726152,0.49676037,-0.58778524,-0.809017,0.8660254,-0.5,0.0
2024-05-09 00:00:00,2.0,-0.5954434,-1.1251202,-0.8785676,-0.004442298,-0.16288455,-0.03786399,-0.60962415,1.1610789,0.9065543,0.61416286,0.21832366,1.1374329,-0.70707834,-0.7863813,-1.0665205,-0.67265433,-1.212413,-0.037689123,1.0987812,-1.1304101,-0.8951815,-0.6539546,0.20907557,0.6179722,-0.6179722,0.92719954,0.18565491,-1.045064,-1.3027927,1.4520805,-1.0125669,0.4773828,-0.55440074,-0.22997956,0.82643414,-0.60017484,-0.23878899,-0.58778524,-0.809017,0.5,-0.8660254,0.0
2024-05-16 00:00:00,2.0,1.0197073,1.668745,-0.8327517,-1.1793742,-0.49300715,-0.47967595,-0.3899166,-0.19139253,0.28089893,0.15580238,-0.21339293,0.5835878,0.0139955785,-0.08141898,-0.8218008,0.40664732,-0.6216364,0.0127537185,2.170729,-0.44460565,-0.35172793,-0.08412405,-0.3175435,-0.024032226,0.024032226,0.90745574,0.78936154,-0.7213162,-0.6911889,0.8565138,-0.6136365,0.28610784,-0.048209082,0.7360956,0.7233573,0.06549202,-0.023498934,-0.58778524,-0.809017,0.5,-0.8660254,0.0
2024-05-23 00:00:00,5.0,0.22551948,0.2679443,0.15347776,1.6684233,-0.15495537,-0.2658628,-0.02113116,0.28687567,0.021229098,-0.022895085,-0.3483898,0.30948773,0.15533325,0.05774893,-0.5426752,1.2741334,-0.7498678,-0.3978714,1.8466035,-0.25256622,-0.19221863,0.038700864,0.23220998,-0.1538468,0.1538468,-0.20294057,1.4554921,-0.69344693,-0.48876795,0.14005701,-0.32451648,-0.0052666464,0.09362459,1.2088597,0.3931687,0.20070605,0.94388163,-0.58778524,-0.809017,0.5,-0.8660254,0.0
2024-05-30 00:00:00,5.0,-2.5432906,-1.5050943,-1.0882813,-0.89328796,2.4140153,-0.006970371,-0.016527198,-1.4002789,1.607135,1.346507,1.0425693,1.4684864,-1.3275273,-1.4733683,-0.89063776,-0.5494026,-1.2069188,-1.4512447,-1.4900686,-1.5757223,-1.4490962,-1.3898644,1.5909431,1.4851727,-1.4851727,1.2774377,0.85769856,-1.282527,-1.984145,0.5186772,-1.0871596,0.03342765,-1.0127519,-0.22997956,-0.4481286,-1.4967597,1.2609899,-0.58778524,-0.809017,0.5,-0.8660254,0.0
2024-06-06 00:00:00,5.0,0.5407952,0.6016073,1.3970474,-0.6689894,-0.16316779,1.009846,0.37054855,0.09125536,1.1235808,1.0590986,0.8216464,1.0004705,-0.95900387,-1.1091485,-0.97109896,-0.6801635,-1.2308894,-1.1248617,-0.95307404,-1.1224524,-1.0849122,-1.0687691,0.47414136,1.1716274,-1.1716274,1.135195,2.0601678,-1.1625168,-1.6652404,0.03009743,-0.9993408,-0.37204197,-0.7053561,0.7360956,-0.82619894,-1.1719241,1.3458626,-0.58778524,-0.809017,0.5,-0.8660254,0.0
2024-06-13 00:00:00,5.0,-0.08630041,0.053364024,2.0045755,-0.23569007,-0.8167698,-1.1956524,-1.0678544,-0.96582997,0.52555394,0.6924668,0.60139495,0.35572824,-1.0170543,-1.1654199,-1.014275,-0.4110495,-0.8622434,-1.039253,-0.8164754,-1.0335959,-1.1039693,-1.1763594,-0.76018506,1.233316,-1.233316,1.1266949,1.4367446,-1.4409009,-1.4811502,-0.11212829,-0.87413806,-0.49548292,-0.73960644,-0.25459403,-1.023016,-1.2324479,1.5238012,-0.58778524,-0.809017,1.2246469e-16,-1.0,0.0
2024-06-20 00:00:00,5.0,0.1512583,0.5005519,0.14422941,1.0571876,-1.4505744,-1.472391,-0.50321466,-0.743728,-0.24143498,0.12435753,0.1719724,-0.41425905,-0.9334793,-1.0806559,-0.9782098,-0.9052401,-0.3551287,-1.005733,-0.7616349,-0.85641414,-1.0157334,-1.1860518,-1.2746364,1.114855,-1.114855,0.74051523,2.0645442,-1.7408851,-1.1180062,-0.34986928,-0.85519797,-0.5786557,-0.6865834,0.7309312,0.3210155,-1.1559603,1.5707985,-0.58778524,-0.809017,1.2246469e-16,-1.0,0.0
2024-06-27 00:00:00,5.0,0.42163026,0.6704121,1.4766524,-0.9804971,-0.1666413,0.61653733,1.5661162,-0.7874892,-0.2706983,0.0064074188,0.028216282,-0.3644266,-0.6261137,-0.7989322,-0.75164646,-0.8183716,0.43217182,-0.79489285,-0.57172227,-0.5811352,-0.6937208,-0.90461487,0.27500045,0.75791967,-0.75791967,0.7722958,2.6397572,-1.5604002,-0.91726387,-0.26909333,-0.507899,-0.52846473,-0.38626108,1.2236938,0.27843028,-0.91555816,1.6421151,-0.58778524,-0.809017,1.2246469e-16,-1.0,0.0
2024-07-04 00:00:00,5.0,-0.25971678,-0.42160454,0.87247777,-0.042179987,-0.65734506,-0.69812506,-0.8346974,-0.20146848,-0.4320117,-0.14008118,-0.053844366,-0.54157025,-0.8153771,-0.9720251,-0.6400515,0.41540763,-0.13002507,-0.7007266,-0.5638243,-0.6451164,-0.81899625,-1.1074904,-0.53976494,0.9750552,-0.9750552,-1.5523164,1.7358085,-1.7900294,-0.90145993,-1.1281236,-0.5405492,-0.57092667,-0.50085825,-0.25459403,0.16503982,-1.0994803,1.5102593,-0.58778524,-0.809017,1.2246469e-16,-1.0,1.0
2024-07-11 00:00:00,2.0,1.1344082,1.3492435,-1.1102818,0.038265273,-0.09865603,-1.4199444,-0.77998847,-0.035357103,-0.4358517,-0.29522878,-0.32709333,-0.3713771,0.09482351,-0.15419126,-0.19902092,0.739927,0.020514548,-0.6116861,0.50566643,-0.035865802,-0.038955726,-0.26454157,0.6690969,-0.25975674,0.25975674,-1.0283805,1.9440985,-1.2109022,-0.45341635,-0.98343885,-0.28693947,-0.5830919,0.18639603,0.70665675,0.9038648,-0.412107,1.9438952,-0.58778524,-0.809017,-0.5,-0.8660254,0.0
2024-07-18 00:00:00,2.0,1.9491612,1.3929808,-0.69411135,-0.70465666,1.9555075,0.26777545,1.4620202,0.061335135,0.3887774,0.10748071,-0.26565954,0.7897103,1.4450326,1.2163322,0.6015251,1.832457,1.0982044,-0.16891615,1.9969908,1.129617,1.1901746,1.1618588,1.4745958,-1.693915,1.693915,-0.27015102,2.2406821,0.17164582,-0.14975613,-0.03499581,0.7142147,-0.1966275,1.2601647,1.1611824,1.8072019,0.87743235,0.7551945,-0.58778524,-0.809017,-0.5,-0.8660254,0.0
2024-07-25 00:00:00,2.0,-0.08553975,0.20532686,-0.52911055,2.3668633,-0.0029962582,0.16731751,-0.24560161,-1.65032,0.3341407,0.12850367,-0.21002187,0.67064226,1.332436,1.1210451,1.0356606,1.6772125,0.62973005,0.0057692095,2.1325247,1.1079438,1.124794,1.1334425,0.59406865,-1.5563617,1.5563617,-0.22406258,1.4390236,0.1338505,-0.18729791,0.4851422,0.8877081,-0.15599404,1.1979468,-0.3556198,1.8416748,0.7948728,0.563431,-0.58778524,-0.809017,-0.5,-0.8660254,0.0
2024-08-01 00:00:00,2.0,0.42278838,0.43500787,1.6061239,-0.7834356,0.030482579,0.2164638,-0.13586913,0.117843255,0.24949092,0.0757315,-0.274608,0.5961375,1.5483285,1.3659372,1.3498374,1.6485085,0.7130817,-0.025912361,1.754975,1.4320265,1.3594836,1.4158522,0.6545322,-1.106861,1.106861,-0.24754873,1.7787997,0.33903873,-0.031372607,0.5591765,1.4797829,0.32767987,1.3842355,0.66043675,1.2610351,1.2672927,0.5741266,-0.58778524,-0.809017,-0.5,-0.8660254,0.0
2024-08-08 00:00:00,2.0,0.2914691,0.11196545,2.2205248,-0.7302541,1.3174372,0.72707874,0.10041906,0.74547,0.8013252,0.4867802,0.031520322,1.1389846,1.6673102,1.5078043,1.4436386,1.8722593,1.8182666,0.66731685,1.3979899,1.484082,1.3917114,1.5164983,1.263239,-0.7605254,0.7605254,-0.4430026,1.9759172,0.6709808,-0.22617702,1.2423693,1.7041923,0.48059312,1.4043561,1.168465,0.25615957,0.8866182,0.14430587,-0.58778524,-0.809017,-0.8660254,-0.5,0.0
2024-08-15 00:00:00,2.0,-0.088409096,0.0018349863,1.1757867,0.6691352,-0.29138792,-0.513189,-0.78862154,-0.6754283,0.5485119,0.39062834,0.013011817,0.7906206,1.5217236,1.3883533,1.4734069,1.2545048,1.5361496,0.36940035,0.9438058,1.382591,1.3274804,1.4294682,0.42615587,-0.7094813,0.7094813,-0.28733552,1.4364085,0.5854526,-0.18318845,1.077472,1.334758,0.45854232,1.3542658,-0.3295312,0.24844956,0.8340345,-0.10241277,-0.58778524,-0.809017,-0.8660254,-0.5,0.0
2024-08-22 00:00:00,2.0,0.78361785,1.5006206,-1.0578117,-0.48863074,-1.1222315,-0.8811661,-0.40389094,-0.34382707,-0.16640283,-0.14695533,-0.45912582,0.12142258,1.9460844,1.848474,1.6623561,0.6634785,1.828497,1.0886673,1.4843096,1.6131172,1.7443693,1.8742326,-1.0103741,-1.1529315,1.1529315,-1.5021164,1.5470713,0.77461505,0.42940322,-0.085635915,1.4112608,0.5137494,1.731606,0.69153225,0.48762086,1.2998905,0.02499387,-0.58778524,-0.809017,-0.8660254,-0.5,0.0
2024-08-29 00:00:00,5.0,0.63785285,0.68452615,0.34685314,-0.014105838,-0.39997196,-0.75803745,-0.11118259,0.6363229,-0.38845536,-0.37386823,-0.6963319,-0.029518964,2.2016227,2.152071,1.8043486,1.0277737,1.9528058,1.7616417,1.7967322,1.6322058,1.9693824,2.1812584,0.24795556,-1.4975146,1.4975146,-1.5029876,1.6106948,1.025886,0.81507516,-0.19490786,1.5335867,0.49178967,1.9472835,1.1692252,0.68010974,1.6637777,-0.23216961,-0.58778524,-0.809017,-0.8660254,-0.5,0.0
2024-09-05 00:00:00,2.0,0.8381592,0.8468066,-0.04414384,-0.09604907,-0.033425085,-0.7688334,-0.24576002,0.7981802,-0.45697224,-0.515144,-0.89195323,0.017242575,2.469965,2.4969862,1.9437526,1.2178029,2.0379562,2.5506518,2.7526052,1.6735065,2.1795466,2.523751,0.3988954,-1.5172172,1.5172172,-1.1831839,1.6758306,1.4047811,1.181852,-0.20927234,1.5526115,0.47554883,2.1339357,1.6239829,1.194904,1.6795465,-1.2052792,-0.58778524,-0.809017,-0.8660254,-0.5,0.0
2024-09-12 00:00:00,2.0,-0.6707788,-1.001476,0.047169715,-0.40766972,-0.5987184,-0.5532283,-0.081898205,-0.45787433,-0.6341898,-0.6068151,-0.87027025,-0.26065505,1.7701848,1.9048479,1.7851505,0.739423,1.8320299,1.8304632,2.1925786,1.191847,1.663285,2.0339065,-0.62240463,-1.1514559,1.1514559,-0.4033608,1.2424109,1.0014447,1.0605873,-0.78713644,1.2373903,0.98331034,1.6648501,-0.4109416,0.050606493,1.2843786,-1.2548379,-0.58778524,-0.809017,-1.0,-1.8369701e-16,0.0
2024-09-19 00:00:00,5.0,0.4122864,0.6171103,0.44978434,0.048980154,0.25602084,-1.3457019,-0.7263562,-1.2686371,-0.51544386,-0.58131343,-0.89465153,-0.060668223,1.9236389,2.068676,1.6164035,0.9649481,1.5571666,1.7092946,0.53334427,1.2139373,1.7245548,2.1309512,0.58737946,-1.330745,1.330745,-0.490735,1.3271656,1.2414736,1.1486671,-0.6214009,1.1018914,1.315903,1.7324717,0.62980396,-0.10422344,1.4779365,-1.0846374,-0.58778524,-0.809017,-1.0,-1.8369701e-16,0.0
2024-09-26 00:00:00,5.0,-1.5434355,-1.6576508,-1.0445507,-1.0189596,0.47059098,-0.025277974,0.8669912,-0.044233955,-0.09940158,-0.1804612,-0.4185276,0.21279655,0.7692523,1.0893561,1.0726944,-0.11011531,0.38898376,1.4223961,0.1547723,0.6207765,0.838479,1.2725748,0.8375514,-0.5945875,0.5945875,0.45478135,0.9382719,0.65189296,0.39487234,-0.12981391,0.74713635,1.7709324,0.9360236,-0.40549022,-1.822527,0.7250613,-1.0335317,-0.58778524,-0.809017,-1.0,-1.8369701e-16,0.0
2024-10-03 00:00:00,5.0,0.22247916,0.5027871,1.5292609,-0.872654,-1.1523825,-0.55535835,-0.43107614,-0.83261395,-0.6347718,-0.56446,-0.7160044,-0.37634593,0.88169736,1.2011195,0.7690227,-0.33358735,0.5004653,1.1502188,-0.14230306,0.65980846,0.9155355,1.3771737,-1.265069,-0.68999714,0.68999714,0.35729215,1.1641266,0.62236464,0.7651538,-0.37337536,0.638585,1.8474356,1.0019462,0.62980396,-1.0358149,0.8289622,-1.2727375,-0.58778524,-0.809017,-1.0,-1.8369701e-16,1.0
2024-10-10 00:00:00,2.0,-0.09671499,-0.081811376,-0.13422039,2.110812,-1.4485734,-1.0538343,-0.41012415,-0.856184,-1.1913515,-0.98165965,-1.0189419,-1.0587412,0.7950683,1.1300802,0.4899604,-0.8179292,0.32084328,1.0607389,-0.10818185,0.59045815,0.84501064,1.3267365,-1.4148513,-0.6357547,0.6357547,-0.24904762,0.8250635,0.3539373,1.118715,-0.86494726,0.52272433,1.8961983,0.934773,-0.40549022,-1.3229141,0.77449125,-1.2630156,-0.58778524,-0.809017,-0.8660254,0.5,0.0
2024-10-17 00:00:00,2.0,1.0851748,0.65587556,0.14520589,0.22823834,1.8198198,0.31680667,0.77056664,1.1598309,-0.37082827,-0.5619274,-0.8420315,0.18419641,1.3500743,1.6523961,0.41485173,0.0151485,0.5580097,2.3457716,1.4073846,0.875047,1.1518856,1.6939052,1.4479083,-0.9780909,0.9780909,1.1946954,1.0703515,1.2489917,1.0161208,0.022247888,0.75858366,1.8674532,1.1808093,0.6064748,0.6486823,1.2500997,-1.9303247,-0.58778524,-0.809017,-0.8660254,0.5,0.0
2024-10-24 00:00:00,2.0,0.45329976,0.6642511,-0.98496175,1.4482586,-0.56486815,-0.07323755,-0.3270922,-0.1960309,-0.7055062,-0.8100132,-1.0575527,-0.16053134,1.5274905,1.8114804,0.46393666,0.030190075,0.7305789,2.1975589,1.6558436,0.94044787,1.2368581,1.8387275,-0.54745865,-1.1199626,1.1199626,1.1938783,1.2487329,1.4273746,1.3449341,-0.32834306,0.8231285,1.8903447,1.2210962,1.0924128,0.7859689,1.4231777,-1.9321681,-0.58778524,-0.809017,-0.8660254,0.5,0.0
2024-10-31 00:00:00,2.0,-1.5788089,-1.2785178,-0.80531377,-0.09702593,0.89365935,-0.564196,-0.35196185,-1.6576123,0.06741167,-0.19468097,-0.46107608,0.5510059,0.44018486,0.86927193,0.0645581,0.044325214,-0.050531965,1.6750047,1.6574279,0.29292634,0.30847698,0.97490346,1.047667,0.40789267,-0.40789267,0.63440305,0.859111,0.79739654,0.42150053,-0.04242071,0.47121832,1.7564509,0.4152581,-0.5251219,-0.4082325,0.67061394,-1.6714786,-0.58778524,-0.809017,-0.8660254,0.5,0.0
2024-11-07 00:00:00,5.0,-0.82209384,-0.8326914,-0.1911063,0.2587863,-0.35531214,0.724074,0.557069,-1.2418036,-0.0028617533,-0.14704536,-0.32826537,0.31585306,-0.031954776,0.42780268,-0.37284246,-0.4398512,-0.5352649,1.3456223,0.4915373,-0.11495373,-0.16859674,0.57143134,-0.02150574,1.1535685,-1.1535685,0.7064993,0.35560983,0.35809267,0.17961143,0.3238606,-0.0026117475,1.4412905,0.013436701,-1.0343577,-1.6473912,0.24755827,-1.7880242,-0.58778524,-0.809017,-0.8660254,0.5,0.0
2024-11-14 00:00:00,2.0,-1.410734,-1.2984856,-0.96894693,-0.083078206,1.2997518,1.6839643,0.2075355,1.0290836,0.8923794,0.58799547,0.35242945,1.0305158,-0.7235383,-0.2637754,-0.90401584,-1.0546786,-1.2639047,0.755935,-0.0065801917,-0.8313851,-0.8241682,-0.060259324,1.2531008,1.1898354,-1.1898354,0.8688764,-0.24444896,-0.07851172,-0.6211156,1.5843097,-0.65195245,0.85585123,-0.5876358,-1.5276425,-2.5779226,-0.4095164,-1.7421881,-0.58778524,-0.809017,-0.5,0.8660254,0.0
2024-11-21 00:00:00,2.0,-0.021059778,-0.046102125,0.8009167,1.1394849,-0.5523847,2.4714186,0.3141702,-0.21479589,0.55540967,0.43960014,0.27890897,0.58982587,-0.74071324,-0.2877434,-1.2393523,-1.5577844,-1.0204259,0.83597296,0.726739,-1.0546802,-0.90555423,-0.085755125,-0.14103569,1.1134262,-1.1134262,-0.0181106,-1.0105586,-0.19650182,-0.5382103,0.47003886,-1.0069675,0.63018453,-0.64909333,-1.9863367,-1.3317653,-0.44193587,-1.5959393,-0.58778524,-0.809017,-0.5,0.8660254,0.0
2024-11-28 00:00:00,2.0,0.74494946,0.71954,0.48540252,-0.36732155,-0.6932325,1.5961736,-0.39005238,0.8955709,0.08714046,0.09715277,-0.026941963,0.16994384,-0.30924347,0.081910826,-1.2828568,-1.4236875,-0.9389393,0.6603576,1.2215961,-0.82678986,-0.64881915,0.21034288,-0.4288636,0.72244734,-0.72244734,0.25878638,-0.46948284,0.054565888,-0.15261927,0.47522417,-0.84130377,0.6157325,-0.40269074,0.5680547,-0.31467396,-0.52882886,-1.668607,-0.58778524,-0.809017,-0.5,0.8660254,0.0
2024-12-05 00:00:00,2.0,-1.552517,-1.3783816,-0.6083868,-0.68957144,0.5298156,-0.1745882,-0.8183062,-1.0491941,0.5863816,0.5911168,0.5251539,0.43297675,-1.0255039,-0.64894,-1.5143558,-1.3825102,-0.9222735,-0.51441544,0.4310753,-1.4863206,-1.2699636,-0.46932504,0.8664316,1.4158128,-1.4158128,0.39812803,-1.0093484,-0.645921,-0.8186277,0.17010807,-1.3248047,0.4938713,-0.9773021,-0.46361533,-0.34523618,-1.5613455,-1.5522767,-0.58778524,-0.809017,-0.5,0.8660254,0.0
2024-12-12 00:00:00,2.0,-1.2286716,-1.350988,-0.30311108,-0.9769057,-0.5001037,2.5375645,1.3640058,-0.9885118,0.50020486,0.68648416,0.78790885,0.12524632,-1.4822868,-1.1676478,-1.8464855,-1.5701438,-1.3945876,-0.85434294,0.34376356,-1.6980218,-1.7375863,-1.004188,-0.21933167,1.4948028,-1.4948028,0.37141982,-1.7043307,-1.3658181,-1.1760247,0.10057774,-1.7118024,0.13996921,-1.3911315,-0.9734858,-0.85804886,-1.6479775,-1.4212046,-0.58778524,-0.809017,-2.4492937e-16,1.0,0.0
2024-12-19 00:00:00,2.0,-0.5960994,-1.0246408,-0.55730593,0.11568611,-0.65455014,1.5632586,-0.45566615,1.068486,0.2706476,0.5900455,0.83151096,-0.19723655,-1.6714703,-1.405089,-2.0800593,-1.2128608,-1.5687593,-1.1748968,0.22371203,-1.5724068,-1.9139075,-1.2651461,-0.650163,1.3741815,-1.3741815,0.08587395,-1.8604127,-1.7757083,-1.2855572,-0.65642446,-1.6411115,-0.22176556,-1.5621542,-1.4704051,-1.5606188,-1.5184366,-1.2033523,-0.58778524,-0.809017,-2.4492937e-16,1.0,0.0
2024-12-26 00:00:00,2.0,0.38765964,0.95586365,-1.1632909,0.88155943,-1.3971461,0.98484004,-0.4136152,-1.3599603,-0.437517,0.019167619,0.39094716,-0.8377185,-1.4452968,-1.222589,-2.1127393,-1.0306501,-1.7808774,-1.1594791,0.7677642,-1.2357239,-1.7424058,-1.1496766,-1.3203299,1.1199893,-1.1199893,0.26909107,-1.1581484,-1.8768321,-0.93054897,-0.9382413,-1.3631058,-0.3077941,-1.4156318,0.5680547,-0.4977159,-1.2721235,-0.59742427,-0.58778524,-0.809017,-2.4492937e-16,1.0,0.0
2025-01-02 00:00:00,2.0,-0.3847525,-0.43989354,0.1964603,0.8946394,-0.855176,-1.6730206,-1.4380906,-0.8341994,-0.66602516,-0.19466822,0.2867803,-1.0647597,-1.5772917,-1.384851,-2.076794,-1.5126667,-2.0024137,-1.2419477,0.33226827,-1.173446,-1.8417058,-1.3423772,-0.883518,1.2717391,-1.2717391,-0.5322466,-1.2330027,-2.190833,-0.9477005,-0.98697835,-1.1134045,-0.8591371,-1.5732758,-0.46361533,-0.13682848,-1.4204527,-0.5399984,-0.58778524,-0.809017,-2.4492937e-16,1.0,1.0
2025-01-09 00:00:00,2.0,-0.766708,-0.9182949,0.36107713,-0.5779075,0.70185083,0.9269602,2.0826306,1.1990453,0.027530352,0.31537294,0.7883359,-0.40898046,-1.8246613,-1.6849314,-1.9747759,-1.1580069,-1.7134277,-1.7229874,0.1869557,-1.1939408,-1.9394765,-1.5964295,0.9260066,1.4020107,-1.4020107,-1.0558512,-1.3643088,-2.22953,-1.3945416,-0.86019206,-1.0218408,-1.0967166,-1.705571,-0.9734858,-0.2127779,-1.5469334,-1.1266375,-0.58778524,-0.809017,0.5,0.8660254,0.0
2025-01-16 00:00:00,2.0,0.95079166,1.2917806,-0.26927382,-0.9631819,0.37182662,0.22991097,-0.45837897,-2.685562,0.17931464,0.2996321,0.6161608,-0.094331585,-1.2199771,-1.1769856,-1.6475269,-0.18201537,-1.1786762,-1.6364076,0.2827104,-0.83404136,-1.3751638,-1.1150348,0.5563526,0.981615,-0.981615,-0.7120502,-0.8915221,-1.6420903,-1.1099594,-0.5395919,-0.865197,-1.2622455,-1.1956522,0.59104496,0.2231244,-1.1212454,-0.8830614,-0.58778524,-0.809017,0.5,0.8660254,0.0
2025-01-23 00:00:00,2.0,0.1386922,0.2555621,1.214926,0.32860848,1.329449,1.7919016,0.84022886,-1.3257188,0.87365776,0.8142334,0.9982224,0.61434585,-1.1411003,-1.1135054,-1.2855737,0.1473864,-0.7111755,-1.8273648,0.12988798,-0.7217697,-1.1071631,-0.96690977,1.2256026,0.9170766,-0.9170766,-0.80930686,-0.39403263,-1.263844,-2.4847462,0.16692123,-0.6551993,-1.2243203,-0.95850796,1.1125553,0.47366968,-1.0690151,-0.2980633,-0.58778524,-0.809017,0.5,0.8660254,0.0
2025-01-30 00:00:00,2.0,1.9419873,1.1748648,0.023710998,-0.93958324,2.1811483,2.0015934,0.21299686,0.3222215,1.7158532,1.3384521,1.1200733,1.6806445,-0.008400834,-0.0807601,-0.64824957,0.8619633,-0.10525752,-1.0361552,0.35706607,-0.13115412,-0.20776677,-0.06898662,1.6179277,0.15240619,-0.15240619,0.27515727,0.12703966,-0.0036099718,-2.6143541,1.6423117,-0.22800064,-1.2784078,-0.083202675,1.6340655,2.0922499,-0.33800298,-0.7308734,-0.58778524,-0.809017,0.5,0.8660254,0.0
2025-02-06 00:00:00,2.0,1.1105814,1.2107083,-1.1427017,0.17990275,-0.78912306,0.63579535,-0.7933399,1.3973789,0.73601943,0.61681956,0.4182107,0.8115175,0.53702366,0.47147018,-0.09280932,1.5255775,0.019964932,-0.84175146,0.95271236,0.26533967,0.29119223,0.40374225,-0.8901489,-0.67433506,0.67433506,-0.004344192,0.5489927,0.28889403,-2.60525,1.498717,0.14345396,-1.4442493,0.38140517,2.0386512,1.9858928,0.19695134,-0.7720164,-0.58778524,-0.809017,0.5,0.8660254,0.0
2025-02-13 00:00:00,2.0,0.16610107,0.1528573,0.057881862,1.8320404,-0.6336537,-0.25329173,-0.6483276,0.16115166,0.18459888,0.2302968,0.11249311,0.23083475,0.6037915,0.5410054,0.32753298,1.8881756,0.5411625,-0.33938855,1.3409384,0.3459091,0.39277628,0.48807523,-0.63557297,-1.0195014,1.0195014,-0.7369859,0.84230995,0.22185664,-2.3273537,0.78529084,0.30644664,-1.3300829,0.4731473,2.3789084,1.9194196,0.25641423,-0.41179118,-0.58778524,-0.809017,0.8660254,0.5,0.0
2025-02-20 00:00:00,2.0,0.79961187,0.89482206,-0.83250064,0.69858927,-0.09287209,-0.44548368,-0.26935717,-0.013272802,-0.0042932886,0.006569722,-0.19219881,0.14732924,0.9681189,0.92382383,0.7289606,1.7873191,1.1498052,-0.17433888,1.2297561,0.63999957,0.74505806,0.848035,0.30707318,-1.5015968,1.5015968,-0.779899,1.0842669,0.5651605,-1.9605019,0.5580759,0.5290332,-1.1531931,0.8132986,2.2463117,1.0744853,0.58657557,-0.18711336,-0.58778524,-0.809017,0.8660254,0.5,0.0
2025-02-27 00:00:00,2.0,1.5383624,1.1415968,0.3942453,-1.405167,2.2237859,1.7170093,1.7124984,-1.695118,1.1601399,0.7645148,0.19979045,1.5710726,1.5785291,1.6138887,1.1004541,2.308686,1.7665318,0.3154347,1.2546703,1.1465172,1.2540245,1.4150054,1.6862047,-1.1870714,1.1870714,-1.0995617,1.3328285,1.5823238,-1.6746473,1.1190326,1.1021812,-0.22574969,1.273366,2.146874,1.1764464,1.236481,-0.9333362,-0.58778524,-0.809017,0.8660254,0.5,0.0
2025-03-06 00:00:00,2.0,0.578094,0.57355154,1.4354185,-1.0041522,1.4192898,1.1105562,-0.36831594,-1.2972778,1.6429535,1.2215308,0.5642098,1.9876038,1.7450258,1.8127183,1.3414474,1.7087628,1.8007057,0.16798273,1.3500347,1.3276794,1.3864897,1.5315465,1.4013333,-1.0869511,1.0869511,-1.4134724,1.4454694,1.9127743,-1.5832311,0.75570923,1.4120927,0.0033314195,1.3730334,2.0794659,1.3333856,1.138983,-1.1788656,-0.58778524,-0.809017,0.8660254,0.5,0.0
2025-03-13 00:00:00,2.0,-0.6717827,-0.5700117,1.5890493,-0.9290192,0.94388604,1.2337091,0.018199306,-0.15221635,1.9799137,1.7211807,1.1994668,2.0270393,1.2801719,1.3957402,1.3141369,0.97446483,1.6826916,-0.16865785,1.2056383,1.136794,1.1058676,1.1930108,1.194396,-0.85594547,0.85594547,-0.38203046,0.98333895,1.680966,-1.7555779,1.5296501,1.3245814,-0.019665334,1.0524468,-0.5289234,0.41738626,0.8777465,-0.6490058,-0.58778524,-0.809017,1.0,6.123234e-17,0.0
2025-03-20 00:00:00,2.0,0.02110901,-0.2717277,0.46330416,1.2699683,-1.0841436,-1.327699,-1.5670162,1.0337771,0.9025742,1.026667,0.7215355,0.86694753,1.2621487,1.3699926,1.3288636,0.9129487,1.8637997,0.30323374,1.3717563,1.0982916,1.1461225,1.2123283,-1.1833147,-0.8699478,0.8699478,-0.12994641,1.0467025,1.5025374,-1.5586262,1.2217695,1.09059,0.114569694,1.0935061,0.3210999,-0.284896,0.88705087,-0.54841435,-0.58778524,-0.809017,1.0,6.123234e-17,0.0
2025-03-27 00:00:00,2.0,-0.38705173,-0.6588796,0.41876942,0.22558431,-1.0191754,0.47267583,1.6006373,0.04319401,0.17797704,0.54351467,0.44148213,0.022136785,0.9921507,1.130925,1.2182392,0.43393067,1.466053,0.423523,1.178357,0.9175499,1.0180635,1.0535558,-1.2079271,-0.7379657,0.7379657,0.099658996,0.6647002,1.1867932,-1.4914474,0.70088285,0.9600403,0.40263984,0.95076084,-0.57786244,-0.8191228,0.73834366,-0.32499817,-0.58778524,-0.809017,1.0,6.123234e-17,0.0
2025-04-03 00:00:00,2.0,-1.8449483,-0.97227293,0.20766099,-0.46759924,2.6474237,1.5234947,0.70025057,1.0936275,2.9494698,2.8780084,2.7295678,2.3164048,-0.06574358,0.16662002,0.6158275,-0.9503135,0.8875529,0.26541376,0.42731276,0.27897626,0.24248137,0.2352186,1.5814013,-0.073361896,0.073361896,0.09775349,0.25032604,0.9851671,-2.1404302,1.3656429,0.55000335,0.86363775,0.15854923,-1.0610273,-1.5268062,0.019110728,0.076240055,-0.58778524,-0.809017,1.0,6.123234e-17,1.0
2025-04-10 00:00:00,2.0,-1.2891713,-0.77182055,-0.76831114,1.2757155,2.646985,2.4123588,1.0221087,3.0,3.0,3.0,3.0,3.0,-0.63892245,-0.4243194,0.10817869,-1.6884043,-0.028977642,-0.13247518,0.080419764,-0.14133538,-0.12793054,-0.14819562,1.5256735,0.38263756,-0.38263756,-0.68950534,-0.2924775,1.2028306,-2.4714859,3.0,-0.12050714,-0.034086905,-0.20348811,-1.5798388,-2.1133637,-0.4736429,0.6373369,-0.58778524,-0.809017,0.8660254,-0.5,0.0
2025-04-17 00:00:00,2.0,0.9063481,0.569622,-0.2655277,1.1021504,0.70867467,0.38323942,-1.2680273,-0.9706472,3.0,3.0,3.0,3.0,-0.18832266,0.0012839201,-0.03699636,-1.0414461,-0.075537,-0.061699707,0.066244155,0.16716503,0.11095878,0.09434278,1.3691559,0.057510126,-0.057510126,0.43619344,0.011942269,1.4790317,-2.24947,2.930057,-0.02822109,-0.027302226,0.043798592,0.29719737,-1.2995467,-0.119695015,0.10614193,-0.58778524,-0.809017,0.8660254,-0.5,0.0
2025-04-24 00:00:00,2.0,0.4669394,0.42460442,2.1559052,-1.3453879,-0.5882312,-1.1203871,-1.3931442,0.27540278,2.8999686,3.0,3.0,2.1013463,0.034631517,0.21364416,-0.07632763,-0.8556577,0.014210666,0.53847545,-0.16032799,0.30597103,0.22468394,0.2085887,-0.11069798,-0.07388109,0.07388109,0.8787794,0.17512159,1.4199435,-2.0484207,2.7676287,0.38365626,-0.0047617485,0.1653867,0.7664564,0.11083714,0.073830284,0.6539784,-0.58778524,-0.809017,0.8660254,-0.5,0.0
2025-05-01 00:00:00,2.0,0.2898128,0.13854825,0.19352014,1.6340289,-0.4953749,-0.7447219,0.28593257,0.51574,2.055257,2.6849887,2.921596,1.1904358,0.17210223,0.34221968,-0.069963746,-0.58691764,-0.12510349,0.9852109,0.2857615,0.36238495,0.27461997,0.2825916,0.28608996,-0.18411149,0.18411149,1.2372642,0.33746368,1.3435304,-1.8832248,2.6318164,0.30065793,0.017826587,0.21615434,1.1937857,0.89446205,0.19878665,0.76844245,-0.58778524,-0.809017,0.8660254,-0.5,0.0
2025-05-08 00:00:00,2.0,0.30982882,0.9051978,-0.6251438,0.48725635,-0.7448428,-0.8773874,-0.35453942,-1.8574424,1.246172,2.0362444,2.397285,0.28251278,0.32378885,0.48254135,-0.027806837,0.27386147,-0.4664299,1.2484617,0.1612827,0.42243177,0.32824102,0.3745022,-0.7069723,-0.3095537,0.3095537,-0.14063156,0.48338637,1.2456641,-1.7076424,0.43119395,0.32338667,0.034025937,0.2744515,1.6001014,0.56259906,0.33887702,0.49421123,-0.58778524,-0.809017,0.5,-0.8660254,0.0
2025-05-15 00:00:00,2.0,-3.0,-1.6591465,-0.75503534,-1.2172439,0.58696514,-0.24116154,0.71016026,-1.9807091,2.2599108,2.9246902,3.0,0.9288858,-1.0627967,-0.9434965,-0.37809506,-0.51861477,-1.5539594,0.12636814,-0.7881416,-0.7490118,-0.582851,-0.58654225,1.2759209,0.91256106,-0.91256106,1.6130533,0.094313025,0.5431441,-2.205122,-0.8046269,-0.3590212,-0.21511991,-0.6584506,-0.67492425,-1.2103331,-0.95189226,-1.34707,-0.58778524,-0.809017,0.5,-0.8660254,0.0
2025-05-22 00:00:00,2.0,1.929485,1.3263807,-0.47555685,-0.83240753,-0.31615046,-0.39528567,-0.21008074,2.2022905,1.8219459,2.392026,2.7278376,0.7292421,-0.13162532,-0.012250339,-0.34114355,-0.03392279,-0.757277,0.8945273,-0.019672811,-0.06422613,-0.052141823,-0.007899191,0.4914113,0.14630297,-0.14630297,1.9617991,0.33378464,1.0302805,-1.8000939,-1.0789592,-0.22054744,-0.19111411,-0.08963192,0.23508598,-0.33352914,-0.12057499,-1.5594581,-0.58778524,-0.809017,0.5,-0.8660254,0.0
2025-05-29 00:00:00,2.0,-0.19884905,-0.21801963,1.0308361,0.669787,-1.2272832,-1.3830677,-1.206603,-0.7237867,0.7959506,1.6495718,2.177311,-0.49755844,-0.22200997,-0.11069998,-0.3612181,-0.3097168,-0.82093203,1.043554,0.42397606,-0.25149935,-0.18238711,-0.118623964,-1.8565229,0.25517324,-0.25517324,1.8921654,0.023758521,0.6985523,-1.6768398,-1.3252087,-0.19024913,-0.18892816,-0.22039416,-0.67492425,-0.6030753,-0.20974769,-1.5134935,-0.58778524,-0.809017,0.5,-0.8660254,0.0
2025-06-05 00:00:00,5.0,0.20642503,0.5895109,1.3348593,-1.1173731,-0.85416305,-0.28653118,1.5132138,-0.8940982,0.25489968,1.1586262,1.7626972,-1.0739863,-0.1335945,-0.02224046,-0.3294262,-0.33950678,-0.6519777,0.8313783,1.1674832,-0.2596619,-0.17636989,-0.09016703,-1.0709642,0.18879639,-0.18879639,1.8588474,0.39604774,0.5706148,-1.5110308,-1.3852725,-0.19200887,-0.779053,-0.20325038,0.21462612,1.0297334,-0.19896473,-1.491999,-0.58778524,-0.809017,0.5,-0.8660254,0.0
2025-06-12 00:00:00,2.0,0.52490073,0.5150709,0.6655568,-0.25044176,-0.66128576,-1.3310084,-1.2897933,0.61665803,-0.059084695,0.77936935,1.3955127,-1.3078179,0.11317254,0.22632472,-0.21613348,-0.24772193,0.0264118,0.9571403,2.2627897,-0.09713368,-0.057959635,0.06981756,-0.4190201,-0.030348904,0.030348904,1.8197136,0.67287433,0.608379,-1.3066286,-1.2312927,-0.09481202,-0.55077356,-0.084818274,0.648839,0.27430665,0.034391664,-1.411494,-0.58778524,-0.809017,1.2246469e-16,-1.0,0.0
2025-06-19 00:00:00,2.0,-1.2932581,-1.653001,-0.437954,-1.2994083,-0.14756365,-0.73970294,0.66472876,1.2534453,0.26835415,0.9881477,1.6342516,-0.97524136,-0.48450702,-0.3887893,-0.31845757,0.55184597,0.0038429315,-0.026379246,0.92589325,-0.8561128,-0.52895176,-0.45075402,0.633276,0.36978027,-0.36978027,0.06442994,0.13374908,0.19094412,-1.5078036,-1.5152082,-0.5140789,-0.4351402,-0.5806239,-0.7393462,-0.27796227,-0.5530531,-1.188141,-0.58778524,-0.809017,1.2246469e-16,-1.0,0.0
2025-06-26 00:00:00,2.0,0.43936512,0.3978776,-0.490451,1.4855964,-0.77452594,0.117629,0.93751866,0.7069986,-0.15464799,0.56962144,1.2500674,-1.3668652,-0.26629236,-0.17807025,-0.31761476,-0.14785235,-0.12478813,-0.21195664,0.7396312,-0.5756541,-0.38335672,-0.31826705,-1.1874801,0.16374119,-0.16374119,-1.027524,0.6906678,0.14833939,-1.3199655,-1.7673595,-0.77128464,-0.58759737,-0.4272533,0.20304267,-0.14041571,-0.3522334,-1.1045554,-0.58778524,-0.809017,1.2246469e-16,-1.0,0.0
2025-07-03 00:00:00,2.0,0.89178836,0.7075258,0.067810886,-0.046439696,-0.19606827,-0.2172994,-0.43765363,0.56930095,-0.036594022,0.4845579,1.0590795,-1.0132279,0.1718966,0.261446,-0.14653651,0.34822723,0.013906233,0.029547248,1.5281109,-0.05716052,-0.04235729,0.047837466,0.59598374,-0.2612861,0.2612861,-0.7467565,1.0427006,0.4813527,-1.1107123,-1.1263208,-0.22162803,-0.59662044,-0.07384017,0.648839,0.062190983,0.057848092,-0.8500431,-0.58778524,-0.809017,1.2246469e-16,-1.0,1.0
2025-07-10 00:00:00,5.0,0.18482867,0.5576185,-0.56359404,1.0799004,-1.0807233,-1.5905102,-1.6948495,-0.15576713,-0.6450042,-0.029193237,0.6428748,-1.6812857,0.2598041,0.3473534,0.0014851121,0.3361482,-0.01375225,-0.14573441,1.0564561,0.06665754,0.0392387,0.12300105,-1.8026946,-0.95382327,0.95382327,-0.6969889,1.0280088,0.27984902,-0.9311461,-1.2297459,-0.057006918,-0.66928303,0.009933333,1.0911794,0.818235,0.1477694,-0.9230845,-0.58778524,-0.809017,-0.5,-0.8660254,0.0
2025-07-17 00:00:00,5.0,2.1705105,1.3935984,-0.86260533,-0.7548545,0.7997043,0.6323186,3.0,-0.20891875,0.21410783,0.32329458,0.64062095,-0.19976024,1.209973,1.3881618,0.44496012,1.1152153,0.5929172,0.13250174,2.0475252,1.3835002,0.8934281,1.0305736,1.344338,-1.4538845,1.4538845,0.38790742,1.2396501,1.3954964,-0.6050093,-0.1891079,0.98875815,0.31315807,0.88925284,1.5144237,1.5975897,1.2127656,-0.48977622,-0.58778524,-0.809017,-0.5,-0.8660254,0.0
2025-07-24 00:00:00,5.0,1.0274585,1.5569599,-1.3837488,-0.68751234,-0.1255936,0.30791187,-0.40023863,-1.8849903,0.14077266,0.20264244,0.4491965,-0.14649342,1.5444266,1.8004663,0.86397535,2.0814068,1.8254055,0.2973493,3.0,1.8109815,1.2732304,1.4414376,0.63904107,-1.6013925,1.6013925,-0.8613845,1.2779872,1.731117,-0.37762958,-0.1949738,1.725138,0.77522826,1.2801242,1.8756578,1.4739842,1.7114356,-0.23396769,-0.58778524,-0.809017,-0.5,-0.8660254,0.0
2025-07-31 00:00:00,5.0,-0.5826268,-1.0868962,-0.9176907,0.9478064,-0.50688374,-0.63544196,-0.96662986,0.50477535,-0.093365334,0.07046197,0.39265478,-0.5068279,1.2120906,1.475032,1.0187662,1.6109054,1.0449448,0.3154069,2.946176,1.3655316,1.0623529,1.2190387,-0.30969986,-1.1899371,1.1899371,-0.19593841,0.7459567,1.4445459,-0.40531412,-0.054929625,1.6600834,0.86248183,1.0829967,-0.77446276,1.0253068,1.4165136,-0.56897205,-0.58778524,-0.809017,-0.5,-0.8660254,0.0
2025-08-07 00:00:00,5.0,0.74889517,0.97300076,-0.43139455,-0.2716186,0.102594875,0.34681663,1.0377275,-1.4971454,0.10173405,0.13645239,0.3537859,-0.1226136,1.4589789,1.7682748,1.1202221,1.5185777,1.3214942,0.5685211,3.0,1.5233425,1.2868896,1.4884008,0.8967899,-1.319953,1.319953,-0.20595941,0.871231,1.7335408,-0.2791843,0.10572954,1.6141636,0.8089449,1.2945874,0.09637767,0.2905653,1.5216624,-0.61178565,-0.58778524,-0.809017,-0.5,-0.8660254,0.0
2025-08-14 00:00:00,5.0,0.8380867,1.1167374,-1.0190542,-0.021796484,-0.6412298,-0.5010348,-0.8245084,0.69275653,-0.29440624,-0.19331889,0.03448651,-0.52996385,1.7009339,2.062467,1.3246307,1.7597301,1.4847066,0.98631346,3.0,1.5677979,1.6150503,1.9000838,-0.5531986,-1.4299787,1.4299787,-0.37801266,0.86673373,1.957377,0.010366915,0.44524965,1.7170206,0.80929476,1.6463834,0.53252053,0.20943242,1.6119792,-0.44315502,-0.58778524,-0.809017,-0.8660254,-0.5,0.0
2025-08-21 00:00:00,5.0,0.9419988,0.9116208,-0.26944038,-0.33682537,0.13933845,0.118452646,0.41518098,-0.09653147,-0.13995019,-0.16585578,-0.04567107,-0.16135246,1.9228075,2.3372226,1.4466009,1.2157346,1.5746537,1.8829862,3.0,1.5247549,1.8062092,2.1982312,0.8195983,-1.2509392,1.2509392,-1.0300567,0.90539074,2.2685142,0.18183336,-0.1954112,1.595785,0.75685126,1.8310524,0.96346664,0.8542711,1.434821,-0.9745016,-0.58778524,-0.809017,-0.8660254,-0.5,0.0
2025-08-28 00:00:00,5.0,-0.63836473,-0.852526,0.9768285,-0.39719325,-0.42735454,-0.20487727,-0.518523,-0.2842894,-0.29967013,-0.24289326,-0.059112847,-0.44866753,1.5313005,1.9490682,1.3863733,0.53526545,1.7223957,2.0315108,2.8971734,1.0923479,1.4558905,1.9236256,-0.23545942,-0.9502902,0.9502902,-0.53579855,0.5492099,1.9954625,0.13346057,-0.42022085,1.2397324,0.9566231,1.4356642,-0.8016631,0.15514557,1.128948,-2.3801262,-0.58778524,-0.809017,-0.8660254,-0.5,0.0
2025-09-04 00:00:00,5.0,0.17027315,0.50387347,-0.108200096,0.6072711,-0.65516865,-1.2899652,-0.9118147,-0.42085847,-0.61128396,-0.49209213,-0.27007124,-0.8301471,1.557173,1.9582368,1.319537,0.83550185,1.6108549,1.7714062,2.4382653,0.97025526,1.4661808,2.0207932,-0.9082955,-1.0426437,1.0426437,-1.027017,0.5970014,1.9831762,-0.012255263,-0.4713175,0.9334849,1.3125443,1.4577816,0.08090178,-0.069265865,1.1987162,-2.4654257,-0.58778524,-0.809017,-0.8660254,-0.5,0.0
2025-09-11 00:00:00,5.0,-0.64727616,-1.01496,0.01740853,0.06844032,-0.3761519,-0.2006225,0.8284803,0.043649685,-0.6681365,-0.5384044,-0.27913284,-0.92908686,1.1685668,1.5789856,1.0708759,0.28011084,1.1761585,1.4037634,1.4997677,0.6848356,1.1362389,1.7014031,-0.36472788,-0.8298742,0.8298742,-0.6310597,0.28287622,1.6827816,-0.16053441,-0.82401115,0.7131124,1.3600891,1.1244026,-0.7773572,-0.8076386,0.95575905,-2.423845,-0.58778524,-0.809017,-1.0,-1.8369701e-16,0.0
2025-09-18 00:00:00,5.0,0.2644849,0.684498,1.1593804,-1.2324423,-1.033935,-0.90613294,-0.6312357,-0.020307811,-1.0491359,-0.86987746,-0.57363427,-1.3946995,1.2535489,1.64021,0.9367932,0.042598024,1.1815312,1.3794793,1.580432,0.67122334,1.2365443,1.8687212,-1.6403797,-0.9773251,0.9773251,-0.93314636,0.37952635,1.681033,0.07262432,-0.9572414,0.6258138,2.2205868,1.2428232,0.08845866,-0.2621863,1.0752698,-2.5748353,-0.58778524,-0.809017,-1.0,-1.8369701e-16,0.0
2025-09-25 00:00:00,5.0,-0.21376838,-0.11921271,-0.81017846,3.0,-0.8012383,1.5406855,1.9764055,-0.6242129,-1.2079321,-1.0426968,-0.7296641,-1.5686518,1.1426616,1.5120684,0.7348813,-0.4389566,0.5151865,1.2091324,1.3482875,0.5534919,1.1145697,1.7843742,-1.2797991,-0.9187837,0.9187837,-1.7497493,-0.029860888,1.5286595,0.15669928,-1.3698276,0.45216554,2.3892992,1.0912334,-0.7773572,-0.45284706,1.0155513,-2.438424,-0.58778524,-0.809017,-1.0,-1.8369701e-16,0.0
2025-10-02 00:00:00,5.0,2.1138704,1.4348791,-1.1872281,-0.77118343,1.8969554,0.8743987,-0.44594234,0.61067677,-0.4785138,-0.70803064,-0.7083577,-0.12392749,1.7687079,2.1676114,0.80255055,0.72867435,0.8172646,2.6774228,1.8824937,1.0335065,1.6479566,2.3276527,1.2317828,-1.2917392,1.2917392,1.0955876,0.23830011,2.2925239,0.44715258,-0.431121,0.8003826,1.9841688,1.6149771,0.110272095,0.8373668,1.3795604,0.44785416,-0.58778524,-0.809017,-1.0,-1.8369701e-16,1.0
2025-10-09 00:00:00,5.0,0.70405954,1.2457924,-1.0261412,-0.4922126,0.54406035,-0.4920646,-0.9403894,-1.8417095,-0.3956956,-0.67290235,-0.7560085,0.09840531,1.8903233,2.2772553,0.95097756,0.95687014,1.1554471,2.20012,2.0637157,1.0664694,1.7134068,2.401344,0.71380705,-1.2569675,1.2569675,1.2910671,0.3935379,2.1686301,0.59977967,0.040845018,0.9730895,2.0155635,1.6930828,0.53075194,0.9367604,1.3419778,1.3358295,-0.58778524,-0.809017,-0.8660254,0.5,0.0
2025-10-16 00:00:00,5.0,0.21365872,0.07797774,0.5992022,1.0818759,0.90486306,0.5760084,0.74193406,0.37150735,-0.14261952,-0.48416096,-0.64744914,0.48583204,1.8936158,2.239431,0.9684551,1.2951005,1.0127605,2.2190359,1.831509,0.9951718,1.5419505,2.218595,1.0172724,-1.033306,1.033306,0.6476186,0.6301231,1.8789648,0.5711011,0.5505142,1.002935,1.9663373,1.5247694,0.9508696,1.1216426,1.1290272,1.4225495,-0.58778524,-0.809017,-0.8660254,0.5,0.0
2025-10-23 00:00:00,5.0,0.2808436,0.5833674,0.6034007,-0.24407592,-0.87750536,-0.32538435,-0.6808059,0.23880652,-0.6068114,-0.7861652,-0.890812,-0.18566014,1.9160556,2.2246456,1.0563153,1.2917053,0.86798507,2.1535163,1.6787058,0.9577046,1.5905066,2.318232,-1.1497732,-1.1353722,1.1353722,0.5975066,0.77247804,1.9002612,0.85201204,0.6013506,0.9976669,2.0304973,1.572898,1.3561985,0.39603007,1.2485807,1.5282651,-0.58778524,-0.809017,-0.8660254,0.5,0.0
2025-10-30 00:00:00,5.0,-1.5001695,-1.3898633,-0.6166756,-0.32895547,1.0724784,-0.16011801,0.011731647,-0.29043236,-0.041184414,-0.31030956,-0.44199142,0.44503555,0.99471515,1.4489906,0.64868,0.7463263,0.2062121,1.5998398,0.98319066,0.52131283,0.7958077,1.54479,1.0581378,-0.4804146,0.4804146,1.7735331,0.39769325,1.4330138,0.3341412,1.4492524,0.6894422,1.797238,0.77901936,-0.7807473,-1.0946745,0.7894168,0.07363001,-0.58778524,-0.809017,-0.8660254,0.5,0.0
2025-11-06 00:00:00,5.0,-0.22389786,-0.6783808,1.6835488,-0.64098966,-0.850708,-0.84909487,-0.5761859,0.57202137,-0.47479832,-0.57116663,-0.61577255,-0.21712089,0.909085,1.3482863,0.3709883,-0.22682495,0.32211074,1.829441,1.1041228,0.43714017,0.64560336,1.5053198,-1.0865659,-0.4253821,0.4253821,0.3248824,0.09293232,1.3209718,0.47485125,0.05256922,0.5565326,1.8305496,0.6467687,-1.19854,-1.2640873,0.7469587,-0.30031133,-0.58778524,-0.809017,-0.8660254,0.5,0.0
2025-11-13 00:00:00,5.0,1.7295301,1.2411592,-0.8290922,-0.5744532,1.2890048,-0.8495645,-0.19064885,0.83575964,-0.05853225,-0.38094166,-0.6315491,0.616114,1.4094216,1.8020595,0.394645,0.2251078,0.7734982,2.0952575,1.4876814,0.9142328,1.095532,1.8525014,1.0913607,-1.1672488,1.1672488,1.3234744,0.36182266,1.7608743,0.7704662,0.47840464,0.82989347,1.5160882,1.1125208,0.093299516,-0.6611298,1.2814133,-0.15254855,-0.58778524,-0.809017,-0.5,0.8660254,0.0
2025-11-20 00:00:00,5.0,1.5434918,1.3949798,-0.9189661,-0.9967117,1.0183753,1.4308156,1.6698151,-0.120693274,0.13377799,-0.28828818,-0.677773,1.0373225,1.7135283,2.1022,0.62748295,0.7996867,1.367549,2.1764603,2.2561617,1.2708644,1.4281111,2.090373,1.023447,-1.1807017,1.1807017,1.79105,0.8102299,1.6995646,1.0552031,0.5683681,1.2018435,1.2685813,1.4189922,0.5038489,1.0669531,1.2683138,-1.2187432,-0.58778524,-0.809017,-0.5,0.8660254,0.0
2025-11-27 00:00:00,5.0,0.84505326,1.4726343,-1.1971313,-1.0326571,-0.33611265,1.0924417,-0.2877633,-0.42499205,-0.22654103,-0.52838343,-0.8989302,0.58875513,1.8181795,2.1926806,0.90825194,1.0419258,1.5082313,2.2372718,2.3542943,1.3696103,1.6032585,2.2573273,0.02435047,-1.2255403,1.2255403,1.7731376,1.1554077,1.666288,1.4295955,0.81116515,1.3202716,1.4549513,1.6182315,0.9146971,1.3906764,1.284011,-0.80533695,-0.58778524,-0.809017,-0.5,0.8660254,0.0
2025-12-04 00:00:00,5.0,-0.61491483,-0.9363458,-0.57338464,1.1539572,-0.876038,-1.493504,-1.4219177,-0.4583557,-0.6086884,-0.7345373,-0.9894142,-0.06973076,1.493069,1.8805628,0.9277575,1.392082,1.3687302,1.5579903,2.1509233,1.0268505,1.3126495,2.0462313,-0.7215252,-1.0028458,1.0028458,0.7301536,0.7040699,1.4731447,1.5184509,-0.07362607,1.0860131,1.9853258,1.3218277,-0.80035996,0.27512783,1.0942732,-0.72060317,-0.58778524,-0.809017,-0.5,0.8660254,0.0
2025-12-11 00:00:00,5.0,0.08548639,0.3082715,-1.15965,2.0701315,0.041795503,-0.06020191,1.0163537,-0.6086939,-0.62614226,-0.7617663,-1.0177276,-0.07370615,1.4928365,1.846484,0.8332132,1.4930035,0.83046484,1.3414295,1.8735597,0.9268973,1.2275006,1.9456948,0.30704054,-1.092313,1.092313,0.48410696,0.8963669,1.487813,1.6127075,0.32460988,0.8650408,2.0245667,1.2207992,0.05716857,-0.16440457,1.1594832,-0.93579626,-0.58778524,-0.809017,-2.4492937e-16,1.0,0.0
2025-12-18 00:00:00,5.0,0.5887544,0.4012456,2.087527,-1.3029238,0.17014723,-0.21150914,-0.22493799,1.3098228,-0.4611569,-0.6889984,-1.0147016,0.25758976,1.585561,1.9107808,0.77402604,1.0122659,0.80183053,1.5701684,1.8697082,0.98362845,1.2682595,1.9211745,0.513301,-0.8456954,0.8456954,0.005987313,1.0512489,1.2510362,1.7429374,-0.04862937,1.0889337,1.8801728,1.2787167,0.48593286,-0.19910221,0.94287246,-1.0707943,-0.58778524,-0.809017,-2.4492937e-16,1.0,0.0
2025-12-25 00:00:00,5.0,-0.69314706,-0.7596469,-0.5413547,1.5523462,0.3485603,0.56886995,0.29384243,-0.42626962,-0.34919408,-0.5611404,-0.86254275,0.30569738,1.237384,1.6098378,0.54120475,0.09154717,0.560209,1.2459583,1.9690582,0.70489967,0.8895893,1.5952419,0.5742251,-0.6376029,0.6376029,-0.49060705,0.47886243,1.0818052,1.5409838,-0.38365477,0.718001,1.6788352,0.8631907,-0.80035996,-0.28259677,0.71037596,-1.371998,-0.58778524,-0.809017,-2.4492937e-16,1.0,0.0
2026-01-01 00:00:00,5.0,-0.35998875,-0.6310603,1.820719,-0.4003347,-1.4137136,-2.5168777,-2.0563262,-0.18445678,-0.9268379,-0.9359282,-1.0968953,-0.59534997,1.1013931,1.4766468,0.31801543,-0.40754145,0.39336118,0.9859345,1.9949604,0.5440619,0.7736245,1.5765662,-1.7263578,-0.5126943,0.5126943,-1.1318223,0.24350806,0.9692714,1.800153,-0.77621377,0.59709203,1.6161283,0.787548,-1.2291243,-0.5333297,0.5974349,-1.3141894,-0.58778524,-0.809017,-2.4492937e-16,1.0,1.0
2026-01-08 00:00:00,5.0,-0.10532342,-0.111748144,-0.86431587,2.5017135,0.23576057,-0.96390027,2.747992,-0.060828727,-0.7803008,-0.8631232,-1.0441344,-0.35374886,1.0905223,1.4434462,0.052162584,-0.19495289,0.77179813,0.764171,2.187259,0.46266928,0.65982664,1.4458966,0.4286293,-0.39733645,0.39733645,-1.2915375,0.38284847,0.9739936,1.7257726,-0.32483968,0.3683058,1.4947652,0.6781121,0.029286223,-0.7793608,0.60705644,-1.1612009,-0.58778524,-0.809017,0.5,0.8660254,0.0
2026-01-15 00:00:00,5.0,1.918499,1.2261918,-1.2540575,-0.3150851,2.2237523,0.39988768,1.1297752,-0.45078173,0.13113229,-0.34473515,-0.8215362,1.2020979,1.4814414,1.7849092,0.16052006,0.5838832,1.3536427,1.2906641,2.5008683,0.9122163,1.079175,1.5806987,1.3323714,-1.0932264,1.0932264,0.7495016,0.60905135,1.3466995,1.6876924,0.81339663,0.66111267,1.2269847,1.1011894,0.442211,0.45392478,1.1374757,-0.9415812,-0.58778524,-0.809017,0.5,0.8660254,0.0
2026-01-22 00:00:00,5.0,-0.3385637,-0.35012576,-0.33842763,2.288877,0.54165155,0.31310293,-0.20105061,-0.19926046,0.24877739,-0.17382789,-0.6466656,1.1944939,1.3652576,1.6640604,0.13968138,0.19000025,0.79519886,1.170821,2.2050552,0.7146544,0.83358294,1.3745228,0.86191726,-0.90182865,0.90182865,0.7532129,0.08676998,1.2196932,1.5209866,0.754971,0.6408488,1.3685569,0.8550914,-0.90839136,0.493129,0.98221344,-0.8177396,-0.58778524,-0.809017,0.5,0.8660254,0.0
2026-01-29 00:00:00,5.0,1.5317421,1.3266519,-0.93066114,-0.88351554,0.76118875,0.003457316,-0.35682443,0.731381,0.26558232,-0.18007986,-0.7323472,1.3170325,1.6021128,1.8842344,0.34483424,1.1718645,0.79752964,1.5942699,2.6489725,1.0318434,1.1944914,1.601374,1.0124687,-1.0072151,1.0072151,0.8802938,0.3423649,1.2378995,1.7714095,0.97297966,0.9299126,1.2487502,1.2305092,-0.015248655,0.9363136,1.0515695,-0.28714654,-0.58778524,-0.809017,0.5,0.8660254,0.0
2026-02-05 00:00:00,5.0,0.9017387,0.70466197,-0.66455567,0.2143205,0.59484106,0.21939081,-0.011840452,0.9510064,0.2558129,-0.16559128,-0.7471072,1.3052924,1.7045423,1.9768546,0.5801181,1.731189,0.8236955,1.7047443,2.8416438,1.1279492,1.3481908,1.6901476,0.8754039,-0.9631791,0.9631791,0.3870761,0.5853626,1.1825646,1.8720784,1.8559582,1.1356659,0.8945866,1.396707,0.4180895,0.43402347,1.0098573,-0.4174993,-0.58778524,-0.809017,0.5,0.8660254,0.0
2026-02-12 00:00:00,5.0,0.77692413,1.4801664,-0.9902661,-1.2634536,-0.722517,-0.1968738,-0.4644505,0.47428083,-0.21903543,-0.47721824,-0.97693723,0.70469236,1.7778118,2.0399263,0.8899523,2.0849752,1.2366364,1.8757368,2.880786,1.1771845,1.586714,1.9016626,-0.33668834,-1.0119756,1.0119756,-0.15125571,0.851437,1.1952353,2.1731129,1.4109588,1.3595762,0.8220628,1.6147716,0.8581163,0.74713504,1.0419754,-0.30775115,-0.58778524,-0.809017,0.8660254,0.5,0.0
2026-02-19 00:00:00,5.0,0.3524913,0.93321115,-0.29782087,-0.70218956,-0.5663385,0.13253081,0.004158445,-0.27179143,-0.5684179,-0.71679294,-1.1337765,0.23774314,1.7924663,2.0378783,1.1326721,1.4028789,1.3437276,1.5312687,2.715074,1.0549934,1.6990528,2.0047858,-0.3654659,-0.9235609,0.9235609,-0.48187366,1.0454229,1.1261115,2.3461163,-0.015544744,1.2803683,0.80357975,1.7048078,1.292111,0.33292878,0.96520436,-0.67296106,-0.58778524,-0.809017,0.8660254,0.5,0.0
2026-02-26 00:00:00,5.0,-0.34125873,-0.32223246,0.1909021,1.5447814,-0.4768938,0.19671987,-0.11999647,-0.26167795,-0.74795526,-0.8257318,-1.1597756,-0.06583735,1.745674,1.9598129,1.1490259,1.4291105,1.117155,1.3336904,2.5787961,0.79623574,1.5467976,1.9196808,-0.106144585,-0.83959085,0.83959085,-0.69948417,1.1707278,1.0755537,2.3070283,-0.38296893,0.93997383,0.8036106,1.5444533,1.6886508,0.040290773,0.90514374,-0.74104303,-0.58778524,-0.809017,0.8660254,0.5,0.0
2026-03-05 00:00:00,5.0,-0.365011,-0.47440514,1.9734905,0.1733796,0.37589726,0.114349484,-0.2325582,-0.0032069432,-0.55644476,-0.6903101,-1.0250117,0.16925426,1.7128283,1.8949964,0.9126641,0.60239387,1.2664548,1.2425066,2.5055733,0.58334017,1.294294,1.7239147,0.68463475,-0.5109049,0.5109049,-0.9508178,1.233163,0.85004777,2.0793202,-0.50623465,0.7337523,0.73897296,1.2651017,1.6308837,-0.19525222,0.65394104,-0.6491389,-0.58778524,-0.809017,0.8660254,0.5,0.0
2026-03-12 00:00:00,5.0,-0.7687087,-0.41439,-0.28500015,2.009818,0.2659152,-0.49959767,-0.5288853,-2.03763,-0.35278052,-0.50969166,-0.8324456,0.33981162,1.3812987,1.6511279,0.43771392,-0.15273765,1.1701463,1.0571215,2.2002263,0.2873476,0.8646267,1.4416473,0.5621241,-0.29714727,0.29714727,-0.8324185,0.44459063,0.7226748,1.8059291,-0.5587691,0.24464321,0.82262474,0.8383816,-1.1115758,-0.8389765,0.49222603,-0.31343043,-0.58778524,-0.809017,1.0,6.123234e-17,0.0
2026-03-19 00:00:00,5.0,-1.3391913,-1.3403213,0.71393615,-0.46388513,0.4560327,-0.7217227,-0.34049818,-1.145247,-0.08474928,-0.2380607,-0.5355941,0.48402816,0.67073345,1.1746038,-0.3671409,-1.117135,0.7836336,1.1221632,1.948955,-0.14277194,0.15986422,1.0344805,0.7333715,0.25639358,-0.25639358,-0.7151284,-0.28455544,0.40140563,1.4380946,-0.17017235,-0.029002389,1.0797331,0.1298171,-1.5083486,-1.9264632,0.09328369,1.3575665,-0.58778524,-0.809017,1.0,6.123234e-17,0.0
