date,regime,log_return,body_ratio,upper_wick_ratio,lower_wick_ratio,range_zscore,volume_zscore,volume_delta,gap,atr7_norm,atr14_norm,atr28_norm,atr_ratio,rsi14,rsi28,macd_hist,roc_5,roc_10,roc_20,roc_60,bb_position,dist_sma20,dist_sma50,range_percentile,williams_r_14,stoch_k_14,realized_vol_ratio,obv_zscore,dist_52w_high,dist_52w_low,atr_momentum,cci_20,ichimoku_distance,vwap_distance,consec_bars,rsi_momentum,donchian_position,corr_index,dow_sin,dow_cos,month_sin,month_cos,quarter_end_flag
2018-06-07 00:00:00,5.0,-0.67121637,-0.5967127,0.41981778,0.7719297,-0.66167575,-0.41394633,0.02993251,-1.889207,0.633522,0.98166656,1.328996,-0.089361705,-0.1629194,0.011710742,0.3358996,-0.48691505,0.99343246,-1.0201536,0.41090238,0.06580371,0.002489232,-0.015353247,0.12683761,-0.22952504,0.22952504,-0.7705957,-0.2497547,0.2891742,-0.60584635,-0.3381115,0.03919856,0.23465747,0.024734084,-1.5587966,-1.0287373,0.22701316,0.92360824,-0.58778524,-0.809017,0.5,-0.8660254,0.0
2018-06-14 00:00:00,5.0,1.095044,1.0287398,0.21248932,-1.1420364,-0.68380284,-0.45477763,-0.1606564,2.1871226,0.46634185,0.7796469,1.0919749,-0.16051592,0.2080082,0.37924576,0.28713647,-0.43198967,1.0682101,-0.6181872,1.4583929,0.5005622,0.4295654,0.3115816,0.14223987,-0.72200537,0.72200537,-0.68663806,0.043698594,0.71147066,-0.36069798,-0.52536124,0.36366493,0.7043515,0.45059723,0.0066110245,-0.45120698,0.7206131,0.9248292,-0.58778524,-0.809017,1.2246469e-16,-1.0,0.0
2018-06-21 00:00:00,5.0,-0.7055874,-1.3130071,-0.7086665,0.27584797,-0.571937,0.6049311,0.8529073,0.6198023,0.3171988,0.6885659,1.070253,-0.40122846,-0.05839382,0.12007892,0.1243737,-0.76282674,0.32798454,-0.2645568,1.026049,0.26926124,0.21458867,0.08607279,0.18476875,-0.42412767,0.42412767,-0.57210124,-0.49686533,0.43681464,-0.37107894,-0.33918235,0.25988874,0.8382086,0.23080374,-0.7695325,-0.15624571,0.54637235,0.9999664,-0.58778524,-0.809017,1.2246469e-16,-1.0,0.0
2018-06-28 00:00:00,5.0,0.12050508,0.3009983,-0.11572779,0.80172193,0.18269536,-0.14511086,-0.74089783,-1.3021315,0.3840219,0.68722093,1.0457859,-0.27659112,0.00647306,0.18062317,0.007249961,-0.5597282,-0.10623552,0.7223682,1.0091816,0.2655787,0.2075313,0.094065525,0.69984597,-0.5112306,0.5112306,0.1430755,-0.17999639,0.5177845,-0.36100003,-0.12144487,0.12718302,0.8038923,0.19665575,0.026347663,0.18847696,0.5890574,0.039740533,-0.58778524,-0.809017,1.2246469e-16,-1.0,0.0
2018-07-05 00:00:00,5.0,-0.5324022,-1.130915,0.004349898,-0.013993495,-0.7349862,-2.5380127,-1.5066568,1.0037366,0.24741054,0.5944788,1.0039003,-0.48086545,-0.19971442,-0.014509926,-0.17009135,-0.27633625,-0.14254376,0.74548155,0.87770194,0.03573207,-0.029824544,-0.08662076,0.08765881,-0.2899979,0.2899979,-0.3032485,-0.51752454,0.30442527,-0.34886116,-0.6609592,0.08285833,0.7987072,-0.045672946,-0.7640822,-0.44124407,0.39051527,0.087514535,-0.58778524,-0.809017,1.2246469e-16,-1.0,1.0
2018-07-12 00:00:00,5.0,-0.52335244,-1.2293648,0.726184,-0.88749677,0.24702507,-1.0534441,1.219821,2.3861845,0.3921938,0.68063414,1.0848823,-0.32444036,-0.40428615,-0.20664893,-0.38571256,-0.21437629,-0.58402646,1.0785407,0.9609205,-0.20855846,-0.3114395,-0.2905148,0.6650613,0.12702183,-0.12702183,-0.19164056,-1.0751045,0.13869902,-0.47360682,-0.43089518,-0.018945733,0.759939,-0.3081897,-1.1592971,-0.3619889,0.19446366,0.01344713,-0.58778524,-0.809017,-0.5,-0.8660254,0.0
2018-07-19 00:00:00,5.0,-0.77137226,-1.3522795,-0.9395955,0.31248656,0.12476395,-1.6160597,-0.68954134,1.5544215,0.48252985,0.75560457,1.1761786,-0.27511734,-0.7088424,-0.5006565,-0.64983624,-0.93803364,-1.1324906,0.55656856,0.5243481,-0.58493745,-0.65012366,-0.5523412,0.53995156,1.273046,-1.273046,-1.4956977,-1.6359967,-0.13639304,-0.61025584,-0.37717158,-0.47354138,0.7414257,-0.65758044,-1.4983156,-0.74559075,-0.17419104,-0.19825505,-0.58778524,-0.809017,-0.5,-0.8660254,0.0
2018-07-26 00:00:00,5.0,1.0138313,1.5840898,-1.0175114,-1.2542263,-0.6865444,-1.0825307,0.20453702,-0.71994334,0.21689557,0.50182045,0.90165114,-0.47215492,-0.2576005,-0.10754733,-0.6387694,-0.27122,-0.8562433,0.65581626,1.2323273,-0.15292096,-0.30387357,-0.2119307,-0.058028866,0.5515917,-0.5515917,-0.3399971,-1.3291318,0.25959897,-0.3159494,-0.35309637,-0.3123904,0.631371,-0.31760955,0.038924947,-0.05115501,0.27816388,-0.13140321,-0.58778524,-0.809017,-0.5,-0.8660254,0.0
2018-08-02 00:00:00,5.0,0.0318693,-0.056947,0.9926121,0.5926103,1.0872109,-0.1158807,0.5974493,-0.30632123,0.47005898,0.63818514,0.9753027,-0.12582472,-0.21610492,-0.07245759,-0.594479,-0.30673972,-0.7190404,0.5397399,1.2057416,-0.16140412,-0.3459997,-0.24651717,1.0010905,0.437133,-0.437133,-0.35921344,-0.7417134,0.34584028,-0.4204325,-0.22383031,-0.104412355,0.6544303,-0.36630487,0.42104766,0.20705906,0.33085823,-0.15183936,-0.58778524,-0.809017,-0.5,-0.8660254,0.0
2018-08-09 00:00:00,5.0,-0.61530066,-0.7332052,1.1484579,-0.21181801,-1.82405,-0.7735127,-0.60692483,-1.4898518,-0.009225152,0.34203318,0.79606533,-0.77857596,-0.4830736,-0.32036966,-0.68570936,-0.33685362,-0.50854874,0.14923686,0.65006405,-0.5199409,-0.60360867,-0.44477698,-1.3289725,0.89910156,-0.89910156,-0.3279413,-1.3959497,0.009925567,-0.2532149,-0.44883746,-0.38356417,0.6054398,-0.6360606,-0.7233248,0.25699037,0.057925306,-0.1458409,-0.58778524,-0.809017,-0.8660254,-0.5,0.0
2018-08-16 00:00:00,5.0,-2.0868323,-1.9848646,-1.079331,-1.0227212,1.2494547,-0.062054824,0.3800942,0.17687845,0.5977522,0.8108992,1.2508029,-0.20315929,-1.3411611,-1.1802726,-1.0534413,-0.96076745,-0.97778887,0.047526475,0.2288287,-1.9627881,-1.4576057,-1.2078936,1.1274354,2.0207248,-2.0207248,0.85369474,-2.202713,-0.77773225,-0.83560467,-0.23713195,-1.5666716,0.30079457,-1.5034785,-1.0977927,-1.0690056,-0.9717458,-0.59775466,-0.58778524,-0.809017,-0.8660254,-0.5,0.0
2018-08-23 00:00:00,5.0,0.24817458,0.78581774,-0.23577288,-0.13684699,-1.6244037,-0.6512947,-0.51097643,-0.36127278,0.031899933,0.41021788,0.93060946,-0.8451498,-1.1845162,-1.0586904,-1.270337,-0.5622783,-1.2339606,-0.14745127,0.35187557,-1.9494795,-1.4031224,-1.1395626,-1.4584104,1.6570675,-1.6570675,0.9532097,-1.5854428,-0.83745235,-0.52728254,-0.59782964,-2.1372736,0.2817873,-1.4464145,0.038924947,-0.9493975,-1.1662829,-0.6506944,-0.58778524,-0.809017,-0.8660254,-0.5,0.0
2018-08-30 00:00:00,5.0,0.34856746,0.7438005,0.21076822,-0.4697138,-0.74771696,-1.2611719,-0.69697183,-0.8303119,-0.16521901,0.21089306,0.7343177,-1.0017049,-0.97759175,-0.89278376,-1.2691799,-0.8113274,-0.89055103,-0.58281577,0.43693984,-1.6178657,-1.2319123,-1.0053427,-0.63133454,1.1922905,-1.1922905,0.6567017,-1.0036483,-0.73558366,-0.32644698,-0.62703496,-1.8369292,0.15860452,-1.2923833,0.42104766,-0.47956184,-1.4939172,-0.3326357,-0.58778524,-0.809017,-0.8660254,-0.5,0.0
2018-09-06 00:00:00,5.0,-0.53403306,-0.99530387,-0.81688803,1.1563075,-0.94121325,-1.5022775,-0.60725343,-0.15970302,-0.3434542,0.06531849,0.638778,-1.2173959,-1.1774294,-1.1014283,-1.3267566,-1.0258285,-1.0963707,-1.2651635,0.36227834,-1.7782961,-1.4161563,-1.2184031,-0.80663985,1.5808712,-1.5808712,0.7942586,-1.4801819,-1.1144727,-0.26902896,-0.9506339,-1.8772823,0.056205958,-1.4976976,-0.74493045,0.17583272,-1.8324127,-0.6528195,-0.58778524,-0.809017,-0.8660254,-0.5,0.0
2018-09-13 00:00:00,5.0,-1.1422572,-1.0489364,-0.739435,0.86432815,0.22112332,0.58548725,2.2077894,-1.6108074,0.022206562,0.3054056,0.84885365,-0.8014976,-1.585003,-1.5403236,-1.4439409,-1.2319477,-1.287776,-1.535953,-0.11284166,-2.141091,-1.7675383,-1.6304106,0.21865419,1.558979,-1.558979,0.79577065,-2.1748002,-1.6295594,-0.6040853,-0.49763155,-2.1813672,-0.5087753,-1.8431356,-1.1024351,-0.39006674,-1.8079695,-0.6255098,-0.58778524,-0.809017,-1.0,-1.8369701e-16,0.0
2018-09-20 00:00:00,5.0,1.1725018,1.1368392,-0.792581,-0.4710271,0.13815093,-0.09080772,-0.600518,0.4897741,0.010572266,0.19882925,0.65356565,-0.6420806,-0.95146376,-1.0029361,-1.2221386,0.041233692,-0.7367014,-1.4003843,0.23106614,-1.249555,-1.1428653,-1.1349313,0.096148625,0.72007287,-0.72007287,0.22974934,-1.356831,-0.9852905,-0.37168157,-0.70612127,-1.4643347,-0.57454246,-1.2104776,0.057778567,0.02359633,-1.0608426,-0.46948054,-0.58778524,-0.809017,-1.0,-1.8369701e-16,0.0
2018-09-27 00:00:00,5.0,0.7580919,0.4467632,0.9383783,-0.374892,0.3772244,1.4989116,0.9249997,1.2042446,0.04985908,0.16214031,0.5462517,-0.46175507,-0.5677002,-0.6544252,-0.8740979,0.23924233,-0.25504273,-1.4345434,-0.2014185,-0.6645854,-0.7105401,-0.80061126,0.34408423,0.15354902,-0.15354902,0.4928841,-0.3153478,-0.5019589,-0.24966802,-0.29374492,-0.67778337,-0.59243417,-0.7542674,0.45127475,0.59623224,-0.5412591,-0.9258571,-0.58778524,-0.809017,-1.0,-1.8369701e-16,0.0
2018-10-04 00:00:00,5.0,1.0177075,1.253562,-0.6976319,-0.8557339,-0.41454175,-0.31230918,-1.0682529,0.41019702,-0.15380356,-0.037213117,0.31655362,-0.5771063,-0.105004095,-0.21204673,-0.42618123,0.5036769,-0.24364689,-1.1250354,0.13071643,0.18273613,-0.17747451,-0.3600697,-0.3753434,-0.62162155,0.62162155,0.6430423,0.7088587,0.07461881,0.04943646,-0.21665692,-0.058462057,-1.4019158,-0.21165624,0.8503164,1.4729629,0.26344222,-0.9057583,-0.58778524,-0.809017,-1.0,-1.8369701e-16,1.0
2018-10-11 00:00:00,5.0,-0.9913122,-1.1402906,1.4080691,-1.2669764,0.31541622,0.30888927,0.3145656,-0.72137,0.02958106,0.11360464,0.4620128,-0.40388522,-0.52720153,-0.62565416,-0.29779986,0.3281713,-0.56680924,-1.3123794,0.333401,-0.3901553,-0.5286084,-0.7546908,0.39666933,0.004586494,-0.004586494,0.94598925,-0.09572205,-0.4145559,-0.20417349,0.07436546,0.008340491,-1.1387967,-0.5635173,-0.7075152,0.42122015,-0.08733339,-0.5187505,-0.58778524,-0.809017,-0.8660254,0.5,0.0
2018-10-18 00:00:00,2.0,-1.8278135,-1.8222942,-1.3442439,-0.37879577,1.3638328,1.1075552,0.41363665,-0.18049428,0.545099,0.5440812,0.8631513,0.0358929,-1.2078482,-1.3423008,-0.5215801,0.050278362,-0.96567553,-1.5047252,-0.30286005,-1.5602101,-1.1781963,-1.4363294,0.8427598,1.195746,-1.195746,1.5135823,-1.307664,-1.2510198,-0.7363967,0.17865276,-1.1998159,-1.117856,-1.2064059,-1.0969731,-0.6463438,-1.3442001,-0.7941661,-0.58778524,-0.809017,-0.8660254,0.5,0.0
2018-10-25 00:00:00,2.0,-2.3743525,-1.7097733,-0.31584892,-1.3151073,2.458917,1.4484363,0.12885989,0.30335903,1.5896554,1.4023327,1.606359,0.8463804,-1.8393543,-2.086077,-0.9559153,-1.3915614,-1.1022727,-2.0556471,-1.3758154,-2.347043,-1.809727,-2.0946126,1.2838049,1.9526964,-1.9526964,1.5615909,-2.3378656,-2.0177689,-1.4313235,0.70142436,-1.9348527,-1.0750363,-1.816626,-1.4343994,-1.7556592,-2.1271162,0.28555062,-0.58778524,-0.809017,-0.8660254,0.5,0.0
2018-11-01 00:00:00,2.0,0.500146,-0.07639084,0.16704874,1.8741931,0.4120759,1.3075926,-0.13928722,2.0405085,1.4061941,1.3283572,1.5165209,0.67115915,-1.5660797,-1.8077652,-1.1006835,-1.451479,-1.0087366,-2.1384084,-1.6912413,-1.7559638,-1.478767,-1.8337799,0.5604229,1.2839737,-1.2839737,1.5087224,-0.9331757,-1.6949179,-1.322632,0.64787376,-1.9297187,-1.0576841,-1.4641368,0.10219409,-1.0989629,-1.4200574,0.41024965,-0.58778524,-0.809017,-0.8660254,0.5,0.0
2018-11-08 00:00:00,2.0,2.8178551,1.4207717,-1.2384118,-0.6201985,2.3775969,1.5645847,0.018700551,0.27030626,1.8570329,1.5222503,1.4222635,1.4657606,-0.46117938,-0.6966321,-0.59815466,-0.6321819,-0.12266978,-0.94696426,-0.8363677,-0.15729839,-0.3716126,-0.8335615,1.2491122,-0.29121616,0.29121616,2.2815108,0.46363378,-0.07798672,-1.1016129,1.4480428,-0.76467204,-0.9950538,-0.345789,0.4939966,0.7188405,0.12163235,0.7796935,-0.58778524,-0.809017,-0.5,0.8660254,0.0
2018-11-15 00:00:00,2.0,-1.535213,-1.5015844,-0.45231143,-0.80818564,0.51069796,1.4918784,-0.07042279,-0.2739107,1.9192884,1.7833065,1.7563332,1.1977876,-0.91898954,-1.2002125,-0.5431848,-0.93296766,-0.51636904,-1.4942139,-1.669542,-0.9540679,-0.81411546,-1.2625394,0.8656462,0.5476589,-0.5476589,2.153135,-0.90762067,-0.7024406,-1.339561,1.386591,-0.6642441,-0.9068597,-0.7791018,-0.6353392,0.9319291,-0.7135242,1.0481781,-0.58778524,-0.809017,-0.5,0.8660254,0.0
2018-11-22 00:00:00,2.0,0.55882335,0.9637542,0.10640874,-0.6750737,0.37113875,0.4287758,-0.7236418,-3.0,1.6812801,1.6697723,1.665225,0.95487815,-0.69929874,-0.9674062,-0.38369605,0.018097902,0.056718975,-1.1388965,-1.5135654,-0.53846115,-0.5607195,-1.0515097,0.72006345,0.21196154,-0.21196154,1.8252594,0.3716577,-0.417302,-1.2261332,1.0804465,-0.75222474,-0.70121956,-0.5338305,0.17286907,0.919277,-0.37842572,0.8792308,-0.58778524,-0.809017,-0.5,0.8660254,0.0
2018-11-29 00:00:00,2.0,0.16775842,0.9077861,-1.1952184,0.7653033,0.07918077,-0.57467365,-0.8206155,-3.0,1.4353665,1.5513251,1.6006644,0.6552812,-0.61322564,-0.87599224,-0.2209262,1.0820524,-0.27229947,-0.93121374,-1.4070666,-0.35999388,-0.4495492,-0.966373,0.28036174,0.0911151,-0.0911151,0.8505599,1.1447401,-0.32928216,-1.1472055,0.4224688,-0.7465123,-0.6878554,-0.42517737,0.60643977,-0.15051956,-0.25801697,0.87879115,-0.58778524,-0.809017,-0.5,0.8660254,0.0
2018-12-06 00:00:00,2.0,-0.2597359,-0.38229996,2.6680527,-1.1897256,-0.27861595,-0.056751195,0.3592867,-0.08858337,1.1633605,1.4210253,1.5592269,0.28292814,-0.6823563,-0.9414118,-0.12865084,0.76374453,-0.62042475,-0.79941285,-1.6421193,-0.47071263,-0.501088,-1.0141357,-0.15746108,0.22377105,-0.22377105,0.9236976,0.00788015,-0.4742194,-1.1038982,0.24964476,-0.13005352,-0.6761965,-0.47965276,-0.5948967,0.26976505,-0.38971135,0.94075716,-0.58778524,-0.809017,-0.5,0.8660254,0.0
2018-12-13 00:00:00,5.0,-0.478305,-0.06675426,1.2039514,0.92871034,0.76513475,1.3621742,1.0232828,-2.2342255,1.4539168,1.6598754,1.7705452,0.47531384,-0.8294268,-1.080471,-0.114922166,-0.6921631,-1.1316153,-1.2568687,-1.6243055,-0.70068985,-0.5917067,-1.0901117,1.0268857,0.48918834,-0.48918834,-0.8902528,-1.4779733,-0.5841975,-1.2250103,-0.18891856,-0.7644274,-1.1656901,-0.5736926,-1.0021254,-0.11310347,-0.6505837,0.89403653,-0.58778524,-0.809017,-2.4492937e-16,1.0,0.0
2018-12-20 00:00:00,2.0,-2.2948039,-1.5891767,-0.6718425,-0.9901844,1.0964452,1.0706986,-0.22642595,-0.4192608,2.1571548,2.327885,2.4268565,0.765637,-1.5003691,-1.7706609,-0.46451062,-1.0734944,-1.6997432,-2.044728,-2.4045959,-1.8830596,-1.2528015,-1.612961,1.0641042,1.7336503,-1.7336503,-0.33962023,-2.4025757,-1.4088688,-1.6331452,-0.0050974498,-1.7070303,-1.0986036,-1.2271551,-1.369887,-0.89754105,-1.8636018,1.1212599,-0.58778524,-0.809017,-2.4492937e-16,1.0,0.0
2018-12-27 00:00:00,2.0,-0.09520042,0.022583123,-0.8909392,2.6954825,0.50454515,1.701775,0.4482242,-1.1794752,2.1281395,2.3351002,2.439433,0.7071348,-1.4769622,-1.729493,-0.65657145,-1.3448617,-1.1318305,-1.856148,-2.0635543,-1.6077049,-1.1531523,-1.5322725,0.87998366,0.90317816,-0.90317816,-0.6213232,-2.7540395,-1.349612,-1.6149783,0.044790782,-2.1991985,-1.053999,-1.1131432,-1.7193274,-0.837829,-1.0028656,1.1399446,-0.58778524,-0.809017,-2.4492937e-16,1.0,0.0
2019-01-03 00:00:00,2.0,1.0429002,1.2953273,-0.5603463,-0.89757335,0.046597514,-0.42574826,-1.3527298,-2.2683396,1.7466689,2.0149956,2.1411228,0.47013357,-1.0037099,-1.2993468,-0.55666995,-0.9307179,0.10345054,-0.90899545,-1.7008114,-0.9078123,-0.755375,-1.1987119,0.48661527,0.45898154,-0.45898154,-0.09804289,-1.7946184,-0.91671497,-1.4119632,0.051088285,-1.1927829,-1.0213293,-0.71751106,0.28766957,-0.20594157,-0.5427331,1.2009441,-0.58778524,-0.809017,-2.4492937e-16,1.0,1.0
2019-01-10 00:00:00,2.0,0.78286093,0.55490917,-0.65398014,1.0740128,-0.4403171,-0.09562586,0.19682421,0.7002138,1.3355578,1.6887981,1.8679619,0.13830873,-0.6619222,-0.98358333,-0.311219,-0.4577008,0.2436315,-0.7118876,-1.3531299,-0.4176705,-0.4488767,-0.94790107,-0.11370623,0.11199436,-0.11199436,0.13885657,-1.0125306,-0.62270796,-1.2213994,0.054203782,-0.61320204,-1.0015529,-0.4127364,0.667951,0.83970475,-0.18246987,1.1889907,-0.58778524,-0.809017,0.5,0.8660254,0.0
2019-01-17 00:00:00,2.0,-0.5312708,-0.92121726,1.0356901,-0.7114707,-1.8817381,-0.92438644,-0.7577191,-0.731312,0.6144383,1.2491555,1.6369197,-0.70306075,-0.8236063,-1.1244743,-0.24204352,-0.49408433,-1.0057954,-0.99846363,-1.4381464,-0.6256953,-0.6216908,-1.0941207,-2.1218684,0.006452838,-0.006452838,0.12988757,-1.3624309,-1.0876741,-1.0998769,-0.53728133,-0.478866,-1.0239859,-0.59575135,-0.5437734,0.66734177,-0.41510922,1.0653038,-0.58778524,-0.809017,0.5,0.8660254,0.0
2019-01-24 00:00:00,2.0,0.025116254,0.1525461,2.418269,-0.66732997,-1.0818689,-1.0462383,-0.08837214,-0.58348125,0.33955494,1.0123259,1.4740298,-0.9689192,-0.7975781,-1.088357,-0.13961759,0.5575471,-0.42102763,-0.8438262,-1.5038748,-0.53922987,-0.57684964,-1.0772073,-1.283256,-0.006377622,0.006377622,-1.4518585,-1.5957117,-1.1710002,-0.9916382,-0.9202107,-0.38992935,-1.0212383,-0.56326395,-0.9201872,0.21082926,-0.39569807,1.0235147,-0.58778524,-0.809017,0.5,0.8660254,0.0
2019-01-31 00:00:00,2.0,0.51303196,0.83257735,1.0415754,-1.1564728,-1.2583742,0.06744811,0.9509281,-0.20209555,-0.03770462,0.65650463,1.1899943,-1.2423257,-0.5511813,-0.87486625,0.06818095,0.83197933,-0.4267937,-0.33588246,-1.5118835,-0.2329707,-0.36004603,-0.9267231,-1.7840284,-0.28558445,0.28558445,-1.4873085,-0.917695,-1.054049,-0.77458227,-1.1655738,-0.20396525,-0.9164379,-0.34344628,0.28766957,0.11933975,-0.15381673,1.0666482,-0.58778524,-0.809017,0.5,0.8660254,0.0
2019-02-07 00:00:00,2.0,1.6533365,1.2985033,-0.52252233,-0.96071285,-0.13252638,0.95749235,0.6146597,1.2257578,0.049375508,0.5039823,0.923962,-0.8582607,0.1867356,-0.2292462,0.60443026,1.1200812,0.18048336,-0.08241368,-0.94103366,0.7361874,0.3906033,-0.37541208,0.2910367,-1.2377619,1.2377619,-0.9800498,-0.17794335,-0.07920138,-0.50318366,-1.0411606,0.51063323,-1.1688422,0.39670193,0.70002544,1.0445774,0.6732343,1.0662535,-0.58778524,-0.809017,0.5,0.8660254,0.0
2019-02-14 00:00:00,2.0,0.19442451,0.5165088,-0.34958896,0.9803247,-1.0291724,-0.813223,-1.2727071,-0.7764169,-0.1974238,0.28106657,0.7616685,-1.0532036,0.2908023,-0.13587086,0.9982678,0.8536263,0.35619986,-0.23870328,-0.9340191,0.89854807,0.52814084,-0.30128074,-1.3956223,-1.3473502,1.3473502,-0.99095005,0.36665395,-0.016525973,-0.3505456,-1.0758148,0.7641938,-1.1105793,0.53985494,1.1207058,1.1100402,0.79547954,1.0512547,-0.58778524,-0.809017,0.8660254,0.5,0.0
2019-02-21 00:00:00,5.0,0.2188892,1.0337514,-0.559129,-0.18030848,-1.5314676,-1.7044206,-1.0693043,-1.1196125,-0.6476065,-0.10093633,0.49303785,-1.4286736,0.42301074,-0.027372599,1.3284539,1.1941112,0.6248495,-0.47612303,-1.2505386,1.1779118,0.7452926,-0.20913096,-2.2023108,-1.4726197,1.4726197,-1.2916347,0.82779866,-0.010601731,-0.08353189,-0.96451527,1.0303235,-1.0996897,0.7520507,1.5537652,0.96154404,0.93106806,1.0270065,-0.58778524,-0.809017,0.8660254,0.5,0.0
2019-02-28 00:00:00,2.0,-0.017690578,-0.09008352,0.8454129,1.4639208,-1.4234564,-1.1611179,0.5074394,0.04635399,-1.004415,-0.4423712,0.26068634,-1.6927528,0.4559098,-0.010142201,1.5447868,1.1815113,1.508959,-0.18809004,-1.476715,1.2541857,0.85638297,-0.20173135,-2.083001,-1.4561052,1.4561052,-1.2138327,0.41361818,-0.17170395,0.16446169,-1.0271518,1.2404127,-0.37236327,0.8663263,-0.48293263,0.21888901,1.59277,1.0617694,-0.58778524,-0.809017,0.8660254,0.5,0.0
2019-03-07 00:00:00,2.0,0.9545138,0.9572785,-0.3548629,-0.14312054,-0.10691688,0.24757837,1.4693946,0.18906984,-0.78839725,-0.48590747,0.10625909,-1.2040213,1.0202314,0.46143717,1.8060285,1.379994,1.9016914,0.8475437,-1.1348253,1.7659355,1.4070548,0.2472911,-0.061775766,-1.6755883,1.6755883,-1.0496571,1.0496346,0.6405131,0.3790981,-0.712308,1.6291667,0.6760329,1.4089061,0.41271585,0.5682664,1.8355602,1.2080505,-0.58778524,-0.809017,0.8660254,0.5,0.0
2019-03-14 00:00:00,2.0,0.337482,0.32006037,-1.0466981,2.119653,-0.2052548,-0.3975512,-0.679554,0.16486059,-0.67141813,-0.51466584,0.025532462,-0.9359198,1.3425131,0.7174147,2.006301,0.7818086,1.6342802,1.9607387,-1.305191,1.7937145,1.5966427,0.45598844,-0.30247888,-1.7930236,1.7930236,-1.6804125,1.4353364,0.95872027,0.51122767,-0.7383499,1.6563814,1.0987666,1.5968057,0.9088274,0.61639863,1.9658734,0.9533195,-0.58778524,-0.809017,1.0,6.123234e-17,0.0
2019-03-21 00:00:00,2.0,0.03423777,-0.15212318,2.793051,-0.6933621,-1.3986897,-0.12218755,0.091024555,0.38928986,-1.1792735,-0.9719491,-0.31229472,-1.3629075,1.5213349,0.8575598,2.2059186,0.7143077,1.3532168,1.8359213,-1.1810963,1.63254,1.7177702,0.6246156,-2.306364,-1.5246637,1.5246637,-1.5505284,1.6789019,0.87064433,1.0799935,-0.86301136,1.9341154,1.6038096,1.7126657,1.3187946,0.63867295,1.6732461,0.9487011,-0.58778524,-0.809017,1.0,6.123234e-17,0.0
2019-03-28 00:00:00,5.0,-0.50688785,-1.1241304,0.041070677,-0.39665726,-0.7918592,-1.3077985,-1.286103,0.4947802,-1.2139125,-1.0780284,-0.3938341,-1.3534739,1.0256487,0.54282993,1.9848504,0.38004604,1.3588567,0.4333344,-0.8017035,1.255481,1.346417,0.34869534,-1.667234,-1.2360655,1.2360655,-0.8371909,1.2134128,0.3693233,1.1139919,-0.6972733,1.4734832,1.8565651,1.3699735,-0.50014013,-0.1620144,1.3535019,0.7756512,-0.58778524,-0.809017,1.0,6.123234e-17,0.0
2019-04-04 00:00:00,5.0,0.28030917,0.6665861,1.1164542,-0.9244706,-1.1380426,-1.163105,0.022379871,0.082541056,-1.4429848,-1.3335116,-0.693663,-1.614784,1.2019503,0.7106626,1.8307873,0.51767385,1.4242911,1.2068497,0.21786356,1.2776397,1.4944187,0.5864119,-1.8931895,-1.2525994,1.2525994,-0.6667746,1.3057641,0.49359313,1.4994341,-0.6249396,1.3422964,2.2994678,1.5379937,0.38505974,-0.22471367,1.4577512,0.4625126,-0.58778524,-0.809017,1.0,6.123234e-17,1.0
2019-04-11 00:00:00,5.0,0.40643582,0.5914479,1.0079231,-0.6936294,-0.6580964,-1.0178738,-0.06487103,0.43214417,-1.4796288,-1.4520798,-0.91352075,-1.624438,1.4568144,0.9488054,1.733917,0.24527133,1.352741,1.124458,0.50177306,1.3518506,1.7104212,0.89670795,-1.6383679,-1.350756,1.350756,-1.2029757,1.359562,0.8156301,1.7658551,-0.88005424,1.3628597,2.7414389,1.7730817,0.8229597,-0.056333356,1.5707089,0.7623556,-0.58778524,-0.809017,0.8660254,-0.5,0.0
2019-04-18 00:00:00,2.0,-1.6019841,-1.5502918,-0.77957,-0.45411766,1.1191089,3.0,3.0,0.11461452,-0.63344765,-0.78621846,-0.33036003,-0.6953797,0.076856546,-0.09041725,1.0797343,-0.6965244,0.15434109,0.39064577,0.4606884,0.5265346,0.5158467,-0.15726516,0.9536638,-0.20648564,0.20648564,0.0073327566,0.32578957,-0.28147706,0.6213123,-0.55332714,0.7711243,2.6000664,0.53212214,-0.6676103,-0.9525728,0.8068244,0.6282851,-0.58778524,-0.809017,0.8660254,-0.5,0.0
2019-04-25 00:00:00,2.0,-0.6413242,-1.1873704,0.6941156,-1.0817131,-0.423731,0.8963988,-1.1408386,0.5857545,-0.66293865,-0.7641868,-0.29299584,-0.79864657,-0.39249495,-0.46615222,0.5345618,-1.1002693,-0.14857185,0.23637168,-0.04878405,0.1988166,0.08587339,-0.49499378,-1.0026064,0.23734146,-0.23734146,-0.012197993,-0.27523926,-0.8492534,0.46980622,-0.21846913,0.42901978,2.5206192,0.105809964,-1.1316806,-1.5640937,0.49301007,0.5411797,-0.58778524,-0.809017,0.8660254,-0.5,0.0
2019-05-02 00:00:00,2.0,-0.16630137,-0.20710623,1.6187344,0.37543392,0.7234675,1.5573573,0.5836039,0.010801448,-0.2669071,-0.48346943,-0.12415442,-0.28836492,-0.507841,-0.55234504,0.08698258,-0.9247822,-0.2968645,0.37405926,-0.30501068,0.09720677,-0.052054837,-0.5171465,0.4008933,0.4468257,-0.4468257,0.032388266,-1.0000396,-0.80639833,0.16227642,0.39379013,0.24552032,1.9506469,-0.038131416,-1.5620706,-1.8767401,0.40037525,0.5293381,-0.58778524,-0.809017,0.8660254,-0.5,0.0
2019-05-09 00:00:00,2.0,-0.10877759,-0.010606951,1.7847335,0.070624985,-0.67193115,0.4050717,-0.8917181,-0.32965016,-0.5573372,-0.6611442,-0.2761267,-0.66567904,-0.58235186,-0.60368836,-0.24966791,-1.1213605,-0.3346994,1.3502392,-0.47470278,-0.04321879,-0.22846349,-0.53407246,-1.6020141,0.91410744,-0.91410744,0.51242197,-1.3937747,-1.0243151,0.31784925,0.47965258,0.10069229,1.9322908,-0.21956554,-1.9580628,-0.6149839,0.33276144,-1.054157,-0.58778524,-0.809017,0.5,-0.8660254,0.0
2019-05-16 00:00:00,5.0,1.371766,0.6160328,-0.750761,1.0598886,-1.1159437,0.60530496,0.06396007,3.0,-0.624218,-0.81294894,-0.5834815,-0.50956905,0.54628545,0.26493445,-0.08072532,-0.6023381,-0.21783943,1.903334,-0.2227111,0.6590945,0.56567,0.3546328,-1.8124137,-0.04292357,0.04292357,1.4813389,-0.87794024,0.13790253,0.79968446,0.7203687,0.58543193,1.8271341,0.51446444,0.47736976,0.87940377,0.8423817,-1.8760514,-0.58778524,-0.809017,0.5,-0.8660254,0.0
2019-05-23 00:00:00,2.0,-0.52075785,-0.5572743,0.81896806,0.3071342,-1.3193423,-0.31385255,-0.9511621,-0.9588564,-1.0731976,-1.0898774,-0.76441985,-1.2050155,0.12069749,-0.05738026,-0.13280721,-0.024451911,-0.5718594,1.2298412,0.1213189,0.27220398,0.12979491,0.080014914,-1.941587,0.48433533,-0.48433533,0.42203978,-1.1794617,-0.52681994,1.0334878,-0.556266,0.3773761,1.8880751,0.10664467,-0.5102918,0.58451253,0.3252991,-1.922003,-0.58778524,-0.809017,0.5,-0.8660254,0.0
2019-05-30 00:00:00,2.0,-1.181613,-1.2647332,-0.69779825,0.003937501,-0.30986813,-0.26204202,-0.06142204,-1.5369228,-0.7969134,-0.85372865,-0.51910186,-0.90672636,-0.76874614,-0.7648175,-0.5237302,-0.3094918,-1.0727293,0.42347756,-0.5046723,-0.5772377,-0.776736,-0.63326865,-1.2753408,1.6883199,-1.6883199,0.7516934,-1.3653259,-1.4997656,0.48044342,-0.35242423,-0.45563048,1.7902169,-0.77691275,-0.97331506,-0.16850707,-0.8014256,-1.3884531,-0.58778524,-0.809017,0.5,-0.8660254,0.0
2019-06-06 00:00:00,2.0,0.28769243,0.41097555,-0.97403604,1.810389,0.18076774,-0.39279646,-0.29243582,0.007839376,-0.79622626,-0.89481574,-0.62774754,-0.8138293,-0.5283301,-0.5768541,-0.6702361,-0.07248994,-0.7433951,0.7625374,-0.87868196,-0.5028475,-0.64105004,-0.41011983,-0.4155688,0.9496137,-0.9496137,0.8354253,-0.98905504,-1.250883,0.60489446,-0.711373,-0.7437844,1.4911263,-0.62254417,0.5102918,-0.99235606,-0.58424103,-1.1323702,-0.58778524,-0.809017,0.5,-0.8660254,0.0
2019-06-13 00:00:00,2.0,0.8224982,0.64561903,1.4922268,-1.220407,0.87152714,-0.45039132,-0.20592406,0.82522595,-0.5271713,-0.77589375,-0.6706869,-0.25626126,0.11249602,-0.07476255,-0.4676051,0.41643155,-0.5403488,1.0606201,-1.0350791,0.0030285364,-0.1503809,0.13838455,0.10915642,0.24547751,-0.24547751,0.96709377,-0.6952445,-0.41481632,0.657098,-0.098265536,0.17752413,1.2286221,-0.119771056,1.0231591,-0.008531304,-0.033229273,-0.9221893,-0.58778524,-0.809017,1.2246469e-16,-1.0,0.0
2019-06-20 00:00:00,2.0,0.8309203,0.827611,-0.08690545,-0.11418542,-0.39344984,-0.80750906,-0.76504356,1.2773937,-0.80594474,-1.0058929,-0.95090604,-0.529581,0.72089136,0.43408316,-0.09641694,0.10484476,-0.3823733,1.1459026,-0.65495646,0.72786885,0.3452706,0.7165481,-1.1929613,-0.48845175,0.48845175,0.33199143,-0.46651676,0.20314908,1.1352334,-0.37496755,0.5990869,0.9131745,0.38336584,1.4640622,1.4131407,0.45173353,-0.8331024,-0.58778524,-0.809017,1.2246469e-16,-1.0,0.0
2019-06-27 00:00:00,2.0,0.32499516,-0.3828492,1.8167038,-0.53639835,-0.8163915,0.15497965,1.8352191,1.5589151,-1.0409065,-1.187519,-1.1476319,-0.8259042,0.95575416,0.64775866,0.25117242,0.58145255,0.408427,0.54995483,-0.7892944,0.97165734,0.5528634,0.99325514,-1.4459401,-0.7711493,0.7711493,0.51472944,-0.041682933,0.40015328,1.4625591,-0.08289022,1.1471823,0.60143787,0.58556485,1.8746617,1.3871573,0.73383534,-1.2654786,-0.58778524,-0.809017,1.2246469e-16,-1.0,0.0
2019-07-04 00:00:00,2.0,-0.1509991,-0.4056374,1.0906267,0.06747413,-0.21280661,-0.5213294,-0.9036723,0.17651674,-1.1228182,-1.2489514,-1.2151134,-0.9493653,0.82132846,0.5673593,0.41359726,1.2185599,0.63825583,0.41108268,-1.1041896,0.7229955,0.4073725,0.93561006,-0.96914834,-0.6351027,0.6351027,-1.1127774,-0.26523718,0.20046186,1.5203999,-0.35319957,0.8531649,0.13791049,0.4579897,-0.48713812,0.63953596,0.5635161,-1.4829832,-0.58778524,-0.809017,1.2246469e-16,-1.0,1.0
2019-07-11 00:00:00,2.0,0.65572757,1.4475478,-1.0904146,-0.50326043,-0.5830407,-0.957553,-0.94478685,0.003272512,-1.3443456,-1.4559567,-1.4669006,-1.1934341,1.3395326,1.0361736,0.7334688,1.4422268,1.011373,0.5626224,-0.9533637,1.2612023,0.91955864,1.5360895,-1.2837049,-1.2263169,1.2263169,-1.1252332,-0.03144762,0.772012,1.995129,-0.62027645,0.99082804,-0.17207429,0.99926615,0.49490228,0.5199597,1.2097738,-1.5263163,-0.58778524,-0.809017,-0.5,-0.8660254,0.0
2019-07-18 00:00:00,2.0,-0.37093863,-1.3754635,0.041799773,-1.1139541,-0.9731409,-0.7024145,0.49702412,0.418748,-1.5486137,-1.6010282,-1.5830227,-1.554483,0.9507572,0.77459633,0.79361004,0.7520304,0.9198291,0.43008515,-0.96741384,0.78844404,0.5948692,1.3628671,-1.6059047,-1.0897698,1.0897698,-0.73155326,-0.21388611,0.20838082,2.152039,-1.3125271,0.99161434,-0.123873726,0.71063274,-0.47867596,-0.060561437,0.8100042,-1.4164342,-0.58778524,-0.809017,-0.5,-0.8660254,0.0
2019-07-25 00:00:00,2.0,0.72009254,1.2130078,-0.86756116,-0.2163132,-0.041607827,-0.4902533,0.2485436,0.15272048,-1.5028224,-1.6406615,-1.7105731,-1.3421417,1.4977859,1.2879262,1.0212898,0.68003017,0.6085934,0.28799468,-0.381791,1.378607,1.2168926,1.9725051,-0.7110613,-1.6106215,1.6106215,-0.77642053,0.10728621,1.052998,2.369547,-1.1457359,1.081109,-0.16151664,1.3408737,0.47347173,0.58123815,1.5091325,-0.9355536,-0.58778524,-0.809017,-0.5,-0.8660254,0.0
2019-08-01 00:00:00,5.0,-1.0350277,-1.725903,-1.3334367,-0.5620955,0.69609195,-0.2700017,0.27270004,0.58728486,-1.1871568,-1.3965982,-1.4762012,-0.8508136,0.42273313,0.44293642,0.67386824,-0.1078393,0.39498514,-0.24831513,-0.51875687,0.41255212,0.27836612,1.0050205,0.062848225,-0.61965734,0.61965734,0.0966456,-0.1458088,-0.0739304,1.7046422,-0.70127356,0.642607,-0.56483394,0.41821975,-0.5313855,-0.83779114,0.45550606,-0.6856225,-0.58778524,-0.809017,-0.5,-0.8660254,0.0
2019-08-08 00:00:00,5.0,-1.2058967,-0.86789674,-0.1617287,0.31751126,1.9767178,0.33802107,0.89209086,-0.9109108,-0.47674438,-0.8623288,-1.0107113,0.23022048,-0.5990949,-0.45959887,-0.020143667,-0.7180672,0.41179046,-0.7205674,-1.2515209,-0.6685573,-0.6522868,-0.016857337,1.0846175,0.48873085,-0.48873085,0.55338585,-0.5413976,-1.0022228,0.68970263,0.21885078,-0.45604718,-0.120925695,-0.50631446,-0.9978531,-1.3634722,-0.7420985,-0.19403246,-0.58778524,-0.809017,-0.8660254,-0.5,0.0
2019-08-15 00:00:00,5.0,-0.39361376,-0.6014309,1.7955041,-1.216679,1.3737557,-0.11045455,-0.6126925,0.5827742,-0.09571987,-0.5472928,-0.7571146,0.7408348,-0.8911814,-0.73967487,-0.5304249,-1.3085694,0.09316504,-0.65296197,-1.1844803,-0.9319388,-0.85033244,-0.29654008,0.69429046,0.8466435,-0.8466435,-0.00540896,-0.83646274,-1.1181178,0.25212455,1.0380449,-0.4256261,-0.13331033,-0.7239717,-1.4522542,-2.041908,-1.1195923,-0.17526284,-0.58778524,-0.809017,-0.8660254,-0.5,0.0
2019-08-22 00:00:00,5.0,0.086631455,0.3751357,-0.7975435,2.0117161,-0.69834363,-0.23949742,-0.2884081,-0.33661368,-0.50301677,-0.7677577,-0.92693067,0.080394216,-0.8205942,-0.67892414,-0.8543105,-1.0393736,-0.25307235,-0.7361116,-1.2065002,-0.76977116,-0.7573582,-0.24616481,-1.1670161,0.780199,-0.780199,0.14563774,-0.36074856,-1.3027998,0.5200315,1.0840012,-0.9940412,-0.3353839,-0.645908,0.49490228,-1.0501729,-1.0416033,-0.32486698,-0.58778524,-0.809017,-0.8660254,-0.5,0.0
2019-08-29 00:00:00,2.0,-0.2961816,-0.8617805,-1.2054422,1.499941,0.22128531,-0.52499247,-0.4881028,0.9782599,-0.47124037,-0.71022284,-0.8684598,0.08391091,-1.050802,-0.90103817,-1.0898659,-1.5773125,-0.7819902,-1.0156959,-1.1582683,-0.93251765,-0.88123053,-0.48998863,-0.13294908,1.0428592,-1.0428592,-0.8717263,-0.8035048,-1.5874134,0.39697722,1.1466188,-0.98799425,-0.4692754,-0.8040582,-0.47867596,-0.38570327,-1.288517,-0.32246137,-0.58778524,-0.809017,-0.8660254,-0.5,0.0
2019-09-05 00:00:00,2.0,0.1681237,-0.04687055,0.4155457,1.5834067,0.3724909,-0.863481,-0.5698286,0.5753104,-0.47174534,-0.70128804,-0.88294065,0.10355135,-0.88265437,-0.7603565,-1.128694,-0.9043974,-0.85054797,-0.32290068,-0.9600846,-0.7203639,-0.71413577,-0.35150647,-0.063078225,0.89949125,-0.89949125,-0.6006118,-0.32971808,-1.3799392,0.4226699,0.9293121,-0.7733709,-0.45143405,-0.6534437,0.47347173,-0.00010180224,-1.122204,0.024374114,-0.58778524,-0.809017,-0.8660254,-0.5,0.0
2019-09-12 00:00:00,2.0,1.2621235,0.9498466,0.15051045,-0.6526624,1.3306986,-0.08543257,0.9921183,0.9993062,-0.2702141,-0.615754,-0.9278031,0.6030853,0.3409121,0.29610586,-0.6664702,0.46408272,-0.18899837,0.44722182,-0.27796504,0.36086527,0.2404368,0.6414217,0.648882,-0.12997009,0.12997009,-0.27813232,0.4815139,0.17820242,0.56871074,0.5445743,0.16878647,-0.43553507,0.26239106,0.93343,0.9822128,0.10403983,0.3753681,-0.58778524,-0.809017,-1.0,-1.8369701e-16,0.0
2019-09-19 00:00:00,2.0,0.887237,1.3238521,-0.48429206,-0.8544104,1.1313722,0.49618405,0.18605414,-1.0446552,-0.1909943,-0.5701963,-0.95698655,0.8177478,1.0641588,1.006561,-0.10555816,1.1622491,-0.07650386,0.8835272,-0.29782808,1.06607,0.81959933,1.2985427,0.42647576,-0.9621695,0.9621695,-0.41466212,1.2604499,1.2156885,0.6785123,0.32897237,0.72959363,-0.42018774,0.7868699,1.3910787,1.7554946,0.9765581,0.29103634,-0.58778524,-0.809017,-1.0,-1.8369701e-16,0.0
2019-09-26 00:00:00,5.0,-0.1928628,-1.2513243,-0.81278116,0.12946646,-1.1690912,0.08829181,-0.42464438,0.77475786,-0.713253,-0.86160636,-1.137388,-0.1037374,0.8516173,0.8425043,0.17666323,1.0000077,0.0058939504,0.8590859,-0.4013375,0.8005588,0.635934,1.2225263,-1.4816101,-0.7476898,0.7476898,-0.25739375,0.44031602,0.78685045,1.0146116,0.11600813,0.85780954,-0.39961958,0.5891806,-0.5393633,1.4204994,0.7719771,0.30642506,-0.58778524,-0.809017,-1.0,-1.8369701e-16,0.0
2019-10-03 00:00:00,2.0,-3.0,-1.8035712,-1.1681335,-0.9590494,2.887647,1.3547148,0.52220327,-0.06336351,1.1420516,0.5719305,0.19584927,1.9459496,-1.6477722,-1.7525529,-0.5889879,-0.74645126,-1.923063,-1.1627734,-1.5916195,-1.7765425,-1.5600455,-1.2233595,1.5984226,1.7120899,-1.7120899,2.3405094,-0.5173619,-1.6186686,-0.9597017,1.8174356,-1.0234661,-0.67374027,-1.5296718,-1.0149596,-1.6286917,-1.9165857,1.0590503,-0.58778524,-0.809017,-1.0,-1.8369701e-16,1.0
2019-10-10 00:00:00,2.0,0.28645447,0.39008808,0.3562936,0.55913055,-0.09911634,-0.46697024,-0.9127945,-0.06085739,0.70967746,0.3809513,0.07257346,1.2952497,-1.4062479,-1.493569,-0.9859536,-0.6716227,-1.2972935,-0.8204976,-0.716023,-1.3351882,-1.3491659,-1.075379,-0.14370738,1.2991047,-1.2991047,2.234496,0.08450676,-1.4869564,-0.7778388,1.4904147,-1.4096519,-0.61986816,-1.333181,0.42535755,-1.9844251,-1.4148133,1.0487787,-0.58778524,-0.809017,-0.8660254,0.5,0.0
2019-10-17 00:00:00,2.0,0.6179214,0.62274987,1.2402571,-0.97794616,-0.1461577,-1.1912307,-0.68318653,0.59994096,0.36652005,0.17853683,-0.101103544,0.8586476,-0.89570564,-0.9886087,-1.0335388,-0.99081725,-0.45576593,-0.050431088,-0.5532409,-0.8917642,-0.96154237,-0.69035774,-0.21579325,0.8820096,-0.8820096,1.9474313,0.5006107,-1.0196152,-0.5180994,0.8554549,-0.83917487,-0.6062205,-0.97534335,0.9029809,-1.397008,-0.95424426,0.9622021,-0.58778524,-0.809017,-0.8660254,0.5,0.0
2019-10-24 00:00:00,2.0,0.86117494,1.110246,-0.62191594,-0.1508499,-0.35214463,-0.73872364,0.22979745,0.6895758,-0.060930498,-0.12785918,-0.3814576,0.36582375,-0.21384358,-0.30847412,-0.7846407,-0.9626788,0.14837351,0.21515262,-0.30686042,-0.31509,-0.40203744,-0.08214196,-0.5411286,0.25464404,-0.25464404,1.786879,1.0304781,-0.36284077,-0.10647941,0.2966459,-0.51299,-0.59756714,-0.43371475,1.3700498,1.141055,-0.30795893,0.8828602,-0.58778524,-0.809017,-0.8660254,0.5,0.0
2019-10-31 00:00:00,2.0,-0.46455577,-1.1066929,-0.15969798,-0.2108149,-0.2644126,-0.7161985,-0.14140785,0.6531485,-0.22307986,-0.19841944,-0.3755488,0.048358988,-0.55441755,-0.6507278,-0.726245,-1.1272963,-0.12205197,-0.33028334,-0.32638675,-0.6124437,-0.7405909,-0.45065245,-0.43244728,0.63889086,-0.63889086,1.7594545,0.3433728,-0.9615945,-0.1290773,0.6781566,-0.45932594,-0.58833236,-0.77696073,-0.5641382,0.68235815,-0.71437806,0.6918087,-0.58778524,-0.809017,-0.8660254,0.5,0.0
2019-11-07 00:00:00,2.0,1.0122377,0.8097696,0.01032923,-0.1547172,1.3674984,1.3647989,1.635665,-0.3840672,0.3603837,0.11730667,-0.23109533,0.9901898,0.22882496,0.13731742,-0.2817563,1.3429636,0.52432275,-0.22004792,0.6833625,0.1222899,0.045404304,0.28641897,1.3995407,-0.3935917,0.3935917,-1.0975025,1.3346511,0.44505852,-0.21868917,-0.20467252,-0.12354964,-0.5618507,-0.014578954,0.38193223,0.8956458,0.10278866,0.6113201,-0.58778524,-0.809017,-0.8660254,0.5,0.0
2019-11-14 00:00:00,2.0,0.66791314,0.8232341,-1.074749,1.02369,-0.94279385,-0.5276028,-1.0292914,1.3563862,-0.33132917,-0.34552568,-0.6021408,0.086611375,0.7054088,0.64043784,0.19157091,1.5336541,0.77952045,-0.055195983,0.527517,0.63579035,0.56925476,0.78715473,-1.3639597,-0.9764596,0.9764596,-1.092576,1.777826,0.83595085,0.32529533,-0.55074745,0.4862772,-0.5721658,0.52561146,0.8569877,0.7232046,0.6591488,0.6231743,-0.58778524,-0.809017,-0.5,0.8660254,0.0
2019-11-21 00:00:00,2.0,-1.3888943,-1.3381671,-0.5948452,-0.34061372,0.6877625,0.38897988,0.54402643,-0.28416306,0.20529908,0.09938512,-0.1389735,0.5912544,-0.36214706,-0.43109685,0.043706194,0.38487217,-0.5093818,-0.62535393,-0.5821099,-0.3787912,-0.43702552,-0.2715217,1.126428,0.28390074,-0.28390074,-0.015451375,0.93709856,-0.36462557,-0.32994547,-0.0371538,-0.08881465,-0.5884716,-0.47570065,-0.5760338,0.15654446,-0.5414648,0.62053746,-0.58778524,-0.809017,-0.5,0.8660254,0.0
2019-11-28 00:00:00,2.0,0.24793707,0.30112368,1.5069679,-0.44111776,-0.92802596,0.59779954,0.021483028,0.41800228,-0.3959484,-0.30033925,-0.43654704,-0.21833514,-0.18298224,-0.24599136,0.03278507,0.035581313,-0.79112834,-0.78012854,-0.96889275,-0.13719316,-0.20895082,-0.12551382,-1.2690445,0.08022417,-0.08022417,-0.15370977,1.6027796,-0.4641395,0.064660236,-0.3105908,-0.13165249,-0.8159872,-0.27434793,0.42000216,-0.33181405,-0.34815615,0.6680608,-0.58778524,-0.809017,-0.5,0.8660254,0.0
2019-12-05 00:00:00,2.0,-0.30540836,-0.34919393,0.14692661,1.2531214,-0.95005375,-1.1187506,-0.95908684,-0.66202724,-0.8101943,-0.58672607,-0.616501,-0.8415756,-0.41282338,-0.47592655,-0.08125975,0.12780628,-0.8496548,-0.76329154,-0.71651506,-0.32873762,-0.4079027,-0.44497937,-1.274785,0.3610666,-0.3610666,-0.17705896,1.0330821,-1.1513249,0.29169235,-0.60979164,-0.4175535,-0.9280811,-0.494666,-0.5682382,-0.89911425,-0.6080227,0.6113283,-0.58778524,-0.809017,-0.5,0.8660254,0.0
2019-12-12 00:00:00,5.0,-0.20947903,-0.9579532,0.9662122,-1.0941573,-0.6213891,0.11427694,0.8258077,0.82624316,-0.951883,-0.7287496,-0.71469116,-1.033864,-0.57343966,-0.63100445,-0.22776529,-0.573045,0.65205044,-1.1427423,0.15257515,-0.46351078,-0.4896732,-0.69438493,-0.6293962,0.5567864,-0.5567864,-0.5567081,0.3810494,-1.576202,0.40735132,-1.442762,-0.28082308,-0.5262279,-0.59270626,-1.0623584,-0.16701402,-0.7921463,0.5291323,-0.58778524,-0.809017,-2.4492937e-16,1.0,0.0
2019-12-19 00:00:00,5.0,0.68039495,1.0728179,0.4137497,-1.2423004,-0.5173457,0.4438487,0.047371097,0.49581215,-1.0159844,-0.8736119,-0.900337,-0.9971491,-0.021211812,-0.10851502,-0.06308483,-0.5983526,0.8328027,-0.44348714,1.9419487,0.22786447,0.13184842,-0.19222395,-0.5518637,-0.011928703,0.011928703,-0.536449,1.0011219,-0.9456409,0.73500335,-1.0844752,0.13725717,-0.42637777,0.015784921,0.3948727,0.13737217,-0.029218145,0.49567246,-0.58778524,-0.809017,-2.4492937e-16,1.0,0.0
2019-12-26 00:00:00,2.0,0.50361884,1.0681208,-0.69449806,-0.051361356,-0.57351536,-0.25395116,-0.5062735,0.16857666,-1.1898066,-1.071271,-1.1065204,-1.1738755,0.39445072,0.29677182,0.25784692,0.5118165,0.76627254,0.2841126,1.8979173,0.7380315,0.60600114,0.22988823,-0.7379963,-0.5195979,0.5195979,-1.3570312,1.3525943,-0.54967594,1.1304637,-1.5925815,0.61480975,-0.43654445,0.4905679,0.88571346,0.67583126,0.45708865,0.39337113,-0.58778524,-0.809017,-2.4492937e-16,1.0,0.0
2020-01-02 00:00:00,2.0,0.057816878,-0.26834,0.13669671,1.5448545,-0.76350766,-1.5336609,-0.9130895,0.47758728,-1.4223434,-1.2763529,-1.2778733,-1.5463239,0.43261543,0.338814,0.51040167,0.39451915,0.35935098,0.4770066,0.25568205,0.72493064,0.64543813,0.2345641,-1.2383103,-0.87809217,0.87809217,-1.3152717,1.5057129,-0.7881765,1.4739786,-1.5479641,0.84845054,-0.44747278,0.54240614,1.365629,0.84420615,0.5026431,0.41500887,-0.58778524,-0.809017,-2.4492937e-16,1.0,1.0
2020-01-09 00:00:00,2.0,-0.9619016,-1.3802975,0.2605133,-1.1936598,0.38547286,1.4835539,2.4258907,0.43744698,-0.9737725,-0.99061185,-1.0254847,-0.8000541,-0.35463578,-0.38981462,0.25771666,0.08280428,0.17954236,0.05378637,0.68048924,-0.16546984,-0.2338364,-0.64929456,0.7335356,-0.098259,0.098259,-0.8996564,0.6412208,-1.5762271,0.86555445,-0.8068792,0.39353856,-0.17495133,-0.32602394,-0.6207405,-0.2719589,-0.32248673,0.5841077,-0.58778524,-0.809017,0.5,0.8660254,0.0
2020-01-16 00:00:00,2.0,-0.53322905,-1.3897091,-0.7544151,-0.23429292,-0.68648046,0.9299088,-0.32673794,-0.012323306,-1.1938742,-1.1322237,-1.1033169,-1.2164685,-0.7506097,-0.7699093,-0.08792235,-0.07063023,-0.5575656,-0.034628637,0.048263196,-0.6405264,-0.72789264,-1.1835412,-1.1516181,1.0464382,-1.0464382,-0.7834098,-0.15962288,-2.3996983,0.9781806,-0.9334509,-0.674128,-0.17681791,-0.8045924,-1.0827048,-0.9415406,-0.77081764,0.5776243,-0.58778524,-0.809017,0.5,0.8660254,0.0
2020-01-23 00:00:00,5.0,-1.0958536,-1.5600966,-0.7457299,-0.7857344,0.344861,0.1848363,-0.44334581,0.5544662,-0.7674176,-0.84306306,-0.83879375,-0.5532343,-1.4618495,-1.4874412,-0.697527,-1.0477326,-1.3444571,-0.5631856,-0.6516137,-1.4333284,-1.5708566,-1.9806397,0.84267,1.9575888,-1.9575888,-0.851383,-0.91430634,-3.0,0.36031142,-0.44630107,-1.397942,-0.7567487,-1.6277708,-1.5135165,-1.5491542,-1.64631,0.45055813,-0.58778524,-0.809017,0.5,0.8660254,0.0
2020-01-30 00:00:00,2.0,-0.8596008,-1.1707487,0.0062419395,-0.70001286,-0.13815254,0.75473213,0.15208447,-0.54541,-0.71111614,-0.77636635,-0.74203753,-0.5443419,-1.8944155,-1.9522706,-1.3390995,-1.7662008,-1.0166945,-1.4583669,-0.95483255,-1.7578685,-2.0852156,-2.5225832,-0.08668173,1.912167,-1.912167,-1.3675503,-1.5408041,-3.0,0.09982265,-0.1764671,-1.9466146,-0.80641717,-2.110937,-1.9162033,-1.3001587,-2.1271846,0.32129785,-0.58778524,-0.809017,0.5,0.8660254,0.0
2020-02-06 00:00:00,2.0,-0.0011019537,0.1307943,-0.44313627,2.119257,0.9489105,2.2985933,0.786291,-0.6833195,-0.10479667,-0.40320003,-0.5012537,0.4690897,-1.8419311,-1.8944513,-1.5145909,-1.7606058,-1.1439815,-1.8142891,-0.66086525,-1.5671343,-1.7043616,-2.1891463,1.3299826,0.9648155,-0.9648155,-1.3886114,-1.9893285,-2.7217581,-0.31598386,1.1371665,-2.1823933,-0.7798496,-1.6632222,-2.2746413,-0.974089,-1.2015768,0.41775692,-0.58778524,-0.809017,0.5,0.8660254,0.0
2020-02-13 00:00:00,2.0,0.6456227,0.6096635,-0.8189478,1.2606566,0.15591845,0.039761074,-0.9678407,0.46333945,-0.12738955,-0.43402758,-0.58495295,0.51706874,-1.2987332,-1.4497275,-1.3889296,-0.97140175,-0.76318365,-1.5311935,1.144646,-1.0893954,-1.103215,-1.7110763,0.52307117,0.62794036,-0.62794036,-0.7651768,-1.3137655,-2.126665,-0.17643708,0.7613914,-1.4309944,-0.78347623,-1.0673654,0.42185178,0.086103156,-0.7750203,0.5493673,-0.58778524,-0.809017,0.8660254,0.5,0.0
2020-02-20 00:00:00,5.0,-0.5166242,-0.41519186,-0.15793665,1.3756807,-0.08127046,-0.70576835,-0.62500316,-0.8445065,-0.24127635,-0.46602786,-0.5781571,0.26531464,-1.6043483,-1.7632446,-1.4028336,-0.9703916,-0.88636553,-0.19809857,0.9485426,-1.4086362,-1.4644077,-1.9955593,-0.08614682,0.9183475,-0.9183475,-0.0036019348,-1.598938,-2.4270325,-0.28137794,1.126621,-1.3545053,-0.79707617,-1.452011,-0.53685975,0.24149328,-1.0406171,-1.1213866,-0.58778524,-0.809017,0.8660254,0.5,0.0
2020-02-27 00:00:00,5.0,-3.0,-1.9405543,-1.3349627,-1.2502905,3.0,1.8721315,1.996877,0.016332304,3.0,2.229206,1.7255474,3.0,-3.0,-3.0,-2.0591743,-2.75834,-3.0,-2.3171256,-2.2696774,-2.8381267,-3.0,-3.0,2.1301198,1.9965825,-1.9965825,1.8644694,-1.8990078,-3.0,-2.7827759,3.0,-2.5677693,-0.71013397,-3.0,-0.9800952,-1.3766927,-2.1896336,1.2460524,-0.58778524,-0.809017,0.8660254,0.5,0.0
2020-03-05 00:00:00,5.0,0.26199988,0.59124106,-1.1685181,1.8557613,1.5337715,3.0,1.4762123,-2.9524035,3.0,3.0,2.3566864,3.0,-2.8323312,-3.0,-2.1995044,-2.1037123,-2.9385145,-2.3783426,-2.471568,-2.0265374,-2.572366,-2.767493,1.9447677,1.0158709,-1.0158709,1.9868249,-0.6717715,-2.4024284,-2.8747854,3.0,-2.5202584,-0.6911712,-2.32092,0.44144872,-1.6688007,-1.1410666,1.1960721,-0.58778524,-0.809017,0.8660254,0.5,0.0
2020-03-12 00:00:00,5.0,-3.0,-1.4234232,-0.9426457,-0.43188444,2.7184682,2.5248024,0.2418234,-3.0,3.0,3.0,3.0,3.0,-3.0,-3.0,-2.511501,-3.0,-3.0,-3.0,-3.0,-2.4519064,-3.0,-3.0,1.9560367,1.643274,-1.643274,2.021039,-1.6847488,-2.7477906,-3.0,3.0,-2.4625757,-1.0531237,-2.950683,-0.50451285,-2.3509467,-1.8075751,1.7228125,-0.58778524,-0.809017,1.0,6.123234e-17,0.0
2020-03-19 00:00:00,5.0,-3.0,-1.4423124,-0.3542463,-1.1628561,2.7829812,2.0883503,0.05287097,-3.0,3.0,3.0,3.0,3.0,-3.0,-3.0,-2.9395669,-3.0,-3.0,-3.0,-3.0,-2.522945,-3.0,-3.0,1.8629014,1.7927105,-1.7927105,1.5614655,-2.158972,-3.0,-3.0,3.0,-2.7757685,-0.899934,-3.0,-0.9774936,-1.5911297,-1.9630251,1.4956964,-0.58778524,-0.809017,1.0,6.123234e-17,0.0
2020-03-26 00:00:00,5.0,3.0,1.3043126,-0.5127555,-0.45470157,1.526558,1.8661624,0.11217575,0.4398403,3.0,3.0,3.0,3.0,-2.0621867,-2.7117267,-2.4787295,-3.0,-3.0,-3.0,-3.0,-1.4337595,-2.117993,-2.2644036,1.728295,0.9185243,-0.9185243,2.3840542,-0.8533877,-1.4197882,-3.0,3.0,-1.8210195,-0.96825266,-1.591919,0.44144872,0.088287465,-1.0399104,1.28187,-0.58778524,-0.809017,1.0,6.123234e-17,0.0
2020-04-02 00:00:00,5.0,-0.016127963,-0.26361063,1.7995678,-0.5461005,0.22442923,0.89789045,-0.73792434,1.333418,3.0,3.0,3.0,2.8251784,-1.9774978,-2.539656,-2.2975588,-2.4621172,-2.9947908,-3.0,-3.0,-1.1876508,-1.9379326,-2.162594,1.4944267,0.9221274,-0.9221274,2.2882626,-1.3984586,-1.4844009,-2.9269085,2.9410398,-1.1349757,-1.0090386,-1.4026638,-0.4833906,1.0862032,-1.0424173,1.2601327,-0.58778524,-0.809017,1.0,6.123234e-17,1.0
2020-04-09 00:00:00,5.0,3.0,1.7078098,-1.2725242,-0.6319926,0.84296286,0.54660773,-0.43971264,3.0,2.6269343,2.8654726,2.8307178,2.4915936,-0.60257167,-1.1058898,-1.4082355,-0.74097466,-1.324586,-1.658137,-1.9255635,-0.4258989,-0.7018444,-1.0594237,1.5362475,0.041548483,-0.041548483,2.3567584,-0.627598,-0.19290318,-2.3390646,2.613549,-0.5897244,-0.9796177,-0.12979825,0.49097416,3.0,-0.1245261,1.4029198,-0.58778524,-0.809017,0.8660254,-0.5,0.0
2020-04-16 00:00:00,5.0,-0.45981598,-1.0484701,-0.8412674,0.17707363,0.12625316,-0.044788487,-0.77613467,2.2453752,2.3178496,2.7174654,2.821067,1.8390731,-0.73349804,-1.2274343,-0.9630257,0.26454812,-1.5225872,-1.8634143,-2.127373,-0.46326175,-0.79165715,-1.1878443,1.3341234,0.07980607,-0.07980607,1.9515067,-0.9439232,-0.43683347,-2.2689517,1.2727121,-0.36038163,-1.0162303,-0.25705996,-0.44867116,1.4508649,-0.28893816,1.3491279,-0.58778524,-0.809017,0.8660254,-0.5,0.0
2020-04-23 00:00:00,5.0,0.38192,0.7843749,0.29169622,0.14739838,-0.13903505,0.20705731,0.29285368,-1.0035276,1.8264492,2.3114183,2.4933808,1.2666067,-0.5753227,-1.0534712,-0.5365817,3.0,-1.4208629,-1.5977077,-1.870106,-0.30394736,-0.5966086,-1.0762411,1.1425682,-0.06903613,0.06903613,-0.03968357,-0.29456082,-0.42037284,-2.0691593,0.045957427,-0.27495408,-1.0977936,-0.071495764,0.5313855,1.5768491,-0.1631369,1.334048,-0.58778524,-0.809017,0.8660254,-0.5,0.0
2020-04-30 00:00:00,5.0,1.516848,1.7062968,-1.0857029,-0.7886717,-0.055780366,-0.18566635,-0.59775674,1.4813393,1.3565342,1.7917265,1.9517001,0.9710769,0.10825611,-0.3561967,0.15985233,2.3097413,-0.61154115,-0.8617118,-1.2755677,0.164339,0.10322288,-0.5090219,1.1724801,-0.8225951,0.8225951,-0.29408586,0.22484738,0.2019838,-1.7218652,-0.33736125,0.07442862,-1.7310132,0.6692938,1.0146273,0.79345113,0.40943703,1.3491051,-0.58778524,-0.809017,0.8660254,-0.5,0.0
2020-05-07 00:00:00,5.0,-0.5639562,-0.7062063,-0.27316916,0.49713805,-0.20982027,-0.15577964,-0.076247804,-0.66921633,1.2484975,1.7592081,2.0132966,0.622287,-0.11478673,-0.5645471,0.548352,1.9574937,-0.1352398,-1.2266284,-1.585634,0.0582151,-0.080972046,-0.72848123,1.0513805,-0.6190172,0.6190172,-0.14295244,-0.19733706,-0.1595584,-1.7237775,-0.37377098,0.11361759,-1.7868638,0.43726113,-0.44867116,0.69566196,0.19565217,1.3238919,-0.58778524,-0.809017,0.8660254,-0.5,0.0
2020-05-14 00:00:00,5.0,-0.1206194,-0.87072283,0.15608995,-0.41846615,-0.3209115,-0.5433901,-0.6591519,2.08461,1.0832542,1.6246065,1.9359215,0.3292029,-0.16465527,-0.6083214,0.8322549,0.38390765,-0.24412028,-1.3534651,-1.613514,0.08514049,-0.055283114,-0.786321,0.87219185,-0.56628495,0.56628495,-0.9233146,-0.5088516,-0.33597353,-1.6502764,-0.60938287,0.17351137,-1.8477066,0.42222536,-0.9181443,0.46764252,0.14984396,1.2995507,-0.58778524,-0.809017,0.5,-0.8660254,0.0
2020-05-21 00:00:00,5.0,0.6623957,1.5021133,-1.0595795,-0.40071985,-0.46669048,-0.53132874,-0.026168015,-1.0684073,0.8015256,1.320357,1.6387192,0.05458556,0.15686952,-0.3017237,1.2302691,0.9457814,1.1580979,-1.0513045,-1.1920303,0.36561394,0.35802752,-0.5339824,0.79488814,-0.8811846,0.8811846,-0.99760556,0.066932715,-0.1383482,-1.4395442,-0.65449536,0.26150978,-1.8172281,0.81221193,0.58037364,0.04572813,0.42293182,1.2532088,-0.58778524,-0.809017,0.5,-0.8660254,0.0
2020-05-28 00:00:00,5.0,0.18162243,0.48319212,-0.6004561,1.8668319,-0.75967413,-0.93793124,-0.78757083,-0.19402537,0.54138964,1.0822783,1.445828,-0.31674334,0.24338676,-0.22149576,1.592531,0.84447217,3.0,-0.83081067,-1.1478423,0.49614495,0.5448957,-0.4909787,0.2724473,-1.0245434,1.0245434,-0.9831518,0.5913762,-0.25954348,-1.2908105,-0.7106161,0.4308659,-0.9186995,1.0165433,1.0690854,0.37647554,0.6869344,1.2242831,-0.58778524,-0.809017,0.5,-0.8660254,0.0
2020-06-04 00:00:00,5.0,0.49109247,0.86609906,-0.9957215,1.230969,-0.4015115,-0.5706192,0.71801555,-0.22954728,0.45773447,0.9296389,1.2777872,-0.34022787,0.51452696,0.022472668,1.92748,0.33066425,2.2045097,-0.5329366,-0.9857403,0.7637969,0.9286743,-0.23883669,0.8514127,-2.0266006,2.0266006,-1.4303085,1.369358,-0.020556735,-1.1396662,-0.71870804,0.6366752,-0.608626,1.3928113,1.5447028,0.6946434,0.9668049,1.2085336,-0.58778524,-0.809017,0.5,-0.8660254,0.0
2020-06-11 00:00:00,5.0,0.09679196,0.23211642,2.1008928,-0.3598273,-0.4172002,-0.56056684,-0.07091863,-0.29301688,0.4271617,0.8585983,1.2124491,-0.35128507,0.5467841,0.060779847,2.0713432,0.66122806,2.1631346,-0.3300492,-0.6800711,0.84805584,1.0307779,-0.17663836,0.7616107,-1.6582115,1.6582115,-1.6530122,1.9470496,-0.019770583,-1.0744945,-0.67660654,0.95821446,0.4717665,1.4336878,1.936541,0.38893133,1.180547,1.1871158,-0.58778524,-0.809017,1.2246469e-16,-1.0,0.0
2020-06-18 00:00:00,5.0,-0.7565909,-0.15873186,0.8124625,0.89425015,-0.59681356,-0.57533795,-0.14958125,-3.0,0.55423224,0.9786996,1.3770496,-0.28753456,0.0833354,-0.29248118,1.8181298,0.33869493,0.5973134,-0.5512603,-0.9340866,0.54872835,0.5991354,-0.5234598,0.589021,-1.1638596,1.1638596,-1.246323,1.2348536,-0.5158278,-1.2039167,-0.5965142,0.58762956,0.5307692,0.9010396,-0.47487664,-0.16899195,0.7967622,1.1643692,-0.58778524,-0.809017,1.2246469e-16,-1.0,0.0
2020-06-25 00:00:00,5.0,-0.4888903,-0.7956434,0.87208515,-0.81204945,-0.5672184,-0.79157203,-0.5748138,-0.31242487,0.55115813,0.98990613,1.4308465,-0.3786937,-0.18912649,-0.5016172,1.4838964,-0.24243136,0.5772687,-0.77475893,-1.1340286,0.3726324,0.36420324,-0.7462898,0.64012915,-0.8468709,0.8468709,-1.2616947,0.6511273,-0.92193824,-1.2441555,-0.5546536,0.51055396,1.1077017,0.62297654,-0.9755065,-0.7301698,0.52297616,1.1479672,-0.58778524,-0.809017,1.2246469e-16,-1.0,0.0
2020-07-02 00:00:00,5.0,0.059036978,0.17962539,2.0036397,-0.10322437,-0.9762324,-0.8170261,-0.16654116,-0.18715993,0.33702952,0.80337554,1.2771181,-0.68031037,-0.18480383,-0.48749548,1.2815278,-0.30379644,0.44545168,-0.839105,-1.082559,0.44833332,0.4649658,-0.7645077,-0.042608198,-0.32413608,0.32413608,-1.2399445,0.12142595,-1.16922,-1.1359786,-0.5469902,0.4874604,1.3045918,0.683903,-1.4926564,-0.7565355,0.5373745,1.0982194,-0.58778524,-0.809017,1.2246469e-16,-1.0,1.0
2020-07-09 00:00:00,5.0,-0.11198269,-1.1924813,-0.25885546,-0.7834056,-1.0118346,-1.332786,-1.2371194,1.2467288,0.18896632,0.6688585,1.178193,-0.9015281,-0.26273626,-0.5402892,1.0840805,-0.6058876,-0.23172268,-0.8276785,-1.3514332,0.45589778,0.4707546,-0.86100185,-0.16934289,-0.053582054,0.053582054,-1.3841031,-0.17350575,-1.5221477,-1.0681432,-0.6372745,0.5424331,1.8829919,0.62318975,-1.8892659,-0.35685566,0.518765,1.057389,-0.58778524,-0.809017,-0.5,-0.8660254,0.0
2020-07-16 00:00:00,5.0,0.43186116,0.77966887,-0.49280334,0.93030226,-0.5404437,-0.96822643,0.95004463,-0.223129,0.18392631,0.57685,1.0427132,-0.77946967,0.015391354,-0.31975335,1.0290154,-0.43603915,0.18460667,0.08028557,-1.0666955,0.7037817,0.77007574,-0.5937489,0.59280264,0.28327572,-0.28327572,-1.1986624,0.27223536,-1.2512333,-0.950503,-0.6120011,0.5907729,1.7046418,0.92725515,0.4961386,0.21241191,1.0994918,1.0411093,-0.58778524,-0.809017,-0.5,-0.8660254,0.0
2020-07-23 00:00:00,5.0,0.35548124,0.7444089,-0.82667315,1.2571045,-0.6279152,-0.4450741,1.0127605,-0.27401263,0.13581508,0.47501263,0.91337013,-0.7484348,0.236663,-0.13986272,1.0820999,0.12350113,0.38376436,0.20513773,-0.7091504,0.90240616,1.0063851,-0.3864586,0.3568679,-0.030925676,0.030925676,-1.298573,0.948914,-1.0822535,-0.8347983,-0.6408573,0.808527,2.1868553,1.2096392,0.9442638,0.4345157,1.2396817,1.0140518,-0.58778524,-0.809017,-0.5,-0.8660254,0.0
2020-07-30 00:00:00,5.0,-0.079347126,-0.14871967,1.268517,0.48225686,-0.91437536,-0.8778887,-1.0572795,-0.3223478,-0.0018727891,0.35411638,0.82126635,-0.96097875,0.14658988,-0.19303294,1.0890467,0.32969326,0.07397313,1.16132,-0.79149354,0.7710597,0.8788567,-0.4734108,-0.6645129,0.51262414,-0.51262414,-1.3966339,0.43484184,-1.4074275,-0.75946176,-0.71029776,0.8845593,2.4355147,1.1085281,-0.4800716,0.42238033,1.1237879,1.1103681,-0.58778524,-0.809017,-0.5,-0.8660254,0.0
2020-08-06 00:00:00,5.0,-0.3426605,-0.2701612,-1.2542124,2.5746217,-0.458171,-0.08240214,1.5692905,-1.0329274,0.14928697,0.44398433,0.90097386,-0.701527,-0.11149616,-0.36512646,0.88914156,0.12764099,-0.14563775,3.0,-1.0750873,0.37379846,0.4004177,-0.6135792,0.3573474,0.89720035,-0.89720035,-0.99840975,-0.5022716,-1.5326061,-0.8565645,-0.5215946,0.28510955,2.2629185,0.43209174,-0.92862225,-0.13005048,0.8716121,0.48377144,-0.58778524,-0.809017,-0.5,-0.8660254,0.0
2020-08-13 00:00:00,5.0,0.5647352,1.1778334,0.2344118,-0.84413433,-0.32481998,-0.6837432,-0.9391173,-0.45351067,0.10302313,0.34146214,0.75011295,-0.6299999,0.31350303,-0.04909977,0.9346467,0.46799934,-0.113534346,2.0041404,-0.9408628,0.719502,0.6618006,-0.2581369,0.33599296,0.24743949,-0.24743949,-0.74739563,0.116621114,-1.1632084,-0.7089259,-0.38683772,0.705145,1.4457091,0.5769101,0.53717875,0.07485282,0.7175776,0.99312454,-0.58778524,-0.809017,-0.8660254,-0.5,0.0
2020-08-20 00:00:00,5.0,-0.5414785,-1.1360444,0.29036665,-1.107865,-0.8459215,-0.5950993,-0.109253846,-0.46646723,0.07742431,0.34563872,0.7980044,-0.74339193,-0.087052576,-0.32102495,0.76974106,-0.022362376,-0.3821559,1.7417636,-1.2347776,-0.27134955,0.11238424,-0.5966619,-0.17945729,0.9969573,-0.9969573,-0.5332828,-0.64886105,-1.7080001,-0.781459,-0.4562447,0.21599916,1.5085516,-0.10778343,-0.41274375,-0.2427323,0.07382595,0.96853495,-0.58778524,-0.809017,-0.8660254,-0.5,0.0
2020-08-27 00:00:00,5.0,-0.15856269,-0.18975078,1.6052713,0.047100525,-1.2834904,-0.6393345,-0.2596074,-0.56571126,-0.018773086,0.26735285,0.7447675,-0.8965898,-0.21781263,-0.40668795,0.59024596,-0.28177464,-0.13201448,0.45767617,-1.2712884,-0.57768774,-0.07172502,-0.72238564,-0.4708979,1.2441953,-1.2441953,-0.2216866,-1.1756052,-2.030956,-0.7505197,-0.52395356,-0.5132162,2.211098,-0.32279176,-0.90461147,-0.10233543,-0.9971033,0.17876922,-0.58778524,-0.809017,-0.8660254,-0.5,0.0
2020-09-03 00:00:00,5.0,-0.15264358,-0.964635,-0.25174552,-0.267162,-1.5848782,-0.29567453,0.083758086,0.37143818,-0.15060829,0.15849167,0.6684458,-1.1046737,-0.3463477,-0.4907625,0.40529484,-0.31965187,0.009387966,0.5803661,-1.4225141,-0.9359576,-0.2935063,-0.8829305,-1.2617885,1.4829185,-1.4829185,-0.20398536,-1.6435896,-2.431637,-0.700429,-0.5300671,-0.8916259,2.2377946,-0.57196337,-1.3559835,-0.66456294,-1.2423059,0.060925096,-0.58778524,-0.809017,-0.8660254,-0.5,0.0
2020-09-10 00:00:00,5.0,-0.39610875,-0.7802359,-0.19984445,0.15648742,-0.18468374,0.41535366,0.24263395,0.00511406,-0.055009417,0.21613698,0.73059756,-0.9518247,-0.62673664,-0.68329304,0.122886494,-0.34775192,-0.18400249,0.26118478,-1.5214632,-1.3685958,-0.6399512,-1.090286,-0.0009640773,1.4286275,-1.4286275,-0.20143351,-1.7653059,-2.5808508,-0.8031656,-0.5744697,-1.46747,1.7538784,-0.9454504,-1.7787752,-0.51604533,-1.6168766,-0.03168548,-0.58778524,-0.809017,-1.0,-1.8369701e-16,0.0
2020-09-17 00:00:00,5.0,-0.13371268,-0.6620276,-1.0604014,1.1620396,-0.82750267,1.110901,0.22166361,0.54712844,-0.087922245,0.17429848,0.6965548,-0.9828165,-0.74323404,-0.75995475,-0.103385404,-0.6992623,-0.19384971,-0.42277294,-1.6616249,-1.2816975,-0.73894054,-1.2234684,-0.4754635,1.1880914,-1.1880914,-0.87258106,-1.7656703,-2.7237296,-0.80492395,-0.6283571,-1.4841495,1.514475,-1.0151004,-2.1323466,-0.4789686,-1.5169191,-0.21722262,-0.58778524,-0.809017,-1.0,-1.8369701e-16,0.0
2020-09-24 00:00:00,5.0,-0.9884327,-1.3372295,-0.22282875,-1.2385124,0.42795235,1.700573,0.21283661,-0.66809595,0.13802733,0.38061932,0.935988,-0.7523767,-1.2861438,-1.1704869,-0.54930085,-0.92277026,-0.7977333,-0.60731465,-1.9004172,-1.6905121,-1.3980081,-1.7536635,0.27353773,1.646759,-1.646759,-0.3323028,-1.7063699,-2.9702616,-1.0832742,-0.50163615,-1.6492316,-0.7445781,-1.631116,-2.0268545,-0.866789,-1.8389387,0.012527074,-0.58778524,-0.809017,-1.0,-1.8369701e-16,0.0
2020-10-01 00:00:00,5.0,0.113809235,0.4707704,1.8808385,-0.46850315,-1.0438162,0.9505022,-0.45321807,-0.4653395,0.013602654,0.26658332,0.82127845,-0.87415177,-1.2343343,-1.1260321,-0.79671866,-0.7814344,-0.8944679,-0.5084458,-1.644669,-1.2177321,-1.3262058,-1.7037789,-1.0300294,1.3494664,-1.3494664,-0.11231458,-1.0483092,-2.9368217,-1.0072156,-0.48376638,-1.3451504,-1.1996449,-1.5118097,0.64348304,-0.5705095,-1.5919696,-0.047876548,-0.58778524,-0.809017,-1.0,-1.8369701e-16,1.0
2020-10-08 00:00:00,5.0,0.4030453,0.9038229,-0.84663343,0.9592573,-0.3107616,1.2917972,0.16136965,-0.2808931,-0.033522192,0.17486526,0.6834563,-0.8168779,-0.8909096,-0.8992663,-0.74299407,-0.50115776,-0.68766236,-0.6119349,-1.4003507,-0.75712657,-0.9576143,-1.3789256,-0.2047013,0.7865073,-0.7865073,0.42496443,-0.5142739,-2.625264,-0.88372076,-0.35449782,-0.9408045,-1.278377,-1.087862,1.0569705,-0.15965514,-1.1515977,-0.4190603,-0.58778524,-0.809017,-0.8660254,0.5,0.0
2020-10-15 00:00:00,5.0,-0.041485686,-0.7143966,1.2617365,-1.0640695,-1.3420042,-0.043599293,-0.8817099,0.6045147,-0.17304967,0.059847984,0.5891451,-0.9951043,-0.94348645,-0.9271492,-0.7204373,-0.3241085,-0.56062067,-0.70258415,-1.410833,-0.6636102,-1.0029244,-1.4762449,-1.4301152,0.9081592,-0.9081592,0.40373838,-0.7162725,-2.7795303,-0.8307479,-0.48099762,-0.51256764,-1.4795481,-1.1362393,-0.2780611,0.30923957,-1.2261405,-0.5568712,-0.58778524,-0.809017,-0.8660254,0.5,0.0
2020-10-22 00:00:00,5.0,-0.2575817,-0.4352792,1.9679836,-1.0724394,-1.1859568,-0.42806533,-0.46090025,-0.7848677,-0.25746474,-0.009143412,0.5499831,-1.109793,-1.1103933,-1.03985,-0.76019686,-0.38668618,-0.89977735,-1.0063274,-1.4559636,-0.735024,-1.1810424,-1.6948155,-1.4450597,1.2270421,-1.2270421,0.5368089,-0.85538006,-2.9697251,-0.8483883,-0.5225744,-0.5255335,-1.9269277,-1.3080461,-0.71871597,0.0950303,-1.4461485,-0.7300999,-0.58778524,-0.809017,-0.8660254,0.5,0.0
2020-10-29 00:00:00,5.0,-0.6058894,-0.82122785,0.7724623,-0.91854036,1.2085994,0.52718365,0.61662155,0.14539781,0.056079537,0.22182956,0.7549765,-0.6640636,-1.4085579,-1.266187,-0.8308543,-0.19597712,-0.9229856,-1.2844,-1.6925037,-0.9698995,-1.3526725,-1.7669971,0.54533285,1.4394501,-1.4394501,-0.18291403,-1.0383248,-2.7079575,-1.0723792,-0.42534664,-0.58595884,-1.9517915,-1.4568148,-1.1292468,-0.56007624,-1.5665225,-0.58650225,-0.58778524,-0.809017,-0.8660254,0.5,0.0
2020-11-05 00:00:00,5.0,0.9831295,1.4143852,-0.3101291,-0.69039774,1.3177326,0.60529894,-0.081368476,-0.51120853,0.13884577,0.18627898,0.5813313,-0.31395057,-0.50450903,-0.6864872,-0.4556238,0.24521713,-0.44301212,-0.5681989,-1.4538567,-0.28304902,-0.458084,-0.93072253,0.6266755,0.5831242,-0.5831242,0.5899682,-0.56853193,-1.96295,-0.8629034,-0.18154465,-0.31568125,-1.8854076,-0.53521454,0.66564596,0.42914155,-0.69748896,-0.30853248,-0.58778524,-0.809017,-0.8660254,0.5,0.0
2020-11-12 00:00:00,5.0,1.7593387,1.6081414,-0.6432802,-0.86855936,2.4485295,1.0636189,0.25035375,0.25048628,0.3483749,0.20314181,0.3658657,0.39087176,0.99963105,0.42299348,0.4221631,0.9536543,0.3799047,0.38898903,-0.8542762,1.0049119,0.92645437,0.49851647,1.194542,-0.91983163,0.91983163,1.2678863,-0.06235503,-0.69923055,-0.54644406,0.2451756,0.64184606,-1.539697,0.8350019,1.1335093,2.090291,0.94012904,-0.87008965,-0.58778524,-0.809017,-0.5,0.8660254,0.0
2020-11-19 00:00:00,5.0,0.34025776,0.7837313,1.2180365,-0.6714617,0.8912596,0.5514634,-0.4258405,-0.89667046,0.35955098,0.22550601,0.3431716,0.44189426,1.2275589,0.62659055,0.98332644,1.1407624,0.6889569,0.5147425,-0.69295514,1.2588177,1.1310629,0.8112502,0.83102596,-1.3205247,1.3205247,1.1300442,0.39373383,-0.4490564,-0.50008965,0.5340103,1.2257922,-1.0510997,1.0218858,1.5258088,2.5175934,1.219959,-1.0036937,-0.58778524,-0.809017,-0.5,0.8660254,0.0
2020-11-26 00:00:00,5.0,1.1146755,1.3525717,7.688527e-05,-1.0422108,1.6995305,0.14595552,-0.40560377,-0.34078175,0.4138576,0.21904616,0.2190931,0.7465368,1.9360769,1.3013078,1.5319023,1.7901218,1.2099161,1.0369917,0.23881945,2.0213919,1.7455121,1.5508386,1.0759122,-1.8494017,1.8494017,0.8256102,0.78033507,0.23036191,-0.3170385,1.0168093,1.7421184,-0.43814012,1.6242307,1.8744038,2.2898865,1.9377224,-1.0874909,-0.58778524,-0.809017,-0.5,0.8660254,0.0
2020-12-03 00:00:00,5.0,-0.25435704,-0.4298534,-0.32587084,1.2750409,-0.2911646,-1.3243916,-1.0910423,-0.34145027,0.24390084,0.16771778,0.22089371,0.3775572,1.5828654,1.0830158,1.7869352,1.8942974,1.4784061,0.7473005,0.092265375,1.6762437,1.5009837,1.3747067,-0.38226345,-1.5038091,1.5038091,0.58224064,0.55653554,0.02700499,-0.3268096,0.6497569,1.5873,-0.45451856,1.3846226,-0.2745615,0.617203,1.5697511,-1.1679811,-0.58778524,-0.809017,-0.5,0.8660254,0.0
2020-12-10 00:00:00,5.0,0.12468699,0.017911615,1.8421079,0.2538367,-0.6113301,-0.71333116,0.38272375,0.6375613,-0.0067886207,0.0058493484,0.10194047,-0.005458467,1.5788934,1.1152174,1.9347546,1.4641454,1.4577425,0.6552813,0.055009283,1.6724288,1.5528402,1.4573467,-0.9533476,-1.5125706,1.5125706,0.76141953,0.96519184,-0.07380454,-0.1979297,0.27760303,1.615177,0.14927045,1.4530969,0.6033143,0.45006764,1.577629,-1.1791877,-0.58778524,-0.809017,-2.4492937e-16,1.0,0.0
2020-12-17 00:00:00,5.0,-0.17835997,-0.7225246,0.78217083,-0.64162827,0.0034237662,-0.15409403,0.31052464,0.8826399,-0.03082454,0.006897638,0.12154682,-0.08057428,1.3245007,0.96263033,1.8094311,0.5436271,1.2108167,0.6117808,-0.15027633,1.4480377,1.3535513,1.3474838,-0.269877,-1.262535,1.262535,0.16660774,0.63427824,-0.18686381,-0.23182797,-0.15466483,1.5007302,0.14572354,1.2335932,-0.24437797,-0.52657855,1.310826,-1.1893989,-0.58778524,-0.809017,-2.4492937e-16,1.0,0.0
2020-12-24 00:00:00,5.0,-0.35329992,-1.1338283,-1.4053847,0.4701073,-0.1810893,0.68632317,0.36695722,0.7176552,-0.06117009,0.014835261,0.16666047,-0.19645292,0.9363171,0.7054714,1.5423614,0.214909,1.0734346,0.5995352,-0.23535751,1.1024369,1.0459092,1.1169981,-0.45244303,-0.8776001,0.8776001,0.37828073,0.14963867,-0.4141041,-0.30274764,-0.2960358,1.0807108,0.14208621,0.9168263,-0.6789338,-0.61028004,0.9022578,-0.9223401,-0.58778524,-0.809017,-2.4492937e-16,1.0,0.0
2020-12-31 00:00:00,5.0,0.017610474,-0.3165336,-0.078153834,1.0966228,-1.0203714,-2.16,-1.8407208,0.31444356,-0.32256225,-0.18181434,0.025094533,-0.59079045,0.8929531,0.69010836,1.3811759,-0.30561534,1.1680799,0.37643307,-0.38967502,1.0929266,1.0643675,1.1393921,-1.6713436,-0.8326274,0.8326274,-1.0582877,0.00047532775,-0.68967927,-0.16483665,-0.660459,1.0110074,0.1387756,0.9416476,-1.0850106,-0.68806934,0.8477765,-0.95084894,-0.58778524,-0.809017,-2.4492937e-16,1.0,1.0
2021-01-07 00:00:00,5.0,0.67634904,1.5245925,-0.7244443,-0.5437692,0.13161764,-0.89619255,1.7090319,-0.12870015,-0.3462519,-0.28582165,-0.14176014,-0.4550818,1.3981142,1.1373572,1.3319447,0.1372142,1.6347849,0.8875268,-0.19595098,1.5227702,1.4963877,1.6613752,-0.14131114,-1.3649219,1.3649219,-0.37077647,0.5458245,-0.32980704,0.056528863,-0.5619676,1.2633533,0.6506732,1.3900267,0.6864086,0.08984224,1.3962829,-1.0643175,-0.58778524,-0.809017,-2.4492937e-16,1.0,1.0
2021-01-14 00:00:00,5.0,0.4994853,1.1406585,-0.80412257,0.36972812,-0.29402617,-0.44492579,0.25532442,0.54062057,-0.4480289,-0.421345,-0.3092073,-0.4975493,1.6912836,1.4320709,1.42047,0.31608278,1.4316659,1.1555423,0.25669736,1.7056496,1.7756633,2.007676,-0.59416336,-1.7047185,1.7047185,-0.17581753,1.1500105,-0.13634492,0.28696713,-0.48486876,1.4937363,1.469307,1.6845638,1.0959654,0.83413553,1.7488127,-0.70388246,-0.58778524,-0.809017,0.5,0.8660254,0.0
2021-01-21 00:00:00,5.0,0.3141881,0.7001034,-0.38939643,1.0234324,-0.53364503,-1.0904381,-0.66933864,0.5828602,-0.5575264,-0.5486385,-0.4526871,-0.5980835,1.8227093,1.5905939,1.5179741,0.54952735,0.87499833,1.3318901,0.36591902,1.7003477,1.9049261,2.2066402,-0.9271276,-1.8161922,1.8161922,-0.27951568,1.5677136,-0.06633733,0.497475,-0.5319907,1.5403504,1.7441672,1.8418415,1.4957331,1.0636086,1.8597804,-0.33578676,-0.58778524,-0.809017,0.5,0.8660254,0.0
2021-01-28 00:00:00,5.0,-0.8782505,-1.2693292,-0.8855927,-0.38064718,0.36907932,-0.9543336,-0.090690896,-0.7661119,-0.29772478,-0.31534222,-0.20195122,-0.27106535,0.9001496,0.9282068,1.0718594,0.29613453,0.40855998,1.1083984,0.0029035062,0.98667496,1.0327778,1.4621168,0.32692283,-0.9924155,0.9924155,0.377224,1.0624456,-0.41388914,0.05229823,-0.3770834,1.079636,1.6279693,0.9418307,-0.2301128,-0.4661897,0.9950203,-0.06175429,-0.58778524,-0.809017,0.5,0.8660254,0.0
2021-02-04 00:00:00,5.0,0.1556091,0.19282782,-0.29775858,2.1454806,-0.314355,-0.51225495,0.19234988,0.46946135,-0.3719934,-0.3931058,-0.2915199,-0.34110403,0.9609851,0.99051505,0.8333399,0.361954,0.04553043,1.2112794,0.113284715,0.97739804,1.0429666,1.5468876,-0.6345153,-1.0452288,1.0452288,0.3664416,1.4339328,-0.3987588,0.15653262,-0.23027138,0.8740432,1.5923109,0.95636725,0.6115749,-0.73507965,1.0493678,-0.14131841,-0.58778524,-0.809017,0.5,0.8660254,0.0
2021-02-11 00:00:00,5.0,0.5168675,1.3414342,-1.2644145,0.2660858,-0.5424842,-0.93398756,-0.5829198,0.5154003,-0.52969694,-0.56715524,-0.5007235,-0.48191336,1.2969352,1.3026956,0.8098799,0.2884232,0.34077805,1.7678987,0.26773286,1.1852189,1.3028902,1.8780941,-1.1459134,-1.3058829,1.3058829,0.42085207,1.694265,-0.2248407,0.46876192,-0.33463144,1.0495043,1.5875953,1.2255467,1.0298904,-0.5380247,1.4133381,-0.6055914,-0.58778524,-0.809017,0.8660254,0.5,0.0
2021-02-18 00:00:00,5.0,0.4744451,1.1268951,-0.72744995,0.29888222,-0.014642414,-0.684342,0.004296306,0.064411975,-0.5465553,-0.64064556,-0.6382666,-0.37852934,1.5762775,1.5811685,0.8662977,0.27892858,0.47574037,1.8636316,0.44418257,1.36548,1.4848332,2.1333613,-0.4066796,-1.6020714,1.6020714,0.38367924,1.8716296,0.101723336,0.700218,-0.2638875,1.2466241,1.5111718,1.412983,1.4389307,0.79633856,1.6974275,-0.2074306,-0.58778524,-0.809017,0.8660254,0.5,0.0
2021-02-25 00:00:00,5.0,0.90727097,1.5345333,-0.92899257,-0.60101944,0.77873766,0.61325294,0.9197883,0.06006143,-0.46900508,-0.6709694,-0.79791474,-0.011240429,2.0638487,2.103464,1.0853841,0.56676006,0.8893927,2.0058272,0.94047165,1.7557471,1.8915187,2.5342221,0.86881846,-1.6107458,1.6107458,0.70684063,2.0466313,0.88012516,1.0271484,-0.008353936,1.6684058,1.3792279,1.8002942,1.8354652,1.3310188,1.6681275,-0.6811015,-0.58778524,-0.809017,0.8660254,0.5,0.0
2021-03-04 00:00:00,2.0,0.057155896,-0.25747028,-0.7567471,2.0929208,0.26448,0.663282,-0.08560166,1.035457,-0.42880464,-0.64708674,-0.81119865,0.08187149,1.9868437,2.0404818,1.1517045,1.0046433,1.0355647,1.9765896,1.1550452,1.5734184,1.6698202,2.3004124,0.26226264,-1.3694892,1.3694892,-0.51453483,2.0587065,0.97181153,1.0456499,-0.07521065,1.690615,1.2969809,1.5599809,2.1270003,0.9331397,1.4969065,-0.58527035,-0.58778524,-0.809017,0.8660254,0.5,0.0
2021-03-11 00:00:00,2.0,0.8589445,1.4710283,-0.90856826,-0.60116273,0.4006421,2.139755,1.6581917,0.6542957,-0.4757877,-0.7475319,-1.0153849,0.19901837,2.3043962,2.4211326,1.3631033,1.3235759,1.3375589,2.2808888,1.7371333,1.8516982,1.9933903,2.5776808,0.64250404,-1.5439724,1.5439724,-0.42214537,2.1203754,1.561672,1.5104825,0.061115712,2.0306163,1.255013,1.843146,2.0143576,1.1063995,1.5621247,-0.63015264,-0.58778524,-0.809017,1.0,6.123234e-17,0.0
2021-03-18 00:00:00,2.0,-0.3490264,-1.135251,-0.4116359,-0.250947,-0.4153696,-0.30256912,-1.6486592,0.28469375,-0.52699506,-0.756104,-1.0059094,0.021809068,1.8141665,2.0138757,1.313845,0.91082245,0.9490465,2.2551253,1.7216383,1.5026693,1.5195298,2.1756775,-0.9395336,-1.0772471,1.0772471,0.32841158,1.5992415,1.267239,1.4650118,0.09814286,1.8153185,1.238941,1.3525457,-0.34889877,-0.04488121,1.2451321,-1.5865415,-0.58778524,-0.809017,1.0,6.123234e-17,0.0
2021-03-25 00:00:00,2.0,-0.35725594,-0.6582278,-0.86675096,1.3487735,-0.16797079,0.51601106,0.78641695,-0.39623335,-0.49438912,-0.70798326,-0.95299464,0.005609745,1.3948356,1.6611923,1.0299733,0.52207494,0.62993824,1.7667086,1.6608735,1.1728463,1.0737748,1.818387,-0.6711078,-0.68980676,0.68980676,0.6119084,1.1061285,1.0242082,1.3052621,0.07823561,1.2170707,1.1889138,0.8675856,-0.768929,-0.5580148,0.9173327,-1.4227122,-0.58778524,-0.809017,1.0,6.123234e-17,0.0
2021-04-01 00:00:00,2.0,0.02007915,0.6642051,1.2113624,-0.6874813,-0.522632,-0.7233443,-1.3033348,-0.8506488,-0.6095822,-0.80670613,-1.0676116,-0.17760473,1.3499444,1.600838,0.8028471,0.10788735,0.52156645,1.192045,1.6736313,1.0584966,0.9833218,1.7455772,-1.2533593,-0.6655606,0.6655606,0.40775642,1.1882987,0.95126694,1.4923073,-0.1842,1.0948173,1.1898352,0.7683406,0.4078404,-1.1149913,0.7275133,-2.5751212,-0.58778524,-0.809017,1.0,6.123234e-17,1.0
2021-04-08 00:00:00,2.0,-0.053215712,-0.781154,-0.13008359,0.3600552,-1.3635881,-1.1442168,-0.9156042,0.4101969,-0.8464453,-1.007874,-1.2684479,-0.5915378,1.2386856,1.4965916,0.6006796,0.056132767,0.8193375,1.0560406,1.5805062,0.90361625,0.88737535,1.6951414,-2.2837098,-0.5804332,0.5804332,0.3911137,0.9000547,0.71680015,1.885235,-0.44190016,0.9185587,1.5173687,0.665188,-0.4078404,-0.6851382,0.55823654,-2.6905632,-0.58778524,-0.809017,0.8660254,-0.5,0.0
2021-04-15 00:00:00,2.0,0.020798378,0.35106662,0.026279438,1.2989296,-0.86330867,-0.7335,0.5106563,-0.21100074,-0.9548758,-1.1389452,-1.4448212,-0.73959756,1.2027811,1.4487056,0.37199095,-0.33831015,0.76643425,0.70797163,1.7116503,0.8158014,0.8480084,1.6667012,-1.951197,-0.54637784,0.54637784,-0.96293336,0.9827231,0.6038312,2.1871102,-0.60962826,0.7508466,1.6982023,0.6282385,0.4078404,-0.19717303,0.5313606,-2.9213965,-0.58778524,-0.809017,0.8660254,-0.5,0.0
2021-04-22 00:00:00,2.0,-0.18712519,-0.62400264,-0.8652826,1.5410082,-0.72432965,-0.7050977,-0.1254556,0.0159098,-0.9894755,-1.1912009,-1.5152322,-0.8014052,0.98382545,1.2746382,0.06926036,-0.26173675,0.51182115,0.7258934,2.3516176,0.60689265,0.64037293,1.5153561,-1.7546949,-0.3440413,0.3440413,-1.111829,0.6862341,0.36948386,2.1190588,-0.62827843,0.5812999,2.0110428,0.41517818,-0.43049645,-0.48347762,0.33094767,-2.651828,-0.58778524,-0.809017,0.8660254,-0.5,0.0
2021-04-29 00:00:00,5.0,0.2729529,0.8647796,-0.66882163,0.63392854,-0.30276644,-0.78714335,-0.31937605,0.21602951,-0.9966982,-1.2570044,-1.6656705,-0.72734916,1.1590917,1.3952199,-0.08283402,0.034233995,0.43963903,0.7700843,2.3599982,0.73487085,0.7972025,1.6277777,-1.1442804,-0.6124418,0.6124418,-1.0519028,0.7819474,0.53257823,2.269402,-0.6431677,0.6171785,2.1734262,0.6020817,0.40272248,-0.13423882,0.5956017,-2.5137823,-0.58778524,-0.809017,0.8660254,-0.5,0.0
2021-05-06 00:00:00,5.0,0.37659824,0.6999315,-0.84756225,1.1222206,0.44056705,0.05931116,1.3412547,0.7663352,-0.92593944,-1.2439896,-1.716854,-0.49768856,1.4320645,1.6071726,-0.06844156,0.19824903,0.24240886,0.94310236,3.0,0.9579257,1.0362304,1.7883043,-0.41202343,-1.0220755,1.0220755,-0.6186359,0.9197003,0.86509275,2.3583546,-0.517407,0.7743329,1.7962427,0.8592408,0.7954071,0.22647569,1.0026176,-2.4931028,-0.58778524,-0.809017,0.8660254,-0.5,0.0
2021-05-13 00:00:00,5.0,-0.43351826,-0.55396956,1.635976,-0.64280206,0.6945845,0.4245729,0.24067031,0.032371752,-0.8780516,-1.2053237,-1.6620913,-0.27170566,1.2275556,1.5023445,-0.23011439,0.09108283,0.117879905,1.0113742,3.0,0.7280692,0.7384284,1.5854052,-0.055552173,-0.67789155,0.67789155,-0.45260248,0.54257774,0.76457065,2.0640469,-0.23937254,0.8468922,1.0525988,0.4839362,-0.45863032,0.16260326,0.74316067,-2.263365,-0.58778524,-0.809017,0.5,-0.8660254,0.0
2021-05-20 00:00:00,5.0,-0.87982213,-0.7163908,1.2844094,-0.7874987,1.7208627,0.47761053,-0.019898223,-0.7681642,-0.6339717,-0.98755616,-1.3922274,0.21422529,0.61690044,1.0889987,-0.6415239,-0.2569608,-0.50653857,0.8479972,2.9725523,0.19644499,0.12600876,1.1724918,1.2463448,0.03785016,-0.03785016,0.012756352,0.13267525,0.580572,1.4070411,0.20107928,0.46676573,0.7254515,-0.13392542,-0.8504089,-0.9373918,0.21278253,-2.360498,-0.58778524,-0.809017,0.5,-0.8660254,0.0
2021-05-27 00:00:00,5.0,0.036387544,0.4835296,0.8689566,-0.076495446,-1.0464301,-0.5048237,-1.0209724,-0.01104097,-0.9142857,-1.1811389,-1.534791,-0.12946464,0.69378275,1.1499156,-0.9586878,-0.13589716,-0.363119,0.65288776,2.8195393,0.2155847,0.12897329,1.2383657,-1.812858,0.22297531,-0.22297531,0.06834413,0.32382944,0.5219827,1.6633639,0.26582858,0.25692025,0.72952515,-0.11912832,0.3804121,-1.203513,0.27705532,-2.170437,-0.58778524,-0.809017,0.5,-0.8660254,0.0
2021-06-03 00:00:00,5.0,0.75924754,1.3005766,-0.93194044,-0.21477628,0.14202845,-0.7938734,-0.5525584,0.1428407,-1.026356,-1.2841427,-1.6382746,-0.037167903,1.0762306,1.4241161,-0.9446797,-0.051100854,-0.0006974642,0.625794,1.9048821,0.6281258,0.49173623,1.4476055,-0.4391587,-0.3069775,0.3069775,0.3335272,0.51736575,0.8372619,1.9126422,0.5482432,0.48411167,0.7051059,0.28576854,0.78526896,-0.3303232,0.7620837,-2.210804,-0.58778524,-0.809017,0.5,-0.8660254,0.0
2021-06-10 00:00:00,5.0,-0.16540219,0.05288826,1.3019019,0.43231764,-1.2791064,-0.4778456,0.32178524,-0.18802263,-1.3754956,-1.478161,-1.7161835,-0.5339416,0.9943428,1.345597,-1.0046625,-0.35793793,-0.054169454,0.48977712,1.960079,0.4935073,0.3957259,1.4194845,-1.9377877,0.0052392953,-0.0052392953,0.044857174,0.100965925,0.6846002,2.093072,0.12501743,0.62009895,0.7561603,0.20099089,-0.45462942,0.50061214,0.70030916,-2.1161008,-0.58778524,-0.809017,1.2246469e-16,-1.0,0.0
2021-06-17 00:00:00,5.0,0.2979931,0.26532245,-0.22315641,1.4542772,-0.88605,-0.011266751,0.50286674,1.1247516,-1.6697012,-1.6774837,-1.8284109,-0.8450526,1.1531483,1.4472139,-0.93784475,-0.04533971,0.05240136,0.8870239,1.842943,0.696767,0.51517105,1.5326931,-1.6043648,-0.49529484,0.49529484,0.40282118,0.4863443,0.74843305,2.359345,-0.31824774,0.7493951,0.789514,0.34810692,0.37196952,0.67129713,0.9126523,-2.9506185,-0.58778524,-0.809017,1.2246469e-16,-1.0,0.0
2021-06-24 00:00:00,5.0,-0.80517465,-0.51501626,-1.0764513,1.9539772,2.950188,1.0839468,1.1780295,-0.119816154,-0.45797127,-0.98880225,-1.3201553,1.3932147,0.5765601,1.0485574,-1.0850768,0.074422255,-0.16700177,0.6807947,1.2293726,0.08397689,-0.118086316,1.0119383,1.9309356,-0.0003988233,0.00039882326,0.038169146,-0.34884286,0.87800235,1.1899524,0.488516,-0.16701004,0.26361865,-0.28603557,-0.43557528,-0.7217931,0.35491946,-2.6989753,-0.58778524,-0.809017,1.2246469e-16,-1.0,0.0
2021-07-01 00:00:00,5.0,-0.41488665,-1.1990483,-0.3264262,-0.30404344,-0.4495736,-0.51927316,-1.4351928,0.86354387,-0.76140684,-1.0875614,-1.3104887,0.78730273,0.32587844,0.8609814,-1.3126988,-0.11218729,-0.17649184,0.41300514,1.3172739,-0.3949742,-0.3759167,0.89714915,-1.0882139,0.31361267,-0.31361267,0.1862883,-1.1370335,0.68224037,1.2060426,0.55374545,-0.016482193,0.27449524,-0.52745163,-0.8397275,-0.96288323,0.01668576,-2.7888322,-0.58778524,-0.809017,1.2246469e-16,-1.0,1.0
2021-07-08 00:00:00,5.0,-0.4851487,-1.7369046,-1.1551325,-0.7388413,-0.21741211,-0.9058461,-0.70497966,2.0350463,-0.9138089,-1.124887,-1.2644134,0.44952285,0.040194355,0.65060556,-1.5553956,-0.6478108,-0.44817746,0.14066793,1.2628943,-1.1889076,-0.6487217,0.7519788,-0.59728175,0.6787478,-0.6787478,-0.58794636,-1.7861927,0.48825577,1.1359336,0.35318416,-0.6164016,0.22131564,-0.79169816,-1.2368302,-1.5783352,-0.62416315,-2.6773567,-0.58778524,-0.809017,-0.5,-0.8660254,0.0
2021-07-15 00:00:00,2.0,-0.2683152,0.23840883,2.4749653,-1.1715858,-0.4565483,-0.4223476,0.5364647,-1.0037456,-1.1846759,-1.2435861,-1.2823019,-0.03969575,-0.10958272,0.53277934,-1.7508951,-0.68832606,-0.7074492,-0.27648535,1.0160573,-1.4131323,-0.7704876,0.67436403,-1.2902414,0.8548996,-0.8548996,-0.38124704,-2.0020983,0.31338343,1.1956903,0.47176164,-1.0820948,0.054861244,-0.91336393,-1.5798086,-0.9658142,-1.0417633,-2.240485,-0.58778524,-0.809017,-0.5,-0.8660254,0.0
2021-07-22 00:00:00,2.0,-0.5481581,-0.3392962,-0.5824358,1.7333356,0.90948486,0.8018544,1.4670919,-0.569181,-0.69292486,-0.95406824,-1.0738113,0.5873982,-0.4256075,0.2975256,-1.8589185,-1.0431159,-0.74571323,-0.41184324,0.8734848,-1.7967159,-0.97159195,0.46246657,1.1604183,1.0042415,-1.0042415,-1.3844742,-2.020386,0.26999125,0.82296425,1.1088145,-2.1274772,-0.16708933,-1.0989114,-1.8856089,-1.0450091,-1.191934,-1.9052058,-0.58778524,-0.809017,-0.5,-0.8660254,0.0
2021-07-29 00:00:00,2.0,0.3172683,0.98318744,-0.56785834,0.33372894,-0.4587149,-0.4779453,-1.3046286,-0.15009896,-1.1024648,-1.1788578,-1.1980052,0.005713046,-0.20717226,0.42004246,-1.8635626,-0.5755278,-0.35294545,-0.70826,0.7736691,-1.2919127,-0.7468868,0.5505851,-1.3102468,0.723316,-0.723316,-0.55916315,-1.3567677,0.26767126,1.0829651,-0.5222009,-1.5029817,-0.15621969,-0.8274104,0.48183444,-0.34492934,-0.9064892,-2.337331,-0.58778524,-0.809017,-0.5,-0.8660254,0.0
2021-08-05 00:00:00,5.0,-0.22672348,-1.0994769,0.6940156,-1.2249688,-0.39367265,0.1294232,0.401327,1.2045263,-1.311193,-1.2794122,-1.2176304,-0.39708334,-0.3399067,0.31591082,-1.8662785,-0.49811298,-0.45252874,-0.6109974,0.70810103,-1.3495674,-0.81200826,0.47115424,-1.20282,0.8600088,-0.8600088,-0.5550397,-1.4734534,0.08530622,1.1452514,-0.5317629,-1.0476522,-0.42236602,-0.8852457,-0.28393498,-0.3219669,-1.0400021,-1.9461075,-0.58778524,-0.809017,-0.5,-0.8660254,0.0
2021-08-12 00:00:00,5.0,0.5823638,1.3215607,-1.1061983,0.10311126,-0.65126973,-0.5716355,-0.7279734,0.7948407,-1.7206658,-1.5821381,-1.4062932,-0.9344821,0.064350314,0.55424285,-1.6807777,-0.06449609,-0.5289091,-0.35213476,1.0078868,-0.56212765,-0.46839327,0.6565564,-1.5978917,0.35838458,-0.35838458,0.17445561,-0.9662051,0.15040241,1.5712416,-0.7426714,-0.8088559,-0.5923142,-0.5275306,0.5129771,0.68103194,-0.5467254,-2.3637395,-0.58778524,-0.809017,-0.8660254,-0.5,0.0
2021-08-19 00:00:00,5.0,-1.5748057,-1.8741033,-0.9835664,-1.3364552,0.69283485,0.11376752,0.44769832,0.12592405,-1.1025597,-1.1749161,-1.0783144,-0.21111014,-0.8287812,-0.10177586,-1.7782915,-0.5926134,-0.9401409,-0.6830801,0.91231096,-1.8143035,-1.2112409,0.1141203,0.75366634,1.4187927,-1.4187927,1.4623449,-1.1257634,-0.2966716,0.8476238,-0.24125418,-1.4610134,-0.99536043,-1.2774847,-0.30479032,-0.8644303,-1.6349667,-1.6496773,-0.58778524,-0.809017,-0.8660254,-0.5,0.0
2021-08-26 00:00:00,5.0,0.412206,1.2760454,-1.0659417,0.10443276,0.303003,0.90044916,0.48114356,-1.8533701,-1.0076596,-1.180149,-1.1175954,0.046686128,-0.54236805,0.06968228,-1.6611379,-0.20124182,-0.9073903,-0.58705556,0.9508699,-1.199275,-0.9043795,0.20533915,0.29473236,0.7490991,-0.7490991,1.4992793,-0.6238304,-0.08037825,0.9250855,-0.4502357,-1.60512,-1.1443659,-0.95019335,0.48516545,-0.28078246,-1.0553993,-1.2982641,-0.58778524,-0.809017,-0.8660254,-0.5,0.0
2021-09-02 00:00:00,5.0,-0.75632864,-1.2293172,0.40268627,-1.160315,-0.4338538,0.4880164,-0.3749817,-0.24403471,-1.1112846,-1.1818539,-1.0536457,-0.31801856,-0.90599877,-0.2293607,-1.7306626,-0.647457,-0.88502353,-0.76472485,0.8700085,-1.4811691,-1.2223407,-0.05619538,-0.9859627,1.263245,-1.263245,1.3885055,-0.8723392,-0.45943448,0.7981643,-0.38799003,-1.2619714,-1.2046926,-1.263169,-0.36266539,-1.3387827,-1.4691931,-1.30902,-0.58778524,-0.809017,-0.8660254,-0.5,0.0
2021-09-09 00:00:00,5.0,0.14238222,-0.23016109,2.720924,-1.3041743,-1.051602,-0.82510453,-0.93892336,1.1820588,-1.5063109,-1.4466897,-1.1965516,-0.94312567,-0.7856311,-0.16738276,-1.7040316,-0.4983262,-0.71516496,-0.6551532,0.7653887,-1.163466,-1.1166083,-0.051644742,-1.631045,1.1092733,-1.1092733,1.4466503,-0.50620764,-0.61967754,1.0888519,-0.53795797,-1.0365607,-1.3587813,-1.1564862,0.47425473,0.06059046,-1.3103584,-1.2555543,-0.58778524,-0.809017,-1.0,-1.8369701e-16,0.0
2021-09-16 00:00:00,5.0,0.44135684,1.399299,-0.55277026,-0.6339383,-0.5307009,1.1154777,1.4760494,-0.38414314,-1.6870881,-1.6309674,-1.3337815,-1.1698658,-0.4701066,0.025170682,-1.4849893,-0.55283195,-0.43922845,-0.68219614,0.72578514,-0.7357806,-0.8078599,0.05835715,-1.1434013,0.7394785,-0.7394785,1.2900664,-0.037985332,-0.5705579,1.3994117,-0.42739922,-0.8226686,-1.455429,-0.83417434,0.8927148,0.09835044,-0.97970057,-1.3681003,-0.58778524,-0.809017,-1.0,-1.8369701e-16,0.0
2021-09-23 00:00:00,5.0,-0.18593924,-0.2502846,-0.8145317,2.1652727,0.23780482,1.620286,0.26550305,0.2350914,-1.3799353,-1.4679247,-1.2555001,-0.6556253,-0.55849993,-0.053355858,-1.2564561,0.021001773,-0.41395122,-0.87363714,0.7198348,-0.7421233,-0.77809507,-0.058103167,0.18527706,0.8189252,-0.8189252,-0.36119324,-0.44675556,-0.54034185,1.2056569,-0.55278355,-0.83099616,-1.3844159,-0.7849644,-0.36266539,0.47874296,-1.0417376,-1.1418697,-0.58778524,-0.809017,-1.0,-1.8369701e-16,0.0
2021-09-30 00:00:00,5.0,1.3268441,1.3874956,-0.21296184,-1.0247989,0.8272645,0.5951317,-0.71104574,0.7705107,-1.0532998,-1.3885187,-1.335057,0.27441758,0.3050301,0.5396952,-0.69080955,0.4031924,0.14188252,-0.47881275,1.0080829,0.2976017,0.05605852,0.34890676,1.253212,-0.5385086,0.5385086,0.66470695,0.02955192,0.2498763,1.3829141,-0.21081376,0.08910554,-1.2157005,0.0760235,0.45492098,1.4815229,0.07833397,-1.7441163,-0.58778524,-0.809017,-1.0,-1.8369701e-16,0.0
2021-10-07 00:00:00,5.0,0.32106978,0.4618832,0.8488552,0.078498915,0.5817827,1.1541651,0.2805329,0.18653269,-0.8872513,-1.2851782,-1.304925,0.6225719,0.5019202,0.6797735,-0.2569243,0.8458407,0.14290978,-0.16313404,0.89150614,0.56230307,0.24577706,0.39097613,0.7504927,-0.9190258,0.9190258,-0.14183451,0.53926444,0.48614758,1.3349179,0.2441791,0.5741318,-0.92809325,0.26731536,0.8637926,1.3006029,0.40876284,-1.4478452,-0.58778524,-0.809017,-1.0,-1.8369701e-16,1.0
2021-10-14 00:00:00,5.0,0.5822073,0.9429856,0.68961006,-0.9654089,-0.17406617,-0.4474467,-1.115479,0.7669925,-1.0728954,-1.4022241,-1.3965075,0.37987247,0.8306384,0.93314636,0.17295694,1.0165793,0.38369045,-0.047964405,1.1249694,0.97296375,0.5896721,0.5503171,-0.3785187,-1.1509434,1.1509434,-0.30557024,0.91074526,0.70219916,1.5825366,0.59649915,0.968584,-0.7571598,0.6198951,1.2388228,1.8081663,0.90744376,-1.5271648,-0.58778524,-0.809017,-0.8660254,0.5,0.0
2021-10-21 00:00:00,5.0,1.0908389,1.5861391,-1.1920025,-0.6561086,0.07514829,-0.3213338,0.016413812,1.1231861,-1.1788329,-1.5118343,-1.519744,0.40709978,1.3452893,1.3808869,0.7192703,1.2707281,0.53744125,0.008394923,1.3183844,1.5996653,1.2213095,0.90560424,0.0015837603,-1.465232,1.465232,-0.019992411,1.2766128,1.1835587,1.9174486,0.92645895,1.4129572,-0.446893,1.2575732,1.584577,1.3453299,1.3510295,-0.6105124,-0.58778524,-0.809017,-0.8660254,0.5,0.0
2021-10-28 00:00:00,5.0,-0.36538845,-0.44488597,1.1195188,0.12264891,-0.49354804,-0.88441515,-0.55192953,-0.39164117,-1.3442384,-1.5538169,-1.5064065,-0.092865825,1.1079063,1.2040106,0.9757129,1.1930884,0.89425486,-0.032223888,1.3054007,1.2647178,1.0628774,0.7744115,-1.0078622,-1.0468389,1.0468389,0.15219843,0.89493704,0.96637404,1.9282112,0.44481748,1.3859925,-0.3883743,1.0984517,-0.46602845,0.78773695,0.9498522,-0.5908213,-0.58778524,-0.809017,-0.8660254,0.5,0.0
2021-11-04 00:00:00,5.0,0.06557381,0.6448242,1.5527285,-1.3276396,-0.4933875,0.115611926,0.706557,-0.42914966,-1.4895176,-1.6374463,-1.5530486,-0.4626794,1.1684424,1.2531227,1.1292933,0.68389463,0.791806,-0.0895999,1.4221046,1.2616112,1.1789157,0.821761,-0.9761886,-1.0664998,1.0664998,-0.3063644,1.3073678,0.95158577,2.0818412,-0.28612593,1.3434407,-0.370361,1.2130687,0.33012903,0.43596676,0.968098,-0.5241648,-0.58778524,-0.809017,-0.8660254,0.5,0.0
2021-11-11 00:00:00,5.0,0.096331365,-0.1883694,1.4449627,0.40669698,-0.82104033,-0.52401793,-0.62304646,1.194319,-1.6364954,-1.7342997,-1.6138281,-0.8693274,1.2516388,1.3234122,1.2306327,0.604733,1.04348,0.116697915,1.4734864,1.1983035,1.3097463,0.91924644,-1.1611354,-1.0804265,1.0804265,-0.1852875,1.4451832,0.94645965,2.2770386,-0.7808374,1.2053325,-0.35346997,1.3618071,0.73024726,-0.14950503,0.982793,-0.5098275,-0.58778524,-0.809017,-0.5,0.8660254,0.0
2021-11-18 00:00:00,5.0,0.0848443,0.64770156,1.3382428,-1.2955878,0.007979972,-0.2911383,0.05840491,-0.50253147,-1.571498,-1.7270433,-1.6425599,-0.7047988,1.3621722,1.4218397,1.2368644,0.4149725,1.0451308,0.23402274,1.7632599,1.1355668,1.395093,0.9871327,-0.057388477,-0.99825853,0.99825853,-0.23951645,1.4577793,1.0459212,2.2924323,-0.7108893,1.1101942,-0.36228448,1.4494956,1.1527808,0.26176792,0.90282375,-0.35673565,-0.58778524,-0.809017,-0.5,0.8660254,0.0
2021-11-25 00:00:00,5.0,0.18899181,0.5075298,-0.7105369,1.1419166,1.4374523,-0.111756,0.041213542,-0.5281103,-1.210542,-1.5280464,-1.5773231,0.24203394,1.5261137,1.5730478,1.1497383,0.022835394,0.99442166,0.3949287,1.7527047,1.0972899,1.4095064,1.0105158,1.3037331,-1.2226986,1.2226986,-1.7266705,1.3993764,1.3253838,2.0211842,-0.32713842,0.85791856,0.015926452,1.462431,1.5525836,0.3508667,1.1171105,-0.16570868,-0.58778524,-0.809017,-0.5,0.8660254,0.0
2021-12-02 00:00:00,5.0,-1.348161,-0.68039066,2.0155365,-1.2864176,0.2350689,1.1763998,0.64284396,-3.0,-1.0331566,-1.3247132,-1.3968071,0.28448018,0.39952472,0.8069837,0.75161624,-0.3952323,0.67336714,0.16451614,1.4638456,0.44623348,0.5668973,0.39005315,0.16341934,-0.44136986,0.44136986,0.14735381,0.8750236,0.77841413,1.5546039,-0.027368717,0.5472065,0.32704827,0.5974267,-0.65377444,-1.1544333,0.3853092,0.43113163,-0.58778524,-0.809017,-0.5,0.8660254,0.0
2021-12-09 00:00:00,5.0,1.2203417,1.2519704,-0.73965085,-0.49192178,1.6710782,0.02913134,-0.69974524,1.0799538,-0.8456563,-1.2585914,-1.4525653,1.0459228,1.131564,1.4539635,0.7242827,0.11308722,0.63611585,0.5936377,1.6459514,0.92227286,1.2371281,0.92031693,1.3504615,-1.1958661,1.1958661,1.2033018,0.9565637,1.5650867,1.6801794,0.68318814,0.64517313,0.57967836,1.2656542,0.2236068,-0.43396378,1.0996364,0.74864846,-0.58778524,-0.809017,-2.4492937e-16,1.0,0.0
2021-12-16 00:00:00,5.0,-0.8540032,-1.0985152,-0.073364764,0.06739227,0.24335329,-0.43307477,-0.3375786,-0.47744963,-0.79538524,-1.136994,-1.3366126,0.8759852,0.5407755,1.0231754,0.5010098,-0.31962118,0.27617413,0.330298,1.6144416,0.50188345,0.7005438,0.5165395,0.104779445,-0.75133324,0.75133324,1.4083695,0.58028096,1.3012519,1.4328794,0.9980097,0.48624542,0.80859786,0.7314836,-0.6829393,-1.2828015,0.676286,0.705403,-0.58778524,-0.809017,-2.4492937e-16,1.0,0.0
2021-12-23 00:00:00,5.0,-0.11410404,-0.24023016,-0.012225793,1.9011626,1.512128,1.9401778,1.296767,0.5817832,-0.5167099,-0.93712544,-1.2475939,1.4448895,0.60851735,1.1259521,0.27559167,-0.41403157,0.04074591,0.39220676,1.7957209,0.43973333,0.58081174,0.4343716,1.3912437,-0.82436347,0.82436347,1.3584962,0.7724761,1.5780272,1.2058545,1.4342718,0.27755558,0.93696797,0.5928031,0.19175081,0.11453361,0.7430682,0.71705544,-0.58778524,-0.809017,-2.4492937e-16,1.0,0.0
2021-12-30 00:00:00,5.0,0.19857132,0.55300355,0.36101934,-0.1175277,-0.7419306,-2.6031194,-2.2549562,0.33949098,-0.82537925,-1.1112039,-1.3685662,0.6735831,0.8643417,1.3907208,0.21826315,-0.4123596,-0.3125837,0.29526716,1.5628767,0.49651554,0.78115416,0.70208466,-0.79595995,-1.0312109,1.0312109,1.363811,0.75401855,1.7856274,1.5033638,0.5780183,0.39783934,0.98065686,0.8373518,0.64219224,-0.49624088,0.9844496,0.7237389,-0.58778524,-0.809017,-2.4492937e-16,1.0,0.0
2022-01-06 00:00:00,5.0,0.8902878,1.0760881,-0.14930095,-0.72114927,1.2345906,0.24539144,2.9817395,0.1611379,-0.75062835,-1.0964229,-1.4100794,1.1017653,1.4077609,1.8969297,0.32058474,0.5584669,0.11229317,0.97401565,1.1511521,0.7695393,1.163381,1.2103175,1.1284261,-0.96852565,0.96852565,0.9597574,0.8518756,2.321625,1.6054667,0.82139695,0.5993213,0.9030552,1.2177867,1.0859542,0.733932,0.9562573,0.38586447,-0.58778524,-0.809017,-2.4492937e-16,1.0,1.0
2022-01-13 00:00:00,5.0,1.0383852,0.93139255,-0.4831326,-0.08396478,1.236781,1.5302395,0.66860753,1.1488781,-0.7362055,-1.1215531,-1.4765624,1.4288412,1.8970535,2.3910773,0.5768617,0.40698206,0.4195097,1.1009995,1.1910377,1.0263505,1.5959289,1.7868955,1.2376788,-1.047706,1.047706,0.4451503,0.95210093,2.7934363,1.7642503,0.62132376,0.92016417,0.8277558,1.6037318,1.5187176,1.3074193,1.0140824,0.37482092,-0.58778524,-0.809017,0.5,0.8660254,0.0
2022-01-20 00:00:00,5.0,0.21723549,0.8008923,0.2981207,-0.5847553,-0.91185206,-0.47471777,-1.1183742,-0.2159771,-1.1536939,-1.3355072,-1.5758432,0.65959567,1.9557182,2.3998473,0.81118363,0.94815874,0.4498534,1.3536363,0.8684497,0.9895388,1.6423565,1.9940101,-1.0266213,-1.002291,1.002291,-0.82723755,0.9741317,2.7172112,2.0639372,0.3588058,1.0855592,0.88007194,1.6632068,1.9366999,1.3009318,0.9938261,0.4025479,-0.58778524,-0.809017,0.5,0.8660254,0.0
2022-01-27 00:00:00,5.0,0.7254699,0.5557049,-0.44483215,0.6821402,3.0,2.312155,2.1249886,-0.59084946,-0.2139996,-0.8553955,-1.3528658,2.8254974,2.1636488,2.5942774,0.84060884,1.4195974,0.6475608,1.4534689,1.0405631,1.1110954,1.5062339,1.8521702,2.1041942,-0.8739158,0.8739158,-1.2603179,1.0702139,2.8339763,1.4711252,1.3885293,1.1371629,0.6130358,1.4888031,1.8444606,1.0492095,0.9169363,0.036419373,-0.58778524,-0.809017,0.5,0.8660254,0.0
2022-02-03 00:00:00,5.0,0.43845508,-0.010795279,-0.3829873,1.7977574,1.5165589,2.2214882,0.13548535,1.3129324,0.04775215,-0.679455,-1.2615165,2.951428,2.232575,2.6397343,0.92808306,1.588813,0.7233452,1.4083787,1.0604495,1.1114166,1.4387273,1.8498846,1.8821008,-0.9584823,0.9584823,-1.4232478,1.1168836,2.656627,1.3194772,2.4234445,1.2722217,0.5091252,1.3506551,1.7662225,0.67573637,0.95138234,-0.055368107,-0.58778524,-0.809017,0.5,0.8660254,0.0
2022-02-10 00:00:00,5.0,0.327574,0.7340053,0.025187762,-0.24761535,0.17340204,0.35627103,-1.1559614,-0.48415086,-0.2358621,-0.78508806,-1.3069713,2.2521288,2.2522435,2.6425881,1.0399042,1.2899158,1.3381058,1.5135653,1.169534,1.101157,1.4504887,2.0236058,0.7209867,-0.953335,0.953335,-1.3506244,1.0793374,2.4673245,1.4717778,1.8632473,1.2227829,0.49926832,1.3348821,1.6896381,0.6858,0.92011833,-0.1411436,-0.58778524,-0.809017,0.8660254,0.5,0.0
2022-02-17 00:00:00,5.0,-1.0834125,-1.2509456,-0.013096403,-0.12400934,0.6545037,0.40337065,-0.102824196,-0.20505284,-0.0413285,-0.56972265,-1.1244336,2.0142486,1.3877357,1.9492974,0.8104464,0.29162627,0.5340873,0.90983355,1.172337,0.6604211,0.8023073,1.3973955,1.3427845,-0.44461137,0.44461137,0.29396477,0.6983813,2.0702996,1.1524692,1.6157173,0.7955249,0.457683,0.684246,-0.805682,-0.7481531,0.5251291,0.36289114,-0.58778524,-0.809017,0.8660254,0.5,0.0
2022-02-24 00:00:00,5.0,0.05075929,0.16225547,-0.1758487,1.1030469,0.24629329,-0.0761871,-0.5381457,-0.123687744,-0.21943137,-0.6200275,-1.1379001,1.6196041,1.4396638,1.9763508,0.6368953,0.21971674,0.8855942,0.8385588,1.198839,0.6298456,0.7545565,1.4855522,0.66324395,-0.60642993,0.60642993,0.26382238,0.7149751,2.0689306,1.2261333,2.0041287,0.53142303,0.7889763,0.6282562,-5.9220725e-17,-0.8674629,0.5943756,0.23942325,-0.58778524,-0.809017,0.8660254,0.5,0.0
2022-03-03 00:00:00,5.0,3.0,1.1665771,-0.9076784,-0.2907713,3.0,2.9999192,3.0,1.7670476,2.1310236,0.48162958,-0.84648085,3.0,2.3486545,2.9954157,0.83961624,1.6590581,2.1511488,1.4932454,1.4774263,1.5319037,1.672334,2.2793503,1.8963231,-0.99364877,0.99364877,2.721933,0.91057867,2.1568582,0.6776282,3.0,1.1511141,0.40127665,1.4445428,0.41898283,0.33112976,0.8939148,0.5332242,-0.58778524,-0.809017,0.8660254,0.5,0.0
2022-03-10 00:00:00,5.0,1.9017802,1.0619999,0.39673674,-1.3206197,2.1768398,2.6818023,0.88759106,-1.2810148,3.0,1.2741064,-0.5231664,3.0,2.5277734,3.0,1.1384366,2.324325,2.6643627,1.612008,1.5843223,1.5500159,1.8424951,2.3311002,1.7568327,-0.6486811,0.6486811,2.4330168,1.0954709,1.7988077,0.31208438,3.0,1.6446954,0.3878494,1.46018,0.8341881,1.8454146,0.54997456,-0.01382936,-0.58778524,-0.809017,1.0,6.123234e-17,0.0
2022-03-17 00:00:00,5.0,-1.7181624,-1.4678767,0.20586467,-0.83140594,1.4230133,1.2516739,-0.96189314,1.4680496,3.0,2.4724948,0.3823922,3.0,1.3444506,2.06561,0.95674634,1.2973169,1.734566,1.2777958,1.2372591,0.8431082,0.89325124,1.1667794,1.6287453,-0.082583524,0.082583524,2.869582,0.5756064,1.3930553,-0.51960737,3.0,1.1596522,0.30431578,0.50323844,-0.8341881,0.10280357,-0.0017853678,-0.38170615,-0.58778524,-0.809017,1.0,6.123234e-17,0.0
2022-03-24 00:00:00,5.0,1.166204,1.0401069,-0.51182276,-0.4321287,-0.06218074,-0.23620379,-1.5436274,1.361725,2.4859567,1.8588676,0.11182258,2.6447284,1.5792792,2.2813346,1.0671505,2.2181034,1.7440327,1.4986454,1.731783,0.93560565,1.2489411,1.7014469,1.3778135,-0.5919533,0.5919533,2.2348967,0.61102796,1.6554589,-0.12168403,3.0,0.907522,0.13323165,0.8940571,-5.9220725e-17,-0.85230285,0.493792,-0.16293772,-0.58778524,-0.809017,1.0,6.123234e-17,0.0
2022-03-31 00:00:00,5.0,-0.36933112,-0.535638,0.40839294,1.073302,-0.14583585,-0.6876586,-0.92449266,0.26464698,1.8425764,1.6738378,0.17373541,1.8683851,1.4754722,2.1268415,1.0193586,1.9600202,1.5447649,1.3685849,1.6470394,0.7030238,1.0875787,1.628729,1.2802937,-0.5148879,0.5148879,2.184404,0.36872923,1.5711839,-0.037529804,2.970855,0.7225685,0.24918167,0.78310555,-0.8341881,-1.421213,0.46348035,-0.33245653,-0.58778524,-0.809017,1.0,6.123234e-17,1.0
2022-04-07 00:00:00,5.0,-0.40169293,0.24247456,1.2419969,-0.43415865,-0.72680247,-0.861089,-0.5568194,-1.2836561,0.9182592,1.1489195,0.02776041,0.9889439,1.3419584,1.9561005,0.9201505,0.238108,1.1967444,1.2465023,1.4315698,0.5197551,0.99918646,1.6802057,-0.1302673,-0.45069054,0.45069054,1.0189998,0.18015714,1.4579712,0.28202635,0.48693728,0.51794434,0.28394625,0.73622704,-1.2163049,0.07627459,0.42482048,-0.20644405,-0.58778524,-0.809017,1.0,6.123234e-17,1.0
2022-04-14 00:00:00,5.0,0.91082627,1.2344664,-0.7932773,-0.5582609,-0.15871252,-0.869349,-0.20010918,0.11715944,0.49589473,0.74199855,-0.22451685,0.71598184,1.5290179,2.1003013,0.8891402,-0.21482098,1.3376583,1.3841217,1.4236227,0.61611825,1.282691,2.0705907,1.2386452,-0.9172745,0.9172745,0.36478278,0.22957192,1.6976509,0.6860021,-0.4901094,0.4784941,0.15620883,1.1075969,0.056298196,0.030996952,0.85110444,-0.20644796,-0.58778524,-0.809017,0.8660254,-0.5,0.0
2022-04-21 00:00:00,5.0,-0.10739291,0.71822035,1.0418547,-1.2194762,-0.9156426,-1.0991744,-1.0220175,-0.62992394,-0.30374515,0.13017039,-0.51772845,-0.008757876,1.5070454,2.0176568,0.8728087,0.5305174,1.2021965,1.6630005,1.0857507,0.52257127,1.3016242,2.2624083,-0.76218235,-0.9802681,0.9802681,-0.6269895,0.25311348,1.6548069,1.2360541,-1.2278088,0.428354,0.116715536,1.1941559,0.4991375,0.17601499,0.9062565,-0.62347174,-0.58778524,-0.809017,0.8660254,-0.5,0.0
2022-04-28 00:00:00,5.0,-2.9566262,-1.8415955,-1.1713951,-0.28906804,1.3681686,-0.42074805,2.5287526,-0.49098095,1.7791206,2.0223444,1.0566416,1.1355513,-0.16162367,0.58924425,0.07424882,-1.3569567,0.54999804,0.7146513,0.59348005,-0.14169937,-0.15495613,0.43336317,1.504355,0.27996525,-0.27996525,0.59683144,0.041317083,0.95576805,-0.5071047,-0.5005699,-0.047424708,0.019604255,-0.26733878,-0.7589634,-2.3128405,-0.08697773,0.24490386,-0.58778524,-0.809017,0.8660254,-0.5,0.0
2022-05-05 00:00:00,5.0,1.7690521,1.403418,-1.2095724,-0.4666609,0.2223531,-0.5977458,-0.510653,0.77778137,1.456359,1.6043271,0.68069524,1.0880975,0.37318742,1.0235603,-0.074479595,-0.39185104,1.1195551,1.3362269,0.557353,0.23809135,0.38847032,1.0524503,1.3283019,-0.5633055,0.5633055,1.1550225,0.164125,1.3948016,-0.10312752,-0.2611139,0.022089677,0.9656785,0.3595744,0.15052392,-1.7873788,0.6297235,0.61018276,-0.58778524,-0.809017,0.8660254,-0.5,0.0
2022-05-12 00:00:00,5.0,-0.9421128,-1.2774248,-0.70341945,0.5032636,0.1921901,-0.54232156,-0.07061528,0.9855242,1.6929686,1.9501783,1.1408803,1.0296372,0.01746505,0.6825079,-0.34440473,-0.67447114,-0.27911437,1.1777086,0.54950863,0.009141121,-0.043978363,0.6050581,1.283605,-0.12329093,0.12329093,1.1296991,-0.04855544,1.1911286,-0.44539464,0.19450384,0.0002209484,0.9119553,-0.07504828,-0.75261956,-2.2547543,0.302581,0.9027943,-0.58778524,-0.809017,0.5,-0.8660254,0.0
2022-05-19 00:00:00,5.0,0.611504,0.32487294,0.76808715,-0.14993384,0.6021196,-0.5132294,-0.013971187,-0.01055837,1.9790756,2.1427042,1.3243593,1.2326498,0.23505694,0.846454,-0.423531,-0.802632,-0.6841742,1.2762854,0.8215834,0.16106471,0.04739753,0.6680842,1.2922728,-0.50296825,0.50296825,1.0046275,0.11074302,1.3179802,-0.55781806,0.5844317,0.07663329,0.79118276,0.09913593,0.12955613,0.5982101,0.56188023,0.9994151,-0.58778524,-0.809017,0.5,-0.8660254,0.0
2022-05-26 00:00:00,5.0,0.9568531,1.4359208,-1.10116,-0.73521745,0.046862718,-0.6665803,-0.4807867,-2.124052,1.6256704,1.8319579,1.1224563,1.0489058,0.5288188,1.0772568,-0.3251179,-0.2819818,0.1884869,1.2944565,1.0039551,0.41244674,0.30484846,0.98344475,1.1509366,-1.1130445,1.1130445,1.1592709,0.27496397,1.5109212,-0.305762,1.0997611,0.17761289,0.76655465,0.41296652,0.5776079,0.23903757,1.0152705,1.0949409,-0.58778524,-0.809017,0.5,-0.8660254,0.0
2022-06-02 00:00:00,5.0,-0.100617684,-0.3784058,1.4243382,0.4244024,-0.78386796,-0.65114707,-0.14071836,0.58074766,0.9148694,1.3443196,0.9046116,0.46610162,0.5516807,1.0733706,-0.28411117,1.119929,-0.20960498,1.0420592,1.0354908,0.36818844,0.27510193,1.0911238,0.6206871,-0.7635765,0.7635765,-0.50348437,0.45638826,1.311321,0.03309807,-0.020623451,0.35438332,0.8708709,0.40589774,0.99992996,0.81815964,0.72307575,0.90077096,-0.58778524,-0.809017,0.5,-0.8660254,0.0
2022-06-09 00:00:00,5.0,0.495045,1.2917552,-0.60049105,-0.9879462,-0.7303788,-0.8744864,-0.7107741,-0.9506201,0.3731858,0.851047,0.5513791,0.09584123,0.72377414,1.1961269,-0.17773142,0.5048384,0.06927938,1.1012995,1.1478575,0.5024023,0.45445916,1.3892424,0.6462121,-0.9546812,0.9546812,-1.0035284,0.61692095,1.3798748,0.50457126,-0.33045623,0.42110148,0.960011,0.6564338,1.4071734,0.75127554,0.9302685,0.9368945,-0.58778524,-0.809017,1.2246469e-16,-1.0,0.0
2022-06-16 00:00:00,5.0,-2.7613807,-2.0581684,-1.1424572,-0.73675513,0.72009027,-0.50236577,0.87516415,-0.64972585,1.7382258,2.1542242,1.9962457,0.6909081,-0.5870018,0.061334368,-0.6153128,-0.49927795,-0.7740968,0.28917423,0.67670035,-0.40671757,-0.71838,0.0048483303,1.1777148,1.2015456,-1.2015456,0.2959941,0.28183252,0.7780225,-0.86648643,-0.02151228,-0.09127719,0.8209877,-0.59601814,-0.82643515,-1.6662568,-0.29935083,1.6763368,-0.58778524,-0.809017,1.2246469e-16,-1.0,0.0
2022-06-23 00:00:00,5.0,-2.711732,-1.9066225,-1.0929793,-0.63214326,0.09242815,0.091515325,1.1174695,-2.5021477,2.8266795,3.0,3.0,0.9708796,-1.4485927,-0.81616217,-1.2423246,-2.2592623,-2.0025942,-0.498453,-0.055007283,-1.3437513,-1.5849369,-1.0688776,1.0384582,2.4460347,-2.4460347,0.5210921,-0.26102793,0.27277386,-1.8526545,-0.01466529,-1.1442422,0.3007222,-1.5340439,-1.2343353,-2.818432,-1.5442574,1.4087797,-0.58778524,-0.809017,1.2246469e-16,-1.0,0.0
2022-06-30 00:00:00,5.0,-0.27089867,-0.548534,-0.013514833,1.4353877,-0.3431519,-0.5278215,-1.0819238,0.6176771,2.4070306,2.9002323,3.0,0.6643991,-1.43756,-0.8462156,-1.6274724,-2.6836865,-1.9971418,-0.6301986,-0.2864327,-1.4147956,-1.5967588,-1.1226053,0.75809133,1.9465908,-1.9465908,0.08058042,-0.68148625,0.22013333,-1.7726746,-0.1389588,-1.487209,0.010119452,-1.5543793,-1.6054994,-2.8623743,-1.5456471,1.2949861,-0.58778524,-0.809017,1.2246469e-16,-1.0,0.0
2022-07-07 00:00:00,5.0,-1.1585888,-0.92044735,0.10533941,0.40461937,-0.5038928,-0.7595417,-0.7530124,-1.5148553,2.219517,2.8216429,3.0,0.3646616,-1.6591187,-1.123584,-1.9454968,-2.979723,-1.4711313,-0.7192115,-0.41897577,-1.7907215,-1.8669734,-1.4516824,0.6405988,2.0940356,-2.0940356,-0.14623156,-1.1579442,-0.018262992,-1.8856769,0.027196145,-1.7860185,-0.33057204,-1.8601401,-1.9574668,-1.49378,-1.8987682,1.0952226,-0.58778524,-0.809017,1.2246469e-16,-1.0,1.0
2022-07-14 00:00:00,5.0,-0.6090453,-1.6688899,-0.5234017,-0.8317757,-0.9304566,-0.6451186,0.09973066,2.14529,1.7106445,2.4469337,2.8962352,-0.067287266,-1.7214237,-1.2352394,-2.1635602,-3.0,-2.1496348,-0.8796666,-0.29629627,-1.9121722,-1.9855016,-1.5846323,0.39429444,2.1844769,-2.1844769,-0.70086354,-1.7037493,-0.19320823,-1.7909951,-0.0153224375,-1.8889514,-0.34075186,-1.9974661,-2.2732272,-0.5045732,-2.058436,1.2592262,-0.58778524,-0.809017,-0.5,-0.8660254,0.0
2022-07-21 00:00:00,5.0,1.3103155,1.3646457,-1.0151609,-0.7282023,0.16398166,-0.6595046,-0.36553416,-2.2992663,1.6236806,2.1052847,2.4050848,0.111062504,-1.2133911,-0.8571836,-1.9097415,-1.4509715,-1.4163257,-1.269405,0.004094993,-1.3009083,-1.4548659,-1.1403816,0.93313384,1.297767,-1.297767,-0.07816643,-1.2455497,0.12781866,-1.5043876,-0.32475546,-1.6258489,-0.5540232,-1.477324,0.15514608,0.19929604,-1.4546683,1.1388146,-0.58778524,-0.809017,-0.5,-0.8660254,0.0
2022-07-28 00:00:00,5.0,0.3186644,1.0534775,-0.5352558,-0.44967166,-0.7413021,-1.0936754,-0.86975807,-1.9013865,1.1365987,1.6875204,2.0400844,-0.20361929,-1.0428799,-0.7349013,-1.7039584,-0.16644426,-1.4589218,-1.5619485,-0.113300204,-1.0467101,-1.2589589,-0.9842685,0.34420788,1.0848451,-1.0848451,-0.99729806,-0.862559,0.16953264,-1.2167166,-0.7758152,-1.1429005,-0.7824511,-1.2588985,0.55987495,0.76914364,-1.2220496,1.5615364,-0.58778524,-0.809017,-0.5,-0.8660254,0.0
2022-08-04 00:00:00,5.0,0.8186477,0.29626808,1.3593291,-0.5110541,0.75490725,-0.47784796,1.2140518,0.84231377,1.3701388,1.6687369,1.8868917,0.13628395,-0.7223444,-0.48628363,-1.2870919,0.29982647,-1.4358557,-0.97975063,0.12436924,-0.6787491,-0.90747744,-0.737166,0.9445135,0.672355,-0.672355,-0.82173985,-0.40301147,0.41725698,-1.1419595,-0.50161105,-0.59922004,-0.88506925,-0.9049416,0.9339986,1.340592,-0.77988636,1.8222251,-0.58778524,-0.809017,-0.5,-0.8660254,0.0
2022-08-11 00:00:00,5.0,-0.069880724,-0.13273008,-0.20364384,2.129471,-0.8723871,-1.1769112,-0.7671436,0.03316112,0.92083526,1.3596832,1.6683973,-0.2527046,-0.683433,-0.4646725,-1.059693,0.75958234,-1.4059534,-1.2214097,0.0325037,-0.6076856,-0.8502684,-0.7099195,0.11930208,0.625594,-0.625594,-1.2723448,-0.029530393,0.37834147,-0.91889304,-0.6102036,-0.6464017,-0.939681,-0.8426919,1.297926,0.7157852,-0.7243896,1.6928024,-0.58778524,-0.809017,-0.8660254,-0.5,0.0
2022-08-18 00:00:00,5.0,0.13149808,-0.35158098,0.56739056,1.3940204,-1.0508307,-0.88493556,0.062031157,1.2581242,0.46359217,1.0028481,1.3916478,-0.60000277,-0.5815551,-0.39211267,-0.85052854,1.0613937,-1.4730178,-1.103255,0.2610282,-0.4745755,-0.73616606,-0.61223435,-0.022539016,0.4964899,-0.4964899,-1.607642,0.2874267,0.38547185,-0.6237869,-0.6133606,-0.45004076,-1.7257236,-0.722942,1.6240988,0.63443196,-0.5816099,1.7130425,-0.58778524,-0.809017,-0.8660254,-0.5,0.0
2022-08-25 00:00:00,5.0,0.65070486,1.0278082,-1.18164,0.19381368,-0.85865957,-0.536213,0.17102566,-0.24822703,0.14379585,0.6628265,1.0580823,-0.745665,-0.31090438,-0.18159366,-0.56122977,0.7772559,-0.4770492,-0.8606086,0.5234459,-0.1682268,-0.44332486,-0.32718894,0.23157805,0.14312197,-0.14312197,-1.8265077,0.56682014,0.54836434,-0.24160956,-0.8561407,-0.27772933,-1.7360003,-0.413738,1.5615929,0.5747302,-0.20603526,1.4528263,-0.58778524,-0.809017,-0.8660254,-0.5,0.0
2022-09-01 00:00:00,5.0,-0.9436703,-1.3857908,-0.014562782,-0.42411548,-0.49024907,-0.21185277,0.13994236,0.45620117,0.28688416,0.7710691,1.2160988,-0.6972873,-0.64225036,-0.47167376,-0.48063403,0.24750283,0.061413016,-1.2531936,0.41454783,-0.4361088,-0.6910244,-0.7012138,0.43512082,0.4886135,-0.4886135,-1.1590233,0.03757379,0.3245937,-0.45817006,-0.71819663,-0.25646022,-1.6012324,-0.67809397,-0.7764272,0.06049787,-0.55982244,1.5224007,-0.58778524,-0.809017,-0.8660254,-0.5,0.0
2022-09-08 00:00:00,5.0,-0.62236756,-0.6569267,1.0224702,0.32937717,-1.3243505,-1.2239579,-0.91022414,-0.80326986,0.056416802,0.62225646,1.1600772,-0.9468687,-0.8266626,-0.639371,-0.51418245,-0.36569798,-0.050457884,-1.3673913,0.33220056,-0.58492404,-0.8194017,-0.90740067,-0.37870213,0.69348913,-0.69348913,-1.2602475,-0.3556534,0.13828619,-0.37933695,-1.0915983,-0.48792014,-1.5750945,-0.83228123,-1.2062851,-0.34565452,-0.7728532,1.429987,-0.58778524,-0.809017,-1.0,-1.8369701e-16,0.0
2022-09-15 00:00:00,5.0,1.0322917,1.030163,-0.771932,-0.3260745,-0.31279317,-0.04470831,1.0491656,0.31698442,0.0028474894,0.40569687,0.85094815,-0.7777783,-0.4095696,-0.31604373,-0.32107756,0.10847819,0.641061,-0.5223287,0.7522576,-0.14215373,-0.39007774,-0.4846551,0.48209316,0.098376304,-0.098376304,-0.72205776,0.038950443,0.4592114,-0.037547566,-0.87252903,-0.2519367,-1.5135913,-0.3809608,-0.04916815,-0.13394727,-0.23443379,0.93728477,-0.58778524,-0.809017,-1.0,-1.8369701e-16,0.0
2022-09-22 00:00:00,5.0,-1.3911066,-1.5017327,-0.75831324,-0.060386863,-0.8773422,1.7988737,1.4717795,-1.2999196,0.22869815,0.6201283,1.1264167,-0.72091806,-0.9168741,-0.7665183,-0.41261214,-0.56636155,0.38129073,-1.2250601,0.31184417,-0.64599735,-0.8390642,-1.0629617,-0.062133774,0.060501024,-0.060501024,-0.16664356,-0.8543229,0.08919067,-0.4423958,-0.6791404,-0.5126226,-1.0203437,-0.8473239,-0.87224495,-0.37643483,-0.82078964,0.909603,-0.58778524,-0.809017,-1.0,-1.8369701e-16,0.0
2022-09-29 00:00:00,5.0,-1.561753,-1.5380807,-1.0976037,0.17602274,1.3499684,-0.08057091,-1.1384114,1.4789553,1.2201473,1.3312452,1.7377696,-0.079785846,-1.3875533,-1.218583,-0.65438414,-1.5336527,-0.5524072,-1.4129183,-0.07337718,-1.1887602,-1.2661427,-1.6579312,0.96578145,0.98038095,-0.98038095,-0.2748827,-1.4809035,-0.20129606,-1.2706276,-0.15906373,-1.0272353,-1.0204449,-1.2973807,-1.2742332,-0.7872662,-1.4604858,1.1218987,-0.58778524,-0.809017,-1.0,-1.8369701e-16,0.0
2022-10-06 00:00:00,5.0,1.7266151,1.2504735,-0.952464,-0.67981344,1.1889247,-0.1525636,-0.23230942,-0.66415966,1.2827067,1.1862949,1.3839191,0.28648522,-0.7296036,-0.69063693,-0.49250633,-0.33857635,-0.066062845,-1.0952175,0.30173522,-0.3550267,-0.57381654,-1.0095508,0.88515127,-0.26766703,0.26766703,0.50558,-0.9520286,0.34026712,-0.9783678,0.18172123,-0.6459865,-0.98248345,-0.5585285,-0.02770072,-0.455945,-0.5749689,1.1713837,-0.58778524,-0.809017,-1.0,-1.8369701e-16,1.0
2022-10-13 00:00:00,5.0,-0.31673107,-0.2555514,1.7762167,0.32641268,-0.659941,-0.75922143,-0.68979824,-0.54939353,0.94376695,1.0354642,1.3102401,-0.069517635,-0.8025302,-0.7596594,-0.4390081,-0.21551783,-0.44107443,-1.3635573,0.6736534,-0.39198506,-0.5973415,-1.1013504,0.08074545,-0.1494476,0.1494476,0.55684817,-1.4047986,0.2502645,-0.89527595,0.26243684,-0.2558325,-0.9903876,-0.57917994,-0.8587223,0.17523876,-0.6808432,0.855137,-0.58778524,-0.809017,-0.8660254,0.5,0.0
2022-10-20 00:00:00,5.0,1.2427044,1.4429796,-0.8676879,-1.33209,0.034715936,-0.62065893,-0.05627083,-0.6343951,0.6646632,0.7381798,0.95319206,-0.08912641,-0.34641486,-0.3742541,-0.16471893,-0.09420689,0.010824164,-1.0337685,0.98005384,0.44325617,-0.059707187,-0.6158053,0.37520054,-0.94595593,0.94595593,0.55846953,-0.8854104,0.6499638,-0.50014806,0.25803363,0.30034202,-0.88942224,0.003105463,-0.02770072,1.4742006,0.043671813,1.0637939,-0.58778524,-0.809017,-0.8660254,0.5,0.0
2022-10-27 00:00:00,5.0,0.96159333,1.0846763,-0.6659307,-0.68153524,-0.60134614,-0.64624935,-0.1905986,0.7223072,0.25321576,0.39171922,0.6103708,-0.30435446,-0.0114234,-0.07100323,0.20349483,0.96371675,0.3111467,-0.89940184,1.5661206,1.2695802,0.42628554,-0.18404697,-0.024834778,-0.9086585,0.9086585,0.17925832,-0.28198904,1.0070968,-0.025028996,0.16100286,1.243109,-0.48871365,0.52412057,0.36895597,1.0103225,0.81213784,1.1626569,-0.58778524,-0.809017,-0.8660254,0.5,0.0
2022-11-03 00:00:00,5.0,-0.05300446,-0.7082411,1.5980896,-0.0950608,-1.221428,0.22136685,0.75487673,1.3946378,-0.13464071,0.1418917,0.44168237,-0.6934162,0.015642267,-0.049255602,0.46190554,1.6167889,0.07579627,-0.31333122,1.561982,1.0868063,0.49688816,-0.13050455,-0.85645807,-0.5204406,0.5204406,-0.58845824,0.50303924,0.9603331,0.28513557,-0.51026285,1.5016148,-0.3173597,0.6013581,0.76878875,1.118431,0.6298985,0.47255796,-0.58778524,-0.809017,-0.8660254,0.5,0.0
2022-11-10 00:00:00,5.0,-0.29666337,-0.3542446,3.0,-0.9666834,-0.8163632,-0.77362823,-0.9176236,-0.2098453,-0.3022598,0.025274018,0.3765558,-0.8842858,-0.0496129,-0.11055989,0.56452125,0.69917566,0.2921874,0.25302213,1.3874044,0.7684566,0.3829353,-0.22394747,-0.50547755,-0.31618014,0.31618014,-0.40284932,-0.14040744,0.82670957,0.4058766,-0.9237843,1.1510953,-0.34079114,0.474375,-0.86792886,0.40413088,0.44088796,0.7870903,-0.58778524,-0.809017,-0.5,0.8660254,0.0
2022-11-17 00:00:00,5.0,0.6385767,0.11184069,0.5653139,0.5707889,-0.08531846,-0.25702855,0.24754657,2.00016,-0.36033395,-0.11954952,0.18733406,-0.7796403,0.22652246,0.13581222,0.72690016,1.1206684,0.744716,0.4904597,1.7799991,0.9400271,0.6626753,0.09453014,0.10428929,-0.6300794,0.6300794,-0.6883222,0.3403875,1.0519238,0.67641,-0.770934,1.0528101,-0.37982586,0.7696056,-0.055466402,0.29387084,0.71971923,0.9055818,-0.58778524,-0.809017,-0.5,0.8660254,0.0
2022-11-24 00:00:00,5.0,-0.3122395,0.16241685,-0.31654853,1.4550817,-0.33168614,-0.5278299,-0.35214034,-1.4797134,-0.3678315,-0.13859625,0.18207511,-0.78292084,0.15022376,0.06634042,0.73950297,0.42271316,0.271528,0.69614047,1.226526,0.6727548,0.46967673,-0.049426354,-0.09853862,-0.55608845,0.55608845,-0.7025438,-0.35864303,0.99726486,0.6571212,-0.83129996,0.63512605,-0.41102195,0.57571495,-0.86792886,0.16597256,0.64283156,1.0637071,-0.58778524,-0.809017,-0.5,0.8660254,0.0
2022-12-01 00:00:00,5.0,-0.32697308,-0.7589361,-1.0372033,2.3843694,-1.258093,-1.0720413,-0.65786314,0.32528758,-0.6448232,-0.31833628,0.07794019,-1.0859336,0.058933146,-0.0147585,0.6856324,-0.15516125,0.6431573,0.7593931,1.0363146,0.48289952,0.31336594,-0.13232419,-1.4505937,-0.47763687,0.47763687,-1.1574211,-0.97745425,0.9063782,0.8877437,-0.940466,0.40058124,-0.31098992,0.426099,-1.2384697,0.13748595,0.5595989,0.92670876,-0.58778524,-0.809017,-0.5,0.8660254,0.0
2022-12-08 00:00:00,5.0,-1.5302782,-1.9347712,-1.1599686,-0.78484,0.5660186,-0.5002586,0.40749386,0.4613147,-0.120969534,0.08030108,0.4613869,-0.7065994,-0.7819274,-0.7164354,0.22586736,-0.8269432,0.6337408,0.025626156,0.14144313,-0.31643996,-0.4944737,-1.008318,0.5174045,0.3621581,-0.3621581,-0.08973376,-1.7764143,0.17684878,0.12270668,-0.5608517,-0.0918411,0.31490448,-0.42962182,-1.5798086,-1.2803295,-0.41371113,0.99679035,-0.58778524,-0.809017,-2.4492937e-16,1.0,0.0
2022-12-15 00:00:00,5.0,-0.1824688,-1.1136805,-1.181113,1.3084372,-0.86176234,0.08723305,0.4119834,1.7410289,-0.33143148,-0.061290722,0.36735272,-0.89993453,-0.77439696,-0.7205854,-0.07692967,-0.7783772,-0.070048906,-0.10242274,-0.40298143,-0.37311867,-0.55061173,-1.0413933,-1.0889356,0.357007,-0.357007,-0.08710634,-2.5202107,0.10127237,0.28831726,-0.55749553,-0.38618335,0.46249533,-0.47578755,-1.8923616,-1.1818832,-0.40856707,0.8725047,-0.58778524,-0.809017,-2.4492937e-16,1.0,0.0
2022-12-22 00:00:00,5.0,0.14095254,0.6430149,-0.5736908,0.59477055,-0.7448149,0.6806818,0.291218,-0.7596542,-0.5358261,-0.24297065,0.2079203,-1.0216255,-0.6152502,-0.6053698,-0.23929521,-1.0016284,0.096497804,-0.2704886,-0.18696173,-0.2438311,-0.43428046,-0.9073907,-1.0745635,0.15562816,-0.15562816,-0.56470555,-1.4392223,0.21813738,0.55420977,-0.687164,-0.38878837,1.1113727,-0.36030486,0.065991566,-0.86493075,-0.1940215,0.5326388,-0.58778524,-0.809017,-2.4492937e-16,1.0,0.0
2022-12-29 00:00:00,5.0,0.12361366,0.048415985,0.07079699,1.4664263,0.14396198,-1.6240782,-1.658478,0.2323507,-0.43846956,-0.24668749,0.15692309,-0.82420176,-0.463501,-0.49498925,-0.30306074,-0.80348784,-0.31345522,-0.22085069,-0.15782048,-0.12679963,-0.3490613,-0.8206554,0.04357597,-0.037530314,0.037530314,-0.41974488,-0.9583288,0.38472962,0.56831646,-0.58293813,-0.25754428,1.0388467,-0.24843141,0.45454732,0.40107292,0.011729943,0.46152747,-0.58778524,-0.809017,-2.4492937e-16,1.0,0.0
2023-01-05 00:00:00,5.0,-0.7744174,-1.185726,0.5332295,-0.73681885,-0.78245735,-1.2196103,0.24142066,-0.107256845,-0.49468368,-0.24173956,0.2211451,-0.9595681,-0.8359975,-0.80243033,-0.49784216,-1.0015795,-0.95119125,-0.4645095,-0.58213747,-0.5345409,-0.6853289,-1.163177,-1.1078916,0.38824588,-0.38824588,-0.38763157,-1.3383259,-0.064302266,0.47123605,-0.47050843,-0.3450101,1.0443245,-0.59782267,-0.7096356,-0.089600906,-0.3856539,0.026749395,-0.58778524,-0.809017,-2.4492937e-16,1.0,1.0
2023-01-12 00:00:00,5.0,0.23875897,0.64052486,1.2978883,-1.3069185,-1.0482045,-0.24630706,1.233014,-0.25625226,-0.78862476,-0.4874625,0.014146115,-1.1442463,-0.61372715,-0.6405592,-0.54620683,-0.20429577,-0.8425697,-0.5622001,-0.498625,-0.31964934,-0.4891193,-0.9548425,-1.8087384,0.5164664,-0.5164664,-1.2740741,-0.45748296,0.12351945,0.8573323,-0.78307265,-0.302612,1.0711614,-0.38466346,0.09258521,-0.004367678,-0.109532684,0.47001058,-0.58778524,-0.809017,0.5,0.8660254,0.0
2023-01-19 00:00:00,5.0,0.10359022,0.12833457,2.392313,-1.1938097,-1.3448471,-0.53257614,-0.4785831,0.3858693,-1.0900581,-0.74203295,-0.18723707,-1.3422229,-0.46203768,-0.5304792,-0.525671,-0.075926125,-0.6963795,-0.29627618,-0.5249422,-0.20634271,-0.37665474,-0.8061919,-2.4912546,0.3631211,-0.3631211,-1.247832,0.301487,0.23444887,1.2586622,-0.8271371,-0.111553304,0.42903334,-0.26040226,0.5087519,-0.0008177059,0.0818756,0.17831893,-0.58778524,-0.809017,0.5,0.8660254,0.0
2023-01-26 00:00:00,5.0,0.058373325,0.49717954,1.3823017,-1.0830967,-1.3558547,-0.13575527,0.30237514,-0.30803788,-1.385858,-1.0067496,-0.3980307,-1.5398014,-0.33818927,-0.44380265,-0.46478483,-0.11314876,-0.90481085,-0.123779915,0.06814061,-0.12143302,-0.29624045,-0.6723705,-2.4954216,0.72878915,-0.72878915,-1.21812,0.94706476,0.3334615,1.6728287,-0.916207,-0.08158278,0.40940902,-0.15813504,0.88137543,0.64967424,0.24136227,0.255949,-0.58778524,-0.809017,0.5,0.8660254,0.0
2023-02-02 00:00:00,5.0,-1.136152,-1.6223267,-0.52428615,-0.9195094,1.708734,1.9443938,2.1563587,2.5961404,-0.26235327,-0.29466623,0.107617736,-0.48482275,-0.9806761,-0.94645834,-0.6264019,-0.67252964,-1.1937765,-0.68875587,-0.99451643,-0.79697603,-0.8756458,-1.3357716,0.9367586,1.9873722,-1.9873722,-0.5694425,-0.502892,-0.29776627,0.42805502,-0.44841716,-0.35051364,0.388292,-0.80573195,-0.7047739,-0.48574242,-0.4095607,-0.08990489,-0.58778524,-0.809017,0.5,0.8660254,0.0
2023-02-09 00:00:00,5.0,-0.32688707,-0.49701905,0.8118832,0.7267723,-0.9410905,0.5461586,-1.0490856,-0.15457052,-0.58519596,-0.46960405,0.015147298,-0.7950761,-1.0625328,-1.0186762,-0.7983332,-0.46912932,-1.1800627,-0.41775125,-0.78940994,-0.973945,-0.99404263,-1.4160745,-1.79605,2.0604327,-2.0604327,-0.63063884,-1.4515766,-0.5486895,0.60355246,-0.51855594,-0.92992514,0.43454555,-0.98363954,-1.0904315,-0.8081703,-0.51060385,-0.5812432,-0.58778524,-0.809017,0.8660254,0.5,0.0
2023-02-16 00:00:00,5.0,-0.2743491,-0.59241265,1.3298815,-0.10796354,-1.2182689,0.7023347,-0.061604865,0.066760115,-0.98711604,-0.7304635,-0.14277127,-1.1509151,-1.1129286,-1.0639958,-0.9464269,-0.6950536,-0.72148466,-0.081583366,-0.876398,-1.2840279,-1.1267463,-1.4449112,-2.3924153,2.0990355,-2.0990355,-0.66572213,-2.2652147,-0.8137941,0.9077687,-0.6145846,-1.1440667,0.5317088,-1.144789,-1.4345032,-1.0439099,-0.6444315,-0.88931185,-0.58778524,-0.809017,0.8660254,0.5,0.0
2023-02-23 00:00:00,5.0,-1.2907805,-1.6686138,-1.0266273,-0.6533919,-0.1320681,-0.74250686,-1.1453606,-0.41931742,-0.6850462,-0.46766603,0.13982114,-0.98736846,-1.6763481,-1.5511246,-1.244494,-1.2998877,-1.1086361,-0.88900346,-1.5539584,-2.2550235,-1.6765556,-1.9495372,-0.566437,2.1394813,-2.1394813,-0.2431035,-2.3379195,-1.7649335,0.37300178,-0.38994953,-2.1431675,0.015123638,-1.7609887,-1.741675,-0.9999993,-2.1929803,-0.119339794,-0.58778524,-0.809017,0.8660254,0.5,0.0
2023-03-02 00:00:00,5.0,0.1312141,-0.21643715,0.6365039,1.5100816,-1.3560252,-0.17836349,0.47157142,0.89800286,-1.2007537,-0.8702322,-0.15934022,-1.3447694,-1.4697137,-1.4031801,-1.3948299,-1.2535307,-1.1004965,-0.768429,-1.7588022,-2.0671299,-1.5641433,-1.7699792,-2.4387748,1.8434929,-1.8434929,-0.25088057,-1.6091546,-1.7240884,0.9024244,-0.45557854,-2.1949465,0.10364946,-1.6405587,0.17221336,-0.63574785,-2.0936294,0.10464976,-0.58778524,-0.809017,0.8660254,0.5,0.0
2023-03-09 00:00:00,5.0,0.03768112,0.16879416,1.509194,-0.1619971,-0.8882564,-0.4799833,-0.44124982,-0.063286126,-1.433559,-1.1229913,-0.373287,-1.445947,-1.3376967,-1.3019072,-1.3930022,-0.74527144,-1.1200768,-1.0790406,-2.0243247,-1.7680322,-1.456725,-1.6351122,-2.060012,1.6609701,-1.6609701,-0.22143887,-1.0226045,-1.6675316,1.2549337,-1.107607,-1.8700846,0.16659929,-1.5345483,0.5747483,-0.39164314,-2.1295516,-0.29532972,-0.58778524,-0.809017,1.0,6.123234e-17,0.0
2023-03-16 00:00:00,5.0,-1.3552848,-1.4809111,-0.66943425,-0.7468435,1.0607489,0.7442633,1.1608526,0.35529038,-0.5876837,-0.5136094,0.13558955,-0.793881,-1.8444444,-1.746737,-1.4866105,-1.1897771,-1.3087558,-1.6645943,-2.5753965,-2.214412,-1.8851774,-2.109141,0.4128792,1.8770596,-1.8770596,0.48104596,-1.574251,-2.3098845,0.2427399,-0.65059966,-2.080841,-0.3798466,-1.984007,-0.562237,-0.35011724,-2.3171518,-0.4594895,-0.58778524,-0.809017,1.0,6.123234e-17,0.0
2023-03-23 00:00:00,5.0,0.2661286,0.98720413,0.5541294,-1.272297,0.15174606,2.170478,1.1535287,-1.8508309,-0.5537552,-0.56367904,0.01937219,-0.6589036,-1.5816677,-1.5511695,-1.4282268,-0.959512,-1.2847,-1.561779,-2.5299444,-1.7028443,-1.5757126,-1.8530135,-0.4032692,1.4493666,-1.4493666,0.7280404,-0.41486055,-1.9331242,0.33168224,-0.3392666,-1.8532368,-0.51353836,-1.604012,0.26549268,-0.23901778,-1.8246489,-0.113845706,-0.58778524,-0.809017,1.0,6.123234e-17,0.0
2023-03-30 00:00:00,5.0,0.6083192,0.6445984,-1.0290635,1.5283628,-0.028113388,-0.30376434,-1.4770328,0.47365102,-0.6910217,-0.7601717,-0.24280657,-0.6181828,-1.141794,-1.239954,-1.1747783,-0.13845253,-1.1044972,-1.3210238,-2.2954452,-1.1590127,-1.1498162,-1.4786574,-0.5750278,1.0024041,-1.0024041,0.36034012,0.20469543,-1.3912534,0.645089,-0.35129797,-1.3853053,-0.6183684,-1.1543903,0.7138582,0.25687858,-1.329031,0.087272726,-0.58778524,-0.809017,1.0,6.123234e-17,0.0
2023-04-06 00:00:00,5.0,1.1240636,1.350628,-0.6326145,-1.0224578,0.026959056,0.11375701,0.2985037,0.6550133,-0.8466226,-1.0326294,-0.64307517,-0.5075775,-0.46142986,-0.7463699,-0.6575147,0.30619916,-0.74329275,-1.19118,-1.8807986,-0.31464142,-0.44887766,-0.88202685,-0.56585747,0.20267451,-0.20267451,0.9429622,0.97498524,-0.42354694,1.1491154,0.02048379,-0.5227926,-1.9725747,-0.39546362,1.1741529,2.0151396,-0.37221476,-0.6259275,-0.58778524,-0.809017,1.0,6.123234e-17,1.0
2023-04-13 00:00:00,5.0,-0.09418817,0.083841935,0.25360388,1.5279903,-1.4331728,-0.9890768,-1.2309119,-0.260731,-1.4623423,-1.4747807,-0.972477,-1.041425,-0.443371,-0.72444516,-0.3306162,0.24787447,-0.39379454,-1.1306723,-1.6022879,-0.23400487,-0.38027585,-0.8483266,-2.3091218,0.19253121,-0.19253121,0.9376719,0.59067667,-0.57836795,1.7400771,-0.1667131,-0.29013208,-2.0114677,-0.32067683,-0.5441196,1.6433672,-0.35901156,-0.5741032,-0.58778524,-0.809017,0.8660254,-0.5,0.0
2023-04-20 00:00:00,2.0,0.026739944,0.07946456,1.3801079,0.2316862,-1.3201449,-0.3626099,0.8820018,0.17554376,-1.9230108,-1.8816748,-1.3397311,-1.4323345,-0.35692966,-0.65521264,-0.036508188,0.85661125,-0.27630064,-1.037662,-1.5715144,-0.051449664,-0.23623058,-0.73578817,-2.230882,0.10026146,-0.10026146,-0.71039504,1.0699828,-0.63224435,2.3566272,-0.8078785,-0.06594105,-2.0460513,-0.17534886,0.31501663,1.1174468,-0.25401968,-0.5013186,-0.58778524,-0.809017,0.8660254,-0.5,0.0
2023-04-27 00:00:00,2.0,-0.6879938,-0.8228366,1.0039288,-0.8185986,-0.32835466,-0.34652293,-0.12029335,-0.8698446,-1.7501711,-1.7715927,-1.2870427,-1.3522538,-0.73422337,-0.92052925,0.015196938,0.45935726,-0.41962025,-0.822902,-2.615409,-0.50990474,-0.5774205,-1.0582246,-1.6278155,0.49182943,-0.49182943,0.4165477,0.48414093,-1.2113326,2.055913,-0.8961987,-0.31349638,-1.9618385,-0.5510693,-0.52391267,-0.31208062,-0.7001548,-1.1552732,-0.58778524,-0.809017,0.8660254,-0.5,0.0
2023-05-04 00:00:00,2.0,-1.3307694,-1.5050828,-0.34196863,-1.3346213,1.2832521,0.4666407,0.75976366,0.21107195,-0.954532,-1.1250511,-0.72811586,-0.7233024,-1.4095854,-1.4450431,-0.25594258,-0.37781683,-0.4257216,-1.1108972,-3.0,-1.368138,-1.2232229,-1.6571277,0.41225004,1.2661848,-1.2661848,1.1002269,-0.2533741,-1.9764196,0.92252874,-0.596878,-0.94581574,-1.7949892,-1.2458903,-0.9233692,-1.1458856,-1.5671442,-1.6878777,-0.58778524,-0.809017,0.8660254,-0.5,0.0
2023-05-11 00:00:00,2.0,0.041675366,-0.07789269,2.024853,-0.0930891,-0.3878565,-0.4263992,-0.9133998,0.15677218,-1.1180173,-1.227326,-0.8674002,-0.9062923,-1.3471045,-1.3901734,-0.4122273,-0.88977164,-0.4739849,-1.1448627,-2.6422334,-1.180236,-1.1148558,-1.5654716,-1.5731124,0.8643654,-0.8643654,-0.25389597,0.28045493,-1.9421201,1.085389,-0.81539786,-1.0612401,-1.7437642,-1.1272304,0.3610352,-1.1623589,-1.4813207,-1.0244076,-0.58778524,-0.809017,0.5,-0.8660254,0.0
2023-05-18 00:00:00,2.0,-0.19046694,0.072892025,0.92022014,0.8541941,-0.93026376,-0.4479235,-0.06945871,-0.8310533,-1.4195585,-1.4150034,-1.0436566,-1.3429201,-1.4239777,-1.4468411,-0.56097883,-0.9555437,-0.5750642,-1.2389129,-2.8032672,-1.1787063,-1.1659621,-1.6208631,-1.8433582,0.99090075,-0.99090075,-0.28851396,-0.24704424,-2.1913598,1.3525718,-0.74305934,-1.1342825,-1.6075271,-1.2075791,-0.4905399,-0.74549556,-1.5547507,-0.32806295,-0.58778524,-0.809017,0.5,-0.8660254,0.0
2023-05-25 00:00:00,5.0,0.26496106,1.0872393,-0.46401063,-0.36479276,-0.15048839,0.89757925,1.3833799,-1.3736652,-1.420914,-1.471404,-1.2060777,-1.2964765,-1.227495,-1.3200103,-0.51191086,-0.8814357,0.066580296,-0.98652613,-2.5505106,-0.88995975,-0.93480706,-1.4276981,-1.3270719,0.7132405,-0.7132405,-0.11076731,0.5642146,-1.9628011,1.503993,-0.278761,-0.9838614,-1.4497366,-0.9682472,0.3610352,0.31770077,-1.3527744,-0.25881484,-0.58778524,-0.809017,0.5,-0.8660254,0.0
2023-06-01 00:00:00,2.0,-1.0125227,-1.4567261,-0.46083426,-1.1017845,-0.674918,0.014111893,-0.738297,-1.2197957,-1.263166,-1.301397,-0.99979734,-1.2329376,-1.7269009,-1.7160343,-0.73335177,-1.0153742,-0.4421626,-1.3181378,-2.5881417,-1.3853068,-1.4437624,-1.8894713,-1.6204499,1.6249127,-1.6249127,0.077103555,-0.09359311,-2.578888,1.1174067,-0.23357917,-1.1644669,-1.4871331,-1.4989283,-0.5154239,-0.32045949,-1.9032207,-1.2567828,-0.58778524,-0.809017,0.5,-0.8660254,0.0
2023-06-08 00:00:00,5.0,1.4560755,1.4376658,-1.0780374,-0.5643864,0.94319826,0.5438874,0.35554585,0.4328475,-1.054027,-1.3203585,-1.3224543,-0.5759106,-0.7170353,-1.0705948,-0.29624194,0.2588663,-0.13164595,-1.0003989,-2.3348715,-0.32997665,-0.39375216,-1.1305838,0.10338821,0.24880642,-0.24880642,0.51787597,0.7335685,-1.3757648,1.3656412,-0.42544925,-0.6701658,-1.4144727,-0.43145496,0.3557151,0.92264634,-0.98686284,-0.50531554,-0.58778524,-0.809017,1.2246469e-16,-1.0,0.0
2023-06-15 00:00:00,2.0,-0.37790942,-1.2170323,-0.6384257,-0.29169288,-0.8947128,-0.022492973,-0.5626533,0.22958702,-1.3562592,-1.4725568,-1.4522996,-1.0710295,-0.9610513,-1.2736487,-0.15016767,0.06812335,-0.8237643,-1.1592674,-2.3040547,-0.5752086,-0.5643744,-1.4027357,-1.7513229,0.62512374,-0.62512374,0.6419168,0.13800167,-1.7940059,1.5665247,-0.7782444,-0.44817653,-1.4182993,-0.6138238,-0.49528056,0.45336464,-1.2115574,-1.1434454,-0.58778524,-0.809017,1.2246469e-16,-1.0,0.0
2023-06-22 00:00:00,5.0,-0.3537224,-0.61923313,0.19248757,0.48766825,0.24483892,1.4617964,0.95284057,0.17433009,-1.2164155,-1.3621063,-1.361245,-0.9069655,-1.1307437,-1.3893988,-0.08564124,-0.0010739234,-0.9364538,-0.93438625,-1.7723128,-0.76633096,-0.6943191,-1.5691041,-0.9297544,0.92575395,-0.92575395,0.8503443,-0.8007703,-1.9341577,1.3676097,-0.19071017,-0.65049696,-1.3992324,-0.6933694,-0.92018175,0.83320826,-1.1167102,0.13589251,-0.58778524,-0.809017,1.2246469e-16,-1.0,0.0
2023-06-29 00:00:00,2.0,0.04067939,0.5842932,-1.1567432,2.038453,-0.81069815,0.70491546,-0.56804305,-0.69787884,-1.4303341,-1.5044605,-1.5242635,-1.2458255,-1.0944706,-1.3565996,-0.014793128,-0.10377795,-0.96779245,-0.85987246,-2.0161402,-0.6602234,-0.6095563,-1.597478,-1.553703,0.889585,-0.889585,0.83669525,0.066487156,-2.0108397,1.6405034,-0.53086,-0.84283006,-1.6381648,-0.59306157,0.38401285,-0.3244671,-1.0486975,0.101633206,-0.58778524,-0.809017,1.2246469e-16,-1.0,0.0
2023-07-06 00:00:00,2.0,0.25103155,0.41461238,0.8763418,0.029419838,-1.1865687,-1.4831085,-1.6621948,0.35243356,-1.7154047,-1.7188106,-1.7625622,-1.7108778,-0.87703454,-1.2044088,0.15100011,0.46560505,-0.54889625,-0.736244,-1.756145,-0.37510586,-0.37361035,-1.493689,-1.70891,0.6578792,-0.6578792,0.080990136,0.4490549,-2.007129,2.1142638,-1.0254244,-0.38104403,-2.1327245,-0.3485168,0.7942774,0.10607026,-0.77953166,0.16760504,-0.58778524,-0.809017,1.2246469e-16,-1.0,1.0
2023-07-13 00:00:00,5.0,0.57228214,0.90674835,-0.8875626,0.7419018,0.92436695,-0.2534288,1.4674188,-0.46177828,-1.4142889,-1.588476,-1.7637445,-1.0317212,-0.40854737,-0.8966129,0.5381214,0.03770218,0.2925132,-0.17916529,-1.7176905,0.15567413,0.082753,-1.124905,-0.23275366,0.13751729,-0.13751729,-1.4209461,1.1303654,-1.4496377,1.9577254,-1.1036904,-0.19662432,-2.0692136,0.10035875,1.1992949,0.7841583,-0.22677326,-1.0558076,-0.58778524,-0.809017,-0.5,-0.8660254,0.0
2023-07-20 00:00:00,5.0,-0.7717938,-1.1695697,-0.8414973,0.06329385,0.6631774,-0.28086743,-0.17840874,0.17497613,-1.1041117,-1.3363526,-1.4996837,-0.5986501,-0.9653915,-1.3095673,0.5117997,-0.11394513,-0.04522331,-0.4681743,-1.9646419,-0.5192801,-0.45730892,-1.5673889,-0.37978306,0.8634681,-0.8634681,-0.9180188,0.2439504,-1.836152,1.4186867,-0.21557772,-0.33602226,-1.9386988,-0.4420297,-0.49406773,0.19363308,-1.0002632,-1.4214976,-0.58778524,-0.809017,-0.5,-0.8660254,0.0
2023-07-27 00:00:00,5.0,1.1313409,1.135712,0.19962269,-1.0911403,0.64456964,0.2701158,0.36806425,0.8346148,-0.9533532,-1.2990663,-1.6194463,-0.018436724,-0.053999644,-0.6960441,0.8916807,0.5326039,0.5201602,-0.14501686,-1.7187947,0.5419107,0.4104437,-0.883993,-0.24857962,-0.23846063,0.23846063,-0.23130126,1.1799973,-0.98338956,1.5088077,0.32217607,0.4015071,-1.5988921,0.41289318,0.38401285,0.8603318,0.1282234,-2.0119712,-0.58778524,-0.809017,-0.5,-0.8660254,0.0
2023-08-03 00:00:00,2.0,-0.20689584,-0.57703215,-0.1255821,0.8360701,0.4101531,0.6997082,0.14195472,0.4261396,-0.9120644,-1.2241821,-1.545578,0.0001603524,-0.22914132,-0.85926664,1.0409441,0.42830652,0.31682405,0.3195978,-1.8038343,0.2680469,0.21085267,-1.0581557,-0.686537,-0.30375722,0.30375722,0.18322627,-0.14551425,-1.1206737,1.3657207,0.9688567,0.35127637,-0.69737226,0.20766975,-0.45984015,0.21449152,-0.11279211,-3.0,-0.58778524,-0.809017,-0.5,-0.8660254,0.0
2023-08-10 00:00:00,5.0,0.03494579,-0.023477294,0.7615737,1.3284178,0.18797675,2.116332,0.41015336,0.1323191,-0.96352565,-1.2271935,-1.5420649,-0.10247245,-0.19285183,-0.81816924,1.123867,0.3331392,0.7907426,0.23105647,-1.3177191,0.26215333,0.20801622,-1.0153476,-0.9463611,-0.9876148,0.9876148,0.21912488,1.5252153,-1.106254,1.3968341,1.7456199,0.26433346,-0.59441084,0.18686305,0.41547897,0.7957728,-0.074924394,-3.0,-0.58778524,-0.809017,-0.8660254,-0.5,0.0
2023-08-17 00:00:00,5.0,-0.2651632,-0.60260034,1.6836449,-1.261285,-0.24151544,0.3997142,-0.82410175,0.24890868,-1.1014923,-1.2802161,-1.5510564,-0.40984437,-0.38378173,-0.9330378,1.0905304,-0.01604447,0.022656845,-0.104702674,-0.86483765,0.06352828,0.04542578,-1.1363058,-1.1452723,-0.60478765,0.60478765,0.15709457,0.0710098,-1.2931081,1.4714379,0.82039183,0.35915506,-0.5294773,0.026569052,-0.4848239,-0.3102443,-0.29601026,-3.0,-0.58778524,-0.809017,-0.8660254,-0.5,0.0
2023-08-24 00:00:00,5.0,0.07647846,-0.0067651863,1.0043619,0.9410957,-0.32437804,-0.3469128,-0.5645583,0.29753244,-1.2758042,-1.3871346,-1.6346792,-0.73572385,-0.2833772,-0.84243685,1.0910327,0.36380026,0.23513453,-0.55609995,-0.8010991,0.24339634,0.18363379,-1.0616094,-1.108377,-0.74110246,0.74110246,-0.27229387,1.2439833,-1.294231,1.6801182,0.09578622,0.22838543,-0.52671355,0.17429355,0.38630277,-0.054828603,-0.19320455,-3.0,-0.58778524,-0.809017,-0.8660254,-0.5,0.0
2023-08-31 00:00:00,5.0,0.11116522,1.0645734,0.34203836,-1.1634582,-0.97506374,-1.2937837,-0.6878361,-0.81639075,-1.5605981,-1.5801064,-1.7919023,-1.3155296,-0.13470215,-0.7292544,1.1495744,-0.118424125,0.44424957,-0.48226705,-0.57649624,0.5326952,0.36897194,-0.94996494,-1.3556072,-0.9567479,0.9567479,-2.2765288,1.832151,-1.3345729,2.0538642,-1.0447046,0.42833233,-0.4245551,0.33486822,0.8161673,0.06578317,-0.04606339,-2.953687,-0.58778524,-0.809017,-0.8660254,-0.5,0.0
2023-09-07 00:00:00,5.0,1.0930903,1.3316026,-0.7966663,-0.6506626,0.7719328,-0.601211,0.36402005,0.47887316,-1.4603044,-1.6259445,-1.9434885,-0.6743285,0.88292485,-0.017453022,1.5356963,0.49775204,0.88343143,-0.15547732,-0.31101364,2.1717765,1.3072189,-0.18803118,-0.10185879,-1.7810707,1.7810707,-0.73774946,2.2667174,-0.5474558,2.2429128,-0.7593404,1.7416704,-0.14469655,1.266046,1.2707064,1.3570163,1.1397656,-3.0,-0.58778524,-0.809017,-0.8660254,-0.5,0.0
2023-09-14 00:00:00,5.0,-0.14459273,-0.4065759,-0.23682891,1.5398664,-0.25975657,0.20189694,0.40598422,0.2608424,-1.5153708,-1.6625398,-1.9528556,-0.7740866,0.7733019,-0.0723904,1.729302,0.4234488,0.7169097,0.072387464,-0.5655063,1.9498141,1.2229784,-0.2755975,-0.9038698,-1.4257848,1.4257848,-0.5813685,1.0811536,-0.63744986,2.2686086,-0.8332383,2.0546687,-0.0014782248,1.1783922,-0.6536741,1.1206541,1.5398455,-3.0,-0.58778524,-0.809017,-1.0,-1.8369701e-16,0.0
2023-09-21 00:00:00,5.0,0.034126777,-0.7062646,0.43472221,-0.0750213,-1.6974527,1.686722,0.74184823,0.7907912,-1.8533529,-1.874968,-2.090618,-1.6620095,0.8287571,-0.014772231,1.8940908,0.56789434,0.46949327,0.6048506,-0.616001,1.6824374,1.2680022,-0.2137013,-1.4494936,-1.4054595,1.4054595,-0.45383734,1.8290609,-0.7647732,2.7034893,-1.3475596,1.94725,0.30465236,1.2076122,0.32429823,1.0200726,1.5738031,-3.0,-0.58778524,-0.809017,-1.0,-1.8369701e-16,0.0
2023-09-28 00:00:00,2.0,0.7528197,1.2061307,-1.2037028,0.27412322,0.32168612,-0.29626513,-1.0249715,0.18528225,-1.8014281,-1.9095175,-2.1610997,-1.2513442,1.4437991,0.47414896,2.1054204,0.8797704,1.1505584,0.8103793,-0.6571581,1.9638633,1.7731874,0.3369131,-0.5901062,-1.7460315,1.7460315,-0.36093232,1.9450154,-0.22083268,2.7877853,-0.9087698,1.8435534,0.53415173,1.7263111,0.82609093,0.6413905,1.9150684,-3.0,-0.58778524,-0.809017,-1.0,-1.8369701e-16,0.0
2023-10-05 00:00:00,2.0,-1.4870403,-1.4684186,-0.82838625,-0.6297235,2.411122,0.23312737,0.2250252,-0.33511332,-1.0474327,-1.4047079,-1.7075351,0.45743725,-0.077372216,-0.53459406,1.4805498,0.12169912,-0.013857735,0.43019772,-0.8502856,0.49813417,0.3969874,-0.65795714,1.2819448,-0.1858962,0.1858962,1.6530819,1.019711,-0.9020885,1.6046132,0.8897513,0.98469305,0.5293691,0.3588245,-0.62097937,-0.9143721,0.40158236,-2.676816,-0.58778524,-0.809017,-1.0,-1.8369701e-16,1.0
2023-10-12 00:00:00,2.0,-0.3766187,-0.09916487,1.8412148,-0.19657984,1.6442444,1.5276488,0.5755683,-0.98424804,-0.6547362,-1.127761,-1.4907128,1.2583975,-0.3796878,-0.7431938,0.95810914,-0.61160487,-0.073102735,0.21476437,-0.9228397,0.12185904,0.07513339,-0.8016883,0.9121266,0.1675737,-0.1675737,0.6680812,0.106653444,-0.93527097,1.1312217,1.250184,0.43188822,0.52644944,0.03177734,-1.1109273,-1.2975847,0.05654538,-2.574551,-0.58778524,-0.809017,-0.8660254,0.5,0.0
2023-10-19 00:00:00,2.0,1.4188656,1.2289839,-0.94252074,0.015270397,1.2765331,-0.124701396,-0.877223,1.2389954,-0.63297707,-1.1470438,-1.5982345,1.6203928,0.786507,0.15328674,1.0623662,0.17154329,0.5355438,1.0315626,-0.83798295,1.3394554,0.97250086,0.14647943,0.6198166,-1.2164226,1.2164226,2.0263681,0.6911344,-0.026402224,1.3142325,1.9278039,0.944843,0.52842367,0.93283457,0.5282062,-0.71713763,1.4050215,-2.4571996,-0.58778524,-0.809017,-0.8660254,0.5,0.0
2023-10-26 00:00:00,2.0,-2.3322096,-1.6709286,-0.88380325,-1.1513913,3.0,2.684707,1.9141093,-0.16234782,0.73206884,-0.13986646,-0.7512945,3.0,-0.990945,-1.280757,0.31338176,-1.0791025,-0.4175527,-0.27112293,-1.0108228,-0.91321003,-0.63958,-1.135305,1.9034469,1.6708907,-1.6708907,3.0,-0.44708142,-0.9013582,-0.17066322,3.0,-0.17882638,0.40197867,-0.66239846,-0.5838069,-0.9904305,-0.9022686,-1.6770109,-0.58778524,-0.809017,-0.8660254,0.5,0.0
2023-11-02 00:00:00,5.0,-2.1824331,-1.8171395,-1.1969583,-1.2793281,1.5530754,2.9429643,0.66793287,-0.57737947,1.5247109,0.65254694,0.0037611504,3.0,-2.0084844,-2.2422543,-0.65016663,-2.5044737,-1.4732702,-0.85324657,-1.2249392,-2.1586556,-1.7600666,-2.0192978,1.4436631,1.7286736,-1.7286736,2.2385588,-1.7475857,-1.6550609,-1.039553,3.0,-2.102581,0.048075113,-1.7086252,-1.1398134,-1.7973619,-1.8125544,-1.8416259,-0.58778524,-0.809017,-0.8660254,0.5,0.0
2023-11-09 00:00:00,2.0,-0.24916433,-0.53759295,1.5485561,-1.2119427,0.015567783,1.6817805,-0.6732135,0.3292864,1.108192,0.57515,0.034668945,2.2117128,-2.0209405,-2.2355592,-1.2853187,-1.8731916,-1.6452465,-0.80064017,-1.4354618,-1.8473221,-1.8197829,-2.0358186,-0.17053458,1.6568449,-1.6568449,2.1170819,-2.4717057,-1.8004092,-1.0029553,2.6439912,-2.0664933,0.03555563,-1.7299994,-1.624499,-2.8725002,-1.7335876,-1.8040643,-0.58778524,-0.809017,-0.5,0.8660254,0.0
2023-11-16 00:00:00,2.0,0.66350317,0.97530043,-0.36934048,0.07112114,-0.76433456,0.89046293,-0.6672207,0.36916432,0.33496344,0.13576461,-0.27469847,1.1114678,-1.5241307,-1.8096734,-1.5005573,-1.3525977,-1.8031049,-0.6028086,-1.0875232,-1.3047202,-1.4731257,-1.6918877,-0.90933037,1.2005479,-1.2005479,2.2839181,-1.5169327,-1.6835147,-0.5957717,1.4467431,-1.716574,0.030157005,-1.3635648,0.5354494,-0.65449846,-1.2540883,-1.5099006,-0.58778524,-0.809017,-0.5,0.8660254,0.0
2023-11-23 00:00:00,5.0,-0.24642958,0.4792986,-0.16216615,1.0532842,-0.7665103,0.40726957,-0.47691977,-1.7347654,-0.081030644,-0.06634036,-0.3619522,0.36051777,-1.5855719,-1.831405,-1.6215909,-2.0806024,-1.7985466,-0.7734969,-0.83770573,-1.2391542,-1.5885983,-1.7672124,-0.8248346,1.2088795,-1.2088795,1.0648812,-1.9013989,-1.9025824,-0.44293526,0.63020813,-1.4607673,0.024415174,-1.4694576,-0.5670382,0.31359184,-1.2736846,-1.52278,-0.58778524,-0.809017,-0.5,0.8660254,0.0
2023-11-30 00:00:00,5.0,-0.040793825,-0.20946603,1.2022195,0.14591801,-1.0838279,-0.22169992,-0.6520426,-0.058981493,-0.66428286,-0.42411527,-0.5730675,-0.506772,-1.5579053,-1.7794755,-1.6565845,-0.9950488,-1.7871459,-0.98500794,-1.1609643,-1.0920979,-1.5977268,-1.7938393,-1.2163179,1.210813,-1.210813,0.2280459,-1.9482412,-2.110577,-0.10841268,-1.0103091,-1.1100718,0.019024165,-1.4845967,-1.0799742,0.38581172,-1.2787757,-1.5048754,-0.58778524,-0.809017,-0.5,0.8660254,0.0
2023-12-07 00:00:00,5.0,-0.24925432,-0.9119893,-0.07966882,-0.15589856,-0.4626246,1.724533,2.0621738,0.67153645,-0.8492804,-0.5612692,-0.63464016,-0.76040363,-1.6132307,-1.8026724,-1.6024152,-0.04520079,-2.1026073,-0.7886181,-1.1401863,-1.050427,-1.682704,-1.8481753,-0.6389054,1.3089676,-1.3089676,-1.8568758,-2.0838463,-2.2502809,-0.009425537,-1.6238252,-0.97596216,-0.10199163,-1.5307498,-1.5755067,-0.20264654,-1.3846445,-1.2898518,-0.58778524,-0.809017,-0.5,0.8660254,0.0
2023-12-14 00:00:00,5.0,0.5510295,0.539015,-0.5932399,1.5558643,-0.6329563,0.7349193,-0.72580636,0.5935609,-1.2322495,-0.91045547,-0.9172222,-1.1265961,-1.2499939,-1.5246876,-1.3570648,0.30399117,-1.3086302,-1.0288967,-1.305451,-0.7671593,-1.348264,-1.582886,-0.9183475,1.059569,-1.059569,-1.6816353,-1.3596503,-2.1470628,0.42557442,-1.70464,-0.78106576,-0.10964484,-1.1793535,0.56077355,0.30901024,-1.1163735,-1.0459358,-0.58778524,-0.809017,-2.4492937e-16,1.0,0.0
2023-12-21 00:00:00,5.0,1.3467542,1.274988,0.29940814,-1.3512958,0.37720573,1.7517674,0.919865,0.75989467,-0.8692244,-0.8862904,-1.0647745,-0.22697337,-0.4303711,-0.93090695,-0.6773216,0.5646126,-0.68556434,-0.57473624,-1.3342569,-0.2765836,-0.5212216,-0.86013734,0.4735557,0.4320978,-0.4320978,-1.1475489,-0.675432,-1.4515327,0.543093,-1.0180467,-0.2991081,-0.10011277,-0.3340644,1.0948436,1.2931647,-0.47100458,-1.0837998,-0.58778524,-0.809017,-2.4492937e-16,1.0,0.0
2023-12-28 00:00:00,5.0,0.4489268,0.62749004,-0.11284491,0.72066957,-0.7803551,-1.3852916,-2.2125068,0.28539616,-1.3709786,-1.2636628,-1.332002,-0.881831,-0.18083473,-0.7418085,-0.13880548,0.9385937,-1.0889817,-0.46162906,-1.2931356,-0.088728435,-0.26365155,-0.65835303,-1.0100982,0.22634445,-0.22634445,-1.2720641,-0.41883126,-1.471261,1.0779163,-1.0453997,-0.12517077,-1.2971399,-0.05592872,1.6289138,1.6897696,-0.25949767,-0.9763823,-0.58778524,-0.809017,-2.4492937e-16,1.0,0.0
2024-01-04 00:00:00,5.0,0.17557132,0.52948785,-0.52994764,1.3940719,-0.48988873,-0.726328,1.1935372,-0.5515652,-1.5536839,-1.4494821,-1.4640813,-1.1131588,-0.09278686,-0.67361015,0.33166108,1.0622506,-0.0549056,-0.3381859,-1.2403282,-0.003343767,-0.14940724,-0.55682385,-0.73401064,0.15666568,-0.15666568,-1.3058902,-0.111481585,-1.5276212,1.3722141,-0.80953306,-0.06281553,-1.4624006,0.06555491,2.045222,1.3568437,-0.18705897,-1.0009369,-0.58778524,-0.809017,-2.4492937e-16,1.0,1.0
2024-01-11 00:00:00,5.0,-1.5871732,-1.6998856,-1.0686285,-1.157559,1.3511376,-0.10612946,0.7841782,0.8761454,-0.37082186,-0.62542564,-0.817332,0.38905868,-1.0272878,-1.3820722,0.20662346,0.46440807,0.3266628,-0.85693145,-1.625566,-0.5389636,-1.052532,-1.2937354,1.866583,0.9909012,-0.9909012,-0.07450638,-0.42786583,-1.878148,0.13771978,0.12419052,-0.25092107,-1.2064009,-0.8965559,-0.51552474,-0.5826766,-1.0715221,-1.154295,-0.58778524,-0.809017,0.5,0.8660254,0.0
2024-01-18 00:00:00,5.0,-0.17568548,-0.6645042,0.7055976,-0.49360558,0.050824076,-0.7969013,-0.85389805,0.7057445,-0.33586958,-0.5689729,-0.7582027,0.3764998,-1.1651742,-1.4880174,0.092625864,0.10071139,0.38168204,-1.0062957,-1.6179978,-0.54100794,-1.1134609,-1.3838476,0.276476,1.1267339,-1.1267339,-0.10465648,-0.63548625,-1.9574603,0.05276644,0.4780893,-0.3862459,-1.1724962,-0.9992877,-1.0156558,-0.96822166,-1.204213,-1.1471841,-0.58778524,-0.809017,0.5,0.8660254,0.0
2024-01-25 00:00:00,5.0,0.5340443,0.7558927,-1.3338751,1.8731089,-0.29452345,-0.17772855,0.7326547,-0.17548814,-0.6279755,-0.7838596,-0.93545806,0.061774902,-0.8254578,-1.25744,0.18833095,-0.3146404,0.3111791,-1.3153089,-1.5076486,-0.29684603,-0.7019444,-1.1288264,-0.15959255,0.76824164,-0.76824164,-0.5444101,-0.19411112,-1.8446007,0.35353467,-0.06360969,-0.4097984,-1.1669295,-0.6109419,0.49841544,-0.6911576,-0.85067695,-0.80647475,-0.58778524,-0.809017,0.5,0.8660254,0.0
2024-02-01 00:00:00,5.0,0.6611599,0.48993826,1.2067915,-0.37333825,-0.3325589,-0.012189664,0.029182835,0.88083684,-0.8488884,-0.98957616,-1.1264966,-0.109839015,-0.3445413,-0.91620034,0.46988076,-0.2112531,0.76105875,-1.0695289,-1.1070285,8.525082e-05,-0.16258852,-0.737981,-0.32048693,-0.45723906,0.45723906,-0.46659052,0.25012857,-1.6320629,0.6744233,0.2542696,-0.0069665997,-1.1560953,-0.08219806,0.9838799,0.7456357,-0.52851397,-0.8361968,-0.58778524,-0.809017,0.5,0.8660254,0.0
2024-02-08 00:00:00,5.0,1.1059827,1.0669032,-0.405873,-0.15637475,0.3088257,-0.504571,-0.6273312,0.51937467,-0.7438709,-1.0347944,-1.2731324,0.2986101,0.47193208,-0.31973484,0.9869202,0.264416,1.3052164,-0.7130307,-0.92083853,0.5169596,0.7083122,-0.025399439,0.9498644,-1.7071307,1.7071307,-0.12218133,0.6525636,-1.0778689,0.86525446,0.74183905,0.33281228,-1.0948448,0.8068604,1.4780108,1.610848,0.053045604,-0.51900244,-0.58778524,-0.809017,0.8660254,0.5,0.0
2024-02-15 00:00:00,5.0,-0.16431578,-0.3190961,1.2399312,-0.057919037,-0.2347336,-0.78377,-0.44809097,-0.21680981,-0.8079579,-1.051323,-1.2572471,0.14946213,0.31106988,-0.42284575,1.2344056,0.9990717,1.3790758,-1.0853537,-1.000341,0.5391582,0.70755714,-0.13186854,0.0933241,-1.2498991,1.2498991,-1.3265805,0.39014018,-1.2070798,0.8694625,-0.102204084,0.5665604,-1.01389,0.7557204,-0.6397254,1.077923,-0.061467923,-0.090987556,-0.58778524,-0.809017,0.8660254,0.5,0.0
2024-02-22 00:00:00,5.0,1.022352,1.750298,-1.2079226,-1.109739,-0.02226773,-1.3075883,-0.8284054,-0.89057267,-0.9388127,-1.2210188,-1.4497671,0.1732435,1.0730343,0.16934597,1.6409674,1.5805062,1.5884174,-0.10679749,-0.8962204,1.1608677,1.4802631,0.5815499,0.342593,-2.1092215,2.1092215,-1.3696932,0.7707627,-0.76803964,1.2229782,-0.11011087,0.889506,-0.9606683,1.5457948,0.43813863,1.2853322,0.60425484,-0.32248718,-0.58778524,-0.809017,0.8660254,0.5,0.0
2024-02-29 00:00:00,5.0,-0.5975426,-0.7396937,-0.21724762,0.58420366,0.24671245,-0.37485617,1.22939,-0.51086605,-0.7066329,-1.0208089,-1.2708411,0.38142878,0.5304197,-0.19794698,1.6102822,1.0077946,0.6633205,-0.18486609,-0.8324168,0.8513325,1.0378001,0.14886218,0.73026025,-1.2679176,1.2679176,-0.74323934,0.32437643,-1.0189095,0.8815661,0.16913208,0.91916883,-0.857431,1.0858334,-0.63485396,0.03490233,0.21537271,-0.2929118,-0.58778524,-0.809017,0.8660254,0.5,0.0
2024-03-07 00:00:00,5.0,-0.7873051,-1.3112173,-0.44118857,-0.82473594,0.253446,0.038819384,0.30254638,0.35321927,-0.47473288,-0.7867215,-1.0484719,0.5126657,-0.11283742,-0.67736596,1.2934875,0.2892793,0.079056285,-1.1185215,-1.0496489,0.480606,0.5739081,-0.4127397,0.6519606,-0.44139004,0.44139004,-0.24084885,-0.17940427,-1.3643227,0.49677414,0.38418195,0.6859828,-0.83034325,0.5617716,-1.1336548,-0.38171166,-0.29186997,0.21667796,-0.58778524,-0.809017,0.8660254,0.5,0.0
2024-03-14 00:00:00,5.0,1.2739743,1.5735048,-0.7086185,-1.2547078,0.37671775,-0.786924,-0.93680274,0.06466203,-0.61921495,-0.97120786,-1.2723004,0.56332487,0.88406605,0.13076755,1.4034016,0.38392848,0.6036137,0.47157368,-0.8887547,1.6309253,1.4610703,0.54577696,0.62985545,-1.562385,1.562385,0.27661294,0.3800408,-0.7641082,0.8862468,0.23529318,1.2730204,-0.8018963,1.5046544,0.472524,-0.20409054,1.956037,-0.8321303,-0.58778524,-0.809017,1.0,6.123234e-17,0.0
2024-03-21 00:00:00,5.0,0.2193815,0.3504652,1.3297551,-0.10582346,-0.8811785,0.35623854,0.98145455,-0.16002095,-1.0430057,-1.2325494,-1.4162401,-0.0678716,1.0369066,0.27881598,1.5069746,0.57713354,1.4371434,1.6947057,-0.91474164,1.5784872,1.5160547,0.7732783,-0.79926795,-1.5751753,1.5751753,1.0493579,1.0083025,-0.84806544,1.273152,-0.022994898,1.5448745,-0.80239093,1.5461107,1.0283711,0.395457,2.0061414,-0.71009153,-0.58778524,-0.809017,1.0,6.123234e-17,0.0
2024-03-28 00:00:00,5.0,0.43317768,0.8218719,0.0021379895,-0.040207647,-1.4380225,-1.015647,-1.2686281,0.32196918,-1.5912211,-1.6339463,-1.6703482,-0.84510785,1.3304209,0.5844808,1.6641393,0.28052792,1.6835351,1.9694556,-0.55110776,1.6888057,1.7165694,1.1905702,-1.1704544,-1.7915504,1.7915504,0.66960365,1.2247148,-0.8834076,1.9217336,-0.4952245,1.5627775,-0.2672783,1.7590681,1.5078019,1.2116135,2.2594047,-0.45434928,-0.58778524,-0.809017,1.0,6.123234e-17,0.0
2024-04-04 00:00:00,2.0,0.87971324,1.2309433,-0.6625278,-0.5042161,-0.26830396,-1.0988114,-0.403312,0.6353121,-1.6994532,-1.8183556,-1.8552932,-0.82947236,1.9177899,1.2219193,1.9049431,1.0129555,1.7955806,2.017587,-0.30529648,1.9771149,2.197223,2.0208821,-0.3619196,-1.7692863,1.7692863,0.43743658,1.320809,-0.4200802,2.3201756,-0.69758964,1.8707527,0.49169627,2.275415,1.9433916,0.9016746,2.22221,-0.87293315,-0.58778524,-0.809017,1.0,6.123234e-17,1.0
2024-04-11 00:00:00,2.0,0.4734279,1.1096987,-1.225493,0.4159744,-1.397165,-0.49184528,0.56034076,0.26022908,-2.0489264,-2.1076474,-2.0536954,-1.4229405,2.132486,1.5509775,2.1633358,1.606176,1.6754992,2.3747199,-0.13471515,1.8904161,2.384839,2.4629376,-1.2239779,-1.7907866,1.7907866,-1.0944303,1.4076071,-0.34054834,2.8708134,-1.1756685,1.942893,0.8646111,2.4756541,2.337953,1.0575278,2.223577,-0.88713866,-0.58778524,-0.809017,0.8660254,-0.5,0.0
2024-04-18 00:00:00,2.0,-1.28927,-1.6930122,-1.2423189,-0.74897337,1.8672247,-0.477605,-0.15284601,0.7035417,-1.1452787,-1.4878167,-1.6188617,-0.0060993307,0.87732947,0.50682575,1.6233531,0.36191538,0.6471377,1.8012595,0.00026559655,0.91932154,1.1064457,1.1337953,1.7942723,-0.7879673,0.7879673,0.3815175,0.8859803,-0.8631316,1.6318725,-0.6366761,1.3054023,1.0268385,1.1653957,-0.76702094,-0.3318362,1.093888,-0.06481584,-0.58778524,-0.809017,0.8660254,-0.5,0.0
2024-04-25 00:00:00,2.0,1.4551831,1.4828358,-1.1705391,-0.80492014,1.1356522,-0.84552616,-0.6306669,0.5846064,-0.952406,-1.4613948,-1.738191,0.6278033,1.798014,1.5108541,1.6610178,0.9928447,1.3405718,2.4208567,0.3070256,1.6525038,1.9031069,2.2539403,1.3526604,-1.673434,1.673434,0.9271144,1.1343939,0.26817158,1.7659622,0.015195198,1.4948258,1.7661031,1.9603027,0.29093897,0.007177611,2.0362523,-0.022346376,-0.58778524,-0.809017,0.8660254,-0.5,0.0
2024-05-02 00:00:00,2.0,-0.7791208,-0.997835,0.63808906,-0.849944,1.3961962,0.0255896,0.7616846,0.062730335,-0.42237163,-1.016539,-1.4111769,1.258142,1.0881889,0.88528705,1.3363738,0.38087195,0.56626344,1.8234447,0.108483955,1.0006202,1.1251441,1.4811728,1.4880033,-0.5983429,0.5983429,1.2129781,0.5843481,-0.036542337,1.0589082,0.9658487,1.3605765,1.7524116,1.1390423,-0.74136347,-0.91985077,1.0990537,0.14217763,-0.58778524,-0.809017,0.8660254,-0.5,0.0
2024-05-09 00:00:00,2.0,0.5716727,0.444167,-0.34201074,1.2568414,0.71826345,0.32948133,-0.12498572,0.60241866,-0.40908805,-1.0091697,-1.4609025,1.3136106,1.4210311,1.2485809,1.2455997,0.226078,1.0737127,1.507366,0.76911116,1.215651,1.383584,1.8230554,0.93948513,-0.9520487,0.9520487,1.1987003,0.9306292,0.3953718,1.1089789,1.2531444,1.0793548,1.8011998,1.3876635,0.30127132,0.5519523,1.4137598,0.4427349,-0.58778524,-0.809017,0.5,-0.8660254,0.0
2024-05-16 00:00:00,2.0,0.08028962,-0.098589666,1.3556849,0.90215725,0.50060636,-1.2748022,-0.96790785,0.31736183,-0.3852838,-0.9591805,-1.438553,1.2710822,1.4338709,1.2765088,1.1389412,0.022236066,1.4511998,1.358753,0.7028811,1.1148618,1.321753,1.7696153,0.81076926,-0.9618711,0.9618711,1.12916,1.0740881,0.49882337,1.0497726,1.8667176,1.1499867,2.1947463,1.3428707,0.81991893,-0.3200186,1.4227211,0.39627606,-0.58778524,-0.809017,0.5,-0.8660254,0.0
2024-05-23 00:00:00,5.0,-1.1274834,-1.2110126,-0.29851645,-0.49092856,0.28151014,-1.6224557,-0.5412068,-1.4064142,-0.20780516,-0.7032976,-1.1817029,1.172287,0.48538762,0.4275659,0.6860025,0.10923351,0.41302422,0.85879683,0.1817121,0.37744576,0.5129816,0.9417434,0.6162786,-0.03658513,0.03658513,0.75763655,0.6257387,-0.1537796,0.6212389,1.1526016,0.52758026,2.2454617,0.51808536,-0.74136347,-0.57175756,0.7214358,0.5415893,-0.58778524,-0.809017,0.5,-0.8660254,0.0
2024-05-30 00:00:00,5.0,-0.10077095,-0.66239566,0.907917,-0.37993148,-1.6917949,-1.7675884,-0.5950149,0.26376975,-0.89872843,-1.1068257,-1.3643862,0.13324602,0.38474026,0.3498081,0.33590734,-0.71190846,0.27391416,1.4212685,-0.30938742,0.22733314,0.34902602,0.86879396,-1.1111648,0.07271143,-0.07271143,-0.16394551,0.2928616,-0.5240738,1.089879,0.2354212,0.28814623,2.3315136,0.3495218,-1.230931,-1.0177978,0.6311856,1.1556196,-0.58778524,-0.809017,0.5,-0.8660254,0.0
2024-06-06 00:00:00,5.0,-0.36979315,-0.4450247,1.7444395,-0.810432,1.6511433,0.11211326,1.9799479,-0.11077747,-0.24104738,-0.6446588,-1.0715218,0.94090945,0.080769755,0.076912,-0.08173429,-0.4845405,-0.07338344,1.3370707,-0.39267778,-0.11910365,-0.012810013,0.5811118,1.9136322,0.38545236,-0.38545236,-0.37160897,-0.23484188,-0.51088923,0.50556594,0.27193427,0.1813416,2.0023775,-0.021424042,-1.70738,-1.3589437,0.39245474,0.939879,-0.58778524,-0.809017,0.5,-0.8660254,0.0
2024-06-13 00:00:00,5.0,-0.11060313,-0.1152009,1.5511463,0.3917624,-0.04519732,-0.5626741,-0.6590459,-0.49945793,-0.34928143,-0.66238916,-1.0440089,0.724188,-0.03156116,-0.017255813,-0.3856861,-0.8565042,-0.508512,1.0848325,-0.46735138,-0.33350807,-0.17863865,0.4860611,0.3003629,0.5809857,-0.5809857,-0.9950391,-0.7334189,-0.65029794,0.51530194,0.052371617,-0.25323287,1.7672272,-0.20867397,-2.1017818,-0.5246458,-0.10048829,0.87010056,-0.58778524,-0.809017,1.2246469e-16,-1.0,0.0
2024-06-20 00:00:00,2.0,-0.1541926,-0.24023113,1.1036375,0.56661236,-1.0794322,-1.392126,-0.9297375,-0.50495785,-0.7925814,-0.91582495,-1.1435637,0.03939603,-0.18009952,-0.14653312,-0.6469911,-0.9814633,-0.77888304,0.7820713,-0.21105905,-0.57990366,-0.36418745,0.35051122,-0.8566163,1.2564876,-1.2564876,-1.1510464,-1.0777402,-1.0261959,0.7953308,-0.388732,-0.5358528,1.702351,-0.42380694,-2.4409602,-0.5696492,-0.36635524,0.9680438,-0.58778524,-0.809017,1.2246469e-16,-1.0,0.0
2024-06-27 00:00:00,2.0,0.6056802,0.6147261,1.1937834,-1.0195771,0.3571142,1.7752382,3.0,0.29518515,-0.726198,-0.9468871,-1.224229,0.2575986,0.3133727,0.30604634,-0.625533,-0.07787433,0.028275104,0.5827855,0.5652914,-0.14996038,-0.021511236,0.76931,0.5836165,0.7116568,-0.7116568,-1.3179774,-0.34835425,-0.5407914,0.9033524,-0.35632193,-0.15579158,1.6218951,-0.074139945,0.39130765,0.2357744,-0.058283348,0.5011603,-0.58778524,-0.809017,1.2246469e-16,-1.0,0.0
2024-07-04 00:00:00,2.0,0.17423144,-0.064706355,1.4207579,0.7566427,-1.3419333,-0.44224772,-1.3136026,0.63115174,-1.2654903,-1.3337011,-1.4506388,-0.5237445,0.4409163,0.42917004,-0.5855673,0.0623682,-0.5452037,0.7074926,0.5990945,-0.07755267,0.030078853,0.87677985,-1.0406234,0.5525018,-0.5525018,-1.2411407,0.066013865,-0.73503846,1.4330789,-0.30250934,-0.08481126,1.607323,-0.019195039,0.8581163,0.49133557,0.05964595,0.507329,-0.58778524,-0.809017,1.2246469e-16,-1.0,1.0
2024-07-11 00:00:00,2.0,-0.3578728,-0.6976467,-1.3702611,2.2586749,-0.69610405,-1.5259485,-1.1728141,-0.26074496,-1.3420725,-1.398553,-1.4637796,-0.7130038,0.095488414,0.13595717,-0.6551163,0.07676367,-0.34451222,0.20211664,0.5729591,-0.415326,-0.24331193,0.6096922,-0.66230214,0.88352954,-0.88352954,-1.2332566,-0.28373757,-1.1420683,1.4952611,-0.89798695,-0.60772556,1.5754021,-0.3049559,-0.5720776,0.29160002,-0.23418757,0.67546546,-0.58778524,-0.809017,-0.5,-0.8660254,0.0
2024-07-18 00:00:00,2.0,1.3361979,1.5632106,-1.188377,-0.8117332,0.97942203,-0.10470147,1.6522045,-0.29871556,-1.0098716,-1.3234211,-1.5628967,0.09304628,1.2145776,1.1646979,-0.2570615,0.8477514,-0.0410129,0.9079029,0.85807186,0.74267,0.63995594,1.567031,1.35075,-0.38988248,0.38988248,-0.2100035,0.16510946,0.15423223,1.554081,-0.51224416,0.26684386,1.1142642,0.602006,0.38138503,0.9380599,0.8226546,0.44499996,-0.58778524,-0.809017,-0.5,-0.8660254,0.0
2024-07-25 00:00:00,2.0,-1.3863497,-1.15659,-0.073649526,-0.58145386,2.3328784,-0.44990405,-0.4875493,-0.22279535,0.29601908,-0.3113011,-0.8739029,1.6602541,-0.013053118,0.065443285,-0.42146072,0.20248228,-0.6451216,0.72805846,0.87706286,-0.7387671,-0.3720758,0.5450621,2.2173352,0.93305117,-0.93305117,0.7883319,-0.43726763,-0.2526959,0.17627823,0.747238,-0.16817243,0.6432142,-0.48505113,-0.5720776,-0.4762267,-0.38340375,1.2530421,-0.58778524,-0.809017,-0.5,-0.8660254,0.0
2024-08-01 00:00:00,5.0,1.2313787,1.3174402,-0.5839449,-0.8290727,0.5727087,-0.72154325,-0.44142315,0.1256419,0.15110864,-0.42875886,-1.0366,1.5743079,0.88960165,0.93856025,-0.19977175,0.5295113,0.336496,0.6694632,0.5983208,0.5185459,0.34277752,1.2877793,1.024987,-0.21544078,0.21544078,1.1326433,0.027713858,0.6467291,0.42891145,0.7783144,0.10495755,0.511892,0.2598717,0.38138503,0.81716114,0.32619146,1.3645585,-0.58778524,-0.809017,-0.5,-0.8660254,0.0
2024-08-08 00:00:00,2.0,-3.0,-1.8512112,-1.1537733,-1.3352077,3.0,2.5569367,3.0,-2.036726,3.0,2.2538297,1.0261415,3.0,-1.5592159,-1.6564783,-0.9684947,-1.7652544,-1.3127692,-0.9510156,-0.47016856,-2.569155,-1.669169,-0.8991646,2.2040436,1.5490584,-1.5490584,2.2607534,-1.3629296,-0.66995037,-2.005647,3.0,-2.4510636,0.09252612,-1.7727916,-0.5720776,-2.7188027,-1.6124593,2.6721122,-0.58778524,-0.809017,-0.8660254,-0.5,0.0
2024-08-15 00:00:00,2.0,0.5323052,0.3546542,-0.016650733,1.2081126,0.06907619,0.23749612,-1.2392231,0.60643893,2.3102129,1.8927798,0.8922974,2.6219256,-1.188623,-1.2696397,-1.304389,-1.2472084,-0.9214122,-0.9065927,-0.14684837,-1.7542489,-1.346631,-0.6217885,0.8508325,0.978478,-0.978478,2.2539692,-0.53942657,-0.46856663,-1.7481109,2.9658854,-2.5099185,0.074561514,-1.4306391,0.3605823,-1.1535271,-0.9939042,2.4853535,-0.58778524,-0.809017,-0.8660254,-0.5,0.0
2024-08-22 00:00:00,2.0,0.17493093,-0.22514701,1.6542325,-0.033810556,-1.0098805,-0.20821731,-0.49380904,0.8736879,1.0763972,1.1253867,0.5025857,1.2365115,-1.0749586,-1.1422546,-1.5018185,-1.7941885,-0.8025735,-1.1842998,-0.1051486,-1.4052185,-1.2689023,-0.5867326,-1.1311067,0.83252937,-0.83252937,1.8665215,0.18650825,-0.83993495,-1.2430352,1.7477083,-1.6322349,0.037798464,-1.3508362,0.82932127,-1.857854,-0.9099747,2.5186198,-0.58778524,-0.809017,-0.8660254,-0.5,0.0
2024-08-29 00:00:00,5.0,0.18311907,0.18942799,2.2280931,-1.112016,-0.56187814,-0.8408018,-0.788984,-0.18616173,0.5126207,0.7289123,0.29192993,0.5894183,-0.94946223,-1.0106542,-1.4978743,-0.9834295,-0.65413225,-1.2883147,-0.1454473,-1.1537752,-1.1124654,-0.4945945,-0.43280056,0.7422804,-0.7422804,1.7882324,0.74124134,-0.97968256,-0.9338911,0.5274026,-1.1922467,-0.0029379379,-1.1959804,1.2887237,0.56205964,-0.8186122,2.514395,-0.58778524,-0.809017,-0.8660254,-0.5,0.0
2024-09-05 00:00:00,5.0,-0.79835594,-1.2972823,-0.23127434,-0.98368096,-0.065339334,-0.47842926,0.22550113,0.30120227,0.562121,0.85426795,0.5309849,0.4563444,-1.3768557,-1.466616,-1.578762,-1.9710685,-1.2568595,-1.0999554,-0.6392489,-1.358265,-1.4745477,-0.9448417,0.53524697,1.217554,-1.217554,1.3940462,0.083286196,-1.5233911,-1.0976986,0.34822533,-1.2915621,-0.039076295,-1.5770704,-0.5838781,-0.2146496,-1.278561,2.3639362,-0.58778524,-0.809017,-0.8660254,-0.5,0.0
2024-09-12 00:00:00,5.0,-0.8833076,-1.3001829,-1.3754872,0.45781448,0.3139133,0.93268275,1.4128983,1.0834045,0.9117736,1.2040898,0.93520564,0.6406467,-1.7705709,-1.8925909,-1.7016952,-0.43053105,-1.688747,-1.9724069,-0.62558043,-1.5007868,-1.7370931,-1.3569983,1.399057,1.2335018,-1.2335018,-0.9579355,-0.8485324,-1.8848723,-1.4078751,-0.8908184,-1.4741797,-0.07063395,-1.8179337,-1.0488088,-0.7434395,-1.2865652,2.3155136,-0.58778524,-0.809017,-1.0,-1.8369701e-16,0.0
2024-09-19 00:00:00,5.0,1.4191378,1.2943096,-0.4907027,-0.7848525,0.42498887,-0.11362148,-0.8920646,0.19550985,0.8716809,1.0152333,0.65474916,0.83561987,-0.73945004,-0.9303506,-1.3529757,0.052465267,-0.90992886,-1.0977865,-0.6087726,-0.7880056,-0.87287486,-0.48627156,1.4111536,0.56497496,-0.56497496,-0.44306856,-0.09955132,-0.9218821,-1.1403124,-0.6597829,-0.9268607,-0.09646724,-0.92093873,0.38138503,0.17069072,-0.6151943,2.1170468,-0.58778524,-0.809017,-1.0,-1.8369701e-16,0.0
2024-09-26 00:00:00,2.0,0.05675505,-0.6341356,1.1314777,-0.7870273,-0.29889646,1.4143361,1.3647352,1.9463879,0.5378114,0.78599304,0.5445189,0.42238837,-0.72026193,-0.90147436,-1.1030064,-0.012187434,-1.3966073,-1.2739341,-0.50830674,-0.6970841,-0.7702776,-0.4632065,-0.12159276,0.5509814,-0.5509814,-0.42259508,0.97299933,-1.059424,-0.97076535,-0.32368997,-0.54318625,-0.34455907,-0.7772893,0.831641,0.6203614,-0.6032733,1.9764936,-0.58778524,-0.809017,-1.0,-1.8369701e-16,0.0
2024-10-03 00:00:00,2.0,1.4928329,1.5396105,-0.8536393,-1.148777,1.2877934,0.5287351,-0.6881802,-3.0,1.1426345,1.0619972,0.55643415,1.3506225,0.31151357,0.106560715,-0.4733424,0.72157323,-0.18861943,-0.71097624,-0.015823718,0.050384615,0.12961644,0.4850995,1.8451474,-0.20762616,0.20762616,-0.020665986,1.6359314,0.3339345,-1.0200511,0.5272973,-0.26572052,-0.48923355,0.13215704,1.2742261,2.0282078,0.28961352,1.6847243,-0.58778524,-0.809017,-1.0,-1.8369701e-16,1.0
2024-10-10 00:00:00,5.0,-0.2372904,-0.61566275,-0.1707768,1.0912939,-0.426497,-0.3430821,-0.8105072,0.1832254,0.6744207,0.8097936,0.48189202,0.69882417,0.12971835,-0.059743732,-0.15935166,1.0174068,-0.7662613,-0.39112425,-0.003123822,-0.048005823,0.027188884,0.32725924,-0.23300661,-0.07382754,0.07382754,-0.19325465,0.91350365,-0.01469706,-0.8624725,0.31036177,-0.043426994,-1.0818383,0.019706398,-0.60193497,0.8450564,0.13178691,1.6046282,-0.58778524,-0.809017,-0.8660254,0.5,0.0
2024-10-17 00:00:00,2.0,-0.15537323,-0.78417134,0.18984619,0.09395277,-0.63221526,-0.9043558,-0.71430606,0.86167777,0.20392434,0.49492,0.33156067,0.09118957,0.00040475678,-0.17423102,0.030519228,1.3917824,0.7893758,-0.41707826,-0.085508525,-0.10393008,-0.035222687,0.17891316,-0.64627177,0.015458936,-0.015458936,-0.55121034,0.41367537,-0.37801337,-0.6395274,-0.117853664,-0.044825554,-1.1235764,-0.05718241,-1.0387486,0.70022786,0.02152615,1.5480012,-0.58778524,-0.809017,-0.8660254,0.5,0.0
2024-10-24 00:00:00,5.0,0.3933108,0.6116364,1.1541313,-0.84911627,-0.90247315,-0.6924984,0.046222705,0.3279321,-0.41758072,-0.03606277,-0.06708981,-0.5928697,0.27136502,0.09069815,0.2738707,0.84113157,0.73164463,-0.13020678,0.013309424,0.12007955,0.20625487,0.36755875,-1.1175236,-0.1851703,0.1851703,-0.86596304,0.7926689,-0.47138336,-0.15395084,-0.6447324,0.10780604,-1.183392,0.20042783,0.36605248,-0.038976137,0.22172016,1.4727284,-0.58778524,-0.809017,-0.8660254,0.5,0.0
2024-10-31 00:00:00,2.0,-0.44712326,-1.2589692,-0.37730724,-0.81319964,-0.5985507,-0.14128423,0.5025087,0.44909698,-0.63523453,-0.22098848,-0.12779275,-0.9097911,-0.07959542,-0.22681978,0.31664377,0.572444,0.4632787,-0.26556137,-0.59846073,-0.09311512,-0.051281575,0.014834665,-0.6961617,-0.08264425,0.08264425,-0.69941217,0.16420846,-1.0876983,-0.028934604,-0.73004645,0.007083642,-1.1910058,-0.06417046,-0.54401386,-0.20517674,-0.044940136,1.426479,-0.58778524,-0.809017,-0.8660254,0.5,0.0
2024-11-07 00:00:00,2.0,1.9382888,1.4978349,-0.9682529,-0.82660925,0.9726557,0.7476765,0.7649881,0.5182709,-0.0058683767,-0.048862614,-0.30091447,0.3162259,1.300385,1.1667893,0.8032116,0.83808476,1.2689316,0.57144976,0.24628435,1.0107948,1.1232998,1.2786199,1.613209,-1.4998986,1.4998986,-0.3601348,0.96797323,0.9561756,0.014525812,-0.7014776,0.6685493,-0.54075104,1.1137105,0.38681805,1.2617759,1.1043177,1.4226744,-0.58778524,-0.809017,-0.8660254,0.5,0.0
2024-11-14 00:00:00,5.0,0.21559936,0.28479555,-1.0069641,2.9129536,-0.6872601,0.16094114,-0.6312749,0.0060773413,-0.47953054,-0.4162362,-0.56286716,-0.2644247,1.4167993,1.3073282,1.2035835,1.084179,1.685285,0.45366296,0.33874744,1.1053123,1.278402,1.3814061,-0.749548,-1.6745704,1.6745704,-0.44265366,1.4398482,0.9206537,0.40337345,-0.7528287,0.99878067,-0.09576698,1.2907017,0.8483684,1.1109108,1.234133,1.4062226,-0.58778524,-0.809017,-0.5,0.8660254,0.0
2024-11-21 00:00:00,2.0,0.5238283,0.7258526,-0.062681,0.39671195,-0.90819436,0.11756975,-0.17654456,0.8852872,-1.022776,-0.9070952,-0.9600762,-0.8951121,1.750575,1.6839418,1.6067141,1.4525514,2.2448065,0.6123519,0.25872573,1.3520508,1.6760658,1.7262591,-1.1388047,-1.5973834,1.5973834,-0.5576426,1.6624641,1.1474072,1.0291197,-0.82866466,1.3481795,0.53724176,1.6926405,1.3006545,1.7281753,1.5648665,1.2841243,-0.58778524,-0.809017,-0.5,0.8660254,0.0
2024-11-28 00:00:00,2.0,0.1517002,-0.013138908,0.9598424,1.1878662,-0.56702685,0.46166638,0.17289434,0.43014705,-1.151984,-1.0864018,-1.1097482,-1.0107033,1.7755337,1.7372229,1.7874328,1.3041672,1.6726187,0.7985879,1.0238792,1.3027607,1.7194154,1.7488933,-0.4839758,-1.4013169,1.4013169,-0.50637835,1.739706,1.1753324,1.2749122,-0.6124622,1.3441246,0.738843,1.7119735,1.690603,0.49151045,1.5669165,1.299108,-0.58778524,-0.809017,-0.5,0.8660254,0.0
2024-12-05 00:00:00,5.0,-0.71831256,-1.369745,-0.55487305,-0.78195465,-0.38130715,-0.96971065,-1.1710331,-0.14071228,-1.0480208,-1.0075046,-0.98041636,-0.9375336,1.0566865,1.114483,1.5656509,1.1441303,1.3271661,0.035188623,0.8764358,0.9303779,1.2046918,1.162042,-0.06410177,-0.97292155,0.97292155,-0.3029707,1.1296352,0.39914355,1.0910416,-0.42741755,1.0614235,1.4097594,1.200218,-0.605498,-0.31561816,1.0997747,1.33374,-0.58778524,-0.809017,-0.5,0.8660254,0.0
2024-12-12 00:00:00,5.0,-0.37899965,-1.0143232,-0.24030067,-0.21796593,-0.25549644,1.1071384,2.2353573,0.75376356,-0.9538662,-0.96017236,-0.9205056,-0.8205256,0.7101541,0.8143695,1.2264591,-0.10026845,0.55899876,0.38429976,0.031168444,0.71946967,0.9169686,0.85150516,0.11777922,-0.76297355,0.76297355,-1.2113701,0.4454411,-0.027412336,0.9905924,-0.973298,0.8187076,1.4105644,0.8852089,-1.0336143,-0.9722711,0.8752192,1.2190245,-0.58778524,-0.809017,-2.4492937e-16,1.0,0.0
2024-12-19 00:00:00,2.0,-2.4866571,-1.6993998,-1.1318805,-1.1895202,1.6941836,0.9878879,-0.19897215,-0.6282589,0.7790841,0.50695753,0.37297633,0.9961071,-0.9432725,-0.8639885,0.20605238,-1.4997525,-0.35906562,-1.0542753,0.041035227,-0.5034441,-0.5467309,-0.69697994,1.9192349,0.7130153,-0.7130153,0.0015890928,-0.19650233,-1.352051,-0.7258119,0.21448866,-0.094476834,0.9214502,-0.62305105,-1.451578,-2.5352156,-0.53887844,1.366718,-0.58778524,-0.809017,-2.4492937e-16,1.0,0.0
2024-12-26 00:00:00,2.0,-0.054496743,-0.33547428,-1.171205,2.745391,-0.6463964,2.3176284,0.57335305,0.27946156,0.26573777,0.20881599,0.20429602,0.28319237,-0.9972363,-0.9152376,-0.37463352,-1.8737447,-0.319404,0.41286033,1.1599317,-0.58583057,-0.64199036,-0.80891824,-0.8451121,1.0703355,-1.0703355,0.50281495,-1.0852904,-1.789405,-0.48775938,0.34945107,-0.6590666,0.6351571,-0.72564024,-1.8454344,-1.8951691,-0.59334946,0.451087,-0.58778524,-0.809017,-2.4492937e-16,1.0,0.0
2025-01-02 00:00:00,2.0,0.21950406,0.62052876,-0.1754242,0.74246615,-0.8573933,-1.2620294,-1.7662396,-0.47830734,-0.41711646,-0.28031477,-0.14049934,-0.5091697,-0.8608036,-0.78676474,-0.73361015,-1.8694768,-0.4044758,0.28443247,1.3709017,-0.5091616,-0.58363885,-0.78425777,-1.1118885,0.9584157,-0.9584157,0.5743425,-0.8924594,-2.0794733,-0.03841839,0.1149076,-0.5653714,0.6565495,-0.67656606,0.32754976,-1.4987326,-0.50305176,0.22546984,-0.58778524,-0.809017,-2.4492937e-16,1.0,1.0
2025-01-09 00:00:00,5.0,1.1950731,1.5211587,-0.6542273,-1.2283281,-0.049689718,-0.113207735,1.2452803,0.4653543,-0.43678507,-0.4711527,-0.4671827,-0.2566023,0.020912653,0.049803417,-0.6138757,-0.8684177,0.26806465,0.67696357,1.534579,0.08246764,0.119513065,-0.030042,0.3242901,0.24654046,-0.24654046,1.2620598,-0.44003263,-0.8522156,0.28239146,0.30437008,-0.071480714,0.64216375,0.045986086,0.7636077,0.93792737,0.1365007,0.25846246,-0.58778524,-0.809017,0.5,0.8660254,0.0
2025-01-16 00:00:00,5.0,1.618434,1.1002643,-1.126172,0.42733547,0.6872269,0.15279806,0.08474199,3.0,-0.1304761,-0.456488,-0.73413265,0.46588764,1.0973387,1.172434,-0.06751482,0.230201,0.087316714,1.234843,2.2784832,0.927282,1.0727291,1.0474236,1.3852626,-0.8087948,0.8087948,1.6758983,0.070986286,1.0888983,0.46561193,0.7812857,0.6708751,0.60773325,1.0266721,1.1681141,1.8949002,1.0841976,0.20734066,-0.58778524,-0.809017,0.5,0.8660254,0.0
2025-01-23 00:00:00,5.0,-0.43482137,-0.58399504,1.7566062,-1.0657542,-0.20590048,-0.39607215,-0.5314718,-0.70307446,-0.26999292,-0.47811508,-0.6864739,0.18027014,0.7654681,0.8519261,0.15245515,1.4512854,-0.20681249,1.3745718,2.0356302,0.60352147,0.7042553,0.74719036,0.056506682,-0.5237831,0.5237831,-0.21633205,-0.5655632,0.57752043,-0.5654164,-0.46517393,0.7918782,0.6065046,0.671882,-0.6061446,1.4192044,0.8198346,-0.12819825,-0.58778524,-0.809017,0.5,0.8660254,0.0
2025-01-30 00:00:00,2.0,-0.19488138,-0.9083466,0.09311258,-0.1120923,-0.66932887,-0.21545471,-0.06020898,0.93418944,-0.7096853,-0.7748951,-0.87250847,-0.41358468,0.6211001,0.7141393,0.24497125,1.3483118,-0.5753518,1.6218021,1.9911841,0.42905474,0.4767458,0.6194231,-0.9145984,-0.40027228,0.40027228,-0.13974327,-1.3889906,0.09182389,-0.31292802,-0.45967942,0.49678102,0.47622743,0.42578337,-1.0673375,0.49437135,0.62075174,-0.06484735,-0.58778524,-0.809017,0.5,0.8660254,0.0
2025-02-06 00:00:00,2.0,-0.58938235,-0.70104766,-0.9021468,1.531906,1.3555282,1.06056,0.8653099,0.5655656,0.28104684,0.01047804,-0.24101074,0.6924557,0.13208672,0.25590208,0.06204091,0.88526255,-0.9524122,0.8455271,1.5236768,-0.02635961,-0.030179463,0.16697389,1.5570916,-0.0007349858,0.0007349858,0.22184554,-2.288459,0.08954204,-1.0559936,0.656203,-0.04314874,0.3144483,-0.081940666,-1.4587799,-0.83918583,0.02314535,-0.15938398,-0.58778524,-0.809017,0.5,0.8660254,0.0
2025-02-13 00:00:00,2.0,0.3847286,0.15217793,0.9179731,0.86944664,0.5637087,-0.54805505,-1.0734332,0.9837956,0.4174733,0.121943034,-0.21214843,0.88802975,0.43520063,0.545175,0.0541435,0.4402454,-0.40704548,0.96666056,1.1598103,0.17932096,0.14262106,0.4255812,1.1190555,-0.25638762,0.25638762,-0.07531205,-1.614277,0.620232,-1.0611035,0.7761522,0.18577358,0.30378896,0.07508445,0.3090933,-0.2999207,0.30514872,-0.15470076,-0.58778524,-0.809017,0.8660254,0.5,0.0
2025-02-20 00:00:00,2.0,0.4637723,0.8737367,-0.30706316,0.25181383,-0.32779813,-0.9739176,-0.604469,-0.49814186,-0.10765287,-0.2666094,-0.5441327,0.31773543,0.7961376,0.8926677,0.18742989,-0.21593687,0.009605609,0.54752755,1.1705887,0.47767556,0.4249795,0.74386847,-0.40213278,-0.56928366,0.56928366,-1.2446326,-1.0804156,0.84163094,-0.6673578,0.04826644,0.3292233,0.28656235,0.37087116,0.7636077,0.13375248,0.64983463,0.051599503,-0.58778524,-0.809017,0.8660254,0.5,0.0
2025-02-27 00:00:00,2.0,-0.44140786,-0.93043387,0.13385417,-0.38191405,-0.4991602,-0.21549593,0.6232362,-0.095787905,-0.46379519,-0.46580833,-0.5983502,-0.24035098,0.37732172,0.51563835,0.124491006,-0.21932457,1.0646393,0.4732423,0.9352843,0.102727495,0.08070153,0.4008289,-0.7058529,-0.25889206,0.25889206,-1.2324508,-1.5699886,0.15198028,-0.54692405,-0.13774297,0.26208648,0.44075623,0.034996666,-0.54541636,0.20409168,0.30779672,0.14628156,-0.58778524,-0.809017,0.8660254,0.5,0.0
2025-03-06 00:00:00,2.0,-0.95294785,-0.7423388,0.25672516,0.05838594,2.1499262,0.96128386,0.8475331,0.23465517,1.1686316,0.8571286,0.5235109,1.4768264,-0.43205097,-0.23431846,-0.24139704,-0.6381721,0.623934,0.17898226,1.2337526,-0.61536115,-0.5578118,-0.28054875,1.7406579,0.28642192,-0.28642192,-0.85035723,-2.1019511,0.18385927,-1.6083328,1.3619787,-0.28001133,0.6375949,-0.5892669,-0.9865285,-0.71259564,-0.39982992,0.29455906,-0.58778524,-0.809017,0.8660254,0.5,0.0
2025-03-13 00:00:00,5.0,0.36711177,0.3421477,1.7825972,-0.74329966,1.4100181,1.2700522,0.094964795,-0.69844544,1.7803684,1.4049836,0.936491,2.0619478,-0.1063407,0.06067646,-0.34166408,-0.09643744,0.6935183,0.16225542,1.5203549,-0.3484928,-0.33792073,-0.019082597,1.560724,-0.100654766,0.100654766,-0.81249875,-1.2496902,0.97017837,-1.8301461,1.2544101,-0.114302866,0.5853615,-0.36083505,0.34899035,-0.74981254,-0.13260289,-0.112405464,-0.58778524,-0.809017,1.0,6.123234e-17,0.0
2025-03-20 00:00:00,5.0,2.1977215,1.6600941,-1.1786216,-1.0817665,1.6379169,0.78842723,-0.36333713,-0.8110771,2.0278893,1.5087811,0.7205927,2.598007,1.6370002,1.8277214,0.1494654,0.9603584,1.2090837,1.2503005,2.2954614,1.2749053,0.8918721,1.4557912,1.6574878,-1.5062348,1.5062348,0.5777296,-0.55411804,3.0,-1.5927312,1.7760266,0.80777574,0.48110208,0.85455143,0.7931111,1.0013707,1.6775165,0.04631663,-0.58778524,-0.809017,1.0,6.123234e-17,0.0
2025-03-27 00:00:00,5.0,0.6734855,1.2720929,-0.6544499,-0.62212425,-0.14226578,1.888799,0.6363798,-1.272661,1.2364404,1.006366,0.32715926,1.7221586,2.0110664,2.2470782,0.63396686,1.0822351,0.7489588,0.71253103,2.267871,1.5279288,1.2900078,1.9379841,0.3005441,-1.4034283,1.4034283,0.83226645,0.3336838,3.0,-1.1980181,1.745838,1.5333834,0.4816118,1.218681,1.2292086,1.9539074,1.5807437,-0.20153528,-0.58778524,-0.809017,1.0,6.123234e-17,0.0
2025-04-03 00:00:00,2.0,-0.33103573,-0.42605662,0.71457773,0.5220632,-1.0100244,-0.16460201,-1.1478713,-1.0112296,0.28870007,0.41028392,0.00204608,0.50275815,1.640606,1.8817832,0.8783061,1.128081,0.7966435,0.48738182,1.6463174,1.1433012,1.1316874,1.7571719,-1.1753016,-1.1901385,1.1901385,0.7442863,-0.21240911,2.514878,-0.825885,1.3573066,1.3455831,0.5024064,1.0704188,-0.54541636,1.423162,1.3247924,-0.2106947,-0.58778524,-0.809017,1.0,6.123234e-17,1.0
2025-04-10 00:00:00,5.0,-3.0,-0.9477065,-1.1078258,1.1345478,3.0,2.814489,3.0,-3.0,3.0,3.0,3.0,3.0,-1.2476715,-1.0919371,-0.22163963,-0.6890098,-1.1379583,-1.4943784,-0.06289134,-1.268533,-1.0197014,-0.8008986,1.6365544,0.73932785,-0.73932785,2.1374743,-1.4395372,1.4756705,-3.0,3.0,-1.2137835,-0.18941443,-1.0277501,-0.9865285,-2.2163234,-0.86364853,0.48798093,-0.58778524,-0.809017,0.8660254,-0.5,0.0
2025-04-17 00:00:00,2.0,-1.9869806,-1.2093949,-1.1467314,0.28307396,0.42109925,1.428989,-0.7157919,-2.4670804,3.0,3.0,3.0,3.0,-2.0895195,-2.1702,-1.0204864,-2.1520092,-1.9433725,-2.429811,-1.51363,-2.004071,-1.6991465,-1.6748276,1.2676634,1.5753039,-1.5753039,2.0273952,-2.249282,0.62796926,-3.0,2.8346486,-1.9847075,-0.226001,-1.6650062,-1.3863558,-3.0,-1.7776558,0.6914471,-0.58778524,-0.809017,0.8660254,-0.5,0.0
2025-04-24 00:00:00,2.0,0.3112945,0.009189348,0.6859426,1.6510943,-0.19107842,-0.39891338,-1.2495351,1.0771039,3.0,3.0,3.0,2.1390975,-1.8242792,-1.8978325,-1.4489284,-2.94165,-1.8885796,-1.9298319,-1.1072145,-1.5573028,-1.4944261,-1.5220171,0.76949596,1.397305,-1.397305,1.0830209,-1.5357804,0.53376645,-2.830608,1.6462647,-1.646322,-0.26271704,-1.4792522,0.3784356,-2.4902058,-1.5931876,0.8218557,-0.58778524,-0.809017,0.8660254,-0.5,0.0
2025-05-01 00:00:00,5.0,-0.08434753,-0.5428252,0.46285138,0.33570412,-0.44984418,0.006346689,0.25219426,0.96715087,2.302731,2.9205647,3.0,1.197342,-1.8089272,-1.8915807,-1.6997714,-3.0,-2.0669441,-1.8120322,-0.8397777,-1.3744531,-1.4843698,-1.5953442,0.023076069,1.407228,-1.407228,0.72625095,-1.9727503,0.15216546,-2.5258527,1.3633293,-1.3074064,-0.30226573,-1.4645197,-0.52233976,-0.5127762,-1.6208003,0.60943407,-0.58778524,-0.809017,0.8660254,-0.5,0.0
2025-05-08 00:00:00,2.0,0.002714071,0.15826103,2.0039506,-0.46896446,-0.5697688,0.4816053,0.28502634,-0.69084966,1.5373024,2.301132,2.7258756,0.37021607,-1.7505416,-1.8316096,-1.8131379,-2.7128515,-1.8183254,-0.81780595,-1.406266,-1.2531815,-1.504192,-1.6285505,-0.3961969,1.3806361,-1.3806361,1.0302253,-2.1851163,-0.2659213,-2.2351682,1.3724128,-1.1269327,-0.34543404,-1.4724869,-0.9415357,0.1373632,-1.5823574,0.29133496,-0.58778524,-0.809017,0.5,-0.8660254,0.0
2025-05-15 00:00:00,5.0,1.1868839,1.2842482,-0.09369744,-1.1056837,-0.27098438,-0.2541635,-0.778639,0.6622035,1.1298803,1.8060449,2.170789,0.119435206,-0.9097208,-1.0210961,-1.5219375,-0.29475662,-0.8202328,-0.2564,-0.8899063,-0.74624044,-0.9396731,-0.98296297,0.4318701,0.8196241,-0.8196241,-0.29575625,-1.4605238,0.2570682,-1.8954276,-1.1158493,-0.77867144,-0.3944067,-0.92520756,0.40221962,0.6386651,-0.9779092,0.56308174,-0.58778524,-0.809017,0.5,-0.8660254,0.0
2025-05-22 00:00:00,5.0,-1.1181028,-1.0541043,0.4121843,-1.1814584,-0.2893028,-0.24367496,-0.07947285,-1.498749,1.0960716,1.8256735,2.3064563,-0.1303766,-1.4190692,-1.5829921,-1.4981562,0.14775755,-1.5361605,-0.8607781,-1.6657616,-1.0991534,-1.4521586,-1.5659444,0.5141553,1.3332789,-1.3332789,-0.98078436,-1.6375669,-0.592261,-1.9315709,-1.4119241,-0.8777799,-0.4254497,-1.4298042,-0.4677572,0.24737908,-1.521028,0.69111973,-0.58778524,-0.809017,0.5,-0.8660254,0.0
2025-05-29 00:00:00,5.0,0.16536744,0.43904898,1.0409389,0.03357273,-0.7095771,-0.7764991,-0.6637191,-0.58369607,0.61503994,1.4045844,1.9481434,-0.671445,-1.3103591,-1.465963,-1.4294426,0.073579274,-2.3336065,-1.2377088,-1.9043702,-0.9375168,-1.3811901,-1.5150793,-0.6985901,1.2540172,-1.2540172,-0.939463,-1.1332633,-0.9065757,-1.7074279,-1.4864892,-0.8512276,-0.43594626,-1.3746635,0.4726466,0.32541394,-1.4315474,0.68339944,-0.58778524,-0.809017,0.5,-0.8660254,0.0
2025-06-05 00:00:00,2.0,0.34213376,0.37471738,1.2147337,0.015528347,-0.6397734,0.28129572,1.0868844,0.32683718,0.2728701,1.0541651,1.6264738,-1.0264689,-1.0846857,-1.2472085,-1.2455478,0.29952845,-2.3710265,-1.6990347,-1.870045,-0.7260824,-1.1694888,-1.3582183,-0.5103104,1.0999751,-1.0999751,-0.85716397,-0.52261364,-1.0353304,-1.5012313,-1.4478539,-0.6285336,-1.2105141,-1.1615349,1.0005207,-0.14542767,-1.265738,0.77023864,-0.58778524,-0.809017,0.5,-0.8660254,0.0
2025-06-12 00:00:00,5.0,1.4367365,1.513426,-1.2156304,-0.33546796,-0.1215427,-0.30215478,-0.58341384,0.5809086,0.22200543,0.78856885,1.2311558,-0.7867668,-0.08895034,-0.3051433,-0.64213157,1.0546131,-1.5200626,-0.8670979,-0.6109145,-0.120793834,-0.26809412,-0.44078818,0.89511645,0.386603,-0.386603,-0.5196821,0.010321871,-0.062448017,-1.2136251,-1.0937546,-0.2644314,-2.673787,-0.27085543,1.4290934,1.0728176,-0.51074636,0.8527026,-0.58778524,-0.809017,1.2246469e-16,-1.0,0.0
2025-06-19 00:00:00,5.0,0.67158145,1.0829437,-0.13830653,-0.4125315,-0.4308294,0.5370302,0.6360879,-0.30482423,0.042692915,0.5419497,0.9632696,-0.8582625,0.33970335,0.11991219,-0.03282503,0.7898136,0.44151175,-0.49446195,-0.87433225,0.19603765,0.18371107,0.00070876983,0.14228405,0.03458259,-0.03458259,-0.6588868,0.67373353,0.2647576,-0.9937125,-1.0790486,0.13343021,-2.0739017,0.17281207,1.8301017,1.3054569,-0.14218366,0.7398703,-0.58778524,-0.809017,1.2246469e-16,-1.0,0.0
2025-06-26 00:00:00,5.0,-0.86574274,-1.0244535,0.22812378,-0.8538811,0.11034718,0.5006305,-0.1767015,0.1839798,0.42347556,0.8174465,1.2431544,-0.45140418,-0.22927384,-0.41830537,0.1607171,0.91853774,0.9633024,-0.6797109,-0.9768805,-0.13507564,-0.30243832,-0.53453475,0.9509658,0.496305,-0.496305,-0.80870426,0.02750503,-0.20586318,-1.208342,-0.78883743,0.08744804,-1.6311942,-0.31144968,-0.48648274,0.67735845,-0.6266204,0.45500422,-0.58778524,-0.809017,1.2246469e-16,-1.0,0.0
2025-07-03 00:00:00,2.0,0.91379946,1.4596246,-1.3679181,-0.004283508,-0.58547425,-0.3746746,-0.7240877,0.31212512,0.030958852,0.43273997,0.8514174,-0.7692124,0.36845267,0.17212461,0.5621029,1.2949103,1.2462662,-0.39548457,-0.7551071,0.29542327,0.31010872,0.0820582,-0.33140904,0.011602278,-0.011602278,-0.74605036,0.5414328,0.19131279,-0.88493526,-0.673041,0.1512195,-1.6216421,0.29089713,0.44015104,0.34983343,-0.1139745,0.552103,-0.58778524,-0.809017,1.2246469e-16,-1.0,1.0
2025-07-10 00:00:00,2.0,0.9168366,1.1527776,-0.8752305,0.21421658,-0.10934828,-0.62675637,-0.30349934,-0.18031608,0.029248148,0.3033108,0.6365448,-0.55797374,0.9476447,0.7720176,1.0722119,1.564223,1.7087853,-0.1326073,-0.3254869,0.7547156,0.9609946,0.7447614,0.7742673,-1.0310049,1.0310049,-0.7092809,1.0013305,0.9402937,-0.70362014,-0.33764857,0.5875299,-1.3905971,0.9242841,0.90346795,0.4513828,0.4401158,0.4869078,-0.58778524,-0.809017,-0.5,-0.8660254,0.0
2025-07-17 00:00:00,2.0,-0.52337855,-0.8191696,0.63882065,-0.6675281,-0.43780473,-0.3619211,0.102485985,-0.26464665,-0.012467023,0.2850943,0.67098427,-0.6629767,0.5404599,0.4028332,1.2111274,0.56582135,1.4385997,-0.21211173,-0.13248554,0.522531,0.62521464,0.38340208,0.10091389,-1.1285374,1.1285374,-0.7060444,0.46613023,0.40564728,-0.72537094,-0.46646914,0.6933911,-1.1961411,0.57299215,-0.48648274,0.58211464,0.12115102,0.53581,-0.58778524,-0.809017,-0.5,-0.8660254,0.0
2025-07-24 00:00:00,2.0,0.57214874,0.7601158,-0.07363012,0.26766428,0.065436296,2.9087133,3.0,-0.67444927,0.12895617,0.2972245,0.5955626,-0.33020014,0.89256066,0.770016,1.3581378,0.5195792,1.1514847,0.46553382,0.20054589,0.7760996,0.972144,0.7535243,0.8547992,-1.5492808,1.5492808,-0.69633013,1.5361444,0.96641994,-0.6700422,-0.18237622,0.713557,-1.136123,0.87471855,0.41962716,0.3975924,0.46904817,0.47856453,-0.58778524,-0.809017,-0.5,-0.8660254,0.0
2025-07-31 00:00:00,2.0,0.08040911,0.28114742,1.7892485,-0.71379906,-0.68993855,-0.22651917,-1.4321702,-0.39935908,-0.20887825,0.040903464,0.3951033,-0.74983734,0.9209502,0.8070358,1.4765513,0.98922175,1.6573309,0.36085078,0.3899327,0.7920334,1.036808,0.79959154,-0.8749577,-1.3670901,1.3670901,-1.1407088,1.6528829,0.756502,-0.46448025,-0.6037498,0.9164471,-0.88947564,0.94225055,0.85721934,-0.01021131,0.51433736,1.247277,-0.58778524,-0.809017,-0.5,-0.8660254,0.0
2025-08-07 00:00:00,2.0,-0.13129832,0.22311735,0.5869501,0.9414592,-0.55473596,-0.26654464,-0.21207169,-1.2458129,-0.40205404,-0.12321108,0.2743424,-0.9861173,0.7853069,0.69377166,1.4407305,0.4645611,1.4967011,-0.6652683,0.36854124,0.7936286,1.0154682,0.68073785,-0.6133049,-1.2088858,1.2088858,-1.1051782,1.0724565,0.4236709,-0.3364524,-0.58276963,0.8112353,-0.7399278,0.9119324,-0.60067487,0.1976752,0.42009005,1.3324625,-0.58778524,-0.809017,-0.5,-0.8660254,0.0
2025-08-14 00:00:00,2.0,0.52419204,1.1274529,-1.0872784,0.35815513,-0.92624044,-0.9700597,-0.88991714,0.70687014,-0.8450981,-0.5285409,-0.09977,-1.4786255,1.1307237,1.0386109,1.569019,0.26669958,1.5503157,-0.69005436,0.70044875,1.201797,1.5363402,1.1118661,-1.6998585,-1.6017553,1.6017553,-1.3060868,1.2321515,0.4655369,0.10063868,-1.0003554,1.1094298,-0.10536503,1.4873463,0.34420037,0.20295575,0.73152405,1.3656603,-0.58778524,-0.809017,-0.8660254,-0.5,0.0
2025-08-21 00:00:00,2.0,-0.44730026,-0.7402886,0.5445761,-0.15464902,-0.28464893,-0.3972915,0.6427443,-0.18978725,-0.7068698,-0.47553378,-0.0509296,-1.2331771,0.70398706,0.68184227,1.348486,0.30414072,0.73511714,-0.77713245,0.23552966,1.1142955,1.2283413,0.6830418,0.09756852,-1.027332,1.027332,-1.3603007,0.79614335,0.037493806,0.008414702,-0.8925634,1.1821674,0.08441791,1.1464446,-0.6692783,-0.15685184,1.0052541,1.35184,-0.58778524,-0.809017,-0.8660254,-0.5,0.0
2025-08-28 00:00:00,2.0,1.006994,1.5293698,-0.84278077,-1.1515051,0.107365735,-0.4436988,-0.30516255,-0.35402218,-0.6904168,-0.60276616,-0.29599664,-0.96648145,1.380114,1.3552439,1.4413102,0.52910036,0.88293505,1.5256013,0.6922231,1.5456303,1.844803,1.4469223,0.3540051,-1.5922374,1.5922374,-0.48588008,0.9790102,1.0089604,0.26646382,-0.96167475,1.2970866,0.29881117,1.7964315,0.3709804,0.49468356,1.8905323,0.3983714,-0.58778524,-0.809017,-0.8660254,-0.5,0.0
2025-09-04 00:00:00,2.0,-0.20397106,-0.43977967,1.2800001,-0.027493697,-1.1050105,-0.92411935,-0.7098061,-0.2161658,-0.85020494,-0.7435176,-0.40830535,-1.1712784,1.1576403,1.1673619,1.4030266,0.38341206,1.148771,2.308077,0.7218847,1.2485715,1.5415823,1.2458383,-1.1431361,-1.1714455,1.1714455,0.029339615,0.6307242,0.60539424,0.14628929,-0.9063756,1.281581,1.0111529,1.4836924,-0.6643138,0.05033653,1.4493203,-1.0294346,-0.58778524,-0.809017,-0.8660254,-0.5,0.0
2025-09-11 00:00:00,2.0,-0.035852727,-0.1296952,-0.3227942,2.627541,0.092005104,-0.30447155,0.6163591,-0.04815924,-0.7661185,-0.7361459,-0.44171342,-0.9639882,1.1079866,1.1266469,1.2352947,0.43229944,0.74544626,2.079313,0.1831277,1.1049939,1.3313396,1.1625279,0.13027184,-1.0850899,1.0850899,-0.020842,0.25465068,0.5823875,-0.30182996,-0.6846226,0.9734539,1.1459284,1.291018,-1.1443156,0.34576744,1.3643963,-1.1301024,-0.58778524,-0.809017,-1.0,-1.8369701e-16,0.0
2025-09-18 00:00:00,2.0,0.37309572,1.3290238,-0.806361,-0.65710056,-1.0873443,-0.96033216,-0.8241847,-0.9842415,-0.9580775,-0.9381868,-0.67178357,-1.1391044,1.3448473,1.3551985,1.2224041,0.3536697,0.5148347,2.2084727,0.91583085,1.1789056,1.4747721,1.4727869,-1.1602359,-1.2730914,1.2730914,-0.07227164,0.41244605,0.7444056,-0.1670023,-0.48314,1.0551895,1.1686124,1.4686978,0.3765842,0.0044700187,1.5974528,-0.41464794,-0.58778524,-0.809017,-1.0,-1.8369701e-16,0.0
2025-09-25 00:00:00,5.0,-0.14999595,-0.3684039,-0.96745074,2.5735297,-0.6607455,-0.32067117,0.6294381,-0.07107785,-0.9788561,-0.98949134,-0.7412386,-1.1229441,1.1631461,1.2123168,1.0705538,0.5052083,0.6700356,2.0692956,0.3708927,0.99434376,1.1948463,1.3166494,-0.50542927,-1.0920238,1.0920238,-0.3256322,0.023666024,0.49502864,-0.13216434,-0.5697123,0.9179532,1.6100954,1.1759807,-0.6319355,0.029522777,1.4344707,-0.366206,-0.58778524,-0.809017,-1.0,-1.8369701e-16,0.0
2025-10-02 00:00:00,2.0,-0.9057775,-1.2243583,-0.3432168,-0.36100626,1.1241775,-0.6165388,-0.46833318,0.14050841,-0.603761,-0.70115525,-0.4825751,-0.6208544,0.35977507,0.56173676,0.5875496,-0.42831573,0.08833167,1.1873156,1.5451612,0.43556473,0.4461467,0.5628823,0.85783434,-0.2978377,0.2978377,-0.7127426,-0.3696532,-0.06237917,-0.54148763,-0.3865826,0.6657267,2.3325381,0.42572838,-1.1271571,-0.6291242,0.82727987,-1.4363592,-0.58778524,-0.809017,-1.0,-1.8369701e-16,1.0
2025-10-09 00:00:00,2.0,-0.1909613,-0.1528821,0.8444614,1.1132873,-0.62284756,-0.8887001,-0.52484155,-0.5098416,-0.67494094,-0.7479223,-0.53105676,-0.73084754,0.20158944,0.42646793,0.21720305,-0.41356158,-0.01866978,1.5700899,1.215668,0.24022576,0.19996876,0.4165584,-0.6008053,0.13644086,-0.13644086,-0.5253784,-0.78240603,-0.34193754,-0.493195,-0.2672502,0.31641614,2.4018707,0.19278032,-1.5695229,-0.9824886,0.69267017,-2.212784,-0.58778524,-0.809017,-0.8660254,0.5,0.0
2025-10-16 00:00:00,5.0,-0.33716097,-0.6971685,-0.7403803,1.4047536,-0.18240693,-0.7960991,-0.0472262,0.27290177,-0.6244083,-0.7074108,-0.5032988,-0.6577956,-0.09002456,0.18329251,-0.16737327,-0.56067216,-0.09253721,1.3591477,0.98177385,-0.111834936,-0.1556838,0.13952602,-0.03762484,0.6102501,-0.6102501,-0.5330114,-1.219231,-0.64887875,-0.5524013,-0.2951718,-0.07597167,1.9721061,-0.13738173,-1.964147,-1.0893726,0.3897731,-1.8060192,-0.58778524,-0.809017,-0.8660254,0.5,0.0
2025-10-23 00:00:00,5.0,0.63070047,1.043144,-1.0331615,0.4013844,-0.42225012,-0.81612974,-0.26164502,-0.004755085,-0.7083639,-0.8171972,-0.68113464,-0.6558193,0.45535105,0.6276837,-0.23970778,-0.4584685,-0.073595755,1.4479207,1.1784246,0.35440013,0.18113938,0.65822786,-0.11160402,-0.1372693,0.1372693,-0.17257835,-0.921158,-0.13939036,-0.3292698,-0.10983048,0.1215988,1.7380921,0.20596747,0.4845499,0.07015201,0.78989846,-1.8197225,-0.58778524,-0.809017,-0.8660254,0.5,0.0
2025-10-30 00:00:00,5.0,-0.13284765,-1.3154489,-0.95770633,0.033834644,-0.9795267,-0.7252944,-0.083684474,1.891922,-0.82409614,-0.90129197,-0.7621279,-0.8276425,0.3426015,0.53386015,-0.3464508,-0.4549398,0.06828289,0.7940931,1.4449601,0.15552187,0.01682732,0.589121,-1.1672815,0.26898164,-0.26898164,0.13899402,-1.2536877,-0.4456961,-0.22047494,-0.16916677,0.43121326,1.7170898,0.049619477,-0.5009753,0.10868364,0.40249416,-2.1612616,-0.58778524,-0.809017,-0.8660254,0.5,0.0
2025-11-06 00:00:00,5.0,-0.5222627,-0.78765136,1.2775587,-0.8979646,0.5750067,-0.12259415,0.5749126,0.05634732,-0.6101813,-0.741638,-0.62943286,-0.50427836,-0.15810323,0.13844348,-0.5940811,-0.26650354,-0.58643097,0.32382998,1.5682772,-0.5112494,-0.42915332,0.18298393,0.46169046,0.9520208,-0.9520208,-0.48099962,-1.5077068,-0.79492486,-0.47655454,-0.28838795,0.030724842,1.5474278,-0.41766578,-0.993738,-0.04916073,-0.10547408,-1.1850594,-0.58778524,-0.809017,-0.8660254,0.5,0.0
2025-11-13 00:00:00,2.0,0.098405436,0.061620723,2.2203429,-0.5617039,-0.06629274,-0.020225938,-0.094087556,0.15071328,-0.61734456,-0.75673974,-0.6779447,-0.47088885,-0.046202697,0.21819896,-0.7196457,-0.12632792,-0.45991367,0.74450946,1.0295155,-0.5778621,-0.4276421,0.3015744,0.057330422,0.7760662,-0.7760662,-0.26538765,-1.0146095,-0.7192888,-0.41135332,-0.18201311,-0.17683575,1.4955719,-0.43576124,0.4845499,-0.4160741,0.008383412,-0.069821626,-0.58778524,-0.809017,-0.5,0.8660254,0.0
2025-11-20 00:00:00,2.0,-0.34615803,-0.6501523,0.96729434,-0.3301196,1.1708554,0.046150766,-0.1027287,0.49905118,-0.3829492,-0.5779329,-0.5403359,-0.11599024,-0.39723888,-0.062315658,-0.88045096,-0.12743114,-0.5887284,0.21064566,0.86039025,-1.2656195,-0.7124821,0.026520522,0.7643219,1.2086574,-1.2086574,-0.14155619,-1.2878627,-0.8037161,-0.6105304,0.05694434,-0.8232026,1.3871477,-0.72411263,-0.47935522,-0.5866149,-0.7349703,-0.5376156,-0.58778524,-0.809017,-0.5,0.8660254,0.0
2025-11-27 00:00:00,2.0,-0.43989363,-1.1437553,-0.9501019,0.3844337,-0.5105408,0.41203502,0.21511987,0.60892445,-0.4547399,-0.5900061,-0.5264379,-0.2875781,-0.8204619,-0.41233626,-1.1087519,-0.642374,-0.92344314,-0.3793686,0.03847703,-1.7803843,-1.0169973,-0.31444415,-0.66668063,1.4783353,-1.4783353,-1.1594158,-1.4692743,-1.3221254,-0.6349217,-0.0019362002,-2.0401003,1.0991846,-1.0259192,-0.9453121,-0.52265364,-1.4093242,-1.0771917,-0.58778524,-0.809017,-0.5,0.8660254,0.0
2025-12-04 00:00:00,2.0,0.41564864,0.8326131,0.89848316,-1.0682204,-0.89154744,-0.80565757,-1.2106344,-0.11612138,-0.64477307,-0.7433345,-0.69759154,-0.5194339,-0.3420707,-0.0672392,-1.090318,-0.3831742,-0.69705814,0.022628803,0.3190671,-1.1463605,-0.71349883,0.008282006,-1.1412575,0.9477888,-0.9477888,-0.25973725,-1.0634954,-1.1419996,-0.57351303,0.00014663053,-1.3892897,0.70831364,-0.7196535,0.5432998,-0.23509897,-0.86322486,-1.0977541,-0.58778524,-0.809017,-0.5,0.8660254,0.0
2025-12-11 00:00:00,2.0,-0.04541596,-0.18971282,-0.3559954,2.1951184,-0.34685984,1.5475217,1.5711845,0.06933253,-0.68613464,-0.7791786,-0.7431704,-0.56425405,-0.38153625,-0.105377905,-1.0445256,-0.15279748,-0.34736177,-0.2580181,0.36712158,-1.1279262,-0.72911155,-0.056110684,-0.65849084,0.923109,-0.923109,-0.48360988,-1.232765,-1.2658747,-0.6281738,-0.23731293,-1.6358564,0.020474473,-0.74626344,-0.47094318,0.010590811,-1.0963831,-1.292796,-0.58778524,-0.809017,-2.4492937e-16,1.0,0.0
2025-12-18 00:00:00,2.0,-0.38063812,-0.5158252,-0.43173406,1.3897251,-0.22426668,0.3869759,-0.5893615,-0.5260689,-0.6725674,-0.7607024,-0.7194899,-0.5596412,-0.7814167,-0.42617092,-1.0957229,-0.38238138,-0.41903654,-0.44696176,0.033932023,-1.5156093,-0.9881356,-0.40808317,-0.31401256,1.1327239,-1.1327239,-0.46369347,-1.3046082,-1.6524752,-0.8339154,-0.27361673,-1.767017,-0.1509482,-1.0078509,-0.9453121,0.02767376,-1.3132957,-0.9763675,-0.58778524,-0.809017,-2.4492937e-16,1.0,0.0
2025-12-25 00:00:00,2.0,0.19164243,0.73772335,-0.693361,0.8142292,-1.4399618,0.7097991,-0.06313209,-0.5884917,-0.866831,-0.91626275,-0.8744361,-0.8369229,-0.528251,-0.25526908,-1.044082,-0.12356707,-0.2072007,-0.31111526,0.31269255,-1.1343907,-0.8266406,-0.24775562,-1.6008222,0.89129055,-0.89129055,-0.39106417,-0.84434175,-1.7649457,-0.606976,-0.72539186,-1.4816837,-0.17976876,-0.8383886,0.5432998,-0.15080893,-1.0516255,-0.8797475,-0.58778524,-0.809017,-2.4492937e-16,1.0,0.0
2026-01-01 00:00:00,2.0,0.41656628,1.2687988,-0.9637685,-0.16978405,-2.156276,-2.4334524,-1.4995698,-0.11715201,-1.1166402,-1.1330317,-1.09755,-1.2014856,-0.03214262,0.10345068,-0.8499706,0.2797529,-0.30768302,-0.39110368,-0.37725112,-0.52223516,-0.47218677,0.15924616,-1.7777797,0.4345044,-0.4345044,-0.560154,-0.607822,-1.7813412,-0.23341335,-0.9456271,-0.7687195,-0.64095044,-0.48337847,1.0295594,0.2811683,-0.56226146,-1.5495384,-0.58778524,-0.809017,-2.4492937e-16,1.0,1.0
2026-01-08 00:00:00,2.0,0.58358604,0.3403253,1.8842496,-1.0217625,3.0,2.8574512,3.0,-0.20826662,-0.07825502,-0.4869234,-0.70298356,0.76114124,0.62886727,0.60755956,-0.40299174,0.3535781,-0.031133661,0.041174475,-0.22362463,0.26204962,-0.0024555828,0.5789969,1.7068595,0.23027763,-0.23027763,-0.3280931,0.05219815,0.12410813,-0.80116236,0.5310889,0.820768,-0.3921683,-0.016858432,1.5033386,1.1300936,-0.28921258,-1.6202056,-0.58778524,-0.809017,0.5,0.8660254,0.0
2026-01-15 00:00:00,2.0,2.2383993,1.542071,-0.6905736,-1.2010514,2.4431558,1.535278,-0.48311058,0.24305166,0.39855146,-0.22194958,-0.68906605,1.7590069,2.4666848,2.3541186,0.4563954,1.457891,1.1111996,0.47860765,0.549371,2.6267624,1.4701614,2.0968127,1.588432,-1.3596208,1.3596208,2.1343153,0.7163678,2.4611413,-0.6767832,1.6779758,2.1582215,-0.384741,1.4480333,1.9596478,2.3872533,1.4400014,-2.497037,-0.58778524,-0.809017,0.5,0.8660254,0.0
2026-01-22 00:00:00,5.0,-0.10639115,0.45937622,0.95161223,-0.29204607,-0.90038186,-0.1963042,-0.8487647,-1.0720844,-0.1716065,-0.51230603,-0.86864686,0.7522281,2.2592566,2.1776378,1.0290121,1.570696,1.0360998,0.5297132,0.43379563,2.0049584,1.481623,2.1010137,-1.613496,-1.2861996,1.2861996,1.7877096,0.47984564,2.0569408,-0.39305687,1.1294438,2.2799232,-0.37339094,1.4596848,-0.44337645,1.8324573,1.3603929,-2.3675063,-0.58778524,-0.809017,0.5,0.8660254,0.0
2026-01-29 00:00:00,5.0,0.53967685,1.3948313,-0.88659686,-0.7254062,-0.4609746,0.16112544,0.05237687,-0.31771952,-0.5264671,-0.7455383,-1.0694087,0.21958686,2.4678767,2.4326954,1.547406,1.7076505,1.398044,0.760571,0.9854746,1.9715366,1.8820021,2.4845753,-1.1455612,-1.5836494,1.5836494,1.5069159,1.0573303,2.2408233,0.014697767,1.0824432,2.0228767,-0.35142407,1.8682914,0.5432998,1.5740085,1.681429,-2.0501046,-0.58778524,-0.809017,0.5,0.8660254,0.0
2026-02-05 00:00:00,5.0,1.8222315,1.2731929,-0.81335145,-0.58673835,1.3849856,2.2869203,1.5489326,1.9568069,-0.15112679,-0.57654625,-1.0817443,1.110305,3.0,3.0,2.0961897,2.289745,2.251262,1.3227361,1.9353943,2.33563,2.7468736,3.0,1.2392566,-1.4864078,1.4864078,1.3035574,1.9974213,3.0,0.17380734,2.344446,2.445315,-0.32884955,2.6293576,1.0105122,0.8845726,1.5728983,-2.7839262,-0.58778524,-0.809017,0.5,0.8660254,0.0
2026-02-12 00:00:00,5.0,0.6435113,1.1221051,-0.99822044,-0.0762308,0.6590247,0.17601767,-0.95391715,-1.0293511,-0.14528707,-0.55145085,-1.0791141,1.1283197,3.0,3.0,2.4374983,2.2533197,2.2388802,1.6296183,3.0,1.9603182,2.7880976,3.0,1.0313433,-1.4954426,1.4954426,1.1036407,2.1479783,3.0,0.29672933,0.92455596,2.0253348,-0.31318566,2.6904647,1.4627302,1.1938465,1.5807579,-2.5030086,-0.58778524,-0.809017,0.8660254,0.5,0.0
2026-02-19 00:00:00,5.0,-0.45293584,-0.7999304,-1.3302364,2.42065,0.080813125,-0.43731397,-0.5714812,0.020716945,-0.24357644,-0.54500246,-1.0116153,0.8140038,2.4842892,2.734034,2.3848343,1.0985092,2.0173817,1.7708697,2.6767519,1.4232708,2.2961485,2.7534304,0.3663576,-1.2890284,1.2890284,1.0806788,1.5723733,3.0,0.26180717,-0.08403031,1.4324065,-0.24299659,2.2168674,-0.5883391,0.5047946,1.3535634,-1.9904894,-0.58778524,-0.809017,0.8660254,0.5,0.0
2026-02-26 00:00:00,5.0,-0.06516927,-0.6159519,0.718081,0.4284257,-0.3578453,-0.1928457,0.066630304,0.93970174,-0.49376974,-0.6789842,-1.0759716,0.35057646,2.3498023,2.5634873,2.2443666,1.132499,2.0583463,1.7720848,2.4410179,1.173409,2.1363542,2.6350372,-0.42852852,-1.1737465,1.1737465,0.9891415,1.647862,2.8266053,0.5093594,0.15376084,1.1866753,0.03932647,2.0742192,0.44990638,-0.31334695,1.2281382,-1.8877212,-0.58778524,-0.809017,0.8660254,0.5,0.0
2026-03-05 00:00:00,5.0,0.19419113,0.44044077,1.1052027,-0.75258267,0.76733756,0.6371794,0.46976295,-0.8159122,-0.30983084,-0.55719775,-0.9867861,0.65256184,2.296971,2.5008252,1.9099045,0.9746416,1.9867196,1.9081748,2.0374603,1.054371,1.938569,2.4540963,1.162462,-1.026426,1.026426,1.104398,1.7096859,2.6314325,0.4242037,0.70953643,1.006234,0.1916952,1.8682945,0.9690291,-0.42964843,1.0749207,-1.9770846,-0.58778524,-0.809017,0.8660254,0.5,0.0
2026-03-12 00:00:00,5.0,0.8636055,1.345984,-0.9672871,-0.60171854,-0.08856909,0.85570616,-0.0002688963,0.46416652,-0.5194753,-0.7208264,-1.1389289,0.39955455,2.4118853,2.6560998,1.8780973,0.50605637,2.054043,1.9146901,1.7563611,1.126242,2.2404332,2.740673,0.22619438,-1.3591073,1.3591073,-0.36473632,1.723855,2.7813516,0.94697636,-0.09795592,0.95610476,0.6053728,2.1690967,1.4881519,0.31508186,1.4302766,-2.0895417,-0.58778524,-0.809017,1.0,6.123234e-17,0.0
2026-03-19 00:00:00,5.0,0.97346157,1.1163625,-0.3055321,-0.88165075,0.45942143,1.386363,0.2006511,0.5829524,-0.51024204,-0.75382704,-1.2062061,0.5338637,2.4820464,2.7772634,1.8877999,0.6451174,2.0964043,2.2020144,2.130218,1.1801232,2.435377,2.8919046,0.8622709,-1.2419939,1.2419939,-0.03127815,1.7009672,2.477486,1.2445382,-0.13192111,1.0287418,1.5332913,2.3399887,1.9071511,0.6374042,1.3097854,-2.0508394,-0.58778524,-0.809017,1.0,6.123234e-17,0.0
