date,regime,log_return,body_ratio,upper_wick_ratio,lower_wick_ratio,range_zscore,volume_zscore,volume_delta,gap,atr7_norm,atr14_norm,atr28_norm,atr_ratio,rsi14,rsi28,macd_hist,roc_5,roc_10,roc_20,roc_60,bb_position,dist_sma20,dist_sma50,range_percentile,corr_index,dow_sin,dow_cos,month_sin,month_cos,quarter_end_flag
2018-06-07 00:00:00,5.0,0.5985045,1.3820134,-0.7113284,-1.268605,-0.5338486,-0.57105553,0.9829741,-0.58915263,-1.2232062,-0.9207025,-0.42921597,-1.4334459,-0.3476987,-0.7664554,0.07268665,0.7439911,0.30999768,-0.8270226,-0.36295778,0.9265823,-0.13628903,-0.5543661,-0.453699,1.830195,-0.58778524,-0.809017,0.5,-0.8660254,0.0
2018-06-14 00:00:00,5.0,-0.5244816,-1.1838727,-0.64616364,0.7341513,-1.3192593,-1.1658136,-0.771717,-0.2261285,-1.7884928,-1.4178958,-0.74963695,-2.1087847,-0.5710839,-0.9570796,0.18872143,-0.45229843,0.04462436,-1.2697161,-0.50716805,0.36013362,-0.29670095,-0.57416785,-2.8495078,1.739817,-0.58778524,-0.809017,1.2246469e-16,-1.0,0.0
2018-06-21 00:00:00,5.0,-0.31169432,-0.6194638,0.65698665,0.79211384,-0.5861381,-0.63524324,0.4555012,0.40315962,-1.6848319,-1.452478,-0.8107846,-1.9421923,-0.5985325,-0.97137946,0.17982002,-0.1221887,0.01832258,-1.5704051,-0.68472713,0.13441703,-0.37040734,-0.6710225,-0.66712976,1.7471331,-0.58778524,-0.809017,1.2246469e-16,-1.0,0.0
2018-06-28 00:00:00,5.0,-2.275504,-2.1852689,-1.041366,-1.359512,1.1081783,-0.36721343,-0.0027643088,0.23056358,-0.08412039,0.1401419,0.96903896,-0.7281774,-2.2333665,-2.4016507,-0.64545465,-1.1398425,-1.1374768,-1.8070246,-1.1442826,-2.3478544,-2.0478826,-2.1976526,1.0129865,1.8005403,-0.58778524,-0.809017,1.2246469e-16,-1.0,0.0
2018-07-05 00:00:00,5.0,-0.1288646,-0.001447697,2.2874672,-0.57968354,-0.94143605,-1.4716034,-1.0840188,-0.31922674,-0.6219435,-0.3094963,0.59537345,-1.2201226,-2.0580447,-2.217627,-1.1637098,-1.2494948,-0.427325,-2.0836105,-1.7309539,-2.1093063,-1.8916181,-2.0399277,-1.6067634,1.7574899,-0.58778524,-0.809017,1.2246469e-16,-1.0,1.0
2018-07-12 00:00:00,5.0,0.6667385,0.7223031,0.9114971,-1.0122166,-0.21571006,-0.95541614,0.37637326,0.5899169,-0.6954186,-0.5732452,0.12846403,-1.0453047,-1.4774454,-1.7439659,-1.1419524,-1.2419566,-0.40353414,-1.7218444,-1.6919054,-1.1334183,-1.2414007,-1.5557331,-0.038530048,1.7200364,-0.58778524,-0.809017,-0.5,-0.8660254,0.0
2018-07-19 00:00:00,5.0,0.13846128,0.23871791,0.3057513,0.54384226,-1.1530952,-1.0619311,-0.4074487,0.43109757,-1.2548356,-1.1053834,-0.39546284,-1.5495172,-1.243449,-1.5373496,-1.0506794,-0.9796799,-1.1728979,-1.5577224,-1.8906907,-0.7808043,-0.96442145,-1.297037,-1.8843157,1.6493862,-0.58778524,-0.809017,-0.5,-0.8660254,0.0
2018-07-26 00:00:00,5.0,-0.17681047,-0.10206594,0.15885827,1.3802472,-0.7477889,-0.9248302,-0.14940578,-0.4365263,-1.41198,-1.3018494,-0.60613704,-1.6731919,-1.1959358,-1.4765526,-0.9741279,-0.9591338,-0.84036535,-1.4893738,-1.976838,-0.79415876,-0.93667233,-1.2662815,-1.11692,1.5781721,-0.58778524,-0.809017,-0.5,-0.8660254,0.0
2018-08-02 00:00:00,5.0,-0.61675304,-0.868381,0.79994947,-0.16293755,-0.37174648,-0.70480734,-0.019247804,-0.44180954,-1.2327011,-1.1661851,-0.45009026,-1.4909354,-1.4908955,-1.6911048,-1.0800503,-0.05673271,-1.023431,-1.7410356,-2.1083376,-1.2570213,-1.2473028,-1.5592442,-0.5276105,1.5263683,-0.58778524,-0.809017,-0.5,-0.8660254,0.0
2018-08-09 00:00:00,5.0,0.78564465,1.2798526,-0.700002,-0.8832889,0.2540355,-0.99544495,-0.60584664,-1.1462736,-1.0308256,-1.199969,-0.7740546,-1.0014827,-0.8709874,-1.2344428,-0.72924393,0.4477035,-0.8047468,-1.3741397,-1.9104027,-0.17139114,-0.5002087,-1.0766094,0.36189887,1.5617774,-0.58778524,-0.809017,-0.8660254,-0.5,0.0
2018-08-16 00:00:00,5.0,-0.11375734,-0.24576922,0.98515254,1.0227364,-0.77639925,8.368046e-05,1.2452503,0.08803935,-1.3000935,-1.4164822,-0.99538034,-1.3141701,-0.8159077,-1.1837003,-0.5226442,0.012151999,-1.1786689,-0.58971155,-2.032252,-0.20928116,-0.518481,-1.0324569,-1.2800187,1.2625219,-0.58778524,-0.809017,-0.8660254,-0.5,0.0
2018-08-23 00:00:00,5.0,0.107690185,-0.18135005,-1.1844474,2.430122,1.2630422,2.8791027,2.6638103,0.8415963,-0.6173793,-0.9603978,-0.732943,-0.37438852,-0.5997314,-1.0154301,-0.22046667,-0.0063081756,-0.95624053,-0.6257278,-1.7235603,0.022137884,-0.44668254,-1.0496061,0.98775506,1.2154422,-0.58778524,-0.809017,-0.8660254,-0.5,0.0
2018-08-30 00:00:00,5.0,0.98247904,1.5543175,-0.9475836,-1.2602503,0.3929614,0.92082983,-1.0302359,-0.75784165,-0.72018206,-1.1781914,-1.1700671,-0.18439545,0.12047858,-0.47242492,0.44808006,0.64206976,-0.39001012,-0.24634562,-1.1998274,1.1820445,0.35576087,-0.46850982,0.19219474,1.2106175,-0.58778524,-0.809017,-0.8660254,-0.5,0.0
2018-09-06 00:00:00,5.0,-0.2043494,-0.04472531,2.2705293,-0.5676451,-0.890756,-0.54634047,-1.1884285,-0.63267326,-1.210075,-1.4907287,-1.381602,-0.8202334,0.12984766,-0.4546572,0.85364527,0.881466,0.7445587,-0.5083291,-1.6848552,0.8161899,0.33256045,-0.42136374,-1.5144749,1.1434902,-0.58778524,-0.809017,-0.8660254,-0.5,0.0
2018-09-13 00:00:00,5.0,-0.99908215,-1.4773649,-1.1814334,0.18980336,0.062151626,-0.3914871,-0.04335479,-0.41778237,-0.92459875,-1.160213,-0.9580108,-0.67374724,-0.6814572,-1.0138642,0.6501813,-0.09631764,0.34702468,-0.16262983,-1.8369207,-0.14044318,-0.51458645,-0.97576237,-0.12295283,0.88323694,-0.58778524,-0.809017,-1.0,-1.8369701e-16,0.0
2018-09-20 00:00:00,5.0,0.12942801,-0.042233706,2.0827549,-0.4170293,-0.76575494,-0.46345234,-0.27353296,0.74336344,-1.3095695,-1.4707444,-1.2682947,-1.0952281,-0.4622088,-0.8492266,0.61706793,0.03699781,0.04810702,-0.32983613,-1.763029,0.18615328,-0.34197652,-0.78003407,-1.3319819,0.9778945,-0.58778524,-0.809017,-1.0,-1.8369701e-16,0.0
2018-09-27 00:00:00,5.0,-0.5897387,-0.2888925,0.16440235,1.4570886,-0.57260066,-0.058943044,0.29544628,-1.8292317,-1.2729964,-1.3995523,-1.1478083,-1.1398098,-0.8470415,-1.1054732,0.298903,-0.3368132,-0.33791885,-1.2529236,-1.704972,-0.47143674,-0.7151292,-1.0443381,-1.0795028,0.8823849,-0.58778524,-0.809017,-1.0,-1.8369701e-16,0.0
2018-10-04 00:00:00,5.0,1.3707561,1.1527629,-0.08517765,-1.0493008,1.8895426,0.82567334,0.5517226,0.32660347,-0.6787098,-1.1774604,-1.3197299,0.072878756,0.15509702,-0.38642317,0.79078573,-0.15039875,0.48925915,-0.4688458,-1.5483578,1.22829,0.4620079,-0.35478634,1.188571,0.9194517,-0.58778524,-0.809017,-1.0,-1.8369701e-16,1.0
2018-10-11 00:00:00,5.0,-3.0,-2.169247,-1.1043447,-1.3232125,2.697598,0.7824301,-0.21437027,-0.6236325,2.0228326,1.3830924,1.333138,1.8943118,-2.2027571,-2.2723684,-0.42551062,-1.9038988,-1.0180377,-1.5422394,-1.9367682,-2.698865,-2.1144233,-2.195587,1.394428,1.2986836,-0.58778524,-0.809017,-0.8660254,0.5,0.0
2018-10-18 00:00:00,2.0,-0.3408811,-0.12111721,0.9418376,0.7174274,-0.21649706,1.1880933,0.19297513,-1.4296865,1.4470128,1.2174231,1.3340347,1.1016788,-2.1819665,-2.2359414,-1.2413628,-1.5451764,-1.6180688,-1.7257679,-1.9195828,-2.6382654,-2.1312773,-2.1778007,-0.22720075,1.2661824,-0.58778524,-0.809017,-0.8660254,0.5,0.0
2018-10-25 00:00:00,5.0,-3.0,-2.0445971,-1.0971944,-1.26343,2.420085,1.7463988,0.2752568,0.8979877,3.0,3.0,3.0,2.5871332,-3.0,-3.0,-2.4130428,-3.0,-3.0,-3.0,-2.5563214,-3.0,-3.0,-3.0,1.4213966,1.3764515,-0.58778524,-0.809017,-0.8660254,0.5,0.0
2018-11-01 00:00:00,5.0,0.9039547,0.5849565,-0.99200535,0.8481091,1.1842897,2.377137,0.5187641,-1.8277608,3.0,3.0,3.0,2.5641537,-2.5446038,-2.6955566,-2.5307994,-2.528169,-2.7477605,-2.6202843,-2.2112222,-2.7752044,-2.4892411,-2.5680704,1.170997,1.3448019,-0.58778524,-0.809017,-0.8660254,0.5,0.0
2018-11-08 00:00:00,2.0,0.1778674,-0.038871907,1.2563561,0.39159596,-0.45791447,0.2641591,-1.2253044,0.5056579,2.691664,2.9868066,3.0,1.4932165,-2.2759373,-2.4341033,-2.5688422,-2.8215647,-2.8836775,-2.4149125,-2.14277,-2.275271,-2.2121823,-2.3632712,-0.15982427,1.1692872,-0.58778524,-0.809017,-0.5,0.8660254,0.0
2018-11-15 00:00:00,2.0,-1.4333459,-1.3636026,-1.216086,0.1865936,0.09091833,0.8762928,0.4572276,-1.0739014,2.8436494,3.0,3.0,1.1863685,-2.5143244,-2.6450865,-2.621414,-2.0510964,-3.0,-2.2115965,-2.5829358,-2.4586828,-2.5464032,-2.5667856,0.5577625,1.1082418,-0.58778524,-0.809017,-0.5,0.8660254,0.0
2018-11-22 00:00:00,2.0,-3.0,-1.5338203,-0.64029104,-0.68416405,2.5216818,3.0,3.0,-0.24643117,3.0,3.0,3.0,2.9012272,-3.0,-3.0,-2.6501884,-3.0,-3.0,-3.0,-3.0,-2.918979,-3.0,-2.9826148,1.3715211,0.5394982,-0.58778524,-0.809017,-0.5,0.8660254,0.0
2018-11-29 00:00:00,2.0,1.457914,1.6254524,-1.1463253,-1.1825808,-0.5144399,0.27832392,-1.5514293,-0.9859534,3.0,3.0,3.0,1.6607487,-2.4073038,-2.6538966,-2.7158265,-1.6198739,-3.0,-3.0,-2.6903348,-2.1144123,-2.5427756,-2.5880818,-0.2388518,0.5814372,-0.58778524,-0.809017,-0.5,0.8660254,0.0
2018-12-06 00:00:00,5.0,-0.21947965,-0.42901984,2.4884026,-0.98985064,-0.45666137,0.35779405,-0.020565573,-0.14880559,2.7255962,3.0,3.0,0.8470947,-2.3018944,-2.5141153,-2.59355,-2.0469043,-3.0,-2.975953,-2.698647,-1.8513162,-2.4192452,-2.5051315,-0.018700153,0.5197562,-0.58778524,-0.809017,-0.5,0.8660254,0.0
2018-12-13 00:00:00,5.0,-0.6958505,-0.45915437,1.2757318,-0.12438651,-0.7456863,0.5158961,0.06278639,-3.0,2.190136,2.8760176,3.0,0.021615617,-2.278322,-2.4629114,-2.5207336,-2.3653443,-3.0,-2.958534,-2.7342513,-1.716576,-2.4661818,-2.5475476,-1.1153992,0.4973205,-0.58778524,-0.809017,-2.4492937e-16,1.0,0.0
2018-12-20 00:00:00,5.0,-0.9418097,-1.4492489,-0.46490157,-0.78927964,-0.5950228,0.17913157,-0.46446157,0.9644903,2.0134184,2.764209,3.0,-0.45349875,-2.2698545,-2.431915,-2.4115968,-2.1718512,-2.649243,-2.9096801,-2.669955,-1.6195345,-2.5102637,-2.58445,-0.35720202,0.3725979,-0.58778524,-0.809017,-2.4492937e-16,1.0,0.0
2018-12-27 00:00:00,5.0,-0.46151212,-0.6149079,-0.19647418,0.701609,-0.54973435,0.010571913,-0.302953,-0.28264403,1.8166125,2.5604992,3.0,-0.76448244,-2.2124586,-2.3534873,-2.2408645,-0.39839205,-2.5829089,-2.9890747,-2.7369752,-1.4805356,-2.4236312,-2.5432801,-0.33834013,0.31312305,-0.58778524,-0.809017,-2.4492937e-16,1.0,0.0
2019-01-03 00:00:00,5.0,0.43050292,0.6825616,-0.36855078,0.43944797,-0.7882782,-0.40340227,-0.61446756,-1.3637719,1.311569,2.0587533,2.5435898,-1.1921426,-2.0154543,-2.1701481,-1.9736925,-0.8785826,-1.5495294,-2.6771483,-2.532454,-1.2741208,-2.1905305,-2.4148972,-1.4159967,0.35262603,-0.58778524,-0.809017,-2.4492937e-16,1.0,1.0
2019-01-10 00:00:00,5.0,0.7362726,0.80025285,-0.10746888,-0.03984321,-0.42021748,0.49539003,0.9849749,-1.5301889,1.0992873,1.7124201,2.148149,-1.1573666,-1.7432897,-1.9491603,-1.4679487,-0.435354,-1.5331826,-2.392943,-2.2947621,-1.067713,-1.8134936,-2.180499,0.1828129,0.35927194,-0.58778524,-0.809017,0.5,0.8660254,0.0
2019-01-17 00:00:00,5.0,0.69217193,0.87066,0.3913646,-0.61300164,-0.7064656,0.31240526,-0.324152,-0.4914539,0.72557116,1.3183843,1.7651781,-1.3969082,-1.4980079,-1.7552224,-0.9394437,0.21469542,-1.3592535,-2.3094144,-2.1349773,-0.8900061,-1.4901694,-2.0174103,-1.2180132,0.31982994,-0.58778524,-0.809017,0.5,0.8660254,0.0
2019-01-24 00:00:00,5.0,0.10834056,0.1902147,2.325013,-0.92233217,-0.8291542,-0.35598114,-0.75574553,-0.758477,0.4491555,1.0644395,1.5573804,-1.6505315,-1.4274992,-1.671112,-0.45747393,0.70661783,-0.9697208,-2.163535,-1.836034,-0.79997283,-1.3241626,-1.9619735,-1.5783242,0.31874365,-0.58778524,-0.809017,0.5,0.8660254,0.0
2019-01-31 00:00:00,5.0,-1.099707,-1.0796678,0.085753925,-0.43172678,0.23976566,2.177511,3.0,1.8175144,1.1947988,1.5450993,1.93926,-0.82083285,-1.5647271,-1.7466329,-0.13288459,0.40659228,0.0029410007,-2.182555,-1.8520509,-0.87332076,-1.3391645,-1.935076,0.997203,0.15368639,-0.58778524,-0.809017,0.5,0.8660254,0.0
2019-02-07 00:00:00,5.0,1.5368679,1.4119668,-0.5472345,-1.1095425,-0.4402891,0.0022496718,-1.2325811,-0.08997982,0.81279796,1.0890017,1.4205593,-0.80982584,-1.0458407,-1.3901142,0.37667775,0.9360317,0.036991958,-1.7875823,-1.519364,-0.59320104,-0.7456369,-1.5850122,0.2862807,0.14933799,-0.58778524,-0.809017,0.5,0.8660254,0.0
2019-02-14 00:00:00,5.0,0.047732953,0.16027132,-0.013647937,1.0777829,-0.8839158,-0.35393047,-0.4812945,-0.9903616,0.50276357,0.87216157,1.2630981,-1.1873335,-1.0155482,-1.3413628,0.76830727,0.61346173,0.11758976,-1.6558151,-1.5784767,-0.526616,-0.6119571,-1.5604507,-1.4716957,0.1180766,-0.58778524,-0.809017,0.8660254,0.5,0.0
2019-02-21 00:00:00,5.0,0.55681854,0.7199662,0.747843,-0.7492759,-0.76671946,0.03516483,0.26498264,-0.01765616,0.21963844,0.60215896,1.0100671,-1.3811629,-0.81552595,-1.1924089,1.1877861,0.55333126,0.49736175,-1.689071,-1.4508377,-0.35906154,-0.2656454,-1.42642,-1.3848021,0.11860315,-0.58778524,-0.809017,0.8660254,0.5,0.0
2019-02-28 00:00:00,5.0,-0.20769934,-0.6946487,1.1496167,-0.53217703,-0.70574236,-0.6651357,-0.7639173,0.26728427,0.09966467,0.506992,0.95563793,-1.5146682,-0.85484004,-1.1951798,1.4351621,0.40720475,0.71837777,-1.2324299,-1.595279,-0.34057158,-0.21906729,-1.4474461,-1.3362385,-0.08421296,-0.58778524,-0.809017,0.8660254,0.5,0.0
2019-03-07 00:00:00,5.0,-0.21768951,-0.90271205,1.3348418,-1.1967561,-0.9577302,-1.048786,-0.6983147,-0.18658213,-0.17426494,0.32099968,0.8503864,-1.8656242,-0.8996921,-1.2026126,1.5896097,0.8237168,0.78888243,-1.223575,-1.6784508,-0.33365783,-0.17995638,-1.5212708,-2.2666085,-0.13897458,-0.58778524,-0.809017,0.8660254,0.5,0.0
2019-03-14 00:00:00,5.0,1.4979452,1.246551,-1.0125229,-0.22531806,0.21568294,-0.20050618,1.1688453,-0.46753275,0.01281462,0.21531858,0.5789271,-1.0735991,-0.3477383,-0.8587989,1.8630551,0.8153099,1.1108929,-0.286107,-1.4165382,0.24008949,0.45298102,-1.0667456,0.7536462,-0.6504669,-0.58778524,-0.809017,1.0,6.123234e-17,0.0
2019-03-21 00:00:00,5.0,0.53723264,0.6681047,0.30101708,-0.16072187,-0.44823304,-0.06435883,-0.08182163,0.2206235,-0.15167661,0.046021666,0.40346575,-1.1309776,-0.15313084,-0.72699827,2.166699,1.0594716,1.0489713,-0.33054134,-1.3954259,0.5985376,0.74991083,-0.92801976,-0.95092726,-0.8317259,-0.58778524,-0.809017,1.0,6.123234e-17,0.0
2019-03-28 00:00:00,5.0,0.24334314,0.086859025,1.5035466,-0.036357887,-0.4247445,-0.085462004,-0.17270447,0.4865929,-0.2443372,-0.056004275,0.3000134,-1.1455557,-0.059491728,-0.662401,2.3377562,0.9225002,0.91441613,-0.31278735,-1.4056467,1.0074725,0.9448508,-0.85769045,-0.9242842,-0.92579037,-0.58778524,-0.809017,1.0,6.123234e-17,0.0
2019-04-04 00:00:00,5.0,0.9680875,1.2412863,-0.5604326,-0.6343985,-0.22883277,-0.5149659,-0.5697991,0.51371723,-0.34542647,-0.22294283,0.08140807,-1.026266,0.31575048,-0.41439906,2.507521,1.4802123,1.1673536,0.16827424,-1.0841401,1.7080967,1.3880627,-0.5628414,-0.32516882,-0.9583534,-0.58778524,-0.809017,1.0,6.123234e-17,1.0
2019-04-11 00:00:00,5.0,0.3085366,0.95009875,-0.6130968,0.02808249,-1.4797285,-0.846412,-0.46710753,-0.26122496,-0.6085002,-0.4212593,-0.08347586,-1.4229844,0.43644208,-0.3267228,2.674499,1.6974549,1.5686762,1.2191507,-1.1187108,1.507499,1.5120094,-0.48494893,-2.0441298,-0.31182894,-0.58778524,-0.809017,0.8660254,-0.5,0.0
2019-04-18 00:00:00,5.0,-0.29477507,-1.0152774,-0.668304,0.4207063,-0.84194875,-0.9857161,-0.3681644,0.10259064,-0.6529284,-0.4595377,-0.10170099,-1.4919529,0.2821323,-0.3935192,2.546983,0.8380986,1.0289645,0.8283893,-1.1325569,1.125965,1.3133072,-0.57585496,-1.602944,-0.8271943,-0.58778524,-0.809017,0.8660254,-0.5,0.0
2019-04-25 00:00:00,5.0,0.34071258,0.66543484,-0.34030098,0.387441,-1.0139525,-1.4793322,-0.89537793,0.1924425,-0.79624784,-0.604465,-0.24595436,-1.6103194,0.43129474,-0.2918579,2.459276,0.7407318,1.1146106,0.9590368,-1.0589635,1.1079881,1.4553516,-0.44806305,-1.7786316,-0.94708276,-0.58778524,-0.809017,0.8660254,-0.5,0.0
2019-05-02 00:00:00,5.0,-0.7317368,-1.1059902,-0.97467095,0.53472006,0.44974712,-0.3090059,1.6556551,-0.698216,-0.51375973,-0.42466605,-0.09828034,-1.0867826,0.04633314,-0.47905603,1.983049,0.27837673,0.7340718,0.9473693,-1.1372737,0.6331294,0.9046352,-0.6431595,0.24135481,-1.3885474,-0.58778524,-0.809017,0.8660254,-0.5,0.0
2019-05-09 00:00:00,5.0,-0.4304401,-1.0286831,0.1666524,-0.45014608,-0.13032399,-0.5909301,-0.4672595,0.27344033,-0.43697345,-0.36834997,-0.04538483,-0.96581495,-0.16148393,-0.5816892,1.5771314,-0.3847146,0.668265,1.0643636,-1.2297001,0.34764013,0.5810302,-0.7511866,-0.7170396,-1.7339802,-0.58778524,-0.809017,0.5,-0.8660254,0.0
2019-05-16 00:00:00,5.0,-1.081064,-1.5513525,-1.0445616,-0.642618,-0.018587366,0.1469372,0.58994865,-1.332196,-0.17193732,-0.1445062,0.18091734,-0.6899599,-0.60886323,-0.8295647,1.0248911,-1.0405592,0.40553397,0.91483426,-1.3570377,-0.24961516,-0.04537943,-1.0223583,-0.33302465,-1.5738941,-0.58778524,-0.809017,0.5,-0.8660254,0.0
2019-05-23 00:00:00,5.0,-0.574445,-1.0823952,0.36479393,-0.83297783,-0.20517826,0.2742295,-0.0558739,-0.034657706,-0.11538739,-0.07120677,0.26739585,-0.6958386,-0.80679935,-0.9345279,0.5585164,-1.1592357,-0.21814533,0.6823991,-1.175373,-0.60697865,-0.3791602,-1.1344942,-0.73694193,-1.533627,-0.58778524,-0.809017,0.5,-0.8660254,0.0
2019-05-30 00:00:00,5.0,-1.0147105,-1.6038122,-1.1717488,-0.7217166,-0.52042294,-0.7230701,-0.9380153,-1.3514531,0.036804423,0.09876036,0.46783373,-0.66380864,-1.093126,-1.1067221,0.062082425,-1.744457,-0.6826653,0.2782227,-1.3357027,-1.0790788,-0.8533517,-1.3461196,-1.3156093,-0.99474454,-0.58778524,-0.809017,0.5,-0.8660254,0.0
2019-06-06 00:00:00,5.0,0.2013605,0.09455927,0.4936764,1.4041686,0.002765918,-0.21549243,0.3534178,0.13100238,0.01434929,0.059904527,0.3993931,-0.60395396,-1.0148177,-1.0473802,-0.21823716,-1.3015714,-0.69221675,0.1665899,-1.2771249,-0.97289234,-0.782892,-1.2229998,-0.48689434,-1.2076696,-0.58778524,-0.809017,0.5,-0.8660254,0.0
2019-06-13 00:00:00,5.0,0.58648896,0.7531994,1.3783801,-1.2898821,-0.46840867,-0.6727251,-0.62283957,0.28995255,-0.16783035,-0.104238205,0.21462889,-0.7140637,-0.7496743,-0.89120567,-0.28910953,-0.8412445,-0.8021295,0.2809406,-1.253317,-0.73545676,-0.57448965,-1.0492963,-1.082359,-1.0698147,-0.58778524,-0.809017,1.2246469e-16,-1.0,0.0
2019-06-20 00:00:00,5.0,0.7267528,0.8334432,-0.47004598,0.33024877,-0.12064315,-0.9103724,-0.1832298,0.7185449,-0.2854532,-0.24477592,0.028850008,-0.6922219,-0.414923,-0.6915105,-0.17801353,-0.033979136,-0.67619824,0.7056477,-0.9532322,-0.5089751,-0.315027,-0.80624276,-0.6243515,0.51818174,-0.58778524,-0.809017,1.2246469e-16,-1.0,0.0
2019-06-27 00:00:00,5.0,0.631366,0.3511213,-0.17046225,1.2706194,-0.37156802,-0.7128491,-0.10367929,2.4825804,-0.42472497,-0.38650087,-0.14208153,-0.74866605,-0.13055137,-0.5164013,0.029533466,0.50024474,-0.4032251,0.49387804,-0.93161446,-0.25868654,-0.06521269,-0.58979666,-1.1048353,-0.09035264,-0.58778524,-0.809017,1.2246469e-16,-1.0,0.0
2019-07-04 00:00:00,5.0,0.41946,-0.030853672,2.4575982,-0.5268881,0.32184437,-0.2545578,0.09126172,2.161475,-0.37922794,-0.402496,-0.21273708,-0.51051927,0.045639314,-0.40434274,0.25044146,1.1309369,-0.3839252,0.5846617,-1.1056521,-0.10933653,0.08479455,-0.40678638,-0.27219495,-0.3766169,-0.58778524,-0.809017,1.2246469e-16,-1.0,1.0
2019-07-11 00:00:00,5.0,-0.13666843,-0.14303827,-0.039080366,1.833471,-1.1911788,-1.2649237,-0.8051674,-1.1912719,-0.5304445,-0.48634514,-0.26568654,-0.8166985,-0.047017176,-0.4400076,0.36370194,0.97900105,-0.20658469,0.42378497,-1.0280612,-0.21816547,-0.042567987,-0.45328927,-1.6612062,-0.40144375,-0.58778524,-0.809017,-0.5,-0.8660254,0.0
2019-07-18 00:00:00,5.0,0.9258182,1.3279226,-0.8325635,-0.5564393,-0.7228512,-0.08040594,0.76020056,1.7977656,-0.6635002,-0.64391315,-0.4693622,-0.82686406,0.40718293,-0.16519406,0.62080264,1.108435,0.18731984,0.69304544,-0.8905252,0.19565858,0.38511935,-0.1066139,-1.3669316,-0.9527812,-0.58778524,-0.809017,-0.5,-0.8660254,0.0
2019-07-25 00:00:00,5.0,0.8131426,1.366908,-1.1148025,-0.36821097,-0.29069492,-0.591247,-0.45320717,0.347595,-0.75009066,-0.76131403,-0.63358873,-0.77545303,0.7879168,0.08678443,0.9379065,1.1400044,0.74306035,0.9356831,-0.8029274,0.56001365,0.75977916,0.24547681,-0.82702523,-0.9162744,-0.58778524,-0.809017,-0.5,-0.8660254,0.0
2019-08-01 00:00:00,5.0,-0.7071553,-1.5009941,-0.98411506,-0.59061795,-0.42382842,-1.1940374,-0.64596695,-0.71739453,-0.6562737,-0.6740249,-0.53694147,-0.6773583,0.35897285,-0.1281282,0.91425985,0.5664004,0.71114093,0.40769732,-1.009935,0.12668453,0.29051262,0.010366237,-1.1590608,-0.6058987,-0.58778524,-0.809017,-0.5,-0.8660254,0.0
2019-08-08 00:00:00,5.0,-1.1683038,-1.2030383,-0.5268656,-0.35089937,2.9890108,0.14227764,0.87224585,0.34916162,-0.05479548,-0.24989705,-0.18460819,0.2660937,-0.207935,-0.45002425,0.5311926,-0.12505063,0.6723039,-0.004276119,-1.17379,-0.49550635,-0.30135912,-0.28329578,1.3153683,0.07571979,-0.58778524,-0.809017,-0.8660254,-0.5,0.0
2019-08-15 00:00:00,5.0,-0.22245155,-1.1305351,-0.2595109,-0.48438045,-0.50689274,-0.7453647,-0.63605154,1.4550675,-0.1890476,-0.29038316,-0.19217776,-0.05848422,-0.3229895,-0.51234007,0.2869459,-0.16452816,0.549468,-0.11790969,-1.2117689,-0.578781,-0.41598013,-0.32496896,-1.3470131,0.22722639,-0.58778524,-0.809017,-0.8660254,-0.5,0.0
2019-08-22 00:00:00,5.0,1.8987199,1.3981793,-0.8249348,-0.7115977,2.577554,2.1939614,1.6984357,0.5617225,-0.021319993,-0.31864718,-0.40889773,0.80412006,0.6071649,0.09734949,0.4362928,0.2827175,0.93682164,0.11288436,-0.61390835,0.4650807,0.5610505,0.46371496,1.5152912,0.43607908,-0.58778524,-0.809017,-0.8660254,-0.5,0.0
2019-08-29 00:00:00,5.0,-0.7413312,-1.3563577,-0.64656544,-0.59714055,0.2678895,-0.6187944,-1.1622947,0.3070239,0.026507324,-0.20071906,-0.2639391,0.6059055,0.21720241,-0.1293773,0.37626338,-0.4024836,0.50170857,-0.1467733,-0.75099367,0.033129487,0.2119693,0.25217265,0.28293702,0.53281873,-0.58778524,-0.809017,-0.8660254,-0.5,0.0
2019-09-05 00:00:00,5.0,0.7172433,0.89880747,0.08303445,-0.31063908,-0.98142266,-1.4805347,-0.8554369,2.0556183,-0.30975184,-0.42527816,-0.4706377,0.15722252,0.5255578,0.09829001,0.4603634,0.22551425,0.5309427,0.103993595,-0.7227539,0.5204728,0.57161385,0.5556644,-1.4888754,0.7352524,-0.58778524,-0.809017,-0.8660254,-0.5,0.0
2019-09-12 00:00:00,5.0,1.2696891,1.4826803,-0.51357836,-1.2891836,0.07747114,0.27821723,1.6487355,2.0897071,-0.39344236,-0.55824816,-0.67533165,0.35528293,1.0769395,0.52908903,0.7100006,1.2954055,0.7921851,0.3413957,-0.5089717,1.4899285,1.2066302,1.1044605,-0.17541581,0.9060392,-0.58778524,-0.809017,-1.0,-1.8369701e-16,0.0
2019-09-19 00:00:00,5.0,-0.24828176,-0.9598391,-0.31969622,0.1251323,-0.19038182,-1.1632085,-0.96737665,0.878759,-0.46855202,-0.5729178,-0.6641183,0.114137895,0.89455503,0.43932712,0.78599906,1.2628073,0.7533377,0.46038735,-0.55005366,1.2064271,1.0331285,1.0695993,-0.5311414,1.0054291,-0.58778524,-0.809017,-1.0,-1.8369701e-16,0.0
2019-09-26 00:00:00,5.0,-0.0593478,-0.37842944,-0.81186336,2.1820242,-0.47845548,-0.87886196,-0.017335411,0.1410975,-0.59966457,-0.6428326,-0.7057964,-0.17111146,0.8165685,0.41421616,0.77934927,0.41405085,0.46943572,0.55153155,-0.49127513,1.0454808,0.9606222,1.0867056,-1.157319,0.9647324,-0.58778524,-0.809017,-1.0,-1.8369701e-16,0.0
2019-10-03 00:00:00,5.0,-0.3118183,-0.73868376,0.08486082,0.19480893,-0.16099551,-0.85322,-0.2258744,-0.16567786,-0.61278766,-0.63493437,-0.679348,-0.2637504,0.60133576,0.29890126,0.6415861,0.6003292,0.1422906,0.74216175,-0.68663293,0.6940931,0.71718,0.9958311,-0.4783157,0.7396559,-0.58778524,-0.809017,-1.0,-1.8369701e-16,1.0
2019-10-10 00:00:00,5.0,0.67073965,0.8133535,0.9815663,-0.93829125,0.70102227,0.18702918,0.5355155,0.10685776,-0.58796406,-0.6799469,-0.78085107,0.0019003338,0.92450345,0.56379515,0.61719805,0.5833209,0.5464532,1.0518652,-0.54127777,1.024519,0.96850866,1.2862494,0.705444,1.0131056,-0.58778524,-0.809017,-0.8660254,0.5,0.0
2019-10-17 00:00:00,5.0,1.0381359,1.2456037,0.054146092,-1.2788815,1.0871952,0.4806646,-0.014007212,-0.00603717,-0.56487125,-0.74018353,-0.91991943,0.36189324,1.4159384,0.9991639,0.7520726,0.48507893,1.1865295,1.547325,-0.33754358,1.5577806,1.3558201,1.7175395,1.1430422,0.8623868,-0.58778524,-0.809017,-0.8660254,0.5,0.0
2019-10-24 00:00:00,5.0,0.14162421,-0.110994354,0.7938743,1.2826126,0.34214494,-0.7848091,-0.803323,0.78902733,-0.5833474,-0.75149345,-0.9440298,0.34869978,1.47959,1.1014962,0.81563777,0.65821916,1.2769209,1.5201423,-0.48385447,1.4631082,1.2761487,1.7843941,0.5462116,1.0132343,-0.58778524,-0.809017,-0.8660254,0.5,0.0
2019-10-31 00:00:00,5.0,0.60791403,0.8215929,0.843348,-0.8291752,0.019223327,-0.7896612,-0.22508761,0.70901215,-0.70737153,-0.85887635,-1.0683842,0.24888097,1.77469,1.4307293,0.92868114,0.95380694,0.9091014,1.511751,-0.31831372,1.631459,1.4767076,2.0660706,-0.07010205,1.064365,-0.58778524,-0.809017,-0.8660254,0.5,0.0
2019-11-07 00:00:00,5.0,0.36238497,0.68080705,0.09852053,0.30732548,0.04625431,-0.63925797,-0.1062964,-0.34749344,-0.78617,-0.9258974,-1.1449997,0.17327943,1.8947307,1.6290569,1.0027431,1.2368115,1.220164,1.4188234,-0.06259915,1.5592237,1.5247657,2.15807,0.18135607,0.990026,-0.58778524,-0.809017,-0.8660254,0.5,0.0
2019-11-14 00:00:00,5.0,0.12086973,-0.6343311,-0.7756531,1.5549523,-1.0551504,-0.8520687,-0.38572565,1.3773162,-1.008553,-1.0655929,-1.2477396,-0.31091323,1.8991082,1.7277316,1.05555,0.990468,1.0429176,1.2922184,-0.054717377,1.3694952,1.512287,2.2219074,-1.4283874,1.1329055,-0.58778524,-0.809017,-0.5,0.8660254,0.0
2019-11-21 00:00:00,5.0,0.22086662,0.25857836,-0.061009362,1.7558239,0.10396951,2.3118114,2.6197615,0.107050106,-1.0009568,-1.0891306,-1.2904072,-0.19865026,1.9369807,1.8614972,0.99617493,0.63110954,0.7379395,1.2366389,0.13254344,1.2657595,1.4741042,2.21836,0.3066132,1.4845113,-0.58778524,-0.809017,-0.5,0.8660254,0.0
2019-11-28 00:00:00,5.0,0.50944424,1.0536224,0.03396701,-0.6494755,-0.2581859,-0.22030559,-1.1336461,-0.102218226,-1.0773417,-1.1765627,-1.3967359,-0.23156781,2.1437137,2.213615,1.0107973,0.7858555,0.9527151,1.3754146,0.020708952,1.3455752,1.6357288,2.4001231,-0.44930413,1.4516375,-0.58778524,-0.809017,-0.5,0.8660254,0.0
2019-12-05 00:00:00,5.0,-0.5437321,-0.83947057,-0.95552695,1.2593626,0.8732207,-0.76589525,-0.62778217,-0.5097263,-0.8458437,-1.0098447,-1.2507619,0.18942568,1.5170665,1.7523586,0.7421513,0.29824227,0.8147594,1.034708,0.7007252,0.89094144,1.1102237,1.9181101,1.3098919,1.8286482,-0.58778524,-0.809017,-0.5,0.8660254,0.0
2019-12-12 00:00:00,5.0,0.5479191,1.2144783,-1.1272146,0.054699227,-0.7411862,-0.87061334,-0.36797544,0.3037724,-1.0039967,-1.128969,-1.365377,-0.08126848,1.7152144,1.9767995,0.68544775,0.36971676,1.0447875,0.96924716,1.1438574,1.0089096,1.3424311,2.0787535,-1.0994694,1.8058337,-0.58778524,-0.809017,-2.4492937e-16,1.0,0.0
2019-12-19 00:00:00,5.0,0.78191274,1.408207,-0.50119525,-1.3168113,0.5642294,0.37873068,1.1669047,-0.49176008,-0.96782774,-1.1391143,-1.4108002,0.22189437,1.9707472,2.2358077,0.71809644,0.6369959,1.0516821,1.2762815,2.7661507,1.2004048,1.6026253,2.220949,1.0023569,1.8260845,-0.58778524,-0.809017,-2.4492937e-16,1.0,0.0
2019-12-26 00:00:00,5.0,0.5543913,1.1461946,0.16289163,-1.2978795,-0.48588595,-0.06709676,-0.48147848,0.46355432,-1.0304196,-1.1848803,-1.4551268,0.16580868,2.0768166,2.3468654,0.8279532,0.768246,0.8952829,1.6154584,2.7797878,1.2672462,1.7355955,2.3100278,-0.5756882,1.5603201,-0.58778524,-0.809017,-2.4492937e-16,1.0,0.0
2020-01-02 00:00:00,5.0,-0.23470323,-0.73727477,-0.482162,1.3128363,-0.7169433,-1.0578811,-0.9666122,-0.009833019,-1.0605989,-1.1765258,-1.4172492,-0.068115026,1.7925783,2.0800877,0.77917385,0.45840326,0.79696715,1.5825431,2.7343268,1.0305635,1.436704,2.1006362,-1.0049477,1.4528822,-0.58778524,-0.809017,-2.4492937e-16,1.0,1.0
2020-01-09 00:00:00,5.0,0.27503163,0.13778171,-0.5042218,2.198539,-0.5503446,-0.3319894,0.6669149,1.1941543,-1.0992411,-1.2017555,-1.4305055,-0.1809055,1.8304718,2.0965557,0.74074274,0.8191046,0.7002613,1.2111342,3.0,1.0065783,1.480871,2.1116972,-0.64923435,1.362454,-0.58778524,-0.809017,0.5,0.8660254,0.0
2020-01-16 00:00:00,5.0,0.24473725,0.09508345,1.7728826,-0.10678813,0.051291402,0.27983916,0.26421806,1.138625,-1.2056906,-1.2498276,-1.4500719,-0.024772104,1.8813962,2.126999,0.69396234,0.72152305,0.6751112,1.4023731,3.0,1.0264902,1.4794836,2.0806515,0.06348539,1.1915579,-0.58778524,-0.809017,0.5,0.8660254,0.0
2020-01-23 00:00:00,5.0,0.21830377,0.5008799,1.1499373,-0.54902476,-1.934382,-0.9946159,-0.9080048,0.6190104,-1.392708,-1.3362947,-1.4854237,-0.5081799,1.8979738,2.123373,0.6996975,0.44510028,0.7086518,1.2767394,3.0,1.0016868,1.5312561,2.121029,-1.49883,1.0799088,-0.58778524,-0.809017,0.5,0.8660254,0.0
2020-01-30 00:00:00,5.0,-0.51932025,-0.5916373,0.13575046,1.0979804,3.0,0.7923385,1.35761,0.40523702,-0.851897,-1.0505407,-1.2874665,1.9252836,1.5567939,1.8422806,0.32182845,-3.9400515e-05,0.5555856,0.93218887,3.0,0.7026532,0.98341113,1.6296008,2.3564272,1.1378886,-0.58778524,-0.809017,0.5,0.8660254,0.0
2020-02-06 00:00:00,5.0,0.25092012,0.82054317,-0.8671272,0.5721965,1.12779,0.09805321,-0.4889051,-1.7210072,-0.8080488,-1.0196228,-1.2649124,2.1691606,1.6308408,1.8896836,0.15046115,0.22437361,0.48319063,1.0326909,3.0,0.7300611,0.9795021,1.5940455,1.7427288,1.214845,-0.58778524,-0.809017,0.5,0.8660254,0.0
2020-02-13 00:00:00,5.0,1.4703276,1.4186841,-1.2841634,-0.7351795,2.111149,1.4868618,0.7377871,0.3322541,-0.7155322,-1.0248458,-1.3199296,2.8788717,1.9924968,2.2637088,0.2774985,0.7175252,1.0794859,1.2741922,3.0,1.1983466,1.4297494,1.8012152,1.9838066,0.6633834,-0.58778524,-0.809017,0.8660254,0.5,0.0
2020-02-20 00:00:00,5.0,2.5190666,1.5617194,-1.2271571,-1.2732179,3.0,2.9470663,0.89472634,-0.9937797,-0.112980515,-0.85005254,-1.3327166,3.0,2.3812587,2.782321,0.69932914,1.7157705,1.6692218,1.7494467,3.0,1.8369997,1.9869535,1.9863726,2.1301441,-2.4258766,-0.58778524,-0.809017,0.8660254,0.5,0.0
2020-02-27 00:00:00,5.0,-3.0,-1.6581464,-0.97010934,-0.5174632,2.7459078,3.0,0.8471147,-0.79535735,1.9851326,0.37861773,-0.5664459,3.0,0.66997427,1.2791866,0.014857462,0.13121895,0.45086363,1.1004,2.65785,0.41508743,0.32983208,0.94202393,2.0163527,0.6383778,-0.58778524,-0.809017,0.8660254,0.5,0.0
2020-03-05 00:00:00,5.0,0.87908024,1.0413493,-1.2097588,0.20003507,1.435328,2.525045,-0.20717613,-3.0,2.0943835,0.576494,-0.4949528,3.0,0.9135815,1.5098436,-0.21169335,0.8095001,0.56028765,1.042894,2.5096872,0.72060144,0.4948885,0.9969989,1.8417032,0.45336998,-0.58778524,-0.809017,0.8660254,0.5,0.0
2020-03-12 00:00:00,5.0,-2.546071,-1.4048638,-0.46752506,-0.4234359,1.3078108,1.0249245,-0.9251413,-2.353219,3.0,1.7507769,0.31455758,3.0,-0.063748054,0.55628246,-0.9456551,-0.6634115,-0.30728334,0.5429319,1.8737711,-0.48065832,-0.45504835,0.4677976,1.7591189,0.78928775,-0.58778524,-0.809017,1.0,6.123234e-17,0.0
2020-03-19 00:00:00,5.0,-3.0,-0.851507,0.1506639,0.5035817,1.6896769,1.7751045,0.728093,-3.0,3.0,3.0,1.8269378,3.0,-0.8880385,-0.33528447,-1.8720226,-2.872166,-1.8083286,-0.2908276,1.2729772,-1.8217252,-1.3007948,-0.034513522,1.784575,1.3086671,-0.58778524,-0.809017,1.0,6.123234e-17,0.0
2020-03-26 00:00:00,5.0,2.6556306,0.95186096,0.03705319,-0.74525565,1.6241006,1.7826263,-0.00096860924,-0.22683859,3.0,3.0,1.4729768,3.0,-0.1693251,0.37782723,-1.8764846,-2.322582,-0.65320295,0.26993608,1.9314557,-0.575308,-0.6039594,0.28483012,1.7601526,1.0680382,-0.58778524,-0.809017,1.0,6.123234e-17,0.0
2020-04-02 00:00:00,5.0,-0.26980397,-0.7583751,2.086862,-1.1243299,0.16355865,1.181291,-0.51614916,1.9853702,3.0,2.924697,1.6452373,2.2916923,-0.23813097,0.30594888,-1.9176316,-1.088541,-0.85442686,0.17851233,1.5516136,-0.7301692,-0.70317596,0.23841119,1.4097695,1.033098,-0.58778524,-0.809017,1.0,6.123234e-17,1.0
2020-04-09 00:00:00,5.0,1.2383288,0.85222274,0.23861665,-0.60909325,0.33344716,1.0084313,-0.27686235,0.2630023,2.2803817,2.3236678,1.3142421,1.8300254,0.12465528,0.66424537,-1.6692438,-0.81084853,-0.09485843,0.4767891,1.7208817,-0.00905614,-0.36007535,0.40823656,1.358512,0.7651426,-0.58778524,-0.809017,0.8660254,-0.5,0.0
2020-04-16 00:00:00,5.0,0.60319096,0.38776347,-0.410007,1.3729119,-0.19756429,-0.21795222,-1.3106872,1.0651864,1.5823973,1.8180667,1.0595514,1.2815273,0.3128606,0.8471467,-1.3775412,0.693537,0.10519103,0.5348833,1.6823066,0.34449112,-0.16564241,0.5143999,1.210608,0.7518054,-0.58778524,-0.809017,0.8660254,-0.5,0.0
2020-04-23 00:00:00,5.0,0.12547769,-0.24471468,0.77168113,1.6529286,-0.08378166,0.59042317,1.3852891,1.22359,1.2618521,1.6000222,1.0213248,0.9500562,0.37011918,0.8975904,-1.1386025,2.2148898,-0.33465362,0.798919,1.7010207,0.4002097,-0.1435533,0.5327497,1.1702179,0.7586867,-0.58778524,-0.809017,0.8660254,-0.5,0.0
2020-04-30 00:00:00,5.0,0.452874,0.6101479,0.09152611,0.14148259,-0.49622294,-0.16432375,-0.911828,0.27509773,0.7566241,1.1714023,0.76193494,0.52860034,0.53468806,1.0507977,-0.87338406,1.0830214,-1.00966,0.82169807,1.7729033,0.65246296,0.035291214,0.6412277,0.7805108,0.6530891,-0.58778524,-0.809017,0.8660254,-0.5,0.0
2020-05-07 00:00:00,5.0,-0.17470863,-0.06971496,-0.17234397,2.206315,-0.6086486,-0.43808997,-0.566679,-0.48293546,0.45078832,0.9443094,0.6920828,0.16290742,0.49610257,1.001322,-0.72608054,1.1193883,0.10072288,0.49718714,1.4618337,0.45850363,-0.012088873,0.6281608,0.7864845,0.6026665,-0.58778524,-0.809017,0.8660254,-0.5,0.0
2020-05-14 00:00:00,5.0,0.51187044,0.3704271,2.0731876,-1.0074561,-0.44990587,0.0011322506,0.69083595,0.99251366,0.27457365,0.69814193,0.4873738,0.07424188,0.6905617,1.1657562,-0.52473223,0.75280124,-0.0042203143,0.49917898,1.4300631,0.6920276,0.21011955,0.7276505,0.9160805,0.534125,-0.58778524,-0.809017,0.5,-0.8660254,0.0
2020-05-21 00:00:00,5.0,1.8819491,1.2623082,-0.79723877,-0.83991313,0.8467507,1.0320866,1.3129876,0.37105456,0.38259873,0.50385535,0.1219336,0.57957864,1.273378,1.7240963,-0.016706659,1.3824042,1.9010385,1.3419411,1.6581385,1.5095934,0.9254268,1.039321,1.3370386,0.66032153,-0.58778524,-0.809017,0.5,-0.8660254,0.0
2020-05-28 00:00:00,5.0,-0.87454623,-1.0007299,-0.6455783,0.7841337,0.36700192,0.97940856,-0.12825286,0.43317157,0.7085801,0.846018,0.53833675,0.69763327,0.78531045,1.2782555,0.033997554,0.88704467,2.6797984,0.9006678,1.3424382,0.7931742,0.42468512,0.74157226,1.246992,0.31336078,-0.58778524,-0.809017,0.5,-0.8660254,0.0
2020-06-04 00:00:00,5.0,0.2621663,1.129615,-0.06888314,-1.0467948,-1.0314271,-0.050445035,-0.9191197,-0.8264361,0.23401524,0.47924498,0.272171,0.2030336,0.8870939,1.3496376,0.20394881,0.8034128,1.6330918,0.9283813,1.3164679,0.79354733,0.60446054,0.8499664,0.45992258,0.26827863,-0.58778524,-0.809017,0.5,-0.8660254,0.0
2020-06-11 00:00:00,5.0,0.7797456,1.192001,-0.36426,-1.0372502,-0.471234,-0.37108064,-0.3948583,-0.33790725,0.02257018,0.21191545,-0.008039173,0.11097085,1.1329149,1.5627168,0.47069016,1.2667998,2.0248756,1.1630902,1.4599274,0.9977586,0.9665458,1.0309446,0.8945975,0.2742139,-0.58778524,-0.809017,1.2246469e-16,-1.0,0.0
2020-06-18 00:00:00,5.0,-0.3589936,0.046315983,-0.672046,2.1700141,-0.965428,-0.3494489,-0.08284092,-1.3363948,-0.09509661,0.14175071,0.007825878,-0.107679136,0.96457297,1.3953605,0.530454,0.8362332,1.3386229,1.1543715,1.3349955,0.6706505,0.784461,0.94567055,0.45430478,0.26055524,-0.58778524,-0.809017,1.2246469e-16,-1.0,0.0
2020-06-25 00:00:00,5.0,-0.17337202,-0.20743954,2.8155088,-0.30566558,-1.1057979,-0.93530077,-0.66911715,-0.10745786,-0.30230224,-0.027138969,-0.08289502,-0.3928465,0.93322426,1.3445746,0.47691774,-0.17979296,1.0071324,1.0095936,1.4041781,0.4903944,0.72309935,0.941254,0.29487494,0.26681706,-0.58778524,-0.809017,1.2246469e-16,-1.0,0.0
2020-07-02 00:00:00,5.0,0.2656795,0.21913885,-0.86859953,1.7572055,-0.78019005,-0.9273862,-0.15434772,0.66213304,-0.4125425,-0.18777385,-0.2378824,-0.45801827,1.0472639,1.4264308,0.43932122,0.38643265,1.0555446,0.7096397,1.4894334,0.51692075,0.8733303,1.0270594,0.64316386,0.22561735,-0.58778524,-0.809017,1.2246469e-16,-1.0,1.0
2020-07-09 00:00:00,5.0,0.7911679,1.3703219,-1.1471169,-0.86606485,-0.77188736,-1.3387039,-0.9096302,0.5514434,-0.5579448,-0.421151,-0.5192555,-0.4818696,1.3167032,1.6567676,0.6591019,0.65732276,1.1793256,0.29286286,1.7377497,0.7456684,1.364704,1.2875417,0.52269626,0.60124224,-0.58778524,-0.809017,-0.5,-0.8660254,0.0
2020-07-16 00:00:00,5.0,-0.2275737,-0.62990326,0.9117482,0.66787475,0.082100324,-0.27306306,1.6413907,0.7907889,-0.36292884,-0.30098665,-0.40810812,-0.20291312,1.287385,1.6072652,0.54057914,0.15025014,1.1606883,1.1509371,1.7567159,0.5250046,1.0990373,1.1334934,0.91425836,0.2563041,-0.58778524,-0.809017,-0.5,-0.8660254,0.0
2020-07-23 00:00:00,5.0,0.0346175,0.7898784,-0.034340918,-0.5563156,-0.58240706,-1.0607965,-1.0615324,-1.2505472,-0.44572362,-0.3882449,-0.48633444,-0.29918042,1.3594224,1.6496565,0.48371637,0.38634285,0.9976553,0.8990254,1.8740207,0.44263363,1.1493304,1.1830605,0.574391,0.26421097,-0.58778524,-0.809017,-0.5,-0.8660254,0.0
2020-07-30 00:00:00,5.0,-0.23422973,-0.35528937,-0.6755669,2.5040057,-0.39197332,-0.75713265,0.16848263,-0.04157652,-0.43861628,-0.38927317,-0.46872595,-0.310043,1.3523148,1.6192999,0.2722016,0.3800881,0.1157897,1.6409736,1.7868845,0.27461725,0.9636538,1.1194401,0.6070541,-0.4562633,-0.58778524,-0.809017,-0.5,-0.8660254,0.0
2020-08-06 00:00:00,5.0,0.8502677,1.252515,-0.7913866,-0.9765973,0.42940813,-0.73998827,-0.25401807,-0.5700242,-0.3924526,-0.45106882,-0.6344256,-0.03954955,1.6768823,1.8890587,0.3813445,0.74494433,0.9013118,2.8675833,1.789533,0.6565502,1.3022556,1.344266,0.84332937,-3.0,-0.58778524,-0.809017,-0.5,-0.8660254,0.0
2020-08-13 00:00:00,5.0,-0.07108732,-0.14284986,-0.717793,2.0045025,-0.4664018,-0.50839067,0.09116667,0.21710736,-0.49216977,-0.52480334,-0.6882271,-0.20424563,1.687221,1.8778149,0.44010827,0.21502955,0.7873948,1.8573525,1.6558526,0.53927773,1.2140632,1.3684057,0.45012945,-2.3763576,-0.58778524,-0.809017,-0.8660254,-0.5,0.0
2020-08-20 00:00:00,5.0,0.6086841,0.6141479,0.46817943,-0.5592918,0.8874335,0.35470566,0.7323767,0.43801776,-0.41848034,-0.53193146,-0.7696354,0.06669951,1.8645792,2.036243,0.5906699,0.7279809,0.7195918,2.090074,1.6259816,0.7808174,1.4031175,1.4862304,0.90200955,-2.6623175,-0.58778524,-0.809017,-0.8660254,-0.5,0.0
2020-08-27 00:00:00,5.0,0.47632533,1.0729003,-0.4699875,-0.8625423,0.5170646,1.086845,0.36580363,-0.80400556,-0.4392857,-0.58099586,-0.85943156,0.13859136,1.9641752,2.132694,0.85685253,0.99289644,1.1753448,1.7972257,1.6177844,0.8815683,1.5670279,1.6119592,0.664185,-2.9784105,-0.58778524,-0.809017,-0.8660254,-0.5,0.0
2020-09-03 00:00:00,5.0,1.3969787,0.95067316,-0.2190471,-0.80869365,2.3039382,0.6206947,-0.4270517,-0.023349233,-0.08718823,-0.4170661,-0.8661202,1.0401313,2.192431,2.403968,1.2213247,1.9345621,1.9937098,2.0082052,1.7874864,1.3375835,1.9127564,1.7017572,1.1743902,-2.601945,-0.58778524,-0.809017,-0.8660254,-0.5,0.0
2020-09-10 00:00:00,5.0,-1.9812684,-1.3779207,-1.0942558,0.7329319,1.6477904,1.8721156,0.9283453,-1.9970782,0.91263837,0.5168793,0.13506491,1.7419305,0.48232275,1.1209642,0.2552408,0.20912819,0.8130015,1.3094552,1.4084907,0.079170585,0.15660274,0.51860034,1.1432687,-1.0547941,-0.58778524,-0.809017,-1.0,-1.8369701e-16,0.0
2020-09-17 00:00:00,5.0,-0.4712577,-1.0068798,0.08213232,0.59696186,0.3469169,1.4468129,-0.27158657,1.1479547,0.8482227,0.61520237,0.3237886,1.3666546,0.2900113,0.9521986,-0.32015353,-0.041060716,0.14460577,1.0076709,1.2433821,-0.20435213,-0.15838186,0.32803714,0.8354191,-0.76313394,-0.58778524,-0.809017,-1.0,-1.8369701e-16,0.0
2020-09-24 00:00:00,5.0,-0.7067428,-0.4237537,2.7643,-0.13577469,-0.63305455,0.96483934,-0.41300344,-1.6357723,0.53966266,0.5336362,0.39748564,0.71411085,-0.07291741,0.6616483,-0.9239032,-0.8330683,-0.11754872,0.84322464,1.2504468,-0.60030735,-0.51904356,0.17349367,0.0751052,-0.5954554,-0.58778524,-0.809017,-1.0,-1.8369701e-16,0.0
2020-10-01 00:00:00,5.0,1.2822042,1.3447645,-0.93098396,-1.1015196,0.5902979,0.5752634,-0.40085745,-0.22764,0.34360936,0.28824976,0.06649772,0.72872907,0.4778805,1.0858262,-0.881756,-0.33653933,0.552993,1.124125,1.57008,0.20078018,0.10964043,0.5641999,0.9317452,-0.17185737,-0.58778524,-0.809017,-1.0,-1.8369701e-16,1.0
2020-10-08 00:00:00,5.0,0.1395544,-0.111934945,-0.3396081,1.4425892,-0.24508011,0.1507896,-0.5411536,0.8922336,0.09544715,0.11803266,-0.057466827,0.3829503,0.6119143,1.1907246,-0.77852887,-1.1058023,0.75089574,0.57254064,1.6241579,0.22585183,0.23296317,0.7014752,0.38714403,-0.62074906,-0.58778524,-0.809017,-0.8660254,0.5,0.0
2020-10-15 00:00:00,5.0,-0.15564181,-0.41495308,0.7688621,1.2085145,-0.85000783,-0.83235747,-1.0788668,0.41742676,-0.2293574,-0.102824144,-0.19868697,-0.13526872,0.63569725,1.1953089,-0.74041915,0.050284017,0.22760902,0.8513186,1.3526146,0.07184438,0.22587846,0.81900644,-0.4261395,0.16393875,-0.58778524,-0.809017,-0.8660254,0.5,0.0
2020-10-22 00:00:00,5.0,-0.9155299,-1.3348476,1.0997928,-0.6064635,-0.81580573,-1.2698293,-0.93372416,-1.0488919,-0.35339954,-0.13377462,-0.10179601,-0.49736762,0.033508144,0.7600968,-1.1151857,-0.212767,-0.21623334,0.4685214,1.3459905,-0.62425023,-0.35862884,0.5665583,-0.25057667,0.37114704,-0.58778524,-0.809017,-0.8660254,0.5,0.0
2020-10-29 00:00:00,5.0,-1.27784,-2.1027088,-0.41389063,-1.195522,-0.21944031,-0.9526105,0.3346085,0.026210697,-0.1944378,0.06543578,0.23353791,-0.49457502,-0.8201468,0.11442406,-1.8652538,-0.5656667,-1.2160395,-0.3246651,1.1011167,-1.5656153,-1.2617841,-0.039902534,0.3167599,0.54422665,-0.58778524,-0.809017,-0.8660254,0.5,0.0
2020-11-05 00:00:00,5.0,1.0307132,0.845624,-1.1346847,0.1617201,0.46520424,-0.6363981,0.30331132,0.9431396,-0.16499242,-0.0607698,-0.024059579,-0.18596387,-0.23026319,0.5166993,-1.8002168,-0.74031913,-0.91193235,0.23830967,1.0691357,-0.5802131,-0.53281355,0.37466723,0.84838045,0.64742196,-0.58778524,-0.809017,-0.8660254,0.5,0.0
2020-11-12 00:00:00,5.0,-0.6735739,-1.1785262,0.13434392,0.28103924,1.1407607,-0.021300087,0.8453329,1.4411622,0.32106096,0.34010643,0.3946843,0.3322207,-0.581202,0.23630309,-1.8988341,-1.248695,-1.949299,0.03399473,1.0319984,-1.0446984,-1.0825139,-0.18599834,0.94262254,-0.16143689,-0.58778524,-0.809017,-0.5,0.8660254,0.0
2020-11-19 00:00:00,5.0,-0.25849295,-0.5898137,0.91742736,0.895383,-1.0769216,-0.4429327,-0.6314985,0.26478893,-0.030998787,0.12091282,0.25967276,-0.2056205,-0.60039634,0.21242668,-2.0188658,-1.297991,-1.031297,-0.20236263,1.023343,-1.1188262,-1.1587589,-0.16007064,-0.8747697,-0.1442038,-0.58778524,-0.809017,-0.5,0.8660254,0.0
2020-11-26 00:00:00,5.0,-0.48892787,-0.38957193,1.0039296,0.9360118,-1.2046553,-0.56999743,-0.2692379,-0.81073993,-0.30841076,-0.05504441,0.17931142,-0.67761046,-0.8257182,0.036362223,-2.1872327,-1.0296634,-1.0484363,-0.80100113,1.0275356,-1.4389395,-1.3813257,-0.24724224,-1.2787533,-0.2983151,-0.58778524,-0.809017,-0.5,0.8660254,0.0
2020-12-03 00:00:00,5.0,0.071309686,0.04704534,-0.27916548,1.0541673,-0.9898543,-1.3033618,-1.3825343,0.5840193,-0.5378081,-0.28072074,-0.036964007,-0.9488977,-0.649904,0.14133438,-2.1631458,-0.19662152,-0.63470757,-0.67206913,0.9623884,-1.1396793,-1.2124579,-0.045075823,-0.93163496,-0.20067017,-0.58778524,-0.809017,-0.5,0.8660254,0.0
2020-12-10 00:00:00,5.0,-0.92287105,-1.9496307,-0.36438522,-1.0661371,-0.7288566,-0.97532475,0.58329684,0.19107015,-0.50498325,-0.22598098,0.11383563,-1.0064257,-1.2680488,-0.36820024,-2.3377292,-1.3805997,-1.7578362,-1.1100726,0.6934373,-2.0107925,-1.768868,-0.5276133,-0.27065125,-0.31233066,-0.58778524,-0.809017,-2.4492937e-16,1.0,0.0
2020-12-17 00:00:00,5.0,0.10563823,0.767969,0.6236831,-1.033978,-1.0344814,-1.089719,-0.5619246,-0.21432692,-0.6989903,-0.44313693,-0.11595177,-1.2037227,-1.0364603,-0.24447621,-2.3188717,-0.90033585,-1.7342931,-0.9483992,0.71234536,-1.6196426,-1.5547088,-0.29541215,-1.2821528,-0.29986098,-0.58778524,-0.809017,-2.4492937e-16,1.0,0.0
2020-12-24 00:00:00,5.0,-0.49204397,-1.9720831,-0.7658689,-0.9335999,-1.2234994,-0.9125052,0.20453906,0.5291193,-0.8791015,-0.60005265,-0.21525235,-1.4880999,-1.2511188,-0.45740566,-2.4026406,-1.0328053,-1.8462644,-1.5306201,0.5613767,-2.0927033,-1.7639987,-0.40493098,-1.9274589,-0.28315854,-0.58778524,-0.809017,-2.4492937e-16,1.0,0.0
2020-12-31 00:00:00,5.0,-0.07425308,0.11746982,-0.40262672,1.1886187,-1.1344885,-1.2608004,-1.3181571,0.14360821,-1.0378125,-0.7949142,-0.41949612,-1.6574821,-1.1189122,-0.40475306,-2.3722076,-0.78584236,-1.4220761,-1.5050815,0.50852907,-1.9184762,-1.6480947,-0.23203813,-1.7446245,-0.26842782,-0.58778524,-0.809017,-2.4492937e-16,1.0,1.0
2021-01-07 00:00:00,5.0,-0.8186053,-1.3102922,1.3816873,-1.1865232,-0.2719715,-0.39354295,3.0,0.008851766,-0.7841975,-0.61813563,-0.2114206,-1.2649214,-1.6102399,-0.86679184,-2.3697326,-1.3052994,-1.1905901,-2.0645838,0.37080383,-2.9638689,-2.052558,-0.88370854,-0.065720804,-0.052844018,-0.58778524,-0.809017,-2.4492937e-16,1.0,1.0
2021-01-14 00:00:00,5.0,0.7927752,0.6648718,0.9014201,-0.9529226,-0.26120552,-0.21015474,0.06642751,1.4762332,-0.6251633,-0.6293005,-0.39283606,-0.777268,-0.8883607,-0.3832216,-1.9079552,-0.28524956,-1.2811629,-1.8699404,0.49167863,-0.95767814,-1.22491,-0.39541322,-0.07568758,-0.19056757,-0.58778524,-0.809017,0.5,0.8660254,0.0
2021-01-21 00:00:00,5.0,-0.39640924,-0.8725402,-1.0527099,1.5403322,-0.65640163,-0.7882341,-1.2778281,0.18498448,-0.6895075,-0.6736394,-0.41530618,-0.8934218,-1.0271558,-0.53525263,-1.750298,-0.58354896,-1.141268,-2.4802935,0.3426342,-1.1432105,-1.2736163,-0.57253945,-0.81261057,-0.16690534,-0.58778524,-0.809017,0.5,0.8660254,0.0
2021-01-28 00:00:00,5.0,-0.71520317,-1.1437191,1.3064629,-0.8340928,0.207162,-0.43397072,0.7087049,0.21567887,-0.46878514,-0.48335078,-0.19940545,-0.62295264,-1.4296161,-0.9317721,-1.6938688,-0.717408,-1.3338219,-1.9069029,0.33322388,-2.1678894,-1.5917408,-1.108867,0.43500677,-0.82157934,-0.58778524,-0.809017,0.5,0.8660254,0.0
2021-02-04 00:00:00,5.0,0.45274618,0.6905326,0.7902777,-0.86488557,-0.09810334,-0.5934928,-0.5396091,0.32456934,-0.5322266,-0.58964735,-0.393836,-0.5754177,-0.9462271,-0.5975003,-1.434331,-0.40407324,-0.9005845,-1.5222418,0.33126307,-0.74593294,-1.1061355,-0.7244856,-0.40332866,-0.7463356,-0.58778524,-0.809017,0.5,0.8660254,0.0
2021-02-11 00:00:00,5.0,1.0330534,1.2192798,-0.8068513,-0.7448596,0.81123775,-0.00067180744,0.8027336,0.006305205,-0.43788198,-0.6200869,-0.59935814,-0.16268949,-0.18102354,0.024948735,-0.81502986,0.69498587,-0.45921367,-0.84192437,0.41013613,1.8108753,-0.30099228,-0.10947515,0.7470002,-0.7013211,-0.58778524,-0.809017,0.8660254,0.5,0.0
2021-02-18 00:00:00,5.0,-0.08253044,-0.54888636,2.0975075,-0.3703382,-0.91146994,-0.14346151,-0.42934126,0.7540187,-0.6944945,-0.80172145,-0.7657462,-0.56802326,-0.09271264,0.08425783,-0.44231838,0.17682286,-0.08151059,-1.3487555,0.2804553,1.3993129,-0.16431333,0.053860355,-2.1030874,-1.0513228,-0.58778524,-0.809017,0.8660254,0.5,0.0
2021-02-25 00:00:00,5.0,-0.61661935,-0.5676242,0.008678985,1.2703271,1.1311882,0.4985352,0.3267348,-0.6048217,-0.29702088,-0.4740251,-0.44470644,-0.030692525,-0.49887177,-0.2826453,-0.34710103,0.04373957,-0.41211775,-1.6039023,0.19653264,0.4581702,-0.55876416,-0.61030036,0.8623926,-1.0225152,-0.58778524,-0.809017,0.8660254,0.5,0.0
2021-03-04 00:00:00,5.0,-1.912485,-1.7951826,-0.21062902,-1.2215589,0.63456,1.7121255,0.94115967,-1.5415841,0.23969296,0.12024415,0.32691512,0.23030372,-1.8192822,-1.5659635,-0.7995385,-0.7108649,-1.0863966,-2.1871438,-0.40762776,-2.3671422,-1.6213629,-1.8638163,0.62677795,-0.54024476,-0.58778524,-0.809017,0.8660254,0.5,0.0
2021-03-11 00:00:00,5.0,-0.5358392,-0.7121874,-0.608032,1.3522166,0.28498885,1.7574147,0.12990506,0.043293383,0.34351832,0.28929687,0.5549367,0.19739138,-1.9395609,-1.7278917,-1.1461133,-1.2922271,-1.2868465,-1.9997377,-0.61719686,-2.5705428,-1.7176975,-2.0565922,0.16196471,-0.91826797,-0.58778524,-0.809017,1.0,6.123234e-17,0.0
2021-03-18 00:00:00,5.0,0.76351476,0.55406857,-0.27368546,0.32913613,-0.56559265,-0.54183227,-1.5942178,1.9437405,-0.027682174,-0.049210697,0.13574749,-0.083049364,-1.3072246,-1.2192988,-1.1099086,-1.4075445,-0.56753653,-1.27591,-0.45002136,-1.2234849,-1.1548275,-1.5485139,-1.2510966,-1.0958117,-0.58778524,-0.809017,1.0,6.123234e-17,0.0
2021-03-25 00:00:00,5.0,-0.90763915,-1.4418579,0.49635848,-1.0672312,-0.73141986,-0.36122245,0.035438053,-0.70601255,-0.16446033,-0.04501102,0.29303753,-0.45286146,-1.685471,-1.6186643,-1.287362,-1.8532442,-1.3233403,-1.8838718,-0.6283469,-2.0982974,-1.5260686,-1.9158367,-1.6692146,-1.5577433,-0.58778524,-0.809017,1.0,6.123234e-17,0.0
2021-04-01 00:00:00,5.0,0.57345754,1.085752,-0.7269303,-0.44164196,0.19114108,-0.1322943,0.04031733,-0.51404583,-0.2854401,-0.23136792,0.004014385,-0.43159768,-1.2065207,-1.2237599,-1.1056211,-1.1559842,-0.8792334,-1.4405966,-0.51356727,-1.000035,-1.0219432,-1.5064946,-0.052367974,0.05308904,-0.58778524,-0.809017,1.0,6.123234e-17,1.0
2021-04-08 00:00:00,5.0,0.6316521,1.2274157,-0.5584166,-0.8675128,-0.7930277,-0.87113535,-1.0129776,0.8620459,-0.56434244,-0.5452054,-0.4094276,-0.61813504,-0.7418415,-0.82258743,-0.74542993,0.30621195,-0.2819551,-1.1350288,-0.6278742,0.115320034,-0.48589337,-1.0436461,-1.8896964,0.28635502,-0.58778524,-0.809017,0.8660254,-0.5,0.0
2021-04-15 00:00:00,5.0,0.93289125,0.9997981,0.20012076,-0.92042816,1.0032634,1.6237057,3.0,0.4035751,-0.5008499,-0.6299078,-0.6880212,-0.27018028,-0.1697007,-0.31167996,-0.12198257,1.1532172,-0.061855685,-0.6837601,-0.8938264,1.2793771,0.19888054,-0.51631224,0.7146804,0.30988303,-0.58778524,-0.809017,0.8660254,-0.5,0.0
2021-04-22 00:00:00,5.0,-0.12526776,-0.7366564,1.0454147,0.0670619,0.2608799,0.7565068,-0.6601387,1.2229958,-0.477037,-0.6046017,-0.6697354,-0.24494107,-0.1317833,-0.2805369,0.25627908,0.6381313,-0.5770318,-0.7439061,-0.19310369,0.998777,0.18166323,-0.57151127,0.10144904,0.269756,-0.58778524,-0.809017,0.8660254,-0.5,0.0
2021-04-29 00:00:00,5.0,-0.27255502,-0.4587386,0.43033966,1.0105221,-0.5925811,-0.77088463,-1.2323705,0.0051151984,-0.5996883,-0.6771489,-0.7119735,-0.48606533,-0.19372863,-0.33460736,0.44655523,1.0165327,-0.6557215,-0.5350605,-0.48512807,0.6636668,0.08747895,-0.64266306,-1.1409013,0.3393602,-0.58778524,-0.809017,0.8660254,-0.5,0.0
2021-05-06 00:00:00,5.0,-1.0784979,-1.544203,-1.2548907,0.027166953,0.65468085,-0.37605134,0.3724064,0.34341386,-0.31070656,-0.36805657,-0.29102248,-0.2541714,-0.84405565,-0.9033632,0.23706843,0.127557,-0.82346106,-0.8873122,-0.13272427,-0.2738183,-0.5462279,-1.2448103,0.39411396,0.38332048,-0.58778524,-0.809017,0.8660254,-0.5,0.0
2021-05-13 00:00:00,5.0,-1.1287102,-1.3756844,0.6644882,-1.0528387,0.20378603,-0.34582397,-0.09412335,-0.023686113,-0.10749436,-0.111095615,0.11044924,-0.20581439,-1.3819329,-1.424114,-0.14365539,-0.83055973,-0.38260552,-1.0454429,0.4819251,-1.1073115,-1.0799993,-1.7654033,0.17325453,0.41560096,-0.58778524,-0.809017,0.5,-0.8660254,0.0
2021-05-20 00:00:00,5.0,0.15305963,-0.14680721,0.5488481,1.1829469,-0.77944344,-0.40015197,-0.07850298,1.0640811,-0.31429312,-0.2783103,-0.064475745,-0.44749507,-1.1824604,-1.2823253,-0.316066,-1.4004129,-0.07447011,-0.9772996,-0.3312308,-0.81853956,-0.8994094,-1.6188736,-0.94154483,0.4591489,-0.58778524,-0.809017,0.5,-0.8660254,0.0
2021-05-27 00:00:00,5.0,1.7001524,1.5092412,-0.96734023,-1.1447214,0.9889545,1.828042,1.9999148,0.9036793,-0.24006757,-0.4517229,-0.5436076,0.13780962,-0.29542327,-0.53587776,0.056477293,-0.47624555,0.18695877,-0.2801162,0.20812094,0.7380798,0.04764174,-0.8278857,0.7122039,0.56722635,-0.58778524,-0.809017,0.5,-0.8660254,0.0
2021-06-03 00:00:00,5.0,0.9316175,1.1784087,-0.83383197,-0.5770641,0.64516234,1.5460693,-0.20843422,-0.19415553,-0.35781097,-0.6552563,-0.90840614,0.27907783,0.16590714,-0.09817648,0.54091924,0.16827938,0.96452916,-0.29606766,0.045183323,1.2698798,0.5958382,-0.35543996,0.5546323,0.21244366,-0.58778524,-0.809017,0.5,-0.8660254,0.0
2021-06-10 00:00:00,5.0,0.34571537,0.7715838,0.673121,-0.82090795,-0.110164344,1.6472565,0.047320094,-0.4733874,-0.57403976,-0.8557167,-1.1579132,0.1339382,0.38208646,0.11795473,0.942759,0.9908874,0.8082517,-0.08097513,-0.069175296,1.2088926,0.8261068,-0.12079714,-0.013893523,0.33046436,-0.58778524,-0.809017,1.2246469e-16,-1.0,0.0
2021-06-17 00:00:00,5.0,0.19209792,0.747122,0.10312119,-0.3792583,-1.1406362,-0.06955999,-1.0927974,-0.17765085,-1.0573096,-1.2487938,-1.5351477,-0.36270714,0.5384742,0.27864388,1.2739173,1.7592545,0.5751521,0.19688919,-0.06042475,1.0821857,1.020225,0.14107007,-1.2997689,0.3730466,-0.58778524,-0.809017,1.2246469e-16,-1.0,0.0
2021-06-24 00:00:00,5.0,0.946417,1.2225454,-0.28024262,-1.1103851,0.979348,2.4464056,2.671029,-0.27132162,-0.96833783,-1.3809719,-1.8569483,0.07138129,0.9401592,0.7199066,1.5938302,2.118711,0.4886203,0.29413885,0.052556783,1.2766339,1.4941899,0.63129026,1.0679916,0.12702544,-0.58778524,-0.809017,1.2246469e-16,-1.0,0.0
2021-07-01 00:00:00,5.0,0.5796071,0.85482866,-0.6641184,-0.08374876,-0.0052161426,0.0551826,-1.3225434,0.44431514,-1.1687334,-1.6324722,-2.1764584,-0.014000276,1.1767836,1.0070691,1.9069215,1.5247254,0.7563278,0.10988747,0.29704866,1.1956502,1.8335358,1.0343022,0.08856102,-0.0023939773,-0.58778524,-0.809017,1.2246469e-16,-1.0,1.0
2021-07-08 00:00:00,5.0,0.04089652,0.24489878,1.9262639,-0.6545012,-1.318827,-0.11839221,-0.28665465,0.2719501,-1.5188969,-1.9067929,-2.3753102,-0.4928999,1.2378416,1.0908577,2.0913277,1.066136,0.88834715,0.14690869,0.12251053,0.93633306,1.9243547,1.2490761,-1.5625232,-0.053220134,-0.58778524,-0.809017,-0.5,-0.8660254,0.0
2021-07-15 00:00:00,5.0,-0.7517852,-0.3123995,2.9048202,-0.4745042,-1.2603028,0.04855977,0.030346429,-1.7699727,-1.6431161,-1.9167051,-2.207149,-0.8613756,0.7796708,0.68247575,1.9275286,0.5364436,1.0950235,0.16197205,-0.8645643,0.50835985,1.5059767,0.94777966,-1.5048245,-0.15611434,-0.58778524,-0.809017,-0.5,-0.8660254,0.0
2021-07-22 00:00:00,5.0,-0.6836987,-0.6786941,-1.2307813,1.9423838,2.0820343,1.4670591,1.2442662,-0.18997075,-0.82868224,-1.2936804,-1.6441042,0.12073546,0.41506475,0.35458392,1.3578179,0.10335693,1.3517696,0.63298494,-0.74281144,0.20157473,0.82075405,0.300176,1.1943163,-1.2922727,-0.58778524,-0.809017,-0.5,-0.8660254,0.0
2021-07-29 00:00:00,5.0,-0.16365328,-0.49870092,-0.21506725,1.4316527,-0.26348987,-0.7846888,-1.5568228,0.6736208,-0.96485656,-1.3680286,-1.6646117,-0.10038496,0.44642067,0.3810839,1.038204,-0.47158423,1.2402697,0.7691889,-0.9314819,0.12485953,0.68710846,0.29346192,-0.30925056,-0.09894594,-0.58778524,-0.809017,-0.5,-0.8660254,0.0
2021-08-05 00:00:00,5.0,0.4995803,1.0813527,-1.0955073,-0.12593296,-0.4320267,-0.8235933,-0.2391675,-0.07102424,-1.230602,-1.6324081,-1.9311528,-0.30991775,0.7259636,0.655188,0.92422116,-0.53797036,0.7852489,0.63350904,-1.1198981,0.28498298,0.96193516,0.6905465,-0.45015633,-0.45324516,-0.58778524,-0.809017,-0.5,-0.8660254,0.0
2021-08-12 00:00:00,5.0,-0.79591274,-1.4111043,-0.39019972,-0.36027667,0.08497047,-1.048865,-0.61126053,0.58955747,-1.0229119,-1.3721418,-1.5994066,-0.24723583,0.22933292,0.22335383,0.58388424,-0.9600033,0.11934622,0.74532175,-1.2422336,-0.02536218,0.40409046,0.2543783,0.18265906,-1.6915189,-0.58778524,-0.809017,-0.8660254,-0.5,0.0
2021-08-19 00:00:00,5.0,-0.8805611,-1.4228599,0.42316443,-1.0517598,0.00061357184,-0.81528354,0.22706391,0.41082084,-0.8289734,-1.101143,-1.2473536,-0.23432995,-0.2935434,-0.24428605,0.11989243,-1.014595,-0.3590736,0.3393681,-1.460681,-0.3625287,-0.14461859,-0.18349066,0.097978346,-1.4025327,-0.58778524,-0.809017,-0.8660254,-0.5,0.0
2021-08-26 00:00:00,5.0,2.5271113,1.1475805,-0.97713983,-0.35630253,3.0,1.2121876,3.0,1.4082081,0.33052,-0.5813704,-1.3692185,1.9037142,0.8194014,0.84432024,0.3916295,0.6688865,0.60030705,0.7729273,-0.6897881,0.73862475,0.92706376,0.68400675,1.4067274,-0.72904944,-0.58778524,-0.809017,-0.8660254,-0.5,0.0
2021-09-02 00:00:00,5.0,-0.05285671,0.1635619,1.2414718,0.16218013,-0.40399,-0.59090275,-1.3247409,-0.213816,-0.17642774,-0.8114746,-1.4485078,1.1451973,0.88373667,0.9069496,0.6017856,0.72396135,0.1950232,0.45417944,-1.0433018,0.5976906,0.9330972,0.8005788,-0.22788788,-0.81656855,-0.58778524,-0.809017,-0.8660254,-0.5,0.0
2021-09-09 00:00:00,5.0,-0.31981596,-0.5374329,1.139237,0.2988597,-0.72672397,-0.941063,-0.7462261,0.07027751,-0.65496457,-1.0421374,-1.4954964,0.38819423,0.8105712,0.83407784,0.65125275,0.3072077,-0.18080159,0.41275796,-1.0477068,0.38213244,0.8112991,0.81361914,-1.3491001,-0.47726303,-0.58778524,-0.809017,-1.0,-1.8369701e-16,0.0
2021-09-16 00:00:00,5.0,-0.22905038,-0.13384427,1.616119,0.49639717,-0.6065014,-0.71325713,0.29529202,-0.27082393,-0.95152813,-1.2040696,-1.5293455,-0.08191976,0.82045317,0.8358931,0.58945197,0.58292747,-0.29802325,0.4387252,-1.1364117,0.24193618,0.7047149,0.8454794,-0.7102154,-0.4763329,-0.58778524,-0.809017,-1.0,-1.8369701e-16,0.0
2021-09-23 00:00:00,5.0,-0.55176127,-0.45687383,-0.9491437,2.0293677,0.18070698,-0.5061041,0.1690235,-0.6635252,-0.6883941,-0.93457174,-1.2329667,0.09355792,0.49421254,0.55528647,0.33545196,0.7317683,-0.22670321,0.6228741,-1.2220644,0.002706397,0.27882192,0.4940449,0.96978235,-0.5273502,-0.58778524,-0.809017,-1.0,-1.8369701e-16,0.0
2021-09-30 00:00:00,5.0,-1.3908546,-1.616789,-0.38587648,-1.1072341,0.69046044,-0.5141242,-0.16469757,0.4272502,0.054676417,-0.16566251,-0.44712064,0.526287,-0.5640946,-0.38473067,-0.1980673,-1.3340254,-0.5522193,0.6016197,-2.00665,-0.61544025,-0.62563115,-0.3885394,1.1853839,-0.7333103,-0.58778524,-0.809017,-1.0,-1.8369701e-16,0.0
2021-10-07 00:00:00,5.0,-0.018109143,-0.2058395,-0.36425146,1.9787346,-0.15036832,-0.3799387,0.032062568,0.63582975,-0.094752066,-0.24291593,-0.47811523,0.32013834,-0.45106453,-0.288232,-0.52106047,-1.2994343,-0.4973733,0.5689159,-1.9360456,-0.58634806,-0.6717669,-0.3395645,0.2725749,-0.5517619,-0.58778524,-0.809017,-1.0,-1.8369701e-16,1.0
2021-10-14 00:00:00,5.0,0.043479048,-0.45840046,0.105999246,0.9790978,-1.0573617,-0.87656486,-0.8934801,1.0764902,-0.7485561,-0.7265228,-0.8002172,-0.43412548,-0.30198044,-0.16149516,-0.73432696,-1.1112468,-0.6868195,0.1150957,-2.1033387,-0.5083351,-0.63057035,-0.11819508,-2.0481415,-1.4333303,-0.58778524,-0.809017,-0.8660254,0.5,0.0
2021-10-21 00:00:00,5.0,0.8164466,1.0992292,-0.07751723,-0.70279,-0.32329354,-0.6960629,-0.00077468547,0.89131624,-0.897616,-1.00824,-1.1526195,-0.35647464,0.30970123,0.35418716,-0.60241544,-0.58032465,-0.001976109,0.086410716,-1.9890356,0.17697258,-0.12188,0.46570078,-0.042018346,-1.9581474,-0.58778524,-0.809017,-0.8660254,0.5,0.0
2021-10-28 00:00:00,5.0,1.6862913,1.3271942,-0.07012427,-1.2002314,1.9296327,-0.04899891,0.83870465,-0.26745385,-0.14850846,-0.713842,-1.2522058,1.0996059,1.3216553,1.329425,-0.0097256405,0.6152322,1.1792192,0.5062145,-2.014048,1.4378742,0.7585675,1.1588204,1.3704892,-2.7465749,-0.58778524,-0.809017,-0.8660254,0.5,0.0
2021-11-04 00:00:00,5.0,1.3628222,1.3172528,-1.0194244,-0.54463166,0.7373597,-0.098663054,-0.24897666,0.94077003,-0.22449693,-0.88843983,-1.5193324,1.4507726,1.8734168,1.9543037,0.66311693,2.040685,0.6064278,0.8741818,-0.82134145,1.8750525,1.4396473,1.8217891,1.3031931,-1.9594979,-0.58778524,-0.809017,-0.8660254,0.5,0.0
2021-11-11 00:00:00,5.0,1.632141,0.6617223,1.4823325,-1.0742437,2.70023,2.9672384,3.0,1.3885919,1.5919293,0.2106051,-1.0263344,3.0,2.3093412,2.5185287,1.1633251,2.716127,1.3805226,1.0939105,-0.13039751,1.9394635,1.6379437,1.6324505,1.4346608,-2.8366442,-0.58778524,-0.809017,-0.5,0.8660254,0.0
2021-11-18 00:00:00,5.0,-0.39988738,-1.3449676,-0.8490609,-0.14544582,-0.11592839,0.517469,-1.1820377,2.1132948,1.0695254,0.12751447,-0.940252,2.4844937,2.0478976,2.2457008,1.4460838,2.379817,1.3296198,0.79002166,0.030346222,1.2394323,1.4156972,1.4956192,0.89723486,-2.8723786,-0.58778524,-0.809017,-0.5,0.8660254,0.0
2021-11-25 00:00:00,5.0,1.7840364,0.043272257,1.4158008,0.45239905,1.2580051,1.753711,1.1058679,3.0,1.9783231,0.6682171,-0.8109471,3.0,2.3904598,2.706444,1.622288,2.6427045,2.182812,1.3620883,0.07304077,1.4606051,1.783119,1.6956884,1.3312676,-2.9811563,-0.58778524,-0.809017,-0.5,0.8660254,0.0
2021-12-02 00:00:00,5.0,-0.96643513,-1.16254,0.66538155,-0.9915444,-0.1443903,0.40272444,-0.9359368,-0.5045275,1.4979224,0.76572126,-0.50042284,2.2137582,1.6042193,1.9362544,1.627582,1.4533265,1.9700729,1.2836068,-0.32271183,0.8098492,1.3018867,1.3173838,0.88203007,-2.2799444,-0.58778524,-0.809017,-0.5,0.8660254,0.0
2021-12-09 00:00:00,5.0,-0.022455895,0.17032586,-0.69584125,1.8215833,1.4472183,1.3742964,0.73849845,-0.7425798,2.1640708,1.465947,0.014219431,2.386899,1.6279868,1.9497435,1.3620336,0.8640057,2.461612,1.4925056,-0.27332467,0.63753057,1.0182877,0.9720294,1.2736583,-3.0,-0.58778524,-0.809017,-2.4492937e-16,1.0,0.0
2021-12-16 00:00:00,5.0,-1.062846,-0.58730525,-0.9531295,1.480207,1.4481562,1.3717406,-0.07927882,-0.5460166,3.0,2.670769,1.1039776,2.4809065,0.8458627,1.2055147,0.9155865,-0.29091007,1.9601607,1.1969142,-0.25897592,0.20443438,0.35676816,0.20851363,1.2318561,-2.8081279,-0.58778524,-0.809017,-2.4492937e-16,1.0,0.0
2021-12-23 00:00:00,5.0,-0.92741275,-0.9570886,-1.4370233,1.0912112,0.70904016,1.0711205,-0.30208284,0.81667125,3.0,3.0,1.8439636,2.1167283,0.2898805,0.66735065,0.49194887,-0.5127328,1.5455095,0.74171823,0.0077453298,-0.11869005,-0.06030034,-0.24042207,1.0683892,-2.5427117,-0.58778524,-0.809017,-2.4492937e-16,1.0,0.0
2021-12-30 00:00:00,5.0,0.13891125,0.14988002,2.158814,-0.38693953,-0.6054173,-0.29897353,-1.0754164,0.24629503,1.9827162,2.3030763,1.4540775,1.1988478,0.4275165,0.7866501,0.2546177,-1.1996553,1.2534138,1.0307113,-0.46463463,-0.089633696,0.01839012,-0.022468746,0.44618994,-2.3000627,-0.58778524,-0.809017,-2.4492937e-16,1.0,0.0
2022-01-06 00:00:00,5.0,-1.7758372,-1.437218,0.020497285,-1.0719317,0.14712569,0.15883815,0.42605367,-0.69213104,2.3785026,2.946274,2.392477,0.9601359,-0.6733802,-0.29126203,-0.22550681,-1.5162008,-0.10583878,0.73726743,-0.8583398,-0.653256,-0.67730665,-0.7189255,0.8813183,-1.8526794,-0.58778524,-0.809017,-2.4492937e-16,1.0,1.0
2022-01-13 00:00:00,5.0,0.036575302,0.14578453,-0.3709337,1.5500003,0.0074407146,0.44869462,0.048563734,-0.30386773,2.000442,2.603665,2.2639043,0.6813336,-0.55165935,-0.19121975,-0.52943677,-1.4734849,-0.62139237,-0.08677235,-0.73226875,-0.6174147,-0.6450204,-0.66857815,0.7135587,-2.1110141,-0.58778524,-0.809017,0.5,0.8660254,0.0
2022-01-20 00:00:00,5.0,-2.1714745,-1.8687376,-1.2534227,-1.1022997,0.24564786,-0.02834857,-0.5334554,0.33823976,2.6547961,3.0,3.0,0.6149583,-1.6014048,-1.3057034,-1.0237973,-1.9057328,-2.0874393,-0.79063386,-1.4793725,-1.2805258,-1.3663628,-1.4550451,0.82782584,-1.0416425,-0.58778524,-0.809017,0.5,0.8660254,0.0
2022-01-27 00:00:00,5.0,-1.8209634,-1.0358136,-1.0774375,0.50116664,0.95708066,1.5124073,1.4591683,0.11341307,3.0,3.0,3.0,0.92494076,-2.1423686,-1.9647894,-1.4533463,-2.2154257,-2.528292,-1.2905902,-2.3730407,-1.7378892,-1.7966294,-1.9930719,1.0792972,-0.48375046,-0.58778524,-0.809017,0.5,0.8660254,0.0
2022-02-03 00:00:00,5.0,1.575374,0.6326909,-0.7096433,0.8787699,0.7041094,0.62776864,-0.62385184,1.4569304,2.9836593,3.0,3.0,1.0127201,-1.3775018,-1.3034657,-1.4324863,-1.5896909,-2.4465137,-0.6753778,-1.1124527,-1.2187335,-1.2632488,-1.4731703,0.9782923,-0.0039304853,-0.58778524,-0.809017,0.5,0.8660254,0.0
2022-02-10 00:00:00,5.0,0.7624752,1.294359,-1.3000942,-0.08429431,-0.37478566,-0.15136494,-0.6765356,-2.011105,2.180233,2.5007088,2.538761,0.6062571,-0.9873607,-0.95068944,-1.3148363,-0.61078304,-1.7923853,-0.23654568,-0.8169004,-0.9364172,-1.0039288,-1.1606793,0.38260102,-0.11373541,-0.58778524,-0.809017,0.8660254,0.5,0.0
2022-02-17 00:00:00,5.0,-0.32752654,0.2087114,-0.6588466,1.628072,-0.3864676,0.745618,0.6103628,-1.7023895,1.9317437,2.3217008,2.460686,0.30894834,-1.0343188,-0.9963257,-1.2370865,-0.75680566,-1.8734022,0.102037266,-0.70253867,-1.0614854,-1.107725,-1.2118067,0.35404235,-0.12196578,-0.58778524,-0.809017,0.8660254,0.5,0.0
2022-02-24 00:00:00,5.0,-2.8255205,-1.8050447,-1.0911928,-1.0541942,-0.24022551,0.40564543,-0.37726715,-1.9447355,2.9589362,3.0,3.0,0.3953357,-1.9957381,-2.0505953,-1.4813027,-1.1405824,-2.4954443,-0.9301919,-2.1059875,-2.084444,-1.909132,-2.0213916,0.559147,0.5904899,-0.58778524,-0.809017,0.8660254,0.5,0.0
2022-03-03 00:00:00,5.0,1.0720879,1.4652556,-0.68452394,-1.0213702,-0.08969207,0.053709857,-0.3657969,-3.0,2.3504672,2.62395,2.81491,0.27684984,-1.499532,-1.595091,-1.4472727,0.04997738,-1.7602252,-0.5536951,-1.0816934,-1.7259462,-1.5605538,-1.643592,0.69995433,0.7244218,-0.58778524,-0.809017,0.8660254,0.5,0.0
2022-03-10 00:00:00,5.0,-0.94708425,-0.7083551,-1.1689798,1.3673723,-0.27334058,-0.35819656,-0.38868123,-0.14193338,2.4455929,2.7338333,2.970793,0.13217598,-1.6997317,-1.8078568,-1.4725116,-0.9951127,-2.0771174,-1.1686348,-1.978075,-1.9994235,-1.7474788,-1.8269467,0.44934002,0.7895551,-0.58778524,-0.809017,1.0,6.123234e-17,0.0
2022-03-17 00:00:00,5.0,0.822668,0.9499524,-1.1061524,0.42844757,-0.5425182,-0.3857218,-0.17054608,-1.1476164,1.9108992,2.20033,2.4207506,-0.08168518,-1.3082974,-1.4520687,-1.3194196,-0.93595093,-1.2403293,-1.4187921,-1.329229,-1.5541146,-1.4354371,-1.5324274,0.269814,1.0305482,-0.58778524,-0.809017,1.0,6.123234e-17,0.0
2022-03-24 00:00:00,5.0,0.53542787,0.7085922,1.2416263,-0.9195067,-0.70205134,0.2761817,0.22196615,-0.87286454,1.5214053,1.8251628,2.0538082,-0.28732455,-1.0427223,-1.2064929,-1.0913061,-0.57176673,-1.0587639,-1.6310235,-0.670823,-1.239553,-1.2069154,-1.3274783,0.11364297,0.965356,-0.58778524,-0.809017,1.0,6.123234e-17,0.0
2022-03-31 00:00:00,5.0,1.0207847,0.79659575,0.88439363,-0.8342231,-0.92493916,0.40054986,-0.21966822,0.73154306,1.0651948,1.3630297,1.580537,-0.45619327,-0.60969263,-0.81342614,-0.7339211,1.0775093,-0.032497298,-1.7321202,-0.40195784,-0.66395605,-0.7913368,-0.9692306,-0.2935179,1.4399008,-0.58778524,-0.809017,1.0,6.123234e-17,1.0
2022-04-07 00:00:00,5.0,-2.053242,-1.5445887,-0.6920487,-0.79114413,0.42529228,-0.1522358,-0.3818387,-0.048902582,1.7929412,2.0158727,2.270037,-0.25530985,-1.310207,-1.4968202,-0.75368613,-0.29162654,-0.19729622,-2.2787015,-2.0312743,-1.4231191,-1.3231165,-1.5411406,0.7518883,1.4158593,-0.58778524,-0.809017,1.0,6.123234e-17,1.0
2022-04-14 00:00:00,5.0,-1.5144145,-1.2466786,-0.8167097,-0.100147866,-0.59953225,0.3782818,-0.0024377324,-0.12539989,2.0701034,2.3382847,2.6477513,-0.42557117,-1.6513832,-1.8399886,-0.93650836,-0.5710312,-1.2452157,-3.0,-2.6516626,-1.8338383,-1.5751299,-1.8532747,0.15131389,1.6002321,-0.58778524,-0.809017,0.8660254,-0.5,0.0
2022-04-21 00:00:00,5.0,-0.5911323,-1.1330835,-0.38577494,-0.19975549,-2.5353243,-1.1714222,-0.7310436,0.40281364,1.4800949,2.0153587,2.4586756,-1.1479427,-1.7034087,-1.8797783,-1.1305821,-1.179136,-1.6623173,-2.8321326,-2.509826,-1.8221844,-1.6157131,-1.9219725,-1.1778188,1.6954398,-0.58778524,-0.809017,0.8660254,-0.5,0.0
2022-04-28 00:00:00,5.0,-2.3538723,-1.4920528,-0.3477248,-1.0491042,0.34132487,0.84553003,0.7752252,0.2407209,2.4512882,2.7803626,3.0,-0.7795376,-2.097988,-2.2774262,-1.398785,-2.3586779,-2.3045616,-3.0,-2.5260403,-2.308834,-1.9713289,-2.3276057,0.69759834,1.9015611,-0.58778524,-0.809017,0.8660254,-0.5,0.0
2022-05-05 00:00:00,2.0,1.319936,1.1346501,-1.0496262,0.024609946,-1.9245732,0.27733168,-0.38687477,1.0969441,1.4097145,1.8767425,2.2965353,-1.262233,-1.654843,-1.8798723,-1.4189621,-2.118905,-0.9367618,-2.5330362,-1.6092085,-1.7180231,-1.558185,-1.9964436,-0.97952884,1.8692377,-0.58778524,-0.809017,0.8660254,-0.5,0.0
2022-05-12 00:00:00,2.0,-2.7832491,-1.7131093,-1.1063843,-1.0596511,-0.2959752,1.2811649,0.20599976,-1.2679263,2.485397,2.7829137,3.0,-0.964596,-2.0612047,-2.281085,-1.6063296,-2.4319417,-2.2162795,-2.9434125,-3.0,-2.208583,-2.0232818,-2.4438553,-0.1542181,1.887832,-0.58778524,-0.809017,0.5,-0.8660254,0.0
2022-05-19 00:00:00,2.0,0.18410783,0.39014822,1.4600327,-0.18894897,-1.059156,0.6036984,-0.39179468,-1.3297677,2.0983853,2.4016058,2.7619586,-1.1073039,-1.9361868,-2.1373467,-1.6513921,-1.7326715,-1.8154694,-2.7503488,-2.4385598,-1.9202266,-1.8238002,-2.3006425,-0.8739466,1.789437,-0.58778524,-0.809017,0.5,-0.8660254,0.0
2022-05-26 00:00:00,2.0,-0.025013449,-0.006018316,0.69651407,1.3434793,-1.8630548,1.1568315,0.018786104,-0.2223499,1.5672197,2.0113127,2.4293687,-1.5025218,-1.8580412,-2.0379863,-1.6350591,-1.490773,-2.0008588,-2.306751,-2.5372553,-1.6850781,-1.7241764,-2.22956,-1.4371922,1.7254747,-0.58778524,-0.809017,0.5,-0.8660254,0.0
2022-06-02 00:00:00,2.0,0.98300767,1.2429878,0.20909497,-1.1409489,-0.45176843,0.13802445,-0.47316253,-2.5347724,1.3304697,1.6281593,1.9735403,-1.3219979,-1.5199232,-1.7503067,-1.3413523,-0.17183085,-1.777332,-1.9944824,-2.2844942,-1.2877231,-1.3394126,-1.9253458,-0.36366633,1.6921505,-0.58778524,-0.809017,0.5,-0.8660254,0.0
2022-06-09 00:00:00,2.0,0.19870766,0.4203389,2.1706254,-0.8620158,-2.0132732,-1.161419,-0.555035,-0.21506643,0.7349146,1.2227991,1.6623883,-1.790355,-1.4011941,-1.6320542,-1.1193776,-0.6110464,-1.9378997,-1.507693,-2.4208992,-1.1101761,-1.2287902,-1.8410068,-2.193314,1.6197038,-0.58778524,-0.809017,1.2246469e-16,-1.0,0.0
2022-06-16 00:00:00,2.0,-1.6409287,-1.0105819,-0.5505942,0.13537256,0.15941192,-0.8661229,-0.11289007,-0.51263124,1.4897276,1.7482132,2.117523,-1.3368595,-1.6317327,-1.8163095,-1.0156815,-0.13763674,-1.8287091,-1.5328593,-2.785395,-1.3604296,-1.4905809,-2.0206065,0.21208484,1.4836925,-0.58778524,-0.809017,1.2246469e-16,-1.0,0.0
2022-06-23 00:00:00,2.0,-0.15198468,0.50102663,0.73401827,0.15328018,-1.6206805,-1.744664,-0.54435253,-1.7889584,1.0759968,1.4859587,1.9239869,-1.673132,-1.5887499,-1.756683,-0.96093374,-0.28220394,-1.4279454,-1.812453,-2.5926785,-1.2395846,-1.4412565,-1.9887707,-1.8177595,1.4013674,-0.58778524,-0.809017,1.2246469e-16,-1.0,0.0
2022-06-30 00:00:00,2.0,-0.70666987,-0.8494015,0.657613,-0.4330262,-1.0094179,-1.2581422,0.030256951,0.31403735,1.0994359,1.5090065,1.9619423,-1.6973529,-1.6363297,-1.7781669,-0.9201694,-0.5747857,-1.454119,-2.0404534,-2.4046748,-1.2459211,-1.4719107,-2.0295532,-1.1043377,1.2780654,-0.58778524,-0.809017,1.2246469e-16,-1.0,0.0
2022-07-07 00:00:00,2.0,-0.3840325,-0.32715663,-0.52721065,1.7128776,-1.443232,-0.8270636,-0.06213634,-0.571865,0.80879056,1.3286254,1.843333,-1.9126291,-1.6374906,-1.7589288,-0.89554006,-1.1427295,-0.9181368,-1.9971325,-2.191894,-1.1993067,-1.4613075,-2.0526707,-2.076618,1.2976439,-0.58778524,-0.809017,1.2246469e-16,-1.0,1.0
2022-07-14 00:00:00,2.0,0.0133939795,-0.37984803,0.64782006,0.65155375,-1.2342502,-0.93458575,-0.24902803,0.8167259,0.52926654,1.0905215,1.6395755,-2.0059643,-1.5762085,-1.689625,-0.80555737,-1.2069681,-1.2610717,-1.4481217,-2.1424782,-1.0745431,-1.3913765,-2.001034,-1.9324987,1.1777769,-0.58778524,-0.809017,-0.5,-0.8660254,0.0
2022-07-21 00:00:00,2.0,2.0982876,1.4881415,-1.0101312,-0.6957372,0.27737343,0.57307494,0.38711154,-0.22593538,0.4230552,0.67028075,1.0698216,-1.446518,-0.94835776,-1.2541696,-0.33228812,0.38059798,0.17130226,-1.1746411,-1.8599447,-0.55631363,-0.7293502,-1.4887971,-0.2622474,1.1201789,-0.58778524,-0.809017,-0.5,-0.8660254,0.0
2022-07-28 00:00:00,2.0,-0.025712242,-0.12293491,-0.4328682,1.9562457,-1.0145241,-0.5701293,-0.49326816,0.10984091,0.18014245,0.5092002,0.9521877,-1.5870023,-0.92235893,-1.2152854,-0.008839171,0.4337498,0.111428015,-1.0022622,-2.013709,-0.49433807,-0.67194426,-1.4642035,-1.7596487,1.0720547,-0.58778524,-0.809017,-0.5,-0.8660254,0.0
2022-08-04 00:00:00,2.0,0.7794133,1.085395,-0.9381233,0.19353695,-1.0135244,-1.1830813,-0.37878504,0.35178435,-0.21850124,0.17429596,0.65039337,-1.7047184,-0.668173,-1.0270345,0.38483548,1.0616815,0.35528564,-0.977789,-1.8311371,-0.22237909,-0.3630366,-1.2819881,-1.9656678,1.0697296,-0.58778524,-0.809017,-0.5,-0.8660254,0.0
2022-08-11 00:00:00,2.0,-0.5735487,-0.53987765,-0.3395653,0.9215031,-0.082439184,0.754923,0.5425463,-0.18083878,0.065467946,0.31958574,0.7535193,-1.4046649,-0.78844345,-1.0911881,0.55619687,0.9867048,-0.10792777,-1.1835368,-1.9833348,-0.2935636,-0.4331894,-1.3329331,-0.86067194,0.9488768,-0.58778524,-0.809017,-0.8660254,-0.5,0.0
2022-08-18 00:00:00,2.0,0.1827539,0.32394186,1.9481221,-0.45439807,-1.0840607,-0.98326725,-0.68334866,-0.007074653,-0.28603652,0.08957912,0.5845146,-1.615704,-0.70922697,-1.0224911,0.7543813,1.0756475,-0.111465715,-1.312426,-2.0721633,-0.10415053,-0.25161183,-1.2805879,-2.2861502,0.8916743,-0.58778524,-0.809017,-0.8660254,-0.5,0.0
2022-08-25 00:00:00,5.0,-0.8000751,-0.9733799,0.2030485,-0.5754483,-0.41005084,-1.3279531,-0.34744382,-0.15621838,-0.11888655,0.20846768,0.70624244,-1.4914602,-0.8918371,-1.1254177,0.74580497,-0.19374079,0.14099254,-1.1007121,-2.327245,-0.3526767,-0.4077555,-1.4040796,-1.2381417,0.8998431,-0.58778524,-0.809017,-0.8660254,-0.5,0.0
2022-09-01 00:00:00,5.0,-1.6494395,-1.0118155,0.63671577,-1.0510857,0.6016617,1.0536494,0.89111197,-0.97229296,0.7174665,0.7683784,1.1653146,-1.0394189,-1.2115177,-1.3314414,0.45712546,-0.93277895,-0.33640477,-1.1616467,-2.6437821,-1.1087457,-0.79441214,-1.6055076,-0.61960226,1.0240768,-0.58778524,-0.809017,-0.8660254,-0.5,0.0
2022-09-08 00:00:00,5.0,-1.1536094,-0.73232466,-0.40508282,0.35454553,-1.2181827,0.54770756,-0.30277205,-2.3784044,0.89557165,0.9931866,1.4074327,-1.1281229,-1.3643996,-1.4293393,0.13158213,-1.7708387,-0.49697265,-1.2845018,-2.6505227,-1.545468,-1.0283555,-1.752055,-2.573882,0.8148257,-0.58778524,-0.809017,-1.0,-1.8369701e-16,0.0
2022-09-15 00:00:00,5.0,-0.47691315,-0.27688873,2.198797,-0.6970686,-0.63314503,0.4195116,-0.21160711,-0.7621269,0.80999863,0.99319905,1.4357635,-1.2282156,-1.3931905,-1.4359838,-0.14339717,-1.6965424,-0.5423652,-0.956723,-2.5269783,-1.4543653,-1.10759,-1.7870789,-1.6732044,0.6648734,-0.58778524,-0.809017,-1.0,-1.8369701e-16,0.0
2022-09-22 00:00:00,5.0,0.21187682,0.41797504,1.512504,-0.054277293,-0.81487554,0.84159726,-0.018153638,-0.35136065,0.44983792,0.7531398,1.2431842,-1.3592013,-1.3079231,-1.3634344,-0.26013327,-1.6420717,-0.48414704,-1.1560538,-2.352282,-1.2385021,-0.9864482,-1.7299039,-1.9806938,0.3384665,-0.58778524,-0.809017,-1.0,-1.8369701e-16,0.0
2022-09-29 00:00:00,5.0,-0.41956523,-0.549824,-0.8265125,1.0779979,-1.1995883,0.812609,-0.20921671,-0.57043177,0.14758398,0.6294848,1.210156,-1.565106,-1.3388398,-1.370011,-0.3746899,-1.4631813,-1.310555,-0.69954693,-2.4042897,-1.1945097,-1.1127862,-1.80991,-2.406685,-0.1929317,-0.58778524,-0.809017,-1.0,-1.8369701e-16,0.0
2022-10-06 00:00:00,5.0,0.5531452,1.1370046,-0.82961035,0.26347506,-0.6272534,-0.06172856,-0.45101804,-0.8698505,-0.15946697,0.33987352,0.9444319,-1.5589983,-1.1539128,-1.2477108,-0.27962214,-0.5401308,-1.1103234,-0.6255278,-2.1067462,-0.8728305,-0.9171421,-1.6816652,-1.819282,-0.13066553,-0.58778524,-0.809017,-1.0,-1.8369701e-16,1.0
2022-10-13 00:00:00,5.0,-1.6322336,-1.2745167,-0.30014467,-0.8836422,0.45714864,1.2248521,0.20070338,0.061861783,0.8343691,0.9881143,1.4561081,-1.1611068,-1.3615396,-1.3806429,-0.4032931,-0.75499505,-1.8703105,-0.97554123,-2.2346358,-1.1761132,-1.268997,-1.7839264,-0.59368014,0.113210335,-0.58778524,-0.809017,-0.8660254,0.5,0.0
2022-10-20 00:00:00,5.0,0.7383322,1.3134412,0.083887376,-0.8612236,-0.2093445,1.4770834,-0.013202824,-1.7140613,0.54013556,0.7042728,1.1649088,-1.1157416,-1.1556059,-1.24751,-0.31268677,-0.2501019,-1.4401785,-1.0224056,-2.3483698,-0.8533366,-0.997929,-1.6066724,-1.2165669,0.07263536,-0.58778524,-0.809017,-0.8660254,0.5,0.0
2022-10-27 00:00:00,5.0,0.9896941,1.0642546,0.4336398,-0.61211365,-0.4428719,0.013771055,-0.5992085,0.26971558,0.08206416,0.31489688,0.80393076,-1.1299376,-0.8740813,-1.0750662,-0.01118424,0.078258164,-1.1717585,-0.85583943,-2.0921695,-0.5057091,-0.64348817,-1.3996991,-1.6325544,0.18093798,-0.58778524,-0.809017,-0.8660254,0.5,0.0
2022-11-03 00:00:00,5.0,0.42967266,-0.5803468,1.3366783,-0.64895654,-0.86785626,-0.38027373,-0.30132887,2.1549141,-0.26781863,0.059005763,0.59810084,-1.1933876,-0.75055045,-0.98989725,0.33274484,0.44092193,-0.7838105,-0.432026,-1.9263939,-0.3268702,-0.48326033,-1.296126,-1.9168149,-0.16194193,-0.58778524,-0.809017,-0.8660254,0.5,0.0
2022-11-10 00:00:00,5.0,0.63094443,0.784631,1.6990415,-0.9997414,0.29565138,-0.8553945,-0.29699296,-0.4539994,-0.26765308,-0.07181037,0.41837975,-0.9833009,-0.5558151,-0.8687896,0.73042333,0.47753483,-0.0549468,-0.26654613,-1.7528714,-0.09335571,-0.21604818,-1.0820637,-0.8694412,-0.24052432,-0.58778524,-0.809017,-0.5,0.8660254,0.0
2022-11-17 00:00:00,5.0,1.8533703,0.8980773,0.98783916,-0.7367569,1.0188167,0.6068297,0.39356157,2.5925176,-0.045529563,-0.25288555,0.05156935,-0.35813707,0.046182103,-0.50930566,1.3181351,1.9673367,0.9357192,0.30827686,-1.3425114,0.585609,0.5061237,-0.55998623,-0.3926819,0.24802,-0.58778524,-0.809017,-0.5,0.8660254,0.0
2022-11-24 00:00:00,5.0,0.512323,1.0547023,-1.2212671,0.6590956,-0.43431494,-1.2414662,-0.6863011,-0.424787,-0.56026554,-0.53759545,-0.15632126,-0.5573705,0.20223656,-0.39884496,1.797724,1.8279978,1.2464726,0.5155008,-1.0749062,0.7474913,0.6925682,-0.40982744,-1.5385739,0.29415423,-0.58778524,-0.809017,-0.5,0.8660254,0.0
2022-12-01 00:00:00,5.0,0.34214118,0.7994846,-1.1936822,1.2424436,-0.46207157,-3.0,-1.4344114,-0.40753466,-0.95286113,-0.7662897,-0.32063168,-0.70533514,0.3086965,-0.31925172,2.1001115,1.5382409,1.2766411,0.6008963,-1.0076813,0.8309944,0.8105517,-0.2905299,-1.584664,0.31194416,-0.58778524,-0.809017,-0.5,0.8660254,0.0
2022-12-08 00:00:00,5.0,-0.5489092,-0.99812806,-0.37808052,0.029091502,-0.106839955,-1.7627665,1.0544167,0.18418923,-0.9310013,-0.7060226,-0.24901593,-0.73394126,0.097205214,-0.4149774,2.0454214,1.1285547,1.2157146,0.002328303,-1.1016762,0.6209653,0.57274073,-0.3717512,-1.1992315,0.21646453,-0.58778524,-0.809017,-2.4492937e-16,1.0,0.0
2022-12-15 00:00:00,5.0,1.1788307,0.9333954,0.741545,-0.72902715,1.6879052,-0.4487078,0.79212147,0.3646817,-0.7805666,-0.8232983,-0.47657356,-0.28870752,0.49552506,-0.1549417,2.0230422,1.3420953,1.408417,0.2968703,-0.98674786,1.1170155,1.0424483,-0.008771451,-0.18715352,0.1986034,-0.58778524,-0.809017,-2.4492937e-16,1.0,0.0
2022-12-22 00:00:00,5.0,-0.7718919,-0.76636976,-0.61258197,0.7017748,-0.37287107,-1.4528831,-0.7440323,-0.9941743,-0.6301738,-0.6537633,-0.32498482,-0.33441177,0.1984836,-0.30358934,1.8370435,0.28998584,1.6594359,-0.06858409,-1.3049792,0.8630633,0.73603976,-0.1463084,-1.4211627,0.17420271,-0.58778524,-0.809017,-2.4492937e-16,1.0,0.0
2022-12-29 00:00:00,5.0,-1.8425877,-1.5951191,-1.0914913,-0.9488595,0.92518115,-1.747091,-0.5659896,-0.78672075,0.6813078,0.21630722,0.2996922,-0.07323316,-0.3581419,-0.6224407,1.2564646,-0.6791388,0.8467598,-0.40710336,-1.7521939,0.10220001,0.040583197,-0.47255203,-0.34102708,0.18659593,-0.58778524,-0.809017,-2.4492937e-16,1.0,0.0
2023-01-05 00:00:00,5.0,0.75336725,0.82867724,0.18885456,0.23331271,-1.2238406,-1.8994833,-0.5652102,0.97743493,-0.5136812,-0.40654805,-0.07947295,-0.48471048,-0.121864714,-0.47796208,1.0897852,-0.52528036,0.79202926,-0.26595902,-1.7879786,0.53560156,0.394833,-0.32645947,-1.8403261,0.20786652,-0.58778524,-0.809017,-2.4492937e-16,1.0,1.0
2023-01-12 00:00:00,5.0,1.1168424,1.4481175,-1.0384201,-0.27389434,0.6597515,-0.9661153,1.2298566,-0.5135919,-0.85745794,-0.7818595,-0.42858174,-0.36138934,0.28312165,-0.23097347,1.1072333,0.18939744,1.0280993,0.22620465,-1.5503446,1.2430882,0.9498586,-0.013209141,-0.37231702,0.23010221,-0.58778524,-0.809017,0.5,0.8660254,0.0
2023-01-19 00:00:00,5.0,1.1435513,1.0350647,-0.110780895,-0.13286428,1.4496422,-0.9819857,-0.2544076,0.43695837,-0.9767625,-1.051551,-0.73616886,-0.10575019,0.7574842,0.05968557,1.2857996,0.18341586,1.2203219,0.9762444,-1.554623,1.88205,1.5307148,0.3567045,-0.06760739,-0.2664556,-0.58778524,-0.809017,0.5,0.8660254,0.0
2023-01-26 00:00:00,5.0,1.3827387,1.5092007,-0.82474256,-0.7900492,1.826838,0.15663682,1.2433695,-0.5988515,-1.0964816,-1.3366632,-1.0822592,0.2446845,1.3605553,0.47298,1.5999296,1.1982669,1.0959857,1.6871825,-1.2160934,2.413498,2.1879451,0.8437572,0.06547571,0.13456768,-0.58778524,-0.809017,0.5,0.8660254,0.0
2023-02-02 00:00:00,5.0,1.0491656,0.99251574,-0.572825,0.2555647,0.9105144,0.30086905,-0.013113308,0.96379846,-1.4800847,-1.6577653,-1.3907356,0.29405457,1.8786736,0.8681895,1.9533813,2.4670196,1.3179128,2.1212792,-1.0419372,2.539375,2.6501257,1.2677822,-0.19837146,0.16048203,-0.58778524,-0.809017,0.5,0.8660254,0.0
2023-02-09 00:00:00,5.0,0.7623573,0.96100795,0.41390577,-0.63416535,0.7830309,0.35623264,-0.11684377,0.28267857,-1.7167047,-1.8480642,-1.6025788,0.325058,2.2216425,1.2080152,2.196697,2.3634346,1.4914895,2.2638988,-0.79928267,2.4254673,2.8243325,1.5750872,-0.1725693,0.3435563,-0.58778524,-0.809017,0.8660254,0.5,0.0
2023-02-16 00:00:00,5.0,0.34816712,0.08292121,-0.52481127,2.4101853,0.82938856,0.37928528,-0.14272301,0.90502864,-1.7377769,-1.8658777,-1.6800014,0.39146808,2.337627,1.4144075,2.2401607,1.9675944,1.8033823,2.41321,-0.64502853,2.1716208,2.6741288,1.7119875,-0.08700961,0.25215128,-0.58778524,-0.809017,0.8660254,0.5,0.0
2023-02-23 00:00:00,5.0,-1.0230078,-1.1723473,-0.13864443,-0.54059386,0.5402084,-1.0681585,-1.462145,-0.91059667,-1.2410096,-1.4517508,-1.3843021,0.48200548,1.5531373,1.000346,1.8680102,1.0479951,1.0414222,1.9765363,-0.8632568,1.4987867,1.7913259,1.3219913,-0.25189435,0.41404223,-0.58778524,-0.809017,0.8660254,0.5,0.0
2023-03-02 00:00:00,5.0,1.096522,-0.9869038,0.54873353,-0.64010537,-0.81040084,1.2363262,2.6914,3.0,-1.1978939,-1.5529197,-1.590211,0.9374038,1.9882991,1.4911495,1.6829274,0.93495244,1.6804823,2.61634,-0.45480448,1.7769521,2.0632963,1.6933297,-1.4414276,-0.4999254,-0.58778524,-0.809017,0.8660254,0.5,0.0
2023-03-09 00:00:00,2.0,0.7729882,1.5822471,-0.9732609,-1.1040629,0.03873753,-0.13380666,-1.148912,-0.206751,-1.7369307,-1.8540218,-1.8272496,0.58684963,2.234559,1.8739861,1.7209356,0.8231653,2.4676461,2.5254304,-0.3178373,1.8655584,2.2693737,2.0238626,-0.42701772,-0.4448112,-0.58778524,-0.809017,1.0,6.123234e-17,0.0
2023-03-16 00:00:00,5.0,0.02992684,-0.035523184,-0.6219427,2.6362362,0.65637577,0.16613396,0.100841746,0.09772555,-1.7369394,-1.8058772,-1.7991662,0.51422393,2.1278715,1.8591305,1.606008,0.51990145,2.1440337,2.2099934,-0.031956527,1.6417767,2.0071146,1.9971145,0.038450614,-0.46915004,-0.58778524,-0.809017,1.0,6.123234e-17,0.0
2023-03-23 00:00:00,2.0,1.0269372,1.0709919,0.421802,-1.0561959,2.8054543,1.6571095,1.3807968,-0.15852611,-1.4474831,-1.7349215,-1.8514507,1.2783422,2.374007,2.2090578,1.5283269,0.8096516,2.0536187,2.260574,0.4233844,1.8023691,2.159861,2.1905007,1.71338,-0.39000463,-0.58778524,-0.809017,1.0,6.123234e-17,0.0
2023-03-30 00:00:00,2.0,0.22013573,-0.24531682,0.032923575,1.784708,-0.42808864,-0.3439311,-1.5399209,0.93615186,-1.8133076,-1.8488073,-1.8930035,0.757409,2.3110046,2.2243419,1.5585597,1.3236201,1.7362473,2.0971303,0.2532922,1.6331964,2.08645,2.2421756,-0.64166147,-0.69395936,-0.58778524,-0.809017,1.0,6.123234e-17,0.0
2023-04-06 00:00:00,2.0,-0.047776364,-0.46931955,1.3215477,0.108305305,-0.41909343,-0.359036,-0.2077403,0.40474442,-1.9840889,-1.8764837,-1.8776973,0.32114747,2.1576355,2.1415963,1.462147,0.83583605,1.2866468,1.6518553,0.13823982,1.4025085,1.8968395,2.1883698,-0.6813888,-1.5859181,-0.58778524,-0.809017,1.0,6.123234e-17,1.0
2023-04-13 00:00:00,5.0,-0.17550533,-0.1867401,3.0,-0.9656408,-0.77396935,-1.2396848,-1.1813016,-0.27917317,-2.1170714,-1.8953019,-1.8498197,-0.16467714,1.9144648,1.9818782,1.2697033,0.43745548,0.91346276,1.4865901,0.15504679,1.1821756,1.6737876,2.093731,-1.4322548,-1.6413114,-0.58778524,-0.809017,0.8660254,-0.5,0.0
2023-04-20 00:00:00,2.0,0.6170003,1.055679,-0.7566134,0.0039746487,0.029423377,-0.3895562,1.2731425,0.3752409,-2.1718225,-1.9607114,-1.9037769,-0.15884311,2.0358398,2.1346147,1.1637688,0.6677456,0.86312157,1.5150399,0.7582125,1.2382985,1.8490072,2.235858,-0.0056833797,-1.5013767,-0.58778524,-0.809017,0.8660254,-0.5,0.0
2023-04-27 00:00:00,5.0,-0.4716974,-0.82312495,-0.2500414,0.5780089,-0.117626436,-0.6581212,-0.38036668,-0.28556076,-2.0199287,-1.825424,-1.7725358,-0.1975893,1.5918442,1.7823846,0.8780597,0.05741882,0.623173,1.507273,0.49465287,0.9636085,1.4082727,1.9605113,-0.043333676,-1.5341423,-0.58778524,-0.809017,0.8660254,-0.5,0.0
2023-05-04 00:00:00,5.0,0.351793,0.24318907,1.275689,0.14705291,0.9642843,-0.32652217,0.20189445,0.5625105,-1.8471799,-1.754866,-1.7407414,0.25550815,1.6624207,1.854416,0.6575111,0.10498741,1.0342366,1.3159952,0.7478975,0.96871024,1.4078193,1.9417124,1.1768659,-1.6252013,-0.58778524,-0.809017,0.8660254,-0.5,0.0
2023-05-11 00:00:00,5.0,0.4510081,1.07371,-0.45264924,-0.28270382,0.14755775,-0.9125832,-0.75960857,-0.166518,-1.8696164,-1.7729502,-1.7573651,0.259293,1.7536317,1.9558449,0.57306635,0.30098245,0.823741,1.5284219,0.7208852,1.0048552,1.4805735,2.0054164,0.42210373,-2.0207539,-0.58778524,-0.809017,0.5,-0.8660254,0.0
2023-05-18 00:00:00,2.0,0.5223563,1.0130181,-1.2051426,0.5644941,0.45062593,-0.7725981,0.0825146,0.028775532,-1.8446734,-1.7720281,-1.7689636,0.4056906,1.8491542,2.0706837,0.570033,0.5756077,0.73243046,1.9333808,0.77040786,1.0954825,1.5350586,2.0715637,0.73785317,-2.385499,-0.58778524,-0.809017,0.5,-0.8660254,0.0
2023-05-25 00:00:00,5.0,0.13106793,0.030300811,1.8522159,0.09980954,0.10203519,0.9947387,2.0480213,0.29527703,-1.7972035,-1.7295161,-1.7343848,0.41683796,1.8229136,2.0527666,0.52031857,0.3856042,0.7569038,1.7637478,0.6377863,1.0666384,1.385087,2.0105674,0.6781016,-2.1554406,-0.58778524,-0.809017,0.5,-0.8660254,0.0
2023-06-01 00:00:00,5.0,2.5578642,-0.3622089,1.7941686,-0.25331095,3.0,2.741842,2.1593947,3.0,-0.20942406,-1.1254909,-1.5763767,3.0,2.3006349,2.7095304,0.6547523,1.5710281,1.1749866,1.9627615,1.7140205,1.8065404,1.7078549,1.9166467,2.4979837,-2.6539068,-0.58778524,-0.809017,0.5,-0.8660254,0.0
2023-06-08 00:00:00,5.0,-0.22874038,-0.75185186,1.6971498,-1.1133265,1.0179373,0.10754762,-1.7812027,0.30367333,-0.41866386,-1.0823466,-1.4808934,3.0,2.073585,2.4420629,0.82423186,1.3263726,1.039186,1.6822361,1.9517128,1.4515141,1.454398,1.7746834,1.9560677,-2.6828063,-0.58778524,-0.809017,1.2246469e-16,-1.0,0.0
2023-06-15 00:00:00,5.0,1.5479101,1.6758718,-1.2442763,-1.0778986,2.4493556,0.3507289,0.1559107,0.06452361,-0.57920504,-1.1659416,-1.5458682,3.0,2.2066438,2.6612656,1.0932341,1.7243066,1.4755257,1.6757431,2.3904626,1.6467787,1.8303239,1.960643,2.3188965,-2.368972,-0.58778524,-0.809017,1.2246469e-16,-1.0,0.0
2023-06-22 00:00:00,5.0,-0.16629682,0.24685845,0.9936757,-0.015420688,-0.28293633,-0.1411583,-0.6639435,-0.28683344,-1.0441861,-1.279984,-1.5290554,2.083435,2.089276,2.4762628,1.3063442,1.4790633,1.4778701,1.4519768,2.695359,1.3158582,1.7401485,1.9366821,0.13594136,-2.3320277,-0.58778524,-0.809017,1.2246469e-16,-1.0,0.0
2023-06-29 00:00:00,5.0,-0.7383513,-0.8572722,0.32429984,0.13516581,0.7278689,0.17317678,0.24347368,-0.4778982,-0.96989733,-1.1400673,-1.3808575,1.6959761,1.564895,1.9891658,1.0905352,1.1722194,1.1004825,1.1879151,2.2248847,0.9321435,1.2867252,1.6582289,1.9780678,-2.3141742,-0.58778524,-0.809017,1.2246469e-16,-1.0,0.0
2023-07-06 00:00:00,5.0,0.18133453,0.3786911,0.21535815,0.42125878,0.13801146,-1.1900215,-1.7458707,0.17063773,-1.271545,-1.2550833,-1.3982984,1.1863706,1.5702515,1.9686944,0.9530661,0.2509853,1.280952,1.1584494,2.6734128,0.8756865,1.3270195,1.6943995,1.4790934,-2.2539842,-0.58778524,-0.809017,1.2246469e-16,-1.0,1.0
2023-07-13 00:00:00,5.0,0.28686053,1.3709778,-1.2387058,-0.42469144,0.117414005,-0.5889409,1.0247492,-0.33363226,-1.5230278,-1.3688209,-1.4225706,0.82184523,1.5901026,1.9683522,0.85899806,0.4567895,1.2593641,1.386515,2.557777,0.86335534,1.3908715,1.7514231,1.5082219,-3.0,-0.58778524,-0.809017,-0.5,-0.8660254,0.0
2023-07-20 00:00:00,5.0,0.72206587,1.1649419,0.015550676,-1.262194,0.7896843,0.9130494,1.970169,0.2358672,-1.4743698,-1.3932004,-1.4335822,1.0592734,1.6651857,2.042007,0.83025604,0.08521831,1.3280915,1.2997627,2.5522878,0.9502926,1.5423323,1.8005594,1.9515107,-2.327394,-0.58778524,-0.809017,-0.5,-0.8660254,0.0
2023-07-27 00:00:00,5.0,-0.68827504,-0.9280608,-0.3998027,0.8821489,0.30180135,0.6346994,-0.33913815,-0.38200143,-1.4179623,-1.3006152,-1.3281,0.8401412,1.280964,1.6955986,0.5725526,-0.10928758,1.0225536,1.0550742,2.1775227,0.6616213,1.1345477,1.5796723,1.5905279,-2.155925,-0.58778524,-0.809017,-0.5,-0.8660254,0.0
2023-08-03 00:00:00,5.0,-0.55684733,-1.3156323,-0.2402677,-0.30052856,0.9455017,-0.5298425,-1.2723293,0.43088078,-1.164255,-1.1355598,-1.2042117,0.95926595,1.0145727,1.4526,0.10606136,-0.02172524,0.86242336,0.9621618,1.9854198,0.45162523,0.7524606,1.349747,1.8807366,-1.6649373,-0.58778524,-0.809017,-0.5,-0.8660254,0.0
2023-08-10 00:00:00,5.0,-0.77388775,-0.9191357,1.187079,-0.7664927,0.5541245,-0.2432961,0.19692719,-0.3554098,-1.0258923,-1.0043792,-1.0860331,0.8669744,0.6716209,1.1569053,-0.46598002,-0.382015,-0.08297769,0.66478705,2.0551043,0.20927925,0.36708418,1.1364115,1.6672236,-1.3843989,-0.58778524,-0.809017,-0.8660254,-0.5,0.0
2023-08-17 00:00:00,5.0,0.07529296,0.32951024,0.40255857,0.44819295,1.4488755,1.1860006,1.7239845,-0.3393986,-0.74820125,-0.8810274,-1.019195,1.1833458,0.7204481,1.1795007,-0.87011015,-0.46425617,0.0047989925,0.64421415,2.0166693,0.20733511,0.30301198,1.0487937,1.7693899,-1.3360281,-0.58778524,-0.809017,-0.8660254,-0.5,0.0
2023-08-24 00:00:00,5.0,0.86576766,0.7326814,-0.51012415,0.34225214,1.9994187,1.4829013,0.29401696,0.134923,-0.43812877,-0.79639035,-1.0099361,1.7058676,0.9490534,1.3592926,-0.9017927,-0.419724,-0.24595155,0.798721,2.1599057,0.44197157,0.51229733,1.0731483,1.809268,-1.0375037,-0.58778524,-0.809017,-0.8660254,-0.5,0.0
2023-08-31 00:00:00,5.0,0.35039055,-0.5951483,-1.2245188,2.5001974,1.0933403,2.1818743,0.91361004,1.3577456,-0.4102782,-0.77026564,-0.9929947,1.6814584,1.0454093,1.4279199,-0.8439603,-0.022043917,-0.09929962,0.90084076,2.17176,0.52896804,0.5566341,1.0631374,1.6209275,-1.0535094,-0.58778524,-0.809017,-0.8660254,-0.5,0.0
2023-09-07 00:00:00,5.0,-0.90323263,-1.6381778,-0.634099,-0.61649066,-0.35431954,-0.66497153,-2.1316032,-0.0907938,-0.535322,-0.7015602,-0.89218366,1.1354778,0.6230937,1.0839553,-1.0768831,-0.1538842,-0.13105835,0.65461946,1.9773654,0.2105339,0.16766986,0.89764005,1.1230495,-0.832589,-0.58778524,-0.809017,-0.8660254,-0.5,0.0
2023-09-14 00:00:00,5.0,-0.7161146,-0.22610869,0.93705475,1.0606042,-0.975956,-0.32283574,0.43736565,-0.8779825,-0.74491197,-0.7040108,-0.8270907,0.6150816,0.33849594,0.84594977,-1.4319346,-0.12312216,-0.388181,0.63264,1.5626402,-0.029356848,-0.14979012,0.7813262,0.38649577,-0.956917,-0.58778524,-0.809017,-1.0,-1.8369701e-16,0.0
2023-09-21 00:00:00,5.0,-1.2577884,-1.9658523,-1.216479,-1.0506986,0.09879299,-0.34184524,-0.14337577,0.098160475,-0.43992162,-0.43751988,-0.62845886,0.54428875,-0.1636415,0.42555475,-1.9459566,-0.6377423,-0.8318776,0.3708182,1.3842527,-0.49770796,-0.707655,0.5089311,1.3094792,-0.5631361,-0.58778524,-0.809017,-1.0,-1.8369701e-16,0.0
2023-09-28 00:00:00,5.0,-0.115485154,0.7601705,-0.27866834,0.22189313,-1.340603,-0.29460618,0.0008438324,-0.4788901,-0.9496048,-0.65749466,-0.6856968,-0.07535015,-0.15099296,0.42391595,-2.2635772,-1.0148067,-1.0697381,0.27340853,1.2493968,-0.55561835,-0.76963395,0.52617323,-0.50163656,-1.0683384,-0.58778524,-0.809017,-1.0,-1.8369701e-16,0.0
2023-10-05 00:00:00,5.0,0.30898193,0.8281032,0.44461858,-0.76220465,-0.56895506,-0.43811694,-0.29102594,-0.13019918,-1.1242045,-0.7995263,-0.74863946,-0.2040432,-0.0018917301,0.5181909,-2.2496936,-1.0261953,-0.77929926,0.2318568,1.340991,-0.3893944,-0.6433166,0.5893,0.89245045,-1.0972853,-0.58778524,-0.809017,-1.0,-1.8369701e-16,1.0
2023-10-12 00:00:00,5.0,0.6468225,1.5698571,-1.1837622,-1.0305402,-0.6992866,-0.52697456,-0.3069545,-0.12060809,-1.3480828,-0.9957759,-0.8550804,-0.33165133,0.24281575,0.6852797,-1.9805468,-0.4311909,-0.43379983,0.3226003,1.3728431,0.18945727,-0.34541398,0.73824626,0.6977954,-0.969216,-0.58778524,-0.809017,-0.8660254,0.5,0.0
2023-10-19 00:00:00,5.0,-1.671647,-1.6829292,-0.5691276,-0.96891993,1.2649487,0.63812673,1.2836167,-0.1398579,-0.41533852,-0.42869622,-0.5238301,0.36461037,-0.4287024,0.12968647,-2.0483603,-0.8033062,-0.6884089,-0.47940832,1.2591202,-1.13255,-1.0711789,0.26989368,1.4870863,-0.40965214,-0.58778524,-0.809017,-0.8660254,0.5,0.0
2023-10-26 00:00:00,5.0,-0.39336625,-0.91000146,0.28327408,0.17968914,-0.8365212,-0.11462048,-0.7947883,0.19306281,-0.6293422,-0.48812696,-0.51014,-0.004149536,-0.5070803,0.061850987,-2.1646671,-0.47592863,-0.8206034,-0.51280004,1.4073462,-1.4653774,-1.1834364,0.20655736,0.47965747,-0.29625633,-0.58778524,-0.809017,-0.8660254,0.5,0.0
2023-11-02 00:00:00,5.0,-0.08685136,0.06872023,-1.1462132,2.6008272,-0.51476187,-0.012308254,-0.046102002,-0.124931484,-0.76621217,-0.56192994,-0.52779907,-0.16295558,-0.47584683,0.07982949,-2.1369176,-0.4824626,-1.0949743,-0.8704576,1.5239006,-1.3121147,-1.1258367,0.19574727,0.78515214,-0.90070444,-0.58778524,-0.809017,-0.8660254,0.5,0.0
2023-11-09 00:00:00,5.0,1.1132002,1.3004941,-0.85729516,-0.7637665,0.021901818,-0.5493695,-0.70953625,0.37014347,-0.82783145,-0.73202693,-0.6679081,0.11053325,-0.05403481,0.37460113,-1.7319287,-0.18850349,-0.8995999,-0.65617746,1.675693,0.09384994,-0.54718506,0.40583485,1.0314939,-0.19650252,-0.58778524,-0.809017,-0.5,0.8660254,0.0
2023-11-16 00:00:00,5.0,0.39884868,0.5807556,0.42933688,-0.22844039,-0.5902709,-0.035655595,0.48117304,0.25393093,-1.056002,-0.8981426,-0.7563893,-0.04334326,0.12928534,0.50998217,-1.3541888,-0.31612307,-0.53289753,-0.44615945,1.6642077,0.73541456,-0.27977937,0.5170776,0.6685873,0.13323513,-0.58778524,-0.809017,-0.5,0.8660254,0.0
2023-11-23 00:00:00,5.0,-0.38840076,-0.24489167,1.8513676,0.3634197,-0.913248,0.3803181,0.37514162,-0.29820246,-1.1952549,-0.95903176,-0.7579023,-0.3291752,0.065830864,0.4621468,-1.1505698,0.28563207,-0.4510842,-0.56623966,1.6524303,0.48299652,-0.38123137,0.4619463,0.3007736,-0.008574104,-0.58778524,-0.809017,-0.5,0.8660254,0.0
2023-11-30 00:00:00,5.0,-0.50100267,-0.67945486,0.24889809,0.89163345,-1.8551037,-1.2795961,-1.6081395,-0.32436147,-1.5738446,-1.1441127,-0.80128855,-1.0085505,-0.0777602,0.35837618,-1.1006956,0.24701004,-0.224084,-0.7340759,1.5175267,0.119583294,-0.51327616,0.4335612,-1.616231,-0.007844394,-0.58778524,-0.809017,-0.5,0.8660254,0.0
2023-12-07 00:00:00,5.0,-1.23428,-1.7835959,-1.1007733,-0.5304489,-0.5808806,-0.23500931,1.3478174,-0.2610252,-1.366538,-1.001954,-0.6739272,-0.9275327,-0.6227608,-0.029118273,-1.2807603,-0.2629769,-0.584803,-1.147066,1.5812428,-0.9537648,-1.0679846,0.10585627,0.46358424,-0.4161544,-0.58778524,-0.809017,-0.5,0.8660254,0.0
2023-12-14 00:00:00,5.0,0.5007943,1.2618157,-0.41457793,-1.1177968,-0.65687877,-0.23597221,-0.18912129,-0.1242781,-1.4981331,-1.2215672,-0.8265234,-0.88081914,-0.33917996,0.15971828,-1.1942676,-0.5696213,-0.5744801,-0.93912715,1.5391265,-0.015071818,-0.63327247,0.2680495,0.27091008,-0.10206773,-0.58778524,-0.809017,-2.4492937e-16,1.0,0.0
2023-12-21 00:00:00,5.0,-0.33502114,-0.4014361,1.9314835,-0.20260307,-0.6075099,-0.08267662,0.059473675,-0.07828044,-1.4645324,-1.2489067,-0.83811164,-0.87726283,-0.38521582,0.12930527,-1.1463484,-0.91562796,-0.98300993,-0.91400576,1.3903259,-0.15496808,-0.71096665,0.17719321,0.24687937,-0.15077972,-0.58778524,-0.809017,-2.4492937e-16,1.0,0.0
2023-12-28 00:00:00,5.0,0.075013444,0.65916103,-0.22575828,0.1696981,-1.6876507,-1.6318213,-1.877873,0.13695452,-1.8377985,-1.557621,-1.0099798,-1.3981482,-0.24541734,0.21776235,-1.0376713,-0.69467086,-0.3198197,-0.7414025,1.3483897,0.21511777,-0.48612684,0.3161714,-1.9991336,-0.205426,-0.58778524,-0.809017,-2.4492937e-16,1.0,0.0
2024-01-04 00:00:00,5.0,-0.9113207,-1.6509213,-0.5579735,-0.8638205,-0.6400913,-0.9661915,1.0000042,-0.110668525,-1.6685352,-1.4523536,-0.92446333,-1.3399326,-0.7334559,-0.114060596,-1.1246363,-0.8717703,-0.52027524,-0.9723504,1.1900157,-0.7476798,-1.0137541,-0.02027406,-0.17629232,0.23202062,-0.58778524,-0.809017,-2.4492937e-16,1.0,1.0
2024-01-11 00:00:00,5.0,1.7581617,1.4738084,-0.98655194,-1.1199675,2.1933427,1.0348277,2.8669655,-0.09439198,-0.9836792,-1.2872227,-1.0556566,0.27108398,0.16396931,0.48663682,-0.5981778,0.5040814,0.19468242,-0.80608976,1.1354846,1.5562242,0.2660825,0.4386703,1.3774061,0.21808043,-0.58778524,-0.809017,0.5,0.8660254,0.0
2024-01-18 00:00:00,5.0,0.16358209,0.37383395,-0.036891997,0.77559674,-0.19277306,-0.178621,-1.078164,0.087685406,-1.1646376,-1.3906401,-1.1310303,0.042726763,0.3249782,0.6018704,-0.21660085,0.35337722,-0.19185033,-0.85675085,1.0882876,1.457077,0.552402,0.5503565,0.5333038,-0.07824759,-0.58778524,-0.809017,0.5,0.8660254,0.0
2024-01-25 00:00:00,5.0,1.0658159,0.8909142,-0.14351211,-0.46288583,1.662581,0.86762756,0.6232423,0.31128848,-0.77113265,-1.2397425,-1.1717759,0.95178074,0.7900568,0.98024815,0.2566053,1.0257427,0.063202515,-0.4058757,1.1495771,1.7837772,1.1643295,0.7900162,1.2729114,0.11098639,-0.58778524,-0.809017,0.5,0.8660254,0.0
2024-02-01 00:00:00,5.0,-0.3060965,-0.75140977,0.6684602,0.2768625,-0.5627856,0.20178226,-0.5079006,0.17204377,-1.0585982,-1.3355527,-1.1974977,0.3582963,0.7770793,0.96818966,0.55720925,0.84280705,0.100888066,-0.3104617,1.1872137,1.137322,1.0937781,0.7854591,-0.25852245,0.17943235,-0.58778524,-0.809017,0.5,0.8660254,0.0
2024-02-08 00:00:00,5.0,1.6521103,1.4543958,-1.125198,-1.0225763,1.9671984,1.5699478,0.81323594,0.0041488735,-0.6010202,-1.1908315,-1.2740828,1.5485735,1.327836,1.4911369,0.94777966,2.0186067,0.9453956,0.37960276,1.2044278,1.6468647,1.8211843,1.181338,1.2901778,0.32244584,-0.58778524,-0.809017,0.8660254,0.5,0.0
2024-02-15 00:00:00,5.0,0.4344138,1.0703539,-0.5303471,-0.6774656,0.32398534,1.1438397,-0.31968468,-0.24916865,-0.7828645,-1.2791445,-1.3483481,1.299613,1.4766022,1.6610858,1.3462276,1.385971,1.5636717,0.52224785,1.3453227,1.3417847,1.9978601,1.3951213,0.78049165,0.5493601,-0.58778524,-0.809017,0.8660254,0.5,0.0
2024-02-22 00:00:00,5.0,-1.9171096,-1.718393,-0.8874293,-0.54359484,1.3566713,0.4487876,-0.5165238,-0.26231337,0.22923568,-0.4774271,-0.8656926,1.7582488,0.15111004,0.6312661,0.9300863,0.49491423,0.67962825,0.01622586,1.4177517,0.24655074,0.57118124,0.31169555,1.1721346,0.58107877,-0.58778524,-0.809017,0.8660254,0.5,0.0
2024-02-29 00:00:00,5.0,1.798569,0.3092888,1.5429333,-0.76829594,1.1065663,1.7611873,0.7954343,2.3949387,1.3264534,0.09120802,-0.8214335,2.9737787,0.807478,1.2565216,0.8068428,0.83794016,1.4483155,0.29287434,1.5251393,0.90507054,1.0699795,0.54172045,1.1580117,0.4279488,-0.58778524,-0.809017,0.8660254,0.5,0.0
2024-03-07 00:00:00,5.0,1.632732,1.2571173,-0.7848457,-0.90684706,1.6986376,1.1294181,-0.4685926,0.1520738,1.2377045,0.023628598,-1.0384734,2.8858352,1.3037273,1.7925224,1.0510571,1.7380044,1.9581374,1.2313325,1.5691216,1.2425144,1.6024035,1.0477208,1.1802983,-0.37136316,-0.58778524,-0.809017,0.8660254,0.5,0.0
2024-03-14 00:00:00,5.0,-0.050487876,-0.16890362,1.0981278,0.90441936,1.6371064,2.4452128,1.0536582,0.100411154,1.8063753,0.6948701,-0.6916707,2.7574813,1.3523598,1.8571624,1.0495209,0.923647,2.1750808,1.328851,1.4498564,0.875289,1.198394,0.7098865,1.1412088,-0.22556333,-0.58778524,-0.809017,1.0,6.123234e-17,0.0
2024-03-21 00:00:00,5.0,-0.50003946,-0.05176571,0.056973886,1.6090752,0.14324486,1.1515845,-0.7404576,-0.6412283,1.3891845,0.73726976,-0.5508971,1.9583883,1.2153757,1.7292091,1.031255,0.4843484,1.3781598,1.2089833,1.2413567,0.49139363,0.93461174,0.5631153,0.80203104,-0.25180638,-0.58778524,-0.809017,1.0,6.123234e-17,0.0
2024-03-28 00:00:00,5.0,-0.41128048,-0.7242807,1.4693352,-0.54424304,0.15763868,0.5226725,-0.51576185,0.2151101,1.0837824,0.76263505,-0.40673956,1.424099,1.1515535,1.6550881,0.8930275,1.1859168,1.1727389,0.7909519,1.0807748,0.22858624,0.72470695,0.41636544,0.77543813,-0.42189202,-0.58778524,-0.809017,1.0,6.123234e-17,0.0
2024-04-04 00:00:00,5.0,-0.5996076,-0.62123996,0.97384983,0.10919814,-0.6081528,-1.0343013,-1.3395696,-0.3601195,0.38417673,0.44505677,-0.40693396,0.67334527,0.8651873,1.3958784,0.72625047,0.051392034,0.6144414,0.52623904,0.93164045,-0.044902846,0.5509762,0.35894817,0.070461534,-0.096328065,-0.58778524,-0.809017,1.0,6.123234e-17,1.0
2024-04-11 00:00:00,5.0,-0.7044701,-1.0012556,-1.1181715,1.2709188,0.09548833,-0.42122972,0.54591495,0.0951609,0.46612048,0.6820951,-0.09394219,0.49846664,0.4637237,1.0443457,0.38687193,-1.1330204,0.48636493,0.45110807,0.8254333,-0.30956006,0.18457204,-0.026835704,0.67741,0.2977714,-0.58778524,-0.809017,0.8660254,-0.5,0.0
2024-04-18 00:00:00,5.0,-0.9512193,-1.116203,0.97151875,-1.1851355,-0.17134386,-0.32168677,0.023834331,-0.20256838,0.5028482,0.9604618,0.30987433,0.25138944,-0.13677162,0.533561,-0.020955704,-1.5434644,-0.3777021,0.34842888,0.91191375,-0.61740726,-0.2545535,-0.51493824,0.46590042,0.40875635,-0.58778524,-0.809017,0.8660254,-0.5,0.0
2024-04-25 00:00:00,5.0,-1.2045463,-1.1216732,-0.7224805,0.5684828,0.69429076,0.76833606,0.94211334,0.008497656,1.4874667,2.0629437,1.3506498,0.523225,-0.9055688,-0.18238378,-0.51993746,-1.825188,-0.90364844,0.37109292,0.61774856,-0.98118824,-0.8623248,-1.3765843,0.89468515,-0.059838053,-0.58778524,-0.809017,0.8660254,-0.5,0.0
2024-05-02 00:00:00,5.0,0.33864862,0.566991,1.1995277,-0.97943556,0.5727246,-0.20073421,-0.82773554,-0.54371005,1.6224481,2.0726643,1.4056765,0.65227455,-0.58696604,0.049704302,-0.73560256,-1.4455696,-0.1929993,0.32636252,0.5501663,-0.8040642,-0.73935586,-1.2710365,0.8657911,-0.06925759,-0.58778524,-0.809017,0.8660254,-0.5,0.0
2024-05-09 00:00:00,5.0,1.0192823,1.0430648,-0.38029453,-0.59302306,0.09311357,-0.76727885,-0.67922896,0.15288962,1.078834,1.3958873,0.8204694,0.54065,-0.009005611,0.5421488,-0.6628113,-0.69162226,-0.46289226,0.67643493,0.6964622,-0.34465432,-0.3037775,-0.67034894,0.70554924,0.06979312,-0.58778524,-0.809017,0.5,-0.8660254,0.0
2024-05-16 00:00:00,5.0,0.39701873,0.9657361,-1.1050947,0.4557961,-0.624835,-1.2254766,-0.45896193,-0.25858122,0.39031747,0.7460005,0.35126036,0.16343701,0.2684514,0.78426003,-0.5188902,-0.18136936,-0.9008247,0.75942004,0.5807152,-0.11756403,-0.088352636,-0.22821997,0.04181443,0.16170247,-0.58778524,-0.809017,0.5,-0.8660254,0.0
2024-05-23 00:00:00,5.0,-0.28648117,-0.18080297,-0.1155849,2.453394,-1.4172407,-1.0288861,0.1874392,-0.20607091,-0.35315153,0.1580151,0.060623027,-0.40481615,0.28682545,0.7769659,-0.45248014,0.124058604,-0.98144484,0.92923915,0.5209822,-0.15340118,-0.16085449,-0.051105585,-0.6038305,-0.15273057,-0.58778524,-0.809017,0.5,-0.8660254,0.0
2024-05-30 00:00:00,5.0,2.548769,1.4641055,-1.0147847,-1.1140935,1.3078755,0.12927993,0.9183545,1.5935773,0.6612894,0.30088222,-0.50760055,0.9566589,1.2047603,1.733622,0.09957981,1.8757368,0.089799605,1.1369562,0.9373427,1.1595213,0.82881814,0.9399049,0.9706827,-2.8249946,-0.58778524,-0.809017,0.5,-0.8660254,0.0
2024-06-06 00:00:00,5.0,0.5947157,0.67934877,-1.2302728,1.1902432,1.3664182,0.038265586,-0.17945547,-0.3481647,0.9112454,0.47978634,-0.4565466,1.1904643,1.3908266,1.9377046,0.51350915,1.9407458,0.4396877,1.236064,1.1085396,1.2299979,0.9085137,1.0121242,0.97116035,-2.48647,-0.58778524,-0.809017,0.5,-0.8660254,0.0
2024-06-13 00:00:00,5.0,-0.041732043,-0.016178869,-0.42555246,2.1570542,-0.1314798,-1.0034877,-0.9089367,0.02403424,0.48484582,0.24906664,-0.52725005,0.7937773,1.4205222,1.9368674,0.78622895,1.4489242,0.6265646,0.9386022,1.012151,0.9635893,0.87978953,1.097837,0.48779085,-2.7316108,-0.58778524,-0.809017,1.2246469e-16,-1.0,0.0
2024-06-20 00:00:00,5.0,0.81293887,0.9878963,-0.83668524,-0.117901,-0.3954374,-2.0366614,-1.4536984,0.52476174,-0.021013604,-0.29362646,-1.0472221,0.5945372,1.6009958,2.149876,1.0835671,1.6150384,1.1397495,1.2137744,1.290236,1.1073595,1.2599741,1.704068,0.38403925,-2.5764964,-0.58778524,-0.809017,1.2246469e-16,-1.0,0.0
2024-06-27 00:00:00,5.0,-1.4434972,-1.3179215,-0.99275076,0.48564348,2.0238433,0.11006835,3.0,0.45738947,1.8125612,1.6115248,0.7870737,1.3363601,0.4429327,0.9938221,0.70592254,1.0779207,0.935601,0.40882927,1.0132425,0.28165376,0.17150156,0.025656728,0.91426635,-3.0,-0.58778524,-0.809017,1.2246469e-16,-1.0,0.0
2024-07-04 00:00:00,5.0,-0.15268719,0.57863826,-1.16965,1.3612937,-0.5602327,-1.5558736,-1.5455343,-0.79089564,1.0679209,1.1660577,0.609128,0.72473884,0.50098455,1.029242,0.57324994,-0.113297895,1.2593601,0.25874737,0.94192463,0.16676785,0.17541374,0.16838926,0.25733146,-2.7663784,-0.58778524,-0.809017,1.2246469e-16,-1.0,1.0
2024-07-11 00:00:00,5.0,0.38488215,1.2203797,-1.0755962,-0.43368724,-0.57362324,-1.6956582,-0.8243388,-0.5032806,0.29185492,0.47210044,0.054030623,0.26011494,0.71658826,1.2235029,0.5440057,-0.20313504,1.2659588,0.8275793,0.96210223,0.32632816,0.41926786,0.6636584,0.15822898,-2.792797,-0.58778524,-0.809017,-0.5,-0.8660254,0.0
2024-07-18 00:00:00,5.0,-2.2625983,-1.8232673,-1.0467551,-0.9609072,1.0732753,-0.9315207,1.2520977,-0.16691515,2.0552166,2.4859838,2.2701607,0.6960338,-0.9381466,-0.5145445,-0.041745316,-1.2296071,0.12848195,-0.24704781,0.4944916,-0.7202304,-0.7800349,-1.0749544,0.7796287,-2.4066699,-0.58778524,-0.809017,-0.5,-0.8660254,0.0
2024-07-25 00:00:00,5.0,-0.78151506,-1.3642145,0.115797244,-0.91070473,-0.33491254,-1.0135653,-0.39656144,1.0607407,1.9271398,2.5280032,2.5627851,0.3669223,-1.2012682,-0.82463336,-0.4931444,-1.8945804,-0.26052132,-0.88062507,-0.42356178,-0.9772873,-1.0147638,-1.3585202,0.38158035,-1.92326,-0.58778524,-0.809017,-0.5,-0.8660254,0.0
2024-08-01 00:00:00,5.0,0.07695765,0.24014804,-0.7112711,1.8125695,0.45505562,0.0778563,1.4169443,-0.8509702,2.0502684,2.5067232,2.526076,0.4561735,-1.0193988,-0.67509973,-0.7429043,-1.2319398,-0.1435914,-0.8529389,-0.35845447,-0.8571666,-0.9259803,-1.330552,0.70054543,-1.8580362,-0.58778524,-0.809017,-0.5,-0.8660254,0.0
2024-08-08 00:00:00,5.0,-2.709418,-1.2702711,-0.6942945,0.0014199688,1.9253749,0.92653054,0.49829066,-0.1840234,3.0,3.0,3.0,1.4029356,-2.1991076,-2.0060577,-1.1661115,-2.3260946,-1.9143784,-1.4664409,-1.5916651,-1.8953999,-1.7779815,-2.6534948,0.8640969,0.06685704,-0.58778524,-0.809017,-0.8660254,-0.5,0.0
2024-08-15 00:00:00,5.0,2.2780845,1.1604903,-1.0010797,-0.30548263,0.62811375,-0.36485857,-1.0521492,0.9790307,3.0,3.0,3.0,1.3268429,-1.1977574,-1.0907077,-1.0637594,-1.4597542,-1.295019,-0.7110098,-0.91287315,-0.7902909,-0.9750242,-1.7277894,0.6751797,0.79463786,-0.58778524,-0.809017,-0.8660254,-0.5,0.0
2024-08-22 00:00:00,5.0,0.93110484,1.145974,-0.4787796,-0.799549,-0.5287435,-0.64765155,-0.42667273,-0.17127915,1.9357713,2.1795757,2.1453025,0.70788836,-0.74996185,-0.668222,-0.84711474,-0.011683633,-0.94542694,-0.2884409,-0.43245032,-0.26154262,-0.5696762,-1.1631374,0.17739202,0.86202735,-0.58778524,-0.809017,-0.8660254,-0.5,0.0
2024-08-29 00:00:00,5.0,-0.5788816,-1.0548061,-0.33481285,0.33063695,-1.0503705,-0.07620255,0.42146182,0.10060057,1.2784879,1.8262855,2.035315,-0.0098430235,-0.90535086,-0.8377069,-0.776672,0.052923955,-1.4158064,-0.27579585,-0.6668732,-0.5174859,-0.7182403,-1.2121887,-0.65005946,0.8248255,-0.58778524,-0.809017,-0.8660254,-0.5,0.0
2024-09-05 00:00:00,5.0,-2.4484305,-1.4061251,-0.310818,-0.7881038,0.4194371,-0.32599434,-0.39727134,-1.8877527,2.6744902,3.0,3.0,0.3115172,-1.9054875,-1.9179324,-1.0360711,-1.1773034,-1.8296852,-0.79735947,-1.5203218,-1.7510269,-1.599481,-2.3306422,0.5898411,0.7564175,-0.58778524,-0.809017,-0.8660254,-0.5,0.0
2024-09-12 00:00:00,5.0,1.0786005,1.1215409,-0.99851334,-0.12985678,-0.15875223,-0.0785908,0.0074567543,-0.8833954,1.9491817,2.371106,2.6181753,0.15783823,-1.3936783,-1.4417657,-0.9985343,0.545452,-1.3791307,-0.15105604,-1.3893844,-1.1172483,-1.1780766,-1.8254403,0.42668572,0.8032758,-0.58778524,-0.809017,-1.0,-1.8369701e-16,0.0
2024-09-19 00:00:00,5.0,-0.6139949,-0.9091019,1.621993,-1.1683224,-1.2562599,-0.68140113,-0.68141335,-0.41969666,1.2893633,1.9975579,2.4448464,-0.53263646,-1.5143216,-1.5657613,-1.0782335,-0.8002402,-1.711497,-0.43664736,-1.3721645,-1.4599155,-1.3583242,-1.9013463,-1.2813396,0.81961346,-0.58778524,-0.809017,-1.0,-1.8369701e-16,0.0
2024-09-26 00:00:00,5.0,0.9114108,0.88226074,-0.34868595,-0.1048435,-0.9107099,-0.3413803,0.14850166,1.127889,0.6416841,1.2838265,1.702071,-0.75412005,-1.0539869,-1.1541357,-0.8939909,-0.7767291,-0.6037949,-0.41503686,-0.9282036,-0.6933873,-0.92594403,-1.3249719,-0.36013722,0.76623106,-0.58778524,-0.809017,-1.0,-1.8369701e-16,0.0
2024-10-03 00:00:00,5.0,-0.73891425,-1.2287452,-0.69943357,0.11203526,-0.622004,-0.73150873,-0.5350784,0.7338711,0.70221746,1.3672651,1.8641179,-0.84314287,-1.2604365,-1.3545377,-0.8559939,-0.8679728,-0.6265384,-0.7541976,-0.9355273,-1.2030188,-1.170249,-1.5826268,0.059214965,0.75944847,-0.58778524,-0.809017,-1.0,-1.8369701e-16,1.0
2024-10-10 00:00:00,5.0,1.1982882,1.2187111,-0.34993523,-1.055924,-0.4493817,-0.47586834,0.07647266,0.31439433,0.4044692,0.85013646,1.218251,-0.68638223,-0.70660406,-0.8639224,-0.5390737,0.89293176,-0.19969153,-0.29000106,-0.5736294,0.16426678,-0.5975692,-0.91768086,0.23366597,0.7609904,-0.58778524,-0.809017,-0.8660254,0.5,0.0
2024-10-17 00:00:00,5.0,0.06927994,0.4253085,0.82951117,0.12243657,-0.8770664,-0.6304025,-0.34929824,-0.6777017,0.08827333,0.57004285,0.9862769,-0.89742124,-0.57625836,-0.74334526,-0.3015216,0.40814692,0.72386575,-0.97090214,-0.814617,0.32336968,-0.4677997,-0.7479178,-0.32828563,1.8050244,-0.58778524,-0.809017,-0.8660254,0.5,0.0
2024-10-24 00:00:00,5.0,0.13937332,-0.1205315,2.2123892,0.34525496,-1.2303572,-0.61939967,-0.14882234,0.7950419,-0.32469735,0.20619798,0.68165755,-1.184133,-0.4173226,-0.6004962,-0.08504782,0.76745945,-0.014322296,-1.0878512,-0.8711862,0.5134635,-0.2703368,-0.4787348,-1.5952353,1.5905311,-0.58778524,-0.809017,-0.8660254,0.5,0.0
2024-10-31 00:00:00,5.0,-0.26136592,-0.53144747,1.191893,0.42117167,-1.2017888,-1.4537812,-1.0653616,-0.01785508,-0.6411166,-0.046768278,0.51927125,-1.4680861,-0.41878268,-0.5971265,0.02372155,0.20334305,-0.43393,-1.1496116,-0.6778319,0.32026032,-0.2626416,-0.41977373,-1.6852435,1.5346364,-0.58778524,-0.809017,-0.8660254,0.5,0.0
2024-11-07 00:00:00,5.0,0.32824758,0.7435847,-0.7595758,0.6179135,-0.28783417,-0.9021118,0.56676775,-1.0434915,-0.5303478,-0.13424683,0.34576896,-1.1502266,-0.1794209,-0.39176127,0.17477785,0.71300566,-0.1116887,-1.2542204,-0.36605835,0.71918505,0.015994528,-0.20393859,0.2964368,1.4981531,-0.58778524,-0.809017,-0.8660254,0.5,0.0
2024-11-14 00:00:00,5.0,-0.21854506,-0.26803955,1.6433127,0.85813844,-1.2971032,-1.1404798,-0.43422374,-0.20242603,-0.89453644,-0.41691813,0.14791709,-1.4979411,-0.16858213,-0.37975863,0.25435972,0.029216748,0.7119672,-0.91875464,-0.055016894,0.518887,0.061420534,-0.07821225,-2.0763588,1.4774625,-0.58778524,-0.809017,-0.5,0.8660254,0.0
2024-11-21 00:00:00,5.0,-0.3128186,-0.47455445,-0.5142687,2.2411723,-0.5405324,-0.35571897,0.7438498,-0.03425754,-0.78008753,-0.39529544,0.15967976,-1.3294497,-0.21133128,-0.41074282,0.20946576,-0.15469009,0.19984356,-0.9649519,-0.12604603,0.29312405,-0.031347964,-0.24714053,-0.17413244,1.381844,-0.58778524,-0.809017,-0.5,0.8660254,0.0
2024-11-28 00:00:00,5.0,-1.2494011,-1.3274883,-0.23170765,-0.50714314,0.6539326,0.16382754,0.41589996,0.62726593,0.17159662,0.32861778,0.82068896,-0.5896126,-0.9772133,-1.0158492,-0.15212998,-0.8395355,-0.04135514,-1.4272103,-0.6690514,-0.5599435,-0.6992688,-1.2506319,0.7716276,0.9945263,-0.58778524,-0.809017,-0.5,0.8660254,0.0
2024-12-05 00:00:00,5.0,0.6792712,1.3079414,-0.74889624,-0.9589049,-0.87004685,-1.6364704,-1.6606292,-0.0009620116,-0.29313713,-0.09820641,0.3649055,-0.81051177,-0.5192721,-0.6653014,-0.18115784,-0.3773496,-0.13097231,-0.59114736,-0.6530757,0.060126092,-0.24078585,-0.69310266,-0.8929706,1.0797088,-0.58778524,-0.809017,-0.5,0.8660254,0.0
2024-12-12 00:00:00,5.0,-0.8247831,-0.98868036,-0.5155215,0.7455832,-0.43385872,-0.8503049,0.98083663,-0.5166849,-0.1391572,0.080237925,0.58886445,-0.79743993,-0.92673874,-0.99262077,-0.38820496,-0.9424408,-0.15951183,-0.6354789,-0.38823143,-0.52455664,-0.6478734,-1.1545466,-0.08266136,1.1548359,-0.58778524,-0.809017,-2.4492937e-16,1.0,0.0
2024-12-19 00:00:00,5.0,-1.2880507,-1.296799,-0.071904175,-0.56229603,-0.42388666,-0.1645649,0.6383096,-1.2273849,0.14801252,0.42485562,1.0178168,-0.7952503,-1.5559808,-1.5178454,-0.81324893,-1.450614,-1.1272285,-1.0431502,-0.7347786,-1.4947352,-1.2695134,-1.8363144,-0.16974413,1.1811694,-0.58778524,-0.809017,-2.4492937e-16,1.0,0.0
2024-12-26 00:00:00,5.0,0.85190004,0.8747875,-0.4642316,-0.044964857,-0.13213229,-1.2390097,-1.0895988,0.54405737,-0.0984877,0.08917081,0.5750481,-0.7367197,-1.0166023,-1.1162003,-0.8348111,-0.8804291,-0.83569247,-0.05270107,-0.39073852,-0.64998984,-0.793415,-1.2677281,-0.010693273,0.771921,-0.58778524,-0.809017,-2.4492937e-16,1.0,0.0
2025-01-02 00:00:00,5.0,-0.81091607,-1.4706703,-0.26350057,-1.0377871,-1.2941474,-1.5193383,-0.82698804,-0.6439492,-0.3739359,0.00026925918,0.6266087,-1.1353573,-1.3347191,-1.3787069,-1.0429592,-0.6649817,-1.2117081,-0.9648898,-1.0515691,-1.3077258,-1.1490949,-1.565381,-2.2657707,0.12941243,-0.58778524,-0.809017,-2.4492937e-16,1.0,1.0
2025-01-09 00:00:00,5.0,0.331648,0.24138913,2.3584607,-0.97334266,0.8559901,0.596431,3.0,0.13140994,-0.006637141,0.11920804,0.58159083,-0.6180787,-1.0357109,-1.1509283,-0.948662,-0.82985044,-0.97563505,-1.1261796,-1.050802,-0.73666584,-0.8618096,-1.3734914,0.48187813,-0.094821416,-0.58778524,-0.809017,0.5,0.8660254,0.0
2025-01-16 00:00:00,5.0,-0.60042864,-0.33737978,0.11475715,1.8741482,-0.69981456,-0.8103661,-1.1775656,-1.3293674,-0.11068324,0.12054611,0.6540241,-0.8170612,-1.2334911,-1.3054218,-1.02439,-0.7259269,-1.32483,-1.1388668,-1.1329467,-1.1574278,-1.079808,-1.5795445,-0.96020705,-0.17422189,-0.58778524,-0.809017,0.5,0.8660254,0.0
2025-01-23 00:00:00,5.0,0.7667613,0.85025275,-0.8090928,0.46263462,0.12220444,-0.5554344,0.071696915,0.3511495,-0.2914401,-0.15157937,0.28564197,-0.7307253,-0.7312541,-0.93016523,-0.78302735,0.26185346,-0.9357065,-0.15928671,-0.69069976,-0.058925696,-0.6061208,-1.0583386,0.056900986,-0.080654055,-0.58778524,-0.809017,0.5,0.8660254,0.0
2025-01-30 00:00:00,5.0,-2.4052987,-1.291816,-0.4681224,-0.2055047,2.2831392,3.0,3.0,-1.0898416,1.9080347,1.6235554,1.8482641,0.41491514,-1.8576385,-1.8808746,-1.0702765,-1.3429916,-1.7484151,-1.2869309,-1.2078933,-2.790899,-1.7489935,-2.3104045,0.94355834,-0.11459264,-0.58778524,-0.809017,0.5,0.8660254,0.0
2025-02-06 00:00:00,5.0,-0.08645013,0.055581022,-0.04535622,1.9617738,-0.19750659,1.5294381,-0.79165775,-0.670452,1.5504161,1.4797076,1.7357382,0.100565694,-1.7416085,-1.7782525,-1.2524132,-0.99459743,-1.2959598,-1.1276944,-1.3745296,-2.6757345,-1.6731485,-2.1773784,0.020782942,0.041252486,-0.58778524,-0.809017,0.5,0.8660254,0.0
2025-02-13 00:00:00,5.0,0.4136679,0.48786473,0.94802636,-0.18492459,-0.86550325,0.03988132,-1.0640074,0.4951786,0.7332085,0.9137744,1.262567,-0.42386362,-1.4146072,-1.5269582,-1.2428073,-0.94230705,-1.3714231,-1.2753273,-1.1103896,-1.8727192,-1.3930764,-1.848807,-1.5207131,-0.27056175,-0.58778524,-0.809017,0.8660254,0.5,0.0
2025-02-20 00:00:00,5.0,0.5392518,0.92232203,0.7052435,-1.1782053,-0.58148634,-0.5398678,-0.75715804,-0.3016656,0.20609306,0.46699998,0.8445366,-0.7006567,-1.0492893,-1.2461314,-1.025359,-0.39555794,-0.8595963,-0.86657083,-0.9291814,-0.89402306,-1.0511266,-1.4744573,-1.0470273,-0.19232145,-0.58778524,-0.809017,0.8660254,0.5,0.0
2025-02-27 00:00:00,5.0,-0.95496255,-1.0778035,-0.6594703,0.59129804,0.051504217,0.5513915,1.2406567,-0.18586591,0.6301972,0.8739676,1.2418114,-0.6121181,-1.3916125,-1.514954,-1.0143036,-1.2165035,-0.7557797,-1.5481647,-0.9985629,-1.9817764,-1.3797687,-1.7803088,0.23871534,-0.10443839,-0.58778524,-0.809017,0.8660254,0.5,0.0
2025-03-06 00:00:00,5.0,-1.5771457,-1.3782429,-1.094254,0.021258315,0.9790209,1.9965757,1.3436047,0.82826287,1.9910238,2.0129867,2.2016706,-0.06265738,-1.8624362,-1.9089924,-1.1832196,-0.8171855,-1.6360215,-2.0273309,-2.0124044,-3.0,-1.7978996,-2.2095385,0.81722224,0.116621174,-0.58778524,-0.809017,0.8660254,0.5,0.0
2025-03-13 00:00:00,5.0,-0.32017726,0.20213813,-0.63328207,2.0980701,-0.76492715,1.3635435,-0.4345513,-1.8433009,1.5625995,1.8334106,2.113903,-0.46355948,-1.8283268,-1.8664857,-1.3247718,-0.92682534,-1.4420856,-2.1029363,-2.0876958,-2.6612406,-1.7527481,-2.157424,-1.3475916,-0.2806225,-0.58778524,-0.809017,1.0,6.123234e-17,0.0
2025-03-20 00:00:00,5.0,0.056177672,-0.0116817,1.918883,0.30328655,-1.1430212,0.6804121,-0.5798692,0.08243405,0.8032765,1.3368392,1.7693193,-0.95343536,-1.6693275,-1.7289099,-1.3573331,-1.0977658,-1.5078855,-1.9447356,-2.25701,-2.1702552,-1.613532,-2.018216,-2.562619,-0.2476838,-0.58778524,-0.809017,1.0,6.123234e-17,0.0
2025-03-27 00:00:00,5.0,-0.54070777,-0.62816626,1.8858942,-0.84452444,-1.0328177,0.24385822,-0.4897176,-0.7579751,0.48486352,1.2079625,1.7642608,-1.2710493,-1.7337036,-1.7647722,-1.402835,-1.5951471,-1.470459,-2.112341,-2.251194,-2.1445243,-1.6736728,-2.0771158,-2.2124622,-0.4505273,-0.58778524,-0.809017,1.0,6.123234e-17,0.0
2025-04-03 00:00:00,5.0,-0.48130667,-0.23458955,0.33475092,1.5400862,-0.8797873,0.2520305,-0.103721514,-1.2885804,0.37100133,1.1675574,1.7948852,-1.3770807,-1.7843484,-1.7868356,-1.4365684,-1.3879905,-1.8564845,-2.1100032,-2.648795,-2.0873334,-1.7188869,-2.132662,-1.5416176,-0.43871754,-0.58778524,-0.809017,1.0,6.123234e-17,1.0
2025-04-10 00:00:00,5.0,0.35513407,0.62819755,-0.94754034,1.3319777,1.3002546,2.4154499,2.5641263,-2.8327324,1.6432251,1.7742436,1.9736044,-0.33545452,-1.5297621,-1.5991112,-1.1397685,-0.4599919,-0.9164411,-1.8837762,-2.5293484,-1.6280777,-1.3663741,-1.8984762,0.8500938,-1.1945647,-0.58778524,-0.809017,0.8660254,-0.5,0.0
2025-04-17 00:00:00,5.0,-1.2555792,-0.6839208,0.50981843,0.20103228,-0.32676384,0.8036466,-1.0085672,-1.9594702,1.9799951,2.2651467,2.4657874,-0.45340478,-1.8125787,-1.8083316,-1.1812458,-0.9078274,-1.3085564,-1.841861,-2.3788416,-1.9674457,-1.6359986,-2.1128998,-0.15779482,-0.40650573,-0.58778524,-0.809017,0.8660254,-0.5,0.0
2025-04-24 00:00:00,2.0,-0.28915125,-0.40047163,-0.9012885,2.101106,-0.99863696,-0.1688147,-0.9472451,-0.2391933,1.3785628,1.9260412,2.2872581,-0.87349635,-1.7927423,-1.7768415,-1.2263123,-1.0745063,-1.550099,-2.0159378,-2.719005,-1.8107839,-1.6152382,-2.0975792,-2.1782627,-0.7474281,-0.58778524,-0.809017,0.8660254,-0.5,0.0
2025-05-01 00:00:00,5.0,0.7471401,1.1002576,0.6242472,-1.2569706,-1.0565084,-0.13559397,-0.0860479,0.13693504,0.5129133,1.1672386,1.6742606,-1.2350768,-1.4145374,-1.5244709,-1.0698333,-0.47793007,-1.523513,-1.6369799,-2.7697856,-1.2953631,-1.3017108,-1.8566343,-2.5642521,-0.3775666,-0.58778524,-0.809017,0.8660254,-0.5,0.0
2025-05-08 00:00:00,5.0,0.9111204,1.004752,-0.6201665,0.049027584,-1.2163291,-0.36605665,-0.45382684,1.5276471,-0.2305609,0.4316499,1.0523243,-1.5529786,-0.98654914,-1.2395223,-0.7023721,0.20844743,-0.92195535,-1.1287156,-2.4757683,-0.73781663,-0.8965942,-1.5536906,-2.9164605,-0.50468725,-0.58778524,-0.809017,0.5,-0.8660254,0.0
2025-05-15 00:00:00,5.0,1.8053179,1.4486674,-1.028219,-0.73468554,0.467367,0.078144684,0.5122523,0.223037,-0.19297948,0.004507721,0.41982794,-0.87616783,-0.22757995,-0.7141726,0.1335765,0.9447954,0.3366386,-0.90450436,-1.9321916,0.42759362,0.008270887,-0.9117203,0.4818155,-0.06511325,-0.58778524,-0.809017,0.5,-0.8660254,0.0
2025-05-22 00:00:00,5.0,-0.42751157,-0.76367426,1.3121358,-0.612542,-1.2060487,-0.15312126,-0.30298313,-0.58409566,-0.64753604,-0.23554969,0.34617972,-1.4192619,-0.3673984,-0.79994005,0.63197637,1.3869948,0.31098825,-0.82160914,-1.9151751,0.23086204,-0.09427599,-0.989659,-2.6866026,-0.11342453,-0.58778524,-0.809017,0.5,-0.8660254,0.0
2025-05-29 00:00:00,5.0,0.20397946,0.4710861,0.5302397,0.30545914,-0.95656544,-0.50277334,-0.56461126,-0.07850966,-1.0501943,-0.6063514,0.063842066,-1.6702921,-0.22393703,-0.6922313,1.1005595,1.6090593,0.37507913,-0.8576385,-1.7299659,0.46781638,0.1411731,-0.8430124,-2.1425505,-0.1048593,-0.58778524,-0.809017,0.5,-0.8660254,0.0
2025-06-05 00:00:00,5.0,0.5627146,-0.18287806,-0.45326394,2.343606,-0.63279223,0.27726442,0.9737109,2.2050781,-1.2540615,-0.9297355,-0.275918,-1.6096501,0.07323244,-0.47667313,1.58336,1.5010351,0.82984453,-0.56948394,-1.4622566,0.87435806,0.5723032,-0.53977823,-1.1683834,0.022311209,-0.58778524,-0.809017,0.5,-0.8660254,0.0
2025-06-12 00:00:00,5.0,-0.031948037,0.053487625,0.8152603,0.94945896,-1.0714138,-0.56284636,-0.8555313,-0.16898991,-1.58383,-1.2248232,-0.49557686,-1.892496,0.123077236,-0.4305769,1.8956492,1.041556,1.0070236,-0.776928,-1.2984061,0.9688287,0.72723293,-0.4522028,-2.5507913,-0.13195007,-0.58778524,-0.809017,1.2246469e-16,-1.0,0.0
2025-06-19 00:00:00,5.0,0.109539285,1.0434322,-0.37373167,-0.5039803,-1.1392691,-0.60988504,-0.28541335,-0.5014976,-1.8588467,-1.5225878,-0.76106435,-2.1127849,0.23230226,-0.34176227,2.094921,0.20753476,0.9009101,-0.10951492,-1.0599271,0.946816,0.9133812,-0.28294182,-2.3855793,0.4127244,-0.58778524,-0.809017,1.2246469e-16,-1.0,0.0
2025-06-26 00:00:00,5.0,0.6362904,1.1259755,-0.99472463,-0.23393776,-0.09216609,-0.43960553,-0.03755282,-0.2516162,-1.6881837,-1.5942781,-0.99533224,-1.6379292,0.56781864,-0.08915085,2.2258644,0.7364061,1.6240575,0.080975376,-0.97792464,1.1731414,1.3328314,0.08529272,-0.45204806,0.4952319,-0.58778524,-0.809017,1.2246469e-16,-1.0,0.0
2025-07-03 00:00:00,5.0,0.12737158,0.15103045,0.05749995,1.2699734,-0.7910309,-0.011475136,0.39160278,0.2446437,-1.8014717,-1.7408615,-1.1784005,-1.7150286,0.68234193,0.007467828,2.3409016,0.694707,1.7392409,0.0015193004,-1.1245958,1.0882361,1.499271,0.25509018,-1.8626981,0.5207386,-0.58778524,-0.809017,1.2246469e-16,-1.0,1.0
2025-07-10 00:00:00,5.0,0.3452106,1.0079694,0.12583277,-0.82453334,-0.7538154,-0.9603036,-1.109116,0.07521811,-1.9035168,-1.8994771,-1.4060448,-1.7366941,0.890717,0.1777628,2.4318874,0.58252573,1.5612407,-0.05810629,-1.115226,1.129117,1.8442081,0.5586762,-1.8305082,0.46501112,-0.58778524,-0.809017,-0.5,-0.8660254,0.0
2025-07-17 00:00:00,5.0,0.5400074,1.0096982,-0.53566045,-0.33149764,-0.2139822,-0.28028634,0.96554786,0.14753458,-1.8288385,-1.9450034,-1.5858493,-1.4245769,1.1659406,0.41709682,2.458558,0.8589184,1.4068686,0.37568355,-0.95107013,1.1788172,2.158241,0.9177989,-0.73428833,0.15634178,-0.58778524,-0.809017,-0.5,-0.8660254,0.0
2025-07-24 00:00:00,5.0,-0.13960065,-0.40673605,0.19693527,1.3882114,-0.26310897,-0.42582184,-0.4067165,-0.027473724,-1.7289336,-1.889603,-1.6051377,-1.2812964,1.1654602,0.43613285,2.3113751,0.76470685,0.70092314,0.8361612,-1.4402734,0.96711534,1.9429635,0.8646262,-1.09482,-0.111355804,-0.58778524,-0.809017,-0.5,-0.8660254,0.0
2025-07-31 00:00:00,5.0,0.58629394,1.3051811,-0.6958621,-0.8830852,-0.39075112,-0.4509402,-0.28671625,0.2526525,-1.7512403,-1.9625528,-1.7903258,-1.2117023,1.4862771,0.7233227,2.3128586,0.7529048,1.0575619,1.1441427,-1.4416643,1.0534782,2.2793584,1.3008198,-1.439313,-0.18079177,-0.58778524,-0.809017,-0.5,-0.8660254,0.0
2025-08-07 00:00:00,5.0,-0.07178865,-0.6798867,-0.9004957,1.6286691,0.25106302,-0.040042214,0.35838437,0.7580919,-1.5548073,-1.8297131,-1.7519633,-0.853914,1.5589573,0.80657244,2.078852,0.6706996,0.9632509,1.1442338,-1.458215,0.8994636,1.9837099,1.2230303,-0.18000062,-0.13984503,-0.58778524,-0.809017,-0.5,-0.8660254,0.0
2025-08-14 00:00:00,5.0,0.100396395,-0.13459997,1.6745181,0.70348585,-0.8568585,-0.31707418,-0.49333915,0.37950158,-1.7146072,-1.9329567,-1.8832775,-1.1720908,1.7271208,0.9878739,2.0222208,0.5599322,0.80692136,1.4194676,-1.6122543,0.8408413,2.0705388,1.506209,-1.9524099,-0.11451436,-0.58778524,-0.809017,-0.8660254,-0.5,0.0
2025-08-21 00:00:00,5.0,-0.5673698,-0.7289381,0.14018863,0.5882782,0.6467419,-0.060734738,0.16550659,-0.68718904,-1.3685133,-1.6579689,-1.6731278,-0.6197116,1.1413661,0.67559534,1.491584,-0.046605084,0.63488317,1.4301378,-1.4726721,0.5677476,1.3126991,0.96124166,0.33409643,-0.09890752,-0.58778524,-0.809017,-0.8660254,-0.5,0.0
2025-08-28 00:00:00,5.0,0.40856588,0.9685212,-0.6997165,-0.028767262,0.39392483,0.12427452,0.06164051,-0.3532752,-1.3425616,-1.6469314,-1.7369319,-0.47513226,1.4346126,0.9791488,1.2622026,0.2544393,0.7598206,1.4524173,-1.3806908,0.6580243,1.4464457,1.2254796,-0.31989282,1.1208656,-0.58778524,-0.809017,-0.8660254,-0.5,0.0
2025-09-04 00:00:00,5.0,-0.93176496,-1.2272319,0.015126846,-0.6040027,1.8074051,0.46059275,-0.024559455,-0.41452152,-0.90702426,-1.2801865,-1.412809,0.16366124,0.483858,0.35025454,0.6884617,-0.582521,0.1778869,1.6447246,-1.6700308,0.27336118,0.5007877,0.46156576,0.75103945,0.2836431,-0.58778524,-0.809017,-0.8660254,-0.5,0.0
2025-09-11 00:00:00,5.0,0.4611721,0.70012116,-0.4594326,0.41914588,1.2070602,0.4526111,-0.1419226,-0.20685993,-0.8331399,-1.2240299,-1.4272641,0.43177444,0.81700754,0.6622952,0.44534442,-0.2983244,0.2986236,1.8642805,-1.1233875,0.44303048,0.60853297,0.6813306,0.5997151,0.8348092,-0.58778524,-0.809017,-1.0,-1.8369701e-16,0.0
2025-09-18 00:00:00,5.0,-0.6834349,-1.6756881,-0.87399286,-0.82887584,0.34286964,-0.40452757,-0.51380175,0.5016407,-0.7657961,-1.087194,-1.2590616,0.32016042,0.22498094,0.20427842,0.08605936,-0.7303221,-0.096149616,1.3756062,-1.1103425,0.12818113,0.056477018,0.28289118,-0.29172337,0.34285143,-0.58778524,-0.809017,-1.0,-1.8369701e-16,0.0
2025-09-25 00:00:00,5.0,0.45711106,0.3414521,2.3301208,-1.1205903,0.23727451,1.3001378,0.75564265,0.90376914,-0.7592738,-1.0818204,-1.2991977,0.45351908,0.57177186,0.52408284,-0.0392593,-0.16715972,-0.14762844,1.1993607,-1.0318367,0.35958624,0.23122603,0.53644156,-0.3265165,0.35579845,-0.58778524,-0.809017,-1.0,-1.8369701e-16,0.0
2025-10-02 00:00:00,5.0,0.6995215,1.4303722,-0.8317767,-1.0861113,1.4500502,0.81297946,-0.33050787,-0.90393156,-0.78821236,-1.1173211,-1.3709047,0.6597543,1.0083262,0.93322325,0.055738904,-0.035683006,0.15731876,0.7820085,-0.34374836,0.71819496,0.5784156,0.90273976,0.6835687,-2.4583182,-0.58778524,-0.809017,-1.0,-1.8369701e-16,1.0
2025-10-09 00:00:00,5.0,0.033856064,-0.30116796,-0.1675847,1.8671353,-0.7916844,-0.81746346,-0.773266,0.47512716,-1.0336084,-1.2271847,-1.4210011,0.10521198,1.0613453,1.0014744,0.116178796,0.5392632,-0.06285983,0.932413,-0.8208496,0.72197527,0.5731225,1.039849,-1.2774066,-2.8964605,-0.58778524,-0.809017,-0.8660254,0.5,0.0
2025-10-16 00:00:00,5.0,-0.91233677,-1.4427204,-0.1892828,-0.881865,2.0493336,1.4246598,1.0642873,0.66444165,-0.6154541,-0.8991692,-1.1224324,0.8037818,0.2934819,0.37752098,-0.11155617,-0.19911818,-0.34203473,0.6187882,-1.1875142,0.20219909,-0.08302646,0.42553124,1.0805776,-1.6164304,-0.58778524,-0.809017,-0.8660254,0.5,0.0
2025-10-23 00:00:00,5.0,-0.057583194,-0.59223366,0.688065,0.3680275,-0.62342244,-0.36971298,-0.75587726,0.5007119,-0.83369136,-0.9908595,-1.1603929,0.20974705,0.31733134,0.41134524,-0.28213623,0.16884497,-0.40228447,0.4137006,-1.0749346,0.17366225,-0.13391484,0.49395862,-1.1220921,-1.7520066,-0.58778524,-0.809017,-0.8660254,0.5,0.0
2025-10-30 00:00:00,5.0,2.150854,1.4221354,-0.34757352,-1.4055878,3.0,1.6152146,0.6635919,-0.18077694,-0.29530737,-0.80726784,-1.2036065,2.2115085,1.3691628,1.4349037,0.1148375,0.97923756,0.52896297,0.98693645,-0.14060509,1.5408651,0.7762234,1.1741927,1.4412388,-0.26804614,-0.58778524,-0.809017,-0.8660254,0.5,0.0
2025-11-06 00:00:00,5.0,-1.1462066,-1.3171853,0.76208055,-1.3084205,0.6249711,0.6787838,-0.38358742,-0.7100437,-0.12239864,-0.56994694,-0.9416309,1.9537127,0.51837754,0.65969306,0.07238357,0.021731185,-0.00991244,0.65431166,-0.5886768,0.7590217,0.13254705,0.6244656,0.92688966,0.54603237,-0.58778524,-0.809017,-0.8660254,0.5,0.0
2025-11-13 00:00:00,5.0,-0.27621302,-0.4072856,-0.31046644,1.6041479,1.1582904,1.5130378,0.20973618,0.09925714,0.09518649,-0.36779115,-0.77247006,2.0386245,0.40900692,0.5588808,-0.03492908,-0.13499093,0.27688095,0.36619133,-0.49920636,0.5791326,-0.054871995,0.42933694,1.1845151,0.29721707,-0.58778524,-0.809017,-0.5,0.8660254,0.0
2025-11-20 00:00:00,5.0,-0.7782088,-0.8904448,-1.0326957,1.0227703,-0.30898485,1.5465395,-0.10225312,-0.9569533,0.044942085,-0.27378976,-0.62241924,1.4800458,-0.0700311,0.11581161,-0.26454508,-0.04283356,-0.16386668,0.121072076,-0.8453101,0.0070768096,-0.40783668,0.15354079,-0.24738847,0.38532397,-0.58778524,-0.809017,-0.5,0.8660254,0.0
2025-11-27 00:00:00,5.0,-0.708601,-1.3087319,-1.189564,0.24197222,1.6406324,3.0,0.9038007,2.4235718,0.6265542,0.17028421,-0.27261806,2.0002415,-0.45361796,-0.2500465,-0.5179577,-0.3682106,-0.12907037,-0.18176958,-0.8040942,-0.5617453,-0.6970648,-0.19941628,1.3014362,-0.8400539,-0.58778524,-0.809017,-0.5,0.8660254,0.0
2025-12-04 00:00:00,5.0,-0.15558067,-0.008147167,1.4932175,0.3921629,-0.4324685,-1.0381877,-1.4976312,-0.54328775,0.26995215,0.043218095,-0.30034095,1.2226958,-0.4823564,-0.27526197,-0.7181078,-1.5465676,-0.36014,-0.4080811,-1.1136338,-0.64100134,-0.7281349,-0.2046735,-0.06192833,-0.5123072,-0.58778524,-0.809017,-0.5,0.8660254,0.0
2025-12-11 00:00:00,5.0,0.31938815,0.44184053,1.5490216,-0.6511753,-0.9658608,-0.21350425,0.49793005,0.3914889,-0.25330272,-0.26008826,-0.48269626,0.37098444,-0.2461764,-0.07278231,-0.795788,-0.8091637,-0.526471,-0.28072888,-1.0771465,-0.30579424,-0.57441324,0.0038212303,-1.1817949,-0.33823007,-0.58778524,-0.809017,-2.4492937e-16,1.0,0.0
2025-12-18 00:00:00,5.0,-1.3256791,-1.5597197,-0.106495276,-1.2981827,-0.38285142,0.23429674,0.16090272,-1.1502244,-0.12489037,-0.065459765,-0.22713076,0.17420779,-0.99876183,-0.803,-1.0454681,-1.3331845,-0.9734297,-0.81033844,-1.3372808,-1.3703334,-1.0711884,-0.4864701,0.19190155,0.51356953,-0.58778524,-0.809017,-2.4492937e-16,1.0,0.0
2025-12-25 00:00:00,5.0,1.595866,1.4642127,-0.9613793,-0.8270575,0.28433177,-0.06394513,-0.29543412,0.92059004,-0.25247568,-0.29888225,-0.50742203,0.43375134,-0.09880514,-0.005027062,-0.8278519,-0.1257042,-0.111458674,-0.36649656,-0.9995791,0.16269048,-0.34140697,0.14788127,0.912791,1.1246938,-0.58778524,-0.809017,-2.4492937e-16,1.0,0.0
2026-01-01 00:00:00,5.0,-0.26377663,-1.0571184,1.0279262,-1.0867122,-1.2679287,-1.7908388,-1.249733,0.17693095,-0.6449629,-0.5042278,-0.59032416,-0.37931064,-0.20754285,-0.105802506,-0.7762638,0.10197215,-0.18019722,-0.46724102,-1.1370884,-0.02758601,-0.4111475,0.14400472,-1.5963123,1.1717631,-0.58778524,-0.809017,-2.4492937e-16,1.0,1.0
2026-01-08 00:00:00,5.0,0.16494034,-0.26043415,1.5799761,0.23275189,-1.0890533,-0.8665212,0.8164177,0.73348856,-0.9591501,-0.73143846,-0.7361561,-0.9226261,-0.067219645,0.030566582,-0.6812197,0.26766714,-0.87165034,-0.24358284,-1.0825311,0.16410765,-0.29504833,0.33393878,-1.2901044,1.1261728,-0.58778524,-0.809017,0.5,0.8660254,0.0
2026-01-15 00:00:00,5.0,-0.61328405,-1.3628311,-0.93196476,-0.28840005,-0.8667846,-0.38604343,0.233604,-0.18668523,-1.0298594,-0.76552796,-0.70353854,-1.1754634,-0.42456827,-0.31084886,-0.731335,-0.21710204,-0.6896992,-0.5333042,-1.152177,-0.36523995,-0.5651606,0.08430811,-0.92413884,1.079782,-0.58778524,-0.809017,0.5,0.8660254,0.0
2026-01-22 00:00:00,5.0,-0.070790276,-0.5484466,0.46740428,0.46963227,-0.2504541,-0.10815065,0.04861716,0.7725482,-0.9247423,-0.7479874,-0.6961135,-0.92181826,-0.4068465,-0.2889098,-0.72885054,0.42890117,-0.6192719,-0.25519687,-0.87690365,-0.40185693,-0.5775614,0.04243663,0.43693927,1.0032027,-0.58778524,-0.809017,0.5,0.8660254,0.0
2026-01-29 00:00:00,5.0,0.68467206,1.5047452,-0.68276143,-1.0588164,-0.806386,-0.6011827,-0.517719,0.22600746,-1.1097181,-0.9473566,-0.883299,-1.0941603,0.04675455,0.119743854,-0.56296295,-0.059133835,-0.12344205,-0.22232853,-0.9393175,0.33594632,-0.18297464,0.4535894,-1.0052997,1.0596913,-0.58778524,-0.809017,0.5,0.8660254,0.0
2026-02-05 00:00:00,5.0,-1.6906741,-1.5179898,-0.46050054,-1.0112345,1.0039403,0.36632317,0.6729489,-0.22881131,-0.31884003,-0.38341162,-0.4054691,0.0657288,-0.97618085,-0.9045378,-0.73338854,-0.8065094,-0.46400204,-0.4528475,-1.104533,-1.3712956,-1.0062494,-0.5140036,1.2794805,1.6802022,-0.58778524,-0.809017,0.5,0.8660254,0.0
2026-02-12 00:00:00,5.0,1.3840386,1.1944859,-0.34628972,-0.7012293,0.8845659,0.32633904,-0.17748967,0.024140391,-0.13943715,-0.38163722,-0.5331409,0.78671664,-0.1893689,-0.16434555,-0.5115725,-0.17063457,0.065594636,-0.23247015,-0.49503815,0.15421578,-0.3221482,0.04995696,1.2601984,1.53148,-0.58778524,-0.809017,0.8660254,0.5,0.0
2026-02-19 00:00:00,5.0,-0.27577993,-0.74525625,-0.99029016,1.1697011,-0.15049742,-0.6977505,-0.7983318,0.63368315,-0.17720638,-0.3521688,-0.48236528,0.5797759,-0.30049086,-0.27248138,-0.43965572,0.01213825,-0.13507615,-0.5122823,-0.8300326,-0.055316158,-0.40490046,-0.08496421,0.4956261,1.4607227,-0.58778524,-0.809017,0.8660254,0.5,0.0
2026-02-26 00:00:00,5.0,0.58113784,1.2755033,-0.26414937,-0.96543777,-0.51559544,0.24925539,0.6659822,-0.45169428,-0.44835943,-0.53517735,-0.63249195,0.21458682,0.04489204,0.06522961,-0.26397067,0.35367557,0.5115027,-0.37103492,-0.4842232,0.6444015,-0.08973079,0.19945854,-0.071573555,1.4596314,-0.58778524,-0.809017,0.8660254,0.5,0.0
2026-03-05 00:00:00,5.0,-1.2218295,-1.1928116,-1.2022806,0.35857224,0.49937925,1.6101315,0.8480988,-0.5243451,0.03112136,-0.15047713,-0.2932455,0.6899653,-0.6427409,-0.63347673,-0.36491075,-0.64955676,-0.45970252,-0.43668884,-0.902161,-0.59917605,-0.6265467,-0.43044668,1.050014,1.3957267,-0.58778524,-0.809017,0.8660254,0.5,0.0
2026-03-12 00:00:00,5.0,0.19098762,0.6735192,-0.43685424,0.5437171,-0.5347205,0.06334309,-0.9075465,-0.7285336,-0.2107853,-0.28456894,-0.37989938,0.28575248,-0.490669,-0.4852547,-0.39366582,0.351972,-0.3044457,-0.37085202,-0.69654953,-0.3250645,-0.512253,-0.34004983,0.044769283,1.0328971,-0.58778524,-0.809017,1.0,6.123234e-17,0.0
2026-03-19 00:00:00,5.0,-0.59815735,-0.8614221,1.8272221,-1.2512575,-0.90766674,0.006112662,-0.19621593,-0.7264321,-0.41780385,-0.3514933,-0.35906905,-0.26482826,-0.77373326,-0.77405626,-0.5245542,-0.70030063,-0.5630625,-1.094388,-1.1676296,-0.85041255,-0.6902109,-0.590149,-0.7677124,0.2942693,-0.58778524,-0.809017,1.0,6.123234e-17,0.0
