2026-03-26 14:55:47,066  INFO      Stage 2 Feature Engineering — Start
2026-03-26 14:55:47,066  INFO      Raw data dir  : /workspaces/cuddly-meme/data/raw
2026-03-26 14:55:47,066  INFO      Output dir    : /workspaces/cuddly-meme/data/processed
2026-03-26 14:55:47,067  INFO      Found 236 CSV files
2026-03-26 14:55:47,076  INFO      [IDX]  Loaded index ref for 1D: SP500_GSPC_1D_20150101_20260326.csv
2026-03-26 14:55:47,081  INFO      [IDX]  Loaded index ref for 1W: SP500_GSPC_1W_20150101_20260326.csv
2026-03-26 14:55:47,108  INFO      [IDX]  Loaded index ref for 1H: SP500_GSPC_1H_20240405_20260326.csv
2026-03-26 14:55:47,121  INFO      [IDX]  Loaded index ref for 4H: SP500_GSPC_4H_20240405_20260326.csv
2026-03-26 14:55:47,123  INFO      [PROC] ASX_ANZAX_1D_20150101_20260326.csv
2026-03-26 14:55:47,268  INFO        ✓  2664 windows × 29 features
2026-03-26 14:55:47,268  WARNING     ⚠  Regime class 0 is only 0.3% of samples
2026-03-26 14:55:47,268  WARNING     ⚠  Regime class 2 is only 1.4% of samples
2026-03-26 14:55:47,268  WARNING     ⚠  Regime class 3 is only 1.0% of samples
2026-03-26 14:59:37,942  INFO      Stage 2 Feature Engineering — Start
2026-03-26 14:59:37,943  INFO      Raw data dir  : /workspaces/cuddly-meme/data/raw
2026-03-26 14:59:37,943  INFO      Output dir    : /workspaces/cuddly-meme/data/processed
2026-03-26 14:59:37,944  INFO      Found 236 CSV files
2026-03-26 14:59:37,957  INFO      [IDX]  Loaded index ref for 1D: SP500_GSPC_1D_20150101_20260326.csv
2026-03-26 14:59:37,962  INFO      [IDX]  Loaded index ref for 1W: SP500_GSPC_1W_20150101_20260326.csv
2026-03-26 14:59:37,979  INFO      [IDX]  Loaded index ref for 1H: SP500_GSPC_1H_20240405_20260326.csv
2026-03-26 14:59:37,985  INFO      [IDX]  Loaded index ref for 4H: SP500_GSPC_4H_20240405_20260326.csv
2026-03-26 14:59:37,985  INFO      [PROC] ASX_ANZAX_1D_20150101_20260326.csv
2026-03-26 14:59:38,179  INFO        ✓  2664 windows × 29 features
2026-03-26 14:59:38,183  WARNING     ⚠  Regime class 0 is only 0.3% of samples
2026-03-26 14:59:38,183  WARNING     ⚠  Regime class 2 is only 1.4% of samples
2026-03-26 14:59:38,183  WARNING     ⚠  Regime class 3 is only 1.0% of samples
2026-03-26 14:59:38,332  INFO        → Inspect CSV written: ASX_ANZAX_1D_20150101_20260326_inspect.csv
2026-03-26 14:59:38,332  INFO      [PROC] ASX_ANZAX_1H_20240405_20260326.csv
2026-03-26 14:59:38,426  WARNING     ✗  No valid windows produced for ASX_ANZAX_1H_20240405_20260326.csv
2026-03-26 14:59:38,427  INFO      [PROC] ASX_ANZAX_1W_20150101_20260326.csv
2026-03-26 14:59:38,492  WARNING     ✗  No valid windows produced for ASX_ANZAX_1W_20150101_20260326.csv
2026-03-26 14:59:38,493  INFO      [PROC] ASX_ANZAX_4H_20240405_20260326.csv
2026-03-26 14:59:38,577  INFO        ✓  341 windows × 35 features
2026-03-26 14:59:38,605  INFO        → Inspect CSV written: ASX_ANZAX_4H_20240405_20260326_inspect.csv
2026-03-26 14:59:38,606  INFO      [PROC] ASX_BHPAX_1D_20150101_20260326.csv
2026-03-26 14:59:38,760  INFO        ✓  2664 windows × 29 features
2026-03-26 14:59:38,760  WARNING     ⚠  Regime class 2 is only 3.0% of samples
2026-03-26 14:59:38,886  INFO        → Inspect CSV written: ASX_BHPAX_1D_20150101_20260326_inspect.csv
2026-03-26 14:59:38,886  INFO      [PROC] ASX_BHPAX_1H_20240405_20260326.csv
2026-03-26 14:59:38,981  WARNING     ✗  No valid windows produced for ASX_BHPAX_1H_20240405_20260326.csv
2026-03-26 14:59:38,981  INFO      [PROC] ASX_BHPAX_1W_20150101_20260326.csv
2026-03-26 14:59:39,049  WARNING     ✗  No valid windows produced for ASX_BHPAX_1W_20150101_20260326.csv
2026-03-26 14:59:39,049  INFO      [PROC] ASX_BHPAX_4H_20240405_20260326.csv
2026-03-26 14:59:39,132  INFO        ✓  341 windows × 35 features
2026-03-26 14:59:39,132  WARNING     ⚠  Regime class 2 is only 0.3% of samples
2026-03-26 14:59:39,152  INFO        → Inspect CSV written: ASX_BHPAX_4H_20240405_20260326_inspect.csv
2026-03-26 14:59:39,152  INFO      [PROC] ASX_CBAAX_1D_20150101_20260326.csv
2026-03-26 14:59:39,312  INFO        ✓  2664 windows × 29 features
2026-03-26 14:59:39,312  WARNING     ⚠  Regime class 0 is only 0.4% of samples
2026-03-26 14:59:39,312  WARNING     ⚠  Regime class 2 is only 0.8% of samples
2026-03-26 14:59:39,312  WARNING     ⚠  Regime class 3 is only 2.6% of samples
2026-03-26 14:59:39,312  WARNING     ⚠  Regime class 5 is only 4.6% of samples
2026-03-26 14:59:39,438  INFO        → Inspect CSV written: ASX_CBAAX_1D_20150101_20260326_inspect.csv
2026-03-26 14:59:39,438  INFO      [PROC] ASX_CBAAX_1H_20240405_20260326.csv
2026-03-26 14:59:39,532  WARNING     ✗  No valid windows produced for ASX_CBAAX_1H_20240405_20260326.csv
2026-03-26 14:59:39,532  INFO      [PROC] ASX_CBAAX_1W_20150101_20260326.csv
2026-03-26 14:59:39,600  WARNING     ✗  No valid windows produced for ASX_CBAAX_1W_20150101_20260326.csv
2026-03-26 14:59:39,600  INFO      [PROC] ASX_CBAAX_4H_20240405_20260326.csv
2026-03-26 14:59:39,685  INFO        ✓  341 windows × 35 features
2026-03-26 14:59:39,714  INFO        → Inspect CSV written: ASX_CBAAX_4H_20240405_20260326_inspect.csv
2026-03-26 14:59:39,714  INFO      [PROC] ASX_CSLAX_1D_20150101_20260326.csv
2026-03-26 14:59:39,847  INFO        ✓  2664 windows × 29 features
2026-03-26 14:59:39,847  WARNING     ⚠  Regime class 2 is only 3.0% of samples
2026-03-26 14:59:39,967  INFO        → Inspect CSV written: ASX_CSLAX_1D_20150101_20260326_inspect.csv
2026-03-26 14:59:39,967  INFO      [PROC] ASX_CSLAX_1H_20240405_20260326.csv
2026-03-26 14:59:40,059  WARNING     ✗  No valid windows produced for ASX_CSLAX_1H_20240405_20260326.csv
2026-03-26 14:59:40,060  INFO      [PROC] ASX_CSLAX_1W_20150101_20260326.csv
2026-03-26 14:59:40,129  WARNING     ✗  No valid windows produced for ASX_CSLAX_1W_20150101_20260326.csv
2026-03-26 14:59:40,129  INFO      [PROC] ASX_CSLAX_4H_20240405_20260326.csv
2026-03-26 14:59:40,207  INFO        ✓  341 windows × 35 features
2026-03-26 14:59:40,207  WARNING     ⚠  Regime class 1 is only 4.4% of samples
2026-03-26 14:59:40,207  WARNING     ⚠  Regime class 5 is only 3.8% of samples
2026-03-26 14:59:40,236  INFO        → Inspect CSV written: ASX_CSLAX_4H_20240405_20260326_inspect.csv
2026-03-26 14:59:40,236  INFO      [PROC] ASX_WBCAX_1D_20150101_20260326.csv
2026-03-26 14:59:40,354  INFO        ✓  2664 windows × 29 features
2026-03-26 14:59:40,354  WARNING     ⚠  Regime class 2 is only 1.4% of samples
2026-03-26 14:59:40,354  WARNING     ⚠  Regime class 3 is only 1.7% of samples
2026-03-26 14:59:40,477  INFO        → Inspect CSV written: ASX_WBCAX_1D_20150101_20260326_inspect.csv
2026-03-26 14:59:40,478  INFO      [PROC] ASX_WBCAX_1H_20240405_20260326.csv
2026-03-26 14:59:40,571  WARNING     ✗  No valid windows produced for ASX_WBCAX_1H_20240405_20260326.csv
2026-03-26 14:59:40,572  INFO      [PROC] ASX_WBCAX_1W_20150101_20260326.csv
2026-03-26 14:59:40,647  WARNING     ✗  No valid windows produced for ASX_WBCAX_1W_20150101_20260326.csv
2026-03-26 14:59:40,648  INFO      [PROC] ASX_WBCAX_4H_20240405_20260326.csv
2026-03-26 14:59:40,766  INFO        ✓  341 windows × 35 features
2026-03-26 14:59:40,787  INFO        → Inspect CSV written: ASX_WBCAX_4H_20240405_20260326_inspect.csv
2026-03-26 14:59:40,787  INFO      [PROC] CBOT_ZWF_1D_20150101_20260326.csv
2026-03-26 14:59:40,923  INFO        ✓  2643 windows × 29 features
2026-03-26 14:59:41,077  INFO        → Inspect CSV written: CBOT_ZWF_1D_20150101_20260326_inspect.csv
2026-03-26 14:59:41,077  INFO      [PROC] CBOT_ZWF_1H_20240405_20260326.csv
2026-03-26 14:59:41,350  INFO        ✓  2326 windows × 35 features
2026-03-26 14:59:41,351  WARNING     ⚠  Regime class 1 is only 2.6% of samples
2026-03-26 14:59:41,351  WARNING     ⚠  Regime class 4 is only 3.8% of samples
2026-03-26 14:59:41,351  WARNING     ⚠  Regime class 5 is only 3.1% of samples
2026-03-26 14:59:41,482  INFO        → Inspect CSV written: CBOT_ZWF_1H_20240405_20260326_inspect.csv
2026-03-26 14:59:41,482  INFO      [PROC] CBOT_ZWF_1W_20150101_20260326.csv
2026-03-26 14:59:41,555  INFO        ✓  407 windows × 29 features
2026-03-26 14:59:41,577  INFO        → Inspect CSV written: CBOT_ZWF_1W_20150101_20260326_inspect.csv
2026-03-26 14:59:41,577  INFO      [PROC] CBOT_ZWF_4H_20240405_20260326.csv
2026-03-26 14:59:41,702  INFO        ✓  2247 windows × 35 features
2026-03-26 14:59:41,826  INFO        → Inspect CSV written: CBOT_ZWF_4H_20240405_20260326_inspect.csv
2026-03-26 14:59:41,826  INFO      [PROC] COMEX_GCF_1D_20150101_20260326.csv
2026-03-26 14:59:41,945  INFO        ✓  2643 windows × 29 features
2026-03-26 14:59:41,946  WARNING     ⚠  Regime class 2 is only 0.5% of samples
2026-03-26 14:59:41,946  WARNING     ⚠  Regime class 5 is only 1.9% of samples
2026-03-26 14:59:42,070  INFO        → Inspect CSV written: COMEX_GCF_1D_20150101_20260326_inspect.csv
2026-03-26 14:59:42,070  INFO      [PROC] COMEX_GCF_1H_20240405_20260326.csv
2026-03-26 14:59:42,271  INFO        ✓  2910 windows × 35 features
2026-03-26 14:59:42,271  WARNING     ⚠  Regime class 1 is only 2.3% of samples
2026-03-26 14:59:42,271  WARNING     ⚠  Regime class 4 is only 3.7% of samples
2026-03-26 14:59:42,423  INFO        → Inspect CSV written: COMEX_GCF_1H_20240405_20260326_inspect.csv
2026-03-26 14:59:42,423  INFO      [PROC] COMEX_GCF_1W_20150101_20260326.csv
2026-03-26 14:59:42,489  INFO        ✓  407 windows × 29 features
2026-03-26 14:59:42,516  INFO        → Inspect CSV written: COMEX_GCF_1W_20150101_20260326_inspect.csv
2026-03-26 14:59:42,517  INFO      [PROC] COMEX_GCF_4H_20240405_20260326.csv
2026-03-26 14:59:42,668  INFO        ✓  2885 windows × 35 features
2026-03-26 14:59:42,670  WARNING     ⚠  Regime class 2 is only 0.8% of samples
2026-03-26 14:59:42,671  WARNING     ⚠  Regime class 5 is only 0.8% of samples
2026-03-26 14:59:42,941  INFO        → Inspect CSV written: COMEX_GCF_4H_20240405_20260326_inspect.csv
2026-03-26 14:59:42,941  INFO      [PROC] COMEX_HGF_1D_20150101_20260326.csv
2026-03-26 14:59:43,153  INFO        ✓  2644 windows × 29 features
2026-03-26 14:59:43,154  WARNING     ⚠  Regime class 0 is only 0.9% of samples
2026-03-26 14:59:43,154  WARNING     ⚠  Regime class 2 is only 1.5% of samples
2026-03-26 14:59:43,155  WARNING     ⚠  Regime class 3 is only 2.6% of samples
2026-03-26 14:59:43,399  INFO        → Inspect CSV written: COMEX_HGF_1D_20150101_20260326_inspect.csv
2026-03-26 14:59:43,399  INFO      [PROC] COMEX_HGF_1H_20240405_20260326.csv
2026-03-26 14:59:43,628  INFO        ✓  2908 windows × 35 features
2026-03-26 14:59:43,629  WARNING     ⚠  Regime class 1 is only 3.7% of samples
2026-03-26 14:59:43,629  WARNING     ⚠  Regime class 5 is only 0.1% of samples
2026-03-26 14:59:43,835  INFO        → Inspect CSV written: COMEX_HGF_1H_20240405_20260326_inspect.csv
2026-03-26 14:59:43,835  INFO      [PROC] COMEX_HGF_1W_20150101_20260326.csv
2026-03-26 14:59:43,982  INFO        ✓  407 windows × 29 features
2026-03-26 14:59:43,982  WARNING     ⚠  Regime class 1 is only 0.2% of samples
2026-03-26 14:59:44,013  INFO        → Inspect CSV written: COMEX_HGF_1W_20150101_20260326_inspect.csv
2026-03-26 14:59:44,014  INFO      [PROC] COMEX_HGF_4H_20240405_20260326.csv
2026-03-26 14:59:44,162  INFO        ✓  2885 windows × 35 features
2026-03-26 14:59:44,163  WARNING     ⚠  Regime class 2 is only 0.6% of samples
2026-03-26 14:59:44,163  WARNING     ⚠  Regime class 5 is only 1.6% of samples
2026-03-26 14:59:44,316  INFO        → Inspect CSV written: COMEX_HGF_4H_20240405_20260326_inspect.csv
2026-03-26 14:59:44,316  INFO      [PROC] COMEX_SIF_1D_20150101_20260326.csv
2026-03-26 14:59:44,448  INFO        ✓  2643 windows × 29 features
2026-03-26 14:59:44,448  WARNING     ⚠  Regime class 0 is only 1.4% of samples
2026-03-26 14:59:44,448  WARNING     ⚠  Regime class 2 is only 1.7% of samples
2026-03-26 14:59:44,571  INFO        → Inspect CSV written: COMEX_SIF_1D_20150101_20260326_inspect.csv
2026-03-26 14:59:44,571  INFO      [PROC] COMEX_SIF_1H_20240405_20260326.csv
2026-03-26 14:59:44,773  INFO        ✓  2909 windows × 35 features
2026-03-26 14:59:44,773  WARNING     ⚠  Regime class 1 is only 4.0% of samples
2026-03-26 14:59:44,774  WARNING     ⚠  Regime class 4 is only 3.7% of samples
2026-03-26 14:59:44,774  WARNING     ⚠  Regime class 5 is only 0.1% of samples
2026-03-26 14:59:44,930  INFO        → Inspect CSV written: COMEX_SIF_1H_20240405_20260326_inspect.csv
2026-03-26 14:59:44,931  INFO      [PROC] COMEX_SIF_1W_20150101_20260326.csv
2026-03-26 14:59:44,995  INFO        ✓  407 windows × 29 features
2026-03-26 14:59:44,996  WARNING     ⚠  Regime class 4 is only 1.0% of samples
2026-03-26 14:59:45,027  INFO        → Inspect CSV written: COMEX_SIF_1W_20150101_20260326_inspect.csv
2026-03-26 14:59:45,027  INFO      [PROC] COMEX_SIF_4H_20240405_20260326.csv
2026-03-26 14:59:45,174  INFO        ✓  2885 windows × 35 features
2026-03-26 14:59:45,174  WARNING     ⚠  Regime class 2 is only 1.4% of samples
2026-03-26 14:59:45,323  INFO        → Inspect CSV written: COMEX_SIF_4H_20240405_20260326_inspect.csv
2026-03-26 14:59:45,323  INFO      [PROC] CRYPTO_BTC-USD_1D_20150101_20260326.csv
2026-03-26 14:59:45,515  INFO        ✓  3923 windows × 29 features
2026-03-26 14:59:45,516  WARNING     ⚠  Regime class 0 is only 0.0% of samples
2026-03-26 14:59:45,516  WARNING     ⚠  Regime class 1 is only 2.3% of samples
2026-03-26 14:59:45,516  WARNING     ⚠  Regime class 3 is only 1.1% of samples
2026-03-26 14:59:45,696  INFO        → Inspect CSV written: CRYPTO_BTC-USD_1D_20150101_20260326_inspect.csv
2026-03-26 14:59:45,696  INFO      [PROC] CRYPTO_BTC-USD_1H_20240405_20260326.csv
2026-03-26 14:59:45,901  WARNING     ✗  No valid windows produced for CRYPTO_BTC-USD_1H_20240405_20260326.csv
2026-03-26 14:59:45,901  INFO      [PROC] CRYPTO_BTC-USD_1W_20150101_20260326.csv
2026-03-26 14:59:45,975  INFO        ✓  407 windows × 29 features
2026-03-26 14:59:45,997  INFO        → Inspect CSV written: CRYPTO_BTC-USD_1W_20150101_20260326_inspect.csv
2026-03-26 14:59:45,997  INFO      [PROC] CRYPTO_BTC-USD_4H_20240405_20260326.csv
2026-03-26 14:59:46,166  INFO        ✓  3602 windows × 35 features
2026-03-26 14:59:46,167  WARNING     ⚠  Regime class 2 is only 0.6% of samples
2026-03-26 14:59:46,167  WARNING     ⚠  Regime class 5 is only 3.3% of samples
2026-03-26 14:59:46,438  INFO        → Inspect CSV written: CRYPTO_BTC-USD_4H_20240405_20260326_inspect.csv
2026-03-26 14:59:46,438  INFO      [PROC] CRYPTO_ETH-USD_1D_20150101_20260326.csv
2026-03-26 14:59:46,579  INFO        ✓  2880 windows × 29 features
2026-03-26 14:59:46,580  WARNING     ⚠  Regime class 1 is only 0.8% of samples
2026-03-26 14:59:46,580  WARNING     ⚠  Regime class 4 is only 2.6% of samples
2026-03-26 14:59:46,742  INFO        → Inspect CSV written: CRYPTO_ETH-USD_1D_20150101_20260326_inspect.csv
2026-03-26 14:59:46,742  INFO      [PROC] CRYPTO_ETH-USD_1H_20240405_20260326.csv
2026-03-26 14:59:46,952  WARNING     ✗  No valid windows produced for CRYPTO_ETH-USD_1H_20240405_20260326.csv
2026-03-26 14:59:46,952  INFO      [PROC] CRYPTO_ETH-USD_1W_20150101_20260326.csv
2026-03-26 14:59:47,029  WARNING     ✗  No valid windows produced for CRYPTO_ETH-USD_1W_20150101_20260326.csv
2026-03-26 14:59:47,029  INFO      [PROC] CRYPTO_ETH-USD_4H_20240405_20260326.csv
2026-03-26 14:59:47,190  INFO        ✓  3602 windows × 35 features
2026-03-26 14:59:47,191  WARNING     ⚠  Regime class 0 is only 0.8% of samples
2026-03-26 14:59:47,191  WARNING     ⚠  Regime class 2 is only 2.1% of samples
2026-03-26 14:59:47,191  WARNING     ⚠  Regime class 3 is only 3.2% of samples
2026-03-26 14:59:47,468  INFO        → Inspect CSV written: CRYPTO_ETH-USD_4H_20240405_20260326_inspect.csv
2026-03-26 14:59:47,468  INFO      [PROC] DAX_GDAXI_1D_20150101_20260326.csv
2026-03-26 14:59:47,734  INFO        ✓  2670 windows × 29 features
2026-03-26 14:59:47,734  WARNING     ⚠  Regime class 0 is only 3.0% of samples
2026-03-26 14:59:47,735  WARNING     ⚠  Regime class 2 is only 1.0% of samples
2026-03-26 14:59:47,736  WARNING     ⚠  Regime class 5 is only 4.6% of samples
2026-03-26 14:59:48,089  INFO        → Inspect CSV written: DAX_GDAXI_1D_20150101_20260326_inspect.csv
2026-03-26 14:59:48,089  INFO      [PROC] DAX_GDAXI_1H_20240405_20260326.csv
2026-03-26 14:59:48,453  WARNING     ✗  No valid windows produced for DAX_GDAXI_1H_20240405_20260326.csv
2026-03-26 14:59:48,454  INFO      [PROC] DAX_GDAXI_1W_20150101_20260326.csv
2026-03-26 14:59:48,730  WARNING     ✗  No valid windows produced for DAX_GDAXI_1W_20150101_20260326.csv
2026-03-26 14:59:48,731  INFO      [PROC] DAX_GDAXI_4H_20240405_20260326.csv
2026-03-26 14:59:48,916  INFO        ✓  1325 windows × 35 features
2026-03-26 14:59:48,916  WARNING     ⚠  Regime class 1 is only 0.5% of samples
2026-03-26 14:59:48,917  WARNING     ⚠  Regime class 5 is only 1.1% of samples
2026-03-26 14:59:49,030  INFO        → Inspect CSV written: DAX_GDAXI_4H_20240405_20260326_inspect.csv
2026-03-26 14:59:49,030  INFO      [PROC] EURONEXT_ASMLAS_1D_20150101_20260326.csv
2026-03-26 14:59:49,456  INFO        ✓  2695 windows × 29 features
2026-03-26 14:59:49,722  INFO        → Inspect CSV written: EURONEXT_ASMLAS_1D_20150101_20260326_inspect.csv
2026-03-26 14:59:49,723  INFO      [PROC] EURONEXT_ASMLAS_1H_20240405_20260326.csv
2026-03-26 14:59:50,000  WARNING     ✗  No valid windows produced for EURONEXT_ASMLAS_1H_20240405_20260326.csv
2026-03-26 14:59:50,001  INFO      [PROC] EURONEXT_ASMLAS_1W_20150101_20260326.csv
2026-03-26 14:59:50,473  WARNING     ✗  No valid windows produced for EURONEXT_ASMLAS_1W_20150101_20260326.csv
2026-03-26 14:59:50,473  INFO      [PROC] EURONEXT_ASMLAS_4H_20240405_20260326.csv
2026-03-26 14:59:50,566  INFO        ✓  1329 windows × 35 features
2026-03-26 14:59:50,567  WARNING     ⚠  Regime class 0 is only 0.5% of samples
2026-03-26 14:59:50,567  WARNING     ⚠  Regime class 2 is only 1.4% of samples
2026-03-26 14:59:50,567  WARNING     ⚠  Regime class 3 is only 0.8% of samples
2026-03-26 14:59:50,698  INFO        → Inspect CSV written: EURONEXT_ASMLAS_4H_20240405_20260326_inspect.csv
2026-03-26 14:59:50,698  INFO      [PROC] EURONEXT_MCPA_1D_20150101_20260326.csv
2026-03-26 14:59:50,872  INFO        ✓  2696 windows × 29 features
2026-03-26 14:59:50,873  WARNING     ⚠  Regime class 3 is only 0.3% of samples
2026-03-26 14:59:51,015  INFO        → Inspect CSV written: EURONEXT_MCPA_1D_20150101_20260326_inspect.csv
2026-03-26 14:59:51,016  INFO      [PROC] EURONEXT_MCPA_1H_20240405_20260326.csv
2026-03-26 14:59:51,116  WARNING     ✗  No valid windows produced for EURONEXT_MCPA_1H_20240405_20260326.csv
2026-03-26 14:59:51,116  INFO      [PROC] EURONEXT_MCPA_1W_20150101_20260326.csv
2026-03-26 14:59:51,181  WARNING     ✗  No valid windows produced for EURONEXT_MCPA_1W_20150101_20260326.csv
2026-03-26 14:59:51,182  INFO      [PROC] EURONEXT_MCPA_4H_20240405_20260326.csv
2026-03-26 14:59:51,278  INFO        ✓  1329 windows × 35 features
2026-03-26 14:59:51,279  WARNING     ⚠  Regime class 0 is only 1.4% of samples
2026-03-26 14:59:51,279  WARNING     ⚠  Regime class 5 is only 2.4% of samples
2026-03-26 14:59:51,378  INFO        → Inspect CSV written: EURONEXT_MCPA_4H_20240405_20260326_inspect.csv
2026-03-26 14:59:51,378  INFO      [PROC] EURONEXT_SAPDE_1D_20150101_20260326.csv
2026-03-26 14:59:51,524  INFO        ✓  2675 windows × 29 features
2026-03-26 14:59:51,524  WARNING     ⚠  Regime class 0 is only 0.2% of samples
2026-03-26 14:59:51,524  WARNING     ⚠  Regime class 2 is only 2.6% of samples
2026-03-26 14:59:51,524  WARNING     ⚠  Regime class 3 is only 0.9% of samples
2026-03-26 14:59:51,663  INFO        → Inspect CSV written: EURONEXT_SAPDE_1D_20150101_20260326_inspect.csv
2026-03-26 14:59:51,663  INFO      [PROC] EURONEXT_SAPDE_1H_20240405_20260326.csv
2026-03-26 14:59:51,837  WARNING     ✗  No valid windows produced for EURONEXT_SAPDE_1H_20240405_20260326.csv
2026-03-26 14:59:51,837  INFO      [PROC] EURONEXT_SAPDE_1W_20150101_20260326.csv
2026-03-26 14:59:51,896  WARNING     ✗  No valid windows produced for EURONEXT_SAPDE_1W_20150101_20260326.csv
2026-03-26 14:59:51,896  INFO      [PROC] EURONEXT_SAPDE_4H_20240405_20260326.csv
2026-03-26 14:59:52,002  INFO        ✓  1319 windows × 35 features
2026-03-26 14:59:52,002  WARNING     ⚠  Regime class 0 is only 2.9% of samples
2026-03-26 14:59:52,002  WARNING     ⚠  Regime class 2 is only 0.3% of samples
2026-03-26 14:59:52,002  WARNING     ⚠  Regime class 5 is only 3.3% of samples
2026-03-26 14:59:52,093  INFO        → Inspect CSV written: EURONEXT_SAPDE_4H_20240405_20260326_inspect.csv
2026-03-26 14:59:52,093  INFO      [PROC] EURONEXT_SIEDE_1D_20150101_20260326.csv
2026-03-26 14:59:52,269  INFO        ✓  2675 windows × 29 features
2026-03-26 14:59:52,269  WARNING     ⚠  Regime class 0 is only 0.1% of samples
2026-03-26 14:59:52,269  WARNING     ⚠  Regime class 3 is only 0.1% of samples
2026-03-26 14:59:52,404  INFO        → Inspect CSV written: EURONEXT_SIEDE_1D_20150101_20260326_inspect.csv
2026-03-26 14:59:52,404  INFO      [PROC] EURONEXT_SIEDE_1H_20240405_20260326.csv
2026-03-26 14:59:52,509  WARNING     ✗  No valid windows produced for EURONEXT_SIEDE_1H_20240405_20260326.csv
2026-03-26 14:59:52,509  INFO      [PROC] EURONEXT_SIEDE_1W_20150101_20260326.csv
2026-03-26 14:59:52,575  WARNING     ✗  No valid windows produced for EURONEXT_SIEDE_1W_20150101_20260326.csv
2026-03-26 14:59:52,575  INFO      [PROC] EURONEXT_SIEDE_4H_20240405_20260326.csv
2026-03-26 14:59:52,683  INFO        ✓  1319 windows × 35 features
2026-03-26 14:59:52,684  WARNING     ⚠  Regime class 0 is only 4.4% of samples
2026-03-26 14:59:52,684  WARNING     ⚠  Regime class 2 is only 0.2% of samples
2026-03-26 14:59:52,684  WARNING     ⚠  Regime class 5 is only 2.9% of samples
2026-03-26 14:59:52,777  INFO        → Inspect CSV written: EURONEXT_SIEDE_4H_20240405_20260326_inspect.csv
2026-03-26 14:59:52,777  INFO      [PROC] EURONEXT_TTEPA_1D_20150101_20260326.csv
2026-03-26 14:59:53,087  INFO        ✓  2696 windows × 29 features
2026-03-26 14:59:53,089  WARNING     ⚠  Regime class 3 is only 0.4% of samples
2026-03-26 14:59:53,315  INFO        → Inspect CSV written: EURONEXT_TTEPA_1D_20150101_20260326_inspect.csv
2026-03-26 14:59:53,315  INFO      [PROC] EURONEXT_TTEPA_1H_20240405_20260326.csv
2026-03-26 14:59:54,217  WARNING     ✗  No valid windows produced for EURONEXT_TTEPA_1H_20240405_20260326.csv
2026-03-26 14:59:54,218  INFO      [PROC] EURONEXT_TTEPA_1W_20150101_20260326.csv
2026-03-26 14:59:54,507  WARNING     ✗  No valid windows produced for EURONEXT_TTEPA_1W_20150101_20260326.csv
2026-03-26 14:59:54,507  INFO      [PROC] EURONEXT_TTEPA_4H_20240405_20260326.csv
2026-03-26 14:59:54,684  INFO        ✓  1329 windows × 35 features
2026-03-26 14:59:54,684  WARNING     ⚠  Regime class 5 is only 1.3% of samples
2026-03-26 14:59:54,806  INFO        → Inspect CSV written: EURONEXT_TTEPA_4H_20240405_20260326_inspect.csv
2026-03-26 14:59:54,807  INFO      [PROC] FOREXCOM_AUDNZDX_1D_20150101_20260326.csv
2026-03-26 14:59:55,170  INFO        ✓  2745 windows × 29 features
2026-03-26 14:59:55,170  WARNING     ⚠  Regime class 1 is only 1.8% of samples
2026-03-26 14:59:55,170  WARNING     ⚠  Regime class 4 is only 2.9% of samples
2026-03-26 14:59:55,356  INFO        → Inspect CSV written: FOREXCOM_AUDNZDX_1D_20150101_20260326_inspect.csv
2026-03-26 14:59:55,356  INFO      [PROC] FOREXCOM_AUDNZDX_1H_20240405_20260326.csv
2026-03-26 14:59:55,692  WARNING     ✗  No valid windows produced for FOREXCOM_AUDNZDX_1H_20240405_20260326.csv
2026-03-26 14:59:55,693  INFO      [PROC] FOREXCOM_AUDNZDX_1W_20150101_20260326.csv
2026-03-26 14:59:55,786  INFO        ✓  407 windows × 29 features
2026-03-26 14:59:55,786  WARNING     ⚠  Regime class 0 is only 2.2% of samples
2026-03-26 14:59:55,787  WARNING     ⚠  Regime class 3 is only 2.2% of samples
2026-03-26 14:59:55,825  INFO        → Inspect CSV written: FOREXCOM_AUDNZDX_1W_20150101_20260326_inspect.csv
2026-03-26 14:59:55,825  INFO      [PROC] FOREXCOM_AUDNZDX_4H_20240405_20260326.csv
2026-03-26 14:59:55,970  INFO        ✓  2965 windows × 35 features
2026-03-26 14:59:56,125  INFO        → Inspect CSV written: FOREXCOM_AUDNZDX_4H_20240405_20260326_inspect.csv
2026-03-26 14:59:56,125  INFO      [PROC] FOREXCOM_AUDUSDX_1D_20150101_20260326.csv
2026-03-26 14:59:56,258  INFO        ✓  2743 windows × 29 features
2026-03-26 14:59:56,258  WARNING     ⚠  Regime class 2 is only 0.0% of samples
2026-03-26 14:59:56,258  WARNING     ⚠  Regime class 5 is only 0.9% of samples
2026-03-26 14:59:56,380  INFO        → Inspect CSV written: FOREXCOM_AUDUSDX_1D_20150101_20260326_inspect.csv
2026-03-26 14:59:56,380  INFO      [PROC] FOREXCOM_AUDUSDX_1H_20240405_20260326.csv
2026-03-26 14:59:56,540  WARNING     ✗  No valid windows produced for FOREXCOM_AUDUSDX_1H_20240405_20260326.csv
2026-03-26 14:59:56,541  INFO      [PROC] FOREXCOM_AUDUSDX_1W_20150101_20260326.csv
2026-03-26 14:59:56,612  INFO        ✓  407 windows × 29 features
2026-03-26 14:59:56,635  INFO        → Inspect CSV written: FOREXCOM_AUDUSDX_1W_20150101_20260326_inspect.csv
2026-03-26 14:59:56,635  INFO      [PROC] FOREXCOM_AUDUSDX_4H_20240405_20260326.csv
2026-03-26 14:59:56,805  INFO        ✓  2965 windows × 35 features
2026-03-26 14:59:56,805  WARNING     ⚠  Regime class 1 is only 0.1% of samples
2026-03-26 14:59:56,805  WARNING     ⚠  Regime class 4 is only 0.8% of samples
2026-03-26 14:59:56,948  INFO        → Inspect CSV written: FOREXCOM_AUDUSDX_4H_20240405_20260326_inspect.csv
2026-03-26 14:59:56,948  INFO      [PROC] FOREXCOM_EURCHFX_1D_20150101_20260326.csv
2026-03-26 14:59:57,089  INFO        ✓  2744 windows × 29 features
2026-03-26 14:59:57,089  WARNING     ⚠  Regime class 1 is only 1.6% of samples
2026-03-26 14:59:57,089  WARNING     ⚠  Regime class 2 is only 0.0% of samples
2026-03-26 14:59:57,089  WARNING     ⚠  Regime class 4 is only 1.5% of samples
2026-03-26 14:59:57,214  INFO        → Inspect CSV written: FOREXCOM_EURCHFX_1D_20150101_20260326_inspect.csv
2026-03-26 14:59:57,215  INFO      [PROC] FOREXCOM_EURCHFX_1H_20240405_20260326.csv
2026-03-26 14:59:57,401  WARNING     ✗  No valid windows produced for FOREXCOM_EURCHFX_1H_20240405_20260326.csv
2026-03-26 14:59:57,401  INFO      [PROC] FOREXCOM_EURCHFX_1W_20150101_20260326.csv
2026-03-26 14:59:57,475  INFO        ✓  407 windows × 29 features
2026-03-26 14:59:57,475  WARNING     ⚠  Regime class 2 is only 0.7% of samples
2026-03-26 14:59:57,502  INFO        → Inspect CSV written: FOREXCOM_EURCHFX_1W_20150101_20260326_inspect.csv
2026-03-26 14:59:57,502  INFO      [PROC] FOREXCOM_EURCHFX_4H_20240405_20260326.csv
2026-03-26 14:59:57,677  INFO        ✓  2957 windows × 35 features
2026-03-26 14:59:57,902  INFO        → Inspect CSV written: FOREXCOM_EURCHFX_4H_20240405_20260326_inspect.csv
2026-03-26 14:59:57,903  INFO      [PROC] FOREXCOM_EURGBPX_1D_20150101_20260326.csv
2026-03-26 14:59:58,155  INFO        ✓  2744 windows × 29 features
2026-03-26 14:59:58,155  WARNING     ⚠  Regime class 1 is only 4.0% of samples
2026-03-26 14:59:58,155  WARNING     ⚠  Regime class 2 is only 0.1% of samples
2026-03-26 14:59:58,155  WARNING     ⚠  Regime class 5 is only 0.0% of samples
2026-03-26 14:59:58,276  INFO        → Inspect CSV written: FOREXCOM_EURGBPX_1D_20150101_20260326_inspect.csv
2026-03-26 14:59:58,276  INFO      [PROC] FOREXCOM_EURGBPX_1H_20240405_20260326.csv
2026-03-26 14:59:58,440  WARNING     ✗  No valid windows produced for FOREXCOM_EURGBPX_1H_20240405_20260326.csv
2026-03-26 14:59:58,440  INFO      [PROC] FOREXCOM_EURGBPX_1W_20150101_20260326.csv
2026-03-26 14:59:58,510  INFO        ✓  407 windows × 29 features
2026-03-26 14:59:58,510  WARNING     ⚠  Regime class 0 is only 3.7% of samples
2026-03-26 14:59:58,510  WARNING     ⚠  Regime class 5 is only 1.0% of samples
2026-03-26 14:59:58,542  INFO        → Inspect CSV written: FOREXCOM_EURGBPX_1W_20150101_20260326_inspect.csv
2026-03-26 14:59:58,542  INFO      [PROC] FOREXCOM_EURGBPX_4H_20240405_20260326.csv
2026-03-26 14:59:58,723  INFO        ✓  2959 windows × 35 features
2026-03-26 14:59:58,876  INFO        → Inspect CSV written: FOREXCOM_EURGBPX_4H_20240405_20260326_inspect.csv
2026-03-26 14:59:58,876  INFO      [PROC] FOREXCOM_EURUSDX_1D_20150101_20260326.csv
2026-03-26 14:59:59,029  INFO        ✓  2743 windows × 29 features
2026-03-26 14:59:59,029  WARNING     ⚠  Regime class 1 is only 2.7% of samples
2026-03-26 14:59:59,152  INFO        → Inspect CSV written: FOREXCOM_EURUSDX_1D_20150101_20260326_inspect.csv
2026-03-26 14:59:59,152  INFO      [PROC] FOREXCOM_EURUSDX_1H_20240405_20260326.csv
2026-03-26 14:59:59,314  WARNING     ✗  No valid windows produced for FOREXCOM_EURUSDX_1H_20240405_20260326.csv
2026-03-26 14:59:59,314  INFO      [PROC] FOREXCOM_EURUSDX_1W_20150101_20260326.csv
2026-03-26 14:59:59,380  INFO        ✓  407 windows × 29 features
2026-03-26 14:59:59,381  WARNING     ⚠  Regime class 0 is only 0.2% of samples
2026-03-26 14:59:59,381  WARNING     ⚠  Regime class 3 is only 2.5% of samples
2026-03-26 14:59:59,381  WARNING     ⚠  Regime class 5 is only 4.4% of samples
2026-03-26 14:59:59,406  INFO        → Inspect CSV written: FOREXCOM_EURUSDX_1W_20150101_20260326_inspect.csv
2026-03-26 14:59:59,406  INFO      [PROC] FOREXCOM_EURUSDX_4H_20240405_20260326.csv
2026-03-26 14:59:59,557  INFO        ✓  2956 windows × 35 features
2026-03-26 14:59:59,707  INFO        → Inspect CSV written: FOREXCOM_EURUSDX_4H_20240405_20260326_inspect.csv
2026-03-26 14:59:59,707  INFO      [PROC] FOREXCOM_GBPJPYX_1D_20150101_20260326.csv
2026-03-26 14:59:59,834  INFO        ✓  2744 windows × 29 features
2026-03-26 14:59:59,834  WARNING     ⚠  Regime class 5 is only 1.1% of samples
2026-03-26 14:59:59,955  INFO        → Inspect CSV written: FOREXCOM_GBPJPYX_1D_20150101_20260326_inspect.csv
2026-03-26 14:59:59,955  INFO      [PROC] FOREXCOM_GBPJPYX_1H_20240405_20260326.csv
2026-03-26 15:00:00,269  WARNING     ✗  No valid windows produced for FOREXCOM_GBPJPYX_1H_20240405_20260326.csv
2026-03-26 15:00:00,270  INFO      [PROC] FOREXCOM_GBPJPYX_1W_20150101_20260326.csv
2026-03-26 15:00:00,399  INFO        ✓  407 windows × 29 features
2026-03-26 15:00:00,399  WARNING     ⚠  Regime class 2 is only 4.9% of samples
2026-03-26 15:00:00,430  INFO        → Inspect CSV written: FOREXCOM_GBPJPYX_1W_20150101_20260326_inspect.csv
2026-03-26 15:00:00,430  INFO      [PROC] FOREXCOM_GBPJPYX_4H_20240405_20260326.csv
2026-03-26 15:00:00,718  INFO        ✓  2957 windows × 35 features
2026-03-26 15:00:00,718  WARNING     ⚠  Regime class 4 is only 0.6% of samples
2026-03-26 15:00:00,941  INFO        → Inspect CSV written: FOREXCOM_GBPJPYX_4H_20240405_20260326_inspect.csv
2026-03-26 15:00:00,941  INFO      [PROC] FOREXCOM_GBPUSDX_1D_20150101_20260326.csv
2026-03-26 15:00:01,078  INFO        ✓  2743 windows × 29 features
2026-03-26 15:00:01,078  WARNING     ⚠  Regime class 2 is only 0.1% of samples
2026-03-26 15:00:01,078  WARNING     ⚠  Regime class 5 is only 0.7% of samples
2026-03-26 15:00:01,224  INFO        → Inspect CSV written: FOREXCOM_GBPUSDX_1D_20150101_20260326_inspect.csv
2026-03-26 15:00:01,225  INFO      [PROC] FOREXCOM_GBPUSDX_1H_20240405_20260326.csv
2026-03-26 15:00:01,402  WARNING     ✗  No valid windows produced for FOREXCOM_GBPUSDX_1H_20240405_20260326.csv
2026-03-26 15:00:01,402  INFO      [PROC] FOREXCOM_GBPUSDX_1W_20150101_20260326.csv
2026-03-26 15:00:01,474  INFO        ✓  407 windows × 29 features
2026-03-26 15:00:01,474  WARNING     ⚠  Regime class 2 is only 0.7% of samples
2026-03-26 15:00:01,509  INFO        → Inspect CSV written: FOREXCOM_GBPUSDX_1W_20150101_20260326_inspect.csv
2026-03-26 15:00:01,510  INFO      [PROC] FOREXCOM_GBPUSDX_4H_20240405_20260326.csv
2026-03-26 15:00:01,654  INFO        ✓  2956 windows × 35 features
2026-03-26 15:00:01,801  INFO        → Inspect CSV written: FOREXCOM_GBPUSDX_4H_20240405_20260326_inspect.csv
2026-03-26 15:00:01,801  INFO      [PROC] FOREXCOM_USDCADX_1D_20150101_20260326.csv
2026-03-26 15:00:01,939  INFO        ✓  2743 windows × 29 features
2026-03-26 15:00:01,939  WARNING     ⚠  Regime class 1 is only 1.0% of samples
2026-03-26 15:00:02,061  INFO        → Inspect CSV written: FOREXCOM_USDCADX_1D_20150101_20260326_inspect.csv
2026-03-26 15:00:02,061  INFO      [PROC] FOREXCOM_USDCADX_1H_20240405_20260326.csv
2026-03-26 15:00:02,253  WARNING     ✗  No valid windows produced for FOREXCOM_USDCADX_1H_20240405_20260326.csv
2026-03-26 15:00:02,253  INFO      [PROC] FOREXCOM_USDCADX_1W_20150101_20260326.csv
2026-03-26 15:00:02,325  INFO        ✓  407 windows × 29 features
2026-03-26 15:00:02,325  WARNING     ⚠  Regime class 0 is only 3.2% of samples
2026-03-26 15:00:02,325  WARNING     ⚠  Regime class 2 is only 2.2% of samples
2026-03-26 15:00:02,325  WARNING     ⚠  Regime class 5 is only 2.9% of samples
2026-03-26 15:00:02,347  INFO        → Inspect CSV written: FOREXCOM_USDCADX_1W_20150101_20260326_inspect.csv
2026-03-26 15:00:02,347  INFO      [PROC] FOREXCOM_USDCADX_4H_20240405_20260326.csv
2026-03-26 15:00:02,486  INFO        ✓  2965 windows × 35 features
2026-03-26 15:00:02,765  INFO        → Inspect CSV written: FOREXCOM_USDCADX_4H_20240405_20260326_inspect.csv
2026-03-26 15:00:02,765  INFO      [PROC] FOREXCOM_USDCHFX_1D_20150101_20260326.csv
2026-03-26 15:00:03,105  INFO        ✓  2743 windows × 29 features
2026-03-26 15:00:03,106  WARNING     ⚠  Regime class 1 is only 3.2% of samples
2026-03-26 15:00:03,310  INFO        → Inspect CSV written: FOREXCOM_USDCHFX_1D_20150101_20260326_inspect.csv
2026-03-26 15:00:03,310  INFO      [PROC] FOREXCOM_USDCHFX_1H_20240405_20260326.csv
2026-03-26 15:00:04,044  WARNING     ✗  No valid windows produced for FOREXCOM_USDCHFX_1H_20240405_20260326.csv
2026-03-26 15:00:04,044  INFO      [PROC] FOREXCOM_USDCHFX_1W_20150101_20260326.csv
2026-03-26 15:00:04,151  INFO        ✓  407 windows × 29 features
2026-03-26 15:00:04,152  WARNING     ⚠  Regime class 2 is only 1.2% of samples
2026-03-26 15:00:04,152  WARNING     ⚠  Regime class 3 is only 1.2% of samples
2026-03-26 15:00:04,152  WARNING     ⚠  Regime class 5 is only 0.5% of samples
2026-03-26 15:00:04,192  INFO        → Inspect CSV written: FOREXCOM_USDCHFX_1W_20150101_20260326_inspect.csv
2026-03-26 15:00:04,192  INFO      [PROC] FOREXCOM_USDCHFX_4H_20240405_20260326.csv
2026-03-26 15:00:04,781  INFO        ✓  2957 windows × 35 features
2026-03-26 15:00:04,781  WARNING     ⚠  Regime class 4 is only 0.2% of samples
2026-03-26 15:00:05,011  INFO        → Inspect CSV written: FOREXCOM_USDCHFX_4H_20240405_20260326_inspect.csv
2026-03-26 15:00:05,011  INFO      [PROC] FOREXCOM_USDJPYX_1D_20150101_20260326.csv
2026-03-26 15:00:05,639  INFO        ✓  2743 windows × 29 features
2026-03-26 15:00:05,868  INFO        → Inspect CSV written: FOREXCOM_USDJPYX_1D_20150101_20260326_inspect.csv
2026-03-26 15:00:05,868  INFO      [PROC] FOREXCOM_USDJPYX_1H_20240405_20260326.csv
2026-03-26 15:00:06,146  WARNING     ✗  No valid windows produced for FOREXCOM_USDJPYX_1H_20240405_20260326.csv
2026-03-26 15:00:06,147  INFO      [PROC] FOREXCOM_USDJPYX_1W_20150101_20260326.csv
2026-03-26 15:00:06,224  INFO        ✓  407 windows × 29 features
2026-03-26 15:00:06,224  WARNING     ⚠  Regime class 3 is only 0.5% of samples
2026-03-26 15:00:06,246  INFO        → Inspect CSV written: FOREXCOM_USDJPYX_1W_20150101_20260326_inspect.csv
2026-03-26 15:00:06,246  INFO      [PROC] FOREXCOM_USDJPYX_4H_20240405_20260326.csv
2026-03-26 15:00:06,429  INFO        ✓  2949 windows × 35 features
2026-03-26 15:00:06,429  WARNING     ⚠  Regime class 4 is only 0.4% of samples
2026-03-26 15:00:06,573  INFO        → Inspect CSV written: FOREXCOM_USDJPYX_4H_20240405_20260326_inspect.csv
2026-03-26 15:00:06,573  INFO      [PROC] FTSE_FTSE_1D_20150101_20260326.csv
2026-03-26 15:00:06,709  INFO        ✓  2658 windows × 29 features
2026-03-26 15:00:06,709  WARNING     ⚠  Regime class 2 is only 0.3% of samples
2026-03-26 15:00:06,710  WARNING     ⚠  Regime class 5 is only 2.0% of samples
2026-03-26 15:00:06,829  INFO        → Inspect CSV written: FTSE_FTSE_1D_20150101_20260326_inspect.csv
2026-03-26 15:00:06,829  INFO      [PROC] FTSE_FTSE_1H_20240405_20260326.csv
2026-03-26 15:00:06,924  WARNING     ✗  No valid windows produced for FTSE_FTSE_1H_20240405_20260326.csv
2026-03-26 15:00:06,925  INFO      [PROC] FTSE_FTSE_1W_20150101_20260326.csv
2026-03-26 15:00:06,996  INFO        ✓  407 windows × 29 features
2026-03-26 15:00:07,026  INFO        → Inspect CSV written: FTSE_FTSE_1W_20150101_20260326_inspect.csv
2026-03-26 15:00:07,027  INFO      [PROC] FTSE_FTSE_4H_20240405_20260326.csv
2026-03-26 15:00:07,123  INFO        ✓  1313 windows × 35 features
2026-03-26 15:00:07,124  WARNING     ⚠  Regime class 1 is only 0.5% of samples
2026-03-26 15:00:07,124  WARNING     ⚠  Regime class 4 is only 3.1% of samples
2026-03-26 15:00:07,124  WARNING     ⚠  Regime class 5 is only 0.1% of samples
2026-03-26 15:00:07,198  INFO        → Inspect CSV written: FTSE_FTSE_4H_20240405_20260326_inspect.csv
2026-03-26 15:00:07,198  INFO      [PROC] HSI_HSI_1D_20150101_20260326.csv
2026-03-26 15:00:07,333  INFO        ✓  2583 windows × 29 features
2026-03-26 15:00:07,333  WARNING     ⚠  Regime class 0 is only 0.2% of samples
2026-03-26 15:00:07,333  WARNING     ⚠  Regime class 2 is only 0.7% of samples
2026-03-26 15:00:07,453  INFO        → Inspect CSV written: HSI_HSI_1D_20150101_20260326_inspect.csv
2026-03-26 15:00:07,453  INFO      [PROC] HSI_HSI_1H_20240405_20260326.csv
2026-03-26 15:00:07,545  WARNING     ✗  No valid windows produced for HSI_HSI_1H_20240405_20260326.csv
2026-03-26 15:00:07,545  INFO      [PROC] HSI_HSI_1W_20150101_20260326.csv
2026-03-26 15:00:07,611  WARNING     ✗  No valid windows produced for HSI_HSI_1W_20150101_20260326.csv
2026-03-26 15:00:07,612  INFO      [PROC] HSI_HSI_4H_20240405_20260326.csv
2026-03-26 15:00:07,683  WARNING     ✗  No valid windows produced for HSI_HSI_4H_20240405_20260326.csv
2026-03-26 15:00:07,683  INFO      [PROC] ICE_BZF_1D_20150101_20260326.csv
2026-03-26 15:00:07,818  INFO        ✓  2645 windows × 29 features
2026-03-26 15:00:07,962  INFO        → Inspect CSV written: ICE_BZF_1D_20150101_20260326_inspect.csv
2026-03-26 15:00:07,962  INFO      [PROC] ICE_BZF_1H_20240405_20260326.csv
2026-03-26 15:00:08,188  INFO        ✓  2908 windows × 35 features
2026-03-26 15:00:08,189  WARNING     ⚠  Regime class 2 is only 0.7% of samples
2026-03-26 15:00:08,189  WARNING     ⚠  Regime class 5 is only 0.9% of samples
2026-03-26 15:00:08,443  INFO        → Inspect CSV written: ICE_BZF_1H_20240405_20260326_inspect.csv
2026-03-26 15:00:08,443  INFO      [PROC] ICE_BZF_1W_20150101_20260326.csv
2026-03-26 15:00:08,530  INFO        ✓  407 windows × 29 features
2026-03-26 15:00:08,575  INFO        → Inspect CSV written: ICE_BZF_1W_20150101_20260326_inspect.csv
2026-03-26 15:00:08,575  INFO      [PROC] ICE_BZF_4H_20240405_20260326.csv
2026-03-26 15:00:08,733  INFO        ✓  2865 windows × 35 features
2026-03-26 15:00:08,734  WARNING     ⚠  Regime class 2 is only 2.8% of samples
2026-03-26 15:00:08,943  INFO        → Inspect CSV written: ICE_BZF_4H_20240405_20260326_inspect.csv
2026-03-26 15:00:08,943  INFO      [PROC] LSE_AZNL_1D_20150101_20260326.csv
2026-03-26 15:00:09,113  INFO        ✓  2659 windows × 29 features
2026-03-26 15:00:09,241  INFO        → Inspect CSV written: LSE_AZNL_1D_20150101_20260326_inspect.csv
2026-03-26 15:00:09,241  INFO      [PROC] LSE_AZNL_1H_20240405_20260326.csv
2026-03-26 15:00:09,403  WARNING     ✗  No valid windows produced for LSE_AZNL_1H_20240405_20260326.csv
2026-03-26 15:00:09,403  INFO      [PROC] LSE_AZNL_1W_20150101_20260326.csv
2026-03-26 15:00:09,475  INFO        ✓  407 windows × 29 features
2026-03-26 15:00:09,498  INFO        → Inspect CSV written: LSE_AZNL_1W_20150101_20260326_inspect.csv
2026-03-26 15:00:09,498  INFO      [PROC] LSE_AZNL_4H_20240405_20260326.csv
2026-03-26 15:00:09,595  INFO        ✓  1313 windows × 35 features
2026-03-26 15:00:09,595  WARNING     ⚠  Regime class 0 is only 3.5% of samples
2026-03-26 15:00:09,596  WARNING     ⚠  Regime class 2 is only 0.1% of samples
2026-03-26 15:00:09,596  WARNING     ⚠  Regime class 5 is only 1.4% of samples
2026-03-26 15:00:09,679  INFO        → Inspect CSV written: LSE_AZNL_4H_20240405_20260326_inspect.csv
2026-03-26 15:00:09,679  INFO      [PROC] LSE_BPL_1D_20150101_20260326.csv
2026-03-26 15:00:09,804  INFO        ✓  2658 windows × 29 features
2026-03-26 15:00:09,946  INFO        → Inspect CSV written: LSE_BPL_1D_20150101_20260326_inspect.csv
2026-03-26 15:00:09,946  INFO      [PROC] LSE_BPL_1H_20240405_20260326.csv
2026-03-26 15:00:10,045  WARNING     ✗  No valid windows produced for LSE_BPL_1H_20240405_20260326.csv
2026-03-26 15:00:10,046  INFO      [PROC] LSE_BPL_1W_20150101_20260326.csv
2026-03-26 15:00:10,118  INFO        ✓  407 windows × 29 features
2026-03-26 15:00:10,143  INFO        → Inspect CSV written: LSE_BPL_1W_20150101_20260326_inspect.csv
2026-03-26 15:00:10,143  INFO      [PROC] LSE_BPL_4H_20240405_20260326.csv
2026-03-26 15:00:10,248  INFO        ✓  1313 windows × 35 features
2026-03-26 15:00:10,248  WARNING     ⚠  Regime class 0 is only 1.3% of samples
2026-03-26 15:00:10,248  WARNING     ⚠  Regime class 2 is only 0.5% of samples
2026-03-26 15:00:10,248  WARNING     ⚠  Regime class 5 is only 3.0% of samples
2026-03-26 15:00:10,368  INFO        → Inspect CSV written: LSE_BPL_4H_20240405_20260326_inspect.csv
2026-03-26 15:00:10,368  INFO      [PROC] LSE_GSKL_1D_20150101_20260326.csv
2026-03-26 15:00:10,572  INFO        ✓  2659 windows × 29 features
2026-03-26 15:00:10,573  WARNING     ⚠  Regime class 0 is only 0.0% of samples
2026-03-26 15:00:10,573  WARNING     ⚠  Regime class 3 is only 0.2% of samples
2026-03-26 15:00:10,722  INFO        → Inspect CSV written: LSE_GSKL_1D_20150101_20260326_inspect.csv
2026-03-26 15:00:10,723  INFO      [PROC] LSE_GSKL_1H_20240405_20260326.csv
2026-03-26 15:00:10,818  WARNING     ✗  No valid windows produced for LSE_GSKL_1H_20240405_20260326.csv
2026-03-26 15:00:10,818  INFO      [PROC] LSE_GSKL_1W_20150101_20260326.csv
2026-03-26 15:00:10,888  INFO        ✓  407 windows × 29 features
2026-03-26 15:00:10,919  INFO        → Inspect CSV written: LSE_GSKL_1W_20150101_20260326_inspect.csv
2026-03-26 15:00:10,919  INFO      [PROC] LSE_GSKL_4H_20240405_20260326.csv
2026-03-26 15:00:11,029  INFO        ✓  1313 windows × 35 features
2026-03-26 15:00:11,029  WARNING     ⚠  Regime class 0 is only 4.6% of samples
2026-03-26 15:00:11,029  WARNING     ⚠  Regime class 2 is only 0.1% of samples
2026-03-26 15:00:11,029  WARNING     ⚠  Regime class 5 is only 1.3% of samples
2026-03-26 15:00:11,110  INFO        → Inspect CSV written: LSE_GSKL_4H_20240405_20260326_inspect.csv
2026-03-26 15:00:11,111  INFO      [PROC] LSE_HSBAL_1D_20150101_20260326.csv
2026-03-26 15:00:11,241  INFO        ✓  2659 windows × 29 features
2026-03-26 15:00:11,242  WARNING     ⚠  Regime class 0 is only 0.2% of samples
2026-03-26 15:00:11,242  WARNING     ⚠  Regime class 2 is only 4.6% of samples
2026-03-26 15:00:11,242  WARNING     ⚠  Regime class 3 is only 0.2% of samples
2026-03-26 15:00:11,375  INFO        → Inspect CSV written: LSE_HSBAL_1D_20150101_20260326_inspect.csv
2026-03-26 15:00:11,375  INFO      [PROC] LSE_HSBAL_1H_20240405_20260326.csv
2026-03-26 15:00:11,473  WARNING     ✗  No valid windows produced for LSE_HSBAL_1H_20240405_20260326.csv
2026-03-26 15:00:11,474  INFO      [PROC] LSE_HSBAL_1W_20150101_20260326.csv
2026-03-26 15:00:11,567  INFO        ✓  407 windows × 29 features
2026-03-26 15:00:11,588  INFO        → Inspect CSV written: LSE_HSBAL_1W_20150101_20260326_inspect.csv
2026-03-26 15:00:11,588  INFO      [PROC] LSE_HSBAL_4H_20240405_20260326.csv
2026-03-26 15:00:11,688  INFO        ✓  1313 windows × 35 features
2026-03-26 15:00:11,688  WARNING     ⚠  Regime class 2 is only 0.5% of samples
2026-03-26 15:00:11,688  WARNING     ⚠  Regime class 5 is only 2.7% of samples
2026-03-26 15:00:11,813  INFO        → Inspect CSV written: LSE_HSBAL_4H_20240405_20260326_inspect.csv
2026-03-26 15:00:11,813  INFO      [PROC] LSE_SHELL_1D_20150101_20260326.csv
2026-03-26 15:00:12,271  INFO        ✓  2659 windows × 29 features
2026-03-26 15:00:12,272  WARNING     ⚠  Regime class 3 is only 0.3% of samples
2026-03-26 15:00:12,472  INFO        → Inspect CSV written: LSE_SHELL_1D_20150101_20260326_inspect.csv
2026-03-26 15:00:12,472  INFO      [PROC] LSE_SHELL_1H_20240405_20260326.csv
2026-03-26 15:00:12,965  WARNING     ✗  No valid windows produced for LSE_SHELL_1H_20240405_20260326.csv
2026-03-26 15:00:12,968  INFO      [PROC] LSE_SHELL_1W_20150101_20260326.csv
2026-03-26 15:00:13,221  INFO        ✓  407 windows × 29 features
2026-03-26 15:00:13,255  INFO        → Inspect CSV written: LSE_SHELL_1W_20150101_20260326_inspect.csv
2026-03-26 15:00:13,255  INFO      [PROC] LSE_SHELL_4H_20240405_20260326.csv
2026-03-26 15:00:13,726  INFO        ✓  1313 windows × 35 features
2026-03-26 15:00:13,728  WARNING     ⚠  Regime class 5 is only 1.4% of samples
2026-03-26 15:00:13,833  INFO        → Inspect CSV written: LSE_SHELL_4H_20240405_20260326_inspect.csv
2026-03-26 15:00:13,833  INFO      [PROC] NIKKEI_N225_1D_20150101_20260326.csv
2026-03-26 15:00:14,846  INFO        ✓  2563 windows × 29 features
2026-03-26 15:00:14,847  WARNING     ⚠  Regime class 0 is only 3.4% of samples
2026-03-26 15:00:14,847  WARNING     ⚠  Regime class 2 is only 0.4% of samples
2026-03-26 15:00:14,848  WARNING     ⚠  Regime class 5 is only 4.8% of samples
2026-03-26 15:00:15,139  INFO        → Inspect CSV written: NIKKEI_N225_1D_20150101_20260326_inspect.csv
2026-03-26 15:00:15,140  INFO      [PROC] NIKKEI_N225_1H_20240405_20260326.csv
2026-03-26 15:00:15,801  WARNING     ✗  No valid windows produced for NIKKEI_N225_1H_20240405_20260326.csv
2026-03-26 15:00:15,802  INFO      [PROC] NIKKEI_N225_1W_20150101_20260326.csv
2026-03-26 15:00:15,917  WARNING     ✗  No valid windows produced for NIKKEI_N225_1W_20150101_20260326.csv
2026-03-26 15:00:15,918  INFO      [PROC] NIKKEI_N225_4H_20240405_20260326.csv
2026-03-26 15:00:16,047  WARNING     ✗  No valid windows produced for NIKKEI_N225_4H_20240405_20260326.csv
2026-03-26 15:00:16,047  INFO      [PROC] NYMEX_CLF_1D_20150101_20260326.csv
2026-03-26 15:00:16,177  INFO        ✓  2643 windows × 29 features
2026-03-26 15:00:16,177  WARNING     ⚠  Regime class 1 is only 4.4% of samples
2026-03-26 15:00:16,314  INFO        → Inspect CSV written: NYMEX_CLF_1D_20150101_20260326_inspect.csv
2026-03-26 15:00:16,314  INFO      [PROC] NYMEX_CLF_1H_20240405_20260326.csv
2026-03-26 15:00:16,534  INFO        ✓  2835 windows × 35 features
2026-03-26 15:00:16,534  WARNING     ⚠  Regime class 1 is only 1.7% of samples
2026-03-26 15:00:16,534  WARNING     ⚠  Regime class 2 is only 0.1% of samples
2026-03-26 15:00:16,741  INFO        → Inspect CSV written: NYMEX_CLF_1H_20240405_20260326_inspect.csv
2026-03-26 15:00:16,742  INFO      [PROC] NYMEX_CLF_1W_20150101_20260326.csv
2026-03-26 15:00:16,820  INFO        ✓  407 windows × 29 features
2026-03-26 15:00:16,841  INFO        → Inspect CSV written: NYMEX_CLF_1W_20150101_20260326_inspect.csv
2026-03-26 15:00:16,841  INFO      [PROC] NYMEX_CLF_4H_20240405_20260326.csv
2026-03-26 15:00:17,050  INFO        ✓  2846 windows × 35 features
2026-03-26 15:00:17,051  WARNING     ⚠  Regime class 2 is only 0.9% of samples
2026-03-26 15:00:17,051  WARNING     ⚠  Regime class 5 is only 4.9% of samples
2026-03-26 15:00:17,199  INFO        → Inspect CSV written: NYMEX_CLF_4H_20240405_20260326_inspect.csv
2026-03-26 15:00:17,199  INFO      [PROC] NYMEX_NGF_1D_20150101_20260326.csv
2026-03-26 15:00:17,343  INFO        ✓  2645 windows × 29 features
2026-03-26 15:00:17,343  WARNING     ⚠  Regime class 1 is only 2.2% of samples
2026-03-26 15:00:17,465  INFO        → Inspect CSV written: NYMEX_NGF_1D_20150101_20260326_inspect.csv
2026-03-26 15:00:17,465  INFO      [PROC] NYMEX_NGF_1H_20240405_20260326.csv
2026-03-26 15:00:17,667  INFO        ✓  2834 windows × 35 features
2026-03-26 15:00:17,667  WARNING     ⚠  Regime class 2 is only 0.1% of samples
2026-03-26 15:00:17,668  WARNING     ⚠  Regime class 5 is only 0.1% of samples
2026-03-26 15:00:17,844  INFO        → Inspect CSV written: NYMEX_NGF_1H_20240405_20260326_inspect.csv
2026-03-26 15:00:17,844  INFO      [PROC] NYMEX_NGF_1W_20150101_20260326.csv
2026-03-26 15:00:17,917  INFO        ✓  407 windows × 29 features
2026-03-26 15:00:17,940  INFO        → Inspect CSV written: NYMEX_NGF_1W_20150101_20260326_inspect.csv
2026-03-26 15:00:17,940  INFO      [PROC] NYMEX_NGF_4H_20240405_20260326.csv
2026-03-26 15:00:18,085  INFO        ✓  2806 windows × 35 features
2026-03-26 15:00:18,356  INFO        → Inspect CSV written: NYMEX_NGF_4H_20240405_20260326_inspect.csv
2026-03-26 15:00:18,356  INFO      [PROC] NYSE_AAPL_1D_20150101_20260326.csv
2026-03-26 15:00:19,108  INFO        ✓  2644 windows × 29 features
2026-03-26 15:00:19,108  WARNING     ⚠  Regime class 3 is only 1.1% of samples
2026-03-26 15:00:19,251  INFO        → Inspect CSV written: NYSE_AAPL_1D_20150101_20260326_inspect.csv
2026-03-26 15:00:19,252  INFO      [PROC] NYSE_AAPL_1H_20240405_20260326.csv
2026-03-26 15:00:19,402  INFO        ✓  3255 windows × 35 features
2026-03-26 15:00:19,403  WARNING     ⚠  Regime class 1 is only 1.3% of samples
2026-03-26 15:00:19,403  WARNING     ⚠  Regime class 5 is only 1.2% of samples
2026-03-26 15:00:19,597  INFO        → Inspect CSV written: NYSE_AAPL_1H_20240405_20260326_inspect.csv
2026-03-26 15:00:19,598  INFO      [PROC] NYSE_AAPL_1W_20150101_20260326.csv
2026-03-26 15:00:19,734  INFO        ✓  407 windows × 29 features
2026-03-26 15:00:19,759  INFO        → Inspect CSV written: NYSE_AAPL_1W_20150101_20260326_inspect.csv
2026-03-26 15:00:19,760  INFO      [PROC] NYSE_AAPL_4H_20240405_20260326.csv
2026-03-26 15:00:19,867  INFO        ✓  972 windows × 35 features
2026-03-26 15:00:19,867  WARNING     ⚠  Regime class 5 is only 3.7% of samples
2026-03-26 15:00:19,929  INFO        → Inspect CSV written: NYSE_AAPL_4H_20240405_20260326_inspect.csv
2026-03-26 15:00:19,929  INFO      [PROC] NYSE_AMZN_1D_20150101_20260326.csv
2026-03-26 15:00:20,087  INFO        ✓  2644 windows × 29 features
2026-03-26 15:00:20,088  WARNING     ⚠  Regime class 3 is only 1.0% of samples
2026-03-26 15:00:20,315  INFO        → Inspect CSV written: NYSE_AMZN_1D_20150101_20260326_inspect.csv
2026-03-26 15:00:20,315  INFO      [PROC] NYSE_AMZN_1H_20240405_20260326.csv
2026-03-26 15:00:20,478  INFO        ✓  3255 windows × 35 features
2026-03-26 15:00:20,479  WARNING     ⚠  Regime class 1 is only 3.6% of samples
2026-03-26 15:00:20,479  WARNING     ⚠  Regime class 2 is only 0.2% of samples
2026-03-26 15:00:20,479  WARNING     ⚠  Regime class 5 is only 1.2% of samples
2026-03-26 15:00:20,658  INFO        → Inspect CSV written: NYSE_AMZN_1H_20240405_20260326_inspect.csv
2026-03-26 15:00:20,658  INFO      [PROC] NYSE_AMZN_1W_20150101_20260326.csv
2026-03-26 15:00:20,734  INFO        ✓  407 windows × 29 features
2026-03-26 15:00:20,791  INFO        → Inspect CSV written: NYSE_AMZN_1W_20150101_20260326_inspect.csv
2026-03-26 15:00:20,791  INFO      [PROC] NYSE_AMZN_4H_20240405_20260326.csv
2026-03-26 15:00:20,882  INFO        ✓  972 windows × 35 features
2026-03-26 15:00:20,882  WARNING     ⚠  Regime class 0 is only 0.5% of samples
2026-03-26 15:00:20,882  WARNING     ⚠  Regime class 2 is only 0.6% of samples
2026-03-26 15:00:20,952  INFO        → Inspect CSV written: NYSE_AMZN_4H_20240405_20260326_inspect.csv
2026-03-26 15:00:20,952  INFO      [PROC] NYSE_BAC_1D_20150101_20260326.csv
2026-03-26 15:00:21,110  INFO        ✓  2644 windows × 29 features
2026-03-26 15:00:21,238  INFO        → Inspect CSV written: NYSE_BAC_1D_20150101_20260326_inspect.csv
2026-03-26 15:00:21,238  INFO      [PROC] NYSE_BAC_1H_20240405_20260326.csv
2026-03-26 15:00:21,418  INFO        ✓  3255 windows × 35 features
2026-03-26 15:00:21,418  WARNING     ⚠  Regime class 1 is only 1.0% of samples
2026-03-26 15:00:21,419  WARNING     ⚠  Regime class 5 is only 1.1% of samples
2026-03-26 15:00:21,795  INFO        → Inspect CSV written: NYSE_BAC_1H_20240405_20260326_inspect.csv
2026-03-26 15:00:21,795  INFO      [PROC] NYSE_BAC_1W_20150101_20260326.csv
2026-03-26 15:00:21,872  INFO        ✓  407 windows × 29 features
2026-03-26 15:00:21,896  INFO        → Inspect CSV written: NYSE_BAC_1W_20150101_20260326_inspect.csv
2026-03-26 15:00:21,896  INFO      [PROC] NYSE_BAC_4H_20240405_20260326.csv
2026-03-26 15:00:21,993  INFO        ✓  972 windows × 35 features
2026-03-26 15:00:21,993  WARNING     ⚠  Regime class 0 is only 4.6% of samples
2026-03-26 15:00:21,993  WARNING     ⚠  Regime class 2 is only 0.4% of samples
2026-03-26 15:00:21,994  WARNING     ⚠  Regime class 5 is only 3.2% of samples
2026-03-26 15:00:22,065  INFO        → Inspect CSV written: NYSE_BAC_4H_20240405_20260326_inspect.csv
2026-03-26 15:00:22,065  INFO      [PROC] NYSE_CVX_1D_20150101_20260326.csv
2026-03-26 15:00:22,191  INFO        ✓  2644 windows × 29 features
2026-03-26 15:00:22,191  WARNING     ⚠  Regime class 3 is only 0.3% of samples
2026-03-26 15:00:22,317  INFO        → Inspect CSV written: NYSE_CVX_1D_20150101_20260326_inspect.csv
2026-03-26 15:00:22,317  INFO      [PROC] NYSE_CVX_1H_20240405_20260326.csv
2026-03-26 15:00:22,481  INFO        ✓  3255 windows × 35 features
2026-03-26 15:00:22,481  WARNING     ⚠  Regime class 1 is only 1.2% of samples
2026-03-26 15:00:22,481  WARNING     ⚠  Regime class 4 is only 4.7% of samples
2026-03-26 15:00:22,481  WARNING     ⚠  Regime class 5 is only 0.1% of samples
2026-03-26 15:00:22,645  INFO        → Inspect CSV written: NYSE_CVX_1H_20240405_20260326_inspect.csv
2026-03-26 15:00:22,645  INFO      [PROC] NYSE_CVX_1W_20150101_20260326.csv
2026-03-26 15:00:22,721  INFO        ✓  407 windows × 29 features
2026-03-26 15:00:22,744  INFO        → Inspect CSV written: NYSE_CVX_1W_20150101_20260326_inspect.csv
2026-03-26 15:00:22,744  INFO      [PROC] NYSE_CVX_4H_20240405_20260326.csv
2026-03-26 15:00:22,898  INFO        ✓  972 windows × 35 features
2026-03-26 15:00:22,899  WARNING     ⚠  Regime class 0 is only 4.7% of samples
2026-03-26 15:00:22,899  WARNING     ⚠  Regime class 5 is only 2.6% of samples
2026-03-26 15:00:22,978  INFO        → Inspect CSV written: NYSE_CVX_4H_20240405_20260326_inspect.csv
2026-03-26 15:00:22,978  INFO      [PROC] NYSE_GOOGL_1D_20150101_20260326.csv
2026-03-26 15:00:23,176  INFO        ✓  2644 windows × 29 features
2026-03-26 15:00:23,177  WARNING     ⚠  Regime class 0 is only 0.0% of samples
2026-03-26 15:00:23,178  WARNING     ⚠  Regime class 3 is only 1.2% of samples
2026-03-26 15:00:23,399  INFO        → Inspect CSV written: NYSE_GOOGL_1D_20150101_20260326_inspect.csv
2026-03-26 15:00:23,399  INFO      [PROC] NYSE_GOOGL_1H_20240405_20260326.csv
2026-03-26 15:00:23,945  INFO        ✓  3255 windows × 35 features
2026-03-26 15:00:23,946  WARNING     ⚠  Regime class 1 is only 4.2% of samples
2026-03-26 15:00:23,946  WARNING     ⚠  Regime class 5 is only 0.1% of samples
2026-03-26 15:00:24,368  INFO        → Inspect CSV written: NYSE_GOOGL_1H_20240405_20260326_inspect.csv
2026-03-26 15:00:24,368  INFO      [PROC] NYSE_GOOGL_1W_20150101_20260326.csv
2026-03-26 15:00:24,491  INFO        ✓  407 windows × 29 features
2026-03-26 15:00:24,528  INFO        → Inspect CSV written: NYSE_GOOGL_1W_20150101_20260326_inspect.csv
2026-03-26 15:00:24,528  INFO      [PROC] NYSE_GOOGL_4H_20240405_20260326.csv
2026-03-26 15:00:24,665  INFO        ✓  972 windows × 35 features
2026-03-26 15:00:24,665  WARNING     ⚠  Regime class 0 is only 1.4% of samples
2026-03-26 15:00:24,666  WARNING     ⚠  Regime class 2 is only 0.2% of samples
2026-03-26 15:00:24,666  WARNING     ⚠  Regime class 3 is only 4.2% of samples
2026-03-26 15:00:24,666  WARNING     ⚠  Regime class 5 is only 3.5% of samples
2026-03-26 15:00:24,745  INFO        → Inspect CSV written: NYSE_GOOGL_4H_20240405_20260326_inspect.csv
2026-03-26 15:00:24,745  INFO      [PROC] NYSE_JNJ_1D_20150101_20260326.csv
2026-03-26 15:00:25,080  INFO        ✓  2644 windows × 29 features
2026-03-26 15:00:25,080  WARNING     ⚠  Regime class 0 is only 0.6% of samples
2026-03-26 15:00:25,081  WARNING     ⚠  Regime class 2 is only 1.6% of samples
2026-03-26 15:00:25,081  WARNING     ⚠  Regime class 5 is only 2.0% of samples
2026-03-26 15:00:25,395  INFO        → Inspect CSV written: NYSE_JNJ_1D_20150101_20260326_inspect.csv
2026-03-26 15:00:25,395  INFO      [PROC] NYSE_JNJ_1H_20240405_20260326.csv
2026-03-26 15:00:25,781  INFO        ✓  3255 windows × 35 features
2026-03-26 15:00:25,782  WARNING     ⚠  Regime class 1 is only 0.2% of samples
2026-03-26 15:00:25,782  WARNING     ⚠  Regime class 4 is only 1.8% of samples
2026-03-26 15:00:26,062  INFO        → Inspect CSV written: NYSE_JNJ_1H_20240405_20260326_inspect.csv
2026-03-26 15:00:26,062  INFO      [PROC] NYSE_JNJ_1W_20150101_20260326.csv
2026-03-26 15:00:26,570  INFO        ✓  407 windows × 29 features
2026-03-26 15:00:26,570  WARNING     ⚠  Regime class 4 is only 0.2% of samples
2026-03-26 15:00:26,610  INFO        → Inspect CSV written: NYSE_JNJ_1W_20150101_20260326_inspect.csv
2026-03-26 15:00:26,610  INFO      [PROC] NYSE_JNJ_4H_20240405_20260326.csv
2026-03-26 15:00:26,701  INFO        ✓  972 windows × 35 features
2026-03-26 15:00:26,701  WARNING     ⚠  Regime class 1 is only 4.1% of samples
2026-03-26 15:00:26,702  WARNING     ⚠  Regime class 5 is only 0.7% of samples
2026-03-26 15:00:26,759  INFO        → Inspect CSV written: NYSE_JNJ_4H_20240405_20260326_inspect.csv
2026-03-26 15:00:26,760  INFO      [PROC] NYSE_JPM_1D_20150101_20260326.csv
2026-03-26 15:00:26,893  INFO        ✓  2644 windows × 29 features
2026-03-26 15:00:26,893  WARNING     ⚠  Regime class 0 is only 0.2% of samples
2026-03-26 15:00:26,894  WARNING     ⚠  Regime class 3 is only 0.2% of samples
2026-03-26 15:00:27,051  INFO        → Inspect CSV written: NYSE_JPM_1D_20150101_20260326_inspect.csv
2026-03-26 15:00:27,052  INFO      [PROC] NYSE_JPM_1H_20240405_20260326.csv
2026-03-26 15:00:27,221  INFO        ✓  3255 windows × 35 features
2026-03-26 15:00:27,221  WARNING     ⚠  Regime class 1 is only 1.2% of samples
2026-03-26 15:00:27,221  WARNING     ⚠  Regime class 2 is only 0.1% of samples
2026-03-26 15:00:27,221  WARNING     ⚠  Regime class 5 is only 0.7% of samples
2026-03-26 15:00:27,390  INFO        → Inspect CSV written: NYSE_JPM_1H_20240405_20260326_inspect.csv
2026-03-26 15:00:27,390  INFO      [PROC] NYSE_JPM_1W_20150101_20260326.csv
2026-03-26 15:00:27,472  INFO        ✓  407 windows × 29 features
2026-03-26 15:00:27,494  INFO        → Inspect CSV written: NYSE_JPM_1W_20150101_20260326_inspect.csv
2026-03-26 15:00:27,494  INFO      [PROC] NYSE_JPM_4H_20240405_20260326.csv
2026-03-26 15:00:27,587  INFO        ✓  972 windows × 35 features
2026-03-26 15:00:27,587  WARNING     ⚠  Regime class 0 is only 2.7% of samples
2026-03-26 15:00:27,587  WARNING     ⚠  Regime class 2 is only 0.2% of samples
2026-03-26 15:00:27,587  WARNING     ⚠  Regime class 5 is only 2.0% of samples
2026-03-26 15:00:27,664  INFO        → Inspect CSV written: NYSE_JPM_4H_20240405_20260326_inspect.csv
2026-03-26 15:00:27,665  INFO      [PROC] NYSE_META_1D_20150101_20260326.csv
2026-03-26 15:00:27,787  INFO        ✓  2644 windows × 29 features
2026-03-26 15:00:27,788  WARNING     ⚠  Regime class 1 is only 4.9% of samples
2026-03-26 15:00:27,788  WARNING     ⚠  Regime class 3 is only 0.3% of samples
2026-03-26 15:00:27,945  INFO        → Inspect CSV written: NYSE_META_1D_20150101_20260326_inspect.csv
2026-03-26 15:00:27,945  INFO      [PROC] NYSE_META_1H_20240405_20260326.csv
2026-03-26 15:00:28,099  INFO        ✓  3255 windows × 35 features
2026-03-26 15:00:28,100  WARNING     ⚠  Regime class 2 is only 0.2% of samples
2026-03-26 15:00:28,100  WARNING     ⚠  Regime class 5 is only 1.0% of samples
2026-03-26 15:00:28,267  INFO        → Inspect CSV written: NYSE_META_1H_20240405_20260326_inspect.csv
2026-03-26 15:00:28,268  INFO      [PROC] NYSE_META_1W_20150101_20260326.csv
2026-03-26 15:00:28,347  INFO        ✓  407 windows × 29 features
2026-03-26 15:00:28,369  INFO        → Inspect CSV written: NYSE_META_1W_20150101_20260326_inspect.csv
2026-03-26 15:00:28,369  INFO      [PROC] NYSE_META_4H_20240405_20260326.csv
2026-03-26 15:00:28,459  INFO        ✓  972 windows × 35 features
2026-03-26 15:00:28,459  WARNING     ⚠  Regime class 0 is only 0.4% of samples
2026-03-26 15:00:28,459  WARNING     ⚠  Regime class 2 is only 0.6% of samples
2026-03-26 15:00:28,459  WARNING     ⚠  Regime class 3 is only 1.9% of samples
2026-03-26 15:00:28,520  INFO        → Inspect CSV written: NYSE_META_4H_20240405_20260326_inspect.csv
2026-03-26 15:00:28,521  INFO      [PROC] NYSE_MSFT_1D_20150101_20260326.csv
2026-03-26 15:00:28,709  INFO        ✓  2644 windows × 29 features
2026-03-26 15:00:28,711  WARNING     ⚠  Regime class 3 is only 1.2% of samples
2026-03-26 15:00:28,924  INFO        → Inspect CSV written: NYSE_MSFT_1D_20150101_20260326_inspect.csv
2026-03-26 15:00:28,924  INFO      [PROC] NYSE_MSFT_1H_20240405_20260326.csv
2026-03-26 15:00:29,115  INFO        ✓  3255 windows × 35 features
2026-03-26 15:00:29,115  WARNING     ⚠  Regime class 1 is only 1.2% of samples
2026-03-26 15:00:29,116  WARNING     ⚠  Regime class 2 is only 0.1% of samples
2026-03-26 15:00:29,386  INFO        → Inspect CSV written: NYSE_MSFT_1H_20240405_20260326_inspect.csv
2026-03-26 15:00:29,386  INFO      [PROC] NYSE_MSFT_1W_20150101_20260326.csv
2026-03-26 15:00:29,464  INFO        ✓  407 windows × 29 features
2026-03-26 15:00:29,492  INFO        → Inspect CSV written: NYSE_MSFT_1W_20150101_20260326_inspect.csv
2026-03-26 15:00:29,492  INFO      [PROC] NYSE_MSFT_4H_20240405_20260326.csv
2026-03-26 15:00:29,589  INFO        ✓  972 windows × 35 features
2026-03-26 15:00:29,589  WARNING     ⚠  Regime class 2 is only 0.8% of samples
2026-03-26 15:00:29,589  WARNING     ⚠  Regime class 5 is only 1.4% of samples
2026-03-26 15:00:29,654  INFO        → Inspect CSV written: NYSE_MSFT_4H_20240405_20260326_inspect.csv
2026-03-26 15:00:29,654  INFO      [PROC] NYSE_NVDA_1D_20150101_20260326.csv
2026-03-26 15:00:29,789  INFO        ✓  2644 windows × 29 features
2026-03-26 15:00:29,789  WARNING     ⚠  Regime class 1 is only 0.6% of samples
2026-03-26 15:00:29,934  INFO        → Inspect CSV written: NYSE_NVDA_1D_20150101_20260326_inspect.csv
2026-03-26 15:00:29,934  INFO      [PROC] NYSE_NVDA_1H_20240405_20260326.csv
2026-03-26 15:00:30,140  INFO        ✓  3255 windows × 35 features
2026-03-26 15:00:30,141  WARNING     ⚠  Regime class 2 is only 0.8% of samples
2026-03-26 15:00:30,141  WARNING     ⚠  Regime class 5 is only 3.4% of samples
2026-03-26 15:00:30,364  INFO        → Inspect CSV written: NYSE_NVDA_1H_20240405_20260326_inspect.csv
2026-03-26 15:00:30,364  INFO      [PROC] NYSE_NVDA_1W_20150101_20260326.csv
2026-03-26 15:00:30,437  INFO        ✓  407 windows × 29 features
2026-03-26 15:00:30,462  INFO        → Inspect CSV written: NYSE_NVDA_1W_20150101_20260326_inspect.csv
2026-03-26 15:00:30,462  INFO      [PROC] NYSE_NVDA_4H_20240405_20260326.csv
2026-03-26 15:00:30,557  INFO        ✓  972 windows × 35 features
2026-03-26 15:00:30,558  WARNING     ⚠  Regime class 3 is only 0.2% of samples
2026-03-26 15:00:30,624  INFO        → Inspect CSV written: NYSE_NVDA_4H_20240405_20260326_inspect.csv
2026-03-26 15:00:30,624  INFO      [PROC] NYSE_PG_1D_20150101_20260326.csv
2026-03-26 15:00:30,791  INFO        ✓  2644 windows × 29 features
2026-03-26 15:00:30,791  WARNING     ⚠  Regime class 0 is only 1.2% of samples
2026-03-26 15:00:30,792  WARNING     ⚠  Regime class 2 is only 1.3% of samples
2026-03-26 15:00:30,792  WARNING     ⚠  Regime class 5 is only 2.8% of samples
2026-03-26 15:00:30,931  INFO        → Inspect CSV written: NYSE_PG_1D_20150101_20260326_inspect.csv
2026-03-26 15:00:30,932  INFO      [PROC] NYSE_PG_1H_20240405_20260326.csv
2026-03-26 15:00:31,146  INFO        ✓  3255 windows × 35 features
2026-03-26 15:00:31,146  WARNING     ⚠  Regime class 1 is only 0.6% of samples
2026-03-26 15:00:31,146  WARNING     ⚠  Regime class 4 is only 1.3% of samples
2026-03-26 15:00:31,464  INFO        → Inspect CSV written: NYSE_PG_1H_20240405_20260326_inspect.csv
2026-03-26 15:00:31,465  INFO      [PROC] NYSE_PG_1W_20150101_20260326.csv
2026-03-26 15:00:31,573  INFO        ✓  407 windows × 29 features
2026-03-26 15:00:31,574  WARNING     ⚠  Regime class 4 is only 2.5% of samples
2026-03-26 15:00:31,623  INFO        → Inspect CSV written: NYSE_PG_1W_20150101_20260326_inspect.csv
2026-03-26 15:00:31,624  INFO      [PROC] NYSE_PG_4H_20240405_20260326.csv
2026-03-26 15:00:31,878  INFO        ✓  972 windows × 35 features
2026-03-26 15:00:31,975  INFO        → Inspect CSV written: NYSE_PG_4H_20240405_20260326_inspect.csv
2026-03-26 15:00:31,976  INFO      [PROC] NYSE_TSLA_1D_20150101_20260326.csv
2026-03-26 15:00:32,348  INFO        ✓  2644 windows × 29 features
2026-03-26 15:00:32,348  WARNING     ⚠  Regime class 1 is only 0.6% of samples
2026-03-26 15:00:32,348  WARNING     ⚠  Regime class 4 is only 2.5% of samples
2026-03-26 15:00:32,562  INFO        → Inspect CSV written: NYSE_TSLA_1D_20150101_20260326_inspect.csv
2026-03-26 15:00:32,562  INFO      [PROC] NYSE_TSLA_1H_20240405_20260326.csv
2026-03-26 15:00:32,956  INFO        ✓  3255 windows × 35 features
2026-03-26 15:00:32,957  WARNING     ⚠  Regime class 0 is only 2.2% of samples
2026-03-26 15:00:32,957  WARNING     ⚠  Regime class 2 is only 0.6% of samples
2026-03-26 15:00:33,303  INFO        → Inspect CSV written: NYSE_TSLA_1H_20240405_20260326_inspect.csv
2026-03-26 15:00:33,303  INFO      [PROC] NYSE_TSLA_1W_20150101_20260326.csv
2026-03-26 15:00:33,666  INFO        ✓  407 windows × 29 features
2026-03-26 15:00:33,699  INFO        → Inspect CSV written: NYSE_TSLA_1W_20150101_20260326_inspect.csv
2026-03-26 15:00:33,700  INFO      [PROC] NYSE_TSLA_4H_20240405_20260326.csv
2026-03-26 15:00:33,849  INFO        ✓  972 windows × 35 features
2026-03-26 15:00:33,946  INFO        → Inspect CSV written: NYSE_TSLA_4H_20240405_20260326_inspect.csv
2026-03-26 15:00:33,947  INFO      [PROC] NYSE_UNH_1D_20150101_20260326.csv
2026-03-26 15:00:34,191  INFO        ✓  2644 windows × 29 features
2026-03-26 15:00:34,192  WARNING     ⚠  Regime class 3 is only 1.0% of samples
2026-03-26 15:00:34,414  INFO        → Inspect CSV written: NYSE_UNH_1D_20150101_20260326_inspect.csv
2026-03-26 15:00:34,415  INFO      [PROC] NYSE_UNH_1H_20240405_20260326.csv
2026-03-26 15:00:34,719  INFO        ✓  3255 windows × 35 features
2026-03-26 15:00:34,720  WARNING     ⚠  Regime class 1 is only 4.4% of samples
2026-03-26 15:00:34,720  WARNING     ⚠  Regime class 5 is only 1.4% of samples
2026-03-26 15:00:35,001  INFO        → Inspect CSV written: NYSE_UNH_1H_20240405_20260326_inspect.csv
2026-03-26 15:00:35,001  INFO      [PROC] NYSE_UNH_1W_20150101_20260326.csv
2026-03-26 15:00:35,127  INFO        ✓  407 windows × 29 features
2026-03-26 15:00:35,165  INFO        → Inspect CSV written: NYSE_UNH_1W_20150101_20260326_inspect.csv
2026-03-26 15:00:35,166  INFO      [PROC] NYSE_UNH_4H_20240405_20260326.csv
2026-03-26 15:00:35,335  INFO        ✓  972 windows × 35 features
2026-03-26 15:00:35,335  WARNING     ⚠  Regime class 0 is only 0.4% of samples
2026-03-26 15:00:35,335  WARNING     ⚠  Regime class 2 is only 1.3% of samples
2026-03-26 15:00:35,336  WARNING     ⚠  Regime class 3 is only 3.2% of samples
2026-03-26 15:00:35,457  INFO        → Inspect CSV written: NYSE_UNH_4H_20240405_20260326_inspect.csv
2026-03-26 15:00:35,458  INFO      [PROC] NYSE_V_1D_20150101_20260326.csv
2026-03-26 15:00:35,749  INFO        ✓  2644 windows × 29 features
2026-03-26 15:00:35,750  WARNING     ⚠  Regime class 0 is only 0.3% of samples
2026-03-26 15:00:35,750  WARNING     ⚠  Regime class 3 is only 2.8% of samples
2026-03-26 15:00:35,881  INFO        → Inspect CSV written: NYSE_V_1D_20150101_20260326_inspect.csv
2026-03-26 15:00:35,881  INFO      [PROC] NYSE_V_1H_20240405_20260326.csv
2026-03-26 15:00:36,095  INFO        ✓  3255 windows × 35 features
2026-03-26 15:00:36,095  WARNING     ⚠  Regime class 1 is only 0.4% of samples
2026-03-26 15:00:36,095  WARNING     ⚠  Regime class 4 is only 3.5% of samples
2026-03-26 15:00:36,095  WARNING     ⚠  Regime class 5 is only 0.0% of samples
2026-03-26 15:00:36,305  INFO        → Inspect CSV written: NYSE_V_1H_20240405_20260326_inspect.csv
2026-03-26 15:00:36,305  INFO      [PROC] NYSE_V_1W_20150101_20260326.csv
2026-03-26 15:00:36,385  INFO        ✓  407 windows × 29 features
2026-03-26 15:00:36,385  WARNING     ⚠  Regime class 4 is only 0.5% of samples
2026-03-26 15:00:36,414  INFO        → Inspect CSV written: NYSE_V_1W_20150101_20260326_inspect.csv
2026-03-26 15:00:36,415  INFO      [PROC] NYSE_V_4H_20240405_20260326.csv
2026-03-26 15:00:36,509  INFO        ✓  972 windows × 35 features
2026-03-26 15:00:36,509  WARNING     ⚠  Regime class 2 is only 0.1% of samples
2026-03-26 15:00:36,509  WARNING     ⚠  Regime class 5 is only 1.4% of samples
2026-03-26 15:00:36,585  INFO        → Inspect CSV written: NYSE_V_4H_20240405_20260326_inspect.csv
2026-03-26 15:00:36,585  INFO      [PROC] NYSE_XOM_1D_20150101_20260326.csv
2026-03-26 15:00:36,726  INFO        ✓  2644 windows × 29 features
2026-03-26 15:00:36,727  WARNING     ⚠  Regime class 0 is only 0.6% of samples
2026-03-26 15:00:36,727  WARNING     ⚠  Regime class 3 is only 3.3% of samples
2026-03-26 15:00:36,887  INFO        → Inspect CSV written: NYSE_XOM_1D_20150101_20260326_inspect.csv
2026-03-26 15:00:36,887  INFO      [PROC] NYSE_XOM_1H_20240405_20260326.csv
2026-03-26 15:00:37,055  INFO        ✓  3255 windows × 35 features
2026-03-26 15:00:37,055  WARNING     ⚠  Regime class 1 is only 1.9% of samples
2026-03-26 15:00:37,055  WARNING     ⚠  Regime class 5 is only 0.1% of samples
2026-03-26 15:00:37,243  INFO        → Inspect CSV written: NYSE_XOM_1H_20240405_20260326_inspect.csv
2026-03-26 15:00:37,244  INFO      [PROC] NYSE_XOM_1W_20150101_20260326.csv
2026-03-26 15:00:37,321  INFO        ✓  407 windows × 29 features
2026-03-26 15:00:37,345  INFO        → Inspect CSV written: NYSE_XOM_1W_20150101_20260326_inspect.csv
2026-03-26 15:00:37,345  INFO      [PROC] NYSE_XOM_4H_20240405_20260326.csv
2026-03-26 15:00:37,437  INFO        ✓  972 windows × 35 features
2026-03-26 15:00:37,438  WARNING     ⚠  Regime class 2 is only 1.0% of samples
2026-03-26 15:00:37,438  WARNING     ⚠  Regime class 5 is only 0.9% of samples
2026-03-26 15:00:37,544  INFO        → Inspect CSV written: NYSE_XOM_4H_20240405_20260326_inspect.csv
2026-03-26 15:00:37,545  INFO      [PROC] SP500_GSPC_1D_20150101_20260326.csv
2026-03-26 15:00:37,676  INFO        ✓  2644 windows × 29 features
2026-03-26 15:00:37,677  WARNING     ⚠  Regime class 0 is only 3.1% of samples
2026-03-26 15:00:37,677  WARNING     ⚠  Regime class 2 is only 0.2% of samples
2026-03-26 15:00:37,677  WARNING     ⚠  Regime class 5 is only 3.8% of samples
2026-03-26 15:00:37,920  INFO        → Inspect CSV written: SP500_GSPC_1D_20150101_20260326_inspect.csv
2026-03-26 15:00:37,920  INFO      [PROC] SP500_GSPC_1H_20240405_20260326.csv
2026-03-26 15:00:38,271  INFO        ✓  3255 windows × 35 features
2026-03-26 15:00:38,271  WARNING     ⚠  Regime class 1 is only 0.2% of samples
2026-03-26 15:00:38,271  WARNING     ⚠  Regime class 4 is only 1.8% of samples
2026-03-26 15:00:38,271  WARNING     ⚠  Regime class 5 is only 0.0% of samples
2026-03-26 15:00:38,443  INFO        → Inspect CSV written: SP500_GSPC_1H_20240405_20260326_inspect.csv
2026-03-26 15:00:38,443  INFO      [PROC] SP500_GSPC_1W_20150101_20260326.csv
2026-03-26 15:00:39,073  INFO        ✓  407 windows × 29 features
2026-03-26 15:00:39,073  WARNING     ⚠  Regime class 1 is only 0.2% of samples
2026-03-26 15:00:39,119  INFO        → Inspect CSV written: SP500_GSPC_1W_20150101_20260326_inspect.csv
2026-03-26 15:00:39,119  INFO      [PROC] SP500_GSPC_4H_20240405_20260326.csv
2026-03-26 15:00:39,424  INFO        ✓  972 windows × 35 features
2026-03-26 15:00:39,424  WARNING     ⚠  Regime class 1 is only 2.8% of samples
2026-03-26 15:00:39,425  WARNING     ⚠  Regime class 5 is only 1.3% of samples
2026-03-26 15:00:39,528  INFO        → Inspect CSV written: SP500_GSPC_4H_20240405_20260326_inspect.csv
2026-03-26 15:00:39,532  INFO      [PROC] TSX_CNRTO_1D_20150101_20260326.csv
2026-03-26 15:00:40,026  INFO        ✓  2639 windows × 29 features
2026-03-26 15:00:40,027  WARNING     ⚠  Regime class 0 is only 0.1% of samples
2026-03-26 15:00:40,027  WARNING     ⚠  Regime class 2 is only 2.0% of samples
2026-03-26 15:00:40,027  WARNING     ⚠  Regime class 3 is only 0.3% of samples
2026-03-26 15:00:40,027  WARNING     ⚠  Regime class 5 is only 4.7% of samples
2026-03-26 15:00:40,217  INFO        → Inspect CSV written: TSX_CNRTO_1D_20150101_20260326_inspect.csv
2026-03-26 15:00:40,217  INFO      [PROC] TSX_CNRTO_1H_20240405_20260326.csv
2026-03-26 15:00:40,382  INFO        ✓  3274 windows × 35 features
2026-03-26 15:00:40,382  WARNING     ⚠  Regime class 1 is only 1.1% of samples
2026-03-26 15:00:40,382  WARNING     ⚠  Regime class 4 is only 2.4% of samples
2026-03-26 15:00:40,554  INFO        → Inspect CSV written: TSX_CNRTO_1H_20240405_20260326_inspect.csv
2026-03-26 15:00:40,554  INFO      [PROC] TSX_CNRTO_1W_20150101_20260326.csv
2026-03-26 15:00:40,631  INFO        ✓  407 windows × 29 features
2026-03-26 15:00:40,657  INFO        → Inspect CSV written: TSX_CNRTO_1W_20150101_20260326_inspect.csv
2026-03-26 15:00:40,657  INFO      [PROC] TSX_CNRTO_4H_20240405_20260326.csv
2026-03-26 15:00:40,749  INFO        ✓  980 windows × 35 features
2026-03-26 15:00:40,749  WARNING     ⚠  Regime class 2 is only 0.3% of samples
2026-03-26 15:00:40,749  WARNING     ⚠  Regime class 5 is only 0.6% of samples
2026-03-26 15:00:40,841  INFO        → Inspect CSV written: TSX_CNRTO_4H_20240405_20260326_inspect.csv
2026-03-26 15:00:40,841  INFO      [PROC] TSX_MFCTO_1D_20150101_20260326.csv
2026-03-26 15:00:41,003  INFO        ✓  2639 windows × 29 features
2026-03-26 15:00:41,004  WARNING     ⚠  Regime class 0 is only 0.2% of samples
2026-03-26 15:00:41,004  WARNING     ⚠  Regime class 2 is only 2.2% of samples
2026-03-26 15:00:41,004  WARNING     ⚠  Regime class 3 is only 0.3% of samples
2026-03-26 15:00:41,138  INFO        → Inspect CSV written: TSX_MFCTO_1D_20150101_20260326_inspect.csv
2026-03-26 15:00:41,138  INFO      [PROC] TSX_MFCTO_1H_20240405_20260326.csv
2026-03-26 15:00:41,420  INFO        ✓  3274 windows × 35 features
2026-03-26 15:00:41,420  WARNING     ⚠  Regime class 1 is only 0.4% of samples
2026-03-26 15:00:41,420  WARNING     ⚠  Regime class 4 is only 4.1% of samples
2026-03-26 15:00:41,421  WARNING     ⚠  Regime class 5 is only 0.3% of samples
2026-03-26 15:00:41,769  INFO        → Inspect CSV written: TSX_MFCTO_1H_20240405_20260326_inspect.csv
2026-03-26 15:00:41,769  INFO      [PROC] TSX_MFCTO_1W_20150101_20260326.csv
2026-03-26 15:00:42,000  INFO        ✓  407 windows × 29 features
2026-03-26 15:00:42,039  INFO        → Inspect CSV written: TSX_MFCTO_1W_20150101_20260326_inspect.csv
2026-03-26 15:00:42,039  INFO      [PROC] TSX_MFCTO_4H_20240405_20260326.csv
2026-03-26 15:00:42,201  INFO        ✓  980 windows × 35 features
2026-03-26 15:00:42,202  WARNING     ⚠  Regime class 5 is only 1.9% of samples
2026-03-26 15:00:42,286  INFO        → Inspect CSV written: TSX_MFCTO_4H_20240405_20260326_inspect.csv
2026-03-26 15:00:42,288  INFO      [PROC] TSX_RYTO_1D_20150101_20260326.csv
2026-03-26 15:00:42,495  INFO        ✓  2639 windows × 29 features
2026-03-26 15:00:42,495  WARNING     ⚠  Regime class 0 is only 3.4% of samples
2026-03-26 15:00:42,496  WARNING     ⚠  Regime class 2 is only 0.2% of samples
2026-03-26 15:00:42,496  WARNING     ⚠  Regime class 5 is only 3.8% of samples
2026-03-26 15:00:42,633  INFO        → Inspect CSV written: TSX_RYTO_1D_20150101_20260326_inspect.csv
2026-03-26 15:00:42,634  INFO      [PROC] TSX_RYTO_1H_20240405_20260326.csv
2026-03-26 15:00:42,786  INFO        ✓  3274 windows × 35 features
2026-03-26 15:00:42,786  WARNING     ⚠  Regime class 1 is only 0.2% of samples
2026-03-26 15:00:42,786  WARNING     ⚠  Regime class 4 is only 1.5% of samples
2026-03-26 15:00:42,977  INFO        → Inspect CSV written: TSX_RYTO_1H_20240405_20260326_inspect.csv
2026-03-26 15:00:42,977  INFO      [PROC] TSX_RYTO_1W_20150101_20260326.csv
2026-03-26 15:00:43,051  INFO        ✓  407 windows × 29 features
2026-03-26 15:00:43,051  WARNING     ⚠  Regime class 1 is only 3.9% of samples
2026-03-26 15:00:43,073  INFO        → Inspect CSV written: TSX_RYTO_1W_20150101_20260326_inspect.csv
2026-03-26 15:00:43,073  INFO      [PROC] TSX_RYTO_4H_20240405_20260326.csv
2026-03-26 15:00:43,240  INFO        ✓  980 windows × 35 features
2026-03-26 15:00:43,241  WARNING     ⚠  Regime class 1 is only 2.3% of samples
2026-03-26 15:00:43,241  WARNING     ⚠  Regime class 5 is only 0.5% of samples
2026-03-26 15:00:43,291  INFO        → Inspect CSV written: TSX_RYTO_4H_20240405_20260326_inspect.csv
2026-03-26 15:00:43,291  INFO      [PROC] TSX_SUTO_1D_20150101_20260326.csv
2026-03-26 15:00:43,424  INFO        ✓  2639 windows × 29 features
2026-03-26 15:00:43,551  INFO        → Inspect CSV written: TSX_SUTO_1D_20150101_20260326_inspect.csv
2026-03-26 15:00:43,551  INFO      [PROC] TSX_SUTO_1H_20240405_20260326.csv
2026-03-26 15:00:43,696  INFO        ✓  3274 windows × 35 features
2026-03-26 15:00:43,697  WARNING     ⚠  Regime class 1 is only 1.3% of samples
2026-03-26 15:00:43,697  WARNING     ⚠  Regime class 5 is only 0.4% of samples
2026-03-26 15:00:43,905  INFO        → Inspect CSV written: TSX_SUTO_1H_20240405_20260326_inspect.csv
2026-03-26 15:00:43,905  INFO      [PROC] TSX_SUTO_1W_20150101_20260326.csv
2026-03-26 15:00:43,977  INFO        ✓  407 windows × 29 features
2026-03-26 15:00:44,001  INFO        → Inspect CSV written: TSX_SUTO_1W_20150101_20260326_inspect.csv
2026-03-26 15:00:44,001  INFO      [PROC] TSX_SUTO_4H_20240405_20260326.csv
2026-03-26 15:00:44,092  INFO        ✓  980 windows × 35 features
2026-03-26 15:00:44,092  WARNING     ⚠  Regime class 0 is only 3.0% of samples
2026-03-26 15:00:44,093  WARNING     ⚠  Regime class 2 is only 0.2% of samples
2026-03-26 15:00:44,093  WARNING     ⚠  Regime class 5 is only 1.9% of samples
2026-03-26 15:00:44,173  INFO        → Inspect CSV written: TSX_SUTO_4H_20240405_20260326_inspect.csv
2026-03-26 15:00:44,173  INFO      [PROC] TSX_TDTO_1D_20150101_20260326.csv
2026-03-26 15:00:44,325  INFO        ✓  2639 windows × 29 features
2026-03-26 15:00:44,326  WARNING     ⚠  Regime class 0 is only 3.3% of samples
2026-03-26 15:00:44,326  WARNING     ⚠  Regime class 2 is only 0.8% of samples
2026-03-26 15:00:44,326  WARNING     ⚠  Regime class 5 is only 3.1% of samples
2026-03-26 15:00:44,587  INFO        → Inspect CSV written: TSX_TDTO_1D_20150101_20260326_inspect.csv
2026-03-26 15:00:44,587  INFO      [PROC] TSX_TDTO_1H_20240405_20260326.csv
2026-03-26 15:00:44,895  INFO        ✓  3274 windows × 35 features
2026-03-26 15:00:44,896  WARNING     ⚠  Regime class 1 is only 0.2% of samples
2026-03-26 15:00:44,896  WARNING     ⚠  Regime class 4 is only 1.9% of samples
2026-03-26 15:00:45,162  INFO        → Inspect CSV written: TSX_TDTO_1H_20240405_20260326_inspect.csv
2026-03-26 15:00:45,162  INFO      [PROC] TSX_TDTO_1W_20150101_20260326.csv
2026-03-26 15:00:45,444  INFO        ✓  407 windows × 29 features
2026-03-26 15:00:45,445  WARNING     ⚠  Regime class 1 is only 3.2% of samples
2026-03-26 15:00:45,485  INFO        → Inspect CSV written: TSX_TDTO_1W_20150101_20260326_inspect.csv
2026-03-26 15:00:45,485  INFO      [PROC] TSX_TDTO_4H_20240405_20260326.csv
2026-03-26 15:00:45,640  INFO        ✓  980 windows × 35 features
2026-03-26 15:00:45,641  WARNING     ⚠  Regime class 1 is only 4.9% of samples
2026-03-26 15:00:45,641  WARNING     ⚠  Regime class 5 is only 0.1% of samples
2026-03-26 15:00:45,758  INFO        → Inspect CSV written: TSX_TDTO_4H_20240405_20260326_inspect.csv
2026-03-26 15:00:45,758  INFO      ============================================================
2026-03-26 15:00:45,758  INFO      Feature engineering complete.
2026-03-26 15:00:45,759  INFO        Processed : 189 files
2026-03-26 15:00:45,759  INFO        Skipped   : 47 files
2026-03-26 15:00:45,759  INFO        Skipped list: ['ASX_ANZAX_1H_20240405_20260326.csv', 'ASX_ANZAX_1W_20150101_20260326.csv', 'ASX_BHPAX_1H_20240405_20260326.csv', 'ASX_BHPAX_1W_20150101_20260326.csv', 'ASX_CBAAX_1H_20240405_20260326.csv', 'ASX_CBAAX_1W_20150101_20260326.csv', 'ASX_CSLAX_1H_20240405_20260326.csv', 'ASX_CSLAX_1W_20150101_20260326.csv', 'ASX_WBCAX_1H_20240405_20260326.csv', 'ASX_WBCAX_1W_20150101_20260326.csv', 'CRYPTO_BTC-USD_1H_20240405_20260326.csv', 'CRYPTO_ETH-USD_1H_20240405_20260326.csv', 'CRYPTO_ETH-USD_1W_20150101_20260326.csv', 'DAX_GDAXI_1H_20240405_20260326.csv', 'DAX_GDAXI_1W_20150101_20260326.csv', 'EURONEXT_ASMLAS_1H_20240405_20260326.csv', 'EURONEXT_ASMLAS_1W_20150101_20260326.csv', 'EURONEXT_MCPA_1H_20240405_20260326.csv', 'EURONEXT_MCPA_1W_20150101_20260326.csv', 'EURONEXT_SAPDE_1H_20240405_20260326.csv', 'EURONEXT_SAPDE_1W_20150101_20260326.csv', 'EURONEXT_SIEDE_1H_20240405_20260326.csv', 'EURONEXT_SIEDE_1W_20150101_20260326.csv', 'EURONEXT_TTEPA_1H_20240405_20260326.csv', 'EURONEXT_TTEPA_1W_20150101_20260326.csv', 'FOREXCOM_AUDNZDX_1H_20240405_20260326.csv', 'FOREXCOM_AUDUSDX_1H_20240405_20260326.csv', 'FOREXCOM_EURCHFX_1H_20240405_20260326.csv', 'FOREXCOM_EURGBPX_1H_20240405_20260326.csv', 'FOREXCOM_EURUSDX_1H_20240405_20260326.csv', 'FOREXCOM_GBPJPYX_1H_20240405_20260326.csv', 'FOREXCOM_GBPUSDX_1H_20240405_20260326.csv', 'FOREXCOM_USDCADX_1H_20240405_20260326.csv', 'FOREXCOM_USDCHFX_1H_20240405_20260326.csv', 'FOREXCOM_USDJPYX_1H_20240405_20260326.csv', 'FTSE_FTSE_1H_20240405_20260326.csv', 'HSI_HSI_1H_20240405_20260326.csv', 'HSI_HSI_1W_20150101_20260326.csv', 'HSI_HSI_4H_20240405_20260326.csv', 'LSE_AZNL_1H_20240405_20260326.csv', 'LSE_BPL_1H_20240405_20260326.csv', 'LSE_GSKL_1H_20240405_20260326.csv', 'LSE_HSBAL_1H_20240405_20260326.csv', 'LSE_SHELL_1H_20240405_20260326.csv', 'NIKKEI_N225_1H_20240405_20260326.csv', 'NIKKEI_N225_1W_20150101_20260326.csv', 'NIKKEI_N225_4H_20240405_20260326.csv']
2026-03-26 15:00:45,759  INFO        ✓  No NaN or Inf values detected in any output array.
2026-03-26 15:00:45,759  INFO        Total training windows: 359357
2026-03-26 15:00:46,156  INFO      
Global regime class distribution:
2026-03-26 15:00:46,157  INFO        Class 0: 33263 samples  (  9.3%)
2026-03-26 15:00:46,157  INFO        Class 1: 31380 samples  (  8.7%)
2026-03-26 15:00:46,157  INFO        Class 2: 13982 samples  (  3.9%) ⚠  BELOW 5%
2026-03-26 15:00:46,158  INFO        Class 3: 121299 samples  ( 33.8%)
2026-03-26 15:00:46,158  INFO        Class 4: 113241 samples  ( 31.5%)
2026-03-26 15:00:46,159  INFO        Class 5: 46192 samples  ( 12.9%)
2026-03-26 15:00:46,159  INFO      
Feature columns (29 total):
2026-03-26 15:00:46,159  INFO        - log_return
2026-03-26 15:00:46,159  INFO        - body_ratio
2026-03-26 15:00:46,159  INFO        - upper_wick_ratio
2026-03-26 15:00:46,159  INFO        - lower_wick_ratio
2026-03-26 15:00:46,159  INFO        - range_zscore
2026-03-26 15:00:46,159  INFO        - volume_zscore
2026-03-26 15:00:46,159  INFO        - volume_delta
2026-03-26 15:00:46,159  INFO        - gap
2026-03-26 15:00:46,159  INFO        - atr7_norm
2026-03-26 15:00:46,159  INFO        - atr14_norm
2026-03-26 15:00:46,159  INFO        - atr28_norm
2026-03-26 15:00:46,159  INFO        - atr_ratio
2026-03-26 15:00:46,159  INFO        - rsi14
2026-03-26 15:00:46,160  INFO        - rsi28
2026-03-26 15:00:46,160  INFO        - macd_hist
2026-03-26 15:00:46,160  INFO        - roc_5
2026-03-26 15:00:46,160  INFO        - roc_10
2026-03-26 15:00:46,160  INFO        - roc_20
2026-03-26 15:00:46,160  INFO        - roc_60
2026-03-26 15:00:46,160  INFO        - bb_position
2026-03-26 15:00:46,160  INFO        - dist_sma20
2026-03-26 15:00:46,160  INFO        - dist_sma50
2026-03-26 15:00:46,160  INFO        - range_percentile
2026-03-26 15:00:46,160  INFO        - corr_index
2026-03-26 15:00:46,160  INFO        - dow_sin
2026-03-26 15:00:46,160  INFO        - dow_cos
2026-03-26 15:00:46,160  INFO        - month_sin
2026-03-26 15:00:46,160  INFO        - month_cos
2026-03-26 15:00:46,160  INFO        - quarter_end_flag
2026-04-02 04:20:14,763  INFO      Stage 2 Feature Engineering — Start
2026-04-02 04:20:14,837  INFO      Raw data dir  : /workspaces/cuddly-meme/data/raw
2026-04-02 04:20:14,837  INFO      Output dir    : /workspaces/cuddly-meme/data/processed
2026-04-02 04:20:14,838  INFO      Found 236 CSV files
2026-04-02 04:20:14,957  INFO      [IDX]  Loaded index ref for 1D: SP500_GSPC_1D_20150101_20260326.csv
2026-04-02 04:20:15,017  INFO      [IDX]  Loaded index ref for 1W: SP500_GSPC_1W_20150101_20260326.csv
2026-04-02 04:20:15,037  INFO      [IDX]  Loaded index ref for 1H: SP500_GSPC_1H_20240405_20260326.csv
2026-04-02 04:20:15,048  INFO      [IDX]  Loaded index ref for 4H: SP500_GSPC_4H_20240405_20260326.csv
2026-04-02 04:20:15,048  INFO      [PROC] ASX_ANZAX_1D_20150101_20260326.csv
2026-04-02 04:20:15,462  INFO        ✓  2664 windows × 42 features
2026-04-02 04:20:15,463  WARNING     ⚠  Regime class 0 is only 0.3% of samples
2026-04-02 04:20:15,463  WARNING     ⚠  Regime class 2 is only 1.4% of samples
2026-04-02 04:20:15,463  WARNING     ⚠  Regime class 3 is only 1.0% of samples
2026-04-02 04:20:15,962  INFO        → Inspect CSV written: ASX_ANZAX_1D_20150101_20260326_inspect.csv
2026-04-02 04:20:15,962  INFO      [PROC] ASX_ANZAX_1H_20240405_20260326.csv
2026-04-02 04:20:16,205  WARNING     ✗  No valid windows produced for ASX_ANZAX_1H_20240405_20260326.csv
2026-04-02 04:20:16,205  INFO      [PROC] ASX_ANZAX_1W_20150101_20260326.csv
2026-04-02 04:20:16,309  WARNING     ✗  No valid windows produced for ASX_ANZAX_1W_20150101_20260326.csv
2026-04-02 04:20:16,309  INFO      [PROC] ASX_ANZAX_4H_20240405_20260326.csv
2026-04-02 04:20:16,484  INFO        ✓  341 windows × 48 features
2026-04-02 04:20:16,509  INFO        → Inspect CSV written: ASX_ANZAX_4H_20240405_20260326_inspect.csv
2026-04-02 04:20:16,510  INFO      [PROC] ASX_BHPAX_1D_20150101_20260326.csv
2026-04-02 04:20:16,758  INFO        ✓  2664 windows × 42 features
2026-04-02 04:20:16,758  WARNING     ⚠  Regime class 2 is only 3.0% of samples
2026-04-02 04:20:16,911  INFO        → Inspect CSV written: ASX_BHPAX_1D_20150101_20260326_inspect.csv
2026-04-02 04:20:16,912  INFO      [PROC] ASX_BHPAX_1H_20240405_20260326.csv
2026-04-02 04:20:17,170  WARNING     ✗  No valid windows produced for ASX_BHPAX_1H_20240405_20260326.csv
2026-04-02 04:20:17,171  INFO      [PROC] ASX_BHPAX_1W_20150101_20260326.csv
2026-04-02 04:20:17,308  WARNING     ✗  No valid windows produced for ASX_BHPAX_1W_20150101_20260326.csv
2026-04-02 04:20:17,309  INFO      [PROC] ASX_BHPAX_4H_20240405_20260326.csv
2026-04-02 04:20:17,502  INFO        ✓  341 windows × 48 features
2026-04-02 04:20:17,502  WARNING     ⚠  Regime class 2 is only 0.3% of samples
2026-04-02 04:20:17,528  INFO        → Inspect CSV written: ASX_BHPAX_4H_20240405_20260326_inspect.csv
2026-04-02 04:20:17,528  INFO      [PROC] ASX_CBAAX_1D_20150101_20260326.csv
2026-04-02 04:20:17,777  INFO        ✓  2664 windows × 42 features
2026-04-02 04:20:17,778  WARNING     ⚠  Regime class 0 is only 0.4% of samples
2026-04-02 04:20:17,778  WARNING     ⚠  Regime class 2 is only 0.8% of samples
2026-04-02 04:20:17,778  WARNING     ⚠  Regime class 3 is only 2.6% of samples
2026-04-02 04:20:17,778  WARNING     ⚠  Regime class 5 is only 4.6% of samples
2026-04-02 04:20:17,927  INFO        → Inspect CSV written: ASX_CBAAX_1D_20150101_20260326_inspect.csv
2026-04-02 04:20:17,928  INFO      [PROC] ASX_CBAAX_1H_20240405_20260326.csv
2026-04-02 04:20:18,172  WARNING     ✗  No valid windows produced for ASX_CBAAX_1H_20240405_20260326.csv
2026-04-02 04:20:18,173  INFO      [PROC] ASX_CBAAX_1W_20150101_20260326.csv
2026-04-02 04:20:18,288  WARNING     ✗  No valid windows produced for ASX_CBAAX_1W_20150101_20260326.csv
2026-04-02 04:20:18,288  INFO      [PROC] ASX_CBAAX_4H_20240405_20260326.csv
2026-04-02 04:20:18,440  INFO        ✓  341 windows × 48 features
2026-04-02 04:20:18,465  INFO        → Inspect CSV written: ASX_CBAAX_4H_20240405_20260326_inspect.csv
2026-04-02 04:20:18,465  INFO      [PROC] ASX_CSLAX_1D_20150101_20260326.csv
2026-04-02 04:20:18,721  INFO        ✓  2664 windows × 42 features
2026-04-02 04:20:18,722  WARNING     ⚠  Regime class 2 is only 3.0% of samples
2026-04-02 04:20:18,872  INFO        → Inspect CSV written: ASX_CSLAX_1D_20150101_20260326_inspect.csv
2026-04-02 04:20:18,872  INFO      [PROC] ASX_CSLAX_1H_20240405_20260326.csv
2026-04-02 04:20:19,155  WARNING     ✗  No valid windows produced for ASX_CSLAX_1H_20240405_20260326.csv
2026-04-02 04:20:19,156  INFO      [PROC] ASX_CSLAX_1W_20150101_20260326.csv
2026-04-02 04:20:19,258  WARNING     ✗  No valid windows produced for ASX_CSLAX_1W_20150101_20260326.csv
2026-04-02 04:20:19,259  INFO      [PROC] ASX_CSLAX_4H_20240405_20260326.csv
2026-04-02 04:20:19,512  INFO        ✓  341 windows × 48 features
2026-04-02 04:20:19,512  WARNING     ⚠  Regime class 1 is only 4.4% of samples
2026-04-02 04:20:19,513  WARNING     ⚠  Regime class 5 is only 3.8% of samples
2026-04-02 04:20:19,536  INFO        → Inspect CSV written: ASX_CSLAX_4H_20240405_20260326_inspect.csv
2026-04-02 04:20:19,536  INFO      [PROC] ASX_WBCAX_1D_20150101_20260326.csv
2026-04-02 04:20:19,861  INFO        ✓  2664 windows × 42 features
2026-04-02 04:20:19,861  WARNING     ⚠  Regime class 2 is only 1.4% of samples
2026-04-02 04:20:19,861  WARNING     ⚠  Regime class 3 is only 1.7% of samples
2026-04-02 04:20:20,010  INFO        → Inspect CSV written: ASX_WBCAX_1D_20150101_20260326_inspect.csv
2026-04-02 04:20:20,011  INFO      [PROC] ASX_WBCAX_1H_20240405_20260326.csv
2026-04-02 04:20:20,280  WARNING     ✗  No valid windows produced for ASX_WBCAX_1H_20240405_20260326.csv
2026-04-02 04:20:20,280  INFO      [PROC] ASX_WBCAX_1W_20150101_20260326.csv
2026-04-02 04:20:20,418  WARNING     ✗  No valid windows produced for ASX_WBCAX_1W_20150101_20260326.csv
2026-04-02 04:20:20,418  INFO      [PROC] ASX_WBCAX_4H_20240405_20260326.csv
2026-04-02 04:20:20,581  INFO        ✓  341 windows × 48 features
2026-04-02 04:20:20,607  INFO        → Inspect CSV written: ASX_WBCAX_4H_20240405_20260326_inspect.csv
2026-04-02 04:20:20,607  INFO      [PROC] CBOT_ZWF_1D_20150101_20260326.csv
2026-04-02 04:20:20,952  INFO        ✓  2643 windows × 42 features
2026-04-02 04:20:21,104  INFO        → Inspect CSV written: CBOT_ZWF_1D_20150101_20260326_inspect.csv
2026-04-02 04:20:21,105  INFO      [PROC] CBOT_ZWF_1H_20240405_20260326.csv
2026-04-02 04:20:21,691  INFO        ✓  2326 windows × 48 features
2026-04-02 04:20:21,691  WARNING     ⚠  Regime class 1 is only 2.6% of samples
2026-04-02 04:20:21,691  WARNING     ⚠  Regime class 4 is only 3.8% of samples
2026-04-02 04:20:21,691  WARNING     ⚠  Regime class 5 is only 3.1% of samples
2026-04-02 04:20:21,831  INFO        → Inspect CSV written: CBOT_ZWF_1H_20240405_20260326_inspect.csv
2026-04-02 04:20:21,832  INFO      [PROC] CBOT_ZWF_1W_20150101_20260326.csv
2026-04-02 04:20:21,962  INFO        ✓  407 windows × 42 features
2026-04-02 04:20:21,989  INFO        → Inspect CSV written: CBOT_ZWF_1W_20150101_20260326_inspect.csv
2026-04-02 04:20:21,989  INFO      [PROC] CBOT_ZWF_4H_20240405_20260326.csv
2026-04-02 04:20:22,274  INFO        ✓  2247 windows × 48 features
2026-04-02 04:20:22,412  INFO        → Inspect CSV written: CBOT_ZWF_4H_20240405_20260326_inspect.csv
2026-04-02 04:20:22,412  INFO      [PROC] COMEX_GCF_1D_20150101_20260326.csv
2026-04-02 04:20:22,706  INFO        ✓  2643 windows × 42 features
2026-04-02 04:20:22,706  WARNING     ⚠  Regime class 2 is only 0.5% of samples
2026-04-02 04:20:22,706  WARNING     ⚠  Regime class 5 is only 1.9% of samples
2026-04-02 04:20:22,855  INFO        → Inspect CSV written: COMEX_GCF_1D_20150101_20260326_inspect.csv
2026-04-02 04:20:22,855  INFO      [PROC] COMEX_GCF_1H_20240405_20260326.csv
2026-04-02 04:20:23,670  INFO        ✓  2910 windows × 48 features
2026-04-02 04:20:23,670  WARNING     ⚠  Regime class 1 is only 2.3% of samples
2026-04-02 04:20:23,671  WARNING     ⚠  Regime class 4 is only 3.7% of samples
2026-04-02 04:20:23,844  INFO        → Inspect CSV written: COMEX_GCF_1H_20240405_20260326_inspect.csv
2026-04-02 04:20:23,845  INFO      [PROC] COMEX_GCF_1W_20150101_20260326.csv
2026-04-02 04:20:24,008  INFO        ✓  407 windows × 42 features
2026-04-02 04:20:24,037  INFO        → Inspect CSV written: COMEX_GCF_1W_20150101_20260326_inspect.csv
2026-04-02 04:20:24,037  INFO      [PROC] COMEX_GCF_4H_20240405_20260326.csv
2026-04-02 04:20:24,321  INFO        ✓  2885 windows × 48 features
2026-04-02 04:20:24,321  WARNING     ⚠  Regime class 2 is only 0.8% of samples
2026-04-02 04:20:24,321  WARNING     ⚠  Regime class 5 is only 0.8% of samples
2026-04-02 04:20:24,546  INFO        → Inspect CSV written: COMEX_GCF_4H_20240405_20260326_inspect.csv
2026-04-02 04:20:24,547  INFO      [PROC] COMEX_HGF_1D_20150101_20260326.csv
2026-04-02 04:20:24,800  INFO        ✓  2644 windows × 42 features
2026-04-02 04:20:24,800  WARNING     ⚠  Regime class 0 is only 0.9% of samples
2026-04-02 04:20:24,800  WARNING     ⚠  Regime class 2 is only 1.5% of samples
2026-04-02 04:20:24,800  WARNING     ⚠  Regime class 3 is only 2.6% of samples
2026-04-02 04:20:24,954  INFO        → Inspect CSV written: COMEX_HGF_1D_20150101_20260326_inspect.csv
2026-04-02 04:20:24,955  INFO      [PROC] COMEX_HGF_1H_20240405_20260326.csv
2026-04-02 04:20:26,856  INFO        ✓  2908 windows × 48 features
2026-04-02 04:20:26,857  WARNING     ⚠  Regime class 1 is only 3.7% of samples
2026-04-02 04:20:26,857  WARNING     ⚠  Regime class 5 is only 0.1% of samples
2026-04-02 04:20:27,104  INFO        → Inspect CSV written: COMEX_HGF_1H_20240405_20260326_inspect.csv
2026-04-02 04:20:27,104  INFO      [PROC] COMEX_HGF_1W_20150101_20260326.csv
2026-04-02 04:20:27,217  INFO        ✓  407 windows × 42 features
2026-04-02 04:20:27,218  WARNING     ⚠  Regime class 1 is only 0.2% of samples
2026-04-02 04:20:27,251  INFO        → Inspect CSV written: COMEX_HGF_1W_20150101_20260326_inspect.csv
2026-04-02 04:20:27,251  INFO      [PROC] COMEX_HGF_4H_20240405_20260326.csv
2026-04-02 04:20:27,546  INFO        ✓  2885 windows × 48 features
2026-04-02 04:20:27,547  WARNING     ⚠  Regime class 2 is only 0.6% of samples
2026-04-02 04:20:27,547  WARNING     ⚠  Regime class 5 is only 1.6% of samples
2026-04-02 04:20:27,737  INFO        → Inspect CSV written: COMEX_HGF_4H_20240405_20260326_inspect.csv
2026-04-02 04:20:27,738  INFO      [PROC] COMEX_SIF_1D_20150101_20260326.csv
2026-04-02 04:20:28,022  INFO        ✓  2643 windows × 42 features
2026-04-02 04:20:28,022  WARNING     ⚠  Regime class 0 is only 1.4% of samples
2026-04-02 04:20:28,023  WARNING     ⚠  Regime class 2 is only 1.7% of samples
2026-04-02 04:20:28,259  INFO        → Inspect CSV written: COMEX_SIF_1D_20150101_20260326_inspect.csv
2026-04-02 04:20:28,260  INFO      [PROC] COMEX_SIF_1H_20240405_20260326.csv
2026-04-02 04:20:28,961  INFO        ✓  2909 windows × 48 features
2026-04-02 04:20:28,961  WARNING     ⚠  Regime class 1 is only 4.0% of samples
2026-04-02 04:20:28,962  WARNING     ⚠  Regime class 4 is only 3.7% of samples
2026-04-02 04:20:28,962  WARNING     ⚠  Regime class 5 is only 0.1% of samples
2026-04-02 04:20:29,185  INFO        → Inspect CSV written: COMEX_SIF_1H_20240405_20260326_inspect.csv
2026-04-02 04:20:29,185  INFO      [PROC] COMEX_SIF_1W_20150101_20260326.csv
2026-04-02 04:20:29,357  INFO        ✓  407 windows × 42 features
2026-04-02 04:20:29,358  WARNING     ⚠  Regime class 4 is only 1.0% of samples
2026-04-02 04:20:29,391  INFO        → Inspect CSV written: COMEX_SIF_1W_20150101_20260326_inspect.csv
2026-04-02 04:20:29,391  INFO      [PROC] COMEX_SIF_4H_20240405_20260326.csv
2026-04-02 04:20:29,723  INFO        ✓  2885 windows × 48 features
2026-04-02 04:20:29,724  WARNING     ⚠  Regime class 2 is only 1.4% of samples
2026-04-02 04:20:30,060  INFO        → Inspect CSV written: COMEX_SIF_4H_20240405_20260326_inspect.csv
2026-04-02 04:20:30,061  INFO      [PROC] CRYPTO_BTC-USD_1D_20150101_20260326.csv
2026-04-02 04:20:31,441  INFO        ✓  3923 windows × 42 features
2026-04-02 04:20:31,442  WARNING     ⚠  Regime class 0 is only 0.0% of samples
2026-04-02 04:20:31,442  WARNING     ⚠  Regime class 1 is only 2.3% of samples
2026-04-02 04:20:31,442  WARNING     ⚠  Regime class 3 is only 1.1% of samples
2026-04-02 04:20:32,143  INFO        → Inspect CSV written: CRYPTO_BTC-USD_1D_20150101_20260326_inspect.csv
2026-04-02 04:20:32,144  INFO      [PROC] CRYPTO_BTC-USD_1H_20240405_20260326.csv
2026-04-02 04:20:34,206  WARNING     ✗  No valid windows produced for CRYPTO_BTC-USD_1H_20240405_20260326.csv
2026-04-02 04:20:34,206  INFO      [PROC] CRYPTO_BTC-USD_1W_20150101_20260326.csv
2026-04-02 04:20:34,316  INFO        ✓  407 windows × 42 features
2026-04-02 04:20:34,342  INFO        → Inspect CSV written: CRYPTO_BTC-USD_1W_20150101_20260326_inspect.csv
2026-04-02 04:20:34,342  INFO      [PROC] CRYPTO_BTC-USD_4H_20240405_20260326.csv
2026-04-02 04:20:34,745  INFO        ✓  3602 windows × 48 features
2026-04-02 04:20:34,745  WARNING     ⚠  Regime class 2 is only 0.6% of samples
2026-04-02 04:20:34,745  WARNING     ⚠  Regime class 5 is only 3.3% of samples
2026-04-02 04:20:35,029  INFO        → Inspect CSV written: CRYPTO_BTC-USD_4H_20240405_20260326_inspect.csv
2026-04-02 04:20:35,029  INFO      [PROC] CRYPTO_ETH-USD_1D_20150101_20260326.csv
2026-04-02 04:20:35,670  INFO        ✓  2880 windows × 42 features
2026-04-02 04:20:35,670  WARNING     ⚠  Regime class 1 is only 0.8% of samples
2026-04-02 04:20:35,670  WARNING     ⚠  Regime class 4 is only 2.6% of samples
2026-04-02 04:20:35,837  INFO        → Inspect CSV written: CRYPTO_ETH-USD_1D_20150101_20260326_inspect.csv
2026-04-02 04:20:35,838  INFO      [PROC] CRYPTO_ETH-USD_1H_20240405_20260326.csv
2026-04-02 04:20:36,990  WARNING     ✗  No valid windows produced for CRYPTO_ETH-USD_1H_20240405_20260326.csv
2026-04-02 04:20:36,990  INFO      [PROC] CRYPTO_ETH-USD_1W_20150101_20260326.csv
2026-04-02 04:20:37,088  WARNING     ✗  No valid windows produced for CRYPTO_ETH-USD_1W_20150101_20260326.csv
2026-04-02 04:20:37,089  INFO      [PROC] CRYPTO_ETH-USD_4H_20240405_20260326.csv
2026-04-02 04:20:37,806  INFO        ✓  3602 windows × 48 features
2026-04-02 04:20:37,807  WARNING     ⚠  Regime class 0 is only 0.8% of samples
2026-04-02 04:20:37,807  WARNING     ⚠  Regime class 2 is only 2.1% of samples
2026-04-02 04:20:37,807  WARNING     ⚠  Regime class 3 is only 3.2% of samples
2026-04-02 04:20:38,053  INFO        → Inspect CSV written: CRYPTO_ETH-USD_4H_20240405_20260326_inspect.csv
2026-04-02 04:20:38,053  INFO      [PROC] DAX_GDAXI_1D_20150101_20260326.csv
2026-04-02 04:20:38,362  INFO        ✓  2670 windows × 42 features
2026-04-02 04:20:38,362  WARNING     ⚠  Regime class 0 is only 3.0% of samples
2026-04-02 04:20:38,362  WARNING     ⚠  Regime class 2 is only 1.0% of samples
2026-04-02 04:20:38,362  WARNING     ⚠  Regime class 5 is only 4.6% of samples
2026-04-02 04:20:38,522  INFO        → Inspect CSV written: DAX_GDAXI_1D_20150101_20260326_inspect.csv
2026-04-02 04:20:38,522  INFO      [PROC] DAX_GDAXI_1H_20240405_20260326.csv
2026-04-02 04:20:39,150  WARNING     ✗  No valid windows produced for DAX_GDAXI_1H_20240405_20260326.csv
2026-04-02 04:20:39,150  INFO      [PROC] DAX_GDAXI_1W_20150101_20260326.csv
2026-04-02 04:20:39,255  WARNING     ✗  No valid windows produced for DAX_GDAXI_1W_20150101_20260326.csv
2026-04-02 04:20:39,255  INFO      [PROC] DAX_GDAXI_4H_20240405_20260326.csv
2026-04-02 04:20:39,432  INFO        ✓  1325 windows × 48 features
2026-04-02 04:20:39,433  WARNING     ⚠  Regime class 1 is only 0.5% of samples
2026-04-02 04:20:39,433  WARNING     ⚠  Regime class 5 is only 1.1% of samples
2026-04-02 04:20:39,516  INFO        → Inspect CSV written: DAX_GDAXI_4H_20240405_20260326_inspect.csv
2026-04-02 04:20:39,516  INFO      [PROC] EURONEXT_ASMLAS_1D_20150101_20260326.csv
2026-04-02 04:20:39,808  INFO        ✓  2695 windows × 42 features
2026-04-02 04:20:39,967  INFO        → Inspect CSV written: EURONEXT_ASMLAS_1D_20150101_20260326_inspect.csv
2026-04-02 04:20:39,968  INFO      [PROC] EURONEXT_ASMLAS_1H_20240405_20260326.csv
2026-04-02 04:20:40,578  WARNING     ✗  No valid windows produced for EURONEXT_ASMLAS_1H_20240405_20260326.csv
2026-04-02 04:20:40,579  INFO      [PROC] EURONEXT_ASMLAS_1W_20150101_20260326.csv
2026-04-02 04:20:41,097  WARNING     ✗  No valid windows produced for EURONEXT_ASMLAS_1W_20150101_20260326.csv
2026-04-02 04:20:41,098  INFO      [PROC] EURONEXT_ASMLAS_4H_20240405_20260326.csv
2026-04-02 04:20:41,264  INFO        ✓  1329 windows × 48 features
2026-04-02 04:20:41,264  WARNING     ⚠  Regime class 0 is only 0.5% of samples
2026-04-02 04:20:41,265  WARNING     ⚠  Regime class 2 is only 1.4% of samples
2026-04-02 04:20:41,265  WARNING     ⚠  Regime class 3 is only 0.8% of samples
2026-04-02 04:20:41,352  INFO        → Inspect CSV written: EURONEXT_ASMLAS_4H_20240405_20260326_inspect.csv
2026-04-02 04:20:41,352  INFO      [PROC] EURONEXT_MCPA_1D_20150101_20260326.csv
2026-04-02 04:20:41,603  INFO        ✓  2696 windows × 42 features
2026-04-02 04:20:41,603  WARNING     ⚠  Regime class 3 is only 0.3% of samples
2026-04-02 04:20:41,757  INFO        → Inspect CSV written: EURONEXT_MCPA_1D_20150101_20260326_inspect.csv
2026-04-02 04:20:41,757  INFO      [PROC] EURONEXT_MCPA_1H_20240405_20260326.csv
2026-04-02 04:20:42,061  WARNING     ✗  No valid windows produced for EURONEXT_MCPA_1H_20240405_20260326.csv
2026-04-02 04:20:42,062  INFO      [PROC] EURONEXT_MCPA_1W_20150101_20260326.csv
2026-04-02 04:20:42,167  WARNING     ✗  No valid windows produced for EURONEXT_MCPA_1W_20150101_20260326.csv
2026-04-02 04:20:42,168  INFO      [PROC] EURONEXT_MCPA_4H_20240405_20260326.csv
2026-04-02 04:20:42,367  INFO        ✓  1329 windows × 48 features
2026-04-02 04:20:42,368  WARNING     ⚠  Regime class 0 is only 1.4% of samples
2026-04-02 04:20:42,368  WARNING     ⚠  Regime class 5 is only 2.4% of samples
2026-04-02 04:20:42,643  INFO        → Inspect CSV written: EURONEXT_MCPA_4H_20240405_20260326_inspect.csv
2026-04-02 04:20:42,644  INFO      [PROC] EURONEXT_SAPDE_1D_20150101_20260326.csv
2026-04-02 04:20:43,112  INFO        ✓  2675 windows × 42 features
2026-04-02 04:20:43,113  WARNING     ⚠  Regime class 0 is only 0.2% of samples
2026-04-02 04:20:43,113  WARNING     ⚠  Regime class 2 is only 2.6% of samples
2026-04-02 04:20:43,113  WARNING     ⚠  Regime class 3 is only 0.9% of samples
2026-04-02 04:20:43,262  INFO        → Inspect CSV written: EURONEXT_SAPDE_1D_20150101_20260326_inspect.csv
2026-04-02 04:20:43,262  INFO      [PROC] EURONEXT_SAPDE_1H_20240405_20260326.csv
2026-04-02 04:20:43,584  WARNING     ✗  No valid windows produced for EURONEXT_SAPDE_1H_20240405_20260326.csv
2026-04-02 04:20:43,585  INFO      [PROC] EURONEXT_SAPDE_1W_20150101_20260326.csv
2026-04-02 04:20:43,702  WARNING     ✗  No valid windows produced for EURONEXT_SAPDE_1W_20150101_20260326.csv
2026-04-02 04:20:43,702  INFO      [PROC] EURONEXT_SAPDE_4H_20240405_20260326.csv
2026-04-02 04:20:43,952  INFO        ✓  1319 windows × 48 features
2026-04-02 04:20:43,952  WARNING     ⚠  Regime class 0 is only 2.9% of samples
2026-04-02 04:20:43,953  WARNING     ⚠  Regime class 2 is only 0.3% of samples
2026-04-02 04:20:43,953  WARNING     ⚠  Regime class 5 is only 3.3% of samples
2026-04-02 04:20:44,041  INFO        → Inspect CSV written: EURONEXT_SAPDE_4H_20240405_20260326_inspect.csv
2026-04-02 04:20:44,041  INFO      [PROC] EURONEXT_SIEDE_1D_20150101_20260326.csv
2026-04-02 04:20:44,288  INFO        ✓  2675 windows × 42 features
2026-04-02 04:20:44,288  WARNING     ⚠  Regime class 0 is only 0.1% of samples
2026-04-02 04:20:44,288  WARNING     ⚠  Regime class 3 is only 0.1% of samples
2026-04-02 04:20:44,461  INFO        → Inspect CSV written: EURONEXT_SIEDE_1D_20150101_20260326_inspect.csv
2026-04-02 04:20:44,462  INFO      [PROC] EURONEXT_SIEDE_1H_20240405_20260326.csv
2026-04-02 04:20:44,801  WARNING     ✗  No valid windows produced for EURONEXT_SIEDE_1H_20240405_20260326.csv
2026-04-02 04:20:44,802  INFO      [PROC] EURONEXT_SIEDE_1W_20150101_20260326.csv
2026-04-02 04:20:44,938  WARNING     ✗  No valid windows produced for EURONEXT_SIEDE_1W_20150101_20260326.csv
2026-04-02 04:20:44,939  INFO      [PROC] EURONEXT_SIEDE_4H_20240405_20260326.csv
2026-04-02 04:20:45,149  INFO        ✓  1319 windows × 48 features
2026-04-02 04:20:45,150  WARNING     ⚠  Regime class 0 is only 4.4% of samples
2026-04-02 04:20:45,150  WARNING     ⚠  Regime class 2 is only 0.2% of samples
2026-04-02 04:20:45,150  WARNING     ⚠  Regime class 5 is only 2.9% of samples
2026-04-02 04:20:45,289  INFO        → Inspect CSV written: EURONEXT_SIEDE_4H_20240405_20260326_inspect.csv
2026-04-02 04:20:45,289  INFO      [PROC] EURONEXT_TTEPA_1D_20150101_20260326.csv
2026-04-02 04:20:45,575  INFO        ✓  2696 windows × 42 features
2026-04-02 04:20:45,575  WARNING     ⚠  Regime class 3 is only 0.4% of samples
2026-04-02 04:20:45,724  INFO        → Inspect CSV written: EURONEXT_TTEPA_1D_20150101_20260326_inspect.csv
2026-04-02 04:20:45,724  INFO      [PROC] EURONEXT_TTEPA_1H_20240405_20260326.csv
2026-04-02 04:20:46,098  WARNING     ✗  No valid windows produced for EURONEXT_TTEPA_1H_20240405_20260326.csv
2026-04-02 04:20:46,099  INFO      [PROC] EURONEXT_TTEPA_1W_20150101_20260326.csv
2026-04-02 04:20:46,202  WARNING     ✗  No valid windows produced for EURONEXT_TTEPA_1W_20150101_20260326.csv
2026-04-02 04:20:46,203  INFO      [PROC] EURONEXT_TTEPA_4H_20240405_20260326.csv
2026-04-02 04:20:46,499  INFO        ✓  1329 windows × 48 features
2026-04-02 04:20:46,499  WARNING     ⚠  Regime class 5 is only 1.3% of samples
2026-04-02 04:20:46,592  INFO        → Inspect CSV written: EURONEXT_TTEPA_4H_20240405_20260326_inspect.csv
2026-04-02 04:20:46,592  INFO      [PROC] FOREXCOM_AUDNZDX_1D_20150101_20260326.csv
2026-04-02 04:20:46,967  INFO        ✓  2745 windows × 42 features
2026-04-02 04:20:46,967  WARNING     ⚠  Regime class 1 is only 1.8% of samples
2026-04-02 04:20:46,967  WARNING     ⚠  Regime class 4 is only 2.9% of samples
2026-04-02 04:20:47,113  INFO        → Inspect CSV written: FOREXCOM_AUDNZDX_1D_20150101_20260326_inspect.csv
2026-04-02 04:20:47,113  INFO      [PROC] FOREXCOM_AUDNZDX_1H_20240405_20260326.csv
2026-04-02 04:20:47,837  WARNING     ✗  No valid windows produced for FOREXCOM_AUDNZDX_1H_20240405_20260326.csv
2026-04-02 04:20:47,837  INFO      [PROC] FOREXCOM_AUDNZDX_1W_20150101_20260326.csv
2026-04-02 04:20:47,951  INFO        ✓  407 windows × 42 features
2026-04-02 04:20:47,951  WARNING     ⚠  Regime class 0 is only 2.2% of samples
2026-04-02 04:20:47,951  WARNING     ⚠  Regime class 3 is only 2.2% of samples
2026-04-02 04:20:47,978  INFO        → Inspect CSV written: FOREXCOM_AUDNZDX_1W_20150101_20260326_inspect.csv
2026-04-02 04:20:47,978  INFO      [PROC] FOREXCOM_AUDNZDX_4H_20240405_20260326.csv
2026-04-02 04:20:48,255  INFO        ✓  2965 windows × 48 features
2026-04-02 04:20:48,432  INFO        → Inspect CSV written: FOREXCOM_AUDNZDX_4H_20240405_20260326_inspect.csv
2026-04-02 04:20:48,433  INFO      [PROC] FOREXCOM_AUDUSDX_1D_20150101_20260326.csv
2026-04-02 04:20:48,721  INFO        ✓  2743 windows × 42 features
2026-04-02 04:20:48,721  WARNING     ⚠  Regime class 2 is only 0.0% of samples
2026-04-02 04:20:48,721  WARNING     ⚠  Regime class 5 is only 0.9% of samples
2026-04-02 04:20:49,097  INFO        → Inspect CSV written: FOREXCOM_AUDUSDX_1D_20150101_20260326_inspect.csv
2026-04-02 04:20:49,097  INFO      [PROC] FOREXCOM_AUDUSDX_1H_20240405_20260326.csv
2026-04-02 04:20:50,492  WARNING     ✗  No valid windows produced for FOREXCOM_AUDUSDX_1H_20240405_20260326.csv
2026-04-02 04:20:50,499  INFO      [PROC] FOREXCOM_AUDUSDX_1W_20150101_20260326.csv
2026-04-02 04:20:51,301  INFO        ✓  407 windows × 42 features
2026-04-02 04:20:51,346  INFO        → Inspect CSV written: FOREXCOM_AUDUSDX_1W_20150101_20260326_inspect.csv
2026-04-02 04:20:51,346  INFO      [PROC] FOREXCOM_AUDUSDX_4H_20240405_20260326.csv
2026-04-02 04:20:52,285  INFO        ✓  2965 windows × 48 features
2026-04-02 04:20:52,286  WARNING     ⚠  Regime class 1 is only 0.1% of samples
2026-04-02 04:20:52,287  WARNING     ⚠  Regime class 4 is only 0.8% of samples
2026-04-02 04:20:52,627  INFO        → Inspect CSV written: FOREXCOM_AUDUSDX_4H_20240405_20260326_inspect.csv
2026-04-02 04:20:52,627  INFO      [PROC] FOREXCOM_EURCHFX_1D_20150101_20260326.csv
2026-04-02 04:20:52,991  INFO        ✓  2744 windows × 42 features
2026-04-02 04:20:52,992  WARNING     ⚠  Regime class 1 is only 1.6% of samples
2026-04-02 04:20:52,992  WARNING     ⚠  Regime class 2 is only 0.0% of samples
2026-04-02 04:20:52,992  WARNING     ⚠  Regime class 4 is only 1.5% of samples
2026-04-02 04:20:53,146  INFO        → Inspect CSV written: FOREXCOM_EURCHFX_1D_20150101_20260326_inspect.csv
2026-04-02 04:20:53,146  INFO      [PROC] FOREXCOM_EURCHFX_1H_20240405_20260326.csv
2026-04-02 04:20:53,916  WARNING     ✗  No valid windows produced for FOREXCOM_EURCHFX_1H_20240405_20260326.csv
2026-04-02 04:20:53,916  INFO      [PROC] FOREXCOM_EURCHFX_1W_20150101_20260326.csv
2026-04-02 04:20:54,030  INFO        ✓  407 windows × 42 features
2026-04-02 04:20:54,030  WARNING     ⚠  Regime class 2 is only 0.7% of samples
2026-04-02 04:20:54,057  INFO        → Inspect CSV written: FOREXCOM_EURCHFX_1W_20150101_20260326_inspect.csv
2026-04-02 04:20:54,058  INFO      [PROC] FOREXCOM_EURCHFX_4H_20240405_20260326.csv
2026-04-02 04:20:54,365  INFO        ✓  2957 windows × 48 features
2026-04-02 04:20:54,582  INFO        → Inspect CSV written: FOREXCOM_EURCHFX_4H_20240405_20260326_inspect.csv
2026-04-02 04:20:54,583  INFO      [PROC] FOREXCOM_EURGBPX_1D_20150101_20260326.csv
2026-04-02 04:20:54,859  INFO        ✓  2744 windows × 42 features
2026-04-02 04:20:54,859  WARNING     ⚠  Regime class 1 is only 4.0% of samples
2026-04-02 04:20:54,859  WARNING     ⚠  Regime class 2 is only 0.1% of samples
2026-04-02 04:20:54,860  WARNING     ⚠  Regime class 5 is only 0.0% of samples
2026-04-02 04:20:55,034  INFO        → Inspect CSV written: FOREXCOM_EURGBPX_1D_20150101_20260326_inspect.csv
2026-04-02 04:20:55,034  INFO      [PROC] FOREXCOM_EURGBPX_1H_20240405_20260326.csv
2026-04-02 04:20:55,808  WARNING     ✗  No valid windows produced for FOREXCOM_EURGBPX_1H_20240405_20260326.csv
2026-04-02 04:20:55,808  INFO      [PROC] FOREXCOM_EURGBPX_1W_20150101_20260326.csv
2026-04-02 04:20:56,089  INFO        ✓  407 windows × 42 features
2026-04-02 04:20:56,090  WARNING     ⚠  Regime class 0 is only 3.7% of samples
2026-04-02 04:20:56,090  WARNING     ⚠  Regime class 5 is only 1.0% of samples
2026-04-02 04:20:56,139  INFO        → Inspect CSV written: FOREXCOM_EURGBPX_1W_20150101_20260326_inspect.csv
2026-04-02 04:20:56,139  INFO      [PROC] FOREXCOM_EURGBPX_4H_20240405_20260326.csv
2026-04-02 04:20:56,440  INFO        ✓  2959 windows × 48 features
2026-04-02 04:20:56,733  INFO        → Inspect CSV written: FOREXCOM_EURGBPX_4H_20240405_20260326_inspect.csv
2026-04-02 04:20:56,734  INFO      [PROC] FOREXCOM_EURUSDX_1D_20150101_20260326.csv
2026-04-02 04:20:57,009  INFO        ✓  2743 windows × 42 features
2026-04-02 04:20:57,010  WARNING     ⚠  Regime class 1 is only 2.7% of samples
2026-04-02 04:20:57,160  INFO        → Inspect CSV written: FOREXCOM_EURUSDX_1D_20150101_20260326_inspect.csv
2026-04-02 04:20:57,160  INFO      [PROC] FOREXCOM_EURUSDX_1H_20240405_20260326.csv
2026-04-02 04:20:57,885  WARNING     ✗  No valid windows produced for FOREXCOM_EURUSDX_1H_20240405_20260326.csv
2026-04-02 04:20:57,886  INFO      [PROC] FOREXCOM_EURUSDX_1W_20150101_20260326.csv
2026-04-02 04:20:58,023  INFO        ✓  407 windows × 42 features
2026-04-02 04:20:58,023  WARNING     ⚠  Regime class 0 is only 0.2% of samples
2026-04-02 04:20:58,023  WARNING     ⚠  Regime class 3 is only 2.5% of samples
2026-04-02 04:20:58,023  WARNING     ⚠  Regime class 5 is only 4.4% of samples
2026-04-02 04:20:58,049  INFO        → Inspect CSV written: FOREXCOM_EURUSDX_1W_20150101_20260326_inspect.csv
2026-04-02 04:20:58,049  INFO      [PROC] FOREXCOM_EURUSDX_4H_20240405_20260326.csv
2026-04-02 04:20:58,350  INFO        ✓  2956 windows × 48 features
2026-04-02 04:20:58,524  INFO        → Inspect CSV written: FOREXCOM_EURUSDX_4H_20240405_20260326_inspect.csv
2026-04-02 04:20:58,525  INFO      [PROC] FOREXCOM_GBPJPYX_1D_20150101_20260326.csv
2026-04-02 04:20:58,779  INFO        ✓  2744 windows × 42 features
2026-04-02 04:20:58,779  WARNING     ⚠  Regime class 5 is only 1.1% of samples
2026-04-02 04:20:58,926  INFO        → Inspect CSV written: FOREXCOM_GBPJPYX_1D_20150101_20260326_inspect.csv
2026-04-02 04:20:58,926  INFO      [PROC] FOREXCOM_GBPJPYX_1H_20240405_20260326.csv
2026-04-02 04:20:59,710  WARNING     ✗  No valid windows produced for FOREXCOM_GBPJPYX_1H_20240405_20260326.csv
2026-04-02 04:20:59,711  INFO      [PROC] FOREXCOM_GBPJPYX_1W_20150101_20260326.csv
2026-04-02 04:20:59,818  INFO        ✓  407 windows × 42 features
2026-04-02 04:20:59,819  WARNING     ⚠  Regime class 2 is only 4.9% of samples
2026-04-02 04:20:59,844  INFO        → Inspect CSV written: FOREXCOM_GBPJPYX_1W_20150101_20260326_inspect.csv
2026-04-02 04:20:59,844  INFO      [PROC] FOREXCOM_GBPJPYX_4H_20240405_20260326.csv
2026-04-02 04:21:00,203  INFO        ✓  2957 windows × 48 features
2026-04-02 04:21:00,204  WARNING     ⚠  Regime class 4 is only 0.6% of samples
2026-04-02 04:21:00,398  INFO        → Inspect CSV written: FOREXCOM_GBPJPYX_4H_20240405_20260326_inspect.csv
2026-04-02 04:21:00,399  INFO      [PROC] FOREXCOM_GBPUSDX_1D_20150101_20260326.csv
2026-04-02 04:21:00,761  INFO        ✓  2743 windows × 42 features
2026-04-02 04:21:00,761  WARNING     ⚠  Regime class 2 is only 0.1% of samples
2026-04-02 04:21:00,761  WARNING     ⚠  Regime class 5 is only 0.7% of samples
2026-04-02 04:21:00,975  INFO        → Inspect CSV written: FOREXCOM_GBPUSDX_1D_20150101_20260326_inspect.csv
2026-04-02 04:21:00,976  INFO      [PROC] FOREXCOM_GBPUSDX_1H_20240405_20260326.csv
2026-04-02 04:21:02,594  WARNING     ✗  No valid windows produced for FOREXCOM_GBPUSDX_1H_20240405_20260326.csv
2026-04-02 04:21:02,597  INFO      [PROC] FOREXCOM_GBPUSDX_1W_20150101_20260326.csv
2026-04-02 04:21:02,844  INFO        ✓  407 windows × 42 features
2026-04-02 04:21:02,845  WARNING     ⚠  Regime class 2 is only 0.7% of samples
2026-04-02 04:21:02,886  INFO        → Inspect CSV written: FOREXCOM_GBPUSDX_1W_20150101_20260326_inspect.csv
2026-04-02 04:21:02,886  INFO      [PROC] FOREXCOM_GBPUSDX_4H_20240405_20260326.csv
2026-04-02 04:21:03,163  INFO        ✓  2956 windows × 48 features
2026-04-02 04:21:03,340  INFO        → Inspect CSV written: FOREXCOM_GBPUSDX_4H_20240405_20260326_inspect.csv
2026-04-02 04:21:03,340  INFO      [PROC] FOREXCOM_USDCADX_1D_20150101_20260326.csv
2026-04-02 04:21:03,649  INFO        ✓  2743 windows × 42 features
2026-04-02 04:21:03,649  WARNING     ⚠  Regime class 1 is only 1.0% of samples
2026-04-02 04:21:03,973  INFO        → Inspect CSV written: FOREXCOM_USDCADX_1D_20150101_20260326_inspect.csv
2026-04-02 04:21:03,973  INFO      [PROC] FOREXCOM_USDCADX_1H_20240405_20260326.csv
2026-04-02 04:21:04,715  WARNING     ✗  No valid windows produced for FOREXCOM_USDCADX_1H_20240405_20260326.csv
2026-04-02 04:21:04,716  INFO      [PROC] FOREXCOM_USDCADX_1W_20150101_20260326.csv
2026-04-02 04:21:04,825  INFO        ✓  407 windows × 42 features
2026-04-02 04:21:04,826  WARNING     ⚠  Regime class 0 is only 3.2% of samples
2026-04-02 04:21:04,826  WARNING     ⚠  Regime class 2 is only 2.2% of samples
2026-04-02 04:21:04,826  WARNING     ⚠  Regime class 5 is only 2.9% of samples
2026-04-02 04:21:04,851  INFO        → Inspect CSV written: FOREXCOM_USDCADX_1W_20150101_20260326_inspect.csv
2026-04-02 04:21:04,851  INFO      [PROC] FOREXCOM_USDCADX_4H_20240405_20260326.csv
2026-04-02 04:21:05,140  INFO        ✓  2965 windows × 48 features
2026-04-02 04:21:05,351  INFO        → Inspect CSV written: FOREXCOM_USDCADX_4H_20240405_20260326_inspect.csv
2026-04-02 04:21:05,351  INFO      [PROC] FOREXCOM_USDCHFX_1D_20150101_20260326.csv
2026-04-02 04:21:05,677  INFO        ✓  2743 windows × 42 features
2026-04-02 04:21:05,677  WARNING     ⚠  Regime class 1 is only 3.2% of samples
2026-04-02 04:21:05,928  INFO        → Inspect CSV written: FOREXCOM_USDCHFX_1D_20150101_20260326_inspect.csv
2026-04-02 04:21:05,929  INFO      [PROC] FOREXCOM_USDCHFX_1H_20240405_20260326.csv
2026-04-02 04:21:08,030  WARNING     ✗  No valid windows produced for FOREXCOM_USDCHFX_1H_20240405_20260326.csv
2026-04-02 04:21:08,033  INFO      [PROC] FOREXCOM_USDCHFX_1W_20150101_20260326.csv
2026-04-02 04:21:08,343  INFO        ✓  407 windows × 42 features
2026-04-02 04:21:08,343  WARNING     ⚠  Regime class 2 is only 1.2% of samples
2026-04-02 04:21:08,343  WARNING     ⚠  Regime class 3 is only 1.2% of samples
2026-04-02 04:21:08,343  WARNING     ⚠  Regime class 5 is only 0.5% of samples
2026-04-02 04:21:08,385  INFO        → Inspect CSV written: FOREXCOM_USDCHFX_1W_20150101_20260326_inspect.csv
2026-04-02 04:21:08,385  INFO      [PROC] FOREXCOM_USDCHFX_4H_20240405_20260326.csv
2026-04-02 04:21:08,724  INFO        ✓  2957 windows × 48 features
2026-04-02 04:21:08,724  WARNING     ⚠  Regime class 4 is only 0.2% of samples
2026-04-02 04:21:08,905  INFO        → Inspect CSV written: FOREXCOM_USDCHFX_4H_20240405_20260326_inspect.csv
2026-04-02 04:21:08,905  INFO      [PROC] FOREXCOM_USDJPYX_1D_20150101_20260326.csv
2026-04-02 04:21:09,168  INFO        ✓  2743 windows × 42 features
2026-04-02 04:21:09,373  INFO        → Inspect CSV written: FOREXCOM_USDJPYX_1D_20150101_20260326_inspect.csv
2026-04-02 04:21:09,373  INFO      [PROC] FOREXCOM_USDJPYX_1H_20240405_20260326.csv
2026-04-02 04:21:10,076  WARNING     ✗  No valid windows produced for FOREXCOM_USDJPYX_1H_20240405_20260326.csv
2026-04-02 04:21:10,076  INFO      [PROC] FOREXCOM_USDJPYX_1W_20150101_20260326.csv
2026-04-02 04:21:10,186  INFO        ✓  407 windows × 42 features
2026-04-02 04:21:10,186  WARNING     ⚠  Regime class 3 is only 0.5% of samples
2026-04-02 04:21:10,218  INFO        → Inspect CSV written: FOREXCOM_USDJPYX_1W_20150101_20260326_inspect.csv
2026-04-02 04:21:10,218  INFO      [PROC] FOREXCOM_USDJPYX_4H_20240405_20260326.csv
2026-04-02 04:21:10,572  INFO        ✓  2949 windows × 48 features
2026-04-02 04:21:10,573  WARNING     ⚠  Regime class 4 is only 0.4% of samples
2026-04-02 04:21:10,854  INFO        → Inspect CSV written: FOREXCOM_USDJPYX_4H_20240405_20260326_inspect.csv
2026-04-02 04:21:10,855  INFO      [PROC] FTSE_FTSE_1D_20150101_20260326.csv
2026-04-02 04:21:11,557  INFO        ✓  2658 windows × 42 features
2026-04-02 04:21:11,559  WARNING     ⚠  Regime class 2 is only 0.3% of samples
2026-04-02 04:21:11,559  WARNING     ⚠  Regime class 5 is only 2.0% of samples
2026-04-02 04:21:11,848  INFO        → Inspect CSV written: FTSE_FTSE_1D_20150101_20260326_inspect.csv
2026-04-02 04:21:11,848  INFO      [PROC] FTSE_FTSE_1H_20240405_20260326.csv
2026-04-02 04:21:12,214  WARNING     ✗  No valid windows produced for FTSE_FTSE_1H_20240405_20260326.csv
2026-04-02 04:21:12,215  INFO      [PROC] FTSE_FTSE_1W_20150101_20260326.csv
2026-04-02 04:21:12,327  INFO        ✓  407 windows × 42 features
2026-04-02 04:21:12,354  INFO        → Inspect CSV written: FTSE_FTSE_1W_20150101_20260326_inspect.csv
2026-04-02 04:21:12,355  INFO      [PROC] FTSE_FTSE_4H_20240405_20260326.csv
2026-04-02 04:21:12,553  INFO        ✓  1313 windows × 48 features
2026-04-02 04:21:12,554  WARNING     ⚠  Regime class 1 is only 0.5% of samples
2026-04-02 04:21:12,554  WARNING     ⚠  Regime class 4 is only 3.1% of samples
2026-04-02 04:21:12,554  WARNING     ⚠  Regime class 5 is only 0.1% of samples
2026-04-02 04:21:12,632  INFO        → Inspect CSV written: FTSE_FTSE_4H_20240405_20260326_inspect.csv
2026-04-02 04:21:12,632  INFO      [PROC] HSI_HSI_1D_20150101_20260326.csv
2026-04-02 04:21:12,921  INFO        ✓  2583 windows × 42 features
2026-04-02 04:21:12,922  WARNING     ⚠  Regime class 0 is only 0.2% of samples
2026-04-02 04:21:12,922  WARNING     ⚠  Regime class 2 is only 0.7% of samples
2026-04-02 04:21:13,070  INFO        → Inspect CSV written: HSI_HSI_1D_20150101_20260326_inspect.csv
2026-04-02 04:21:13,070  INFO      [PROC] HSI_HSI_1H_20240405_20260326.csv
2026-04-02 04:21:13,313  WARNING     ✗  No valid windows produced for HSI_HSI_1H_20240405_20260326.csv
2026-04-02 04:21:13,314  INFO      [PROC] HSI_HSI_1W_20150101_20260326.csv
2026-04-02 04:21:13,418  WARNING     ✗  No valid windows produced for HSI_HSI_1W_20150101_20260326.csv
2026-04-02 04:21:13,418  INFO      [PROC] HSI_HSI_4H_20240405_20260326.csv
2026-04-02 04:21:13,546  WARNING     ✗  No valid windows produced for HSI_HSI_4H_20240405_20260326.csv
2026-04-02 04:21:13,546  INFO      [PROC] ICE_BZF_1D_20150101_20260326.csv
2026-04-02 04:21:13,812  INFO        ✓  2645 windows × 42 features
2026-04-02 04:21:13,957  INFO        → Inspect CSV written: ICE_BZF_1D_20150101_20260326_inspect.csv
2026-04-02 04:21:13,957  INFO      [PROC] ICE_BZF_1H_20240405_20260326.csv
2026-04-02 04:21:14,751  INFO        ✓  2908 windows × 48 features
2026-04-02 04:21:14,751  WARNING     ⚠  Regime class 2 is only 0.7% of samples
2026-04-02 04:21:14,751  WARNING     ⚠  Regime class 5 is only 0.9% of samples
2026-04-02 04:21:14,925  INFO        → Inspect CSV written: ICE_BZF_1H_20240405_20260326_inspect.csv
2026-04-02 04:21:14,925  INFO      [PROC] ICE_BZF_1W_20150101_20260326.csv
2026-04-02 04:21:15,042  INFO        ✓  407 windows × 42 features
2026-04-02 04:21:15,069  INFO        → Inspect CSV written: ICE_BZF_1W_20150101_20260326_inspect.csv
2026-04-02 04:21:15,069  INFO      [PROC] ICE_BZF_4H_20240405_20260326.csv
2026-04-02 04:21:15,352  INFO        ✓  2865 windows × 48 features
2026-04-02 04:21:15,352  WARNING     ⚠  Regime class 2 is only 2.8% of samples
2026-04-02 04:21:15,563  INFO        → Inspect CSV written: ICE_BZF_4H_20240405_20260326_inspect.csv
2026-04-02 04:21:15,563  INFO      [PROC] LSE_AZNL_1D_20150101_20260326.csv
2026-04-02 04:21:15,853  INFO        ✓  2659 windows × 42 features
2026-04-02 04:21:16,017  INFO        → Inspect CSV written: LSE_AZNL_1D_20150101_20260326_inspect.csv
2026-04-02 04:21:16,017  INFO      [PROC] LSE_AZNL_1H_20240405_20260326.csv
2026-04-02 04:21:16,448  WARNING     ✗  No valid windows produced for LSE_AZNL_1H_20240405_20260326.csv
2026-04-02 04:21:16,448  INFO      [PROC] LSE_AZNL_1W_20150101_20260326.csv
2026-04-02 04:21:16,592  INFO        ✓  407 windows × 42 features
2026-04-02 04:21:16,618  INFO        → Inspect CSV written: LSE_AZNL_1W_20150101_20260326_inspect.csv
2026-04-02 04:21:16,618  INFO      [PROC] LSE_AZNL_4H_20240405_20260326.csv
2026-04-02 04:21:16,826  INFO        ✓  1313 windows × 48 features
2026-04-02 04:21:16,826  WARNING     ⚠  Regime class 0 is only 3.5% of samples
2026-04-02 04:21:16,826  WARNING     ⚠  Regime class 2 is only 0.1% of samples
2026-04-02 04:21:16,826  WARNING     ⚠  Regime class 5 is only 1.4% of samples
2026-04-02 04:21:16,917  INFO        → Inspect CSV written: LSE_AZNL_4H_20240405_20260326_inspect.csv
2026-04-02 04:21:16,917  INFO      [PROC] LSE_BPL_1D_20150101_20260326.csv
2026-04-02 04:21:17,370  INFO        ✓  2658 windows × 42 features
2026-04-02 04:21:17,571  INFO        → Inspect CSV written: LSE_BPL_1D_20150101_20260326_inspect.csv
2026-04-02 04:21:17,571  INFO      [PROC] LSE_BPL_1H_20240405_20260326.csv
2026-04-02 04:21:17,857  WARNING     ✗  No valid windows produced for LSE_BPL_1H_20240405_20260326.csv
2026-04-02 04:21:17,858  INFO      [PROC] LSE_BPL_1W_20150101_20260326.csv
2026-04-02 04:21:17,992  INFO        ✓  407 windows × 42 features
2026-04-02 04:21:18,018  INFO        → Inspect CSV written: LSE_BPL_1W_20150101_20260326_inspect.csv
2026-04-02 04:21:18,018  INFO      [PROC] LSE_BPL_4H_20240405_20260326.csv
2026-04-02 04:21:18,236  INFO        ✓  1313 windows × 48 features
2026-04-02 04:21:18,236  WARNING     ⚠  Regime class 0 is only 1.3% of samples
2026-04-02 04:21:18,236  WARNING     ⚠  Regime class 2 is only 0.5% of samples
2026-04-02 04:21:18,236  WARNING     ⚠  Regime class 5 is only 3.0% of samples
2026-04-02 04:21:18,321  INFO        → Inspect CSV written: LSE_BPL_4H_20240405_20260326_inspect.csv
2026-04-02 04:21:18,321  INFO      [PROC] LSE_GSKL_1D_20150101_20260326.csv
2026-04-02 04:21:18,572  INFO        ✓  2659 windows × 42 features
2026-04-02 04:21:18,572  WARNING     ⚠  Regime class 0 is only 0.0% of samples
2026-04-02 04:21:18,572  WARNING     ⚠  Regime class 3 is only 0.2% of samples
2026-04-02 04:21:18,729  INFO        → Inspect CSV written: LSE_GSKL_1D_20150101_20260326_inspect.csv
2026-04-02 04:21:18,729  INFO      [PROC] LSE_GSKL_1H_20240405_20260326.csv
2026-04-02 04:21:19,016  WARNING     ✗  No valid windows produced for LSE_GSKL_1H_20240405_20260326.csv
2026-04-02 04:21:19,017  INFO      [PROC] LSE_GSKL_1W_20150101_20260326.csv
2026-04-02 04:21:19,125  INFO        ✓  407 windows × 42 features
2026-04-02 04:21:19,154  INFO        → Inspect CSV written: LSE_GSKL_1W_20150101_20260326_inspect.csv
2026-04-02 04:21:19,154  INFO      [PROC] LSE_GSKL_4H_20240405_20260326.csv
2026-04-02 04:21:19,352  INFO        ✓  1313 windows × 48 features
2026-04-02 04:21:19,352  WARNING     ⚠  Regime class 0 is only 4.6% of samples
2026-04-02 04:21:19,352  WARNING     ⚠  Regime class 2 is only 0.1% of samples
2026-04-02 04:21:19,352  WARNING     ⚠  Regime class 5 is only 1.3% of samples
2026-04-02 04:21:19,438  INFO        → Inspect CSV written: LSE_GSKL_4H_20240405_20260326_inspect.csv
2026-04-02 04:21:19,439  INFO      [PROC] LSE_HSBAL_1D_20150101_20260326.csv
2026-04-02 04:21:19,705  INFO        ✓  2659 windows × 42 features
2026-04-02 04:21:19,706  WARNING     ⚠  Regime class 0 is only 0.2% of samples
2026-04-02 04:21:19,706  WARNING     ⚠  Regime class 2 is only 4.6% of samples
2026-04-02 04:21:19,706  WARNING     ⚠  Regime class 3 is only 0.2% of samples
2026-04-02 04:21:19,962  INFO        → Inspect CSV written: LSE_HSBAL_1D_20150101_20260326_inspect.csv
2026-04-02 04:21:19,963  INFO      [PROC] LSE_HSBAL_1H_20240405_20260326.csv
2026-04-02 04:21:20,292  WARNING     ✗  No valid windows produced for LSE_HSBAL_1H_20240405_20260326.csv
2026-04-02 04:21:20,292  INFO      [PROC] LSE_HSBAL_1W_20150101_20260326.csv
2026-04-02 04:21:20,416  INFO        ✓  407 windows × 42 features
2026-04-02 04:21:20,448  INFO        → Inspect CSV written: LSE_HSBAL_1W_20150101_20260326_inspect.csv
2026-04-02 04:21:20,448  INFO      [PROC] LSE_HSBAL_4H_20240405_20260326.csv
2026-04-02 04:21:20,710  INFO        ✓  1313 windows × 48 features
2026-04-02 04:21:20,711  WARNING     ⚠  Regime class 2 is only 0.5% of samples
2026-04-02 04:21:20,711  WARNING     ⚠  Regime class 5 is only 2.7% of samples
2026-04-02 04:21:20,802  INFO        → Inspect CSV written: LSE_HSBAL_4H_20240405_20260326_inspect.csv
2026-04-02 04:21:20,802  INFO      [PROC] LSE_SHELL_1D_20150101_20260326.csv
2026-04-02 04:21:21,202  INFO        ✓  2659 windows × 42 features
2026-04-02 04:21:21,203  WARNING     ⚠  Regime class 3 is only 0.3% of samples
2026-04-02 04:21:21,528  INFO        → Inspect CSV written: LSE_SHELL_1D_20150101_20260326_inspect.csv
2026-04-02 04:21:21,528  INFO      [PROC] LSE_SHELL_1H_20240405_20260326.csv
2026-04-02 04:21:22,505  WARNING     ✗  No valid windows produced for LSE_SHELL_1H_20240405_20260326.csv
2026-04-02 04:21:22,507  INFO      [PROC] LSE_SHELL_1W_20150101_20260326.csv
2026-04-02 04:21:23,014  INFO        ✓  407 windows × 42 features
2026-04-02 04:21:23,056  INFO        → Inspect CSV written: LSE_SHELL_1W_20150101_20260326_inspect.csv
2026-04-02 04:21:23,056  INFO      [PROC] LSE_SHELL_4H_20240405_20260326.csv
2026-04-02 04:21:23,868  INFO        ✓  1313 windows × 48 features
2026-04-02 04:21:23,869  WARNING     ⚠  Regime class 5 is only 1.4% of samples
2026-04-02 04:21:24,034  INFO        → Inspect CSV written: LSE_SHELL_4H_20240405_20260326_inspect.csv
2026-04-02 04:21:24,034  INFO      [PROC] NIKKEI_N225_1D_20150101_20260326.csv
2026-04-02 04:21:24,602  INFO        ✓  2563 windows × 42 features
2026-04-02 04:21:24,606  WARNING     ⚠  Regime class 0 is only 3.4% of samples
2026-04-02 04:21:24,606  WARNING     ⚠  Regime class 2 is only 0.4% of samples
2026-04-02 04:21:24,606  WARNING     ⚠  Regime class 5 is only 4.8% of samples
2026-04-02 04:21:24,830  INFO        → Inspect CSV written: NIKKEI_N225_1D_20150101_20260326_inspect.csv
2026-04-02 04:21:24,830  INFO      [PROC] NIKKEI_N225_1H_20240405_20260326.csv
2026-04-02 04:21:25,075  WARNING     ✗  No valid windows produced for NIKKEI_N225_1H_20240405_20260326.csv
2026-04-02 04:21:25,076  INFO      [PROC] NIKKEI_N225_1W_20150101_20260326.csv
2026-04-02 04:21:25,182  WARNING     ✗  No valid windows produced for NIKKEI_N225_1W_20150101_20260326.csv
2026-04-02 04:21:25,182  INFO      [PROC] NIKKEI_N225_4H_20240405_20260326.csv
2026-04-02 04:21:25,311  WARNING     ✗  No valid windows produced for NIKKEI_N225_4H_20240405_20260326.csv
2026-04-02 04:21:25,311  INFO      [PROC] NYMEX_CLF_1D_20150101_20260326.csv
2026-04-02 04:21:25,596  INFO        ✓  2643 windows × 42 features
2026-04-02 04:21:25,596  WARNING     ⚠  Regime class 1 is only 4.4% of samples
2026-04-02 04:21:25,760  INFO        → Inspect CSV written: NYMEX_CLF_1D_20150101_20260326_inspect.csv
2026-04-02 04:21:25,761  INFO      [PROC] NYMEX_CLF_1H_20240405_20260326.csv
2026-04-02 04:21:26,511  INFO        ✓  2835 windows × 48 features
2026-04-02 04:21:26,511  WARNING     ⚠  Regime class 1 is only 1.7% of samples
2026-04-02 04:21:26,511  WARNING     ⚠  Regime class 2 is only 0.1% of samples
2026-04-02 04:21:26,677  INFO        → Inspect CSV written: NYMEX_CLF_1H_20240405_20260326_inspect.csv
2026-04-02 04:21:26,677  INFO      [PROC] NYMEX_CLF_1W_20150101_20260326.csv
2026-04-02 04:21:26,795  INFO        ✓  407 windows × 42 features
2026-04-02 04:21:26,822  INFO        → Inspect CSV written: NYMEX_CLF_1W_20150101_20260326_inspect.csv
2026-04-02 04:21:26,822  INFO      [PROC] NYMEX_CLF_4H_20240405_20260326.csv
2026-04-02 04:21:27,120  INFO        ✓  2846 windows × 48 features
2026-04-02 04:21:27,120  WARNING     ⚠  Regime class 2 is only 0.9% of samples
2026-04-02 04:21:27,120  WARNING     ⚠  Regime class 5 is only 4.9% of samples
2026-04-02 04:21:27,283  INFO        → Inspect CSV written: NYMEX_CLF_4H_20240405_20260326_inspect.csv
2026-04-02 04:21:27,283  INFO      [PROC] NYMEX_NGF_1D_20150101_20260326.csv
2026-04-02 04:21:27,679  INFO        ✓  2645 windows × 42 features
2026-04-02 04:21:27,679  WARNING     ⚠  Regime class 1 is only 2.2% of samples
2026-04-02 04:21:27,838  INFO        → Inspect CSV written: NYMEX_NGF_1D_20150101_20260326_inspect.csv
2026-04-02 04:21:27,838  INFO      [PROC] NYMEX_NGF_1H_20240405_20260326.csv
2026-04-02 04:21:28,559  INFO        ✓  2834 windows × 48 features
2026-04-02 04:21:28,559  WARNING     ⚠  Regime class 2 is only 0.1% of samples
2026-04-02 04:21:28,559  WARNING     ⚠  Regime class 5 is only 0.1% of samples
2026-04-02 04:21:28,727  INFO        → Inspect CSV written: NYMEX_NGF_1H_20240405_20260326_inspect.csv
2026-04-02 04:21:28,727  INFO      [PROC] NYMEX_NGF_1W_20150101_20260326.csv
2026-04-02 04:21:28,841  INFO        ✓  407 windows × 42 features
2026-04-02 04:21:28,869  INFO        → Inspect CSV written: NYMEX_NGF_1W_20150101_20260326_inspect.csv
2026-04-02 04:21:28,869  INFO      [PROC] NYMEX_NGF_4H_20240405_20260326.csv
2026-04-02 04:21:29,152  INFO        ✓  2806 windows × 48 features
2026-04-02 04:21:29,315  INFO        → Inspect CSV written: NYMEX_NGF_4H_20240405_20260326_inspect.csv
2026-04-02 04:21:29,315  INFO      [PROC] NYSE_AAPL_1D_20150101_20260326.csv
2026-04-02 04:21:29,612  INFO        ✓  2644 windows × 42 features
2026-04-02 04:21:29,612  WARNING     ⚠  Regime class 3 is only 1.1% of samples
2026-04-02 04:21:29,885  INFO        → Inspect CSV written: NYSE_AAPL_1D_20150101_20260326_inspect.csv
2026-04-02 04:21:29,885  INFO      [PROC] NYSE_AAPL_1H_20240405_20260326.csv
2026-04-02 04:21:30,197  INFO        ✓  3255 windows × 48 features
2026-04-02 04:21:30,197  WARNING     ⚠  Regime class 1 is only 1.3% of samples
2026-04-02 04:21:30,197  WARNING     ⚠  Regime class 5 is only 1.2% of samples
2026-04-02 04:21:30,639  INFO        → Inspect CSV written: NYSE_AAPL_1H_20240405_20260326_inspect.csv
2026-04-02 04:21:30,640  INFO      [PROC] NYSE_AAPL_1W_20150101_20260326.csv
2026-04-02 04:21:31,156  INFO        ✓  407 windows × 42 features
2026-04-02 04:21:31,205  INFO        → Inspect CSV written: NYSE_AAPL_1W_20150101_20260326_inspect.csv
2026-04-02 04:21:31,205  INFO      [PROC] NYSE_AAPL_4H_20240405_20260326.csv
2026-04-02 04:21:31,511  INFO        ✓  972 windows × 48 features
2026-04-02 04:21:31,511  WARNING     ⚠  Regime class 5 is only 3.7% of samples
2026-04-02 04:21:31,634  INFO        → Inspect CSV written: NYSE_AAPL_4H_20240405_20260326_inspect.csv
2026-04-02 04:21:31,634  INFO      [PROC] NYSE_AMZN_1D_20150101_20260326.csv
2026-04-02 04:21:32,333  INFO        ✓  2644 windows × 42 features
2026-04-02 04:21:32,334  WARNING     ⚠  Regime class 3 is only 1.0% of samples
2026-04-02 04:21:32,604  INFO        → Inspect CSV written: NYSE_AMZN_1D_20150101_20260326_inspect.csv
2026-04-02 04:21:32,604  INFO      [PROC] NYSE_AMZN_1H_20240405_20260326.csv
2026-04-02 04:21:32,939  INFO        ✓  3255 windows × 48 features
2026-04-02 04:21:32,940  WARNING     ⚠  Regime class 1 is only 3.6% of samples
2026-04-02 04:21:32,940  WARNING     ⚠  Regime class 2 is only 0.2% of samples
2026-04-02 04:21:32,940  WARNING     ⚠  Regime class 5 is only 1.2% of samples
2026-04-02 04:21:33,182  INFO        → Inspect CSV written: NYSE_AMZN_1H_20240405_20260326_inspect.csv
2026-04-02 04:21:33,182  INFO      [PROC] NYSE_AMZN_1W_20150101_20260326.csv
2026-04-02 04:21:33,305  INFO        ✓  407 windows × 42 features
2026-04-02 04:21:33,335  INFO        → Inspect CSV written: NYSE_AMZN_1W_20150101_20260326_inspect.csv
2026-04-02 04:21:33,335  INFO      [PROC] NYSE_AMZN_4H_20240405_20260326.csv
2026-04-02 04:21:33,556  INFO        ✓  972 windows × 48 features
2026-04-02 04:21:33,557  WARNING     ⚠  Regime class 0 is only 0.5% of samples
2026-04-02 04:21:33,557  WARNING     ⚠  Regime class 2 is only 0.6% of samples
2026-04-02 04:21:33,621  INFO        → Inspect CSV written: NYSE_AMZN_4H_20240405_20260326_inspect.csv
2026-04-02 04:21:33,621  INFO      [PROC] NYSE_BAC_1D_20150101_20260326.csv
2026-04-02 04:21:33,903  INFO        ✓  2644 windows × 42 features
2026-04-02 04:21:34,051  INFO        → Inspect CSV written: NYSE_BAC_1D_20150101_20260326_inspect.csv
2026-04-02 04:21:34,051  INFO      [PROC] NYSE_BAC_1H_20240405_20260326.csv
2026-04-02 04:21:34,350  INFO        ✓  3255 windows × 48 features
2026-04-02 04:21:34,351  WARNING     ⚠  Regime class 1 is only 1.0% of samples
2026-04-02 04:21:34,351  WARNING     ⚠  Regime class 5 is only 1.1% of samples
2026-04-02 04:21:34,554  INFO        → Inspect CSV written: NYSE_BAC_1H_20240405_20260326_inspect.csv
2026-04-02 04:21:34,554  INFO      [PROC] NYSE_BAC_1W_20150101_20260326.csv
2026-04-02 04:21:34,697  INFO        ✓  407 windows × 42 features
2026-04-02 04:21:34,738  INFO        → Inspect CSV written: NYSE_BAC_1W_20150101_20260326_inspect.csv
2026-04-02 04:21:34,738  INFO      [PROC] NYSE_BAC_4H_20240405_20260326.csv
2026-04-02 04:21:34,890  INFO        ✓  972 windows × 48 features
2026-04-02 04:21:34,891  WARNING     ⚠  Regime class 0 is only 4.6% of samples
2026-04-02 04:21:34,891  WARNING     ⚠  Regime class 2 is only 0.4% of samples
2026-04-02 04:21:34,891  WARNING     ⚠  Regime class 5 is only 3.2% of samples
2026-04-02 04:21:34,957  INFO        → Inspect CSV written: NYSE_BAC_4H_20240405_20260326_inspect.csv
2026-04-02 04:21:34,957  INFO      [PROC] NYSE_CVX_1D_20150101_20260326.csv
2026-04-02 04:21:35,202  INFO        ✓  2644 windows × 42 features
2026-04-02 04:21:35,203  WARNING     ⚠  Regime class 3 is only 0.3% of samples
2026-04-02 04:21:35,351  INFO        → Inspect CSV written: NYSE_CVX_1D_20150101_20260326_inspect.csv
2026-04-02 04:21:35,351  INFO      [PROC] NYSE_CVX_1H_20240405_20260326.csv
2026-04-02 04:21:35,702  INFO        ✓  3255 windows × 48 features
2026-04-02 04:21:35,702  WARNING     ⚠  Regime class 1 is only 1.2% of samples
2026-04-02 04:21:35,702  WARNING     ⚠  Regime class 4 is only 4.7% of samples
2026-04-02 04:21:35,702  WARNING     ⚠  Regime class 5 is only 0.1% of samples
2026-04-02 04:21:36,021  INFO        → Inspect CSV written: NYSE_CVX_1H_20240405_20260326_inspect.csv
2026-04-02 04:21:36,021  INFO      [PROC] NYSE_CVX_1W_20150101_20260326.csv
2026-04-02 04:21:36,129  INFO        ✓  407 windows × 42 features
2026-04-02 04:21:36,161  INFO        → Inspect CSV written: NYSE_CVX_1W_20150101_20260326_inspect.csv
2026-04-02 04:21:36,161  INFO      [PROC] NYSE_CVX_4H_20240405_20260326.csv
2026-04-02 04:21:36,318  INFO        ✓  972 windows × 48 features
2026-04-02 04:21:36,318  WARNING     ⚠  Regime class 0 is only 4.7% of samples
2026-04-02 04:21:36,318  WARNING     ⚠  Regime class 5 is only 2.6% of samples
2026-04-02 04:21:36,389  INFO        → Inspect CSV written: NYSE_CVX_4H_20240405_20260326_inspect.csv
2026-04-02 04:21:36,389  INFO      [PROC] NYSE_GOOGL_1D_20150101_20260326.csv
2026-04-02 04:21:36,644  INFO        ✓  2644 windows × 42 features
2026-04-02 04:21:36,644  WARNING     ⚠  Regime class 0 is only 0.0% of samples
2026-04-02 04:21:36,644  WARNING     ⚠  Regime class 3 is only 1.2% of samples
2026-04-02 04:21:37,013  INFO        → Inspect CSV written: NYSE_GOOGL_1D_20150101_20260326_inspect.csv
2026-04-02 04:21:37,014  INFO      [PROC] NYSE_GOOGL_1H_20240405_20260326.csv
2026-04-02 04:21:38,180  INFO        ✓  3255 windows × 48 features
2026-04-02 04:21:38,181  WARNING     ⚠  Regime class 1 is only 4.2% of samples
2026-04-02 04:21:38,181  WARNING     ⚠  Regime class 5 is only 0.1% of samples
2026-04-02 04:21:38,985  INFO        → Inspect CSV written: NYSE_GOOGL_1H_20240405_20260326_inspect.csv
2026-04-02 04:21:38,985  INFO      [PROC] NYSE_GOOGL_1W_20150101_20260326.csv
2026-04-02 04:21:39,932  INFO        ✓  407 windows × 42 features
2026-04-02 04:21:39,975  INFO        → Inspect CSV written: NYSE_GOOGL_1W_20150101_20260326_inspect.csv
2026-04-02 04:21:39,975  INFO      [PROC] NYSE_GOOGL_4H_20240405_20260326.csv
2026-04-02 04:21:40,171  INFO        ✓  972 windows × 48 features
2026-04-02 04:21:40,171  WARNING     ⚠  Regime class 0 is only 1.4% of samples
2026-04-02 04:21:40,171  WARNING     ⚠  Regime class 2 is only 0.2% of samples
2026-04-02 04:21:40,172  WARNING     ⚠  Regime class 3 is only 4.2% of samples
2026-04-02 04:21:40,172  WARNING     ⚠  Regime class 5 is only 3.5% of samples
2026-04-02 04:21:40,236  INFO        → Inspect CSV written: NYSE_GOOGL_4H_20240405_20260326_inspect.csv
2026-04-02 04:21:40,236  INFO      [PROC] NYSE_JNJ_1D_20150101_20260326.csv
2026-04-02 04:21:40,595  INFO        ✓  2644 windows × 42 features
2026-04-02 04:21:40,595  WARNING     ⚠  Regime class 0 is only 0.6% of samples
2026-04-02 04:21:40,595  WARNING     ⚠  Regime class 2 is only 1.6% of samples
2026-04-02 04:21:40,595  WARNING     ⚠  Regime class 5 is only 2.0% of samples
2026-04-02 04:21:40,791  INFO        → Inspect CSV written: NYSE_JNJ_1D_20150101_20260326_inspect.csv
2026-04-02 04:21:40,791  INFO      [PROC] NYSE_JNJ_1H_20240405_20260326.csv
2026-04-02 04:21:41,210  INFO        ✓  3255 windows × 48 features
2026-04-02 04:21:41,210  WARNING     ⚠  Regime class 1 is only 0.2% of samples
2026-04-02 04:21:41,210  WARNING     ⚠  Regime class 4 is only 1.8% of samples
2026-04-02 04:21:41,511  INFO        → Inspect CSV written: NYSE_JNJ_1H_20240405_20260326_inspect.csv
2026-04-02 04:21:41,511  INFO      [PROC] NYSE_JNJ_1W_20150101_20260326.csv
2026-04-02 04:21:41,623  INFO        ✓  407 windows × 42 features
2026-04-02 04:21:41,623  WARNING     ⚠  Regime class 4 is only 0.2% of samples
2026-04-02 04:21:41,656  INFO        → Inspect CSV written: NYSE_JNJ_1W_20150101_20260326_inspect.csv
2026-04-02 04:21:41,656  INFO      [PROC] NYSE_JNJ_4H_20240405_20260326.csv
2026-04-02 04:21:41,983  INFO        ✓  972 windows × 48 features
2026-04-02 04:21:41,984  WARNING     ⚠  Regime class 1 is only 4.1% of samples
2026-04-02 04:21:41,984  WARNING     ⚠  Regime class 5 is only 0.7% of samples
2026-04-02 04:21:42,065  INFO        → Inspect CSV written: NYSE_JNJ_4H_20240405_20260326_inspect.csv
2026-04-02 04:21:42,065  INFO      [PROC] NYSE_JPM_1D_20150101_20260326.csv
2026-04-02 04:21:43,144  INFO        ✓  2644 windows × 42 features
2026-04-02 04:21:43,144  WARNING     ⚠  Regime class 0 is only 0.2% of samples
2026-04-02 04:21:43,144  WARNING     ⚠  Regime class 3 is only 0.2% of samples
2026-04-02 04:21:43,315  INFO        → Inspect CSV written: NYSE_JPM_1D_20150101_20260326_inspect.csv
2026-04-02 04:21:43,316  INFO      [PROC] NYSE_JPM_1H_20240405_20260326.csv
2026-04-02 04:21:43,628  INFO        ✓  3255 windows × 48 features
2026-04-02 04:21:43,629  WARNING     ⚠  Regime class 1 is only 1.2% of samples
2026-04-02 04:21:43,629  WARNING     ⚠  Regime class 2 is only 0.1% of samples
2026-04-02 04:21:43,629  WARNING     ⚠  Regime class 5 is only 0.7% of samples
2026-04-02 04:21:43,830  INFO        → Inspect CSV written: NYSE_JPM_1H_20240405_20260326_inspect.csv
2026-04-02 04:21:43,830  INFO      [PROC] NYSE_JPM_1W_20150101_20260326.csv
2026-04-02 04:21:43,941  INFO        ✓  407 windows × 42 features
2026-04-02 04:21:43,971  INFO        → Inspect CSV written: NYSE_JPM_1W_20150101_20260326_inspect.csv
2026-04-02 04:21:43,971  INFO      [PROC] NYSE_JPM_4H_20240405_20260326.csv
2026-04-02 04:21:44,166  INFO        ✓  972 windows × 48 features
2026-04-02 04:21:44,166  WARNING     ⚠  Regime class 0 is only 2.7% of samples
2026-04-02 04:21:44,167  WARNING     ⚠  Regime class 2 is only 0.2% of samples
2026-04-02 04:21:44,167  WARNING     ⚠  Regime class 5 is only 2.0% of samples
2026-04-02 04:21:44,235  INFO        → Inspect CSV written: NYSE_JPM_4H_20240405_20260326_inspect.csv
2026-04-02 04:21:44,235  INFO      [PROC] NYSE_META_1D_20150101_20260326.csv
2026-04-02 04:21:44,482  INFO        ✓  2644 windows × 42 features
2026-04-02 04:21:44,483  WARNING     ⚠  Regime class 1 is only 4.9% of samples
2026-04-02 04:21:44,483  WARNING     ⚠  Regime class 3 is only 0.3% of samples
2026-04-02 04:21:44,634  INFO        → Inspect CSV written: NYSE_META_1D_20150101_20260326_inspect.csv
2026-04-02 04:21:44,634  INFO      [PROC] NYSE_META_1H_20240405_20260326.csv
2026-04-02 04:21:45,257  INFO        ✓  3255 windows × 48 features
2026-04-02 04:21:45,258  WARNING     ⚠  Regime class 2 is only 0.2% of samples
2026-04-02 04:21:45,258  WARNING     ⚠  Regime class 5 is only 1.0% of samples
2026-04-02 04:21:45,587  INFO        → Inspect CSV written: NYSE_META_1H_20240405_20260326_inspect.csv
2026-04-02 04:21:45,587  INFO      [PROC] NYSE_META_1W_20150101_20260326.csv
2026-04-02 04:21:45,697  INFO        ✓  407 windows × 42 features
2026-04-02 04:21:45,729  INFO        → Inspect CSV written: NYSE_META_1W_20150101_20260326_inspect.csv
2026-04-02 04:21:45,729  INFO      [PROC] NYSE_META_4H_20240405_20260326.csv
2026-04-02 04:21:45,959  INFO        ✓  972 windows × 48 features
2026-04-02 04:21:45,959  WARNING     ⚠  Regime class 0 is only 0.4% of samples
2026-04-02 04:21:45,959  WARNING     ⚠  Regime class 2 is only 0.6% of samples
2026-04-02 04:21:45,959  WARNING     ⚠  Regime class 3 is only 1.9% of samples
2026-04-02 04:21:46,070  INFO        → Inspect CSV written: NYSE_META_4H_20240405_20260326_inspect.csv
2026-04-02 04:21:46,071  INFO      [PROC] NYSE_MSFT_1D_20150101_20260326.csv
2026-04-02 04:21:46,357  INFO        ✓  2644 windows × 42 features
2026-04-02 04:21:46,358  WARNING     ⚠  Regime class 3 is only 1.2% of samples
2026-04-02 04:21:46,515  INFO        → Inspect CSV written: NYSE_MSFT_1D_20150101_20260326_inspect.csv
2026-04-02 04:21:46,515  INFO      [PROC] NYSE_MSFT_1H_20240405_20260326.csv
2026-04-02 04:21:46,826  INFO        ✓  3255 windows × 48 features
2026-04-02 04:21:46,827  WARNING     ⚠  Regime class 1 is only 1.2% of samples
2026-04-02 04:21:46,827  WARNING     ⚠  Regime class 2 is only 0.1% of samples
2026-04-02 04:21:47,314  INFO        → Inspect CSV written: NYSE_MSFT_1H_20240405_20260326_inspect.csv
2026-04-02 04:21:47,315  INFO      [PROC] NYSE_MSFT_1W_20150101_20260326.csv
2026-04-02 04:21:47,992  INFO        ✓  407 windows × 42 features
2026-04-02 04:21:48,043  INFO        → Inspect CSV written: NYSE_MSFT_1W_20150101_20260326_inspect.csv
2026-04-02 04:21:48,043  INFO      [PROC] NYSE_MSFT_4H_20240405_20260326.csv
2026-04-02 04:21:48,405  INFO        ✓  972 windows × 48 features
2026-04-02 04:21:48,405  WARNING     ⚠  Regime class 2 is only 0.8% of samples
2026-04-02 04:21:48,405  WARNING     ⚠  Regime class 5 is only 1.4% of samples
2026-04-02 04:21:48,521  INFO        → Inspect CSV written: NYSE_MSFT_4H_20240405_20260326_inspect.csv
2026-04-02 04:21:48,521  INFO      [PROC] NYSE_NVDA_1D_20150101_20260326.csv
2026-04-02 04:21:49,873  INFO        ✓  2644 windows × 42 features
2026-04-02 04:21:49,873  WARNING     ⚠  Regime class 1 is only 0.6% of samples
2026-04-02 04:21:50,198  INFO        → Inspect CSV written: NYSE_NVDA_1D_20150101_20260326_inspect.csv
2026-04-02 04:21:50,198  INFO      [PROC] NYSE_NVDA_1H_20240405_20260326.csv
2026-04-02 04:21:50,661  INFO        ✓  3255 windows × 48 features
2026-04-02 04:21:50,662  WARNING     ⚠  Regime class 2 is only 0.8% of samples
2026-04-02 04:21:50,662  WARNING     ⚠  Regime class 5 is only 3.4% of samples
2026-04-02 04:21:50,908  INFO        → Inspect CSV written: NYSE_NVDA_1H_20240405_20260326_inspect.csv
2026-04-02 04:21:50,908  INFO      [PROC] NYSE_NVDA_1W_20150101_20260326.csv
2026-04-02 04:21:51,078  INFO        ✓  407 windows × 42 features
2026-04-02 04:21:51,137  INFO        → Inspect CSV written: NYSE_NVDA_1W_20150101_20260326_inspect.csv
2026-04-02 04:21:51,137  INFO      [PROC] NYSE_NVDA_4H_20240405_20260326.csv
2026-04-02 04:21:51,319  INFO        ✓  972 windows × 48 features
2026-04-02 04:21:51,319  WARNING     ⚠  Regime class 3 is only 0.2% of samples
2026-04-02 04:21:51,382  INFO        → Inspect CSV written: NYSE_NVDA_4H_20240405_20260326_inspect.csv
2026-04-02 04:21:51,383  INFO      [PROC] NYSE_PG_1D_20150101_20260326.csv
2026-04-02 04:21:51,723  INFO        ✓  2644 windows × 42 features
2026-04-02 04:21:51,723  WARNING     ⚠  Regime class 0 is only 1.2% of samples
2026-04-02 04:21:51,724  WARNING     ⚠  Regime class 2 is only 1.3% of samples
2026-04-02 04:21:51,724  WARNING     ⚠  Regime class 5 is only 2.8% of samples
2026-04-02 04:21:51,906  INFO        → Inspect CSV written: NYSE_PG_1D_20150101_20260326_inspect.csv
2026-04-02 04:21:51,906  INFO      [PROC] NYSE_PG_1H_20240405_20260326.csv
2026-04-02 04:21:52,292  INFO        ✓  3255 windows × 48 features
2026-04-02 04:21:52,293  WARNING     ⚠  Regime class 1 is only 0.6% of samples
2026-04-02 04:21:52,293  WARNING     ⚠  Regime class 4 is only 1.3% of samples
2026-04-02 04:21:52,519  INFO        → Inspect CSV written: NYSE_PG_1H_20240405_20260326_inspect.csv
2026-04-02 04:21:52,519  INFO      [PROC] NYSE_PG_1W_20150101_20260326.csv
2026-04-02 04:21:52,627  INFO        ✓  407 windows × 42 features
2026-04-02 04:21:52,628  WARNING     ⚠  Regime class 4 is only 2.5% of samples
2026-04-02 04:21:52,656  INFO        → Inspect CSV written: NYSE_PG_1W_20150101_20260326_inspect.csv
2026-04-02 04:21:52,656  INFO      [PROC] NYSE_PG_4H_20240405_20260326.csv
2026-04-02 04:21:52,807  INFO        ✓  972 windows × 48 features
2026-04-02 04:21:52,882  INFO        → Inspect CSV written: NYSE_PG_4H_20240405_20260326_inspect.csv
2026-04-02 04:21:52,882  INFO      [PROC] NYSE_TSLA_1D_20150101_20260326.csv
2026-04-02 04:21:53,138  INFO        ✓  2644 windows × 42 features
2026-04-02 04:21:53,138  WARNING     ⚠  Regime class 1 is only 0.6% of samples
2026-04-02 04:21:53,138  WARNING     ⚠  Regime class 4 is only 2.5% of samples
2026-04-02 04:21:53,284  INFO        → Inspect CSV written: NYSE_TSLA_1D_20150101_20260326_inspect.csv
2026-04-02 04:21:53,284  INFO      [PROC] NYSE_TSLA_1H_20240405_20260326.csv
2026-04-02 04:21:53,613  INFO        ✓  3255 windows × 48 features
2026-04-02 04:21:53,613  WARNING     ⚠  Regime class 0 is only 2.2% of samples
2026-04-02 04:21:53,613  WARNING     ⚠  Regime class 2 is only 0.6% of samples
2026-04-02 04:21:54,037  INFO        → Inspect CSV written: NYSE_TSLA_1H_20240405_20260326_inspect.csv
2026-04-02 04:21:54,038  INFO      [PROC] NYSE_TSLA_1W_20150101_20260326.csv
2026-04-02 04:21:54,162  INFO        ✓  407 windows × 42 features
2026-04-02 04:21:54,190  INFO        → Inspect CSV written: NYSE_TSLA_1W_20150101_20260326_inspect.csv
2026-04-02 04:21:54,191  INFO      [PROC] NYSE_TSLA_4H_20240405_20260326.csv
2026-04-02 04:21:54,497  INFO        ✓  972 windows × 48 features
2026-04-02 04:21:54,639  INFO        → Inspect CSV written: NYSE_TSLA_4H_20240405_20260326_inspect.csv
2026-04-02 04:21:54,639  INFO      [PROC] NYSE_UNH_1D_20150101_20260326.csv
2026-04-02 04:21:55,207  INFO        ✓  2644 windows × 42 features
2026-04-02 04:21:55,208  WARNING     ⚠  Regime class 3 is only 1.0% of samples
2026-04-02 04:21:55,628  INFO        → Inspect CSV written: NYSE_UNH_1D_20150101_20260326_inspect.csv
2026-04-02 04:21:55,628  INFO      [PROC] NYSE_UNH_1H_20240405_20260326.csv
2026-04-02 04:21:56,065  INFO        ✓  3255 windows × 48 features
2026-04-02 04:21:56,065  WARNING     ⚠  Regime class 1 is only 4.4% of samples
2026-04-02 04:21:56,066  WARNING     ⚠  Regime class 5 is only 1.4% of samples
2026-04-02 04:21:56,365  INFO        → Inspect CSV written: NYSE_UNH_1H_20240405_20260326_inspect.csv
2026-04-02 04:21:56,366  INFO      [PROC] NYSE_UNH_1W_20150101_20260326.csv
2026-04-02 04:21:56,490  INFO        ✓  407 windows × 42 features
2026-04-02 04:21:56,519  INFO        → Inspect CSV written: NYSE_UNH_1W_20150101_20260326_inspect.csv
2026-04-02 04:21:56,519  INFO      [PROC] NYSE_UNH_4H_20240405_20260326.csv
2026-04-02 04:21:56,747  INFO        ✓  972 windows × 48 features
2026-04-02 04:21:56,747  WARNING     ⚠  Regime class 0 is only 0.4% of samples
2026-04-02 04:21:56,747  WARNING     ⚠  Regime class 2 is only 1.3% of samples
2026-04-02 04:21:56,747  WARNING     ⚠  Regime class 3 is only 3.2% of samples
2026-04-02 04:21:56,824  INFO        → Inspect CSV written: NYSE_UNH_4H_20240405_20260326_inspect.csv
2026-04-02 04:21:56,824  INFO      [PROC] NYSE_V_1D_20150101_20260326.csv
2026-04-02 04:21:57,094  INFO        ✓  2644 windows × 42 features
2026-04-02 04:21:57,095  WARNING     ⚠  Regime class 0 is only 0.3% of samples
2026-04-02 04:21:57,095  WARNING     ⚠  Regime class 3 is only 2.8% of samples
2026-04-02 04:21:57,510  INFO        → Inspect CSV written: NYSE_V_1D_20150101_20260326_inspect.csv
2026-04-02 04:21:57,512  INFO      [PROC] NYSE_V_1H_20240405_20260326.csv
2026-04-02 04:21:58,341  INFO        ✓  3255 windows × 48 features
2026-04-02 04:21:58,342  WARNING     ⚠  Regime class 1 is only 0.4% of samples
2026-04-02 04:21:58,342  WARNING     ⚠  Regime class 4 is only 3.5% of samples
2026-04-02 04:21:58,342  WARNING     ⚠  Regime class 5 is only 0.0% of samples
2026-04-02 04:21:58,551  INFO        → Inspect CSV written: NYSE_V_1H_20240405_20260326_inspect.csv
2026-04-02 04:21:58,551  INFO      [PROC] NYSE_V_1W_20150101_20260326.csv
2026-04-02 04:21:58,695  INFO        ✓  407 windows × 42 features
2026-04-02 04:21:58,696  WARNING     ⚠  Regime class 4 is only 0.5% of samples
2026-04-02 04:21:58,721  INFO        → Inspect CSV written: NYSE_V_1W_20150101_20260326_inspect.csv
2026-04-02 04:21:58,722  INFO      [PROC] NYSE_V_4H_20240405_20260326.csv
2026-04-02 04:21:58,880  INFO        ✓  972 windows × 48 features
2026-04-02 04:21:58,880  WARNING     ⚠  Regime class 2 is only 0.1% of samples
2026-04-02 04:21:58,881  WARNING     ⚠  Regime class 5 is only 1.4% of samples
2026-04-02 04:21:58,956  INFO        → Inspect CSV written: NYSE_V_4H_20240405_20260326_inspect.csv
2026-04-02 04:21:58,956  INFO      [PROC] NYSE_XOM_1D_20150101_20260326.csv
2026-04-02 04:21:59,214  INFO        ✓  2644 windows × 42 features
2026-04-02 04:21:59,214  WARNING     ⚠  Regime class 0 is only 0.6% of samples
2026-04-02 04:21:59,214  WARNING     ⚠  Regime class 3 is only 3.3% of samples
2026-04-02 04:21:59,415  INFO        → Inspect CSV written: NYSE_XOM_1D_20150101_20260326_inspect.csv
2026-04-02 04:21:59,416  INFO      [PROC] NYSE_XOM_1H_20240405_20260326.csv
2026-04-02 04:21:59,733  INFO        ✓  3255 windows × 48 features
2026-04-02 04:21:59,734  WARNING     ⚠  Regime class 1 is only 1.9% of samples
2026-04-02 04:21:59,734  WARNING     ⚠  Regime class 5 is only 0.1% of samples
2026-04-02 04:22:00,065  INFO        → Inspect CSV written: NYSE_XOM_1H_20240405_20260326_inspect.csv
2026-04-02 04:22:00,065  INFO      [PROC] NYSE_XOM_1W_20150101_20260326.csv
2026-04-02 04:22:00,179  INFO        ✓  407 windows × 42 features
2026-04-02 04:22:00,210  INFO        → Inspect CSV written: NYSE_XOM_1W_20150101_20260326_inspect.csv
2026-04-02 04:22:00,210  INFO      [PROC] NYSE_XOM_4H_20240405_20260326.csv
2026-04-02 04:22:00,364  INFO        ✓  972 windows × 48 features
2026-04-02 04:22:00,365  WARNING     ⚠  Regime class 2 is only 1.0% of samples
2026-04-02 04:22:00,365  WARNING     ⚠  Regime class 5 is only 0.9% of samples
2026-04-02 04:22:00,436  INFO        → Inspect CSV written: NYSE_XOM_4H_20240405_20260326_inspect.csv
2026-04-02 04:22:00,436  INFO      [PROC] SP500_GSPC_1D_20150101_20260326.csv
2026-04-02 04:22:00,747  INFO        ✓  2644 windows × 42 features
2026-04-02 04:22:00,748  WARNING     ⚠  Regime class 0 is only 3.1% of samples
2026-04-02 04:22:00,748  WARNING     ⚠  Regime class 2 is only 0.2% of samples
2026-04-02 04:22:00,748  WARNING     ⚠  Regime class 5 is only 3.8% of samples
2026-04-02 04:22:00,996  INFO        → Inspect CSV written: SP500_GSPC_1D_20150101_20260326_inspect.csv
2026-04-02 04:22:00,997  INFO      [PROC] SP500_GSPC_1H_20240405_20260326.csv
2026-04-02 04:22:01,704  INFO        ✓  3255 windows × 48 features
2026-04-02 04:22:01,705  WARNING     ⚠  Regime class 1 is only 0.2% of samples
2026-04-02 04:22:01,707  WARNING     ⚠  Regime class 4 is only 1.8% of samples
2026-04-02 04:22:01,707  WARNING     ⚠  Regime class 5 is only 0.0% of samples
2026-04-02 04:22:02,137  INFO        → Inspect CSV written: SP500_GSPC_1H_20240405_20260326_inspect.csv
2026-04-02 04:22:02,137  INFO      [PROC] SP500_GSPC_1W_20150101_20260326.csv
2026-04-02 04:22:02,529  INFO        ✓  407 windows × 42 features
2026-04-02 04:22:02,529  WARNING     ⚠  Regime class 1 is only 0.2% of samples
2026-04-02 04:22:02,556  INFO        → Inspect CSV written: SP500_GSPC_1W_20150101_20260326_inspect.csv
2026-04-02 04:22:02,556  INFO      [PROC] SP500_GSPC_4H_20240405_20260326.csv
2026-04-02 04:22:02,720  INFO        ✓  972 windows × 48 features
2026-04-02 04:22:02,720  WARNING     ⚠  Regime class 1 is only 2.8% of samples
2026-04-02 04:22:02,720  WARNING     ⚠  Regime class 5 is only 1.3% of samples
2026-04-02 04:22:02,827  INFO        → Inspect CSV written: SP500_GSPC_4H_20240405_20260326_inspect.csv
2026-04-02 04:22:02,828  INFO      [PROC] TSX_CNRTO_1D_20150101_20260326.csv
2026-04-02 04:22:03,129  INFO        ✓  2639 windows × 42 features
2026-04-02 04:22:03,129  WARNING     ⚠  Regime class 0 is only 0.1% of samples
2026-04-02 04:22:03,129  WARNING     ⚠  Regime class 2 is only 2.0% of samples
2026-04-02 04:22:03,129  WARNING     ⚠  Regime class 3 is only 0.3% of samples
2026-04-02 04:22:03,129  WARNING     ⚠  Regime class 5 is only 4.7% of samples
2026-04-02 04:22:03,341  INFO        → Inspect CSV written: TSX_CNRTO_1D_20150101_20260326_inspect.csv
2026-04-02 04:22:03,341  INFO      [PROC] TSX_CNRTO_1H_20240405_20260326.csv
2026-04-02 04:22:03,752  INFO        ✓  3274 windows × 48 features
2026-04-02 04:22:03,752  WARNING     ⚠  Regime class 1 is only 1.1% of samples
2026-04-02 04:22:03,752  WARNING     ⚠  Regime class 4 is only 2.4% of samples
2026-04-02 04:22:03,974  INFO        → Inspect CSV written: TSX_CNRTO_1H_20240405_20260326_inspect.csv
2026-04-02 04:22:03,974  INFO      [PROC] TSX_CNRTO_1W_20150101_20260326.csv
2026-04-02 04:22:04,084  INFO        ✓  407 windows × 42 features
2026-04-02 04:22:04,114  INFO        → Inspect CSV written: TSX_CNRTO_1W_20150101_20260326_inspect.csv
2026-04-02 04:22:04,114  INFO      [PROC] TSX_CNRTO_4H_20240405_20260326.csv
2026-04-02 04:22:04,336  INFO        ✓  980 windows × 48 features
2026-04-02 04:22:04,337  WARNING     ⚠  Regime class 2 is only 0.3% of samples
2026-04-02 04:22:04,337  WARNING     ⚠  Regime class 5 is only 0.6% of samples
2026-04-02 04:22:04,406  INFO        → Inspect CSV written: TSX_CNRTO_4H_20240405_20260326_inspect.csv
2026-04-02 04:22:04,407  INFO      [PROC] TSX_MFCTO_1D_20150101_20260326.csv
2026-04-02 04:22:04,671  INFO        ✓  2639 windows × 42 features
2026-04-02 04:22:04,671  WARNING     ⚠  Regime class 0 is only 0.2% of samples
2026-04-02 04:22:04,671  WARNING     ⚠  Regime class 2 is only 2.2% of samples
2026-04-02 04:22:04,671  WARNING     ⚠  Regime class 3 is only 0.3% of samples
2026-04-02 04:22:05,023  INFO        → Inspect CSV written: TSX_MFCTO_1D_20150101_20260326_inspect.csv
2026-04-02 04:22:05,023  INFO      [PROC] TSX_MFCTO_1H_20240405_20260326.csv
2026-04-02 04:22:05,999  INFO        ✓  3274 windows × 48 features
2026-04-02 04:22:05,999  WARNING     ⚠  Regime class 1 is only 0.4% of samples
2026-04-02 04:22:05,999  WARNING     ⚠  Regime class 4 is only 4.1% of samples
2026-04-02 04:22:05,999  WARNING     ⚠  Regime class 5 is only 0.3% of samples
2026-04-02 04:22:06,294  INFO        → Inspect CSV written: TSX_MFCTO_1H_20240405_20260326_inspect.csv
2026-04-02 04:22:06,294  INFO      [PROC] TSX_MFCTO_1W_20150101_20260326.csv
2026-04-02 04:22:06,410  INFO        ✓  407 windows × 42 features
2026-04-02 04:22:06,463  INFO        → Inspect CSV written: TSX_MFCTO_1W_20150101_20260326_inspect.csv
2026-04-02 04:22:06,463  INFO      [PROC] TSX_MFCTO_4H_20240405_20260326.csv
2026-04-02 04:22:06,644  INFO        ✓  980 windows × 48 features
2026-04-02 04:22:06,644  WARNING     ⚠  Regime class 5 is only 1.9% of samples
2026-04-02 04:22:06,720  INFO        → Inspect CSV written: TSX_MFCTO_4H_20240405_20260326_inspect.csv
2026-04-02 04:22:06,720  INFO      [PROC] TSX_RYTO_1D_20150101_20260326.csv
2026-04-02 04:22:07,087  INFO        ✓  2639 windows × 42 features
2026-04-02 04:22:07,087  WARNING     ⚠  Regime class 0 is only 3.4% of samples
2026-04-02 04:22:07,087  WARNING     ⚠  Regime class 2 is only 0.2% of samples
2026-04-02 04:22:07,087  WARNING     ⚠  Regime class 5 is only 3.8% of samples
2026-04-02 04:22:07,416  INFO        → Inspect CSV written: TSX_RYTO_1D_20150101_20260326_inspect.csv
2026-04-02 04:22:07,416  INFO      [PROC] TSX_RYTO_1H_20240405_20260326.csv
2026-04-02 04:22:08,035  INFO        ✓  3274 windows × 48 features
2026-04-02 04:22:08,035  WARNING     ⚠  Regime class 1 is only 0.2% of samples
2026-04-02 04:22:08,035  WARNING     ⚠  Regime class 4 is only 1.5% of samples
2026-04-02 04:22:08,236  INFO        → Inspect CSV written: TSX_RYTO_1H_20240405_20260326_inspect.csv
2026-04-02 04:22:08,236  INFO      [PROC] TSX_RYTO_1W_20150101_20260326.csv
2026-04-02 04:22:08,349  INFO        ✓  407 windows × 42 features
2026-04-02 04:22:08,349  WARNING     ⚠  Regime class 1 is only 3.9% of samples
2026-04-02 04:22:08,379  INFO        → Inspect CSV written: TSX_RYTO_1W_20150101_20260326_inspect.csv
2026-04-02 04:22:08,379  INFO      [PROC] TSX_RYTO_4H_20240405_20260326.csv
2026-04-02 04:22:08,554  INFO        ✓  980 windows × 48 features
2026-04-02 04:22:08,555  WARNING     ⚠  Regime class 1 is only 2.3% of samples
2026-04-02 04:22:08,555  WARNING     ⚠  Regime class 5 is only 0.5% of samples
2026-04-02 04:22:08,624  INFO        → Inspect CSV written: TSX_RYTO_4H_20240405_20260326_inspect.csv
2026-04-02 04:22:08,624  INFO      [PROC] TSX_SUTO_1D_20150101_20260326.csv
2026-04-02 04:22:08,888  INFO        ✓  2639 windows × 42 features
2026-04-02 04:22:09,078  INFO        → Inspect CSV written: TSX_SUTO_1D_20150101_20260326_inspect.csv
2026-04-02 04:22:09,078  INFO      [PROC] TSX_SUTO_1H_20240405_20260326.csv
2026-04-02 04:22:09,381  INFO        ✓  3274 windows × 48 features
2026-04-02 04:22:09,381  WARNING     ⚠  Regime class 1 is only 1.3% of samples
2026-04-02 04:22:09,382  WARNING     ⚠  Regime class 5 is only 0.4% of samples
2026-04-02 04:22:09,623  INFO        → Inspect CSV written: TSX_SUTO_1H_20240405_20260326_inspect.csv
2026-04-02 04:22:09,624  INFO      [PROC] TSX_SUTO_1W_20150101_20260326.csv
2026-04-02 04:22:09,738  INFO        ✓  407 windows × 42 features
2026-04-02 04:22:09,793  INFO        → Inspect CSV written: TSX_SUTO_1W_20150101_20260326_inspect.csv
2026-04-02 04:22:09,793  INFO      [PROC] TSX_SUTO_4H_20240405_20260326.csv
2026-04-02 04:22:09,943  INFO        ✓  980 windows × 48 features
2026-04-02 04:22:09,943  WARNING     ⚠  Regime class 0 is only 3.0% of samples
2026-04-02 04:22:09,943  WARNING     ⚠  Regime class 2 is only 0.2% of samples
2026-04-02 04:22:09,943  WARNING     ⚠  Regime class 5 is only 1.9% of samples
2026-04-02 04:22:10,069  INFO        → Inspect CSV written: TSX_SUTO_4H_20240405_20260326_inspect.csv
2026-04-02 04:22:10,069  INFO      [PROC] TSX_TDTO_1D_20150101_20260326.csv
2026-04-02 04:22:10,439  INFO        ✓  2639 windows × 42 features
2026-04-02 04:22:10,439  WARNING     ⚠  Regime class 0 is only 3.3% of samples
2026-04-02 04:22:10,439  WARNING     ⚠  Regime class 2 is only 0.8% of samples
2026-04-02 04:22:10,439  WARNING     ⚠  Regime class 5 is only 3.1% of samples
2026-04-02 04:22:10,601  INFO        → Inspect CSV written: TSX_TDTO_1D_20150101_20260326_inspect.csv
2026-04-02 04:22:10,601  INFO      [PROC] TSX_TDTO_1H_20240405_20260326.csv
2026-04-02 04:22:10,954  INFO        ✓  3274 windows × 48 features
2026-04-02 04:22:10,955  WARNING     ⚠  Regime class 1 is only 0.2% of samples
2026-04-02 04:22:10,955  WARNING     ⚠  Regime class 4 is only 1.9% of samples
2026-04-02 04:22:11,431  INFO        → Inspect CSV written: TSX_TDTO_1H_20240405_20260326_inspect.csv
2026-04-02 04:22:11,431  INFO      [PROC] TSX_TDTO_1W_20150101_20260326.csv
2026-04-02 04:22:11,819  INFO        ✓  407 windows × 42 features
2026-04-02 04:22:11,820  WARNING     ⚠  Regime class 1 is only 3.2% of samples
2026-04-02 04:22:11,863  INFO        → Inspect CSV written: TSX_TDTO_1W_20150101_20260326_inspect.csv
2026-04-02 04:22:11,864  INFO      [PROC] TSX_TDTO_4H_20240405_20260326.csv
2026-04-02 04:22:12,156  INFO        ✓  980 windows × 48 features
2026-04-02 04:22:12,156  WARNING     ⚠  Regime class 1 is only 4.9% of samples
2026-04-02 04:22:12,157  WARNING     ⚠  Regime class 5 is only 0.1% of samples
2026-04-02 04:22:12,317  INFO        → Inspect CSV written: TSX_TDTO_4H_20240405_20260326_inspect.csv
2026-04-02 04:22:12,317  INFO      ============================================================
2026-04-02 04:22:12,317  INFO      Feature engineering complete.
2026-04-02 04:22:12,318  INFO        Processed : 189 files
2026-04-02 04:22:12,318  INFO        Skipped   : 47 files
2026-04-02 04:22:12,318  INFO        Skipped list: ['ASX_ANZAX_1H_20240405_20260326.csv', 'ASX_ANZAX_1W_20150101_20260326.csv', 'ASX_BHPAX_1H_20240405_20260326.csv', 'ASX_BHPAX_1W_20150101_20260326.csv', 'ASX_CBAAX_1H_20240405_20260326.csv', 'ASX_CBAAX_1W_20150101_20260326.csv', 'ASX_CSLAX_1H_20240405_20260326.csv', 'ASX_CSLAX_1W_20150101_20260326.csv', 'ASX_WBCAX_1H_20240405_20260326.csv', 'ASX_WBCAX_1W_20150101_20260326.csv', 'CRYPTO_BTC-USD_1H_20240405_20260326.csv', 'CRYPTO_ETH-USD_1H_20240405_20260326.csv', 'CRYPTO_ETH-USD_1W_20150101_20260326.csv', 'DAX_GDAXI_1H_20240405_20260326.csv', 'DAX_GDAXI_1W_20150101_20260326.csv', 'EURONEXT_ASMLAS_1H_20240405_20260326.csv', 'EURONEXT_ASMLAS_1W_20150101_20260326.csv', 'EURONEXT_MCPA_1H_20240405_20260326.csv', 'EURONEXT_MCPA_1W_20150101_20260326.csv', 'EURONEXT_SAPDE_1H_20240405_20260326.csv', 'EURONEXT_SAPDE_1W_20150101_20260326.csv', 'EURONEXT_SIEDE_1H_20240405_20260326.csv', 'EURONEXT_SIEDE_1W_20150101_20260326.csv', 'EURONEXT_TTEPA_1H_20240405_20260326.csv', 'EURONEXT_TTEPA_1W_20150101_20260326.csv', 'FOREXCOM_AUDNZDX_1H_20240405_20260326.csv', 'FOREXCOM_AUDUSDX_1H_20240405_20260326.csv', 'FOREXCOM_EURCHFX_1H_20240405_20260326.csv', 'FOREXCOM_EURGBPX_1H_20240405_20260326.csv', 'FOREXCOM_EURUSDX_1H_20240405_20260326.csv', 'FOREXCOM_GBPJPYX_1H_20240405_20260326.csv', 'FOREXCOM_GBPUSDX_1H_20240405_20260326.csv', 'FOREXCOM_USDCADX_1H_20240405_20260326.csv', 'FOREXCOM_USDCHFX_1H_20240405_20260326.csv', 'FOREXCOM_USDJPYX_1H_20240405_20260326.csv', 'FTSE_FTSE_1H_20240405_20260326.csv', 'HSI_HSI_1H_20240405_20260326.csv', 'HSI_HSI_1W_20150101_20260326.csv', 'HSI_HSI_4H_20240405_20260326.csv', 'LSE_AZNL_1H_20240405_20260326.csv', 'LSE_BPL_1H_20240405_20260326.csv', 'LSE_GSKL_1H_20240405_20260326.csv', 'LSE_HSBAL_1H_20240405_20260326.csv', 'LSE_SHELL_1H_20240405_20260326.csv', 'NIKKEI_N225_1H_20240405_20260326.csv', 'NIKKEI_N225_1W_20150101_20260326.csv', 'NIKKEI_N225_4H_20240405_20260326.csv']
2026-04-02 04:22:12,318  INFO        ✓  No NaN or Inf values detected in any output array.
2026-04-02 04:22:12,318  INFO        Total training windows: 359357
2026-04-02 04:22:12,861  INFO      
Global regime class distribution:
2026-04-02 04:22:12,863  INFO        Class 0: 33263 samples  (  9.3%)
2026-04-02 04:22:12,863  INFO        Class 1: 31380 samples  (  8.7%)
2026-04-02 04:22:12,864  INFO        Class 2: 13982 samples  (  3.9%) ⚠  BELOW 5%
2026-04-02 04:22:12,865  INFO        Class 3: 121299 samples  ( 33.8%)
2026-04-02 04:22:12,865  INFO        Class 4: 113241 samples  ( 31.5%)
2026-04-02 04:22:12,866  INFO        Class 5: 46192 samples  ( 12.9%)
2026-04-02 04:22:12,866  INFO      
Feature columns (42 total):
2026-04-02 04:22:12,866  INFO        - log_return
2026-04-02 04:22:12,867  INFO        - body_ratio
2026-04-02 04:22:12,867  INFO        - upper_wick_ratio
2026-04-02 04:22:12,867  INFO        - lower_wick_ratio
2026-04-02 04:22:12,867  INFO        - range_zscore
2026-04-02 04:22:12,867  INFO        - volume_zscore
2026-04-02 04:22:12,867  INFO        - volume_delta
2026-04-02 04:22:12,867  INFO        - gap
2026-04-02 04:22:12,868  INFO        - atr7_norm
2026-04-02 04:22:12,868  INFO        - atr14_norm
2026-04-02 04:22:12,868  INFO        - atr28_norm
2026-04-02 04:22:12,868  INFO        - atr_ratio
2026-04-02 04:22:12,869  INFO        - rsi14
2026-04-02 04:22:12,869  INFO        - rsi28
2026-04-02 04:22:12,869  INFO        - macd_hist
2026-04-02 04:22:12,869  INFO        - roc_5
2026-04-02 04:22:12,869  INFO        - roc_10
2026-04-02 04:22:12,869  INFO        - roc_20
2026-04-02 04:22:12,870  INFO        - roc_60
2026-04-02 04:22:12,870  INFO        - bb_position
2026-04-02 04:22:12,870  INFO        - dist_sma20
2026-04-02 04:22:12,870  INFO        - dist_sma50
2026-04-02 04:22:12,870  INFO        - range_percentile
2026-04-02 04:22:12,870  INFO        - williams_r_14
2026-04-02 04:22:12,871  INFO        - stoch_k_14
2026-04-02 04:22:12,871  INFO        - realized_vol_ratio
2026-04-02 04:22:12,871  INFO        - obv_zscore
2026-04-02 04:22:12,871  INFO        - dist_52w_high
2026-04-02 04:22:12,871  INFO        - dist_52w_low
2026-04-02 04:22:12,871  INFO        - atr_momentum
2026-04-02 04:22:12,871  INFO        - cci_20
2026-04-02 04:22:12,871  INFO        - ichimoku_distance
2026-04-02 04:22:12,871  INFO        - vwap_distance
2026-04-02 04:22:12,872  INFO        - consec_bars
2026-04-02 04:22:12,872  INFO        - rsi_momentum
2026-04-02 04:22:12,872  INFO        - donchian_position
2026-04-02 04:22:12,872  INFO        - corr_index
2026-04-02 04:22:12,872  INFO        - dow_sin
2026-04-02 04:22:12,872  INFO        - dow_cos
2026-04-02 04:22:12,872  INFO        - month_sin
2026-04-02 04:22:12,872  INFO        - month_cos
2026-04-02 04:22:12,872  INFO        - quarter_end_flag
